[2026-07-07T00:01:16.604+0000] {processor.py:161} INFO - Started process (PID=17731) to work on /opt/airflow/dags/dag_tomorrowio.py
[2026-07-07T00:01:16.605+0000] {processor.py:830} INFO - Processing file /opt/airflow/dags/dag_tomorrowio.py for tasks to queue
[2026-07-07T00:01:16.605+0000] {logging_mixin.py:188} INFO - [2026-07-07T00:01:16.605+0000] {dagbag.py:545} INFO - Filling up the DagBag from /opt/airflow/dags/dag_tomorrowio.py
[2026-07-07T00:01:16.883+0000] {processor.py:840} INFO - DAG(s) 'weather_tomorrowio_pipeline' retrieved from /opt/airflow/dags/dag_tomorrowio.py
[2026-07-07T00:01:16.893+0000] {logging_mixin.py:188} INFO - [2026-07-07T00:01:16.893+0000] {dag.py:3096} INFO - Sync 1 DAGs
[2026-07-07T00:01:16.901+0000] {logging_mixin.py:188} INFO - [2026-07-07T00:01:16.901+0000] {dag.py:3954} INFO - Setting next_dagrun for weather_tomorrowio_pipeline to 2026-07-06 23:00:00+00:00, run_after=2026-07-07 00:00:00+00:00
[2026-07-07T00:01:16.909+0000] {processor.py:183} INFO - Processing /opt/airflow/dags/dag_tomorrowio.py took 0.311 seconds
[2026-07-07T00:01:47.687+0000] {processor.py:161} INFO - Started process (PID=18326) to work on /opt/airflow/dags/dag_tomorrowio.py
[2026-07-07T00:01:47.688+0000] {processor.py:830} INFO - Processing file /opt/airflow/dags/dag_tomorrowio.py for tasks to queue
[2026-07-07T00:01:47.689+0000] {logging_mixin.py:188} INFO - [2026-07-07T00:01:47.689+0000] {dagbag.py:545} INFO - Filling up the DagBag from /opt/airflow/dags/dag_tomorrowio.py
[2026-07-07T00:01:48.055+0000] {processor.py:840} INFO - DAG(s) 'weather_tomorrowio_pipeline' retrieved from /opt/airflow/dags/dag_tomorrowio.py
[2026-07-07T00:01:48.064+0000] {logging_mixin.py:188} INFO - [2026-07-07T00:01:48.064+0000] {dag.py:3096} INFO - Sync 1 DAGs
[2026-07-07T00:01:48.071+0000] {logging_mixin.py:188} INFO - [2026-07-07T00:01:48.071+0000] {dag.py:3954} INFO - Setting next_dagrun for weather_tomorrowio_pipeline to 2026-07-07 00:00:00+00:00, run_after=2026-07-07 01:00:00+00:00
[2026-07-07T00:01:48.080+0000] {processor.py:183} INFO - Processing /opt/airflow/dags/dag_tomorrowio.py took 0.396 seconds
[2026-07-07T00:19:00.116+0000] {processor.py:161} INFO - Started process (PID=18364) to work on /opt/airflow/dags/dag_tomorrowio.py
[2026-07-07T00:19:00.117+0000] {processor.py:830} INFO - Processing file /opt/airflow/dags/dag_tomorrowio.py for tasks to queue
[2026-07-07T00:19:00.117+0000] {logging_mixin.py:188} INFO - [2026-07-07T00:19:00.117+0000] {dagbag.py:545} INFO - Filling up the DagBag from /opt/airflow/dags/dag_tomorrowio.py
[2026-07-07T00:19:00.396+0000] {processor.py:840} INFO - DAG(s) 'weather_tomorrowio_pipeline' retrieved from /opt/airflow/dags/dag_tomorrowio.py
[2026-07-07T00:19:00.407+0000] {logging_mixin.py:188} INFO - [2026-07-07T00:19:00.406+0000] {dag.py:3096} INFO - Sync 1 DAGs
[2026-07-07T00:19:00.415+0000] {logging_mixin.py:188} INFO - [2026-07-07T00:19:00.415+0000] {dag.py:3954} INFO - Setting next_dagrun for weather_tomorrowio_pipeline to 2026-07-07 00:00:00+00:00, run_after=2026-07-07 01:00:00+00:00
[2026-07-07T00:19:00.423+0000] {processor.py:183} INFO - Processing /opt/airflow/dags/dag_tomorrowio.py took 0.314 seconds
[2026-07-07T00:34:43.507+0000] {processor.py:161} INFO - Started process (PID=18401) to work on /opt/airflow/dags/dag_tomorrowio.py
[2026-07-07T00:34:43.509+0000] {processor.py:830} INFO - Processing file /opt/airflow/dags/dag_tomorrowio.py for tasks to queue
[2026-07-07T00:34:43.509+0000] {logging_mixin.py:188} INFO - [2026-07-07T00:34:43.509+0000] {dagbag.py:545} INFO - Filling up the DagBag from /opt/airflow/dags/dag_tomorrowio.py
[2026-07-07T00:34:43.786+0000] {processor.py:840} INFO - DAG(s) 'weather_tomorrowio_pipeline' retrieved from /opt/airflow/dags/dag_tomorrowio.py
[2026-07-07T00:34:43.798+0000] {logging_mixin.py:188} INFO - [2026-07-07T00:34:43.798+0000] {dag.py:3096} INFO - Sync 1 DAGs
[2026-07-07T00:34:43.807+0000] {logging_mixin.py:188} INFO - [2026-07-07T00:34:43.807+0000] {dag.py:3954} INFO - Setting next_dagrun for weather_tomorrowio_pipeline to 2026-07-07 00:00:00+00:00, run_after=2026-07-07 01:00:00+00:00
[2026-07-07T00:34:43.815+0000] {processor.py:183} INFO - Processing /opt/airflow/dags/dag_tomorrowio.py took 0.319 seconds
[2026-07-07T00:35:14.461+0000] {processor.py:161} INFO - Started process (PID=18438) to work on /opt/airflow/dags/dag_tomorrowio.py
[2026-07-07T00:35:14.462+0000] {processor.py:830} INFO - Processing file /opt/airflow/dags/dag_tomorrowio.py for tasks to queue
[2026-07-07T00:35:14.463+0000] {logging_mixin.py:188} INFO - [2026-07-07T00:35:14.463+0000] {dagbag.py:545} INFO - Filling up the DagBag from /opt/airflow/dags/dag_tomorrowio.py
[2026-07-07T00:35:14.724+0000] {processor.py:840} INFO - DAG(s) 'weather_tomorrowio_pipeline' retrieved from /opt/airflow/dags/dag_tomorrowio.py
[2026-07-07T00:35:14.736+0000] {logging_mixin.py:188} INFO - [2026-07-07T00:35:14.736+0000] {dag.py:3096} INFO - Sync 1 DAGs
[2026-07-07T00:35:14.744+0000] {logging_mixin.py:188} INFO - [2026-07-07T00:35:14.744+0000] {dag.py:3954} INFO - Setting next_dagrun for weather_tomorrowio_pipeline to 2026-07-07 00:00:00+00:00, run_after=2026-07-07 01:00:00+00:00
[2026-07-07T00:35:14.752+0000] {processor.py:183} INFO - Processing /opt/airflow/dags/dag_tomorrowio.py took 0.300 seconds
[2026-07-07T00:51:42.890+0000] {processor.py:161} INFO - Started process (PID=18475) to work on /opt/airflow/dags/dag_tomorrowio.py
[2026-07-07T00:51:42.891+0000] {processor.py:830} INFO - Processing file /opt/airflow/dags/dag_tomorrowio.py for tasks to queue
[2026-07-07T00:51:42.891+0000] {logging_mixin.py:188} INFO - [2026-07-07T00:51:42.891+0000] {dagbag.py:545} INFO - Filling up the DagBag from /opt/airflow/dags/dag_tomorrowio.py
[2026-07-07T00:51:43.129+0000] {processor.py:840} INFO - DAG(s) 'weather_tomorrowio_pipeline' retrieved from /opt/airflow/dags/dag_tomorrowio.py
[2026-07-07T00:51:43.140+0000] {logging_mixin.py:188} INFO - [2026-07-07T00:51:43.140+0000] {dag.py:3096} INFO - Sync 1 DAGs
[2026-07-07T00:51:43.148+0000] {logging_mixin.py:188} INFO - [2026-07-07T00:51:43.148+0000] {dag.py:3954} INFO - Setting next_dagrun for weather_tomorrowio_pipeline to 2026-07-07 00:00:00+00:00, run_after=2026-07-07 01:00:00+00:00
[2026-07-07T00:51:43.156+0000] {processor.py:183} INFO - Processing /opt/airflow/dags/dag_tomorrowio.py took 0.274 seconds
[2026-07-07T00:52:13.921+0000] {processor.py:161} INFO - Started process (PID=18512) to work on /opt/airflow/dags/dag_tomorrowio.py
[2026-07-07T00:52:13.921+0000] {processor.py:830} INFO - Processing file /opt/airflow/dags/dag_tomorrowio.py for tasks to queue
[2026-07-07T00:52:13.922+0000] {logging_mixin.py:188} INFO - [2026-07-07T00:52:13.922+0000] {dagbag.py:545} INFO - Filling up the DagBag from /opt/airflow/dags/dag_tomorrowio.py
[2026-07-07T00:52:14.185+0000] {processor.py:840} INFO - DAG(s) 'weather_tomorrowio_pipeline' retrieved from /opt/airflow/dags/dag_tomorrowio.py
[2026-07-07T00:52:14.194+0000] {logging_mixin.py:188} INFO - [2026-07-07T00:52:14.194+0000] {dag.py:3096} INFO - Sync 1 DAGs
[2026-07-07T00:52:14.202+0000] {logging_mixin.py:188} INFO - [2026-07-07T00:52:14.202+0000] {dag.py:3954} INFO - Setting next_dagrun for weather_tomorrowio_pipeline to 2026-07-07 00:00:00+00:00, run_after=2026-07-07 01:00:00+00:00
[2026-07-07T00:52:14.211+0000] {processor.py:183} INFO - Processing /opt/airflow/dags/dag_tomorrowio.py took 0.302 seconds
[2026-07-07T01:08:22.116+0000] {processor.py:161} INFO - Started process (PID=18553) to work on /opt/airflow/dags/dag_tomorrowio.py
[2026-07-07T01:08:22.117+0000] {processor.py:830} INFO - Processing file /opt/airflow/dags/dag_tomorrowio.py for tasks to queue
[2026-07-07T01:08:22.118+0000] {logging_mixin.py:188} INFO - [2026-07-07T01:08:22.118+0000] {dagbag.py:545} INFO - Filling up the DagBag from /opt/airflow/dags/dag_tomorrowio.py
[2026-07-07T01:08:22.442+0000] {processor.py:840} INFO - DAG(s) 'weather_tomorrowio_pipeline' retrieved from /opt/airflow/dags/dag_tomorrowio.py
[2026-07-07T01:08:22.453+0000] {logging_mixin.py:188} INFO - [2026-07-07T01:08:22.453+0000] {dag.py:3096} INFO - Sync 1 DAGs
[2026-07-07T01:08:22.462+0000] {logging_mixin.py:188} INFO - [2026-07-07T01:08:22.462+0000] {dag.py:3954} INFO - Setting next_dagrun for weather_tomorrowio_pipeline to 2026-07-07 01:00:00+00:00, run_after=2026-07-07 02:00:00+00:00
[2026-07-07T01:08:22.472+0000] {processor.py:183} INFO - Processing /opt/airflow/dags/dag_tomorrowio.py took 0.359 seconds
[2026-07-07T01:23:55.640+0000] {processor.py:161} INFO - Started process (PID=19145) to work on /opt/airflow/dags/dag_tomorrowio.py
[2026-07-07T01:23:55.640+0000] {processor.py:830} INFO - Processing file /opt/airflow/dags/dag_tomorrowio.py for tasks to queue
[2026-07-07T01:23:55.641+0000] {logging_mixin.py:188} INFO - [2026-07-07T01:23:55.641+0000] {dagbag.py:545} INFO - Filling up the DagBag from /opt/airflow/dags/dag_tomorrowio.py
[2026-07-07T01:23:55.931+0000] {processor.py:840} INFO - DAG(s) 'weather_tomorrowio_pipeline' retrieved from /opt/airflow/dags/dag_tomorrowio.py
[2026-07-07T01:23:55.941+0000] {logging_mixin.py:188} INFO - [2026-07-07T01:23:55.940+0000] {dag.py:3096} INFO - Sync 1 DAGs
[2026-07-07T01:23:55.948+0000] {logging_mixin.py:188} INFO - [2026-07-07T01:23:55.948+0000] {dag.py:3954} INFO - Setting next_dagrun for weather_tomorrowio_pipeline to 2026-07-07 01:00:00+00:00, run_after=2026-07-07 02:00:00+00:00
[2026-07-07T01:23:55.956+0000] {processor.py:183} INFO - Processing /opt/airflow/dags/dag_tomorrowio.py took 0.319 seconds
[2026-07-07T01:24:26.769+0000] {processor.py:161} INFO - Started process (PID=19182) to work on /opt/airflow/dags/dag_tomorrowio.py
[2026-07-07T01:24:26.770+0000] {processor.py:830} INFO - Processing file /opt/airflow/dags/dag_tomorrowio.py for tasks to queue
[2026-07-07T01:24:26.771+0000] {logging_mixin.py:188} INFO - [2026-07-07T01:24:26.770+0000] {dagbag.py:545} INFO - Filling up the DagBag from /opt/airflow/dags/dag_tomorrowio.py
[2026-07-07T01:24:27.050+0000] {processor.py:840} INFO - DAG(s) 'weather_tomorrowio_pipeline' retrieved from /opt/airflow/dags/dag_tomorrowio.py
[2026-07-07T01:24:27.059+0000] {logging_mixin.py:188} INFO - [2026-07-07T01:24:27.059+0000] {dag.py:3096} INFO - Sync 1 DAGs
[2026-07-07T01:24:27.067+0000] {logging_mixin.py:188} INFO - [2026-07-07T01:24:27.067+0000] {dag.py:3954} INFO - Setting next_dagrun for weather_tomorrowio_pipeline to 2026-07-07 01:00:00+00:00, run_after=2026-07-07 02:00:00+00:00
[2026-07-07T01:24:27.074+0000] {processor.py:183} INFO - Processing /opt/airflow/dags/dag_tomorrowio.py took 0.310 seconds
[2026-07-07T01:36:03.180+0000] {processor.py:161} INFO - Started process (PID=19221) to work on /opt/airflow/dags/dag_tomorrowio.py
[2026-07-07T01:36:03.181+0000] {processor.py:830} INFO - Processing file /opt/airflow/dags/dag_tomorrowio.py for tasks to queue
[2026-07-07T01:36:03.181+0000] {logging_mixin.py:188} INFO - [2026-07-07T01:36:03.181+0000] {dagbag.py:545} INFO - Filling up the DagBag from /opt/airflow/dags/dag_tomorrowio.py
[2026-07-07T01:36:03.424+0000] {processor.py:840} INFO - DAG(s) 'weather_tomorrowio_pipeline' retrieved from /opt/airflow/dags/dag_tomorrowio.py
[2026-07-07T01:36:03.433+0000] {logging_mixin.py:188} INFO - [2026-07-07T01:36:03.433+0000] {dag.py:3096} INFO - Sync 1 DAGs
[2026-07-07T01:36:03.442+0000] {logging_mixin.py:188} INFO - [2026-07-07T01:36:03.442+0000] {dag.py:3954} INFO - Setting next_dagrun for weather_tomorrowio_pipeline to 2026-07-07 01:00:00+00:00, run_after=2026-07-07 02:00:00+00:00
[2026-07-07T01:36:03.452+0000] {processor.py:183} INFO - Processing /opt/airflow/dags/dag_tomorrowio.py took 0.276 seconds
[2026-07-07T01:52:40.546+0000] {processor.py:161} INFO - Started process (PID=19289) to work on /opt/airflow/dags/dag_tomorrowio.py
[2026-07-07T01:52:40.547+0000] {processor.py:830} INFO - Processing file /opt/airflow/dags/dag_tomorrowio.py for tasks to queue
[2026-07-07T01:52:40.548+0000] {logging_mixin.py:188} INFO - [2026-07-07T01:52:40.547+0000] {dagbag.py:545} INFO - Filling up the DagBag from /opt/airflow/dags/dag_tomorrowio.py
[2026-07-07T01:52:40.845+0000] {processor.py:840} INFO - DAG(s) 'weather_tomorrowio_pipeline' retrieved from /opt/airflow/dags/dag_tomorrowio.py
[2026-07-07T01:52:40.857+0000] {logging_mixin.py:188} INFO - [2026-07-07T01:52:40.857+0000] {dag.py:3096} INFO - Sync 1 DAGs
[2026-07-07T01:52:40.865+0000] {logging_mixin.py:188} INFO - [2026-07-07T01:52:40.865+0000] {dag.py:3954} INFO - Setting next_dagrun for weather_tomorrowio_pipeline to 2026-07-07 01:00:00+00:00, run_after=2026-07-07 02:00:00+00:00
[2026-07-07T01:52:40.876+0000] {processor.py:183} INFO - Processing /opt/airflow/dags/dag_tomorrowio.py took 0.333 seconds
[2026-07-07T01:53:11.579+0000] {processor.py:161} INFO - Started process (PID=19326) to work on /opt/airflow/dags/dag_tomorrowio.py
[2026-07-07T01:53:11.580+0000] {processor.py:830} INFO - Processing file /opt/airflow/dags/dag_tomorrowio.py for tasks to queue
[2026-07-07T01:53:11.581+0000] {logging_mixin.py:188} INFO - [2026-07-07T01:53:11.580+0000] {dagbag.py:545} INFO - Filling up the DagBag from /opt/airflow/dags/dag_tomorrowio.py
[2026-07-07T01:53:11.852+0000] {processor.py:840} INFO - DAG(s) 'weather_tomorrowio_pipeline' retrieved from /opt/airflow/dags/dag_tomorrowio.py
[2026-07-07T01:53:11.862+0000] {logging_mixin.py:188} INFO - [2026-07-07T01:53:11.862+0000] {dag.py:3096} INFO - Sync 1 DAGs
[2026-07-07T01:53:11.872+0000] {logging_mixin.py:188} INFO - [2026-07-07T01:53:11.872+0000] {dag.py:3954} INFO - Setting next_dagrun for weather_tomorrowio_pipeline to 2026-07-07 01:00:00+00:00, run_after=2026-07-07 02:00:00+00:00
[2026-07-07T01:53:11.880+0000] {processor.py:183} INFO - Processing /opt/airflow/dags/dag_tomorrowio.py took 0.307 seconds
[2026-07-07T02:09:23.862+0000] {processor.py:161} INFO - Started process (PID=19366) to work on /opt/airflow/dags/dag_tomorrowio.py
[2026-07-07T02:09:23.863+0000] {processor.py:830} INFO - Processing file /opt/airflow/dags/dag_tomorrowio.py for tasks to queue
[2026-07-07T02:09:23.864+0000] {logging_mixin.py:188} INFO - [2026-07-07T02:09:23.864+0000] {dagbag.py:545} INFO - Filling up the DagBag from /opt/airflow/dags/dag_tomorrowio.py
[2026-07-07T02:09:24.175+0000] {processor.py:840} INFO - DAG(s) 'weather_tomorrowio_pipeline' retrieved from /opt/airflow/dags/dag_tomorrowio.py
[2026-07-07T02:09:24.186+0000] {logging_mixin.py:188} INFO - [2026-07-07T02:09:24.185+0000] {dag.py:3096} INFO - Sync 1 DAGs
[2026-07-07T02:09:24.198+0000] {logging_mixin.py:188} INFO - [2026-07-07T02:09:24.197+0000] {dag.py:3954} INFO - Setting next_dagrun for weather_tomorrowio_pipeline to 2026-07-07 02:00:00+00:00, run_after=2026-07-07 03:00:00+00:00
[2026-07-07T02:09:24.209+0000] {processor.py:183} INFO - Processing /opt/airflow/dags/dag_tomorrowio.py took 0.357 seconds
[2026-07-07T02:25:08.924+0000] {processor.py:161} INFO - Started process (PID=19965) to work on /opt/airflow/dags/dag_tomorrowio.py
[2026-07-07T02:25:08.925+0000] {processor.py:830} INFO - Processing file /opt/airflow/dags/dag_tomorrowio.py for tasks to queue
[2026-07-07T02:25:08.926+0000] {logging_mixin.py:188} INFO - [2026-07-07T02:25:08.926+0000] {dagbag.py:545} INFO - Filling up the DagBag from /opt/airflow/dags/dag_tomorrowio.py
[2026-07-07T02:25:09.667+0000] {processor.py:840} INFO - DAG(s) 'weather_tomorrowio_pipeline' retrieved from /opt/airflow/dags/dag_tomorrowio.py
[2026-07-07T02:25:09.706+0000] {logging_mixin.py:188} INFO - [2026-07-07T02:25:09.705+0000] {dag.py:3096} INFO - Sync 1 DAGs
[2026-07-07T02:25:09.741+0000] {logging_mixin.py:188} INFO - [2026-07-07T02:25:09.741+0000] {dag.py:3954} INFO - Setting next_dagrun for weather_tomorrowio_pipeline to 2026-07-07 02:00:00+00:00, run_after=2026-07-07 03:00:00+00:00
[2026-07-07T02:25:09.772+0000] {processor.py:183} INFO - Processing /opt/airflow/dags/dag_tomorrowio.py took 0.855 seconds
[2026-07-07T02:25:54.644+0000] {processor.py:161} INFO - Started process (PID=20034) to work on /opt/airflow/dags/dag_tomorrowio.py
[2026-07-07T02:25:54.649+0000] {processor.py:830} INFO - Processing file /opt/airflow/dags/dag_tomorrowio.py for tasks to queue
[2026-07-07T02:25:54.651+0000] {logging_mixin.py:188} INFO - [2026-07-07T02:25:54.650+0000] {dagbag.py:545} INFO - Filling up the DagBag from /opt/airflow/dags/dag_tomorrowio.py
[2026-07-07T02:25:55.780+0000] {processor.py:840} INFO - DAG(s) 'weather_tomorrowio_pipeline' retrieved from /opt/airflow/dags/dag_tomorrowio.py
[2026-07-07T02:25:55.795+0000] {logging_mixin.py:188} INFO - [2026-07-07T02:25:55.795+0000] {dag.py:3096} INFO - Sync 1 DAGs
[2026-07-07T02:25:55.806+0000] {logging_mixin.py:188} INFO - [2026-07-07T02:25:55.806+0000] {dag.py:3954} INFO - Setting next_dagrun for weather_tomorrowio_pipeline to 2026-07-07 02:00:00+00:00, run_after=2026-07-07 03:00:00+00:00
[2026-07-07T02:25:55.817+0000] {processor.py:183} INFO - Processing /opt/airflow/dags/dag_tomorrowio.py took 1.222 seconds
[2026-07-07T02:26:26.294+0000] {processor.py:161} INFO - Started process (PID=20070) to work on /opt/airflow/dags/dag_tomorrowio.py
[2026-07-07T02:26:26.298+0000] {processor.py:830} INFO - Processing file /opt/airflow/dags/dag_tomorrowio.py for tasks to queue
[2026-07-07T02:26:26.301+0000] {logging_mixin.py:188} INFO - [2026-07-07T02:26:26.301+0000] {dagbag.py:545} INFO - Filling up the DagBag from /opt/airflow/dags/dag_tomorrowio.py
[2026-07-07T02:26:26.804+0000] {processor.py:840} INFO - DAG(s) 'weather_tomorrowio_pipeline' retrieved from /opt/airflow/dags/dag_tomorrowio.py
[2026-07-07T02:26:26.817+0000] {logging_mixin.py:188} INFO - [2026-07-07T02:26:26.817+0000] {dag.py:3096} INFO - Sync 1 DAGs
[2026-07-07T02:26:26.827+0000] {logging_mixin.py:188} INFO - [2026-07-07T02:26:26.827+0000] {dag.py:3954} INFO - Setting next_dagrun for weather_tomorrowio_pipeline to 2026-07-07 02:00:00+00:00, run_after=2026-07-07 03:00:00+00:00
[2026-07-07T02:26:26.837+0000] {processor.py:183} INFO - Processing /opt/airflow/dags/dag_tomorrowio.py took 0.551 seconds
[2026-07-07T02:26:57.409+0000] {processor.py:161} INFO - Started process (PID=20107) to work on /opt/airflow/dags/dag_tomorrowio.py
[2026-07-07T02:26:57.412+0000] {processor.py:830} INFO - Processing file /opt/airflow/dags/dag_tomorrowio.py for tasks to queue
[2026-07-07T02:26:57.415+0000] {logging_mixin.py:188} INFO - [2026-07-07T02:26:57.415+0000] {dagbag.py:545} INFO - Filling up the DagBag from /opt/airflow/dags/dag_tomorrowio.py
[2026-07-07T02:26:57.755+0000] {processor.py:840} INFO - DAG(s) 'weather_tomorrowio_pipeline' retrieved from /opt/airflow/dags/dag_tomorrowio.py
[2026-07-07T02:26:57.768+0000] {logging_mixin.py:188} INFO - [2026-07-07T02:26:57.768+0000] {dag.py:3096} INFO - Sync 1 DAGs
[2026-07-07T02:26:57.777+0000] {logging_mixin.py:188} INFO - [2026-07-07T02:26:57.777+0000] {dag.py:3954} INFO - Setting next_dagrun for weather_tomorrowio_pipeline to 2026-07-07 02:00:00+00:00, run_after=2026-07-07 03:00:00+00:00
[2026-07-07T02:26:57.786+0000] {processor.py:183} INFO - Processing /opt/airflow/dags/dag_tomorrowio.py took 0.380 seconds
[2026-07-07T02:27:28.721+0000] {processor.py:161} INFO - Started process (PID=20144) to work on /opt/airflow/dags/dag_tomorrowio.py
[2026-07-07T02:27:28.725+0000] {processor.py:830} INFO - Processing file /opt/airflow/dags/dag_tomorrowio.py for tasks to queue
[2026-07-07T02:27:28.728+0000] {logging_mixin.py:188} INFO - [2026-07-07T02:27:28.727+0000] {dagbag.py:545} INFO - Filling up the DagBag from /opt/airflow/dags/dag_tomorrowio.py
[2026-07-07T02:27:29.201+0000] {processor.py:840} INFO - DAG(s) 'weather_tomorrowio_pipeline' retrieved from /opt/airflow/dags/dag_tomorrowio.py
[2026-07-07T02:27:29.248+0000] {logging_mixin.py:188} INFO - [2026-07-07T02:27:29.248+0000] {dag.py:3096} INFO - Sync 1 DAGs
[2026-07-07T02:27:29.257+0000] {logging_mixin.py:188} INFO - [2026-07-07T02:27:29.256+0000] {dag.py:3954} INFO - Setting next_dagrun for weather_tomorrowio_pipeline to 2026-07-07 02:00:00+00:00, run_after=2026-07-07 03:00:00+00:00
[2026-07-07T02:27:29.275+0000] {processor.py:183} INFO - Processing /opt/airflow/dags/dag_tomorrowio.py took 0.561 seconds
[2026-07-07T02:27:59.998+0000] {processor.py:161} INFO - Started process (PID=20181) to work on /opt/airflow/dags/dag_tomorrowio.py
[2026-07-07T02:28:00.000+0000] {processor.py:830} INFO - Processing file /opt/airflow/dags/dag_tomorrowio.py for tasks to queue
[2026-07-07T02:28:00.002+0000] {logging_mixin.py:188} INFO - [2026-07-07T02:28:00.002+0000] {dagbag.py:545} INFO - Filling up the DagBag from /opt/airflow/dags/dag_tomorrowio.py
[2026-07-07T02:28:00.653+0000] {processor.py:840} INFO - DAG(s) 'weather_tomorrowio_pipeline' retrieved from /opt/airflow/dags/dag_tomorrowio.py
[2026-07-07T02:28:00.670+0000] {logging_mixin.py:188} INFO - [2026-07-07T02:28:00.670+0000] {dag.py:3096} INFO - Sync 1 DAGs
[2026-07-07T02:28:00.681+0000] {logging_mixin.py:188} INFO - [2026-07-07T02:28:00.681+0000] {dag.py:3954} INFO - Setting next_dagrun for weather_tomorrowio_pipeline to 2026-07-07 02:00:00+00:00, run_after=2026-07-07 03:00:00+00:00
[2026-07-07T02:28:00.692+0000] {processor.py:183} INFO - Processing /opt/airflow/dags/dag_tomorrowio.py took 0.701 seconds
[2026-07-07T02:28:31.270+0000] {processor.py:161} INFO - Started process (PID=20218) to work on /opt/airflow/dags/dag_tomorrowio.py
[2026-07-07T02:28:31.272+0000] {processor.py:830} INFO - Processing file /opt/airflow/dags/dag_tomorrowio.py for tasks to queue
[2026-07-07T02:28:31.272+0000] {logging_mixin.py:188} INFO - [2026-07-07T02:28:31.272+0000] {dagbag.py:545} INFO - Filling up the DagBag from /opt/airflow/dags/dag_tomorrowio.py
[2026-07-07T02:28:31.849+0000] {processor.py:840} INFO - DAG(s) 'weather_tomorrowio_pipeline' retrieved from /opt/airflow/dags/dag_tomorrowio.py
[2026-07-07T02:28:31.873+0000] {logging_mixin.py:188} INFO - [2026-07-07T02:28:31.873+0000] {dag.py:3096} INFO - Sync 1 DAGs
[2026-07-07T02:28:31.888+0000] {logging_mixin.py:188} INFO - [2026-07-07T02:28:31.888+0000] {dag.py:3954} INFO - Setting next_dagrun for weather_tomorrowio_pipeline to 2026-07-07 02:00:00+00:00, run_after=2026-07-07 03:00:00+00:00
[2026-07-07T02:28:31.901+0000] {processor.py:183} INFO - Processing /opt/airflow/dags/dag_tomorrowio.py took 0.640 seconds
[2026-07-07T02:29:02.441+0000] {processor.py:161} INFO - Started process (PID=20255) to work on /opt/airflow/dags/dag_tomorrowio.py
[2026-07-07T02:29:02.442+0000] {processor.py:830} INFO - Processing file /opt/airflow/dags/dag_tomorrowio.py for tasks to queue
[2026-07-07T02:29:02.443+0000] {logging_mixin.py:188} INFO - [2026-07-07T02:29:02.442+0000] {dagbag.py:545} INFO - Filling up the DagBag from /opt/airflow/dags/dag_tomorrowio.py
[2026-07-07T02:29:02.796+0000] {processor.py:840} INFO - DAG(s) 'weather_tomorrowio_pipeline' retrieved from /opt/airflow/dags/dag_tomorrowio.py
[2026-07-07T02:29:02.808+0000] {logging_mixin.py:188} INFO - [2026-07-07T02:29:02.807+0000] {dag.py:3096} INFO - Sync 1 DAGs
[2026-07-07T02:29:02.816+0000] {logging_mixin.py:188} INFO - [2026-07-07T02:29:02.816+0000] {dag.py:3954} INFO - Setting next_dagrun for weather_tomorrowio_pipeline to 2026-07-07 02:00:00+00:00, run_after=2026-07-07 03:00:00+00:00
[2026-07-07T02:29:02.825+0000] {processor.py:183} INFO - Processing /opt/airflow/dags/dag_tomorrowio.py took 0.388 seconds
[2026-07-07T02:29:33.471+0000] {processor.py:161} INFO - Started process (PID=20292) to work on /opt/airflow/dags/dag_tomorrowio.py
[2026-07-07T02:29:33.473+0000] {processor.py:830} INFO - Processing file /opt/airflow/dags/dag_tomorrowio.py for tasks to queue
[2026-07-07T02:29:33.476+0000] {logging_mixin.py:188} INFO - [2026-07-07T02:29:33.475+0000] {dagbag.py:545} INFO - Filling up the DagBag from /opt/airflow/dags/dag_tomorrowio.py
[2026-07-07T02:29:33.981+0000] {processor.py:840} INFO - DAG(s) 'weather_tomorrowio_pipeline' retrieved from /opt/airflow/dags/dag_tomorrowio.py
[2026-07-07T02:29:34.003+0000] {logging_mixin.py:188} INFO - [2026-07-07T02:29:34.003+0000] {dag.py:3096} INFO - Sync 1 DAGs
[2026-07-07T02:29:34.023+0000] {logging_mixin.py:188} INFO - [2026-07-07T02:29:34.023+0000] {dag.py:3954} INFO - Setting next_dagrun for weather_tomorrowio_pipeline to 2026-07-07 02:00:00+00:00, run_after=2026-07-07 03:00:00+00:00
[2026-07-07T02:29:34.038+0000] {processor.py:183} INFO - Processing /opt/airflow/dags/dag_tomorrowio.py took 0.581 seconds
[2026-07-07T02:30:04.664+0000] {processor.py:161} INFO - Started process (PID=20329) to work on /opt/airflow/dags/dag_tomorrowio.py
[2026-07-07T02:30:04.666+0000] {processor.py:830} INFO - Processing file /opt/airflow/dags/dag_tomorrowio.py for tasks to queue
[2026-07-07T02:30:04.667+0000] {logging_mixin.py:188} INFO - [2026-07-07T02:30:04.667+0000] {dagbag.py:545} INFO - Filling up the DagBag from /opt/airflow/dags/dag_tomorrowio.py
[2026-07-07T02:30:05.117+0000] {processor.py:840} INFO - DAG(s) 'weather_tomorrowio_pipeline' retrieved from /opt/airflow/dags/dag_tomorrowio.py
[2026-07-07T02:30:05.141+0000] {logging_mixin.py:188} INFO - [2026-07-07T02:30:05.141+0000] {dag.py:3096} INFO - Sync 1 DAGs
[2026-07-07T02:30:05.155+0000] {logging_mixin.py:188} INFO - [2026-07-07T02:30:05.155+0000] {dag.py:3954} INFO - Setting next_dagrun for weather_tomorrowio_pipeline to 2026-07-07 02:00:00+00:00, run_after=2026-07-07 03:00:00+00:00
[2026-07-07T02:30:05.165+0000] {processor.py:183} INFO - Processing /opt/airflow/dags/dag_tomorrowio.py took 0.508 seconds
[2026-07-07T02:30:35.876+0000] {processor.py:161} INFO - Started process (PID=20371) to work on /opt/airflow/dags/dag_tomorrowio.py
[2026-07-07T02:30:35.879+0000] {processor.py:830} INFO - Processing file /opt/airflow/dags/dag_tomorrowio.py for tasks to queue
[2026-07-07T02:30:35.880+0000] {logging_mixin.py:188} INFO - [2026-07-07T02:30:35.880+0000] {dagbag.py:545} INFO - Filling up the DagBag from /opt/airflow/dags/dag_tomorrowio.py
[2026-07-07T02:30:36.505+0000] {processor.py:840} INFO - DAG(s) 'weather_tomorrowio_pipeline' retrieved from /opt/airflow/dags/dag_tomorrowio.py
[2026-07-07T02:30:36.533+0000] {logging_mixin.py:188} INFO - [2026-07-07T02:30:36.533+0000] {dag.py:3096} INFO - Sync 1 DAGs
[2026-07-07T02:30:36.547+0000] {logging_mixin.py:188} INFO - [2026-07-07T02:30:36.547+0000] {dag.py:3954} INFO - Setting next_dagrun for weather_tomorrowio_pipeline to 2026-07-07 02:00:00+00:00, run_after=2026-07-07 03:00:00+00:00
[2026-07-07T02:30:36.559+0000] {processor.py:183} INFO - Processing /opt/airflow/dags/dag_tomorrowio.py took 0.693 seconds
[2026-07-07T02:31:07.192+0000] {processor.py:161} INFO - Started process (PID=20408) to work on /opt/airflow/dags/dag_tomorrowio.py
[2026-07-07T02:31:07.194+0000] {processor.py:830} INFO - Processing file /opt/airflow/dags/dag_tomorrowio.py for tasks to queue
[2026-07-07T02:31:07.195+0000] {logging_mixin.py:188} INFO - [2026-07-07T02:31:07.195+0000] {dagbag.py:545} INFO - Filling up the DagBag from /opt/airflow/dags/dag_tomorrowio.py
[2026-07-07T02:31:07.782+0000] {processor.py:840} INFO - DAG(s) 'weather_tomorrowio_pipeline' retrieved from /opt/airflow/dags/dag_tomorrowio.py
[2026-07-07T02:31:07.820+0000] {logging_mixin.py:188} INFO - [2026-07-07T02:31:07.819+0000] {dag.py:3096} INFO - Sync 1 DAGs
[2026-07-07T02:31:07.843+0000] {logging_mixin.py:188} INFO - [2026-07-07T02:31:07.843+0000] {dag.py:3954} INFO - Setting next_dagrun for weather_tomorrowio_pipeline to 2026-07-07 02:00:00+00:00, run_after=2026-07-07 03:00:00+00:00
[2026-07-07T02:31:07.855+0000] {processor.py:183} INFO - Processing /opt/airflow/dags/dag_tomorrowio.py took 0.679 seconds
[2026-07-07T02:31:38.454+0000] {processor.py:161} INFO - Started process (PID=20444) to work on /opt/airflow/dags/dag_tomorrowio.py
[2026-07-07T02:31:38.457+0000] {processor.py:830} INFO - Processing file /opt/airflow/dags/dag_tomorrowio.py for tasks to queue
[2026-07-07T02:31:38.458+0000] {logging_mixin.py:188} INFO - [2026-07-07T02:31:38.457+0000] {dagbag.py:545} INFO - Filling up the DagBag from /opt/airflow/dags/dag_tomorrowio.py
[2026-07-07T02:31:38.950+0000] {processor.py:840} INFO - DAG(s) 'weather_tomorrowio_pipeline' retrieved from /opt/airflow/dags/dag_tomorrowio.py
[2026-07-07T02:31:38.966+0000] {logging_mixin.py:188} INFO - [2026-07-07T02:31:38.966+0000] {dag.py:3096} INFO - Sync 1 DAGs
[2026-07-07T02:31:38.976+0000] {logging_mixin.py:188} INFO - [2026-07-07T02:31:38.976+0000] {dag.py:3954} INFO - Setting next_dagrun for weather_tomorrowio_pipeline to 2026-07-07 02:00:00+00:00, run_after=2026-07-07 03:00:00+00:00
[2026-07-07T02:31:38.987+0000] {processor.py:183} INFO - Processing /opt/airflow/dags/dag_tomorrowio.py took 0.543 seconds
[2026-07-07T02:32:09.525+0000] {processor.py:161} INFO - Started process (PID=20482) to work on /opt/airflow/dags/dag_tomorrowio.py
[2026-07-07T02:32:09.527+0000] {processor.py:830} INFO - Processing file /opt/airflow/dags/dag_tomorrowio.py for tasks to queue
[2026-07-07T02:32:09.530+0000] {logging_mixin.py:188} INFO - [2026-07-07T02:32:09.529+0000] {dagbag.py:545} INFO - Filling up the DagBag from /opt/airflow/dags/dag_tomorrowio.py
[2026-07-07T02:32:09.895+0000] {processor.py:840} INFO - DAG(s) 'weather_tomorrowio_pipeline' retrieved from /opt/airflow/dags/dag_tomorrowio.py
[2026-07-07T02:32:09.920+0000] {logging_mixin.py:188} INFO - [2026-07-07T02:32:09.919+0000] {dag.py:3096} INFO - Sync 1 DAGs
[2026-07-07T02:32:09.933+0000] {logging_mixin.py:188} INFO - [2026-07-07T02:32:09.933+0000] {dag.py:3954} INFO - Setting next_dagrun for weather_tomorrowio_pipeline to 2026-07-07 02:00:00+00:00, run_after=2026-07-07 03:00:00+00:00
[2026-07-07T02:32:09.947+0000] {processor.py:183} INFO - Processing /opt/airflow/dags/dag_tomorrowio.py took 0.436 seconds
[2026-07-07T02:32:40.600+0000] {processor.py:161} INFO - Started process (PID=20523) to work on /opt/airflow/dags/dag_tomorrowio.py
[2026-07-07T02:32:40.604+0000] {processor.py:830} INFO - Processing file /opt/airflow/dags/dag_tomorrowio.py for tasks to queue
[2026-07-07T02:32:40.606+0000] {logging_mixin.py:188} INFO - [2026-07-07T02:32:40.605+0000] {dagbag.py:545} INFO - Filling up the DagBag from /opt/airflow/dags/dag_tomorrowio.py
[2026-07-07T02:32:41.360+0000] {processor.py:840} INFO - DAG(s) 'weather_tomorrowio_pipeline' retrieved from /opt/airflow/dags/dag_tomorrowio.py
[2026-07-07T02:32:41.378+0000] {logging_mixin.py:188} INFO - [2026-07-07T02:32:41.377+0000] {dag.py:3096} INFO - Sync 1 DAGs
[2026-07-07T02:32:41.391+0000] {logging_mixin.py:188} INFO - [2026-07-07T02:32:41.391+0000] {dag.py:3954} INFO - Setting next_dagrun for weather_tomorrowio_pipeline to 2026-07-07 02:00:00+00:00, run_after=2026-07-07 03:00:00+00:00
[2026-07-07T02:32:41.401+0000] {processor.py:183} INFO - Processing /opt/airflow/dags/dag_tomorrowio.py took 0.808 seconds
[2026-07-07T02:33:11.942+0000] {processor.py:161} INFO - Started process (PID=20560) to work on /opt/airflow/dags/dag_tomorrowio.py
[2026-07-07T02:33:11.945+0000] {processor.py:830} INFO - Processing file /opt/airflow/dags/dag_tomorrowio.py for tasks to queue
[2026-07-07T02:33:11.946+0000] {logging_mixin.py:188} INFO - [2026-07-07T02:33:11.946+0000] {dagbag.py:545} INFO - Filling up the DagBag from /opt/airflow/dags/dag_tomorrowio.py
[2026-07-07T02:33:12.347+0000] {processor.py:840} INFO - DAG(s) 'weather_tomorrowio_pipeline' retrieved from /opt/airflow/dags/dag_tomorrowio.py
[2026-07-07T02:33:12.366+0000] {logging_mixin.py:188} INFO - [2026-07-07T02:33:12.366+0000] {dag.py:3096} INFO - Sync 1 DAGs
[2026-07-07T02:33:12.379+0000] {logging_mixin.py:188} INFO - [2026-07-07T02:33:12.379+0000] {dag.py:3954} INFO - Setting next_dagrun for weather_tomorrowio_pipeline to 2026-07-07 02:00:00+00:00, run_after=2026-07-07 03:00:00+00:00
[2026-07-07T02:33:12.393+0000] {processor.py:183} INFO - Processing /opt/airflow/dags/dag_tomorrowio.py took 0.464 seconds
[2026-07-07T02:33:42.982+0000] {processor.py:161} INFO - Started process (PID=20597) to work on /opt/airflow/dags/dag_tomorrowio.py
[2026-07-07T02:33:42.984+0000] {processor.py:830} INFO - Processing file /opt/airflow/dags/dag_tomorrowio.py for tasks to queue
[2026-07-07T02:33:42.984+0000] {logging_mixin.py:188} INFO - [2026-07-07T02:33:42.984+0000] {dagbag.py:545} INFO - Filling up the DagBag from /opt/airflow/dags/dag_tomorrowio.py
[2026-07-07T02:33:43.386+0000] {processor.py:840} INFO - DAG(s) 'weather_tomorrowio_pipeline' retrieved from /opt/airflow/dags/dag_tomorrowio.py
[2026-07-07T02:33:43.405+0000] {logging_mixin.py:188} INFO - [2026-07-07T02:33:43.404+0000] {dag.py:3096} INFO - Sync 1 DAGs
[2026-07-07T02:33:43.417+0000] {logging_mixin.py:188} INFO - [2026-07-07T02:33:43.417+0000] {dag.py:3954} INFO - Setting next_dagrun for weather_tomorrowio_pipeline to 2026-07-07 02:00:00+00:00, run_after=2026-07-07 03:00:00+00:00
[2026-07-07T02:33:43.426+0000] {processor.py:183} INFO - Processing /opt/airflow/dags/dag_tomorrowio.py took 0.451 seconds
[2026-07-07T02:34:13.944+0000] {processor.py:161} INFO - Started process (PID=20634) to work on /opt/airflow/dags/dag_tomorrowio.py
[2026-07-07T02:34:13.945+0000] {processor.py:830} INFO - Processing file /opt/airflow/dags/dag_tomorrowio.py for tasks to queue
[2026-07-07T02:34:13.947+0000] {logging_mixin.py:188} INFO - [2026-07-07T02:34:13.946+0000] {dagbag.py:545} INFO - Filling up the DagBag from /opt/airflow/dags/dag_tomorrowio.py
[2026-07-07T02:34:14.310+0000] {processor.py:840} INFO - DAG(s) 'weather_tomorrowio_pipeline' retrieved from /opt/airflow/dags/dag_tomorrowio.py
[2026-07-07T02:34:14.327+0000] {logging_mixin.py:188} INFO - [2026-07-07T02:34:14.326+0000] {dag.py:3096} INFO - Sync 1 DAGs
[2026-07-07T02:34:14.344+0000] {logging_mixin.py:188} INFO - [2026-07-07T02:34:14.344+0000] {dag.py:3954} INFO - Setting next_dagrun for weather_tomorrowio_pipeline to 2026-07-07 02:00:00+00:00, run_after=2026-07-07 03:00:00+00:00
[2026-07-07T02:34:14.360+0000] {processor.py:183} INFO - Processing /opt/airflow/dags/dag_tomorrowio.py took 0.423 seconds
[2026-07-07T02:34:45.044+0000] {processor.py:161} INFO - Started process (PID=20670) to work on /opt/airflow/dags/dag_tomorrowio.py
[2026-07-07T02:34:45.048+0000] {processor.py:830} INFO - Processing file /opt/airflow/dags/dag_tomorrowio.py for tasks to queue
[2026-07-07T02:34:45.051+0000] {logging_mixin.py:188} INFO - [2026-07-07T02:34:45.051+0000] {dagbag.py:545} INFO - Filling up the DagBag from /opt/airflow/dags/dag_tomorrowio.py
[2026-07-07T02:34:45.572+0000] {processor.py:840} INFO - DAG(s) 'weather_tomorrowio_pipeline' retrieved from /opt/airflow/dags/dag_tomorrowio.py
[2026-07-07T02:34:45.594+0000] {logging_mixin.py:188} INFO - [2026-07-07T02:34:45.594+0000] {dag.py:3096} INFO - Sync 1 DAGs
[2026-07-07T02:34:45.605+0000] {logging_mixin.py:188} INFO - [2026-07-07T02:34:45.605+0000] {dag.py:3954} INFO - Setting next_dagrun for weather_tomorrowio_pipeline to 2026-07-07 02:00:00+00:00, run_after=2026-07-07 03:00:00+00:00
[2026-07-07T02:34:45.614+0000] {processor.py:183} INFO - Processing /opt/airflow/dags/dag_tomorrowio.py took 0.580 seconds
[2026-07-07T02:35:16.279+0000] {processor.py:161} INFO - Started process (PID=20708) to work on /opt/airflow/dags/dag_tomorrowio.py
[2026-07-07T02:35:16.281+0000] {processor.py:830} INFO - Processing file /opt/airflow/dags/dag_tomorrowio.py for tasks to queue
[2026-07-07T02:35:16.285+0000] {logging_mixin.py:188} INFO - [2026-07-07T02:35:16.284+0000] {dagbag.py:545} INFO - Filling up the DagBag from /opt/airflow/dags/dag_tomorrowio.py
[2026-07-07T02:35:16.608+0000] {processor.py:840} INFO - DAG(s) 'weather_tomorrowio_pipeline' retrieved from /opt/airflow/dags/dag_tomorrowio.py
[2026-07-07T02:35:16.619+0000] {logging_mixin.py:188} INFO - [2026-07-07T02:35:16.619+0000] {dag.py:3096} INFO - Sync 1 DAGs
[2026-07-07T02:35:16.636+0000] {logging_mixin.py:188} INFO - [2026-07-07T02:35:16.635+0000] {dag.py:3954} INFO - Setting next_dagrun for weather_tomorrowio_pipeline to 2026-07-07 02:00:00+00:00, run_after=2026-07-07 03:00:00+00:00
[2026-07-07T02:35:16.646+0000] {processor.py:183} INFO - Processing /opt/airflow/dags/dag_tomorrowio.py took 0.372 seconds
[2026-07-07T02:35:47.402+0000] {processor.py:161} INFO - Started process (PID=20745) to work on /opt/airflow/dags/dag_tomorrowio.py
[2026-07-07T02:35:47.403+0000] {processor.py:830} INFO - Processing file /opt/airflow/dags/dag_tomorrowio.py for tasks to queue
[2026-07-07T02:35:47.405+0000] {logging_mixin.py:188} INFO - [2026-07-07T02:35:47.405+0000] {dagbag.py:545} INFO - Filling up the DagBag from /opt/airflow/dags/dag_tomorrowio.py
[2026-07-07T02:35:47.789+0000] {processor.py:840} INFO - DAG(s) 'weather_tomorrowio_pipeline' retrieved from /opt/airflow/dags/dag_tomorrowio.py
[2026-07-07T02:35:47.806+0000] {logging_mixin.py:188} INFO - [2026-07-07T02:35:47.805+0000] {dag.py:3096} INFO - Sync 1 DAGs
[2026-07-07T02:35:47.818+0000] {logging_mixin.py:188} INFO - [2026-07-07T02:35:47.818+0000] {dag.py:3954} INFO - Setting next_dagrun for weather_tomorrowio_pipeline to 2026-07-07 02:00:00+00:00, run_after=2026-07-07 03:00:00+00:00
[2026-07-07T02:35:47.827+0000] {processor.py:183} INFO - Processing /opt/airflow/dags/dag_tomorrowio.py took 0.434 seconds
[2026-07-07T02:36:18.331+0000] {processor.py:161} INFO - Started process (PID=20782) to work on /opt/airflow/dags/dag_tomorrowio.py
[2026-07-07T02:36:18.332+0000] {processor.py:830} INFO - Processing file /opt/airflow/dags/dag_tomorrowio.py for tasks to queue
[2026-07-07T02:36:18.335+0000] {logging_mixin.py:188} INFO - [2026-07-07T02:36:18.334+0000] {dagbag.py:545} INFO - Filling up the DagBag from /opt/airflow/dags/dag_tomorrowio.py
[2026-07-07T02:36:18.708+0000] {processor.py:840} INFO - DAG(s) 'weather_tomorrowio_pipeline' retrieved from /opt/airflow/dags/dag_tomorrowio.py
[2026-07-07T02:36:18.722+0000] {logging_mixin.py:188} INFO - [2026-07-07T02:36:18.721+0000] {dag.py:3096} INFO - Sync 1 DAGs
[2026-07-07T02:36:18.732+0000] {logging_mixin.py:188} INFO - [2026-07-07T02:36:18.731+0000] {dag.py:3954} INFO - Setting next_dagrun for weather_tomorrowio_pipeline to 2026-07-07 02:00:00+00:00, run_after=2026-07-07 03:00:00+00:00
[2026-07-07T02:36:18.740+0000] {processor.py:183} INFO - Processing /opt/airflow/dags/dag_tomorrowio.py took 0.414 seconds
[2026-07-07T02:36:49.406+0000] {processor.py:161} INFO - Started process (PID=20818) to work on /opt/airflow/dags/dag_tomorrowio.py
[2026-07-07T02:36:49.409+0000] {processor.py:830} INFO - Processing file /opt/airflow/dags/dag_tomorrowio.py for tasks to queue
[2026-07-07T02:36:49.410+0000] {logging_mixin.py:188} INFO - [2026-07-07T02:36:49.410+0000] {dagbag.py:545} INFO - Filling up the DagBag from /opt/airflow/dags/dag_tomorrowio.py
[2026-07-07T02:36:49.943+0000] {processor.py:840} INFO - DAG(s) 'weather_tomorrowio_pipeline' retrieved from /opt/airflow/dags/dag_tomorrowio.py
[2026-07-07T02:36:49.966+0000] {logging_mixin.py:188} INFO - [2026-07-07T02:36:49.966+0000] {dag.py:3096} INFO - Sync 1 DAGs
[2026-07-07T02:36:49.977+0000] {logging_mixin.py:188} INFO - [2026-07-07T02:36:49.977+0000] {dag.py:3954} INFO - Setting next_dagrun for weather_tomorrowio_pipeline to 2026-07-07 02:00:00+00:00, run_after=2026-07-07 03:00:00+00:00
[2026-07-07T02:36:49.992+0000] {processor.py:183} INFO - Processing /opt/airflow/dags/dag_tomorrowio.py took 0.603 seconds
[2026-07-07T02:37:20.683+0000] {processor.py:161} INFO - Started process (PID=20855) to work on /opt/airflow/dags/dag_tomorrowio.py
[2026-07-07T02:37:20.777+0000] {processor.py:830} INFO - Processing file /opt/airflow/dags/dag_tomorrowio.py for tasks to queue
[2026-07-07T02:37:20.785+0000] {logging_mixin.py:188} INFO - [2026-07-07T02:37:20.782+0000] {dagbag.py:545} INFO - Filling up the DagBag from /opt/airflow/dags/dag_tomorrowio.py
[2026-07-07T02:37:21.321+0000] {processor.py:840} INFO - DAG(s) 'weather_tomorrowio_pipeline' retrieved from /opt/airflow/dags/dag_tomorrowio.py
[2026-07-07T02:37:21.344+0000] {logging_mixin.py:188} INFO - [2026-07-07T02:37:21.344+0000] {dag.py:3096} INFO - Sync 1 DAGs
[2026-07-07T02:37:21.365+0000] {logging_mixin.py:188} INFO - [2026-07-07T02:37:21.365+0000] {dag.py:3954} INFO - Setting next_dagrun for weather_tomorrowio_pipeline to 2026-07-07 02:00:00+00:00, run_after=2026-07-07 03:00:00+00:00
[2026-07-07T02:37:21.381+0000] {processor.py:183} INFO - Processing /opt/airflow/dags/dag_tomorrowio.py took 0.722 seconds
[2026-07-07T02:37:52.197+0000] {processor.py:161} INFO - Started process (PID=20897) to work on /opt/airflow/dags/dag_tomorrowio.py
[2026-07-07T02:37:52.199+0000] {processor.py:830} INFO - Processing file /opt/airflow/dags/dag_tomorrowio.py for tasks to queue
[2026-07-07T02:37:52.200+0000] {logging_mixin.py:188} INFO - [2026-07-07T02:37:52.200+0000] {dagbag.py:545} INFO - Filling up the DagBag from /opt/airflow/dags/dag_tomorrowio.py
[2026-07-07T02:37:52.583+0000] {processor.py:840} INFO - DAG(s) 'weather_tomorrowio_pipeline' retrieved from /opt/airflow/dags/dag_tomorrowio.py
[2026-07-07T02:37:52.598+0000] {logging_mixin.py:188} INFO - [2026-07-07T02:37:52.598+0000] {dag.py:3096} INFO - Sync 1 DAGs
[2026-07-07T02:37:52.607+0000] {logging_mixin.py:188} INFO - [2026-07-07T02:37:52.607+0000] {dag.py:3954} INFO - Setting next_dagrun for weather_tomorrowio_pipeline to 2026-07-07 02:00:00+00:00, run_after=2026-07-07 03:00:00+00:00
[2026-07-07T02:37:52.616+0000] {processor.py:183} INFO - Processing /opt/airflow/dags/dag_tomorrowio.py took 0.426 seconds
[2026-07-07T02:38:23.137+0000] {processor.py:161} INFO - Started process (PID=20935) to work on /opt/airflow/dags/dag_tomorrowio.py
[2026-07-07T02:38:23.139+0000] {processor.py:830} INFO - Processing file /opt/airflow/dags/dag_tomorrowio.py for tasks to queue
[2026-07-07T02:38:23.139+0000] {logging_mixin.py:188} INFO - [2026-07-07T02:38:23.139+0000] {dagbag.py:545} INFO - Filling up the DagBag from /opt/airflow/dags/dag_tomorrowio.py
[2026-07-07T02:38:23.500+0000] {processor.py:840} INFO - DAG(s) 'weather_tomorrowio_pipeline' retrieved from /opt/airflow/dags/dag_tomorrowio.py
[2026-07-07T02:38:23.518+0000] {logging_mixin.py:188} INFO - [2026-07-07T02:38:23.518+0000] {dag.py:3096} INFO - Sync 1 DAGs
[2026-07-07T02:38:23.530+0000] {logging_mixin.py:188} INFO - [2026-07-07T02:38:23.530+0000] {dag.py:3954} INFO - Setting next_dagrun for weather_tomorrowio_pipeline to 2026-07-07 02:00:00+00:00, run_after=2026-07-07 03:00:00+00:00
[2026-07-07T02:38:23.538+0000] {processor.py:183} INFO - Processing /opt/airflow/dags/dag_tomorrowio.py took 0.410 seconds
[2026-07-07T02:38:54.200+0000] {processor.py:161} INFO - Started process (PID=20971) to work on /opt/airflow/dags/dag_tomorrowio.py
[2026-07-07T02:38:54.203+0000] {processor.py:830} INFO - Processing file /opt/airflow/dags/dag_tomorrowio.py for tasks to queue
[2026-07-07T02:38:54.205+0000] {logging_mixin.py:188} INFO - [2026-07-07T02:38:54.204+0000] {dagbag.py:545} INFO - Filling up the DagBag from /opt/airflow/dags/dag_tomorrowio.py
[2026-07-07T02:38:54.580+0000] {processor.py:840} INFO - DAG(s) 'weather_tomorrowio_pipeline' retrieved from /opt/airflow/dags/dag_tomorrowio.py
[2026-07-07T02:38:54.599+0000] {logging_mixin.py:188} INFO - [2026-07-07T02:38:54.598+0000] {dag.py:3096} INFO - Sync 1 DAGs
[2026-07-07T02:38:54.610+0000] {logging_mixin.py:188} INFO - [2026-07-07T02:38:54.610+0000] {dag.py:3954} INFO - Setting next_dagrun for weather_tomorrowio_pipeline to 2026-07-07 02:00:00+00:00, run_after=2026-07-07 03:00:00+00:00
[2026-07-07T02:38:54.619+0000] {processor.py:183} INFO - Processing /opt/airflow/dags/dag_tomorrowio.py took 0.426 seconds
[2026-07-07T02:39:25.140+0000] {processor.py:161} INFO - Started process (PID=21008) to work on /opt/airflow/dags/dag_tomorrowio.py
[2026-07-07T02:39:25.142+0000] {processor.py:830} INFO - Processing file /opt/airflow/dags/dag_tomorrowio.py for tasks to queue
[2026-07-07T02:39:25.143+0000] {logging_mixin.py:188} INFO - [2026-07-07T02:39:25.143+0000] {dagbag.py:545} INFO - Filling up the DagBag from /opt/airflow/dags/dag_tomorrowio.py
[2026-07-07T02:39:25.607+0000] {processor.py:840} INFO - DAG(s) 'weather_tomorrowio_pipeline' retrieved from /opt/airflow/dags/dag_tomorrowio.py
[2026-07-07T02:39:25.620+0000] {logging_mixin.py:188} INFO - [2026-07-07T02:39:25.620+0000] {dag.py:3096} INFO - Sync 1 DAGs
[2026-07-07T02:39:25.631+0000] {logging_mixin.py:188} INFO - [2026-07-07T02:39:25.631+0000] {dag.py:3954} INFO - Setting next_dagrun for weather_tomorrowio_pipeline to 2026-07-07 02:00:00+00:00, run_after=2026-07-07 03:00:00+00:00
[2026-07-07T02:39:25.640+0000] {processor.py:183} INFO - Processing /opt/airflow/dags/dag_tomorrowio.py took 0.510 seconds
[2026-07-07T02:39:56.307+0000] {processor.py:161} INFO - Started process (PID=21045) to work on /opt/airflow/dags/dag_tomorrowio.py
[2026-07-07T02:39:56.310+0000] {processor.py:830} INFO - Processing file /opt/airflow/dags/dag_tomorrowio.py for tasks to queue
[2026-07-07T02:39:56.311+0000] {logging_mixin.py:188} INFO - [2026-07-07T02:39:56.311+0000] {dagbag.py:545} INFO - Filling up the DagBag from /opt/airflow/dags/dag_tomorrowio.py
[2026-07-07T02:39:56.698+0000] {processor.py:840} INFO - DAG(s) 'weather_tomorrowio_pipeline' retrieved from /opt/airflow/dags/dag_tomorrowio.py
[2026-07-07T02:39:56.713+0000] {logging_mixin.py:188} INFO - [2026-07-07T02:39:56.713+0000] {dag.py:3096} INFO - Sync 1 DAGs
[2026-07-07T02:39:56.723+0000] {logging_mixin.py:188} INFO - [2026-07-07T02:39:56.723+0000] {dag.py:3954} INFO - Setting next_dagrun for weather_tomorrowio_pipeline to 2026-07-07 02:00:00+00:00, run_after=2026-07-07 03:00:00+00:00
[2026-07-07T02:39:56.740+0000] {processor.py:183} INFO - Processing /opt/airflow/dags/dag_tomorrowio.py took 0.439 seconds
[2026-07-07T02:40:27.349+0000] {processor.py:161} INFO - Started process (PID=21083) to work on /opt/airflow/dags/dag_tomorrowio.py
[2026-07-07T02:40:27.351+0000] {processor.py:830} INFO - Processing file /opt/airflow/dags/dag_tomorrowio.py for tasks to queue
[2026-07-07T02:40:27.352+0000] {logging_mixin.py:188} INFO - [2026-07-07T02:40:27.352+0000] {dagbag.py:545} INFO - Filling up the DagBag from /opt/airflow/dags/dag_tomorrowio.py
[2026-07-07T02:40:27.644+0000] {processor.py:840} INFO - DAG(s) 'weather_tomorrowio_pipeline' retrieved from /opt/airflow/dags/dag_tomorrowio.py
[2026-07-07T02:40:27.655+0000] {logging_mixin.py:188} INFO - [2026-07-07T02:40:27.654+0000] {dag.py:3096} INFO - Sync 1 DAGs
[2026-07-07T02:40:27.663+0000] {logging_mixin.py:188} INFO - [2026-07-07T02:40:27.662+0000] {dag.py:3954} INFO - Setting next_dagrun for weather_tomorrowio_pipeline to 2026-07-07 02:00:00+00:00, run_after=2026-07-07 03:00:00+00:00
[2026-07-07T02:40:27.674+0000] {processor.py:183} INFO - Processing /opt/airflow/dags/dag_tomorrowio.py took 0.332 seconds
[2026-07-07T02:40:58.242+0000] {processor.py:161} INFO - Started process (PID=21120) to work on /opt/airflow/dags/dag_tomorrowio.py
[2026-07-07T02:40:58.243+0000] {processor.py:830} INFO - Processing file /opt/airflow/dags/dag_tomorrowio.py for tasks to queue
[2026-07-07T02:40:58.244+0000] {logging_mixin.py:188} INFO - [2026-07-07T02:40:58.244+0000] {dagbag.py:545} INFO - Filling up the DagBag from /opt/airflow/dags/dag_tomorrowio.py
[2026-07-07T02:40:58.563+0000] {processor.py:840} INFO - DAG(s) 'weather_tomorrowio_pipeline' retrieved from /opt/airflow/dags/dag_tomorrowio.py
[2026-07-07T02:40:58.583+0000] {logging_mixin.py:188} INFO - [2026-07-07T02:40:58.582+0000] {dag.py:3096} INFO - Sync 1 DAGs
[2026-07-07T02:40:58.595+0000] {logging_mixin.py:188} INFO - [2026-07-07T02:40:58.595+0000] {dag.py:3954} INFO - Setting next_dagrun for weather_tomorrowio_pipeline to 2026-07-07 02:00:00+00:00, run_after=2026-07-07 03:00:00+00:00
[2026-07-07T02:40:58.605+0000] {processor.py:183} INFO - Processing /opt/airflow/dags/dag_tomorrowio.py took 0.370 seconds
[2026-07-07T02:41:29.115+0000] {processor.py:161} INFO - Started process (PID=21157) to work on /opt/airflow/dags/dag_tomorrowio.py
[2026-07-07T02:41:29.117+0000] {processor.py:830} INFO - Processing file /opt/airflow/dags/dag_tomorrowio.py for tasks to queue
[2026-07-07T02:41:29.117+0000] {logging_mixin.py:188} INFO - [2026-07-07T02:41:29.117+0000] {dagbag.py:545} INFO - Filling up the DagBag from /opt/airflow/dags/dag_tomorrowio.py
[2026-07-07T02:41:29.609+0000] {processor.py:840} INFO - DAG(s) 'weather_tomorrowio_pipeline' retrieved from /opt/airflow/dags/dag_tomorrowio.py
[2026-07-07T02:41:29.625+0000] {logging_mixin.py:188} INFO - [2026-07-07T02:41:29.625+0000] {dag.py:3096} INFO - Sync 1 DAGs
[2026-07-07T02:41:29.634+0000] {logging_mixin.py:188} INFO - [2026-07-07T02:41:29.634+0000] {dag.py:3954} INFO - Setting next_dagrun for weather_tomorrowio_pipeline to 2026-07-07 02:00:00+00:00, run_after=2026-07-07 03:00:00+00:00
[2026-07-07T02:41:29.646+0000] {processor.py:183} INFO - Processing /opt/airflow/dags/dag_tomorrowio.py took 0.541 seconds
[2026-07-07T02:42:00.318+0000] {processor.py:161} INFO - Started process (PID=21193) to work on /opt/airflow/dags/dag_tomorrowio.py
[2026-07-07T02:42:00.320+0000] {processor.py:830} INFO - Processing file /opt/airflow/dags/dag_tomorrowio.py for tasks to queue
[2026-07-07T02:42:00.323+0000] {logging_mixin.py:188} INFO - [2026-07-07T02:42:00.322+0000] {dagbag.py:545} INFO - Filling up the DagBag from /opt/airflow/dags/dag_tomorrowio.py
[2026-07-07T02:42:00.866+0000] {processor.py:840} INFO - DAG(s) 'weather_tomorrowio_pipeline' retrieved from /opt/airflow/dags/dag_tomorrowio.py
[2026-07-07T02:42:00.894+0000] {logging_mixin.py:188} INFO - [2026-07-07T02:42:00.894+0000] {dag.py:3096} INFO - Sync 1 DAGs
[2026-07-07T02:42:00.911+0000] {logging_mixin.py:188} INFO - [2026-07-07T02:42:00.911+0000] {dag.py:3954} INFO - Setting next_dagrun for weather_tomorrowio_pipeline to 2026-07-07 02:00:00+00:00, run_after=2026-07-07 03:00:00+00:00
[2026-07-07T02:42:00.923+0000] {processor.py:183} INFO - Processing /opt/airflow/dags/dag_tomorrowio.py took 0.631 seconds
[2026-07-07T02:42:31.497+0000] {processor.py:161} INFO - Started process (PID=21230) to work on /opt/airflow/dags/dag_tomorrowio.py
[2026-07-07T02:42:31.501+0000] {processor.py:830} INFO - Processing file /opt/airflow/dags/dag_tomorrowio.py for tasks to queue
[2026-07-07T02:42:31.505+0000] {logging_mixin.py:188} INFO - [2026-07-07T02:42:31.503+0000] {dagbag.py:545} INFO - Filling up the DagBag from /opt/airflow/dags/dag_tomorrowio.py
[2026-07-07T02:42:32.074+0000] {processor.py:840} INFO - DAG(s) 'weather_tomorrowio_pipeline' retrieved from /opt/airflow/dags/dag_tomorrowio.py
[2026-07-07T02:42:32.103+0000] {logging_mixin.py:188} INFO - [2026-07-07T02:42:32.102+0000] {dag.py:3096} INFO - Sync 1 DAGs
[2026-07-07T02:42:32.123+0000] {logging_mixin.py:188} INFO - [2026-07-07T02:42:32.123+0000] {dag.py:3954} INFO - Setting next_dagrun for weather_tomorrowio_pipeline to 2026-07-07 02:00:00+00:00, run_after=2026-07-07 03:00:00+00:00
[2026-07-07T02:42:32.136+0000] {processor.py:183} INFO - Processing /opt/airflow/dags/dag_tomorrowio.py took 0.655 seconds
[2026-07-07T02:43:02.719+0000] {processor.py:161} INFO - Started process (PID=21268) to work on /opt/airflow/dags/dag_tomorrowio.py
[2026-07-07T02:43:02.723+0000] {processor.py:830} INFO - Processing file /opt/airflow/dags/dag_tomorrowio.py for tasks to queue
[2026-07-07T02:43:02.725+0000] {logging_mixin.py:188} INFO - [2026-07-07T02:43:02.725+0000] {dagbag.py:545} INFO - Filling up the DagBag from /opt/airflow/dags/dag_tomorrowio.py
[2026-07-07T02:43:03.137+0000] {processor.py:840} INFO - DAG(s) 'weather_tomorrowio_pipeline' retrieved from /opt/airflow/dags/dag_tomorrowio.py
[2026-07-07T02:43:03.165+0000] {logging_mixin.py:188} INFO - [2026-07-07T02:43:03.164+0000] {dag.py:3096} INFO - Sync 1 DAGs
[2026-07-07T02:43:03.186+0000] {logging_mixin.py:188} INFO - [2026-07-07T02:43:03.186+0000] {dag.py:3954} INFO - Setting next_dagrun for weather_tomorrowio_pipeline to 2026-07-07 02:00:00+00:00, run_after=2026-07-07 03:00:00+00:00
[2026-07-07T02:43:03.203+0000] {processor.py:183} INFO - Processing /opt/airflow/dags/dag_tomorrowio.py took 0.492 seconds
[2026-07-07T02:43:33.818+0000] {processor.py:161} INFO - Started process (PID=21304) to work on /opt/airflow/dags/dag_tomorrowio.py
[2026-07-07T02:43:33.819+0000] {processor.py:830} INFO - Processing file /opt/airflow/dags/dag_tomorrowio.py for tasks to queue
[2026-07-07T02:43:33.820+0000] {logging_mixin.py:188} INFO - [2026-07-07T02:43:33.820+0000] {dagbag.py:545} INFO - Filling up the DagBag from /opt/airflow/dags/dag_tomorrowio.py
[2026-07-07T02:43:34.235+0000] {processor.py:840} INFO - DAG(s) 'weather_tomorrowio_pipeline' retrieved from /opt/airflow/dags/dag_tomorrowio.py
[2026-07-07T02:43:34.255+0000] {logging_mixin.py:188} INFO - [2026-07-07T02:43:34.254+0000] {dag.py:3096} INFO - Sync 1 DAGs
[2026-07-07T02:43:34.268+0000] {logging_mixin.py:188} INFO - [2026-07-07T02:43:34.268+0000] {dag.py:3954} INFO - Setting next_dagrun for weather_tomorrowio_pipeline to 2026-07-07 02:00:00+00:00, run_after=2026-07-07 03:00:00+00:00
[2026-07-07T02:43:34.278+0000] {processor.py:183} INFO - Processing /opt/airflow/dags/dag_tomorrowio.py took 0.474 seconds
[2026-07-07T02:44:04.815+0000] {processor.py:161} INFO - Started process (PID=21340) to work on /opt/airflow/dags/dag_tomorrowio.py
[2026-07-07T02:44:04.816+0000] {processor.py:830} INFO - Processing file /opt/airflow/dags/dag_tomorrowio.py for tasks to queue
[2026-07-07T02:44:04.818+0000] {logging_mixin.py:188} INFO - [2026-07-07T02:44:04.818+0000] {dagbag.py:545} INFO - Filling up the DagBag from /opt/airflow/dags/dag_tomorrowio.py
[2026-07-07T02:44:05.588+0000] {processor.py:840} INFO - DAG(s) 'weather_tomorrowio_pipeline' retrieved from /opt/airflow/dags/dag_tomorrowio.py
[2026-07-07T02:44:05.623+0000] {logging_mixin.py:188} INFO - [2026-07-07T02:44:05.621+0000] {dag.py:3096} INFO - Sync 1 DAGs
[2026-07-07T02:44:05.663+0000] {logging_mixin.py:188} INFO - [2026-07-07T02:44:05.663+0000] {dag.py:3954} INFO - Setting next_dagrun for weather_tomorrowio_pipeline to 2026-07-07 02:00:00+00:00, run_after=2026-07-07 03:00:00+00:00
[2026-07-07T02:44:05.680+0000] {processor.py:183} INFO - Processing /opt/airflow/dags/dag_tomorrowio.py took 0.876 seconds
[2026-07-07T02:44:36.315+0000] {processor.py:161} INFO - Started process (PID=21378) to work on /opt/airflow/dags/dag_tomorrowio.py
[2026-07-07T02:44:36.318+0000] {processor.py:830} INFO - Processing file /opt/airflow/dags/dag_tomorrowio.py for tasks to queue
[2026-07-07T02:44:36.319+0000] {logging_mixin.py:188} INFO - [2026-07-07T02:44:36.318+0000] {dagbag.py:545} INFO - Filling up the DagBag from /opt/airflow/dags/dag_tomorrowio.py
[2026-07-07T02:44:36.740+0000] {processor.py:840} INFO - DAG(s) 'weather_tomorrowio_pipeline' retrieved from /opt/airflow/dags/dag_tomorrowio.py
[2026-07-07T02:44:36.768+0000] {logging_mixin.py:188} INFO - [2026-07-07T02:44:36.768+0000] {dag.py:3096} INFO - Sync 1 DAGs
[2026-07-07T02:44:36.787+0000] {logging_mixin.py:188} INFO - [2026-07-07T02:44:36.787+0000] {dag.py:3954} INFO - Setting next_dagrun for weather_tomorrowio_pipeline to 2026-07-07 02:00:00+00:00, run_after=2026-07-07 03:00:00+00:00
[2026-07-07T02:44:36.795+0000] {processor.py:183} INFO - Processing /opt/airflow/dags/dag_tomorrowio.py took 0.486 seconds
[2026-07-07T02:45:07.432+0000] {processor.py:161} INFO - Started process (PID=21416) to work on /opt/airflow/dags/dag_tomorrowio.py
[2026-07-07T02:45:07.434+0000] {processor.py:830} INFO - Processing file /opt/airflow/dags/dag_tomorrowio.py for tasks to queue
[2026-07-07T02:45:07.436+0000] {logging_mixin.py:188} INFO - [2026-07-07T02:45:07.435+0000] {dagbag.py:545} INFO - Filling up the DagBag from /opt/airflow/dags/dag_tomorrowio.py
[2026-07-07T02:45:08.027+0000] {processor.py:840} INFO - DAG(s) 'weather_tomorrowio_pipeline' retrieved from /opt/airflow/dags/dag_tomorrowio.py
[2026-07-07T02:45:08.079+0000] {logging_mixin.py:188} INFO - [2026-07-07T02:45:08.078+0000] {dag.py:3096} INFO - Sync 1 DAGs
[2026-07-07T02:45:08.105+0000] {logging_mixin.py:188} INFO - [2026-07-07T02:45:08.104+0000] {dag.py:3954} INFO - Setting next_dagrun for weather_tomorrowio_pipeline to 2026-07-07 02:00:00+00:00, run_after=2026-07-07 03:00:00+00:00
[2026-07-07T02:45:08.127+0000] {processor.py:183} INFO - Processing /opt/airflow/dags/dag_tomorrowio.py took 0.700 seconds
[2026-07-07T02:45:39.144+0000] {processor.py:161} INFO - Started process (PID=21452) to work on /opt/airflow/dags/dag_tomorrowio.py
[2026-07-07T02:45:39.151+0000] {processor.py:830} INFO - Processing file /opt/airflow/dags/dag_tomorrowio.py for tasks to queue
[2026-07-07T02:45:39.152+0000] {logging_mixin.py:188} INFO - [2026-07-07T02:45:39.151+0000] {dagbag.py:545} INFO - Filling up the DagBag from /opt/airflow/dags/dag_tomorrowio.py
[2026-07-07T02:45:39.962+0000] {processor.py:840} INFO - DAG(s) 'weather_tomorrowio_pipeline' retrieved from /opt/airflow/dags/dag_tomorrowio.py
[2026-07-07T02:45:39.995+0000] {logging_mixin.py:188} INFO - [2026-07-07T02:45:39.994+0000] {dag.py:3096} INFO - Sync 1 DAGs
[2026-07-07T02:45:40.014+0000] {logging_mixin.py:188} INFO - [2026-07-07T02:45:40.014+0000] {dag.py:3954} INFO - Setting next_dagrun for weather_tomorrowio_pipeline to 2026-07-07 02:00:00+00:00, run_after=2026-07-07 03:00:00+00:00
[2026-07-07T02:45:40.025+0000] {processor.py:183} INFO - Processing /opt/airflow/dags/dag_tomorrowio.py took 0.983 seconds
[2026-07-07T02:46:10.777+0000] {processor.py:161} INFO - Started process (PID=21489) to work on /opt/airflow/dags/dag_tomorrowio.py
[2026-07-07T02:46:10.780+0000] {processor.py:830} INFO - Processing file /opt/airflow/dags/dag_tomorrowio.py for tasks to queue
[2026-07-07T02:46:10.783+0000] {logging_mixin.py:188} INFO - [2026-07-07T02:46:10.783+0000] {dagbag.py:545} INFO - Filling up the DagBag from /opt/airflow/dags/dag_tomorrowio.py
[2026-07-07T02:46:11.481+0000] {processor.py:840} INFO - DAG(s) 'weather_tomorrowio_pipeline' retrieved from /opt/airflow/dags/dag_tomorrowio.py
[2026-07-07T02:46:11.542+0000] {logging_mixin.py:188} INFO - [2026-07-07T02:46:11.541+0000] {dag.py:3096} INFO - Sync 1 DAGs
[2026-07-07T02:46:11.580+0000] {logging_mixin.py:188} INFO - [2026-07-07T02:46:11.580+0000] {dag.py:3954} INFO - Setting next_dagrun for weather_tomorrowio_pipeline to 2026-07-07 02:00:00+00:00, run_after=2026-07-07 03:00:00+00:00
[2026-07-07T02:46:11.597+0000] {processor.py:183} INFO - Processing /opt/airflow/dags/dag_tomorrowio.py took 0.832 seconds
[2026-07-07T02:46:42.426+0000] {processor.py:161} INFO - Started process (PID=21527) to work on /opt/airflow/dags/dag_tomorrowio.py
[2026-07-07T02:46:42.427+0000] {processor.py:830} INFO - Processing file /opt/airflow/dags/dag_tomorrowio.py for tasks to queue
[2026-07-07T02:46:42.428+0000] {logging_mixin.py:188} INFO - [2026-07-07T02:46:42.428+0000] {dagbag.py:545} INFO - Filling up the DagBag from /opt/airflow/dags/dag_tomorrowio.py
[2026-07-07T02:46:42.915+0000] {processor.py:840} INFO - DAG(s) 'weather_tomorrowio_pipeline' retrieved from /opt/airflow/dags/dag_tomorrowio.py
[2026-07-07T02:46:42.952+0000] {logging_mixin.py:188} INFO - [2026-07-07T02:46:42.951+0000] {dag.py:3096} INFO - Sync 1 DAGs
[2026-07-07T02:46:42.979+0000] {logging_mixin.py:188} INFO - [2026-07-07T02:46:42.978+0000] {dag.py:3954} INFO - Setting next_dagrun for weather_tomorrowio_pipeline to 2026-07-07 02:00:00+00:00, run_after=2026-07-07 03:00:00+00:00
[2026-07-07T02:46:43.014+0000] {processor.py:183} INFO - Processing /opt/airflow/dags/dag_tomorrowio.py took 0.595 seconds
[2026-07-07T02:47:13.538+0000] {processor.py:161} INFO - Started process (PID=21564) to work on /opt/airflow/dags/dag_tomorrowio.py
[2026-07-07T02:47:13.540+0000] {processor.py:830} INFO - Processing file /opt/airflow/dags/dag_tomorrowio.py for tasks to queue
[2026-07-07T02:47:13.541+0000] {logging_mixin.py:188} INFO - [2026-07-07T02:47:13.540+0000] {dagbag.py:545} INFO - Filling up the DagBag from /opt/airflow/dags/dag_tomorrowio.py
[2026-07-07T02:47:14.024+0000] {processor.py:840} INFO - DAG(s) 'weather_tomorrowio_pipeline' retrieved from /opt/airflow/dags/dag_tomorrowio.py
[2026-07-07T02:47:14.061+0000] {logging_mixin.py:188} INFO - [2026-07-07T02:47:14.061+0000] {dag.py:3096} INFO - Sync 1 DAGs
[2026-07-07T02:47:14.084+0000] {logging_mixin.py:188} INFO - [2026-07-07T02:47:14.084+0000] {dag.py:3954} INFO - Setting next_dagrun for weather_tomorrowio_pipeline to 2026-07-07 02:00:00+00:00, run_after=2026-07-07 03:00:00+00:00
[2026-07-07T02:47:14.101+0000] {processor.py:183} INFO - Processing /opt/airflow/dags/dag_tomorrowio.py took 0.571 seconds
[2026-07-07T02:47:45.320+0000] {processor.py:161} INFO - Started process (PID=21614) to work on /opt/airflow/dags/dag_tomorrowio.py
[2026-07-07T02:47:45.321+0000] {processor.py:830} INFO - Processing file /opt/airflow/dags/dag_tomorrowio.py for tasks to queue
[2026-07-07T02:47:45.322+0000] {logging_mixin.py:188} INFO - [2026-07-07T02:47:45.322+0000] {dagbag.py:545} INFO - Filling up the DagBag from /opt/airflow/dags/dag_tomorrowio.py
[2026-07-07T02:47:45.539+0000] {processor.py:840} INFO - DAG(s) 'weather_tomorrowio_pipeline' retrieved from /opt/airflow/dags/dag_tomorrowio.py
[2026-07-07T02:47:45.548+0000] {logging_mixin.py:188} INFO - [2026-07-07T02:47:45.548+0000] {dag.py:3096} INFO - Sync 1 DAGs
[2026-07-07T02:47:45.561+0000] {logging_mixin.py:188} INFO - [2026-07-07T02:47:45.561+0000] {dag.py:3954} INFO - Setting next_dagrun for weather_tomorrowio_pipeline to 2026-07-07 02:00:00+00:00, run_after=2026-07-07 03:00:00+00:00
[2026-07-07T02:47:45.573+0000] {processor.py:183} INFO - Processing /opt/airflow/dags/dag_tomorrowio.py took 0.257 seconds
[2026-07-07T02:48:16.202+0000] {processor.py:161} INFO - Started process (PID=21651) to work on /opt/airflow/dags/dag_tomorrowio.py
[2026-07-07T02:48:16.203+0000] {processor.py:830} INFO - Processing file /opt/airflow/dags/dag_tomorrowio.py for tasks to queue
[2026-07-07T02:48:16.204+0000] {logging_mixin.py:188} INFO - [2026-07-07T02:48:16.203+0000] {dagbag.py:545} INFO - Filling up the DagBag from /opt/airflow/dags/dag_tomorrowio.py
[2026-07-07T02:48:16.420+0000] {processor.py:840} INFO - DAG(s) 'weather_tomorrowio_pipeline' retrieved from /opt/airflow/dags/dag_tomorrowio.py
[2026-07-07T02:48:16.427+0000] {logging_mixin.py:188} INFO - [2026-07-07T02:48:16.427+0000] {dag.py:3096} INFO - Sync 1 DAGs
[2026-07-07T02:48:16.434+0000] {logging_mixin.py:188} INFO - [2026-07-07T02:48:16.434+0000] {dag.py:3954} INFO - Setting next_dagrun for weather_tomorrowio_pipeline to 2026-07-07 02:00:00+00:00, run_after=2026-07-07 03:00:00+00:00
[2026-07-07T02:48:16.440+0000] {processor.py:183} INFO - Processing /opt/airflow/dags/dag_tomorrowio.py took 0.241 seconds
[2026-07-07T02:48:47.479+0000] {processor.py:161} INFO - Started process (PID=21688) to work on /opt/airflow/dags/dag_tomorrowio.py
[2026-07-07T02:48:47.480+0000] {processor.py:830} INFO - Processing file /opt/airflow/dags/dag_tomorrowio.py for tasks to queue
[2026-07-07T02:48:47.483+0000] {logging_mixin.py:188} INFO - [2026-07-07T02:48:47.482+0000] {dagbag.py:545} INFO - Filling up the DagBag from /opt/airflow/dags/dag_tomorrowio.py
[2026-07-07T02:48:47.738+0000] {processor.py:840} INFO - DAG(s) 'weather_tomorrowio_pipeline' retrieved from /opt/airflow/dags/dag_tomorrowio.py
[2026-07-07T02:48:47.747+0000] {logging_mixin.py:188} INFO - [2026-07-07T02:48:47.747+0000] {dag.py:3096} INFO - Sync 1 DAGs
[2026-07-07T02:48:47.755+0000] {logging_mixin.py:188} INFO - [2026-07-07T02:48:47.755+0000] {dag.py:3954} INFO - Setting next_dagrun for weather_tomorrowio_pipeline to 2026-07-07 02:00:00+00:00, run_after=2026-07-07 03:00:00+00:00
[2026-07-07T02:48:47.763+0000] {processor.py:183} INFO - Processing /opt/airflow/dags/dag_tomorrowio.py took 0.291 seconds
[2026-07-07T02:49:18.439+0000] {processor.py:161} INFO - Started process (PID=21725) to work on /opt/airflow/dags/dag_tomorrowio.py
[2026-07-07T02:49:18.440+0000] {processor.py:830} INFO - Processing file /opt/airflow/dags/dag_tomorrowio.py for tasks to queue
[2026-07-07T02:49:18.441+0000] {logging_mixin.py:188} INFO - [2026-07-07T02:49:18.440+0000] {dagbag.py:545} INFO - Filling up the DagBag from /opt/airflow/dags/dag_tomorrowio.py
[2026-07-07T02:49:18.627+0000] {processor.py:840} INFO - DAG(s) 'weather_tomorrowio_pipeline' retrieved from /opt/airflow/dags/dag_tomorrowio.py
[2026-07-07T02:49:18.635+0000] {logging_mixin.py:188} INFO - [2026-07-07T02:49:18.634+0000] {dag.py:3096} INFO - Sync 1 DAGs
[2026-07-07T02:49:18.641+0000] {logging_mixin.py:188} INFO - [2026-07-07T02:49:18.641+0000] {dag.py:3954} INFO - Setting next_dagrun for weather_tomorrowio_pipeline to 2026-07-07 02:00:00+00:00, run_after=2026-07-07 03:00:00+00:00
[2026-07-07T02:49:18.648+0000] {processor.py:183} INFO - Processing /opt/airflow/dags/dag_tomorrowio.py took 0.212 seconds
[2026-07-07T02:49:49.503+0000] {processor.py:161} INFO - Started process (PID=21762) to work on /opt/airflow/dags/dag_tomorrowio.py
[2026-07-07T02:49:49.503+0000] {processor.py:830} INFO - Processing file /opt/airflow/dags/dag_tomorrowio.py for tasks to queue
[2026-07-07T02:49:49.504+0000] {logging_mixin.py:188} INFO - [2026-07-07T02:49:49.504+0000] {dagbag.py:545} INFO - Filling up the DagBag from /opt/airflow/dags/dag_tomorrowio.py
[2026-07-07T02:49:49.703+0000] {processor.py:840} INFO - DAG(s) 'weather_tomorrowio_pipeline' retrieved from /opt/airflow/dags/dag_tomorrowio.py
[2026-07-07T02:49:49.711+0000] {logging_mixin.py:188} INFO - [2026-07-07T02:49:49.711+0000] {dag.py:3096} INFO - Sync 1 DAGs
[2026-07-07T02:49:49.718+0000] {logging_mixin.py:188} INFO - [2026-07-07T02:49:49.718+0000] {dag.py:3954} INFO - Setting next_dagrun for weather_tomorrowio_pipeline to 2026-07-07 02:00:00+00:00, run_after=2026-07-07 03:00:00+00:00
[2026-07-07T02:49:49.725+0000] {processor.py:183} INFO - Processing /opt/airflow/dags/dag_tomorrowio.py took 0.226 seconds
[2026-07-07T02:50:20.418+0000] {processor.py:161} INFO - Started process (PID=21802) to work on /opt/airflow/dags/dag_tomorrowio.py
[2026-07-07T02:50:20.420+0000] {processor.py:830} INFO - Processing file /opt/airflow/dags/dag_tomorrowio.py for tasks to queue
[2026-07-07T02:50:20.420+0000] {logging_mixin.py:188} INFO - [2026-07-07T02:50:20.420+0000] {dagbag.py:545} INFO - Filling up the DagBag from /opt/airflow/dags/dag_tomorrowio.py
[2026-07-07T02:50:20.874+0000] {processor.py:840} INFO - DAG(s) 'weather_tomorrowio_pipeline' retrieved from /opt/airflow/dags/dag_tomorrowio.py
[2026-07-07T02:50:20.892+0000] {logging_mixin.py:188} INFO - [2026-07-07T02:50:20.892+0000] {dag.py:3096} INFO - Sync 1 DAGs
[2026-07-07T02:50:20.914+0000] {logging_mixin.py:188} INFO - [2026-07-07T02:50:20.913+0000] {dag.py:3954} INFO - Setting next_dagrun for weather_tomorrowio_pipeline to 2026-07-07 02:00:00+00:00, run_after=2026-07-07 03:00:00+00:00
[2026-07-07T02:50:20.932+0000] {processor.py:183} INFO - Processing /opt/airflow/dags/dag_tomorrowio.py took 0.520 seconds
[2026-07-07T02:50:51.522+0000] {processor.py:161} INFO - Started process (PID=21838) to work on /opt/airflow/dags/dag_tomorrowio.py
[2026-07-07T02:50:51.523+0000] {processor.py:830} INFO - Processing file /opt/airflow/dags/dag_tomorrowio.py for tasks to queue
[2026-07-07T02:50:51.524+0000] {logging_mixin.py:188} INFO - [2026-07-07T02:50:51.524+0000] {dagbag.py:545} INFO - Filling up the DagBag from /opt/airflow/dags/dag_tomorrowio.py
[2026-07-07T02:50:52.074+0000] {processor.py:840} INFO - DAG(s) 'weather_tomorrowio_pipeline' retrieved from /opt/airflow/dags/dag_tomorrowio.py
[2026-07-07T02:50:52.109+0000] {logging_mixin.py:188} INFO - [2026-07-07T02:50:52.108+0000] {dag.py:3096} INFO - Sync 1 DAGs
[2026-07-07T02:50:52.126+0000] {logging_mixin.py:188} INFO - [2026-07-07T02:50:52.126+0000] {dag.py:3954} INFO - Setting next_dagrun for weather_tomorrowio_pipeline to 2026-07-07 02:00:00+00:00, run_after=2026-07-07 03:00:00+00:00
[2026-07-07T02:50:52.143+0000] {processor.py:183} INFO - Processing /opt/airflow/dags/dag_tomorrowio.py took 0.627 seconds
[2026-07-07T02:51:22.775+0000] {processor.py:161} INFO - Started process (PID=21875) to work on /opt/airflow/dags/dag_tomorrowio.py
[2026-07-07T02:51:22.789+0000] {processor.py:830} INFO - Processing file /opt/airflow/dags/dag_tomorrowio.py for tasks to queue
[2026-07-07T02:51:22.789+0000] {logging_mixin.py:188} INFO - [2026-07-07T02:51:22.789+0000] {dagbag.py:545} INFO - Filling up the DagBag from /opt/airflow/dags/dag_tomorrowio.py
[2026-07-07T02:51:23.199+0000] {processor.py:840} INFO - DAG(s) 'weather_tomorrowio_pipeline' retrieved from /opt/airflow/dags/dag_tomorrowio.py
[2026-07-07T02:51:23.215+0000] {logging_mixin.py:188} INFO - [2026-07-07T02:51:23.215+0000] {dag.py:3096} INFO - Sync 1 DAGs
[2026-07-07T02:51:23.228+0000] {logging_mixin.py:188} INFO - [2026-07-07T02:51:23.228+0000] {dag.py:3954} INFO - Setting next_dagrun for weather_tomorrowio_pipeline to 2026-07-07 02:00:00+00:00, run_after=2026-07-07 03:00:00+00:00
[2026-07-07T02:51:23.245+0000] {processor.py:183} INFO - Processing /opt/airflow/dags/dag_tomorrowio.py took 0.478 seconds
[2026-07-07T02:51:53.850+0000] {processor.py:161} INFO - Started process (PID=21912) to work on /opt/airflow/dags/dag_tomorrowio.py
[2026-07-07T02:51:53.851+0000] {processor.py:830} INFO - Processing file /opt/airflow/dags/dag_tomorrowio.py for tasks to queue
[2026-07-07T02:51:53.852+0000] {logging_mixin.py:188} INFO - [2026-07-07T02:51:53.851+0000] {dagbag.py:545} INFO - Filling up the DagBag from /opt/airflow/dags/dag_tomorrowio.py
[2026-07-07T02:51:54.166+0000] {processor.py:840} INFO - DAG(s) 'weather_tomorrowio_pipeline' retrieved from /opt/airflow/dags/dag_tomorrowio.py
[2026-07-07T02:51:54.178+0000] {logging_mixin.py:188} INFO - [2026-07-07T02:51:54.178+0000] {dag.py:3096} INFO - Sync 1 DAGs
[2026-07-07T02:51:54.188+0000] {logging_mixin.py:188} INFO - [2026-07-07T02:51:54.188+0000] {dag.py:3954} INFO - Setting next_dagrun for weather_tomorrowio_pipeline to 2026-07-07 02:00:00+00:00, run_after=2026-07-07 03:00:00+00:00
[2026-07-07T02:51:54.199+0000] {processor.py:183} INFO - Processing /opt/airflow/dags/dag_tomorrowio.py took 0.357 seconds
[2026-07-07T02:52:24.820+0000] {processor.py:161} INFO - Started process (PID=21949) to work on /opt/airflow/dags/dag_tomorrowio.py
[2026-07-07T02:52:24.821+0000] {processor.py:830} INFO - Processing file /opt/airflow/dags/dag_tomorrowio.py for tasks to queue
[2026-07-07T02:52:24.822+0000] {logging_mixin.py:188} INFO - [2026-07-07T02:52:24.821+0000] {dagbag.py:545} INFO - Filling up the DagBag from /opt/airflow/dags/dag_tomorrowio.py
[2026-07-07T02:52:25.184+0000] {processor.py:840} INFO - DAG(s) 'weather_tomorrowio_pipeline' retrieved from /opt/airflow/dags/dag_tomorrowio.py
[2026-07-07T02:52:25.218+0000] {logging_mixin.py:188} INFO - [2026-07-07T02:52:25.217+0000] {dag.py:3096} INFO - Sync 1 DAGs
[2026-07-07T02:52:25.236+0000] {logging_mixin.py:188} INFO - [2026-07-07T02:52:25.236+0000] {dag.py:3954} INFO - Setting next_dagrun for weather_tomorrowio_pipeline to 2026-07-07 02:00:00+00:00, run_after=2026-07-07 03:00:00+00:00
[2026-07-07T02:52:25.259+0000] {processor.py:183} INFO - Processing /opt/airflow/dags/dag_tomorrowio.py took 0.445 seconds
[2026-07-07T02:52:55.876+0000] {processor.py:161} INFO - Started process (PID=21986) to work on /opt/airflow/dags/dag_tomorrowio.py
[2026-07-07T02:52:55.880+0000] {processor.py:830} INFO - Processing file /opt/airflow/dags/dag_tomorrowio.py for tasks to queue
[2026-07-07T02:52:55.881+0000] {logging_mixin.py:188} INFO - [2026-07-07T02:52:55.881+0000] {dagbag.py:545} INFO - Filling up the DagBag from /opt/airflow/dags/dag_tomorrowio.py
[2026-07-07T02:52:56.335+0000] {processor.py:840} INFO - DAG(s) 'weather_tomorrowio_pipeline' retrieved from /opt/airflow/dags/dag_tomorrowio.py
[2026-07-07T02:52:56.348+0000] {logging_mixin.py:188} INFO - [2026-07-07T02:52:56.348+0000] {dag.py:3096} INFO - Sync 1 DAGs
[2026-07-07T02:52:56.357+0000] {logging_mixin.py:188} INFO - [2026-07-07T02:52:56.357+0000] {dag.py:3954} INFO - Setting next_dagrun for weather_tomorrowio_pipeline to 2026-07-07 02:00:00+00:00, run_after=2026-07-07 03:00:00+00:00
[2026-07-07T02:52:56.367+0000] {processor.py:183} INFO - Processing /opt/airflow/dags/dag_tomorrowio.py took 0.508 seconds
[2026-07-07T02:53:27.102+0000] {processor.py:161} INFO - Started process (PID=22023) to work on /opt/airflow/dags/dag_tomorrowio.py
[2026-07-07T02:53:27.104+0000] {processor.py:830} INFO - Processing file /opt/airflow/dags/dag_tomorrowio.py for tasks to queue
[2026-07-07T02:53:27.106+0000] {logging_mixin.py:188} INFO - [2026-07-07T02:53:27.106+0000] {dagbag.py:545} INFO - Filling up the DagBag from /opt/airflow/dags/dag_tomorrowio.py
[2026-07-07T02:53:27.543+0000] {processor.py:840} INFO - DAG(s) 'weather_tomorrowio_pipeline' retrieved from /opt/airflow/dags/dag_tomorrowio.py
[2026-07-07T02:53:27.561+0000] {logging_mixin.py:188} INFO - [2026-07-07T02:53:27.561+0000] {dag.py:3096} INFO - Sync 1 DAGs
[2026-07-07T02:53:27.570+0000] {logging_mixin.py:188} INFO - [2026-07-07T02:53:27.570+0000] {dag.py:3954} INFO - Setting next_dagrun for weather_tomorrowio_pipeline to 2026-07-07 02:00:00+00:00, run_after=2026-07-07 03:00:00+00:00
[2026-07-07T02:53:27.579+0000] {processor.py:183} INFO - Processing /opt/airflow/dags/dag_tomorrowio.py took 0.486 seconds
[2026-07-07T02:53:58.234+0000] {processor.py:161} INFO - Started process (PID=22060) to work on /opt/airflow/dags/dag_tomorrowio.py
[2026-07-07T02:53:58.235+0000] {processor.py:830} INFO - Processing file /opt/airflow/dags/dag_tomorrowio.py for tasks to queue
[2026-07-07T02:53:58.238+0000] {logging_mixin.py:188} INFO - [2026-07-07T02:53:58.238+0000] {dagbag.py:545} INFO - Filling up the DagBag from /opt/airflow/dags/dag_tomorrowio.py
[2026-07-07T02:53:58.651+0000] {processor.py:840} INFO - DAG(s) 'weather_tomorrowio_pipeline' retrieved from /opt/airflow/dags/dag_tomorrowio.py
[2026-07-07T02:53:58.665+0000] {logging_mixin.py:188} INFO - [2026-07-07T02:53:58.665+0000] {dag.py:3096} INFO - Sync 1 DAGs
[2026-07-07T02:53:58.674+0000] {logging_mixin.py:188} INFO - [2026-07-07T02:53:58.674+0000] {dag.py:3954} INFO - Setting next_dagrun for weather_tomorrowio_pipeline to 2026-07-07 02:00:00+00:00, run_after=2026-07-07 03:00:00+00:00
[2026-07-07T02:53:58.683+0000] {processor.py:183} INFO - Processing /opt/airflow/dags/dag_tomorrowio.py took 0.456 seconds
[2026-07-07T02:54:29.208+0000] {processor.py:161} INFO - Started process (PID=22097) to work on /opt/airflow/dags/dag_tomorrowio.py
[2026-07-07T02:54:29.210+0000] {processor.py:830} INFO - Processing file /opt/airflow/dags/dag_tomorrowio.py for tasks to queue
[2026-07-07T02:54:29.211+0000] {logging_mixin.py:188} INFO - [2026-07-07T02:54:29.211+0000] {dagbag.py:545} INFO - Filling up the DagBag from /opt/airflow/dags/dag_tomorrowio.py
[2026-07-07T02:54:29.668+0000] {processor.py:840} INFO - DAG(s) 'weather_tomorrowio_pipeline' retrieved from /opt/airflow/dags/dag_tomorrowio.py
[2026-07-07T02:54:29.694+0000] {logging_mixin.py:188} INFO - [2026-07-07T02:54:29.694+0000] {dag.py:3096} INFO - Sync 1 DAGs
[2026-07-07T02:54:29.710+0000] {logging_mixin.py:188} INFO - [2026-07-07T02:54:29.709+0000] {dag.py:3954} INFO - Setting next_dagrun for weather_tomorrowio_pipeline to 2026-07-07 02:00:00+00:00, run_after=2026-07-07 03:00:00+00:00
[2026-07-07T02:54:29.727+0000] {processor.py:183} INFO - Processing /opt/airflow/dags/dag_tomorrowio.py took 0.525 seconds
[2026-07-07T02:55:00.386+0000] {processor.py:161} INFO - Started process (PID=22134) to work on /opt/airflow/dags/dag_tomorrowio.py
[2026-07-07T02:55:00.389+0000] {processor.py:830} INFO - Processing file /opt/airflow/dags/dag_tomorrowio.py for tasks to queue
[2026-07-07T02:55:00.390+0000] {logging_mixin.py:188} INFO - [2026-07-07T02:55:00.390+0000] {dagbag.py:545} INFO - Filling up the DagBag from /opt/airflow/dags/dag_tomorrowio.py
[2026-07-07T02:55:00.766+0000] {processor.py:840} INFO - DAG(s) 'weather_tomorrowio_pipeline' retrieved from /opt/airflow/dags/dag_tomorrowio.py
[2026-07-07T02:55:00.792+0000] {logging_mixin.py:188} INFO - [2026-07-07T02:55:00.792+0000] {dag.py:3096} INFO - Sync 1 DAGs
[2026-07-07T02:55:00.814+0000] {logging_mixin.py:188} INFO - [2026-07-07T02:55:00.814+0000] {dag.py:3954} INFO - Setting next_dagrun for weather_tomorrowio_pipeline to 2026-07-07 02:00:00+00:00, run_after=2026-07-07 03:00:00+00:00
[2026-07-07T02:55:00.826+0000] {processor.py:183} INFO - Processing /opt/airflow/dags/dag_tomorrowio.py took 0.445 seconds
[2026-07-07T02:55:31.689+0000] {processor.py:161} INFO - Started process (PID=22170) to work on /opt/airflow/dags/dag_tomorrowio.py
[2026-07-07T02:55:31.694+0000] {processor.py:830} INFO - Processing file /opt/airflow/dags/dag_tomorrowio.py for tasks to queue
[2026-07-07T02:55:31.696+0000] {logging_mixin.py:188} INFO - [2026-07-07T02:55:31.695+0000] {dagbag.py:545} INFO - Filling up the DagBag from /opt/airflow/dags/dag_tomorrowio.py
[2026-07-07T02:55:32.429+0000] {processor.py:840} INFO - DAG(s) 'weather_tomorrowio_pipeline' retrieved from /opt/airflow/dags/dag_tomorrowio.py
[2026-07-07T02:55:32.447+0000] {logging_mixin.py:188} INFO - [2026-07-07T02:55:32.447+0000] {dag.py:3096} INFO - Sync 1 DAGs
[2026-07-07T02:55:32.461+0000] {logging_mixin.py:188} INFO - [2026-07-07T02:55:32.461+0000] {dag.py:3954} INFO - Setting next_dagrun for weather_tomorrowio_pipeline to 2026-07-07 02:00:00+00:00, run_after=2026-07-07 03:00:00+00:00
[2026-07-07T02:55:32.473+0000] {processor.py:183} INFO - Processing /opt/airflow/dags/dag_tomorrowio.py took 0.807 seconds
[2026-07-07T02:56:03.293+0000] {processor.py:161} INFO - Started process (PID=22208) to work on /opt/airflow/dags/dag_tomorrowio.py
[2026-07-07T02:56:03.295+0000] {processor.py:830} INFO - Processing file /opt/airflow/dags/dag_tomorrowio.py for tasks to queue
[2026-07-07T02:56:03.299+0000] {logging_mixin.py:188} INFO - [2026-07-07T02:56:03.299+0000] {dagbag.py:545} INFO - Filling up the DagBag from /opt/airflow/dags/dag_tomorrowio.py
[2026-07-07T02:56:03.893+0000] {processor.py:840} INFO - DAG(s) 'weather_tomorrowio_pipeline' retrieved from /opt/airflow/dags/dag_tomorrowio.py
[2026-07-07T02:56:03.919+0000] {logging_mixin.py:188} INFO - [2026-07-07T02:56:03.919+0000] {dag.py:3096} INFO - Sync 1 DAGs
[2026-07-07T02:56:03.947+0000] {logging_mixin.py:188} INFO - [2026-07-07T02:56:03.947+0000] {dag.py:3954} INFO - Setting next_dagrun for weather_tomorrowio_pipeline to 2026-07-07 02:00:00+00:00, run_after=2026-07-07 03:00:00+00:00
[2026-07-07T02:56:03.968+0000] {processor.py:183} INFO - Processing /opt/airflow/dags/dag_tomorrowio.py took 0.683 seconds
[2026-07-07T02:56:34.587+0000] {processor.py:161} INFO - Started process (PID=22244) to work on /opt/airflow/dags/dag_tomorrowio.py
[2026-07-07T02:56:34.589+0000] {processor.py:830} INFO - Processing file /opt/airflow/dags/dag_tomorrowio.py for tasks to queue
[2026-07-07T02:56:34.591+0000] {logging_mixin.py:188} INFO - [2026-07-07T02:56:34.591+0000] {dagbag.py:545} INFO - Filling up the DagBag from /opt/airflow/dags/dag_tomorrowio.py
[2026-07-07T02:56:35.017+0000] {processor.py:840} INFO - DAG(s) 'weather_tomorrowio_pipeline' retrieved from /opt/airflow/dags/dag_tomorrowio.py
[2026-07-07T02:56:35.034+0000] {logging_mixin.py:188} INFO - [2026-07-07T02:56:35.034+0000] {dag.py:3096} INFO - Sync 1 DAGs
[2026-07-07T02:56:35.048+0000] {logging_mixin.py:188} INFO - [2026-07-07T02:56:35.048+0000] {dag.py:3954} INFO - Setting next_dagrun for weather_tomorrowio_pipeline to 2026-07-07 02:00:00+00:00, run_after=2026-07-07 03:00:00+00:00
[2026-07-07T02:56:35.072+0000] {processor.py:183} INFO - Processing /opt/airflow/dags/dag_tomorrowio.py took 0.497 seconds
[2026-07-07T02:57:05.634+0000] {processor.py:161} INFO - Started process (PID=22282) to work on /opt/airflow/dags/dag_tomorrowio.py
[2026-07-07T02:57:05.636+0000] {processor.py:830} INFO - Processing file /opt/airflow/dags/dag_tomorrowio.py for tasks to queue
[2026-07-07T02:57:05.636+0000] {logging_mixin.py:188} INFO - [2026-07-07T02:57:05.636+0000] {dagbag.py:545} INFO - Filling up the DagBag from /opt/airflow/dags/dag_tomorrowio.py
[2026-07-07T02:57:06.015+0000] {processor.py:840} INFO - DAG(s) 'weather_tomorrowio_pipeline' retrieved from /opt/airflow/dags/dag_tomorrowio.py
[2026-07-07T02:57:06.037+0000] {logging_mixin.py:188} INFO - [2026-07-07T02:57:06.036+0000] {dag.py:3096} INFO - Sync 1 DAGs
[2026-07-07T02:57:06.047+0000] {logging_mixin.py:188} INFO - [2026-07-07T02:57:06.047+0000] {dag.py:3954} INFO - Setting next_dagrun for weather_tomorrowio_pipeline to 2026-07-07 02:00:00+00:00, run_after=2026-07-07 03:00:00+00:00
[2026-07-07T02:57:06.056+0000] {processor.py:183} INFO - Processing /opt/airflow/dags/dag_tomorrowio.py took 0.426 seconds
[2026-07-07T02:57:36.193+0000] {processor.py:161} INFO - Started process (PID=22316) to work on /opt/airflow/dags/dag_tomorrowio.py
[2026-07-07T02:57:36.195+0000] {processor.py:830} INFO - Processing file /opt/airflow/dags/dag_tomorrowio.py for tasks to queue
[2026-07-07T02:57:36.196+0000] {logging_mixin.py:188} INFO - [2026-07-07T02:57:36.196+0000] {dagbag.py:545} INFO - Filling up the DagBag from /opt/airflow/dags/dag_tomorrowio.py
[2026-07-07T02:57:36.625+0000] {processor.py:840} INFO - DAG(s) 'weather_tomorrowio_pipeline' retrieved from /opt/airflow/dags/dag_tomorrowio.py
[2026-07-07T02:57:36.640+0000] {logging_mixin.py:188} INFO - [2026-07-07T02:57:36.639+0000] {dag.py:3096} INFO - Sync 1 DAGs
[2026-07-07T02:57:36.653+0000] {logging_mixin.py:188} INFO - [2026-07-07T02:57:36.652+0000] {dag.py:3954} INFO - Setting next_dagrun for weather_tomorrowio_pipeline to 2026-07-07 02:00:00+00:00, run_after=2026-07-07 03:00:00+00:00
[2026-07-07T02:57:36.664+0000] {processor.py:183} INFO - Processing /opt/airflow/dags/dag_tomorrowio.py took 0.496 seconds
[2026-07-07T02:58:07.313+0000] {processor.py:161} INFO - Started process (PID=22356) to work on /opt/airflow/dags/dag_tomorrowio.py
[2026-07-07T02:58:07.315+0000] {processor.py:830} INFO - Processing file /opt/airflow/dags/dag_tomorrowio.py for tasks to queue
[2026-07-07T02:58:07.316+0000] {logging_mixin.py:188} INFO - [2026-07-07T02:58:07.315+0000] {dagbag.py:545} INFO - Filling up the DagBag from /opt/airflow/dags/dag_tomorrowio.py
[2026-07-07T02:58:07.703+0000] {processor.py:840} INFO - DAG(s) 'weather_tomorrowio_pipeline' retrieved from /opt/airflow/dags/dag_tomorrowio.py
[2026-07-07T02:58:07.715+0000] {logging_mixin.py:188} INFO - [2026-07-07T02:58:07.715+0000] {dag.py:3096} INFO - Sync 1 DAGs
[2026-07-07T02:58:07.734+0000] {logging_mixin.py:188} INFO - [2026-07-07T02:58:07.733+0000] {dag.py:3954} INFO - Setting next_dagrun for weather_tomorrowio_pipeline to 2026-07-07 02:00:00+00:00, run_after=2026-07-07 03:00:00+00:00
[2026-07-07T02:58:07.747+0000] {processor.py:183} INFO - Processing /opt/airflow/dags/dag_tomorrowio.py took 0.438 seconds
[2026-07-07T02:58:38.521+0000] {processor.py:161} INFO - Started process (PID=22393) to work on /opt/airflow/dags/dag_tomorrowio.py
[2026-07-07T02:58:38.524+0000] {processor.py:830} INFO - Processing file /opt/airflow/dags/dag_tomorrowio.py for tasks to queue
[2026-07-07T02:58:38.525+0000] {logging_mixin.py:188} INFO - [2026-07-07T02:58:38.525+0000] {dagbag.py:545} INFO - Filling up the DagBag from /opt/airflow/dags/dag_tomorrowio.py
[2026-07-07T02:58:38.887+0000] {processor.py:840} INFO - DAG(s) 'weather_tomorrowio_pipeline' retrieved from /opt/airflow/dags/dag_tomorrowio.py
[2026-07-07T02:58:38.901+0000] {logging_mixin.py:188} INFO - [2026-07-07T02:58:38.900+0000] {dag.py:3096} INFO - Sync 1 DAGs
[2026-07-07T02:58:38.910+0000] {logging_mixin.py:188} INFO - [2026-07-07T02:58:38.910+0000] {dag.py:3954} INFO - Setting next_dagrun for weather_tomorrowio_pipeline to 2026-07-07 02:00:00+00:00, run_after=2026-07-07 03:00:00+00:00
[2026-07-07T02:58:38.919+0000] {processor.py:183} INFO - Processing /opt/airflow/dags/dag_tomorrowio.py took 0.402 seconds
[2026-07-07T02:59:09.668+0000] {processor.py:161} INFO - Started process (PID=22430) to work on /opt/airflow/dags/dag_tomorrowio.py
[2026-07-07T02:59:09.670+0000] {processor.py:830} INFO - Processing file /opt/airflow/dags/dag_tomorrowio.py for tasks to queue
[2026-07-07T02:59:09.671+0000] {logging_mixin.py:188} INFO - [2026-07-07T02:59:09.671+0000] {dagbag.py:545} INFO - Filling up the DagBag from /opt/airflow/dags/dag_tomorrowio.py
[2026-07-07T02:59:10.095+0000] {processor.py:840} INFO - DAG(s) 'weather_tomorrowio_pipeline' retrieved from /opt/airflow/dags/dag_tomorrowio.py
[2026-07-07T02:59:10.125+0000] {logging_mixin.py:188} INFO - [2026-07-07T02:59:10.125+0000] {dag.py:3096} INFO - Sync 1 DAGs
[2026-07-07T02:59:10.146+0000] {logging_mixin.py:188} INFO - [2026-07-07T02:59:10.146+0000] {dag.py:3954} INFO - Setting next_dagrun for weather_tomorrowio_pipeline to 2026-07-07 02:00:00+00:00, run_after=2026-07-07 03:00:00+00:00
[2026-07-07T02:59:10.176+0000] {processor.py:183} INFO - Processing /opt/airflow/dags/dag_tomorrowio.py took 0.515 seconds
[2026-07-07T02:59:40.930+0000] {processor.py:161} INFO - Started process (PID=22467) to work on /opt/airflow/dags/dag_tomorrowio.py
[2026-07-07T02:59:40.931+0000] {processor.py:830} INFO - Processing file /opt/airflow/dags/dag_tomorrowio.py for tasks to queue
[2026-07-07T02:59:40.933+0000] {logging_mixin.py:188} INFO - [2026-07-07T02:59:40.933+0000] {dagbag.py:545} INFO - Filling up the DagBag from /opt/airflow/dags/dag_tomorrowio.py
[2026-07-07T02:59:41.362+0000] {processor.py:840} INFO - DAG(s) 'weather_tomorrowio_pipeline' retrieved from /opt/airflow/dags/dag_tomorrowio.py
[2026-07-07T02:59:41.380+0000] {logging_mixin.py:188} INFO - [2026-07-07T02:59:41.379+0000] {dag.py:3096} INFO - Sync 1 DAGs
[2026-07-07T02:59:41.405+0000] {logging_mixin.py:188} INFO - [2026-07-07T02:59:41.405+0000] {dag.py:3954} INFO - Setting next_dagrun for weather_tomorrowio_pipeline to 2026-07-07 02:00:00+00:00, run_after=2026-07-07 03:00:00+00:00
[2026-07-07T02:59:41.428+0000] {processor.py:183} INFO - Processing /opt/airflow/dags/dag_tomorrowio.py took 0.503 seconds
[2026-07-07T03:00:11.838+0000] {processor.py:161} INFO - Started process (PID=22890) to work on /opt/airflow/dags/dag_tomorrowio.py
[2026-07-07T03:00:11.845+0000] {processor.py:830} INFO - Processing file /opt/airflow/dags/dag_tomorrowio.py for tasks to queue
[2026-07-07T03:00:11.848+0000] {logging_mixin.py:188} INFO - [2026-07-07T03:00:11.847+0000] {dagbag.py:545} INFO - Filling up the DagBag from /opt/airflow/dags/dag_tomorrowio.py
[2026-07-07T03:00:13.301+0000] {processor.py:840} INFO - DAG(s) 'weather_tomorrowio_pipeline' retrieved from /opt/airflow/dags/dag_tomorrowio.py
[2026-07-07T03:00:13.318+0000] {logging_mixin.py:188} INFO - [2026-07-07T03:00:13.318+0000] {dag.py:3096} INFO - Sync 1 DAGs
[2026-07-07T03:00:13.330+0000] {logging_mixin.py:188} INFO - [2026-07-07T03:00:13.330+0000] {dag.py:3954} INFO - Setting next_dagrun for weather_tomorrowio_pipeline to 2026-07-07 03:00:00+00:00, run_after=2026-07-07 04:00:00+00:00
[2026-07-07T03:00:13.350+0000] {processor.py:183} INFO - Processing /opt/airflow/dags/dag_tomorrowio.py took 1.551 seconds
[2026-07-07T03:00:44.083+0000] {processor.py:161} INFO - Started process (PID=23119) to work on /opt/airflow/dags/dag_tomorrowio.py
[2026-07-07T03:00:44.086+0000] {processor.py:830} INFO - Processing file /opt/airflow/dags/dag_tomorrowio.py for tasks to queue
[2026-07-07T03:00:44.087+0000] {logging_mixin.py:188} INFO - [2026-07-07T03:00:44.086+0000] {dagbag.py:545} INFO - Filling up the DagBag from /opt/airflow/dags/dag_tomorrowio.py
[2026-07-07T03:00:44.550+0000] {processor.py:840} INFO - DAG(s) 'weather_tomorrowio_pipeline' retrieved from /opt/airflow/dags/dag_tomorrowio.py
[2026-07-07T03:00:44.590+0000] {logging_mixin.py:188} INFO - [2026-07-07T03:00:44.590+0000] {dag.py:3096} INFO - Sync 1 DAGs
[2026-07-07T03:00:44.602+0000] {logging_mixin.py:188} INFO - [2026-07-07T03:00:44.602+0000] {dag.py:3954} INFO - Setting next_dagrun for weather_tomorrowio_pipeline to 2026-07-07 03:00:00+00:00, run_after=2026-07-07 04:00:00+00:00
[2026-07-07T03:00:44.614+0000] {processor.py:183} INFO - Processing /opt/airflow/dags/dag_tomorrowio.py took 0.538 seconds
[2026-07-07T03:01:15.377+0000] {processor.py:161} INFO - Started process (PID=23156) to work on /opt/airflow/dags/dag_tomorrowio.py
[2026-07-07T03:01:15.380+0000] {processor.py:830} INFO - Processing file /opt/airflow/dags/dag_tomorrowio.py for tasks to queue
[2026-07-07T03:01:15.381+0000] {logging_mixin.py:188} INFO - [2026-07-07T03:01:15.380+0000] {dagbag.py:545} INFO - Filling up the DagBag from /opt/airflow/dags/dag_tomorrowio.py
[2026-07-07T03:01:15.930+0000] {processor.py:840} INFO - DAG(s) 'weather_tomorrowio_pipeline' retrieved from /opt/airflow/dags/dag_tomorrowio.py
[2026-07-07T03:01:15.947+0000] {logging_mixin.py:188} INFO - [2026-07-07T03:01:15.946+0000] {dag.py:3096} INFO - Sync 1 DAGs
[2026-07-07T03:01:15.961+0000] {logging_mixin.py:188} INFO - [2026-07-07T03:01:15.961+0000] {dag.py:3954} INFO - Setting next_dagrun for weather_tomorrowio_pipeline to 2026-07-07 03:00:00+00:00, run_after=2026-07-07 04:00:00+00:00
[2026-07-07T03:01:15.978+0000] {processor.py:183} INFO - Processing /opt/airflow/dags/dag_tomorrowio.py took 0.609 seconds
[2026-07-07T03:01:46.660+0000] {processor.py:161} INFO - Started process (PID=23193) to work on /opt/airflow/dags/dag_tomorrowio.py
[2026-07-07T03:01:46.662+0000] {processor.py:830} INFO - Processing file /opt/airflow/dags/dag_tomorrowio.py for tasks to queue
[2026-07-07T03:01:46.664+0000] {logging_mixin.py:188} INFO - [2026-07-07T03:01:46.664+0000] {dagbag.py:545} INFO - Filling up the DagBag from /opt/airflow/dags/dag_tomorrowio.py
[2026-07-07T03:01:47.224+0000] {processor.py:840} INFO - DAG(s) 'weather_tomorrowio_pipeline' retrieved from /opt/airflow/dags/dag_tomorrowio.py
[2026-07-07T03:01:47.254+0000] {logging_mixin.py:188} INFO - [2026-07-07T03:01:47.253+0000] {dag.py:3096} INFO - Sync 1 DAGs
[2026-07-07T03:01:47.272+0000] {logging_mixin.py:188} INFO - [2026-07-07T03:01:47.272+0000] {dag.py:3954} INFO - Setting next_dagrun for weather_tomorrowio_pipeline to 2026-07-07 03:00:00+00:00, run_after=2026-07-07 04:00:00+00:00
[2026-07-07T03:01:47.287+0000] {processor.py:183} INFO - Processing /opt/airflow/dags/dag_tomorrowio.py took 0.645 seconds
[2026-07-07T03:01:48.443+0000] {processor.py:161} INFO - Started process (PID=23212) to work on /opt/airflow/dags/dag_tomorrowio.py
[2026-07-07T03:01:48.443+0000] {processor.py:830} INFO - Processing file /opt/airflow/dags/dag_tomorrowio.py for tasks to queue
[2026-07-07T03:01:48.444+0000] {logging_mixin.py:188} INFO - [2026-07-07T03:01:48.444+0000] {dagbag.py:545} INFO - Filling up the DagBag from /opt/airflow/dags/dag_tomorrowio.py
[2026-07-07T03:01:48.794+0000] {processor.py:840} INFO - DAG(s) 'weather_tomorrowio_pipeline' retrieved from /opt/airflow/dags/dag_tomorrowio.py
[2026-07-07T03:01:48.893+0000] {logging_mixin.py:188} INFO - [2026-07-07T03:01:48.892+0000] {dag.py:3096} INFO - Sync 1 DAGs
[2026-07-07T03:01:48.913+0000] {logging_mixin.py:188} INFO - [2026-07-07T03:01:48.913+0000] {dag.py:3954} INFO - Setting next_dagrun for weather_tomorrowio_pipeline to 2026-07-07 03:00:00+00:00, run_after=2026-07-07 04:00:00+00:00
[2026-07-07T03:01:48.927+0000] {processor.py:183} INFO - Processing /opt/airflow/dags/dag_tomorrowio.py took 0.489 seconds
[2026-07-07T03:02:19.102+0000] {processor.py:161} INFO - Started process (PID=23249) to work on /opt/airflow/dags/dag_tomorrowio.py
[2026-07-07T03:02:19.104+0000] {processor.py:830} INFO - Processing file /opt/airflow/dags/dag_tomorrowio.py for tasks to queue
[2026-07-07T03:02:19.105+0000] {logging_mixin.py:188} INFO - [2026-07-07T03:02:19.105+0000] {dagbag.py:545} INFO - Filling up the DagBag from /opt/airflow/dags/dag_tomorrowio.py
[2026-07-07T03:02:19.321+0000] {processor.py:840} INFO - DAG(s) 'weather_tomorrowio_pipeline' retrieved from /opt/airflow/dags/dag_tomorrowio.py
[2026-07-07T03:02:19.330+0000] {logging_mixin.py:188} INFO - [2026-07-07T03:02:19.329+0000] {dag.py:3096} INFO - Sync 1 DAGs
[2026-07-07T03:02:19.338+0000] {logging_mixin.py:188} INFO - [2026-07-07T03:02:19.337+0000] {dag.py:3954} INFO - Setting next_dagrun for weather_tomorrowio_pipeline to 2026-07-07 03:00:00+00:00, run_after=2026-07-07 04:00:00+00:00
[2026-07-07T03:02:19.345+0000] {processor.py:183} INFO - Processing /opt/airflow/dags/dag_tomorrowio.py took 0.251 seconds
[2026-07-07T03:02:49.770+0000] {processor.py:161} INFO - Started process (PID=23286) to work on /opt/airflow/dags/dag_tomorrowio.py
[2026-07-07T03:02:49.773+0000] {processor.py:830} INFO - Processing file /opt/airflow/dags/dag_tomorrowio.py for tasks to queue
[2026-07-07T03:02:49.774+0000] {logging_mixin.py:188} INFO - [2026-07-07T03:02:49.774+0000] {dagbag.py:545} INFO - Filling up the DagBag from /opt/airflow/dags/dag_tomorrowio.py
[2026-07-07T03:02:49.971+0000] {processor.py:840} INFO - DAG(s) 'weather_tomorrowio_pipeline' retrieved from /opt/airflow/dags/dag_tomorrowio.py
[2026-07-07T03:02:49.979+0000] {logging_mixin.py:188} INFO - [2026-07-07T03:02:49.979+0000] {dag.py:3096} INFO - Sync 1 DAGs
[2026-07-07T03:02:49.985+0000] {logging_mixin.py:188} INFO - [2026-07-07T03:02:49.985+0000] {dag.py:3954} INFO - Setting next_dagrun for weather_tomorrowio_pipeline to 2026-07-07 03:00:00+00:00, run_after=2026-07-07 04:00:00+00:00
[2026-07-07T03:02:49.992+0000] {processor.py:183} INFO - Processing /opt/airflow/dags/dag_tomorrowio.py took 0.229 seconds
[2026-07-07T03:03:20.550+0000] {processor.py:161} INFO - Started process (PID=23323) to work on /opt/airflow/dags/dag_tomorrowio.py
[2026-07-07T03:03:20.551+0000] {processor.py:830} INFO - Processing file /opt/airflow/dags/dag_tomorrowio.py for tasks to queue
[2026-07-07T03:03:20.553+0000] {logging_mixin.py:188} INFO - [2026-07-07T03:03:20.551+0000] {dagbag.py:545} INFO - Filling up the DagBag from /opt/airflow/dags/dag_tomorrowio.py
[2026-07-07T03:03:20.770+0000] {processor.py:840} INFO - DAG(s) 'weather_tomorrowio_pipeline' retrieved from /opt/airflow/dags/dag_tomorrowio.py
[2026-07-07T03:03:20.778+0000] {logging_mixin.py:188} INFO - [2026-07-07T03:03:20.778+0000] {dag.py:3096} INFO - Sync 1 DAGs
[2026-07-07T03:03:20.784+0000] {logging_mixin.py:188} INFO - [2026-07-07T03:03:20.784+0000] {dag.py:3954} INFO - Setting next_dagrun for weather_tomorrowio_pipeline to 2026-07-07 03:00:00+00:00, run_after=2026-07-07 04:00:00+00:00
[2026-07-07T03:03:20.791+0000] {processor.py:183} INFO - Processing /opt/airflow/dags/dag_tomorrowio.py took 0.246 seconds
[2026-07-07T03:03:51.412+0000] {processor.py:161} INFO - Started process (PID=23360) to work on /opt/airflow/dags/dag_tomorrowio.py
[2026-07-07T03:03:51.414+0000] {processor.py:830} INFO - Processing file /opt/airflow/dags/dag_tomorrowio.py for tasks to queue
[2026-07-07T03:03:51.415+0000] {logging_mixin.py:188} INFO - [2026-07-07T03:03:51.414+0000] {dagbag.py:545} INFO - Filling up the DagBag from /opt/airflow/dags/dag_tomorrowio.py
[2026-07-07T03:03:51.613+0000] {processor.py:840} INFO - DAG(s) 'weather_tomorrowio_pipeline' retrieved from /opt/airflow/dags/dag_tomorrowio.py
[2026-07-07T03:03:51.623+0000] {logging_mixin.py:188} INFO - [2026-07-07T03:03:51.623+0000] {dag.py:3096} INFO - Sync 1 DAGs
[2026-07-07T03:03:51.630+0000] {logging_mixin.py:188} INFO - [2026-07-07T03:03:51.630+0000] {dag.py:3954} INFO - Setting next_dagrun for weather_tomorrowio_pipeline to 2026-07-07 03:00:00+00:00, run_after=2026-07-07 04:00:00+00:00
[2026-07-07T03:03:51.637+0000] {processor.py:183} INFO - Processing /opt/airflow/dags/dag_tomorrowio.py took 0.237 seconds
[2026-07-07T03:04:21.994+0000] {processor.py:161} INFO - Started process (PID=23397) to work on /opt/airflow/dags/dag_tomorrowio.py
[2026-07-07T03:04:21.996+0000] {processor.py:830} INFO - Processing file /opt/airflow/dags/dag_tomorrowio.py for tasks to queue
[2026-07-07T03:04:21.997+0000] {logging_mixin.py:188} INFO - [2026-07-07T03:04:21.997+0000] {dagbag.py:545} INFO - Filling up the DagBag from /opt/airflow/dags/dag_tomorrowio.py
[2026-07-07T03:04:22.246+0000] {processor.py:840} INFO - DAG(s) 'weather_tomorrowio_pipeline' retrieved from /opt/airflow/dags/dag_tomorrowio.py
[2026-07-07T03:04:22.255+0000] {logging_mixin.py:188} INFO - [2026-07-07T03:04:22.255+0000] {dag.py:3096} INFO - Sync 1 DAGs
[2026-07-07T03:04:22.262+0000] {logging_mixin.py:188} INFO - [2026-07-07T03:04:22.262+0000] {dag.py:3954} INFO - Setting next_dagrun for weather_tomorrowio_pipeline to 2026-07-07 03:00:00+00:00, run_after=2026-07-07 04:00:00+00:00
[2026-07-07T03:04:22.268+0000] {processor.py:183} INFO - Processing /opt/airflow/dags/dag_tomorrowio.py took 0.283 seconds
[2026-07-07T03:04:52.747+0000] {processor.py:161} INFO - Started process (PID=23434) to work on /opt/airflow/dags/dag_tomorrowio.py
[2026-07-07T03:04:52.748+0000] {processor.py:830} INFO - Processing file /opt/airflow/dags/dag_tomorrowio.py for tasks to queue
[2026-07-07T03:04:52.749+0000] {logging_mixin.py:188} INFO - [2026-07-07T03:04:52.749+0000] {dagbag.py:545} INFO - Filling up the DagBag from /opt/airflow/dags/dag_tomorrowio.py
[2026-07-07T03:04:52.939+0000] {processor.py:840} INFO - DAG(s) 'weather_tomorrowio_pipeline' retrieved from /opt/airflow/dags/dag_tomorrowio.py
[2026-07-07T03:04:52.946+0000] {logging_mixin.py:188} INFO - [2026-07-07T03:04:52.946+0000] {dag.py:3096} INFO - Sync 1 DAGs
[2026-07-07T03:04:52.952+0000] {logging_mixin.py:188} INFO - [2026-07-07T03:04:52.952+0000] {dag.py:3954} INFO - Setting next_dagrun for weather_tomorrowio_pipeline to 2026-07-07 03:00:00+00:00, run_after=2026-07-07 04:00:00+00:00
[2026-07-07T03:04:52.960+0000] {processor.py:183} INFO - Processing /opt/airflow/dags/dag_tomorrowio.py took 0.219 seconds
[2026-07-07T03:05:23.433+0000] {processor.py:161} INFO - Started process (PID=23471) to work on /opt/airflow/dags/dag_tomorrowio.py
[2026-07-07T03:05:23.434+0000] {processor.py:830} INFO - Processing file /opt/airflow/dags/dag_tomorrowio.py for tasks to queue
[2026-07-07T03:05:23.435+0000] {logging_mixin.py:188} INFO - [2026-07-07T03:05:23.435+0000] {dagbag.py:545} INFO - Filling up the DagBag from /opt/airflow/dags/dag_tomorrowio.py
[2026-07-07T03:05:23.671+0000] {processor.py:840} INFO - DAG(s) 'weather_tomorrowio_pipeline' retrieved from /opt/airflow/dags/dag_tomorrowio.py
[2026-07-07T03:05:23.679+0000] {logging_mixin.py:188} INFO - [2026-07-07T03:05:23.679+0000] {dag.py:3096} INFO - Sync 1 DAGs
[2026-07-07T03:05:23.686+0000] {logging_mixin.py:188} INFO - [2026-07-07T03:05:23.686+0000] {dag.py:3954} INFO - Setting next_dagrun for weather_tomorrowio_pipeline to 2026-07-07 03:00:00+00:00, run_after=2026-07-07 04:00:00+00:00
[2026-07-07T03:05:23.695+0000] {processor.py:183} INFO - Processing /opt/airflow/dags/dag_tomorrowio.py took 0.268 seconds
[2026-07-07T03:05:54.438+0000] {processor.py:161} INFO - Started process (PID=23508) to work on /opt/airflow/dags/dag_tomorrowio.py
[2026-07-07T03:05:54.439+0000] {processor.py:830} INFO - Processing file /opt/airflow/dags/dag_tomorrowio.py for tasks to queue
[2026-07-07T03:05:54.440+0000] {logging_mixin.py:188} INFO - [2026-07-07T03:05:54.439+0000] {dagbag.py:545} INFO - Filling up the DagBag from /opt/airflow/dags/dag_tomorrowio.py
[2026-07-07T03:05:54.644+0000] {processor.py:840} INFO - DAG(s) 'weather_tomorrowio_pipeline' retrieved from /opt/airflow/dags/dag_tomorrowio.py
[2026-07-07T03:05:54.652+0000] {logging_mixin.py:188} INFO - [2026-07-07T03:05:54.652+0000] {dag.py:3096} INFO - Sync 1 DAGs
[2026-07-07T03:05:54.658+0000] {logging_mixin.py:188} INFO - [2026-07-07T03:05:54.658+0000] {dag.py:3954} INFO - Setting next_dagrun for weather_tomorrowio_pipeline to 2026-07-07 03:00:00+00:00, run_after=2026-07-07 04:00:00+00:00
[2026-07-07T03:05:54.665+0000] {processor.py:183} INFO - Processing /opt/airflow/dags/dag_tomorrowio.py took 0.236 seconds
[2026-07-07T03:06:25.159+0000] {processor.py:161} INFO - Started process (PID=23545) to work on /opt/airflow/dags/dag_tomorrowio.py
[2026-07-07T03:06:25.160+0000] {processor.py:830} INFO - Processing file /opt/airflow/dags/dag_tomorrowio.py for tasks to queue
[2026-07-07T03:06:25.161+0000] {logging_mixin.py:188} INFO - [2026-07-07T03:06:25.160+0000] {dagbag.py:545} INFO - Filling up the DagBag from /opt/airflow/dags/dag_tomorrowio.py
[2026-07-07T03:06:25.424+0000] {processor.py:840} INFO - DAG(s) 'weather_tomorrowio_pipeline' retrieved from /opt/airflow/dags/dag_tomorrowio.py
[2026-07-07T03:06:25.432+0000] {logging_mixin.py:188} INFO - [2026-07-07T03:06:25.432+0000] {dag.py:3096} INFO - Sync 1 DAGs
[2026-07-07T03:06:25.440+0000] {logging_mixin.py:188} INFO - [2026-07-07T03:06:25.440+0000] {dag.py:3954} INFO - Setting next_dagrun for weather_tomorrowio_pipeline to 2026-07-07 03:00:00+00:00, run_after=2026-07-07 04:00:00+00:00
[2026-07-07T03:06:25.448+0000] {processor.py:183} INFO - Processing /opt/airflow/dags/dag_tomorrowio.py took 0.293 seconds
[2026-07-07T03:06:55.765+0000] {processor.py:161} INFO - Started process (PID=23582) to work on /opt/airflow/dags/dag_tomorrowio.py
[2026-07-07T03:06:55.765+0000] {processor.py:830} INFO - Processing file /opt/airflow/dags/dag_tomorrowio.py for tasks to queue
[2026-07-07T03:06:55.766+0000] {logging_mixin.py:188} INFO - [2026-07-07T03:06:55.766+0000] {dagbag.py:545} INFO - Filling up the DagBag from /opt/airflow/dags/dag_tomorrowio.py
[2026-07-07T03:06:55.993+0000] {processor.py:840} INFO - DAG(s) 'weather_tomorrowio_pipeline' retrieved from /opt/airflow/dags/dag_tomorrowio.py
[2026-07-07T03:06:56.002+0000] {logging_mixin.py:188} INFO - [2026-07-07T03:06:56.001+0000] {dag.py:3096} INFO - Sync 1 DAGs
[2026-07-07T03:06:56.008+0000] {logging_mixin.py:188} INFO - [2026-07-07T03:06:56.008+0000] {dag.py:3954} INFO - Setting next_dagrun for weather_tomorrowio_pipeline to 2026-07-07 03:00:00+00:00, run_after=2026-07-07 04:00:00+00:00
[2026-07-07T03:06:56.016+0000] {processor.py:183} INFO - Processing /opt/airflow/dags/dag_tomorrowio.py took 0.254 seconds
[2026-07-07T03:07:26.288+0000] {processor.py:161} INFO - Started process (PID=23603) to work on /opt/airflow/dags/dag_tomorrowio.py
[2026-07-07T03:07:26.290+0000] {processor.py:830} INFO - Processing file /opt/airflow/dags/dag_tomorrowio.py for tasks to queue
[2026-07-07T03:07:26.290+0000] {logging_mixin.py:188} INFO - [2026-07-07T03:07:26.290+0000] {dagbag.py:545} INFO - Filling up the DagBag from /opt/airflow/dags/dag_tomorrowio.py
[2026-07-07T03:07:26.755+0000] {processor.py:840} INFO - DAG(s) 'weather_tomorrowio_pipeline' retrieved from /opt/airflow/dags/dag_tomorrowio.py
[2026-07-07T03:07:26.784+0000] {logging_mixin.py:188} INFO - [2026-07-07T03:07:26.784+0000] {dag.py:3096} INFO - Sync 1 DAGs
[2026-07-07T03:07:26.807+0000] {logging_mixin.py:188} INFO - [2026-07-07T03:07:26.807+0000] {dag.py:3954} INFO - Setting next_dagrun for weather_tomorrowio_pipeline to 2026-07-07 03:00:00+00:00, run_after=2026-07-07 04:00:00+00:00
[2026-07-07T03:07:26.826+0000] {processor.py:183} INFO - Processing /opt/airflow/dags/dag_tomorrowio.py took 0.545 seconds
[2026-07-07T03:07:57.500+0000] {processor.py:161} INFO - Started process (PID=23640) to work on /opt/airflow/dags/dag_tomorrowio.py
[2026-07-07T03:07:57.501+0000] {processor.py:830} INFO - Processing file /opt/airflow/dags/dag_tomorrowio.py for tasks to queue
[2026-07-07T03:07:57.502+0000] {logging_mixin.py:188} INFO - [2026-07-07T03:07:57.501+0000] {dagbag.py:545} INFO - Filling up the DagBag from /opt/airflow/dags/dag_tomorrowio.py
[2026-07-07T03:07:57.887+0000] {processor.py:840} INFO - DAG(s) 'weather_tomorrowio_pipeline' retrieved from /opt/airflow/dags/dag_tomorrowio.py
[2026-07-07T03:07:57.906+0000] {logging_mixin.py:188} INFO - [2026-07-07T03:07:57.906+0000] {dag.py:3096} INFO - Sync 1 DAGs
[2026-07-07T03:07:57.930+0000] {logging_mixin.py:188} INFO - [2026-07-07T03:07:57.930+0000] {dag.py:3954} INFO - Setting next_dagrun for weather_tomorrowio_pipeline to 2026-07-07 03:00:00+00:00, run_after=2026-07-07 04:00:00+00:00
[2026-07-07T03:07:57.941+0000] {processor.py:183} INFO - Processing /opt/airflow/dags/dag_tomorrowio.py took 0.449 seconds
[2026-07-07T03:08:28.528+0000] {processor.py:161} INFO - Started process (PID=23677) to work on /opt/airflow/dags/dag_tomorrowio.py
[2026-07-07T03:08:28.530+0000] {processor.py:830} INFO - Processing file /opt/airflow/dags/dag_tomorrowio.py for tasks to queue
[2026-07-07T03:08:28.531+0000] {logging_mixin.py:188} INFO - [2026-07-07T03:08:28.530+0000] {dagbag.py:545} INFO - Filling up the DagBag from /opt/airflow/dags/dag_tomorrowio.py
[2026-07-07T03:08:29.102+0000] {processor.py:840} INFO - DAG(s) 'weather_tomorrowio_pipeline' retrieved from /opt/airflow/dags/dag_tomorrowio.py
[2026-07-07T03:08:29.149+0000] {logging_mixin.py:188} INFO - [2026-07-07T03:08:29.148+0000] {dag.py:3096} INFO - Sync 1 DAGs
[2026-07-07T03:08:29.191+0000] {logging_mixin.py:188} INFO - [2026-07-07T03:08:29.191+0000] {dag.py:3954} INFO - Setting next_dagrun for weather_tomorrowio_pipeline to 2026-07-07 03:00:00+00:00, run_after=2026-07-07 04:00:00+00:00
[2026-07-07T03:08:29.217+0000] {processor.py:183} INFO - Processing /opt/airflow/dags/dag_tomorrowio.py took 0.703 seconds
[2026-07-07T03:09:00.004+0000] {processor.py:161} INFO - Started process (PID=23714) to work on /opt/airflow/dags/dag_tomorrowio.py
[2026-07-07T03:09:00.007+0000] {processor.py:830} INFO - Processing file /opt/airflow/dags/dag_tomorrowio.py for tasks to queue
[2026-07-07T03:09:00.010+0000] {logging_mixin.py:188} INFO - [2026-07-07T03:09:00.009+0000] {dagbag.py:545} INFO - Filling up the DagBag from /opt/airflow/dags/dag_tomorrowio.py
[2026-07-07T03:09:00.563+0000] {processor.py:840} INFO - DAG(s) 'weather_tomorrowio_pipeline' retrieved from /opt/airflow/dags/dag_tomorrowio.py
[2026-07-07T03:09:00.609+0000] {logging_mixin.py:188} INFO - [2026-07-07T03:09:00.609+0000] {dag.py:3096} INFO - Sync 1 DAGs
[2026-07-07T03:09:00.638+0000] {logging_mixin.py:188} INFO - [2026-07-07T03:09:00.638+0000] {dag.py:3954} INFO - Setting next_dagrun for weather_tomorrowio_pipeline to 2026-07-07 03:00:00+00:00, run_after=2026-07-07 04:00:00+00:00
[2026-07-07T03:09:00.660+0000] {processor.py:183} INFO - Processing /opt/airflow/dags/dag_tomorrowio.py took 0.676 seconds
[2026-07-07T03:09:31.487+0000] {processor.py:161} INFO - Started process (PID=23751) to work on /opt/airflow/dags/dag_tomorrowio.py
[2026-07-07T03:09:31.489+0000] {processor.py:830} INFO - Processing file /opt/airflow/dags/dag_tomorrowio.py for tasks to queue
[2026-07-07T03:09:31.492+0000] {logging_mixin.py:188} INFO - [2026-07-07T03:09:31.491+0000] {dagbag.py:545} INFO - Filling up the DagBag from /opt/airflow/dags/dag_tomorrowio.py
[2026-07-07T03:09:32.175+0000] {processor.py:840} INFO - DAG(s) 'weather_tomorrowio_pipeline' retrieved from /opt/airflow/dags/dag_tomorrowio.py
[2026-07-07T03:09:32.352+0000] {logging_mixin.py:188} INFO - [2026-07-07T03:09:32.351+0000] {dag.py:3096} INFO - Sync 1 DAGs
[2026-07-07T03:09:32.431+0000] {logging_mixin.py:188} INFO - [2026-07-07T03:09:32.431+0000] {dag.py:3954} INFO - Setting next_dagrun for weather_tomorrowio_pipeline to 2026-07-07 03:00:00+00:00, run_after=2026-07-07 04:00:00+00:00
[2026-07-07T03:09:32.496+0000] {processor.py:183} INFO - Processing /opt/airflow/dags/dag_tomorrowio.py took 1.029 seconds
[2026-07-07T03:10:03.237+0000] {processor.py:161} INFO - Started process (PID=23788) to work on /opt/airflow/dags/dag_tomorrowio.py
[2026-07-07T03:10:03.238+0000] {processor.py:830} INFO - Processing file /opt/airflow/dags/dag_tomorrowio.py for tasks to queue
[2026-07-07T03:10:03.239+0000] {logging_mixin.py:188} INFO - [2026-07-07T03:10:03.238+0000] {dagbag.py:545} INFO - Filling up the DagBag from /opt/airflow/dags/dag_tomorrowio.py
[2026-07-07T03:10:03.635+0000] {processor.py:840} INFO - DAG(s) 'weather_tomorrowio_pipeline' retrieved from /opt/airflow/dags/dag_tomorrowio.py
[2026-07-07T03:10:03.647+0000] {logging_mixin.py:188} INFO - [2026-07-07T03:10:03.646+0000] {dag.py:3096} INFO - Sync 1 DAGs
[2026-07-07T03:10:03.655+0000] {logging_mixin.py:188} INFO - [2026-07-07T03:10:03.655+0000] {dag.py:3954} INFO - Setting next_dagrun for weather_tomorrowio_pipeline to 2026-07-07 03:00:00+00:00, run_after=2026-07-07 04:00:00+00:00
[2026-07-07T03:10:03.663+0000] {processor.py:183} INFO - Processing /opt/airflow/dags/dag_tomorrowio.py took 0.431 seconds
[2026-07-07T03:10:34.492+0000] {processor.py:161} INFO - Started process (PID=23825) to work on /opt/airflow/dags/dag_tomorrowio.py
[2026-07-07T03:10:34.495+0000] {processor.py:830} INFO - Processing file /opt/airflow/dags/dag_tomorrowio.py for tasks to queue
[2026-07-07T03:10:34.498+0000] {logging_mixin.py:188} INFO - [2026-07-07T03:10:34.497+0000] {dagbag.py:545} INFO - Filling up the DagBag from /opt/airflow/dags/dag_tomorrowio.py
[2026-07-07T03:10:34.947+0000] {processor.py:840} INFO - DAG(s) 'weather_tomorrowio_pipeline' retrieved from /opt/airflow/dags/dag_tomorrowio.py
[2026-07-07T03:10:34.997+0000] {logging_mixin.py:188} INFO - [2026-07-07T03:10:34.997+0000] {dag.py:3096} INFO - Sync 1 DAGs
[2026-07-07T03:10:35.025+0000] {logging_mixin.py:188} INFO - [2026-07-07T03:10:35.024+0000] {dag.py:3954} INFO - Setting next_dagrun for weather_tomorrowio_pipeline to 2026-07-07 03:00:00+00:00, run_after=2026-07-07 04:00:00+00:00
[2026-07-07T03:10:35.050+0000] {processor.py:183} INFO - Processing /opt/airflow/dags/dag_tomorrowio.py took 0.580 seconds
[2026-07-07T03:11:05.640+0000] {processor.py:161} INFO - Started process (PID=23862) to work on /opt/airflow/dags/dag_tomorrowio.py
[2026-07-07T03:11:05.641+0000] {processor.py:830} INFO - Processing file /opt/airflow/dags/dag_tomorrowio.py for tasks to queue
[2026-07-07T03:11:05.642+0000] {logging_mixin.py:188} INFO - [2026-07-07T03:11:05.642+0000] {dagbag.py:545} INFO - Filling up the DagBag from /opt/airflow/dags/dag_tomorrowio.py
[2026-07-07T03:11:06.082+0000] {processor.py:840} INFO - DAG(s) 'weather_tomorrowio_pipeline' retrieved from /opt/airflow/dags/dag_tomorrowio.py
[2026-07-07T03:11:06.097+0000] {logging_mixin.py:188} INFO - [2026-07-07T03:11:06.097+0000] {dag.py:3096} INFO - Sync 1 DAGs
[2026-07-07T03:11:06.113+0000] {logging_mixin.py:188} INFO - [2026-07-07T03:11:06.113+0000] {dag.py:3954} INFO - Setting next_dagrun for weather_tomorrowio_pipeline to 2026-07-07 03:00:00+00:00, run_after=2026-07-07 04:00:00+00:00
[2026-07-07T03:11:06.127+0000] {processor.py:183} INFO - Processing /opt/airflow/dags/dag_tomorrowio.py took 0.493 seconds
[2026-07-07T03:11:36.907+0000] {processor.py:161} INFO - Started process (PID=23899) to work on /opt/airflow/dags/dag_tomorrowio.py
[2026-07-07T03:11:36.910+0000] {processor.py:830} INFO - Processing file /opt/airflow/dags/dag_tomorrowio.py for tasks to queue
[2026-07-07T03:11:36.911+0000] {logging_mixin.py:188} INFO - [2026-07-07T03:11:36.910+0000] {dagbag.py:545} INFO - Filling up the DagBag from /opt/airflow/dags/dag_tomorrowio.py
[2026-07-07T03:11:37.668+0000] {processor.py:840} INFO - DAG(s) 'weather_tomorrowio_pipeline' retrieved from /opt/airflow/dags/dag_tomorrowio.py
[2026-07-07T03:11:37.815+0000] {logging_mixin.py:188} INFO - [2026-07-07T03:11:37.814+0000] {dag.py:3096} INFO - Sync 1 DAGs
[2026-07-07T03:11:37.866+0000] {logging_mixin.py:188} INFO - [2026-07-07T03:11:37.865+0000] {dag.py:3954} INFO - Setting next_dagrun for weather_tomorrowio_pipeline to 2026-07-07 03:00:00+00:00, run_after=2026-07-07 04:00:00+00:00
[2026-07-07T03:11:37.897+0000] {processor.py:183} INFO - Processing /opt/airflow/dags/dag_tomorrowio.py took 1.011 seconds
[2026-07-07T03:12:08.514+0000] {processor.py:161} INFO - Started process (PID=23936) to work on /opt/airflow/dags/dag_tomorrowio.py
[2026-07-07T03:12:08.516+0000] {processor.py:830} INFO - Processing file /opt/airflow/dags/dag_tomorrowio.py for tasks to queue
[2026-07-07T03:12:08.517+0000] {logging_mixin.py:188} INFO - [2026-07-07T03:12:08.516+0000] {dagbag.py:545} INFO - Filling up the DagBag from /opt/airflow/dags/dag_tomorrowio.py
[2026-07-07T03:12:09.068+0000] {processor.py:840} INFO - DAG(s) 'weather_tomorrowio_pipeline' retrieved from /opt/airflow/dags/dag_tomorrowio.py
[2026-07-07T03:12:09.106+0000] {logging_mixin.py:188} INFO - [2026-07-07T03:12:09.106+0000] {dag.py:3096} INFO - Sync 1 DAGs
[2026-07-07T03:12:09.131+0000] {logging_mixin.py:188} INFO - [2026-07-07T03:12:09.130+0000] {dag.py:3954} INFO - Setting next_dagrun for weather_tomorrowio_pipeline to 2026-07-07 03:00:00+00:00, run_after=2026-07-07 04:00:00+00:00
[2026-07-07T03:12:09.150+0000] {processor.py:183} INFO - Processing /opt/airflow/dags/dag_tomorrowio.py took 0.645 seconds
[2026-07-07T03:12:39.826+0000] {processor.py:161} INFO - Started process (PID=23973) to work on /opt/airflow/dags/dag_tomorrowio.py
[2026-07-07T03:12:39.827+0000] {processor.py:830} INFO - Processing file /opt/airflow/dags/dag_tomorrowio.py for tasks to queue
[2026-07-07T03:12:39.828+0000] {logging_mixin.py:188} INFO - [2026-07-07T03:12:39.828+0000] {dagbag.py:545} INFO - Filling up the DagBag from /opt/airflow/dags/dag_tomorrowio.py
[2026-07-07T03:12:40.202+0000] {processor.py:840} INFO - DAG(s) 'weather_tomorrowio_pipeline' retrieved from /opt/airflow/dags/dag_tomorrowio.py
[2026-07-07T03:12:40.221+0000] {logging_mixin.py:188} INFO - [2026-07-07T03:12:40.220+0000] {dag.py:3096} INFO - Sync 1 DAGs
[2026-07-07T03:12:40.231+0000] {logging_mixin.py:188} INFO - [2026-07-07T03:12:40.231+0000] {dag.py:3954} INFO - Setting next_dagrun for weather_tomorrowio_pipeline to 2026-07-07 03:00:00+00:00, run_after=2026-07-07 04:00:00+00:00
[2026-07-07T03:12:40.240+0000] {processor.py:183} INFO - Processing /opt/airflow/dags/dag_tomorrowio.py took 0.429 seconds
[2026-07-07T03:13:10.776+0000] {processor.py:161} INFO - Started process (PID=24010) to work on /opt/airflow/dags/dag_tomorrowio.py
[2026-07-07T03:13:10.777+0000] {processor.py:830} INFO - Processing file /opt/airflow/dags/dag_tomorrowio.py for tasks to queue
[2026-07-07T03:13:10.778+0000] {logging_mixin.py:188} INFO - [2026-07-07T03:13:10.777+0000] {dagbag.py:545} INFO - Filling up the DagBag from /opt/airflow/dags/dag_tomorrowio.py
[2026-07-07T03:13:11.058+0000] {processor.py:840} INFO - DAG(s) 'weather_tomorrowio_pipeline' retrieved from /opt/airflow/dags/dag_tomorrowio.py
[2026-07-07T03:13:11.073+0000] {logging_mixin.py:188} INFO - [2026-07-07T03:13:11.073+0000] {dag.py:3096} INFO - Sync 1 DAGs
[2026-07-07T03:13:11.081+0000] {logging_mixin.py:188} INFO - [2026-07-07T03:13:11.081+0000] {dag.py:3954} INFO - Setting next_dagrun for weather_tomorrowio_pipeline to 2026-07-07 03:00:00+00:00, run_after=2026-07-07 04:00:00+00:00
[2026-07-07T03:13:11.089+0000] {processor.py:183} INFO - Processing /opt/airflow/dags/dag_tomorrowio.py took 0.319 seconds
[2026-07-07T03:13:41.745+0000] {processor.py:161} INFO - Started process (PID=24047) to work on /opt/airflow/dags/dag_tomorrowio.py
[2026-07-07T03:13:41.749+0000] {processor.py:830} INFO - Processing file /opt/airflow/dags/dag_tomorrowio.py for tasks to queue
[2026-07-07T03:13:41.753+0000] {logging_mixin.py:188} INFO - [2026-07-07T03:13:41.752+0000] {dagbag.py:545} INFO - Filling up the DagBag from /opt/airflow/dags/dag_tomorrowio.py
[2026-07-07T03:13:42.299+0000] {processor.py:840} INFO - DAG(s) 'weather_tomorrowio_pipeline' retrieved from /opt/airflow/dags/dag_tomorrowio.py
[2026-07-07T03:13:42.324+0000] {logging_mixin.py:188} INFO - [2026-07-07T03:13:42.324+0000] {dag.py:3096} INFO - Sync 1 DAGs
[2026-07-07T03:13:42.334+0000] {logging_mixin.py:188} INFO - [2026-07-07T03:13:42.334+0000] {dag.py:3954} INFO - Setting next_dagrun for weather_tomorrowio_pipeline to 2026-07-07 03:00:00+00:00, run_after=2026-07-07 04:00:00+00:00
[2026-07-07T03:13:42.343+0000] {processor.py:183} INFO - Processing /opt/airflow/dags/dag_tomorrowio.py took 0.628 seconds
[2026-07-07T03:14:13.184+0000] {processor.py:161} INFO - Started process (PID=24084) to work on /opt/airflow/dags/dag_tomorrowio.py
[2026-07-07T03:14:13.185+0000] {processor.py:830} INFO - Processing file /opt/airflow/dags/dag_tomorrowio.py for tasks to queue
[2026-07-07T03:14:13.186+0000] {logging_mixin.py:188} INFO - [2026-07-07T03:14:13.186+0000] {dagbag.py:545} INFO - Filling up the DagBag from /opt/airflow/dags/dag_tomorrowio.py
[2026-07-07T03:14:13.624+0000] {processor.py:840} INFO - DAG(s) 'weather_tomorrowio_pipeline' retrieved from /opt/airflow/dags/dag_tomorrowio.py
[2026-07-07T03:14:13.668+0000] {logging_mixin.py:188} INFO - [2026-07-07T03:14:13.668+0000] {dag.py:3096} INFO - Sync 1 DAGs
[2026-07-07T03:14:13.701+0000] {logging_mixin.py:188} INFO - [2026-07-07T03:14:13.701+0000] {dag.py:3954} INFO - Setting next_dagrun for weather_tomorrowio_pipeline to 2026-07-07 03:00:00+00:00, run_after=2026-07-07 04:00:00+00:00
[2026-07-07T03:14:13.722+0000] {processor.py:183} INFO - Processing /opt/airflow/dags/dag_tomorrowio.py took 0.553 seconds
[2026-07-07T03:14:44.489+0000] {processor.py:161} INFO - Started process (PID=24121) to work on /opt/airflow/dags/dag_tomorrowio.py
[2026-07-07T03:14:44.492+0000] {processor.py:830} INFO - Processing file /opt/airflow/dags/dag_tomorrowio.py for tasks to queue
[2026-07-07T03:14:44.495+0000] {logging_mixin.py:188} INFO - [2026-07-07T03:14:44.494+0000] {dagbag.py:545} INFO - Filling up the DagBag from /opt/airflow/dags/dag_tomorrowio.py
[2026-07-07T03:14:44.926+0000] {processor.py:840} INFO - DAG(s) 'weather_tomorrowio_pipeline' retrieved from /opt/airflow/dags/dag_tomorrowio.py
[2026-07-07T03:14:44.940+0000] {logging_mixin.py:188} INFO - [2026-07-07T03:14:44.940+0000] {dag.py:3096} INFO - Sync 1 DAGs
[2026-07-07T03:14:44.952+0000] {logging_mixin.py:188} INFO - [2026-07-07T03:14:44.952+0000] {dag.py:3954} INFO - Setting next_dagrun for weather_tomorrowio_pipeline to 2026-07-07 03:00:00+00:00, run_after=2026-07-07 04:00:00+00:00
[2026-07-07T03:14:44.961+0000] {processor.py:183} INFO - Processing /opt/airflow/dags/dag_tomorrowio.py took 0.493 seconds
[2026-07-07T03:15:15.652+0000] {processor.py:161} INFO - Started process (PID=24158) to work on /opt/airflow/dags/dag_tomorrowio.py
[2026-07-07T03:15:15.653+0000] {processor.py:830} INFO - Processing file /opt/airflow/dags/dag_tomorrowio.py for tasks to queue
[2026-07-07T03:15:15.655+0000] {logging_mixin.py:188} INFO - [2026-07-07T03:15:15.654+0000] {dagbag.py:545} INFO - Filling up the DagBag from /opt/airflow/dags/dag_tomorrowio.py
[2026-07-07T03:15:16.092+0000] {processor.py:840} INFO - DAG(s) 'weather_tomorrowio_pipeline' retrieved from /opt/airflow/dags/dag_tomorrowio.py
[2026-07-07T03:15:16.107+0000] {logging_mixin.py:188} INFO - [2026-07-07T03:15:16.107+0000] {dag.py:3096} INFO - Sync 1 DAGs
[2026-07-07T03:15:16.119+0000] {logging_mixin.py:188} INFO - [2026-07-07T03:15:16.119+0000] {dag.py:3954} INFO - Setting next_dagrun for weather_tomorrowio_pipeline to 2026-07-07 03:00:00+00:00, run_after=2026-07-07 04:00:00+00:00
[2026-07-07T03:15:16.128+0000] {processor.py:183} INFO - Processing /opt/airflow/dags/dag_tomorrowio.py took 0.485 seconds
[2026-07-07T03:15:46.695+0000] {processor.py:161} INFO - Started process (PID=24195) to work on /opt/airflow/dags/dag_tomorrowio.py
[2026-07-07T03:15:46.698+0000] {processor.py:830} INFO - Processing file /opt/airflow/dags/dag_tomorrowio.py for tasks to queue
[2026-07-07T03:15:46.700+0000] {logging_mixin.py:188} INFO - [2026-07-07T03:15:46.699+0000] {dagbag.py:545} INFO - Filling up the DagBag from /opt/airflow/dags/dag_tomorrowio.py
[2026-07-07T03:15:47.073+0000] {processor.py:840} INFO - DAG(s) 'weather_tomorrowio_pipeline' retrieved from /opt/airflow/dags/dag_tomorrowio.py
[2026-07-07T03:15:47.087+0000] {logging_mixin.py:188} INFO - [2026-07-07T03:15:47.087+0000] {dag.py:3096} INFO - Sync 1 DAGs
[2026-07-07T03:15:47.100+0000] {logging_mixin.py:188} INFO - [2026-07-07T03:15:47.100+0000] {dag.py:3954} INFO - Setting next_dagrun for weather_tomorrowio_pipeline to 2026-07-07 03:00:00+00:00, run_after=2026-07-07 04:00:00+00:00
[2026-07-07T03:15:47.108+0000] {processor.py:183} INFO - Processing /opt/airflow/dags/dag_tomorrowio.py took 0.436 seconds
[2026-07-07T03:16:17.614+0000] {processor.py:161} INFO - Started process (PID=24232) to work on /opt/airflow/dags/dag_tomorrowio.py
[2026-07-07T03:16:17.615+0000] {processor.py:830} INFO - Processing file /opt/airflow/dags/dag_tomorrowio.py for tasks to queue
[2026-07-07T03:16:17.616+0000] {logging_mixin.py:188} INFO - [2026-07-07T03:16:17.616+0000] {dagbag.py:545} INFO - Filling up the DagBag from /opt/airflow/dags/dag_tomorrowio.py
[2026-07-07T03:16:17.874+0000] {processor.py:840} INFO - DAG(s) 'weather_tomorrowio_pipeline' retrieved from /opt/airflow/dags/dag_tomorrowio.py
[2026-07-07T03:16:17.885+0000] {logging_mixin.py:188} INFO - [2026-07-07T03:16:17.885+0000] {dag.py:3096} INFO - Sync 1 DAGs
[2026-07-07T03:16:17.893+0000] {logging_mixin.py:188} INFO - [2026-07-07T03:16:17.892+0000] {dag.py:3954} INFO - Setting next_dagrun for weather_tomorrowio_pipeline to 2026-07-07 03:00:00+00:00, run_after=2026-07-07 04:00:00+00:00
[2026-07-07T03:16:17.899+0000] {processor.py:183} INFO - Processing /opt/airflow/dags/dag_tomorrowio.py took 0.294 seconds
[2026-07-07T03:16:48.431+0000] {processor.py:161} INFO - Started process (PID=24269) to work on /opt/airflow/dags/dag_tomorrowio.py
[2026-07-07T03:16:48.433+0000] {processor.py:830} INFO - Processing file /opt/airflow/dags/dag_tomorrowio.py for tasks to queue
[2026-07-07T03:16:48.434+0000] {logging_mixin.py:188} INFO - [2026-07-07T03:16:48.433+0000] {dagbag.py:545} INFO - Filling up the DagBag from /opt/airflow/dags/dag_tomorrowio.py
[2026-07-07T03:16:48.823+0000] {processor.py:840} INFO - DAG(s) 'weather_tomorrowio_pipeline' retrieved from /opt/airflow/dags/dag_tomorrowio.py
[2026-07-07T03:16:48.838+0000] {logging_mixin.py:188} INFO - [2026-07-07T03:16:48.837+0000] {dag.py:3096} INFO - Sync 1 DAGs
[2026-07-07T03:16:48.847+0000] {logging_mixin.py:188} INFO - [2026-07-07T03:16:48.847+0000] {dag.py:3954} INFO - Setting next_dagrun for weather_tomorrowio_pipeline to 2026-07-07 03:00:00+00:00, run_after=2026-07-07 04:00:00+00:00
[2026-07-07T03:16:48.859+0000] {processor.py:183} INFO - Processing /opt/airflow/dags/dag_tomorrowio.py took 0.448 seconds
[2026-07-07T03:17:19.326+0000] {processor.py:161} INFO - Started process (PID=24306) to work on /opt/airflow/dags/dag_tomorrowio.py
[2026-07-07T03:17:19.327+0000] {processor.py:830} INFO - Processing file /opt/airflow/dags/dag_tomorrowio.py for tasks to queue
[2026-07-07T03:17:19.328+0000] {logging_mixin.py:188} INFO - [2026-07-07T03:17:19.327+0000] {dagbag.py:545} INFO - Filling up the DagBag from /opt/airflow/dags/dag_tomorrowio.py
[2026-07-07T03:17:19.683+0000] {processor.py:840} INFO - DAG(s) 'weather_tomorrowio_pipeline' retrieved from /opt/airflow/dags/dag_tomorrowio.py
[2026-07-07T03:17:19.699+0000] {logging_mixin.py:188} INFO - [2026-07-07T03:17:19.699+0000] {dag.py:3096} INFO - Sync 1 DAGs
[2026-07-07T03:17:19.711+0000] {logging_mixin.py:188} INFO - [2026-07-07T03:17:19.711+0000] {dag.py:3954} INFO - Setting next_dagrun for weather_tomorrowio_pipeline to 2026-07-07 03:00:00+00:00, run_after=2026-07-07 04:00:00+00:00
[2026-07-07T03:17:19.720+0000] {processor.py:183} INFO - Processing /opt/airflow/dags/dag_tomorrowio.py took 0.400 seconds
[2026-07-07T03:17:50.595+0000] {processor.py:161} INFO - Started process (PID=24343) to work on /opt/airflow/dags/dag_tomorrowio.py
[2026-07-07T03:17:50.598+0000] {processor.py:830} INFO - Processing file /opt/airflow/dags/dag_tomorrowio.py for tasks to queue
[2026-07-07T03:17:50.600+0000] {logging_mixin.py:188} INFO - [2026-07-07T03:17:50.600+0000] {dagbag.py:545} INFO - Filling up the DagBag from /opt/airflow/dags/dag_tomorrowio.py
[2026-07-07T03:17:51.274+0000] {processor.py:840} INFO - DAG(s) 'weather_tomorrowio_pipeline' retrieved from /opt/airflow/dags/dag_tomorrowio.py
[2026-07-07T03:17:51.316+0000] {logging_mixin.py:188} INFO - [2026-07-07T03:17:51.315+0000] {dag.py:3096} INFO - Sync 1 DAGs
[2026-07-07T03:17:51.346+0000] {logging_mixin.py:188} INFO - [2026-07-07T03:17:51.345+0000] {dag.py:3954} INFO - Setting next_dagrun for weather_tomorrowio_pipeline to 2026-07-07 03:00:00+00:00, run_after=2026-07-07 04:00:00+00:00
[2026-07-07T03:17:51.360+0000] {processor.py:183} INFO - Processing /opt/airflow/dags/dag_tomorrowio.py took 0.782 seconds
[2026-07-07T03:18:21.881+0000] {processor.py:161} INFO - Started process (PID=24380) to work on /opt/airflow/dags/dag_tomorrowio.py
[2026-07-07T03:18:21.883+0000] {processor.py:830} INFO - Processing file /opt/airflow/dags/dag_tomorrowio.py for tasks to queue
[2026-07-07T03:18:21.884+0000] {logging_mixin.py:188} INFO - [2026-07-07T03:18:21.883+0000] {dagbag.py:545} INFO - Filling up the DagBag from /opt/airflow/dags/dag_tomorrowio.py
[2026-07-07T03:18:22.223+0000] {processor.py:840} INFO - DAG(s) 'weather_tomorrowio_pipeline' retrieved from /opt/airflow/dags/dag_tomorrowio.py
[2026-07-07T03:18:22.256+0000] {logging_mixin.py:188} INFO - [2026-07-07T03:18:22.254+0000] {dag.py:3096} INFO - Sync 1 DAGs
[2026-07-07T03:18:22.284+0000] {logging_mixin.py:188} INFO - [2026-07-07T03:18:22.283+0000] {dag.py:3954} INFO - Setting next_dagrun for weather_tomorrowio_pipeline to 2026-07-07 03:00:00+00:00, run_after=2026-07-07 04:00:00+00:00
[2026-07-07T03:18:22.306+0000] {processor.py:183} INFO - Processing /opt/airflow/dags/dag_tomorrowio.py took 0.435 seconds
[2026-07-07T03:18:53.123+0000] {processor.py:161} INFO - Started process (PID=24417) to work on /opt/airflow/dags/dag_tomorrowio.py
[2026-07-07T03:18:53.128+0000] {processor.py:830} INFO - Processing file /opt/airflow/dags/dag_tomorrowio.py for tasks to queue
[2026-07-07T03:18:53.132+0000] {logging_mixin.py:188} INFO - [2026-07-07T03:18:53.130+0000] {dagbag.py:545} INFO - Filling up the DagBag from /opt/airflow/dags/dag_tomorrowio.py
[2026-07-07T03:18:53.820+0000] {processor.py:840} INFO - DAG(s) 'weather_tomorrowio_pipeline' retrieved from /opt/airflow/dags/dag_tomorrowio.py
[2026-07-07T03:18:53.888+0000] {logging_mixin.py:188} INFO - [2026-07-07T03:18:53.887+0000] {dag.py:3096} INFO - Sync 1 DAGs
[2026-07-07T03:18:53.940+0000] {logging_mixin.py:188} INFO - [2026-07-07T03:18:53.939+0000] {dag.py:3954} INFO - Setting next_dagrun for weather_tomorrowio_pipeline to 2026-07-07 03:00:00+00:00, run_after=2026-07-07 04:00:00+00:00
[2026-07-07T03:18:53.962+0000] {processor.py:183} INFO - Processing /opt/airflow/dags/dag_tomorrowio.py took 0.853 seconds
[2026-07-07T03:19:24.567+0000] {processor.py:161} INFO - Started process (PID=24454) to work on /opt/airflow/dags/dag_tomorrowio.py
[2026-07-07T03:19:24.570+0000] {processor.py:830} INFO - Processing file /opt/airflow/dags/dag_tomorrowio.py for tasks to queue
[2026-07-07T03:19:24.570+0000] {logging_mixin.py:188} INFO - [2026-07-07T03:19:24.570+0000] {dagbag.py:545} INFO - Filling up the DagBag from /opt/airflow/dags/dag_tomorrowio.py
[2026-07-07T03:19:24.925+0000] {processor.py:840} INFO - DAG(s) 'weather_tomorrowio_pipeline' retrieved from /opt/airflow/dags/dag_tomorrowio.py
[2026-07-07T03:19:24.942+0000] {logging_mixin.py:188} INFO - [2026-07-07T03:19:24.942+0000] {dag.py:3096} INFO - Sync 1 DAGs
[2026-07-07T03:19:24.956+0000] {logging_mixin.py:188} INFO - [2026-07-07T03:19:24.956+0000] {dag.py:3954} INFO - Setting next_dagrun for weather_tomorrowio_pipeline to 2026-07-07 03:00:00+00:00, run_after=2026-07-07 04:00:00+00:00
[2026-07-07T03:19:24.972+0000] {processor.py:183} INFO - Processing /opt/airflow/dags/dag_tomorrowio.py took 0.416 seconds
[2026-07-07T03:19:55.720+0000] {processor.py:161} INFO - Started process (PID=24491) to work on /opt/airflow/dags/dag_tomorrowio.py
[2026-07-07T03:19:55.724+0000] {processor.py:830} INFO - Processing file /opt/airflow/dags/dag_tomorrowio.py for tasks to queue
[2026-07-07T03:19:55.727+0000] {logging_mixin.py:188} INFO - [2026-07-07T03:19:55.725+0000] {dagbag.py:545} INFO - Filling up the DagBag from /opt/airflow/dags/dag_tomorrowio.py
[2026-07-07T03:19:56.207+0000] {processor.py:840} INFO - DAG(s) 'weather_tomorrowio_pipeline' retrieved from /opt/airflow/dags/dag_tomorrowio.py
[2026-07-07T03:19:56.229+0000] {logging_mixin.py:188} INFO - [2026-07-07T03:19:56.229+0000] {dag.py:3096} INFO - Sync 1 DAGs
[2026-07-07T03:19:56.246+0000] {logging_mixin.py:188} INFO - [2026-07-07T03:19:56.246+0000] {dag.py:3954} INFO - Setting next_dagrun for weather_tomorrowio_pipeline to 2026-07-07 03:00:00+00:00, run_after=2026-07-07 04:00:00+00:00
[2026-07-07T03:19:56.257+0000] {processor.py:183} INFO - Processing /opt/airflow/dags/dag_tomorrowio.py took 0.561 seconds
[2026-07-07T03:20:26.816+0000] {processor.py:161} INFO - Started process (PID=24528) to work on /opt/airflow/dags/dag_tomorrowio.py
[2026-07-07T03:20:26.818+0000] {processor.py:830} INFO - Processing file /opt/airflow/dags/dag_tomorrowio.py for tasks to queue
[2026-07-07T03:20:26.820+0000] {logging_mixin.py:188} INFO - [2026-07-07T03:20:26.820+0000] {dagbag.py:545} INFO - Filling up the DagBag from /opt/airflow/dags/dag_tomorrowio.py
[2026-07-07T03:20:27.350+0000] {processor.py:840} INFO - DAG(s) 'weather_tomorrowio_pipeline' retrieved from /opt/airflow/dags/dag_tomorrowio.py
[2026-07-07T03:20:27.384+0000] {logging_mixin.py:188} INFO - [2026-07-07T03:20:27.384+0000] {dag.py:3096} INFO - Sync 1 DAGs
[2026-07-07T03:20:27.408+0000] {logging_mixin.py:188} INFO - [2026-07-07T03:20:27.407+0000] {dag.py:3954} INFO - Setting next_dagrun for weather_tomorrowio_pipeline to 2026-07-07 03:00:00+00:00, run_after=2026-07-07 04:00:00+00:00
[2026-07-07T03:20:27.430+0000] {processor.py:183} INFO - Processing /opt/airflow/dags/dag_tomorrowio.py took 0.633 seconds
[2026-07-07T03:20:58.201+0000] {processor.py:161} INFO - Started process (PID=24565) to work on /opt/airflow/dags/dag_tomorrowio.py
[2026-07-07T03:20:58.204+0000] {processor.py:830} INFO - Processing file /opt/airflow/dags/dag_tomorrowio.py for tasks to queue
[2026-07-07T03:20:58.205+0000] {logging_mixin.py:188} INFO - [2026-07-07T03:20:58.204+0000] {dagbag.py:545} INFO - Filling up the DagBag from /opt/airflow/dags/dag_tomorrowio.py
[2026-07-07T03:20:58.564+0000] {processor.py:840} INFO - DAG(s) 'weather_tomorrowio_pipeline' retrieved from /opt/airflow/dags/dag_tomorrowio.py
[2026-07-07T03:20:58.581+0000] {logging_mixin.py:188} INFO - [2026-07-07T03:20:58.580+0000] {dag.py:3096} INFO - Sync 1 DAGs
[2026-07-07T03:20:58.591+0000] {logging_mixin.py:188} INFO - [2026-07-07T03:20:58.591+0000] {dag.py:3954} INFO - Setting next_dagrun for weather_tomorrowio_pipeline to 2026-07-07 03:00:00+00:00, run_after=2026-07-07 04:00:00+00:00
[2026-07-07T03:20:58.600+0000] {processor.py:183} INFO - Processing /opt/airflow/dags/dag_tomorrowio.py took 0.408 seconds
[2026-07-07T03:21:29.170+0000] {processor.py:161} INFO - Started process (PID=24602) to work on /opt/airflow/dags/dag_tomorrowio.py
[2026-07-07T03:21:29.173+0000] {processor.py:830} INFO - Processing file /opt/airflow/dags/dag_tomorrowio.py for tasks to queue
[2026-07-07T03:21:29.175+0000] {logging_mixin.py:188} INFO - [2026-07-07T03:21:29.174+0000] {dagbag.py:545} INFO - Filling up the DagBag from /opt/airflow/dags/dag_tomorrowio.py
[2026-07-07T03:21:29.583+0000] {processor.py:840} INFO - DAG(s) 'weather_tomorrowio_pipeline' retrieved from /opt/airflow/dags/dag_tomorrowio.py
[2026-07-07T03:21:29.599+0000] {logging_mixin.py:188} INFO - [2026-07-07T03:21:29.599+0000] {dag.py:3096} INFO - Sync 1 DAGs
[2026-07-07T03:21:29.608+0000] {logging_mixin.py:188} INFO - [2026-07-07T03:21:29.608+0000] {dag.py:3954} INFO - Setting next_dagrun for weather_tomorrowio_pipeline to 2026-07-07 03:00:00+00:00, run_after=2026-07-07 04:00:00+00:00
[2026-07-07T03:21:29.617+0000] {processor.py:183} INFO - Processing /opt/airflow/dags/dag_tomorrowio.py took 0.466 seconds
[2026-07-07T03:22:00.268+0000] {processor.py:161} INFO - Started process (PID=24639) to work on /opt/airflow/dags/dag_tomorrowio.py
[2026-07-07T03:22:00.271+0000] {processor.py:830} INFO - Processing file /opt/airflow/dags/dag_tomorrowio.py for tasks to queue
[2026-07-07T03:22:00.272+0000] {logging_mixin.py:188} INFO - [2026-07-07T03:22:00.272+0000] {dagbag.py:545} INFO - Filling up the DagBag from /opt/airflow/dags/dag_tomorrowio.py
[2026-07-07T03:22:00.671+0000] {processor.py:840} INFO - DAG(s) 'weather_tomorrowio_pipeline' retrieved from /opt/airflow/dags/dag_tomorrowio.py
[2026-07-07T03:22:00.692+0000] {logging_mixin.py:188} INFO - [2026-07-07T03:22:00.691+0000] {dag.py:3096} INFO - Sync 1 DAGs
[2026-07-07T03:22:00.702+0000] {logging_mixin.py:188} INFO - [2026-07-07T03:22:00.702+0000] {dag.py:3954} INFO - Setting next_dagrun for weather_tomorrowio_pipeline to 2026-07-07 03:00:00+00:00, run_after=2026-07-07 04:00:00+00:00
[2026-07-07T03:22:00.713+0000] {processor.py:183} INFO - Processing /opt/airflow/dags/dag_tomorrowio.py took 0.458 seconds
[2026-07-07T03:22:31.317+0000] {processor.py:161} INFO - Started process (PID=24676) to work on /opt/airflow/dags/dag_tomorrowio.py
[2026-07-07T03:22:31.321+0000] {processor.py:830} INFO - Processing file /opt/airflow/dags/dag_tomorrowio.py for tasks to queue
[2026-07-07T03:22:31.324+0000] {logging_mixin.py:188} INFO - [2026-07-07T03:22:31.322+0000] {dagbag.py:545} INFO - Filling up the DagBag from /opt/airflow/dags/dag_tomorrowio.py
[2026-07-07T03:22:31.898+0000] {processor.py:840} INFO - DAG(s) 'weather_tomorrowio_pipeline' retrieved from /opt/airflow/dags/dag_tomorrowio.py
[2026-07-07T03:22:31.946+0000] {logging_mixin.py:188} INFO - [2026-07-07T03:22:31.945+0000] {dag.py:3096} INFO - Sync 1 DAGs
[2026-07-07T03:22:31.989+0000] {logging_mixin.py:188} INFO - [2026-07-07T03:22:31.989+0000] {dag.py:3954} INFO - Setting next_dagrun for weather_tomorrowio_pipeline to 2026-07-07 03:00:00+00:00, run_after=2026-07-07 04:00:00+00:00
[2026-07-07T03:22:32.018+0000] {processor.py:183} INFO - Processing /opt/airflow/dags/dag_tomorrowio.py took 0.748 seconds
[2026-07-07T03:23:02.894+0000] {processor.py:161} INFO - Started process (PID=24713) to work on /opt/airflow/dags/dag_tomorrowio.py
[2026-07-07T03:23:02.896+0000] {processor.py:830} INFO - Processing file /opt/airflow/dags/dag_tomorrowio.py for tasks to queue
[2026-07-07T03:23:02.898+0000] {logging_mixin.py:188} INFO - [2026-07-07T03:23:02.897+0000] {dagbag.py:545} INFO - Filling up the DagBag from /opt/airflow/dags/dag_tomorrowio.py
[2026-07-07T03:23:03.340+0000] {processor.py:840} INFO - DAG(s) 'weather_tomorrowio_pipeline' retrieved from /opt/airflow/dags/dag_tomorrowio.py
[2026-07-07T03:23:03.389+0000] {logging_mixin.py:188} INFO - [2026-07-07T03:23:03.388+0000] {dag.py:3096} INFO - Sync 1 DAGs
[2026-07-07T03:23:03.408+0000] {logging_mixin.py:188} INFO - [2026-07-07T03:23:03.408+0000] {dag.py:3954} INFO - Setting next_dagrun for weather_tomorrowio_pipeline to 2026-07-07 03:00:00+00:00, run_after=2026-07-07 04:00:00+00:00
[2026-07-07T03:23:03.431+0000] {processor.py:183} INFO - Processing /opt/airflow/dags/dag_tomorrowio.py took 0.564 seconds
[2026-07-07T03:23:34.122+0000] {processor.py:161} INFO - Started process (PID=24750) to work on /opt/airflow/dags/dag_tomorrowio.py
[2026-07-07T03:23:34.127+0000] {processor.py:830} INFO - Processing file /opt/airflow/dags/dag_tomorrowio.py for tasks to queue
[2026-07-07T03:23:34.131+0000] {logging_mixin.py:188} INFO - [2026-07-07T03:23:34.130+0000] {dagbag.py:545} INFO - Filling up the DagBag from /opt/airflow/dags/dag_tomorrowio.py
[2026-07-07T03:23:34.747+0000] {processor.py:840} INFO - DAG(s) 'weather_tomorrowio_pipeline' retrieved from /opt/airflow/dags/dag_tomorrowio.py
[2026-07-07T03:23:34.777+0000] {logging_mixin.py:188} INFO - [2026-07-07T03:23:34.777+0000] {dag.py:3096} INFO - Sync 1 DAGs
[2026-07-07T03:23:34.794+0000] {logging_mixin.py:188} INFO - [2026-07-07T03:23:34.794+0000] {dag.py:3954} INFO - Setting next_dagrun for weather_tomorrowio_pipeline to 2026-07-07 03:00:00+00:00, run_after=2026-07-07 04:00:00+00:00
[2026-07-07T03:23:34.812+0000] {processor.py:183} INFO - Processing /opt/airflow/dags/dag_tomorrowio.py took 0.719 seconds
[2026-07-07T03:24:05.407+0000] {processor.py:161} INFO - Started process (PID=24787) to work on /opt/airflow/dags/dag_tomorrowio.py
[2026-07-07T03:24:05.410+0000] {processor.py:830} INFO - Processing file /opt/airflow/dags/dag_tomorrowio.py for tasks to queue
[2026-07-07T03:24:05.412+0000] {logging_mixin.py:188} INFO - [2026-07-07T03:24:05.411+0000] {dagbag.py:545} INFO - Filling up the DagBag from /opt/airflow/dags/dag_tomorrowio.py
[2026-07-07T03:24:05.809+0000] {processor.py:840} INFO - DAG(s) 'weather_tomorrowio_pipeline' retrieved from /opt/airflow/dags/dag_tomorrowio.py
[2026-07-07T03:24:05.826+0000] {logging_mixin.py:188} INFO - [2026-07-07T03:24:05.826+0000] {dag.py:3096} INFO - Sync 1 DAGs
[2026-07-07T03:24:05.839+0000] {logging_mixin.py:188} INFO - [2026-07-07T03:24:05.839+0000] {dag.py:3954} INFO - Setting next_dagrun for weather_tomorrowio_pipeline to 2026-07-07 03:00:00+00:00, run_after=2026-07-07 04:00:00+00:00
[2026-07-07T03:24:05.848+0000] {processor.py:183} INFO - Processing /opt/airflow/dags/dag_tomorrowio.py took 0.448 seconds
[2026-07-07T03:24:36.445+0000] {processor.py:161} INFO - Started process (PID=24824) to work on /opt/airflow/dags/dag_tomorrowio.py
[2026-07-07T03:24:36.449+0000] {processor.py:830} INFO - Processing file /opt/airflow/dags/dag_tomorrowio.py for tasks to queue
[2026-07-07T03:24:36.450+0000] {logging_mixin.py:188} INFO - [2026-07-07T03:24:36.450+0000] {dagbag.py:545} INFO - Filling up the DagBag from /opt/airflow/dags/dag_tomorrowio.py
[2026-07-07T03:24:36.902+0000] {processor.py:840} INFO - DAG(s) 'weather_tomorrowio_pipeline' retrieved from /opt/airflow/dags/dag_tomorrowio.py
[2026-07-07T03:24:36.924+0000] {logging_mixin.py:188} INFO - [2026-07-07T03:24:36.924+0000] {dag.py:3096} INFO - Sync 1 DAGs
[2026-07-07T03:24:36.933+0000] {logging_mixin.py:188} INFO - [2026-07-07T03:24:36.933+0000] {dag.py:3954} INFO - Setting next_dagrun for weather_tomorrowio_pipeline to 2026-07-07 03:00:00+00:00, run_after=2026-07-07 04:00:00+00:00
[2026-07-07T03:24:36.945+0000] {processor.py:183} INFO - Processing /opt/airflow/dags/dag_tomorrowio.py took 0.517 seconds
[2026-07-07T03:25:07.532+0000] {processor.py:161} INFO - Started process (PID=24861) to work on /opt/airflow/dags/dag_tomorrowio.py
[2026-07-07T03:25:07.534+0000] {processor.py:830} INFO - Processing file /opt/airflow/dags/dag_tomorrowio.py for tasks to queue
[2026-07-07T03:25:07.535+0000] {logging_mixin.py:188} INFO - [2026-07-07T03:25:07.534+0000] {dagbag.py:545} INFO - Filling up the DagBag from /opt/airflow/dags/dag_tomorrowio.py
[2026-07-07T03:25:07.950+0000] {processor.py:840} INFO - DAG(s) 'weather_tomorrowio_pipeline' retrieved from /opt/airflow/dags/dag_tomorrowio.py
[2026-07-07T03:25:07.969+0000] {logging_mixin.py:188} INFO - [2026-07-07T03:25:07.969+0000] {dag.py:3096} INFO - Sync 1 DAGs
[2026-07-07T03:25:07.978+0000] {logging_mixin.py:188} INFO - [2026-07-07T03:25:07.978+0000] {dag.py:3954} INFO - Setting next_dagrun for weather_tomorrowio_pipeline to 2026-07-07 03:00:00+00:00, run_after=2026-07-07 04:00:00+00:00
[2026-07-07T03:25:07.986+0000] {processor.py:183} INFO - Processing /opt/airflow/dags/dag_tomorrowio.py took 0.463 seconds
[2026-07-07T03:25:38.650+0000] {processor.py:161} INFO - Started process (PID=24898) to work on /opt/airflow/dags/dag_tomorrowio.py
[2026-07-07T03:25:38.652+0000] {processor.py:830} INFO - Processing file /opt/airflow/dags/dag_tomorrowio.py for tasks to queue
[2026-07-07T03:25:38.653+0000] {logging_mixin.py:188} INFO - [2026-07-07T03:25:38.652+0000] {dagbag.py:545} INFO - Filling up the DagBag from /opt/airflow/dags/dag_tomorrowio.py
[2026-07-07T03:25:39.100+0000] {processor.py:840} INFO - DAG(s) 'weather_tomorrowio_pipeline' retrieved from /opt/airflow/dags/dag_tomorrowio.py
[2026-07-07T03:25:39.120+0000] {logging_mixin.py:188} INFO - [2026-07-07T03:25:39.119+0000] {dag.py:3096} INFO - Sync 1 DAGs
[2026-07-07T03:25:39.139+0000] {logging_mixin.py:188} INFO - [2026-07-07T03:25:39.139+0000] {dag.py:3954} INFO - Setting next_dagrun for weather_tomorrowio_pipeline to 2026-07-07 03:00:00+00:00, run_after=2026-07-07 04:00:00+00:00
[2026-07-07T03:25:39.155+0000] {processor.py:183} INFO - Processing /opt/airflow/dags/dag_tomorrowio.py took 0.520 seconds
[2026-07-07T03:26:09.886+0000] {processor.py:161} INFO - Started process (PID=24935) to work on /opt/airflow/dags/dag_tomorrowio.py
[2026-07-07T03:26:09.888+0000] {processor.py:830} INFO - Processing file /opt/airflow/dags/dag_tomorrowio.py for tasks to queue
[2026-07-07T03:26:09.889+0000] {logging_mixin.py:188} INFO - [2026-07-07T03:26:09.888+0000] {dagbag.py:545} INFO - Filling up the DagBag from /opt/airflow/dags/dag_tomorrowio.py
[2026-07-07T03:26:10.261+0000] {processor.py:840} INFO - DAG(s) 'weather_tomorrowio_pipeline' retrieved from /opt/airflow/dags/dag_tomorrowio.py
[2026-07-07T03:26:10.282+0000] {logging_mixin.py:188} INFO - [2026-07-07T03:26:10.282+0000] {dag.py:3096} INFO - Sync 1 DAGs
[2026-07-07T03:26:10.296+0000] {logging_mixin.py:188} INFO - [2026-07-07T03:26:10.296+0000] {dag.py:3954} INFO - Setting next_dagrun for weather_tomorrowio_pipeline to 2026-07-07 03:00:00+00:00, run_after=2026-07-07 04:00:00+00:00
[2026-07-07T03:26:10.305+0000] {processor.py:183} INFO - Processing /opt/airflow/dags/dag_tomorrowio.py took 0.439 seconds
[2026-07-07T03:26:40.933+0000] {processor.py:161} INFO - Started process (PID=24972) to work on /opt/airflow/dags/dag_tomorrowio.py
[2026-07-07T03:26:40.936+0000] {processor.py:830} INFO - Processing file /opt/airflow/dags/dag_tomorrowio.py for tasks to queue
[2026-07-07T03:26:40.938+0000] {logging_mixin.py:188} INFO - [2026-07-07T03:26:40.937+0000] {dagbag.py:545} INFO - Filling up the DagBag from /opt/airflow/dags/dag_tomorrowio.py
[2026-07-07T03:26:41.359+0000] {processor.py:840} INFO - DAG(s) 'weather_tomorrowio_pipeline' retrieved from /opt/airflow/dags/dag_tomorrowio.py
[2026-07-07T03:26:41.376+0000] {logging_mixin.py:188} INFO - [2026-07-07T03:26:41.375+0000] {dag.py:3096} INFO - Sync 1 DAGs
[2026-07-07T03:26:41.387+0000] {logging_mixin.py:188} INFO - [2026-07-07T03:26:41.387+0000] {dag.py:3954} INFO - Setting next_dagrun for weather_tomorrowio_pipeline to 2026-07-07 03:00:00+00:00, run_after=2026-07-07 04:00:00+00:00
[2026-07-07T03:26:41.395+0000] {processor.py:183} INFO - Processing /opt/airflow/dags/dag_tomorrowio.py took 0.472 seconds
[2026-07-07T03:27:11.916+0000] {processor.py:161} INFO - Started process (PID=25009) to work on /opt/airflow/dags/dag_tomorrowio.py
[2026-07-07T03:27:11.918+0000] {processor.py:830} INFO - Processing file /opt/airflow/dags/dag_tomorrowio.py for tasks to queue
[2026-07-07T03:27:11.920+0000] {logging_mixin.py:188} INFO - [2026-07-07T03:27:11.919+0000] {dagbag.py:545} INFO - Filling up the DagBag from /opt/airflow/dags/dag_tomorrowio.py
[2026-07-07T03:27:12.386+0000] {processor.py:840} INFO - DAG(s) 'weather_tomorrowio_pipeline' retrieved from /opt/airflow/dags/dag_tomorrowio.py
[2026-07-07T03:27:12.405+0000] {logging_mixin.py:188} INFO - [2026-07-07T03:27:12.405+0000] {dag.py:3096} INFO - Sync 1 DAGs
[2026-07-07T03:27:12.414+0000] {logging_mixin.py:188} INFO - [2026-07-07T03:27:12.414+0000] {dag.py:3954} INFO - Setting next_dagrun for weather_tomorrowio_pipeline to 2026-07-07 03:00:00+00:00, run_after=2026-07-07 04:00:00+00:00
[2026-07-07T03:27:12.422+0000] {processor.py:183} INFO - Processing /opt/airflow/dags/dag_tomorrowio.py took 0.522 seconds
[2026-07-07T03:27:43.011+0000] {processor.py:161} INFO - Started process (PID=25046) to work on /opt/airflow/dags/dag_tomorrowio.py
[2026-07-07T03:27:43.012+0000] {processor.py:830} INFO - Processing file /opt/airflow/dags/dag_tomorrowio.py for tasks to queue
[2026-07-07T03:27:43.013+0000] {logging_mixin.py:188} INFO - [2026-07-07T03:27:43.012+0000] {dagbag.py:545} INFO - Filling up the DagBag from /opt/airflow/dags/dag_tomorrowio.py
[2026-07-07T03:27:43.388+0000] {processor.py:840} INFO - DAG(s) 'weather_tomorrowio_pipeline' retrieved from /opt/airflow/dags/dag_tomorrowio.py
[2026-07-07T03:27:43.404+0000] {logging_mixin.py:188} INFO - [2026-07-07T03:27:43.403+0000] {dag.py:3096} INFO - Sync 1 DAGs
[2026-07-07T03:27:43.414+0000] {logging_mixin.py:188} INFO - [2026-07-07T03:27:43.414+0000] {dag.py:3954} INFO - Setting next_dagrun for weather_tomorrowio_pipeline to 2026-07-07 03:00:00+00:00, run_after=2026-07-07 04:00:00+00:00
[2026-07-07T03:27:43.422+0000] {processor.py:183} INFO - Processing /opt/airflow/dags/dag_tomorrowio.py took 0.421 seconds
[2026-07-07T03:28:13.952+0000] {processor.py:161} INFO - Started process (PID=25083) to work on /opt/airflow/dags/dag_tomorrowio.py
[2026-07-07T03:28:13.954+0000] {processor.py:830} INFO - Processing file /opt/airflow/dags/dag_tomorrowio.py for tasks to queue
[2026-07-07T03:28:13.955+0000] {logging_mixin.py:188} INFO - [2026-07-07T03:28:13.954+0000] {dagbag.py:545} INFO - Filling up the DagBag from /opt/airflow/dags/dag_tomorrowio.py
[2026-07-07T03:28:14.332+0000] {processor.py:840} INFO - DAG(s) 'weather_tomorrowio_pipeline' retrieved from /opt/airflow/dags/dag_tomorrowio.py
[2026-07-07T03:28:14.345+0000] {logging_mixin.py:188} INFO - [2026-07-07T03:28:14.345+0000] {dag.py:3096} INFO - Sync 1 DAGs
[2026-07-07T03:28:14.356+0000] {logging_mixin.py:188} INFO - [2026-07-07T03:28:14.356+0000] {dag.py:3954} INFO - Setting next_dagrun for weather_tomorrowio_pipeline to 2026-07-07 03:00:00+00:00, run_after=2026-07-07 04:00:00+00:00
[2026-07-07T03:28:14.365+0000] {processor.py:183} INFO - Processing /opt/airflow/dags/dag_tomorrowio.py took 0.422 seconds
[2026-07-07T03:28:44.925+0000] {processor.py:161} INFO - Started process (PID=25120) to work on /opt/airflow/dags/dag_tomorrowio.py
[2026-07-07T03:28:44.927+0000] {processor.py:830} INFO - Processing file /opt/airflow/dags/dag_tomorrowio.py for tasks to queue
[2026-07-07T03:28:44.929+0000] {logging_mixin.py:188} INFO - [2026-07-07T03:28:44.928+0000] {dagbag.py:545} INFO - Filling up the DagBag from /opt/airflow/dags/dag_tomorrowio.py
[2026-07-07T03:28:45.349+0000] {processor.py:840} INFO - DAG(s) 'weather_tomorrowio_pipeline' retrieved from /opt/airflow/dags/dag_tomorrowio.py
[2026-07-07T03:28:45.368+0000] {logging_mixin.py:188} INFO - [2026-07-07T03:28:45.368+0000] {dag.py:3096} INFO - Sync 1 DAGs
[2026-07-07T03:28:45.389+0000] {logging_mixin.py:188} INFO - [2026-07-07T03:28:45.388+0000] {dag.py:3954} INFO - Setting next_dagrun for weather_tomorrowio_pipeline to 2026-07-07 03:00:00+00:00, run_after=2026-07-07 04:00:00+00:00
[2026-07-07T03:28:45.405+0000] {processor.py:183} INFO - Processing /opt/airflow/dags/dag_tomorrowio.py took 0.502 seconds
[2026-07-07T03:29:15.917+0000] {processor.py:161} INFO - Started process (PID=25157) to work on /opt/airflow/dags/dag_tomorrowio.py
[2026-07-07T03:29:15.918+0000] {processor.py:830} INFO - Processing file /opt/airflow/dags/dag_tomorrowio.py for tasks to queue
[2026-07-07T03:29:15.919+0000] {logging_mixin.py:188} INFO - [2026-07-07T03:29:15.919+0000] {dagbag.py:545} INFO - Filling up the DagBag from /opt/airflow/dags/dag_tomorrowio.py
[2026-07-07T03:29:16.295+0000] {processor.py:840} INFO - DAG(s) 'weather_tomorrowio_pipeline' retrieved from /opt/airflow/dags/dag_tomorrowio.py
[2026-07-07T03:29:16.308+0000] {logging_mixin.py:188} INFO - [2026-07-07T03:29:16.308+0000] {dag.py:3096} INFO - Sync 1 DAGs
[2026-07-07T03:29:16.317+0000] {logging_mixin.py:188} INFO - [2026-07-07T03:29:16.317+0000] {dag.py:3954} INFO - Setting next_dagrun for weather_tomorrowio_pipeline to 2026-07-07 03:00:00+00:00, run_after=2026-07-07 04:00:00+00:00
[2026-07-07T03:29:16.326+0000] {processor.py:183} INFO - Processing /opt/airflow/dags/dag_tomorrowio.py took 0.419 seconds
[2026-07-07T03:29:46.901+0000] {processor.py:161} INFO - Started process (PID=25194) to work on /opt/airflow/dags/dag_tomorrowio.py
[2026-07-07T03:29:46.902+0000] {processor.py:830} INFO - Processing file /opt/airflow/dags/dag_tomorrowio.py for tasks to queue
[2026-07-07T03:29:46.904+0000] {logging_mixin.py:188} INFO - [2026-07-07T03:29:46.903+0000] {dagbag.py:545} INFO - Filling up the DagBag from /opt/airflow/dags/dag_tomorrowio.py
[2026-07-07T03:29:47.312+0000] {processor.py:840} INFO - DAG(s) 'weather_tomorrowio_pipeline' retrieved from /opt/airflow/dags/dag_tomorrowio.py
[2026-07-07T03:29:47.326+0000] {logging_mixin.py:188} INFO - [2026-07-07T03:29:47.325+0000] {dag.py:3096} INFO - Sync 1 DAGs
[2026-07-07T03:29:47.334+0000] {logging_mixin.py:188} INFO - [2026-07-07T03:29:47.334+0000] {dag.py:3954} INFO - Setting next_dagrun for weather_tomorrowio_pipeline to 2026-07-07 03:00:00+00:00, run_after=2026-07-07 04:00:00+00:00
[2026-07-07T03:29:47.343+0000] {processor.py:183} INFO - Processing /opt/airflow/dags/dag_tomorrowio.py took 0.451 seconds
[2026-07-07T03:30:17.916+0000] {processor.py:161} INFO - Started process (PID=25231) to work on /opt/airflow/dags/dag_tomorrowio.py
[2026-07-07T03:30:17.917+0000] {processor.py:830} INFO - Processing file /opt/airflow/dags/dag_tomorrowio.py for tasks to queue
[2026-07-07T03:30:17.919+0000] {logging_mixin.py:188} INFO - [2026-07-07T03:30:17.919+0000] {dagbag.py:545} INFO - Filling up the DagBag from /opt/airflow/dags/dag_tomorrowio.py
[2026-07-07T03:30:18.231+0000] {processor.py:840} INFO - DAG(s) 'weather_tomorrowio_pipeline' retrieved from /opt/airflow/dags/dag_tomorrowio.py
[2026-07-07T03:30:18.243+0000] {logging_mixin.py:188} INFO - [2026-07-07T03:30:18.243+0000] {dag.py:3096} INFO - Sync 1 DAGs
[2026-07-07T03:30:18.253+0000] {logging_mixin.py:188} INFO - [2026-07-07T03:30:18.253+0000] {dag.py:3954} INFO - Setting next_dagrun for weather_tomorrowio_pipeline to 2026-07-07 03:00:00+00:00, run_after=2026-07-07 04:00:00+00:00
[2026-07-07T03:30:18.262+0000] {processor.py:183} INFO - Processing /opt/airflow/dags/dag_tomorrowio.py took 0.352 seconds
[2026-07-07T03:30:48.753+0000] {processor.py:161} INFO - Started process (PID=25268) to work on /opt/airflow/dags/dag_tomorrowio.py
[2026-07-07T03:30:48.754+0000] {processor.py:830} INFO - Processing file /opt/airflow/dags/dag_tomorrowio.py for tasks to queue
[2026-07-07T03:30:48.755+0000] {logging_mixin.py:188} INFO - [2026-07-07T03:30:48.754+0000] {dagbag.py:545} INFO - Filling up the DagBag from /opt/airflow/dags/dag_tomorrowio.py
[2026-07-07T03:30:49.148+0000] {processor.py:840} INFO - DAG(s) 'weather_tomorrowio_pipeline' retrieved from /opt/airflow/dags/dag_tomorrowio.py
[2026-07-07T03:30:49.160+0000] {logging_mixin.py:188} INFO - [2026-07-07T03:30:49.160+0000] {dag.py:3096} INFO - Sync 1 DAGs
[2026-07-07T03:30:49.170+0000] {logging_mixin.py:188} INFO - [2026-07-07T03:30:49.170+0000] {dag.py:3954} INFO - Setting next_dagrun for weather_tomorrowio_pipeline to 2026-07-07 03:00:00+00:00, run_after=2026-07-07 04:00:00+00:00
[2026-07-07T03:30:49.183+0000] {processor.py:183} INFO - Processing /opt/airflow/dags/dag_tomorrowio.py took 0.440 seconds
[2026-07-07T03:31:19.719+0000] {processor.py:161} INFO - Started process (PID=25305) to work on /opt/airflow/dags/dag_tomorrowio.py
[2026-07-07T03:31:19.720+0000] {processor.py:830} INFO - Processing file /opt/airflow/dags/dag_tomorrowio.py for tasks to queue
[2026-07-07T03:31:19.721+0000] {logging_mixin.py:188} INFO - [2026-07-07T03:31:19.720+0000] {dagbag.py:545} INFO - Filling up the DagBag from /opt/airflow/dags/dag_tomorrowio.py
[2026-07-07T03:31:19.956+0000] {processor.py:840} INFO - DAG(s) 'weather_tomorrowio_pipeline' retrieved from /opt/airflow/dags/dag_tomorrowio.py
[2026-07-07T03:31:19.969+0000] {logging_mixin.py:188} INFO - [2026-07-07T03:31:19.968+0000] {dag.py:3096} INFO - Sync 1 DAGs
[2026-07-07T03:31:19.977+0000] {logging_mixin.py:188} INFO - [2026-07-07T03:31:19.977+0000] {dag.py:3954} INFO - Setting next_dagrun for weather_tomorrowio_pipeline to 2026-07-07 03:00:00+00:00, run_after=2026-07-07 04:00:00+00:00
[2026-07-07T03:31:19.985+0000] {processor.py:183} INFO - Processing /opt/airflow/dags/dag_tomorrowio.py took 0.275 seconds
[2026-07-07T03:31:50.544+0000] {processor.py:161} INFO - Started process (PID=25342) to work on /opt/airflow/dags/dag_tomorrowio.py
[2026-07-07T03:31:50.545+0000] {processor.py:830} INFO - Processing file /opt/airflow/dags/dag_tomorrowio.py for tasks to queue
[2026-07-07T03:31:50.547+0000] {logging_mixin.py:188} INFO - [2026-07-07T03:31:50.547+0000] {dagbag.py:545} INFO - Filling up the DagBag from /opt/airflow/dags/dag_tomorrowio.py
[2026-07-07T03:31:50.940+0000] {processor.py:840} INFO - DAG(s) 'weather_tomorrowio_pipeline' retrieved from /opt/airflow/dags/dag_tomorrowio.py
[2026-07-07T03:31:50.957+0000] {logging_mixin.py:188} INFO - [2026-07-07T03:31:50.957+0000] {dag.py:3096} INFO - Sync 1 DAGs
[2026-07-07T03:31:50.967+0000] {logging_mixin.py:188} INFO - [2026-07-07T03:31:50.967+0000] {dag.py:3954} INFO - Setting next_dagrun for weather_tomorrowio_pipeline to 2026-07-07 03:00:00+00:00, run_after=2026-07-07 04:00:00+00:00
[2026-07-07T03:31:50.980+0000] {processor.py:183} INFO - Processing /opt/airflow/dags/dag_tomorrowio.py took 0.455 seconds
[2026-07-07T03:32:21.544+0000] {processor.py:161} INFO - Started process (PID=25379) to work on /opt/airflow/dags/dag_tomorrowio.py
[2026-07-07T03:32:21.550+0000] {processor.py:830} INFO - Processing file /opt/airflow/dags/dag_tomorrowio.py for tasks to queue
[2026-07-07T03:32:21.552+0000] {logging_mixin.py:188} INFO - [2026-07-07T03:32:21.551+0000] {dagbag.py:545} INFO - Filling up the DagBag from /opt/airflow/dags/dag_tomorrowio.py
[2026-07-07T03:32:22.076+0000] {processor.py:840} INFO - DAG(s) 'weather_tomorrowio_pipeline' retrieved from /opt/airflow/dags/dag_tomorrowio.py
[2026-07-07T03:32:22.104+0000] {logging_mixin.py:188} INFO - [2026-07-07T03:32:22.103+0000] {dag.py:3096} INFO - Sync 1 DAGs
[2026-07-07T03:32:22.128+0000] {logging_mixin.py:188} INFO - [2026-07-07T03:32:22.128+0000] {dag.py:3954} INFO - Setting next_dagrun for weather_tomorrowio_pipeline to 2026-07-07 03:00:00+00:00, run_after=2026-07-07 04:00:00+00:00
[2026-07-07T03:32:22.152+0000] {processor.py:183} INFO - Processing /opt/airflow/dags/dag_tomorrowio.py took 0.639 seconds
[2026-07-07T03:32:52.848+0000] {processor.py:161} INFO - Started process (PID=25416) to work on /opt/airflow/dags/dag_tomorrowio.py
[2026-07-07T03:32:52.851+0000] {processor.py:830} INFO - Processing file /opt/airflow/dags/dag_tomorrowio.py for tasks to queue
[2026-07-07T03:32:52.858+0000] {logging_mixin.py:188} INFO - [2026-07-07T03:32:52.856+0000] {dagbag.py:545} INFO - Filling up the DagBag from /opt/airflow/dags/dag_tomorrowio.py
[2026-07-07T03:32:53.368+0000] {processor.py:840} INFO - DAG(s) 'weather_tomorrowio_pipeline' retrieved from /opt/airflow/dags/dag_tomorrowio.py
[2026-07-07T03:32:53.413+0000] {logging_mixin.py:188} INFO - [2026-07-07T03:32:53.412+0000] {dag.py:3096} INFO - Sync 1 DAGs
[2026-07-07T03:32:53.446+0000] {logging_mixin.py:188} INFO - [2026-07-07T03:32:53.445+0000] {dag.py:3954} INFO - Setting next_dagrun for weather_tomorrowio_pipeline to 2026-07-07 03:00:00+00:00, run_after=2026-07-07 04:00:00+00:00
[2026-07-07T03:32:53.469+0000] {processor.py:183} INFO - Processing /opt/airflow/dags/dag_tomorrowio.py took 0.651 seconds
[2026-07-07T03:33:23.994+0000] {processor.py:161} INFO - Started process (PID=25453) to work on /opt/airflow/dags/dag_tomorrowio.py
[2026-07-07T03:33:23.996+0000] {processor.py:830} INFO - Processing file /opt/airflow/dags/dag_tomorrowio.py for tasks to queue
[2026-07-07T03:33:23.997+0000] {logging_mixin.py:188} INFO - [2026-07-07T03:33:23.997+0000] {dagbag.py:545} INFO - Filling up the DagBag from /opt/airflow/dags/dag_tomorrowio.py
[2026-07-07T03:33:24.456+0000] {processor.py:840} INFO - DAG(s) 'weather_tomorrowio_pipeline' retrieved from /opt/airflow/dags/dag_tomorrowio.py
[2026-07-07T03:33:24.470+0000] {logging_mixin.py:188} INFO - [2026-07-07T03:33:24.469+0000] {dag.py:3096} INFO - Sync 1 DAGs
[2026-07-07T03:33:24.483+0000] {logging_mixin.py:188} INFO - [2026-07-07T03:33:24.483+0000] {dag.py:3954} INFO - Setting next_dagrun for weather_tomorrowio_pipeline to 2026-07-07 03:00:00+00:00, run_after=2026-07-07 04:00:00+00:00
[2026-07-07T03:33:24.497+0000] {processor.py:183} INFO - Processing /opt/airflow/dags/dag_tomorrowio.py took 0.512 seconds
[2026-07-07T03:33:55.119+0000] {processor.py:161} INFO - Started process (PID=25490) to work on /opt/airflow/dags/dag_tomorrowio.py
[2026-07-07T03:33:55.121+0000] {processor.py:830} INFO - Processing file /opt/airflow/dags/dag_tomorrowio.py for tasks to queue
[2026-07-07T03:33:55.122+0000] {logging_mixin.py:188} INFO - [2026-07-07T03:33:55.122+0000] {dagbag.py:545} INFO - Filling up the DagBag from /opt/airflow/dags/dag_tomorrowio.py
[2026-07-07T03:33:55.509+0000] {processor.py:840} INFO - DAG(s) 'weather_tomorrowio_pipeline' retrieved from /opt/airflow/dags/dag_tomorrowio.py
[2026-07-07T03:33:55.524+0000] {logging_mixin.py:188} INFO - [2026-07-07T03:33:55.523+0000] {dag.py:3096} INFO - Sync 1 DAGs
[2026-07-07T03:33:55.533+0000] {logging_mixin.py:188} INFO - [2026-07-07T03:33:55.533+0000] {dag.py:3954} INFO - Setting next_dagrun for weather_tomorrowio_pipeline to 2026-07-07 03:00:00+00:00, run_after=2026-07-07 04:00:00+00:00
[2026-07-07T03:33:55.543+0000] {processor.py:183} INFO - Processing /opt/airflow/dags/dag_tomorrowio.py took 0.431 seconds
[2026-07-07T03:34:26.054+0000] {processor.py:161} INFO - Started process (PID=25527) to work on /opt/airflow/dags/dag_tomorrowio.py
[2026-07-07T03:34:26.055+0000] {processor.py:830} INFO - Processing file /opt/airflow/dags/dag_tomorrowio.py for tasks to queue
[2026-07-07T03:34:26.057+0000] {logging_mixin.py:188} INFO - [2026-07-07T03:34:26.056+0000] {dagbag.py:545} INFO - Filling up the DagBag from /opt/airflow/dags/dag_tomorrowio.py
[2026-07-07T03:34:26.390+0000] {processor.py:840} INFO - DAG(s) 'weather_tomorrowio_pipeline' retrieved from /opt/airflow/dags/dag_tomorrowio.py
[2026-07-07T03:34:26.408+0000] {logging_mixin.py:188} INFO - [2026-07-07T03:34:26.407+0000] {dag.py:3096} INFO - Sync 1 DAGs
[2026-07-07T03:34:26.420+0000] {logging_mixin.py:188} INFO - [2026-07-07T03:34:26.420+0000] {dag.py:3954} INFO - Setting next_dagrun for weather_tomorrowio_pipeline to 2026-07-07 03:00:00+00:00, run_after=2026-07-07 04:00:00+00:00
[2026-07-07T03:34:26.429+0000] {processor.py:183} INFO - Processing /opt/airflow/dags/dag_tomorrowio.py took 0.386 seconds
[2026-07-07T03:34:57.043+0000] {processor.py:161} INFO - Started process (PID=25564) to work on /opt/airflow/dags/dag_tomorrowio.py
[2026-07-07T03:34:57.050+0000] {processor.py:830} INFO - Processing file /opt/airflow/dags/dag_tomorrowio.py for tasks to queue
[2026-07-07T03:34:57.053+0000] {logging_mixin.py:188} INFO - [2026-07-07T03:34:57.051+0000] {dagbag.py:545} INFO - Filling up the DagBag from /opt/airflow/dags/dag_tomorrowio.py
[2026-07-07T03:34:57.489+0000] {processor.py:840} INFO - DAG(s) 'weather_tomorrowio_pipeline' retrieved from /opt/airflow/dags/dag_tomorrowio.py
[2026-07-07T03:34:57.512+0000] {logging_mixin.py:188} INFO - [2026-07-07T03:34:57.511+0000] {dag.py:3096} INFO - Sync 1 DAGs
[2026-07-07T03:34:57.527+0000] {logging_mixin.py:188} INFO - [2026-07-07T03:34:57.527+0000] {dag.py:3954} INFO - Setting next_dagrun for weather_tomorrowio_pipeline to 2026-07-07 03:00:00+00:00, run_after=2026-07-07 04:00:00+00:00
[2026-07-07T03:34:57.538+0000] {processor.py:183} INFO - Processing /opt/airflow/dags/dag_tomorrowio.py took 0.508 seconds
[2026-07-07T03:35:28.281+0000] {processor.py:161} INFO - Started process (PID=25601) to work on /opt/airflow/dags/dag_tomorrowio.py
[2026-07-07T03:35:28.283+0000] {processor.py:830} INFO - Processing file /opt/airflow/dags/dag_tomorrowio.py for tasks to queue
[2026-07-07T03:35:28.290+0000] {logging_mixin.py:188} INFO - [2026-07-07T03:35:28.283+0000] {dagbag.py:545} INFO - Filling up the DagBag from /opt/airflow/dags/dag_tomorrowio.py
[2026-07-07T03:35:28.779+0000] {processor.py:840} INFO - DAG(s) 'weather_tomorrowio_pipeline' retrieved from /opt/airflow/dags/dag_tomorrowio.py
[2026-07-07T03:35:28.790+0000] {logging_mixin.py:188} INFO - [2026-07-07T03:35:28.790+0000] {dag.py:3096} INFO - Sync 1 DAGs
[2026-07-07T03:35:28.799+0000] {logging_mixin.py:188} INFO - [2026-07-07T03:35:28.799+0000] {dag.py:3954} INFO - Setting next_dagrun for weather_tomorrowio_pipeline to 2026-07-07 03:00:00+00:00, run_after=2026-07-07 04:00:00+00:00
[2026-07-07T03:35:28.812+0000] {processor.py:183} INFO - Processing /opt/airflow/dags/dag_tomorrowio.py took 0.549 seconds
[2026-07-07T03:35:59.410+0000] {processor.py:161} INFO - Started process (PID=25638) to work on /opt/airflow/dags/dag_tomorrowio.py
[2026-07-07T03:35:59.419+0000] {processor.py:830} INFO - Processing file /opt/airflow/dags/dag_tomorrowio.py for tasks to queue
[2026-07-07T03:35:59.420+0000] {logging_mixin.py:188} INFO - [2026-07-07T03:35:59.420+0000] {dagbag.py:545} INFO - Filling up the DagBag from /opt/airflow/dags/dag_tomorrowio.py
[2026-07-07T03:36:00.055+0000] {processor.py:840} INFO - DAG(s) 'weather_tomorrowio_pipeline' retrieved from /opt/airflow/dags/dag_tomorrowio.py
[2026-07-07T03:36:00.073+0000] {logging_mixin.py:188} INFO - [2026-07-07T03:36:00.073+0000] {dag.py:3096} INFO - Sync 1 DAGs
[2026-07-07T03:36:00.096+0000] {logging_mixin.py:188} INFO - [2026-07-07T03:36:00.096+0000] {dag.py:3954} INFO - Setting next_dagrun for weather_tomorrowio_pipeline to 2026-07-07 03:00:00+00:00, run_after=2026-07-07 04:00:00+00:00
[2026-07-07T03:36:00.106+0000] {processor.py:183} INFO - Processing /opt/airflow/dags/dag_tomorrowio.py took 0.762 seconds
[2026-07-07T03:36:30.969+0000] {processor.py:161} INFO - Started process (PID=25685) to work on /opt/airflow/dags/dag_tomorrowio.py
[2026-07-07T03:36:30.976+0000] {processor.py:830} INFO - Processing file /opt/airflow/dags/dag_tomorrowio.py for tasks to queue
[2026-07-07T03:36:30.977+0000] {logging_mixin.py:188} INFO - [2026-07-07T03:36:30.976+0000] {dagbag.py:545} INFO - Filling up the DagBag from /opt/airflow/dags/dag_tomorrowio.py
[2026-07-07T03:36:32.372+0000] {processor.py:840} INFO - DAG(s) 'weather_tomorrowio_pipeline' retrieved from /opt/airflow/dags/dag_tomorrowio.py
[2026-07-07T03:36:32.485+0000] {logging_mixin.py:188} INFO - [2026-07-07T03:36:32.483+0000] {dag.py:3096} INFO - Sync 1 DAGs
[2026-07-07T03:36:32.554+0000] {logging_mixin.py:188} INFO - [2026-07-07T03:36:32.554+0000] {dag.py:3954} INFO - Setting next_dagrun for weather_tomorrowio_pipeline to 2026-07-07 03:00:00+00:00, run_after=2026-07-07 04:00:00+00:00
[2026-07-07T03:36:32.604+0000] {processor.py:183} INFO - Processing /opt/airflow/dags/dag_tomorrowio.py took 1.658 seconds
[2026-07-07T03:37:03.261+0000] {processor.py:161} INFO - Started process (PID=25722) to work on /opt/airflow/dags/dag_tomorrowio.py
[2026-07-07T03:37:03.264+0000] {processor.py:830} INFO - Processing file /opt/airflow/dags/dag_tomorrowio.py for tasks to queue
[2026-07-07T03:37:03.266+0000] {logging_mixin.py:188} INFO - [2026-07-07T03:37:03.266+0000] {dagbag.py:545} INFO - Filling up the DagBag from /opt/airflow/dags/dag_tomorrowio.py
[2026-07-07T03:37:03.607+0000] {processor.py:840} INFO - DAG(s) 'weather_tomorrowio_pipeline' retrieved from /opt/airflow/dags/dag_tomorrowio.py
[2026-07-07T03:37:03.622+0000] {logging_mixin.py:188} INFO - [2026-07-07T03:37:03.622+0000] {dag.py:3096} INFO - Sync 1 DAGs
[2026-07-07T03:37:03.634+0000] {logging_mixin.py:188} INFO - [2026-07-07T03:37:03.634+0000] {dag.py:3954} INFO - Setting next_dagrun for weather_tomorrowio_pipeline to 2026-07-07 03:00:00+00:00, run_after=2026-07-07 04:00:00+00:00
[2026-07-07T03:37:03.645+0000] {processor.py:183} INFO - Processing /opt/airflow/dags/dag_tomorrowio.py took 0.389 seconds
[2026-07-07T03:37:34.289+0000] {processor.py:161} INFO - Started process (PID=25759) to work on /opt/airflow/dags/dag_tomorrowio.py
[2026-07-07T03:37:34.291+0000] {processor.py:830} INFO - Processing file /opt/airflow/dags/dag_tomorrowio.py for tasks to queue
[2026-07-07T03:37:34.293+0000] {logging_mixin.py:188} INFO - [2026-07-07T03:37:34.293+0000] {dagbag.py:545} INFO - Filling up the DagBag from /opt/airflow/dags/dag_tomorrowio.py
[2026-07-07T03:37:34.803+0000] {processor.py:840} INFO - DAG(s) 'weather_tomorrowio_pipeline' retrieved from /opt/airflow/dags/dag_tomorrowio.py
[2026-07-07T03:37:34.828+0000] {logging_mixin.py:188} INFO - [2026-07-07T03:37:34.828+0000] {dag.py:3096} INFO - Sync 1 DAGs
[2026-07-07T03:37:34.840+0000] {logging_mixin.py:188} INFO - [2026-07-07T03:37:34.840+0000] {dag.py:3954} INFO - Setting next_dagrun for weather_tomorrowio_pipeline to 2026-07-07 03:00:00+00:00, run_after=2026-07-07 04:00:00+00:00
[2026-07-07T03:37:34.850+0000] {processor.py:183} INFO - Processing /opt/airflow/dags/dag_tomorrowio.py took 0.577 seconds
[2026-07-07T03:38:05.606+0000] {processor.py:161} INFO - Started process (PID=25796) to work on /opt/airflow/dags/dag_tomorrowio.py
[2026-07-07T03:38:05.607+0000] {processor.py:830} INFO - Processing file /opt/airflow/dags/dag_tomorrowio.py for tasks to queue
[2026-07-07T03:38:05.608+0000] {logging_mixin.py:188} INFO - [2026-07-07T03:38:05.608+0000] {dagbag.py:545} INFO - Filling up the DagBag from /opt/airflow/dags/dag_tomorrowio.py
[2026-07-07T03:38:06.023+0000] {processor.py:840} INFO - DAG(s) 'weather_tomorrowio_pipeline' retrieved from /opt/airflow/dags/dag_tomorrowio.py
[2026-07-07T03:38:06.040+0000] {logging_mixin.py:188} INFO - [2026-07-07T03:38:06.039+0000] {dag.py:3096} INFO - Sync 1 DAGs
[2026-07-07T03:38:06.051+0000] {logging_mixin.py:188} INFO - [2026-07-07T03:38:06.051+0000] {dag.py:3954} INFO - Setting next_dagrun for weather_tomorrowio_pipeline to 2026-07-07 03:00:00+00:00, run_after=2026-07-07 04:00:00+00:00
[2026-07-07T03:38:06.061+0000] {processor.py:183} INFO - Processing /opt/airflow/dags/dag_tomorrowio.py took 0.461 seconds
[2026-07-07T03:38:36.895+0000] {processor.py:161} INFO - Started process (PID=25833) to work on /opt/airflow/dags/dag_tomorrowio.py
[2026-07-07T03:38:36.898+0000] {processor.py:830} INFO - Processing file /opt/airflow/dags/dag_tomorrowio.py for tasks to queue
[2026-07-07T03:38:36.906+0000] {logging_mixin.py:188} INFO - [2026-07-07T03:38:36.905+0000] {dagbag.py:545} INFO - Filling up the DagBag from /opt/airflow/dags/dag_tomorrowio.py
[2026-07-07T03:38:37.737+0000] {processor.py:840} INFO - DAG(s) 'weather_tomorrowio_pipeline' retrieved from /opt/airflow/dags/dag_tomorrowio.py
[2026-07-07T03:38:37.771+0000] {logging_mixin.py:188} INFO - [2026-07-07T03:38:37.770+0000] {dag.py:3096} INFO - Sync 1 DAGs
[2026-07-07T03:38:37.787+0000] {logging_mixin.py:188} INFO - [2026-07-07T03:38:37.787+0000] {dag.py:3954} INFO - Setting next_dagrun for weather_tomorrowio_pipeline to 2026-07-07 03:00:00+00:00, run_after=2026-07-07 04:00:00+00:00
[2026-07-07T03:38:37.800+0000] {processor.py:183} INFO - Processing /opt/airflow/dags/dag_tomorrowio.py took 0.921 seconds
[2026-07-07T03:39:08.362+0000] {processor.py:161} INFO - Started process (PID=25870) to work on /opt/airflow/dags/dag_tomorrowio.py
[2026-07-07T03:39:08.365+0000] {processor.py:830} INFO - Processing file /opt/airflow/dags/dag_tomorrowio.py for tasks to queue
[2026-07-07T03:39:08.366+0000] {logging_mixin.py:188} INFO - [2026-07-07T03:39:08.365+0000] {dagbag.py:545} INFO - Filling up the DagBag from /opt/airflow/dags/dag_tomorrowio.py
[2026-07-07T03:39:08.704+0000] {processor.py:840} INFO - DAG(s) 'weather_tomorrowio_pipeline' retrieved from /opt/airflow/dags/dag_tomorrowio.py
[2026-07-07T03:39:08.715+0000] {logging_mixin.py:188} INFO - [2026-07-07T03:39:08.714+0000] {dag.py:3096} INFO - Sync 1 DAGs
[2026-07-07T03:39:08.723+0000] {logging_mixin.py:188} INFO - [2026-07-07T03:39:08.723+0000] {dag.py:3954} INFO - Setting next_dagrun for weather_tomorrowio_pipeline to 2026-07-07 03:00:00+00:00, run_after=2026-07-07 04:00:00+00:00
[2026-07-07T03:39:08.732+0000] {processor.py:183} INFO - Processing /opt/airflow/dags/dag_tomorrowio.py took 0.379 seconds
[2026-07-07T03:39:39.268+0000] {processor.py:161} INFO - Started process (PID=25907) to work on /opt/airflow/dags/dag_tomorrowio.py
[2026-07-07T03:39:39.270+0000] {processor.py:830} INFO - Processing file /opt/airflow/dags/dag_tomorrowio.py for tasks to queue
[2026-07-07T03:39:39.270+0000] {logging_mixin.py:188} INFO - [2026-07-07T03:39:39.270+0000] {dagbag.py:545} INFO - Filling up the DagBag from /opt/airflow/dags/dag_tomorrowio.py
[2026-07-07T03:39:39.697+0000] {processor.py:840} INFO - DAG(s) 'weather_tomorrowio_pipeline' retrieved from /opt/airflow/dags/dag_tomorrowio.py
[2026-07-07T03:39:39.713+0000] {logging_mixin.py:188} INFO - [2026-07-07T03:39:39.713+0000] {dag.py:3096} INFO - Sync 1 DAGs
[2026-07-07T03:39:39.724+0000] {logging_mixin.py:188} INFO - [2026-07-07T03:39:39.724+0000] {dag.py:3954} INFO - Setting next_dagrun for weather_tomorrowio_pipeline to 2026-07-07 03:00:00+00:00, run_after=2026-07-07 04:00:00+00:00
[2026-07-07T03:39:39.737+0000] {processor.py:183} INFO - Processing /opt/airflow/dags/dag_tomorrowio.py took 0.473 seconds
[2026-07-07T03:40:10.192+0000] {processor.py:161} INFO - Started process (PID=25944) to work on /opt/airflow/dags/dag_tomorrowio.py
[2026-07-07T03:40:10.194+0000] {processor.py:830} INFO - Processing file /opt/airflow/dags/dag_tomorrowio.py for tasks to queue
[2026-07-07T03:40:10.195+0000] {logging_mixin.py:188} INFO - [2026-07-07T03:40:10.194+0000] {dagbag.py:545} INFO - Filling up the DagBag from /opt/airflow/dags/dag_tomorrowio.py
[2026-07-07T03:40:10.517+0000] {processor.py:840} INFO - DAG(s) 'weather_tomorrowio_pipeline' retrieved from /opt/airflow/dags/dag_tomorrowio.py
[2026-07-07T03:40:10.530+0000] {logging_mixin.py:188} INFO - [2026-07-07T03:40:10.529+0000] {dag.py:3096} INFO - Sync 1 DAGs
[2026-07-07T03:40:10.539+0000] {logging_mixin.py:188} INFO - [2026-07-07T03:40:10.539+0000] {dag.py:3954} INFO - Setting next_dagrun for weather_tomorrowio_pipeline to 2026-07-07 03:00:00+00:00, run_after=2026-07-07 04:00:00+00:00
[2026-07-07T03:40:10.547+0000] {processor.py:183} INFO - Processing /opt/airflow/dags/dag_tomorrowio.py took 0.361 seconds
[2026-07-07T03:40:41.274+0000] {processor.py:161} INFO - Started process (PID=25981) to work on /opt/airflow/dags/dag_tomorrowio.py
[2026-07-07T03:40:41.277+0000] {processor.py:830} INFO - Processing file /opt/airflow/dags/dag_tomorrowio.py for tasks to queue
[2026-07-07T03:40:41.279+0000] {logging_mixin.py:188} INFO - [2026-07-07T03:40:41.279+0000] {dagbag.py:545} INFO - Filling up the DagBag from /opt/airflow/dags/dag_tomorrowio.py
[2026-07-07T03:40:41.698+0000] {processor.py:840} INFO - DAG(s) 'weather_tomorrowio_pipeline' retrieved from /opt/airflow/dags/dag_tomorrowio.py
[2026-07-07T03:40:41.717+0000] {logging_mixin.py:188} INFO - [2026-07-07T03:40:41.716+0000] {dag.py:3096} INFO - Sync 1 DAGs
[2026-07-07T03:40:41.726+0000] {logging_mixin.py:188} INFO - [2026-07-07T03:40:41.726+0000] {dag.py:3954} INFO - Setting next_dagrun for weather_tomorrowio_pipeline to 2026-07-07 03:00:00+00:00, run_after=2026-07-07 04:00:00+00:00
[2026-07-07T03:40:41.736+0000] {processor.py:183} INFO - Processing /opt/airflow/dags/dag_tomorrowio.py took 0.476 seconds
[2026-07-07T03:41:12.260+0000] {processor.py:161} INFO - Started process (PID=26018) to work on /opt/airflow/dags/dag_tomorrowio.py
[2026-07-07T03:41:12.261+0000] {processor.py:830} INFO - Processing file /opt/airflow/dags/dag_tomorrowio.py for tasks to queue
[2026-07-07T03:41:12.262+0000] {logging_mixin.py:188} INFO - [2026-07-07T03:41:12.262+0000] {dagbag.py:545} INFO - Filling up the DagBag from /opt/airflow/dags/dag_tomorrowio.py
[2026-07-07T03:41:12.661+0000] {processor.py:840} INFO - DAG(s) 'weather_tomorrowio_pipeline' retrieved from /opt/airflow/dags/dag_tomorrowio.py
[2026-07-07T03:41:12.681+0000] {logging_mixin.py:188} INFO - [2026-07-07T03:41:12.681+0000] {dag.py:3096} INFO - Sync 1 DAGs
[2026-07-07T03:41:12.693+0000] {logging_mixin.py:188} INFO - [2026-07-07T03:41:12.693+0000] {dag.py:3954} INFO - Setting next_dagrun for weather_tomorrowio_pipeline to 2026-07-07 03:00:00+00:00, run_after=2026-07-07 04:00:00+00:00
[2026-07-07T03:41:12.702+0000] {processor.py:183} INFO - Processing /opt/airflow/dags/dag_tomorrowio.py took 0.454 seconds
[2026-07-07T03:41:43.406+0000] {processor.py:161} INFO - Started process (PID=26055) to work on /opt/airflow/dags/dag_tomorrowio.py
[2026-07-07T03:41:43.408+0000] {processor.py:830} INFO - Processing file /opt/airflow/dags/dag_tomorrowio.py for tasks to queue
[2026-07-07T03:41:43.409+0000] {logging_mixin.py:188} INFO - [2026-07-07T03:41:43.409+0000] {dagbag.py:545} INFO - Filling up the DagBag from /opt/airflow/dags/dag_tomorrowio.py
[2026-07-07T03:41:43.707+0000] {processor.py:840} INFO - DAG(s) 'weather_tomorrowio_pipeline' retrieved from /opt/airflow/dags/dag_tomorrowio.py
[2026-07-07T03:41:43.723+0000] {logging_mixin.py:188} INFO - [2026-07-07T03:41:43.722+0000] {dag.py:3096} INFO - Sync 1 DAGs
[2026-07-07T03:41:43.739+0000] {logging_mixin.py:188} INFO - [2026-07-07T03:41:43.739+0000] {dag.py:3954} INFO - Setting next_dagrun for weather_tomorrowio_pipeline to 2026-07-07 03:00:00+00:00, run_after=2026-07-07 04:00:00+00:00
[2026-07-07T03:41:43.755+0000] {processor.py:183} INFO - Processing /opt/airflow/dags/dag_tomorrowio.py took 0.355 seconds
[2026-07-07T03:42:14.374+0000] {processor.py:161} INFO - Started process (PID=26092) to work on /opt/airflow/dags/dag_tomorrowio.py
[2026-07-07T03:42:14.375+0000] {processor.py:830} INFO - Processing file /opt/airflow/dags/dag_tomorrowio.py for tasks to queue
[2026-07-07T03:42:14.375+0000] {logging_mixin.py:188} INFO - [2026-07-07T03:42:14.375+0000] {dagbag.py:545} INFO - Filling up the DagBag from /opt/airflow/dags/dag_tomorrowio.py
[2026-07-07T03:42:14.702+0000] {processor.py:840} INFO - DAG(s) 'weather_tomorrowio_pipeline' retrieved from /opt/airflow/dags/dag_tomorrowio.py
[2026-07-07T03:42:14.714+0000] {logging_mixin.py:188} INFO - [2026-07-07T03:42:14.714+0000] {dag.py:3096} INFO - Sync 1 DAGs
[2026-07-07T03:42:14.723+0000] {logging_mixin.py:188} INFO - [2026-07-07T03:42:14.723+0000] {dag.py:3954} INFO - Setting next_dagrun for weather_tomorrowio_pipeline to 2026-07-07 03:00:00+00:00, run_after=2026-07-07 04:00:00+00:00
[2026-07-07T03:42:14.740+0000] {processor.py:183} INFO - Processing /opt/airflow/dags/dag_tomorrowio.py took 0.374 seconds
[2026-07-07T03:42:45.407+0000] {processor.py:161} INFO - Started process (PID=26129) to work on /opt/airflow/dags/dag_tomorrowio.py
[2026-07-07T03:42:45.410+0000] {processor.py:830} INFO - Processing file /opt/airflow/dags/dag_tomorrowio.py for tasks to queue
[2026-07-07T03:42:45.410+0000] {logging_mixin.py:188} INFO - [2026-07-07T03:42:45.410+0000] {dagbag.py:545} INFO - Filling up the DagBag from /opt/airflow/dags/dag_tomorrowio.py
[2026-07-07T03:42:45.761+0000] {processor.py:840} INFO - DAG(s) 'weather_tomorrowio_pipeline' retrieved from /opt/airflow/dags/dag_tomorrowio.py
[2026-07-07T03:42:45.774+0000] {logging_mixin.py:188} INFO - [2026-07-07T03:42:45.774+0000] {dag.py:3096} INFO - Sync 1 DAGs
[2026-07-07T03:42:45.786+0000] {logging_mixin.py:188} INFO - [2026-07-07T03:42:45.785+0000] {dag.py:3954} INFO - Setting next_dagrun for weather_tomorrowio_pipeline to 2026-07-07 03:00:00+00:00, run_after=2026-07-07 04:00:00+00:00
[2026-07-07T03:42:45.794+0000] {processor.py:183} INFO - Processing /opt/airflow/dags/dag_tomorrowio.py took 0.394 seconds
[2026-07-07T03:43:16.286+0000] {processor.py:161} INFO - Started process (PID=26166) to work on /opt/airflow/dags/dag_tomorrowio.py
[2026-07-07T03:43:16.288+0000] {processor.py:830} INFO - Processing file /opt/airflow/dags/dag_tomorrowio.py for tasks to queue
[2026-07-07T03:43:16.289+0000] {logging_mixin.py:188} INFO - [2026-07-07T03:43:16.289+0000] {dagbag.py:545} INFO - Filling up the DagBag from /opt/airflow/dags/dag_tomorrowio.py
[2026-07-07T03:43:16.633+0000] {processor.py:840} INFO - DAG(s) 'weather_tomorrowio_pipeline' retrieved from /opt/airflow/dags/dag_tomorrowio.py
[2026-07-07T03:43:16.645+0000] {logging_mixin.py:188} INFO - [2026-07-07T03:43:16.645+0000] {dag.py:3096} INFO - Sync 1 DAGs
[2026-07-07T03:43:16.654+0000] {logging_mixin.py:188} INFO - [2026-07-07T03:43:16.654+0000] {dag.py:3954} INFO - Setting next_dagrun for weather_tomorrowio_pipeline to 2026-07-07 03:00:00+00:00, run_after=2026-07-07 04:00:00+00:00
[2026-07-07T03:43:16.663+0000] {processor.py:183} INFO - Processing /opt/airflow/dags/dag_tomorrowio.py took 0.386 seconds
[2026-07-07T03:43:47.259+0000] {processor.py:161} INFO - Started process (PID=26203) to work on /opt/airflow/dags/dag_tomorrowio.py
[2026-07-07T03:43:47.260+0000] {processor.py:830} INFO - Processing file /opt/airflow/dags/dag_tomorrowio.py for tasks to queue
[2026-07-07T03:43:47.261+0000] {logging_mixin.py:188} INFO - [2026-07-07T03:43:47.261+0000] {dagbag.py:545} INFO - Filling up the DagBag from /opt/airflow/dags/dag_tomorrowio.py
[2026-07-07T03:43:47.624+0000] {processor.py:840} INFO - DAG(s) 'weather_tomorrowio_pipeline' retrieved from /opt/airflow/dags/dag_tomorrowio.py
[2026-07-07T03:43:47.648+0000] {logging_mixin.py:188} INFO - [2026-07-07T03:43:47.648+0000] {dag.py:3096} INFO - Sync 1 DAGs
[2026-07-07T03:43:47.665+0000] {logging_mixin.py:188} INFO - [2026-07-07T03:43:47.665+0000] {dag.py:3954} INFO - Setting next_dagrun for weather_tomorrowio_pipeline to 2026-07-07 03:00:00+00:00, run_after=2026-07-07 04:00:00+00:00
[2026-07-07T03:43:47.680+0000] {processor.py:183} INFO - Processing /opt/airflow/dags/dag_tomorrowio.py took 0.425 seconds
[2026-07-07T03:44:18.197+0000] {processor.py:161} INFO - Started process (PID=26240) to work on /opt/airflow/dags/dag_tomorrowio.py
[2026-07-07T03:44:18.198+0000] {processor.py:830} INFO - Processing file /opt/airflow/dags/dag_tomorrowio.py for tasks to queue
[2026-07-07T03:44:18.199+0000] {logging_mixin.py:188} INFO - [2026-07-07T03:44:18.199+0000] {dagbag.py:545} INFO - Filling up the DagBag from /opt/airflow/dags/dag_tomorrowio.py
[2026-07-07T03:44:18.684+0000] {processor.py:840} INFO - DAG(s) 'weather_tomorrowio_pipeline' retrieved from /opt/airflow/dags/dag_tomorrowio.py
[2026-07-07T03:44:18.707+0000] {logging_mixin.py:188} INFO - [2026-07-07T03:44:18.707+0000] {dag.py:3096} INFO - Sync 1 DAGs
[2026-07-07T03:44:18.718+0000] {logging_mixin.py:188} INFO - [2026-07-07T03:44:18.718+0000] {dag.py:3954} INFO - Setting next_dagrun for weather_tomorrowio_pipeline to 2026-07-07 03:00:00+00:00, run_after=2026-07-07 04:00:00+00:00
[2026-07-07T03:44:18.728+0000] {processor.py:183} INFO - Processing /opt/airflow/dags/dag_tomorrowio.py took 0.538 seconds
[2026-07-07T03:44:49.488+0000] {processor.py:161} INFO - Started process (PID=26277) to work on /opt/airflow/dags/dag_tomorrowio.py
[2026-07-07T03:44:49.490+0000] {processor.py:830} INFO - Processing file /opt/airflow/dags/dag_tomorrowio.py for tasks to queue
[2026-07-07T03:44:49.491+0000] {logging_mixin.py:188} INFO - [2026-07-07T03:44:49.490+0000] {dagbag.py:545} INFO - Filling up the DagBag from /opt/airflow/dags/dag_tomorrowio.py
[2026-07-07T03:44:50.064+0000] {processor.py:840} INFO - DAG(s) 'weather_tomorrowio_pipeline' retrieved from /opt/airflow/dags/dag_tomorrowio.py
[2026-07-07T03:44:50.091+0000] {logging_mixin.py:188} INFO - [2026-07-07T03:44:50.091+0000] {dag.py:3096} INFO - Sync 1 DAGs
[2026-07-07T03:44:50.111+0000] {logging_mixin.py:188} INFO - [2026-07-07T03:44:50.111+0000] {dag.py:3954} INFO - Setting next_dagrun for weather_tomorrowio_pipeline to 2026-07-07 03:00:00+00:00, run_after=2026-07-07 04:00:00+00:00
[2026-07-07T03:44:50.123+0000] {processor.py:183} INFO - Processing /opt/airflow/dags/dag_tomorrowio.py took 0.657 seconds
[2026-07-07T03:45:20.831+0000] {processor.py:161} INFO - Started process (PID=26314) to work on /opt/airflow/dags/dag_tomorrowio.py
[2026-07-07T03:45:20.833+0000] {processor.py:830} INFO - Processing file /opt/airflow/dags/dag_tomorrowio.py for tasks to queue
[2026-07-07T03:45:20.835+0000] {logging_mixin.py:188} INFO - [2026-07-07T03:45:20.834+0000] {dagbag.py:545} INFO - Filling up the DagBag from /opt/airflow/dags/dag_tomorrowio.py
[2026-07-07T03:45:21.273+0000] {processor.py:840} INFO - DAG(s) 'weather_tomorrowio_pipeline' retrieved from /opt/airflow/dags/dag_tomorrowio.py
[2026-07-07T03:45:21.299+0000] {logging_mixin.py:188} INFO - [2026-07-07T03:45:21.299+0000] {dag.py:3096} INFO - Sync 1 DAGs
[2026-07-07T03:45:21.324+0000] {logging_mixin.py:188} INFO - [2026-07-07T03:45:21.324+0000] {dag.py:3954} INFO - Setting next_dagrun for weather_tomorrowio_pipeline to 2026-07-07 03:00:00+00:00, run_after=2026-07-07 04:00:00+00:00
[2026-07-07T03:45:21.348+0000] {processor.py:183} INFO - Processing /opt/airflow/dags/dag_tomorrowio.py took 0.523 seconds
[2026-07-07T03:45:52.105+0000] {processor.py:161} INFO - Started process (PID=26351) to work on /opt/airflow/dags/dag_tomorrowio.py
[2026-07-07T03:45:52.108+0000] {processor.py:830} INFO - Processing file /opt/airflow/dags/dag_tomorrowio.py for tasks to queue
[2026-07-07T03:45:52.111+0000] {logging_mixin.py:188} INFO - [2026-07-07T03:45:52.110+0000] {dagbag.py:545} INFO - Filling up the DagBag from /opt/airflow/dags/dag_tomorrowio.py
[2026-07-07T03:45:52.514+0000] {processor.py:840} INFO - DAG(s) 'weather_tomorrowio_pipeline' retrieved from /opt/airflow/dags/dag_tomorrowio.py
[2026-07-07T03:45:52.532+0000] {logging_mixin.py:188} INFO - [2026-07-07T03:45:52.532+0000] {dag.py:3096} INFO - Sync 1 DAGs
[2026-07-07T03:45:52.542+0000] {logging_mixin.py:188} INFO - [2026-07-07T03:45:52.542+0000] {dag.py:3954} INFO - Setting next_dagrun for weather_tomorrowio_pipeline to 2026-07-07 03:00:00+00:00, run_after=2026-07-07 04:00:00+00:00
[2026-07-07T03:45:52.552+0000] {processor.py:183} INFO - Processing /opt/airflow/dags/dag_tomorrowio.py took 0.459 seconds
[2026-07-07T03:46:23.176+0000] {processor.py:161} INFO - Started process (PID=26388) to work on /opt/airflow/dags/dag_tomorrowio.py
[2026-07-07T03:46:23.178+0000] {processor.py:830} INFO - Processing file /opt/airflow/dags/dag_tomorrowio.py for tasks to queue
[2026-07-07T03:46:23.179+0000] {logging_mixin.py:188} INFO - [2026-07-07T03:46:23.179+0000] {dagbag.py:545} INFO - Filling up the DagBag from /opt/airflow/dags/dag_tomorrowio.py
[2026-07-07T03:46:23.616+0000] {processor.py:840} INFO - DAG(s) 'weather_tomorrowio_pipeline' retrieved from /opt/airflow/dags/dag_tomorrowio.py
[2026-07-07T03:46:23.634+0000] {logging_mixin.py:188} INFO - [2026-07-07T03:46:23.633+0000] {dag.py:3096} INFO - Sync 1 DAGs
[2026-07-07T03:46:23.643+0000] {logging_mixin.py:188} INFO - [2026-07-07T03:46:23.643+0000] {dag.py:3954} INFO - Setting next_dagrun for weather_tomorrowio_pipeline to 2026-07-07 03:00:00+00:00, run_after=2026-07-07 04:00:00+00:00
[2026-07-07T03:46:23.651+0000] {processor.py:183} INFO - Processing /opt/airflow/dags/dag_tomorrowio.py took 0.485 seconds
[2026-07-07T03:46:54.318+0000] {processor.py:161} INFO - Started process (PID=26425) to work on /opt/airflow/dags/dag_tomorrowio.py
[2026-07-07T03:46:54.319+0000] {processor.py:830} INFO - Processing file /opt/airflow/dags/dag_tomorrowio.py for tasks to queue
[2026-07-07T03:46:54.320+0000] {logging_mixin.py:188} INFO - [2026-07-07T03:46:54.320+0000] {dagbag.py:545} INFO - Filling up the DagBag from /opt/airflow/dags/dag_tomorrowio.py
[2026-07-07T03:46:54.659+0000] {processor.py:840} INFO - DAG(s) 'weather_tomorrowio_pipeline' retrieved from /opt/airflow/dags/dag_tomorrowio.py
[2026-07-07T03:46:54.673+0000] {logging_mixin.py:188} INFO - [2026-07-07T03:46:54.673+0000] {dag.py:3096} INFO - Sync 1 DAGs
[2026-07-07T03:46:54.683+0000] {logging_mixin.py:188} INFO - [2026-07-07T03:46:54.683+0000] {dag.py:3954} INFO - Setting next_dagrun for weather_tomorrowio_pipeline to 2026-07-07 03:00:00+00:00, run_after=2026-07-07 04:00:00+00:00
[2026-07-07T03:46:54.692+0000] {processor.py:183} INFO - Processing /opt/airflow/dags/dag_tomorrowio.py took 0.381 seconds
[2026-07-07T03:47:25.154+0000] {processor.py:161} INFO - Started process (PID=26462) to work on /opt/airflow/dags/dag_tomorrowio.py
[2026-07-07T03:47:25.155+0000] {processor.py:830} INFO - Processing file /opt/airflow/dags/dag_tomorrowio.py for tasks to queue
[2026-07-07T03:47:25.156+0000] {logging_mixin.py:188} INFO - [2026-07-07T03:47:25.156+0000] {dagbag.py:545} INFO - Filling up the DagBag from /opt/airflow/dags/dag_tomorrowio.py
[2026-07-07T03:47:25.522+0000] {processor.py:840} INFO - DAG(s) 'weather_tomorrowio_pipeline' retrieved from /opt/airflow/dags/dag_tomorrowio.py
[2026-07-07T03:47:25.533+0000] {logging_mixin.py:188} INFO - [2026-07-07T03:47:25.532+0000] {dag.py:3096} INFO - Sync 1 DAGs
[2026-07-07T03:47:25.565+0000] {logging_mixin.py:188} INFO - [2026-07-07T03:47:25.565+0000] {dag.py:3954} INFO - Setting next_dagrun for weather_tomorrowio_pipeline to 2026-07-07 03:00:00+00:00, run_after=2026-07-07 04:00:00+00:00
[2026-07-07T03:47:25.580+0000] {processor.py:183} INFO - Processing /opt/airflow/dags/dag_tomorrowio.py took 0.433 seconds
[2026-07-07T03:47:56.377+0000] {processor.py:161} INFO - Started process (PID=26499) to work on /opt/airflow/dags/dag_tomorrowio.py
[2026-07-07T03:47:56.378+0000] {processor.py:830} INFO - Processing file /opt/airflow/dags/dag_tomorrowio.py for tasks to queue
[2026-07-07T03:47:56.379+0000] {logging_mixin.py:188} INFO - [2026-07-07T03:47:56.378+0000] {dagbag.py:545} INFO - Filling up the DagBag from /opt/airflow/dags/dag_tomorrowio.py
[2026-07-07T03:47:56.835+0000] {processor.py:840} INFO - DAG(s) 'weather_tomorrowio_pipeline' retrieved from /opt/airflow/dags/dag_tomorrowio.py
[2026-07-07T03:47:56.846+0000] {logging_mixin.py:188} INFO - [2026-07-07T03:47:56.846+0000] {dag.py:3096} INFO - Sync 1 DAGs
[2026-07-07T03:47:56.856+0000] {logging_mixin.py:188} INFO - [2026-07-07T03:47:56.856+0000] {dag.py:3954} INFO - Setting next_dagrun for weather_tomorrowio_pipeline to 2026-07-07 03:00:00+00:00, run_after=2026-07-07 04:00:00+00:00
[2026-07-07T03:47:56.866+0000] {processor.py:183} INFO - Processing /opt/airflow/dags/dag_tomorrowio.py took 0.499 seconds
[2026-07-07T03:48:27.309+0000] {processor.py:161} INFO - Started process (PID=26536) to work on /opt/airflow/dags/dag_tomorrowio.py
[2026-07-07T03:48:27.310+0000] {processor.py:830} INFO - Processing file /opt/airflow/dags/dag_tomorrowio.py for tasks to queue
[2026-07-07T03:48:27.311+0000] {logging_mixin.py:188} INFO - [2026-07-07T03:48:27.311+0000] {dagbag.py:545} INFO - Filling up the DagBag from /opt/airflow/dags/dag_tomorrowio.py
[2026-07-07T03:48:27.653+0000] {processor.py:840} INFO - DAG(s) 'weather_tomorrowio_pipeline' retrieved from /opt/airflow/dags/dag_tomorrowio.py
[2026-07-07T03:48:27.664+0000] {logging_mixin.py:188} INFO - [2026-07-07T03:48:27.664+0000] {dag.py:3096} INFO - Sync 1 DAGs
[2026-07-07T03:48:27.676+0000] {logging_mixin.py:188} INFO - [2026-07-07T03:48:27.676+0000] {dag.py:3954} INFO - Setting next_dagrun for weather_tomorrowio_pipeline to 2026-07-07 03:00:00+00:00, run_after=2026-07-07 04:00:00+00:00
[2026-07-07T03:48:27.684+0000] {processor.py:183} INFO - Processing /opt/airflow/dags/dag_tomorrowio.py took 0.380 seconds
[2026-07-07T03:48:58.234+0000] {processor.py:161} INFO - Started process (PID=26573) to work on /opt/airflow/dags/dag_tomorrowio.py
[2026-07-07T03:48:58.237+0000] {processor.py:830} INFO - Processing file /opt/airflow/dags/dag_tomorrowio.py for tasks to queue
[2026-07-07T03:48:58.240+0000] {logging_mixin.py:188} INFO - [2026-07-07T03:48:58.239+0000] {dagbag.py:545} INFO - Filling up the DagBag from /opt/airflow/dags/dag_tomorrowio.py
[2026-07-07T03:48:58.717+0000] {processor.py:840} INFO - DAG(s) 'weather_tomorrowio_pipeline' retrieved from /opt/airflow/dags/dag_tomorrowio.py
[2026-07-07T03:48:58.734+0000] {logging_mixin.py:188} INFO - [2026-07-07T03:48:58.734+0000] {dag.py:3096} INFO - Sync 1 DAGs
[2026-07-07T03:48:58.744+0000] {logging_mixin.py:188} INFO - [2026-07-07T03:48:58.744+0000] {dag.py:3954} INFO - Setting next_dagrun for weather_tomorrowio_pipeline to 2026-07-07 03:00:00+00:00, run_after=2026-07-07 04:00:00+00:00
[2026-07-07T03:48:58.754+0000] {processor.py:183} INFO - Processing /opt/airflow/dags/dag_tomorrowio.py took 0.538 seconds
[2026-07-07T03:49:29.797+0000] {processor.py:161} INFO - Started process (PID=26610) to work on /opt/airflow/dags/dag_tomorrowio.py
[2026-07-07T03:49:29.799+0000] {processor.py:830} INFO - Processing file /opt/airflow/dags/dag_tomorrowio.py for tasks to queue
[2026-07-07T03:49:29.799+0000] {logging_mixin.py:188} INFO - [2026-07-07T03:49:29.799+0000] {dagbag.py:545} INFO - Filling up the DagBag from /opt/airflow/dags/dag_tomorrowio.py
[2026-07-07T03:49:30.507+0000] {processor.py:840} INFO - DAG(s) 'weather_tomorrowio_pipeline' retrieved from /opt/airflow/dags/dag_tomorrowio.py
[2026-07-07T03:49:30.601+0000] {logging_mixin.py:188} INFO - [2026-07-07T03:49:30.600+0000] {dag.py:3096} INFO - Sync 1 DAGs
[2026-07-07T03:49:30.645+0000] {logging_mixin.py:188} INFO - [2026-07-07T03:49:30.645+0000] {dag.py:3954} INFO - Setting next_dagrun for weather_tomorrowio_pipeline to 2026-07-07 03:00:00+00:00, run_after=2026-07-07 04:00:00+00:00
[2026-07-07T03:49:30.716+0000] {processor.py:183} INFO - Processing /opt/airflow/dags/dag_tomorrowio.py took 0.932 seconds
[2026-07-07T03:50:00.870+0000] {processor.py:161} INFO - Started process (PID=26647) to work on /opt/airflow/dags/dag_tomorrowio.py
[2026-07-07T03:50:00.873+0000] {processor.py:830} INFO - Processing file /opt/airflow/dags/dag_tomorrowio.py for tasks to queue
[2026-07-07T03:50:00.874+0000] {logging_mixin.py:188} INFO - [2026-07-07T03:50:00.874+0000] {dagbag.py:545} INFO - Filling up the DagBag from /opt/airflow/dags/dag_tomorrowio.py
[2026-07-07T03:50:01.304+0000] {processor.py:840} INFO - DAG(s) 'weather_tomorrowio_pipeline' retrieved from /opt/airflow/dags/dag_tomorrowio.py
[2026-07-07T03:50:01.316+0000] {logging_mixin.py:188} INFO - [2026-07-07T03:50:01.316+0000] {dag.py:3096} INFO - Sync 1 DAGs
[2026-07-07T03:50:01.324+0000] {logging_mixin.py:188} INFO - [2026-07-07T03:50:01.324+0000] {dag.py:3954} INFO - Setting next_dagrun for weather_tomorrowio_pipeline to 2026-07-07 03:00:00+00:00, run_after=2026-07-07 04:00:00+00:00
[2026-07-07T03:50:01.332+0000] {processor.py:183} INFO - Processing /opt/airflow/dags/dag_tomorrowio.py took 0.474 seconds
[2026-07-07T03:50:32.108+0000] {processor.py:161} INFO - Started process (PID=26684) to work on /opt/airflow/dags/dag_tomorrowio.py
[2026-07-07T03:50:32.110+0000] {processor.py:830} INFO - Processing file /opt/airflow/dags/dag_tomorrowio.py for tasks to queue
[2026-07-07T03:50:32.111+0000] {logging_mixin.py:188} INFO - [2026-07-07T03:50:32.111+0000] {dagbag.py:545} INFO - Filling up the DagBag from /opt/airflow/dags/dag_tomorrowio.py
[2026-07-07T03:50:32.549+0000] {processor.py:840} INFO - DAG(s) 'weather_tomorrowio_pipeline' retrieved from /opt/airflow/dags/dag_tomorrowio.py
[2026-07-07T03:50:32.570+0000] {logging_mixin.py:188} INFO - [2026-07-07T03:50:32.569+0000] {dag.py:3096} INFO - Sync 1 DAGs
[2026-07-07T03:50:32.584+0000] {logging_mixin.py:188} INFO - [2026-07-07T03:50:32.584+0000] {dag.py:3954} INFO - Setting next_dagrun for weather_tomorrowio_pipeline to 2026-07-07 03:00:00+00:00, run_after=2026-07-07 04:00:00+00:00
[2026-07-07T03:50:32.600+0000] {processor.py:183} INFO - Processing /opt/airflow/dags/dag_tomorrowio.py took 0.510 seconds
[2026-07-07T03:51:03.241+0000] {processor.py:161} INFO - Started process (PID=26721) to work on /opt/airflow/dags/dag_tomorrowio.py
[2026-07-07T03:51:03.242+0000] {processor.py:830} INFO - Processing file /opt/airflow/dags/dag_tomorrowio.py for tasks to queue
[2026-07-07T03:51:03.243+0000] {logging_mixin.py:188} INFO - [2026-07-07T03:51:03.242+0000] {dagbag.py:545} INFO - Filling up the DagBag from /opt/airflow/dags/dag_tomorrowio.py
[2026-07-07T03:51:03.548+0000] {processor.py:840} INFO - DAG(s) 'weather_tomorrowio_pipeline' retrieved from /opt/airflow/dags/dag_tomorrowio.py
[2026-07-07T03:51:03.563+0000] {logging_mixin.py:188} INFO - [2026-07-07T03:51:03.562+0000] {dag.py:3096} INFO - Sync 1 DAGs
[2026-07-07T03:51:03.574+0000] {logging_mixin.py:188} INFO - [2026-07-07T03:51:03.574+0000] {dag.py:3954} INFO - Setting next_dagrun for weather_tomorrowio_pipeline to 2026-07-07 03:00:00+00:00, run_after=2026-07-07 04:00:00+00:00
[2026-07-07T03:51:03.584+0000] {processor.py:183} INFO - Processing /opt/airflow/dags/dag_tomorrowio.py took 0.351 seconds
[2026-07-07T03:51:34.291+0000] {processor.py:161} INFO - Started process (PID=26758) to work on /opt/airflow/dags/dag_tomorrowio.py
[2026-07-07T03:51:34.293+0000] {processor.py:830} INFO - Processing file /opt/airflow/dags/dag_tomorrowio.py for tasks to queue
[2026-07-07T03:51:34.294+0000] {logging_mixin.py:188} INFO - [2026-07-07T03:51:34.293+0000] {dagbag.py:545} INFO - Filling up the DagBag from /opt/airflow/dags/dag_tomorrowio.py
[2026-07-07T03:51:34.718+0000] {processor.py:840} INFO - DAG(s) 'weather_tomorrowio_pipeline' retrieved from /opt/airflow/dags/dag_tomorrowio.py
[2026-07-07T03:51:34.741+0000] {logging_mixin.py:188} INFO - [2026-07-07T03:51:34.740+0000] {dag.py:3096} INFO - Sync 1 DAGs
[2026-07-07T03:51:34.755+0000] {logging_mixin.py:188} INFO - [2026-07-07T03:51:34.754+0000] {dag.py:3954} INFO - Setting next_dagrun for weather_tomorrowio_pipeline to 2026-07-07 03:00:00+00:00, run_after=2026-07-07 04:00:00+00:00
[2026-07-07T03:51:34.764+0000] {processor.py:183} INFO - Processing /opt/airflow/dags/dag_tomorrowio.py took 0.491 seconds
[2026-07-07T03:52:05.370+0000] {processor.py:161} INFO - Started process (PID=26795) to work on /opt/airflow/dags/dag_tomorrowio.py
[2026-07-07T03:52:05.373+0000] {processor.py:830} INFO - Processing file /opt/airflow/dags/dag_tomorrowio.py for tasks to queue
[2026-07-07T03:52:05.373+0000] {logging_mixin.py:188} INFO - [2026-07-07T03:52:05.373+0000] {dagbag.py:545} INFO - Filling up the DagBag from /opt/airflow/dags/dag_tomorrowio.py
[2026-07-07T03:52:05.760+0000] {processor.py:840} INFO - DAG(s) 'weather_tomorrowio_pipeline' retrieved from /opt/airflow/dags/dag_tomorrowio.py
[2026-07-07T03:52:05.773+0000] {logging_mixin.py:188} INFO - [2026-07-07T03:52:05.773+0000] {dag.py:3096} INFO - Sync 1 DAGs
[2026-07-07T03:52:05.791+0000] {logging_mixin.py:188} INFO - [2026-07-07T03:52:05.791+0000] {dag.py:3954} INFO - Setting next_dagrun for weather_tomorrowio_pipeline to 2026-07-07 03:00:00+00:00, run_after=2026-07-07 04:00:00+00:00
[2026-07-07T03:52:05.808+0000] {processor.py:183} INFO - Processing /opt/airflow/dags/dag_tomorrowio.py took 0.443 seconds
[2026-07-07T03:52:36.425+0000] {processor.py:161} INFO - Started process (PID=26832) to work on /opt/airflow/dags/dag_tomorrowio.py
[2026-07-07T03:52:36.427+0000] {processor.py:830} INFO - Processing file /opt/airflow/dags/dag_tomorrowio.py for tasks to queue
[2026-07-07T03:52:36.428+0000] {logging_mixin.py:188} INFO - [2026-07-07T03:52:36.428+0000] {dagbag.py:545} INFO - Filling up the DagBag from /opt/airflow/dags/dag_tomorrowio.py
[2026-07-07T03:52:36.906+0000] {processor.py:840} INFO - DAG(s) 'weather_tomorrowio_pipeline' retrieved from /opt/airflow/dags/dag_tomorrowio.py
[2026-07-07T03:52:36.931+0000] {logging_mixin.py:188} INFO - [2026-07-07T03:52:36.930+0000] {dag.py:3096} INFO - Sync 1 DAGs
[2026-07-07T03:52:36.943+0000] {logging_mixin.py:188} INFO - [2026-07-07T03:52:36.943+0000] {dag.py:3954} INFO - Setting next_dagrun for weather_tomorrowio_pipeline to 2026-07-07 03:00:00+00:00, run_after=2026-07-07 04:00:00+00:00
[2026-07-07T03:52:36.951+0000] {processor.py:183} INFO - Processing /opt/airflow/dags/dag_tomorrowio.py took 0.542 seconds
[2026-07-07T03:53:07.456+0000] {processor.py:161} INFO - Started process (PID=26869) to work on /opt/airflow/dags/dag_tomorrowio.py
[2026-07-07T03:53:07.457+0000] {processor.py:830} INFO - Processing file /opt/airflow/dags/dag_tomorrowio.py for tasks to queue
[2026-07-07T03:53:07.458+0000] {logging_mixin.py:188} INFO - [2026-07-07T03:53:07.458+0000] {dagbag.py:545} INFO - Filling up the DagBag from /opt/airflow/dags/dag_tomorrowio.py
[2026-07-07T03:53:07.848+0000] {processor.py:840} INFO - DAG(s) 'weather_tomorrowio_pipeline' retrieved from /opt/airflow/dags/dag_tomorrowio.py
[2026-07-07T03:53:07.863+0000] {logging_mixin.py:188} INFO - [2026-07-07T03:53:07.863+0000] {dag.py:3096} INFO - Sync 1 DAGs
[2026-07-07T03:53:07.872+0000] {logging_mixin.py:188} INFO - [2026-07-07T03:53:07.872+0000] {dag.py:3954} INFO - Setting next_dagrun for weather_tomorrowio_pipeline to 2026-07-07 03:00:00+00:00, run_after=2026-07-07 04:00:00+00:00
[2026-07-07T03:53:07.881+0000] {processor.py:183} INFO - Processing /opt/airflow/dags/dag_tomorrowio.py took 0.431 seconds
[2026-07-07T03:53:38.565+0000] {processor.py:161} INFO - Started process (PID=26906) to work on /opt/airflow/dags/dag_tomorrowio.py
[2026-07-07T03:53:38.568+0000] {processor.py:830} INFO - Processing file /opt/airflow/dags/dag_tomorrowio.py for tasks to queue
[2026-07-07T03:53:38.569+0000] {logging_mixin.py:188} INFO - [2026-07-07T03:53:38.568+0000] {dagbag.py:545} INFO - Filling up the DagBag from /opt/airflow/dags/dag_tomorrowio.py
[2026-07-07T03:53:39.050+0000] {processor.py:840} INFO - DAG(s) 'weather_tomorrowio_pipeline' retrieved from /opt/airflow/dags/dag_tomorrowio.py
[2026-07-07T03:53:39.063+0000] {logging_mixin.py:188} INFO - [2026-07-07T03:53:39.063+0000] {dag.py:3096} INFO - Sync 1 DAGs
[2026-07-07T03:53:39.073+0000] {logging_mixin.py:188} INFO - [2026-07-07T03:53:39.073+0000] {dag.py:3954} INFO - Setting next_dagrun for weather_tomorrowio_pipeline to 2026-07-07 03:00:00+00:00, run_after=2026-07-07 04:00:00+00:00
[2026-07-07T03:53:39.087+0000] {processor.py:183} INFO - Processing /opt/airflow/dags/dag_tomorrowio.py took 0.544 seconds
[2026-07-07T03:54:09.619+0000] {processor.py:161} INFO - Started process (PID=26943) to work on /opt/airflow/dags/dag_tomorrowio.py
[2026-07-07T03:54:09.621+0000] {processor.py:830} INFO - Processing file /opt/airflow/dags/dag_tomorrowio.py for tasks to queue
[2026-07-07T03:54:09.622+0000] {logging_mixin.py:188} INFO - [2026-07-07T03:54:09.621+0000] {dagbag.py:545} INFO - Filling up the DagBag from /opt/airflow/dags/dag_tomorrowio.py
[2026-07-07T03:54:10.045+0000] {processor.py:840} INFO - DAG(s) 'weather_tomorrowio_pipeline' retrieved from /opt/airflow/dags/dag_tomorrowio.py
[2026-07-07T03:54:10.059+0000] {logging_mixin.py:188} INFO - [2026-07-07T03:54:10.058+0000] {dag.py:3096} INFO - Sync 1 DAGs
[2026-07-07T03:54:10.069+0000] {logging_mixin.py:188} INFO - [2026-07-07T03:54:10.069+0000] {dag.py:3954} INFO - Setting next_dagrun for weather_tomorrowio_pipeline to 2026-07-07 03:00:00+00:00, run_after=2026-07-07 04:00:00+00:00
[2026-07-07T03:54:10.078+0000] {processor.py:183} INFO - Processing /opt/airflow/dags/dag_tomorrowio.py took 0.472 seconds
[2026-07-07T03:54:40.744+0000] {processor.py:161} INFO - Started process (PID=26980) to work on /opt/airflow/dags/dag_tomorrowio.py
[2026-07-07T03:54:40.747+0000] {processor.py:830} INFO - Processing file /opt/airflow/dags/dag_tomorrowio.py for tasks to queue
[2026-07-07T03:54:40.749+0000] {logging_mixin.py:188} INFO - [2026-07-07T03:54:40.748+0000] {dagbag.py:545} INFO - Filling up the DagBag from /opt/airflow/dags/dag_tomorrowio.py
[2026-07-07T03:54:41.168+0000] {processor.py:840} INFO - DAG(s) 'weather_tomorrowio_pipeline' retrieved from /opt/airflow/dags/dag_tomorrowio.py
[2026-07-07T03:54:41.191+0000] {logging_mixin.py:188} INFO - [2026-07-07T03:54:41.190+0000] {dag.py:3096} INFO - Sync 1 DAGs
[2026-07-07T03:54:41.203+0000] {logging_mixin.py:188} INFO - [2026-07-07T03:54:41.203+0000] {dag.py:3954} INFO - Setting next_dagrun for weather_tomorrowio_pipeline to 2026-07-07 03:00:00+00:00, run_after=2026-07-07 04:00:00+00:00
[2026-07-07T03:54:41.213+0000] {processor.py:183} INFO - Processing /opt/airflow/dags/dag_tomorrowio.py took 0.482 seconds
[2026-07-07T03:55:11.737+0000] {processor.py:161} INFO - Started process (PID=27017) to work on /opt/airflow/dags/dag_tomorrowio.py
[2026-07-07T03:55:11.739+0000] {processor.py:830} INFO - Processing file /opt/airflow/dags/dag_tomorrowio.py for tasks to queue
[2026-07-07T03:55:11.741+0000] {logging_mixin.py:188} INFO - [2026-07-07T03:55:11.741+0000] {dagbag.py:545} INFO - Filling up the DagBag from /opt/airflow/dags/dag_tomorrowio.py
[2026-07-07T03:55:12.053+0000] {processor.py:840} INFO - DAG(s) 'weather_tomorrowio_pipeline' retrieved from /opt/airflow/dags/dag_tomorrowio.py
[2026-07-07T03:55:12.083+0000] {logging_mixin.py:188} INFO - [2026-07-07T03:55:12.082+0000] {dag.py:3096} INFO - Sync 1 DAGs
[2026-07-07T03:55:12.107+0000] {logging_mixin.py:188} INFO - [2026-07-07T03:55:12.107+0000] {dag.py:3954} INFO - Setting next_dagrun for weather_tomorrowio_pipeline to 2026-07-07 03:00:00+00:00, run_after=2026-07-07 04:00:00+00:00
[2026-07-07T03:55:12.126+0000] {processor.py:183} INFO - Processing /opt/airflow/dags/dag_tomorrowio.py took 0.394 seconds
[2026-07-07T03:55:42.751+0000] {processor.py:161} INFO - Started process (PID=27054) to work on /opt/airflow/dags/dag_tomorrowio.py
[2026-07-07T03:55:42.754+0000] {processor.py:830} INFO - Processing file /opt/airflow/dags/dag_tomorrowio.py for tasks to queue
[2026-07-07T03:55:42.755+0000] {logging_mixin.py:188} INFO - [2026-07-07T03:55:42.754+0000] {dagbag.py:545} INFO - Filling up the DagBag from /opt/airflow/dags/dag_tomorrowio.py
[2026-07-07T03:55:43.107+0000] {processor.py:840} INFO - DAG(s) 'weather_tomorrowio_pipeline' retrieved from /opt/airflow/dags/dag_tomorrowio.py
[2026-07-07T03:55:43.126+0000] {logging_mixin.py:188} INFO - [2026-07-07T03:55:43.125+0000] {dag.py:3096} INFO - Sync 1 DAGs
[2026-07-07T03:55:43.141+0000] {logging_mixin.py:188} INFO - [2026-07-07T03:55:43.141+0000] {dag.py:3954} INFO - Setting next_dagrun for weather_tomorrowio_pipeline to 2026-07-07 03:00:00+00:00, run_after=2026-07-07 04:00:00+00:00
[2026-07-07T03:55:43.152+0000] {processor.py:183} INFO - Processing /opt/airflow/dags/dag_tomorrowio.py took 0.410 seconds
[2026-07-07T03:56:13.713+0000] {processor.py:161} INFO - Started process (PID=27091) to work on /opt/airflow/dags/dag_tomorrowio.py
[2026-07-07T03:56:13.720+0000] {processor.py:830} INFO - Processing file /opt/airflow/dags/dag_tomorrowio.py for tasks to queue
[2026-07-07T03:56:13.722+0000] {logging_mixin.py:188} INFO - [2026-07-07T03:56:13.721+0000] {dagbag.py:545} INFO - Filling up the DagBag from /opt/airflow/dags/dag_tomorrowio.py
[2026-07-07T03:56:14.292+0000] {processor.py:840} INFO - DAG(s) 'weather_tomorrowio_pipeline' retrieved from /opt/airflow/dags/dag_tomorrowio.py
[2026-07-07T03:56:14.319+0000] {logging_mixin.py:188} INFO - [2026-07-07T03:56:14.318+0000] {dag.py:3096} INFO - Sync 1 DAGs
[2026-07-07T03:56:14.334+0000] {logging_mixin.py:188} INFO - [2026-07-07T03:56:14.334+0000] {dag.py:3954} INFO - Setting next_dagrun for weather_tomorrowio_pipeline to 2026-07-07 03:00:00+00:00, run_after=2026-07-07 04:00:00+00:00
[2026-07-07T03:56:14.350+0000] {processor.py:183} INFO - Processing /opt/airflow/dags/dag_tomorrowio.py took 0.645 seconds
[2026-07-07T03:56:45.212+0000] {processor.py:161} INFO - Started process (PID=27128) to work on /opt/airflow/dags/dag_tomorrowio.py
[2026-07-07T03:56:45.216+0000] {processor.py:830} INFO - Processing file /opt/airflow/dags/dag_tomorrowio.py for tasks to queue
[2026-07-07T03:56:45.217+0000] {logging_mixin.py:188} INFO - [2026-07-07T03:56:45.217+0000] {dagbag.py:545} INFO - Filling up the DagBag from /opt/airflow/dags/dag_tomorrowio.py
[2026-07-07T03:56:45.616+0000] {processor.py:840} INFO - DAG(s) 'weather_tomorrowio_pipeline' retrieved from /opt/airflow/dags/dag_tomorrowio.py
[2026-07-07T03:56:45.638+0000] {logging_mixin.py:188} INFO - [2026-07-07T03:56:45.638+0000] {dag.py:3096} INFO - Sync 1 DAGs
[2026-07-07T03:56:45.649+0000] {logging_mixin.py:188} INFO - [2026-07-07T03:56:45.649+0000] {dag.py:3954} INFO - Setting next_dagrun for weather_tomorrowio_pipeline to 2026-07-07 03:00:00+00:00, run_after=2026-07-07 04:00:00+00:00
[2026-07-07T03:56:45.658+0000] {processor.py:183} INFO - Processing /opt/airflow/dags/dag_tomorrowio.py took 0.459 seconds
[2026-07-07T03:57:16.234+0000] {processor.py:161} INFO - Started process (PID=27165) to work on /opt/airflow/dags/dag_tomorrowio.py
[2026-07-07T03:57:16.235+0000] {processor.py:830} INFO - Processing file /opt/airflow/dags/dag_tomorrowio.py for tasks to queue
[2026-07-07T03:57:16.236+0000] {logging_mixin.py:188} INFO - [2026-07-07T03:57:16.236+0000] {dagbag.py:545} INFO - Filling up the DagBag from /opt/airflow/dags/dag_tomorrowio.py
[2026-07-07T03:57:16.597+0000] {processor.py:840} INFO - DAG(s) 'weather_tomorrowio_pipeline' retrieved from /opt/airflow/dags/dag_tomorrowio.py
[2026-07-07T03:57:16.613+0000] {logging_mixin.py:188} INFO - [2026-07-07T03:57:16.613+0000] {dag.py:3096} INFO - Sync 1 DAGs
[2026-07-07T03:57:16.624+0000] {logging_mixin.py:188} INFO - [2026-07-07T03:57:16.623+0000] {dag.py:3954} INFO - Setting next_dagrun for weather_tomorrowio_pipeline to 2026-07-07 03:00:00+00:00, run_after=2026-07-07 04:00:00+00:00
[2026-07-07T03:57:16.634+0000] {processor.py:183} INFO - Processing /opt/airflow/dags/dag_tomorrowio.py took 0.405 seconds
[2026-07-07T03:57:47.305+0000] {processor.py:161} INFO - Started process (PID=27202) to work on /opt/airflow/dags/dag_tomorrowio.py
[2026-07-07T03:57:47.307+0000] {processor.py:830} INFO - Processing file /opt/airflow/dags/dag_tomorrowio.py for tasks to queue
[2026-07-07T03:57:47.308+0000] {logging_mixin.py:188} INFO - [2026-07-07T03:57:47.308+0000] {dagbag.py:545} INFO - Filling up the DagBag from /opt/airflow/dags/dag_tomorrowio.py
[2026-07-07T03:57:47.748+0000] {processor.py:840} INFO - DAG(s) 'weather_tomorrowio_pipeline' retrieved from /opt/airflow/dags/dag_tomorrowio.py
[2026-07-07T03:57:47.772+0000] {logging_mixin.py:188} INFO - [2026-07-07T03:57:47.772+0000] {dag.py:3096} INFO - Sync 1 DAGs
[2026-07-07T03:57:47.782+0000] {logging_mixin.py:188} INFO - [2026-07-07T03:57:47.782+0000] {dag.py:3954} INFO - Setting next_dagrun for weather_tomorrowio_pipeline to 2026-07-07 03:00:00+00:00, run_after=2026-07-07 04:00:00+00:00
[2026-07-07T03:57:47.795+0000] {processor.py:183} INFO - Processing /opt/airflow/dags/dag_tomorrowio.py took 0.519 seconds
[2026-07-07T03:58:18.380+0000] {processor.py:161} INFO - Started process (PID=27239) to work on /opt/airflow/dags/dag_tomorrowio.py
[2026-07-07T03:58:18.383+0000] {processor.py:830} INFO - Processing file /opt/airflow/dags/dag_tomorrowio.py for tasks to queue
[2026-07-07T03:58:18.384+0000] {logging_mixin.py:188} INFO - [2026-07-07T03:58:18.384+0000] {dagbag.py:545} INFO - Filling up the DagBag from /opt/airflow/dags/dag_tomorrowio.py
[2026-07-07T03:58:18.804+0000] {processor.py:840} INFO - DAG(s) 'weather_tomorrowio_pipeline' retrieved from /opt/airflow/dags/dag_tomorrowio.py
[2026-07-07T03:58:18.825+0000] {logging_mixin.py:188} INFO - [2026-07-07T03:58:18.825+0000] {dag.py:3096} INFO - Sync 1 DAGs
[2026-07-07T03:58:18.835+0000] {logging_mixin.py:188} INFO - [2026-07-07T03:58:18.835+0000] {dag.py:3954} INFO - Setting next_dagrun for weather_tomorrowio_pipeline to 2026-07-07 03:00:00+00:00, run_after=2026-07-07 04:00:00+00:00
[2026-07-07T03:58:18.847+0000] {processor.py:183} INFO - Processing /opt/airflow/dags/dag_tomorrowio.py took 0.480 seconds
[2026-07-07T03:58:49.659+0000] {processor.py:161} INFO - Started process (PID=27276) to work on /opt/airflow/dags/dag_tomorrowio.py
[2026-07-07T03:58:49.661+0000] {processor.py:830} INFO - Processing file /opt/airflow/dags/dag_tomorrowio.py for tasks to queue
[2026-07-07T03:58:49.662+0000] {logging_mixin.py:188} INFO - [2026-07-07T03:58:49.661+0000] {dagbag.py:545} INFO - Filling up the DagBag from /opt/airflow/dags/dag_tomorrowio.py
[2026-07-07T03:58:50.173+0000] {processor.py:840} INFO - DAG(s) 'weather_tomorrowio_pipeline' retrieved from /opt/airflow/dags/dag_tomorrowio.py
[2026-07-07T03:58:50.204+0000] {logging_mixin.py:188} INFO - [2026-07-07T03:58:50.204+0000] {dag.py:3096} INFO - Sync 1 DAGs
[2026-07-07T03:58:50.234+0000] {logging_mixin.py:188} INFO - [2026-07-07T03:58:50.234+0000] {dag.py:3954} INFO - Setting next_dagrun for weather_tomorrowio_pipeline to 2026-07-07 03:00:00+00:00, run_after=2026-07-07 04:00:00+00:00
[2026-07-07T03:58:50.251+0000] {processor.py:183} INFO - Processing /opt/airflow/dags/dag_tomorrowio.py took 0.608 seconds
[2026-07-07T03:59:21.096+0000] {processor.py:161} INFO - Started process (PID=27313) to work on /opt/airflow/dags/dag_tomorrowio.py
[2026-07-07T03:59:21.098+0000] {processor.py:830} INFO - Processing file /opt/airflow/dags/dag_tomorrowio.py for tasks to queue
[2026-07-07T03:59:21.100+0000] {logging_mixin.py:188} INFO - [2026-07-07T03:59:21.099+0000] {dagbag.py:545} INFO - Filling up the DagBag from /opt/airflow/dags/dag_tomorrowio.py
[2026-07-07T03:59:21.550+0000] {processor.py:840} INFO - DAG(s) 'weather_tomorrowio_pipeline' retrieved from /opt/airflow/dags/dag_tomorrowio.py
[2026-07-07T03:59:21.579+0000] {logging_mixin.py:188} INFO - [2026-07-07T03:59:21.579+0000] {dag.py:3096} INFO - Sync 1 DAGs
[2026-07-07T03:59:21.589+0000] {logging_mixin.py:188} INFO - [2026-07-07T03:59:21.589+0000] {dag.py:3954} INFO - Setting next_dagrun for weather_tomorrowio_pipeline to 2026-07-07 03:00:00+00:00, run_after=2026-07-07 04:00:00+00:00
[2026-07-07T03:59:21.601+0000] {processor.py:183} INFO - Processing /opt/airflow/dags/dag_tomorrowio.py took 0.530 seconds
[2026-07-07T03:59:52.460+0000] {processor.py:161} INFO - Started process (PID=27350) to work on /opt/airflow/dags/dag_tomorrowio.py
[2026-07-07T03:59:52.464+0000] {processor.py:830} INFO - Processing file /opt/airflow/dags/dag_tomorrowio.py for tasks to queue
[2026-07-07T03:59:52.466+0000] {logging_mixin.py:188} INFO - [2026-07-07T03:59:52.465+0000] {dagbag.py:545} INFO - Filling up the DagBag from /opt/airflow/dags/dag_tomorrowio.py
[2026-07-07T03:59:52.869+0000] {processor.py:840} INFO - DAG(s) 'weather_tomorrowio_pipeline' retrieved from /opt/airflow/dags/dag_tomorrowio.py
[2026-07-07T03:59:52.897+0000] {logging_mixin.py:188} INFO - [2026-07-07T03:59:52.896+0000] {dag.py:3096} INFO - Sync 1 DAGs
[2026-07-07T03:59:52.907+0000] {logging_mixin.py:188} INFO - [2026-07-07T03:59:52.907+0000] {dag.py:3954} INFO - Setting next_dagrun for weather_tomorrowio_pipeline to 2026-07-07 03:00:00+00:00, run_after=2026-07-07 04:00:00+00:00
[2026-07-07T03:59:52.916+0000] {processor.py:183} INFO - Processing /opt/airflow/dags/dag_tomorrowio.py took 0.466 seconds
[2026-07-07T04:00:23.304+0000] {processor.py:161} INFO - Started process (PID=27965) to work on /opt/airflow/dags/dag_tomorrowio.py
[2026-07-07T04:00:23.308+0000] {processor.py:830} INFO - Processing file /opt/airflow/dags/dag_tomorrowio.py for tasks to queue
[2026-07-07T04:00:23.309+0000] {logging_mixin.py:188} INFO - [2026-07-07T04:00:23.309+0000] {dagbag.py:545} INFO - Filling up the DagBag from /opt/airflow/dags/dag_tomorrowio.py
[2026-07-07T04:00:23.637+0000] {processor.py:840} INFO - DAG(s) 'weather_tomorrowio_pipeline' retrieved from /opt/airflow/dags/dag_tomorrowio.py
[2026-07-07T04:00:23.649+0000] {logging_mixin.py:188} INFO - [2026-07-07T04:00:23.648+0000] {dag.py:3096} INFO - Sync 1 DAGs
[2026-07-07T04:00:23.657+0000] {logging_mixin.py:188} INFO - [2026-07-07T04:00:23.657+0000] {dag.py:3954} INFO - Setting next_dagrun for weather_tomorrowio_pipeline to 2026-07-07 04:00:00+00:00, run_after=2026-07-07 05:00:00+00:00
[2026-07-07T04:00:23.664+0000] {processor.py:183} INFO - Processing /opt/airflow/dags/dag_tomorrowio.py took 0.368 seconds
[2026-07-07T04:00:54.231+0000] {processor.py:161} INFO - Started process (PID=28008) to work on /opt/airflow/dags/dag_tomorrowio.py
[2026-07-07T04:00:54.233+0000] {processor.py:830} INFO - Processing file /opt/airflow/dags/dag_tomorrowio.py for tasks to queue
[2026-07-07T04:00:54.234+0000] {logging_mixin.py:188} INFO - [2026-07-07T04:00:54.233+0000] {dagbag.py:545} INFO - Filling up the DagBag from /opt/airflow/dags/dag_tomorrowio.py
[2026-07-07T04:00:54.620+0000] {processor.py:840} INFO - DAG(s) 'weather_tomorrowio_pipeline' retrieved from /opt/airflow/dags/dag_tomorrowio.py
[2026-07-07T04:00:54.634+0000] {logging_mixin.py:188} INFO - [2026-07-07T04:00:54.634+0000] {dag.py:3096} INFO - Sync 1 DAGs
[2026-07-07T04:00:54.648+0000] {logging_mixin.py:188} INFO - [2026-07-07T04:00:54.648+0000] {dag.py:3954} INFO - Setting next_dagrun for weather_tomorrowio_pipeline to 2026-07-07 04:00:00+00:00, run_after=2026-07-07 05:00:00+00:00
[2026-07-07T04:00:54.657+0000] {processor.py:183} INFO - Processing /opt/airflow/dags/dag_tomorrowio.py took 0.432 seconds
[2026-07-07T04:01:25.250+0000] {processor.py:161} INFO - Started process (PID=28045) to work on /opt/airflow/dags/dag_tomorrowio.py
[2026-07-07T04:01:25.252+0000] {processor.py:830} INFO - Processing file /opt/airflow/dags/dag_tomorrowio.py for tasks to queue
[2026-07-07T04:01:25.253+0000] {logging_mixin.py:188} INFO - [2026-07-07T04:01:25.253+0000] {dagbag.py:545} INFO - Filling up the DagBag from /opt/airflow/dags/dag_tomorrowio.py
[2026-07-07T04:01:25.672+0000] {processor.py:840} INFO - DAG(s) 'weather_tomorrowio_pipeline' retrieved from /opt/airflow/dags/dag_tomorrowio.py
[2026-07-07T04:01:25.696+0000] {logging_mixin.py:188} INFO - [2026-07-07T04:01:25.695+0000] {dag.py:3096} INFO - Sync 1 DAGs
[2026-07-07T04:01:25.707+0000] {logging_mixin.py:188} INFO - [2026-07-07T04:01:25.707+0000] {dag.py:3954} INFO - Setting next_dagrun for weather_tomorrowio_pipeline to 2026-07-07 04:00:00+00:00, run_after=2026-07-07 05:00:00+00:00
[2026-07-07T04:01:25.715+0000] {processor.py:183} INFO - Processing /opt/airflow/dags/dag_tomorrowio.py took 0.479 seconds
[2026-07-07T04:01:56.353+0000] {processor.py:161} INFO - Started process (PID=28082) to work on /opt/airflow/dags/dag_tomorrowio.py
[2026-07-07T04:01:56.358+0000] {processor.py:830} INFO - Processing file /opt/airflow/dags/dag_tomorrowio.py for tasks to queue
[2026-07-07T04:01:56.359+0000] {logging_mixin.py:188} INFO - [2026-07-07T04:01:56.359+0000] {dagbag.py:545} INFO - Filling up the DagBag from /opt/airflow/dags/dag_tomorrowio.py
[2026-07-07T04:01:56.759+0000] {processor.py:840} INFO - DAG(s) 'weather_tomorrowio_pipeline' retrieved from /opt/airflow/dags/dag_tomorrowio.py
[2026-07-07T04:01:56.785+0000] {logging_mixin.py:188} INFO - [2026-07-07T04:01:56.785+0000] {dag.py:3096} INFO - Sync 1 DAGs
[2026-07-07T04:01:56.797+0000] {logging_mixin.py:188} INFO - [2026-07-07T04:01:56.797+0000] {dag.py:3954} INFO - Setting next_dagrun for weather_tomorrowio_pipeline to 2026-07-07 04:00:00+00:00, run_after=2026-07-07 05:00:00+00:00
[2026-07-07T04:01:56.807+0000] {processor.py:183} INFO - Processing /opt/airflow/dags/dag_tomorrowio.py took 0.467 seconds
[2026-07-07T04:02:27.364+0000] {processor.py:161} INFO - Started process (PID=28119) to work on /opt/airflow/dags/dag_tomorrowio.py
[2026-07-07T04:02:27.365+0000] {processor.py:830} INFO - Processing file /opt/airflow/dags/dag_tomorrowio.py for tasks to queue
[2026-07-07T04:02:27.366+0000] {logging_mixin.py:188} INFO - [2026-07-07T04:02:27.366+0000] {dagbag.py:545} INFO - Filling up the DagBag from /opt/airflow/dags/dag_tomorrowio.py
[2026-07-07T04:02:27.786+0000] {processor.py:840} INFO - DAG(s) 'weather_tomorrowio_pipeline' retrieved from /opt/airflow/dags/dag_tomorrowio.py
[2026-07-07T04:02:27.799+0000] {logging_mixin.py:188} INFO - [2026-07-07T04:02:27.799+0000] {dag.py:3096} INFO - Sync 1 DAGs
[2026-07-07T04:02:27.811+0000] {logging_mixin.py:188} INFO - [2026-07-07T04:02:27.811+0000] {dag.py:3954} INFO - Setting next_dagrun for weather_tomorrowio_pipeline to 2026-07-07 04:00:00+00:00, run_after=2026-07-07 05:00:00+00:00
[2026-07-07T04:02:27.824+0000] {processor.py:183} INFO - Processing /opt/airflow/dags/dag_tomorrowio.py took 0.471 seconds
[2026-07-07T04:02:58.356+0000] {processor.py:161} INFO - Started process (PID=28190) to work on /opt/airflow/dags/dag_tomorrowio.py
[2026-07-07T04:02:58.358+0000] {processor.py:830} INFO - Processing file /opt/airflow/dags/dag_tomorrowio.py for tasks to queue
[2026-07-07T04:02:58.359+0000] {logging_mixin.py:188} INFO - [2026-07-07T04:02:58.359+0000] {dagbag.py:545} INFO - Filling up the DagBag from /opt/airflow/dags/dag_tomorrowio.py
[2026-07-07T04:02:58.653+0000] {processor.py:840} INFO - DAG(s) 'weather_tomorrowio_pipeline' retrieved from /opt/airflow/dags/dag_tomorrowio.py
[2026-07-07T04:02:58.665+0000] {logging_mixin.py:188} INFO - [2026-07-07T04:02:58.665+0000] {dag.py:3096} INFO - Sync 1 DAGs
[2026-07-07T04:02:58.674+0000] {logging_mixin.py:188} INFO - [2026-07-07T04:02:58.674+0000] {dag.py:3954} INFO - Setting next_dagrun for weather_tomorrowio_pipeline to 2026-07-07 04:00:00+00:00, run_after=2026-07-07 05:00:00+00:00
[2026-07-07T04:02:58.685+0000] {processor.py:183} INFO - Processing /opt/airflow/dags/dag_tomorrowio.py took 0.338 seconds
[2026-07-07T04:03:29.248+0000] {processor.py:161} INFO - Started process (PID=28227) to work on /opt/airflow/dags/dag_tomorrowio.py
[2026-07-07T04:03:29.251+0000] {processor.py:830} INFO - Processing file /opt/airflow/dags/dag_tomorrowio.py for tasks to queue
[2026-07-07T04:03:29.254+0000] {logging_mixin.py:188} INFO - [2026-07-07T04:03:29.253+0000] {dagbag.py:545} INFO - Filling up the DagBag from /opt/airflow/dags/dag_tomorrowio.py
[2026-07-07T04:03:29.749+0000] {processor.py:840} INFO - DAG(s) 'weather_tomorrowio_pipeline' retrieved from /opt/airflow/dags/dag_tomorrowio.py
[2026-07-07T04:03:29.768+0000] {logging_mixin.py:188} INFO - [2026-07-07T04:03:29.767+0000] {dag.py:3096} INFO - Sync 1 DAGs
[2026-07-07T04:03:29.781+0000] {logging_mixin.py:188} INFO - [2026-07-07T04:03:29.781+0000] {dag.py:3954} INFO - Setting next_dagrun for weather_tomorrowio_pipeline to 2026-07-07 04:00:00+00:00, run_after=2026-07-07 05:00:00+00:00
[2026-07-07T04:03:29.792+0000] {processor.py:183} INFO - Processing /opt/airflow/dags/dag_tomorrowio.py took 0.565 seconds
[2026-07-07T04:04:00.669+0000] {processor.py:161} INFO - Started process (PID=28264) to work on /opt/airflow/dags/dag_tomorrowio.py
[2026-07-07T04:04:00.671+0000] {processor.py:830} INFO - Processing file /opt/airflow/dags/dag_tomorrowio.py for tasks to queue
[2026-07-07T04:04:00.672+0000] {logging_mixin.py:188} INFO - [2026-07-07T04:04:00.672+0000] {dagbag.py:545} INFO - Filling up the DagBag from /opt/airflow/dags/dag_tomorrowio.py
[2026-07-07T04:04:01.006+0000] {processor.py:840} INFO - DAG(s) 'weather_tomorrowio_pipeline' retrieved from /opt/airflow/dags/dag_tomorrowio.py
[2026-07-07T04:04:01.020+0000] {logging_mixin.py:188} INFO - [2026-07-07T04:04:01.020+0000] {dag.py:3096} INFO - Sync 1 DAGs
[2026-07-07T04:04:01.028+0000] {logging_mixin.py:188} INFO - [2026-07-07T04:04:01.028+0000] {dag.py:3954} INFO - Setting next_dagrun for weather_tomorrowio_pipeline to 2026-07-07 04:00:00+00:00, run_after=2026-07-07 05:00:00+00:00
[2026-07-07T04:04:01.037+0000] {processor.py:183} INFO - Processing /opt/airflow/dags/dag_tomorrowio.py took 0.375 seconds
[2026-07-07T04:04:31.550+0000] {processor.py:161} INFO - Started process (PID=28301) to work on /opt/airflow/dags/dag_tomorrowio.py
[2026-07-07T04:04:31.554+0000] {processor.py:830} INFO - Processing file /opt/airflow/dags/dag_tomorrowio.py for tasks to queue
[2026-07-07T04:04:31.555+0000] {logging_mixin.py:188} INFO - [2026-07-07T04:04:31.555+0000] {dagbag.py:545} INFO - Filling up the DagBag from /opt/airflow/dags/dag_tomorrowio.py
[2026-07-07T04:04:32.109+0000] {processor.py:840} INFO - DAG(s) 'weather_tomorrowio_pipeline' retrieved from /opt/airflow/dags/dag_tomorrowio.py
[2026-07-07T04:04:32.133+0000] {logging_mixin.py:188} INFO - [2026-07-07T04:04:32.133+0000] {dag.py:3096} INFO - Sync 1 DAGs
[2026-07-07T04:04:32.147+0000] {logging_mixin.py:188} INFO - [2026-07-07T04:04:32.147+0000] {dag.py:3954} INFO - Setting next_dagrun for weather_tomorrowio_pipeline to 2026-07-07 04:00:00+00:00, run_after=2026-07-07 05:00:00+00:00
[2026-07-07T04:04:32.157+0000] {processor.py:183} INFO - Processing /opt/airflow/dags/dag_tomorrowio.py took 0.620 seconds
[2026-07-07T04:05:02.695+0000] {processor.py:161} INFO - Started process (PID=28338) to work on /opt/airflow/dags/dag_tomorrowio.py
[2026-07-07T04:05:02.697+0000] {processor.py:830} INFO - Processing file /opt/airflow/dags/dag_tomorrowio.py for tasks to queue
[2026-07-07T04:05:02.697+0000] {logging_mixin.py:188} INFO - [2026-07-07T04:05:02.697+0000] {dagbag.py:545} INFO - Filling up the DagBag from /opt/airflow/dags/dag_tomorrowio.py
[2026-07-07T04:05:03.245+0000] {processor.py:840} INFO - DAG(s) 'weather_tomorrowio_pipeline' retrieved from /opt/airflow/dags/dag_tomorrowio.py
[2026-07-07T04:05:03.263+0000] {logging_mixin.py:188} INFO - [2026-07-07T04:05:03.262+0000] {dag.py:3096} INFO - Sync 1 DAGs
[2026-07-07T04:05:03.276+0000] {logging_mixin.py:188} INFO - [2026-07-07T04:05:03.276+0000] {dag.py:3954} INFO - Setting next_dagrun for weather_tomorrowio_pipeline to 2026-07-07 04:00:00+00:00, run_after=2026-07-07 05:00:00+00:00
[2026-07-07T04:05:03.287+0000] {processor.py:183} INFO - Processing /opt/airflow/dags/dag_tomorrowio.py took 0.603 seconds
[2026-07-07T04:05:33.967+0000] {processor.py:161} INFO - Started process (PID=28375) to work on /opt/airflow/dags/dag_tomorrowio.py
[2026-07-07T04:05:33.970+0000] {processor.py:830} INFO - Processing file /opt/airflow/dags/dag_tomorrowio.py for tasks to queue
[2026-07-07T04:05:33.971+0000] {logging_mixin.py:188} INFO - [2026-07-07T04:05:33.971+0000] {dagbag.py:545} INFO - Filling up the DagBag from /opt/airflow/dags/dag_tomorrowio.py
[2026-07-07T04:05:34.523+0000] {processor.py:840} INFO - DAG(s) 'weather_tomorrowio_pipeline' retrieved from /opt/airflow/dags/dag_tomorrowio.py
[2026-07-07T04:05:34.547+0000] {logging_mixin.py:188} INFO - [2026-07-07T04:05:34.546+0000] {dag.py:3096} INFO - Sync 1 DAGs
[2026-07-07T04:05:34.560+0000] {logging_mixin.py:188} INFO - [2026-07-07T04:05:34.560+0000] {dag.py:3954} INFO - Setting next_dagrun for weather_tomorrowio_pipeline to 2026-07-07 04:00:00+00:00, run_after=2026-07-07 05:00:00+00:00
[2026-07-07T04:05:34.574+0000] {processor.py:183} INFO - Processing /opt/airflow/dags/dag_tomorrowio.py took 0.622 seconds
[2026-07-07T04:05:48.953+0000] {processor.py:161} INFO - Started process (PID=28402) to work on /opt/airflow/dags/dag_tomorrowio.py
[2026-07-07T04:05:48.957+0000] {processor.py:830} INFO - Processing file /opt/airflow/dags/dag_tomorrowio.py for tasks to queue
[2026-07-07T04:05:48.959+0000] {logging_mixin.py:188} INFO - [2026-07-07T04:05:48.958+0000] {dagbag.py:545} INFO - Filling up the DagBag from /opt/airflow/dags/dag_tomorrowio.py
[2026-07-07T04:05:49.492+0000] {processor.py:840} INFO - DAG(s) 'weather_tomorrowio_pipeline' retrieved from /opt/airflow/dags/dag_tomorrowio.py
[2026-07-07T04:05:49.505+0000] {logging_mixin.py:188} INFO - [2026-07-07T04:05:49.504+0000] {dag.py:3096} INFO - Sync 1 DAGs
[2026-07-07T04:05:49.513+0000] {logging_mixin.py:188} INFO - [2026-07-07T04:05:49.513+0000] {dag.py:3954} INFO - Setting next_dagrun for weather_tomorrowio_pipeline to 2026-07-07 04:00:00+00:00, run_after=2026-07-07 05:00:00+00:00
[2026-07-07T04:05:49.522+0000] {processor.py:183} INFO - Processing /opt/airflow/dags/dag_tomorrowio.py took 0.586 seconds
[2026-07-07T04:06:19.703+0000] {processor.py:161} INFO - Started process (PID=28439) to work on /opt/airflow/dags/dag_tomorrowio.py
[2026-07-07T04:06:19.704+0000] {processor.py:830} INFO - Processing file /opt/airflow/dags/dag_tomorrowio.py for tasks to queue
[2026-07-07T04:06:19.705+0000] {logging_mixin.py:188} INFO - [2026-07-07T04:06:19.705+0000] {dagbag.py:545} INFO - Filling up the DagBag from /opt/airflow/dags/dag_tomorrowio.py
[2026-07-07T04:06:19.965+0000] {processor.py:840} INFO - DAG(s) 'weather_tomorrowio_pipeline' retrieved from /opt/airflow/dags/dag_tomorrowio.py
[2026-07-07T04:06:19.981+0000] {logging_mixin.py:188} INFO - [2026-07-07T04:06:19.981+0000] {dag.py:3096} INFO - Sync 1 DAGs
[2026-07-07T04:06:19.989+0000] {logging_mixin.py:188} INFO - [2026-07-07T04:06:19.989+0000] {dag.py:3954} INFO - Setting next_dagrun for weather_tomorrowio_pipeline to 2026-07-07 04:00:00+00:00, run_after=2026-07-07 05:00:00+00:00
[2026-07-07T04:06:20.000+0000] {processor.py:183} INFO - Processing /opt/airflow/dags/dag_tomorrowio.py took 0.304 seconds
[2026-07-07T04:06:50.428+0000] {processor.py:161} INFO - Started process (PID=28476) to work on /opt/airflow/dags/dag_tomorrowio.py
[2026-07-07T04:06:50.429+0000] {processor.py:830} INFO - Processing file /opt/airflow/dags/dag_tomorrowio.py for tasks to queue
[2026-07-07T04:06:50.430+0000] {logging_mixin.py:188} INFO - [2026-07-07T04:06:50.430+0000] {dagbag.py:545} INFO - Filling up the DagBag from /opt/airflow/dags/dag_tomorrowio.py
[2026-07-07T04:06:50.707+0000] {processor.py:840} INFO - DAG(s) 'weather_tomorrowio_pipeline' retrieved from /opt/airflow/dags/dag_tomorrowio.py
[2026-07-07T04:06:50.718+0000] {logging_mixin.py:188} INFO - [2026-07-07T04:06:50.718+0000] {dag.py:3096} INFO - Sync 1 DAGs
[2026-07-07T04:06:50.726+0000] {logging_mixin.py:188} INFO - [2026-07-07T04:06:50.726+0000] {dag.py:3954} INFO - Setting next_dagrun for weather_tomorrowio_pipeline to 2026-07-07 04:00:00+00:00, run_after=2026-07-07 05:00:00+00:00
[2026-07-07T04:06:50.733+0000] {processor.py:183} INFO - Processing /opt/airflow/dags/dag_tomorrowio.py took 0.313 seconds
[2026-07-07T04:07:21.198+0000] {processor.py:161} INFO - Started process (PID=28513) to work on /opt/airflow/dags/dag_tomorrowio.py
[2026-07-07T04:07:21.199+0000] {processor.py:830} INFO - Processing file /opt/airflow/dags/dag_tomorrowio.py for tasks to queue
[2026-07-07T04:07:21.200+0000] {logging_mixin.py:188} INFO - [2026-07-07T04:07:21.200+0000] {dagbag.py:545} INFO - Filling up the DagBag from /opt/airflow/dags/dag_tomorrowio.py
[2026-07-07T04:07:21.415+0000] {processor.py:840} INFO - DAG(s) 'weather_tomorrowio_pipeline' retrieved from /opt/airflow/dags/dag_tomorrowio.py
[2026-07-07T04:07:21.424+0000] {logging_mixin.py:188} INFO - [2026-07-07T04:07:21.424+0000] {dag.py:3096} INFO - Sync 1 DAGs
[2026-07-07T04:07:21.431+0000] {logging_mixin.py:188} INFO - [2026-07-07T04:07:21.431+0000] {dag.py:3954} INFO - Setting next_dagrun for weather_tomorrowio_pipeline to 2026-07-07 04:00:00+00:00, run_after=2026-07-07 05:00:00+00:00
[2026-07-07T04:07:21.438+0000] {processor.py:183} INFO - Processing /opt/airflow/dags/dag_tomorrowio.py took 0.250 seconds
[2026-07-07T04:07:52.134+0000] {processor.py:161} INFO - Started process (PID=28550) to work on /opt/airflow/dags/dag_tomorrowio.py
[2026-07-07T04:07:52.136+0000] {processor.py:830} INFO - Processing file /opt/airflow/dags/dag_tomorrowio.py for tasks to queue
[2026-07-07T04:07:52.137+0000] {logging_mixin.py:188} INFO - [2026-07-07T04:07:52.136+0000] {dagbag.py:545} INFO - Filling up the DagBag from /opt/airflow/dags/dag_tomorrowio.py
[2026-07-07T04:07:52.568+0000] {processor.py:840} INFO - DAG(s) 'weather_tomorrowio_pipeline' retrieved from /opt/airflow/dags/dag_tomorrowio.py
[2026-07-07T04:07:52.584+0000] {logging_mixin.py:188} INFO - [2026-07-07T04:07:52.583+0000] {dag.py:3096} INFO - Sync 1 DAGs
[2026-07-07T04:07:52.595+0000] {logging_mixin.py:188} INFO - [2026-07-07T04:07:52.595+0000] {dag.py:3954} INFO - Setting next_dagrun for weather_tomorrowio_pipeline to 2026-07-07 04:00:00+00:00, run_after=2026-07-07 05:00:00+00:00
[2026-07-07T04:07:52.605+0000] {processor.py:183} INFO - Processing /opt/airflow/dags/dag_tomorrowio.py took 0.482 seconds
[2026-07-07T04:08:22.708+0000] {processor.py:161} INFO - Started process (PID=28587) to work on /opt/airflow/dags/dag_tomorrowio.py
[2026-07-07T04:08:22.709+0000] {processor.py:830} INFO - Processing file /opt/airflow/dags/dag_tomorrowio.py for tasks to queue
[2026-07-07T04:08:22.710+0000] {logging_mixin.py:188} INFO - [2026-07-07T04:08:22.710+0000] {dagbag.py:545} INFO - Filling up the DagBag from /opt/airflow/dags/dag_tomorrowio.py
[2026-07-07T04:08:22.980+0000] {processor.py:840} INFO - DAG(s) 'weather_tomorrowio_pipeline' retrieved from /opt/airflow/dags/dag_tomorrowio.py
[2026-07-07T04:08:22.990+0000] {logging_mixin.py:188} INFO - [2026-07-07T04:08:22.989+0000] {dag.py:3096} INFO - Sync 1 DAGs
[2026-07-07T04:08:22.997+0000] {logging_mixin.py:188} INFO - [2026-07-07T04:08:22.997+0000] {dag.py:3954} INFO - Setting next_dagrun for weather_tomorrowio_pipeline to 2026-07-07 04:00:00+00:00, run_after=2026-07-07 05:00:00+00:00
[2026-07-07T04:08:23.004+0000] {processor.py:183} INFO - Processing /opt/airflow/dags/dag_tomorrowio.py took 0.313 seconds
[2026-07-07T04:08:53.092+0000] {processor.py:161} INFO - Started process (PID=28624) to work on /opt/airflow/dags/dag_tomorrowio.py
[2026-07-07T04:08:53.093+0000] {processor.py:830} INFO - Processing file /opt/airflow/dags/dag_tomorrowio.py for tasks to queue
[2026-07-07T04:08:53.095+0000] {logging_mixin.py:188} INFO - [2026-07-07T04:08:53.094+0000] {dagbag.py:545} INFO - Filling up the DagBag from /opt/airflow/dags/dag_tomorrowio.py
[2026-07-07T04:08:53.361+0000] {processor.py:840} INFO - DAG(s) 'weather_tomorrowio_pipeline' retrieved from /opt/airflow/dags/dag_tomorrowio.py
[2026-07-07T04:08:53.371+0000] {logging_mixin.py:188} INFO - [2026-07-07T04:08:53.371+0000] {dag.py:3096} INFO - Sync 1 DAGs
[2026-07-07T04:08:53.379+0000] {logging_mixin.py:188} INFO - [2026-07-07T04:08:53.378+0000] {dag.py:3954} INFO - Setting next_dagrun for weather_tomorrowio_pipeline to 2026-07-07 04:00:00+00:00, run_after=2026-07-07 05:00:00+00:00
[2026-07-07T04:08:53.386+0000] {processor.py:183} INFO - Processing /opt/airflow/dags/dag_tomorrowio.py took 0.309 seconds
[2026-07-07T04:09:23.914+0000] {processor.py:161} INFO - Started process (PID=28661) to work on /opt/airflow/dags/dag_tomorrowio.py
[2026-07-07T04:09:23.915+0000] {processor.py:830} INFO - Processing file /opt/airflow/dags/dag_tomorrowio.py for tasks to queue
[2026-07-07T04:09:23.916+0000] {logging_mixin.py:188} INFO - [2026-07-07T04:09:23.916+0000] {dagbag.py:545} INFO - Filling up the DagBag from /opt/airflow/dags/dag_tomorrowio.py
[2026-07-07T04:09:24.120+0000] {processor.py:840} INFO - DAG(s) 'weather_tomorrowio_pipeline' retrieved from /opt/airflow/dags/dag_tomorrowio.py
[2026-07-07T04:09:24.128+0000] {logging_mixin.py:188} INFO - [2026-07-07T04:09:24.128+0000] {dag.py:3096} INFO - Sync 1 DAGs
[2026-07-07T04:09:24.134+0000] {logging_mixin.py:188} INFO - [2026-07-07T04:09:24.134+0000] {dag.py:3954} INFO - Setting next_dagrun for weather_tomorrowio_pipeline to 2026-07-07 04:00:00+00:00, run_after=2026-07-07 05:00:00+00:00
[2026-07-07T04:09:24.141+0000] {processor.py:183} INFO - Processing /opt/airflow/dags/dag_tomorrowio.py took 0.235 seconds
[2026-07-07T04:09:54.605+0000] {processor.py:161} INFO - Started process (PID=28698) to work on /opt/airflow/dags/dag_tomorrowio.py
[2026-07-07T04:09:54.607+0000] {processor.py:830} INFO - Processing file /opt/airflow/dags/dag_tomorrowio.py for tasks to queue
[2026-07-07T04:09:54.608+0000] {logging_mixin.py:188} INFO - [2026-07-07T04:09:54.607+0000] {dagbag.py:545} INFO - Filling up the DagBag from /opt/airflow/dags/dag_tomorrowio.py
[2026-07-07T04:09:54.910+0000] {processor.py:840} INFO - DAG(s) 'weather_tomorrowio_pipeline' retrieved from /opt/airflow/dags/dag_tomorrowio.py
[2026-07-07T04:09:54.917+0000] {logging_mixin.py:188} INFO - [2026-07-07T04:09:54.917+0000] {dag.py:3096} INFO - Sync 1 DAGs
[2026-07-07T04:09:54.923+0000] {logging_mixin.py:188} INFO - [2026-07-07T04:09:54.923+0000] {dag.py:3954} INFO - Setting next_dagrun for weather_tomorrowio_pipeline to 2026-07-07 04:00:00+00:00, run_after=2026-07-07 05:00:00+00:00
[2026-07-07T04:09:54.930+0000] {processor.py:183} INFO - Processing /opt/airflow/dags/dag_tomorrowio.py took 0.336 seconds
[2026-07-07T04:10:25.875+0000] {processor.py:161} INFO - Started process (PID=28745) to work on /opt/airflow/dags/dag_tomorrowio.py
[2026-07-07T04:10:25.877+0000] {processor.py:830} INFO - Processing file /opt/airflow/dags/dag_tomorrowio.py for tasks to queue
[2026-07-07T04:10:25.878+0000] {logging_mixin.py:188} INFO - [2026-07-07T04:10:25.878+0000] {dagbag.py:545} INFO - Filling up the DagBag from /opt/airflow/dags/dag_tomorrowio.py
[2026-07-07T04:10:26.231+0000] {processor.py:840} INFO - DAG(s) 'weather_tomorrowio_pipeline' retrieved from /opt/airflow/dags/dag_tomorrowio.py
[2026-07-07T04:10:26.243+0000] {logging_mixin.py:188} INFO - [2026-07-07T04:10:26.243+0000] {dag.py:3096} INFO - Sync 1 DAGs
[2026-07-07T04:10:26.251+0000] {logging_mixin.py:188} INFO - [2026-07-07T04:10:26.251+0000] {dag.py:3954} INFO - Setting next_dagrun for weather_tomorrowio_pipeline to 2026-07-07 04:00:00+00:00, run_after=2026-07-07 05:00:00+00:00
[2026-07-07T04:10:26.261+0000] {processor.py:183} INFO - Processing /opt/airflow/dags/dag_tomorrowio.py took 0.393 seconds
[2026-07-07T04:10:56.357+0000] {processor.py:161} INFO - Started process (PID=28782) to work on /opt/airflow/dags/dag_tomorrowio.py
[2026-07-07T04:10:56.358+0000] {processor.py:830} INFO - Processing file /opt/airflow/dags/dag_tomorrowio.py for tasks to queue
[2026-07-07T04:10:56.358+0000] {logging_mixin.py:188} INFO - [2026-07-07T04:10:56.358+0000] {dagbag.py:545} INFO - Filling up the DagBag from /opt/airflow/dags/dag_tomorrowio.py
[2026-07-07T04:10:56.775+0000] {processor.py:840} INFO - DAG(s) 'weather_tomorrowio_pipeline' retrieved from /opt/airflow/dags/dag_tomorrowio.py
[2026-07-07T04:10:56.795+0000] {logging_mixin.py:188} INFO - [2026-07-07T04:10:56.794+0000] {dag.py:3096} INFO - Sync 1 DAGs
[2026-07-07T04:10:56.804+0000] {logging_mixin.py:188} INFO - [2026-07-07T04:10:56.804+0000] {dag.py:3954} INFO - Setting next_dagrun for weather_tomorrowio_pipeline to 2026-07-07 04:00:00+00:00, run_after=2026-07-07 05:00:00+00:00
[2026-07-07T04:10:56.813+0000] {processor.py:183} INFO - Processing /opt/airflow/dags/dag_tomorrowio.py took 0.461 seconds
[2026-07-07T04:11:26.942+0000] {processor.py:161} INFO - Started process (PID=28819) to work on /opt/airflow/dags/dag_tomorrowio.py
[2026-07-07T04:11:26.944+0000] {processor.py:830} INFO - Processing file /opt/airflow/dags/dag_tomorrowio.py for tasks to queue
[2026-07-07T04:11:26.944+0000] {logging_mixin.py:188} INFO - [2026-07-07T04:11:26.944+0000] {dagbag.py:545} INFO - Filling up the DagBag from /opt/airflow/dags/dag_tomorrowio.py
[2026-07-07T04:11:27.296+0000] {processor.py:840} INFO - DAG(s) 'weather_tomorrowio_pipeline' retrieved from /opt/airflow/dags/dag_tomorrowio.py
[2026-07-07T04:11:27.307+0000] {logging_mixin.py:188} INFO - [2026-07-07T04:11:27.306+0000] {dag.py:3096} INFO - Sync 1 DAGs
[2026-07-07T04:11:27.315+0000] {logging_mixin.py:188} INFO - [2026-07-07T04:11:27.314+0000] {dag.py:3954} INFO - Setting next_dagrun for weather_tomorrowio_pipeline to 2026-07-07 04:00:00+00:00, run_after=2026-07-07 05:00:00+00:00
[2026-07-07T04:11:27.325+0000] {processor.py:183} INFO - Processing /opt/airflow/dags/dag_tomorrowio.py took 0.396 seconds
[2026-07-07T04:11:57.489+0000] {processor.py:161} INFO - Started process (PID=28856) to work on /opt/airflow/dags/dag_tomorrowio.py
[2026-07-07T04:11:57.490+0000] {processor.py:830} INFO - Processing file /opt/airflow/dags/dag_tomorrowio.py for tasks to queue
[2026-07-07T04:11:57.491+0000] {logging_mixin.py:188} INFO - [2026-07-07T04:11:57.490+0000] {dagbag.py:545} INFO - Filling up the DagBag from /opt/airflow/dags/dag_tomorrowio.py
[2026-07-07T04:11:57.943+0000] {processor.py:840} INFO - DAG(s) 'weather_tomorrowio_pipeline' retrieved from /opt/airflow/dags/dag_tomorrowio.py
[2026-07-07T04:11:57.957+0000] {logging_mixin.py:188} INFO - [2026-07-07T04:11:57.956+0000] {dag.py:3096} INFO - Sync 1 DAGs
[2026-07-07T04:11:57.968+0000] {logging_mixin.py:188} INFO - [2026-07-07T04:11:57.968+0000] {dag.py:3954} INFO - Setting next_dagrun for weather_tomorrowio_pipeline to 2026-07-07 04:00:00+00:00, run_after=2026-07-07 05:00:00+00:00
[2026-07-07T04:11:57.985+0000] {processor.py:183} INFO - Processing /opt/airflow/dags/dag_tomorrowio.py took 0.501 seconds
[2026-07-07T04:12:28.089+0000] {processor.py:161} INFO - Started process (PID=28893) to work on /opt/airflow/dags/dag_tomorrowio.py
[2026-07-07T04:12:28.090+0000] {processor.py:830} INFO - Processing file /opt/airflow/dags/dag_tomorrowio.py for tasks to queue
[2026-07-07T04:12:28.091+0000] {logging_mixin.py:188} INFO - [2026-07-07T04:12:28.090+0000] {dagbag.py:545} INFO - Filling up the DagBag from /opt/airflow/dags/dag_tomorrowio.py
[2026-07-07T04:12:28.342+0000] {processor.py:840} INFO - DAG(s) 'weather_tomorrowio_pipeline' retrieved from /opt/airflow/dags/dag_tomorrowio.py
[2026-07-07T04:12:28.352+0000] {logging_mixin.py:188} INFO - [2026-07-07T04:12:28.352+0000] {dag.py:3096} INFO - Sync 1 DAGs
[2026-07-07T04:12:28.359+0000] {logging_mixin.py:188} INFO - [2026-07-07T04:12:28.359+0000] {dag.py:3954} INFO - Setting next_dagrun for weather_tomorrowio_pipeline to 2026-07-07 04:00:00+00:00, run_after=2026-07-07 05:00:00+00:00
[2026-07-07T04:12:28.367+0000] {processor.py:183} INFO - Processing /opt/airflow/dags/dag_tomorrowio.py took 0.283 seconds
[2026-07-07T04:12:59.167+0000] {processor.py:161} INFO - Started process (PID=28930) to work on /opt/airflow/dags/dag_tomorrowio.py
[2026-07-07T04:12:59.168+0000] {processor.py:830} INFO - Processing file /opt/airflow/dags/dag_tomorrowio.py for tasks to queue
[2026-07-07T04:12:59.169+0000] {logging_mixin.py:188} INFO - [2026-07-07T04:12:59.168+0000] {dagbag.py:545} INFO - Filling up the DagBag from /opt/airflow/dags/dag_tomorrowio.py
[2026-07-07T04:12:59.354+0000] {processor.py:840} INFO - DAG(s) 'weather_tomorrowio_pipeline' retrieved from /opt/airflow/dags/dag_tomorrowio.py
[2026-07-07T04:12:59.363+0000] {logging_mixin.py:188} INFO - [2026-07-07T04:12:59.362+0000] {dag.py:3096} INFO - Sync 1 DAGs
[2026-07-07T04:12:59.369+0000] {logging_mixin.py:188} INFO - [2026-07-07T04:12:59.369+0000] {dag.py:3954} INFO - Setting next_dagrun for weather_tomorrowio_pipeline to 2026-07-07 04:00:00+00:00, run_after=2026-07-07 05:00:00+00:00
[2026-07-07T04:12:59.376+0000] {processor.py:183} INFO - Processing /opt/airflow/dags/dag_tomorrowio.py took 0.215 seconds
[2026-07-07T04:13:29.812+0000] {processor.py:161} INFO - Started process (PID=28967) to work on /opt/airflow/dags/dag_tomorrowio.py
[2026-07-07T04:13:29.813+0000] {processor.py:830} INFO - Processing file /opt/airflow/dags/dag_tomorrowio.py for tasks to queue
[2026-07-07T04:13:29.814+0000] {logging_mixin.py:188} INFO - [2026-07-07T04:13:29.814+0000] {dagbag.py:545} INFO - Filling up the DagBag from /opt/airflow/dags/dag_tomorrowio.py
[2026-07-07T04:13:30.021+0000] {processor.py:840} INFO - DAG(s) 'weather_tomorrowio_pipeline' retrieved from /opt/airflow/dags/dag_tomorrowio.py
[2026-07-07T04:13:30.029+0000] {logging_mixin.py:188} INFO - [2026-07-07T04:13:30.029+0000] {dag.py:3096} INFO - Sync 1 DAGs
[2026-07-07T04:13:30.036+0000] {logging_mixin.py:188} INFO - [2026-07-07T04:13:30.035+0000] {dag.py:3954} INFO - Setting next_dagrun for weather_tomorrowio_pipeline to 2026-07-07 04:00:00+00:00, run_after=2026-07-07 05:00:00+00:00
[2026-07-07T04:13:30.043+0000] {processor.py:183} INFO - Processing /opt/airflow/dags/dag_tomorrowio.py took 0.237 seconds
[2026-07-07T04:14:00.480+0000] {processor.py:161} INFO - Started process (PID=29004) to work on /opt/airflow/dags/dag_tomorrowio.py
[2026-07-07T04:14:00.481+0000] {processor.py:830} INFO - Processing file /opt/airflow/dags/dag_tomorrowio.py for tasks to queue
[2026-07-07T04:14:00.481+0000] {logging_mixin.py:188} INFO - [2026-07-07T04:14:00.481+0000] {dagbag.py:545} INFO - Filling up the DagBag from /opt/airflow/dags/dag_tomorrowio.py
[2026-07-07T04:14:00.696+0000] {processor.py:840} INFO - DAG(s) 'weather_tomorrowio_pipeline' retrieved from /opt/airflow/dags/dag_tomorrowio.py
[2026-07-07T04:14:00.703+0000] {logging_mixin.py:188} INFO - [2026-07-07T04:14:00.703+0000] {dag.py:3096} INFO - Sync 1 DAGs
[2026-07-07T04:14:00.710+0000] {logging_mixin.py:188} INFO - [2026-07-07T04:14:00.710+0000] {dag.py:3954} INFO - Setting next_dagrun for weather_tomorrowio_pipeline to 2026-07-07 04:00:00+00:00, run_after=2026-07-07 05:00:00+00:00
[2026-07-07T04:14:00.717+0000] {processor.py:183} INFO - Processing /opt/airflow/dags/dag_tomorrowio.py took 0.242 seconds
[2026-07-07T04:14:31.264+0000] {processor.py:161} INFO - Started process (PID=29041) to work on /opt/airflow/dags/dag_tomorrowio.py
[2026-07-07T04:14:31.267+0000] {processor.py:830} INFO - Processing file /opt/airflow/dags/dag_tomorrowio.py for tasks to queue
[2026-07-07T04:14:31.271+0000] {logging_mixin.py:188} INFO - [2026-07-07T04:14:31.269+0000] {dagbag.py:545} INFO - Filling up the DagBag from /opt/airflow/dags/dag_tomorrowio.py
[2026-07-07T04:14:31.886+0000] {processor.py:840} INFO - DAG(s) 'weather_tomorrowio_pipeline' retrieved from /opt/airflow/dags/dag_tomorrowio.py
[2026-07-07T04:14:31.908+0000] {logging_mixin.py:188} INFO - [2026-07-07T04:14:31.907+0000] {dag.py:3096} INFO - Sync 1 DAGs
[2026-07-07T04:14:31.923+0000] {logging_mixin.py:188} INFO - [2026-07-07T04:14:31.923+0000] {dag.py:3954} INFO - Setting next_dagrun for weather_tomorrowio_pipeline to 2026-07-07 04:00:00+00:00, run_after=2026-07-07 05:00:00+00:00
[2026-07-07T04:14:31.934+0000] {processor.py:183} INFO - Processing /opt/airflow/dags/dag_tomorrowio.py took 0.689 seconds
[2026-07-07T04:15:02.600+0000] {processor.py:161} INFO - Started process (PID=29078) to work on /opt/airflow/dags/dag_tomorrowio.py
[2026-07-07T04:15:02.602+0000] {processor.py:830} INFO - Processing file /opt/airflow/dags/dag_tomorrowio.py for tasks to queue
[2026-07-07T04:15:02.603+0000] {logging_mixin.py:188} INFO - [2026-07-07T04:15:02.602+0000] {dagbag.py:545} INFO - Filling up the DagBag from /opt/airflow/dags/dag_tomorrowio.py
[2026-07-07T04:15:02.831+0000] {processor.py:840} INFO - DAG(s) 'weather_tomorrowio_pipeline' retrieved from /opt/airflow/dags/dag_tomorrowio.py
[2026-07-07T04:15:02.841+0000] {logging_mixin.py:188} INFO - [2026-07-07T04:15:02.841+0000] {dag.py:3096} INFO - Sync 1 DAGs
[2026-07-07T04:15:02.848+0000] {logging_mixin.py:188} INFO - [2026-07-07T04:15:02.848+0000] {dag.py:3954} INFO - Setting next_dagrun for weather_tomorrowio_pipeline to 2026-07-07 04:00:00+00:00, run_after=2026-07-07 05:00:00+00:00
[2026-07-07T04:15:02.854+0000] {processor.py:183} INFO - Processing /opt/airflow/dags/dag_tomorrowio.py took 0.266 seconds
[2026-07-07T04:15:33.420+0000] {processor.py:161} INFO - Started process (PID=29115) to work on /opt/airflow/dags/dag_tomorrowio.py
[2026-07-07T04:15:33.422+0000] {processor.py:830} INFO - Processing file /opt/airflow/dags/dag_tomorrowio.py for tasks to queue
[2026-07-07T04:15:33.422+0000] {logging_mixin.py:188} INFO - [2026-07-07T04:15:33.422+0000] {dagbag.py:545} INFO - Filling up the DagBag from /opt/airflow/dags/dag_tomorrowio.py
[2026-07-07T04:15:33.835+0000] {processor.py:840} INFO - DAG(s) 'weather_tomorrowio_pipeline' retrieved from /opt/airflow/dags/dag_tomorrowio.py
[2026-07-07T04:15:33.853+0000] {logging_mixin.py:188} INFO - [2026-07-07T04:15:33.852+0000] {dag.py:3096} INFO - Sync 1 DAGs
[2026-07-07T04:15:33.861+0000] {logging_mixin.py:188} INFO - [2026-07-07T04:15:33.861+0000] {dag.py:3954} INFO - Setting next_dagrun for weather_tomorrowio_pipeline to 2026-07-07 04:00:00+00:00, run_after=2026-07-07 05:00:00+00:00
[2026-07-07T04:15:33.869+0000] {processor.py:183} INFO - Processing /opt/airflow/dags/dag_tomorrowio.py took 0.457 seconds
[2026-07-07T04:16:04.479+0000] {processor.py:161} INFO - Started process (PID=29152) to work on /opt/airflow/dags/dag_tomorrowio.py
[2026-07-07T04:16:04.481+0000] {processor.py:830} INFO - Processing file /opt/airflow/dags/dag_tomorrowio.py for tasks to queue
[2026-07-07T04:16:04.481+0000] {logging_mixin.py:188} INFO - [2026-07-07T04:16:04.481+0000] {dagbag.py:545} INFO - Filling up the DagBag from /opt/airflow/dags/dag_tomorrowio.py
[2026-07-07T04:16:04.674+0000] {processor.py:840} INFO - DAG(s) 'weather_tomorrowio_pipeline' retrieved from /opt/airflow/dags/dag_tomorrowio.py
[2026-07-07T04:16:04.690+0000] {logging_mixin.py:188} INFO - [2026-07-07T04:16:04.690+0000] {dag.py:3096} INFO - Sync 1 DAGs
[2026-07-07T04:16:04.701+0000] {logging_mixin.py:188} INFO - [2026-07-07T04:16:04.701+0000] {dag.py:3954} INFO - Setting next_dagrun for weather_tomorrowio_pipeline to 2026-07-07 04:00:00+00:00, run_after=2026-07-07 05:00:00+00:00
[2026-07-07T04:16:04.711+0000] {processor.py:183} INFO - Processing /opt/airflow/dags/dag_tomorrowio.py took 0.238 seconds
[2026-07-07T04:16:35.037+0000] {processor.py:161} INFO - Started process (PID=29189) to work on /opt/airflow/dags/dag_tomorrowio.py
[2026-07-07T04:16:35.040+0000] {processor.py:830} INFO - Processing file /opt/airflow/dags/dag_tomorrowio.py for tasks to queue
[2026-07-07T04:16:35.042+0000] {logging_mixin.py:188} INFO - [2026-07-07T04:16:35.041+0000] {dagbag.py:545} INFO - Filling up the DagBag from /opt/airflow/dags/dag_tomorrowio.py
[2026-07-07T04:16:35.453+0000] {processor.py:840} INFO - DAG(s) 'weather_tomorrowio_pipeline' retrieved from /opt/airflow/dags/dag_tomorrowio.py
[2026-07-07T04:16:35.470+0000] {logging_mixin.py:188} INFO - [2026-07-07T04:16:35.470+0000] {dag.py:3096} INFO - Sync 1 DAGs
[2026-07-07T04:16:35.480+0000] {logging_mixin.py:188} INFO - [2026-07-07T04:16:35.480+0000] {dag.py:3954} INFO - Setting next_dagrun for weather_tomorrowio_pipeline to 2026-07-07 04:00:00+00:00, run_after=2026-07-07 05:00:00+00:00
[2026-07-07T04:16:35.488+0000] {processor.py:183} INFO - Processing /opt/airflow/dags/dag_tomorrowio.py took 0.467 seconds
[2026-07-07T04:17:05.675+0000] {processor.py:161} INFO - Started process (PID=29226) to work on /opt/airflow/dags/dag_tomorrowio.py
[2026-07-07T04:17:05.677+0000] {processor.py:830} INFO - Processing file /opt/airflow/dags/dag_tomorrowio.py for tasks to queue
[2026-07-07T04:17:05.677+0000] {logging_mixin.py:188} INFO - [2026-07-07T04:17:05.677+0000] {dagbag.py:545} INFO - Filling up the DagBag from /opt/airflow/dags/dag_tomorrowio.py
[2026-07-07T04:17:05.870+0000] {processor.py:840} INFO - DAG(s) 'weather_tomorrowio_pipeline' retrieved from /opt/airflow/dags/dag_tomorrowio.py
[2026-07-07T04:17:05.878+0000] {logging_mixin.py:188} INFO - [2026-07-07T04:17:05.878+0000] {dag.py:3096} INFO - Sync 1 DAGs
[2026-07-07T04:17:05.885+0000] {logging_mixin.py:188} INFO - [2026-07-07T04:17:05.885+0000] {dag.py:3954} INFO - Setting next_dagrun for weather_tomorrowio_pipeline to 2026-07-07 04:00:00+00:00, run_after=2026-07-07 05:00:00+00:00
[2026-07-07T04:17:05.891+0000] {processor.py:183} INFO - Processing /opt/airflow/dags/dag_tomorrowio.py took 0.220 seconds
[2026-07-07T04:17:36.414+0000] {processor.py:161} INFO - Started process (PID=29263) to work on /opt/airflow/dags/dag_tomorrowio.py
[2026-07-07T04:17:36.416+0000] {processor.py:830} INFO - Processing file /opt/airflow/dags/dag_tomorrowio.py for tasks to queue
[2026-07-07T04:17:36.416+0000] {logging_mixin.py:188} INFO - [2026-07-07T04:17:36.416+0000] {dagbag.py:545} INFO - Filling up the DagBag from /opt/airflow/dags/dag_tomorrowio.py
[2026-07-07T04:17:36.764+0000] {processor.py:840} INFO - DAG(s) 'weather_tomorrowio_pipeline' retrieved from /opt/airflow/dags/dag_tomorrowio.py
[2026-07-07T04:17:36.776+0000] {logging_mixin.py:188} INFO - [2026-07-07T04:17:36.776+0000] {dag.py:3096} INFO - Sync 1 DAGs
[2026-07-07T04:17:36.784+0000] {logging_mixin.py:188} INFO - [2026-07-07T04:17:36.784+0000] {dag.py:3954} INFO - Setting next_dagrun for weather_tomorrowio_pipeline to 2026-07-07 04:00:00+00:00, run_after=2026-07-07 05:00:00+00:00
[2026-07-07T04:17:36.791+0000] {processor.py:183} INFO - Processing /opt/airflow/dags/dag_tomorrowio.py took 0.387 seconds
[2026-07-07T04:18:06.907+0000] {processor.py:161} INFO - Started process (PID=29300) to work on /opt/airflow/dags/dag_tomorrowio.py
[2026-07-07T04:18:06.908+0000] {processor.py:830} INFO - Processing file /opt/airflow/dags/dag_tomorrowio.py for tasks to queue
[2026-07-07T04:18:06.908+0000] {logging_mixin.py:188} INFO - [2026-07-07T04:18:06.908+0000] {dagbag.py:545} INFO - Filling up the DagBag from /opt/airflow/dags/dag_tomorrowio.py
[2026-07-07T04:18:07.134+0000] {processor.py:840} INFO - DAG(s) 'weather_tomorrowio_pipeline' retrieved from /opt/airflow/dags/dag_tomorrowio.py
[2026-07-07T04:18:07.144+0000] {logging_mixin.py:188} INFO - [2026-07-07T04:18:07.144+0000] {dag.py:3096} INFO - Sync 1 DAGs
[2026-07-07T04:18:07.151+0000] {logging_mixin.py:188} INFO - [2026-07-07T04:18:07.151+0000] {dag.py:3954} INFO - Setting next_dagrun for weather_tomorrowio_pipeline to 2026-07-07 04:00:00+00:00, run_after=2026-07-07 05:00:00+00:00
[2026-07-07T04:18:07.159+0000] {processor.py:183} INFO - Processing /opt/airflow/dags/dag_tomorrowio.py took 0.259 seconds
[2026-07-07T04:18:37.534+0000] {processor.py:161} INFO - Started process (PID=29337) to work on /opt/airflow/dags/dag_tomorrowio.py
[2026-07-07T04:18:37.536+0000] {processor.py:830} INFO - Processing file /opt/airflow/dags/dag_tomorrowio.py for tasks to queue
[2026-07-07T04:18:37.536+0000] {logging_mixin.py:188} INFO - [2026-07-07T04:18:37.536+0000] {dagbag.py:545} INFO - Filling up the DagBag from /opt/airflow/dags/dag_tomorrowio.py
[2026-07-07T04:18:37.980+0000] {processor.py:840} INFO - DAG(s) 'weather_tomorrowio_pipeline' retrieved from /opt/airflow/dags/dag_tomorrowio.py
[2026-07-07T04:18:37.990+0000] {logging_mixin.py:188} INFO - [2026-07-07T04:18:37.990+0000] {dag.py:3096} INFO - Sync 1 DAGs
[2026-07-07T04:18:38.001+0000] {logging_mixin.py:188} INFO - [2026-07-07T04:18:38.001+0000] {dag.py:3954} INFO - Setting next_dagrun for weather_tomorrowio_pipeline to 2026-07-07 04:00:00+00:00, run_after=2026-07-07 05:00:00+00:00
[2026-07-07T04:18:38.009+0000] {processor.py:183} INFO - Processing /opt/airflow/dags/dag_tomorrowio.py took 0.487 seconds
[2026-07-07T04:19:08.783+0000] {processor.py:161} INFO - Started process (PID=29384) to work on /opt/airflow/dags/dag_tomorrowio.py
[2026-07-07T04:19:08.785+0000] {processor.py:830} INFO - Processing file /opt/airflow/dags/dag_tomorrowio.py for tasks to queue
[2026-07-07T04:19:08.785+0000] {logging_mixin.py:188} INFO - [2026-07-07T04:19:08.785+0000] {dagbag.py:545} INFO - Filling up the DagBag from /opt/airflow/dags/dag_tomorrowio.py
[2026-07-07T04:19:09.166+0000] {processor.py:840} INFO - DAG(s) 'weather_tomorrowio_pipeline' retrieved from /opt/airflow/dags/dag_tomorrowio.py
[2026-07-07T04:19:09.178+0000] {logging_mixin.py:188} INFO - [2026-07-07T04:19:09.178+0000] {dag.py:3096} INFO - Sync 1 DAGs
[2026-07-07T04:19:09.189+0000] {logging_mixin.py:188} INFO - [2026-07-07T04:19:09.189+0000] {dag.py:3954} INFO - Setting next_dagrun for weather_tomorrowio_pipeline to 2026-07-07 04:00:00+00:00, run_after=2026-07-07 05:00:00+00:00
[2026-07-07T04:19:09.196+0000] {processor.py:183} INFO - Processing /opt/airflow/dags/dag_tomorrowio.py took 0.418 seconds
[2026-07-07T04:19:40.144+0000] {processor.py:161} INFO - Started process (PID=29431) to work on /opt/airflow/dags/dag_tomorrowio.py
[2026-07-07T04:19:40.145+0000] {processor.py:830} INFO - Processing file /opt/airflow/dags/dag_tomorrowio.py for tasks to queue
[2026-07-07T04:19:40.146+0000] {logging_mixin.py:188} INFO - [2026-07-07T04:19:40.145+0000] {dagbag.py:545} INFO - Filling up the DagBag from /opt/airflow/dags/dag_tomorrowio.py
[2026-07-07T04:19:40.686+0000] {processor.py:840} INFO - DAG(s) 'weather_tomorrowio_pipeline' retrieved from /opt/airflow/dags/dag_tomorrowio.py
[2026-07-07T04:19:40.704+0000] {logging_mixin.py:188} INFO - [2026-07-07T04:19:40.703+0000] {dag.py:3096} INFO - Sync 1 DAGs
[2026-07-07T04:19:40.721+0000] {logging_mixin.py:188} INFO - [2026-07-07T04:19:40.721+0000] {dag.py:3954} INFO - Setting next_dagrun for weather_tomorrowio_pipeline to 2026-07-07 04:00:00+00:00, run_after=2026-07-07 05:00:00+00:00
[2026-07-07T04:19:40.769+0000] {processor.py:183} INFO - Processing /opt/airflow/dags/dag_tomorrowio.py took 0.629 seconds
[2026-07-07T04:20:11.325+0000] {processor.py:161} INFO - Started process (PID=29483) to work on /opt/airflow/dags/dag_tomorrowio.py
[2026-07-07T04:20:11.331+0000] {processor.py:830} INFO - Processing file /opt/airflow/dags/dag_tomorrowio.py for tasks to queue
[2026-07-07T04:20:11.332+0000] {logging_mixin.py:188} INFO - [2026-07-07T04:20:11.332+0000] {dagbag.py:545} INFO - Filling up the DagBag from /opt/airflow/dags/dag_tomorrowio.py
[2026-07-07T04:20:11.850+0000] {processor.py:840} INFO - DAG(s) 'weather_tomorrowio_pipeline' retrieved from /opt/airflow/dags/dag_tomorrowio.py
[2026-07-07T04:20:11.875+0000] {logging_mixin.py:188} INFO - [2026-07-07T04:20:11.874+0000] {dag.py:3096} INFO - Sync 1 DAGs
[2026-07-07T04:20:11.887+0000] {logging_mixin.py:188} INFO - [2026-07-07T04:20:11.887+0000] {dag.py:3954} INFO - Setting next_dagrun for weather_tomorrowio_pipeline to 2026-07-07 04:00:00+00:00, run_after=2026-07-07 05:00:00+00:00
[2026-07-07T04:20:11.900+0000] {processor.py:183} INFO - Processing /opt/airflow/dags/dag_tomorrowio.py took 0.600 seconds
[2026-07-07T04:20:42.223+0000] {processor.py:161} INFO - Started process (PID=29545) to work on /opt/airflow/dags/dag_tomorrowio.py
[2026-07-07T04:20:42.226+0000] {processor.py:830} INFO - Processing file /opt/airflow/dags/dag_tomorrowio.py for tasks to queue
[2026-07-07T04:20:42.227+0000] {logging_mixin.py:188} INFO - [2026-07-07T04:20:42.226+0000] {dagbag.py:545} INFO - Filling up the DagBag from /opt/airflow/dags/dag_tomorrowio.py
[2026-07-07T04:20:42.615+0000] {processor.py:840} INFO - DAG(s) 'weather_tomorrowio_pipeline' retrieved from /opt/airflow/dags/dag_tomorrowio.py
[2026-07-07T04:20:42.629+0000] {logging_mixin.py:188} INFO - [2026-07-07T04:20:42.629+0000] {dag.py:3096} INFO - Sync 1 DAGs
[2026-07-07T04:20:42.637+0000] {logging_mixin.py:188} INFO - [2026-07-07T04:20:42.637+0000] {dag.py:3954} INFO - Setting next_dagrun for weather_tomorrowio_pipeline to 2026-07-07 04:00:00+00:00, run_after=2026-07-07 05:00:00+00:00
[2026-07-07T04:20:42.647+0000] {processor.py:183} INFO - Processing /opt/airflow/dags/dag_tomorrowio.py took 0.433 seconds
[2026-07-07T04:21:12.796+0000] {processor.py:161} INFO - Started process (PID=29582) to work on /opt/airflow/dags/dag_tomorrowio.py
[2026-07-07T04:21:12.796+0000] {processor.py:830} INFO - Processing file /opt/airflow/dags/dag_tomorrowio.py for tasks to queue
[2026-07-07T04:21:12.797+0000] {logging_mixin.py:188} INFO - [2026-07-07T04:21:12.797+0000] {dagbag.py:545} INFO - Filling up the DagBag from /opt/airflow/dags/dag_tomorrowio.py
[2026-07-07T04:21:13.070+0000] {processor.py:840} INFO - DAG(s) 'weather_tomorrowio_pipeline' retrieved from /opt/airflow/dags/dag_tomorrowio.py
[2026-07-07T04:21:13.080+0000] {logging_mixin.py:188} INFO - [2026-07-07T04:21:13.080+0000] {dag.py:3096} INFO - Sync 1 DAGs
[2026-07-07T04:21:13.088+0000] {logging_mixin.py:188} INFO - [2026-07-07T04:21:13.088+0000] {dag.py:3954} INFO - Setting next_dagrun for weather_tomorrowio_pipeline to 2026-07-07 04:00:00+00:00, run_after=2026-07-07 05:00:00+00:00
[2026-07-07T04:21:13.095+0000] {processor.py:183} INFO - Processing /opt/airflow/dags/dag_tomorrowio.py took 0.306 seconds
[2026-07-07T04:21:44.040+0000] {processor.py:161} INFO - Started process (PID=29619) to work on /opt/airflow/dags/dag_tomorrowio.py
[2026-07-07T04:21:44.042+0000] {processor.py:830} INFO - Processing file /opt/airflow/dags/dag_tomorrowio.py for tasks to queue
[2026-07-07T04:21:44.042+0000] {logging_mixin.py:188} INFO - [2026-07-07T04:21:44.042+0000] {dagbag.py:545} INFO - Filling up the DagBag from /opt/airflow/dags/dag_tomorrowio.py
[2026-07-07T04:21:44.367+0000] {processor.py:840} INFO - DAG(s) 'weather_tomorrowio_pipeline' retrieved from /opt/airflow/dags/dag_tomorrowio.py
[2026-07-07T04:21:44.378+0000] {logging_mixin.py:188} INFO - [2026-07-07T04:21:44.378+0000] {dag.py:3096} INFO - Sync 1 DAGs
[2026-07-07T04:21:44.386+0000] {logging_mixin.py:188} INFO - [2026-07-07T04:21:44.386+0000] {dag.py:3954} INFO - Setting next_dagrun for weather_tomorrowio_pipeline to 2026-07-07 04:00:00+00:00, run_after=2026-07-07 05:00:00+00:00
[2026-07-07T04:21:44.394+0000] {processor.py:183} INFO - Processing /opt/airflow/dags/dag_tomorrowio.py took 0.367 seconds
[2026-07-07T04:22:14.662+0000] {processor.py:161} INFO - Started process (PID=29656) to work on /opt/airflow/dags/dag_tomorrowio.py
[2026-07-07T04:22:14.664+0000] {processor.py:830} INFO - Processing file /opt/airflow/dags/dag_tomorrowio.py for tasks to queue
[2026-07-07T04:22:14.665+0000] {logging_mixin.py:188} INFO - [2026-07-07T04:22:14.664+0000] {dagbag.py:545} INFO - Filling up the DagBag from /opt/airflow/dags/dag_tomorrowio.py
[2026-07-07T04:22:15.145+0000] {processor.py:840} INFO - DAG(s) 'weather_tomorrowio_pipeline' retrieved from /opt/airflow/dags/dag_tomorrowio.py
[2026-07-07T04:22:15.160+0000] {logging_mixin.py:188} INFO - [2026-07-07T04:22:15.160+0000] {dag.py:3096} INFO - Sync 1 DAGs
[2026-07-07T04:22:15.172+0000] {logging_mixin.py:188} INFO - [2026-07-07T04:22:15.172+0000] {dag.py:3954} INFO - Setting next_dagrun for weather_tomorrowio_pipeline to 2026-07-07 04:00:00+00:00, run_after=2026-07-07 05:00:00+00:00
[2026-07-07T04:22:15.181+0000] {processor.py:183} INFO - Processing /opt/airflow/dags/dag_tomorrowio.py took 0.534 seconds
[2026-07-07T04:22:45.860+0000] {processor.py:161} INFO - Started process (PID=29693) to work on /opt/airflow/dags/dag_tomorrowio.py
[2026-07-07T04:22:45.863+0000] {processor.py:830} INFO - Processing file /opt/airflow/dags/dag_tomorrowio.py for tasks to queue
[2026-07-07T04:22:45.864+0000] {logging_mixin.py:188} INFO - [2026-07-07T04:22:45.863+0000] {dagbag.py:545} INFO - Filling up the DagBag from /opt/airflow/dags/dag_tomorrowio.py
[2026-07-07T04:22:46.252+0000] {processor.py:840} INFO - DAG(s) 'weather_tomorrowio_pipeline' retrieved from /opt/airflow/dags/dag_tomorrowio.py
[2026-07-07T04:22:46.264+0000] {logging_mixin.py:188} INFO - [2026-07-07T04:22:46.263+0000] {dag.py:3096} INFO - Sync 1 DAGs
[2026-07-07T04:22:46.282+0000] {logging_mixin.py:188} INFO - [2026-07-07T04:22:46.282+0000] {dag.py:3954} INFO - Setting next_dagrun for weather_tomorrowio_pipeline to 2026-07-07 04:00:00+00:00, run_after=2026-07-07 05:00:00+00:00
[2026-07-07T04:22:46.309+0000] {processor.py:183} INFO - Processing /opt/airflow/dags/dag_tomorrowio.py took 0.459 seconds
[2026-07-07T04:23:16.912+0000] {processor.py:161} INFO - Started process (PID=29730) to work on /opt/airflow/dags/dag_tomorrowio.py
[2026-07-07T04:23:16.913+0000] {processor.py:830} INFO - Processing file /opt/airflow/dags/dag_tomorrowio.py for tasks to queue
[2026-07-07T04:23:16.914+0000] {logging_mixin.py:188} INFO - [2026-07-07T04:23:16.914+0000] {dagbag.py:545} INFO - Filling up the DagBag from /opt/airflow/dags/dag_tomorrowio.py
[2026-07-07T04:23:17.156+0000] {processor.py:840} INFO - DAG(s) 'weather_tomorrowio_pipeline' retrieved from /opt/airflow/dags/dag_tomorrowio.py
[2026-07-07T04:23:17.165+0000] {logging_mixin.py:188} INFO - [2026-07-07T04:23:17.165+0000] {dag.py:3096} INFO - Sync 1 DAGs
[2026-07-07T04:23:17.172+0000] {logging_mixin.py:188} INFO - [2026-07-07T04:23:17.172+0000] {dag.py:3954} INFO - Setting next_dagrun for weather_tomorrowio_pipeline to 2026-07-07 04:00:00+00:00, run_after=2026-07-07 05:00:00+00:00
[2026-07-07T04:23:17.181+0000] {processor.py:183} INFO - Processing /opt/airflow/dags/dag_tomorrowio.py took 0.277 seconds
[2026-07-07T04:23:47.877+0000] {processor.py:161} INFO - Started process (PID=29767) to work on /opt/airflow/dags/dag_tomorrowio.py
[2026-07-07T04:23:47.879+0000] {processor.py:830} INFO - Processing file /opt/airflow/dags/dag_tomorrowio.py for tasks to queue
[2026-07-07T04:23:47.880+0000] {logging_mixin.py:188} INFO - [2026-07-07T04:23:47.880+0000] {dagbag.py:545} INFO - Filling up the DagBag from /opt/airflow/dags/dag_tomorrowio.py
[2026-07-07T04:23:48.341+0000] {processor.py:840} INFO - DAG(s) 'weather_tomorrowio_pipeline' retrieved from /opt/airflow/dags/dag_tomorrowio.py
[2026-07-07T04:23:48.353+0000] {logging_mixin.py:188} INFO - [2026-07-07T04:23:48.353+0000] {dag.py:3096} INFO - Sync 1 DAGs
[2026-07-07T04:23:48.362+0000] {logging_mixin.py:188} INFO - [2026-07-07T04:23:48.362+0000] {dag.py:3954} INFO - Setting next_dagrun for weather_tomorrowio_pipeline to 2026-07-07 04:00:00+00:00, run_after=2026-07-07 05:00:00+00:00
[2026-07-07T04:23:48.373+0000] {processor.py:183} INFO - Processing /opt/airflow/dags/dag_tomorrowio.py took 0.509 seconds
[2026-07-07T04:24:18.514+0000] {processor.py:161} INFO - Started process (PID=29804) to work on /opt/airflow/dags/dag_tomorrowio.py
[2026-07-07T04:24:18.517+0000] {processor.py:830} INFO - Processing file /opt/airflow/dags/dag_tomorrowio.py for tasks to queue
[2026-07-07T04:24:18.519+0000] {logging_mixin.py:188} INFO - [2026-07-07T04:24:18.519+0000] {dagbag.py:545} INFO - Filling up the DagBag from /opt/airflow/dags/dag_tomorrowio.py
[2026-07-07T04:24:18.952+0000] {processor.py:840} INFO - DAG(s) 'weather_tomorrowio_pipeline' retrieved from /opt/airflow/dags/dag_tomorrowio.py
[2026-07-07T04:24:18.969+0000] {logging_mixin.py:188} INFO - [2026-07-07T04:24:18.969+0000] {dag.py:3096} INFO - Sync 1 DAGs
[2026-07-07T04:24:18.978+0000] {logging_mixin.py:188} INFO - [2026-07-07T04:24:18.978+0000] {dag.py:3954} INFO - Setting next_dagrun for weather_tomorrowio_pipeline to 2026-07-07 04:00:00+00:00, run_after=2026-07-07 05:00:00+00:00
[2026-07-07T04:24:18.987+0000] {processor.py:183} INFO - Processing /opt/airflow/dags/dag_tomorrowio.py took 0.485 seconds
[2026-07-07T04:24:49.441+0000] {processor.py:161} INFO - Started process (PID=29841) to work on /opt/airflow/dags/dag_tomorrowio.py
[2026-07-07T04:24:49.443+0000] {processor.py:830} INFO - Processing file /opt/airflow/dags/dag_tomorrowio.py for tasks to queue
[2026-07-07T04:24:49.444+0000] {logging_mixin.py:188} INFO - [2026-07-07T04:24:49.444+0000] {dagbag.py:545} INFO - Filling up the DagBag from /opt/airflow/dags/dag_tomorrowio.py
[2026-07-07T04:24:49.674+0000] {processor.py:840} INFO - DAG(s) 'weather_tomorrowio_pipeline' retrieved from /opt/airflow/dags/dag_tomorrowio.py
[2026-07-07T04:24:49.683+0000] {logging_mixin.py:188} INFO - [2026-07-07T04:24:49.683+0000] {dag.py:3096} INFO - Sync 1 DAGs
[2026-07-07T04:24:49.692+0000] {logging_mixin.py:188} INFO - [2026-07-07T04:24:49.692+0000] {dag.py:3954} INFO - Setting next_dagrun for weather_tomorrowio_pipeline to 2026-07-07 04:00:00+00:00, run_after=2026-07-07 05:00:00+00:00
[2026-07-07T04:24:49.698+0000] {processor.py:183} INFO - Processing /opt/airflow/dags/dag_tomorrowio.py took 0.266 seconds
[2026-07-07T04:25:20.010+0000] {processor.py:161} INFO - Started process (PID=29878) to work on /opt/airflow/dags/dag_tomorrowio.py
[2026-07-07T04:25:20.012+0000] {processor.py:830} INFO - Processing file /opt/airflow/dags/dag_tomorrowio.py for tasks to queue
[2026-07-07T04:25:20.013+0000] {logging_mixin.py:188} INFO - [2026-07-07T04:25:20.013+0000] {dagbag.py:545} INFO - Filling up the DagBag from /opt/airflow/dags/dag_tomorrowio.py
[2026-07-07T04:25:20.277+0000] {processor.py:840} INFO - DAG(s) 'weather_tomorrowio_pipeline' retrieved from /opt/airflow/dags/dag_tomorrowio.py
[2026-07-07T04:25:20.288+0000] {logging_mixin.py:188} INFO - [2026-07-07T04:25:20.287+0000] {dag.py:3096} INFO - Sync 1 DAGs
[2026-07-07T04:25:20.295+0000] {logging_mixin.py:188} INFO - [2026-07-07T04:25:20.295+0000] {dag.py:3954} INFO - Setting next_dagrun for weather_tomorrowio_pipeline to 2026-07-07 04:00:00+00:00, run_after=2026-07-07 05:00:00+00:00
[2026-07-07T04:25:20.303+0000] {processor.py:183} INFO - Processing /opt/airflow/dags/dag_tomorrowio.py took 0.306 seconds
[2026-07-07T04:25:50.885+0000] {processor.py:161} INFO - Started process (PID=29915) to work on /opt/airflow/dags/dag_tomorrowio.py
[2026-07-07T04:25:50.887+0000] {processor.py:830} INFO - Processing file /opt/airflow/dags/dag_tomorrowio.py for tasks to queue
[2026-07-07T04:25:50.888+0000] {logging_mixin.py:188} INFO - [2026-07-07T04:25:50.888+0000] {dagbag.py:545} INFO - Filling up the DagBag from /opt/airflow/dags/dag_tomorrowio.py
[2026-07-07T04:25:51.146+0000] {processor.py:840} INFO - DAG(s) 'weather_tomorrowio_pipeline' retrieved from /opt/airflow/dags/dag_tomorrowio.py
[2026-07-07T04:25:51.158+0000] {logging_mixin.py:188} INFO - [2026-07-07T04:25:51.158+0000] {dag.py:3096} INFO - Sync 1 DAGs
[2026-07-07T04:25:51.165+0000] {logging_mixin.py:188} INFO - [2026-07-07T04:25:51.165+0000] {dag.py:3954} INFO - Setting next_dagrun for weather_tomorrowio_pipeline to 2026-07-07 04:00:00+00:00, run_after=2026-07-07 05:00:00+00:00
[2026-07-07T04:25:51.173+0000] {processor.py:183} INFO - Processing /opt/airflow/dags/dag_tomorrowio.py took 0.297 seconds
[2026-07-07T04:26:21.762+0000] {processor.py:161} INFO - Started process (PID=29952) to work on /opt/airflow/dags/dag_tomorrowio.py
[2026-07-07T04:26:21.763+0000] {processor.py:830} INFO - Processing file /opt/airflow/dags/dag_tomorrowio.py for tasks to queue
[2026-07-07T04:26:21.764+0000] {logging_mixin.py:188} INFO - [2026-07-07T04:26:21.763+0000] {dagbag.py:545} INFO - Filling up the DagBag from /opt/airflow/dags/dag_tomorrowio.py
[2026-07-07T04:26:21.963+0000] {processor.py:840} INFO - DAG(s) 'weather_tomorrowio_pipeline' retrieved from /opt/airflow/dags/dag_tomorrowio.py
[2026-07-07T04:26:21.970+0000] {logging_mixin.py:188} INFO - [2026-07-07T04:26:21.970+0000] {dag.py:3096} INFO - Sync 1 DAGs
[2026-07-07T04:26:21.977+0000] {logging_mixin.py:188} INFO - [2026-07-07T04:26:21.977+0000] {dag.py:3954} INFO - Setting next_dagrun for weather_tomorrowio_pipeline to 2026-07-07 04:00:00+00:00, run_after=2026-07-07 05:00:00+00:00
[2026-07-07T04:26:21.984+0000] {processor.py:183} INFO - Processing /opt/airflow/dags/dag_tomorrowio.py took 0.229 seconds
[2026-07-07T04:26:52.412+0000] {processor.py:161} INFO - Started process (PID=29989) to work on /opt/airflow/dags/dag_tomorrowio.py
[2026-07-07T04:26:52.414+0000] {processor.py:830} INFO - Processing file /opt/airflow/dags/dag_tomorrowio.py for tasks to queue
[2026-07-07T04:26:52.415+0000] {logging_mixin.py:188} INFO - [2026-07-07T04:26:52.414+0000] {dagbag.py:545} INFO - Filling up the DagBag from /opt/airflow/dags/dag_tomorrowio.py
[2026-07-07T04:26:52.619+0000] {processor.py:840} INFO - DAG(s) 'weather_tomorrowio_pipeline' retrieved from /opt/airflow/dags/dag_tomorrowio.py
[2026-07-07T04:26:52.627+0000] {logging_mixin.py:188} INFO - [2026-07-07T04:26:52.627+0000] {dag.py:3096} INFO - Sync 1 DAGs
[2026-07-07T04:26:52.634+0000] {logging_mixin.py:188} INFO - [2026-07-07T04:26:52.634+0000] {dag.py:3954} INFO - Setting next_dagrun for weather_tomorrowio_pipeline to 2026-07-07 04:00:00+00:00, run_after=2026-07-07 05:00:00+00:00
[2026-07-07T04:26:52.641+0000] {processor.py:183} INFO - Processing /opt/airflow/dags/dag_tomorrowio.py took 0.236 seconds
[2026-07-07T04:27:22.989+0000] {processor.py:161} INFO - Started process (PID=30026) to work on /opt/airflow/dags/dag_tomorrowio.py
[2026-07-07T04:27:22.990+0000] {processor.py:830} INFO - Processing file /opt/airflow/dags/dag_tomorrowio.py for tasks to queue
[2026-07-07T04:27:22.991+0000] {logging_mixin.py:188} INFO - [2026-07-07T04:27:22.991+0000] {dagbag.py:545} INFO - Filling up the DagBag from /opt/airflow/dags/dag_tomorrowio.py
[2026-07-07T04:27:23.204+0000] {processor.py:840} INFO - DAG(s) 'weather_tomorrowio_pipeline' retrieved from /opt/airflow/dags/dag_tomorrowio.py
[2026-07-07T04:27:23.212+0000] {logging_mixin.py:188} INFO - [2026-07-07T04:27:23.212+0000] {dag.py:3096} INFO - Sync 1 DAGs
[2026-07-07T04:27:23.220+0000] {logging_mixin.py:188} INFO - [2026-07-07T04:27:23.220+0000] {dag.py:3954} INFO - Setting next_dagrun for weather_tomorrowio_pipeline to 2026-07-07 04:00:00+00:00, run_after=2026-07-07 05:00:00+00:00
[2026-07-07T04:27:23.227+0000] {processor.py:183} INFO - Processing /opt/airflow/dags/dag_tomorrowio.py took 0.247 seconds
[2026-07-07T04:27:53.665+0000] {processor.py:161} INFO - Started process (PID=30063) to work on /opt/airflow/dags/dag_tomorrowio.py
[2026-07-07T04:27:53.667+0000] {processor.py:830} INFO - Processing file /opt/airflow/dags/dag_tomorrowio.py for tasks to queue
[2026-07-07T04:27:53.667+0000] {logging_mixin.py:188} INFO - [2026-07-07T04:27:53.667+0000] {dagbag.py:545} INFO - Filling up the DagBag from /opt/airflow/dags/dag_tomorrowio.py
[2026-07-07T04:27:53.938+0000] {processor.py:840} INFO - DAG(s) 'weather_tomorrowio_pipeline' retrieved from /opt/airflow/dags/dag_tomorrowio.py
[2026-07-07T04:27:53.957+0000] {logging_mixin.py:188} INFO - [2026-07-07T04:27:53.956+0000] {dag.py:3096} INFO - Sync 1 DAGs
[2026-07-07T04:27:53.969+0000] {logging_mixin.py:188} INFO - [2026-07-07T04:27:53.969+0000] {dag.py:3954} INFO - Setting next_dagrun for weather_tomorrowio_pipeline to 2026-07-07 04:00:00+00:00, run_after=2026-07-07 05:00:00+00:00
[2026-07-07T04:27:53.976+0000] {processor.py:183} INFO - Processing /opt/airflow/dags/dag_tomorrowio.py took 0.324 seconds
[2026-07-07T04:28:24.224+0000] {processor.py:161} INFO - Started process (PID=30100) to work on /opt/airflow/dags/dag_tomorrowio.py
[2026-07-07T04:28:24.225+0000] {processor.py:830} INFO - Processing file /opt/airflow/dags/dag_tomorrowio.py for tasks to queue
[2026-07-07T04:28:24.226+0000] {logging_mixin.py:188} INFO - [2026-07-07T04:28:24.226+0000] {dagbag.py:545} INFO - Filling up the DagBag from /opt/airflow/dags/dag_tomorrowio.py
[2026-07-07T04:28:24.546+0000] {processor.py:840} INFO - DAG(s) 'weather_tomorrowio_pipeline' retrieved from /opt/airflow/dags/dag_tomorrowio.py
[2026-07-07T04:28:24.556+0000] {logging_mixin.py:188} INFO - [2026-07-07T04:28:24.556+0000] {dag.py:3096} INFO - Sync 1 DAGs
[2026-07-07T04:28:24.564+0000] {logging_mixin.py:188} INFO - [2026-07-07T04:28:24.564+0000] {dag.py:3954} INFO - Setting next_dagrun for weather_tomorrowio_pipeline to 2026-07-07 04:00:00+00:00, run_after=2026-07-07 05:00:00+00:00
[2026-07-07T04:28:24.572+0000] {processor.py:183} INFO - Processing /opt/airflow/dags/dag_tomorrowio.py took 0.357 seconds
[2026-07-07T04:28:54.675+0000] {processor.py:161} INFO - Started process (PID=30137) to work on /opt/airflow/dags/dag_tomorrowio.py
[2026-07-07T04:28:54.677+0000] {processor.py:830} INFO - Processing file /opt/airflow/dags/dag_tomorrowio.py for tasks to queue
[2026-07-07T04:28:54.678+0000] {logging_mixin.py:188} INFO - [2026-07-07T04:28:54.678+0000] {dagbag.py:545} INFO - Filling up the DagBag from /opt/airflow/dags/dag_tomorrowio.py
[2026-07-07T04:28:55.117+0000] {processor.py:840} INFO - DAG(s) 'weather_tomorrowio_pipeline' retrieved from /opt/airflow/dags/dag_tomorrowio.py
[2026-07-07T04:28:55.133+0000] {logging_mixin.py:188} INFO - [2026-07-07T04:28:55.133+0000] {dag.py:3096} INFO - Sync 1 DAGs
[2026-07-07T04:28:55.142+0000] {logging_mixin.py:188} INFO - [2026-07-07T04:28:55.142+0000] {dag.py:3954} INFO - Setting next_dagrun for weather_tomorrowio_pipeline to 2026-07-07 04:00:00+00:00, run_after=2026-07-07 05:00:00+00:00
[2026-07-07T04:28:55.150+0000] {processor.py:183} INFO - Processing /opt/airflow/dags/dag_tomorrowio.py took 0.499 seconds
[2026-07-07T04:29:25.326+0000] {processor.py:161} INFO - Started process (PID=30174) to work on /opt/airflow/dags/dag_tomorrowio.py
[2026-07-07T04:29:25.327+0000] {processor.py:830} INFO - Processing file /opt/airflow/dags/dag_tomorrowio.py for tasks to queue
[2026-07-07T04:29:25.328+0000] {logging_mixin.py:188} INFO - [2026-07-07T04:29:25.328+0000] {dagbag.py:545} INFO - Filling up the DagBag from /opt/airflow/dags/dag_tomorrowio.py
[2026-07-07T04:29:25.665+0000] {processor.py:840} INFO - DAG(s) 'weather_tomorrowio_pipeline' retrieved from /opt/airflow/dags/dag_tomorrowio.py
[2026-07-07T04:29:25.694+0000] {logging_mixin.py:188} INFO - [2026-07-07T04:29:25.693+0000] {dag.py:3096} INFO - Sync 1 DAGs
[2026-07-07T04:29:25.706+0000] {logging_mixin.py:188} INFO - [2026-07-07T04:29:25.706+0000] {dag.py:3954} INFO - Setting next_dagrun for weather_tomorrowio_pipeline to 2026-07-07 04:00:00+00:00, run_after=2026-07-07 05:00:00+00:00
[2026-07-07T04:29:25.717+0000] {processor.py:183} INFO - Processing /opt/airflow/dags/dag_tomorrowio.py took 0.396 seconds
[2026-07-07T04:29:55.998+0000] {processor.py:161} INFO - Started process (PID=30211) to work on /opt/airflow/dags/dag_tomorrowio.py
[2026-07-07T04:29:56.006+0000] {processor.py:830} INFO - Processing file /opt/airflow/dags/dag_tomorrowio.py for tasks to queue
[2026-07-07T04:29:56.007+0000] {logging_mixin.py:188} INFO - [2026-07-07T04:29:56.007+0000] {dagbag.py:545} INFO - Filling up the DagBag from /opt/airflow/dags/dag_tomorrowio.py
[2026-07-07T04:29:56.396+0000] {processor.py:840} INFO - DAG(s) 'weather_tomorrowio_pipeline' retrieved from /opt/airflow/dags/dag_tomorrowio.py
[2026-07-07T04:29:56.411+0000] {logging_mixin.py:188} INFO - [2026-07-07T04:29:56.411+0000] {dag.py:3096} INFO - Sync 1 DAGs
[2026-07-07T04:29:56.420+0000] {logging_mixin.py:188} INFO - [2026-07-07T04:29:56.420+0000] {dag.py:3954} INFO - Setting next_dagrun for weather_tomorrowio_pipeline to 2026-07-07 04:00:00+00:00, run_after=2026-07-07 05:00:00+00:00
[2026-07-07T04:29:56.431+0000] {processor.py:183} INFO - Processing /opt/airflow/dags/dag_tomorrowio.py took 0.450 seconds
[2026-07-07T04:30:26.475+0000] {processor.py:161} INFO - Started process (PID=30248) to work on /opt/airflow/dags/dag_tomorrowio.py
[2026-07-07T04:30:26.477+0000] {processor.py:830} INFO - Processing file /opt/airflow/dags/dag_tomorrowio.py for tasks to queue
[2026-07-07T04:30:26.477+0000] {logging_mixin.py:188} INFO - [2026-07-07T04:30:26.477+0000] {dagbag.py:545} INFO - Filling up the DagBag from /opt/airflow/dags/dag_tomorrowio.py
[2026-07-07T04:30:26.675+0000] {processor.py:840} INFO - DAG(s) 'weather_tomorrowio_pipeline' retrieved from /opt/airflow/dags/dag_tomorrowio.py
[2026-07-07T04:30:26.686+0000] {logging_mixin.py:188} INFO - [2026-07-07T04:30:26.686+0000] {dag.py:3096} INFO - Sync 1 DAGs
[2026-07-07T04:30:26.697+0000] {logging_mixin.py:188} INFO - [2026-07-07T04:30:26.697+0000] {dag.py:3954} INFO - Setting next_dagrun for weather_tomorrowio_pipeline to 2026-07-07 04:00:00+00:00, run_after=2026-07-07 05:00:00+00:00
[2026-07-07T04:30:26.708+0000] {processor.py:183} INFO - Processing /opt/airflow/dags/dag_tomorrowio.py took 0.241 seconds
