[2026-06-30T08:25:37.195+0000] {processor.py:161} INFO - Started process (PID=26959) to work on /opt/airflow/dags/dag_tomorrowio.py
[2026-06-30T08:25:37.196+0000] {processor.py:830} INFO - Processing file /opt/airflow/dags/dag_tomorrowio.py for tasks to queue
[2026-06-30T08:25:37.196+0000] {logging_mixin.py:188} INFO - [2026-06-30T08:25:37.196+0000] {dagbag.py:545} INFO - Filling up the DagBag from /opt/airflow/dags/dag_tomorrowio.py
[2026-06-30T08:25:37.205+0000] {logging_mixin.py:188} INFO - [2026-06-30T08:25:37.201+0000] {dagbag.py:355} ERROR - Failed to import: /opt/airflow/dags/dag_tomorrowio.py
Traceback (most recent call last):
  File "/home/airflow/.local/lib/python3.12/site-packages/airflow/models/dagbag.py", line 351, in parse
    loader.exec_module(new_module)
  File "<frozen importlib._bootstrap_external>", line 995, in exec_module
  File "<frozen importlib._bootstrap>", line 488, in _call_with_frames_removed
  File "/opt/airflow/dags/dag_tomorrowio.py", line 4, in <module>
    from airflow.providers.apache.spark.operators.spark_submit import SparkSubmitOperator
ModuleNotFoundError: No module named 'airflow.providers.apache'
[2026-06-30T08:25:37.205+0000] {processor.py:842} WARNING - No viable dags retrieved from /opt/airflow/dags/dag_tomorrowio.py
[2026-06-30T08:25:37.221+0000] {processor.py:183} INFO - Processing /opt/airflow/dags/dag_tomorrowio.py took 0.030 seconds
[2026-06-30T08:26:07.550+0000] {processor.py:161} INFO - Started process (PID=26991) to work on /opt/airflow/dags/dag_tomorrowio.py
[2026-06-30T08:26:07.551+0000] {processor.py:830} INFO - Processing file /opt/airflow/dags/dag_tomorrowio.py for tasks to queue
[2026-06-30T08:26:07.552+0000] {logging_mixin.py:188} INFO - [2026-06-30T08:26:07.552+0000] {dagbag.py:545} INFO - Filling up the DagBag from /opt/airflow/dags/dag_tomorrowio.py
[2026-06-30T08:26:07.555+0000] {logging_mixin.py:188} INFO - [2026-06-30T08:26:07.554+0000] {dagbag.py:355} ERROR - Failed to import: /opt/airflow/dags/dag_tomorrowio.py
Traceback (most recent call last):
  File "/home/airflow/.local/lib/python3.12/site-packages/airflow/models/dagbag.py", line 351, in parse
    loader.exec_module(new_module)
  File "<frozen importlib._bootstrap_external>", line 995, in exec_module
  File "<frozen importlib._bootstrap>", line 488, in _call_with_frames_removed
  File "/opt/airflow/dags/dag_tomorrowio.py", line 4, in <module>
    from airflow.providers.apache.spark.operators.spark_submit import SparkSubmitOperator
ModuleNotFoundError: No module named 'airflow.providers.apache'
[2026-06-30T08:26:07.556+0000] {processor.py:842} WARNING - No viable dags retrieved from /opt/airflow/dags/dag_tomorrowio.py
[2026-06-30T08:26:07.570+0000] {processor.py:183} INFO - Processing /opt/airflow/dags/dag_tomorrowio.py took 0.035 seconds
[2026-06-30T08:26:37.824+0000] {processor.py:161} INFO - Started process (PID=27023) to work on /opt/airflow/dags/dag_tomorrowio.py
[2026-06-30T08:26:37.827+0000] {processor.py:830} INFO - Processing file /opt/airflow/dags/dag_tomorrowio.py for tasks to queue
[2026-06-30T08:26:37.828+0000] {logging_mixin.py:188} INFO - [2026-06-30T08:26:37.827+0000] {dagbag.py:545} INFO - Filling up the DagBag from /opt/airflow/dags/dag_tomorrowio.py
[2026-06-30T08:26:37.832+0000] {logging_mixin.py:188} INFO - [2026-06-30T08:26:37.830+0000] {dagbag.py:355} ERROR - Failed to import: /opt/airflow/dags/dag_tomorrowio.py
Traceback (most recent call last):
  File "/home/airflow/.local/lib/python3.12/site-packages/airflow/models/dagbag.py", line 351, in parse
    loader.exec_module(new_module)
  File "<frozen importlib._bootstrap_external>", line 995, in exec_module
  File "<frozen importlib._bootstrap>", line 488, in _call_with_frames_removed
  File "/opt/airflow/dags/dag_tomorrowio.py", line 4, in <module>
    from airflow.providers.apache.spark.operators.spark_submit import SparkSubmitOperator
ModuleNotFoundError: No module named 'airflow.providers.apache'
[2026-06-30T08:26:37.832+0000] {processor.py:842} WARNING - No viable dags retrieved from /opt/airflow/dags/dag_tomorrowio.py
[2026-06-30T08:26:37.847+0000] {processor.py:183} INFO - Processing /opt/airflow/dags/dag_tomorrowio.py took 0.030 seconds
[2026-06-30T08:27:08.109+0000] {processor.py:161} INFO - Started process (PID=27055) to work on /opt/airflow/dags/dag_tomorrowio.py
[2026-06-30T08:27:08.111+0000] {processor.py:830} INFO - Processing file /opt/airflow/dags/dag_tomorrowio.py for tasks to queue
[2026-06-30T08:27:08.112+0000] {logging_mixin.py:188} INFO - [2026-06-30T08:27:08.112+0000] {dagbag.py:545} INFO - Filling up the DagBag from /opt/airflow/dags/dag_tomorrowio.py
[2026-06-30T08:27:08.116+0000] {logging_mixin.py:188} INFO - [2026-06-30T08:27:08.115+0000] {dagbag.py:355} ERROR - Failed to import: /opt/airflow/dags/dag_tomorrowio.py
Traceback (most recent call last):
  File "/home/airflow/.local/lib/python3.12/site-packages/airflow/models/dagbag.py", line 351, in parse
    loader.exec_module(new_module)
  File "<frozen importlib._bootstrap_external>", line 995, in exec_module
  File "<frozen importlib._bootstrap>", line 488, in _call_with_frames_removed
  File "/opt/airflow/dags/dag_tomorrowio.py", line 4, in <module>
    from airflow.providers.apache.spark.operators.spark_submit import SparkSubmitOperator
ModuleNotFoundError: No module named 'airflow.providers.apache'
[2026-06-30T08:27:08.116+0000] {processor.py:842} WARNING - No viable dags retrieved from /opt/airflow/dags/dag_tomorrowio.py
[2026-06-30T08:27:08.129+0000] {processor.py:183} INFO - Processing /opt/airflow/dags/dag_tomorrowio.py took 0.035 seconds
[2026-06-30T08:27:38.232+0000] {processor.py:161} INFO - Started process (PID=27087) to work on /opt/airflow/dags/dag_tomorrowio.py
[2026-06-30T08:27:38.233+0000] {processor.py:830} INFO - Processing file /opt/airflow/dags/dag_tomorrowio.py for tasks to queue
[2026-06-30T08:27:38.234+0000] {logging_mixin.py:188} INFO - [2026-06-30T08:27:38.234+0000] {dagbag.py:545} INFO - Filling up the DagBag from /opt/airflow/dags/dag_tomorrowio.py
[2026-06-30T08:27:38.237+0000] {logging_mixin.py:188} INFO - [2026-06-30T08:27:38.236+0000] {dagbag.py:355} ERROR - Failed to import: /opt/airflow/dags/dag_tomorrowio.py
Traceback (most recent call last):
  File "/home/airflow/.local/lib/python3.12/site-packages/airflow/models/dagbag.py", line 351, in parse
    loader.exec_module(new_module)
  File "<frozen importlib._bootstrap_external>", line 995, in exec_module
  File "<frozen importlib._bootstrap>", line 488, in _call_with_frames_removed
  File "/opt/airflow/dags/dag_tomorrowio.py", line 4, in <module>
    from airflow.providers.apache.spark.operators.spark_submit import SparkSubmitOperator
ModuleNotFoundError: No module named 'airflow.providers.apache'
[2026-06-30T08:27:38.238+0000] {processor.py:842} WARNING - No viable dags retrieved from /opt/airflow/dags/dag_tomorrowio.py
[2026-06-30T08:27:38.249+0000] {processor.py:183} INFO - Processing /opt/airflow/dags/dag_tomorrowio.py took 0.029 seconds
[2026-06-30T08:28:08.425+0000] {processor.py:161} INFO - Started process (PID=27119) to work on /opt/airflow/dags/dag_tomorrowio.py
[2026-06-30T08:28:08.426+0000] {processor.py:830} INFO - Processing file /opt/airflow/dags/dag_tomorrowio.py for tasks to queue
[2026-06-30T08:28:08.427+0000] {logging_mixin.py:188} INFO - [2026-06-30T08:28:08.427+0000] {dagbag.py:545} INFO - Filling up the DagBag from /opt/airflow/dags/dag_tomorrowio.py
[2026-06-30T08:28:08.430+0000] {logging_mixin.py:188} INFO - [2026-06-30T08:28:08.429+0000] {dagbag.py:355} ERROR - Failed to import: /opt/airflow/dags/dag_tomorrowio.py
Traceback (most recent call last):
  File "/home/airflow/.local/lib/python3.12/site-packages/airflow/models/dagbag.py", line 351, in parse
    loader.exec_module(new_module)
  File "<frozen importlib._bootstrap_external>", line 995, in exec_module
  File "<frozen importlib._bootstrap>", line 488, in _call_with_frames_removed
  File "/opt/airflow/dags/dag_tomorrowio.py", line 4, in <module>
    from airflow.providers.apache.spark.operators.spark_submit import SparkSubmitOperator
ModuleNotFoundError: No module named 'airflow.providers.apache'
[2026-06-30T08:28:08.431+0000] {processor.py:842} WARNING - No viable dags retrieved from /opt/airflow/dags/dag_tomorrowio.py
[2026-06-30T08:28:08.443+0000] {processor.py:183} INFO - Processing /opt/airflow/dags/dag_tomorrowio.py took 0.023 seconds
[2026-06-30T08:28:39.228+0000] {processor.py:161} INFO - Started process (PID=27151) to work on /opt/airflow/dags/dag_tomorrowio.py
[2026-06-30T08:28:39.229+0000] {processor.py:830} INFO - Processing file /opt/airflow/dags/dag_tomorrowio.py for tasks to queue
[2026-06-30T08:28:39.230+0000] {logging_mixin.py:188} INFO - [2026-06-30T08:28:39.230+0000] {dagbag.py:545} INFO - Filling up the DagBag from /opt/airflow/dags/dag_tomorrowio.py
[2026-06-30T08:28:39.235+0000] {logging_mixin.py:188} INFO - [2026-06-30T08:28:39.234+0000] {dagbag.py:355} ERROR - Failed to import: /opt/airflow/dags/dag_tomorrowio.py
Traceback (most recent call last):
  File "/home/airflow/.local/lib/python3.12/site-packages/airflow/models/dagbag.py", line 351, in parse
    loader.exec_module(new_module)
  File "<frozen importlib._bootstrap_external>", line 995, in exec_module
  File "<frozen importlib._bootstrap>", line 488, in _call_with_frames_removed
  File "/opt/airflow/dags/dag_tomorrowio.py", line 4, in <module>
    from airflow.providers.apache.spark.operators.spark_submit import SparkSubmitOperator
ModuleNotFoundError: No module named 'airflow.providers.apache'
[2026-06-30T08:28:39.236+0000] {processor.py:842} WARNING - No viable dags retrieved from /opt/airflow/dags/dag_tomorrowio.py
[2026-06-30T08:28:39.249+0000] {processor.py:183} INFO - Processing /opt/airflow/dags/dag_tomorrowio.py took 0.028 seconds
[2026-06-30T08:29:09.381+0000] {processor.py:161} INFO - Started process (PID=27183) to work on /opt/airflow/dags/dag_tomorrowio.py
[2026-06-30T08:29:09.382+0000] {processor.py:830} INFO - Processing file /opt/airflow/dags/dag_tomorrowio.py for tasks to queue
[2026-06-30T08:29:09.382+0000] {logging_mixin.py:188} INFO - [2026-06-30T08:29:09.382+0000] {dagbag.py:545} INFO - Filling up the DagBag from /opt/airflow/dags/dag_tomorrowio.py
[2026-06-30T08:29:09.385+0000] {logging_mixin.py:188} INFO - [2026-06-30T08:29:09.384+0000] {dagbag.py:355} ERROR - Failed to import: /opt/airflow/dags/dag_tomorrowio.py
Traceback (most recent call last):
  File "/home/airflow/.local/lib/python3.12/site-packages/airflow/models/dagbag.py", line 351, in parse
    loader.exec_module(new_module)
  File "<frozen importlib._bootstrap_external>", line 995, in exec_module
  File "<frozen importlib._bootstrap>", line 488, in _call_with_frames_removed
  File "/opt/airflow/dags/dag_tomorrowio.py", line 4, in <module>
    from airflow.providers.apache.spark.operators.spark_submit import SparkSubmitOperator
ModuleNotFoundError: No module named 'airflow.providers.apache'
[2026-06-30T08:29:09.385+0000] {processor.py:842} WARNING - No viable dags retrieved from /opt/airflow/dags/dag_tomorrowio.py
[2026-06-30T08:29:09.394+0000] {processor.py:183} INFO - Processing /opt/airflow/dags/dag_tomorrowio.py took 0.019 seconds
[2026-06-30T08:29:40.446+0000] {processor.py:161} INFO - Started process (PID=27210) to work on /opt/airflow/dags/dag_tomorrowio.py
[2026-06-30T08:29:40.449+0000] {processor.py:830} INFO - Processing file /opt/airflow/dags/dag_tomorrowio.py for tasks to queue
[2026-06-30T08:29:40.453+0000] {logging_mixin.py:188} INFO - [2026-06-30T08:29:40.452+0000] {dagbag.py:545} INFO - Filling up the DagBag from /opt/airflow/dags/dag_tomorrowio.py
[2026-06-30T08:29:40.467+0000] {logging_mixin.py:188} INFO - [2026-06-30T08:29:40.461+0000] {dagbag.py:355} ERROR - Failed to import: /opt/airflow/dags/dag_tomorrowio.py
Traceback (most recent call last):
  File "/home/airflow/.local/lib/python3.12/site-packages/airflow/models/dagbag.py", line 351, in parse
    loader.exec_module(new_module)
  File "<frozen importlib._bootstrap_external>", line 995, in exec_module
  File "<frozen importlib._bootstrap>", line 488, in _call_with_frames_removed
  File "/opt/airflow/dags/dag_tomorrowio.py", line 4, in <module>
    from airflow.providers.apache.spark.operators.spark_submit import SparkSubmitOperator
ModuleNotFoundError: No module named 'airflow.providers.apache'
[2026-06-30T08:29:40.468+0000] {processor.py:842} WARNING - No viable dags retrieved from /opt/airflow/dags/dag_tomorrowio.py
[2026-06-30T08:29:40.510+0000] {processor.py:183} INFO - Processing /opt/airflow/dags/dag_tomorrowio.py took 0.093 seconds
[2026-06-30T08:30:11.558+0000] {processor.py:161} INFO - Started process (PID=27242) to work on /opt/airflow/dags/dag_tomorrowio.py
[2026-06-30T08:30:11.561+0000] {processor.py:830} INFO - Processing file /opt/airflow/dags/dag_tomorrowio.py for tasks to queue
[2026-06-30T08:30:11.563+0000] {logging_mixin.py:188} INFO - [2026-06-30T08:30:11.562+0000] {dagbag.py:545} INFO - Filling up the DagBag from /opt/airflow/dags/dag_tomorrowio.py
[2026-06-30T08:30:11.578+0000] {logging_mixin.py:188} INFO - [2026-06-30T08:30:11.574+0000] {dagbag.py:355} ERROR - Failed to import: /opt/airflow/dags/dag_tomorrowio.py
Traceback (most recent call last):
  File "/home/airflow/.local/lib/python3.12/site-packages/airflow/models/dagbag.py", line 351, in parse
    loader.exec_module(new_module)
  File "<frozen importlib._bootstrap_external>", line 995, in exec_module
  File "<frozen importlib._bootstrap>", line 488, in _call_with_frames_removed
  File "/opt/airflow/dags/dag_tomorrowio.py", line 4, in <module>
    from airflow.providers.apache.spark.operators.spark_submit import SparkSubmitOperator
ModuleNotFoundError: No module named 'airflow.providers.apache'
[2026-06-30T08:30:11.579+0000] {processor.py:842} WARNING - No viable dags retrieved from /opt/airflow/dags/dag_tomorrowio.py
[2026-06-30T08:30:11.620+0000] {processor.py:183} INFO - Processing /opt/airflow/dags/dag_tomorrowio.py took 0.075 seconds
[2026-06-30T08:30:41.744+0000] {processor.py:161} INFO - Started process (PID=27274) to work on /opt/airflow/dags/dag_tomorrowio.py
[2026-06-30T08:30:41.747+0000] {processor.py:830} INFO - Processing file /opt/airflow/dags/dag_tomorrowio.py for tasks to queue
[2026-06-30T08:30:41.748+0000] {logging_mixin.py:188} INFO - [2026-06-30T08:30:41.748+0000] {dagbag.py:545} INFO - Filling up the DagBag from /opt/airflow/dags/dag_tomorrowio.py
[2026-06-30T08:30:41.754+0000] {logging_mixin.py:188} INFO - [2026-06-30T08:30:41.752+0000] {dagbag.py:355} ERROR - Failed to import: /opt/airflow/dags/dag_tomorrowio.py
Traceback (most recent call last):
  File "/home/airflow/.local/lib/python3.12/site-packages/airflow/models/dagbag.py", line 351, in parse
    loader.exec_module(new_module)
  File "<frozen importlib._bootstrap_external>", line 995, in exec_module
  File "<frozen importlib._bootstrap>", line 488, in _call_with_frames_removed
  File "/opt/airflow/dags/dag_tomorrowio.py", line 4, in <module>
    from airflow.providers.apache.spark.operators.spark_submit import SparkSubmitOperator
ModuleNotFoundError: No module named 'airflow.providers.apache'
[2026-06-30T08:30:41.756+0000] {processor.py:842} WARNING - No viable dags retrieved from /opt/airflow/dags/dag_tomorrowio.py
[2026-06-30T08:30:41.778+0000] {processor.py:183} INFO - Processing /opt/airflow/dags/dag_tomorrowio.py took 0.043 seconds
[2026-06-30T08:31:11.839+0000] {processor.py:161} INFO - Started process (PID=27306) to work on /opt/airflow/dags/dag_tomorrowio.py
[2026-06-30T08:31:11.840+0000] {processor.py:830} INFO - Processing file /opt/airflow/dags/dag_tomorrowio.py for tasks to queue
[2026-06-30T08:31:11.843+0000] {logging_mixin.py:188} INFO - [2026-06-30T08:31:11.842+0000] {dagbag.py:545} INFO - Filling up the DagBag from /opt/airflow/dags/dag_tomorrowio.py
[2026-06-30T08:31:11.852+0000] {logging_mixin.py:188} INFO - [2026-06-30T08:31:11.850+0000] {dagbag.py:355} ERROR - Failed to import: /opt/airflow/dags/dag_tomorrowio.py
Traceback (most recent call last):
  File "/home/airflow/.local/lib/python3.12/site-packages/airflow/models/dagbag.py", line 351, in parse
    loader.exec_module(new_module)
  File "<frozen importlib._bootstrap_external>", line 995, in exec_module
  File "<frozen importlib._bootstrap>", line 488, in _call_with_frames_removed
  File "/opt/airflow/dags/dag_tomorrowio.py", line 4, in <module>
    from airflow.providers.apache.spark.operators.spark_submit import SparkSubmitOperator
ModuleNotFoundError: No module named 'airflow.providers.apache'
[2026-06-30T08:31:11.852+0000] {processor.py:842} WARNING - No viable dags retrieved from /opt/airflow/dags/dag_tomorrowio.py
[2026-06-30T08:31:11.881+0000] {processor.py:183} INFO - Processing /opt/airflow/dags/dag_tomorrowio.py took 0.050 seconds
[2026-06-30T08:31:41.955+0000] {processor.py:161} INFO - Started process (PID=27338) to work on /opt/airflow/dags/dag_tomorrowio.py
[2026-06-30T08:31:41.957+0000] {processor.py:830} INFO - Processing file /opt/airflow/dags/dag_tomorrowio.py for tasks to queue
[2026-06-30T08:31:41.958+0000] {logging_mixin.py:188} INFO - [2026-06-30T08:31:41.957+0000] {dagbag.py:545} INFO - Filling up the DagBag from /opt/airflow/dags/dag_tomorrowio.py
[2026-06-30T08:31:41.962+0000] {logging_mixin.py:188} INFO - [2026-06-30T08:31:41.961+0000] {dagbag.py:355} ERROR - Failed to import: /opt/airflow/dags/dag_tomorrowio.py
Traceback (most recent call last):
  File "/home/airflow/.local/lib/python3.12/site-packages/airflow/models/dagbag.py", line 351, in parse
    loader.exec_module(new_module)
  File "<frozen importlib._bootstrap_external>", line 995, in exec_module
  File "<frozen importlib._bootstrap>", line 488, in _call_with_frames_removed
  File "/opt/airflow/dags/dag_tomorrowio.py", line 4, in <module>
    from airflow.providers.apache.spark.operators.spark_submit import SparkSubmitOperator
ModuleNotFoundError: No module named 'airflow.providers.apache'
[2026-06-30T08:31:41.963+0000] {processor.py:842} WARNING - No viable dags retrieved from /opt/airflow/dags/dag_tomorrowio.py
[2026-06-30T08:31:41.991+0000] {processor.py:183} INFO - Processing /opt/airflow/dags/dag_tomorrowio.py took 0.047 seconds
[2026-06-30T08:32:12.467+0000] {processor.py:161} INFO - Started process (PID=27370) to work on /opt/airflow/dags/dag_tomorrowio.py
[2026-06-30T08:32:12.471+0000] {processor.py:830} INFO - Processing file /opt/airflow/dags/dag_tomorrowio.py for tasks to queue
[2026-06-30T08:32:12.472+0000] {logging_mixin.py:188} INFO - [2026-06-30T08:32:12.471+0000] {dagbag.py:545} INFO - Filling up the DagBag from /opt/airflow/dags/dag_tomorrowio.py
[2026-06-30T08:32:12.481+0000] {logging_mixin.py:188} INFO - [2026-06-30T08:32:12.479+0000] {dagbag.py:355} ERROR - Failed to import: /opt/airflow/dags/dag_tomorrowio.py
Traceback (most recent call last):
  File "/home/airflow/.local/lib/python3.12/site-packages/airflow/models/dagbag.py", line 351, in parse
    loader.exec_module(new_module)
  File "<frozen importlib._bootstrap_external>", line 995, in exec_module
  File "<frozen importlib._bootstrap>", line 488, in _call_with_frames_removed
  File "/opt/airflow/dags/dag_tomorrowio.py", line 4, in <module>
    from airflow.providers.apache.spark.operators.spark_submit import SparkSubmitOperator
ModuleNotFoundError: No module named 'airflow.providers.apache'
[2026-06-30T08:32:12.482+0000] {processor.py:842} WARNING - No viable dags retrieved from /opt/airflow/dags/dag_tomorrowio.py
[2026-06-30T08:32:12.596+0000] {processor.py:183} INFO - Processing /opt/airflow/dags/dag_tomorrowio.py took 0.144 seconds
[2026-06-30T08:32:43.643+0000] {processor.py:161} INFO - Started process (PID=27402) to work on /opt/airflow/dags/dag_tomorrowio.py
[2026-06-30T08:32:43.644+0000] {processor.py:830} INFO - Processing file /opt/airflow/dags/dag_tomorrowio.py for tasks to queue
[2026-06-30T08:32:43.645+0000] {logging_mixin.py:188} INFO - [2026-06-30T08:32:43.644+0000] {dagbag.py:545} INFO - Filling up the DagBag from /opt/airflow/dags/dag_tomorrowio.py
[2026-06-30T08:32:43.650+0000] {logging_mixin.py:188} INFO - [2026-06-30T08:32:43.648+0000] {dagbag.py:355} ERROR - Failed to import: /opt/airflow/dags/dag_tomorrowio.py
Traceback (most recent call last):
  File "/home/airflow/.local/lib/python3.12/site-packages/airflow/models/dagbag.py", line 351, in parse
    loader.exec_module(new_module)
  File "<frozen importlib._bootstrap_external>", line 995, in exec_module
  File "<frozen importlib._bootstrap>", line 488, in _call_with_frames_removed
  File "/opt/airflow/dags/dag_tomorrowio.py", line 4, in <module>
    from airflow.providers.apache.spark.operators.spark_submit import SparkSubmitOperator
ModuleNotFoundError: No module named 'airflow.providers.apache'
[2026-06-30T08:32:43.650+0000] {processor.py:842} WARNING - No viable dags retrieved from /opt/airflow/dags/dag_tomorrowio.py
[2026-06-30T08:32:43.668+0000] {processor.py:183} INFO - Processing /opt/airflow/dags/dag_tomorrowio.py took 0.033 seconds
[2026-06-30T08:33:14.743+0000] {processor.py:161} INFO - Started process (PID=27434) to work on /opt/airflow/dags/dag_tomorrowio.py
[2026-06-30T08:33:14.745+0000] {processor.py:830} INFO - Processing file /opt/airflow/dags/dag_tomorrowio.py for tasks to queue
[2026-06-30T08:33:14.746+0000] {logging_mixin.py:188} INFO - [2026-06-30T08:33:14.745+0000] {dagbag.py:545} INFO - Filling up the DagBag from /opt/airflow/dags/dag_tomorrowio.py
[2026-06-30T08:33:14.752+0000] {logging_mixin.py:188} INFO - [2026-06-30T08:33:14.750+0000] {dagbag.py:355} ERROR - Failed to import: /opt/airflow/dags/dag_tomorrowio.py
Traceback (most recent call last):
  File "/home/airflow/.local/lib/python3.12/site-packages/airflow/models/dagbag.py", line 351, in parse
    loader.exec_module(new_module)
  File "<frozen importlib._bootstrap_external>", line 995, in exec_module
  File "<frozen importlib._bootstrap>", line 488, in _call_with_frames_removed
  File "/opt/airflow/dags/dag_tomorrowio.py", line 4, in <module>
    from airflow.providers.apache.spark.operators.spark_submit import SparkSubmitOperator
ModuleNotFoundError: No module named 'airflow.providers.apache'
[2026-06-30T08:33:14.752+0000] {processor.py:842} WARNING - No viable dags retrieved from /opt/airflow/dags/dag_tomorrowio.py
[2026-06-30T08:33:14.775+0000] {processor.py:183} INFO - Processing /opt/airflow/dags/dag_tomorrowio.py took 0.044 seconds
[2026-06-30T08:33:44.995+0000] {processor.py:161} INFO - Started process (PID=27466) to work on /opt/airflow/dags/dag_tomorrowio.py
[2026-06-30T08:33:44.997+0000] {processor.py:830} INFO - Processing file /opt/airflow/dags/dag_tomorrowio.py for tasks to queue
[2026-06-30T08:33:44.998+0000] {logging_mixin.py:188} INFO - [2026-06-30T08:33:44.998+0000] {dagbag.py:545} INFO - Filling up the DagBag from /opt/airflow/dags/dag_tomorrowio.py
[2026-06-30T08:33:45.004+0000] {logging_mixin.py:188} INFO - [2026-06-30T08:33:45.002+0000] {dagbag.py:355} ERROR - Failed to import: /opt/airflow/dags/dag_tomorrowio.py
Traceback (most recent call last):
  File "/home/airflow/.local/lib/python3.12/site-packages/airflow/models/dagbag.py", line 351, in parse
    loader.exec_module(new_module)
  File "<frozen importlib._bootstrap_external>", line 995, in exec_module
  File "<frozen importlib._bootstrap>", line 488, in _call_with_frames_removed
  File "/opt/airflow/dags/dag_tomorrowio.py", line 4, in <module>
    from airflow.providers.apache.spark.operators.spark_submit import SparkSubmitOperator
ModuleNotFoundError: No module named 'airflow.providers.apache'
[2026-06-30T08:33:45.004+0000] {processor.py:842} WARNING - No viable dags retrieved from /opt/airflow/dags/dag_tomorrowio.py
[2026-06-30T08:33:45.055+0000] {processor.py:183} INFO - Processing /opt/airflow/dags/dag_tomorrowio.py took 0.083 seconds
[2026-06-30T08:34:15.222+0000] {processor.py:161} INFO - Started process (PID=27498) to work on /opt/airflow/dags/dag_tomorrowio.py
[2026-06-30T08:34:15.223+0000] {processor.py:830} INFO - Processing file /opt/airflow/dags/dag_tomorrowio.py for tasks to queue
[2026-06-30T08:34:15.224+0000] {logging_mixin.py:188} INFO - [2026-06-30T08:34:15.224+0000] {dagbag.py:545} INFO - Filling up the DagBag from /opt/airflow/dags/dag_tomorrowio.py
[2026-06-30T08:34:15.228+0000] {logging_mixin.py:188} INFO - [2026-06-30T08:34:15.227+0000] {dagbag.py:355} ERROR - Failed to import: /opt/airflow/dags/dag_tomorrowio.py
Traceback (most recent call last):
  File "/home/airflow/.local/lib/python3.12/site-packages/airflow/models/dagbag.py", line 351, in parse
    loader.exec_module(new_module)
  File "<frozen importlib._bootstrap_external>", line 995, in exec_module
  File "<frozen importlib._bootstrap>", line 488, in _call_with_frames_removed
  File "/opt/airflow/dags/dag_tomorrowio.py", line 4, in <module>
    from airflow.providers.apache.spark.operators.spark_submit import SparkSubmitOperator
ModuleNotFoundError: No module named 'airflow.providers.apache'
[2026-06-30T08:34:15.228+0000] {processor.py:842} WARNING - No viable dags retrieved from /opt/airflow/dags/dag_tomorrowio.py
[2026-06-30T08:34:15.242+0000] {processor.py:183} INFO - Processing /opt/airflow/dags/dag_tomorrowio.py took 0.026 seconds
[2026-06-30T08:34:45.415+0000] {processor.py:161} INFO - Started process (PID=27530) to work on /opt/airflow/dags/dag_tomorrowio.py
[2026-06-30T08:34:45.417+0000] {processor.py:830} INFO - Processing file /opt/airflow/dags/dag_tomorrowio.py for tasks to queue
[2026-06-30T08:34:45.418+0000] {logging_mixin.py:188} INFO - [2026-06-30T08:34:45.418+0000] {dagbag.py:545} INFO - Filling up the DagBag from /opt/airflow/dags/dag_tomorrowio.py
[2026-06-30T08:34:45.430+0000] {logging_mixin.py:188} INFO - [2026-06-30T08:34:45.426+0000] {dagbag.py:355} ERROR - Failed to import: /opt/airflow/dags/dag_tomorrowio.py
Traceback (most recent call last):
  File "/home/airflow/.local/lib/python3.12/site-packages/airflow/models/dagbag.py", line 351, in parse
    loader.exec_module(new_module)
  File "<frozen importlib._bootstrap_external>", line 995, in exec_module
  File "<frozen importlib._bootstrap>", line 488, in _call_with_frames_removed
  File "/opt/airflow/dags/dag_tomorrowio.py", line 4, in <module>
    from airflow.providers.apache.spark.operators.spark_submit import SparkSubmitOperator
ModuleNotFoundError: No module named 'airflow.providers.apache'
[2026-06-30T08:34:45.431+0000] {processor.py:842} WARNING - No viable dags retrieved from /opt/airflow/dags/dag_tomorrowio.py
[2026-06-30T08:34:45.475+0000] {processor.py:183} INFO - Processing /opt/airflow/dags/dag_tomorrowio.py took 0.083 seconds
[2026-06-30T08:35:16.045+0000] {processor.py:161} INFO - Started process (PID=27562) to work on /opt/airflow/dags/dag_tomorrowio.py
[2026-06-30T08:35:16.047+0000] {processor.py:830} INFO - Processing file /opt/airflow/dags/dag_tomorrowio.py for tasks to queue
[2026-06-30T08:35:16.050+0000] {logging_mixin.py:188} INFO - [2026-06-30T08:35:16.048+0000] {dagbag.py:545} INFO - Filling up the DagBag from /opt/airflow/dags/dag_tomorrowio.py
[2026-06-30T08:35:16.064+0000] {logging_mixin.py:188} INFO - [2026-06-30T08:35:16.062+0000] {dagbag.py:355} ERROR - Failed to import: /opt/airflow/dags/dag_tomorrowio.py
Traceback (most recent call last):
  File "/home/airflow/.local/lib/python3.12/site-packages/airflow/models/dagbag.py", line 351, in parse
    loader.exec_module(new_module)
  File "<frozen importlib._bootstrap_external>", line 995, in exec_module
  File "<frozen importlib._bootstrap>", line 488, in _call_with_frames_removed
  File "/opt/airflow/dags/dag_tomorrowio.py", line 4, in <module>
    from airflow.providers.apache.spark.operators.spark_submit import SparkSubmitOperator
ModuleNotFoundError: No module named 'airflow.providers.apache'
[2026-06-30T08:35:16.065+0000] {processor.py:842} WARNING - No viable dags retrieved from /opt/airflow/dags/dag_tomorrowio.py
[2026-06-30T08:35:16.105+0000] {processor.py:183} INFO - Processing /opt/airflow/dags/dag_tomorrowio.py took 0.080 seconds
[2026-06-30T08:35:46.478+0000] {processor.py:161} INFO - Started process (PID=27594) to work on /opt/airflow/dags/dag_tomorrowio.py
[2026-06-30T08:35:46.482+0000] {processor.py:830} INFO - Processing file /opt/airflow/dags/dag_tomorrowio.py for tasks to queue
[2026-06-30T08:35:46.483+0000] {logging_mixin.py:188} INFO - [2026-06-30T08:35:46.483+0000] {dagbag.py:545} INFO - Filling up the DagBag from /opt/airflow/dags/dag_tomorrowio.py
[2026-06-30T08:35:46.491+0000] {logging_mixin.py:188} INFO - [2026-06-30T08:35:46.489+0000] {dagbag.py:355} ERROR - Failed to import: /opt/airflow/dags/dag_tomorrowio.py
Traceback (most recent call last):
  File "/home/airflow/.local/lib/python3.12/site-packages/airflow/models/dagbag.py", line 351, in parse
    loader.exec_module(new_module)
  File "<frozen importlib._bootstrap_external>", line 995, in exec_module
  File "<frozen importlib._bootstrap>", line 488, in _call_with_frames_removed
  File "/opt/airflow/dags/dag_tomorrowio.py", line 4, in <module>
    from airflow.providers.apache.spark.operators.spark_submit import SparkSubmitOperator
ModuleNotFoundError: No module named 'airflow.providers.apache'
[2026-06-30T08:35:46.492+0000] {processor.py:842} WARNING - No viable dags retrieved from /opt/airflow/dags/dag_tomorrowio.py
[2026-06-30T08:35:46.559+0000] {processor.py:183} INFO - Processing /opt/airflow/dags/dag_tomorrowio.py took 0.095 seconds
[2026-06-30T08:36:16.612+0000] {processor.py:161} INFO - Started process (PID=27626) to work on /opt/airflow/dags/dag_tomorrowio.py
[2026-06-30T08:36:16.613+0000] {processor.py:830} INFO - Processing file /opt/airflow/dags/dag_tomorrowio.py for tasks to queue
[2026-06-30T08:36:16.614+0000] {logging_mixin.py:188} INFO - [2026-06-30T08:36:16.613+0000] {dagbag.py:545} INFO - Filling up the DagBag from /opt/airflow/dags/dag_tomorrowio.py
[2026-06-30T08:36:16.617+0000] {logging_mixin.py:188} INFO - [2026-06-30T08:36:16.616+0000] {dagbag.py:355} ERROR - Failed to import: /opt/airflow/dags/dag_tomorrowio.py
Traceback (most recent call last):
  File "/home/airflow/.local/lib/python3.12/site-packages/airflow/models/dagbag.py", line 351, in parse
    loader.exec_module(new_module)
  File "<frozen importlib._bootstrap_external>", line 995, in exec_module
  File "<frozen importlib._bootstrap>", line 488, in _call_with_frames_removed
  File "/opt/airflow/dags/dag_tomorrowio.py", line 4, in <module>
    from airflow.providers.apache.spark.operators.spark_submit import SparkSubmitOperator
ModuleNotFoundError: No module named 'airflow.providers.apache'
[2026-06-30T08:36:16.617+0000] {processor.py:842} WARNING - No viable dags retrieved from /opt/airflow/dags/dag_tomorrowio.py
[2026-06-30T08:36:16.627+0000] {processor.py:183} INFO - Processing /opt/airflow/dags/dag_tomorrowio.py took 0.021 seconds
[2026-06-30T08:36:46.733+0000] {processor.py:161} INFO - Started process (PID=27658) to work on /opt/airflow/dags/dag_tomorrowio.py
[2026-06-30T08:36:46.734+0000] {processor.py:830} INFO - Processing file /opt/airflow/dags/dag_tomorrowio.py for tasks to queue
[2026-06-30T08:36:46.737+0000] {logging_mixin.py:188} INFO - [2026-06-30T08:36:46.735+0000] {dagbag.py:545} INFO - Filling up the DagBag from /opt/airflow/dags/dag_tomorrowio.py
[2026-06-30T08:36:46.745+0000] {logging_mixin.py:188} INFO - [2026-06-30T08:36:46.743+0000] {dagbag.py:355} ERROR - Failed to import: /opt/airflow/dags/dag_tomorrowio.py
Traceback (most recent call last):
  File "/home/airflow/.local/lib/python3.12/site-packages/airflow/models/dagbag.py", line 351, in parse
    loader.exec_module(new_module)
  File "<frozen importlib._bootstrap_external>", line 995, in exec_module
  File "<frozen importlib._bootstrap>", line 488, in _call_with_frames_removed
  File "/opt/airflow/dags/dag_tomorrowio.py", line 4, in <module>
    from airflow.providers.apache.spark.operators.spark_submit import SparkSubmitOperator
ModuleNotFoundError: No module named 'airflow.providers.apache'
[2026-06-30T08:36:46.746+0000] {processor.py:842} WARNING - No viable dags retrieved from /opt/airflow/dags/dag_tomorrowio.py
[2026-06-30T08:36:46.785+0000] {processor.py:183} INFO - Processing /opt/airflow/dags/dag_tomorrowio.py took 0.069 seconds
[2026-06-30T08:37:17.774+0000] {processor.py:161} INFO - Started process (PID=27690) to work on /opt/airflow/dags/dag_tomorrowio.py
[2026-06-30T08:37:17.775+0000] {processor.py:830} INFO - Processing file /opt/airflow/dags/dag_tomorrowio.py for tasks to queue
[2026-06-30T08:37:17.776+0000] {logging_mixin.py:188} INFO - [2026-06-30T08:37:17.776+0000] {dagbag.py:545} INFO - Filling up the DagBag from /opt/airflow/dags/dag_tomorrowio.py
[2026-06-30T08:37:17.779+0000] {logging_mixin.py:188} INFO - [2026-06-30T08:37:17.778+0000] {dagbag.py:355} ERROR - Failed to import: /opt/airflow/dags/dag_tomorrowio.py
Traceback (most recent call last):
  File "/home/airflow/.local/lib/python3.12/site-packages/airflow/models/dagbag.py", line 351, in parse
    loader.exec_module(new_module)
  File "<frozen importlib._bootstrap_external>", line 995, in exec_module
  File "<frozen importlib._bootstrap>", line 488, in _call_with_frames_removed
  File "/opt/airflow/dags/dag_tomorrowio.py", line 4, in <module>
    from airflow.providers.apache.spark.operators.spark_submit import SparkSubmitOperator
ModuleNotFoundError: No module named 'airflow.providers.apache'
[2026-06-30T08:37:17.779+0000] {processor.py:842} WARNING - No viable dags retrieved from /opt/airflow/dags/dag_tomorrowio.py
[2026-06-30T08:37:17.793+0000] {processor.py:183} INFO - Processing /opt/airflow/dags/dag_tomorrowio.py took 0.023 seconds
[2026-06-30T08:37:48.402+0000] {processor.py:161} INFO - Started process (PID=27722) to work on /opt/airflow/dags/dag_tomorrowio.py
[2026-06-30T08:37:48.406+0000] {processor.py:830} INFO - Processing file /opt/airflow/dags/dag_tomorrowio.py for tasks to queue
[2026-06-30T08:37:48.406+0000] {logging_mixin.py:188} INFO - [2026-06-30T08:37:48.406+0000] {dagbag.py:545} INFO - Filling up the DagBag from /opt/airflow/dags/dag_tomorrowio.py
[2026-06-30T08:37:48.410+0000] {logging_mixin.py:188} INFO - [2026-06-30T08:37:48.409+0000] {dagbag.py:355} ERROR - Failed to import: /opt/airflow/dags/dag_tomorrowio.py
Traceback (most recent call last):
  File "/home/airflow/.local/lib/python3.12/site-packages/airflow/models/dagbag.py", line 351, in parse
    loader.exec_module(new_module)
  File "<frozen importlib._bootstrap_external>", line 995, in exec_module
  File "<frozen importlib._bootstrap>", line 488, in _call_with_frames_removed
  File "/opt/airflow/dags/dag_tomorrowio.py", line 4, in <module>
    from airflow.providers.apache.spark.operators.spark_submit import SparkSubmitOperator
ModuleNotFoundError: No module named 'airflow.providers.apache'
[2026-06-30T08:37:48.411+0000] {processor.py:842} WARNING - No viable dags retrieved from /opt/airflow/dags/dag_tomorrowio.py
[2026-06-30T08:37:48.423+0000] {processor.py:183} INFO - Processing /opt/airflow/dags/dag_tomorrowio.py took 0.027 seconds
[2026-06-30T08:38:18.460+0000] {processor.py:161} INFO - Started process (PID=27754) to work on /opt/airflow/dags/dag_tomorrowio.py
[2026-06-30T08:38:18.462+0000] {processor.py:830} INFO - Processing file /opt/airflow/dags/dag_tomorrowio.py for tasks to queue
[2026-06-30T08:38:18.463+0000] {logging_mixin.py:188} INFO - [2026-06-30T08:38:18.462+0000] {dagbag.py:545} INFO - Filling up the DagBag from /opt/airflow/dags/dag_tomorrowio.py
[2026-06-30T08:38:18.466+0000] {logging_mixin.py:188} INFO - [2026-06-30T08:38:18.465+0000] {dagbag.py:355} ERROR - Failed to import: /opt/airflow/dags/dag_tomorrowio.py
Traceback (most recent call last):
  File "/home/airflow/.local/lib/python3.12/site-packages/airflow/models/dagbag.py", line 351, in parse
    loader.exec_module(new_module)
  File "<frozen importlib._bootstrap_external>", line 995, in exec_module
  File "<frozen importlib._bootstrap>", line 488, in _call_with_frames_removed
  File "/opt/airflow/dags/dag_tomorrowio.py", line 4, in <module>
    from airflow.providers.apache.spark.operators.spark_submit import SparkSubmitOperator
ModuleNotFoundError: No module named 'airflow.providers.apache'
[2026-06-30T08:38:18.467+0000] {processor.py:842} WARNING - No viable dags retrieved from /opt/airflow/dags/dag_tomorrowio.py
[2026-06-30T08:38:18.538+0000] {processor.py:183} INFO - Processing /opt/airflow/dags/dag_tomorrowio.py took 0.083 seconds
[2026-06-30T08:38:48.623+0000] {processor.py:161} INFO - Started process (PID=27786) to work on /opt/airflow/dags/dag_tomorrowio.py
[2026-06-30T08:38:48.624+0000] {processor.py:830} INFO - Processing file /opt/airflow/dags/dag_tomorrowio.py for tasks to queue
[2026-06-30T08:38:48.624+0000] {logging_mixin.py:188} INFO - [2026-06-30T08:38:48.624+0000] {dagbag.py:545} INFO - Filling up the DagBag from /opt/airflow/dags/dag_tomorrowio.py
[2026-06-30T08:38:48.627+0000] {logging_mixin.py:188} INFO - [2026-06-30T08:38:48.626+0000] {dagbag.py:355} ERROR - Failed to import: /opt/airflow/dags/dag_tomorrowio.py
Traceback (most recent call last):
  File "/home/airflow/.local/lib/python3.12/site-packages/airflow/models/dagbag.py", line 351, in parse
    loader.exec_module(new_module)
  File "<frozen importlib._bootstrap_external>", line 995, in exec_module
  File "<frozen importlib._bootstrap>", line 488, in _call_with_frames_removed
  File "/opt/airflow/dags/dag_tomorrowio.py", line 4, in <module>
    from airflow.providers.apache.spark.operators.spark_submit import SparkSubmitOperator
ModuleNotFoundError: No module named 'airflow.providers.apache'
[2026-06-30T08:38:48.627+0000] {processor.py:842} WARNING - No viable dags retrieved from /opt/airflow/dags/dag_tomorrowio.py
[2026-06-30T08:38:48.639+0000] {processor.py:183} INFO - Processing /opt/airflow/dags/dag_tomorrowio.py took 0.020 seconds
[2026-06-30T09:24:08.344+0000] {processor.py:161} INFO - Started process (PID=188) to work on /opt/airflow/dags/dag_tomorrowio.py
[2026-06-30T09:24:08.345+0000] {processor.py:830} INFO - Processing file /opt/airflow/dags/dag_tomorrowio.py for tasks to queue
[2026-06-30T09:24:08.346+0000] {logging_mixin.py:188} INFO - [2026-06-30T09:24:08.346+0000] {dagbag.py:545} INFO - Filling up the DagBag from /opt/airflow/dags/dag_tomorrowio.py
[2026-06-30T09:24:08.351+0000] {logging_mixin.py:188} INFO - [2026-06-30T09:24:08.349+0000] {dagbag.py:355} ERROR - Failed to import: /opt/airflow/dags/dag_tomorrowio.py
Traceback (most recent call last):
  File "/home/airflow/.local/lib/python3.12/site-packages/airflow/models/dagbag.py", line 351, in parse
    loader.exec_module(new_module)
  File "<frozen importlib._bootstrap_external>", line 995, in exec_module
  File "<frozen importlib._bootstrap>", line 488, in _call_with_frames_removed
  File "/opt/airflow/dags/dag_tomorrowio.py", line 4, in <module>
    from airflow.providers.apache.spark.operators.spark_submit import SparkSubmitOperator
ModuleNotFoundError: No module named 'airflow.providers.apache'
[2026-06-30T09:24:08.351+0000] {processor.py:842} WARNING - No viable dags retrieved from /opt/airflow/dags/dag_tomorrowio.py
[2026-06-30T09:24:08.378+0000] {processor.py:183} INFO - Processing /opt/airflow/dags/dag_tomorrowio.py took 0.036 seconds
[2026-06-30T09:24:39.045+0000] {processor.py:161} INFO - Started process (PID=220) to work on /opt/airflow/dags/dag_tomorrowio.py
[2026-06-30T09:24:39.046+0000] {processor.py:830} INFO - Processing file /opt/airflow/dags/dag_tomorrowio.py for tasks to queue
[2026-06-30T09:24:39.049+0000] {logging_mixin.py:188} INFO - [2026-06-30T09:24:39.048+0000] {dagbag.py:545} INFO - Filling up the DagBag from /opt/airflow/dags/dag_tomorrowio.py
[2026-06-30T09:24:39.058+0000] {logging_mixin.py:188} INFO - [2026-06-30T09:24:39.055+0000] {dagbag.py:355} ERROR - Failed to import: /opt/airflow/dags/dag_tomorrowio.py
Traceback (most recent call last):
  File "/home/airflow/.local/lib/python3.12/site-packages/airflow/models/dagbag.py", line 351, in parse
    loader.exec_module(new_module)
  File "<frozen importlib._bootstrap_external>", line 995, in exec_module
  File "<frozen importlib._bootstrap>", line 488, in _call_with_frames_removed
  File "/opt/airflow/dags/dag_tomorrowio.py", line 4, in <module>
    from airflow.providers.apache.spark.operators.spark_submit import SparkSubmitOperator
ModuleNotFoundError: No module named 'airflow.providers.apache'
[2026-06-30T09:24:39.059+0000] {processor.py:842} WARNING - No viable dags retrieved from /opt/airflow/dags/dag_tomorrowio.py
[2026-06-30T09:24:39.080+0000] {processor.py:183} INFO - Processing /opt/airflow/dags/dag_tomorrowio.py took 0.047 seconds
[2026-06-30T09:25:09.196+0000] {processor.py:161} INFO - Started process (PID=249) to work on /opt/airflow/dags/dag_tomorrowio.py
[2026-06-30T09:25:09.197+0000] {processor.py:830} INFO - Processing file /opt/airflow/dags/dag_tomorrowio.py for tasks to queue
[2026-06-30T09:25:09.200+0000] {logging_mixin.py:188} INFO - [2026-06-30T09:25:09.200+0000] {dagbag.py:545} INFO - Filling up the DagBag from /opt/airflow/dags/dag_tomorrowio.py
[2026-06-30T09:25:09.205+0000] {logging_mixin.py:188} INFO - [2026-06-30T09:25:09.204+0000] {dagbag.py:355} ERROR - Failed to import: /opt/airflow/dags/dag_tomorrowio.py
Traceback (most recent call last):
  File "/home/airflow/.local/lib/python3.12/site-packages/airflow/models/dagbag.py", line 351, in parse
    loader.exec_module(new_module)
  File "<frozen importlib._bootstrap_external>", line 995, in exec_module
  File "<frozen importlib._bootstrap>", line 488, in _call_with_frames_removed
  File "/opt/airflow/dags/dag_tomorrowio.py", line 4, in <module>
    from airflow.providers.apache.spark.operators.spark_submit import SparkSubmitOperator
ModuleNotFoundError: No module named 'airflow.providers.apache'
[2026-06-30T09:25:09.206+0000] {processor.py:842} WARNING - No viable dags retrieved from /opt/airflow/dags/dag_tomorrowio.py
[2026-06-30T09:25:09.223+0000] {processor.py:183} INFO - Processing /opt/airflow/dags/dag_tomorrowio.py took 0.036 seconds
[2026-06-30T09:25:43.387+0000] {processor.py:161} INFO - Started process (PID=187) to work on /opt/airflow/dags/dag_tomorrowio.py
[2026-06-30T09:25:43.389+0000] {processor.py:830} INFO - Processing file /opt/airflow/dags/dag_tomorrowio.py for tasks to queue
[2026-06-30T09:25:43.392+0000] {logging_mixin.py:188} INFO - [2026-06-30T09:25:43.392+0000] {dagbag.py:545} INFO - Filling up the DagBag from /opt/airflow/dags/dag_tomorrowio.py
[2026-06-30T09:25:43.397+0000] {logging_mixin.py:188} INFO - [2026-06-30T09:25:43.395+0000] {dagbag.py:355} ERROR - Failed to import: /opt/airflow/dags/dag_tomorrowio.py
Traceback (most recent call last):
  File "/home/airflow/.local/lib/python3.12/site-packages/airflow/models/dagbag.py", line 351, in parse
    loader.exec_module(new_module)
  File "<frozen importlib._bootstrap_external>", line 995, in exec_module
  File "<frozen importlib._bootstrap>", line 488, in _call_with_frames_removed
  File "/opt/airflow/dags/dag_tomorrowio.py", line 4, in <module>
    from airflow.providers.apache.spark.operators.spark_submit import SparkSubmitOperator
ModuleNotFoundError: No module named 'airflow.providers.apache'
[2026-06-30T09:25:43.400+0000] {processor.py:842} WARNING - No viable dags retrieved from /opt/airflow/dags/dag_tomorrowio.py
[2026-06-30T09:25:43.428+0000] {processor.py:183} INFO - Processing /opt/airflow/dags/dag_tomorrowio.py took 0.046 seconds
[2026-06-30T09:26:13.613+0000] {processor.py:161} INFO - Started process (PID=220) to work on /opt/airflow/dags/dag_tomorrowio.py
[2026-06-30T09:26:13.615+0000] {processor.py:830} INFO - Processing file /opt/airflow/dags/dag_tomorrowio.py for tasks to queue
[2026-06-30T09:26:13.620+0000] {logging_mixin.py:188} INFO - [2026-06-30T09:26:13.619+0000] {dagbag.py:545} INFO - Filling up the DagBag from /opt/airflow/dags/dag_tomorrowio.py
[2026-06-30T09:26:13.629+0000] {logging_mixin.py:188} INFO - [2026-06-30T09:26:13.624+0000] {dagbag.py:355} ERROR - Failed to import: /opt/airflow/dags/dag_tomorrowio.py
Traceback (most recent call last):
  File "/home/airflow/.local/lib/python3.12/site-packages/airflow/models/dagbag.py", line 351, in parse
    loader.exec_module(new_module)
  File "<frozen importlib._bootstrap_external>", line 995, in exec_module
  File "<frozen importlib._bootstrap>", line 488, in _call_with_frames_removed
  File "/opt/airflow/dags/dag_tomorrowio.py", line 4, in <module>
    from airflow.providers.apache.spark.operators.spark_submit import SparkSubmitOperator
ModuleNotFoundError: No module named 'airflow.providers.apache'
[2026-06-30T09:26:13.630+0000] {processor.py:842} WARNING - No viable dags retrieved from /opt/airflow/dags/dag_tomorrowio.py
[2026-06-30T09:26:13.655+0000] {processor.py:183} INFO - Processing /opt/airflow/dags/dag_tomorrowio.py took 0.055 seconds
[2026-06-30T09:26:14.693+0000] {processor.py:161} INFO - Started process (PID=227) to work on /opt/airflow/dags/dag_tomorrowio.py
[2026-06-30T09:26:14.694+0000] {processor.py:830} INFO - Processing file /opt/airflow/dags/dag_tomorrowio.py for tasks to queue
[2026-06-30T09:26:14.696+0000] {logging_mixin.py:188} INFO - [2026-06-30T09:26:14.696+0000] {dagbag.py:545} INFO - Filling up the DagBag from /opt/airflow/dags/dag_tomorrowio.py
[2026-06-30T09:26:14.972+0000] {logging_mixin.py:188} INFO - [2026-06-30T09:26:14.970+0000] {dagbag.py:355} ERROR - Failed to import: /opt/airflow/dags/dag_tomorrowio.py
Traceback (most recent call last):
  File "/home/airflow/.local/lib/python3.12/site-packages/airflow/models/dagbag.py", line 351, in parse
    loader.exec_module(new_module)
  File "<frozen importlib._bootstrap_external>", line 995, in exec_module
  File "<frozen importlib._bootstrap>", line 488, in _call_with_frames_removed
  File "/opt/airflow/dags/dag_tomorrowio.py", line 31, in <module>
    process_silver_task = SparkSubmitOperator(
                          ^^^^^^^^^^^^^^^^^^^
NameError: name 'SparkSubmitOperator' is not defined
[2026-06-30T09:26:14.974+0000] {processor.py:842} WARNING - No viable dags retrieved from /opt/airflow/dags/dag_tomorrowio.py
[2026-06-30T09:26:14.987+0000] {processor.py:183} INFO - Processing /opt/airflow/dags/dag_tomorrowio.py took 0.304 seconds
[2026-06-30T09:26:21.495+0000] {processor.py:161} INFO - Started process (PID=255) to work on /opt/airflow/dags/dag_tomorrowio.py
[2026-06-30T09:26:21.497+0000] {processor.py:830} INFO - Processing file /opt/airflow/dags/dag_tomorrowio.py for tasks to queue
[2026-06-30T09:26:21.499+0000] {logging_mixin.py:188} INFO - [2026-06-30T09:26:21.499+0000] {dagbag.py:545} INFO - Filling up the DagBag from /opt/airflow/dags/dag_tomorrowio.py
[2026-06-30T09:26:21.706+0000] {logging_mixin.py:188} INFO - [2026-06-30T09:26:21.703+0000] {dagbag.py:355} ERROR - Failed to import: /opt/airflow/dags/dag_tomorrowio.py
Traceback (most recent call last):
  File "/home/airflow/.local/lib/python3.12/site-packages/airflow/models/dagbag.py", line 351, in parse
    loader.exec_module(new_module)
  File "<frozen importlib._bootstrap_external>", line 995, in exec_module
  File "<frozen importlib._bootstrap>", line 488, in _call_with_frames_removed
  File "/opt/airflow/dags/dag_tomorrowio.py", line 31, in <module>
    process_silver_task = SparkSubmitOperator(
                          ^^^^^^^^^^^^^^^^^^^
NameError: name 'SparkSubmitOperator' is not defined
[2026-06-30T09:26:21.707+0000] {processor.py:842} WARNING - No viable dags retrieved from /opt/airflow/dags/dag_tomorrowio.py
[2026-06-30T09:26:21.723+0000] {processor.py:183} INFO - Processing /opt/airflow/dags/dag_tomorrowio.py took 0.239 seconds
[2026-06-30T09:26:24.531+0000] {processor.py:161} INFO - Started process (PID=261) to work on /opt/airflow/dags/dag_tomorrowio.py
[2026-06-30T09:26:24.535+0000] {processor.py:830} INFO - Processing file /opt/airflow/dags/dag_tomorrowio.py for tasks to queue
[2026-06-30T09:26:24.541+0000] {logging_mixin.py:188} INFO - [2026-06-30T09:26:24.541+0000] {dagbag.py:545} INFO - Filling up the DagBag from /opt/airflow/dags/dag_tomorrowio.py
[2026-06-30T09:26:24.809+0000] {logging_mixin.py:188} INFO - [2026-06-30T09:26:24.807+0000] {dagbag.py:355} ERROR - Failed to import: /opt/airflow/dags/dag_tomorrowio.py
Traceback (most recent call last):
  File "/home/airflow/.local/lib/python3.12/site-packages/airflow/models/dagbag.py", line 351, in parse
    loader.exec_module(new_module)
  File "<frozen importlib._bootstrap_external>", line 995, in exec_module
  File "<frozen importlib._bootstrap>", line 488, in _call_with_frames_removed
  File "/opt/airflow/dags/dag_tomorrowio.py", line 30, in <module>
    process_silver_task = SparkSubmitOperator(
                          ^^^^^^^^^^^^^^^^^^^
NameError: name 'SparkSubmitOperator' is not defined
[2026-06-30T09:26:24.811+0000] {processor.py:842} WARNING - No viable dags retrieved from /opt/airflow/dags/dag_tomorrowio.py
[2026-06-30T09:26:24.820+0000] {processor.py:183} INFO - Processing /opt/airflow/dags/dag_tomorrowio.py took 0.296 seconds
[2026-06-30T09:26:39.921+0000] {processor.py:161} INFO - Started process (PID=267) to work on /opt/airflow/dags/dag_tomorrowio.py
[2026-06-30T09:26:39.924+0000] {processor.py:830} INFO - Processing file /opt/airflow/dags/dag_tomorrowio.py for tasks to queue
[2026-06-30T09:26:39.927+0000] {logging_mixin.py:188} INFO - [2026-06-30T09:26:39.927+0000] {dagbag.py:545} INFO - Filling up the DagBag from /opt/airflow/dags/dag_tomorrowio.py
[2026-06-30T09:26:40.143+0000] {logging_mixin.py:188} INFO - [2026-06-30T09:26:40.141+0000] {dagbag.py:355} ERROR - Failed to import: /opt/airflow/dags/dag_tomorrowio.py
Traceback (most recent call last):
  File "/home/airflow/.local/lib/python3.12/site-packages/airflow/models/dagbag.py", line 351, in parse
    loader.exec_module(new_module)
  File "<frozen importlib._bootstrap_external>", line 995, in exec_module
  File "<frozen importlib._bootstrap>", line 488, in _call_with_frames_removed
  File "/opt/airflow/dags/dag_tomorrowio.py", line 30, in <module>
    process_silver_task = SparkSubmitOperator(
                          ^^^^^^^^^^^^^^^^^^^
NameError: name 'SparkSubmitOperator' is not defined
[2026-06-30T09:26:40.145+0000] {processor.py:842} WARNING - No viable dags retrieved from /opt/airflow/dags/dag_tomorrowio.py
[2026-06-30T09:26:40.157+0000] {processor.py:183} INFO - Processing /opt/airflow/dags/dag_tomorrowio.py took 0.250 seconds
[2026-06-30T09:26:47.784+0000] {processor.py:161} INFO - Started process (PID=300) to work on /opt/airflow/dags/dag_tomorrowio.py
[2026-06-30T09:26:47.786+0000] {processor.py:830} INFO - Processing file /opt/airflow/dags/dag_tomorrowio.py for tasks to queue
[2026-06-30T09:26:47.788+0000] {logging_mixin.py:188} INFO - [2026-06-30T09:26:47.788+0000] {dagbag.py:545} INFO - Filling up the DagBag from /opt/airflow/dags/dag_tomorrowio.py
[2026-06-30T09:26:48.128+0000] {logging_mixin.py:188} INFO - [2026-06-30T09:26:48.125+0000] {dagbag.py:355} ERROR - Failed to import: /opt/airflow/dags/dag_tomorrowio.py
Traceback (most recent call last):
  File "/home/airflow/.local/lib/python3.12/site-packages/airflow/models/dagbag.py", line 351, in parse
    loader.exec_module(new_module)
  File "<frozen importlib._bootstrap_external>", line 995, in exec_module
  File "<frozen importlib._bootstrap>", line 488, in _call_with_frames_removed
  File "/opt/airflow/dags/dag_tomorrowio.py", line 38, in <module>
    process_silver_task = BashOperator(
                          ^^^^^^^^^^^^^
  File "/home/airflow/.local/lib/python3.12/site-packages/airflow/models/baseoperator.py", line 484, in apply_defaults
    result = func(self, **kwargs, default_args=default_args)
             ^^^^^^^^^^^^^^^^^^^^^^^^^^^^^^^^^^^^^^^^^^^^^^^
  File "/home/airflow/.local/lib/python3.12/site-packages/airflow/operators/bash.py", line 152, in __init__
    super().__init__(**kwargs)
  File "/home/airflow/.local/lib/python3.12/site-packages/airflow/models/baseoperator.py", line 484, in apply_defaults
    result = func(self, **kwargs, default_args=default_args)
             ^^^^^^^^^^^^^^^^^^^^^^^^^^^^^^^^^^^^^^^^^^^^^^^
  File "/home/airflow/.local/lib/python3.12/site-packages/airflow/models/baseoperator.py", line 899, in __init__
    task_group.add(self)
  File "/home/airflow/.local/lib/python3.12/site-packages/airflow/utils/task_group.py", line 232, in add
    raise DuplicateTaskIdFound(f"{node_type} id '{key}' has already been added to the DAG")
airflow.exceptions.DuplicateTaskIdFound: Task id 'spark_weather_to_iceberg' has already been added to the DAG
[2026-06-30T09:26:48.128+0000] {processor.py:842} WARNING - No viable dags retrieved from /opt/airflow/dags/dag_tomorrowio.py
[2026-06-30T09:26:48.163+0000] {processor.py:183} INFO - Processing /opt/airflow/dags/dag_tomorrowio.py took 0.394 seconds
[2026-06-30T09:26:51.266+0000] {processor.py:161} INFO - Started process (PID=306) to work on /opt/airflow/dags/dag_tomorrowio.py
[2026-06-30T09:26:51.268+0000] {processor.py:830} INFO - Processing file /opt/airflow/dags/dag_tomorrowio.py for tasks to queue
[2026-06-30T09:26:51.271+0000] {logging_mixin.py:188} INFO - [2026-06-30T09:26:51.270+0000] {dagbag.py:545} INFO - Filling up the DagBag from /opt/airflow/dags/dag_tomorrowio.py
[2026-06-30T09:26:51.561+0000] {processor.py:840} INFO - DAG(s) 'tomorrowio_bronze_to_silver' retrieved from /opt/airflow/dags/dag_tomorrowio.py
[2026-06-30T09:26:51.773+0000] {logging_mixin.py:188} INFO - [2026-06-30T09:26:51.773+0000] {override.py:1829} INFO - Created Permission View: can delete on DAG:tomorrowio_bronze_to_silver
[2026-06-30T09:26:51.777+0000] {logging_mixin.py:188} INFO - [2026-06-30T09:26:51.776+0000] {override.py:1829} INFO - Created Permission View: can read on DAG:tomorrowio_bronze_to_silver
[2026-06-30T09:26:51.778+0000] {logging_mixin.py:188} INFO - [2026-06-30T09:26:51.778+0000] {override.py:1829} INFO - Created Permission View: can edit on DAG:tomorrowio_bronze_to_silver
[2026-06-30T09:26:51.778+0000] {logging_mixin.py:188} INFO - [2026-06-30T09:26:51.778+0000] {dag.py:3096} INFO - Sync 1 DAGs
[2026-06-30T09:26:51.782+0000] {logging_mixin.py:188} INFO - [2026-06-30T09:26:51.782+0000] {dag.py:3118} INFO - Creating ORM DAG for tomorrowio_bronze_to_silver
[2026-06-30T09:26:51.787+0000] {logging_mixin.py:188} INFO - [2026-06-30T09:26:51.787+0000] {dag.py:3954} INFO - Setting next_dagrun for tomorrowio_bronze_to_silver to 2026-06-30 08:00:00+00:00, run_after=2026-06-30 09:00:00+00:00
[2026-06-30T09:26:51.792+0000] {processor.py:183} INFO - Processing /opt/airflow/dags/dag_tomorrowio.py took 0.536 seconds
[2026-06-30T09:27:22.075+0000] {processor.py:161} INFO - Started process (PID=385) to work on /opt/airflow/dags/dag_tomorrowio.py
[2026-06-30T09:27:22.076+0000] {processor.py:830} INFO - Processing file /opt/airflow/dags/dag_tomorrowio.py for tasks to queue
[2026-06-30T09:27:22.079+0000] {logging_mixin.py:188} INFO - [2026-06-30T09:27:22.078+0000] {dagbag.py:545} INFO - Filling up the DagBag from /opt/airflow/dags/dag_tomorrowio.py
[2026-06-30T09:27:22.300+0000] {processor.py:840} INFO - DAG(s) 'tomorrowio_bronze_to_silver' retrieved from /opt/airflow/dags/dag_tomorrowio.py
[2026-06-30T09:27:22.320+0000] {logging_mixin.py:188} INFO - [2026-06-30T09:27:22.320+0000] {dag.py:3096} INFO - Sync 1 DAGs
[2026-06-30T09:27:22.333+0000] {logging_mixin.py:188} INFO - [2026-06-30T09:27:22.333+0000] {dag.py:3954} INFO - Setting next_dagrun for tomorrowio_bronze_to_silver to 2026-06-30 09:00:00+00:00, run_after=2026-06-30 10:00:00+00:00
[2026-06-30T09:27:22.342+0000] {processor.py:183} INFO - Processing /opt/airflow/dags/dag_tomorrowio.py took 0.275 seconds
[2026-06-30T09:27:52.436+0000] {processor.py:161} INFO - Started process (PID=420) to work on /opt/airflow/dags/dag_tomorrowio.py
[2026-06-30T09:27:52.437+0000] {processor.py:830} INFO - Processing file /opt/airflow/dags/dag_tomorrowio.py for tasks to queue
[2026-06-30T09:27:52.439+0000] {logging_mixin.py:188} INFO - [2026-06-30T09:27:52.439+0000] {dagbag.py:545} INFO - Filling up the DagBag from /opt/airflow/dags/dag_tomorrowio.py
[2026-06-30T09:27:52.633+0000] {processor.py:840} INFO - DAG(s) 'tomorrowio_bronze_to_silver' retrieved from /opt/airflow/dags/dag_tomorrowio.py
[2026-06-30T09:27:52.644+0000] {logging_mixin.py:188} INFO - [2026-06-30T09:27:52.644+0000] {dag.py:3096} INFO - Sync 1 DAGs
[2026-06-30T09:27:52.654+0000] {logging_mixin.py:188} INFO - [2026-06-30T09:27:52.654+0000] {dag.py:3954} INFO - Setting next_dagrun for tomorrowio_bronze_to_silver to 2026-06-30 09:00:00+00:00, run_after=2026-06-30 10:00:00+00:00
[2026-06-30T09:27:52.661+0000] {processor.py:183} INFO - Processing /opt/airflow/dags/dag_tomorrowio.py took 0.233 seconds
[2026-06-30T09:28:23.583+0000] {processor.py:161} INFO - Started process (PID=457) to work on /opt/airflow/dags/dag_tomorrowio.py
[2026-06-30T09:28:23.584+0000] {processor.py:830} INFO - Processing file /opt/airflow/dags/dag_tomorrowio.py for tasks to queue
[2026-06-30T09:28:23.586+0000] {logging_mixin.py:188} INFO - [2026-06-30T09:28:23.585+0000] {dagbag.py:545} INFO - Filling up the DagBag from /opt/airflow/dags/dag_tomorrowio.py
[2026-06-30T09:28:23.785+0000] {processor.py:840} INFO - DAG(s) 'tomorrowio_bronze_to_silver' retrieved from /opt/airflow/dags/dag_tomorrowio.py
[2026-06-30T09:28:23.801+0000] {logging_mixin.py:188} INFO - [2026-06-30T09:28:23.801+0000] {dag.py:3096} INFO - Sync 1 DAGs
[2026-06-30T09:28:23.913+0000] {logging_mixin.py:188} INFO - [2026-06-30T09:28:23.912+0000] {dag.py:3954} INFO - Setting next_dagrun for tomorrowio_bronze_to_silver to 2026-06-30 09:00:00+00:00, run_after=2026-06-30 10:00:00+00:00
[2026-06-30T09:28:23.920+0000] {processor.py:183} INFO - Processing /opt/airflow/dags/dag_tomorrowio.py took 0.343 seconds
[2026-06-30T09:28:54.810+0000] {processor.py:161} INFO - Started process (PID=496) to work on /opt/airflow/dags/dag_tomorrowio.py
[2026-06-30T09:28:54.811+0000] {processor.py:830} INFO - Processing file /opt/airflow/dags/dag_tomorrowio.py for tasks to queue
[2026-06-30T09:28:54.812+0000] {logging_mixin.py:188} INFO - [2026-06-30T09:28:54.812+0000] {dagbag.py:545} INFO - Filling up the DagBag from /opt/airflow/dags/dag_tomorrowio.py
[2026-06-30T09:28:55.005+0000] {processor.py:840} INFO - DAG(s) 'tomorrowio_bronze_to_silver' retrieved from /opt/airflow/dags/dag_tomorrowio.py
[2026-06-30T09:28:55.019+0000] {logging_mixin.py:188} INFO - [2026-06-30T09:28:55.019+0000] {dag.py:3096} INFO - Sync 1 DAGs
[2026-06-30T09:28:55.030+0000] {logging_mixin.py:188} INFO - [2026-06-30T09:28:55.029+0000] {dag.py:3954} INFO - Setting next_dagrun for tomorrowio_bronze_to_silver to 2026-06-30 09:00:00+00:00, run_after=2026-06-30 10:00:00+00:00
[2026-06-30T09:28:55.036+0000] {processor.py:183} INFO - Processing /opt/airflow/dags/dag_tomorrowio.py took 0.230 seconds
[2026-06-30T09:29:25.981+0000] {processor.py:161} INFO - Started process (PID=529) to work on /opt/airflow/dags/dag_tomorrowio.py
[2026-06-30T09:29:25.984+0000] {processor.py:830} INFO - Processing file /opt/airflow/dags/dag_tomorrowio.py for tasks to queue
[2026-06-30T09:29:25.986+0000] {logging_mixin.py:188} INFO - [2026-06-30T09:29:25.985+0000] {dagbag.py:545} INFO - Filling up the DagBag from /opt/airflow/dags/dag_tomorrowio.py
[2026-06-30T09:29:26.137+0000] {processor.py:840} INFO - DAG(s) 'tomorrowio_bronze_to_silver' retrieved from /opt/airflow/dags/dag_tomorrowio.py
[2026-06-30T09:29:26.156+0000] {logging_mixin.py:188} INFO - [2026-06-30T09:29:26.156+0000] {dag.py:3096} INFO - Sync 1 DAGs
[2026-06-30T09:29:26.176+0000] {logging_mixin.py:188} INFO - [2026-06-30T09:29:26.176+0000] {dag.py:3954} INFO - Setting next_dagrun for tomorrowio_bronze_to_silver to 2026-06-30 09:00:00+00:00, run_after=2026-06-30 10:00:00+00:00
[2026-06-30T09:29:26.183+0000] {processor.py:183} INFO - Processing /opt/airflow/dags/dag_tomorrowio.py took 0.209 seconds
[2026-06-30T09:29:57.179+0000] {processor.py:161} INFO - Started process (PID=562) to work on /opt/airflow/dags/dag_tomorrowio.py
[2026-06-30T09:29:57.180+0000] {processor.py:830} INFO - Processing file /opt/airflow/dags/dag_tomorrowio.py for tasks to queue
[2026-06-30T09:29:57.183+0000] {logging_mixin.py:188} INFO - [2026-06-30T09:29:57.183+0000] {dagbag.py:545} INFO - Filling up the DagBag from /opt/airflow/dags/dag_tomorrowio.py
[2026-06-30T09:29:57.370+0000] {processor.py:840} INFO - DAG(s) 'tomorrowio_bronze_to_silver' retrieved from /opt/airflow/dags/dag_tomorrowio.py
[2026-06-30T09:29:57.385+0000] {logging_mixin.py:188} INFO - [2026-06-30T09:29:57.384+0000] {dag.py:3096} INFO - Sync 1 DAGs
[2026-06-30T09:29:57.394+0000] {logging_mixin.py:188} INFO - [2026-06-30T09:29:57.393+0000] {dag.py:3954} INFO - Setting next_dagrun for tomorrowio_bronze_to_silver to 2026-06-30 09:00:00+00:00, run_after=2026-06-30 10:00:00+00:00
[2026-06-30T09:29:57.399+0000] {processor.py:183} INFO - Processing /opt/airflow/dags/dag_tomorrowio.py took 0.230 seconds
[2026-06-30T09:30:27.960+0000] {processor.py:161} INFO - Started process (PID=595) to work on /opt/airflow/dags/dag_tomorrowio.py
[2026-06-30T09:30:27.962+0000] {processor.py:830} INFO - Processing file /opt/airflow/dags/dag_tomorrowio.py for tasks to queue
[2026-06-30T09:30:27.963+0000] {logging_mixin.py:188} INFO - [2026-06-30T09:30:27.963+0000] {dagbag.py:545} INFO - Filling up the DagBag from /opt/airflow/dags/dag_tomorrowio.py
[2026-06-30T09:30:28.093+0000] {processor.py:840} INFO - DAG(s) 'tomorrowio_bronze_to_silver' retrieved from /opt/airflow/dags/dag_tomorrowio.py
[2026-06-30T09:30:28.101+0000] {logging_mixin.py:188} INFO - [2026-06-30T09:30:28.101+0000] {dag.py:3096} INFO - Sync 1 DAGs
[2026-06-30T09:30:28.109+0000] {logging_mixin.py:188} INFO - [2026-06-30T09:30:28.109+0000] {dag.py:3954} INFO - Setting next_dagrun for tomorrowio_bronze_to_silver to 2026-06-30 09:00:00+00:00, run_after=2026-06-30 10:00:00+00:00
[2026-06-30T09:30:28.114+0000] {processor.py:183} INFO - Processing /opt/airflow/dags/dag_tomorrowio.py took 0.160 seconds
[2026-06-30T09:30:59.049+0000] {processor.py:161} INFO - Started process (PID=628) to work on /opt/airflow/dags/dag_tomorrowio.py
[2026-06-30T09:30:59.050+0000] {processor.py:830} INFO - Processing file /opt/airflow/dags/dag_tomorrowio.py for tasks to queue
[2026-06-30T09:30:59.052+0000] {logging_mixin.py:188} INFO - [2026-06-30T09:30:59.052+0000] {dagbag.py:545} INFO - Filling up the DagBag from /opt/airflow/dags/dag_tomorrowio.py
[2026-06-30T09:30:59.207+0000] {processor.py:840} INFO - DAG(s) 'tomorrowio_bronze_to_silver' retrieved from /opt/airflow/dags/dag_tomorrowio.py
[2026-06-30T09:30:59.218+0000] {logging_mixin.py:188} INFO - [2026-06-30T09:30:59.218+0000] {dag.py:3096} INFO - Sync 1 DAGs
[2026-06-30T09:30:59.227+0000] {logging_mixin.py:188} INFO - [2026-06-30T09:30:59.227+0000] {dag.py:3954} INFO - Setting next_dagrun for tomorrowio_bronze_to_silver to 2026-06-30 09:00:00+00:00, run_after=2026-06-30 10:00:00+00:00
[2026-06-30T09:30:59.234+0000] {processor.py:183} INFO - Processing /opt/airflow/dags/dag_tomorrowio.py took 0.193 seconds
[2026-06-30T09:31:29.848+0000] {processor.py:161} INFO - Started process (PID=661) to work on /opt/airflow/dags/dag_tomorrowio.py
[2026-06-30T09:31:29.849+0000] {processor.py:830} INFO - Processing file /opt/airflow/dags/dag_tomorrowio.py for tasks to queue
[2026-06-30T09:31:29.850+0000] {logging_mixin.py:188} INFO - [2026-06-30T09:31:29.850+0000] {dagbag.py:545} INFO - Filling up the DagBag from /opt/airflow/dags/dag_tomorrowio.py
[2026-06-30T09:31:29.996+0000] {processor.py:840} INFO - DAG(s) 'tomorrowio_bronze_to_silver' retrieved from /opt/airflow/dags/dag_tomorrowio.py
[2026-06-30T09:31:30.007+0000] {logging_mixin.py:188} INFO - [2026-06-30T09:31:30.007+0000] {dag.py:3096} INFO - Sync 1 DAGs
[2026-06-30T09:31:30.017+0000] {logging_mixin.py:188} INFO - [2026-06-30T09:31:30.017+0000] {dag.py:3954} INFO - Setting next_dagrun for tomorrowio_bronze_to_silver to 2026-06-30 09:00:00+00:00, run_after=2026-06-30 10:00:00+00:00
[2026-06-30T09:31:30.024+0000] {processor.py:183} INFO - Processing /opt/airflow/dags/dag_tomorrowio.py took 0.181 seconds
[2026-06-30T09:32:00.783+0000] {processor.py:161} INFO - Started process (PID=694) to work on /opt/airflow/dags/dag_tomorrowio.py
[2026-06-30T09:32:00.784+0000] {processor.py:830} INFO - Processing file /opt/airflow/dags/dag_tomorrowio.py for tasks to queue
[2026-06-30T09:32:00.785+0000] {logging_mixin.py:188} INFO - [2026-06-30T09:32:00.785+0000] {dagbag.py:545} INFO - Filling up the DagBag from /opt/airflow/dags/dag_tomorrowio.py
[2026-06-30T09:32:00.927+0000] {processor.py:840} INFO - DAG(s) 'tomorrowio_bronze_to_silver' retrieved from /opt/airflow/dags/dag_tomorrowio.py
[2026-06-30T09:32:00.937+0000] {logging_mixin.py:188} INFO - [2026-06-30T09:32:00.937+0000] {dag.py:3096} INFO - Sync 1 DAGs
[2026-06-30T09:32:00.945+0000] {logging_mixin.py:188} INFO - [2026-06-30T09:32:00.945+0000] {dag.py:3954} INFO - Setting next_dagrun for tomorrowio_bronze_to_silver to 2026-06-30 09:00:00+00:00, run_after=2026-06-30 10:00:00+00:00
[2026-06-30T09:32:00.951+0000] {processor.py:183} INFO - Processing /opt/airflow/dags/dag_tomorrowio.py took 0.174 seconds
[2026-06-30T09:32:31.439+0000] {processor.py:161} INFO - Started process (PID=731) to work on /opt/airflow/dags/dag_tomorrowio.py
[2026-06-30T09:32:31.440+0000] {processor.py:830} INFO - Processing file /opt/airflow/dags/dag_tomorrowio.py for tasks to queue
[2026-06-30T09:32:31.441+0000] {logging_mixin.py:188} INFO - [2026-06-30T09:32:31.441+0000] {dagbag.py:545} INFO - Filling up the DagBag from /opt/airflow/dags/dag_tomorrowio.py
[2026-06-30T09:32:31.575+0000] {processor.py:840} INFO - DAG(s) 'tomorrowio_bronze_to_silver' retrieved from /opt/airflow/dags/dag_tomorrowio.py
[2026-06-30T09:32:31.585+0000] {logging_mixin.py:188} INFO - [2026-06-30T09:32:31.585+0000] {dag.py:3096} INFO - Sync 1 DAGs
[2026-06-30T09:32:31.593+0000] {logging_mixin.py:188} INFO - [2026-06-30T09:32:31.593+0000] {dag.py:3954} INFO - Setting next_dagrun for tomorrowio_bronze_to_silver to 2026-06-30 09:00:00+00:00, run_after=2026-06-30 10:00:00+00:00
[2026-06-30T09:32:31.599+0000] {processor.py:183} INFO - Processing /opt/airflow/dags/dag_tomorrowio.py took 0.167 seconds
[2026-06-30T09:33:02.402+0000] {processor.py:161} INFO - Started process (PID=764) to work on /opt/airflow/dags/dag_tomorrowio.py
[2026-06-30T09:33:02.403+0000] {processor.py:830} INFO - Processing file /opt/airflow/dags/dag_tomorrowio.py for tasks to queue
[2026-06-30T09:33:02.405+0000] {logging_mixin.py:188} INFO - [2026-06-30T09:33:02.404+0000] {dagbag.py:545} INFO - Filling up the DagBag from /opt/airflow/dags/dag_tomorrowio.py
[2026-06-30T09:33:02.539+0000] {processor.py:840} INFO - DAG(s) 'tomorrowio_bronze_to_silver' retrieved from /opt/airflow/dags/dag_tomorrowio.py
[2026-06-30T09:33:02.549+0000] {logging_mixin.py:188} INFO - [2026-06-30T09:33:02.548+0000] {dag.py:3096} INFO - Sync 1 DAGs
[2026-06-30T09:33:02.556+0000] {logging_mixin.py:188} INFO - [2026-06-30T09:33:02.556+0000] {dag.py:3954} INFO - Setting next_dagrun for tomorrowio_bronze_to_silver to 2026-06-30 09:00:00+00:00, run_after=2026-06-30 10:00:00+00:00
[2026-06-30T09:33:02.562+0000] {processor.py:183} INFO - Processing /opt/airflow/dags/dag_tomorrowio.py took 0.166 seconds
[2026-06-30T09:33:33.103+0000] {processor.py:161} INFO - Started process (PID=797) to work on /opt/airflow/dags/dag_tomorrowio.py
[2026-06-30T09:33:33.105+0000] {processor.py:830} INFO - Processing file /opt/airflow/dags/dag_tomorrowio.py for tasks to queue
[2026-06-30T09:33:33.107+0000] {logging_mixin.py:188} INFO - [2026-06-30T09:33:33.107+0000] {dagbag.py:545} INFO - Filling up the DagBag from /opt/airflow/dags/dag_tomorrowio.py
[2026-06-30T09:33:33.247+0000] {processor.py:840} INFO - DAG(s) 'tomorrowio_bronze_to_silver' retrieved from /opt/airflow/dags/dag_tomorrowio.py
[2026-06-30T09:33:33.257+0000] {logging_mixin.py:188} INFO - [2026-06-30T09:33:33.257+0000] {dag.py:3096} INFO - Sync 1 DAGs
[2026-06-30T09:33:33.265+0000] {logging_mixin.py:188} INFO - [2026-06-30T09:33:33.264+0000] {dag.py:3954} INFO - Setting next_dagrun for tomorrowio_bronze_to_silver to 2026-06-30 09:00:00+00:00, run_after=2026-06-30 10:00:00+00:00
[2026-06-30T09:33:33.270+0000] {processor.py:183} INFO - Processing /opt/airflow/dags/dag_tomorrowio.py took 0.175 seconds
[2026-06-30T09:34:04.146+0000] {processor.py:161} INFO - Started process (PID=830) to work on /opt/airflow/dags/dag_tomorrowio.py
[2026-06-30T09:34:04.148+0000] {processor.py:830} INFO - Processing file /opt/airflow/dags/dag_tomorrowio.py for tasks to queue
[2026-06-30T09:34:04.150+0000] {logging_mixin.py:188} INFO - [2026-06-30T09:34:04.150+0000] {dagbag.py:545} INFO - Filling up the DagBag from /opt/airflow/dags/dag_tomorrowio.py
[2026-06-30T09:34:04.325+0000] {processor.py:840} INFO - DAG(s) 'tomorrowio_bronze_to_silver' retrieved from /opt/airflow/dags/dag_tomorrowio.py
[2026-06-30T09:34:04.338+0000] {logging_mixin.py:188} INFO - [2026-06-30T09:34:04.338+0000] {dag.py:3096} INFO - Sync 1 DAGs
[2026-06-30T09:34:04.350+0000] {logging_mixin.py:188} INFO - [2026-06-30T09:34:04.350+0000] {dag.py:3954} INFO - Setting next_dagrun for tomorrowio_bronze_to_silver to 2026-06-30 09:00:00+00:00, run_after=2026-06-30 10:00:00+00:00
[2026-06-30T09:34:04.431+0000] {processor.py:183} INFO - Processing /opt/airflow/dags/dag_tomorrowio.py took 0.293 seconds
[2026-06-30T09:34:34.942+0000] {processor.py:161} INFO - Started process (PID=863) to work on /opt/airflow/dags/dag_tomorrowio.py
[2026-06-30T09:34:34.945+0000] {processor.py:830} INFO - Processing file /opt/airflow/dags/dag_tomorrowio.py for tasks to queue
[2026-06-30T09:34:34.947+0000] {logging_mixin.py:188} INFO - [2026-06-30T09:34:34.946+0000] {dagbag.py:545} INFO - Filling up the DagBag from /opt/airflow/dags/dag_tomorrowio.py
[2026-06-30T09:34:35.124+0000] {processor.py:840} INFO - DAG(s) 'tomorrowio_bronze_to_silver' retrieved from /opt/airflow/dags/dag_tomorrowio.py
[2026-06-30T09:34:35.136+0000] {logging_mixin.py:188} INFO - [2026-06-30T09:34:35.135+0000] {dag.py:3096} INFO - Sync 1 DAGs
[2026-06-30T09:34:35.146+0000] {logging_mixin.py:188} INFO - [2026-06-30T09:34:35.146+0000] {dag.py:3954} INFO - Setting next_dagrun for tomorrowio_bronze_to_silver to 2026-06-30 09:00:00+00:00, run_after=2026-06-30 10:00:00+00:00
[2026-06-30T09:34:35.153+0000] {processor.py:183} INFO - Processing /opt/airflow/dags/dag_tomorrowio.py took 0.219 seconds
[2026-06-30T09:35:06.076+0000] {processor.py:161} INFO - Started process (PID=896) to work on /opt/airflow/dags/dag_tomorrowio.py
[2026-06-30T09:35:06.077+0000] {processor.py:830} INFO - Processing file /opt/airflow/dags/dag_tomorrowio.py for tasks to queue
[2026-06-30T09:35:06.079+0000] {logging_mixin.py:188} INFO - [2026-06-30T09:35:06.079+0000] {dagbag.py:545} INFO - Filling up the DagBag from /opt/airflow/dags/dag_tomorrowio.py
[2026-06-30T09:35:06.232+0000] {processor.py:840} INFO - DAG(s) 'tomorrowio_bronze_to_silver' retrieved from /opt/airflow/dags/dag_tomorrowio.py
[2026-06-30T09:35:06.244+0000] {logging_mixin.py:188} INFO - [2026-06-30T09:35:06.244+0000] {dag.py:3096} INFO - Sync 1 DAGs
[2026-06-30T09:35:06.253+0000] {logging_mixin.py:188} INFO - [2026-06-30T09:35:06.252+0000] {dag.py:3954} INFO - Setting next_dagrun for tomorrowio_bronze_to_silver to 2026-06-30 09:00:00+00:00, run_after=2026-06-30 10:00:00+00:00
[2026-06-30T09:35:06.259+0000] {processor.py:183} INFO - Processing /opt/airflow/dags/dag_tomorrowio.py took 0.190 seconds
[2026-06-30T09:35:36.403+0000] {processor.py:161} INFO - Started process (PID=929) to work on /opt/airflow/dags/dag_tomorrowio.py
[2026-06-30T09:35:36.405+0000] {processor.py:830} INFO - Processing file /opt/airflow/dags/dag_tomorrowio.py for tasks to queue
[2026-06-30T09:35:36.407+0000] {logging_mixin.py:188} INFO - [2026-06-30T09:35:36.406+0000] {dagbag.py:545} INFO - Filling up the DagBag from /opt/airflow/dags/dag_tomorrowio.py
[2026-06-30T09:35:36.619+0000] {processor.py:840} INFO - DAG(s) 'tomorrowio_bronze_to_silver' retrieved from /opt/airflow/dags/dag_tomorrowio.py
[2026-06-30T09:35:36.634+0000] {logging_mixin.py:188} INFO - [2026-06-30T09:35:36.634+0000] {dag.py:3096} INFO - Sync 1 DAGs
[2026-06-30T09:35:36.648+0000] {logging_mixin.py:188} INFO - [2026-06-30T09:35:36.648+0000] {dag.py:3954} INFO - Setting next_dagrun for tomorrowio_bronze_to_silver to 2026-06-30 09:00:00+00:00, run_after=2026-06-30 10:00:00+00:00
[2026-06-30T09:35:36.658+0000] {processor.py:183} INFO - Processing /opt/airflow/dags/dag_tomorrowio.py took 0.263 seconds
[2026-06-30T09:35:53.771+0000] {processor.py:161} INFO - Started process (PID=935) to work on /opt/airflow/dags/dag_tomorrowio.py
[2026-06-30T09:35:53.775+0000] {processor.py:830} INFO - Processing file /opt/airflow/dags/dag_tomorrowio.py for tasks to queue
[2026-06-30T09:35:53.785+0000] {logging_mixin.py:188} INFO - [2026-06-30T09:35:53.785+0000] {dagbag.py:545} INFO - Filling up the DagBag from /opt/airflow/dags/dag_tomorrowio.py
[2026-06-30T09:35:54.433+0000] {processor.py:840} INFO - DAG(s) 'tomorrowio_bronze_to_silver' retrieved from /opt/airflow/dags/dag_tomorrowio.py
[2026-06-30T09:35:54.847+0000] {logging_mixin.py:188} INFO - [2026-06-30T09:35:54.846+0000] {dag.py:3096} INFO - Sync 1 DAGs
[2026-06-30T09:35:54.861+0000] {logging_mixin.py:188} INFO - [2026-06-30T09:35:54.861+0000] {dag.py:3954} INFO - Setting next_dagrun for tomorrowio_bronze_to_silver to 2026-06-30 09:00:00+00:00, run_after=2026-06-30 10:00:00+00:00
[2026-06-30T09:35:54.875+0000] {processor.py:183} INFO - Processing /opt/airflow/dags/dag_tomorrowio.py took 1.129 seconds
[2026-06-30T09:36:25.041+0000] {processor.py:161} INFO - Started process (PID=968) to work on /opt/airflow/dags/dag_tomorrowio.py
[2026-06-30T09:36:25.042+0000] {processor.py:830} INFO - Processing file /opt/airflow/dags/dag_tomorrowio.py for tasks to queue
[2026-06-30T09:36:25.046+0000] {logging_mixin.py:188} INFO - [2026-06-30T09:36:25.045+0000] {dagbag.py:545} INFO - Filling up the DagBag from /opt/airflow/dags/dag_tomorrowio.py
[2026-06-30T09:36:25.307+0000] {processor.py:840} INFO - DAG(s) 'tomorrowio_bronze_to_silver' retrieved from /opt/airflow/dags/dag_tomorrowio.py
[2026-06-30T09:36:25.322+0000] {logging_mixin.py:188} INFO - [2026-06-30T09:36:25.322+0000] {dag.py:3096} INFO - Sync 1 DAGs
[2026-06-30T09:36:25.334+0000] {logging_mixin.py:188} INFO - [2026-06-30T09:36:25.334+0000] {dag.py:3954} INFO - Setting next_dagrun for tomorrowio_bronze_to_silver to 2026-06-30 09:00:00+00:00, run_after=2026-06-30 10:00:00+00:00
[2026-06-30T09:36:25.342+0000] {processor.py:183} INFO - Processing /opt/airflow/dags/dag_tomorrowio.py took 0.319 seconds
[2026-06-30T09:36:56.023+0000] {processor.py:161} INFO - Started process (PID=1008) to work on /opt/airflow/dags/dag_tomorrowio.py
[2026-06-30T09:36:56.024+0000] {processor.py:830} INFO - Processing file /opt/airflow/dags/dag_tomorrowio.py for tasks to queue
[2026-06-30T09:36:56.026+0000] {logging_mixin.py:188} INFO - [2026-06-30T09:36:56.026+0000] {dagbag.py:545} INFO - Filling up the DagBag from /opt/airflow/dags/dag_tomorrowio.py
[2026-06-30T09:36:56.271+0000] {processor.py:840} INFO - DAG(s) 'tomorrowio_bronze_to_silver' retrieved from /opt/airflow/dags/dag_tomorrowio.py
[2026-06-30T09:36:56.287+0000] {logging_mixin.py:188} INFO - [2026-06-30T09:36:56.287+0000] {dag.py:3096} INFO - Sync 1 DAGs
[2026-06-30T09:36:56.414+0000] {logging_mixin.py:188} INFO - [2026-06-30T09:36:56.414+0000] {dag.py:3954} INFO - Setting next_dagrun for tomorrowio_bronze_to_silver to 2026-06-30 09:00:00+00:00, run_after=2026-06-30 10:00:00+00:00
[2026-06-30T09:36:56.421+0000] {processor.py:183} INFO - Processing /opt/airflow/dags/dag_tomorrowio.py took 0.408 seconds
[2026-06-30T09:37:27.221+0000] {processor.py:161} INFO - Started process (PID=1041) to work on /opt/airflow/dags/dag_tomorrowio.py
[2026-06-30T09:37:27.223+0000] {processor.py:830} INFO - Processing file /opt/airflow/dags/dag_tomorrowio.py for tasks to queue
[2026-06-30T09:37:27.225+0000] {logging_mixin.py:188} INFO - [2026-06-30T09:37:27.225+0000] {dagbag.py:545} INFO - Filling up the DagBag from /opt/airflow/dags/dag_tomorrowio.py
[2026-06-30T09:37:27.421+0000] {processor.py:840} INFO - DAG(s) 'tomorrowio_bronze_to_silver' retrieved from /opt/airflow/dags/dag_tomorrowio.py
[2026-06-30T09:37:27.433+0000] {logging_mixin.py:188} INFO - [2026-06-30T09:37:27.433+0000] {dag.py:3096} INFO - Sync 1 DAGs
[2026-06-30T09:37:27.555+0000] {logging_mixin.py:188} INFO - [2026-06-30T09:37:27.555+0000] {dag.py:3954} INFO - Setting next_dagrun for tomorrowio_bronze_to_silver to 2026-06-30 09:00:00+00:00, run_after=2026-06-30 10:00:00+00:00
[2026-06-30T09:37:27.561+0000] {processor.py:183} INFO - Processing /opt/airflow/dags/dag_tomorrowio.py took 0.348 seconds
[2026-06-30T09:37:57.717+0000] {processor.py:161} INFO - Started process (PID=1074) to work on /opt/airflow/dags/dag_tomorrowio.py
[2026-06-30T09:37:57.719+0000] {processor.py:830} INFO - Processing file /opt/airflow/dags/dag_tomorrowio.py for tasks to queue
[2026-06-30T09:37:57.734+0000] {logging_mixin.py:188} INFO - [2026-06-30T09:37:57.732+0000] {dagbag.py:545} INFO - Filling up the DagBag from /opt/airflow/dags/dag_tomorrowio.py
[2026-06-30T09:37:58.078+0000] {processor.py:840} INFO - DAG(s) 'tomorrowio_bronze_to_silver' retrieved from /opt/airflow/dags/dag_tomorrowio.py
[2026-06-30T09:37:58.089+0000] {logging_mixin.py:188} INFO - [2026-06-30T09:37:58.089+0000] {dag.py:3096} INFO - Sync 1 DAGs
[2026-06-30T09:37:58.097+0000] {logging_mixin.py:188} INFO - [2026-06-30T09:37:58.097+0000] {dag.py:3954} INFO - Setting next_dagrun for tomorrowio_bronze_to_silver to 2026-06-30 09:00:00+00:00, run_after=2026-06-30 10:00:00+00:00
[2026-06-30T09:37:58.104+0000] {processor.py:183} INFO - Processing /opt/airflow/dags/dag_tomorrowio.py took 0.398 seconds
[2026-06-30T09:38:28.789+0000] {processor.py:161} INFO - Started process (PID=1107) to work on /opt/airflow/dags/dag_tomorrowio.py
[2026-06-30T09:38:28.790+0000] {processor.py:830} INFO - Processing file /opt/airflow/dags/dag_tomorrowio.py for tasks to queue
[2026-06-30T09:38:28.794+0000] {logging_mixin.py:188} INFO - [2026-06-30T09:38:28.794+0000] {dagbag.py:545} INFO - Filling up the DagBag from /opt/airflow/dags/dag_tomorrowio.py
[2026-06-30T09:38:29.063+0000] {processor.py:840} INFO - DAG(s) 'tomorrowio_bronze_to_silver' retrieved from /opt/airflow/dags/dag_tomorrowio.py
[2026-06-30T09:38:29.074+0000] {logging_mixin.py:188} INFO - [2026-06-30T09:38:29.074+0000] {dag.py:3096} INFO - Sync 1 DAGs
[2026-06-30T09:38:29.082+0000] {logging_mixin.py:188} INFO - [2026-06-30T09:38:29.082+0000] {dag.py:3954} INFO - Setting next_dagrun for tomorrowio_bronze_to_silver to 2026-06-30 09:00:00+00:00, run_after=2026-06-30 10:00:00+00:00
[2026-06-30T09:38:29.088+0000] {processor.py:183} INFO - Processing /opt/airflow/dags/dag_tomorrowio.py took 0.313 seconds
[2026-06-30T09:38:59.796+0000] {processor.py:161} INFO - Started process (PID=1140) to work on /opt/airflow/dags/dag_tomorrowio.py
[2026-06-30T09:38:59.798+0000] {processor.py:830} INFO - Processing file /opt/airflow/dags/dag_tomorrowio.py for tasks to queue
[2026-06-30T09:38:59.802+0000] {logging_mixin.py:188} INFO - [2026-06-30T09:38:59.802+0000] {dagbag.py:545} INFO - Filling up the DagBag from /opt/airflow/dags/dag_tomorrowio.py
[2026-06-30T09:39:00.286+0000] {processor.py:840} INFO - DAG(s) 'tomorrowio_bronze_to_silver' retrieved from /opt/airflow/dags/dag_tomorrowio.py
[2026-06-30T09:39:00.303+0000] {logging_mixin.py:188} INFO - [2026-06-30T09:39:00.303+0000] {dag.py:3096} INFO - Sync 1 DAGs
[2026-06-30T09:39:00.315+0000] {logging_mixin.py:188} INFO - [2026-06-30T09:39:00.315+0000] {dag.py:3954} INFO - Setting next_dagrun for tomorrowio_bronze_to_silver to 2026-06-30 09:00:00+00:00, run_after=2026-06-30 10:00:00+00:00
[2026-06-30T09:39:00.323+0000] {processor.py:183} INFO - Processing /opt/airflow/dags/dag_tomorrowio.py took 0.546 seconds
[2026-06-30T09:39:30.882+0000] {processor.py:161} INFO - Started process (PID=1173) to work on /opt/airflow/dags/dag_tomorrowio.py
[2026-06-30T09:39:30.884+0000] {processor.py:830} INFO - Processing file /opt/airflow/dags/dag_tomorrowio.py for tasks to queue
[2026-06-30T09:39:30.887+0000] {logging_mixin.py:188} INFO - [2026-06-30T09:39:30.886+0000] {dagbag.py:545} INFO - Filling up the DagBag from /opt/airflow/dags/dag_tomorrowio.py
[2026-06-30T09:39:31.068+0000] {processor.py:840} INFO - DAG(s) 'tomorrowio_bronze_to_silver' retrieved from /opt/airflow/dags/dag_tomorrowio.py
[2026-06-30T09:39:31.079+0000] {logging_mixin.py:188} INFO - [2026-06-30T09:39:31.078+0000] {dag.py:3096} INFO - Sync 1 DAGs
[2026-06-30T09:39:31.088+0000] {logging_mixin.py:188} INFO - [2026-06-30T09:39:31.087+0000] {dag.py:3954} INFO - Setting next_dagrun for tomorrowio_bronze_to_silver to 2026-06-30 09:00:00+00:00, run_after=2026-06-30 10:00:00+00:00
[2026-06-30T09:39:31.095+0000] {processor.py:183} INFO - Processing /opt/airflow/dags/dag_tomorrowio.py took 0.220 seconds
[2026-06-30T09:40:01.577+0000] {processor.py:161} INFO - Started process (PID=1206) to work on /opt/airflow/dags/dag_tomorrowio.py
[2026-06-30T09:40:01.579+0000] {processor.py:830} INFO - Processing file /opt/airflow/dags/dag_tomorrowio.py for tasks to queue
[2026-06-30T09:40:01.582+0000] {logging_mixin.py:188} INFO - [2026-06-30T09:40:01.582+0000] {dagbag.py:545} INFO - Filling up the DagBag from /opt/airflow/dags/dag_tomorrowio.py
[2026-06-30T09:40:01.856+0000] {processor.py:840} INFO - DAG(s) 'tomorrowio_bronze_to_silver' retrieved from /opt/airflow/dags/dag_tomorrowio.py
[2026-06-30T09:40:01.873+0000] {logging_mixin.py:188} INFO - [2026-06-30T09:40:01.873+0000] {dag.py:3096} INFO - Sync 1 DAGs
[2026-06-30T09:40:01.998+0000] {logging_mixin.py:188} INFO - [2026-06-30T09:40:01.998+0000] {dag.py:3954} INFO - Setting next_dagrun for tomorrowio_bronze_to_silver to 2026-06-30 09:00:00+00:00, run_after=2026-06-30 10:00:00+00:00
[2026-06-30T09:40:02.004+0000] {processor.py:183} INFO - Processing /opt/airflow/dags/dag_tomorrowio.py took 0.441 seconds
[2026-06-30T09:40:32.428+0000] {processor.py:161} INFO - Started process (PID=1239) to work on /opt/airflow/dags/dag_tomorrowio.py
[2026-06-30T09:40:32.429+0000] {processor.py:830} INFO - Processing file /opt/airflow/dags/dag_tomorrowio.py for tasks to queue
[2026-06-30T09:40:32.431+0000] {logging_mixin.py:188} INFO - [2026-06-30T09:40:32.431+0000] {dagbag.py:545} INFO - Filling up the DagBag from /opt/airflow/dags/dag_tomorrowio.py
[2026-06-30T09:40:32.647+0000] {processor.py:840} INFO - DAG(s) 'tomorrowio_bronze_to_silver' retrieved from /opt/airflow/dags/dag_tomorrowio.py
[2026-06-30T09:40:32.655+0000] {logging_mixin.py:188} INFO - [2026-06-30T09:40:32.655+0000] {dag.py:3096} INFO - Sync 1 DAGs
[2026-06-30T09:40:32.769+0000] {logging_mixin.py:188} INFO - [2026-06-30T09:40:32.769+0000] {dag.py:3954} INFO - Setting next_dagrun for tomorrowio_bronze_to_silver to 2026-06-30 09:00:00+00:00, run_after=2026-06-30 10:00:00+00:00
[2026-06-30T09:40:32.775+0000] {processor.py:183} INFO - Processing /opt/airflow/dags/dag_tomorrowio.py took 0.354 seconds
[2026-06-30T09:41:03.652+0000] {processor.py:161} INFO - Started process (PID=1277) to work on /opt/airflow/dags/dag_tomorrowio.py
[2026-06-30T09:41:03.654+0000] {processor.py:830} INFO - Processing file /opt/airflow/dags/dag_tomorrowio.py for tasks to queue
[2026-06-30T09:41:03.656+0000] {logging_mixin.py:188} INFO - [2026-06-30T09:41:03.655+0000] {dagbag.py:545} INFO - Filling up the DagBag from /opt/airflow/dags/dag_tomorrowio.py
[2026-06-30T09:41:03.870+0000] {processor.py:840} INFO - DAG(s) 'tomorrowio_bronze_to_silver' retrieved from /opt/airflow/dags/dag_tomorrowio.py
[2026-06-30T09:41:03.882+0000] {logging_mixin.py:188} INFO - [2026-06-30T09:41:03.882+0000] {dag.py:3096} INFO - Sync 1 DAGs
[2026-06-30T09:41:03.890+0000] {logging_mixin.py:188} INFO - [2026-06-30T09:41:03.890+0000] {dag.py:3954} INFO - Setting next_dagrun for tomorrowio_bronze_to_silver to 2026-06-30 09:00:00+00:00, run_after=2026-06-30 10:00:00+00:00
[2026-06-30T09:41:03.897+0000] {processor.py:183} INFO - Processing /opt/airflow/dags/dag_tomorrowio.py took 0.253 seconds
[2026-06-30T09:41:34.593+0000] {processor.py:161} INFO - Started process (PID=1310) to work on /opt/airflow/dags/dag_tomorrowio.py
[2026-06-30T09:41:34.594+0000] {processor.py:830} INFO - Processing file /opt/airflow/dags/dag_tomorrowio.py for tasks to queue
[2026-06-30T09:41:34.595+0000] {logging_mixin.py:188} INFO - [2026-06-30T09:41:34.595+0000] {dagbag.py:545} INFO - Filling up the DagBag from /opt/airflow/dags/dag_tomorrowio.py
[2026-06-30T09:41:34.762+0000] {processor.py:840} INFO - DAG(s) 'tomorrowio_bronze_to_silver' retrieved from /opt/airflow/dags/dag_tomorrowio.py
[2026-06-30T09:41:34.771+0000] {logging_mixin.py:188} INFO - [2026-06-30T09:41:34.771+0000] {dag.py:3096} INFO - Sync 1 DAGs
[2026-06-30T09:41:34.780+0000] {logging_mixin.py:188} INFO - [2026-06-30T09:41:34.780+0000] {dag.py:3954} INFO - Setting next_dagrun for tomorrowio_bronze_to_silver to 2026-06-30 09:00:00+00:00, run_after=2026-06-30 10:00:00+00:00
[2026-06-30T09:41:34.787+0000] {processor.py:183} INFO - Processing /opt/airflow/dags/dag_tomorrowio.py took 0.201 seconds
[2026-06-30T09:42:04.872+0000] {processor.py:161} INFO - Started process (PID=1347) to work on /opt/airflow/dags/dag_tomorrowio.py
[2026-06-30T09:42:04.874+0000] {processor.py:830} INFO - Processing file /opt/airflow/dags/dag_tomorrowio.py for tasks to queue
[2026-06-30T09:42:04.875+0000] {logging_mixin.py:188} INFO - [2026-06-30T09:42:04.875+0000] {dagbag.py:545} INFO - Filling up the DagBag from /opt/airflow/dags/dag_tomorrowio.py
[2026-06-30T09:42:05.071+0000] {processor.py:840} INFO - DAG(s) 'tomorrowio_bronze_to_silver' retrieved from /opt/airflow/dags/dag_tomorrowio.py
[2026-06-30T09:42:05.086+0000] {logging_mixin.py:188} INFO - [2026-06-30T09:42:05.085+0000] {dag.py:3096} INFO - Sync 1 DAGs
[2026-06-30T09:42:05.095+0000] {logging_mixin.py:188} INFO - [2026-06-30T09:42:05.095+0000] {dag.py:3954} INFO - Setting next_dagrun for tomorrowio_bronze_to_silver to 2026-06-30 09:00:00+00:00, run_after=2026-06-30 10:00:00+00:00
[2026-06-30T09:42:05.102+0000] {processor.py:183} INFO - Processing /opt/airflow/dags/dag_tomorrowio.py took 0.239 seconds
[2026-06-30T09:42:35.818+0000] {processor.py:161} INFO - Started process (PID=1380) to work on /opt/airflow/dags/dag_tomorrowio.py
[2026-06-30T09:42:35.819+0000] {processor.py:830} INFO - Processing file /opt/airflow/dags/dag_tomorrowio.py for tasks to queue
[2026-06-30T09:42:35.820+0000] {logging_mixin.py:188} INFO - [2026-06-30T09:42:35.820+0000] {dagbag.py:545} INFO - Filling up the DagBag from /opt/airflow/dags/dag_tomorrowio.py
[2026-06-30T09:42:36.034+0000] {processor.py:840} INFO - DAG(s) 'tomorrowio_bronze_to_silver' retrieved from /opt/airflow/dags/dag_tomorrowio.py
[2026-06-30T09:42:36.044+0000] {logging_mixin.py:188} INFO - [2026-06-30T09:42:36.044+0000] {dag.py:3096} INFO - Sync 1 DAGs
[2026-06-30T09:42:36.055+0000] {logging_mixin.py:188} INFO - [2026-06-30T09:42:36.055+0000] {dag.py:3954} INFO - Setting next_dagrun for tomorrowio_bronze_to_silver to 2026-06-30 09:00:00+00:00, run_after=2026-06-30 10:00:00+00:00
[2026-06-30T09:42:36.195+0000] {processor.py:183} INFO - Processing /opt/airflow/dags/dag_tomorrowio.py took 0.382 seconds
[2026-06-30T09:43:07.053+0000] {processor.py:161} INFO - Started process (PID=1413) to work on /opt/airflow/dags/dag_tomorrowio.py
[2026-06-30T09:43:07.054+0000] {processor.py:830} INFO - Processing file /opt/airflow/dags/dag_tomorrowio.py for tasks to queue
[2026-06-30T09:43:07.055+0000] {logging_mixin.py:188} INFO - [2026-06-30T09:43:07.055+0000] {dagbag.py:545} INFO - Filling up the DagBag from /opt/airflow/dags/dag_tomorrowio.py
[2026-06-30T09:43:07.242+0000] {processor.py:840} INFO - DAG(s) 'tomorrowio_bronze_to_silver' retrieved from /opt/airflow/dags/dag_tomorrowio.py
[2026-06-30T09:43:07.252+0000] {logging_mixin.py:188} INFO - [2026-06-30T09:43:07.252+0000] {dag.py:3096} INFO - Sync 1 DAGs
[2026-06-30T09:43:07.386+0000] {logging_mixin.py:188} INFO - [2026-06-30T09:43:07.386+0000] {dag.py:3954} INFO - Setting next_dagrun for tomorrowio_bronze_to_silver to 2026-06-30 09:00:00+00:00, run_after=2026-06-30 10:00:00+00:00
[2026-06-30T09:43:07.393+0000] {processor.py:183} INFO - Processing /opt/airflow/dags/dag_tomorrowio.py took 0.344 seconds
[2026-06-30T09:43:38.078+0000] {processor.py:161} INFO - Started process (PID=1446) to work on /opt/airflow/dags/dag_tomorrowio.py
[2026-06-30T09:43:38.078+0000] {processor.py:830} INFO - Processing file /opt/airflow/dags/dag_tomorrowio.py for tasks to queue
[2026-06-30T09:43:38.079+0000] {logging_mixin.py:188} INFO - [2026-06-30T09:43:38.079+0000] {dagbag.py:545} INFO - Filling up the DagBag from /opt/airflow/dags/dag_tomorrowio.py
[2026-06-30T09:43:38.317+0000] {processor.py:840} INFO - DAG(s) 'tomorrowio_bronze_to_silver' retrieved from /opt/airflow/dags/dag_tomorrowio.py
[2026-06-30T09:43:38.331+0000] {logging_mixin.py:188} INFO - [2026-06-30T09:43:38.331+0000] {dag.py:3096} INFO - Sync 1 DAGs
[2026-06-30T09:43:38.342+0000] {logging_mixin.py:188} INFO - [2026-06-30T09:43:38.341+0000] {dag.py:3954} INFO - Setting next_dagrun for tomorrowio_bronze_to_silver to 2026-06-30 09:00:00+00:00, run_after=2026-06-30 10:00:00+00:00
[2026-06-30T09:43:38.349+0000] {processor.py:183} INFO - Processing /opt/airflow/dags/dag_tomorrowio.py took 0.276 seconds
[2026-06-30T09:44:08.391+0000] {processor.py:161} INFO - Started process (PID=1479) to work on /opt/airflow/dags/dag_tomorrowio.py
[2026-06-30T09:44:08.392+0000] {processor.py:830} INFO - Processing file /opt/airflow/dags/dag_tomorrowio.py for tasks to queue
[2026-06-30T09:44:08.393+0000] {logging_mixin.py:188} INFO - [2026-06-30T09:44:08.393+0000] {dagbag.py:545} INFO - Filling up the DagBag from /opt/airflow/dags/dag_tomorrowio.py
[2026-06-30T09:44:08.541+0000] {processor.py:840} INFO - DAG(s) 'tomorrowio_bronze_to_silver' retrieved from /opt/airflow/dags/dag_tomorrowio.py
[2026-06-30T09:44:08.552+0000] {logging_mixin.py:188} INFO - [2026-06-30T09:44:08.552+0000] {dag.py:3096} INFO - Sync 1 DAGs
[2026-06-30T09:44:08.560+0000] {logging_mixin.py:188} INFO - [2026-06-30T09:44:08.559+0000] {dag.py:3954} INFO - Setting next_dagrun for tomorrowio_bronze_to_silver to 2026-06-30 09:00:00+00:00, run_after=2026-06-30 10:00:00+00:00
[2026-06-30T09:44:08.566+0000] {processor.py:183} INFO - Processing /opt/airflow/dags/dag_tomorrowio.py took 0.181 seconds
[2026-06-30T09:44:39.284+0000] {processor.py:161} INFO - Started process (PID=1512) to work on /opt/airflow/dags/dag_tomorrowio.py
[2026-06-30T09:44:39.287+0000] {processor.py:830} INFO - Processing file /opt/airflow/dags/dag_tomorrowio.py for tasks to queue
[2026-06-30T09:44:39.289+0000] {logging_mixin.py:188} INFO - [2026-06-30T09:44:39.288+0000] {dagbag.py:545} INFO - Filling up the DagBag from /opt/airflow/dags/dag_tomorrowio.py
[2026-06-30T09:44:39.506+0000] {processor.py:840} INFO - DAG(s) 'tomorrowio_bronze_to_silver' retrieved from /opt/airflow/dags/dag_tomorrowio.py
[2026-06-30T09:44:39.518+0000] {logging_mixin.py:188} INFO - [2026-06-30T09:44:39.518+0000] {dag.py:3096} INFO - Sync 1 DAGs
[2026-06-30T09:44:39.528+0000] {logging_mixin.py:188} INFO - [2026-06-30T09:44:39.527+0000] {dag.py:3954} INFO - Setting next_dagrun for tomorrowio_bronze_to_silver to 2026-06-30 09:00:00+00:00, run_after=2026-06-30 10:00:00+00:00
[2026-06-30T09:44:39.535+0000] {processor.py:183} INFO - Processing /opt/airflow/dags/dag_tomorrowio.py took 0.256 seconds
[2026-06-30T09:45:10.360+0000] {processor.py:161} INFO - Started process (PID=1545) to work on /opt/airflow/dags/dag_tomorrowio.py
[2026-06-30T09:45:10.362+0000] {processor.py:830} INFO - Processing file /opt/airflow/dags/dag_tomorrowio.py for tasks to queue
[2026-06-30T09:45:10.363+0000] {logging_mixin.py:188} INFO - [2026-06-30T09:45:10.363+0000] {dagbag.py:545} INFO - Filling up the DagBag from /opt/airflow/dags/dag_tomorrowio.py
[2026-06-30T09:45:10.633+0000] {processor.py:840} INFO - DAG(s) 'tomorrowio_bronze_to_silver' retrieved from /opt/airflow/dags/dag_tomorrowio.py
[2026-06-30T09:45:10.648+0000] {logging_mixin.py:188} INFO - [2026-06-30T09:45:10.648+0000] {dag.py:3096} INFO - Sync 1 DAGs
[2026-06-30T09:45:10.659+0000] {logging_mixin.py:188} INFO - [2026-06-30T09:45:10.658+0000] {dag.py:3954} INFO - Setting next_dagrun for tomorrowio_bronze_to_silver to 2026-06-30 09:00:00+00:00, run_after=2026-06-30 10:00:00+00:00
[2026-06-30T09:45:10.667+0000] {processor.py:183} INFO - Processing /opt/airflow/dags/dag_tomorrowio.py took 0.313 seconds
[2026-06-30T09:45:41.299+0000] {processor.py:161} INFO - Started process (PID=1578) to work on /opt/airflow/dags/dag_tomorrowio.py
[2026-06-30T09:45:41.300+0000] {processor.py:830} INFO - Processing file /opt/airflow/dags/dag_tomorrowio.py for tasks to queue
[2026-06-30T09:45:41.303+0000] {logging_mixin.py:188} INFO - [2026-06-30T09:45:41.303+0000] {dagbag.py:545} INFO - Filling up the DagBag from /opt/airflow/dags/dag_tomorrowio.py
[2026-06-30T09:45:41.495+0000] {processor.py:840} INFO - DAG(s) 'tomorrowio_bronze_to_silver' retrieved from /opt/airflow/dags/dag_tomorrowio.py
[2026-06-30T09:45:41.507+0000] {logging_mixin.py:188} INFO - [2026-06-30T09:45:41.506+0000] {dag.py:3096} INFO - Sync 1 DAGs
[2026-06-30T09:45:41.605+0000] {logging_mixin.py:188} INFO - [2026-06-30T09:45:41.605+0000] {dag.py:3954} INFO - Setting next_dagrun for tomorrowio_bronze_to_silver to 2026-06-30 09:00:00+00:00, run_after=2026-06-30 10:00:00+00:00
[2026-06-30T09:45:41.612+0000] {processor.py:183} INFO - Processing /opt/airflow/dags/dag_tomorrowio.py took 0.323 seconds
[2026-06-30T09:46:12.375+0000] {processor.py:161} INFO - Started process (PID=1611) to work on /opt/airflow/dags/dag_tomorrowio.py
[2026-06-30T09:46:12.377+0000] {processor.py:830} INFO - Processing file /opt/airflow/dags/dag_tomorrowio.py for tasks to queue
[2026-06-30T09:46:12.379+0000] {logging_mixin.py:188} INFO - [2026-06-30T09:46:12.379+0000] {dagbag.py:545} INFO - Filling up the DagBag from /opt/airflow/dags/dag_tomorrowio.py
[2026-06-30T09:46:12.565+0000] {processor.py:840} INFO - DAG(s) 'tomorrowio_bronze_to_silver' retrieved from /opt/airflow/dags/dag_tomorrowio.py
[2026-06-30T09:46:12.591+0000] {logging_mixin.py:188} INFO - [2026-06-30T09:46:12.590+0000] {dag.py:3096} INFO - Sync 1 DAGs
[2026-06-30T09:46:12.605+0000] {logging_mixin.py:188} INFO - [2026-06-30T09:46:12.605+0000] {dag.py:3954} INFO - Setting next_dagrun for tomorrowio_bronze_to_silver to 2026-06-30 09:00:00+00:00, run_after=2026-06-30 10:00:00+00:00
[2026-06-30T09:46:12.613+0000] {processor.py:183} INFO - Processing /opt/airflow/dags/dag_tomorrowio.py took 0.245 seconds
[2026-06-30T09:46:43.304+0000] {processor.py:161} INFO - Started process (PID=1644) to work on /opt/airflow/dags/dag_tomorrowio.py
[2026-06-30T09:46:43.305+0000] {processor.py:830} INFO - Processing file /opt/airflow/dags/dag_tomorrowio.py for tasks to queue
[2026-06-30T09:46:43.307+0000] {logging_mixin.py:188} INFO - [2026-06-30T09:46:43.307+0000] {dagbag.py:545} INFO - Filling up the DagBag from /opt/airflow/dags/dag_tomorrowio.py
[2026-06-30T09:46:43.811+0000] {processor.py:840} INFO - DAG(s) 'tomorrowio_bronze_to_silver' retrieved from /opt/airflow/dags/dag_tomorrowio.py
[2026-06-30T09:46:43.835+0000] {logging_mixin.py:188} INFO - [2026-06-30T09:46:43.834+0000] {dag.py:3096} INFO - Sync 1 DAGs
[2026-06-30T09:46:43.860+0000] {logging_mixin.py:188} INFO - [2026-06-30T09:46:43.860+0000] {dag.py:3954} INFO - Setting next_dagrun for tomorrowio_bronze_to_silver to 2026-06-30 09:00:00+00:00, run_after=2026-06-30 10:00:00+00:00
[2026-06-30T09:46:43.871+0000] {processor.py:183} INFO - Processing /opt/airflow/dags/dag_tomorrowio.py took 0.572 seconds
[2026-06-30T09:47:14.230+0000] {processor.py:161} INFO - Started process (PID=1677) to work on /opt/airflow/dags/dag_tomorrowio.py
[2026-06-30T09:47:14.232+0000] {processor.py:830} INFO - Processing file /opt/airflow/dags/dag_tomorrowio.py for tasks to queue
[2026-06-30T09:47:14.233+0000] {logging_mixin.py:188} INFO - [2026-06-30T09:47:14.233+0000] {dagbag.py:545} INFO - Filling up the DagBag from /opt/airflow/dags/dag_tomorrowio.py
[2026-06-30T09:47:14.483+0000] {processor.py:840} INFO - DAG(s) 'tomorrowio_bronze_to_silver' retrieved from /opt/airflow/dags/dag_tomorrowio.py
[2026-06-30T09:47:14.495+0000] {logging_mixin.py:188} INFO - [2026-06-30T09:47:14.495+0000] {dag.py:3096} INFO - Sync 1 DAGs
[2026-06-30T09:47:14.504+0000] {logging_mixin.py:188} INFO - [2026-06-30T09:47:14.503+0000] {dag.py:3954} INFO - Setting next_dagrun for tomorrowio_bronze_to_silver to 2026-06-30 09:00:00+00:00, run_after=2026-06-30 10:00:00+00:00
[2026-06-30T09:47:14.510+0000] {processor.py:183} INFO - Processing /opt/airflow/dags/dag_tomorrowio.py took 0.284 seconds
[2026-06-30T09:47:45.216+0000] {processor.py:161} INFO - Started process (PID=1710) to work on /opt/airflow/dags/dag_tomorrowio.py
[2026-06-30T09:47:45.218+0000] {processor.py:830} INFO - Processing file /opt/airflow/dags/dag_tomorrowio.py for tasks to queue
[2026-06-30T09:47:45.227+0000] {logging_mixin.py:188} INFO - [2026-06-30T09:47:45.227+0000] {dagbag.py:545} INFO - Filling up the DagBag from /opt/airflow/dags/dag_tomorrowio.py
[2026-06-30T09:47:45.490+0000] {processor.py:840} INFO - DAG(s) 'tomorrowio_bronze_to_silver' retrieved from /opt/airflow/dags/dag_tomorrowio.py
[2026-06-30T09:47:45.512+0000] {logging_mixin.py:188} INFO - [2026-06-30T09:47:45.512+0000] {dag.py:3096} INFO - Sync 1 DAGs
[2026-06-30T09:47:45.523+0000] {logging_mixin.py:188} INFO - [2026-06-30T09:47:45.523+0000] {dag.py:3954} INFO - Setting next_dagrun for tomorrowio_bronze_to_silver to 2026-06-30 09:00:00+00:00, run_after=2026-06-30 10:00:00+00:00
[2026-06-30T09:47:45.530+0000] {processor.py:183} INFO - Processing /opt/airflow/dags/dag_tomorrowio.py took 0.331 seconds
[2026-06-30T09:48:15.944+0000] {processor.py:161} INFO - Started process (PID=1743) to work on /opt/airflow/dags/dag_tomorrowio.py
[2026-06-30T09:48:15.945+0000] {processor.py:830} INFO - Processing file /opt/airflow/dags/dag_tomorrowio.py for tasks to queue
[2026-06-30T09:48:15.946+0000] {logging_mixin.py:188} INFO - [2026-06-30T09:48:15.945+0000] {dagbag.py:545} INFO - Filling up the DagBag from /opt/airflow/dags/dag_tomorrowio.py
[2026-06-30T09:48:16.127+0000] {processor.py:840} INFO - DAG(s) 'tomorrowio_bronze_to_silver' retrieved from /opt/airflow/dags/dag_tomorrowio.py
[2026-06-30T09:48:16.137+0000] {logging_mixin.py:188} INFO - [2026-06-30T09:48:16.137+0000] {dag.py:3096} INFO - Sync 1 DAGs
[2026-06-30T09:48:16.146+0000] {logging_mixin.py:188} INFO - [2026-06-30T09:48:16.146+0000] {dag.py:3954} INFO - Setting next_dagrun for tomorrowio_bronze_to_silver to 2026-06-30 09:00:00+00:00, run_after=2026-06-30 10:00:00+00:00
[2026-06-30T09:48:16.221+0000] {processor.py:183} INFO - Processing /opt/airflow/dags/dag_tomorrowio.py took 0.283 seconds
[2026-06-30T09:48:46.864+0000] {processor.py:161} INFO - Started process (PID=1776) to work on /opt/airflow/dags/dag_tomorrowio.py
[2026-06-30T09:48:46.864+0000] {processor.py:830} INFO - Processing file /opt/airflow/dags/dag_tomorrowio.py for tasks to queue
[2026-06-30T09:48:46.866+0000] {logging_mixin.py:188} INFO - [2026-06-30T09:48:46.865+0000] {dagbag.py:545} INFO - Filling up the DagBag from /opt/airflow/dags/dag_tomorrowio.py
[2026-06-30T09:48:47.093+0000] {processor.py:840} INFO - DAG(s) 'tomorrowio_bronze_to_silver' retrieved from /opt/airflow/dags/dag_tomorrowio.py
[2026-06-30T09:48:47.103+0000] {logging_mixin.py:188} INFO - [2026-06-30T09:48:47.102+0000] {dag.py:3096} INFO - Sync 1 DAGs
[2026-06-30T09:48:47.263+0000] {logging_mixin.py:188} INFO - [2026-06-30T09:48:47.263+0000] {dag.py:3954} INFO - Setting next_dagrun for tomorrowio_bronze_to_silver to 2026-06-30 09:00:00+00:00, run_after=2026-06-30 10:00:00+00:00
[2026-06-30T09:48:47.270+0000] {processor.py:183} INFO - Processing /opt/airflow/dags/dag_tomorrowio.py took 0.411 seconds
[2026-06-30T09:49:17.839+0000] {processor.py:161} INFO - Started process (PID=1809) to work on /opt/airflow/dags/dag_tomorrowio.py
[2026-06-30T09:49:17.840+0000] {processor.py:830} INFO - Processing file /opt/airflow/dags/dag_tomorrowio.py for tasks to queue
[2026-06-30T09:49:17.841+0000] {logging_mixin.py:188} INFO - [2026-06-30T09:49:17.841+0000] {dagbag.py:545} INFO - Filling up the DagBag from /opt/airflow/dags/dag_tomorrowio.py
[2026-06-30T09:49:18.259+0000] {processor.py:840} INFO - DAG(s) 'tomorrowio_bronze_to_silver' retrieved from /opt/airflow/dags/dag_tomorrowio.py
[2026-06-30T09:49:18.303+0000] {logging_mixin.py:188} INFO - [2026-06-30T09:49:18.303+0000] {dag.py:3096} INFO - Sync 1 DAGs
[2026-06-30T09:49:18.319+0000] {logging_mixin.py:188} INFO - [2026-06-30T09:49:18.319+0000] {dag.py:3954} INFO - Setting next_dagrun for tomorrowio_bronze_to_silver to 2026-06-30 09:00:00+00:00, run_after=2026-06-30 10:00:00+00:00
[2026-06-30T09:49:18.330+0000] {processor.py:183} INFO - Processing /opt/airflow/dags/dag_tomorrowio.py took 0.497 seconds
[2026-06-30T09:49:48.823+0000] {processor.py:161} INFO - Started process (PID=1842) to work on /opt/airflow/dags/dag_tomorrowio.py
[2026-06-30T09:49:48.824+0000] {processor.py:830} INFO - Processing file /opt/airflow/dags/dag_tomorrowio.py for tasks to queue
[2026-06-30T09:49:48.826+0000] {logging_mixin.py:188} INFO - [2026-06-30T09:49:48.825+0000] {dagbag.py:545} INFO - Filling up the DagBag from /opt/airflow/dags/dag_tomorrowio.py
[2026-06-30T09:49:49.052+0000] {processor.py:840} INFO - DAG(s) 'tomorrowio_bronze_to_silver' retrieved from /opt/airflow/dags/dag_tomorrowio.py
[2026-06-30T09:49:49.063+0000] {logging_mixin.py:188} INFO - [2026-06-30T09:49:49.063+0000] {dag.py:3096} INFO - Sync 1 DAGs
[2026-06-30T09:49:49.071+0000] {logging_mixin.py:188} INFO - [2026-06-30T09:49:49.071+0000] {dag.py:3954} INFO - Setting next_dagrun for tomorrowio_bronze_to_silver to 2026-06-30 09:00:00+00:00, run_after=2026-06-30 10:00:00+00:00
[2026-06-30T09:49:49.077+0000] {processor.py:183} INFO - Processing /opt/airflow/dags/dag_tomorrowio.py took 0.261 seconds
[2026-06-30T09:50:19.840+0000] {processor.py:161} INFO - Started process (PID=1875) to work on /opt/airflow/dags/dag_tomorrowio.py
[2026-06-30T09:50:19.841+0000] {processor.py:830} INFO - Processing file /opt/airflow/dags/dag_tomorrowio.py for tasks to queue
[2026-06-30T09:50:19.843+0000] {logging_mixin.py:188} INFO - [2026-06-30T09:50:19.842+0000] {dagbag.py:545} INFO - Filling up the DagBag from /opt/airflow/dags/dag_tomorrowio.py
[2026-06-30T09:50:19.985+0000] {processor.py:840} INFO - DAG(s) 'tomorrowio_bronze_to_silver' retrieved from /opt/airflow/dags/dag_tomorrowio.py
[2026-06-30T09:50:19.995+0000] {logging_mixin.py:188} INFO - [2026-06-30T09:50:19.995+0000] {dag.py:3096} INFO - Sync 1 DAGs
[2026-06-30T09:50:20.003+0000] {logging_mixin.py:188} INFO - [2026-06-30T09:50:20.003+0000] {dag.py:3954} INFO - Setting next_dagrun for tomorrowio_bronze_to_silver to 2026-06-30 09:00:00+00:00, run_after=2026-06-30 10:00:00+00:00
[2026-06-30T09:50:20.009+0000] {processor.py:183} INFO - Processing /opt/airflow/dags/dag_tomorrowio.py took 0.174 seconds
[2026-06-30T09:50:50.729+0000] {processor.py:161} INFO - Started process (PID=1908) to work on /opt/airflow/dags/dag_tomorrowio.py
[2026-06-30T09:50:50.730+0000] {processor.py:830} INFO - Processing file /opt/airflow/dags/dag_tomorrowio.py for tasks to queue
[2026-06-30T09:50:50.732+0000] {logging_mixin.py:188} INFO - [2026-06-30T09:50:50.731+0000] {dagbag.py:545} INFO - Filling up the DagBag from /opt/airflow/dags/dag_tomorrowio.py
[2026-06-30T09:50:50.979+0000] {processor.py:840} INFO - DAG(s) 'tomorrowio_bronze_to_silver' retrieved from /opt/airflow/dags/dag_tomorrowio.py
[2026-06-30T09:50:50.995+0000] {logging_mixin.py:188} INFO - [2026-06-30T09:50:50.995+0000] {dag.py:3096} INFO - Sync 1 DAGs
[2026-06-30T09:50:51.006+0000] {logging_mixin.py:188} INFO - [2026-06-30T09:50:51.006+0000] {dag.py:3954} INFO - Setting next_dagrun for tomorrowio_bronze_to_silver to 2026-06-30 09:00:00+00:00, run_after=2026-06-30 10:00:00+00:00
[2026-06-30T09:50:51.016+0000] {processor.py:183} INFO - Processing /opt/airflow/dags/dag_tomorrowio.py took 0.292 seconds
[2026-06-30T09:51:21.622+0000] {processor.py:161} INFO - Started process (PID=1941) to work on /opt/airflow/dags/dag_tomorrowio.py
[2026-06-30T09:51:21.623+0000] {processor.py:830} INFO - Processing file /opt/airflow/dags/dag_tomorrowio.py for tasks to queue
[2026-06-30T09:51:21.625+0000] {logging_mixin.py:188} INFO - [2026-06-30T09:51:21.625+0000] {dagbag.py:545} INFO - Filling up the DagBag from /opt/airflow/dags/dag_tomorrowio.py
[2026-06-30T09:51:21.838+0000] {processor.py:840} INFO - DAG(s) 'tomorrowio_bronze_to_silver' retrieved from /opt/airflow/dags/dag_tomorrowio.py
[2026-06-30T09:51:21.848+0000] {logging_mixin.py:188} INFO - [2026-06-30T09:51:21.848+0000] {dag.py:3096} INFO - Sync 1 DAGs
[2026-06-30T09:51:21.938+0000] {logging_mixin.py:188} INFO - [2026-06-30T09:51:21.938+0000] {dag.py:3954} INFO - Setting next_dagrun for tomorrowio_bronze_to_silver to 2026-06-30 09:00:00+00:00, run_after=2026-06-30 10:00:00+00:00
[2026-06-30T09:51:21.945+0000] {processor.py:183} INFO - Processing /opt/airflow/dags/dag_tomorrowio.py took 0.328 seconds
[2026-06-30T09:51:52.641+0000] {processor.py:161} INFO - Started process (PID=1979) to work on /opt/airflow/dags/dag_tomorrowio.py
[2026-06-30T09:51:52.642+0000] {processor.py:830} INFO - Processing file /opt/airflow/dags/dag_tomorrowio.py for tasks to queue
[2026-06-30T09:51:52.645+0000] {logging_mixin.py:188} INFO - [2026-06-30T09:51:52.644+0000] {dagbag.py:545} INFO - Filling up the DagBag from /opt/airflow/dags/dag_tomorrowio.py
[2026-06-30T09:51:52.880+0000] {processor.py:840} INFO - DAG(s) 'tomorrowio_bronze_to_silver' retrieved from /opt/airflow/dags/dag_tomorrowio.py
[2026-06-30T09:51:52.895+0000] {logging_mixin.py:188} INFO - [2026-06-30T09:51:52.895+0000] {dag.py:3096} INFO - Sync 1 DAGs
[2026-06-30T09:51:53.034+0000] {logging_mixin.py:188} INFO - [2026-06-30T09:51:53.034+0000] {dag.py:3954} INFO - Setting next_dagrun for tomorrowio_bronze_to_silver to 2026-06-30 09:00:00+00:00, run_after=2026-06-30 10:00:00+00:00
[2026-06-30T09:51:53.040+0000] {processor.py:183} INFO - Processing /opt/airflow/dags/dag_tomorrowio.py took 0.407 seconds
[2026-06-30T09:52:23.655+0000] {processor.py:161} INFO - Started process (PID=2017) to work on /opt/airflow/dags/dag_tomorrowio.py
[2026-06-30T09:52:23.656+0000] {processor.py:830} INFO - Processing file /opt/airflow/dags/dag_tomorrowio.py for tasks to queue
[2026-06-30T09:52:23.658+0000] {logging_mixin.py:188} INFO - [2026-06-30T09:52:23.657+0000] {dagbag.py:545} INFO - Filling up the DagBag from /opt/airflow/dags/dag_tomorrowio.py
[2026-06-30T09:52:23.881+0000] {processor.py:840} INFO - DAG(s) 'tomorrowio_bronze_to_silver' retrieved from /opt/airflow/dags/dag_tomorrowio.py
[2026-06-30T09:52:23.896+0000] {logging_mixin.py:188} INFO - [2026-06-30T09:52:23.896+0000] {dag.py:3096} INFO - Sync 1 DAGs
[2026-06-30T09:52:23.907+0000] {logging_mixin.py:188} INFO - [2026-06-30T09:52:23.907+0000] {dag.py:3954} INFO - Setting next_dagrun for tomorrowio_bronze_to_silver to 2026-06-30 09:00:00+00:00, run_after=2026-06-30 10:00:00+00:00
[2026-06-30T09:52:23.913+0000] {processor.py:183} INFO - Processing /opt/airflow/dags/dag_tomorrowio.py took 0.265 seconds
[2026-06-30T09:52:54.802+0000] {processor.py:161} INFO - Started process (PID=2050) to work on /opt/airflow/dags/dag_tomorrowio.py
[2026-06-30T09:52:54.805+0000] {processor.py:830} INFO - Processing file /opt/airflow/dags/dag_tomorrowio.py for tasks to queue
[2026-06-30T09:52:54.809+0000] {logging_mixin.py:188} INFO - [2026-06-30T09:52:54.808+0000] {dagbag.py:545} INFO - Filling up the DagBag from /opt/airflow/dags/dag_tomorrowio.py
[2026-06-30T09:52:55.386+0000] {processor.py:840} INFO - DAG(s) 'tomorrowio_bronze_to_silver' retrieved from /opt/airflow/dags/dag_tomorrowio.py
[2026-06-30T09:52:55.452+0000] {logging_mixin.py:188} INFO - [2026-06-30T09:52:55.452+0000] {dag.py:3096} INFO - Sync 1 DAGs
[2026-06-30T09:52:55.515+0000] {logging_mixin.py:188} INFO - [2026-06-30T09:52:55.515+0000] {dag.py:3954} INFO - Setting next_dagrun for tomorrowio_bronze_to_silver to 2026-06-30 09:00:00+00:00, run_after=2026-06-30 10:00:00+00:00
[2026-06-30T09:52:55.526+0000] {processor.py:183} INFO - Processing /opt/airflow/dags/dag_tomorrowio.py took 0.739 seconds
[2026-06-30T09:54:39.190+0000] {processor.py:161} INFO - Started process (PID=2081) to work on /opt/airflow/dags/dag_tomorrowio.py
[2026-06-30T09:54:39.191+0000] {processor.py:830} INFO - Processing file /opt/airflow/dags/dag_tomorrowio.py for tasks to queue
[2026-06-30T09:54:39.193+0000] {logging_mixin.py:188} INFO - [2026-06-30T09:54:39.192+0000] {dagbag.py:545} INFO - Filling up the DagBag from /opt/airflow/dags/dag_tomorrowio.py
[2026-06-30T09:54:39.337+0000] {processor.py:840} INFO - DAG(s) 'tomorrowio_bronze_to_silver' retrieved from /opt/airflow/dags/dag_tomorrowio.py
[2026-06-30T09:54:39.351+0000] {logging_mixin.py:188} INFO - [2026-06-30T09:54:39.351+0000] {dag.py:3096} INFO - Sync 1 DAGs
[2026-06-30T09:54:39.360+0000] {logging_mixin.py:188} INFO - [2026-06-30T09:54:39.360+0000] {dag.py:3954} INFO - Setting next_dagrun for tomorrowio_bronze_to_silver to 2026-06-30 09:00:00+00:00, run_after=2026-06-30 10:00:00+00:00
[2026-06-30T09:54:39.367+0000] {processor.py:183} INFO - Processing /opt/airflow/dags/dag_tomorrowio.py took 0.181 seconds
[2026-06-30T10:10:18.052+0000] {processor.py:161} INFO - Started process (PID=2113) to work on /opt/airflow/dags/dag_tomorrowio.py
[2026-06-30T10:10:18.054+0000] {processor.py:830} INFO - Processing file /opt/airflow/dags/dag_tomorrowio.py for tasks to queue
[2026-06-30T10:10:18.055+0000] {logging_mixin.py:188} INFO - [2026-06-30T10:10:18.055+0000] {dagbag.py:545} INFO - Filling up the DagBag from /opt/airflow/dags/dag_tomorrowio.py
[2026-06-30T10:10:18.351+0000] {processor.py:840} INFO - DAG(s) 'tomorrowio_bronze_to_silver' retrieved from /opt/airflow/dags/dag_tomorrowio.py
[2026-06-30T10:10:18.370+0000] {logging_mixin.py:188} INFO - [2026-06-30T10:10:18.370+0000] {dag.py:3096} INFO - Sync 1 DAGs
[2026-06-30T10:10:18.386+0000] {logging_mixin.py:188} INFO - [2026-06-30T10:10:18.386+0000] {dag.py:3954} INFO - Setting next_dagrun for tomorrowio_bronze_to_silver to 2026-06-30 10:00:00+00:00, run_after=2026-06-30 11:00:00+00:00
[2026-06-30T10:10:18.831+0000] {processor.py:183} INFO - Processing /opt/airflow/dags/dag_tomorrowio.py took 0.784 seconds
[2026-06-30T10:13:08.451+0000] {processor.py:161} INFO - Started process (PID=2162) to work on /opt/airflow/dags/dag_tomorrowio.py
[2026-06-30T10:13:08.454+0000] {processor.py:830} INFO - Processing file /opt/airflow/dags/dag_tomorrowio.py for tasks to queue
[2026-06-30T10:13:08.455+0000] {logging_mixin.py:188} INFO - [2026-06-30T10:13:08.454+0000] {dagbag.py:545} INFO - Filling up the DagBag from /opt/airflow/dags/dag_tomorrowio.py
[2026-06-30T10:13:08.714+0000] {processor.py:840} INFO - DAG(s) 'tomorrowio_bronze_to_silver' retrieved from /opt/airflow/dags/dag_tomorrowio.py
[2026-06-30T10:13:08.733+0000] {logging_mixin.py:188} INFO - [2026-06-30T10:13:08.732+0000] {dag.py:3096} INFO - Sync 1 DAGs
[2026-06-30T10:13:08.874+0000] {logging_mixin.py:188} INFO - [2026-06-30T10:13:08.874+0000] {dag.py:3954} INFO - Setting next_dagrun for tomorrowio_bronze_to_silver to 2026-06-30 10:00:00+00:00, run_after=2026-06-30 11:00:00+00:00
[2026-06-30T10:13:08.880+0000] {processor.py:183} INFO - Processing /opt/airflow/dags/dag_tomorrowio.py took 0.437 seconds
[2026-06-30T10:14:04.102+0000] {processor.py:161} INFO - Started process (PID=2196) to work on /opt/airflow/dags/dag_tomorrowio.py
[2026-06-30T10:14:04.104+0000] {processor.py:830} INFO - Processing file /opt/airflow/dags/dag_tomorrowio.py for tasks to queue
[2026-06-30T10:14:04.108+0000] {logging_mixin.py:188} INFO - [2026-06-30T10:14:04.107+0000] {dagbag.py:545} INFO - Filling up the DagBag from /opt/airflow/dags/dag_tomorrowio.py
[2026-06-30T10:14:04.650+0000] {processor.py:840} INFO - DAG(s) 'tomorrowio_bronze_to_silver' retrieved from /opt/airflow/dags/dag_tomorrowio.py
[2026-06-30T10:14:04.690+0000] {logging_mixin.py:188} INFO - [2026-06-30T10:14:04.690+0000] {dag.py:3096} INFO - Sync 1 DAGs
[2026-06-30T10:14:04.716+0000] {logging_mixin.py:188} INFO - [2026-06-30T10:14:04.716+0000] {dag.py:3954} INFO - Setting next_dagrun for tomorrowio_bronze_to_silver to 2026-06-30 10:00:00+00:00, run_after=2026-06-30 11:00:00+00:00
[2026-06-30T10:14:04.742+0000] {processor.py:183} INFO - Processing /opt/airflow/dags/dag_tomorrowio.py took 0.656 seconds
[2026-06-30T10:14:35.339+0000] {processor.py:161} INFO - Started process (PID=2228) to work on /opt/airflow/dags/dag_tomorrowio.py
[2026-06-30T10:14:35.340+0000] {processor.py:830} INFO - Processing file /opt/airflow/dags/dag_tomorrowio.py for tasks to queue
[2026-06-30T10:14:35.342+0000] {logging_mixin.py:188} INFO - [2026-06-30T10:14:35.342+0000] {dagbag.py:545} INFO - Filling up the DagBag from /opt/airflow/dags/dag_tomorrowio.py
[2026-06-30T10:14:35.563+0000] {processor.py:840} INFO - DAG(s) 'tomorrowio_bronze_to_silver' retrieved from /opt/airflow/dags/dag_tomorrowio.py
[2026-06-30T10:14:35.574+0000] {logging_mixin.py:188} INFO - [2026-06-30T10:14:35.574+0000] {dag.py:3096} INFO - Sync 1 DAGs
[2026-06-30T10:14:35.584+0000] {logging_mixin.py:188} INFO - [2026-06-30T10:14:35.584+0000] {dag.py:3954} INFO - Setting next_dagrun for tomorrowio_bronze_to_silver to 2026-06-30 10:00:00+00:00, run_after=2026-06-30 11:00:00+00:00
[2026-06-30T10:14:35.591+0000] {processor.py:183} INFO - Processing /opt/airflow/dags/dag_tomorrowio.py took 0.259 seconds
[2026-06-30T10:32:15.470+0000] {processor.py:161} INFO - Started process (PID=2265) to work on /opt/airflow/dags/dag_tomorrowio.py
[2026-06-30T10:32:15.471+0000] {processor.py:830} INFO - Processing file /opt/airflow/dags/dag_tomorrowio.py for tasks to queue
[2026-06-30T10:32:15.472+0000] {logging_mixin.py:188} INFO - [2026-06-30T10:32:15.472+0000] {dagbag.py:545} INFO - Filling up the DagBag from /opt/airflow/dags/dag_tomorrowio.py
[2026-06-30T10:32:15.730+0000] {processor.py:840} INFO - DAG(s) 'tomorrowio_bronze_to_silver' retrieved from /opt/airflow/dags/dag_tomorrowio.py
[2026-06-30T10:32:15.748+0000] {logging_mixin.py:188} INFO - [2026-06-30T10:32:15.748+0000] {dag.py:3096} INFO - Sync 1 DAGs
[2026-06-30T10:32:15.767+0000] {logging_mixin.py:188} INFO - [2026-06-30T10:32:15.767+0000] {dag.py:3954} INFO - Setting next_dagrun for tomorrowio_bronze_to_silver to 2026-06-30 10:00:00+00:00, run_after=2026-06-30 11:00:00+00:00
[2026-06-30T10:32:15.777+0000] {processor.py:183} INFO - Processing /opt/airflow/dags/dag_tomorrowio.py took 0.312 seconds
[2026-06-30T10:49:55.308+0000] {processor.py:161} INFO - Started process (PID=2297) to work on /opt/airflow/dags/dag_tomorrowio.py
[2026-06-30T10:49:55.309+0000] {processor.py:830} INFO - Processing file /opt/airflow/dags/dag_tomorrowio.py for tasks to queue
[2026-06-30T10:49:55.311+0000] {logging_mixin.py:188} INFO - [2026-06-30T10:49:55.310+0000] {dagbag.py:545} INFO - Filling up the DagBag from /opt/airflow/dags/dag_tomorrowio.py
[2026-06-30T10:49:55.513+0000] {processor.py:840} INFO - DAG(s) 'tomorrowio_bronze_to_silver' retrieved from /opt/airflow/dags/dag_tomorrowio.py
[2026-06-30T10:49:55.527+0000] {logging_mixin.py:188} INFO - [2026-06-30T10:49:55.527+0000] {dag.py:3096} INFO - Sync 1 DAGs
[2026-06-30T10:49:55.542+0000] {logging_mixin.py:188} INFO - [2026-06-30T10:49:55.542+0000] {dag.py:3954} INFO - Setting next_dagrun for tomorrowio_bronze_to_silver to 2026-06-30 10:00:00+00:00, run_after=2026-06-30 11:00:00+00:00
[2026-06-30T10:49:55.550+0000] {processor.py:183} INFO - Processing /opt/airflow/dags/dag_tomorrowio.py took 0.247 seconds
[2026-06-30T12:09:40.465+0000] {processor.py:161} INFO - Started process (PID=2332) to work on /opt/airflow/dags/dag_tomorrowio.py
[2026-06-30T12:09:40.467+0000] {processor.py:830} INFO - Processing file /opt/airflow/dags/dag_tomorrowio.py for tasks to queue
[2026-06-30T12:09:40.473+0000] {logging_mixin.py:188} INFO - [2026-06-30T12:09:40.472+0000] {dagbag.py:545} INFO - Filling up the DagBag from /opt/airflow/dags/dag_tomorrowio.py
[2026-06-30T12:09:40.781+0000] {processor.py:840} INFO - DAG(s) 'tomorrowio_bronze_to_silver' retrieved from /opt/airflow/dags/dag_tomorrowio.py
[2026-06-30T12:09:40.799+0000] {logging_mixin.py:188} INFO - [2026-06-30T12:09:40.798+0000] {dag.py:3096} INFO - Sync 1 DAGs
[2026-06-30T12:09:41.207+0000] {logging_mixin.py:188} INFO - [2026-06-30T12:09:41.207+0000] {dag.py:3954} INFO - Setting next_dagrun for tomorrowio_bronze_to_silver to 2026-06-30 12:00:00+00:00, run_after=2026-06-30 13:00:00+00:00
[2026-06-30T12:09:41.223+0000] {processor.py:183} INFO - Processing /opt/airflow/dags/dag_tomorrowio.py took 0.769 seconds
[2026-06-30T12:16:46.192+0000] {processor.py:161} INFO - Started process (PID=2399) to work on /opt/airflow/dags/dag_tomorrowio.py
[2026-06-30T12:16:46.193+0000] {processor.py:830} INFO - Processing file /opt/airflow/dags/dag_tomorrowio.py for tasks to queue
[2026-06-30T12:16:46.195+0000] {logging_mixin.py:188} INFO - [2026-06-30T12:16:46.195+0000] {dagbag.py:545} INFO - Filling up the DagBag from /opt/airflow/dags/dag_tomorrowio.py
[2026-06-30T12:16:46.483+0000] {processor.py:840} INFO - DAG(s) 'tomorrowio_bronze_to_silver' retrieved from /opt/airflow/dags/dag_tomorrowio.py
[2026-06-30T12:16:46.512+0000] {logging_mixin.py:188} INFO - [2026-06-30T12:16:46.512+0000] {dag.py:3096} INFO - Sync 1 DAGs
[2026-06-30T12:16:46.830+0000] {logging_mixin.py:188} INFO - [2026-06-30T12:16:46.830+0000] {dag.py:3954} INFO - Setting next_dagrun for tomorrowio_bronze_to_silver to 2026-06-30 12:00:00+00:00, run_after=2026-06-30 13:00:00+00:00
[2026-06-30T12:16:46.853+0000] {processor.py:183} INFO - Processing /opt/airflow/dags/dag_tomorrowio.py took 0.670 seconds
[2026-06-30T12:17:53.473+0000] {processor.py:161} INFO - Started process (PID=2435) to work on /opt/airflow/dags/dag_tomorrowio.py
[2026-06-30T12:17:53.474+0000] {processor.py:830} INFO - Processing file /opt/airflow/dags/dag_tomorrowio.py for tasks to queue
[2026-06-30T12:17:53.478+0000] {logging_mixin.py:188} INFO - [2026-06-30T12:17:53.478+0000] {dagbag.py:545} INFO - Filling up the DagBag from /opt/airflow/dags/dag_tomorrowio.py
[2026-06-30T12:17:53.733+0000] {processor.py:840} INFO - DAG(s) 'tomorrowio_bronze_to_silver' retrieved from /opt/airflow/dags/dag_tomorrowio.py
[2026-06-30T12:17:53.750+0000] {logging_mixin.py:188} INFO - [2026-06-30T12:17:53.750+0000] {dag.py:3096} INFO - Sync 1 DAGs
[2026-06-30T12:17:53.759+0000] {logging_mixin.py:188} INFO - [2026-06-30T12:17:53.759+0000] {dag.py:3954} INFO - Setting next_dagrun for tomorrowio_bronze_to_silver to 2026-06-30 12:00:00+00:00, run_after=2026-06-30 13:00:00+00:00
[2026-06-30T12:17:53.765+0000] {processor.py:183} INFO - Processing /opt/airflow/dags/dag_tomorrowio.py took 0.307 seconds
[2026-06-30T12:18:24.338+0000] {processor.py:161} INFO - Started process (PID=2469) to work on /opt/airflow/dags/dag_tomorrowio.py
[2026-06-30T12:18:24.338+0000] {processor.py:830} INFO - Processing file /opt/airflow/dags/dag_tomorrowio.py for tasks to queue
[2026-06-30T12:18:24.340+0000] {logging_mixin.py:188} INFO - [2026-06-30T12:18:24.339+0000] {dagbag.py:545} INFO - Filling up the DagBag from /opt/airflow/dags/dag_tomorrowio.py
[2026-06-30T12:18:24.486+0000] {processor.py:840} INFO - DAG(s) 'tomorrowio_bronze_to_silver' retrieved from /opt/airflow/dags/dag_tomorrowio.py
[2026-06-30T12:18:24.502+0000] {logging_mixin.py:188} INFO - [2026-06-30T12:18:24.502+0000] {dag.py:3096} INFO - Sync 1 DAGs
[2026-06-30T12:18:24.510+0000] {logging_mixin.py:188} INFO - [2026-06-30T12:18:24.510+0000] {dag.py:3954} INFO - Setting next_dagrun for tomorrowio_bronze_to_silver to 2026-06-30 12:00:00+00:00, run_after=2026-06-30 13:00:00+00:00
[2026-06-30T12:18:24.517+0000] {processor.py:183} INFO - Processing /opt/airflow/dags/dag_tomorrowio.py took 0.184 seconds
[2026-06-30T12:24:54.809+0000] {processor.py:161} INFO - Started process (PID=2501) to work on /opt/airflow/dags/dag_tomorrowio.py
[2026-06-30T12:24:54.811+0000] {processor.py:830} INFO - Processing file /opt/airflow/dags/dag_tomorrowio.py for tasks to queue
[2026-06-30T12:24:54.813+0000] {logging_mixin.py:188} INFO - [2026-06-30T12:24:54.813+0000] {dagbag.py:545} INFO - Filling up the DagBag from /opt/airflow/dags/dag_tomorrowio.py
[2026-06-30T12:24:55.086+0000] {processor.py:840} INFO - DAG(s) 'tomorrowio_bronze_to_silver' retrieved from /opt/airflow/dags/dag_tomorrowio.py
[2026-06-30T12:24:55.102+0000] {logging_mixin.py:188} INFO - [2026-06-30T12:24:55.101+0000] {dag.py:3096} INFO - Sync 1 DAGs
[2026-06-30T12:24:55.116+0000] {logging_mixin.py:188} INFO - [2026-06-30T12:24:55.115+0000] {dag.py:3954} INFO - Setting next_dagrun for tomorrowio_bronze_to_silver to 2026-06-30 12:00:00+00:00, run_after=2026-06-30 13:00:00+00:00
[2026-06-30T12:24:55.126+0000] {processor.py:183} INFO - Processing /opt/airflow/dags/dag_tomorrowio.py took 0.330 seconds
[2026-06-30T12:32:50.811+0000] {processor.py:161} INFO - Started process (PID=2534) to work on /opt/airflow/dags/dag_tomorrowio.py
[2026-06-30T12:32:50.812+0000] {processor.py:830} INFO - Processing file /opt/airflow/dags/dag_tomorrowio.py for tasks to queue
[2026-06-30T12:32:50.815+0000] {logging_mixin.py:188} INFO - [2026-06-30T12:32:50.815+0000] {dagbag.py:545} INFO - Filling up the DagBag from /opt/airflow/dags/dag_tomorrowio.py
[2026-06-30T12:32:51.030+0000] {processor.py:840} INFO - DAG(s) 'tomorrowio_bronze_to_silver' retrieved from /opt/airflow/dags/dag_tomorrowio.py
[2026-06-30T12:32:51.044+0000] {logging_mixin.py:188} INFO - [2026-06-30T12:32:51.044+0000] {dag.py:3096} INFO - Sync 1 DAGs
[2026-06-30T12:32:51.220+0000] {logging_mixin.py:188} INFO - [2026-06-30T12:32:51.219+0000] {dag.py:3954} INFO - Setting next_dagrun for tomorrowio_bronze_to_silver to 2026-06-30 12:00:00+00:00, run_after=2026-06-30 13:00:00+00:00
[2026-06-30T12:32:51.228+0000] {processor.py:183} INFO - Processing /opt/airflow/dags/dag_tomorrowio.py took 0.423 seconds
[2026-06-30T12:33:21.264+0000] {processor.py:161} INFO - Started process (PID=2570) to work on /opt/airflow/dags/dag_tomorrowio.py
[2026-06-30T12:33:21.266+0000] {processor.py:830} INFO - Processing file /opt/airflow/dags/dag_tomorrowio.py for tasks to queue
[2026-06-30T12:33:21.266+0000] {logging_mixin.py:188} INFO - [2026-06-30T12:33:21.266+0000] {dagbag.py:545} INFO - Filling up the DagBag from /opt/airflow/dags/dag_tomorrowio.py
[2026-06-30T12:33:21.451+0000] {processor.py:840} INFO - DAG(s) 'tomorrowio_bronze_to_silver' retrieved from /opt/airflow/dags/dag_tomorrowio.py
[2026-06-30T12:33:21.463+0000] {logging_mixin.py:188} INFO - [2026-06-30T12:33:21.463+0000] {dag.py:3096} INFO - Sync 1 DAGs
[2026-06-30T12:33:21.588+0000] {logging_mixin.py:188} INFO - [2026-06-30T12:33:21.588+0000] {dag.py:3954} INFO - Setting next_dagrun for tomorrowio_bronze_to_silver to 2026-06-30 12:00:00+00:00, run_after=2026-06-30 13:00:00+00:00
[2026-06-30T12:33:21.595+0000] {processor.py:183} INFO - Processing /opt/airflow/dags/dag_tomorrowio.py took 0.336 seconds
[2026-06-30T12:37:19.638+0000] {processor.py:161} INFO - Started process (PID=2601) to work on /opt/airflow/dags/dag_tomorrowio.py
[2026-06-30T12:37:19.640+0000] {processor.py:830} INFO - Processing file /opt/airflow/dags/dag_tomorrowio.py for tasks to queue
[2026-06-30T12:37:19.642+0000] {logging_mixin.py:188} INFO - [2026-06-30T12:37:19.641+0000] {dagbag.py:545} INFO - Filling up the DagBag from /opt/airflow/dags/dag_tomorrowio.py
[2026-06-30T12:37:19.833+0000] {processor.py:840} INFO - DAG(s) 'tomorrowio_bronze_to_silver' retrieved from /opt/airflow/dags/dag_tomorrowio.py
[2026-06-30T12:37:19.849+0000] {logging_mixin.py:188} INFO - [2026-06-30T12:37:19.849+0000] {dag.py:3096} INFO - Sync 1 DAGs
[2026-06-30T12:37:19.860+0000] {logging_mixin.py:188} INFO - [2026-06-30T12:37:19.860+0000] {dag.py:3954} INFO - Setting next_dagrun for tomorrowio_bronze_to_silver to 2026-06-30 12:00:00+00:00, run_after=2026-06-30 13:00:00+00:00
[2026-06-30T12:37:19.867+0000] {processor.py:183} INFO - Processing /opt/airflow/dags/dag_tomorrowio.py took 0.235 seconds
[2026-06-30T12:43:10.228+0000] {processor.py:161} INFO - Started process (PID=2634) to work on /opt/airflow/dags/dag_tomorrowio.py
[2026-06-30T12:43:10.230+0000] {processor.py:830} INFO - Processing file /opt/airflow/dags/dag_tomorrowio.py for tasks to queue
[2026-06-30T12:43:10.233+0000] {logging_mixin.py:188} INFO - [2026-06-30T12:43:10.232+0000] {dagbag.py:545} INFO - Filling up the DagBag from /opt/airflow/dags/dag_tomorrowio.py
[2026-06-30T12:43:10.479+0000] {processor.py:840} INFO - DAG(s) 'tomorrowio_bronze_to_silver' retrieved from /opt/airflow/dags/dag_tomorrowio.py
[2026-06-30T12:43:10.495+0000] {logging_mixin.py:188} INFO - [2026-06-30T12:43:10.495+0000] {dag.py:3096} INFO - Sync 1 DAGs
[2026-06-30T12:43:10.506+0000] {logging_mixin.py:188} INFO - [2026-06-30T12:43:10.506+0000] {dag.py:3954} INFO - Setting next_dagrun for tomorrowio_bronze_to_silver to 2026-06-30 12:00:00+00:00, run_after=2026-06-30 13:00:00+00:00
[2026-06-30T12:43:10.513+0000] {processor.py:183} INFO - Processing /opt/airflow/dags/dag_tomorrowio.py took 0.290 seconds
[2026-06-30T12:43:41.097+0000] {processor.py:161} INFO - Started process (PID=2666) to work on /opt/airflow/dags/dag_tomorrowio.py
[2026-06-30T12:43:41.098+0000] {processor.py:830} INFO - Processing file /opt/airflow/dags/dag_tomorrowio.py for tasks to queue
[2026-06-30T12:43:41.101+0000] {logging_mixin.py:188} INFO - [2026-06-30T12:43:41.101+0000] {dagbag.py:545} INFO - Filling up the DagBag from /opt/airflow/dags/dag_tomorrowio.py
[2026-06-30T12:43:41.350+0000] {processor.py:840} INFO - DAG(s) 'tomorrowio_bronze_to_silver' retrieved from /opt/airflow/dags/dag_tomorrowio.py
[2026-06-30T12:43:41.370+0000] {logging_mixin.py:188} INFO - [2026-06-30T12:43:41.370+0000] {dag.py:3096} INFO - Sync 1 DAGs
[2026-06-30T12:43:41.387+0000] {logging_mixin.py:188} INFO - [2026-06-30T12:43:41.387+0000] {dag.py:3954} INFO - Setting next_dagrun for tomorrowio_bronze_to_silver to 2026-06-30 12:00:00+00:00, run_after=2026-06-30 13:00:00+00:00
[2026-06-30T12:43:41.400+0000] {processor.py:183} INFO - Processing /opt/airflow/dags/dag_tomorrowio.py took 0.310 seconds
[2026-06-30T12:55:04.569+0000] {processor.py:161} INFO - Started process (PID=2699) to work on /opt/airflow/dags/dag_tomorrowio.py
[2026-06-30T12:55:04.571+0000] {processor.py:830} INFO - Processing file /opt/airflow/dags/dag_tomorrowio.py for tasks to queue
[2026-06-30T12:55:04.573+0000] {logging_mixin.py:188} INFO - [2026-06-30T12:55:04.573+0000] {dagbag.py:545} INFO - Filling up the DagBag from /opt/airflow/dags/dag_tomorrowio.py
[2026-06-30T12:55:04.769+0000] {processor.py:840} INFO - DAG(s) 'tomorrowio_bronze_to_silver' retrieved from /opt/airflow/dags/dag_tomorrowio.py
[2026-06-30T12:55:04.781+0000] {logging_mixin.py:188} INFO - [2026-06-30T12:55:04.781+0000] {dag.py:3096} INFO - Sync 1 DAGs
[2026-06-30T12:55:04.924+0000] {logging_mixin.py:188} INFO - [2026-06-30T12:55:04.923+0000] {dag.py:3954} INFO - Setting next_dagrun for tomorrowio_bronze_to_silver to 2026-06-30 12:00:00+00:00, run_after=2026-06-30 13:00:00+00:00
[2026-06-30T12:55:04.930+0000] {processor.py:183} INFO - Processing /opt/airflow/dags/dag_tomorrowio.py took 0.375 seconds
[2026-06-30T12:55:35.451+0000] {processor.py:161} INFO - Started process (PID=2733) to work on /opt/airflow/dags/dag_tomorrowio.py
[2026-06-30T12:55:35.453+0000] {processor.py:830} INFO - Processing file /opt/airflow/dags/dag_tomorrowio.py for tasks to queue
[2026-06-30T12:55:35.455+0000] {logging_mixin.py:188} INFO - [2026-06-30T12:55:35.455+0000] {dagbag.py:545} INFO - Filling up the DagBag from /opt/airflow/dags/dag_tomorrowio.py
[2026-06-30T12:55:35.618+0000] {processor.py:840} INFO - DAG(s) 'tomorrowio_bronze_to_silver' retrieved from /opt/airflow/dags/dag_tomorrowio.py
[2026-06-30T12:55:35.632+0000] {logging_mixin.py:188} INFO - [2026-06-30T12:55:35.632+0000] {dag.py:3096} INFO - Sync 1 DAGs
[2026-06-30T12:55:35.707+0000] {logging_mixin.py:188} INFO - [2026-06-30T12:55:35.707+0000] {dag.py:3954} INFO - Setting next_dagrun for tomorrowio_bronze_to_silver to 2026-06-30 12:00:00+00:00, run_after=2026-06-30 13:00:00+00:00
[2026-06-30T12:55:35.714+0000] {processor.py:183} INFO - Processing /opt/airflow/dags/dag_tomorrowio.py took 0.270 seconds
[2026-06-30T13:03:58.352+0000] {processor.py:161} INFO - Started process (PID=2771) to work on /opt/airflow/dags/dag_tomorrowio.py
[2026-06-30T13:03:58.353+0000] {processor.py:830} INFO - Processing file /opt/airflow/dags/dag_tomorrowio.py for tasks to queue
[2026-06-30T13:03:58.354+0000] {logging_mixin.py:188} INFO - [2026-06-30T13:03:58.354+0000] {dagbag.py:545} INFO - Filling up the DagBag from /opt/airflow/dags/dag_tomorrowio.py
[2026-06-30T13:03:58.580+0000] {processor.py:840} INFO - DAG(s) 'tomorrowio_bronze_to_silver' retrieved from /opt/airflow/dags/dag_tomorrowio.py
[2026-06-30T13:03:58.798+0000] {logging_mixin.py:188} INFO - [2026-06-30T13:03:58.798+0000] {dag.py:3096} INFO - Sync 1 DAGs
[2026-06-30T13:03:58.809+0000] {logging_mixin.py:188} INFO - [2026-06-30T13:03:58.809+0000] {dag.py:3954} INFO - Setting next_dagrun for tomorrowio_bronze_to_silver to 2026-06-30 13:00:00+00:00, run_after=2026-06-30 14:00:00+00:00
[2026-06-30T13:03:58.819+0000] {processor.py:183} INFO - Processing /opt/airflow/dags/dag_tomorrowio.py took 0.473 seconds
[2026-06-30T13:04:29.351+0000] {processor.py:161} INFO - Started process (PID=2815) to work on /opt/airflow/dags/dag_tomorrowio.py
[2026-06-30T13:04:29.353+0000] {processor.py:830} INFO - Processing file /opt/airflow/dags/dag_tomorrowio.py for tasks to queue
[2026-06-30T13:04:29.356+0000] {logging_mixin.py:188} INFO - [2026-06-30T13:04:29.355+0000] {dagbag.py:545} INFO - Filling up the DagBag from /opt/airflow/dags/dag_tomorrowio.py
[2026-06-30T13:04:29.666+0000] {processor.py:840} INFO - DAG(s) 'tomorrowio_bronze_to_silver' retrieved from /opt/airflow/dags/dag_tomorrowio.py
[2026-06-30T13:04:29.682+0000] {logging_mixin.py:188} INFO - [2026-06-30T13:04:29.682+0000] {dag.py:3096} INFO - Sync 1 DAGs
[2026-06-30T13:04:29.693+0000] {logging_mixin.py:188} INFO - [2026-06-30T13:04:29.693+0000] {dag.py:3954} INFO - Setting next_dagrun for tomorrowio_bronze_to_silver to 2026-06-30 13:00:00+00:00, run_after=2026-06-30 14:00:00+00:00
[2026-06-30T13:04:29.707+0000] {processor.py:183} INFO - Processing /opt/airflow/dags/dag_tomorrowio.py took 0.377 seconds
[2026-06-30T13:05:00.346+0000] {processor.py:161} INFO - Started process (PID=2849) to work on /opt/airflow/dags/dag_tomorrowio.py
[2026-06-30T13:05:00.348+0000] {processor.py:830} INFO - Processing file /opt/airflow/dags/dag_tomorrowio.py for tasks to queue
[2026-06-30T13:05:00.355+0000] {logging_mixin.py:188} INFO - [2026-06-30T13:05:00.354+0000] {dagbag.py:545} INFO - Filling up the DagBag from /opt/airflow/dags/dag_tomorrowio.py
[2026-06-30T13:05:00.684+0000] {processor.py:840} INFO - DAG(s) 'tomorrowio_bronze_to_silver' retrieved from /opt/airflow/dags/dag_tomorrowio.py
[2026-06-30T13:05:00.696+0000] {logging_mixin.py:188} INFO - [2026-06-30T13:05:00.696+0000] {dag.py:3096} INFO - Sync 1 DAGs
[2026-06-30T13:05:00.707+0000] {logging_mixin.py:188} INFO - [2026-06-30T13:05:00.707+0000] {dag.py:3954} INFO - Setting next_dagrun for tomorrowio_bronze_to_silver to 2026-06-30 13:00:00+00:00, run_after=2026-06-30 14:00:00+00:00
[2026-06-30T13:05:00.715+0000] {processor.py:183} INFO - Processing /opt/airflow/dags/dag_tomorrowio.py took 0.390 seconds
[2026-06-30T13:05:30.997+0000] {processor.py:161} INFO - Started process (PID=2882) to work on /opt/airflow/dags/dag_tomorrowio.py
[2026-06-30T13:05:31.001+0000] {processor.py:830} INFO - Processing file /opt/airflow/dags/dag_tomorrowio.py for tasks to queue
[2026-06-30T13:05:31.005+0000] {logging_mixin.py:188} INFO - [2026-06-30T13:05:31.004+0000] {dagbag.py:545} INFO - Filling up the DagBag from /opt/airflow/dags/dag_tomorrowio.py
[2026-06-30T13:05:31.315+0000] {processor.py:840} INFO - DAG(s) 'tomorrowio_bronze_to_silver' retrieved from /opt/airflow/dags/dag_tomorrowio.py
[2026-06-30T13:05:31.332+0000] {logging_mixin.py:188} INFO - [2026-06-30T13:05:31.332+0000] {dag.py:3096} INFO - Sync 1 DAGs
[2026-06-30T13:05:31.345+0000] {logging_mixin.py:188} INFO - [2026-06-30T13:05:31.345+0000] {dag.py:3954} INFO - Setting next_dagrun for tomorrowio_bronze_to_silver to 2026-06-30 13:00:00+00:00, run_after=2026-06-30 14:00:00+00:00
[2026-06-30T13:05:31.541+0000] {processor.py:183} INFO - Processing /opt/airflow/dags/dag_tomorrowio.py took 0.557 seconds
[2026-06-30T13:06:02.136+0000] {processor.py:161} INFO - Started process (PID=2915) to work on /opt/airflow/dags/dag_tomorrowio.py
[2026-06-30T13:06:02.145+0000] {processor.py:830} INFO - Processing file /opt/airflow/dags/dag_tomorrowio.py for tasks to queue
[2026-06-30T13:06:02.154+0000] {logging_mixin.py:188} INFO - [2026-06-30T13:06:02.153+0000] {dagbag.py:545} INFO - Filling up the DagBag from /opt/airflow/dags/dag_tomorrowio.py
[2026-06-30T13:06:02.454+0000] {processor.py:840} INFO - DAG(s) 'tomorrowio_bronze_to_silver' retrieved from /opt/airflow/dags/dag_tomorrowio.py
[2026-06-30T13:06:02.469+0000] {logging_mixin.py:188} INFO - [2026-06-30T13:06:02.469+0000] {dag.py:3096} INFO - Sync 1 DAGs
[2026-06-30T13:06:02.617+0000] {logging_mixin.py:188} INFO - [2026-06-30T13:06:02.617+0000] {dag.py:3954} INFO - Setting next_dagrun for tomorrowio_bronze_to_silver to 2026-06-30 13:00:00+00:00, run_after=2026-06-30 14:00:00+00:00
[2026-06-30T13:06:02.625+0000] {processor.py:183} INFO - Processing /opt/airflow/dags/dag_tomorrowio.py took 0.500 seconds
[2026-06-30T13:06:33.084+0000] {processor.py:161} INFO - Started process (PID=2948) to work on /opt/airflow/dags/dag_tomorrowio.py
[2026-06-30T13:06:33.086+0000] {processor.py:830} INFO - Processing file /opt/airflow/dags/dag_tomorrowio.py for tasks to queue
[2026-06-30T13:06:33.090+0000] {logging_mixin.py:188} INFO - [2026-06-30T13:06:33.089+0000] {dagbag.py:545} INFO - Filling up the DagBag from /opt/airflow/dags/dag_tomorrowio.py
[2026-06-30T13:06:33.336+0000] {processor.py:840} INFO - DAG(s) 'tomorrowio_bronze_to_silver' retrieved from /opt/airflow/dags/dag_tomorrowio.py
[2026-06-30T13:06:33.354+0000] {logging_mixin.py:188} INFO - [2026-06-30T13:06:33.354+0000] {dag.py:3096} INFO - Sync 1 DAGs
[2026-06-30T13:06:33.553+0000] {logging_mixin.py:188} INFO - [2026-06-30T13:06:33.553+0000] {dag.py:3954} INFO - Setting next_dagrun for tomorrowio_bronze_to_silver to 2026-06-30 13:00:00+00:00, run_after=2026-06-30 14:00:00+00:00
[2026-06-30T13:06:33.567+0000] {processor.py:183} INFO - Processing /opt/airflow/dags/dag_tomorrowio.py took 0.490 seconds
[2026-06-30T13:07:04.140+0000] {processor.py:161} INFO - Started process (PID=2980) to work on /opt/airflow/dags/dag_tomorrowio.py
[2026-06-30T13:07:04.141+0000] {processor.py:830} INFO - Processing file /opt/airflow/dags/dag_tomorrowio.py for tasks to queue
[2026-06-30T13:07:04.149+0000] {logging_mixin.py:188} INFO - [2026-06-30T13:07:04.146+0000] {dagbag.py:545} INFO - Filling up the DagBag from /opt/airflow/dags/dag_tomorrowio.py
[2026-06-30T13:07:04.470+0000] {processor.py:840} INFO - DAG(s) 'tomorrowio_bronze_to_silver' retrieved from /opt/airflow/dags/dag_tomorrowio.py
[2026-06-30T13:07:04.488+0000] {logging_mixin.py:188} INFO - [2026-06-30T13:07:04.488+0000] {dag.py:3096} INFO - Sync 1 DAGs
[2026-06-30T13:07:04.516+0000] {logging_mixin.py:188} INFO - [2026-06-30T13:07:04.515+0000] {dag.py:3954} INFO - Setting next_dagrun for tomorrowio_bronze_to_silver to 2026-06-30 13:00:00+00:00, run_after=2026-06-30 14:00:00+00:00
[2026-06-30T13:07:04.548+0000] {processor.py:183} INFO - Processing /opt/airflow/dags/dag_tomorrowio.py took 0.416 seconds
[2026-06-30T13:07:35.220+0000] {processor.py:161} INFO - Started process (PID=3014) to work on /opt/airflow/dags/dag_tomorrowio.py
[2026-06-30T13:07:35.222+0000] {processor.py:830} INFO - Processing file /opt/airflow/dags/dag_tomorrowio.py for tasks to queue
[2026-06-30T13:07:35.223+0000] {logging_mixin.py:188} INFO - [2026-06-30T13:07:35.223+0000] {dagbag.py:545} INFO - Filling up the DagBag from /opt/airflow/dags/dag_tomorrowio.py
[2026-06-30T13:07:35.469+0000] {processor.py:840} INFO - DAG(s) 'tomorrowio_bronze_to_silver' retrieved from /opt/airflow/dags/dag_tomorrowio.py
[2026-06-30T13:07:35.481+0000] {logging_mixin.py:188} INFO - [2026-06-30T13:07:35.481+0000] {dag.py:3096} INFO - Sync 1 DAGs
[2026-06-30T13:07:35.498+0000] {logging_mixin.py:188} INFO - [2026-06-30T13:07:35.498+0000] {dag.py:3954} INFO - Setting next_dagrun for tomorrowio_bronze_to_silver to 2026-06-30 13:00:00+00:00, run_after=2026-06-30 14:00:00+00:00
[2026-06-30T13:07:35.506+0000] {processor.py:183} INFO - Processing /opt/airflow/dags/dag_tomorrowio.py took 0.291 seconds
[2026-06-30T13:08:06.251+0000] {processor.py:161} INFO - Started process (PID=3047) to work on /opt/airflow/dags/dag_tomorrowio.py
[2026-06-30T13:08:06.254+0000] {processor.py:830} INFO - Processing file /opt/airflow/dags/dag_tomorrowio.py for tasks to queue
[2026-06-30T13:08:06.256+0000] {logging_mixin.py:188} INFO - [2026-06-30T13:08:06.256+0000] {dagbag.py:545} INFO - Filling up the DagBag from /opt/airflow/dags/dag_tomorrowio.py
[2026-06-30T13:08:06.562+0000] {processor.py:840} INFO - DAG(s) 'tomorrowio_bronze_to_silver' retrieved from /opt/airflow/dags/dag_tomorrowio.py
[2026-06-30T13:08:06.580+0000] {logging_mixin.py:188} INFO - [2026-06-30T13:08:06.580+0000] {dag.py:3096} INFO - Sync 1 DAGs
[2026-06-30T13:08:06.591+0000] {logging_mixin.py:188} INFO - [2026-06-30T13:08:06.591+0000] {dag.py:3954} INFO - Setting next_dagrun for tomorrowio_bronze_to_silver to 2026-06-30 13:00:00+00:00, run_after=2026-06-30 14:00:00+00:00
[2026-06-30T13:08:06.604+0000] {processor.py:183} INFO - Processing /opt/airflow/dags/dag_tomorrowio.py took 0.361 seconds
[2026-06-30T13:08:37.295+0000] {processor.py:161} INFO - Started process (PID=3080) to work on /opt/airflow/dags/dag_tomorrowio.py
[2026-06-30T13:08:37.296+0000] {processor.py:830} INFO - Processing file /opt/airflow/dags/dag_tomorrowio.py for tasks to queue
[2026-06-30T13:08:37.298+0000] {logging_mixin.py:188} INFO - [2026-06-30T13:08:37.297+0000] {dagbag.py:545} INFO - Filling up the DagBag from /opt/airflow/dags/dag_tomorrowio.py
[2026-06-30T13:08:37.507+0000] {processor.py:840} INFO - DAG(s) 'tomorrowio_bronze_to_silver' retrieved from /opt/airflow/dags/dag_tomorrowio.py
[2026-06-30T13:08:37.520+0000] {logging_mixin.py:188} INFO - [2026-06-30T13:08:37.520+0000] {dag.py:3096} INFO - Sync 1 DAGs
[2026-06-30T13:08:37.639+0000] {logging_mixin.py:188} INFO - [2026-06-30T13:08:37.639+0000] {dag.py:3954} INFO - Setting next_dagrun for tomorrowio_bronze_to_silver to 2026-06-30 13:00:00+00:00, run_after=2026-06-30 14:00:00+00:00
[2026-06-30T13:08:37.646+0000] {processor.py:183} INFO - Processing /opt/airflow/dags/dag_tomorrowio.py took 0.356 seconds
[2026-06-30T13:09:08.159+0000] {processor.py:161} INFO - Started process (PID=3117) to work on /opt/airflow/dags/dag_tomorrowio.py
[2026-06-30T13:09:08.161+0000] {processor.py:830} INFO - Processing file /opt/airflow/dags/dag_tomorrowio.py for tasks to queue
[2026-06-30T13:09:08.162+0000] {logging_mixin.py:188} INFO - [2026-06-30T13:09:08.162+0000] {dagbag.py:545} INFO - Filling up the DagBag from /opt/airflow/dags/dag_tomorrowio.py
[2026-06-30T13:09:08.316+0000] {processor.py:840} INFO - DAG(s) 'tomorrowio_bronze_to_silver' retrieved from /opt/airflow/dags/dag_tomorrowio.py
[2026-06-30T13:09:08.328+0000] {logging_mixin.py:188} INFO - [2026-06-30T13:09:08.328+0000] {dag.py:3096} INFO - Sync 1 DAGs
[2026-06-30T13:09:08.415+0000] {logging_mixin.py:188} INFO - [2026-06-30T13:09:08.414+0000] {dag.py:3954} INFO - Setting next_dagrun for tomorrowio_bronze_to_silver to 2026-06-30 13:00:00+00:00, run_after=2026-06-30 14:00:00+00:00
[2026-06-30T13:09:08.420+0000] {processor.py:183} INFO - Processing /opt/airflow/dags/dag_tomorrowio.py took 0.266 seconds
[2026-06-30T13:09:39.036+0000] {processor.py:161} INFO - Started process (PID=3149) to work on /opt/airflow/dags/dag_tomorrowio.py
[2026-06-30T13:09:39.038+0000] {processor.py:830} INFO - Processing file /opt/airflow/dags/dag_tomorrowio.py for tasks to queue
[2026-06-30T13:09:39.040+0000] {logging_mixin.py:188} INFO - [2026-06-30T13:09:39.040+0000] {dagbag.py:545} INFO - Filling up the DagBag from /opt/airflow/dags/dag_tomorrowio.py
[2026-06-30T13:09:39.326+0000] {processor.py:840} INFO - DAG(s) 'tomorrowio_bronze_to_silver' retrieved from /opt/airflow/dags/dag_tomorrowio.py
[2026-06-30T13:09:39.341+0000] {logging_mixin.py:188} INFO - [2026-06-30T13:09:39.341+0000] {dag.py:3096} INFO - Sync 1 DAGs
[2026-06-30T13:09:39.352+0000] {logging_mixin.py:188} INFO - [2026-06-30T13:09:39.352+0000] {dag.py:3954} INFO - Setting next_dagrun for tomorrowio_bronze_to_silver to 2026-06-30 13:00:00+00:00, run_after=2026-06-30 14:00:00+00:00
[2026-06-30T13:09:39.360+0000] {processor.py:183} INFO - Processing /opt/airflow/dags/dag_tomorrowio.py took 0.337 seconds
[2026-06-30T13:10:10.032+0000] {processor.py:161} INFO - Started process (PID=3183) to work on /opt/airflow/dags/dag_tomorrowio.py
[2026-06-30T13:10:10.035+0000] {processor.py:830} INFO - Processing file /opt/airflow/dags/dag_tomorrowio.py for tasks to queue
[2026-06-30T13:10:10.038+0000] {logging_mixin.py:188} INFO - [2026-06-30T13:10:10.037+0000] {dagbag.py:545} INFO - Filling up the DagBag from /opt/airflow/dags/dag_tomorrowio.py
[2026-06-30T13:10:10.319+0000] {processor.py:840} INFO - DAG(s) 'tomorrowio_bronze_to_silver' retrieved from /opt/airflow/dags/dag_tomorrowio.py
[2026-06-30T13:10:10.333+0000] {logging_mixin.py:188} INFO - [2026-06-30T13:10:10.333+0000] {dag.py:3096} INFO - Sync 1 DAGs
[2026-06-30T13:10:10.343+0000] {logging_mixin.py:188} INFO - [2026-06-30T13:10:10.343+0000] {dag.py:3954} INFO - Setting next_dagrun for tomorrowio_bronze_to_silver to 2026-06-30 13:00:00+00:00, run_after=2026-06-30 14:00:00+00:00
[2026-06-30T13:10:10.351+0000] {processor.py:183} INFO - Processing /opt/airflow/dags/dag_tomorrowio.py took 0.344 seconds
[2026-06-30T13:10:40.980+0000] {processor.py:161} INFO - Started process (PID=3214) to work on /opt/airflow/dags/dag_tomorrowio.py
[2026-06-30T13:10:40.981+0000] {processor.py:830} INFO - Processing file /opt/airflow/dags/dag_tomorrowio.py for tasks to queue
[2026-06-30T13:10:40.983+0000] {logging_mixin.py:188} INFO - [2026-06-30T13:10:40.983+0000] {dagbag.py:545} INFO - Filling up the DagBag from /opt/airflow/dags/dag_tomorrowio.py
[2026-06-30T13:10:41.177+0000] {processor.py:840} INFO - DAG(s) 'tomorrowio_bronze_to_silver' retrieved from /opt/airflow/dags/dag_tomorrowio.py
[2026-06-30T13:10:41.191+0000] {logging_mixin.py:188} INFO - [2026-06-30T13:10:41.191+0000] {dag.py:3096} INFO - Sync 1 DAGs
[2026-06-30T13:10:41.203+0000] {logging_mixin.py:188} INFO - [2026-06-30T13:10:41.202+0000] {dag.py:3954} INFO - Setting next_dagrun for tomorrowio_bronze_to_silver to 2026-06-30 13:00:00+00:00, run_after=2026-06-30 14:00:00+00:00
[2026-06-30T13:10:41.212+0000] {processor.py:183} INFO - Processing /opt/airflow/dags/dag_tomorrowio.py took 0.242 seconds
[2026-06-30T13:11:11.825+0000] {processor.py:161} INFO - Started process (PID=3249) to work on /opt/airflow/dags/dag_tomorrowio.py
[2026-06-30T13:11:11.826+0000] {processor.py:830} INFO - Processing file /opt/airflow/dags/dag_tomorrowio.py for tasks to queue
[2026-06-30T13:11:11.830+0000] {logging_mixin.py:188} INFO - [2026-06-30T13:11:11.829+0000] {dagbag.py:545} INFO - Filling up the DagBag from /opt/airflow/dags/dag_tomorrowio.py
[2026-06-30T13:11:12.130+0000] {processor.py:840} INFO - DAG(s) 'tomorrowio_bronze_to_silver' retrieved from /opt/airflow/dags/dag_tomorrowio.py
[2026-06-30T13:11:12.146+0000] {logging_mixin.py:188} INFO - [2026-06-30T13:11:12.146+0000] {dag.py:3096} INFO - Sync 1 DAGs
[2026-06-30T13:11:12.317+0000] {logging_mixin.py:188} INFO - [2026-06-30T13:11:12.317+0000] {dag.py:3954} INFO - Setting next_dagrun for tomorrowio_bronze_to_silver to 2026-06-30 13:00:00+00:00, run_after=2026-06-30 14:00:00+00:00
[2026-06-30T13:11:12.324+0000] {processor.py:183} INFO - Processing /opt/airflow/dags/dag_tomorrowio.py took 0.509 seconds
[2026-06-30T13:11:42.812+0000] {processor.py:161} INFO - Started process (PID=3282) to work on /opt/airflow/dags/dag_tomorrowio.py
[2026-06-30T13:11:42.815+0000] {processor.py:830} INFO - Processing file /opt/airflow/dags/dag_tomorrowio.py for tasks to queue
[2026-06-30T13:11:42.816+0000] {logging_mixin.py:188} INFO - [2026-06-30T13:11:42.816+0000] {dagbag.py:545} INFO - Filling up the DagBag from /opt/airflow/dags/dag_tomorrowio.py
[2026-06-30T13:11:43.016+0000] {processor.py:840} INFO - DAG(s) 'tomorrowio_bronze_to_silver' retrieved from /opt/airflow/dags/dag_tomorrowio.py
[2026-06-30T13:11:43.030+0000] {logging_mixin.py:188} INFO - [2026-06-30T13:11:43.030+0000] {dag.py:3096} INFO - Sync 1 DAGs
[2026-06-30T13:11:43.138+0000] {logging_mixin.py:188} INFO - [2026-06-30T13:11:43.137+0000] {dag.py:3954} INFO - Setting next_dagrun for tomorrowio_bronze_to_silver to 2026-06-30 13:00:00+00:00, run_after=2026-06-30 14:00:00+00:00
[2026-06-30T13:11:43.146+0000] {processor.py:183} INFO - Processing /opt/airflow/dags/dag_tomorrowio.py took 0.340 seconds
[2026-06-30T13:12:13.704+0000] {processor.py:161} INFO - Started process (PID=3314) to work on /opt/airflow/dags/dag_tomorrowio.py
[2026-06-30T13:12:13.707+0000] {processor.py:830} INFO - Processing file /opt/airflow/dags/dag_tomorrowio.py for tasks to queue
[2026-06-30T13:12:13.716+0000] {logging_mixin.py:188} INFO - [2026-06-30T13:12:13.715+0000] {dagbag.py:545} INFO - Filling up the DagBag from /opt/airflow/dags/dag_tomorrowio.py
[2026-06-30T13:12:13.962+0000] {processor.py:840} INFO - DAG(s) 'tomorrowio_bronze_to_silver' retrieved from /opt/airflow/dags/dag_tomorrowio.py
[2026-06-30T13:12:14.137+0000] {logging_mixin.py:188} INFO - [2026-06-30T13:12:14.137+0000] {dag.py:3096} INFO - Sync 1 DAGs
[2026-06-30T13:12:14.147+0000] {logging_mixin.py:188} INFO - [2026-06-30T13:12:14.146+0000] {dag.py:3954} INFO - Setting next_dagrun for tomorrowio_bronze_to_silver to 2026-06-30 13:00:00+00:00, run_after=2026-06-30 14:00:00+00:00
[2026-06-30T13:12:14.157+0000] {processor.py:183} INFO - Processing /opt/airflow/dags/dag_tomorrowio.py took 0.471 seconds
[2026-06-30T13:12:44.628+0000] {processor.py:161} INFO - Started process (PID=3348) to work on /opt/airflow/dags/dag_tomorrowio.py
[2026-06-30T13:12:44.630+0000] {processor.py:830} INFO - Processing file /opt/airflow/dags/dag_tomorrowio.py for tasks to queue
[2026-06-30T13:12:44.633+0000] {logging_mixin.py:188} INFO - [2026-06-30T13:12:44.633+0000] {dagbag.py:545} INFO - Filling up the DagBag from /opt/airflow/dags/dag_tomorrowio.py
[2026-06-30T13:12:44.873+0000] {processor.py:840} INFO - DAG(s) 'tomorrowio_bronze_to_silver' retrieved from /opt/airflow/dags/dag_tomorrowio.py
[2026-06-30T13:12:44.887+0000] {logging_mixin.py:188} INFO - [2026-06-30T13:12:44.887+0000] {dag.py:3096} INFO - Sync 1 DAGs
[2026-06-30T13:12:44.898+0000] {logging_mixin.py:188} INFO - [2026-06-30T13:12:44.898+0000] {dag.py:3954} INFO - Setting next_dagrun for tomorrowio_bronze_to_silver to 2026-06-30 13:00:00+00:00, run_after=2026-06-30 14:00:00+00:00
[2026-06-30T13:12:44.907+0000] {processor.py:183} INFO - Processing /opt/airflow/dags/dag_tomorrowio.py took 0.286 seconds
[2026-06-30T13:13:15.607+0000] {processor.py:161} INFO - Started process (PID=3381) to work on /opt/airflow/dags/dag_tomorrowio.py
[2026-06-30T13:13:15.609+0000] {processor.py:830} INFO - Processing file /opt/airflow/dags/dag_tomorrowio.py for tasks to queue
[2026-06-30T13:13:15.613+0000] {logging_mixin.py:188} INFO - [2026-06-30T13:13:15.613+0000] {dagbag.py:545} INFO - Filling up the DagBag from /opt/airflow/dags/dag_tomorrowio.py
[2026-06-30T13:13:15.881+0000] {processor.py:840} INFO - DAG(s) 'tomorrowio_bronze_to_silver' retrieved from /opt/airflow/dags/dag_tomorrowio.py
[2026-06-30T13:13:15.895+0000] {logging_mixin.py:188} INFO - [2026-06-30T13:13:15.895+0000] {dag.py:3096} INFO - Sync 1 DAGs
[2026-06-30T13:13:15.906+0000] {logging_mixin.py:188} INFO - [2026-06-30T13:13:15.905+0000] {dag.py:3954} INFO - Setting next_dagrun for tomorrowio_bronze_to_silver to 2026-06-30 13:00:00+00:00, run_after=2026-06-30 14:00:00+00:00
[2026-06-30T13:13:15.915+0000] {processor.py:183} INFO - Processing /opt/airflow/dags/dag_tomorrowio.py took 0.317 seconds
[2026-06-30T13:13:46.526+0000] {processor.py:161} INFO - Started process (PID=3414) to work on /opt/airflow/dags/dag_tomorrowio.py
[2026-06-30T13:13:46.527+0000] {processor.py:830} INFO - Processing file /opt/airflow/dags/dag_tomorrowio.py for tasks to queue
[2026-06-30T13:13:46.529+0000] {logging_mixin.py:188} INFO - [2026-06-30T13:13:46.529+0000] {dagbag.py:545} INFO - Filling up the DagBag from /opt/airflow/dags/dag_tomorrowio.py
[2026-06-30T13:13:46.741+0000] {processor.py:840} INFO - DAG(s) 'tomorrowio_bronze_to_silver' retrieved from /opt/airflow/dags/dag_tomorrowio.py
[2026-06-30T13:13:46.759+0000] {logging_mixin.py:188} INFO - [2026-06-30T13:13:46.759+0000] {dag.py:3096} INFO - Sync 1 DAGs
[2026-06-30T13:13:46.772+0000] {logging_mixin.py:188} INFO - [2026-06-30T13:13:46.772+0000] {dag.py:3954} INFO - Setting next_dagrun for tomorrowio_bronze_to_silver to 2026-06-30 13:00:00+00:00, run_after=2026-06-30 14:00:00+00:00
[2026-06-30T13:13:46.878+0000] {processor.py:183} INFO - Processing /opt/airflow/dags/dag_tomorrowio.py took 0.358 seconds
[2026-06-30T13:14:17.528+0000] {processor.py:161} INFO - Started process (PID=3446) to work on /opt/airflow/dags/dag_tomorrowio.py
[2026-06-30T13:14:17.531+0000] {processor.py:830} INFO - Processing file /opt/airflow/dags/dag_tomorrowio.py for tasks to queue
[2026-06-30T13:14:17.533+0000] {logging_mixin.py:188} INFO - [2026-06-30T13:14:17.533+0000] {dagbag.py:545} INFO - Filling up the DagBag from /opt/airflow/dags/dag_tomorrowio.py
[2026-06-30T13:14:17.740+0000] {processor.py:840} INFO - DAG(s) 'tomorrowio_bronze_to_silver' retrieved from /opt/airflow/dags/dag_tomorrowio.py
[2026-06-30T13:14:17.752+0000] {logging_mixin.py:188} INFO - [2026-06-30T13:14:17.752+0000] {dag.py:3096} INFO - Sync 1 DAGs
[2026-06-30T13:14:17.897+0000] {logging_mixin.py:188} INFO - [2026-06-30T13:14:17.897+0000] {dag.py:3954} INFO - Setting next_dagrun for tomorrowio_bronze_to_silver to 2026-06-30 13:00:00+00:00, run_after=2026-06-30 14:00:00+00:00
[2026-06-30T13:14:17.908+0000] {processor.py:183} INFO - Processing /opt/airflow/dags/dag_tomorrowio.py took 0.385 seconds
[2026-06-30T13:14:48.373+0000] {processor.py:161} INFO - Started process (PID=3480) to work on /opt/airflow/dags/dag_tomorrowio.py
[2026-06-30T13:14:48.373+0000] {processor.py:830} INFO - Processing file /opt/airflow/dags/dag_tomorrowio.py for tasks to queue
[2026-06-30T13:14:48.376+0000] {logging_mixin.py:188} INFO - [2026-06-30T13:14:48.376+0000] {dagbag.py:545} INFO - Filling up the DagBag from /opt/airflow/dags/dag_tomorrowio.py
[2026-06-30T13:14:48.521+0000] {processor.py:840} INFO - DAG(s) 'tomorrowio_bronze_to_silver' retrieved from /opt/airflow/dags/dag_tomorrowio.py
[2026-06-30T13:14:48.598+0000] {logging_mixin.py:188} INFO - [2026-06-30T13:14:48.598+0000] {dag.py:3096} INFO - Sync 1 DAGs
[2026-06-30T13:14:48.606+0000] {logging_mixin.py:188} INFO - [2026-06-30T13:14:48.606+0000] {dag.py:3954} INFO - Setting next_dagrun for tomorrowio_bronze_to_silver to 2026-06-30 13:00:00+00:00, run_after=2026-06-30 14:00:00+00:00
[2026-06-30T13:14:48.617+0000] {processor.py:183} INFO - Processing /opt/airflow/dags/dag_tomorrowio.py took 0.249 seconds
[2026-06-30T13:15:19.155+0000] {processor.py:161} INFO - Started process (PID=3513) to work on /opt/airflow/dags/dag_tomorrowio.py
[2026-06-30T13:15:19.159+0000] {processor.py:830} INFO - Processing file /opt/airflow/dags/dag_tomorrowio.py for tasks to queue
[2026-06-30T13:15:19.162+0000] {logging_mixin.py:188} INFO - [2026-06-30T13:15:19.162+0000] {dagbag.py:545} INFO - Filling up the DagBag from /opt/airflow/dags/dag_tomorrowio.py
[2026-06-30T13:15:19.375+0000] {processor.py:840} INFO - DAG(s) 'tomorrowio_bronze_to_silver' retrieved from /opt/airflow/dags/dag_tomorrowio.py
[2026-06-30T13:15:19.392+0000] {logging_mixin.py:188} INFO - [2026-06-30T13:15:19.391+0000] {dag.py:3096} INFO - Sync 1 DAGs
[2026-06-30T13:15:19.402+0000] {logging_mixin.py:188} INFO - [2026-06-30T13:15:19.401+0000] {dag.py:3954} INFO - Setting next_dagrun for tomorrowio_bronze_to_silver to 2026-06-30 13:00:00+00:00, run_after=2026-06-30 14:00:00+00:00
[2026-06-30T13:15:19.409+0000] {processor.py:183} INFO - Processing /opt/airflow/dags/dag_tomorrowio.py took 0.260 seconds
[2026-06-30T13:15:50.023+0000] {processor.py:161} INFO - Started process (PID=3546) to work on /opt/airflow/dags/dag_tomorrowio.py
[2026-06-30T13:15:50.025+0000] {processor.py:830} INFO - Processing file /opt/airflow/dags/dag_tomorrowio.py for tasks to queue
[2026-06-30T13:15:50.026+0000] {logging_mixin.py:188} INFO - [2026-06-30T13:15:50.026+0000] {dagbag.py:545} INFO - Filling up the DagBag from /opt/airflow/dags/dag_tomorrowio.py
[2026-06-30T13:15:50.201+0000] {processor.py:840} INFO - DAG(s) 'tomorrowio_bronze_to_silver' retrieved from /opt/airflow/dags/dag_tomorrowio.py
[2026-06-30T13:15:50.216+0000] {logging_mixin.py:188} INFO - [2026-06-30T13:15:50.215+0000] {dag.py:3096} INFO - Sync 1 DAGs
[2026-06-30T13:15:50.224+0000] {logging_mixin.py:188} INFO - [2026-06-30T13:15:50.223+0000] {dag.py:3954} INFO - Setting next_dagrun for tomorrowio_bronze_to_silver to 2026-06-30 13:00:00+00:00, run_after=2026-06-30 14:00:00+00:00
[2026-06-30T13:15:50.231+0000] {processor.py:183} INFO - Processing /opt/airflow/dags/dag_tomorrowio.py took 0.214 seconds
[2026-06-30T13:16:20.832+0000] {processor.py:161} INFO - Started process (PID=3578) to work on /opt/airflow/dags/dag_tomorrowio.py
[2026-06-30T13:16:20.834+0000] {processor.py:830} INFO - Processing file /opt/airflow/dags/dag_tomorrowio.py for tasks to queue
[2026-06-30T13:16:20.837+0000] {logging_mixin.py:188} INFO - [2026-06-30T13:16:20.837+0000] {dagbag.py:545} INFO - Filling up the DagBag from /opt/airflow/dags/dag_tomorrowio.py
[2026-06-30T13:16:21.127+0000] {processor.py:840} INFO - DAG(s) 'tomorrowio_bronze_to_silver' retrieved from /opt/airflow/dags/dag_tomorrowio.py
[2026-06-30T13:16:21.145+0000] {logging_mixin.py:188} INFO - [2026-06-30T13:16:21.145+0000] {dag.py:3096} INFO - Sync 1 DAGs
[2026-06-30T13:16:21.159+0000] {logging_mixin.py:188} INFO - [2026-06-30T13:16:21.159+0000] {dag.py:3954} INFO - Setting next_dagrun for tomorrowio_bronze_to_silver to 2026-06-30 13:00:00+00:00, run_after=2026-06-30 14:00:00+00:00
[2026-06-30T13:16:21.307+0000] {processor.py:183} INFO - Processing /opt/airflow/dags/dag_tomorrowio.py took 0.488 seconds
[2026-06-30T13:16:51.858+0000] {processor.py:161} INFO - Started process (PID=3611) to work on /opt/airflow/dags/dag_tomorrowio.py
[2026-06-30T13:16:51.860+0000] {processor.py:830} INFO - Processing file /opt/airflow/dags/dag_tomorrowio.py for tasks to queue
[2026-06-30T13:16:51.867+0000] {logging_mixin.py:188} INFO - [2026-06-30T13:16:51.866+0000] {dagbag.py:545} INFO - Filling up the DagBag from /opt/airflow/dags/dag_tomorrowio.py
[2026-06-30T13:16:52.197+0000] {processor.py:840} INFO - DAG(s) 'tomorrowio_bronze_to_silver' retrieved from /opt/airflow/dags/dag_tomorrowio.py
[2026-06-30T13:16:52.215+0000] {logging_mixin.py:188} INFO - [2026-06-30T13:16:52.215+0000] {dag.py:3096} INFO - Sync 1 DAGs
[2026-06-30T13:16:52.434+0000] {logging_mixin.py:188} INFO - [2026-06-30T13:16:52.434+0000] {dag.py:3954} INFO - Setting next_dagrun for tomorrowio_bronze_to_silver to 2026-06-30 13:00:00+00:00, run_after=2026-06-30 14:00:00+00:00
[2026-06-30T13:16:52.443+0000] {processor.py:183} INFO - Processing /opt/airflow/dags/dag_tomorrowio.py took 0.596 seconds
[2026-06-30T13:17:23.172+0000] {processor.py:161} INFO - Started process (PID=3647) to work on /opt/airflow/dags/dag_tomorrowio.py
[2026-06-30T13:17:23.173+0000] {processor.py:830} INFO - Processing file /opt/airflow/dags/dag_tomorrowio.py for tasks to queue
[2026-06-30T13:17:23.175+0000] {logging_mixin.py:188} INFO - [2026-06-30T13:17:23.175+0000] {dagbag.py:545} INFO - Filling up the DagBag from /opt/airflow/dags/dag_tomorrowio.py
[2026-06-30T13:17:23.386+0000] {processor.py:840} INFO - DAG(s) 'tomorrowio_bronze_to_silver' retrieved from /opt/airflow/dags/dag_tomorrowio.py
[2026-06-30T13:17:23.401+0000] {logging_mixin.py:188} INFO - [2026-06-30T13:17:23.401+0000] {dag.py:3096} INFO - Sync 1 DAGs
[2026-06-30T13:17:23.591+0000] {logging_mixin.py:188} INFO - [2026-06-30T13:17:23.591+0000] {dag.py:3954} INFO - Setting next_dagrun for tomorrowio_bronze_to_silver to 2026-06-30 13:00:00+00:00, run_after=2026-06-30 14:00:00+00:00
[2026-06-30T13:17:23.599+0000] {processor.py:183} INFO - Processing /opt/airflow/dags/dag_tomorrowio.py took 0.432 seconds
[2026-06-30T13:17:54.188+0000] {processor.py:161} INFO - Started process (PID=3680) to work on /opt/airflow/dags/dag_tomorrowio.py
[2026-06-30T13:17:54.189+0000] {processor.py:830} INFO - Processing file /opt/airflow/dags/dag_tomorrowio.py for tasks to queue
[2026-06-30T13:17:54.190+0000] {logging_mixin.py:188} INFO - [2026-06-30T13:17:54.190+0000] {dagbag.py:545} INFO - Filling up the DagBag from /opt/airflow/dags/dag_tomorrowio.py
[2026-06-30T13:17:54.404+0000] {processor.py:840} INFO - DAG(s) 'tomorrowio_bronze_to_silver' retrieved from /opt/airflow/dags/dag_tomorrowio.py
[2026-06-30T13:17:54.552+0000] {logging_mixin.py:188} INFO - [2026-06-30T13:17:54.552+0000] {dag.py:3096} INFO - Sync 1 DAGs
[2026-06-30T13:17:54.561+0000] {logging_mixin.py:188} INFO - [2026-06-30T13:17:54.561+0000] {dag.py:3954} INFO - Setting next_dagrun for tomorrowio_bronze_to_silver to 2026-06-30 13:00:00+00:00, run_after=2026-06-30 14:00:00+00:00
[2026-06-30T13:17:54.570+0000] {processor.py:183} INFO - Processing /opt/airflow/dags/dag_tomorrowio.py took 0.387 seconds
[2026-06-30T13:18:25.158+0000] {processor.py:161} INFO - Started process (PID=3713) to work on /opt/airflow/dags/dag_tomorrowio.py
[2026-06-30T13:18:25.159+0000] {processor.py:830} INFO - Processing file /opt/airflow/dags/dag_tomorrowio.py for tasks to queue
[2026-06-30T13:18:25.160+0000] {logging_mixin.py:188} INFO - [2026-06-30T13:18:25.160+0000] {dagbag.py:545} INFO - Filling up the DagBag from /opt/airflow/dags/dag_tomorrowio.py
[2026-06-30T13:18:25.371+0000] {processor.py:840} INFO - DAG(s) 'tomorrowio_bronze_to_silver' retrieved from /opt/airflow/dags/dag_tomorrowio.py
[2026-06-30T13:18:25.389+0000] {logging_mixin.py:188} INFO - [2026-06-30T13:18:25.389+0000] {dag.py:3096} INFO - Sync 1 DAGs
[2026-06-30T13:18:25.402+0000] {logging_mixin.py:188} INFO - [2026-06-30T13:18:25.402+0000] {dag.py:3954} INFO - Setting next_dagrun for tomorrowio_bronze_to_silver to 2026-06-30 13:00:00+00:00, run_after=2026-06-30 14:00:00+00:00
[2026-06-30T13:18:25.410+0000] {processor.py:183} INFO - Processing /opt/airflow/dags/dag_tomorrowio.py took 0.261 seconds
[2026-06-30T13:18:56.109+0000] {processor.py:161} INFO - Started process (PID=3746) to work on /opt/airflow/dags/dag_tomorrowio.py
[2026-06-30T13:18:56.110+0000] {processor.py:830} INFO - Processing file /opt/airflow/dags/dag_tomorrowio.py for tasks to queue
[2026-06-30T13:18:56.112+0000] {logging_mixin.py:188} INFO - [2026-06-30T13:18:56.111+0000] {dagbag.py:545} INFO - Filling up the DagBag from /opt/airflow/dags/dag_tomorrowio.py
[2026-06-30T13:18:56.448+0000] {processor.py:840} INFO - DAG(s) 'tomorrowio_bronze_to_silver' retrieved from /opt/airflow/dags/dag_tomorrowio.py
[2026-06-30T13:18:56.467+0000] {logging_mixin.py:188} INFO - [2026-06-30T13:18:56.466+0000] {dag.py:3096} INFO - Sync 1 DAGs
[2026-06-30T13:18:56.482+0000] {logging_mixin.py:188} INFO - [2026-06-30T13:18:56.482+0000] {dag.py:3954} INFO - Setting next_dagrun for tomorrowio_bronze_to_silver to 2026-06-30 13:00:00+00:00, run_after=2026-06-30 14:00:00+00:00
[2026-06-30T13:18:56.498+0000] {processor.py:183} INFO - Processing /opt/airflow/dags/dag_tomorrowio.py took 0.408 seconds
[2026-06-30T13:19:27.182+0000] {processor.py:161} INFO - Started process (PID=3779) to work on /opt/airflow/dags/dag_tomorrowio.py
[2026-06-30T13:19:27.183+0000] {processor.py:830} INFO - Processing file /opt/airflow/dags/dag_tomorrowio.py for tasks to queue
[2026-06-30T13:19:27.184+0000] {logging_mixin.py:188} INFO - [2026-06-30T13:19:27.184+0000] {dagbag.py:545} INFO - Filling up the DagBag from /opt/airflow/dags/dag_tomorrowio.py
[2026-06-30T13:19:27.442+0000] {processor.py:840} INFO - DAG(s) 'tomorrowio_bronze_to_silver' retrieved from /opt/airflow/dags/dag_tomorrowio.py
[2026-06-30T13:19:27.458+0000] {logging_mixin.py:188} INFO - [2026-06-30T13:19:27.458+0000] {dag.py:3096} INFO - Sync 1 DAGs
[2026-06-30T13:19:27.576+0000] {logging_mixin.py:188} INFO - [2026-06-30T13:19:27.576+0000] {dag.py:3954} INFO - Setting next_dagrun for tomorrowio_bronze_to_silver to 2026-06-30 13:00:00+00:00, run_after=2026-06-30 14:00:00+00:00
[2026-06-30T13:19:27.584+0000] {processor.py:183} INFO - Processing /opt/airflow/dags/dag_tomorrowio.py took 0.408 seconds
[2026-06-30T13:19:58.189+0000] {processor.py:161} INFO - Started process (PID=3812) to work on /opt/airflow/dags/dag_tomorrowio.py
[2026-06-30T13:19:58.192+0000] {processor.py:830} INFO - Processing file /opt/airflow/dags/dag_tomorrowio.py for tasks to queue
[2026-06-30T13:19:58.193+0000] {logging_mixin.py:188} INFO - [2026-06-30T13:19:58.193+0000] {dagbag.py:545} INFO - Filling up the DagBag from /opt/airflow/dags/dag_tomorrowio.py
[2026-06-30T13:19:58.440+0000] {processor.py:840} INFO - DAG(s) 'tomorrowio_bronze_to_silver' retrieved from /opt/airflow/dags/dag_tomorrowio.py
[2026-06-30T13:19:58.458+0000] {logging_mixin.py:188} INFO - [2026-06-30T13:19:58.458+0000] {dag.py:3096} INFO - Sync 1 DAGs
[2026-06-30T13:19:58.608+0000] {logging_mixin.py:188} INFO - [2026-06-30T13:19:58.608+0000] {dag.py:3954} INFO - Setting next_dagrun for tomorrowio_bronze_to_silver to 2026-06-30 13:00:00+00:00, run_after=2026-06-30 14:00:00+00:00
[2026-06-30T13:19:58.617+0000] {processor.py:183} INFO - Processing /opt/airflow/dags/dag_tomorrowio.py took 0.445 seconds
[2026-06-30T13:20:29.202+0000] {processor.py:161} INFO - Started process (PID=3845) to work on /opt/airflow/dags/dag_tomorrowio.py
[2026-06-30T13:20:29.204+0000] {processor.py:830} INFO - Processing file /opt/airflow/dags/dag_tomorrowio.py for tasks to queue
[2026-06-30T13:20:29.206+0000] {logging_mixin.py:188} INFO - [2026-06-30T13:20:29.206+0000] {dagbag.py:545} INFO - Filling up the DagBag from /opt/airflow/dags/dag_tomorrowio.py
[2026-06-30T13:20:29.443+0000] {processor.py:840} INFO - DAG(s) 'tomorrowio_bronze_to_silver' retrieved from /opt/airflow/dags/dag_tomorrowio.py
[2026-06-30T13:20:29.617+0000] {logging_mixin.py:188} INFO - [2026-06-30T13:20:29.616+0000] {dag.py:3096} INFO - Sync 1 DAGs
[2026-06-30T13:20:29.625+0000] {logging_mixin.py:188} INFO - [2026-06-30T13:20:29.625+0000] {dag.py:3954} INFO - Setting next_dagrun for tomorrowio_bronze_to_silver to 2026-06-30 13:00:00+00:00, run_after=2026-06-30 14:00:00+00:00
[2026-06-30T13:20:29.632+0000] {processor.py:183} INFO - Processing /opt/airflow/dags/dag_tomorrowio.py took 0.437 seconds
[2026-06-30T13:21:00.223+0000] {processor.py:161} INFO - Started process (PID=3878) to work on /opt/airflow/dags/dag_tomorrowio.py
[2026-06-30T13:21:00.225+0000] {processor.py:830} INFO - Processing file /opt/airflow/dags/dag_tomorrowio.py for tasks to queue
[2026-06-30T13:21:00.226+0000] {logging_mixin.py:188} INFO - [2026-06-30T13:21:00.226+0000] {dagbag.py:545} INFO - Filling up the DagBag from /opt/airflow/dags/dag_tomorrowio.py
[2026-06-30T13:21:00.465+0000] {processor.py:840} INFO - DAG(s) 'tomorrowio_bronze_to_silver' retrieved from /opt/airflow/dags/dag_tomorrowio.py
[2026-06-30T13:21:00.478+0000] {logging_mixin.py:188} INFO - [2026-06-30T13:21:00.478+0000] {dag.py:3096} INFO - Sync 1 DAGs
[2026-06-30T13:21:00.493+0000] {logging_mixin.py:188} INFO - [2026-06-30T13:21:00.493+0000] {dag.py:3954} INFO - Setting next_dagrun for tomorrowio_bronze_to_silver to 2026-06-30 13:00:00+00:00, run_after=2026-06-30 14:00:00+00:00
[2026-06-30T13:21:00.509+0000] {processor.py:183} INFO - Processing /opt/airflow/dags/dag_tomorrowio.py took 0.291 seconds
[2026-06-30T13:21:31.216+0000] {processor.py:161} INFO - Started process (PID=3911) to work on /opt/airflow/dags/dag_tomorrowio.py
[2026-06-30T13:21:31.218+0000] {processor.py:830} INFO - Processing file /opt/airflow/dags/dag_tomorrowio.py for tasks to queue
[2026-06-30T13:21:31.220+0000] {logging_mixin.py:188} INFO - [2026-06-30T13:21:31.219+0000] {dagbag.py:545} INFO - Filling up the DagBag from /opt/airflow/dags/dag_tomorrowio.py
[2026-06-30T13:21:31.507+0000] {processor.py:840} INFO - DAG(s) 'tomorrowio_bronze_to_silver' retrieved from /opt/airflow/dags/dag_tomorrowio.py
[2026-06-30T13:21:31.533+0000] {logging_mixin.py:188} INFO - [2026-06-30T13:21:31.533+0000] {dag.py:3096} INFO - Sync 1 DAGs
[2026-06-30T13:21:31.550+0000] {logging_mixin.py:188} INFO - [2026-06-30T13:21:31.549+0000] {dag.py:3954} INFO - Setting next_dagrun for tomorrowio_bronze_to_silver to 2026-06-30 13:00:00+00:00, run_after=2026-06-30 14:00:00+00:00
[2026-06-30T13:21:31.564+0000] {processor.py:183} INFO - Processing /opt/airflow/dags/dag_tomorrowio.py took 0.356 seconds
[2026-06-30T13:22:02.445+0000] {processor.py:161} INFO - Started process (PID=3944) to work on /opt/airflow/dags/dag_tomorrowio.py
[2026-06-30T13:22:02.462+0000] {processor.py:830} INFO - Processing file /opt/airflow/dags/dag_tomorrowio.py for tasks to queue
[2026-06-30T13:22:02.470+0000] {logging_mixin.py:188} INFO - [2026-06-30T13:22:02.468+0000] {dagbag.py:545} INFO - Filling up the DagBag from /opt/airflow/dags/dag_tomorrowio.py
[2026-06-30T13:22:03.017+0000] {processor.py:840} INFO - DAG(s) 'tomorrowio_bronze_to_silver' retrieved from /opt/airflow/dags/dag_tomorrowio.py
[2026-06-30T13:22:03.049+0000] {logging_mixin.py:188} INFO - [2026-06-30T13:22:03.048+0000] {dag.py:3096} INFO - Sync 1 DAGs
[2026-06-30T13:22:03.191+0000] {logging_mixin.py:188} INFO - [2026-06-30T13:22:03.190+0000] {dag.py:3954} INFO - Setting next_dagrun for tomorrowio_bronze_to_silver to 2026-06-30 13:00:00+00:00, run_after=2026-06-30 14:00:00+00:00
[2026-06-30T13:22:03.198+0000] {processor.py:183} INFO - Processing /opt/airflow/dags/dag_tomorrowio.py took 0.844 seconds
[2026-06-30T13:22:33.836+0000] {processor.py:161} INFO - Started process (PID=3977) to work on /opt/airflow/dags/dag_tomorrowio.py
[2026-06-30T13:22:33.837+0000] {processor.py:830} INFO - Processing file /opt/airflow/dags/dag_tomorrowio.py for tasks to queue
[2026-06-30T13:22:33.838+0000] {logging_mixin.py:188} INFO - [2026-06-30T13:22:33.838+0000] {dagbag.py:545} INFO - Filling up the DagBag from /opt/airflow/dags/dag_tomorrowio.py
[2026-06-30T13:22:34.162+0000] {processor.py:840} INFO - DAG(s) 'tomorrowio_bronze_to_silver' retrieved from /opt/airflow/dags/dag_tomorrowio.py
[2026-06-30T13:22:34.185+0000] {logging_mixin.py:188} INFO - [2026-06-30T13:22:34.185+0000] {dag.py:3096} INFO - Sync 1 DAGs
[2026-06-30T13:22:34.348+0000] {logging_mixin.py:188} INFO - [2026-06-30T13:22:34.348+0000] {dag.py:3954} INFO - Setting next_dagrun for tomorrowio_bronze_to_silver to 2026-06-30 13:00:00+00:00, run_after=2026-06-30 14:00:00+00:00
[2026-06-30T13:22:34.355+0000] {processor.py:183} INFO - Processing /opt/airflow/dags/dag_tomorrowio.py took 0.527 seconds
[2026-06-30T13:23:04.954+0000] {processor.py:161} INFO - Started process (PID=4010) to work on /opt/airflow/dags/dag_tomorrowio.py
[2026-06-30T13:23:04.957+0000] {processor.py:830} INFO - Processing file /opt/airflow/dags/dag_tomorrowio.py for tasks to queue
[2026-06-30T13:23:04.958+0000] {logging_mixin.py:188} INFO - [2026-06-30T13:23:04.958+0000] {dagbag.py:545} INFO - Filling up the DagBag from /opt/airflow/dags/dag_tomorrowio.py
[2026-06-30T13:23:05.208+0000] {processor.py:840} INFO - DAG(s) 'tomorrowio_bronze_to_silver' retrieved from /opt/airflow/dags/dag_tomorrowio.py
[2026-06-30T13:23:05.397+0000] {logging_mixin.py:188} INFO - [2026-06-30T13:23:05.397+0000] {dag.py:3096} INFO - Sync 1 DAGs
[2026-06-30T13:23:05.407+0000] {logging_mixin.py:188} INFO - [2026-06-30T13:23:05.407+0000] {dag.py:3954} INFO - Setting next_dagrun for tomorrowio_bronze_to_silver to 2026-06-30 13:00:00+00:00, run_after=2026-06-30 14:00:00+00:00
[2026-06-30T13:23:05.414+0000] {processor.py:183} INFO - Processing /opt/airflow/dags/dag_tomorrowio.py took 0.466 seconds
[2026-06-30T13:23:36.028+0000] {processor.py:161} INFO - Started process (PID=4043) to work on /opt/airflow/dags/dag_tomorrowio.py
[2026-06-30T13:23:36.030+0000] {processor.py:830} INFO - Processing file /opt/airflow/dags/dag_tomorrowio.py for tasks to queue
[2026-06-30T13:23:36.032+0000] {logging_mixin.py:188} INFO - [2026-06-30T13:23:36.031+0000] {dagbag.py:545} INFO - Filling up the DagBag from /opt/airflow/dags/dag_tomorrowio.py
[2026-06-30T13:23:36.305+0000] {processor.py:840} INFO - DAG(s) 'tomorrowio_bronze_to_silver' retrieved from /opt/airflow/dags/dag_tomorrowio.py
[2026-06-30T13:23:36.518+0000] {logging_mixin.py:188} INFO - [2026-06-30T13:23:36.518+0000] {dag.py:3096} INFO - Sync 1 DAGs
[2026-06-30T13:23:36.544+0000] {logging_mixin.py:188} INFO - [2026-06-30T13:23:36.544+0000] {dag.py:3954} INFO - Setting next_dagrun for tomorrowio_bronze_to_silver to 2026-06-30 13:00:00+00:00, run_after=2026-06-30 14:00:00+00:00
[2026-06-30T13:23:36.557+0000] {processor.py:183} INFO - Processing /opt/airflow/dags/dag_tomorrowio.py took 0.534 seconds
[2026-06-30T13:24:07.155+0000] {processor.py:161} INFO - Started process (PID=4076) to work on /opt/airflow/dags/dag_tomorrowio.py
[2026-06-30T13:24:07.156+0000] {processor.py:830} INFO - Processing file /opt/airflow/dags/dag_tomorrowio.py for tasks to queue
[2026-06-30T13:24:07.157+0000] {logging_mixin.py:188} INFO - [2026-06-30T13:24:07.157+0000] {dagbag.py:545} INFO - Filling up the DagBag from /opt/airflow/dags/dag_tomorrowio.py
[2026-06-30T13:24:07.349+0000] {processor.py:840} INFO - DAG(s) 'tomorrowio_bronze_to_silver' retrieved from /opt/airflow/dags/dag_tomorrowio.py
[2026-06-30T13:24:07.367+0000] {logging_mixin.py:188} INFO - [2026-06-30T13:24:07.367+0000] {dag.py:3096} INFO - Sync 1 DAGs
[2026-06-30T13:24:07.379+0000] {logging_mixin.py:188} INFO - [2026-06-30T13:24:07.379+0000] {dag.py:3954} INFO - Setting next_dagrun for tomorrowio_bronze_to_silver to 2026-06-30 13:00:00+00:00, run_after=2026-06-30 14:00:00+00:00
[2026-06-30T13:24:07.389+0000] {processor.py:183} INFO - Processing /opt/airflow/dags/dag_tomorrowio.py took 0.239 seconds
[2026-06-30T13:24:38.001+0000] {processor.py:161} INFO - Started process (PID=4109) to work on /opt/airflow/dags/dag_tomorrowio.py
[2026-06-30T13:24:38.003+0000] {processor.py:830} INFO - Processing file /opt/airflow/dags/dag_tomorrowio.py for tasks to queue
[2026-06-30T13:24:38.006+0000] {logging_mixin.py:188} INFO - [2026-06-30T13:24:38.005+0000] {dagbag.py:545} INFO - Filling up the DagBag from /opt/airflow/dags/dag_tomorrowio.py
[2026-06-30T13:24:38.135+0000] {processor.py:840} INFO - DAG(s) 'tomorrowio_bronze_to_silver' retrieved from /opt/airflow/dags/dag_tomorrowio.py
[2026-06-30T13:24:38.148+0000] {logging_mixin.py:188} INFO - [2026-06-30T13:24:38.148+0000] {dag.py:3096} INFO - Sync 1 DAGs
[2026-06-30T13:24:38.157+0000] {logging_mixin.py:188} INFO - [2026-06-30T13:24:38.157+0000] {dag.py:3954} INFO - Setting next_dagrun for tomorrowio_bronze_to_silver to 2026-06-30 13:00:00+00:00, run_after=2026-06-30 14:00:00+00:00
[2026-06-30T13:24:38.232+0000] {processor.py:183} INFO - Processing /opt/airflow/dags/dag_tomorrowio.py took 0.236 seconds
[2026-06-30T13:25:08.822+0000] {processor.py:161} INFO - Started process (PID=4142) to work on /opt/airflow/dags/dag_tomorrowio.py
[2026-06-30T13:25:08.824+0000] {processor.py:830} INFO - Processing file /opt/airflow/dags/dag_tomorrowio.py for tasks to queue
[2026-06-30T13:25:08.825+0000] {logging_mixin.py:188} INFO - [2026-06-30T13:25:08.825+0000] {dagbag.py:545} INFO - Filling up the DagBag from /opt/airflow/dags/dag_tomorrowio.py
[2026-06-30T13:25:09.034+0000] {processor.py:840} INFO - DAG(s) 'tomorrowio_bronze_to_silver' retrieved from /opt/airflow/dags/dag_tomorrowio.py
[2026-06-30T13:25:09.046+0000] {logging_mixin.py:188} INFO - [2026-06-30T13:25:09.046+0000] {dag.py:3096} INFO - Sync 1 DAGs
[2026-06-30T13:25:09.196+0000] {logging_mixin.py:188} INFO - [2026-06-30T13:25:09.196+0000] {dag.py:3954} INFO - Setting next_dagrun for tomorrowio_bronze_to_silver to 2026-06-30 13:00:00+00:00, run_after=2026-06-30 14:00:00+00:00
[2026-06-30T13:25:09.204+0000] {processor.py:183} INFO - Processing /opt/airflow/dags/dag_tomorrowio.py took 0.388 seconds
[2026-06-30T13:25:39.696+0000] {processor.py:161} INFO - Started process (PID=4175) to work on /opt/airflow/dags/dag_tomorrowio.py
[2026-06-30T13:25:39.697+0000] {processor.py:830} INFO - Processing file /opt/airflow/dags/dag_tomorrowio.py for tasks to queue
[2026-06-30T13:25:39.698+0000] {logging_mixin.py:188} INFO - [2026-06-30T13:25:39.697+0000] {dagbag.py:545} INFO - Filling up the DagBag from /opt/airflow/dags/dag_tomorrowio.py
[2026-06-30T13:25:39.827+0000] {processor.py:840} INFO - DAG(s) 'tomorrowio_bronze_to_silver' retrieved from /opt/airflow/dags/dag_tomorrowio.py
[2026-06-30T13:25:39.902+0000] {logging_mixin.py:188} INFO - [2026-06-30T13:25:39.902+0000] {dag.py:3096} INFO - Sync 1 DAGs
[2026-06-30T13:25:39.909+0000] {logging_mixin.py:188} INFO - [2026-06-30T13:25:39.909+0000] {dag.py:3954} INFO - Setting next_dagrun for tomorrowio_bronze_to_silver to 2026-06-30 13:00:00+00:00, run_after=2026-06-30 14:00:00+00:00
[2026-06-30T13:25:39.915+0000] {processor.py:183} INFO - Processing /opt/airflow/dags/dag_tomorrowio.py took 0.224 seconds
[2026-06-30T13:26:10.459+0000] {processor.py:161} INFO - Started process (PID=4208) to work on /opt/airflow/dags/dag_tomorrowio.py
[2026-06-30T13:26:10.462+0000] {processor.py:830} INFO - Processing file /opt/airflow/dags/dag_tomorrowio.py for tasks to queue
[2026-06-30T13:26:10.463+0000] {logging_mixin.py:188} INFO - [2026-06-30T13:26:10.463+0000] {dagbag.py:545} INFO - Filling up the DagBag from /opt/airflow/dags/dag_tomorrowio.py
[2026-06-30T13:26:10.649+0000] {processor.py:840} INFO - DAG(s) 'tomorrowio_bronze_to_silver' retrieved from /opt/airflow/dags/dag_tomorrowio.py
[2026-06-30T13:26:10.809+0000] {logging_mixin.py:188} INFO - [2026-06-30T13:26:10.809+0000] {dag.py:3096} INFO - Sync 1 DAGs
[2026-06-30T13:26:10.820+0000] {logging_mixin.py:188} INFO - [2026-06-30T13:26:10.819+0000] {dag.py:3954} INFO - Setting next_dagrun for tomorrowio_bronze_to_silver to 2026-06-30 13:00:00+00:00, run_after=2026-06-30 14:00:00+00:00
[2026-06-30T13:26:10.826+0000] {processor.py:183} INFO - Processing /opt/airflow/dags/dag_tomorrowio.py took 0.374 seconds
[2026-06-30T13:26:41.255+0000] {processor.py:161} INFO - Started process (PID=4241) to work on /opt/airflow/dags/dag_tomorrowio.py
[2026-06-30T13:26:41.256+0000] {processor.py:830} INFO - Processing file /opt/airflow/dags/dag_tomorrowio.py for tasks to queue
[2026-06-30T13:26:41.258+0000] {logging_mixin.py:188} INFO - [2026-06-30T13:26:41.257+0000] {dagbag.py:545} INFO - Filling up the DagBag from /opt/airflow/dags/dag_tomorrowio.py
[2026-06-30T13:26:41.394+0000] {processor.py:840} INFO - DAG(s) 'tomorrowio_bronze_to_silver' retrieved from /opt/airflow/dags/dag_tomorrowio.py
[2026-06-30T13:26:41.408+0000] {logging_mixin.py:188} INFO - [2026-06-30T13:26:41.408+0000] {dag.py:3096} INFO - Sync 1 DAGs
[2026-06-30T13:26:41.418+0000] {logging_mixin.py:188} INFO - [2026-06-30T13:26:41.418+0000] {dag.py:3954} INFO - Setting next_dagrun for tomorrowio_bronze_to_silver to 2026-06-30 13:00:00+00:00, run_after=2026-06-30 14:00:00+00:00
[2026-06-30T13:26:41.428+0000] {processor.py:183} INFO - Processing /opt/airflow/dags/dag_tomorrowio.py took 0.178 seconds
[2026-06-30T13:27:12.057+0000] {processor.py:161} INFO - Started process (PID=4274) to work on /opt/airflow/dags/dag_tomorrowio.py
[2026-06-30T13:27:12.058+0000] {processor.py:830} INFO - Processing file /opt/airflow/dags/dag_tomorrowio.py for tasks to queue
[2026-06-30T13:27:12.060+0000] {logging_mixin.py:188} INFO - [2026-06-30T13:27:12.060+0000] {dagbag.py:545} INFO - Filling up the DagBag from /opt/airflow/dags/dag_tomorrowio.py
[2026-06-30T13:27:12.266+0000] {processor.py:840} INFO - DAG(s) 'tomorrowio_bronze_to_silver' retrieved from /opt/airflow/dags/dag_tomorrowio.py
[2026-06-30T13:27:12.282+0000] {logging_mixin.py:188} INFO - [2026-06-30T13:27:12.282+0000] {dag.py:3096} INFO - Sync 1 DAGs
[2026-06-30T13:27:12.293+0000] {logging_mixin.py:188} INFO - [2026-06-30T13:27:12.293+0000] {dag.py:3954} INFO - Setting next_dagrun for tomorrowio_bronze_to_silver to 2026-06-30 13:00:00+00:00, run_after=2026-06-30 14:00:00+00:00
[2026-06-30T13:27:12.458+0000] {processor.py:183} INFO - Processing /opt/airflow/dags/dag_tomorrowio.py took 0.405 seconds
[2026-06-30T13:27:43.002+0000] {processor.py:161} INFO - Started process (PID=4307) to work on /opt/airflow/dags/dag_tomorrowio.py
[2026-06-30T13:27:43.004+0000] {processor.py:830} INFO - Processing file /opt/airflow/dags/dag_tomorrowio.py for tasks to queue
[2026-06-30T13:27:43.007+0000] {logging_mixin.py:188} INFO - [2026-06-30T13:27:43.006+0000] {dagbag.py:545} INFO - Filling up the DagBag from /opt/airflow/dags/dag_tomorrowio.py
[2026-06-30T13:27:43.267+0000] {processor.py:840} INFO - DAG(s) 'tomorrowio_bronze_to_silver' retrieved from /opt/airflow/dags/dag_tomorrowio.py
[2026-06-30T13:27:43.286+0000] {logging_mixin.py:188} INFO - [2026-06-30T13:27:43.286+0000] {dag.py:3096} INFO - Sync 1 DAGs
[2026-06-30T13:27:43.433+0000] {logging_mixin.py:188} INFO - [2026-06-30T13:27:43.433+0000] {dag.py:3954} INFO - Setting next_dagrun for tomorrowio_bronze_to_silver to 2026-06-30 13:00:00+00:00, run_after=2026-06-30 14:00:00+00:00
[2026-06-30T13:27:43.440+0000] {processor.py:183} INFO - Processing /opt/airflow/dags/dag_tomorrowio.py took 0.445 seconds
[2026-06-30T13:28:14.033+0000] {processor.py:161} INFO - Started process (PID=4340) to work on /opt/airflow/dags/dag_tomorrowio.py
[2026-06-30T13:28:14.034+0000] {processor.py:830} INFO - Processing file /opt/airflow/dags/dag_tomorrowio.py for tasks to queue
[2026-06-30T13:28:14.035+0000] {logging_mixin.py:188} INFO - [2026-06-30T13:28:14.035+0000] {dagbag.py:545} INFO - Filling up the DagBag from /opt/airflow/dags/dag_tomorrowio.py
[2026-06-30T13:28:14.284+0000] {processor.py:840} INFO - DAG(s) 'tomorrowio_bronze_to_silver' retrieved from /opt/airflow/dags/dag_tomorrowio.py
[2026-06-30T13:28:14.307+0000] {logging_mixin.py:188} INFO - [2026-06-30T13:28:14.307+0000] {dag.py:3096} INFO - Sync 1 DAGs
[2026-06-30T13:28:14.475+0000] {logging_mixin.py:188} INFO - [2026-06-30T13:28:14.475+0000] {dag.py:3954} INFO - Setting next_dagrun for tomorrowio_bronze_to_silver to 2026-06-30 13:00:00+00:00, run_after=2026-06-30 14:00:00+00:00
[2026-06-30T13:28:14.484+0000] {processor.py:183} INFO - Processing /opt/airflow/dags/dag_tomorrowio.py took 0.457 seconds
[2026-06-30T13:28:45.122+0000] {processor.py:161} INFO - Started process (PID=4373) to work on /opt/airflow/dags/dag_tomorrowio.py
[2026-06-30T13:28:45.123+0000] {processor.py:830} INFO - Processing file /opt/airflow/dags/dag_tomorrowio.py for tasks to queue
[2026-06-30T13:28:45.124+0000] {logging_mixin.py:188} INFO - [2026-06-30T13:28:45.124+0000] {dagbag.py:545} INFO - Filling up the DagBag from /opt/airflow/dags/dag_tomorrowio.py
[2026-06-30T13:28:45.358+0000] {processor.py:840} INFO - DAG(s) 'tomorrowio_bronze_to_silver' retrieved from /opt/airflow/dags/dag_tomorrowio.py
[2026-06-30T13:28:45.525+0000] {logging_mixin.py:188} INFO - [2026-06-30T13:28:45.525+0000] {dag.py:3096} INFO - Sync 1 DAGs
[2026-06-30T13:28:45.536+0000] {logging_mixin.py:188} INFO - [2026-06-30T13:28:45.536+0000] {dag.py:3954} INFO - Setting next_dagrun for tomorrowio_bronze_to_silver to 2026-06-30 13:00:00+00:00, run_after=2026-06-30 14:00:00+00:00
[2026-06-30T13:28:45.543+0000] {processor.py:183} INFO - Processing /opt/airflow/dags/dag_tomorrowio.py took 0.427 seconds
[2026-06-30T13:29:16.056+0000] {processor.py:161} INFO - Started process (PID=4406) to work on /opt/airflow/dags/dag_tomorrowio.py
[2026-06-30T13:29:16.059+0000] {processor.py:830} INFO - Processing file /opt/airflow/dags/dag_tomorrowio.py for tasks to queue
[2026-06-30T13:29:16.061+0000] {logging_mixin.py:188} INFO - [2026-06-30T13:29:16.061+0000] {dagbag.py:545} INFO - Filling up the DagBag from /opt/airflow/dags/dag_tomorrowio.py
[2026-06-30T13:29:16.281+0000] {processor.py:840} INFO - DAG(s) 'tomorrowio_bronze_to_silver' retrieved from /opt/airflow/dags/dag_tomorrowio.py
[2026-06-30T13:29:16.299+0000] {logging_mixin.py:188} INFO - [2026-06-30T13:29:16.299+0000] {dag.py:3096} INFO - Sync 1 DAGs
[2026-06-30T13:29:16.309+0000] {logging_mixin.py:188} INFO - [2026-06-30T13:29:16.309+0000] {dag.py:3954} INFO - Setting next_dagrun for tomorrowio_bronze_to_silver to 2026-06-30 13:00:00+00:00, run_after=2026-06-30 14:00:00+00:00
[2026-06-30T13:29:16.318+0000] {processor.py:183} INFO - Processing /opt/airflow/dags/dag_tomorrowio.py took 0.271 seconds
[2026-06-30T13:29:46.933+0000] {processor.py:161} INFO - Started process (PID=4439) to work on /opt/airflow/dags/dag_tomorrowio.py
[2026-06-30T13:29:46.935+0000] {processor.py:830} INFO - Processing file /opt/airflow/dags/dag_tomorrowio.py for tasks to queue
[2026-06-30T13:29:46.937+0000] {logging_mixin.py:188} INFO - [2026-06-30T13:29:46.937+0000] {dagbag.py:545} INFO - Filling up the DagBag from /opt/airflow/dags/dag_tomorrowio.py
[2026-06-30T13:29:47.145+0000] {processor.py:840} INFO - DAG(s) 'tomorrowio_bronze_to_silver' retrieved from /opt/airflow/dags/dag_tomorrowio.py
[2026-06-30T13:29:47.165+0000] {logging_mixin.py:188} INFO - [2026-06-30T13:29:47.165+0000] {dag.py:3096} INFO - Sync 1 DAGs
[2026-06-30T13:29:47.181+0000] {logging_mixin.py:188} INFO - [2026-06-30T13:29:47.181+0000] {dag.py:3954} INFO - Setting next_dagrun for tomorrowio_bronze_to_silver to 2026-06-30 13:00:00+00:00, run_after=2026-06-30 14:00:00+00:00
[2026-06-30T13:29:47.193+0000] {processor.py:183} INFO - Processing /opt/airflow/dags/dag_tomorrowio.py took 0.269 seconds
[2026-06-30T13:30:17.868+0000] {processor.py:161} INFO - Started process (PID=4472) to work on /opt/airflow/dags/dag_tomorrowio.py
[2026-06-30T13:30:17.869+0000] {processor.py:830} INFO - Processing file /opt/airflow/dags/dag_tomorrowio.py for tasks to queue
[2026-06-30T13:30:17.871+0000] {logging_mixin.py:188} INFO - [2026-06-30T13:30:17.870+0000] {dagbag.py:545} INFO - Filling up the DagBag from /opt/airflow/dags/dag_tomorrowio.py
[2026-06-30T13:30:18.086+0000] {processor.py:840} INFO - DAG(s) 'tomorrowio_bronze_to_silver' retrieved from /opt/airflow/dags/dag_tomorrowio.py
[2026-06-30T13:30:18.099+0000] {logging_mixin.py:188} INFO - [2026-06-30T13:30:18.099+0000] {dag.py:3096} INFO - Sync 1 DAGs
[2026-06-30T13:30:18.235+0000] {logging_mixin.py:188} INFO - [2026-06-30T13:30:18.235+0000] {dag.py:3954} INFO - Setting next_dagrun for tomorrowio_bronze_to_silver to 2026-06-30 13:00:00+00:00, run_after=2026-06-30 14:00:00+00:00
[2026-06-30T13:30:18.242+0000] {processor.py:183} INFO - Processing /opt/airflow/dags/dag_tomorrowio.py took 0.382 seconds
[2026-06-30T13:30:48.857+0000] {processor.py:161} INFO - Started process (PID=4505) to work on /opt/airflow/dags/dag_tomorrowio.py
[2026-06-30T13:30:48.862+0000] {processor.py:830} INFO - Processing file /opt/airflow/dags/dag_tomorrowio.py for tasks to queue
[2026-06-30T13:30:48.863+0000] {logging_mixin.py:188} INFO - [2026-06-30T13:30:48.863+0000] {dagbag.py:545} INFO - Filling up the DagBag from /opt/airflow/dags/dag_tomorrowio.py
[2026-06-30T13:30:49.062+0000] {processor.py:840} INFO - DAG(s) 'tomorrowio_bronze_to_silver' retrieved from /opt/airflow/dags/dag_tomorrowio.py
[2026-06-30T13:30:49.083+0000] {logging_mixin.py:188} INFO - [2026-06-30T13:30:49.083+0000] {dag.py:3096} INFO - Sync 1 DAGs
[2026-06-30T13:30:49.264+0000] {logging_mixin.py:188} INFO - [2026-06-30T13:30:49.263+0000] {dag.py:3954} INFO - Setting next_dagrun for tomorrowio_bronze_to_silver to 2026-06-30 13:00:00+00:00, run_after=2026-06-30 14:00:00+00:00
[2026-06-30T13:30:49.273+0000] {processor.py:183} INFO - Processing /opt/airflow/dags/dag_tomorrowio.py took 0.424 seconds
[2026-06-30T13:31:19.773+0000] {processor.py:161} INFO - Started process (PID=4538) to work on /opt/airflow/dags/dag_tomorrowio.py
[2026-06-30T13:31:19.775+0000] {processor.py:830} INFO - Processing file /opt/airflow/dags/dag_tomorrowio.py for tasks to queue
[2026-06-30T13:31:19.776+0000] {logging_mixin.py:188} INFO - [2026-06-30T13:31:19.776+0000] {dagbag.py:545} INFO - Filling up the DagBag from /opt/airflow/dags/dag_tomorrowio.py
[2026-06-30T13:31:19.976+0000] {processor.py:840} INFO - DAG(s) 'tomorrowio_bronze_to_silver' retrieved from /opt/airflow/dags/dag_tomorrowio.py
[2026-06-30T13:31:20.125+0000] {logging_mixin.py:188} INFO - [2026-06-30T13:31:20.125+0000] {dag.py:3096} INFO - Sync 1 DAGs
[2026-06-30T13:31:20.136+0000] {logging_mixin.py:188} INFO - [2026-06-30T13:31:20.136+0000] {dag.py:3954} INFO - Setting next_dagrun for tomorrowio_bronze_to_silver to 2026-06-30 13:00:00+00:00, run_after=2026-06-30 14:00:00+00:00
[2026-06-30T13:31:20.144+0000] {processor.py:183} INFO - Processing /opt/airflow/dags/dag_tomorrowio.py took 0.377 seconds
[2026-06-30T13:31:50.604+0000] {processor.py:161} INFO - Started process (PID=4571) to work on /opt/airflow/dags/dag_tomorrowio.py
[2026-06-30T13:31:50.605+0000] {processor.py:830} INFO - Processing file /opt/airflow/dags/dag_tomorrowio.py for tasks to queue
[2026-06-30T13:31:50.606+0000] {logging_mixin.py:188} INFO - [2026-06-30T13:31:50.606+0000] {dagbag.py:545} INFO - Filling up the DagBag from /opt/airflow/dags/dag_tomorrowio.py
[2026-06-30T13:31:50.760+0000] {processor.py:840} INFO - DAG(s) 'tomorrowio_bronze_to_silver' retrieved from /opt/airflow/dags/dag_tomorrowio.py
[2026-06-30T13:31:50.772+0000] {logging_mixin.py:188} INFO - [2026-06-30T13:31:50.772+0000] {dag.py:3096} INFO - Sync 1 DAGs
[2026-06-30T13:31:50.784+0000] {logging_mixin.py:188} INFO - [2026-06-30T13:31:50.783+0000] {dag.py:3954} INFO - Setting next_dagrun for tomorrowio_bronze_to_silver to 2026-06-30 13:00:00+00:00, run_after=2026-06-30 14:00:00+00:00
[2026-06-30T13:31:50.792+0000] {processor.py:183} INFO - Processing /opt/airflow/dags/dag_tomorrowio.py took 0.195 seconds
[2026-06-30T13:32:21.410+0000] {processor.py:161} INFO - Started process (PID=4604) to work on /opt/airflow/dags/dag_tomorrowio.py
[2026-06-30T13:32:21.411+0000] {processor.py:830} INFO - Processing file /opt/airflow/dags/dag_tomorrowio.py for tasks to queue
[2026-06-30T13:32:21.413+0000] {logging_mixin.py:188} INFO - [2026-06-30T13:32:21.413+0000] {dagbag.py:545} INFO - Filling up the DagBag from /opt/airflow/dags/dag_tomorrowio.py
[2026-06-30T13:32:21.678+0000] {processor.py:840} INFO - DAG(s) 'tomorrowio_bronze_to_silver' retrieved from /opt/airflow/dags/dag_tomorrowio.py
[2026-06-30T13:32:21.694+0000] {logging_mixin.py:188} INFO - [2026-06-30T13:32:21.694+0000] {dag.py:3096} INFO - Sync 1 DAGs
[2026-06-30T13:32:21.707+0000] {logging_mixin.py:188} INFO - [2026-06-30T13:32:21.707+0000] {dag.py:3954} INFO - Setting next_dagrun for tomorrowio_bronze_to_silver to 2026-06-30 13:00:00+00:00, run_after=2026-06-30 14:00:00+00:00
[2026-06-30T13:32:21.715+0000] {processor.py:183} INFO - Processing /opt/airflow/dags/dag_tomorrowio.py took 0.312 seconds
[2026-06-30T13:32:52.393+0000] {processor.py:161} INFO - Started process (PID=4637) to work on /opt/airflow/dags/dag_tomorrowio.py
[2026-06-30T13:32:52.396+0000] {processor.py:830} INFO - Processing file /opt/airflow/dags/dag_tomorrowio.py for tasks to queue
[2026-06-30T13:32:52.400+0000] {logging_mixin.py:188} INFO - [2026-06-30T13:32:52.399+0000] {dagbag.py:545} INFO - Filling up the DagBag from /opt/airflow/dags/dag_tomorrowio.py
[2026-06-30T13:32:52.812+0000] {processor.py:840} INFO - DAG(s) 'tomorrowio_bronze_to_silver' retrieved from /opt/airflow/dags/dag_tomorrowio.py
[2026-06-30T13:32:52.844+0000] {logging_mixin.py:188} INFO - [2026-06-30T13:32:52.844+0000] {dag.py:3096} INFO - Sync 1 DAGs
[2026-06-30T13:32:53.002+0000] {logging_mixin.py:188} INFO - [2026-06-30T13:32:53.002+0000] {dag.py:3954} INFO - Setting next_dagrun for tomorrowio_bronze_to_silver to 2026-06-30 13:00:00+00:00, run_after=2026-06-30 14:00:00+00:00
[2026-06-30T13:32:53.014+0000] {processor.py:183} INFO - Processing /opt/airflow/dags/dag_tomorrowio.py took 0.634 seconds
[2026-06-30T13:33:23.577+0000] {processor.py:161} INFO - Started process (PID=4670) to work on /opt/airflow/dags/dag_tomorrowio.py
[2026-06-30T13:33:23.577+0000] {processor.py:830} INFO - Processing file /opt/airflow/dags/dag_tomorrowio.py for tasks to queue
[2026-06-30T13:33:23.578+0000] {logging_mixin.py:188} INFO - [2026-06-30T13:33:23.578+0000] {dagbag.py:545} INFO - Filling up the DagBag from /opt/airflow/dags/dag_tomorrowio.py
[2026-06-30T13:33:23.820+0000] {processor.py:840} INFO - DAG(s) 'tomorrowio_bronze_to_silver' retrieved from /opt/airflow/dags/dag_tomorrowio.py
[2026-06-30T13:33:23.837+0000] {logging_mixin.py:188} INFO - [2026-06-30T13:33:23.837+0000] {dag.py:3096} INFO - Sync 1 DAGs
[2026-06-30T13:33:23.998+0000] {logging_mixin.py:188} INFO - [2026-06-30T13:33:23.998+0000] {dag.py:3954} INFO - Setting next_dagrun for tomorrowio_bronze_to_silver to 2026-06-30 13:00:00+00:00, run_after=2026-06-30 14:00:00+00:00
[2026-06-30T13:33:24.006+0000] {processor.py:183} INFO - Processing /opt/airflow/dags/dag_tomorrowio.py took 0.434 seconds
[2026-06-30T13:33:54.738+0000] {processor.py:161} INFO - Started process (PID=4703) to work on /opt/airflow/dags/dag_tomorrowio.py
[2026-06-30T13:33:54.743+0000] {processor.py:830} INFO - Processing file /opt/airflow/dags/dag_tomorrowio.py for tasks to queue
[2026-06-30T13:33:54.749+0000] {logging_mixin.py:188} INFO - [2026-06-30T13:33:54.749+0000] {dagbag.py:545} INFO - Filling up the DagBag from /opt/airflow/dags/dag_tomorrowio.py
[2026-06-30T13:33:55.101+0000] {processor.py:840} INFO - DAG(s) 'tomorrowio_bronze_to_silver' retrieved from /opt/airflow/dags/dag_tomorrowio.py
[2026-06-30T13:33:55.330+0000] {logging_mixin.py:188} INFO - [2026-06-30T13:33:55.330+0000] {dag.py:3096} INFO - Sync 1 DAGs
[2026-06-30T13:33:55.341+0000] {logging_mixin.py:188} INFO - [2026-06-30T13:33:55.341+0000] {dag.py:3954} INFO - Setting next_dagrun for tomorrowio_bronze_to_silver to 2026-06-30 13:00:00+00:00, run_after=2026-06-30 14:00:00+00:00
[2026-06-30T13:33:55.349+0000] {processor.py:183} INFO - Processing /opt/airflow/dags/dag_tomorrowio.py took 0.645 seconds
[2026-06-30T13:34:25.999+0000] {processor.py:161} INFO - Started process (PID=4736) to work on /opt/airflow/dags/dag_tomorrowio.py
[2026-06-30T13:34:26.001+0000] {processor.py:830} INFO - Processing file /opt/airflow/dags/dag_tomorrowio.py for tasks to queue
[2026-06-30T13:34:26.003+0000] {logging_mixin.py:188} INFO - [2026-06-30T13:34:26.002+0000] {dagbag.py:545} INFO - Filling up the DagBag from /opt/airflow/dags/dag_tomorrowio.py
[2026-06-30T13:34:26.229+0000] {processor.py:840} INFO - DAG(s) 'tomorrowio_bronze_to_silver' retrieved from /opt/airflow/dags/dag_tomorrowio.py
[2026-06-30T13:34:26.386+0000] {logging_mixin.py:188} INFO - [2026-06-30T13:34:26.386+0000] {dag.py:3096} INFO - Sync 1 DAGs
[2026-06-30T13:34:26.394+0000] {logging_mixin.py:188} INFO - [2026-06-30T13:34:26.394+0000] {dag.py:3954} INFO - Setting next_dagrun for tomorrowio_bronze_to_silver to 2026-06-30 13:00:00+00:00, run_after=2026-06-30 14:00:00+00:00
[2026-06-30T13:34:26.403+0000] {processor.py:183} INFO - Processing /opt/airflow/dags/dag_tomorrowio.py took 0.411 seconds
[2026-06-30T13:34:56.918+0000] {processor.py:161} INFO - Started process (PID=4769) to work on /opt/airflow/dags/dag_tomorrowio.py
[2026-06-30T13:34:56.919+0000] {processor.py:830} INFO - Processing file /opt/airflow/dags/dag_tomorrowio.py for tasks to queue
[2026-06-30T13:34:56.922+0000] {logging_mixin.py:188} INFO - [2026-06-30T13:34:56.921+0000] {dagbag.py:545} INFO - Filling up the DagBag from /opt/airflow/dags/dag_tomorrowio.py
[2026-06-30T13:34:57.135+0000] {processor.py:840} INFO - DAG(s) 'tomorrowio_bronze_to_silver' retrieved from /opt/airflow/dags/dag_tomorrowio.py
[2026-06-30T13:34:57.153+0000] {logging_mixin.py:188} INFO - [2026-06-30T13:34:57.153+0000] {dag.py:3096} INFO - Sync 1 DAGs
[2026-06-30T13:34:57.172+0000] {logging_mixin.py:188} INFO - [2026-06-30T13:34:57.172+0000] {dag.py:3954} INFO - Setting next_dagrun for tomorrowio_bronze_to_silver to 2026-06-30 13:00:00+00:00, run_after=2026-06-30 14:00:00+00:00
[2026-06-30T13:34:57.181+0000] {processor.py:183} INFO - Processing /opt/airflow/dags/dag_tomorrowio.py took 0.270 seconds
[2026-06-30T13:35:27.747+0000] {processor.py:161} INFO - Started process (PID=4802) to work on /opt/airflow/dags/dag_tomorrowio.py
[2026-06-30T13:35:27.749+0000] {processor.py:830} INFO - Processing file /opt/airflow/dags/dag_tomorrowio.py for tasks to queue
[2026-06-30T13:35:27.751+0000] {logging_mixin.py:188} INFO - [2026-06-30T13:35:27.751+0000] {dagbag.py:545} INFO - Filling up the DagBag from /opt/airflow/dags/dag_tomorrowio.py
[2026-06-30T13:35:27.990+0000] {processor.py:840} INFO - DAG(s) 'tomorrowio_bronze_to_silver' retrieved from /opt/airflow/dags/dag_tomorrowio.py
[2026-06-30T13:35:28.006+0000] {logging_mixin.py:188} INFO - [2026-06-30T13:35:28.006+0000] {dag.py:3096} INFO - Sync 1 DAGs
[2026-06-30T13:35:28.019+0000] {logging_mixin.py:188} INFO - [2026-06-30T13:35:28.019+0000] {dag.py:3954} INFO - Setting next_dagrun for tomorrowio_bronze_to_silver to 2026-06-30 13:00:00+00:00, run_after=2026-06-30 14:00:00+00:00
[2026-06-30T13:35:28.156+0000] {processor.py:183} INFO - Processing /opt/airflow/dags/dag_tomorrowio.py took 0.419 seconds
[2026-06-30T13:35:58.910+0000] {processor.py:161} INFO - Started process (PID=4835) to work on /opt/airflow/dags/dag_tomorrowio.py
[2026-06-30T13:35:58.913+0000] {processor.py:830} INFO - Processing file /opt/airflow/dags/dag_tomorrowio.py for tasks to queue
[2026-06-30T13:35:58.917+0000] {logging_mixin.py:188} INFO - [2026-06-30T13:35:58.916+0000] {dagbag.py:545} INFO - Filling up the DagBag from /opt/airflow/dags/dag_tomorrowio.py
[2026-06-30T13:35:59.190+0000] {processor.py:840} INFO - DAG(s) 'tomorrowio_bronze_to_silver' retrieved from /opt/airflow/dags/dag_tomorrowio.py
[2026-06-30T13:35:59.216+0000] {logging_mixin.py:188} INFO - [2026-06-30T13:35:59.216+0000] {dag.py:3096} INFO - Sync 1 DAGs
[2026-06-30T13:35:59.350+0000] {logging_mixin.py:188} INFO - [2026-06-30T13:35:59.350+0000] {dag.py:3954} INFO - Setting next_dagrun for tomorrowio_bronze_to_silver to 2026-06-30 13:00:00+00:00, run_after=2026-06-30 14:00:00+00:00
[2026-06-30T13:35:59.361+0000] {processor.py:183} INFO - Processing /opt/airflow/dags/dag_tomorrowio.py took 0.463 seconds
[2026-06-30T13:36:29.991+0000] {processor.py:161} INFO - Started process (PID=4868) to work on /opt/airflow/dags/dag_tomorrowio.py
[2026-06-30T13:36:29.992+0000] {processor.py:830} INFO - Processing file /opt/airflow/dags/dag_tomorrowio.py for tasks to queue
[2026-06-30T13:36:29.994+0000] {logging_mixin.py:188} INFO - [2026-06-30T13:36:29.994+0000] {dagbag.py:545} INFO - Filling up the DagBag from /opt/airflow/dags/dag_tomorrowio.py
[2026-06-30T13:36:30.259+0000] {processor.py:840} INFO - DAG(s) 'tomorrowio_bronze_to_silver' retrieved from /opt/airflow/dags/dag_tomorrowio.py
[2026-06-30T13:36:30.282+0000] {logging_mixin.py:188} INFO - [2026-06-30T13:36:30.282+0000] {dag.py:3096} INFO - Sync 1 DAGs
[2026-06-30T13:36:30.437+0000] {logging_mixin.py:188} INFO - [2026-06-30T13:36:30.437+0000] {dag.py:3954} INFO - Setting next_dagrun for tomorrowio_bronze_to_silver to 2026-06-30 13:00:00+00:00, run_after=2026-06-30 14:00:00+00:00
[2026-06-30T13:36:30.445+0000] {processor.py:183} INFO - Processing /opt/airflow/dags/dag_tomorrowio.py took 0.464 seconds
[2026-06-30T13:37:01.068+0000] {processor.py:161} INFO - Started process (PID=4901) to work on /opt/airflow/dags/dag_tomorrowio.py
[2026-06-30T13:37:01.070+0000] {processor.py:830} INFO - Processing file /opt/airflow/dags/dag_tomorrowio.py for tasks to queue
[2026-06-30T13:37:01.072+0000] {logging_mixin.py:188} INFO - [2026-06-30T13:37:01.072+0000] {dagbag.py:545} INFO - Filling up the DagBag from /opt/airflow/dags/dag_tomorrowio.py
[2026-06-30T13:37:01.352+0000] {processor.py:840} INFO - DAG(s) 'tomorrowio_bronze_to_silver' retrieved from /opt/airflow/dags/dag_tomorrowio.py
[2026-06-30T13:37:01.519+0000] {logging_mixin.py:188} INFO - [2026-06-30T13:37:01.519+0000] {dag.py:3096} INFO - Sync 1 DAGs
[2026-06-30T13:37:01.534+0000] {logging_mixin.py:188} INFO - [2026-06-30T13:37:01.534+0000] {dag.py:3954} INFO - Setting next_dagrun for tomorrowio_bronze_to_silver to 2026-06-30 13:00:00+00:00, run_after=2026-06-30 14:00:00+00:00
[2026-06-30T13:37:01.544+0000] {processor.py:183} INFO - Processing /opt/airflow/dags/dag_tomorrowio.py took 0.483 seconds
[2026-06-30T13:37:32.181+0000] {processor.py:161} INFO - Started process (PID=4934) to work on /opt/airflow/dags/dag_tomorrowio.py
[2026-06-30T13:37:32.182+0000] {processor.py:830} INFO - Processing file /opt/airflow/dags/dag_tomorrowio.py for tasks to queue
[2026-06-30T13:37:32.184+0000] {logging_mixin.py:188} INFO - [2026-06-30T13:37:32.183+0000] {dagbag.py:545} INFO - Filling up the DagBag from /opt/airflow/dags/dag_tomorrowio.py
[2026-06-30T13:37:32.436+0000] {processor.py:840} INFO - DAG(s) 'tomorrowio_bronze_to_silver' retrieved from /opt/airflow/dags/dag_tomorrowio.py
[2026-06-30T13:37:32.456+0000] {logging_mixin.py:188} INFO - [2026-06-30T13:37:32.456+0000] {dag.py:3096} INFO - Sync 1 DAGs
[2026-06-30T13:37:32.477+0000] {logging_mixin.py:188} INFO - [2026-06-30T13:37:32.476+0000] {dag.py:3954} INFO - Setting next_dagrun for tomorrowio_bronze_to_silver to 2026-06-30 13:00:00+00:00, run_after=2026-06-30 14:00:00+00:00
[2026-06-30T13:37:32.490+0000] {processor.py:183} INFO - Processing /opt/airflow/dags/dag_tomorrowio.py took 0.315 seconds
[2026-06-30T13:38:03.072+0000] {processor.py:161} INFO - Started process (PID=4967) to work on /opt/airflow/dags/dag_tomorrowio.py
[2026-06-30T13:38:03.073+0000] {processor.py:830} INFO - Processing file /opt/airflow/dags/dag_tomorrowio.py for tasks to queue
[2026-06-30T13:38:03.075+0000] {logging_mixin.py:188} INFO - [2026-06-30T13:38:03.074+0000] {dagbag.py:545} INFO - Filling up the DagBag from /opt/airflow/dags/dag_tomorrowio.py
[2026-06-30T13:38:03.366+0000] {processor.py:840} INFO - DAG(s) 'tomorrowio_bronze_to_silver' retrieved from /opt/airflow/dags/dag_tomorrowio.py
[2026-06-30T13:38:03.386+0000] {logging_mixin.py:188} INFO - [2026-06-30T13:38:03.386+0000] {dag.py:3096} INFO - Sync 1 DAGs
[2026-06-30T13:38:03.398+0000] {logging_mixin.py:188} INFO - [2026-06-30T13:38:03.398+0000] {dag.py:3954} INFO - Setting next_dagrun for tomorrowio_bronze_to_silver to 2026-06-30 13:00:00+00:00, run_after=2026-06-30 14:00:00+00:00
[2026-06-30T13:38:03.409+0000] {processor.py:183} INFO - Processing /opt/airflow/dags/dag_tomorrowio.py took 0.343 seconds
[2026-06-30T13:38:34.038+0000] {processor.py:161} INFO - Started process (PID=5000) to work on /opt/airflow/dags/dag_tomorrowio.py
[2026-06-30T13:38:34.038+0000] {processor.py:830} INFO - Processing file /opt/airflow/dags/dag_tomorrowio.py for tasks to queue
[2026-06-30T13:38:34.040+0000] {logging_mixin.py:188} INFO - [2026-06-30T13:38:34.040+0000] {dagbag.py:545} INFO - Filling up the DagBag from /opt/airflow/dags/dag_tomorrowio.py
[2026-06-30T13:38:34.227+0000] {processor.py:840} INFO - DAG(s) 'tomorrowio_bronze_to_silver' retrieved from /opt/airflow/dags/dag_tomorrowio.py
[2026-06-30T13:38:34.241+0000] {logging_mixin.py:188} INFO - [2026-06-30T13:38:34.241+0000] {dag.py:3096} INFO - Sync 1 DAGs
[2026-06-30T13:38:34.347+0000] {logging_mixin.py:188} INFO - [2026-06-30T13:38:34.347+0000] {dag.py:3954} INFO - Setting next_dagrun for tomorrowio_bronze_to_silver to 2026-06-30 13:00:00+00:00, run_after=2026-06-30 14:00:00+00:00
[2026-06-30T13:38:34.354+0000] {processor.py:183} INFO - Processing /opt/airflow/dags/dag_tomorrowio.py took 0.322 seconds
[2026-06-30T13:39:04.988+0000] {processor.py:161} INFO - Started process (PID=5033) to work on /opt/airflow/dags/dag_tomorrowio.py
[2026-06-30T13:39:04.989+0000] {processor.py:830} INFO - Processing file /opt/airflow/dags/dag_tomorrowio.py for tasks to queue
[2026-06-30T13:39:04.990+0000] {logging_mixin.py:188} INFO - [2026-06-30T13:39:04.990+0000] {dagbag.py:545} INFO - Filling up the DagBag from /opt/airflow/dags/dag_tomorrowio.py
[2026-06-30T13:39:05.322+0000] {processor.py:840} INFO - DAG(s) 'tomorrowio_bronze_to_silver' retrieved from /opt/airflow/dags/dag_tomorrowio.py
[2026-06-30T13:39:05.340+0000] {logging_mixin.py:188} INFO - [2026-06-30T13:39:05.339+0000] {dag.py:3096} INFO - Sync 1 DAGs
[2026-06-30T13:39:05.495+0000] {logging_mixin.py:188} INFO - [2026-06-30T13:39:05.495+0000] {dag.py:3954} INFO - Setting next_dagrun for tomorrowio_bronze_to_silver to 2026-06-30 13:00:00+00:00, run_after=2026-06-30 14:00:00+00:00
[2026-06-30T13:39:05.503+0000] {processor.py:183} INFO - Processing /opt/airflow/dags/dag_tomorrowio.py took 0.522 seconds
[2026-06-30T13:39:36.138+0000] {processor.py:161} INFO - Started process (PID=5066) to work on /opt/airflow/dags/dag_tomorrowio.py
[2026-06-30T13:39:36.139+0000] {processor.py:830} INFO - Processing file /opt/airflow/dags/dag_tomorrowio.py for tasks to queue
[2026-06-30T13:39:36.140+0000] {logging_mixin.py:188} INFO - [2026-06-30T13:39:36.140+0000] {dagbag.py:545} INFO - Filling up the DagBag from /opt/airflow/dags/dag_tomorrowio.py
[2026-06-30T13:39:36.309+0000] {processor.py:840} INFO - DAG(s) 'tomorrowio_bronze_to_silver' retrieved from /opt/airflow/dags/dag_tomorrowio.py
[2026-06-30T13:39:36.411+0000] {logging_mixin.py:188} INFO - [2026-06-30T13:39:36.411+0000] {dag.py:3096} INFO - Sync 1 DAGs
[2026-06-30T13:39:36.419+0000] {logging_mixin.py:188} INFO - [2026-06-30T13:39:36.419+0000] {dag.py:3954} INFO - Setting next_dagrun for tomorrowio_bronze_to_silver to 2026-06-30 13:00:00+00:00, run_after=2026-06-30 14:00:00+00:00
[2026-06-30T13:39:36.426+0000] {processor.py:183} INFO - Processing /opt/airflow/dags/dag_tomorrowio.py took 0.292 seconds
[2026-06-30T13:40:06.950+0000] {processor.py:161} INFO - Started process (PID=5099) to work on /opt/airflow/dags/dag_tomorrowio.py
[2026-06-30T13:40:06.952+0000] {processor.py:830} INFO - Processing file /opt/airflow/dags/dag_tomorrowio.py for tasks to queue
[2026-06-30T13:40:06.954+0000] {logging_mixin.py:188} INFO - [2026-06-30T13:40:06.953+0000] {dagbag.py:545} INFO - Filling up the DagBag from /opt/airflow/dags/dag_tomorrowio.py
[2026-06-30T13:40:07.178+0000] {processor.py:840} INFO - DAG(s) 'tomorrowio_bronze_to_silver' retrieved from /opt/airflow/dags/dag_tomorrowio.py
[2026-06-30T13:40:07.194+0000] {logging_mixin.py:188} INFO - [2026-06-30T13:40:07.194+0000] {dag.py:3096} INFO - Sync 1 DAGs
[2026-06-30T13:40:07.205+0000] {logging_mixin.py:188} INFO - [2026-06-30T13:40:07.205+0000] {dag.py:3954} INFO - Setting next_dagrun for tomorrowio_bronze_to_silver to 2026-06-30 13:00:00+00:00, run_after=2026-06-30 14:00:00+00:00
[2026-06-30T13:40:07.215+0000] {processor.py:183} INFO - Processing /opt/airflow/dags/dag_tomorrowio.py took 0.274 seconds
[2026-06-30T13:40:37.790+0000] {processor.py:161} INFO - Started process (PID=5132) to work on /opt/airflow/dags/dag_tomorrowio.py
[2026-06-30T13:40:37.791+0000] {processor.py:830} INFO - Processing file /opt/airflow/dags/dag_tomorrowio.py for tasks to queue
[2026-06-30T13:40:37.792+0000] {logging_mixin.py:188} INFO - [2026-06-30T13:40:37.792+0000] {dagbag.py:545} INFO - Filling up the DagBag from /opt/airflow/dags/dag_tomorrowio.py
[2026-06-30T13:40:37.961+0000] {processor.py:840} INFO - DAG(s) 'tomorrowio_bronze_to_silver' retrieved from /opt/airflow/dags/dag_tomorrowio.py
[2026-06-30T13:40:37.974+0000] {logging_mixin.py:188} INFO - [2026-06-30T13:40:37.974+0000] {dag.py:3096} INFO - Sync 1 DAGs
[2026-06-30T13:40:37.986+0000] {logging_mixin.py:188} INFO - [2026-06-30T13:40:37.986+0000] {dag.py:3954} INFO - Setting next_dagrun for tomorrowio_bronze_to_silver to 2026-06-30 13:00:00+00:00, run_after=2026-06-30 14:00:00+00:00
[2026-06-30T13:40:37.996+0000] {processor.py:183} INFO - Processing /opt/airflow/dags/dag_tomorrowio.py took 0.212 seconds
[2026-06-30T13:41:08.584+0000] {processor.py:161} INFO - Started process (PID=5165) to work on /opt/airflow/dags/dag_tomorrowio.py
[2026-06-30T13:41:08.585+0000] {processor.py:830} INFO - Processing file /opt/airflow/dags/dag_tomorrowio.py for tasks to queue
[2026-06-30T13:41:08.587+0000] {logging_mixin.py:188} INFO - [2026-06-30T13:41:08.587+0000] {dagbag.py:545} INFO - Filling up the DagBag from /opt/airflow/dags/dag_tomorrowio.py
[2026-06-30T13:41:08.833+0000] {processor.py:840} INFO - DAG(s) 'tomorrowio_bronze_to_silver' retrieved from /opt/airflow/dags/dag_tomorrowio.py
[2026-06-30T13:41:08.848+0000] {logging_mixin.py:188} INFO - [2026-06-30T13:41:08.848+0000] {dag.py:3096} INFO - Sync 1 DAGs
[2026-06-30T13:41:09.036+0000] {logging_mixin.py:188} INFO - [2026-06-30T13:41:09.036+0000] {dag.py:3954} INFO - Setting next_dagrun for tomorrowio_bronze_to_silver to 2026-06-30 13:00:00+00:00, run_after=2026-06-30 14:00:00+00:00
[2026-06-30T13:41:09.044+0000] {processor.py:183} INFO - Processing /opt/airflow/dags/dag_tomorrowio.py took 0.468 seconds
[2026-06-30T13:41:39.547+0000] {processor.py:161} INFO - Started process (PID=5198) to work on /opt/airflow/dags/dag_tomorrowio.py
[2026-06-30T13:41:39.548+0000] {processor.py:830} INFO - Processing file /opt/airflow/dags/dag_tomorrowio.py for tasks to queue
[2026-06-30T13:41:39.550+0000] {logging_mixin.py:188} INFO - [2026-06-30T13:41:39.549+0000] {dagbag.py:545} INFO - Filling up the DagBag from /opt/airflow/dags/dag_tomorrowio.py
[2026-06-30T13:41:39.718+0000] {processor.py:840} INFO - DAG(s) 'tomorrowio_bronze_to_silver' retrieved from /opt/airflow/dags/dag_tomorrowio.py
[2026-06-30T13:41:39.732+0000] {logging_mixin.py:188} INFO - [2026-06-30T13:41:39.732+0000] {dag.py:3096} INFO - Sync 1 DAGs
[2026-06-30T13:41:39.860+0000] {logging_mixin.py:188} INFO - [2026-06-30T13:41:39.860+0000] {dag.py:3954} INFO - Setting next_dagrun for tomorrowio_bronze_to_silver to 2026-06-30 13:00:00+00:00, run_after=2026-06-30 14:00:00+00:00
[2026-06-30T13:41:39.873+0000] {processor.py:183} INFO - Processing /opt/airflow/dags/dag_tomorrowio.py took 0.333 seconds
[2026-06-30T13:42:10.441+0000] {processor.py:161} INFO - Started process (PID=5231) to work on /opt/airflow/dags/dag_tomorrowio.py
[2026-06-30T13:42:10.443+0000] {processor.py:830} INFO - Processing file /opt/airflow/dags/dag_tomorrowio.py for tasks to queue
[2026-06-30T13:42:10.444+0000] {logging_mixin.py:188} INFO - [2026-06-30T13:42:10.444+0000] {dagbag.py:545} INFO - Filling up the DagBag from /opt/airflow/dags/dag_tomorrowio.py
[2026-06-30T13:42:10.664+0000] {processor.py:840} INFO - DAG(s) 'tomorrowio_bronze_to_silver' retrieved from /opt/airflow/dags/dag_tomorrowio.py
[2026-06-30T13:42:10.814+0000] {logging_mixin.py:188} INFO - [2026-06-30T13:42:10.814+0000] {dag.py:3096} INFO - Sync 1 DAGs
[2026-06-30T13:42:10.823+0000] {logging_mixin.py:188} INFO - [2026-06-30T13:42:10.823+0000] {dag.py:3954} INFO - Setting next_dagrun for tomorrowio_bronze_to_silver to 2026-06-30 13:00:00+00:00, run_after=2026-06-30 14:00:00+00:00
[2026-06-30T13:42:10.833+0000] {processor.py:183} INFO - Processing /opt/airflow/dags/dag_tomorrowio.py took 0.401 seconds
[2026-06-30T13:42:41.384+0000] {processor.py:161} INFO - Started process (PID=5264) to work on /opt/airflow/dags/dag_tomorrowio.py
[2026-06-30T13:42:41.386+0000] {processor.py:830} INFO - Processing file /opt/airflow/dags/dag_tomorrowio.py for tasks to queue
[2026-06-30T13:42:41.387+0000] {logging_mixin.py:188} INFO - [2026-06-30T13:42:41.387+0000] {dagbag.py:545} INFO - Filling up the DagBag from /opt/airflow/dags/dag_tomorrowio.py
[2026-06-30T13:42:41.681+0000] {processor.py:840} INFO - DAG(s) 'tomorrowio_bronze_to_silver' retrieved from /opt/airflow/dags/dag_tomorrowio.py
[2026-06-30T13:42:41.692+0000] {logging_mixin.py:188} INFO - [2026-06-30T13:42:41.692+0000] {dag.py:3096} INFO - Sync 1 DAGs
[2026-06-30T13:42:41.701+0000] {logging_mixin.py:188} INFO - [2026-06-30T13:42:41.700+0000] {dag.py:3954} INFO - Setting next_dagrun for tomorrowio_bronze_to_silver to 2026-06-30 13:00:00+00:00, run_after=2026-06-30 14:00:00+00:00
[2026-06-30T13:42:41.708+0000] {processor.py:183} INFO - Processing /opt/airflow/dags/dag_tomorrowio.py took 0.330 seconds
[2026-06-30T13:43:12.306+0000] {processor.py:161} INFO - Started process (PID=5297) to work on /opt/airflow/dags/dag_tomorrowio.py
[2026-06-30T13:43:12.308+0000] {processor.py:830} INFO - Processing file /opt/airflow/dags/dag_tomorrowio.py for tasks to queue
[2026-06-30T13:43:12.311+0000] {logging_mixin.py:188} INFO - [2026-06-30T13:43:12.310+0000] {dagbag.py:545} INFO - Filling up the DagBag from /opt/airflow/dags/dag_tomorrowio.py
[2026-06-30T13:43:12.492+0000] {processor.py:840} INFO - DAG(s) 'tomorrowio_bronze_to_silver' retrieved from /opt/airflow/dags/dag_tomorrowio.py
[2026-06-30T13:43:12.504+0000] {logging_mixin.py:188} INFO - [2026-06-30T13:43:12.504+0000] {dag.py:3096} INFO - Sync 1 DAGs
[2026-06-30T13:43:12.518+0000] {logging_mixin.py:188} INFO - [2026-06-30T13:43:12.518+0000] {dag.py:3954} INFO - Setting next_dagrun for tomorrowio_bronze_to_silver to 2026-06-30 13:00:00+00:00, run_after=2026-06-30 14:00:00+00:00
[2026-06-30T13:43:12.529+0000] {processor.py:183} INFO - Processing /opt/airflow/dags/dag_tomorrowio.py took 0.230 seconds
[2026-06-30T13:43:43.148+0000] {processor.py:161} INFO - Started process (PID=5330) to work on /opt/airflow/dags/dag_tomorrowio.py
[2026-06-30T13:43:43.149+0000] {processor.py:830} INFO - Processing file /opt/airflow/dags/dag_tomorrowio.py for tasks to queue
[2026-06-30T13:43:43.151+0000] {logging_mixin.py:188} INFO - [2026-06-30T13:43:43.150+0000] {dagbag.py:545} INFO - Filling up the DagBag from /opt/airflow/dags/dag_tomorrowio.py
[2026-06-30T13:43:43.396+0000] {processor.py:840} INFO - DAG(s) 'tomorrowio_bronze_to_silver' retrieved from /opt/airflow/dags/dag_tomorrowio.py
[2026-06-30T13:43:43.413+0000] {logging_mixin.py:188} INFO - [2026-06-30T13:43:43.413+0000] {dag.py:3096} INFO - Sync 1 DAGs
[2026-06-30T13:43:43.571+0000] {logging_mixin.py:188} INFO - [2026-06-30T13:43:43.570+0000] {dag.py:3954} INFO - Setting next_dagrun for tomorrowio_bronze_to_silver to 2026-06-30 13:00:00+00:00, run_after=2026-06-30 14:00:00+00:00
[2026-06-30T13:43:43.578+0000] {processor.py:183} INFO - Processing /opt/airflow/dags/dag_tomorrowio.py took 0.436 seconds
[2026-06-30T13:44:14.179+0000] {processor.py:161} INFO - Started process (PID=5363) to work on /opt/airflow/dags/dag_tomorrowio.py
[2026-06-30T13:44:14.181+0000] {processor.py:830} INFO - Processing file /opt/airflow/dags/dag_tomorrowio.py for tasks to queue
[2026-06-30T13:44:14.182+0000] {logging_mixin.py:188} INFO - [2026-06-30T13:44:14.182+0000] {dagbag.py:545} INFO - Filling up the DagBag from /opt/airflow/dags/dag_tomorrowio.py
[2026-06-30T13:44:14.417+0000] {processor.py:840} INFO - DAG(s) 'tomorrowio_bronze_to_silver' retrieved from /opt/airflow/dags/dag_tomorrowio.py
[2026-06-30T13:44:14.429+0000] {logging_mixin.py:188} INFO - [2026-06-30T13:44:14.429+0000] {dag.py:3096} INFO - Sync 1 DAGs
[2026-06-30T13:44:14.583+0000] {logging_mixin.py:188} INFO - [2026-06-30T13:44:14.583+0000] {dag.py:3954} INFO - Setting next_dagrun for tomorrowio_bronze_to_silver to 2026-06-30 13:00:00+00:00, run_after=2026-06-30 14:00:00+00:00
[2026-06-30T13:44:14.594+0000] {processor.py:183} INFO - Processing /opt/airflow/dags/dag_tomorrowio.py took 0.420 seconds
[2026-06-30T13:44:45.075+0000] {processor.py:161} INFO - Started process (PID=5396) to work on /opt/airflow/dags/dag_tomorrowio.py
[2026-06-30T13:44:45.076+0000] {processor.py:830} INFO - Processing file /opt/airflow/dags/dag_tomorrowio.py for tasks to queue
[2026-06-30T13:44:45.079+0000] {logging_mixin.py:188} INFO - [2026-06-30T13:44:45.079+0000] {dagbag.py:545} INFO - Filling up the DagBag from /opt/airflow/dags/dag_tomorrowio.py
[2026-06-30T13:44:45.224+0000] {processor.py:840} INFO - DAG(s) 'tomorrowio_bronze_to_silver' retrieved from /opt/airflow/dags/dag_tomorrowio.py
[2026-06-30T13:44:45.305+0000] {logging_mixin.py:188} INFO - [2026-06-30T13:44:45.305+0000] {dag.py:3096} INFO - Sync 1 DAGs
[2026-06-30T13:44:45.312+0000] {logging_mixin.py:188} INFO - [2026-06-30T13:44:45.312+0000] {dag.py:3954} INFO - Setting next_dagrun for tomorrowio_bronze_to_silver to 2026-06-30 13:00:00+00:00, run_after=2026-06-30 14:00:00+00:00
[2026-06-30T13:44:45.319+0000] {processor.py:183} INFO - Processing /opt/airflow/dags/dag_tomorrowio.py took 0.252 seconds
[2026-06-30T13:45:15.867+0000] {processor.py:161} INFO - Started process (PID=5429) to work on /opt/airflow/dags/dag_tomorrowio.py
[2026-06-30T13:45:15.868+0000] {processor.py:830} INFO - Processing file /opt/airflow/dags/dag_tomorrowio.py for tasks to queue
[2026-06-30T13:45:15.869+0000] {logging_mixin.py:188} INFO - [2026-06-30T13:45:15.869+0000] {dagbag.py:545} INFO - Filling up the DagBag from /opt/airflow/dags/dag_tomorrowio.py
[2026-06-30T13:45:16.140+0000] {processor.py:840} INFO - DAG(s) 'tomorrowio_bronze_to_silver' retrieved from /opt/airflow/dags/dag_tomorrowio.py
[2026-06-30T13:45:16.154+0000] {logging_mixin.py:188} INFO - [2026-06-30T13:45:16.154+0000] {dag.py:3096} INFO - Sync 1 DAGs
[2026-06-30T13:45:16.163+0000] {logging_mixin.py:188} INFO - [2026-06-30T13:45:16.163+0000] {dag.py:3954} INFO - Setting next_dagrun for tomorrowio_bronze_to_silver to 2026-06-30 13:00:00+00:00, run_after=2026-06-30 14:00:00+00:00
[2026-06-30T13:45:16.170+0000] {processor.py:183} INFO - Processing /opt/airflow/dags/dag_tomorrowio.py took 0.308 seconds
[2026-06-30T13:45:46.736+0000] {processor.py:161} INFO - Started process (PID=5462) to work on /opt/airflow/dags/dag_tomorrowio.py
[2026-06-30T13:45:46.739+0000] {processor.py:830} INFO - Processing file /opt/airflow/dags/dag_tomorrowio.py for tasks to queue
[2026-06-30T13:45:46.748+0000] {logging_mixin.py:188} INFO - [2026-06-30T13:45:46.747+0000] {dagbag.py:545} INFO - Filling up the DagBag from /opt/airflow/dags/dag_tomorrowio.py
[2026-06-30T13:45:46.965+0000] {processor.py:840} INFO - DAG(s) 'tomorrowio_bronze_to_silver' retrieved from /opt/airflow/dags/dag_tomorrowio.py
[2026-06-30T13:45:46.983+0000] {logging_mixin.py:188} INFO - [2026-06-30T13:45:46.983+0000] {dag.py:3096} INFO - Sync 1 DAGs
[2026-06-30T13:45:47.001+0000] {logging_mixin.py:188} INFO - [2026-06-30T13:45:47.001+0000] {dag.py:3954} INFO - Setting next_dagrun for tomorrowio_bronze_to_silver to 2026-06-30 13:00:00+00:00, run_after=2026-06-30 14:00:00+00:00
[2026-06-30T13:45:47.012+0000] {processor.py:183} INFO - Processing /opt/airflow/dags/dag_tomorrowio.py took 0.289 seconds
[2026-06-30T13:46:17.631+0000] {processor.py:161} INFO - Started process (PID=5495) to work on /opt/airflow/dags/dag_tomorrowio.py
[2026-06-30T13:46:17.632+0000] {processor.py:830} INFO - Processing file /opt/airflow/dags/dag_tomorrowio.py for tasks to queue
[2026-06-30T13:46:17.633+0000] {logging_mixin.py:188} INFO - [2026-06-30T13:46:17.633+0000] {dagbag.py:545} INFO - Filling up the DagBag from /opt/airflow/dags/dag_tomorrowio.py
[2026-06-30T13:46:17.825+0000] {processor.py:840} INFO - DAG(s) 'tomorrowio_bronze_to_silver' retrieved from /opt/airflow/dags/dag_tomorrowio.py
[2026-06-30T13:46:17.841+0000] {logging_mixin.py:188} INFO - [2026-06-30T13:46:17.841+0000] {dag.py:3096} INFO - Sync 1 DAGs
[2026-06-30T13:46:17.860+0000] {logging_mixin.py:188} INFO - [2026-06-30T13:46:17.860+0000] {dag.py:3954} INFO - Setting next_dagrun for tomorrowio_bronze_to_silver to 2026-06-30 13:00:00+00:00, run_after=2026-06-30 14:00:00+00:00
[2026-06-30T13:46:18.022+0000] {processor.py:183} INFO - Processing /opt/airflow/dags/dag_tomorrowio.py took 0.396 seconds
[2026-06-30T13:46:48.544+0000] {processor.py:161} INFO - Started process (PID=5528) to work on /opt/airflow/dags/dag_tomorrowio.py
[2026-06-30T13:46:48.545+0000] {processor.py:830} INFO - Processing file /opt/airflow/dags/dag_tomorrowio.py for tasks to queue
[2026-06-30T13:46:48.547+0000] {logging_mixin.py:188} INFO - [2026-06-30T13:46:48.546+0000] {dagbag.py:545} INFO - Filling up the DagBag from /opt/airflow/dags/dag_tomorrowio.py
[2026-06-30T13:46:48.693+0000] {processor.py:840} INFO - DAG(s) 'tomorrowio_bronze_to_silver' retrieved from /opt/airflow/dags/dag_tomorrowio.py
[2026-06-30T13:46:48.706+0000] {logging_mixin.py:188} INFO - [2026-06-30T13:46:48.706+0000] {dag.py:3096} INFO - Sync 1 DAGs
[2026-06-30T13:46:48.779+0000] {logging_mixin.py:188} INFO - [2026-06-30T13:46:48.778+0000] {dag.py:3954} INFO - Setting next_dagrun for tomorrowio_bronze_to_silver to 2026-06-30 13:00:00+00:00, run_after=2026-06-30 14:00:00+00:00
[2026-06-30T13:46:48.788+0000] {processor.py:183} INFO - Processing /opt/airflow/dags/dag_tomorrowio.py took 0.250 seconds
[2026-06-30T13:47:19.300+0000] {processor.py:161} INFO - Started process (PID=5561) to work on /opt/airflow/dags/dag_tomorrowio.py
[2026-06-30T13:47:19.302+0000] {processor.py:830} INFO - Processing file /opt/airflow/dags/dag_tomorrowio.py for tasks to queue
[2026-06-30T13:47:19.303+0000] {logging_mixin.py:188} INFO - [2026-06-30T13:47:19.303+0000] {dagbag.py:545} INFO - Filling up the DagBag from /opt/airflow/dags/dag_tomorrowio.py
[2026-06-30T13:47:19.497+0000] {processor.py:840} INFO - DAG(s) 'tomorrowio_bronze_to_silver' retrieved from /opt/airflow/dags/dag_tomorrowio.py
[2026-06-30T13:47:19.632+0000] {logging_mixin.py:188} INFO - [2026-06-30T13:47:19.631+0000] {dag.py:3096} INFO - Sync 1 DAGs
[2026-06-30T13:47:19.643+0000] {logging_mixin.py:188} INFO - [2026-06-30T13:47:19.643+0000] {dag.py:3954} INFO - Setting next_dagrun for tomorrowio_bronze_to_silver to 2026-06-30 13:00:00+00:00, run_after=2026-06-30 14:00:00+00:00
[2026-06-30T13:47:19.651+0000] {processor.py:183} INFO - Processing /opt/airflow/dags/dag_tomorrowio.py took 0.362 seconds
[2026-06-30T13:47:50.088+0000] {processor.py:161} INFO - Started process (PID=5594) to work on /opt/airflow/dags/dag_tomorrowio.py
[2026-06-30T13:47:50.089+0000] {processor.py:830} INFO - Processing file /opt/airflow/dags/dag_tomorrowio.py for tasks to queue
[2026-06-30T13:47:50.091+0000] {logging_mixin.py:188} INFO - [2026-06-30T13:47:50.090+0000] {dagbag.py:545} INFO - Filling up the DagBag from /opt/airflow/dags/dag_tomorrowio.py
[2026-06-30T13:47:50.236+0000] {processor.py:840} INFO - DAG(s) 'tomorrowio_bronze_to_silver' retrieved from /opt/airflow/dags/dag_tomorrowio.py
[2026-06-30T13:47:50.314+0000] {logging_mixin.py:188} INFO - [2026-06-30T13:47:50.314+0000] {dag.py:3096} INFO - Sync 1 DAGs
[2026-06-30T13:47:50.321+0000] {logging_mixin.py:188} INFO - [2026-06-30T13:47:50.321+0000] {dag.py:3954} INFO - Setting next_dagrun for tomorrowio_bronze_to_silver to 2026-06-30 13:00:00+00:00, run_after=2026-06-30 14:00:00+00:00
[2026-06-30T13:47:50.327+0000] {processor.py:183} INFO - Processing /opt/airflow/dags/dag_tomorrowio.py took 0.246 seconds
[2026-06-30T13:48:20.843+0000] {processor.py:161} INFO - Started process (PID=5627) to work on /opt/airflow/dags/dag_tomorrowio.py
[2026-06-30T13:48:20.844+0000] {processor.py:830} INFO - Processing file /opt/airflow/dags/dag_tomorrowio.py for tasks to queue
[2026-06-30T13:48:20.846+0000] {logging_mixin.py:188} INFO - [2026-06-30T13:48:20.846+0000] {dagbag.py:545} INFO - Filling up the DagBag from /opt/airflow/dags/dag_tomorrowio.py
[2026-06-30T13:48:21.212+0000] {processor.py:840} INFO - DAG(s) 'tomorrowio_bronze_to_silver' retrieved from /opt/airflow/dags/dag_tomorrowio.py
[2026-06-30T13:48:21.222+0000] {logging_mixin.py:188} INFO - [2026-06-30T13:48:21.222+0000] {dag.py:3096} INFO - Sync 1 DAGs
[2026-06-30T13:48:21.234+0000] {logging_mixin.py:188} INFO - [2026-06-30T13:48:21.234+0000] {dag.py:3954} INFO - Setting next_dagrun for tomorrowio_bronze_to_silver to 2026-06-30 13:00:00+00:00, run_after=2026-06-30 14:00:00+00:00
[2026-06-30T13:48:21.241+0000] {processor.py:183} INFO - Processing /opt/airflow/dags/dag_tomorrowio.py took 0.403 seconds
[2026-06-30T13:48:51.847+0000] {processor.py:161} INFO - Started process (PID=5660) to work on /opt/airflow/dags/dag_tomorrowio.py
[2026-06-30T13:48:51.850+0000] {processor.py:830} INFO - Processing file /opt/airflow/dags/dag_tomorrowio.py for tasks to queue
[2026-06-30T13:48:51.858+0000] {logging_mixin.py:188} INFO - [2026-06-30T13:48:51.858+0000] {dagbag.py:545} INFO - Filling up the DagBag from /opt/airflow/dags/dag_tomorrowio.py
[2026-06-30T13:48:52.192+0000] {processor.py:840} INFO - DAG(s) 'tomorrowio_bronze_to_silver' retrieved from /opt/airflow/dags/dag_tomorrowio.py
[2026-06-30T13:48:52.223+0000] {logging_mixin.py:188} INFO - [2026-06-30T13:48:52.223+0000] {dag.py:3096} INFO - Sync 1 DAGs
[2026-06-30T13:48:52.248+0000] {logging_mixin.py:188} INFO - [2026-06-30T13:48:52.247+0000] {dag.py:3954} INFO - Setting next_dagrun for tomorrowio_bronze_to_silver to 2026-06-30 13:00:00+00:00, run_after=2026-06-30 14:00:00+00:00
[2026-06-30T13:48:52.257+0000] {processor.py:183} INFO - Processing /opt/airflow/dags/dag_tomorrowio.py took 0.435 seconds
[2026-06-30T13:49:22.890+0000] {processor.py:161} INFO - Started process (PID=5693) to work on /opt/airflow/dags/dag_tomorrowio.py
[2026-06-30T13:49:22.891+0000] {processor.py:830} INFO - Processing file /opt/airflow/dags/dag_tomorrowio.py for tasks to queue
[2026-06-30T13:49:22.892+0000] {logging_mixin.py:188} INFO - [2026-06-30T13:49:22.891+0000] {dagbag.py:545} INFO - Filling up the DagBag from /opt/airflow/dags/dag_tomorrowio.py
[2026-06-30T13:49:23.058+0000] {processor.py:840} INFO - DAG(s) 'tomorrowio_bronze_to_silver' retrieved from /opt/airflow/dags/dag_tomorrowio.py
[2026-06-30T13:49:23.075+0000] {logging_mixin.py:188} INFO - [2026-06-30T13:49:23.074+0000] {dag.py:3096} INFO - Sync 1 DAGs
[2026-06-30T13:49:23.177+0000] {logging_mixin.py:188} INFO - [2026-06-30T13:49:23.176+0000] {dag.py:3954} INFO - Setting next_dagrun for tomorrowio_bronze_to_silver to 2026-06-30 13:00:00+00:00, run_after=2026-06-30 14:00:00+00:00
[2026-06-30T13:49:23.183+0000] {processor.py:183} INFO - Processing /opt/airflow/dags/dag_tomorrowio.py took 0.297 seconds
[2026-06-30T13:49:53.793+0000] {processor.py:161} INFO - Started process (PID=5726) to work on /opt/airflow/dags/dag_tomorrowio.py
[2026-06-30T13:49:53.795+0000] {processor.py:830} INFO - Processing file /opt/airflow/dags/dag_tomorrowio.py for tasks to queue
[2026-06-30T13:49:53.799+0000] {logging_mixin.py:188} INFO - [2026-06-30T13:49:53.797+0000] {dagbag.py:545} INFO - Filling up the DagBag from /opt/airflow/dags/dag_tomorrowio.py
[2026-06-30T13:49:54.036+0000] {processor.py:840} INFO - DAG(s) 'tomorrowio_bronze_to_silver' retrieved from /opt/airflow/dags/dag_tomorrowio.py
[2026-06-30T13:49:54.061+0000] {logging_mixin.py:188} INFO - [2026-06-30T13:49:54.061+0000] {dag.py:3096} INFO - Sync 1 DAGs
[2026-06-30T13:49:54.185+0000] {logging_mixin.py:188} INFO - [2026-06-30T13:49:54.185+0000] {dag.py:3954} INFO - Setting next_dagrun for tomorrowio_bronze_to_silver to 2026-06-30 13:00:00+00:00, run_after=2026-06-30 14:00:00+00:00
[2026-06-30T13:49:54.192+0000] {processor.py:183} INFO - Processing /opt/airflow/dags/dag_tomorrowio.py took 0.418 seconds
[2026-06-30T13:50:24.779+0000] {processor.py:161} INFO - Started process (PID=5759) to work on /opt/airflow/dags/dag_tomorrowio.py
[2026-06-30T13:50:24.780+0000] {processor.py:830} INFO - Processing file /opt/airflow/dags/dag_tomorrowio.py for tasks to queue
[2026-06-30T13:50:24.781+0000] {logging_mixin.py:188} INFO - [2026-06-30T13:50:24.780+0000] {dagbag.py:545} INFO - Filling up the DagBag from /opt/airflow/dags/dag_tomorrowio.py
[2026-06-30T13:50:24.990+0000] {processor.py:840} INFO - DAG(s) 'tomorrowio_bronze_to_silver' retrieved from /opt/airflow/dags/dag_tomorrowio.py
[2026-06-30T13:50:25.146+0000] {logging_mixin.py:188} INFO - [2026-06-30T13:50:25.146+0000] {dag.py:3096} INFO - Sync 1 DAGs
[2026-06-30T13:50:25.157+0000] {logging_mixin.py:188} INFO - [2026-06-30T13:50:25.157+0000] {dag.py:3954} INFO - Setting next_dagrun for tomorrowio_bronze_to_silver to 2026-06-30 13:00:00+00:00, run_after=2026-06-30 14:00:00+00:00
[2026-06-30T13:50:25.163+0000] {processor.py:183} INFO - Processing /opt/airflow/dags/dag_tomorrowio.py took 0.390 seconds
[2026-06-30T13:50:55.691+0000] {processor.py:161} INFO - Started process (PID=5792) to work on /opt/airflow/dags/dag_tomorrowio.py
[2026-06-30T13:50:55.692+0000] {processor.py:830} INFO - Processing file /opt/airflow/dags/dag_tomorrowio.py for tasks to queue
[2026-06-30T13:50:55.694+0000] {logging_mixin.py:188} INFO - [2026-06-30T13:50:55.694+0000] {dagbag.py:545} INFO - Filling up the DagBag from /opt/airflow/dags/dag_tomorrowio.py
[2026-06-30T13:50:56.048+0000] {processor.py:840} INFO - DAG(s) 'tomorrowio_bronze_to_silver' retrieved from /opt/airflow/dags/dag_tomorrowio.py
[2026-06-30T13:50:56.061+0000] {logging_mixin.py:188} INFO - [2026-06-30T13:50:56.061+0000] {dag.py:3096} INFO - Sync 1 DAGs
[2026-06-30T13:50:56.069+0000] {logging_mixin.py:188} INFO - [2026-06-30T13:50:56.069+0000] {dag.py:3954} INFO - Setting next_dagrun for tomorrowio_bronze_to_silver to 2026-06-30 13:00:00+00:00, run_after=2026-06-30 14:00:00+00:00
[2026-06-30T13:50:56.075+0000] {processor.py:183} INFO - Processing /opt/airflow/dags/dag_tomorrowio.py took 0.398 seconds
[2026-06-30T13:51:26.706+0000] {processor.py:161} INFO - Started process (PID=5825) to work on /opt/airflow/dags/dag_tomorrowio.py
[2026-06-30T13:51:26.707+0000] {processor.py:830} INFO - Processing file /opt/airflow/dags/dag_tomorrowio.py for tasks to queue
[2026-06-30T13:51:26.708+0000] {logging_mixin.py:188} INFO - [2026-06-30T13:51:26.708+0000] {dagbag.py:545} INFO - Filling up the DagBag from /opt/airflow/dags/dag_tomorrowio.py
[2026-06-30T13:51:26.881+0000] {processor.py:840} INFO - DAG(s) 'tomorrowio_bronze_to_silver' retrieved from /opt/airflow/dags/dag_tomorrowio.py
[2026-06-30T13:51:26.892+0000] {logging_mixin.py:188} INFO - [2026-06-30T13:51:26.891+0000] {dag.py:3096} INFO - Sync 1 DAGs
[2026-06-30T13:51:26.904+0000] {logging_mixin.py:188} INFO - [2026-06-30T13:51:26.904+0000] {dag.py:3954} INFO - Setting next_dagrun for tomorrowio_bronze_to_silver to 2026-06-30 13:00:00+00:00, run_after=2026-06-30 14:00:00+00:00
[2026-06-30T13:51:26.912+0000] {processor.py:183} INFO - Processing /opt/airflow/dags/dag_tomorrowio.py took 0.211 seconds
[2026-06-30T13:51:57.703+0000] {processor.py:161} INFO - Started process (PID=5858) to work on /opt/airflow/dags/dag_tomorrowio.py
[2026-06-30T13:51:57.706+0000] {processor.py:830} INFO - Processing file /opt/airflow/dags/dag_tomorrowio.py for tasks to queue
[2026-06-30T13:51:57.708+0000] {logging_mixin.py:188} INFO - [2026-06-30T13:51:57.707+0000] {dagbag.py:545} INFO - Filling up the DagBag from /opt/airflow/dags/dag_tomorrowio.py
[2026-06-30T13:51:57.927+0000] {processor.py:840} INFO - DAG(s) 'tomorrowio_bronze_to_silver' retrieved from /opt/airflow/dags/dag_tomorrowio.py
[2026-06-30T13:51:57.944+0000] {logging_mixin.py:188} INFO - [2026-06-30T13:51:57.943+0000] {dag.py:3096} INFO - Sync 1 DAGs
[2026-06-30T13:51:58.075+0000] {logging_mixin.py:188} INFO - [2026-06-30T13:51:58.075+0000] {dag.py:3954} INFO - Setting next_dagrun for tomorrowio_bronze_to_silver to 2026-06-30 13:00:00+00:00, run_after=2026-06-30 14:00:00+00:00
[2026-06-30T13:51:58.084+0000] {processor.py:183} INFO - Processing /opt/airflow/dags/dag_tomorrowio.py took 0.396 seconds
[2026-06-30T13:52:28.761+0000] {processor.py:161} INFO - Started process (PID=5891) to work on /opt/airflow/dags/dag_tomorrowio.py
[2026-06-30T13:52:28.762+0000] {processor.py:830} INFO - Processing file /opt/airflow/dags/dag_tomorrowio.py for tasks to queue
[2026-06-30T13:52:28.765+0000] {logging_mixin.py:188} INFO - [2026-06-30T13:52:28.765+0000] {dagbag.py:545} INFO - Filling up the DagBag from /opt/airflow/dags/dag_tomorrowio.py
[2026-06-30T13:52:28.988+0000] {processor.py:840} INFO - DAG(s) 'tomorrowio_bronze_to_silver' retrieved from /opt/airflow/dags/dag_tomorrowio.py
[2026-06-30T13:52:29.010+0000] {logging_mixin.py:188} INFO - [2026-06-30T13:52:29.010+0000] {dag.py:3096} INFO - Sync 1 DAGs
[2026-06-30T13:52:29.131+0000] {logging_mixin.py:188} INFO - [2026-06-30T13:52:29.131+0000] {dag.py:3954} INFO - Setting next_dagrun for tomorrowio_bronze_to_silver to 2026-06-30 13:00:00+00:00, run_after=2026-06-30 14:00:00+00:00
[2026-06-30T13:52:29.138+0000] {processor.py:183} INFO - Processing /opt/airflow/dags/dag_tomorrowio.py took 0.382 seconds
[2026-06-30T13:52:59.689+0000] {processor.py:161} INFO - Started process (PID=5924) to work on /opt/airflow/dags/dag_tomorrowio.py
[2026-06-30T13:52:59.690+0000] {processor.py:830} INFO - Processing file /opt/airflow/dags/dag_tomorrowio.py for tasks to queue
[2026-06-30T13:52:59.692+0000] {logging_mixin.py:188} INFO - [2026-06-30T13:52:59.691+0000] {dagbag.py:545} INFO - Filling up the DagBag from /opt/airflow/dags/dag_tomorrowio.py
[2026-06-30T13:52:59.903+0000] {processor.py:840} INFO - DAG(s) 'tomorrowio_bronze_to_silver' retrieved from /opt/airflow/dags/dag_tomorrowio.py
[2026-06-30T13:53:00.058+0000] {logging_mixin.py:188} INFO - [2026-06-30T13:53:00.058+0000] {dag.py:3096} INFO - Sync 1 DAGs
[2026-06-30T13:53:00.069+0000] {logging_mixin.py:188} INFO - [2026-06-30T13:53:00.069+0000] {dag.py:3954} INFO - Setting next_dagrun for tomorrowio_bronze_to_silver to 2026-06-30 13:00:00+00:00, run_after=2026-06-30 14:00:00+00:00
[2026-06-30T13:53:00.076+0000] {processor.py:183} INFO - Processing /opt/airflow/dags/dag_tomorrowio.py took 0.397 seconds
[2026-06-30T13:53:30.750+0000] {processor.py:161} INFO - Started process (PID=5957) to work on /opt/airflow/dags/dag_tomorrowio.py
[2026-06-30T13:53:30.750+0000] {processor.py:830} INFO - Processing file /opt/airflow/dags/dag_tomorrowio.py for tasks to queue
[2026-06-30T13:53:30.753+0000] {logging_mixin.py:188} INFO - [2026-06-30T13:53:30.752+0000] {dagbag.py:545} INFO - Filling up the DagBag from /opt/airflow/dags/dag_tomorrowio.py
[2026-06-30T13:53:31.029+0000] {processor.py:840} INFO - DAG(s) 'tomorrowio_bronze_to_silver' retrieved from /opt/airflow/dags/dag_tomorrowio.py
[2026-06-30T13:53:31.038+0000] {logging_mixin.py:188} INFO - [2026-06-30T13:53:31.038+0000] {dag.py:3096} INFO - Sync 1 DAGs
[2026-06-30T13:53:31.045+0000] {logging_mixin.py:188} INFO - [2026-06-30T13:53:31.045+0000] {dag.py:3954} INFO - Setting next_dagrun for tomorrowio_bronze_to_silver to 2026-06-30 13:00:00+00:00, run_after=2026-06-30 14:00:00+00:00
[2026-06-30T13:53:31.051+0000] {processor.py:183} INFO - Processing /opt/airflow/dags/dag_tomorrowio.py took 0.312 seconds
[2026-06-30T13:54:01.786+0000] {processor.py:161} INFO - Started process (PID=5990) to work on /opt/airflow/dags/dag_tomorrowio.py
[2026-06-30T13:54:01.789+0000] {processor.py:830} INFO - Processing file /opt/airflow/dags/dag_tomorrowio.py for tasks to queue
[2026-06-30T13:54:01.798+0000] {logging_mixin.py:188} INFO - [2026-06-30T13:54:01.795+0000] {dagbag.py:545} INFO - Filling up the DagBag from /opt/airflow/dags/dag_tomorrowio.py
[2026-06-30T13:54:02.282+0000] {processor.py:840} INFO - DAG(s) 'tomorrowio_bronze_to_silver' retrieved from /opt/airflow/dags/dag_tomorrowio.py
[2026-06-30T13:54:02.295+0000] {logging_mixin.py:188} INFO - [2026-06-30T13:54:02.295+0000] {dag.py:3096} INFO - Sync 1 DAGs
[2026-06-30T13:54:02.307+0000] {logging_mixin.py:188} INFO - [2026-06-30T13:54:02.307+0000] {dag.py:3954} INFO - Setting next_dagrun for tomorrowio_bronze_to_silver to 2026-06-30 13:00:00+00:00, run_after=2026-06-30 14:00:00+00:00
[2026-06-30T13:54:02.315+0000] {processor.py:183} INFO - Processing /opt/airflow/dags/dag_tomorrowio.py took 0.549 seconds
[2026-06-30T13:54:32.927+0000] {processor.py:161} INFO - Started process (PID=6023) to work on /opt/airflow/dags/dag_tomorrowio.py
[2026-06-30T13:54:32.930+0000] {processor.py:830} INFO - Processing file /opt/airflow/dags/dag_tomorrowio.py for tasks to queue
[2026-06-30T13:54:32.932+0000] {logging_mixin.py:188} INFO - [2026-06-30T13:54:32.932+0000] {dagbag.py:545} INFO - Filling up the DagBag from /opt/airflow/dags/dag_tomorrowio.py
[2026-06-30T13:54:33.196+0000] {processor.py:840} INFO - DAG(s) 'tomorrowio_bronze_to_silver' retrieved from /opt/airflow/dags/dag_tomorrowio.py
[2026-06-30T13:54:33.225+0000] {logging_mixin.py:188} INFO - [2026-06-30T13:54:33.225+0000] {dag.py:3096} INFO - Sync 1 DAGs
[2026-06-30T13:54:33.400+0000] {logging_mixin.py:188} INFO - [2026-06-30T13:54:33.400+0000] {dag.py:3954} INFO - Setting next_dagrun for tomorrowio_bronze_to_silver to 2026-06-30 13:00:00+00:00, run_after=2026-06-30 14:00:00+00:00
[2026-06-30T13:54:33.411+0000] {processor.py:183} INFO - Processing /opt/airflow/dags/dag_tomorrowio.py took 0.491 seconds
[2026-06-30T13:55:04.104+0000] {processor.py:161} INFO - Started process (PID=6056) to work on /opt/airflow/dags/dag_tomorrowio.py
[2026-06-30T13:55:04.109+0000] {processor.py:830} INFO - Processing file /opt/airflow/dags/dag_tomorrowio.py for tasks to queue
[2026-06-30T13:55:04.113+0000] {logging_mixin.py:188} INFO - [2026-06-30T13:55:04.113+0000] {dagbag.py:545} INFO - Filling up the DagBag from /opt/airflow/dags/dag_tomorrowio.py
[2026-06-30T13:55:04.351+0000] {processor.py:840} INFO - DAG(s) 'tomorrowio_bronze_to_silver' retrieved from /opt/airflow/dags/dag_tomorrowio.py
[2026-06-30T13:55:04.374+0000] {logging_mixin.py:188} INFO - [2026-06-30T13:55:04.373+0000] {dag.py:3096} INFO - Sync 1 DAGs
[2026-06-30T13:55:04.526+0000] {logging_mixin.py:188} INFO - [2026-06-30T13:55:04.526+0000] {dag.py:3954} INFO - Setting next_dagrun for tomorrowio_bronze_to_silver to 2026-06-30 13:00:00+00:00, run_after=2026-06-30 14:00:00+00:00
[2026-06-30T13:55:04.533+0000] {processor.py:183} INFO - Processing /opt/airflow/dags/dag_tomorrowio.py took 0.448 seconds
[2026-06-30T13:55:35.097+0000] {processor.py:161} INFO - Started process (PID=6089) to work on /opt/airflow/dags/dag_tomorrowio.py
[2026-06-30T13:55:35.099+0000] {processor.py:830} INFO - Processing file /opt/airflow/dags/dag_tomorrowio.py for tasks to queue
[2026-06-30T13:55:35.101+0000] {logging_mixin.py:188} INFO - [2026-06-30T13:55:35.100+0000] {dagbag.py:545} INFO - Filling up the DagBag from /opt/airflow/dags/dag_tomorrowio.py
[2026-06-30T13:55:35.320+0000] {processor.py:840} INFO - DAG(s) 'tomorrowio_bronze_to_silver' retrieved from /opt/airflow/dags/dag_tomorrowio.py
[2026-06-30T13:55:35.472+0000] {logging_mixin.py:188} INFO - [2026-06-30T13:55:35.472+0000] {dag.py:3096} INFO - Sync 1 DAGs
[2026-06-30T13:55:35.481+0000] {logging_mixin.py:188} INFO - [2026-06-30T13:55:35.481+0000] {dag.py:3954} INFO - Setting next_dagrun for tomorrowio_bronze_to_silver to 2026-06-30 13:00:00+00:00, run_after=2026-06-30 14:00:00+00:00
[2026-06-30T13:55:35.488+0000] {processor.py:183} INFO - Processing /opt/airflow/dags/dag_tomorrowio.py took 0.395 seconds
[2026-06-30T13:56:06.126+0000] {processor.py:161} INFO - Started process (PID=6122) to work on /opt/airflow/dags/dag_tomorrowio.py
[2026-06-30T13:56:06.128+0000] {processor.py:830} INFO - Processing file /opt/airflow/dags/dag_tomorrowio.py for tasks to queue
[2026-06-30T13:56:06.132+0000] {logging_mixin.py:188} INFO - [2026-06-30T13:56:06.131+0000] {dagbag.py:545} INFO - Filling up the DagBag from /opt/airflow/dags/dag_tomorrowio.py
[2026-06-30T13:56:06.423+0000] {processor.py:840} INFO - DAG(s) 'tomorrowio_bronze_to_silver' retrieved from /opt/airflow/dags/dag_tomorrowio.py
[2026-06-30T13:56:06.586+0000] {logging_mixin.py:188} INFO - [2026-06-30T13:56:06.585+0000] {dag.py:3096} INFO - Sync 1 DAGs
[2026-06-30T13:56:06.595+0000] {logging_mixin.py:188} INFO - [2026-06-30T13:56:06.595+0000] {dag.py:3954} INFO - Setting next_dagrun for tomorrowio_bronze_to_silver to 2026-06-30 13:00:00+00:00, run_after=2026-06-30 14:00:00+00:00
[2026-06-30T13:56:06.602+0000] {processor.py:183} INFO - Processing /opt/airflow/dags/dag_tomorrowio.py took 0.490 seconds
[2026-06-30T13:56:37.258+0000] {processor.py:161} INFO - Started process (PID=6155) to work on /opt/airflow/dags/dag_tomorrowio.py
[2026-06-30T13:56:37.260+0000] {processor.py:830} INFO - Processing file /opt/airflow/dags/dag_tomorrowio.py for tasks to queue
[2026-06-30T13:56:37.262+0000] {logging_mixin.py:188} INFO - [2026-06-30T13:56:37.262+0000] {dagbag.py:545} INFO - Filling up the DagBag from /opt/airflow/dags/dag_tomorrowio.py
[2026-06-30T13:56:37.622+0000] {processor.py:840} INFO - DAG(s) 'tomorrowio_bronze_to_silver' retrieved from /opt/airflow/dags/dag_tomorrowio.py
[2026-06-30T13:56:37.673+0000] {logging_mixin.py:188} INFO - [2026-06-30T13:56:37.672+0000] {dag.py:3096} INFO - Sync 1 DAGs
[2026-06-30T13:56:37.684+0000] {logging_mixin.py:188} INFO - [2026-06-30T13:56:37.684+0000] {dag.py:3954} INFO - Setting next_dagrun for tomorrowio_bronze_to_silver to 2026-06-30 13:00:00+00:00, run_after=2026-06-30 14:00:00+00:00
[2026-06-30T13:56:37.691+0000] {processor.py:183} INFO - Processing /opt/airflow/dags/dag_tomorrowio.py took 0.443 seconds
[2026-06-30T13:57:08.257+0000] {processor.py:161} INFO - Started process (PID=6188) to work on /opt/airflow/dags/dag_tomorrowio.py
[2026-06-30T13:57:08.259+0000] {processor.py:830} INFO - Processing file /opt/airflow/dags/dag_tomorrowio.py for tasks to queue
[2026-06-30T13:57:08.261+0000] {logging_mixin.py:188} INFO - [2026-06-30T13:57:08.261+0000] {dagbag.py:545} INFO - Filling up the DagBag from /opt/airflow/dags/dag_tomorrowio.py
[2026-06-30T13:57:08.611+0000] {processor.py:840} INFO - DAG(s) 'tomorrowio_bronze_to_silver' retrieved from /opt/airflow/dags/dag_tomorrowio.py
[2026-06-30T13:57:08.621+0000] {logging_mixin.py:188} INFO - [2026-06-30T13:57:08.620+0000] {dag.py:3096} INFO - Sync 1 DAGs
[2026-06-30T13:57:08.632+0000] {logging_mixin.py:188} INFO - [2026-06-30T13:57:08.632+0000] {dag.py:3954} INFO - Setting next_dagrun for tomorrowio_bronze_to_silver to 2026-06-30 13:00:00+00:00, run_after=2026-06-30 14:00:00+00:00
[2026-06-30T13:57:08.646+0000] {processor.py:183} INFO - Processing /opt/airflow/dags/dag_tomorrowio.py took 0.404 seconds
[2026-06-30T13:57:39.034+0000] {processor.py:161} INFO - Started process (PID=6221) to work on /opt/airflow/dags/dag_tomorrowio.py
[2026-06-30T13:57:39.034+0000] {processor.py:830} INFO - Processing file /opt/airflow/dags/dag_tomorrowio.py for tasks to queue
[2026-06-30T13:57:39.036+0000] {logging_mixin.py:188} INFO - [2026-06-30T13:57:39.035+0000] {dagbag.py:545} INFO - Filling up the DagBag from /opt/airflow/dags/dag_tomorrowio.py
[2026-06-30T13:57:39.172+0000] {processor.py:840} INFO - DAG(s) 'tomorrowio_bronze_to_silver' retrieved from /opt/airflow/dags/dag_tomorrowio.py
[2026-06-30T13:57:39.184+0000] {logging_mixin.py:188} INFO - [2026-06-30T13:57:39.184+0000] {dag.py:3096} INFO - Sync 1 DAGs
[2026-06-30T13:57:39.260+0000] {logging_mixin.py:188} INFO - [2026-06-30T13:57:39.260+0000] {dag.py:3954} INFO - Setting next_dagrun for tomorrowio_bronze_to_silver to 2026-06-30 13:00:00+00:00, run_after=2026-06-30 14:00:00+00:00
[2026-06-30T13:57:39.270+0000] {processor.py:183} INFO - Processing /opt/airflow/dags/dag_tomorrowio.py took 0.242 seconds
[2026-06-30T13:58:09.841+0000] {processor.py:161} INFO - Started process (PID=6254) to work on /opt/airflow/dags/dag_tomorrowio.py
[2026-06-30T13:58:09.844+0000] {processor.py:830} INFO - Processing file /opt/airflow/dags/dag_tomorrowio.py for tasks to queue
[2026-06-30T13:58:09.845+0000] {logging_mixin.py:188} INFO - [2026-06-30T13:58:09.845+0000] {dagbag.py:545} INFO - Filling up the DagBag from /opt/airflow/dags/dag_tomorrowio.py
[2026-06-30T13:58:10.038+0000] {processor.py:840} INFO - DAG(s) 'tomorrowio_bronze_to_silver' retrieved from /opt/airflow/dags/dag_tomorrowio.py
[2026-06-30T13:58:10.051+0000] {logging_mixin.py:188} INFO - [2026-06-30T13:58:10.050+0000] {dag.py:3096} INFO - Sync 1 DAGs
[2026-06-30T13:58:10.176+0000] {logging_mixin.py:188} INFO - [2026-06-30T13:58:10.176+0000] {dag.py:3954} INFO - Setting next_dagrun for tomorrowio_bronze_to_silver to 2026-06-30 13:00:00+00:00, run_after=2026-06-30 14:00:00+00:00
[2026-06-30T13:58:10.182+0000] {processor.py:183} INFO - Processing /opt/airflow/dags/dag_tomorrowio.py took 0.349 seconds
[2026-06-30T13:58:40.657+0000] {processor.py:161} INFO - Started process (PID=6287) to work on /opt/airflow/dags/dag_tomorrowio.py
[2026-06-30T13:58:40.658+0000] {processor.py:830} INFO - Processing file /opt/airflow/dags/dag_tomorrowio.py for tasks to queue
[2026-06-30T13:58:40.660+0000] {logging_mixin.py:188} INFO - [2026-06-30T13:58:40.660+0000] {dagbag.py:545} INFO - Filling up the DagBag from /opt/airflow/dags/dag_tomorrowio.py
[2026-06-30T13:58:40.826+0000] {processor.py:840} INFO - DAG(s) 'tomorrowio_bronze_to_silver' retrieved from /opt/airflow/dags/dag_tomorrowio.py
[2026-06-30T13:58:40.926+0000] {logging_mixin.py:188} INFO - [2026-06-30T13:58:40.926+0000] {dag.py:3096} INFO - Sync 1 DAGs
[2026-06-30T13:58:40.936+0000] {logging_mixin.py:188} INFO - [2026-06-30T13:58:40.936+0000] {dag.py:3954} INFO - Setting next_dagrun for tomorrowio_bronze_to_silver to 2026-06-30 13:00:00+00:00, run_after=2026-06-30 14:00:00+00:00
[2026-06-30T13:58:40.942+0000] {processor.py:183} INFO - Processing /opt/airflow/dags/dag_tomorrowio.py took 0.291 seconds
[2026-06-30T13:59:11.555+0000] {processor.py:161} INFO - Started process (PID=6320) to work on /opt/airflow/dags/dag_tomorrowio.py
[2026-06-30T13:59:11.556+0000] {processor.py:830} INFO - Processing file /opt/airflow/dags/dag_tomorrowio.py for tasks to queue
[2026-06-30T13:59:11.558+0000] {logging_mixin.py:188} INFO - [2026-06-30T13:59:11.557+0000] {dagbag.py:545} INFO - Filling up the DagBag from /opt/airflow/dags/dag_tomorrowio.py
[2026-06-30T13:59:11.862+0000] {processor.py:840} INFO - DAG(s) 'tomorrowio_bronze_to_silver' retrieved from /opt/airflow/dags/dag_tomorrowio.py
[2026-06-30T13:59:11.877+0000] {logging_mixin.py:188} INFO - [2026-06-30T13:59:11.877+0000] {dag.py:3096} INFO - Sync 1 DAGs
[2026-06-30T13:59:11.887+0000] {logging_mixin.py:188} INFO - [2026-06-30T13:59:11.887+0000] {dag.py:3954} INFO - Setting next_dagrun for tomorrowio_bronze_to_silver to 2026-06-30 13:00:00+00:00, run_after=2026-06-30 14:00:00+00:00
[2026-06-30T13:59:11.894+0000] {processor.py:183} INFO - Processing /opt/airflow/dags/dag_tomorrowio.py took 0.346 seconds
[2026-06-30T13:59:42.311+0000] {processor.py:161} INFO - Started process (PID=6353) to work on /opt/airflow/dags/dag_tomorrowio.py
[2026-06-30T13:59:42.312+0000] {processor.py:830} INFO - Processing file /opt/airflow/dags/dag_tomorrowio.py for tasks to queue
[2026-06-30T13:59:42.314+0000] {logging_mixin.py:188} INFO - [2026-06-30T13:59:42.313+0000] {dagbag.py:545} INFO - Filling up the DagBag from /opt/airflow/dags/dag_tomorrowio.py
[2026-06-30T13:59:42.553+0000] {processor.py:840} INFO - DAG(s) 'tomorrowio_bronze_to_silver' retrieved from /opt/airflow/dags/dag_tomorrowio.py
[2026-06-30T13:59:42.561+0000] {logging_mixin.py:188} INFO - [2026-06-30T13:59:42.561+0000] {dag.py:3096} INFO - Sync 1 DAGs
[2026-06-30T13:59:42.568+0000] {logging_mixin.py:188} INFO - [2026-06-30T13:59:42.568+0000] {dag.py:3954} INFO - Setting next_dagrun for tomorrowio_bronze_to_silver to 2026-06-30 13:00:00+00:00, run_after=2026-06-30 14:00:00+00:00
[2026-06-30T13:59:42.574+0000] {processor.py:183} INFO - Processing /opt/airflow/dags/dag_tomorrowio.py took 0.269 seconds
[2026-06-30T14:00:13.120+0000] {processor.py:161} INFO - Started process (PID=6402) to work on /opt/airflow/dags/dag_tomorrowio.py
[2026-06-30T14:00:13.121+0000] {processor.py:830} INFO - Processing file /opt/airflow/dags/dag_tomorrowio.py for tasks to queue
[2026-06-30T14:00:13.123+0000] {logging_mixin.py:188} INFO - [2026-06-30T14:00:13.123+0000] {dagbag.py:545} INFO - Filling up the DagBag from /opt/airflow/dags/dag_tomorrowio.py
[2026-06-30T14:00:13.279+0000] {processor.py:840} INFO - DAG(s) 'tomorrowio_bronze_to_silver' retrieved from /opt/airflow/dags/dag_tomorrowio.py
[2026-06-30T14:00:13.313+0000] {logging_mixin.py:188} INFO - [2026-06-30T14:00:13.313+0000] {dag.py:3096} INFO - Sync 1 DAGs
[2026-06-30T14:00:13.765+0000] {logging_mixin.py:188} INFO - [2026-06-30T14:00:13.765+0000] {dag.py:3954} INFO - Setting next_dagrun for tomorrowio_bronze_to_silver to 2026-06-30 14:00:00+00:00, run_after=2026-06-30 15:00:00+00:00
[2026-06-30T14:00:13.775+0000] {processor.py:183} INFO - Processing /opt/airflow/dags/dag_tomorrowio.py took 0.661 seconds
[2026-06-30T14:00:44.419+0000] {processor.py:161} INFO - Started process (PID=6436) to work on /opt/airflow/dags/dag_tomorrowio.py
[2026-06-30T14:00:44.422+0000] {processor.py:830} INFO - Processing file /opt/airflow/dags/dag_tomorrowio.py for tasks to queue
[2026-06-30T14:00:44.423+0000] {logging_mixin.py:188} INFO - [2026-06-30T14:00:44.423+0000] {dagbag.py:545} INFO - Filling up the DagBag from /opt/airflow/dags/dag_tomorrowio.py
[2026-06-30T14:00:44.662+0000] {processor.py:840} INFO - DAG(s) 'tomorrowio_bronze_to_silver' retrieved from /opt/airflow/dags/dag_tomorrowio.py
[2026-06-30T14:00:44.682+0000] {logging_mixin.py:188} INFO - [2026-06-30T14:00:44.682+0000] {dag.py:3096} INFO - Sync 1 DAGs
[2026-06-30T14:00:44.799+0000] {logging_mixin.py:188} INFO - [2026-06-30T14:00:44.799+0000] {dag.py:3954} INFO - Setting next_dagrun for tomorrowio_bronze_to_silver to 2026-06-30 14:00:00+00:00, run_after=2026-06-30 15:00:00+00:00
[2026-06-30T14:00:44.806+0000] {processor.py:183} INFO - Processing /opt/airflow/dags/dag_tomorrowio.py took 0.397 seconds
[2026-06-30T14:01:15.419+0000] {processor.py:161} INFO - Started process (PID=6469) to work on /opt/airflow/dags/dag_tomorrowio.py
[2026-06-30T14:01:15.422+0000] {processor.py:830} INFO - Processing file /opt/airflow/dags/dag_tomorrowio.py for tasks to queue
[2026-06-30T14:01:15.425+0000] {logging_mixin.py:188} INFO - [2026-06-30T14:01:15.425+0000] {dagbag.py:545} INFO - Filling up the DagBag from /opt/airflow/dags/dag_tomorrowio.py
[2026-06-30T14:01:15.647+0000] {processor.py:840} INFO - DAG(s) 'tomorrowio_bronze_to_silver' retrieved from /opt/airflow/dags/dag_tomorrowio.py
[2026-06-30T14:01:15.790+0000] {logging_mixin.py:188} INFO - [2026-06-30T14:01:15.790+0000] {dag.py:3096} INFO - Sync 1 DAGs
[2026-06-30T14:01:15.798+0000] {logging_mixin.py:188} INFO - [2026-06-30T14:01:15.798+0000] {dag.py:3954} INFO - Setting next_dagrun for tomorrowio_bronze_to_silver to 2026-06-30 14:00:00+00:00, run_after=2026-06-30 15:00:00+00:00
[2026-06-30T14:01:15.804+0000] {processor.py:183} INFO - Processing /opt/airflow/dags/dag_tomorrowio.py took 0.394 seconds
[2026-06-30T14:01:46.395+0000] {processor.py:161} INFO - Started process (PID=6502) to work on /opt/airflow/dags/dag_tomorrowio.py
[2026-06-30T14:01:46.398+0000] {processor.py:830} INFO - Processing file /opt/airflow/dags/dag_tomorrowio.py for tasks to queue
[2026-06-30T14:01:46.403+0000] {logging_mixin.py:188} INFO - [2026-06-30T14:01:46.403+0000] {dagbag.py:545} INFO - Filling up the DagBag from /opt/airflow/dags/dag_tomorrowio.py
[2026-06-30T14:01:46.789+0000] {processor.py:840} INFO - DAG(s) 'tomorrowio_bronze_to_silver' retrieved from /opt/airflow/dags/dag_tomorrowio.py
[2026-06-30T14:01:46.801+0000] {logging_mixin.py:188} INFO - [2026-06-30T14:01:46.801+0000] {dag.py:3096} INFO - Sync 1 DAGs
[2026-06-30T14:01:46.810+0000] {logging_mixin.py:188} INFO - [2026-06-30T14:01:46.810+0000] {dag.py:3954} INFO - Setting next_dagrun for tomorrowio_bronze_to_silver to 2026-06-30 14:00:00+00:00, run_after=2026-06-30 15:00:00+00:00
[2026-06-30T14:01:46.817+0000] {processor.py:183} INFO - Processing /opt/airflow/dags/dag_tomorrowio.py took 0.438 seconds
[2026-06-30T14:02:17.471+0000] {processor.py:161} INFO - Started process (PID=6535) to work on /opt/airflow/dags/dag_tomorrowio.py
[2026-06-30T14:02:17.474+0000] {processor.py:830} INFO - Processing file /opt/airflow/dags/dag_tomorrowio.py for tasks to queue
[2026-06-30T14:02:17.478+0000] {logging_mixin.py:188} INFO - [2026-06-30T14:02:17.478+0000] {dagbag.py:545} INFO - Filling up the DagBag from /opt/airflow/dags/dag_tomorrowio.py
[2026-06-30T14:02:17.990+0000] {processor.py:840} INFO - DAG(s) 'tomorrowio_bronze_to_silver' retrieved from /opt/airflow/dags/dag_tomorrowio.py
[2026-06-30T14:02:18.003+0000] {logging_mixin.py:188} INFO - [2026-06-30T14:02:18.003+0000] {dag.py:3096} INFO - Sync 1 DAGs
[2026-06-30T14:02:18.017+0000] {logging_mixin.py:188} INFO - [2026-06-30T14:02:18.017+0000] {dag.py:3954} INFO - Setting next_dagrun for tomorrowio_bronze_to_silver to 2026-06-30 14:00:00+00:00, run_after=2026-06-30 15:00:00+00:00
[2026-06-30T14:02:18.024+0000] {processor.py:183} INFO - Processing /opt/airflow/dags/dag_tomorrowio.py took 0.567 seconds
[2026-06-30T14:02:48.722+0000] {processor.py:161} INFO - Started process (PID=6568) to work on /opt/airflow/dags/dag_tomorrowio.py
[2026-06-30T14:02:48.724+0000] {processor.py:830} INFO - Processing file /opt/airflow/dags/dag_tomorrowio.py for tasks to queue
[2026-06-30T14:02:48.729+0000] {logging_mixin.py:188} INFO - [2026-06-30T14:02:48.728+0000] {dagbag.py:545} INFO - Filling up the DagBag from /opt/airflow/dags/dag_tomorrowio.py
[2026-06-30T14:02:49.027+0000] {processor.py:840} INFO - DAG(s) 'tomorrowio_bronze_to_silver' retrieved from /opt/airflow/dags/dag_tomorrowio.py
[2026-06-30T14:02:49.047+0000] {logging_mixin.py:188} INFO - [2026-06-30T14:02:49.047+0000] {dag.py:3096} INFO - Sync 1 DAGs
[2026-06-30T14:02:49.211+0000] {logging_mixin.py:188} INFO - [2026-06-30T14:02:49.211+0000] {dag.py:3954} INFO - Setting next_dagrun for tomorrowio_bronze_to_silver to 2026-06-30 14:00:00+00:00, run_after=2026-06-30 15:00:00+00:00
[2026-06-30T14:02:49.220+0000] {processor.py:183} INFO - Processing /opt/airflow/dags/dag_tomorrowio.py took 0.523 seconds
[2026-06-30T14:03:19.914+0000] {processor.py:161} INFO - Started process (PID=6601) to work on /opt/airflow/dags/dag_tomorrowio.py
[2026-06-30T14:03:19.917+0000] {processor.py:830} INFO - Processing file /opt/airflow/dags/dag_tomorrowio.py for tasks to queue
[2026-06-30T14:03:19.931+0000] {logging_mixin.py:188} INFO - [2026-06-30T14:03:19.931+0000] {dagbag.py:545} INFO - Filling up the DagBag from /opt/airflow/dags/dag_tomorrowio.py
[2026-06-30T14:03:20.287+0000] {processor.py:840} INFO - DAG(s) 'tomorrowio_bronze_to_silver' retrieved from /opt/airflow/dags/dag_tomorrowio.py
[2026-06-30T14:03:20.306+0000] {logging_mixin.py:188} INFO - [2026-06-30T14:03:20.306+0000] {dag.py:3096} INFO - Sync 1 DAGs
[2026-06-30T14:03:20.469+0000] {logging_mixin.py:188} INFO - [2026-06-30T14:03:20.469+0000] {dag.py:3954} INFO - Setting next_dagrun for tomorrowio_bronze_to_silver to 2026-06-30 14:00:00+00:00, run_after=2026-06-30 15:00:00+00:00
[2026-06-30T14:03:20.482+0000] {processor.py:183} INFO - Processing /opt/airflow/dags/dag_tomorrowio.py took 0.585 seconds
[2026-06-30T14:03:51.117+0000] {processor.py:161} INFO - Started process (PID=6634) to work on /opt/airflow/dags/dag_tomorrowio.py
[2026-06-30T14:03:51.118+0000] {processor.py:830} INFO - Processing file /opt/airflow/dags/dag_tomorrowio.py for tasks to queue
[2026-06-30T14:03:51.121+0000] {logging_mixin.py:188} INFO - [2026-06-30T14:03:51.121+0000] {dagbag.py:545} INFO - Filling up the DagBag from /opt/airflow/dags/dag_tomorrowio.py
[2026-06-30T14:03:51.577+0000] {processor.py:840} INFO - DAG(s) 'tomorrowio_bronze_to_silver' retrieved from /opt/airflow/dags/dag_tomorrowio.py
[2026-06-30T14:03:51.709+0000] {logging_mixin.py:188} INFO - [2026-06-30T14:03:51.709+0000] {dag.py:3096} INFO - Sync 1 DAGs
[2026-06-30T14:03:51.719+0000] {logging_mixin.py:188} INFO - [2026-06-30T14:03:51.719+0000] {dag.py:3954} INFO - Setting next_dagrun for tomorrowio_bronze_to_silver to 2026-06-30 14:00:00+00:00, run_after=2026-06-30 15:00:00+00:00
[2026-06-30T14:03:51.725+0000] {processor.py:183} INFO - Processing /opt/airflow/dags/dag_tomorrowio.py took 0.615 seconds
[2026-06-30T14:04:22.328+0000] {processor.py:161} INFO - Started process (PID=6667) to work on /opt/airflow/dags/dag_tomorrowio.py
[2026-06-30T14:04:22.331+0000] {processor.py:830} INFO - Processing file /opt/airflow/dags/dag_tomorrowio.py for tasks to queue
[2026-06-30T14:04:22.334+0000] {logging_mixin.py:188} INFO - [2026-06-30T14:04:22.334+0000] {dagbag.py:545} INFO - Filling up the DagBag from /opt/airflow/dags/dag_tomorrowio.py
[2026-06-30T14:04:22.553+0000] {processor.py:840} INFO - DAG(s) 'tomorrowio_bronze_to_silver' retrieved from /opt/airflow/dags/dag_tomorrowio.py
[2026-06-30T14:04:22.678+0000] {logging_mixin.py:188} INFO - [2026-06-30T14:04:22.678+0000] {dag.py:3096} INFO - Sync 1 DAGs
[2026-06-30T14:04:22.688+0000] {logging_mixin.py:188} INFO - [2026-06-30T14:04:22.688+0000] {dag.py:3954} INFO - Setting next_dagrun for tomorrowio_bronze_to_silver to 2026-06-30 14:00:00+00:00, run_after=2026-06-30 15:00:00+00:00
[2026-06-30T14:04:22.695+0000] {processor.py:183} INFO - Processing /opt/airflow/dags/dag_tomorrowio.py took 0.377 seconds
[2026-06-30T14:04:53.258+0000] {processor.py:161} INFO - Started process (PID=6700) to work on /opt/airflow/dags/dag_tomorrowio.py
[2026-06-30T14:04:53.264+0000] {processor.py:830} INFO - Processing file /opt/airflow/dags/dag_tomorrowio.py for tasks to queue
[2026-06-30T14:04:53.267+0000] {logging_mixin.py:188} INFO - [2026-06-30T14:04:53.266+0000] {dagbag.py:545} INFO - Filling up the DagBag from /opt/airflow/dags/dag_tomorrowio.py
[2026-06-30T14:04:53.668+0000] {processor.py:840} INFO - DAG(s) 'tomorrowio_bronze_to_silver' retrieved from /opt/airflow/dags/dag_tomorrowio.py
[2026-06-30T14:04:53.684+0000] {logging_mixin.py:188} INFO - [2026-06-30T14:04:53.684+0000] {dag.py:3096} INFO - Sync 1 DAGs
[2026-06-30T14:04:53.692+0000] {logging_mixin.py:188} INFO - [2026-06-30T14:04:53.692+0000] {dag.py:3954} INFO - Setting next_dagrun for tomorrowio_bronze_to_silver to 2026-06-30 14:00:00+00:00, run_after=2026-06-30 15:00:00+00:00
[2026-06-30T14:04:53.699+0000] {processor.py:183} INFO - Processing /opt/airflow/dags/dag_tomorrowio.py took 0.455 seconds
[2026-06-30T14:05:24.268+0000] {processor.py:161} INFO - Started process (PID=6737) to work on /opt/airflow/dags/dag_tomorrowio.py
[2026-06-30T14:05:24.270+0000] {processor.py:830} INFO - Processing file /opt/airflow/dags/dag_tomorrowio.py for tasks to queue
[2026-06-30T14:05:24.272+0000] {logging_mixin.py:188} INFO - [2026-06-30T14:05:24.272+0000] {dagbag.py:545} INFO - Filling up the DagBag from /opt/airflow/dags/dag_tomorrowio.py
[2026-06-30T14:05:24.626+0000] {processor.py:840} INFO - DAG(s) 'tomorrowio_bronze_to_silver' retrieved from /opt/airflow/dags/dag_tomorrowio.py
[2026-06-30T14:05:24.638+0000] {logging_mixin.py:188} INFO - [2026-06-30T14:05:24.638+0000] {dag.py:3096} INFO - Sync 1 DAGs
[2026-06-30T14:05:24.646+0000] {logging_mixin.py:188} INFO - [2026-06-30T14:05:24.646+0000] {dag.py:3954} INFO - Setting next_dagrun for tomorrowio_bronze_to_silver to 2026-06-30 14:00:00+00:00, run_after=2026-06-30 15:00:00+00:00
[2026-06-30T14:05:24.653+0000] {processor.py:183} INFO - Processing /opt/airflow/dags/dag_tomorrowio.py took 0.391 seconds
[2026-06-30T14:05:55.183+0000] {processor.py:161} INFO - Started process (PID=6770) to work on /opt/airflow/dags/dag_tomorrowio.py
[2026-06-30T14:05:55.184+0000] {processor.py:830} INFO - Processing file /opt/airflow/dags/dag_tomorrowio.py for tasks to queue
[2026-06-30T14:05:55.186+0000] {logging_mixin.py:188} INFO - [2026-06-30T14:05:55.186+0000] {dagbag.py:545} INFO - Filling up the DagBag from /opt/airflow/dags/dag_tomorrowio.py
[2026-06-30T14:05:55.410+0000] {processor.py:840} INFO - DAG(s) 'tomorrowio_bronze_to_silver' retrieved from /opt/airflow/dags/dag_tomorrowio.py
[2026-06-30T14:05:55.428+0000] {logging_mixin.py:188} INFO - [2026-06-30T14:05:55.428+0000] {dag.py:3096} INFO - Sync 1 DAGs
[2026-06-30T14:05:55.556+0000] {logging_mixin.py:188} INFO - [2026-06-30T14:05:55.556+0000] {dag.py:3954} INFO - Setting next_dagrun for tomorrowio_bronze_to_silver to 2026-06-30 14:00:00+00:00, run_after=2026-06-30 15:00:00+00:00
[2026-06-30T14:05:55.563+0000] {processor.py:183} INFO - Processing /opt/airflow/dags/dag_tomorrowio.py took 0.390 seconds
[2026-06-30T14:06:26.055+0000] {processor.py:161} INFO - Started process (PID=6803) to work on /opt/airflow/dags/dag_tomorrowio.py
[2026-06-30T14:06:26.056+0000] {processor.py:830} INFO - Processing file /opt/airflow/dags/dag_tomorrowio.py for tasks to queue
[2026-06-30T14:06:26.058+0000] {logging_mixin.py:188} INFO - [2026-06-30T14:06:26.058+0000] {dagbag.py:545} INFO - Filling up the DagBag from /opt/airflow/dags/dag_tomorrowio.py
[2026-06-30T14:06:26.236+0000] {processor.py:840} INFO - DAG(s) 'tomorrowio_bronze_to_silver' retrieved from /opt/airflow/dags/dag_tomorrowio.py
[2026-06-30T14:06:26.251+0000] {logging_mixin.py:188} INFO - [2026-06-30T14:06:26.251+0000] {dag.py:3096} INFO - Sync 1 DAGs
[2026-06-30T14:06:26.343+0000] {logging_mixin.py:188} INFO - [2026-06-30T14:06:26.343+0000] {dag.py:3954} INFO - Setting next_dagrun for tomorrowio_bronze_to_silver to 2026-06-30 14:00:00+00:00, run_after=2026-06-30 15:00:00+00:00
[2026-06-30T14:06:26.351+0000] {processor.py:183} INFO - Processing /opt/airflow/dags/dag_tomorrowio.py took 0.306 seconds
[2026-06-30T14:06:56.849+0000] {processor.py:161} INFO - Started process (PID=6836) to work on /opt/airflow/dags/dag_tomorrowio.py
[2026-06-30T14:06:56.850+0000] {processor.py:830} INFO - Processing file /opt/airflow/dags/dag_tomorrowio.py for tasks to queue
[2026-06-30T14:06:56.853+0000] {logging_mixin.py:188} INFO - [2026-06-30T14:06:56.853+0000] {dagbag.py:545} INFO - Filling up the DagBag from /opt/airflow/dags/dag_tomorrowio.py
[2026-06-30T14:06:57.085+0000] {processor.py:840} INFO - DAG(s) 'tomorrowio_bronze_to_silver' retrieved from /opt/airflow/dags/dag_tomorrowio.py
[2026-06-30T14:06:57.213+0000] {logging_mixin.py:188} INFO - [2026-06-30T14:06:57.212+0000] {dag.py:3096} INFO - Sync 1 DAGs
[2026-06-30T14:06:57.221+0000] {logging_mixin.py:188} INFO - [2026-06-30T14:06:57.221+0000] {dag.py:3954} INFO - Setting next_dagrun for tomorrowio_bronze_to_silver to 2026-06-30 14:00:00+00:00, run_after=2026-06-30 15:00:00+00:00
[2026-06-30T14:06:57.227+0000] {processor.py:183} INFO - Processing /opt/airflow/dags/dag_tomorrowio.py took 0.386 seconds
[2026-06-30T14:07:27.771+0000] {processor.py:161} INFO - Started process (PID=6869) to work on /opt/airflow/dags/dag_tomorrowio.py
[2026-06-30T14:07:27.772+0000] {processor.py:830} INFO - Processing file /opt/airflow/dags/dag_tomorrowio.py for tasks to queue
[2026-06-30T14:07:27.775+0000] {logging_mixin.py:188} INFO - [2026-06-30T14:07:27.774+0000] {dagbag.py:545} INFO - Filling up the DagBag from /opt/airflow/dags/dag_tomorrowio.py
[2026-06-30T14:07:28.152+0000] {processor.py:840} INFO - DAG(s) 'tomorrowio_bronze_to_silver' retrieved from /opt/airflow/dags/dag_tomorrowio.py
[2026-06-30T14:07:28.174+0000] {logging_mixin.py:188} INFO - [2026-06-30T14:07:28.173+0000] {dag.py:3096} INFO - Sync 1 DAGs
[2026-06-30T14:07:28.183+0000] {logging_mixin.py:188} INFO - [2026-06-30T14:07:28.183+0000] {dag.py:3954} INFO - Setting next_dagrun for tomorrowio_bronze_to_silver to 2026-06-30 14:00:00+00:00, run_after=2026-06-30 15:00:00+00:00
[2026-06-30T14:07:28.189+0000] {processor.py:183} INFO - Processing /opt/airflow/dags/dag_tomorrowio.py took 0.429 seconds
[2026-06-30T14:07:58.857+0000] {processor.py:161} INFO - Started process (PID=6902) to work on /opt/airflow/dags/dag_tomorrowio.py
[2026-06-30T14:07:58.858+0000] {processor.py:830} INFO - Processing file /opt/airflow/dags/dag_tomorrowio.py for tasks to queue
[2026-06-30T14:07:58.862+0000] {logging_mixin.py:188} INFO - [2026-06-30T14:07:58.860+0000] {dagbag.py:545} INFO - Filling up the DagBag from /opt/airflow/dags/dag_tomorrowio.py
[2026-06-30T14:07:59.228+0000] {processor.py:840} INFO - DAG(s) 'tomorrowio_bronze_to_silver' retrieved from /opt/airflow/dags/dag_tomorrowio.py
[2026-06-30T14:07:59.244+0000] {logging_mixin.py:188} INFO - [2026-06-30T14:07:59.244+0000] {dag.py:3096} INFO - Sync 1 DAGs
[2026-06-30T14:07:59.254+0000] {logging_mixin.py:188} INFO - [2026-06-30T14:07:59.254+0000] {dag.py:3954} INFO - Setting next_dagrun for tomorrowio_bronze_to_silver to 2026-06-30 14:00:00+00:00, run_after=2026-06-30 15:00:00+00:00
[2026-06-30T14:07:59.260+0000] {processor.py:183} INFO - Processing /opt/airflow/dags/dag_tomorrowio.py took 0.416 seconds
[2026-06-30T14:08:29.700+0000] {processor.py:161} INFO - Started process (PID=6935) to work on /opt/airflow/dags/dag_tomorrowio.py
[2026-06-30T14:08:29.701+0000] {processor.py:830} INFO - Processing file /opt/airflow/dags/dag_tomorrowio.py for tasks to queue
[2026-06-30T14:08:29.704+0000] {logging_mixin.py:188} INFO - [2026-06-30T14:08:29.703+0000] {dagbag.py:545} INFO - Filling up the DagBag from /opt/airflow/dags/dag_tomorrowio.py
[2026-06-30T14:08:30.014+0000] {processor.py:840} INFO - DAG(s) 'tomorrowio_bronze_to_silver' retrieved from /opt/airflow/dags/dag_tomorrowio.py
[2026-06-30T14:08:30.026+0000] {logging_mixin.py:188} INFO - [2026-06-30T14:08:30.026+0000] {dag.py:3096} INFO - Sync 1 DAGs
[2026-06-30T14:08:30.038+0000] {logging_mixin.py:188} INFO - [2026-06-30T14:08:30.038+0000] {dag.py:3954} INFO - Setting next_dagrun for tomorrowio_bronze_to_silver to 2026-06-30 14:00:00+00:00, run_after=2026-06-30 15:00:00+00:00
[2026-06-30T14:08:30.045+0000] {processor.py:183} INFO - Processing /opt/airflow/dags/dag_tomorrowio.py took 0.352 seconds
[2026-06-30T14:09:00.544+0000] {processor.py:161} INFO - Started process (PID=6968) to work on /opt/airflow/dags/dag_tomorrowio.py
[2026-06-30T14:09:00.550+0000] {processor.py:830} INFO - Processing file /opt/airflow/dags/dag_tomorrowio.py for tasks to queue
[2026-06-30T14:09:00.552+0000] {logging_mixin.py:188} INFO - [2026-06-30T14:09:00.551+0000] {dagbag.py:545} INFO - Filling up the DagBag from /opt/airflow/dags/dag_tomorrowio.py
[2026-06-30T14:09:00.782+0000] {processor.py:840} INFO - DAG(s) 'tomorrowio_bronze_to_silver' retrieved from /opt/airflow/dags/dag_tomorrowio.py
[2026-06-30T14:09:00.810+0000] {logging_mixin.py:188} INFO - [2026-06-30T14:09:00.810+0000] {dag.py:3096} INFO - Sync 1 DAGs
[2026-06-30T14:09:00.934+0000] {logging_mixin.py:188} INFO - [2026-06-30T14:09:00.934+0000] {dag.py:3954} INFO - Setting next_dagrun for tomorrowio_bronze_to_silver to 2026-06-30 14:00:00+00:00, run_after=2026-06-30 15:00:00+00:00
[2026-06-30T14:09:00.942+0000] {processor.py:183} INFO - Processing /opt/airflow/dags/dag_tomorrowio.py took 0.408 seconds
[2026-06-30T14:09:31.553+0000] {processor.py:161} INFO - Started process (PID=7001) to work on /opt/airflow/dags/dag_tomorrowio.py
[2026-06-30T14:09:31.555+0000] {processor.py:830} INFO - Processing file /opt/airflow/dags/dag_tomorrowio.py for tasks to queue
[2026-06-30T14:09:31.557+0000] {logging_mixin.py:188} INFO - [2026-06-30T14:09:31.557+0000] {dagbag.py:545} INFO - Filling up the DagBag from /opt/airflow/dags/dag_tomorrowio.py
[2026-06-30T14:09:31.812+0000] {processor.py:840} INFO - DAG(s) 'tomorrowio_bronze_to_silver' retrieved from /opt/airflow/dags/dag_tomorrowio.py
[2026-06-30T14:09:31.972+0000] {logging_mixin.py:188} INFO - [2026-06-30T14:09:31.971+0000] {dag.py:3096} INFO - Sync 1 DAGs
[2026-06-30T14:09:31.981+0000] {logging_mixin.py:188} INFO - [2026-06-30T14:09:31.981+0000] {dag.py:3954} INFO - Setting next_dagrun for tomorrowio_bronze_to_silver to 2026-06-30 14:00:00+00:00, run_after=2026-06-30 15:00:00+00:00
[2026-06-30T14:09:31.990+0000] {processor.py:183} INFO - Processing /opt/airflow/dags/dag_tomorrowio.py took 0.446 seconds
[2026-06-30T14:10:02.697+0000] {processor.py:161} INFO - Started process (PID=7034) to work on /opt/airflow/dags/dag_tomorrowio.py
[2026-06-30T14:10:02.699+0000] {processor.py:830} INFO - Processing file /opt/airflow/dags/dag_tomorrowio.py for tasks to queue
[2026-06-30T14:10:02.703+0000] {logging_mixin.py:188} INFO - [2026-06-30T14:10:02.703+0000] {dagbag.py:545} INFO - Filling up the DagBag from /opt/airflow/dags/dag_tomorrowio.py
[2026-06-30T14:10:03.103+0000] {processor.py:840} INFO - DAG(s) 'tomorrowio_bronze_to_silver' retrieved from /opt/airflow/dags/dag_tomorrowio.py
[2026-06-30T14:10:03.120+0000] {logging_mixin.py:188} INFO - [2026-06-30T14:10:03.120+0000] {dag.py:3096} INFO - Sync 1 DAGs
[2026-06-30T14:10:03.131+0000] {logging_mixin.py:188} INFO - [2026-06-30T14:10:03.131+0000] {dag.py:3954} INFO - Setting next_dagrun for tomorrowio_bronze_to_silver to 2026-06-30 14:00:00+00:00, run_after=2026-06-30 15:00:00+00:00
[2026-06-30T14:10:03.137+0000] {processor.py:183} INFO - Processing /opt/airflow/dags/dag_tomorrowio.py took 0.460 seconds
[2026-06-30T14:10:33.832+0000] {processor.py:161} INFO - Started process (PID=7067) to work on /opt/airflow/dags/dag_tomorrowio.py
[2026-06-30T14:10:33.833+0000] {processor.py:830} INFO - Processing file /opt/airflow/dags/dag_tomorrowio.py for tasks to queue
[2026-06-30T14:10:33.835+0000] {logging_mixin.py:188} INFO - [2026-06-30T14:10:33.835+0000] {dagbag.py:545} INFO - Filling up the DagBag from /opt/airflow/dags/dag_tomorrowio.py
[2026-06-30T14:10:34.232+0000] {processor.py:840} INFO - DAG(s) 'tomorrowio_bronze_to_silver' retrieved from /opt/airflow/dags/dag_tomorrowio.py
[2026-06-30T14:10:34.245+0000] {logging_mixin.py:188} INFO - [2026-06-30T14:10:34.245+0000] {dag.py:3096} INFO - Sync 1 DAGs
[2026-06-30T14:10:34.253+0000] {logging_mixin.py:188} INFO - [2026-06-30T14:10:34.253+0000] {dag.py:3954} INFO - Setting next_dagrun for tomorrowio_bronze_to_silver to 2026-06-30 14:00:00+00:00, run_after=2026-06-30 15:00:00+00:00
[2026-06-30T14:10:34.260+0000] {processor.py:183} INFO - Processing /opt/airflow/dags/dag_tomorrowio.py took 0.437 seconds
[2026-06-30T14:11:04.923+0000] {processor.py:161} INFO - Started process (PID=7100) to work on /opt/airflow/dags/dag_tomorrowio.py
[2026-06-30T14:11:04.926+0000] {processor.py:830} INFO - Processing file /opt/airflow/dags/dag_tomorrowio.py for tasks to queue
[2026-06-30T14:11:04.927+0000] {logging_mixin.py:188} INFO - [2026-06-30T14:11:04.927+0000] {dagbag.py:545} INFO - Filling up the DagBag from /opt/airflow/dags/dag_tomorrowio.py
[2026-06-30T14:11:05.316+0000] {processor.py:840} INFO - DAG(s) 'tomorrowio_bronze_to_silver' retrieved from /opt/airflow/dags/dag_tomorrowio.py
[2026-06-30T14:11:05.331+0000] {logging_mixin.py:188} INFO - [2026-06-30T14:11:05.330+0000] {dag.py:3096} INFO - Sync 1 DAGs
[2026-06-30T14:11:05.340+0000] {logging_mixin.py:188} INFO - [2026-06-30T14:11:05.340+0000] {dag.py:3954} INFO - Setting next_dagrun for tomorrowio_bronze_to_silver to 2026-06-30 14:00:00+00:00, run_after=2026-06-30 15:00:00+00:00
[2026-06-30T14:11:05.347+0000] {processor.py:183} INFO - Processing /opt/airflow/dags/dag_tomorrowio.py took 0.435 seconds
[2026-06-30T14:11:35.978+0000] {processor.py:161} INFO - Started process (PID=7133) to work on /opt/airflow/dags/dag_tomorrowio.py
[2026-06-30T14:11:35.980+0000] {processor.py:830} INFO - Processing file /opt/airflow/dags/dag_tomorrowio.py for tasks to queue
[2026-06-30T14:11:35.982+0000] {logging_mixin.py:188} INFO - [2026-06-30T14:11:35.982+0000] {dagbag.py:545} INFO - Filling up the DagBag from /opt/airflow/dags/dag_tomorrowio.py
[2026-06-30T14:11:36.319+0000] {processor.py:840} INFO - DAG(s) 'tomorrowio_bronze_to_silver' retrieved from /opt/airflow/dags/dag_tomorrowio.py
[2026-06-30T14:11:36.329+0000] {logging_mixin.py:188} INFO - [2026-06-30T14:11:36.329+0000] {dag.py:3096} INFO - Sync 1 DAGs
[2026-06-30T14:11:36.339+0000] {logging_mixin.py:188} INFO - [2026-06-30T14:11:36.339+0000] {dag.py:3954} INFO - Setting next_dagrun for tomorrowio_bronze_to_silver to 2026-06-30 14:00:00+00:00, run_after=2026-06-30 15:00:00+00:00
[2026-06-30T14:11:36.346+0000] {processor.py:183} INFO - Processing /opt/airflow/dags/dag_tomorrowio.py took 0.379 seconds
[2026-06-30T14:12:06.852+0000] {processor.py:161} INFO - Started process (PID=7166) to work on /opt/airflow/dags/dag_tomorrowio.py
[2026-06-30T14:12:06.856+0000] {processor.py:830} INFO - Processing file /opt/airflow/dags/dag_tomorrowio.py for tasks to queue
[2026-06-30T14:12:06.867+0000] {logging_mixin.py:188} INFO - [2026-06-30T14:12:06.866+0000] {dagbag.py:545} INFO - Filling up the DagBag from /opt/airflow/dags/dag_tomorrowio.py
[2026-06-30T14:12:07.095+0000] {processor.py:840} INFO - DAG(s) 'tomorrowio_bronze_to_silver' retrieved from /opt/airflow/dags/dag_tomorrowio.py
[2026-06-30T14:12:07.229+0000] {logging_mixin.py:188} INFO - [2026-06-30T14:12:07.229+0000] {dag.py:3096} INFO - Sync 1 DAGs
[2026-06-30T14:12:07.237+0000] {logging_mixin.py:188} INFO - [2026-06-30T14:12:07.237+0000] {dag.py:3954} INFO - Setting next_dagrun for tomorrowio_bronze_to_silver to 2026-06-30 14:00:00+00:00, run_after=2026-06-30 15:00:00+00:00
[2026-06-30T14:12:07.244+0000] {processor.py:183} INFO - Processing /opt/airflow/dags/dag_tomorrowio.py took 0.401 seconds
[2026-06-30T14:12:37.643+0000] {processor.py:161} INFO - Started process (PID=7199) to work on /opt/airflow/dags/dag_tomorrowio.py
[2026-06-30T14:12:37.644+0000] {processor.py:830} INFO - Processing file /opt/airflow/dags/dag_tomorrowio.py for tasks to queue
[2026-06-30T14:12:37.645+0000] {logging_mixin.py:188} INFO - [2026-06-30T14:12:37.645+0000] {dagbag.py:545} INFO - Filling up the DagBag from /opt/airflow/dags/dag_tomorrowio.py
[2026-06-30T14:12:37.782+0000] {processor.py:840} INFO - DAG(s) 'tomorrowio_bronze_to_silver' retrieved from /opt/airflow/dags/dag_tomorrowio.py
[2026-06-30T14:12:37.858+0000] {logging_mixin.py:188} INFO - [2026-06-30T14:12:37.858+0000] {dag.py:3096} INFO - Sync 1 DAGs
[2026-06-30T14:12:37.866+0000] {logging_mixin.py:188} INFO - [2026-06-30T14:12:37.866+0000] {dag.py:3954} INFO - Setting next_dagrun for tomorrowio_bronze_to_silver to 2026-06-30 14:00:00+00:00, run_after=2026-06-30 15:00:00+00:00
[2026-06-30T14:12:37.872+0000] {processor.py:183} INFO - Processing /opt/airflow/dags/dag_tomorrowio.py took 0.233 seconds
[2026-06-30T14:13:08.399+0000] {processor.py:161} INFO - Started process (PID=7232) to work on /opt/airflow/dags/dag_tomorrowio.py
[2026-06-30T14:13:08.403+0000] {processor.py:830} INFO - Processing file /opt/airflow/dags/dag_tomorrowio.py for tasks to queue
[2026-06-30T14:13:08.406+0000] {logging_mixin.py:188} INFO - [2026-06-30T14:13:08.405+0000] {dagbag.py:545} INFO - Filling up the DagBag from /opt/airflow/dags/dag_tomorrowio.py
[2026-06-30T14:13:08.759+0000] {processor.py:840} INFO - DAG(s) 'tomorrowio_bronze_to_silver' retrieved from /opt/airflow/dags/dag_tomorrowio.py
[2026-06-30T14:13:08.771+0000] {logging_mixin.py:188} INFO - [2026-06-30T14:13:08.771+0000] {dag.py:3096} INFO - Sync 1 DAGs
[2026-06-30T14:13:08.780+0000] {logging_mixin.py:188} INFO - [2026-06-30T14:13:08.780+0000] {dag.py:3954} INFO - Setting next_dagrun for tomorrowio_bronze_to_silver to 2026-06-30 14:00:00+00:00, run_after=2026-06-30 15:00:00+00:00
[2026-06-30T14:13:08.786+0000] {processor.py:183} INFO - Processing /opt/airflow/dags/dag_tomorrowio.py took 0.396 seconds
[2026-06-30T14:13:39.425+0000] {processor.py:161} INFO - Started process (PID=7265) to work on /opt/airflow/dags/dag_tomorrowio.py
[2026-06-30T14:13:39.427+0000] {processor.py:830} INFO - Processing file /opt/airflow/dags/dag_tomorrowio.py for tasks to queue
[2026-06-30T14:13:39.428+0000] {logging_mixin.py:188} INFO - [2026-06-30T14:13:39.428+0000] {dagbag.py:545} INFO - Filling up the DagBag from /opt/airflow/dags/dag_tomorrowio.py
[2026-06-30T14:13:39.633+0000] {processor.py:840} INFO - DAG(s) 'tomorrowio_bronze_to_silver' retrieved from /opt/airflow/dags/dag_tomorrowio.py
[2026-06-30T14:13:39.641+0000] {logging_mixin.py:188} INFO - [2026-06-30T14:13:39.641+0000] {dag.py:3096} INFO - Sync 1 DAGs
[2026-06-30T14:13:39.647+0000] {logging_mixin.py:188} INFO - [2026-06-30T14:13:39.647+0000] {dag.py:3954} INFO - Setting next_dagrun for tomorrowio_bronze_to_silver to 2026-06-30 14:00:00+00:00, run_after=2026-06-30 15:00:00+00:00
[2026-06-30T14:13:39.653+0000] {processor.py:183} INFO - Processing /opt/airflow/dags/dag_tomorrowio.py took 0.234 seconds
[2026-06-30T14:14:10.225+0000] {processor.py:161} INFO - Started process (PID=7298) to work on /opt/airflow/dags/dag_tomorrowio.py
[2026-06-30T14:14:10.226+0000] {processor.py:830} INFO - Processing file /opt/airflow/dags/dag_tomorrowio.py for tasks to queue
[2026-06-30T14:14:10.229+0000] {logging_mixin.py:188} INFO - [2026-06-30T14:14:10.229+0000] {dagbag.py:545} INFO - Filling up the DagBag from /opt/airflow/dags/dag_tomorrowio.py
[2026-06-30T14:14:10.578+0000] {processor.py:840} INFO - DAG(s) 'tomorrowio_bronze_to_silver' retrieved from /opt/airflow/dags/dag_tomorrowio.py
[2026-06-30T14:14:10.589+0000] {logging_mixin.py:188} INFO - [2026-06-30T14:14:10.588+0000] {dag.py:3096} INFO - Sync 1 DAGs
[2026-06-30T14:14:10.599+0000] {logging_mixin.py:188} INFO - [2026-06-30T14:14:10.599+0000] {dag.py:3954} INFO - Setting next_dagrun for tomorrowio_bronze_to_silver to 2026-06-30 14:00:00+00:00, run_after=2026-06-30 15:00:00+00:00
[2026-06-30T14:14:10.606+0000] {processor.py:183} INFO - Processing /opt/airflow/dags/dag_tomorrowio.py took 0.389 seconds
[2026-06-30T14:14:41.051+0000] {processor.py:161} INFO - Started process (PID=7331) to work on /opt/airflow/dags/dag_tomorrowio.py
[2026-06-30T14:14:41.053+0000] {processor.py:830} INFO - Processing file /opt/airflow/dags/dag_tomorrowio.py for tasks to queue
[2026-06-30T14:14:41.055+0000] {logging_mixin.py:188} INFO - [2026-06-30T14:14:41.055+0000] {dagbag.py:545} INFO - Filling up the DagBag from /opt/airflow/dags/dag_tomorrowio.py
[2026-06-30T14:14:41.193+0000] {processor.py:840} INFO - DAG(s) 'tomorrowio_bronze_to_silver' retrieved from /opt/airflow/dags/dag_tomorrowio.py
[2026-06-30T14:14:41.274+0000] {logging_mixin.py:188} INFO - [2026-06-30T14:14:41.273+0000] {dag.py:3096} INFO - Sync 1 DAGs
[2026-06-30T14:14:41.281+0000] {logging_mixin.py:188} INFO - [2026-06-30T14:14:41.281+0000] {dag.py:3954} INFO - Setting next_dagrun for tomorrowio_bronze_to_silver to 2026-06-30 14:00:00+00:00, run_after=2026-06-30 15:00:00+00:00
[2026-06-30T14:14:41.287+0000] {processor.py:183} INFO - Processing /opt/airflow/dags/dag_tomorrowio.py took 0.244 seconds
[2026-06-30T14:15:11.810+0000] {processor.py:161} INFO - Started process (PID=7364) to work on /opt/airflow/dags/dag_tomorrowio.py
[2026-06-30T14:15:11.812+0000] {processor.py:830} INFO - Processing file /opt/airflow/dags/dag_tomorrowio.py for tasks to queue
[2026-06-30T14:15:11.815+0000] {logging_mixin.py:188} INFO - [2026-06-30T14:15:11.815+0000] {dagbag.py:545} INFO - Filling up the DagBag from /opt/airflow/dags/dag_tomorrowio.py
[2026-06-30T14:15:12.057+0000] {processor.py:840} INFO - DAG(s) 'tomorrowio_bronze_to_silver' retrieved from /opt/airflow/dags/dag_tomorrowio.py
[2026-06-30T14:15:12.182+0000] {logging_mixin.py:188} INFO - [2026-06-30T14:15:12.182+0000] {dag.py:3096} INFO - Sync 1 DAGs
[2026-06-30T14:15:12.190+0000] {logging_mixin.py:188} INFO - [2026-06-30T14:15:12.190+0000] {dag.py:3954} INFO - Setting next_dagrun for tomorrowio_bronze_to_silver to 2026-06-30 14:00:00+00:00, run_after=2026-06-30 15:00:00+00:00
[2026-06-30T14:15:12.196+0000] {processor.py:183} INFO - Processing /opt/airflow/dags/dag_tomorrowio.py took 0.401 seconds
[2026-06-30T14:15:42.686+0000] {processor.py:161} INFO - Started process (PID=7397) to work on /opt/airflow/dags/dag_tomorrowio.py
[2026-06-30T14:15:42.687+0000] {processor.py:830} INFO - Processing file /opt/airflow/dags/dag_tomorrowio.py for tasks to queue
[2026-06-30T14:15:42.688+0000] {logging_mixin.py:188} INFO - [2026-06-30T14:15:42.688+0000] {dagbag.py:545} INFO - Filling up the DagBag from /opt/airflow/dags/dag_tomorrowio.py
[2026-06-30T14:15:42.889+0000] {processor.py:840} INFO - DAG(s) 'tomorrowio_bronze_to_silver' retrieved from /opt/airflow/dags/dag_tomorrowio.py
[2026-06-30T14:15:42.899+0000] {logging_mixin.py:188} INFO - [2026-06-30T14:15:42.898+0000] {dag.py:3096} INFO - Sync 1 DAGs
[2026-06-30T14:15:42.906+0000] {logging_mixin.py:188} INFO - [2026-06-30T14:15:42.906+0000] {dag.py:3954} INFO - Setting next_dagrun for tomorrowio_bronze_to_silver to 2026-06-30 14:00:00+00:00, run_after=2026-06-30 15:00:00+00:00
[2026-06-30T14:15:42.913+0000] {processor.py:183} INFO - Processing /opt/airflow/dags/dag_tomorrowio.py took 0.234 seconds
[2026-06-30T14:16:13.456+0000] {processor.py:161} INFO - Started process (PID=7430) to work on /opt/airflow/dags/dag_tomorrowio.py
[2026-06-30T14:16:13.460+0000] {processor.py:830} INFO - Processing file /opt/airflow/dags/dag_tomorrowio.py for tasks to queue
[2026-06-30T14:16:13.465+0000] {logging_mixin.py:188} INFO - [2026-06-30T14:16:13.464+0000] {dagbag.py:545} INFO - Filling up the DagBag from /opt/airflow/dags/dag_tomorrowio.py
[2026-06-30T14:16:13.843+0000] {processor.py:840} INFO - DAG(s) 'tomorrowio_bronze_to_silver' retrieved from /opt/airflow/dags/dag_tomorrowio.py
[2026-06-30T14:16:13.858+0000] {logging_mixin.py:188} INFO - [2026-06-30T14:16:13.858+0000] {dag.py:3096} INFO - Sync 1 DAGs
[2026-06-30T14:16:13.866+0000] {logging_mixin.py:188} INFO - [2026-06-30T14:16:13.866+0000] {dag.py:3954} INFO - Setting next_dagrun for tomorrowio_bronze_to_silver to 2026-06-30 14:00:00+00:00, run_after=2026-06-30 15:00:00+00:00
[2026-06-30T14:16:13.872+0000] {processor.py:183} INFO - Processing /opt/airflow/dags/dag_tomorrowio.py took 0.427 seconds
[2026-06-30T14:16:44.373+0000] {processor.py:161} INFO - Started process (PID=7463) to work on /opt/airflow/dags/dag_tomorrowio.py
[2026-06-30T14:16:44.375+0000] {processor.py:830} INFO - Processing file /opt/airflow/dags/dag_tomorrowio.py for tasks to queue
[2026-06-30T14:16:44.379+0000] {logging_mixin.py:188} INFO - [2026-06-30T14:16:44.378+0000] {dagbag.py:545} INFO - Filling up the DagBag from /opt/airflow/dags/dag_tomorrowio.py
[2026-06-30T14:16:44.736+0000] {processor.py:840} INFO - DAG(s) 'tomorrowio_bronze_to_silver' retrieved from /opt/airflow/dags/dag_tomorrowio.py
[2026-06-30T14:16:44.749+0000] {logging_mixin.py:188} INFO - [2026-06-30T14:16:44.749+0000] {dag.py:3096} INFO - Sync 1 DAGs
[2026-06-30T14:16:44.759+0000] {logging_mixin.py:188} INFO - [2026-06-30T14:16:44.759+0000] {dag.py:3954} INFO - Setting next_dagrun for tomorrowio_bronze_to_silver to 2026-06-30 14:00:00+00:00, run_after=2026-06-30 15:00:00+00:00
[2026-06-30T14:16:44.767+0000] {processor.py:183} INFO - Processing /opt/airflow/dags/dag_tomorrowio.py took 0.410 seconds
[2026-06-30T14:17:15.310+0000] {processor.py:161} INFO - Started process (PID=7496) to work on /opt/airflow/dags/dag_tomorrowio.py
[2026-06-30T14:17:15.313+0000] {processor.py:830} INFO - Processing file /opt/airflow/dags/dag_tomorrowio.py for tasks to queue
[2026-06-30T14:17:15.315+0000] {logging_mixin.py:188} INFO - [2026-06-30T14:17:15.314+0000] {dagbag.py:545} INFO - Filling up the DagBag from /opt/airflow/dags/dag_tomorrowio.py
[2026-06-30T14:17:15.653+0000] {processor.py:840} INFO - DAG(s) 'tomorrowio_bronze_to_silver' retrieved from /opt/airflow/dags/dag_tomorrowio.py
[2026-06-30T14:17:15.666+0000] {logging_mixin.py:188} INFO - [2026-06-30T14:17:15.666+0000] {dag.py:3096} INFO - Sync 1 DAGs
[2026-06-30T14:17:15.678+0000] {logging_mixin.py:188} INFO - [2026-06-30T14:17:15.678+0000] {dag.py:3954} INFO - Setting next_dagrun for tomorrowio_bronze_to_silver to 2026-06-30 14:00:00+00:00, run_after=2026-06-30 15:00:00+00:00
[2026-06-30T14:17:15.685+0000] {processor.py:183} INFO - Processing /opt/airflow/dags/dag_tomorrowio.py took 0.383 seconds
[2026-06-30T14:17:46.174+0000] {processor.py:161} INFO - Started process (PID=7529) to work on /opt/airflow/dags/dag_tomorrowio.py
[2026-06-30T14:17:46.176+0000] {processor.py:830} INFO - Processing file /opt/airflow/dags/dag_tomorrowio.py for tasks to queue
[2026-06-30T14:17:46.178+0000] {logging_mixin.py:188} INFO - [2026-06-30T14:17:46.177+0000] {dagbag.py:545} INFO - Filling up the DagBag from /opt/airflow/dags/dag_tomorrowio.py
[2026-06-30T14:17:46.343+0000] {processor.py:840} INFO - DAG(s) 'tomorrowio_bronze_to_silver' retrieved from /opt/airflow/dags/dag_tomorrowio.py
[2026-06-30T14:17:46.458+0000] {logging_mixin.py:188} INFO - [2026-06-30T14:17:46.458+0000] {dag.py:3096} INFO - Sync 1 DAGs
[2026-06-30T14:17:46.466+0000] {logging_mixin.py:188} INFO - [2026-06-30T14:17:46.466+0000] {dag.py:3954} INFO - Setting next_dagrun for tomorrowio_bronze_to_silver to 2026-06-30 14:00:00+00:00, run_after=2026-06-30 15:00:00+00:00
[2026-06-30T14:17:46.473+0000] {processor.py:183} INFO - Processing /opt/airflow/dags/dag_tomorrowio.py took 0.307 seconds
[2026-06-30T14:18:17.076+0000] {processor.py:161} INFO - Started process (PID=7562) to work on /opt/airflow/dags/dag_tomorrowio.py
[2026-06-30T14:18:17.080+0000] {processor.py:830} INFO - Processing file /opt/airflow/dags/dag_tomorrowio.py for tasks to queue
[2026-06-30T14:18:17.081+0000] {logging_mixin.py:188} INFO - [2026-06-30T14:18:17.081+0000] {dagbag.py:545} INFO - Filling up the DagBag from /opt/airflow/dags/dag_tomorrowio.py
[2026-06-30T14:18:17.465+0000] {processor.py:840} INFO - DAG(s) 'tomorrowio_bronze_to_silver' retrieved from /opt/airflow/dags/dag_tomorrowio.py
[2026-06-30T14:18:17.483+0000] {logging_mixin.py:188} INFO - [2026-06-30T14:18:17.483+0000] {dag.py:3096} INFO - Sync 1 DAGs
[2026-06-30T14:18:17.494+0000] {logging_mixin.py:188} INFO - [2026-06-30T14:18:17.494+0000] {dag.py:3954} INFO - Setting next_dagrun for tomorrowio_bronze_to_silver to 2026-06-30 14:00:00+00:00, run_after=2026-06-30 15:00:00+00:00
[2026-06-30T14:18:17.501+0000] {processor.py:183} INFO - Processing /opt/airflow/dags/dag_tomorrowio.py took 0.434 seconds
[2026-06-30T14:18:48.192+0000] {processor.py:161} INFO - Started process (PID=7595) to work on /opt/airflow/dags/dag_tomorrowio.py
[2026-06-30T14:18:48.193+0000] {processor.py:830} INFO - Processing file /opt/airflow/dags/dag_tomorrowio.py for tasks to queue
[2026-06-30T14:18:48.197+0000] {logging_mixin.py:188} INFO - [2026-06-30T14:18:48.196+0000] {dagbag.py:545} INFO - Filling up the DagBag from /opt/airflow/dags/dag_tomorrowio.py
[2026-06-30T14:18:48.571+0000] {processor.py:840} INFO - DAG(s) 'tomorrowio_bronze_to_silver' retrieved from /opt/airflow/dags/dag_tomorrowio.py
[2026-06-30T14:18:48.584+0000] {logging_mixin.py:188} INFO - [2026-06-30T14:18:48.584+0000] {dag.py:3096} INFO - Sync 1 DAGs
[2026-06-30T14:18:48.592+0000] {logging_mixin.py:188} INFO - [2026-06-30T14:18:48.592+0000] {dag.py:3954} INFO - Setting next_dagrun for tomorrowio_bronze_to_silver to 2026-06-30 14:00:00+00:00, run_after=2026-06-30 15:00:00+00:00
[2026-06-30T14:18:48.598+0000] {processor.py:183} INFO - Processing /opt/airflow/dags/dag_tomorrowio.py took 0.421 seconds
[2026-06-30T14:19:19.414+0000] {processor.py:161} INFO - Started process (PID=7628) to work on /opt/airflow/dags/dag_tomorrowio.py
[2026-06-30T14:19:19.415+0000] {processor.py:830} INFO - Processing file /opt/airflow/dags/dag_tomorrowio.py for tasks to queue
[2026-06-30T14:19:19.420+0000] {logging_mixin.py:188} INFO - [2026-06-30T14:19:19.419+0000] {dagbag.py:545} INFO - Filling up the DagBag from /opt/airflow/dags/dag_tomorrowio.py
[2026-06-30T14:19:19.770+0000] {processor.py:840} INFO - DAG(s) 'tomorrowio_bronze_to_silver' retrieved from /opt/airflow/dags/dag_tomorrowio.py
[2026-06-30T14:19:19.781+0000] {logging_mixin.py:188} INFO - [2026-06-30T14:19:19.781+0000] {dag.py:3096} INFO - Sync 1 DAGs
[2026-06-30T14:19:19.789+0000] {logging_mixin.py:188} INFO - [2026-06-30T14:19:19.789+0000] {dag.py:3954} INFO - Setting next_dagrun for tomorrowio_bronze_to_silver to 2026-06-30 14:00:00+00:00, run_after=2026-06-30 15:00:00+00:00
[2026-06-30T14:19:19.796+0000] {processor.py:183} INFO - Processing /opt/airflow/dags/dag_tomorrowio.py took 0.398 seconds
[2026-06-30T14:19:50.490+0000] {processor.py:161} INFO - Started process (PID=7661) to work on /opt/airflow/dags/dag_tomorrowio.py
[2026-06-30T14:19:50.492+0000] {processor.py:830} INFO - Processing file /opt/airflow/dags/dag_tomorrowio.py for tasks to queue
[2026-06-30T14:19:50.495+0000] {logging_mixin.py:188} INFO - [2026-06-30T14:19:50.494+0000] {dagbag.py:545} INFO - Filling up the DagBag from /opt/airflow/dags/dag_tomorrowio.py
[2026-06-30T14:19:50.797+0000] {processor.py:840} INFO - DAG(s) 'tomorrowio_bronze_to_silver' retrieved from /opt/airflow/dags/dag_tomorrowio.py
[2026-06-30T14:19:50.808+0000] {logging_mixin.py:188} INFO - [2026-06-30T14:19:50.808+0000] {dag.py:3096} INFO - Sync 1 DAGs
[2026-06-30T14:19:50.817+0000] {logging_mixin.py:188} INFO - [2026-06-30T14:19:50.817+0000] {dag.py:3954} INFO - Setting next_dagrun for tomorrowio_bronze_to_silver to 2026-06-30 14:00:00+00:00, run_after=2026-06-30 15:00:00+00:00
[2026-06-30T14:19:50.824+0000] {processor.py:183} INFO - Processing /opt/airflow/dags/dag_tomorrowio.py took 0.346 seconds
[2026-06-30T14:20:21.517+0000] {processor.py:161} INFO - Started process (PID=7694) to work on /opt/airflow/dags/dag_tomorrowio.py
[2026-06-30T14:20:21.518+0000] {processor.py:830} INFO - Processing file /opt/airflow/dags/dag_tomorrowio.py for tasks to queue
[2026-06-30T14:20:21.521+0000] {logging_mixin.py:188} INFO - [2026-06-30T14:20:21.520+0000] {dagbag.py:545} INFO - Filling up the DagBag from /opt/airflow/dags/dag_tomorrowio.py
[2026-06-30T14:20:21.876+0000] {processor.py:840} INFO - DAG(s) 'tomorrowio_bronze_to_silver' retrieved from /opt/airflow/dags/dag_tomorrowio.py
[2026-06-30T14:20:21.890+0000] {logging_mixin.py:188} INFO - [2026-06-30T14:20:21.890+0000] {dag.py:3096} INFO - Sync 1 DAGs
[2026-06-30T14:20:21.898+0000] {logging_mixin.py:188} INFO - [2026-06-30T14:20:21.898+0000] {dag.py:3954} INFO - Setting next_dagrun for tomorrowio_bronze_to_silver to 2026-06-30 14:00:00+00:00, run_after=2026-06-30 15:00:00+00:00
[2026-06-30T14:20:21.904+0000] {processor.py:183} INFO - Processing /opt/airflow/dags/dag_tomorrowio.py took 0.395 seconds
[2026-06-30T14:20:52.646+0000] {processor.py:161} INFO - Started process (PID=7730) to work on /opt/airflow/dags/dag_tomorrowio.py
[2026-06-30T14:20:52.648+0000] {processor.py:830} INFO - Processing file /opt/airflow/dags/dag_tomorrowio.py for tasks to queue
[2026-06-30T14:20:52.650+0000] {logging_mixin.py:188} INFO - [2026-06-30T14:20:52.649+0000] {dagbag.py:545} INFO - Filling up the DagBag from /opt/airflow/dags/dag_tomorrowio.py
[2026-06-30T14:20:53.084+0000] {processor.py:840} INFO - DAG(s) 'tomorrowio_bronze_to_silver' retrieved from /opt/airflow/dags/dag_tomorrowio.py
[2026-06-30T14:20:53.097+0000] {logging_mixin.py:188} INFO - [2026-06-30T14:20:53.096+0000] {dag.py:3096} INFO - Sync 1 DAGs
[2026-06-30T14:20:53.106+0000] {logging_mixin.py:188} INFO - [2026-06-30T14:20:53.106+0000] {dag.py:3954} INFO - Setting next_dagrun for tomorrowio_bronze_to_silver to 2026-06-30 14:00:00+00:00, run_after=2026-06-30 15:00:00+00:00
[2026-06-30T14:20:53.119+0000] {processor.py:183} INFO - Processing /opt/airflow/dags/dag_tomorrowio.py took 0.482 seconds
[2026-06-30T14:21:23.417+0000] {processor.py:161} INFO - Started process (PID=7762) to work on /opt/airflow/dags/dag_tomorrowio.py
[2026-06-30T14:21:23.419+0000] {processor.py:830} INFO - Processing file /opt/airflow/dags/dag_tomorrowio.py for tasks to queue
[2026-06-30T14:21:23.422+0000] {logging_mixin.py:188} INFO - [2026-06-30T14:21:23.421+0000] {dagbag.py:545} INFO - Filling up the DagBag from /opt/airflow/dags/dag_tomorrowio.py
[2026-06-30T14:21:23.790+0000] {processor.py:840} INFO - DAG(s) 'tomorrowio_bronze_to_silver' retrieved from /opt/airflow/dags/dag_tomorrowio.py
[2026-06-30T14:21:23.805+0000] {logging_mixin.py:188} INFO - [2026-06-30T14:21:23.805+0000] {dag.py:3096} INFO - Sync 1 DAGs
[2026-06-30T14:21:23.812+0000] {logging_mixin.py:188} INFO - [2026-06-30T14:21:23.812+0000] {dag.py:3954} INFO - Setting next_dagrun for tomorrowio_bronze_to_silver to 2026-06-30 14:00:00+00:00, run_after=2026-06-30 15:00:00+00:00
[2026-06-30T14:21:23.818+0000] {processor.py:183} INFO - Processing /opt/airflow/dags/dag_tomorrowio.py took 0.411 seconds
[2026-06-30T14:38:29.079+0000] {processor.py:161} INFO - Started process (PID=7795) to work on /opt/airflow/dags/dag_tomorrowio.py
[2026-06-30T14:38:29.080+0000] {processor.py:830} INFO - Processing file /opt/airflow/dags/dag_tomorrowio.py for tasks to queue
[2026-06-30T14:38:29.081+0000] {logging_mixin.py:188} INFO - [2026-06-30T14:38:29.081+0000] {dagbag.py:545} INFO - Filling up the DagBag from /opt/airflow/dags/dag_tomorrowio.py
[2026-06-30T14:38:29.285+0000] {processor.py:840} INFO - DAG(s) 'tomorrowio_bronze_to_silver' retrieved from /opt/airflow/dags/dag_tomorrowio.py
[2026-06-30T14:38:29.296+0000] {logging_mixin.py:188} INFO - [2026-06-30T14:38:29.296+0000] {dag.py:3096} INFO - Sync 1 DAGs
[2026-06-30T14:38:29.303+0000] {logging_mixin.py:188} INFO - [2026-06-30T14:38:29.303+0000] {dag.py:3954} INFO - Setting next_dagrun for tomorrowio_bronze_to_silver to 2026-06-30 14:00:00+00:00, run_after=2026-06-30 15:00:00+00:00
[2026-06-30T14:38:29.308+0000] {processor.py:183} INFO - Processing /opt/airflow/dags/dag_tomorrowio.py took 0.232 seconds
[2026-06-30T14:49:07.587+0000] {processor.py:161} INFO - Started process (PID=7827) to work on /opt/airflow/dags/dag_tomorrowio.py
[2026-06-30T14:49:07.589+0000] {processor.py:830} INFO - Processing file /opt/airflow/dags/dag_tomorrowio.py for tasks to queue
[2026-06-30T14:49:07.597+0000] {logging_mixin.py:188} INFO - [2026-06-30T14:49:07.596+0000] {dagbag.py:545} INFO - Filling up the DagBag from /opt/airflow/dags/dag_tomorrowio.py
[2026-06-30T14:49:37.839+0000] {processor.py:161} INFO - Started process (PID=7857) to work on /opt/airflow/dags/dag_tomorrowio.py
[2026-06-30T14:49:37.842+0000] {processor.py:830} INFO - Processing file /opt/airflow/dags/dag_tomorrowio.py for tasks to queue
[2026-06-30T14:49:37.846+0000] {logging_mixin.py:188} INFO - [2026-06-30T14:49:37.845+0000] {dagbag.py:545} INFO - Filling up the DagBag from /opt/airflow/dags/dag_tomorrowio.py
[2026-06-30T14:49:38.589+0000] {processor.py:840} INFO - DAG(s) 'tomorrowio_bronze_to_silver' retrieved from /opt/airflow/dags/dag_tomorrowio.py
[2026-06-30T14:49:38.623+0000] {logging_mixin.py:188} INFO - [2026-06-30T14:49:38.623+0000] {dag.py:3096} INFO - Sync 1 DAGs
[2026-06-30T14:49:38.630+0000] {logging_mixin.py:188} INFO - [2026-06-30T14:49:38.630+0000] {dag.py:3954} INFO - Setting next_dagrun for tomorrowio_bronze_to_silver to 2026-06-30 14:00:00+00:00, run_after=2026-06-30 15:00:00+00:00
[2026-06-30T14:49:38.638+0000] {processor.py:183} INFO - Processing /opt/airflow/dags/dag_tomorrowio.py took 0.852 seconds
[2026-06-30T14:50:09.147+0000] {processor.py:161} INFO - Started process (PID=7891) to work on /opt/airflow/dags/dag_tomorrowio.py
[2026-06-30T14:50:09.148+0000] {processor.py:830} INFO - Processing file /opt/airflow/dags/dag_tomorrowio.py for tasks to queue
[2026-06-30T14:50:09.150+0000] {logging_mixin.py:188} INFO - [2026-06-30T14:50:09.150+0000] {dagbag.py:545} INFO - Filling up the DagBag from /opt/airflow/dags/dag_tomorrowio.py
[2026-06-30T14:50:09.549+0000] {processor.py:840} INFO - DAG(s) 'tomorrowio_bronze_to_silver' retrieved from /opt/airflow/dags/dag_tomorrowio.py
[2026-06-30T14:50:09.560+0000] {logging_mixin.py:188} INFO - [2026-06-30T14:50:09.560+0000] {dag.py:3096} INFO - Sync 1 DAGs
[2026-06-30T14:50:09.567+0000] {logging_mixin.py:188} INFO - [2026-06-30T14:50:09.567+0000] {dag.py:3954} INFO - Setting next_dagrun for tomorrowio_bronze_to_silver to 2026-06-30 14:00:00+00:00, run_after=2026-06-30 15:00:00+00:00
[2026-06-30T14:50:09.573+0000] {processor.py:183} INFO - Processing /opt/airflow/dags/dag_tomorrowio.py took 0.432 seconds
[2026-06-30T14:50:40.090+0000] {processor.py:161} INFO - Started process (PID=7923) to work on /opt/airflow/dags/dag_tomorrowio.py
[2026-06-30T14:50:40.091+0000] {processor.py:830} INFO - Processing file /opt/airflow/dags/dag_tomorrowio.py for tasks to queue
[2026-06-30T14:50:40.093+0000] {logging_mixin.py:188} INFO - [2026-06-30T14:50:40.092+0000] {dagbag.py:545} INFO - Filling up the DagBag from /opt/airflow/dags/dag_tomorrowio.py
[2026-06-30T14:50:40.607+0000] {processor.py:840} INFO - DAG(s) 'tomorrowio_bronze_to_silver' retrieved from /opt/airflow/dags/dag_tomorrowio.py
[2026-06-30T14:50:40.618+0000] {logging_mixin.py:188} INFO - [2026-06-30T14:50:40.618+0000] {dag.py:3096} INFO - Sync 1 DAGs
[2026-06-30T14:50:40.628+0000] {logging_mixin.py:188} INFO - [2026-06-30T14:50:40.628+0000] {dag.py:3954} INFO - Setting next_dagrun for tomorrowio_bronze_to_silver to 2026-06-30 14:00:00+00:00, run_after=2026-06-30 15:00:00+00:00
[2026-06-30T14:50:40.636+0000] {processor.py:183} INFO - Processing /opt/airflow/dags/dag_tomorrowio.py took 0.555 seconds
[2026-06-30T14:51:11.094+0000] {processor.py:161} INFO - Started process (PID=7957) to work on /opt/airflow/dags/dag_tomorrowio.py
[2026-06-30T14:51:11.095+0000] {processor.py:830} INFO - Processing file /opt/airflow/dags/dag_tomorrowio.py for tasks to queue
[2026-06-30T14:51:11.096+0000] {logging_mixin.py:188} INFO - [2026-06-30T14:51:11.096+0000] {dagbag.py:545} INFO - Filling up the DagBag from /opt/airflow/dags/dag_tomorrowio.py
[2026-06-30T14:51:11.551+0000] {processor.py:840} INFO - DAG(s) 'tomorrowio_bronze_to_silver' retrieved from /opt/airflow/dags/dag_tomorrowio.py
[2026-06-30T14:51:11.564+0000] {logging_mixin.py:188} INFO - [2026-06-30T14:51:11.564+0000] {dag.py:3096} INFO - Sync 1 DAGs
[2026-06-30T14:51:11.574+0000] {logging_mixin.py:188} INFO - [2026-06-30T14:51:11.573+0000] {dag.py:3954} INFO - Setting next_dagrun for tomorrowio_bronze_to_silver to 2026-06-30 14:00:00+00:00, run_after=2026-06-30 15:00:00+00:00
[2026-06-30T14:51:11.581+0000] {processor.py:183} INFO - Processing /opt/airflow/dags/dag_tomorrowio.py took 0.496 seconds
[2026-06-30T14:51:42.105+0000] {processor.py:161} INFO - Started process (PID=7989) to work on /opt/airflow/dags/dag_tomorrowio.py
[2026-06-30T14:51:42.114+0000] {processor.py:830} INFO - Processing file /opt/airflow/dags/dag_tomorrowio.py for tasks to queue
[2026-06-30T14:51:42.116+0000] {logging_mixin.py:188} INFO - [2026-06-30T14:51:42.115+0000] {dagbag.py:545} INFO - Filling up the DagBag from /opt/airflow/dags/dag_tomorrowio.py
[2026-06-30T14:51:42.604+0000] {processor.py:840} INFO - DAG(s) 'tomorrowio_bronze_to_silver' retrieved from /opt/airflow/dags/dag_tomorrowio.py
[2026-06-30T14:51:42.615+0000] {logging_mixin.py:188} INFO - [2026-06-30T14:51:42.615+0000] {dag.py:3096} INFO - Sync 1 DAGs
[2026-06-30T14:51:42.624+0000] {logging_mixin.py:188} INFO - [2026-06-30T14:51:42.624+0000] {dag.py:3954} INFO - Setting next_dagrun for tomorrowio_bronze_to_silver to 2026-06-30 14:00:00+00:00, run_after=2026-06-30 15:00:00+00:00
[2026-06-30T14:51:42.633+0000] {processor.py:183} INFO - Processing /opt/airflow/dags/dag_tomorrowio.py took 0.543 seconds
[2026-06-30T14:52:13.093+0000] {processor.py:161} INFO - Started process (PID=8023) to work on /opt/airflow/dags/dag_tomorrowio.py
[2026-06-30T14:52:13.095+0000] {processor.py:830} INFO - Processing file /opt/airflow/dags/dag_tomorrowio.py for tasks to queue
[2026-06-30T14:52:13.096+0000] {logging_mixin.py:188} INFO - [2026-06-30T14:52:13.095+0000] {dagbag.py:545} INFO - Filling up the DagBag from /opt/airflow/dags/dag_tomorrowio.py
[2026-06-30T14:52:13.505+0000] {processor.py:840} INFO - DAG(s) 'tomorrowio_bronze_to_silver' retrieved from /opt/airflow/dags/dag_tomorrowio.py
[2026-06-30T14:52:13.518+0000] {logging_mixin.py:188} INFO - [2026-06-30T14:52:13.518+0000] {dag.py:3096} INFO - Sync 1 DAGs
[2026-06-30T14:52:13.528+0000] {logging_mixin.py:188} INFO - [2026-06-30T14:52:13.528+0000] {dag.py:3954} INFO - Setting next_dagrun for tomorrowio_bronze_to_silver to 2026-06-30 14:00:00+00:00, run_after=2026-06-30 15:00:00+00:00
[2026-06-30T14:52:13.536+0000] {processor.py:183} INFO - Processing /opt/airflow/dags/dag_tomorrowio.py took 0.462 seconds
[2026-06-30T14:52:44.001+0000] {processor.py:161} INFO - Started process (PID=8056) to work on /opt/airflow/dags/dag_tomorrowio.py
[2026-06-30T14:52:44.004+0000] {processor.py:830} INFO - Processing file /opt/airflow/dags/dag_tomorrowio.py for tasks to queue
[2026-06-30T14:52:44.016+0000] {logging_mixin.py:188} INFO - [2026-06-30T14:52:44.005+0000] {dagbag.py:545} INFO - Filling up the DagBag from /opt/airflow/dags/dag_tomorrowio.py
[2026-06-30T14:52:44.543+0000] {processor.py:840} INFO - DAG(s) 'tomorrowio_bronze_to_silver' retrieved from /opt/airflow/dags/dag_tomorrowio.py
[2026-06-30T14:52:44.556+0000] {logging_mixin.py:188} INFO - [2026-06-30T14:52:44.556+0000] {dag.py:3096} INFO - Sync 1 DAGs
[2026-06-30T14:52:44.566+0000] {logging_mixin.py:188} INFO - [2026-06-30T14:52:44.566+0000] {dag.py:3954} INFO - Setting next_dagrun for tomorrowio_bronze_to_silver to 2026-06-30 14:00:00+00:00, run_after=2026-06-30 15:00:00+00:00
[2026-06-30T14:52:44.573+0000] {processor.py:183} INFO - Processing /opt/airflow/dags/dag_tomorrowio.py took 0.584 seconds
[2026-06-30T14:53:15.026+0000] {processor.py:161} INFO - Started process (PID=8088) to work on /opt/airflow/dags/dag_tomorrowio.py
[2026-06-30T14:53:15.027+0000] {processor.py:830} INFO - Processing file /opt/airflow/dags/dag_tomorrowio.py for tasks to queue
[2026-06-30T14:53:15.029+0000] {logging_mixin.py:188} INFO - [2026-06-30T14:53:15.028+0000] {dagbag.py:545} INFO - Filling up the DagBag from /opt/airflow/dags/dag_tomorrowio.py
[2026-06-30T14:53:15.343+0000] {processor.py:840} INFO - DAG(s) 'tomorrowio_bronze_to_silver' retrieved from /opt/airflow/dags/dag_tomorrowio.py
[2026-06-30T14:53:15.520+0000] {logging_mixin.py:188} INFO - [2026-06-30T14:53:15.520+0000] {dag.py:3096} INFO - Sync 1 DAGs
[2026-06-30T14:53:15.536+0000] {logging_mixin.py:188} INFO - [2026-06-30T14:53:15.536+0000] {dag.py:3954} INFO - Setting next_dagrun for tomorrowio_bronze_to_silver to 2026-06-30 14:00:00+00:00, run_after=2026-06-30 15:00:00+00:00
[2026-06-30T14:53:15.545+0000] {processor.py:183} INFO - Processing /opt/airflow/dags/dag_tomorrowio.py took 0.534 seconds
[2026-06-30T14:53:46.012+0000] {processor.py:161} INFO - Started process (PID=8121) to work on /opt/airflow/dags/dag_tomorrowio.py
[2026-06-30T14:53:46.016+0000] {processor.py:830} INFO - Processing file /opt/airflow/dags/dag_tomorrowio.py for tasks to queue
[2026-06-30T14:53:46.018+0000] {logging_mixin.py:188} INFO - [2026-06-30T14:53:46.017+0000] {dagbag.py:545} INFO - Filling up the DagBag from /opt/airflow/dags/dag_tomorrowio.py
[2026-06-30T14:53:46.464+0000] {processor.py:840} INFO - DAG(s) 'tomorrowio_bronze_to_silver' retrieved from /opt/airflow/dags/dag_tomorrowio.py
[2026-06-30T14:53:46.477+0000] {logging_mixin.py:188} INFO - [2026-06-30T14:53:46.477+0000] {dag.py:3096} INFO - Sync 1 DAGs
[2026-06-30T14:53:46.485+0000] {logging_mixin.py:188} INFO - [2026-06-30T14:53:46.485+0000] {dag.py:3954} INFO - Setting next_dagrun for tomorrowio_bronze_to_silver to 2026-06-30 14:00:00+00:00, run_after=2026-06-30 15:00:00+00:00
[2026-06-30T14:53:46.492+0000] {processor.py:183} INFO - Processing /opt/airflow/dags/dag_tomorrowio.py took 0.495 seconds
[2026-06-30T14:54:17.055+0000] {processor.py:161} INFO - Started process (PID=8153) to work on /opt/airflow/dags/dag_tomorrowio.py
[2026-06-30T14:54:17.057+0000] {processor.py:830} INFO - Processing file /opt/airflow/dags/dag_tomorrowio.py for tasks to queue
[2026-06-30T14:54:17.059+0000] {logging_mixin.py:188} INFO - [2026-06-30T14:54:17.058+0000] {dagbag.py:545} INFO - Filling up the DagBag from /opt/airflow/dags/dag_tomorrowio.py
[2026-06-30T14:54:17.523+0000] {processor.py:840} INFO - DAG(s) 'tomorrowio_bronze_to_silver' retrieved from /opt/airflow/dags/dag_tomorrowio.py
[2026-06-30T14:54:17.532+0000] {logging_mixin.py:188} INFO - [2026-06-30T14:54:17.532+0000] {dag.py:3096} INFO - Sync 1 DAGs
[2026-06-30T14:54:17.540+0000] {logging_mixin.py:188} INFO - [2026-06-30T14:54:17.539+0000] {dag.py:3954} INFO - Setting next_dagrun for tomorrowio_bronze_to_silver to 2026-06-30 14:00:00+00:00, run_after=2026-06-30 15:00:00+00:00
[2026-06-30T14:54:17.546+0000] {processor.py:183} INFO - Processing /opt/airflow/dags/dag_tomorrowio.py took 0.505 seconds
[2026-06-30T14:54:48.409+0000] {processor.py:161} INFO - Started process (PID=8190) to work on /opt/airflow/dags/dag_tomorrowio.py
[2026-06-30T14:54:48.409+0000] {processor.py:830} INFO - Processing file /opt/airflow/dags/dag_tomorrowio.py for tasks to queue
[2026-06-30T14:54:48.410+0000] {logging_mixin.py:188} INFO - [2026-06-30T14:54:48.410+0000] {dagbag.py:545} INFO - Filling up the DagBag from /opt/airflow/dags/dag_tomorrowio.py
[2026-06-30T14:54:48.813+0000] {processor.py:840} INFO - DAG(s) 'tomorrowio_bronze_to_silver' retrieved from /opt/airflow/dags/dag_tomorrowio.py
[2026-06-30T14:54:48.828+0000] {logging_mixin.py:188} INFO - [2026-06-30T14:54:48.828+0000] {dag.py:3096} INFO - Sync 1 DAGs
[2026-06-30T14:54:48.837+0000] {logging_mixin.py:188} INFO - [2026-06-30T14:54:48.837+0000] {dag.py:3954} INFO - Setting next_dagrun for tomorrowio_bronze_to_silver to 2026-06-30 14:00:00+00:00, run_after=2026-06-30 15:00:00+00:00
[2026-06-30T14:54:48.845+0000] {processor.py:183} INFO - Processing /opt/airflow/dags/dag_tomorrowio.py took 0.440 seconds
[2026-06-30T14:55:19.320+0000] {processor.py:161} INFO - Started process (PID=8223) to work on /opt/airflow/dags/dag_tomorrowio.py
[2026-06-30T14:55:19.322+0000] {processor.py:830} INFO - Processing file /opt/airflow/dags/dag_tomorrowio.py for tasks to queue
[2026-06-30T14:55:19.322+0000] {logging_mixin.py:188} INFO - [2026-06-30T14:55:19.322+0000] {dagbag.py:545} INFO - Filling up the DagBag from /opt/airflow/dags/dag_tomorrowio.py
[2026-06-30T14:55:19.774+0000] {processor.py:840} INFO - DAG(s) 'tomorrowio_bronze_to_silver' retrieved from /opt/airflow/dags/dag_tomorrowio.py
[2026-06-30T14:55:19.786+0000] {logging_mixin.py:188} INFO - [2026-06-30T14:55:19.786+0000] {dag.py:3096} INFO - Sync 1 DAGs
[2026-06-30T14:55:19.796+0000] {logging_mixin.py:188} INFO - [2026-06-30T14:55:19.796+0000] {dag.py:3954} INFO - Setting next_dagrun for tomorrowio_bronze_to_silver to 2026-06-30 14:00:00+00:00, run_after=2026-06-30 15:00:00+00:00
[2026-06-30T14:55:19.803+0000] {processor.py:183} INFO - Processing /opt/airflow/dags/dag_tomorrowio.py took 0.487 seconds
[2026-06-30T14:55:50.169+0000] {processor.py:161} INFO - Started process (PID=8256) to work on /opt/airflow/dags/dag_tomorrowio.py
[2026-06-30T14:55:50.170+0000] {processor.py:830} INFO - Processing file /opt/airflow/dags/dag_tomorrowio.py for tasks to queue
[2026-06-30T14:55:50.170+0000] {logging_mixin.py:188} INFO - [2026-06-30T14:55:50.170+0000] {dagbag.py:545} INFO - Filling up the DagBag from /opt/airflow/dags/dag_tomorrowio.py
[2026-06-30T14:55:50.820+0000] {processor.py:840} INFO - DAG(s) 'tomorrowio_bronze_to_silver' retrieved from /opt/airflow/dags/dag_tomorrowio.py
[2026-06-30T14:55:50.834+0000] {logging_mixin.py:188} INFO - [2026-06-30T14:55:50.833+0000] {dag.py:3096} INFO - Sync 1 DAGs
[2026-06-30T14:55:50.843+0000] {logging_mixin.py:188} INFO - [2026-06-30T14:55:50.843+0000] {dag.py:3954} INFO - Setting next_dagrun for tomorrowio_bronze_to_silver to 2026-06-30 14:00:00+00:00, run_after=2026-06-30 15:00:00+00:00
[2026-06-30T14:55:50.850+0000] {processor.py:183} INFO - Processing /opt/airflow/dags/dag_tomorrowio.py took 0.687 seconds
[2026-06-30T14:56:21.665+0000] {processor.py:161} INFO - Started process (PID=8289) to work on /opt/airflow/dags/dag_tomorrowio.py
[2026-06-30T14:56:21.668+0000] {processor.py:830} INFO - Processing file /opt/airflow/dags/dag_tomorrowio.py for tasks to queue
[2026-06-30T14:56:21.669+0000] {logging_mixin.py:188} INFO - [2026-06-30T14:56:21.669+0000] {dagbag.py:545} INFO - Filling up the DagBag from /opt/airflow/dags/dag_tomorrowio.py
[2026-06-30T14:56:22.154+0000] {processor.py:840} INFO - DAG(s) 'tomorrowio_bronze_to_silver' retrieved from /opt/airflow/dags/dag_tomorrowio.py
[2026-06-30T14:56:22.171+0000] {logging_mixin.py:188} INFO - [2026-06-30T14:56:22.171+0000] {dag.py:3096} INFO - Sync 1 DAGs
[2026-06-30T14:56:22.183+0000] {logging_mixin.py:188} INFO - [2026-06-30T14:56:22.183+0000] {dag.py:3954} INFO - Setting next_dagrun for tomorrowio_bronze_to_silver to 2026-06-30 14:00:00+00:00, run_after=2026-06-30 15:00:00+00:00
[2026-06-30T14:56:22.191+0000] {processor.py:183} INFO - Processing /opt/airflow/dags/dag_tomorrowio.py took 0.533 seconds
[2026-06-30T14:56:52.863+0000] {processor.py:161} INFO - Started process (PID=8322) to work on /opt/airflow/dags/dag_tomorrowio.py
[2026-06-30T14:56:52.865+0000] {processor.py:830} INFO - Processing file /opt/airflow/dags/dag_tomorrowio.py for tasks to queue
[2026-06-30T14:56:52.865+0000] {logging_mixin.py:188} INFO - [2026-06-30T14:56:52.865+0000] {dagbag.py:545} INFO - Filling up the DagBag from /opt/airflow/dags/dag_tomorrowio.py
[2026-06-30T14:56:53.359+0000] {processor.py:840} INFO - DAG(s) 'tomorrowio_bronze_to_silver' retrieved from /opt/airflow/dags/dag_tomorrowio.py
[2026-06-30T14:56:53.373+0000] {logging_mixin.py:188} INFO - [2026-06-30T14:56:53.373+0000] {dag.py:3096} INFO - Sync 1 DAGs
[2026-06-30T14:56:53.384+0000] {logging_mixin.py:188} INFO - [2026-06-30T14:56:53.384+0000] {dag.py:3954} INFO - Setting next_dagrun for tomorrowio_bronze_to_silver to 2026-06-30 14:00:00+00:00, run_after=2026-06-30 15:00:00+00:00
[2026-06-30T14:56:53.393+0000] {processor.py:183} INFO - Processing /opt/airflow/dags/dag_tomorrowio.py took 0.540 seconds
[2026-06-30T14:57:23.951+0000] {processor.py:161} INFO - Started process (PID=8355) to work on /opt/airflow/dags/dag_tomorrowio.py
[2026-06-30T14:57:23.952+0000] {processor.py:830} INFO - Processing file /opt/airflow/dags/dag_tomorrowio.py for tasks to queue
[2026-06-30T14:57:23.953+0000] {logging_mixin.py:188} INFO - [2026-06-30T14:57:23.952+0000] {dagbag.py:545} INFO - Filling up the DagBag from /opt/airflow/dags/dag_tomorrowio.py
[2026-06-30T14:57:24.410+0000] {processor.py:840} INFO - DAG(s) 'tomorrowio_bronze_to_silver' retrieved from /opt/airflow/dags/dag_tomorrowio.py
[2026-06-30T14:57:24.427+0000] {logging_mixin.py:188} INFO - [2026-06-30T14:57:24.426+0000] {dag.py:3096} INFO - Sync 1 DAGs
[2026-06-30T14:57:24.438+0000] {logging_mixin.py:188} INFO - [2026-06-30T14:57:24.438+0000] {dag.py:3954} INFO - Setting next_dagrun for tomorrowio_bronze_to_silver to 2026-06-30 14:00:00+00:00, run_after=2026-06-30 15:00:00+00:00
[2026-06-30T14:57:24.449+0000] {processor.py:183} INFO - Processing /opt/airflow/dags/dag_tomorrowio.py took 0.503 seconds
[2026-06-30T14:57:55.095+0000] {processor.py:161} INFO - Started process (PID=8388) to work on /opt/airflow/dags/dag_tomorrowio.py
[2026-06-30T14:57:55.096+0000] {processor.py:830} INFO - Processing file /opt/airflow/dags/dag_tomorrowio.py for tasks to queue
[2026-06-30T14:57:55.097+0000] {logging_mixin.py:188} INFO - [2026-06-30T14:57:55.097+0000] {dagbag.py:545} INFO - Filling up the DagBag from /opt/airflow/dags/dag_tomorrowio.py
[2026-06-30T14:57:55.521+0000] {processor.py:840} INFO - DAG(s) 'tomorrowio_bronze_to_silver' retrieved from /opt/airflow/dags/dag_tomorrowio.py
[2026-06-30T14:57:55.533+0000] {logging_mixin.py:188} INFO - [2026-06-30T14:57:55.533+0000] {dag.py:3096} INFO - Sync 1 DAGs
[2026-06-30T14:57:55.545+0000] {logging_mixin.py:188} INFO - [2026-06-30T14:57:55.545+0000] {dag.py:3954} INFO - Setting next_dagrun for tomorrowio_bronze_to_silver to 2026-06-30 14:00:00+00:00, run_after=2026-06-30 15:00:00+00:00
[2026-06-30T14:57:55.553+0000] {processor.py:183} INFO - Processing /opt/airflow/dags/dag_tomorrowio.py took 0.463 seconds
[2026-06-30T14:58:26.172+0000] {processor.py:161} INFO - Started process (PID=8421) to work on /opt/airflow/dags/dag_tomorrowio.py
[2026-06-30T14:58:26.174+0000] {processor.py:830} INFO - Processing file /opt/airflow/dags/dag_tomorrowio.py for tasks to queue
[2026-06-30T14:58:26.175+0000] {logging_mixin.py:188} INFO - [2026-06-30T14:58:26.175+0000] {dagbag.py:545} INFO - Filling up the DagBag from /opt/airflow/dags/dag_tomorrowio.py
[2026-06-30T14:58:26.695+0000] {processor.py:840} INFO - DAG(s) 'tomorrowio_bronze_to_silver' retrieved from /opt/airflow/dags/dag_tomorrowio.py
[2026-06-30T14:58:26.708+0000] {logging_mixin.py:188} INFO - [2026-06-30T14:58:26.708+0000] {dag.py:3096} INFO - Sync 1 DAGs
[2026-06-30T14:58:26.718+0000] {logging_mixin.py:188} INFO - [2026-06-30T14:58:26.717+0000] {dag.py:3954} INFO - Setting next_dagrun for tomorrowio_bronze_to_silver to 2026-06-30 14:00:00+00:00, run_after=2026-06-30 15:00:00+00:00
[2026-06-30T14:58:26.724+0000] {processor.py:183} INFO - Processing /opt/airflow/dags/dag_tomorrowio.py took 0.564 seconds
[2026-06-30T14:58:57.477+0000] {processor.py:161} INFO - Started process (PID=8454) to work on /opt/airflow/dags/dag_tomorrowio.py
[2026-06-30T14:58:57.480+0000] {processor.py:830} INFO - Processing file /opt/airflow/dags/dag_tomorrowio.py for tasks to queue
[2026-06-30T14:58:57.482+0000] {logging_mixin.py:188} INFO - [2026-06-30T14:58:57.482+0000] {dagbag.py:545} INFO - Filling up the DagBag from /opt/airflow/dags/dag_tomorrowio.py
[2026-06-30T14:58:58.127+0000] {processor.py:840} INFO - DAG(s) 'tomorrowio_bronze_to_silver' retrieved from /opt/airflow/dags/dag_tomorrowio.py
[2026-06-30T14:58:58.147+0000] {logging_mixin.py:188} INFO - [2026-06-30T14:58:58.147+0000] {dag.py:3096} INFO - Sync 1 DAGs
[2026-06-30T14:58:58.159+0000] {logging_mixin.py:188} INFO - [2026-06-30T14:58:58.159+0000] {dag.py:3954} INFO - Setting next_dagrun for tomorrowio_bronze_to_silver to 2026-06-30 14:00:00+00:00, run_after=2026-06-30 15:00:00+00:00
[2026-06-30T14:58:58.168+0000] {processor.py:183} INFO - Processing /opt/airflow/dags/dag_tomorrowio.py took 0.708 seconds
[2026-06-30T14:59:28.797+0000] {processor.py:161} INFO - Started process (PID=8487) to work on /opt/airflow/dags/dag_tomorrowio.py
[2026-06-30T14:59:28.800+0000] {processor.py:830} INFO - Processing file /opt/airflow/dags/dag_tomorrowio.py for tasks to queue
[2026-06-30T14:59:28.802+0000] {logging_mixin.py:188} INFO - [2026-06-30T14:59:28.802+0000] {dagbag.py:545} INFO - Filling up the DagBag from /opt/airflow/dags/dag_tomorrowio.py
[2026-06-30T14:59:29.274+0000] {processor.py:840} INFO - DAG(s) 'tomorrowio_bronze_to_silver' retrieved from /opt/airflow/dags/dag_tomorrowio.py
[2026-06-30T14:59:29.299+0000] {logging_mixin.py:188} INFO - [2026-06-30T14:59:29.299+0000] {dag.py:3096} INFO - Sync 1 DAGs
[2026-06-30T14:59:29.308+0000] {logging_mixin.py:188} INFO - [2026-06-30T14:59:29.308+0000] {dag.py:3954} INFO - Setting next_dagrun for tomorrowio_bronze_to_silver to 2026-06-30 14:00:00+00:00, run_after=2026-06-30 15:00:00+00:00
[2026-06-30T14:59:29.317+0000] {processor.py:183} INFO - Processing /opt/airflow/dags/dag_tomorrowio.py took 0.532 seconds
[2026-06-30T15:00:00.054+0000] {processor.py:161} INFO - Started process (PID=8520) to work on /opt/airflow/dags/dag_tomorrowio.py
[2026-06-30T15:00:00.058+0000] {processor.py:830} INFO - Processing file /opt/airflow/dags/dag_tomorrowio.py for tasks to queue
[2026-06-30T15:00:00.060+0000] {logging_mixin.py:188} INFO - [2026-06-30T15:00:00.059+0000] {dagbag.py:545} INFO - Filling up the DagBag from /opt/airflow/dags/dag_tomorrowio.py
[2026-06-30T15:00:00.745+0000] {processor.py:840} INFO - DAG(s) 'tomorrowio_bronze_to_silver' retrieved from /opt/airflow/dags/dag_tomorrowio.py
[2026-06-30T15:00:00.770+0000] {logging_mixin.py:188} INFO - [2026-06-30T15:00:00.770+0000] {dag.py:3096} INFO - Sync 1 DAGs
[2026-06-30T15:00:00.786+0000] {logging_mixin.py:188} INFO - [2026-06-30T15:00:00.786+0000] {dag.py:3954} INFO - Setting next_dagrun for tomorrowio_bronze_to_silver to 2026-06-30 15:00:00+00:00, run_after=2026-06-30 16:00:00+00:00
[2026-06-30T15:00:00.805+0000] {processor.py:183} INFO - Processing /opt/airflow/dags/dag_tomorrowio.py took 0.778 seconds
[2026-06-30T15:00:31.340+0000] {processor.py:161} INFO - Started process (PID=8570) to work on /opt/airflow/dags/dag_tomorrowio.py
[2026-06-30T15:00:31.345+0000] {processor.py:830} INFO - Processing file /opt/airflow/dags/dag_tomorrowio.py for tasks to queue
[2026-06-30T15:00:31.345+0000] {logging_mixin.py:188} INFO - [2026-06-30T15:00:31.345+0000] {dagbag.py:545} INFO - Filling up the DagBag from /opt/airflow/dags/dag_tomorrowio.py
[2026-06-30T15:00:31.840+0000] {processor.py:840} INFO - DAG(s) 'tomorrowio_bronze_to_silver' retrieved from /opt/airflow/dags/dag_tomorrowio.py
[2026-06-30T15:00:31.859+0000] {logging_mixin.py:188} INFO - [2026-06-30T15:00:31.859+0000] {dag.py:3096} INFO - Sync 1 DAGs
[2026-06-30T15:00:31.870+0000] {logging_mixin.py:188} INFO - [2026-06-30T15:00:31.870+0000] {dag.py:3954} INFO - Setting next_dagrun for tomorrowio_bronze_to_silver to 2026-06-30 15:00:00+00:00, run_after=2026-06-30 16:00:00+00:00
[2026-06-30T15:00:31.879+0000] {processor.py:183} INFO - Processing /opt/airflow/dags/dag_tomorrowio.py took 0.561 seconds
[2026-06-30T15:01:02.562+0000] {processor.py:161} INFO - Started process (PID=8603) to work on /opt/airflow/dags/dag_tomorrowio.py
[2026-06-30T15:01:02.567+0000] {processor.py:830} INFO - Processing file /opt/airflow/dags/dag_tomorrowio.py for tasks to queue
[2026-06-30T15:01:02.569+0000] {logging_mixin.py:188} INFO - [2026-06-30T15:01:02.569+0000] {dagbag.py:545} INFO - Filling up the DagBag from /opt/airflow/dags/dag_tomorrowio.py
[2026-06-30T15:01:03.070+0000] {processor.py:840} INFO - DAG(s) 'tomorrowio_bronze_to_silver' retrieved from /opt/airflow/dags/dag_tomorrowio.py
[2026-06-30T15:01:03.089+0000] {logging_mixin.py:188} INFO - [2026-06-30T15:01:03.089+0000] {dag.py:3096} INFO - Sync 1 DAGs
[2026-06-30T15:01:03.100+0000] {logging_mixin.py:188} INFO - [2026-06-30T15:01:03.100+0000] {dag.py:3954} INFO - Setting next_dagrun for tomorrowio_bronze_to_silver to 2026-06-30 15:00:00+00:00, run_after=2026-06-30 16:00:00+00:00
[2026-06-30T15:01:03.108+0000] {processor.py:183} INFO - Processing /opt/airflow/dags/dag_tomorrowio.py took 0.557 seconds
[2026-06-30T15:01:33.766+0000] {processor.py:161} INFO - Started process (PID=8636) to work on /opt/airflow/dags/dag_tomorrowio.py
[2026-06-30T15:01:33.767+0000] {processor.py:830} INFO - Processing file /opt/airflow/dags/dag_tomorrowio.py for tasks to queue
[2026-06-30T15:01:33.768+0000] {logging_mixin.py:188} INFO - [2026-06-30T15:01:33.768+0000] {dagbag.py:545} INFO - Filling up the DagBag from /opt/airflow/dags/dag_tomorrowio.py
[2026-06-30T15:01:34.264+0000] {processor.py:840} INFO - DAG(s) 'tomorrowio_bronze_to_silver' retrieved from /opt/airflow/dags/dag_tomorrowio.py
[2026-06-30T15:01:34.277+0000] {logging_mixin.py:188} INFO - [2026-06-30T15:01:34.277+0000] {dag.py:3096} INFO - Sync 1 DAGs
[2026-06-30T15:01:34.295+0000] {logging_mixin.py:188} INFO - [2026-06-30T15:01:34.295+0000] {dag.py:3954} INFO - Setting next_dagrun for tomorrowio_bronze_to_silver to 2026-06-30 15:00:00+00:00, run_after=2026-06-30 16:00:00+00:00
[2026-06-30T15:01:34.303+0000] {processor.py:183} INFO - Processing /opt/airflow/dags/dag_tomorrowio.py took 0.543 seconds
[2026-06-30T15:02:04.966+0000] {processor.py:161} INFO - Started process (PID=8669) to work on /opt/airflow/dags/dag_tomorrowio.py
[2026-06-30T15:02:04.970+0000] {processor.py:830} INFO - Processing file /opt/airflow/dags/dag_tomorrowio.py for tasks to queue
[2026-06-30T15:02:04.972+0000] {logging_mixin.py:188} INFO - [2026-06-30T15:02:04.971+0000] {dagbag.py:545} INFO - Filling up the DagBag from /opt/airflow/dags/dag_tomorrowio.py
[2026-06-30T15:02:05.517+0000] {processor.py:840} INFO - DAG(s) 'tomorrowio_bronze_to_silver' retrieved from /opt/airflow/dags/dag_tomorrowio.py
[2026-06-30T15:02:05.540+0000] {logging_mixin.py:188} INFO - [2026-06-30T15:02:05.540+0000] {dag.py:3096} INFO - Sync 1 DAGs
[2026-06-30T15:02:05.554+0000] {logging_mixin.py:188} INFO - [2026-06-30T15:02:05.553+0000] {dag.py:3954} INFO - Setting next_dagrun for tomorrowio_bronze_to_silver to 2026-06-30 15:00:00+00:00, run_after=2026-06-30 16:00:00+00:00
[2026-06-30T15:02:05.564+0000] {processor.py:183} INFO - Processing /opt/airflow/dags/dag_tomorrowio.py took 0.609 seconds
[2026-06-30T15:02:36.182+0000] {processor.py:161} INFO - Started process (PID=8702) to work on /opt/airflow/dags/dag_tomorrowio.py
[2026-06-30T15:02:36.183+0000] {processor.py:830} INFO - Processing file /opt/airflow/dags/dag_tomorrowio.py for tasks to queue
[2026-06-30T15:02:36.183+0000] {logging_mixin.py:188} INFO - [2026-06-30T15:02:36.183+0000] {dagbag.py:545} INFO - Filling up the DagBag from /opt/airflow/dags/dag_tomorrowio.py
[2026-06-30T15:02:36.597+0000] {processor.py:840} INFO - DAG(s) 'tomorrowio_bronze_to_silver' retrieved from /opt/airflow/dags/dag_tomorrowio.py
[2026-06-30T15:02:36.609+0000] {logging_mixin.py:188} INFO - [2026-06-30T15:02:36.609+0000] {dag.py:3096} INFO - Sync 1 DAGs
[2026-06-30T15:02:36.619+0000] {logging_mixin.py:188} INFO - [2026-06-30T15:02:36.619+0000] {dag.py:3954} INFO - Setting next_dagrun for tomorrowio_bronze_to_silver to 2026-06-30 15:00:00+00:00, run_after=2026-06-30 16:00:00+00:00
[2026-06-30T15:02:36.628+0000] {processor.py:183} INFO - Processing /opt/airflow/dags/dag_tomorrowio.py took 0.452 seconds
[2026-06-30T15:03:07.253+0000] {processor.py:161} INFO - Started process (PID=8735) to work on /opt/airflow/dags/dag_tomorrowio.py
[2026-06-30T15:03:07.256+0000] {processor.py:830} INFO - Processing file /opt/airflow/dags/dag_tomorrowio.py for tasks to queue
[2026-06-30T15:03:07.257+0000] {logging_mixin.py:188} INFO - [2026-06-30T15:03:07.257+0000] {dagbag.py:545} INFO - Filling up the DagBag from /opt/airflow/dags/dag_tomorrowio.py
[2026-06-30T15:03:07.731+0000] {processor.py:840} INFO - DAG(s) 'tomorrowio_bronze_to_silver' retrieved from /opt/airflow/dags/dag_tomorrowio.py
[2026-06-30T15:03:07.753+0000] {logging_mixin.py:188} INFO - [2026-06-30T15:03:07.753+0000] {dag.py:3096} INFO - Sync 1 DAGs
[2026-06-30T15:03:07.767+0000] {logging_mixin.py:188} INFO - [2026-06-30T15:03:07.767+0000] {dag.py:3954} INFO - Setting next_dagrun for tomorrowio_bronze_to_silver to 2026-06-30 15:00:00+00:00, run_after=2026-06-30 16:00:00+00:00
[2026-06-30T15:03:07.775+0000] {processor.py:183} INFO - Processing /opt/airflow/dags/dag_tomorrowio.py took 0.531 seconds
[2026-06-30T15:03:38.320+0000] {processor.py:161} INFO - Started process (PID=8768) to work on /opt/airflow/dags/dag_tomorrowio.py
[2026-06-30T15:03:38.322+0000] {processor.py:830} INFO - Processing file /opt/airflow/dags/dag_tomorrowio.py for tasks to queue
[2026-06-30T15:03:38.323+0000] {logging_mixin.py:188} INFO - [2026-06-30T15:03:38.323+0000] {dagbag.py:545} INFO - Filling up the DagBag from /opt/airflow/dags/dag_tomorrowio.py
[2026-06-30T15:03:38.770+0000] {processor.py:840} INFO - DAG(s) 'tomorrowio_bronze_to_silver' retrieved from /opt/airflow/dags/dag_tomorrowio.py
[2026-06-30T15:03:38.788+0000] {logging_mixin.py:188} INFO - [2026-06-30T15:03:38.788+0000] {dag.py:3096} INFO - Sync 1 DAGs
[2026-06-30T15:03:38.799+0000] {logging_mixin.py:188} INFO - [2026-06-30T15:03:38.799+0000] {dag.py:3954} INFO - Setting next_dagrun for tomorrowio_bronze_to_silver to 2026-06-30 15:00:00+00:00, run_after=2026-06-30 16:00:00+00:00
[2026-06-30T15:03:38.806+0000] {processor.py:183} INFO - Processing /opt/airflow/dags/dag_tomorrowio.py took 0.491 seconds
[2026-06-30T15:04:09.402+0000] {processor.py:161} INFO - Started process (PID=8801) to work on /opt/airflow/dags/dag_tomorrowio.py
[2026-06-30T15:04:09.403+0000] {processor.py:830} INFO - Processing file /opt/airflow/dags/dag_tomorrowio.py for tasks to queue
[2026-06-30T15:04:09.404+0000] {logging_mixin.py:188} INFO - [2026-06-30T15:04:09.404+0000] {dagbag.py:545} INFO - Filling up the DagBag from /opt/airflow/dags/dag_tomorrowio.py
[2026-06-30T15:04:09.857+0000] {processor.py:840} INFO - DAG(s) 'tomorrowio_bronze_to_silver' retrieved from /opt/airflow/dags/dag_tomorrowio.py
[2026-06-30T15:04:09.871+0000] {logging_mixin.py:188} INFO - [2026-06-30T15:04:09.871+0000] {dag.py:3096} INFO - Sync 1 DAGs
[2026-06-30T15:04:09.881+0000] {logging_mixin.py:188} INFO - [2026-06-30T15:04:09.881+0000] {dag.py:3954} INFO - Setting next_dagrun for tomorrowio_bronze_to_silver to 2026-06-30 15:00:00+00:00, run_after=2026-06-30 16:00:00+00:00
[2026-06-30T15:04:09.889+0000] {processor.py:183} INFO - Processing /opt/airflow/dags/dag_tomorrowio.py took 0.495 seconds
[2026-06-30T15:04:40.551+0000] {processor.py:161} INFO - Started process (PID=8834) to work on /opt/airflow/dags/dag_tomorrowio.py
[2026-06-30T15:04:40.560+0000] {processor.py:830} INFO - Processing file /opt/airflow/dags/dag_tomorrowio.py for tasks to queue
[2026-06-30T15:04:40.563+0000] {logging_mixin.py:188} INFO - [2026-06-30T15:04:40.561+0000] {dagbag.py:545} INFO - Filling up the DagBag from /opt/airflow/dags/dag_tomorrowio.py
[2026-06-30T15:04:41.141+0000] {processor.py:840} INFO - DAG(s) 'tomorrowio_bronze_to_silver' retrieved from /opt/airflow/dags/dag_tomorrowio.py
[2026-06-30T15:04:41.164+0000] {logging_mixin.py:188} INFO - [2026-06-30T15:04:41.164+0000] {dag.py:3096} INFO - Sync 1 DAGs
[2026-06-30T15:04:41.175+0000] {logging_mixin.py:188} INFO - [2026-06-30T15:04:41.175+0000] {dag.py:3954} INFO - Setting next_dagrun for tomorrowio_bronze_to_silver to 2026-06-30 15:00:00+00:00, run_after=2026-06-30 16:00:00+00:00
[2026-06-30T15:04:41.185+0000] {processor.py:183} INFO - Processing /opt/airflow/dags/dag_tomorrowio.py took 0.659 seconds
[2026-06-30T15:05:11.821+0000] {processor.py:161} INFO - Started process (PID=8871) to work on /opt/airflow/dags/dag_tomorrowio.py
[2026-06-30T15:05:11.826+0000] {processor.py:830} INFO - Processing file /opt/airflow/dags/dag_tomorrowio.py for tasks to queue
[2026-06-30T15:05:11.828+0000] {logging_mixin.py:188} INFO - [2026-06-30T15:05:11.827+0000] {dagbag.py:545} INFO - Filling up the DagBag from /opt/airflow/dags/dag_tomorrowio.py
[2026-06-30T15:05:12.368+0000] {processor.py:840} INFO - DAG(s) 'tomorrowio_bronze_to_silver' retrieved from /opt/airflow/dags/dag_tomorrowio.py
[2026-06-30T15:05:12.389+0000] {logging_mixin.py:188} INFO - [2026-06-30T15:05:12.389+0000] {dag.py:3096} INFO - Sync 1 DAGs
[2026-06-30T15:05:12.402+0000] {logging_mixin.py:188} INFO - [2026-06-30T15:05:12.402+0000] {dag.py:3954} INFO - Setting next_dagrun for tomorrowio_bronze_to_silver to 2026-06-30 15:00:00+00:00, run_after=2026-06-30 16:00:00+00:00
[2026-06-30T15:05:12.411+0000] {processor.py:183} INFO - Processing /opt/airflow/dags/dag_tomorrowio.py took 0.609 seconds
[2026-06-30T15:05:43.130+0000] {processor.py:161} INFO - Started process (PID=8904) to work on /opt/airflow/dags/dag_tomorrowio.py
[2026-06-30T15:05:43.132+0000] {processor.py:830} INFO - Processing file /opt/airflow/dags/dag_tomorrowio.py for tasks to queue
[2026-06-30T15:05:43.133+0000] {logging_mixin.py:188} INFO - [2026-06-30T15:05:43.132+0000] {dagbag.py:545} INFO - Filling up the DagBag from /opt/airflow/dags/dag_tomorrowio.py
[2026-06-30T15:05:43.580+0000] {processor.py:840} INFO - DAG(s) 'tomorrowio_bronze_to_silver' retrieved from /opt/airflow/dags/dag_tomorrowio.py
[2026-06-30T15:05:43.598+0000] {logging_mixin.py:188} INFO - [2026-06-30T15:05:43.598+0000] {dag.py:3096} INFO - Sync 1 DAGs
[2026-06-30T15:05:43.610+0000] {logging_mixin.py:188} INFO - [2026-06-30T15:05:43.610+0000] {dag.py:3954} INFO - Setting next_dagrun for tomorrowio_bronze_to_silver to 2026-06-30 15:00:00+00:00, run_after=2026-06-30 16:00:00+00:00
[2026-06-30T15:05:43.618+0000] {processor.py:183} INFO - Processing /opt/airflow/dags/dag_tomorrowio.py took 0.491 seconds
[2026-06-30T15:06:14.098+0000] {processor.py:161} INFO - Started process (PID=8937) to work on /opt/airflow/dags/dag_tomorrowio.py
[2026-06-30T15:06:14.099+0000] {processor.py:830} INFO - Processing file /opt/airflow/dags/dag_tomorrowio.py for tasks to queue
[2026-06-30T15:06:14.100+0000] {logging_mixin.py:188} INFO - [2026-06-30T15:06:14.100+0000] {dagbag.py:545} INFO - Filling up the DagBag from /opt/airflow/dags/dag_tomorrowio.py
[2026-06-30T15:06:14.555+0000] {processor.py:840} INFO - DAG(s) 'tomorrowio_bronze_to_silver' retrieved from /opt/airflow/dags/dag_tomorrowio.py
[2026-06-30T15:06:14.568+0000] {logging_mixin.py:188} INFO - [2026-06-30T15:06:14.568+0000] {dag.py:3096} INFO - Sync 1 DAGs
[2026-06-30T15:06:14.580+0000] {logging_mixin.py:188} INFO - [2026-06-30T15:06:14.580+0000] {dag.py:3954} INFO - Setting next_dagrun for tomorrowio_bronze_to_silver to 2026-06-30 15:00:00+00:00, run_after=2026-06-30 16:00:00+00:00
[2026-06-30T15:06:14.588+0000] {processor.py:183} INFO - Processing /opt/airflow/dags/dag_tomorrowio.py took 0.497 seconds
[2026-06-30T15:06:45.049+0000] {processor.py:161} INFO - Started process (PID=8970) to work on /opt/airflow/dags/dag_tomorrowio.py
[2026-06-30T15:06:45.051+0000] {processor.py:830} INFO - Processing file /opt/airflow/dags/dag_tomorrowio.py for tasks to queue
[2026-06-30T15:06:45.053+0000] {logging_mixin.py:188} INFO - [2026-06-30T15:06:45.052+0000] {dagbag.py:545} INFO - Filling up the DagBag from /opt/airflow/dags/dag_tomorrowio.py
[2026-06-30T15:06:45.493+0000] {processor.py:840} INFO - DAG(s) 'tomorrowio_bronze_to_silver' retrieved from /opt/airflow/dags/dag_tomorrowio.py
[2026-06-30T15:06:45.509+0000] {logging_mixin.py:188} INFO - [2026-06-30T15:06:45.509+0000] {dag.py:3096} INFO - Sync 1 DAGs
[2026-06-30T15:06:45.520+0000] {logging_mixin.py:188} INFO - [2026-06-30T15:06:45.520+0000] {dag.py:3954} INFO - Setting next_dagrun for tomorrowio_bronze_to_silver to 2026-06-30 15:00:00+00:00, run_after=2026-06-30 16:00:00+00:00
[2026-06-30T15:06:45.529+0000] {processor.py:183} INFO - Processing /opt/airflow/dags/dag_tomorrowio.py took 0.491 seconds
[2026-06-30T15:07:16.098+0000] {processor.py:161} INFO - Started process (PID=9003) to work on /opt/airflow/dags/dag_tomorrowio.py
[2026-06-30T15:07:16.099+0000] {processor.py:830} INFO - Processing file /opt/airflow/dags/dag_tomorrowio.py for tasks to queue
[2026-06-30T15:07:16.100+0000] {logging_mixin.py:188} INFO - [2026-06-30T15:07:16.099+0000] {dagbag.py:545} INFO - Filling up the DagBag from /opt/airflow/dags/dag_tomorrowio.py
[2026-06-30T15:07:16.577+0000] {processor.py:840} INFO - DAG(s) 'tomorrowio_bronze_to_silver' retrieved from /opt/airflow/dags/dag_tomorrowio.py
[2026-06-30T15:07:16.594+0000] {logging_mixin.py:188} INFO - [2026-06-30T15:07:16.594+0000] {dag.py:3096} INFO - Sync 1 DAGs
[2026-06-30T15:07:16.608+0000] {logging_mixin.py:188} INFO - [2026-06-30T15:07:16.607+0000] {dag.py:3954} INFO - Setting next_dagrun for tomorrowio_bronze_to_silver to 2026-06-30 15:00:00+00:00, run_after=2026-06-30 16:00:00+00:00
[2026-06-30T15:07:16.619+0000] {processor.py:183} INFO - Processing /opt/airflow/dags/dag_tomorrowio.py took 0.527 seconds
[2026-06-30T15:07:47.313+0000] {processor.py:161} INFO - Started process (PID=9036) to work on /opt/airflow/dags/dag_tomorrowio.py
[2026-06-30T15:07:47.317+0000] {processor.py:830} INFO - Processing file /opt/airflow/dags/dag_tomorrowio.py for tasks to queue
[2026-06-30T15:07:47.320+0000] {logging_mixin.py:188} INFO - [2026-06-30T15:07:47.319+0000] {dagbag.py:545} INFO - Filling up the DagBag from /opt/airflow/dags/dag_tomorrowio.py
[2026-06-30T15:07:47.795+0000] {processor.py:840} INFO - DAG(s) 'tomorrowio_bronze_to_silver' retrieved from /opt/airflow/dags/dag_tomorrowio.py
[2026-06-30T15:07:47.811+0000] {logging_mixin.py:188} INFO - [2026-06-30T15:07:47.811+0000] {dag.py:3096} INFO - Sync 1 DAGs
[2026-06-30T15:07:47.822+0000] {logging_mixin.py:188} INFO - [2026-06-30T15:07:47.822+0000] {dag.py:3954} INFO - Setting next_dagrun for tomorrowio_bronze_to_silver to 2026-06-30 15:00:00+00:00, run_after=2026-06-30 16:00:00+00:00
[2026-06-30T15:07:47.830+0000] {processor.py:183} INFO - Processing /opt/airflow/dags/dag_tomorrowio.py took 0.541 seconds
[2026-06-30T15:08:18.497+0000] {processor.py:161} INFO - Started process (PID=9069) to work on /opt/airflow/dags/dag_tomorrowio.py
[2026-06-30T15:08:18.501+0000] {processor.py:830} INFO - Processing file /opt/airflow/dags/dag_tomorrowio.py for tasks to queue
[2026-06-30T15:08:18.503+0000] {logging_mixin.py:188} INFO - [2026-06-30T15:08:18.502+0000] {dagbag.py:545} INFO - Filling up the DagBag from /opt/airflow/dags/dag_tomorrowio.py
[2026-06-30T15:08:18.994+0000] {processor.py:840} INFO - DAG(s) 'tomorrowio_bronze_to_silver' retrieved from /opt/airflow/dags/dag_tomorrowio.py
[2026-06-30T15:08:19.009+0000] {logging_mixin.py:188} INFO - [2026-06-30T15:08:19.009+0000] {dag.py:3096} INFO - Sync 1 DAGs
[2026-06-30T15:08:19.021+0000] {logging_mixin.py:188} INFO - [2026-06-30T15:08:19.020+0000] {dag.py:3954} INFO - Setting next_dagrun for tomorrowio_bronze_to_silver to 2026-06-30 15:00:00+00:00, run_after=2026-06-30 16:00:00+00:00
[2026-06-30T15:08:19.032+0000] {processor.py:183} INFO - Processing /opt/airflow/dags/dag_tomorrowio.py took 0.549 seconds
[2026-06-30T15:08:49.469+0000] {processor.py:161} INFO - Started process (PID=9102) to work on /opt/airflow/dags/dag_tomorrowio.py
[2026-06-30T15:08:49.471+0000] {processor.py:830} INFO - Processing file /opt/airflow/dags/dag_tomorrowio.py for tasks to queue
[2026-06-30T15:08:49.472+0000] {logging_mixin.py:188} INFO - [2026-06-30T15:08:49.472+0000] {dagbag.py:545} INFO - Filling up the DagBag from /opt/airflow/dags/dag_tomorrowio.py
[2026-06-30T15:08:49.937+0000] {processor.py:840} INFO - DAG(s) 'tomorrowio_bronze_to_silver' retrieved from /opt/airflow/dags/dag_tomorrowio.py
[2026-06-30T15:08:49.954+0000] {logging_mixin.py:188} INFO - [2026-06-30T15:08:49.954+0000] {dag.py:3096} INFO - Sync 1 DAGs
[2026-06-30T15:08:49.966+0000] {logging_mixin.py:188} INFO - [2026-06-30T15:08:49.965+0000] {dag.py:3954} INFO - Setting next_dagrun for tomorrowio_bronze_to_silver to 2026-06-30 15:00:00+00:00, run_after=2026-06-30 16:00:00+00:00
[2026-06-30T15:08:49.977+0000] {processor.py:183} INFO - Processing /opt/airflow/dags/dag_tomorrowio.py took 0.521 seconds
[2026-06-30T15:09:20.681+0000] {processor.py:161} INFO - Started process (PID=9135) to work on /opt/airflow/dags/dag_tomorrowio.py
[2026-06-30T15:09:20.683+0000] {processor.py:830} INFO - Processing file /opt/airflow/dags/dag_tomorrowio.py for tasks to queue
[2026-06-30T15:09:20.684+0000] {logging_mixin.py:188} INFO - [2026-06-30T15:09:20.684+0000] {dagbag.py:545} INFO - Filling up the DagBag from /opt/airflow/dags/dag_tomorrowio.py
[2026-06-30T15:09:21.177+0000] {processor.py:840} INFO - DAG(s) 'tomorrowio_bronze_to_silver' retrieved from /opt/airflow/dags/dag_tomorrowio.py
[2026-06-30T15:09:21.196+0000] {logging_mixin.py:188} INFO - [2026-06-30T15:09:21.196+0000] {dag.py:3096} INFO - Sync 1 DAGs
[2026-06-30T15:09:21.208+0000] {logging_mixin.py:188} INFO - [2026-06-30T15:09:21.208+0000] {dag.py:3954} INFO - Setting next_dagrun for tomorrowio_bronze_to_silver to 2026-06-30 15:00:00+00:00, run_after=2026-06-30 16:00:00+00:00
[2026-06-30T15:09:21.217+0000] {processor.py:183} INFO - Processing /opt/airflow/dags/dag_tomorrowio.py took 0.545 seconds
[2026-06-30T15:09:51.889+0000] {processor.py:161} INFO - Started process (PID=9168) to work on /opt/airflow/dags/dag_tomorrowio.py
[2026-06-30T15:09:51.890+0000] {processor.py:830} INFO - Processing file /opt/airflow/dags/dag_tomorrowio.py for tasks to queue
[2026-06-30T15:09:51.891+0000] {logging_mixin.py:188} INFO - [2026-06-30T15:09:51.891+0000] {dagbag.py:545} INFO - Filling up the DagBag from /opt/airflow/dags/dag_tomorrowio.py
[2026-06-30T15:09:52.498+0000] {processor.py:840} INFO - DAG(s) 'tomorrowio_bronze_to_silver' retrieved from /opt/airflow/dags/dag_tomorrowio.py
[2026-06-30T15:09:52.513+0000] {logging_mixin.py:188} INFO - [2026-06-30T15:09:52.512+0000] {dag.py:3096} INFO - Sync 1 DAGs
[2026-06-30T15:09:52.523+0000] {logging_mixin.py:188} INFO - [2026-06-30T15:09:52.523+0000] {dag.py:3954} INFO - Setting next_dagrun for tomorrowio_bronze_to_silver to 2026-06-30 15:00:00+00:00, run_after=2026-06-30 16:00:00+00:00
[2026-06-30T15:09:52.531+0000] {processor.py:183} INFO - Processing /opt/airflow/dags/dag_tomorrowio.py took 0.665 seconds
[2026-06-30T15:10:23.208+0000] {processor.py:161} INFO - Started process (PID=9201) to work on /opt/airflow/dags/dag_tomorrowio.py
[2026-06-30T15:10:23.210+0000] {processor.py:830} INFO - Processing file /opt/airflow/dags/dag_tomorrowio.py for tasks to queue
[2026-06-30T15:10:23.211+0000] {logging_mixin.py:188} INFO - [2026-06-30T15:10:23.210+0000] {dagbag.py:545} INFO - Filling up the DagBag from /opt/airflow/dags/dag_tomorrowio.py
[2026-06-30T15:10:23.663+0000] {processor.py:840} INFO - DAG(s) 'tomorrowio_bronze_to_silver' retrieved from /opt/airflow/dags/dag_tomorrowio.py
[2026-06-30T15:10:23.682+0000] {logging_mixin.py:188} INFO - [2026-06-30T15:10:23.682+0000] {dag.py:3096} INFO - Sync 1 DAGs
[2026-06-30T15:10:23.694+0000] {logging_mixin.py:188} INFO - [2026-06-30T15:10:23.693+0000] {dag.py:3954} INFO - Setting next_dagrun for tomorrowio_bronze_to_silver to 2026-06-30 15:00:00+00:00, run_after=2026-06-30 16:00:00+00:00
[2026-06-30T15:10:23.702+0000] {processor.py:183} INFO - Processing /opt/airflow/dags/dag_tomorrowio.py took 0.500 seconds
[2026-06-30T15:10:54.357+0000] {processor.py:161} INFO - Started process (PID=9234) to work on /opt/airflow/dags/dag_tomorrowio.py
[2026-06-30T15:10:54.358+0000] {processor.py:830} INFO - Processing file /opt/airflow/dags/dag_tomorrowio.py for tasks to queue
[2026-06-30T15:10:54.361+0000] {logging_mixin.py:188} INFO - [2026-06-30T15:10:54.360+0000] {dagbag.py:545} INFO - Filling up the DagBag from /opt/airflow/dags/dag_tomorrowio.py
[2026-06-30T15:10:54.860+0000] {processor.py:840} INFO - DAG(s) 'tomorrowio_bronze_to_silver' retrieved from /opt/airflow/dags/dag_tomorrowio.py
[2026-06-30T15:10:54.886+0000] {logging_mixin.py:188} INFO - [2026-06-30T15:10:54.886+0000] {dag.py:3096} INFO - Sync 1 DAGs
[2026-06-30T15:10:54.906+0000] {logging_mixin.py:188} INFO - [2026-06-30T15:10:54.906+0000] {dag.py:3954} INFO - Setting next_dagrun for tomorrowio_bronze_to_silver to 2026-06-30 15:00:00+00:00, run_after=2026-06-30 16:00:00+00:00
[2026-06-30T15:10:54.924+0000] {processor.py:183} INFO - Processing /opt/airflow/dags/dag_tomorrowio.py took 0.579 seconds
[2026-06-30T15:11:25.789+0000] {processor.py:161} INFO - Started process (PID=9267) to work on /opt/airflow/dags/dag_tomorrowio.py
[2026-06-30T15:11:25.790+0000] {processor.py:830} INFO - Processing file /opt/airflow/dags/dag_tomorrowio.py for tasks to queue
[2026-06-30T15:11:25.792+0000] {logging_mixin.py:188} INFO - [2026-06-30T15:11:25.791+0000] {dagbag.py:545} INFO - Filling up the DagBag from /opt/airflow/dags/dag_tomorrowio.py
[2026-06-30T15:11:26.316+0000] {processor.py:840} INFO - DAG(s) 'tomorrowio_bronze_to_silver' retrieved from /opt/airflow/dags/dag_tomorrowio.py
[2026-06-30T15:11:26.338+0000] {logging_mixin.py:188} INFO - [2026-06-30T15:11:26.337+0000] {dag.py:3096} INFO - Sync 1 DAGs
[2026-06-30T15:11:26.356+0000] {logging_mixin.py:188} INFO - [2026-06-30T15:11:26.356+0000] {dag.py:3954} INFO - Setting next_dagrun for tomorrowio_bronze_to_silver to 2026-06-30 15:00:00+00:00, run_after=2026-06-30 16:00:00+00:00
[2026-06-30T15:11:26.378+0000] {processor.py:183} INFO - Processing /opt/airflow/dags/dag_tomorrowio.py took 0.598 seconds
[2026-06-30T15:11:57.248+0000] {processor.py:161} INFO - Started process (PID=9300) to work on /opt/airflow/dags/dag_tomorrowio.py
[2026-06-30T15:11:57.255+0000] {processor.py:830} INFO - Processing file /opt/airflow/dags/dag_tomorrowio.py for tasks to queue
[2026-06-30T15:11:57.256+0000] {logging_mixin.py:188} INFO - [2026-06-30T15:11:57.255+0000] {dagbag.py:545} INFO - Filling up the DagBag from /opt/airflow/dags/dag_tomorrowio.py
[2026-06-30T15:11:58.031+0000] {processor.py:840} INFO - DAG(s) 'tomorrowio_bronze_to_silver' retrieved from /opt/airflow/dags/dag_tomorrowio.py
[2026-06-30T15:11:58.057+0000] {logging_mixin.py:188} INFO - [2026-06-30T15:11:58.056+0000] {dag.py:3096} INFO - Sync 1 DAGs
[2026-06-30T15:11:58.072+0000] {logging_mixin.py:188} INFO - [2026-06-30T15:11:58.071+0000] {dag.py:3954} INFO - Setting next_dagrun for tomorrowio_bronze_to_silver to 2026-06-30 15:00:00+00:00, run_after=2026-06-30 16:00:00+00:00
[2026-06-30T15:11:58.082+0000] {processor.py:183} INFO - Processing /opt/airflow/dags/dag_tomorrowio.py took 0.858 seconds
[2026-06-30T15:12:28.559+0000] {processor.py:161} INFO - Started process (PID=9333) to work on /opt/airflow/dags/dag_tomorrowio.py
[2026-06-30T15:12:28.561+0000] {processor.py:830} INFO - Processing file /opt/airflow/dags/dag_tomorrowio.py for tasks to queue
[2026-06-30T15:12:28.563+0000] {logging_mixin.py:188} INFO - [2026-06-30T15:12:28.562+0000] {dagbag.py:545} INFO - Filling up the DagBag from /opt/airflow/dags/dag_tomorrowio.py
[2026-06-30T15:12:29.069+0000] {processor.py:840} INFO - DAG(s) 'tomorrowio_bronze_to_silver' retrieved from /opt/airflow/dags/dag_tomorrowio.py
[2026-06-30T15:12:29.090+0000] {logging_mixin.py:188} INFO - [2026-06-30T15:12:29.090+0000] {dag.py:3096} INFO - Sync 1 DAGs
[2026-06-30T15:12:29.105+0000] {logging_mixin.py:188} INFO - [2026-06-30T15:12:29.104+0000] {dag.py:3954} INFO - Setting next_dagrun for tomorrowio_bronze_to_silver to 2026-06-30 15:00:00+00:00, run_after=2026-06-30 16:00:00+00:00
[2026-06-30T15:12:29.119+0000] {processor.py:183} INFO - Processing /opt/airflow/dags/dag_tomorrowio.py took 0.572 seconds
[2026-06-30T15:12:59.928+0000] {processor.py:161} INFO - Started process (PID=9366) to work on /opt/airflow/dags/dag_tomorrowio.py
[2026-06-30T15:12:59.931+0000] {processor.py:830} INFO - Processing file /opt/airflow/dags/dag_tomorrowio.py for tasks to queue
[2026-06-30T15:12:59.934+0000] {logging_mixin.py:188} INFO - [2026-06-30T15:12:59.933+0000] {dagbag.py:545} INFO - Filling up the DagBag from /opt/airflow/dags/dag_tomorrowio.py
[2026-06-30T15:13:00.721+0000] {processor.py:840} INFO - DAG(s) 'tomorrowio_bronze_to_silver' retrieved from /opt/airflow/dags/dag_tomorrowio.py
[2026-06-30T15:13:00.745+0000] {logging_mixin.py:188} INFO - [2026-06-30T15:13:00.745+0000] {dag.py:3096} INFO - Sync 1 DAGs
[2026-06-30T15:13:00.762+0000] {logging_mixin.py:188} INFO - [2026-06-30T15:13:00.762+0000] {dag.py:3954} INFO - Setting next_dagrun for tomorrowio_bronze_to_silver to 2026-06-30 15:00:00+00:00, run_after=2026-06-30 16:00:00+00:00
[2026-06-30T15:13:00.779+0000] {processor.py:183} INFO - Processing /opt/airflow/dags/dag_tomorrowio.py took 0.882 seconds
[2026-06-30T15:13:31.365+0000] {processor.py:161} INFO - Started process (PID=9399) to work on /opt/airflow/dags/dag_tomorrowio.py
[2026-06-30T15:13:31.369+0000] {processor.py:830} INFO - Processing file /opt/airflow/dags/dag_tomorrowio.py for tasks to queue
[2026-06-30T15:13:31.371+0000] {logging_mixin.py:188} INFO - [2026-06-30T15:13:31.370+0000] {dagbag.py:545} INFO - Filling up the DagBag from /opt/airflow/dags/dag_tomorrowio.py
[2026-06-30T15:13:31.898+0000] {processor.py:840} INFO - DAG(s) 'tomorrowio_bronze_to_silver' retrieved from /opt/airflow/dags/dag_tomorrowio.py
[2026-06-30T15:13:31.923+0000] {logging_mixin.py:188} INFO - [2026-06-30T15:13:31.923+0000] {dag.py:3096} INFO - Sync 1 DAGs
[2026-06-30T15:13:31.939+0000] {logging_mixin.py:188} INFO - [2026-06-30T15:13:31.939+0000] {dag.py:3954} INFO - Setting next_dagrun for tomorrowio_bronze_to_silver to 2026-06-30 15:00:00+00:00, run_after=2026-06-30 16:00:00+00:00
[2026-06-30T15:13:31.956+0000] {processor.py:183} INFO - Processing /opt/airflow/dags/dag_tomorrowio.py took 0.606 seconds
[2026-06-30T15:14:02.707+0000] {processor.py:161} INFO - Started process (PID=9432) to work on /opt/airflow/dags/dag_tomorrowio.py
[2026-06-30T15:14:02.711+0000] {processor.py:830} INFO - Processing file /opt/airflow/dags/dag_tomorrowio.py for tasks to queue
[2026-06-30T15:14:02.712+0000] {logging_mixin.py:188} INFO - [2026-06-30T15:14:02.712+0000] {dagbag.py:545} INFO - Filling up the DagBag from /opt/airflow/dags/dag_tomorrowio.py
[2026-06-30T15:14:03.226+0000] {processor.py:840} INFO - DAG(s) 'tomorrowio_bronze_to_silver' retrieved from /opt/airflow/dags/dag_tomorrowio.py
[2026-06-30T15:14:03.247+0000] {logging_mixin.py:188} INFO - [2026-06-30T15:14:03.247+0000] {dag.py:3096} INFO - Sync 1 DAGs
[2026-06-30T15:14:03.264+0000] {logging_mixin.py:188} INFO - [2026-06-30T15:14:03.264+0000] {dag.py:3954} INFO - Setting next_dagrun for tomorrowio_bronze_to_silver to 2026-06-30 15:00:00+00:00, run_after=2026-06-30 16:00:00+00:00
[2026-06-30T15:14:03.275+0000] {processor.py:183} INFO - Processing /opt/airflow/dags/dag_tomorrowio.py took 0.580 seconds
[2026-06-30T15:14:33.951+0000] {processor.py:161} INFO - Started process (PID=9465) to work on /opt/airflow/dags/dag_tomorrowio.py
[2026-06-30T15:14:33.954+0000] {processor.py:830} INFO - Processing file /opt/airflow/dags/dag_tomorrowio.py for tasks to queue
[2026-06-30T15:14:33.955+0000] {logging_mixin.py:188} INFO - [2026-06-30T15:14:33.954+0000] {dagbag.py:545} INFO - Filling up the DagBag from /opt/airflow/dags/dag_tomorrowio.py
[2026-06-30T15:14:34.434+0000] {processor.py:840} INFO - DAG(s) 'tomorrowio_bronze_to_silver' retrieved from /opt/airflow/dags/dag_tomorrowio.py
[2026-06-30T15:14:34.450+0000] {logging_mixin.py:188} INFO - [2026-06-30T15:14:34.450+0000] {dag.py:3096} INFO - Sync 1 DAGs
[2026-06-30T15:14:34.461+0000] {logging_mixin.py:188} INFO - [2026-06-30T15:14:34.461+0000] {dag.py:3954} INFO - Setting next_dagrun for tomorrowio_bronze_to_silver to 2026-06-30 15:00:00+00:00, run_after=2026-06-30 16:00:00+00:00
[2026-06-30T15:14:34.470+0000] {processor.py:183} INFO - Processing /opt/airflow/dags/dag_tomorrowio.py took 0.536 seconds
[2026-06-30T15:15:05.223+0000] {processor.py:161} INFO - Started process (PID=9498) to work on /opt/airflow/dags/dag_tomorrowio.py
[2026-06-30T15:15:05.227+0000] {processor.py:830} INFO - Processing file /opt/airflow/dags/dag_tomorrowio.py for tasks to queue
[2026-06-30T15:15:05.229+0000] {logging_mixin.py:188} INFO - [2026-06-30T15:15:05.228+0000] {dagbag.py:545} INFO - Filling up the DagBag from /opt/airflow/dags/dag_tomorrowio.py
[2026-06-30T15:15:05.693+0000] {processor.py:840} INFO - DAG(s) 'tomorrowio_bronze_to_silver' retrieved from /opt/airflow/dags/dag_tomorrowio.py
[2026-06-30T15:15:05.710+0000] {logging_mixin.py:188} INFO - [2026-06-30T15:15:05.710+0000] {dag.py:3096} INFO - Sync 1 DAGs
[2026-06-30T15:15:05.720+0000] {logging_mixin.py:188} INFO - [2026-06-30T15:15:05.720+0000] {dag.py:3954} INFO - Setting next_dagrun for tomorrowio_bronze_to_silver to 2026-06-30 15:00:00+00:00, run_after=2026-06-30 16:00:00+00:00
[2026-06-30T15:15:05.732+0000] {processor.py:183} INFO - Processing /opt/airflow/dags/dag_tomorrowio.py took 0.532 seconds
[2026-06-30T15:15:36.394+0000] {processor.py:161} INFO - Started process (PID=9531) to work on /opt/airflow/dags/dag_tomorrowio.py
[2026-06-30T15:15:36.395+0000] {processor.py:830} INFO - Processing file /opt/airflow/dags/dag_tomorrowio.py for tasks to queue
[2026-06-30T15:15:36.396+0000] {logging_mixin.py:188} INFO - [2026-06-30T15:15:36.396+0000] {dagbag.py:545} INFO - Filling up the DagBag from /opt/airflow/dags/dag_tomorrowio.py
[2026-06-30T15:15:36.842+0000] {processor.py:840} INFO - DAG(s) 'tomorrowio_bronze_to_silver' retrieved from /opt/airflow/dags/dag_tomorrowio.py
[2026-06-30T15:15:36.864+0000] {logging_mixin.py:188} INFO - [2026-06-30T15:15:36.864+0000] {dag.py:3096} INFO - Sync 1 DAGs
[2026-06-30T15:15:36.875+0000] {logging_mixin.py:188} INFO - [2026-06-30T15:15:36.875+0000] {dag.py:3954} INFO - Setting next_dagrun for tomorrowio_bronze_to_silver to 2026-06-30 15:00:00+00:00, run_after=2026-06-30 16:00:00+00:00
[2026-06-30T15:15:36.884+0000] {processor.py:183} INFO - Processing /opt/airflow/dags/dag_tomorrowio.py took 0.499 seconds
[2026-06-30T15:16:07.563+0000] {processor.py:161} INFO - Started process (PID=9564) to work on /opt/airflow/dags/dag_tomorrowio.py
[2026-06-30T15:16:07.566+0000] {processor.py:830} INFO - Processing file /opt/airflow/dags/dag_tomorrowio.py for tasks to queue
[2026-06-30T15:16:07.568+0000] {logging_mixin.py:188} INFO - [2026-06-30T15:16:07.567+0000] {dagbag.py:545} INFO - Filling up the DagBag from /opt/airflow/dags/dag_tomorrowio.py
[2026-06-30T15:16:07.990+0000] {processor.py:840} INFO - DAG(s) 'tomorrowio_bronze_to_silver' retrieved from /opt/airflow/dags/dag_tomorrowio.py
[2026-06-30T15:16:08.008+0000] {logging_mixin.py:188} INFO - [2026-06-30T15:16:08.008+0000] {dag.py:3096} INFO - Sync 1 DAGs
[2026-06-30T15:16:08.022+0000] {logging_mixin.py:188} INFO - [2026-06-30T15:16:08.022+0000] {dag.py:3954} INFO - Setting next_dagrun for tomorrowio_bronze_to_silver to 2026-06-30 15:00:00+00:00, run_after=2026-06-30 16:00:00+00:00
[2026-06-30T15:16:08.033+0000] {processor.py:183} INFO - Processing /opt/airflow/dags/dag_tomorrowio.py took 0.477 seconds
[2026-06-30T15:16:38.667+0000] {processor.py:161} INFO - Started process (PID=9600) to work on /opt/airflow/dags/dag_tomorrowio.py
[2026-06-30T15:16:38.669+0000] {processor.py:830} INFO - Processing file /opt/airflow/dags/dag_tomorrowio.py for tasks to queue
[2026-06-30T15:16:38.670+0000] {logging_mixin.py:188} INFO - [2026-06-30T15:16:38.670+0000] {dagbag.py:545} INFO - Filling up the DagBag from /opt/airflow/dags/dag_tomorrowio.py
[2026-06-30T15:16:38.982+0000] {processor.py:840} INFO - DAG(s) 'tomorrowio_bronze_to_silver' retrieved from /opt/airflow/dags/dag_tomorrowio.py
[2026-06-30T15:16:38.995+0000] {logging_mixin.py:188} INFO - [2026-06-30T15:16:38.995+0000] {dag.py:3096} INFO - Sync 1 DAGs
[2026-06-30T15:16:39.007+0000] {logging_mixin.py:188} INFO - [2026-06-30T15:16:39.007+0000] {dag.py:3954} INFO - Setting next_dagrun for tomorrowio_bronze_to_silver to 2026-06-30 15:00:00+00:00, run_after=2026-06-30 16:00:00+00:00
[2026-06-30T15:16:39.016+0000] {processor.py:183} INFO - Processing /opt/airflow/dags/dag_tomorrowio.py took 0.354 seconds
[2026-06-30T15:17:09.579+0000] {processor.py:161} INFO - Started process (PID=9633) to work on /opt/airflow/dags/dag_tomorrowio.py
[2026-06-30T15:17:09.581+0000] {processor.py:830} INFO - Processing file /opt/airflow/dags/dag_tomorrowio.py for tasks to queue
[2026-06-30T15:17:09.582+0000] {logging_mixin.py:188} INFO - [2026-06-30T15:17:09.581+0000] {dagbag.py:545} INFO - Filling up the DagBag from /opt/airflow/dags/dag_tomorrowio.py
[2026-06-30T15:17:10.096+0000] {processor.py:840} INFO - DAG(s) 'tomorrowio_bronze_to_silver' retrieved from /opt/airflow/dags/dag_tomorrowio.py
[2026-06-30T15:17:10.113+0000] {logging_mixin.py:188} INFO - [2026-06-30T15:17:10.112+0000] {dag.py:3096} INFO - Sync 1 DAGs
[2026-06-30T15:17:10.124+0000] {logging_mixin.py:188} INFO - [2026-06-30T15:17:10.124+0000] {dag.py:3954} INFO - Setting next_dagrun for tomorrowio_bronze_to_silver to 2026-06-30 15:00:00+00:00, run_after=2026-06-30 16:00:00+00:00
[2026-06-30T15:17:10.132+0000] {processor.py:183} INFO - Processing /opt/airflow/dags/dag_tomorrowio.py took 0.569 seconds
[2026-06-30T15:17:40.575+0000] {processor.py:161} INFO - Started process (PID=9665) to work on /opt/airflow/dags/dag_tomorrowio.py
[2026-06-30T15:17:40.579+0000] {processor.py:830} INFO - Processing file /opt/airflow/dags/dag_tomorrowio.py for tasks to queue
[2026-06-30T15:17:40.581+0000] {logging_mixin.py:188} INFO - [2026-06-30T15:17:40.581+0000] {dagbag.py:545} INFO - Filling up the DagBag from /opt/airflow/dags/dag_tomorrowio.py
[2026-06-30T15:17:41.115+0000] {processor.py:840} INFO - DAG(s) 'tomorrowio_bronze_to_silver' retrieved from /opt/airflow/dags/dag_tomorrowio.py
[2026-06-30T15:17:41.138+0000] {logging_mixin.py:188} INFO - [2026-06-30T15:17:41.137+0000] {dag.py:3096} INFO - Sync 1 DAGs
[2026-06-30T15:17:41.157+0000] {logging_mixin.py:188} INFO - [2026-06-30T15:17:41.157+0000] {dag.py:3954} INFO - Setting next_dagrun for tomorrowio_bronze_to_silver to 2026-06-30 15:00:00+00:00, run_after=2026-06-30 16:00:00+00:00
[2026-06-30T15:17:41.167+0000] {processor.py:183} INFO - Processing /opt/airflow/dags/dag_tomorrowio.py took 0.607 seconds
[2026-06-30T15:18:11.691+0000] {processor.py:161} INFO - Started process (PID=9699) to work on /opt/airflow/dags/dag_tomorrowio.py
[2026-06-30T15:18:11.694+0000] {processor.py:830} INFO - Processing file /opt/airflow/dags/dag_tomorrowio.py for tasks to queue
[2026-06-30T15:18:11.695+0000] {logging_mixin.py:188} INFO - [2026-06-30T15:18:11.695+0000] {dagbag.py:545} INFO - Filling up the DagBag from /opt/airflow/dags/dag_tomorrowio.py
[2026-06-30T15:18:12.198+0000] {processor.py:840} INFO - DAG(s) 'tomorrowio_bronze_to_silver' retrieved from /opt/airflow/dags/dag_tomorrowio.py
[2026-06-30T15:18:12.220+0000] {logging_mixin.py:188} INFO - [2026-06-30T15:18:12.220+0000] {dag.py:3096} INFO - Sync 1 DAGs
[2026-06-30T15:18:12.237+0000] {logging_mixin.py:188} INFO - [2026-06-30T15:18:12.237+0000] {dag.py:3954} INFO - Setting next_dagrun for tomorrowio_bronze_to_silver to 2026-06-30 15:00:00+00:00, run_after=2026-06-30 16:00:00+00:00
[2026-06-30T15:18:12.251+0000] {processor.py:183} INFO - Processing /opt/airflow/dags/dag_tomorrowio.py took 0.573 seconds
[2026-06-30T15:18:42.753+0000] {processor.py:161} INFO - Started process (PID=9730) to work on /opt/airflow/dags/dag_tomorrowio.py
[2026-06-30T15:18:42.756+0000] {processor.py:830} INFO - Processing file /opt/airflow/dags/dag_tomorrowio.py for tasks to queue
[2026-06-30T15:18:42.757+0000] {logging_mixin.py:188} INFO - [2026-06-30T15:18:42.757+0000] {dagbag.py:545} INFO - Filling up the DagBag from /opt/airflow/dags/dag_tomorrowio.py
[2026-06-30T15:18:43.261+0000] {processor.py:840} INFO - DAG(s) 'tomorrowio_bronze_to_silver' retrieved from /opt/airflow/dags/dag_tomorrowio.py
[2026-06-30T15:18:43.276+0000] {logging_mixin.py:188} INFO - [2026-06-30T15:18:43.275+0000] {dag.py:3096} INFO - Sync 1 DAGs
[2026-06-30T15:18:43.286+0000] {logging_mixin.py:188} INFO - [2026-06-30T15:18:43.286+0000] {dag.py:3954} INFO - Setting next_dagrun for tomorrowio_bronze_to_silver to 2026-06-30 15:00:00+00:00, run_after=2026-06-30 16:00:00+00:00
[2026-06-30T15:18:43.295+0000] {processor.py:183} INFO - Processing /opt/airflow/dags/dag_tomorrowio.py took 0.557 seconds
[2026-06-30T15:19:13.872+0000] {processor.py:161} INFO - Started process (PID=9765) to work on /opt/airflow/dags/dag_tomorrowio.py
[2026-06-30T15:19:13.874+0000] {processor.py:830} INFO - Processing file /opt/airflow/dags/dag_tomorrowio.py for tasks to queue
[2026-06-30T15:19:13.876+0000] {logging_mixin.py:188} INFO - [2026-06-30T15:19:13.875+0000] {dagbag.py:545} INFO - Filling up the DagBag from /opt/airflow/dags/dag_tomorrowio.py
[2026-06-30T15:19:14.417+0000] {processor.py:840} INFO - DAG(s) 'tomorrowio_bronze_to_silver' retrieved from /opt/airflow/dags/dag_tomorrowio.py
[2026-06-30T15:19:14.431+0000] {logging_mixin.py:188} INFO - [2026-06-30T15:19:14.430+0000] {dag.py:3096} INFO - Sync 1 DAGs
[2026-06-30T15:19:14.441+0000] {logging_mixin.py:188} INFO - [2026-06-30T15:19:14.440+0000] {dag.py:3954} INFO - Setting next_dagrun for tomorrowio_bronze_to_silver to 2026-06-30 15:00:00+00:00, run_after=2026-06-30 16:00:00+00:00
[2026-06-30T15:19:14.449+0000] {processor.py:183} INFO - Processing /opt/airflow/dags/dag_tomorrowio.py took 0.589 seconds
[2026-06-30T15:19:44.955+0000] {processor.py:161} INFO - Started process (PID=9798) to work on /opt/airflow/dags/dag_tomorrowio.py
[2026-06-30T15:19:44.957+0000] {processor.py:830} INFO - Processing file /opt/airflow/dags/dag_tomorrowio.py for tasks to queue
[2026-06-30T15:19:44.958+0000] {logging_mixin.py:188} INFO - [2026-06-30T15:19:44.958+0000] {dagbag.py:545} INFO - Filling up the DagBag from /opt/airflow/dags/dag_tomorrowio.py
[2026-06-30T15:19:45.486+0000] {processor.py:840} INFO - DAG(s) 'tomorrowio_bronze_to_silver' retrieved from /opt/airflow/dags/dag_tomorrowio.py
[2026-06-30T15:19:45.505+0000] {logging_mixin.py:188} INFO - [2026-06-30T15:19:45.505+0000] {dag.py:3096} INFO - Sync 1 DAGs
[2026-06-30T15:19:45.517+0000] {logging_mixin.py:188} INFO - [2026-06-30T15:19:45.517+0000] {dag.py:3954} INFO - Setting next_dagrun for tomorrowio_bronze_to_silver to 2026-06-30 15:00:00+00:00, run_after=2026-06-30 16:00:00+00:00
[2026-06-30T15:19:45.526+0000] {processor.py:183} INFO - Processing /opt/airflow/dags/dag_tomorrowio.py took 0.579 seconds
[2026-06-30T15:20:15.997+0000] {processor.py:161} INFO - Started process (PID=9829) to work on /opt/airflow/dags/dag_tomorrowio.py
[2026-06-30T15:20:16.003+0000] {processor.py:830} INFO - Processing file /opt/airflow/dags/dag_tomorrowio.py for tasks to queue
[2026-06-30T15:20:16.004+0000] {logging_mixin.py:188} INFO - [2026-06-30T15:20:16.004+0000] {dagbag.py:545} INFO - Filling up the DagBag from /opt/airflow/dags/dag_tomorrowio.py
[2026-06-30T15:20:16.541+0000] {processor.py:840} INFO - DAG(s) 'tomorrowio_bronze_to_silver' retrieved from /opt/airflow/dags/dag_tomorrowio.py
[2026-06-30T15:20:16.557+0000] {logging_mixin.py:188} INFO - [2026-06-30T15:20:16.556+0000] {dag.py:3096} INFO - Sync 1 DAGs
[2026-06-30T15:20:16.568+0000] {logging_mixin.py:188} INFO - [2026-06-30T15:20:16.568+0000] {dag.py:3954} INFO - Setting next_dagrun for tomorrowio_bronze_to_silver to 2026-06-30 15:00:00+00:00, run_after=2026-06-30 16:00:00+00:00
[2026-06-30T15:20:16.575+0000] {processor.py:183} INFO - Processing /opt/airflow/dags/dag_tomorrowio.py took 0.591 seconds
[2026-06-30T15:20:46.991+0000] {processor.py:161} INFO - Started process (PID=9864) to work on /opt/airflow/dags/dag_tomorrowio.py
[2026-06-30T15:20:46.992+0000] {processor.py:830} INFO - Processing file /opt/airflow/dags/dag_tomorrowio.py for tasks to queue
[2026-06-30T15:20:46.994+0000] {logging_mixin.py:188} INFO - [2026-06-30T15:20:46.994+0000] {dagbag.py:545} INFO - Filling up the DagBag from /opt/airflow/dags/dag_tomorrowio.py
[2026-06-30T15:20:47.461+0000] {processor.py:840} INFO - DAG(s) 'tomorrowio_bronze_to_silver' retrieved from /opt/airflow/dags/dag_tomorrowio.py
[2026-06-30T15:20:47.479+0000] {logging_mixin.py:188} INFO - [2026-06-30T15:20:47.479+0000] {dag.py:3096} INFO - Sync 1 DAGs
[2026-06-30T15:20:47.489+0000] {logging_mixin.py:188} INFO - [2026-06-30T15:20:47.488+0000] {dag.py:3954} INFO - Setting next_dagrun for tomorrowio_bronze_to_silver to 2026-06-30 15:00:00+00:00, run_after=2026-06-30 16:00:00+00:00
[2026-06-30T15:20:47.496+0000] {processor.py:183} INFO - Processing /opt/airflow/dags/dag_tomorrowio.py took 0.511 seconds
[2026-06-30T15:21:18.002+0000] {processor.py:161} INFO - Started process (PID=9896) to work on /opt/airflow/dags/dag_tomorrowio.py
[2026-06-30T15:21:18.004+0000] {processor.py:830} INFO - Processing file /opt/airflow/dags/dag_tomorrowio.py for tasks to queue
[2026-06-30T15:21:18.006+0000] {logging_mixin.py:188} INFO - [2026-06-30T15:21:18.005+0000] {dagbag.py:545} INFO - Filling up the DagBag from /opt/airflow/dags/dag_tomorrowio.py
[2026-06-30T15:21:18.508+0000] {processor.py:840} INFO - DAG(s) 'tomorrowio_bronze_to_silver' retrieved from /opt/airflow/dags/dag_tomorrowio.py
[2026-06-30T15:21:18.521+0000] {logging_mixin.py:188} INFO - [2026-06-30T15:21:18.521+0000] {dag.py:3096} INFO - Sync 1 DAGs
[2026-06-30T15:21:18.534+0000] {logging_mixin.py:188} INFO - [2026-06-30T15:21:18.533+0000] {dag.py:3954} INFO - Setting next_dagrun for tomorrowio_bronze_to_silver to 2026-06-30 15:00:00+00:00, run_after=2026-06-30 16:00:00+00:00
[2026-06-30T15:21:18.541+0000] {processor.py:183} INFO - Processing /opt/airflow/dags/dag_tomorrowio.py took 0.551 seconds
[2026-06-30T15:21:49.054+0000] {processor.py:161} INFO - Started process (PID=9928) to work on /opt/airflow/dags/dag_tomorrowio.py
[2026-06-30T15:21:49.057+0000] {processor.py:830} INFO - Processing file /opt/airflow/dags/dag_tomorrowio.py for tasks to queue
[2026-06-30T15:21:49.058+0000] {logging_mixin.py:188} INFO - [2026-06-30T15:21:49.058+0000] {dagbag.py:545} INFO - Filling up the DagBag from /opt/airflow/dags/dag_tomorrowio.py
[2026-06-30T15:21:49.535+0000] {processor.py:840} INFO - DAG(s) 'tomorrowio_bronze_to_silver' retrieved from /opt/airflow/dags/dag_tomorrowio.py
[2026-06-30T15:21:49.549+0000] {logging_mixin.py:188} INFO - [2026-06-30T15:21:49.549+0000] {dag.py:3096} INFO - Sync 1 DAGs
[2026-06-30T15:21:49.561+0000] {logging_mixin.py:188} INFO - [2026-06-30T15:21:49.561+0000] {dag.py:3954} INFO - Setting next_dagrun for tomorrowio_bronze_to_silver to 2026-06-30 15:00:00+00:00, run_after=2026-06-30 16:00:00+00:00
[2026-06-30T15:21:49.570+0000] {processor.py:183} INFO - Processing /opt/airflow/dags/dag_tomorrowio.py took 0.530 seconds
[2026-06-30T15:22:20.085+0000] {processor.py:161} INFO - Started process (PID=9962) to work on /opt/airflow/dags/dag_tomorrowio.py
[2026-06-30T15:22:20.087+0000] {processor.py:830} INFO - Processing file /opt/airflow/dags/dag_tomorrowio.py for tasks to queue
[2026-06-30T15:22:20.089+0000] {logging_mixin.py:188} INFO - [2026-06-30T15:22:20.088+0000] {dagbag.py:545} INFO - Filling up the DagBag from /opt/airflow/dags/dag_tomorrowio.py
[2026-06-30T15:22:20.606+0000] {processor.py:840} INFO - DAG(s) 'tomorrowio_bronze_to_silver' retrieved from /opt/airflow/dags/dag_tomorrowio.py
[2026-06-30T15:22:20.624+0000] {logging_mixin.py:188} INFO - [2026-06-30T15:22:20.624+0000] {dag.py:3096} INFO - Sync 1 DAGs
[2026-06-30T15:22:20.636+0000] {logging_mixin.py:188} INFO - [2026-06-30T15:22:20.636+0000] {dag.py:3954} INFO - Setting next_dagrun for tomorrowio_bronze_to_silver to 2026-06-30 15:00:00+00:00, run_after=2026-06-30 16:00:00+00:00
[2026-06-30T15:22:20.649+0000] {processor.py:183} INFO - Processing /opt/airflow/dags/dag_tomorrowio.py took 0.579 seconds
[2026-06-30T15:22:51.390+0000] {processor.py:161} INFO - Started process (PID=9998) to work on /opt/airflow/dags/dag_tomorrowio.py
[2026-06-30T15:22:51.390+0000] {processor.py:830} INFO - Processing file /opt/airflow/dags/dag_tomorrowio.py for tasks to queue
[2026-06-30T15:22:51.391+0000] {logging_mixin.py:188} INFO - [2026-06-30T15:22:51.391+0000] {dagbag.py:545} INFO - Filling up the DagBag from /opt/airflow/dags/dag_tomorrowio.py
[2026-06-30T15:22:51.895+0000] {processor.py:840} INFO - DAG(s) 'tomorrowio_bronze_to_silver' retrieved from /opt/airflow/dags/dag_tomorrowio.py
[2026-06-30T15:22:51.913+0000] {logging_mixin.py:188} INFO - [2026-06-30T15:22:51.912+0000] {dag.py:3096} INFO - Sync 1 DAGs
[2026-06-30T15:22:51.927+0000] {logging_mixin.py:188} INFO - [2026-06-30T15:22:51.927+0000] {dag.py:3954} INFO - Setting next_dagrun for tomorrowio_bronze_to_silver to 2026-06-30 15:00:00+00:00, run_after=2026-06-30 16:00:00+00:00
[2026-06-30T15:22:51.940+0000] {processor.py:183} INFO - Processing /opt/airflow/dags/dag_tomorrowio.py took 0.555 seconds
[2026-06-30T15:23:22.570+0000] {processor.py:161} INFO - Started process (PID=10031) to work on /opt/airflow/dags/dag_tomorrowio.py
[2026-06-30T15:23:22.572+0000] {processor.py:830} INFO - Processing file /opt/airflow/dags/dag_tomorrowio.py for tasks to queue
[2026-06-30T15:23:22.573+0000] {logging_mixin.py:188} INFO - [2026-06-30T15:23:22.572+0000] {dagbag.py:545} INFO - Filling up the DagBag from /opt/airflow/dags/dag_tomorrowio.py
[2026-06-30T15:23:23.038+0000] {processor.py:840} INFO - DAG(s) 'tomorrowio_bronze_to_silver' retrieved from /opt/airflow/dags/dag_tomorrowio.py
[2026-06-30T15:23:23.060+0000] {logging_mixin.py:188} INFO - [2026-06-30T15:23:23.060+0000] {dag.py:3096} INFO - Sync 1 DAGs
[2026-06-30T15:23:23.072+0000] {logging_mixin.py:188} INFO - [2026-06-30T15:23:23.072+0000] {dag.py:3954} INFO - Setting next_dagrun for tomorrowio_bronze_to_silver to 2026-06-30 15:00:00+00:00, run_after=2026-06-30 16:00:00+00:00
[2026-06-30T15:23:23.080+0000] {processor.py:183} INFO - Processing /opt/airflow/dags/dag_tomorrowio.py took 0.516 seconds
[2026-06-30T15:23:53.662+0000] {processor.py:161} INFO - Started process (PID=10064) to work on /opt/airflow/dags/dag_tomorrowio.py
[2026-06-30T15:23:53.664+0000] {processor.py:830} INFO - Processing file /opt/airflow/dags/dag_tomorrowio.py for tasks to queue
[2026-06-30T15:23:53.665+0000] {logging_mixin.py:188} INFO - [2026-06-30T15:23:53.664+0000] {dagbag.py:545} INFO - Filling up the DagBag from /opt/airflow/dags/dag_tomorrowio.py
[2026-06-30T15:23:54.091+0000] {processor.py:840} INFO - DAG(s) 'tomorrowio_bronze_to_silver' retrieved from /opt/airflow/dags/dag_tomorrowio.py
[2026-06-30T15:23:54.103+0000] {logging_mixin.py:188} INFO - [2026-06-30T15:23:54.103+0000] {dag.py:3096} INFO - Sync 1 DAGs
[2026-06-30T15:23:54.115+0000] {logging_mixin.py:188} INFO - [2026-06-30T15:23:54.115+0000] {dag.py:3954} INFO - Setting next_dagrun for tomorrowio_bronze_to_silver to 2026-06-30 15:00:00+00:00, run_after=2026-06-30 16:00:00+00:00
[2026-06-30T15:23:54.125+0000] {processor.py:183} INFO - Processing /opt/airflow/dags/dag_tomorrowio.py took 0.475 seconds
[2026-06-30T15:24:24.745+0000] {processor.py:161} INFO - Started process (PID=10097) to work on /opt/airflow/dags/dag_tomorrowio.py
[2026-06-30T15:24:24.745+0000] {processor.py:830} INFO - Processing file /opt/airflow/dags/dag_tomorrowio.py for tasks to queue
[2026-06-30T15:24:24.746+0000] {logging_mixin.py:188} INFO - [2026-06-30T15:24:24.746+0000] {dagbag.py:545} INFO - Filling up the DagBag from /opt/airflow/dags/dag_tomorrowio.py
[2026-06-30T15:24:25.182+0000] {processor.py:840} INFO - DAG(s) 'tomorrowio_bronze_to_silver' retrieved from /opt/airflow/dags/dag_tomorrowio.py
[2026-06-30T15:24:25.198+0000] {logging_mixin.py:188} INFO - [2026-06-30T15:24:25.198+0000] {dag.py:3096} INFO - Sync 1 DAGs
[2026-06-30T15:24:25.211+0000] {logging_mixin.py:188} INFO - [2026-06-30T15:24:25.211+0000] {dag.py:3954} INFO - Setting next_dagrun for tomorrowio_bronze_to_silver to 2026-06-30 15:00:00+00:00, run_after=2026-06-30 16:00:00+00:00
[2026-06-30T15:24:25.220+0000] {processor.py:183} INFO - Processing /opt/airflow/dags/dag_tomorrowio.py took 0.478 seconds
[2026-06-30T15:24:55.809+0000] {processor.py:161} INFO - Started process (PID=10130) to work on /opt/airflow/dags/dag_tomorrowio.py
[2026-06-30T15:24:55.809+0000] {processor.py:830} INFO - Processing file /opt/airflow/dags/dag_tomorrowio.py for tasks to queue
[2026-06-30T15:24:55.810+0000] {logging_mixin.py:188} INFO - [2026-06-30T15:24:55.810+0000] {dagbag.py:545} INFO - Filling up the DagBag from /opt/airflow/dags/dag_tomorrowio.py
[2026-06-30T15:24:56.961+0000] {processor.py:840} INFO - DAG(s) 'tomorrowio_bronze_to_silver' retrieved from /opt/airflow/dags/dag_tomorrowio.py
[2026-06-30T15:24:57.004+0000] {logging_mixin.py:188} INFO - [2026-06-30T15:24:57.003+0000] {dag.py:3096} INFO - Sync 1 DAGs
[2026-06-30T15:24:57.025+0000] {logging_mixin.py:188} INFO - [2026-06-30T15:24:57.025+0000] {dag.py:3954} INFO - Setting next_dagrun for tomorrowio_bronze_to_silver to 2026-06-30 15:00:00+00:00, run_after=2026-06-30 16:00:00+00:00
[2026-06-30T15:24:57.045+0000] {processor.py:183} INFO - Processing /opt/airflow/dags/dag_tomorrowio.py took 1.239 seconds
[2026-06-30T15:25:27.404+0000] {processor.py:161} INFO - Started process (PID=10163) to work on /opt/airflow/dags/dag_tomorrowio.py
[2026-06-30T15:25:27.406+0000] {processor.py:830} INFO - Processing file /opt/airflow/dags/dag_tomorrowio.py for tasks to queue
[2026-06-30T15:25:27.406+0000] {logging_mixin.py:188} INFO - [2026-06-30T15:25:27.406+0000] {dagbag.py:545} INFO - Filling up the DagBag from /opt/airflow/dags/dag_tomorrowio.py
[2026-06-30T15:25:27.814+0000] {processor.py:840} INFO - DAG(s) 'tomorrowio_bronze_to_silver' retrieved from /opt/airflow/dags/dag_tomorrowio.py
[2026-06-30T15:25:27.828+0000] {logging_mixin.py:188} INFO - [2026-06-30T15:25:27.828+0000] {dag.py:3096} INFO - Sync 1 DAGs
[2026-06-30T15:25:27.841+0000] {logging_mixin.py:188} INFO - [2026-06-30T15:25:27.841+0000] {dag.py:3954} INFO - Setting next_dagrun for tomorrowio_bronze_to_silver to 2026-06-30 15:00:00+00:00, run_after=2026-06-30 16:00:00+00:00
[2026-06-30T15:25:27.849+0000] {processor.py:183} INFO - Processing /opt/airflow/dags/dag_tomorrowio.py took 0.451 seconds
[2026-06-30T15:25:58.386+0000] {processor.py:161} INFO - Started process (PID=10196) to work on /opt/airflow/dags/dag_tomorrowio.py
[2026-06-30T15:25:58.399+0000] {processor.py:830} INFO - Processing file /opt/airflow/dags/dag_tomorrowio.py for tasks to queue
[2026-06-30T15:25:58.410+0000] {logging_mixin.py:188} INFO - [2026-06-30T15:25:58.409+0000] {dagbag.py:545} INFO - Filling up the DagBag from /opt/airflow/dags/dag_tomorrowio.py
[2026-06-30T15:25:59.007+0000] {processor.py:840} INFO - DAG(s) 'tomorrowio_bronze_to_silver' retrieved from /opt/airflow/dags/dag_tomorrowio.py
[2026-06-30T15:25:59.028+0000] {logging_mixin.py:188} INFO - [2026-06-30T15:25:59.028+0000] {dag.py:3096} INFO - Sync 1 DAGs
[2026-06-30T15:25:59.041+0000] {logging_mixin.py:188} INFO - [2026-06-30T15:25:59.041+0000] {dag.py:3954} INFO - Setting next_dagrun for tomorrowio_bronze_to_silver to 2026-06-30 15:00:00+00:00, run_after=2026-06-30 16:00:00+00:00
[2026-06-30T15:25:59.049+0000] {processor.py:183} INFO - Processing /opt/airflow/dags/dag_tomorrowio.py took 0.701 seconds
[2026-06-30T15:26:29.820+0000] {processor.py:161} INFO - Started process (PID=10229) to work on /opt/airflow/dags/dag_tomorrowio.py
[2026-06-30T15:26:29.821+0000] {processor.py:830} INFO - Processing file /opt/airflow/dags/dag_tomorrowio.py for tasks to queue
[2026-06-30T15:26:29.822+0000] {logging_mixin.py:188} INFO - [2026-06-30T15:26:29.822+0000] {dagbag.py:545} INFO - Filling up the DagBag from /opt/airflow/dags/dag_tomorrowio.py
[2026-06-30T15:26:30.296+0000] {processor.py:840} INFO - DAG(s) 'tomorrowio_bronze_to_silver' retrieved from /opt/airflow/dags/dag_tomorrowio.py
[2026-06-30T15:26:30.313+0000] {logging_mixin.py:188} INFO - [2026-06-30T15:26:30.313+0000] {dag.py:3096} INFO - Sync 1 DAGs
[2026-06-30T15:26:30.323+0000] {logging_mixin.py:188} INFO - [2026-06-30T15:26:30.323+0000] {dag.py:3954} INFO - Setting next_dagrun for tomorrowio_bronze_to_silver to 2026-06-30 15:00:00+00:00, run_after=2026-06-30 16:00:00+00:00
[2026-06-30T15:26:30.332+0000] {processor.py:183} INFO - Processing /opt/airflow/dags/dag_tomorrowio.py took 0.518 seconds
[2026-06-30T15:27:00.636+0000] {processor.py:161} INFO - Started process (PID=10262) to work on /opt/airflow/dags/dag_tomorrowio.py
[2026-06-30T15:27:00.637+0000] {processor.py:830} INFO - Processing file /opt/airflow/dags/dag_tomorrowio.py for tasks to queue
[2026-06-30T15:27:00.639+0000] {logging_mixin.py:188} INFO - [2026-06-30T15:27:00.639+0000] {dagbag.py:545} INFO - Filling up the DagBag from /opt/airflow/dags/dag_tomorrowio.py
[2026-06-30T15:27:01.162+0000] {processor.py:840} INFO - DAG(s) 'tomorrowio_bronze_to_silver' retrieved from /opt/airflow/dags/dag_tomorrowio.py
[2026-06-30T15:27:01.184+0000] {logging_mixin.py:188} INFO - [2026-06-30T15:27:01.184+0000] {dag.py:3096} INFO - Sync 1 DAGs
[2026-06-30T15:27:01.195+0000] {logging_mixin.py:188} INFO - [2026-06-30T15:27:01.195+0000] {dag.py:3954} INFO - Setting next_dagrun for tomorrowio_bronze_to_silver to 2026-06-30 15:00:00+00:00, run_after=2026-06-30 16:00:00+00:00
[2026-06-30T15:27:01.205+0000] {processor.py:183} INFO - Processing /opt/airflow/dags/dag_tomorrowio.py took 0.578 seconds
[2026-06-30T15:27:31.923+0000] {processor.py:161} INFO - Started process (PID=10295) to work on /opt/airflow/dags/dag_tomorrowio.py
[2026-06-30T15:27:31.925+0000] {processor.py:830} INFO - Processing file /opt/airflow/dags/dag_tomorrowio.py for tasks to queue
[2026-06-30T15:27:31.926+0000] {logging_mixin.py:188} INFO - [2026-06-30T15:27:31.926+0000] {dagbag.py:545} INFO - Filling up the DagBag from /opt/airflow/dags/dag_tomorrowio.py
[2026-06-30T15:27:32.308+0000] {processor.py:840} INFO - DAG(s) 'tomorrowio_bronze_to_silver' retrieved from /opt/airflow/dags/dag_tomorrowio.py
[2026-06-30T15:27:32.323+0000] {logging_mixin.py:188} INFO - [2026-06-30T15:27:32.322+0000] {dag.py:3096} INFO - Sync 1 DAGs
[2026-06-30T15:27:32.337+0000] {logging_mixin.py:188} INFO - [2026-06-30T15:27:32.336+0000] {dag.py:3954} INFO - Setting next_dagrun for tomorrowio_bronze_to_silver to 2026-06-30 15:00:00+00:00, run_after=2026-06-30 16:00:00+00:00
[2026-06-30T15:27:32.345+0000] {processor.py:183} INFO - Processing /opt/airflow/dags/dag_tomorrowio.py took 0.430 seconds
[2026-06-30T15:28:02.545+0000] {processor.py:161} INFO - Started process (PID=10328) to work on /opt/airflow/dags/dag_tomorrowio.py
[2026-06-30T15:28:02.548+0000] {processor.py:830} INFO - Processing file /opt/airflow/dags/dag_tomorrowio.py for tasks to queue
[2026-06-30T15:28:02.548+0000] {logging_mixin.py:188} INFO - [2026-06-30T15:28:02.548+0000] {dagbag.py:545} INFO - Filling up the DagBag from /opt/airflow/dags/dag_tomorrowio.py
[2026-06-30T15:28:03.042+0000] {processor.py:840} INFO - DAG(s) 'tomorrowio_bronze_to_silver' retrieved from /opt/airflow/dags/dag_tomorrowio.py
[2026-06-30T15:28:03.060+0000] {logging_mixin.py:188} INFO - [2026-06-30T15:28:03.060+0000] {dag.py:3096} INFO - Sync 1 DAGs
[2026-06-30T15:28:03.074+0000] {logging_mixin.py:188} INFO - [2026-06-30T15:28:03.074+0000] {dag.py:3954} INFO - Setting next_dagrun for tomorrowio_bronze_to_silver to 2026-06-30 15:00:00+00:00, run_after=2026-06-30 16:00:00+00:00
[2026-06-30T15:28:03.083+0000] {processor.py:183} INFO - Processing /opt/airflow/dags/dag_tomorrowio.py took 0.543 seconds
[2026-06-30T15:28:33.809+0000] {processor.py:161} INFO - Started process (PID=10361) to work on /opt/airflow/dags/dag_tomorrowio.py
[2026-06-30T15:28:33.809+0000] {processor.py:830} INFO - Processing file /opt/airflow/dags/dag_tomorrowio.py for tasks to queue
[2026-06-30T15:28:33.810+0000] {logging_mixin.py:188} INFO - [2026-06-30T15:28:33.810+0000] {dagbag.py:545} INFO - Filling up the DagBag from /opt/airflow/dags/dag_tomorrowio.py
[2026-06-30T15:28:34.228+0000] {processor.py:840} INFO - DAG(s) 'tomorrowio_bronze_to_silver' retrieved from /opt/airflow/dags/dag_tomorrowio.py
[2026-06-30T15:28:34.243+0000] {logging_mixin.py:188} INFO - [2026-06-30T15:28:34.242+0000] {dag.py:3096} INFO - Sync 1 DAGs
[2026-06-30T15:28:34.253+0000] {logging_mixin.py:188} INFO - [2026-06-30T15:28:34.253+0000] {dag.py:3954} INFO - Setting next_dagrun for tomorrowio_bronze_to_silver to 2026-06-30 15:00:00+00:00, run_after=2026-06-30 16:00:00+00:00
[2026-06-30T15:28:34.263+0000] {processor.py:183} INFO - Processing /opt/airflow/dags/dag_tomorrowio.py took 0.458 seconds
[2026-06-30T15:29:04.695+0000] {processor.py:161} INFO - Started process (PID=10394) to work on /opt/airflow/dags/dag_tomorrowio.py
[2026-06-30T15:29:04.697+0000] {processor.py:830} INFO - Processing file /opt/airflow/dags/dag_tomorrowio.py for tasks to queue
[2026-06-30T15:29:04.698+0000] {logging_mixin.py:188} INFO - [2026-06-30T15:29:04.697+0000] {dagbag.py:545} INFO - Filling up the DagBag from /opt/airflow/dags/dag_tomorrowio.py
[2026-06-30T15:29:05.179+0000] {processor.py:840} INFO - DAG(s) 'tomorrowio_bronze_to_silver' retrieved from /opt/airflow/dags/dag_tomorrowio.py
[2026-06-30T15:29:05.196+0000] {logging_mixin.py:188} INFO - [2026-06-30T15:29:05.196+0000] {dag.py:3096} INFO - Sync 1 DAGs
[2026-06-30T15:29:05.207+0000] {logging_mixin.py:188} INFO - [2026-06-30T15:29:05.207+0000] {dag.py:3954} INFO - Setting next_dagrun for tomorrowio_bronze_to_silver to 2026-06-30 15:00:00+00:00, run_after=2026-06-30 16:00:00+00:00
[2026-06-30T15:29:05.214+0000] {processor.py:183} INFO - Processing /opt/airflow/dags/dag_tomorrowio.py took 0.531 seconds
[2026-06-30T15:29:35.997+0000] {processor.py:161} INFO - Started process (PID=10427) to work on /opt/airflow/dags/dag_tomorrowio.py
[2026-06-30T15:29:35.998+0000] {processor.py:830} INFO - Processing file /opt/airflow/dags/dag_tomorrowio.py for tasks to queue
[2026-06-30T15:29:35.999+0000] {logging_mixin.py:188} INFO - [2026-06-30T15:29:35.999+0000] {dagbag.py:545} INFO - Filling up the DagBag from /opt/airflow/dags/dag_tomorrowio.py
[2026-06-30T15:29:36.439+0000] {processor.py:840} INFO - DAG(s) 'tomorrowio_bronze_to_silver' retrieved from /opt/airflow/dags/dag_tomorrowio.py
[2026-06-30T15:29:36.454+0000] {logging_mixin.py:188} INFO - [2026-06-30T15:29:36.453+0000] {dag.py:3096} INFO - Sync 1 DAGs
[2026-06-30T15:29:36.466+0000] {logging_mixin.py:188} INFO - [2026-06-30T15:29:36.466+0000] {dag.py:3954} INFO - Setting next_dagrun for tomorrowio_bronze_to_silver to 2026-06-30 15:00:00+00:00, run_after=2026-06-30 16:00:00+00:00
[2026-06-30T15:29:36.475+0000] {processor.py:183} INFO - Processing /opt/airflow/dags/dag_tomorrowio.py took 0.498 seconds
[2026-06-30T15:30:07.188+0000] {processor.py:161} INFO - Started process (PID=10460) to work on /opt/airflow/dags/dag_tomorrowio.py
[2026-06-30T15:30:07.189+0000] {processor.py:830} INFO - Processing file /opt/airflow/dags/dag_tomorrowio.py for tasks to queue
[2026-06-30T15:30:07.190+0000] {logging_mixin.py:188} INFO - [2026-06-30T15:30:07.190+0000] {dagbag.py:545} INFO - Filling up the DagBag from /opt/airflow/dags/dag_tomorrowio.py
[2026-06-30T15:30:07.640+0000] {processor.py:840} INFO - DAG(s) 'tomorrowio_bronze_to_silver' retrieved from /opt/airflow/dags/dag_tomorrowio.py
[2026-06-30T15:30:07.654+0000] {logging_mixin.py:188} INFO - [2026-06-30T15:30:07.654+0000] {dag.py:3096} INFO - Sync 1 DAGs
[2026-06-30T15:30:07.665+0000] {logging_mixin.py:188} INFO - [2026-06-30T15:30:07.665+0000] {dag.py:3954} INFO - Setting next_dagrun for tomorrowio_bronze_to_silver to 2026-06-30 15:00:00+00:00, run_after=2026-06-30 16:00:00+00:00
[2026-06-30T15:30:07.676+0000] {processor.py:183} INFO - Processing /opt/airflow/dags/dag_tomorrowio.py took 0.494 seconds
[2026-06-30T15:30:38.062+0000] {processor.py:161} INFO - Started process (PID=10493) to work on /opt/airflow/dags/dag_tomorrowio.py
[2026-06-30T15:30:38.063+0000] {processor.py:830} INFO - Processing file /opt/airflow/dags/dag_tomorrowio.py for tasks to queue
[2026-06-30T15:30:38.064+0000] {logging_mixin.py:188} INFO - [2026-06-30T15:30:38.064+0000] {dagbag.py:545} INFO - Filling up the DagBag from /opt/airflow/dags/dag_tomorrowio.py
[2026-06-30T15:30:38.494+0000] {processor.py:840} INFO - DAG(s) 'tomorrowio_bronze_to_silver' retrieved from /opt/airflow/dags/dag_tomorrowio.py
[2026-06-30T15:30:38.510+0000] {logging_mixin.py:188} INFO - [2026-06-30T15:30:38.510+0000] {dag.py:3096} INFO - Sync 1 DAGs
[2026-06-30T15:30:38.523+0000] {logging_mixin.py:188} INFO - [2026-06-30T15:30:38.523+0000] {dag.py:3954} INFO - Setting next_dagrun for tomorrowio_bronze_to_silver to 2026-06-30 15:00:00+00:00, run_after=2026-06-30 16:00:00+00:00
[2026-06-30T15:30:38.532+0000] {processor.py:183} INFO - Processing /opt/airflow/dags/dag_tomorrowio.py took 0.474 seconds
[2026-06-30T15:31:09.273+0000] {processor.py:161} INFO - Started process (PID=10526) to work on /opt/airflow/dags/dag_tomorrowio.py
[2026-06-30T15:31:09.275+0000] {processor.py:830} INFO - Processing file /opt/airflow/dags/dag_tomorrowio.py for tasks to queue
[2026-06-30T15:31:09.276+0000] {logging_mixin.py:188} INFO - [2026-06-30T15:31:09.275+0000] {dagbag.py:545} INFO - Filling up the DagBag from /opt/airflow/dags/dag_tomorrowio.py
[2026-06-30T15:31:09.759+0000] {processor.py:840} INFO - DAG(s) 'tomorrowio_bronze_to_silver' retrieved from /opt/airflow/dags/dag_tomorrowio.py
[2026-06-30T15:31:09.782+0000] {logging_mixin.py:188} INFO - [2026-06-30T15:31:09.782+0000] {dag.py:3096} INFO - Sync 1 DAGs
[2026-06-30T15:31:09.796+0000] {logging_mixin.py:188} INFO - [2026-06-30T15:31:09.796+0000] {dag.py:3954} INFO - Setting next_dagrun for tomorrowio_bronze_to_silver to 2026-06-30 15:00:00+00:00, run_after=2026-06-30 16:00:00+00:00
[2026-06-30T15:31:09.813+0000] {processor.py:183} INFO - Processing /opt/airflow/dags/dag_tomorrowio.py took 0.548 seconds
[2026-06-30T15:31:40.628+0000] {processor.py:161} INFO - Started process (PID=10559) to work on /opt/airflow/dags/dag_tomorrowio.py
[2026-06-30T15:31:40.630+0000] {processor.py:830} INFO - Processing file /opt/airflow/dags/dag_tomorrowio.py for tasks to queue
[2026-06-30T15:31:40.631+0000] {logging_mixin.py:188} INFO - [2026-06-30T15:31:40.631+0000] {dagbag.py:545} INFO - Filling up the DagBag from /opt/airflow/dags/dag_tomorrowio.py
[2026-06-30T15:31:41.130+0000] {processor.py:840} INFO - DAG(s) 'tomorrowio_bronze_to_silver' retrieved from /opt/airflow/dags/dag_tomorrowio.py
[2026-06-30T15:31:41.144+0000] {logging_mixin.py:188} INFO - [2026-06-30T15:31:41.144+0000] {dag.py:3096} INFO - Sync 1 DAGs
[2026-06-30T15:31:41.157+0000] {logging_mixin.py:188} INFO - [2026-06-30T15:31:41.157+0000] {dag.py:3954} INFO - Setting next_dagrun for tomorrowio_bronze_to_silver to 2026-06-30 15:00:00+00:00, run_after=2026-06-30 16:00:00+00:00
[2026-06-30T15:31:41.166+0000] {processor.py:183} INFO - Processing /opt/airflow/dags/dag_tomorrowio.py took 0.544 seconds
[2026-06-30T15:32:11.935+0000] {processor.py:161} INFO - Started process (PID=10592) to work on /opt/airflow/dags/dag_tomorrowio.py
[2026-06-30T15:32:11.936+0000] {processor.py:830} INFO - Processing file /opt/airflow/dags/dag_tomorrowio.py for tasks to queue
[2026-06-30T15:32:11.936+0000] {logging_mixin.py:188} INFO - [2026-06-30T15:32:11.936+0000] {dagbag.py:545} INFO - Filling up the DagBag from /opt/airflow/dags/dag_tomorrowio.py
[2026-06-30T15:32:12.408+0000] {processor.py:840} INFO - DAG(s) 'tomorrowio_bronze_to_silver' retrieved from /opt/airflow/dags/dag_tomorrowio.py
[2026-06-30T15:32:12.426+0000] {logging_mixin.py:188} INFO - [2026-06-30T15:32:12.426+0000] {dag.py:3096} INFO - Sync 1 DAGs
[2026-06-30T15:32:12.436+0000] {logging_mixin.py:188} INFO - [2026-06-30T15:32:12.436+0000] {dag.py:3954} INFO - Setting next_dagrun for tomorrowio_bronze_to_silver to 2026-06-30 15:00:00+00:00, run_after=2026-06-30 16:00:00+00:00
[2026-06-30T15:32:12.446+0000] {processor.py:183} INFO - Processing /opt/airflow/dags/dag_tomorrowio.py took 0.517 seconds
[2026-06-30T15:32:43.214+0000] {processor.py:161} INFO - Started process (PID=10625) to work on /opt/airflow/dags/dag_tomorrowio.py
[2026-06-30T15:32:43.216+0000] {processor.py:830} INFO - Processing file /opt/airflow/dags/dag_tomorrowio.py for tasks to queue
[2026-06-30T15:32:43.217+0000] {logging_mixin.py:188} INFO - [2026-06-30T15:32:43.216+0000] {dagbag.py:545} INFO - Filling up the DagBag from /opt/airflow/dags/dag_tomorrowio.py
[2026-06-30T15:32:43.689+0000] {processor.py:840} INFO - DAG(s) 'tomorrowio_bronze_to_silver' retrieved from /opt/airflow/dags/dag_tomorrowio.py
[2026-06-30T15:32:43.705+0000] {logging_mixin.py:188} INFO - [2026-06-30T15:32:43.704+0000] {dag.py:3096} INFO - Sync 1 DAGs
[2026-06-30T15:32:43.716+0000] {logging_mixin.py:188} INFO - [2026-06-30T15:32:43.716+0000] {dag.py:3954} INFO - Setting next_dagrun for tomorrowio_bronze_to_silver to 2026-06-30 15:00:00+00:00, run_after=2026-06-30 16:00:00+00:00
[2026-06-30T15:32:43.724+0000] {processor.py:183} INFO - Processing /opt/airflow/dags/dag_tomorrowio.py took 0.516 seconds
[2026-06-30T15:33:14.496+0000] {processor.py:161} INFO - Started process (PID=10658) to work on /opt/airflow/dags/dag_tomorrowio.py
[2026-06-30T15:33:14.500+0000] {processor.py:830} INFO - Processing file /opt/airflow/dags/dag_tomorrowio.py for tasks to queue
[2026-06-30T15:33:14.501+0000] {logging_mixin.py:188} INFO - [2026-06-30T15:33:14.500+0000] {dagbag.py:545} INFO - Filling up the DagBag from /opt/airflow/dags/dag_tomorrowio.py
[2026-06-30T15:33:15.016+0000] {processor.py:840} INFO - DAG(s) 'tomorrowio_bronze_to_silver' retrieved from /opt/airflow/dags/dag_tomorrowio.py
[2026-06-30T15:33:15.036+0000] {logging_mixin.py:188} INFO - [2026-06-30T15:33:15.036+0000] {dag.py:3096} INFO - Sync 1 DAGs
[2026-06-30T15:33:15.048+0000] {logging_mixin.py:188} INFO - [2026-06-30T15:33:15.048+0000] {dag.py:3954} INFO - Setting next_dagrun for tomorrowio_bronze_to_silver to 2026-06-30 15:00:00+00:00, run_after=2026-06-30 16:00:00+00:00
[2026-06-30T15:33:15.058+0000] {processor.py:183} INFO - Processing /opt/airflow/dags/dag_tomorrowio.py took 0.573 seconds
[2026-06-30T15:33:45.753+0000] {processor.py:161} INFO - Started process (PID=10691) to work on /opt/airflow/dags/dag_tomorrowio.py
[2026-06-30T15:33:45.754+0000] {processor.py:830} INFO - Processing file /opt/airflow/dags/dag_tomorrowio.py for tasks to queue
[2026-06-30T15:33:45.755+0000] {logging_mixin.py:188} INFO - [2026-06-30T15:33:45.754+0000] {dagbag.py:545} INFO - Filling up the DagBag from /opt/airflow/dags/dag_tomorrowio.py
[2026-06-30T15:33:46.184+0000] {processor.py:840} INFO - DAG(s) 'tomorrowio_bronze_to_silver' retrieved from /opt/airflow/dags/dag_tomorrowio.py
[2026-06-30T15:33:46.201+0000] {logging_mixin.py:188} INFO - [2026-06-30T15:33:46.201+0000] {dag.py:3096} INFO - Sync 1 DAGs
[2026-06-30T15:33:46.213+0000] {logging_mixin.py:188} INFO - [2026-06-30T15:33:46.213+0000] {dag.py:3954} INFO - Setting next_dagrun for tomorrowio_bronze_to_silver to 2026-06-30 15:00:00+00:00, run_after=2026-06-30 16:00:00+00:00
[2026-06-30T15:33:46.221+0000] {processor.py:183} INFO - Processing /opt/airflow/dags/dag_tomorrowio.py took 0.477 seconds
[2026-06-30T15:34:16.975+0000] {processor.py:161} INFO - Started process (PID=10724) to work on /opt/airflow/dags/dag_tomorrowio.py
[2026-06-30T15:34:16.976+0000] {processor.py:830} INFO - Processing file /opt/airflow/dags/dag_tomorrowio.py for tasks to queue
[2026-06-30T15:34:16.977+0000] {logging_mixin.py:188} INFO - [2026-06-30T15:34:16.977+0000] {dagbag.py:545} INFO - Filling up the DagBag from /opt/airflow/dags/dag_tomorrowio.py
[2026-06-30T15:34:17.465+0000] {processor.py:840} INFO - DAG(s) 'tomorrowio_bronze_to_silver' retrieved from /opt/airflow/dags/dag_tomorrowio.py
[2026-06-30T15:34:17.485+0000] {logging_mixin.py:188} INFO - [2026-06-30T15:34:17.485+0000] {dag.py:3096} INFO - Sync 1 DAGs
[2026-06-30T15:34:17.497+0000] {logging_mixin.py:188} INFO - [2026-06-30T15:34:17.496+0000] {dag.py:3954} INFO - Setting next_dagrun for tomorrowio_bronze_to_silver to 2026-06-30 15:00:00+00:00, run_after=2026-06-30 16:00:00+00:00
[2026-06-30T15:34:17.507+0000] {processor.py:183} INFO - Processing /opt/airflow/dags/dag_tomorrowio.py took 0.541 seconds
[2026-06-30T15:34:48.227+0000] {processor.py:161} INFO - Started process (PID=10757) to work on /opt/airflow/dags/dag_tomorrowio.py
[2026-06-30T15:34:48.232+0000] {processor.py:830} INFO - Processing file /opt/airflow/dags/dag_tomorrowio.py for tasks to queue
[2026-06-30T15:34:48.233+0000] {logging_mixin.py:188} INFO - [2026-06-30T15:34:48.233+0000] {dagbag.py:545} INFO - Filling up the DagBag from /opt/airflow/dags/dag_tomorrowio.py
[2026-06-30T15:34:48.701+0000] {processor.py:840} INFO - DAG(s) 'tomorrowio_bronze_to_silver' retrieved from /opt/airflow/dags/dag_tomorrowio.py
[2026-06-30T15:34:48.721+0000] {logging_mixin.py:188} INFO - [2026-06-30T15:34:48.721+0000] {dag.py:3096} INFO - Sync 1 DAGs
[2026-06-30T15:34:48.732+0000] {logging_mixin.py:188} INFO - [2026-06-30T15:34:48.732+0000] {dag.py:3954} INFO - Setting next_dagrun for tomorrowio_bronze_to_silver to 2026-06-30 15:00:00+00:00, run_after=2026-06-30 16:00:00+00:00
[2026-06-30T15:34:48.740+0000] {processor.py:183} INFO - Processing /opt/airflow/dags/dag_tomorrowio.py took 0.527 seconds
[2026-06-30T15:35:19.488+0000] {processor.py:161} INFO - Started process (PID=10790) to work on /opt/airflow/dags/dag_tomorrowio.py
[2026-06-30T15:35:19.491+0000] {processor.py:830} INFO - Processing file /opt/airflow/dags/dag_tomorrowio.py for tasks to queue
[2026-06-30T15:35:19.492+0000] {logging_mixin.py:188} INFO - [2026-06-30T15:35:19.492+0000] {dagbag.py:545} INFO - Filling up the DagBag from /opt/airflow/dags/dag_tomorrowio.py
[2026-06-30T15:35:19.988+0000] {processor.py:840} INFO - DAG(s) 'tomorrowio_bronze_to_silver' retrieved from /opt/airflow/dags/dag_tomorrowio.py
[2026-06-30T15:35:20.001+0000] {logging_mixin.py:188} INFO - [2026-06-30T15:35:20.001+0000] {dag.py:3096} INFO - Sync 1 DAGs
[2026-06-30T15:35:20.012+0000] {logging_mixin.py:188} INFO - [2026-06-30T15:35:20.012+0000] {dag.py:3954} INFO - Setting next_dagrun for tomorrowio_bronze_to_silver to 2026-06-30 15:00:00+00:00, run_after=2026-06-30 16:00:00+00:00
[2026-06-30T15:35:20.021+0000] {processor.py:183} INFO - Processing /opt/airflow/dags/dag_tomorrowio.py took 0.550 seconds
[2026-06-30T15:35:50.795+0000] {processor.py:161} INFO - Started process (PID=10823) to work on /opt/airflow/dags/dag_tomorrowio.py
[2026-06-30T15:35:50.800+0000] {processor.py:830} INFO - Processing file /opt/airflow/dags/dag_tomorrowio.py for tasks to queue
[2026-06-30T15:35:50.801+0000] {logging_mixin.py:188} INFO - [2026-06-30T15:35:50.800+0000] {dagbag.py:545} INFO - Filling up the DagBag from /opt/airflow/dags/dag_tomorrowio.py
[2026-06-30T15:35:51.354+0000] {processor.py:840} INFO - DAG(s) 'tomorrowio_bronze_to_silver' retrieved from /opt/airflow/dags/dag_tomorrowio.py
[2026-06-30T15:35:51.369+0000] {logging_mixin.py:188} INFO - [2026-06-30T15:35:51.369+0000] {dag.py:3096} INFO - Sync 1 DAGs
[2026-06-30T15:35:51.386+0000] {logging_mixin.py:188} INFO - [2026-06-30T15:35:51.385+0000] {dag.py:3954} INFO - Setting next_dagrun for tomorrowio_bronze_to_silver to 2026-06-30 15:00:00+00:00, run_after=2026-06-30 16:00:00+00:00
[2026-06-30T15:35:51.403+0000] {processor.py:183} INFO - Processing /opt/airflow/dags/dag_tomorrowio.py took 0.630 seconds
[2026-06-30T15:36:22.102+0000] {processor.py:161} INFO - Started process (PID=10856) to work on /opt/airflow/dags/dag_tomorrowio.py
[2026-06-30T15:36:22.104+0000] {processor.py:830} INFO - Processing file /opt/airflow/dags/dag_tomorrowio.py for tasks to queue
[2026-06-30T15:36:22.106+0000] {logging_mixin.py:188} INFO - [2026-06-30T15:36:22.105+0000] {dagbag.py:545} INFO - Filling up the DagBag from /opt/airflow/dags/dag_tomorrowio.py
[2026-06-30T15:36:22.595+0000] {processor.py:840} INFO - DAG(s) 'tomorrowio_bronze_to_silver' retrieved from /opt/airflow/dags/dag_tomorrowio.py
[2026-06-30T15:36:22.616+0000] {logging_mixin.py:188} INFO - [2026-06-30T15:36:22.616+0000] {dag.py:3096} INFO - Sync 1 DAGs
[2026-06-30T15:36:22.628+0000] {logging_mixin.py:188} INFO - [2026-06-30T15:36:22.628+0000] {dag.py:3954} INFO - Setting next_dagrun for tomorrowio_bronze_to_silver to 2026-06-30 15:00:00+00:00, run_after=2026-06-30 16:00:00+00:00
[2026-06-30T15:36:22.636+0000] {processor.py:183} INFO - Processing /opt/airflow/dags/dag_tomorrowio.py took 0.549 seconds
[2026-06-30T15:36:53.269+0000] {processor.py:161} INFO - Started process (PID=10889) to work on /opt/airflow/dags/dag_tomorrowio.py
[2026-06-30T15:36:53.274+0000] {processor.py:830} INFO - Processing file /opt/airflow/dags/dag_tomorrowio.py for tasks to queue
[2026-06-30T15:36:53.275+0000] {logging_mixin.py:188} INFO - [2026-06-30T15:36:53.275+0000] {dagbag.py:545} INFO - Filling up the DagBag from /opt/airflow/dags/dag_tomorrowio.py
[2026-06-30T15:36:53.759+0000] {processor.py:840} INFO - DAG(s) 'tomorrowio_bronze_to_silver' retrieved from /opt/airflow/dags/dag_tomorrowio.py
[2026-06-30T15:36:53.779+0000] {logging_mixin.py:188} INFO - [2026-06-30T15:36:53.778+0000] {dag.py:3096} INFO - Sync 1 DAGs
[2026-06-30T15:36:53.793+0000] {logging_mixin.py:188} INFO - [2026-06-30T15:36:53.793+0000] {dag.py:3954} INFO - Setting next_dagrun for tomorrowio_bronze_to_silver to 2026-06-30 15:00:00+00:00, run_after=2026-06-30 16:00:00+00:00
[2026-06-30T15:36:53.801+0000] {processor.py:183} INFO - Processing /opt/airflow/dags/dag_tomorrowio.py took 0.542 seconds
[2026-06-30T15:37:24.512+0000] {processor.py:161} INFO - Started process (PID=10922) to work on /opt/airflow/dags/dag_tomorrowio.py
[2026-06-30T15:37:24.520+0000] {processor.py:830} INFO - Processing file /opt/airflow/dags/dag_tomorrowio.py for tasks to queue
[2026-06-30T15:37:24.530+0000] {logging_mixin.py:188} INFO - [2026-06-30T15:37:24.526+0000] {dagbag.py:545} INFO - Filling up the DagBag from /opt/airflow/dags/dag_tomorrowio.py
[2026-06-30T15:37:24.987+0000] {processor.py:840} INFO - DAG(s) 'tomorrowio_bronze_to_silver' retrieved from /opt/airflow/dags/dag_tomorrowio.py
[2026-06-30T15:37:25.004+0000] {logging_mixin.py:188} INFO - [2026-06-30T15:37:25.004+0000] {dag.py:3096} INFO - Sync 1 DAGs
[2026-06-30T15:37:25.014+0000] {logging_mixin.py:188} INFO - [2026-06-30T15:37:25.014+0000] {dag.py:3954} INFO - Setting next_dagrun for tomorrowio_bronze_to_silver to 2026-06-30 15:00:00+00:00, run_after=2026-06-30 16:00:00+00:00
[2026-06-30T15:37:25.024+0000] {processor.py:183} INFO - Processing /opt/airflow/dags/dag_tomorrowio.py took 0.540 seconds
[2026-06-30T15:37:55.460+0000] {processor.py:161} INFO - Started process (PID=10955) to work on /opt/airflow/dags/dag_tomorrowio.py
[2026-06-30T15:37:55.462+0000] {processor.py:830} INFO - Processing file /opt/airflow/dags/dag_tomorrowio.py for tasks to queue
[2026-06-30T15:37:55.464+0000] {logging_mixin.py:188} INFO - [2026-06-30T15:37:55.463+0000] {dagbag.py:545} INFO - Filling up the DagBag from /opt/airflow/dags/dag_tomorrowio.py
[2026-06-30T15:37:55.947+0000] {processor.py:840} INFO - DAG(s) 'tomorrowio_bronze_to_silver' retrieved from /opt/airflow/dags/dag_tomorrowio.py
[2026-06-30T15:37:55.982+0000] {logging_mixin.py:188} INFO - [2026-06-30T15:37:55.982+0000] {dag.py:3096} INFO - Sync 1 DAGs
[2026-06-30T15:37:56.002+0000] {logging_mixin.py:188} INFO - [2026-06-30T15:37:56.002+0000] {dag.py:3954} INFO - Setting next_dagrun for tomorrowio_bronze_to_silver to 2026-06-30 15:00:00+00:00, run_after=2026-06-30 16:00:00+00:00
[2026-06-30T15:37:56.018+0000] {processor.py:183} INFO - Processing /opt/airflow/dags/dag_tomorrowio.py took 0.564 seconds
[2026-06-30T15:38:26.701+0000] {processor.py:161} INFO - Started process (PID=10988) to work on /opt/airflow/dags/dag_tomorrowio.py
[2026-06-30T15:38:26.706+0000] {processor.py:830} INFO - Processing file /opt/airflow/dags/dag_tomorrowio.py for tasks to queue
[2026-06-30T15:38:26.709+0000] {logging_mixin.py:188} INFO - [2026-06-30T15:38:26.708+0000] {dagbag.py:545} INFO - Filling up the DagBag from /opt/airflow/dags/dag_tomorrowio.py
[2026-06-30T15:38:27.207+0000] {processor.py:840} INFO - DAG(s) 'tomorrowio_bronze_to_silver' retrieved from /opt/airflow/dags/dag_tomorrowio.py
[2026-06-30T15:38:27.223+0000] {logging_mixin.py:188} INFO - [2026-06-30T15:38:27.222+0000] {dag.py:3096} INFO - Sync 1 DAGs
[2026-06-30T15:38:27.234+0000] {logging_mixin.py:188} INFO - [2026-06-30T15:38:27.234+0000] {dag.py:3954} INFO - Setting next_dagrun for tomorrowio_bronze_to_silver to 2026-06-30 15:00:00+00:00, run_after=2026-06-30 16:00:00+00:00
[2026-06-30T15:38:27.247+0000] {processor.py:183} INFO - Processing /opt/airflow/dags/dag_tomorrowio.py took 0.564 seconds
[2026-06-30T15:38:58.068+0000] {processor.py:161} INFO - Started process (PID=11021) to work on /opt/airflow/dags/dag_tomorrowio.py
[2026-06-30T15:38:58.069+0000] {processor.py:830} INFO - Processing file /opt/airflow/dags/dag_tomorrowio.py for tasks to queue
[2026-06-30T15:38:58.072+0000] {logging_mixin.py:188} INFO - [2026-06-30T15:38:58.071+0000] {dagbag.py:545} INFO - Filling up the DagBag from /opt/airflow/dags/dag_tomorrowio.py
[2026-06-30T15:38:58.592+0000] {processor.py:840} INFO - DAG(s) 'tomorrowio_bronze_to_silver' retrieved from /opt/airflow/dags/dag_tomorrowio.py
[2026-06-30T15:38:58.613+0000] {logging_mixin.py:188} INFO - [2026-06-30T15:38:58.612+0000] {dag.py:3096} INFO - Sync 1 DAGs
[2026-06-30T15:38:58.625+0000] {logging_mixin.py:188} INFO - [2026-06-30T15:38:58.625+0000] {dag.py:3954} INFO - Setting next_dagrun for tomorrowio_bronze_to_silver to 2026-06-30 15:00:00+00:00, run_after=2026-06-30 16:00:00+00:00
[2026-06-30T15:38:58.634+0000] {processor.py:183} INFO - Processing /opt/airflow/dags/dag_tomorrowio.py took 0.584 seconds
[2026-06-30T15:39:29.378+0000] {processor.py:161} INFO - Started process (PID=11054) to work on /opt/airflow/dags/dag_tomorrowio.py
[2026-06-30T15:39:29.381+0000] {processor.py:830} INFO - Processing file /opt/airflow/dags/dag_tomorrowio.py for tasks to queue
[2026-06-30T15:39:29.383+0000] {logging_mixin.py:188} INFO - [2026-06-30T15:39:29.383+0000] {dagbag.py:545} INFO - Filling up the DagBag from /opt/airflow/dags/dag_tomorrowio.py
[2026-06-30T15:39:29.831+0000] {processor.py:840} INFO - DAG(s) 'tomorrowio_bronze_to_silver' retrieved from /opt/airflow/dags/dag_tomorrowio.py
[2026-06-30T15:39:29.846+0000] {logging_mixin.py:188} INFO - [2026-06-30T15:39:29.845+0000] {dag.py:3096} INFO - Sync 1 DAGs
[2026-06-30T15:39:29.857+0000] {logging_mixin.py:188} INFO - [2026-06-30T15:39:29.856+0000] {dag.py:3954} INFO - Setting next_dagrun for tomorrowio_bronze_to_silver to 2026-06-30 15:00:00+00:00, run_after=2026-06-30 16:00:00+00:00
[2026-06-30T15:39:29.867+0000] {processor.py:183} INFO - Processing /opt/airflow/dags/dag_tomorrowio.py took 0.500 seconds
[2026-06-30T15:40:00.543+0000] {processor.py:161} INFO - Started process (PID=11087) to work on /opt/airflow/dags/dag_tomorrowio.py
[2026-06-30T15:40:00.546+0000] {processor.py:830} INFO - Processing file /opt/airflow/dags/dag_tomorrowio.py for tasks to queue
[2026-06-30T15:40:00.547+0000] {logging_mixin.py:188} INFO - [2026-06-30T15:40:00.547+0000] {dagbag.py:545} INFO - Filling up the DagBag from /opt/airflow/dags/dag_tomorrowio.py
[2026-06-30T15:40:00.981+0000] {processor.py:840} INFO - DAG(s) 'tomorrowio_bronze_to_silver' retrieved from /opt/airflow/dags/dag_tomorrowio.py
[2026-06-30T15:40:00.999+0000] {logging_mixin.py:188} INFO - [2026-06-30T15:40:00.999+0000] {dag.py:3096} INFO - Sync 1 DAGs
[2026-06-30T15:40:01.009+0000] {logging_mixin.py:188} INFO - [2026-06-30T15:40:01.009+0000] {dag.py:3954} INFO - Setting next_dagrun for tomorrowio_bronze_to_silver to 2026-06-30 15:00:00+00:00, run_after=2026-06-30 16:00:00+00:00
[2026-06-30T15:40:01.017+0000] {processor.py:183} INFO - Processing /opt/airflow/dags/dag_tomorrowio.py took 0.490 seconds
[2026-06-30T15:40:31.726+0000] {processor.py:161} INFO - Started process (PID=11120) to work on /opt/airflow/dags/dag_tomorrowio.py
[2026-06-30T15:40:31.730+0000] {processor.py:830} INFO - Processing file /opt/airflow/dags/dag_tomorrowio.py for tasks to queue
[2026-06-30T15:40:31.732+0000] {logging_mixin.py:188} INFO - [2026-06-30T15:40:31.732+0000] {dagbag.py:545} INFO - Filling up the DagBag from /opt/airflow/dags/dag_tomorrowio.py
[2026-06-30T15:40:32.175+0000] {processor.py:840} INFO - DAG(s) 'tomorrowio_bronze_to_silver' retrieved from /opt/airflow/dags/dag_tomorrowio.py
[2026-06-30T15:40:32.193+0000] {logging_mixin.py:188} INFO - [2026-06-30T15:40:32.193+0000] {dag.py:3096} INFO - Sync 1 DAGs
[2026-06-30T15:40:32.204+0000] {logging_mixin.py:188} INFO - [2026-06-30T15:40:32.204+0000] {dag.py:3954} INFO - Setting next_dagrun for tomorrowio_bronze_to_silver to 2026-06-30 15:00:00+00:00, run_after=2026-06-30 16:00:00+00:00
[2026-06-30T15:40:32.215+0000] {processor.py:183} INFO - Processing /opt/airflow/dags/dag_tomorrowio.py took 0.506 seconds
[2026-06-30T15:41:02.907+0000] {processor.py:161} INFO - Started process (PID=11153) to work on /opt/airflow/dags/dag_tomorrowio.py
[2026-06-30T15:41:02.909+0000] {processor.py:830} INFO - Processing file /opt/airflow/dags/dag_tomorrowio.py for tasks to queue
[2026-06-30T15:41:02.909+0000] {logging_mixin.py:188} INFO - [2026-06-30T15:41:02.909+0000] {dagbag.py:545} INFO - Filling up the DagBag from /opt/airflow/dags/dag_tomorrowio.py
[2026-06-30T15:41:03.415+0000] {processor.py:840} INFO - DAG(s) 'tomorrowio_bronze_to_silver' retrieved from /opt/airflow/dags/dag_tomorrowio.py
[2026-06-30T15:41:03.436+0000] {logging_mixin.py:188} INFO - [2026-06-30T15:41:03.436+0000] {dag.py:3096} INFO - Sync 1 DAGs
[2026-06-30T15:41:03.446+0000] {logging_mixin.py:188} INFO - [2026-06-30T15:41:03.446+0000] {dag.py:3954} INFO - Setting next_dagrun for tomorrowio_bronze_to_silver to 2026-06-30 15:00:00+00:00, run_after=2026-06-30 16:00:00+00:00
[2026-06-30T15:41:03.457+0000] {processor.py:183} INFO - Processing /opt/airflow/dags/dag_tomorrowio.py took 0.561 seconds
[2026-06-30T15:41:34.100+0000] {processor.py:161} INFO - Started process (PID=11186) to work on /opt/airflow/dags/dag_tomorrowio.py
[2026-06-30T15:41:34.101+0000] {processor.py:830} INFO - Processing file /opt/airflow/dags/dag_tomorrowio.py for tasks to queue
[2026-06-30T15:41:34.103+0000] {logging_mixin.py:188} INFO - [2026-06-30T15:41:34.102+0000] {dagbag.py:545} INFO - Filling up the DagBag from /opt/airflow/dags/dag_tomorrowio.py
[2026-06-30T15:41:34.633+0000] {processor.py:840} INFO - DAG(s) 'tomorrowio_bronze_to_silver' retrieved from /opt/airflow/dags/dag_tomorrowio.py
[2026-06-30T15:41:34.649+0000] {logging_mixin.py:188} INFO - [2026-06-30T15:41:34.649+0000] {dag.py:3096} INFO - Sync 1 DAGs
[2026-06-30T15:41:34.662+0000] {logging_mixin.py:188} INFO - [2026-06-30T15:41:34.661+0000] {dag.py:3954} INFO - Setting next_dagrun for tomorrowio_bronze_to_silver to 2026-06-30 15:00:00+00:00, run_after=2026-06-30 16:00:00+00:00
[2026-06-30T15:41:34.671+0000] {processor.py:183} INFO - Processing /opt/airflow/dags/dag_tomorrowio.py took 0.583 seconds
[2026-06-30T15:42:05.415+0000] {processor.py:161} INFO - Started process (PID=11219) to work on /opt/airflow/dags/dag_tomorrowio.py
[2026-06-30T15:42:05.421+0000] {processor.py:830} INFO - Processing file /opt/airflow/dags/dag_tomorrowio.py for tasks to queue
[2026-06-30T15:42:05.426+0000] {logging_mixin.py:188} INFO - [2026-06-30T15:42:05.425+0000] {dagbag.py:545} INFO - Filling up the DagBag from /opt/airflow/dags/dag_tomorrowio.py
[2026-06-30T15:42:06.188+0000] {processor.py:840} INFO - DAG(s) 'tomorrowio_bronze_to_silver' retrieved from /opt/airflow/dags/dag_tomorrowio.py
[2026-06-30T15:42:06.224+0000] {logging_mixin.py:188} INFO - [2026-06-30T15:42:06.224+0000] {dag.py:3096} INFO - Sync 1 DAGs
[2026-06-30T15:42:06.245+0000] {logging_mixin.py:188} INFO - [2026-06-30T15:42:06.244+0000] {dag.py:3954} INFO - Setting next_dagrun for tomorrowio_bronze_to_silver to 2026-06-30 15:00:00+00:00, run_after=2026-06-30 16:00:00+00:00
[2026-06-30T15:42:06.263+0000] {processor.py:183} INFO - Processing /opt/airflow/dags/dag_tomorrowio.py took 0.876 seconds
[2026-06-30T15:42:36.385+0000] {processor.py:161} INFO - Started process (PID=11252) to work on /opt/airflow/dags/dag_tomorrowio.py
[2026-06-30T15:42:36.388+0000] {processor.py:830} INFO - Processing file /opt/airflow/dags/dag_tomorrowio.py for tasks to queue
[2026-06-30T15:42:36.389+0000] {logging_mixin.py:188} INFO - [2026-06-30T15:42:36.388+0000] {dagbag.py:545} INFO - Filling up the DagBag from /opt/airflow/dags/dag_tomorrowio.py
[2026-06-30T15:42:36.838+0000] {processor.py:840} INFO - DAG(s) 'tomorrowio_bronze_to_silver' retrieved from /opt/airflow/dags/dag_tomorrowio.py
[2026-06-30T15:42:36.851+0000] {logging_mixin.py:188} INFO - [2026-06-30T15:42:36.851+0000] {dag.py:3096} INFO - Sync 1 DAGs
[2026-06-30T15:42:36.860+0000] {logging_mixin.py:188} INFO - [2026-06-30T15:42:36.860+0000] {dag.py:3954} INFO - Setting next_dagrun for tomorrowio_bronze_to_silver to 2026-06-30 15:00:00+00:00, run_after=2026-06-30 16:00:00+00:00
[2026-06-30T15:42:36.868+0000] {processor.py:183} INFO - Processing /opt/airflow/dags/dag_tomorrowio.py took 0.506 seconds
[2026-06-30T15:43:07.434+0000] {processor.py:161} INFO - Started process (PID=11285) to work on /opt/airflow/dags/dag_tomorrowio.py
[2026-06-30T15:43:07.442+0000] {processor.py:830} INFO - Processing file /opt/airflow/dags/dag_tomorrowio.py for tasks to queue
[2026-06-30T15:43:07.444+0000] {logging_mixin.py:188} INFO - [2026-06-30T15:43:07.444+0000] {dagbag.py:545} INFO - Filling up the DagBag from /opt/airflow/dags/dag_tomorrowio.py
[2026-06-30T15:43:07.933+0000] {processor.py:840} INFO - DAG(s) 'tomorrowio_bronze_to_silver' retrieved from /opt/airflow/dags/dag_tomorrowio.py
[2026-06-30T15:43:07.951+0000] {logging_mixin.py:188} INFO - [2026-06-30T15:43:07.950+0000] {dag.py:3096} INFO - Sync 1 DAGs
[2026-06-30T15:43:07.961+0000] {logging_mixin.py:188} INFO - [2026-06-30T15:43:07.961+0000] {dag.py:3954} INFO - Setting next_dagrun for tomorrowio_bronze_to_silver to 2026-06-30 15:00:00+00:00, run_after=2026-06-30 16:00:00+00:00
[2026-06-30T15:43:07.970+0000] {processor.py:183} INFO - Processing /opt/airflow/dags/dag_tomorrowio.py took 0.554 seconds
[2026-06-30T15:43:38.421+0000] {processor.py:161} INFO - Started process (PID=11318) to work on /opt/airflow/dags/dag_tomorrowio.py
[2026-06-30T15:43:38.424+0000] {processor.py:830} INFO - Processing file /opt/airflow/dags/dag_tomorrowio.py for tasks to queue
[2026-06-30T15:43:38.426+0000] {logging_mixin.py:188} INFO - [2026-06-30T15:43:38.426+0000] {dagbag.py:545} INFO - Filling up the DagBag from /opt/airflow/dags/dag_tomorrowio.py
[2026-06-30T15:43:38.902+0000] {processor.py:840} INFO - DAG(s) 'tomorrowio_bronze_to_silver' retrieved from /opt/airflow/dags/dag_tomorrowio.py
[2026-06-30T15:43:38.919+0000] {logging_mixin.py:188} INFO - [2026-06-30T15:43:38.919+0000] {dag.py:3096} INFO - Sync 1 DAGs
[2026-06-30T15:43:38.930+0000] {logging_mixin.py:188} INFO - [2026-06-30T15:43:38.929+0000] {dag.py:3954} INFO - Setting next_dagrun for tomorrowio_bronze_to_silver to 2026-06-30 15:00:00+00:00, run_after=2026-06-30 16:00:00+00:00
[2026-06-30T15:43:38.940+0000] {processor.py:183} INFO - Processing /opt/airflow/dags/dag_tomorrowio.py took 0.531 seconds
[2026-06-30T15:44:09.749+0000] {processor.py:161} INFO - Started process (PID=11351) to work on /opt/airflow/dags/dag_tomorrowio.py
[2026-06-30T15:44:09.752+0000] {processor.py:830} INFO - Processing file /opt/airflow/dags/dag_tomorrowio.py for tasks to queue
[2026-06-30T15:44:09.753+0000] {logging_mixin.py:188} INFO - [2026-06-30T15:44:09.753+0000] {dagbag.py:545} INFO - Filling up the DagBag from /opt/airflow/dags/dag_tomorrowio.py
[2026-06-30T15:44:10.260+0000] {processor.py:840} INFO - DAG(s) 'tomorrowio_bronze_to_silver' retrieved from /opt/airflow/dags/dag_tomorrowio.py
[2026-06-30T15:44:10.276+0000] {logging_mixin.py:188} INFO - [2026-06-30T15:44:10.276+0000] {dag.py:3096} INFO - Sync 1 DAGs
[2026-06-30T15:44:10.289+0000] {logging_mixin.py:188} INFO - [2026-06-30T15:44:10.289+0000] {dag.py:3954} INFO - Setting next_dagrun for tomorrowio_bronze_to_silver to 2026-06-30 15:00:00+00:00, run_after=2026-06-30 16:00:00+00:00
[2026-06-30T15:44:10.300+0000] {processor.py:183} INFO - Processing /opt/airflow/dags/dag_tomorrowio.py took 0.572 seconds
[2026-06-30T15:44:40.770+0000] {processor.py:161} INFO - Started process (PID=11386) to work on /opt/airflow/dags/dag_tomorrowio.py
[2026-06-30T15:44:40.771+0000] {processor.py:830} INFO - Processing file /opt/airflow/dags/dag_tomorrowio.py for tasks to queue
[2026-06-30T15:44:40.773+0000] {logging_mixin.py:188} INFO - [2026-06-30T15:44:40.772+0000] {dagbag.py:545} INFO - Filling up the DagBag from /opt/airflow/dags/dag_tomorrowio.py
[2026-06-30T15:44:41.267+0000] {processor.py:840} INFO - DAG(s) 'tomorrowio_bronze_to_silver' retrieved from /opt/airflow/dags/dag_tomorrowio.py
[2026-06-30T15:44:41.282+0000] {logging_mixin.py:188} INFO - [2026-06-30T15:44:41.282+0000] {dag.py:3096} INFO - Sync 1 DAGs
[2026-06-30T15:44:41.294+0000] {logging_mixin.py:188} INFO - [2026-06-30T15:44:41.294+0000] {dag.py:3954} INFO - Setting next_dagrun for tomorrowio_bronze_to_silver to 2026-06-30 15:00:00+00:00, run_after=2026-06-30 16:00:00+00:00
[2026-06-30T15:44:41.303+0000] {processor.py:183} INFO - Processing /opt/airflow/dags/dag_tomorrowio.py took 0.543 seconds
[2026-06-30T15:45:12.055+0000] {processor.py:161} INFO - Started process (PID=11422) to work on /opt/airflow/dags/dag_tomorrowio.py
[2026-06-30T15:45:12.056+0000] {processor.py:830} INFO - Processing file /opt/airflow/dags/dag_tomorrowio.py for tasks to queue
[2026-06-30T15:45:12.057+0000] {logging_mixin.py:188} INFO - [2026-06-30T15:45:12.057+0000] {dagbag.py:545} INFO - Filling up the DagBag from /opt/airflow/dags/dag_tomorrowio.py
[2026-06-30T15:45:12.538+0000] {processor.py:840} INFO - DAG(s) 'tomorrowio_bronze_to_silver' retrieved from /opt/airflow/dags/dag_tomorrowio.py
[2026-06-30T15:45:12.560+0000] {logging_mixin.py:188} INFO - [2026-06-30T15:45:12.560+0000] {dag.py:3096} INFO - Sync 1 DAGs
[2026-06-30T15:45:12.572+0000] {logging_mixin.py:188} INFO - [2026-06-30T15:45:12.572+0000] {dag.py:3954} INFO - Setting next_dagrun for tomorrowio_bronze_to_silver to 2026-06-30 15:00:00+00:00, run_after=2026-06-30 16:00:00+00:00
[2026-06-30T15:45:12.583+0000] {processor.py:183} INFO - Processing /opt/airflow/dags/dag_tomorrowio.py took 0.538 seconds
[2026-06-30T15:45:43.274+0000] {processor.py:161} INFO - Started process (PID=11455) to work on /opt/airflow/dags/dag_tomorrowio.py
[2026-06-30T15:45:43.275+0000] {processor.py:830} INFO - Processing file /opt/airflow/dags/dag_tomorrowio.py for tasks to queue
[2026-06-30T15:45:43.275+0000] {logging_mixin.py:188} INFO - [2026-06-30T15:45:43.275+0000] {dagbag.py:545} INFO - Filling up the DagBag from /opt/airflow/dags/dag_tomorrowio.py
[2026-06-30T15:45:43.726+0000] {processor.py:840} INFO - DAG(s) 'tomorrowio_bronze_to_silver' retrieved from /opt/airflow/dags/dag_tomorrowio.py
[2026-06-30T15:45:43.747+0000] {logging_mixin.py:188} INFO - [2026-06-30T15:45:43.747+0000] {dag.py:3096} INFO - Sync 1 DAGs
[2026-06-30T15:45:43.760+0000] {logging_mixin.py:188} INFO - [2026-06-30T15:45:43.760+0000] {dag.py:3954} INFO - Setting next_dagrun for tomorrowio_bronze_to_silver to 2026-06-30 15:00:00+00:00, run_after=2026-06-30 16:00:00+00:00
[2026-06-30T15:45:43.768+0000] {processor.py:183} INFO - Processing /opt/airflow/dags/dag_tomorrowio.py took 0.500 seconds
[2026-06-30T15:46:14.533+0000] {processor.py:161} INFO - Started process (PID=11488) to work on /opt/airflow/dags/dag_tomorrowio.py
[2026-06-30T15:46:14.535+0000] {processor.py:830} INFO - Processing file /opt/airflow/dags/dag_tomorrowio.py for tasks to queue
[2026-06-30T15:46:14.536+0000] {logging_mixin.py:188} INFO - [2026-06-30T15:46:14.535+0000] {dagbag.py:545} INFO - Filling up the DagBag from /opt/airflow/dags/dag_tomorrowio.py
[2026-06-30T15:46:14.987+0000] {processor.py:840} INFO - DAG(s) 'tomorrowio_bronze_to_silver' retrieved from /opt/airflow/dags/dag_tomorrowio.py
[2026-06-30T15:46:15.005+0000] {logging_mixin.py:188} INFO - [2026-06-30T15:46:15.005+0000] {dag.py:3096} INFO - Sync 1 DAGs
[2026-06-30T15:46:15.017+0000] {logging_mixin.py:188} INFO - [2026-06-30T15:46:15.017+0000] {dag.py:3954} INFO - Setting next_dagrun for tomorrowio_bronze_to_silver to 2026-06-30 15:00:00+00:00, run_after=2026-06-30 16:00:00+00:00
[2026-06-30T15:46:15.026+0000] {processor.py:183} INFO - Processing /opt/airflow/dags/dag_tomorrowio.py took 0.503 seconds
[2026-06-30T15:46:45.733+0000] {processor.py:161} INFO - Started process (PID=11521) to work on /opt/airflow/dags/dag_tomorrowio.py
[2026-06-30T15:46:45.734+0000] {processor.py:830} INFO - Processing file /opt/airflow/dags/dag_tomorrowio.py for tasks to queue
[2026-06-30T15:46:45.734+0000] {logging_mixin.py:188} INFO - [2026-06-30T15:46:45.734+0000] {dagbag.py:545} INFO - Filling up the DagBag from /opt/airflow/dags/dag_tomorrowio.py
[2026-06-30T15:46:46.174+0000] {processor.py:840} INFO - DAG(s) 'tomorrowio_bronze_to_silver' retrieved from /opt/airflow/dags/dag_tomorrowio.py
[2026-06-30T15:46:46.190+0000] {logging_mixin.py:188} INFO - [2026-06-30T15:46:46.190+0000] {dag.py:3096} INFO - Sync 1 DAGs
[2026-06-30T15:46:46.201+0000] {logging_mixin.py:188} INFO - [2026-06-30T15:46:46.201+0000] {dag.py:3954} INFO - Setting next_dagrun for tomorrowio_bronze_to_silver to 2026-06-30 15:00:00+00:00, run_after=2026-06-30 16:00:00+00:00
[2026-06-30T15:46:46.210+0000] {processor.py:183} INFO - Processing /opt/airflow/dags/dag_tomorrowio.py took 0.482 seconds
[2026-06-30T15:47:16.611+0000] {processor.py:161} INFO - Started process (PID=11554) to work on /opt/airflow/dags/dag_tomorrowio.py
[2026-06-30T15:47:16.612+0000] {processor.py:830} INFO - Processing file /opt/airflow/dags/dag_tomorrowio.py for tasks to queue
[2026-06-30T15:47:16.613+0000] {logging_mixin.py:188} INFO - [2026-06-30T15:47:16.612+0000] {dagbag.py:545} INFO - Filling up the DagBag from /opt/airflow/dags/dag_tomorrowio.py
[2026-06-30T15:47:17.075+0000] {processor.py:840} INFO - DAG(s) 'tomorrowio_bronze_to_silver' retrieved from /opt/airflow/dags/dag_tomorrowio.py
[2026-06-30T15:47:17.087+0000] {logging_mixin.py:188} INFO - [2026-06-30T15:47:17.087+0000] {dag.py:3096} INFO - Sync 1 DAGs
[2026-06-30T15:47:17.101+0000] {logging_mixin.py:188} INFO - [2026-06-30T15:47:17.101+0000] {dag.py:3954} INFO - Setting next_dagrun for tomorrowio_bronze_to_silver to 2026-06-30 15:00:00+00:00, run_after=2026-06-30 16:00:00+00:00
[2026-06-30T15:47:17.108+0000] {processor.py:183} INFO - Processing /opt/airflow/dags/dag_tomorrowio.py took 0.503 seconds
[2026-06-30T15:47:47.549+0000] {processor.py:161} INFO - Started process (PID=11587) to work on /opt/airflow/dags/dag_tomorrowio.py
[2026-06-30T15:47:47.551+0000] {processor.py:830} INFO - Processing file /opt/airflow/dags/dag_tomorrowio.py for tasks to queue
[2026-06-30T15:47:47.552+0000] {logging_mixin.py:188} INFO - [2026-06-30T15:47:47.552+0000] {dagbag.py:545} INFO - Filling up the DagBag from /opt/airflow/dags/dag_tomorrowio.py
[2026-06-30T15:47:47.976+0000] {processor.py:840} INFO - DAG(s) 'tomorrowio_bronze_to_silver' retrieved from /opt/airflow/dags/dag_tomorrowio.py
[2026-06-30T15:47:47.994+0000] {logging_mixin.py:188} INFO - [2026-06-30T15:47:47.994+0000] {dag.py:3096} INFO - Sync 1 DAGs
[2026-06-30T15:47:48.007+0000] {logging_mixin.py:188} INFO - [2026-06-30T15:47:48.007+0000] {dag.py:3954} INFO - Setting next_dagrun for tomorrowio_bronze_to_silver to 2026-06-30 15:00:00+00:00, run_after=2026-06-30 16:00:00+00:00
[2026-06-30T15:47:48.019+0000] {processor.py:183} INFO - Processing /opt/airflow/dags/dag_tomorrowio.py took 0.480 seconds
[2026-06-30T15:48:18.745+0000] {processor.py:161} INFO - Started process (PID=11620) to work on /opt/airflow/dags/dag_tomorrowio.py
[2026-06-30T15:48:18.747+0000] {processor.py:830} INFO - Processing file /opt/airflow/dags/dag_tomorrowio.py for tasks to queue
[2026-06-30T15:48:18.748+0000] {logging_mixin.py:188} INFO - [2026-06-30T15:48:18.748+0000] {dagbag.py:545} INFO - Filling up the DagBag from /opt/airflow/dags/dag_tomorrowio.py
[2026-06-30T15:48:19.256+0000] {processor.py:840} INFO - DAG(s) 'tomorrowio_bronze_to_silver' retrieved from /opt/airflow/dags/dag_tomorrowio.py
[2026-06-30T15:48:19.273+0000] {logging_mixin.py:188} INFO - [2026-06-30T15:48:19.273+0000] {dag.py:3096} INFO - Sync 1 DAGs
[2026-06-30T15:48:19.285+0000] {logging_mixin.py:188} INFO - [2026-06-30T15:48:19.285+0000] {dag.py:3954} INFO - Setting next_dagrun for tomorrowio_bronze_to_silver to 2026-06-30 15:00:00+00:00, run_after=2026-06-30 16:00:00+00:00
[2026-06-30T15:48:19.299+0000] {processor.py:183} INFO - Processing /opt/airflow/dags/dag_tomorrowio.py took 0.565 seconds
[2026-06-30T15:48:50.076+0000] {processor.py:161} INFO - Started process (PID=11653) to work on /opt/airflow/dags/dag_tomorrowio.py
[2026-06-30T15:48:50.079+0000] {processor.py:830} INFO - Processing file /opt/airflow/dags/dag_tomorrowio.py for tasks to queue
[2026-06-30T15:48:50.080+0000] {logging_mixin.py:188} INFO - [2026-06-30T15:48:50.080+0000] {dagbag.py:545} INFO - Filling up the DagBag from /opt/airflow/dags/dag_tomorrowio.py
[2026-06-30T15:48:50.556+0000] {processor.py:840} INFO - DAG(s) 'tomorrowio_bronze_to_silver' retrieved from /opt/airflow/dags/dag_tomorrowio.py
[2026-06-30T15:48:50.572+0000] {logging_mixin.py:188} INFO - [2026-06-30T15:48:50.572+0000] {dag.py:3096} INFO - Sync 1 DAGs
[2026-06-30T15:48:50.584+0000] {logging_mixin.py:188} INFO - [2026-06-30T15:48:50.584+0000] {dag.py:3954} INFO - Setting next_dagrun for tomorrowio_bronze_to_silver to 2026-06-30 15:00:00+00:00, run_after=2026-06-30 16:00:00+00:00
[2026-06-30T15:48:50.596+0000] {processor.py:183} INFO - Processing /opt/airflow/dags/dag_tomorrowio.py took 0.529 seconds
[2026-06-30T15:49:21.465+0000] {processor.py:161} INFO - Started process (PID=11686) to work on /opt/airflow/dags/dag_tomorrowio.py
[2026-06-30T15:49:21.467+0000] {processor.py:830} INFO - Processing file /opt/airflow/dags/dag_tomorrowio.py for tasks to queue
[2026-06-30T15:49:21.468+0000] {logging_mixin.py:188} INFO - [2026-06-30T15:49:21.468+0000] {dagbag.py:545} INFO - Filling up the DagBag from /opt/airflow/dags/dag_tomorrowio.py
[2026-06-30T15:49:21.918+0000] {processor.py:840} INFO - DAG(s) 'tomorrowio_bronze_to_silver' retrieved from /opt/airflow/dags/dag_tomorrowio.py
[2026-06-30T15:49:21.934+0000] {logging_mixin.py:188} INFO - [2026-06-30T15:49:21.934+0000] {dag.py:3096} INFO - Sync 1 DAGs
[2026-06-30T15:49:21.949+0000] {logging_mixin.py:188} INFO - [2026-06-30T15:49:21.949+0000] {dag.py:3954} INFO - Setting next_dagrun for tomorrowio_bronze_to_silver to 2026-06-30 15:00:00+00:00, run_after=2026-06-30 16:00:00+00:00
[2026-06-30T15:49:21.957+0000] {processor.py:183} INFO - Processing /opt/airflow/dags/dag_tomorrowio.py took 0.499 seconds
[2026-06-30T15:49:52.611+0000] {processor.py:161} INFO - Started process (PID=11719) to work on /opt/airflow/dags/dag_tomorrowio.py
[2026-06-30T15:49:52.613+0000] {processor.py:830} INFO - Processing file /opt/airflow/dags/dag_tomorrowio.py for tasks to queue
[2026-06-30T15:49:52.613+0000] {logging_mixin.py:188} INFO - [2026-06-30T15:49:52.613+0000] {dagbag.py:545} INFO - Filling up the DagBag from /opt/airflow/dags/dag_tomorrowio.py
[2026-06-30T15:49:53.044+0000] {processor.py:840} INFO - DAG(s) 'tomorrowio_bronze_to_silver' retrieved from /opt/airflow/dags/dag_tomorrowio.py
[2026-06-30T15:49:53.056+0000] {logging_mixin.py:188} INFO - [2026-06-30T15:49:53.056+0000] {dag.py:3096} INFO - Sync 1 DAGs
[2026-06-30T15:49:53.068+0000] {logging_mixin.py:188} INFO - [2026-06-30T15:49:53.068+0000] {dag.py:3954} INFO - Setting next_dagrun for tomorrowio_bronze_to_silver to 2026-06-30 15:00:00+00:00, run_after=2026-06-30 16:00:00+00:00
[2026-06-30T15:49:53.078+0000] {processor.py:183} INFO - Processing /opt/airflow/dags/dag_tomorrowio.py took 0.475 seconds
[2026-06-30T15:50:23.554+0000] {processor.py:161} INFO - Started process (PID=11752) to work on /opt/airflow/dags/dag_tomorrowio.py
[2026-06-30T15:50:23.556+0000] {processor.py:830} INFO - Processing file /opt/airflow/dags/dag_tomorrowio.py for tasks to queue
[2026-06-30T15:50:23.557+0000] {logging_mixin.py:188} INFO - [2026-06-30T15:50:23.557+0000] {dagbag.py:545} INFO - Filling up the DagBag from /opt/airflow/dags/dag_tomorrowio.py
[2026-06-30T15:50:23.998+0000] {processor.py:840} INFO - DAG(s) 'tomorrowio_bronze_to_silver' retrieved from /opt/airflow/dags/dag_tomorrowio.py
[2026-06-30T15:50:24.012+0000] {logging_mixin.py:188} INFO - [2026-06-30T15:50:24.011+0000] {dag.py:3096} INFO - Sync 1 DAGs
[2026-06-30T15:50:24.022+0000] {logging_mixin.py:188} INFO - [2026-06-30T15:50:24.022+0000] {dag.py:3954} INFO - Setting next_dagrun for tomorrowio_bronze_to_silver to 2026-06-30 15:00:00+00:00, run_after=2026-06-30 16:00:00+00:00
[2026-06-30T15:50:24.030+0000] {processor.py:183} INFO - Processing /opt/airflow/dags/dag_tomorrowio.py took 0.484 seconds
[2026-06-30T15:50:54.501+0000] {processor.py:161} INFO - Started process (PID=11785) to work on /opt/airflow/dags/dag_tomorrowio.py
[2026-06-30T15:50:54.503+0000] {processor.py:830} INFO - Processing file /opt/airflow/dags/dag_tomorrowio.py for tasks to queue
[2026-06-30T15:50:54.504+0000] {logging_mixin.py:188} INFO - [2026-06-30T15:50:54.503+0000] {dagbag.py:545} INFO - Filling up the DagBag from /opt/airflow/dags/dag_tomorrowio.py
[2026-06-30T15:50:54.983+0000] {processor.py:840} INFO - DAG(s) 'tomorrowio_bronze_to_silver' retrieved from /opt/airflow/dags/dag_tomorrowio.py
[2026-06-30T15:50:54.998+0000] {logging_mixin.py:188} INFO - [2026-06-30T15:50:54.998+0000] {dag.py:3096} INFO - Sync 1 DAGs
[2026-06-30T15:50:55.011+0000] {logging_mixin.py:188} INFO - [2026-06-30T15:50:55.011+0000] {dag.py:3954} INFO - Setting next_dagrun for tomorrowio_bronze_to_silver to 2026-06-30 15:00:00+00:00, run_after=2026-06-30 16:00:00+00:00
[2026-06-30T15:50:55.019+0000] {processor.py:183} INFO - Processing /opt/airflow/dags/dag_tomorrowio.py took 0.529 seconds
[2026-06-30T15:51:25.545+0000] {processor.py:161} INFO - Started process (PID=11818) to work on /opt/airflow/dags/dag_tomorrowio.py
[2026-06-30T15:51:25.547+0000] {processor.py:830} INFO - Processing file /opt/airflow/dags/dag_tomorrowio.py for tasks to queue
[2026-06-30T15:51:25.547+0000] {logging_mixin.py:188} INFO - [2026-06-30T15:51:25.547+0000] {dagbag.py:545} INFO - Filling up the DagBag from /opt/airflow/dags/dag_tomorrowio.py
[2026-06-30T15:51:25.979+0000] {processor.py:840} INFO - DAG(s) 'tomorrowio_bronze_to_silver' retrieved from /opt/airflow/dags/dag_tomorrowio.py
[2026-06-30T15:51:25.995+0000] {logging_mixin.py:188} INFO - [2026-06-30T15:51:25.995+0000] {dag.py:3096} INFO - Sync 1 DAGs
[2026-06-30T15:51:26.006+0000] {logging_mixin.py:188} INFO - [2026-06-30T15:51:26.006+0000] {dag.py:3954} INFO - Setting next_dagrun for tomorrowio_bronze_to_silver to 2026-06-30 15:00:00+00:00, run_after=2026-06-30 16:00:00+00:00
[2026-06-30T15:51:26.015+0000] {processor.py:183} INFO - Processing /opt/airflow/dags/dag_tomorrowio.py took 0.475 seconds
[2026-06-30T15:51:56.827+0000] {processor.py:161} INFO - Started process (PID=11851) to work on /opt/airflow/dags/dag_tomorrowio.py
[2026-06-30T15:51:56.829+0000] {processor.py:830} INFO - Processing file /opt/airflow/dags/dag_tomorrowio.py for tasks to queue
[2026-06-30T15:51:56.830+0000] {logging_mixin.py:188} INFO - [2026-06-30T15:51:56.830+0000] {dagbag.py:545} INFO - Filling up the DagBag from /opt/airflow/dags/dag_tomorrowio.py
[2026-06-30T15:51:57.775+0000] {processor.py:840} INFO - DAG(s) 'tomorrowio_bronze_to_silver' retrieved from /opt/airflow/dags/dag_tomorrowio.py
[2026-06-30T15:51:57.818+0000] {logging_mixin.py:188} INFO - [2026-06-30T15:51:57.817+0000] {dag.py:3096} INFO - Sync 1 DAGs
[2026-06-30T15:51:57.841+0000] {logging_mixin.py:188} INFO - [2026-06-30T15:51:57.840+0000] {dag.py:3954} INFO - Setting next_dagrun for tomorrowio_bronze_to_silver to 2026-06-30 15:00:00+00:00, run_after=2026-06-30 16:00:00+00:00
[2026-06-30T15:51:57.858+0000] {processor.py:183} INFO - Processing /opt/airflow/dags/dag_tomorrowio.py took 1.049 seconds
[2026-06-30T15:52:27.995+0000] {processor.py:161} INFO - Started process (PID=11884) to work on /opt/airflow/dags/dag_tomorrowio.py
[2026-06-30T15:52:27.995+0000] {processor.py:830} INFO - Processing file /opt/airflow/dags/dag_tomorrowio.py for tasks to queue
[2026-06-30T15:52:27.996+0000] {logging_mixin.py:188} INFO - [2026-06-30T15:52:27.996+0000] {dagbag.py:545} INFO - Filling up the DagBag from /opt/airflow/dags/dag_tomorrowio.py
[2026-06-30T15:52:28.414+0000] {processor.py:840} INFO - DAG(s) 'tomorrowio_bronze_to_silver' retrieved from /opt/airflow/dags/dag_tomorrowio.py
[2026-06-30T15:52:28.430+0000] {logging_mixin.py:188} INFO - [2026-06-30T15:52:28.430+0000] {dag.py:3096} INFO - Sync 1 DAGs
[2026-06-30T15:52:28.444+0000] {logging_mixin.py:188} INFO - [2026-06-30T15:52:28.444+0000] {dag.py:3954} INFO - Setting next_dagrun for tomorrowio_bronze_to_silver to 2026-06-30 15:00:00+00:00, run_after=2026-06-30 16:00:00+00:00
[2026-06-30T15:52:28.454+0000] {processor.py:183} INFO - Processing /opt/airflow/dags/dag_tomorrowio.py took 0.465 seconds
[2026-06-30T15:52:59.269+0000] {processor.py:161} INFO - Started process (PID=11917) to work on /opt/airflow/dags/dag_tomorrowio.py
[2026-06-30T15:52:59.273+0000] {processor.py:830} INFO - Processing file /opt/airflow/dags/dag_tomorrowio.py for tasks to queue
[2026-06-30T15:52:59.276+0000] {logging_mixin.py:188} INFO - [2026-06-30T15:52:59.276+0000] {dagbag.py:545} INFO - Filling up the DagBag from /opt/airflow/dags/dag_tomorrowio.py
[2026-06-30T15:52:59.774+0000] {processor.py:840} INFO - DAG(s) 'tomorrowio_bronze_to_silver' retrieved from /opt/airflow/dags/dag_tomorrowio.py
[2026-06-30T15:52:59.793+0000] {logging_mixin.py:188} INFO - [2026-06-30T15:52:59.793+0000] {dag.py:3096} INFO - Sync 1 DAGs
[2026-06-30T15:52:59.804+0000] {logging_mixin.py:188} INFO - [2026-06-30T15:52:59.804+0000] {dag.py:3954} INFO - Setting next_dagrun for tomorrowio_bronze_to_silver to 2026-06-30 15:00:00+00:00, run_after=2026-06-30 16:00:00+00:00
[2026-06-30T15:52:59.815+0000] {processor.py:183} INFO - Processing /opt/airflow/dags/dag_tomorrowio.py took 0.561 seconds
[2026-06-30T15:53:30.584+0000] {processor.py:161} INFO - Started process (PID=11950) to work on /opt/airflow/dags/dag_tomorrowio.py
[2026-06-30T15:53:30.587+0000] {processor.py:830} INFO - Processing file /opt/airflow/dags/dag_tomorrowio.py for tasks to queue
[2026-06-30T15:53:30.588+0000] {logging_mixin.py:188} INFO - [2026-06-30T15:53:30.588+0000] {dagbag.py:545} INFO - Filling up the DagBag from /opt/airflow/dags/dag_tomorrowio.py
[2026-06-30T15:53:31.034+0000] {processor.py:840} INFO - DAG(s) 'tomorrowio_bronze_to_silver' retrieved from /opt/airflow/dags/dag_tomorrowio.py
[2026-06-30T15:53:31.048+0000] {logging_mixin.py:188} INFO - [2026-06-30T15:53:31.048+0000] {dag.py:3096} INFO - Sync 1 DAGs
[2026-06-30T15:53:31.058+0000] {logging_mixin.py:188} INFO - [2026-06-30T15:53:31.058+0000] {dag.py:3954} INFO - Setting next_dagrun for tomorrowio_bronze_to_silver to 2026-06-30 15:00:00+00:00, run_after=2026-06-30 16:00:00+00:00
[2026-06-30T15:53:31.066+0000] {processor.py:183} INFO - Processing /opt/airflow/dags/dag_tomorrowio.py took 0.491 seconds
[2026-06-30T15:54:01.534+0000] {processor.py:161} INFO - Started process (PID=11983) to work on /opt/airflow/dags/dag_tomorrowio.py
[2026-06-30T15:54:01.537+0000] {processor.py:830} INFO - Processing file /opt/airflow/dags/dag_tomorrowio.py for tasks to queue
[2026-06-30T15:54:01.541+0000] {logging_mixin.py:188} INFO - [2026-06-30T15:54:01.539+0000] {dagbag.py:545} INFO - Filling up the DagBag from /opt/airflow/dags/dag_tomorrowio.py
[2026-06-30T15:54:02.055+0000] {processor.py:840} INFO - DAG(s) 'tomorrowio_bronze_to_silver' retrieved from /opt/airflow/dags/dag_tomorrowio.py
[2026-06-30T15:54:02.068+0000] {logging_mixin.py:188} INFO - [2026-06-30T15:54:02.068+0000] {dag.py:3096} INFO - Sync 1 DAGs
[2026-06-30T15:54:02.084+0000] {logging_mixin.py:188} INFO - [2026-06-30T15:54:02.084+0000] {dag.py:3954} INFO - Setting next_dagrun for tomorrowio_bronze_to_silver to 2026-06-30 15:00:00+00:00, run_after=2026-06-30 16:00:00+00:00
[2026-06-30T15:54:02.092+0000] {processor.py:183} INFO - Processing /opt/airflow/dags/dag_tomorrowio.py took 0.581 seconds
[2026-06-30T15:54:32.919+0000] {processor.py:161} INFO - Started process (PID=12016) to work on /opt/airflow/dags/dag_tomorrowio.py
[2026-06-30T15:54:32.922+0000] {processor.py:830} INFO - Processing file /opt/airflow/dags/dag_tomorrowio.py for tasks to queue
[2026-06-30T15:54:32.923+0000] {logging_mixin.py:188} INFO - [2026-06-30T15:54:32.923+0000] {dagbag.py:545} INFO - Filling up the DagBag from /opt/airflow/dags/dag_tomorrowio.py
[2026-06-30T15:54:33.392+0000] {processor.py:840} INFO - DAG(s) 'tomorrowio_bronze_to_silver' retrieved from /opt/airflow/dags/dag_tomorrowio.py
[2026-06-30T15:54:33.408+0000] {logging_mixin.py:188} INFO - [2026-06-30T15:54:33.408+0000] {dag.py:3096} INFO - Sync 1 DAGs
[2026-06-30T15:54:33.418+0000] {logging_mixin.py:188} INFO - [2026-06-30T15:54:33.418+0000] {dag.py:3954} INFO - Setting next_dagrun for tomorrowio_bronze_to_silver to 2026-06-30 15:00:00+00:00, run_after=2026-06-30 16:00:00+00:00
[2026-06-30T15:54:33.427+0000] {processor.py:183} INFO - Processing /opt/airflow/dags/dag_tomorrowio.py took 0.514 seconds
[2026-06-30T15:55:04.266+0000] {processor.py:161} INFO - Started process (PID=12049) to work on /opt/airflow/dags/dag_tomorrowio.py
[2026-06-30T15:55:04.271+0000] {processor.py:830} INFO - Processing file /opt/airflow/dags/dag_tomorrowio.py for tasks to queue
[2026-06-30T15:55:04.272+0000] {logging_mixin.py:188} INFO - [2026-06-30T15:55:04.271+0000] {dagbag.py:545} INFO - Filling up the DagBag from /opt/airflow/dags/dag_tomorrowio.py
[2026-06-30T15:55:04.770+0000] {processor.py:840} INFO - DAG(s) 'tomorrowio_bronze_to_silver' retrieved from /opt/airflow/dags/dag_tomorrowio.py
[2026-06-30T15:55:04.789+0000] {logging_mixin.py:188} INFO - [2026-06-30T15:55:04.788+0000] {dag.py:3096} INFO - Sync 1 DAGs
[2026-06-30T15:55:04.803+0000] {logging_mixin.py:188} INFO - [2026-06-30T15:55:04.803+0000] {dag.py:3954} INFO - Setting next_dagrun for tomorrowio_bronze_to_silver to 2026-06-30 15:00:00+00:00, run_after=2026-06-30 16:00:00+00:00
[2026-06-30T15:55:04.813+0000] {processor.py:183} INFO - Processing /opt/airflow/dags/dag_tomorrowio.py took 0.557 seconds
[2026-06-30T15:55:35.593+0000] {processor.py:161} INFO - Started process (PID=12082) to work on /opt/airflow/dags/dag_tomorrowio.py
[2026-06-30T15:55:35.596+0000] {processor.py:830} INFO - Processing file /opt/airflow/dags/dag_tomorrowio.py for tasks to queue
[2026-06-30T15:55:35.597+0000] {logging_mixin.py:188} INFO - [2026-06-30T15:55:35.597+0000] {dagbag.py:545} INFO - Filling up the DagBag from /opt/airflow/dags/dag_tomorrowio.py
[2026-06-30T15:55:36.172+0000] {processor.py:840} INFO - DAG(s) 'tomorrowio_bronze_to_silver' retrieved from /opt/airflow/dags/dag_tomorrowio.py
[2026-06-30T15:55:36.194+0000] {logging_mixin.py:188} INFO - [2026-06-30T15:55:36.194+0000] {dag.py:3096} INFO - Sync 1 DAGs
[2026-06-30T15:55:36.206+0000] {logging_mixin.py:188} INFO - [2026-06-30T15:55:36.206+0000] {dag.py:3954} INFO - Setting next_dagrun for tomorrowio_bronze_to_silver to 2026-06-30 15:00:00+00:00, run_after=2026-06-30 16:00:00+00:00
[2026-06-30T15:55:36.215+0000] {processor.py:183} INFO - Processing /opt/airflow/dags/dag_tomorrowio.py took 0.633 seconds
[2026-06-30T15:56:07.045+0000] {processor.py:161} INFO - Started process (PID=12115) to work on /opt/airflow/dags/dag_tomorrowio.py
[2026-06-30T15:56:07.046+0000] {processor.py:830} INFO - Processing file /opt/airflow/dags/dag_tomorrowio.py for tasks to queue
[2026-06-30T15:56:07.048+0000] {logging_mixin.py:188} INFO - [2026-06-30T15:56:07.047+0000] {dagbag.py:545} INFO - Filling up the DagBag from /opt/airflow/dags/dag_tomorrowio.py
[2026-06-30T15:56:07.502+0000] {processor.py:840} INFO - DAG(s) 'tomorrowio_bronze_to_silver' retrieved from /opt/airflow/dags/dag_tomorrowio.py
[2026-06-30T15:56:07.517+0000] {logging_mixin.py:188} INFO - [2026-06-30T15:56:07.517+0000] {dag.py:3096} INFO - Sync 1 DAGs
[2026-06-30T15:56:07.530+0000] {logging_mixin.py:188} INFO - [2026-06-30T15:56:07.530+0000] {dag.py:3954} INFO - Setting next_dagrun for tomorrowio_bronze_to_silver to 2026-06-30 15:00:00+00:00, run_after=2026-06-30 16:00:00+00:00
[2026-06-30T15:56:07.539+0000] {processor.py:183} INFO - Processing /opt/airflow/dags/dag_tomorrowio.py took 0.505 seconds
[2026-06-30T15:56:38.281+0000] {processor.py:161} INFO - Started process (PID=12148) to work on /opt/airflow/dags/dag_tomorrowio.py
[2026-06-30T15:56:38.286+0000] {processor.py:830} INFO - Processing file /opt/airflow/dags/dag_tomorrowio.py for tasks to queue
[2026-06-30T15:56:38.287+0000] {logging_mixin.py:188} INFO - [2026-06-30T15:56:38.286+0000] {dagbag.py:545} INFO - Filling up the DagBag from /opt/airflow/dags/dag_tomorrowio.py
[2026-06-30T15:56:38.746+0000] {processor.py:840} INFO - DAG(s) 'tomorrowio_bronze_to_silver' retrieved from /opt/airflow/dags/dag_tomorrowio.py
[2026-06-30T15:56:38.760+0000] {logging_mixin.py:188} INFO - [2026-06-30T15:56:38.759+0000] {dag.py:3096} INFO - Sync 1 DAGs
[2026-06-30T15:56:38.770+0000] {logging_mixin.py:188} INFO - [2026-06-30T15:56:38.770+0000] {dag.py:3954} INFO - Setting next_dagrun for tomorrowio_bronze_to_silver to 2026-06-30 15:00:00+00:00, run_after=2026-06-30 16:00:00+00:00
[2026-06-30T15:56:38.781+0000] {processor.py:183} INFO - Processing /opt/airflow/dags/dag_tomorrowio.py took 0.506 seconds
[2026-06-30T15:57:09.604+0000] {processor.py:161} INFO - Started process (PID=12181) to work on /opt/airflow/dags/dag_tomorrowio.py
[2026-06-30T15:57:09.609+0000] {processor.py:830} INFO - Processing file /opt/airflow/dags/dag_tomorrowio.py for tasks to queue
[2026-06-30T15:57:09.610+0000] {logging_mixin.py:188} INFO - [2026-06-30T15:57:09.610+0000] {dagbag.py:545} INFO - Filling up the DagBag from /opt/airflow/dags/dag_tomorrowio.py
[2026-06-30T15:57:10.097+0000] {processor.py:840} INFO - DAG(s) 'tomorrowio_bronze_to_silver' retrieved from /opt/airflow/dags/dag_tomorrowio.py
[2026-06-30T15:57:10.123+0000] {logging_mixin.py:188} INFO - [2026-06-30T15:57:10.123+0000] {dag.py:3096} INFO - Sync 1 DAGs
[2026-06-30T15:57:10.135+0000] {logging_mixin.py:188} INFO - [2026-06-30T15:57:10.135+0000] {dag.py:3954} INFO - Setting next_dagrun for tomorrowio_bronze_to_silver to 2026-06-30 15:00:00+00:00, run_after=2026-06-30 16:00:00+00:00
[2026-06-30T15:57:10.144+0000] {processor.py:183} INFO - Processing /opt/airflow/dags/dag_tomorrowio.py took 0.558 seconds
[2026-06-30T15:57:40.914+0000] {processor.py:161} INFO - Started process (PID=12214) to work on /opt/airflow/dags/dag_tomorrowio.py
[2026-06-30T15:57:40.916+0000] {processor.py:830} INFO - Processing file /opt/airflow/dags/dag_tomorrowio.py for tasks to queue
[2026-06-30T15:57:40.918+0000] {logging_mixin.py:188} INFO - [2026-06-30T15:57:40.917+0000] {dagbag.py:545} INFO - Filling up the DagBag from /opt/airflow/dags/dag_tomorrowio.py
[2026-06-30T15:57:41.365+0000] {processor.py:840} INFO - DAG(s) 'tomorrowio_bronze_to_silver' retrieved from /opt/airflow/dags/dag_tomorrowio.py
[2026-06-30T15:57:41.387+0000] {logging_mixin.py:188} INFO - [2026-06-30T15:57:41.387+0000] {dag.py:3096} INFO - Sync 1 DAGs
[2026-06-30T15:57:41.402+0000] {logging_mixin.py:188} INFO - [2026-06-30T15:57:41.402+0000] {dag.py:3954} INFO - Setting next_dagrun for tomorrowio_bronze_to_silver to 2026-06-30 15:00:00+00:00, run_after=2026-06-30 16:00:00+00:00
[2026-06-30T15:57:41.411+0000] {processor.py:183} INFO - Processing /opt/airflow/dags/dag_tomorrowio.py took 0.516 seconds
[2026-06-30T15:58:12.249+0000] {processor.py:161} INFO - Started process (PID=12247) to work on /opt/airflow/dags/dag_tomorrowio.py
[2026-06-30T15:58:12.251+0000] {processor.py:830} INFO - Processing file /opt/airflow/dags/dag_tomorrowio.py for tasks to queue
[2026-06-30T15:58:12.255+0000] {logging_mixin.py:188} INFO - [2026-06-30T15:58:12.254+0000] {dagbag.py:545} INFO - Filling up the DagBag from /opt/airflow/dags/dag_tomorrowio.py
[2026-06-30T15:58:12.748+0000] {processor.py:840} INFO - DAG(s) 'tomorrowio_bronze_to_silver' retrieved from /opt/airflow/dags/dag_tomorrowio.py
[2026-06-30T15:58:12.778+0000] {logging_mixin.py:188} INFO - [2026-06-30T15:58:12.778+0000] {dag.py:3096} INFO - Sync 1 DAGs
[2026-06-30T15:58:12.795+0000] {logging_mixin.py:188} INFO - [2026-06-30T15:58:12.795+0000] {dag.py:3954} INFO - Setting next_dagrun for tomorrowio_bronze_to_silver to 2026-06-30 15:00:00+00:00, run_after=2026-06-30 16:00:00+00:00
[2026-06-30T15:58:12.809+0000] {processor.py:183} INFO - Processing /opt/airflow/dags/dag_tomorrowio.py took 0.571 seconds
[2026-06-30T15:58:43.555+0000] {processor.py:161} INFO - Started process (PID=12280) to work on /opt/airflow/dags/dag_tomorrowio.py
[2026-06-30T15:58:43.557+0000] {processor.py:830} INFO - Processing file /opt/airflow/dags/dag_tomorrowio.py for tasks to queue
[2026-06-30T15:58:43.558+0000] {logging_mixin.py:188} INFO - [2026-06-30T15:58:43.558+0000] {dagbag.py:545} INFO - Filling up the DagBag from /opt/airflow/dags/dag_tomorrowio.py
[2026-06-30T15:58:43.988+0000] {processor.py:840} INFO - DAG(s) 'tomorrowio_bronze_to_silver' retrieved from /opt/airflow/dags/dag_tomorrowio.py
[2026-06-30T15:58:44.005+0000] {logging_mixin.py:188} INFO - [2026-06-30T15:58:44.005+0000] {dag.py:3096} INFO - Sync 1 DAGs
[2026-06-30T15:58:44.015+0000] {logging_mixin.py:188} INFO - [2026-06-30T15:58:44.015+0000] {dag.py:3954} INFO - Setting next_dagrun for tomorrowio_bronze_to_silver to 2026-06-30 15:00:00+00:00, run_after=2026-06-30 16:00:00+00:00
[2026-06-30T15:58:44.027+0000] {processor.py:183} INFO - Processing /opt/airflow/dags/dag_tomorrowio.py took 0.478 seconds
[2026-06-30T15:59:14.581+0000] {processor.py:161} INFO - Started process (PID=12313) to work on /opt/airflow/dags/dag_tomorrowio.py
[2026-06-30T15:59:14.583+0000] {processor.py:830} INFO - Processing file /opt/airflow/dags/dag_tomorrowio.py for tasks to queue
[2026-06-30T15:59:14.586+0000] {logging_mixin.py:188} INFO - [2026-06-30T15:59:14.585+0000] {dagbag.py:545} INFO - Filling up the DagBag from /opt/airflow/dags/dag_tomorrowio.py
[2026-06-30T15:59:15.051+0000] {processor.py:840} INFO - DAG(s) 'tomorrowio_bronze_to_silver' retrieved from /opt/airflow/dags/dag_tomorrowio.py
[2026-06-30T15:59:15.067+0000] {logging_mixin.py:188} INFO - [2026-06-30T15:59:15.067+0000] {dag.py:3096} INFO - Sync 1 DAGs
[2026-06-30T15:59:15.077+0000] {logging_mixin.py:188} INFO - [2026-06-30T15:59:15.077+0000] {dag.py:3954} INFO - Setting next_dagrun for tomorrowio_bronze_to_silver to 2026-06-30 15:00:00+00:00, run_after=2026-06-30 16:00:00+00:00
[2026-06-30T15:59:15.085+0000] {processor.py:183} INFO - Processing /opt/airflow/dags/dag_tomorrowio.py took 0.515 seconds
[2026-06-30T15:59:45.720+0000] {processor.py:161} INFO - Started process (PID=12346) to work on /opt/airflow/dags/dag_tomorrowio.py
[2026-06-30T15:59:45.723+0000] {processor.py:830} INFO - Processing file /opt/airflow/dags/dag_tomorrowio.py for tasks to queue
[2026-06-30T15:59:45.725+0000] {logging_mixin.py:188} INFO - [2026-06-30T15:59:45.725+0000] {dagbag.py:545} INFO - Filling up the DagBag from /opt/airflow/dags/dag_tomorrowio.py
[2026-06-30T15:59:46.219+0000] {processor.py:840} INFO - DAG(s) 'tomorrowio_bronze_to_silver' retrieved from /opt/airflow/dags/dag_tomorrowio.py
[2026-06-30T15:59:46.236+0000] {logging_mixin.py:188} INFO - [2026-06-30T15:59:46.236+0000] {dag.py:3096} INFO - Sync 1 DAGs
[2026-06-30T15:59:46.246+0000] {logging_mixin.py:188} INFO - [2026-06-30T15:59:46.246+0000] {dag.py:3954} INFO - Setting next_dagrun for tomorrowio_bronze_to_silver to 2026-06-30 15:00:00+00:00, run_after=2026-06-30 16:00:00+00:00
[2026-06-30T15:59:46.254+0000] {processor.py:183} INFO - Processing /opt/airflow/dags/dag_tomorrowio.py took 0.545 seconds
[2026-06-30T16:00:16.944+0000] {processor.py:161} INFO - Started process (PID=12396) to work on /opt/airflow/dags/dag_tomorrowio.py
[2026-06-30T16:00:16.946+0000] {processor.py:830} INFO - Processing file /opt/airflow/dags/dag_tomorrowio.py for tasks to queue
[2026-06-30T16:00:16.947+0000] {logging_mixin.py:188} INFO - [2026-06-30T16:00:16.947+0000] {dagbag.py:545} INFO - Filling up the DagBag from /opt/airflow/dags/dag_tomorrowio.py
[2026-06-30T16:00:17.713+0000] {processor.py:840} INFO - DAG(s) 'tomorrowio_bronze_to_silver' retrieved from /opt/airflow/dags/dag_tomorrowio.py
[2026-06-30T16:00:17.739+0000] {logging_mixin.py:188} INFO - [2026-06-30T16:00:17.739+0000] {dag.py:3096} INFO - Sync 1 DAGs
[2026-06-30T16:00:17.765+0000] {logging_mixin.py:188} INFO - [2026-06-30T16:00:17.765+0000] {dag.py:3954} INFO - Setting next_dagrun for tomorrowio_bronze_to_silver to 2026-06-30 16:00:00+00:00, run_after=2026-06-30 17:00:00+00:00
[2026-06-30T16:00:17.777+0000] {processor.py:183} INFO - Processing /opt/airflow/dags/dag_tomorrowio.py took 0.853 seconds
[2026-06-30T16:00:48.250+0000] {processor.py:161} INFO - Started process (PID=12429) to work on /opt/airflow/dags/dag_tomorrowio.py
[2026-06-30T16:00:48.254+0000] {processor.py:830} INFO - Processing file /opt/airflow/dags/dag_tomorrowio.py for tasks to queue
[2026-06-30T16:00:48.256+0000] {logging_mixin.py:188} INFO - [2026-06-30T16:00:48.255+0000] {dagbag.py:545} INFO - Filling up the DagBag from /opt/airflow/dags/dag_tomorrowio.py
[2026-06-30T16:00:48.775+0000] {processor.py:840} INFO - DAG(s) 'tomorrowio_bronze_to_silver' retrieved from /opt/airflow/dags/dag_tomorrowio.py
[2026-06-30T16:00:48.794+0000] {logging_mixin.py:188} INFO - [2026-06-30T16:00:48.794+0000] {dag.py:3096} INFO - Sync 1 DAGs
[2026-06-30T16:00:48.806+0000] {logging_mixin.py:188} INFO - [2026-06-30T16:00:48.806+0000] {dag.py:3954} INFO - Setting next_dagrun for tomorrowio_bronze_to_silver to 2026-06-30 16:00:00+00:00, run_after=2026-06-30 17:00:00+00:00
[2026-06-30T16:00:48.816+0000] {processor.py:183} INFO - Processing /opt/airflow/dags/dag_tomorrowio.py took 0.582 seconds
[2026-06-30T16:01:19.712+0000] {processor.py:161} INFO - Started process (PID=12462) to work on /opt/airflow/dags/dag_tomorrowio.py
[2026-06-30T16:01:19.714+0000] {processor.py:830} INFO - Processing file /opt/airflow/dags/dag_tomorrowio.py for tasks to queue
[2026-06-30T16:01:19.715+0000] {logging_mixin.py:188} INFO - [2026-06-30T16:01:19.715+0000] {dagbag.py:545} INFO - Filling up the DagBag from /opt/airflow/dags/dag_tomorrowio.py
[2026-06-30T16:01:20.244+0000] {processor.py:840} INFO - DAG(s) 'tomorrowio_bronze_to_silver' retrieved from /opt/airflow/dags/dag_tomorrowio.py
[2026-06-30T16:01:20.265+0000] {logging_mixin.py:188} INFO - [2026-06-30T16:01:20.265+0000] {dag.py:3096} INFO - Sync 1 DAGs
[2026-06-30T16:01:20.277+0000] {logging_mixin.py:188} INFO - [2026-06-30T16:01:20.277+0000] {dag.py:3954} INFO - Setting next_dagrun for tomorrowio_bronze_to_silver to 2026-06-30 16:00:00+00:00, run_after=2026-06-30 17:00:00+00:00
[2026-06-30T16:01:20.287+0000] {processor.py:183} INFO - Processing /opt/airflow/dags/dag_tomorrowio.py took 0.592 seconds
[2026-06-30T16:01:50.864+0000] {processor.py:161} INFO - Started process (PID=12495) to work on /opt/airflow/dags/dag_tomorrowio.py
[2026-06-30T16:01:50.866+0000] {processor.py:830} INFO - Processing file /opt/airflow/dags/dag_tomorrowio.py for tasks to queue
[2026-06-30T16:01:50.868+0000] {logging_mixin.py:188} INFO - [2026-06-30T16:01:50.868+0000] {dagbag.py:545} INFO - Filling up the DagBag from /opt/airflow/dags/dag_tomorrowio.py
[2026-06-30T16:01:51.376+0000] {processor.py:840} INFO - DAG(s) 'tomorrowio_bronze_to_silver' retrieved from /opt/airflow/dags/dag_tomorrowio.py
[2026-06-30T16:01:51.393+0000] {logging_mixin.py:188} INFO - [2026-06-30T16:01:51.393+0000] {dag.py:3096} INFO - Sync 1 DAGs
[2026-06-30T16:01:51.406+0000] {logging_mixin.py:188} INFO - [2026-06-30T16:01:51.406+0000] {dag.py:3954} INFO - Setting next_dagrun for tomorrowio_bronze_to_silver to 2026-06-30 16:00:00+00:00, run_after=2026-06-30 17:00:00+00:00
[2026-06-30T16:01:51.414+0000] {processor.py:183} INFO - Processing /opt/airflow/dags/dag_tomorrowio.py took 0.567 seconds
[2026-06-30T16:02:21.933+0000] {processor.py:161} INFO - Started process (PID=12528) to work on /opt/airflow/dags/dag_tomorrowio.py
[2026-06-30T16:02:21.935+0000] {processor.py:830} INFO - Processing file /opt/airflow/dags/dag_tomorrowio.py for tasks to queue
[2026-06-30T16:02:21.938+0000] {logging_mixin.py:188} INFO - [2026-06-30T16:02:21.937+0000] {dagbag.py:545} INFO - Filling up the DagBag from /opt/airflow/dags/dag_tomorrowio.py
[2026-06-30T16:02:22.426+0000] {processor.py:840} INFO - DAG(s) 'tomorrowio_bronze_to_silver' retrieved from /opt/airflow/dags/dag_tomorrowio.py
[2026-06-30T16:02:22.449+0000] {logging_mixin.py:188} INFO - [2026-06-30T16:02:22.448+0000] {dag.py:3096} INFO - Sync 1 DAGs
[2026-06-30T16:02:22.460+0000] {logging_mixin.py:188} INFO - [2026-06-30T16:02:22.460+0000] {dag.py:3954} INFO - Setting next_dagrun for tomorrowio_bronze_to_silver to 2026-06-30 16:00:00+00:00, run_after=2026-06-30 17:00:00+00:00
[2026-06-30T16:02:22.469+0000] {processor.py:183} INFO - Processing /opt/airflow/dags/dag_tomorrowio.py took 0.556 seconds
[2026-06-30T16:02:53.113+0000] {processor.py:161} INFO - Started process (PID=12561) to work on /opt/airflow/dags/dag_tomorrowio.py
[2026-06-30T16:02:53.114+0000] {processor.py:830} INFO - Processing file /opt/airflow/dags/dag_tomorrowio.py for tasks to queue
[2026-06-30T16:02:53.115+0000] {logging_mixin.py:188} INFO - [2026-06-30T16:02:53.115+0000] {dagbag.py:545} INFO - Filling up the DagBag from /opt/airflow/dags/dag_tomorrowio.py
[2026-06-30T16:02:53.632+0000] {processor.py:840} INFO - DAG(s) 'tomorrowio_bronze_to_silver' retrieved from /opt/airflow/dags/dag_tomorrowio.py
[2026-06-30T16:02:53.651+0000] {logging_mixin.py:188} INFO - [2026-06-30T16:02:53.651+0000] {dag.py:3096} INFO - Sync 1 DAGs
[2026-06-30T16:02:53.664+0000] {logging_mixin.py:188} INFO - [2026-06-30T16:02:53.663+0000] {dag.py:3954} INFO - Setting next_dagrun for tomorrowio_bronze_to_silver to 2026-06-30 16:00:00+00:00, run_after=2026-06-30 17:00:00+00:00
[2026-06-30T16:02:53.673+0000] {processor.py:183} INFO - Processing /opt/airflow/dags/dag_tomorrowio.py took 0.568 seconds
[2026-06-30T16:03:24.463+0000] {processor.py:161} INFO - Started process (PID=12594) to work on /opt/airflow/dags/dag_tomorrowio.py
[2026-06-30T16:03:24.469+0000] {processor.py:830} INFO - Processing file /opt/airflow/dags/dag_tomorrowio.py for tasks to queue
[2026-06-30T16:03:24.476+0000] {logging_mixin.py:188} INFO - [2026-06-30T16:03:24.473+0000] {dagbag.py:545} INFO - Filling up the DagBag from /opt/airflow/dags/dag_tomorrowio.py
[2026-06-30T16:03:24.962+0000] {processor.py:840} INFO - DAG(s) 'tomorrowio_bronze_to_silver' retrieved from /opt/airflow/dags/dag_tomorrowio.py
[2026-06-30T16:03:24.976+0000] {logging_mixin.py:188} INFO - [2026-06-30T16:03:24.976+0000] {dag.py:3096} INFO - Sync 1 DAGs
[2026-06-30T16:03:24.991+0000] {logging_mixin.py:188} INFO - [2026-06-30T16:03:24.991+0000] {dag.py:3954} INFO - Setting next_dagrun for tomorrowio_bronze_to_silver to 2026-06-30 16:00:00+00:00, run_after=2026-06-30 17:00:00+00:00
[2026-06-30T16:03:24.999+0000] {processor.py:183} INFO - Processing /opt/airflow/dags/dag_tomorrowio.py took 0.560 seconds
[2026-06-30T16:03:55.573+0000] {processor.py:161} INFO - Started process (PID=12630) to work on /opt/airflow/dags/dag_tomorrowio.py
[2026-06-30T16:03:55.574+0000] {processor.py:830} INFO - Processing file /opt/airflow/dags/dag_tomorrowio.py for tasks to queue
[2026-06-30T16:03:55.575+0000] {logging_mixin.py:188} INFO - [2026-06-30T16:03:55.575+0000] {dagbag.py:545} INFO - Filling up the DagBag from /opt/airflow/dags/dag_tomorrowio.py
[2026-06-30T16:03:56.206+0000] {processor.py:840} INFO - DAG(s) 'tomorrowio_bronze_to_silver' retrieved from /opt/airflow/dags/dag_tomorrowio.py
[2026-06-30T16:03:56.271+0000] {logging_mixin.py:188} INFO - [2026-06-30T16:03:56.270+0000] {dag.py:3096} INFO - Sync 1 DAGs
[2026-06-30T16:03:56.300+0000] {logging_mixin.py:188} INFO - [2026-06-30T16:03:56.300+0000] {dag.py:3954} INFO - Setting next_dagrun for tomorrowio_bronze_to_silver to 2026-06-30 16:00:00+00:00, run_after=2026-06-30 17:00:00+00:00
[2026-06-30T16:03:56.368+0000] {processor.py:183} INFO - Processing /opt/airflow/dags/dag_tomorrowio.py took 0.802 seconds
[2026-06-30T16:04:27.325+0000] {processor.py:161} INFO - Started process (PID=12665) to work on /opt/airflow/dags/dag_tomorrowio.py
[2026-06-30T16:04:27.326+0000] {processor.py:830} INFO - Processing file /opt/airflow/dags/dag_tomorrowio.py for tasks to queue
[2026-06-30T16:04:27.326+0000] {logging_mixin.py:188} INFO - [2026-06-30T16:04:27.326+0000] {dagbag.py:545} INFO - Filling up the DagBag from /opt/airflow/dags/dag_tomorrowio.py
[2026-06-30T16:04:27.758+0000] {processor.py:840} INFO - DAG(s) 'tomorrowio_bronze_to_silver' retrieved from /opt/airflow/dags/dag_tomorrowio.py
[2026-06-30T16:04:27.778+0000] {logging_mixin.py:188} INFO - [2026-06-30T16:04:27.778+0000] {dag.py:3096} INFO - Sync 1 DAGs
[2026-06-30T16:04:27.792+0000] {logging_mixin.py:188} INFO - [2026-06-30T16:04:27.792+0000] {dag.py:3954} INFO - Setting next_dagrun for tomorrowio_bronze_to_silver to 2026-06-30 16:00:00+00:00, run_after=2026-06-30 17:00:00+00:00
[2026-06-30T16:04:27.801+0000] {processor.py:183} INFO - Processing /opt/airflow/dags/dag_tomorrowio.py took 0.483 seconds
[2026-06-30T16:04:57.981+0000] {processor.py:161} INFO - Started process (PID=12698) to work on /opt/airflow/dags/dag_tomorrowio.py
[2026-06-30T16:04:57.983+0000] {processor.py:830} INFO - Processing file /opt/airflow/dags/dag_tomorrowio.py for tasks to queue
[2026-06-30T16:04:57.984+0000] {logging_mixin.py:188} INFO - [2026-06-30T16:04:57.983+0000] {dagbag.py:545} INFO - Filling up the DagBag from /opt/airflow/dags/dag_tomorrowio.py
[2026-06-30T16:04:58.475+0000] {processor.py:840} INFO - DAG(s) 'tomorrowio_bronze_to_silver' retrieved from /opt/airflow/dags/dag_tomorrowio.py
[2026-06-30T16:04:58.493+0000] {logging_mixin.py:188} INFO - [2026-06-30T16:04:58.493+0000] {dag.py:3096} INFO - Sync 1 DAGs
[2026-06-30T16:04:58.505+0000] {logging_mixin.py:188} INFO - [2026-06-30T16:04:58.504+0000] {dag.py:3954} INFO - Setting next_dagrun for tomorrowio_bronze_to_silver to 2026-06-30 16:00:00+00:00, run_after=2026-06-30 17:00:00+00:00
[2026-06-30T16:04:58.513+0000] {processor.py:183} INFO - Processing /opt/airflow/dags/dag_tomorrowio.py took 0.555 seconds
[2026-06-30T16:05:29.161+0000] {processor.py:161} INFO - Started process (PID=12735) to work on /opt/airflow/dags/dag_tomorrowio.py
[2026-06-30T16:05:29.163+0000] {processor.py:830} INFO - Processing file /opt/airflow/dags/dag_tomorrowio.py for tasks to queue
[2026-06-30T16:05:29.163+0000] {logging_mixin.py:188} INFO - [2026-06-30T16:05:29.163+0000] {dagbag.py:545} INFO - Filling up the DagBag from /opt/airflow/dags/dag_tomorrowio.py
[2026-06-30T16:05:29.664+0000] {processor.py:840} INFO - DAG(s) 'tomorrowio_bronze_to_silver' retrieved from /opt/airflow/dags/dag_tomorrowio.py
[2026-06-30T16:05:29.685+0000] {logging_mixin.py:188} INFO - [2026-06-30T16:05:29.684+0000] {dag.py:3096} INFO - Sync 1 DAGs
[2026-06-30T16:05:29.696+0000] {logging_mixin.py:188} INFO - [2026-06-30T16:05:29.695+0000] {dag.py:3954} INFO - Setting next_dagrun for tomorrowio_bronze_to_silver to 2026-06-30 16:00:00+00:00, run_after=2026-06-30 17:00:00+00:00
[2026-06-30T16:05:29.704+0000] {processor.py:183} INFO - Processing /opt/airflow/dags/dag_tomorrowio.py took 0.550 seconds
[2026-06-30T16:06:00.338+0000] {processor.py:161} INFO - Started process (PID=12768) to work on /opt/airflow/dags/dag_tomorrowio.py
[2026-06-30T16:06:00.339+0000] {processor.py:830} INFO - Processing file /opt/airflow/dags/dag_tomorrowio.py for tasks to queue
[2026-06-30T16:06:00.339+0000] {logging_mixin.py:188} INFO - [2026-06-30T16:06:00.339+0000] {dagbag.py:545} INFO - Filling up the DagBag from /opt/airflow/dags/dag_tomorrowio.py
[2026-06-30T16:06:00.933+0000] {processor.py:840} INFO - DAG(s) 'tomorrowio_bronze_to_silver' retrieved from /opt/airflow/dags/dag_tomorrowio.py
[2026-06-30T16:06:00.951+0000] {logging_mixin.py:188} INFO - [2026-06-30T16:06:00.950+0000] {dag.py:3096} INFO - Sync 1 DAGs
[2026-06-30T16:06:00.966+0000] {logging_mixin.py:188} INFO - [2026-06-30T16:06:00.966+0000] {dag.py:3954} INFO - Setting next_dagrun for tomorrowio_bronze_to_silver to 2026-06-30 16:00:00+00:00, run_after=2026-06-30 17:00:00+00:00
[2026-06-30T16:06:00.977+0000] {processor.py:183} INFO - Processing /opt/airflow/dags/dag_tomorrowio.py took 0.644 seconds
[2026-06-30T16:06:31.638+0000] {processor.py:161} INFO - Started process (PID=12801) to work on /opt/airflow/dags/dag_tomorrowio.py
[2026-06-30T16:06:31.640+0000] {processor.py:830} INFO - Processing file /opt/airflow/dags/dag_tomorrowio.py for tasks to queue
[2026-06-30T16:06:31.640+0000] {logging_mixin.py:188} INFO - [2026-06-30T16:06:31.640+0000] {dagbag.py:545} INFO - Filling up the DagBag from /opt/airflow/dags/dag_tomorrowio.py
[2026-06-30T16:06:32.156+0000] {processor.py:840} INFO - DAG(s) 'tomorrowio_bronze_to_silver' retrieved from /opt/airflow/dags/dag_tomorrowio.py
[2026-06-30T16:06:32.177+0000] {logging_mixin.py:188} INFO - [2026-06-30T16:06:32.176+0000] {dag.py:3096} INFO - Sync 1 DAGs
[2026-06-30T16:06:32.191+0000] {logging_mixin.py:188} INFO - [2026-06-30T16:06:32.191+0000] {dag.py:3954} INFO - Setting next_dagrun for tomorrowio_bronze_to_silver to 2026-06-30 16:00:00+00:00, run_after=2026-06-30 17:00:00+00:00
[2026-06-30T16:06:32.201+0000] {processor.py:183} INFO - Processing /opt/airflow/dags/dag_tomorrowio.py took 0.570 seconds
[2026-06-30T16:07:02.850+0000] {processor.py:161} INFO - Started process (PID=12834) to work on /opt/airflow/dags/dag_tomorrowio.py
[2026-06-30T16:07:02.851+0000] {processor.py:830} INFO - Processing file /opt/airflow/dags/dag_tomorrowio.py for tasks to queue
[2026-06-30T16:07:02.852+0000] {logging_mixin.py:188} INFO - [2026-06-30T16:07:02.851+0000] {dagbag.py:545} INFO - Filling up the DagBag from /opt/airflow/dags/dag_tomorrowio.py
[2026-06-30T16:07:03.323+0000] {processor.py:840} INFO - DAG(s) 'tomorrowio_bronze_to_silver' retrieved from /opt/airflow/dags/dag_tomorrowio.py
[2026-06-30T16:07:03.340+0000] {logging_mixin.py:188} INFO - [2026-06-30T16:07:03.340+0000] {dag.py:3096} INFO - Sync 1 DAGs
[2026-06-30T16:07:03.351+0000] {logging_mixin.py:188} INFO - [2026-06-30T16:07:03.351+0000] {dag.py:3954} INFO - Setting next_dagrun for tomorrowio_bronze_to_silver to 2026-06-30 16:00:00+00:00, run_after=2026-06-30 17:00:00+00:00
[2026-06-30T16:07:03.361+0000] {processor.py:183} INFO - Processing /opt/airflow/dags/dag_tomorrowio.py took 0.516 seconds
[2026-06-30T16:07:33.989+0000] {processor.py:161} INFO - Started process (PID=12867) to work on /opt/airflow/dags/dag_tomorrowio.py
[2026-06-30T16:07:33.993+0000] {processor.py:830} INFO - Processing file /opt/airflow/dags/dag_tomorrowio.py for tasks to queue
[2026-06-30T16:07:33.994+0000] {logging_mixin.py:188} INFO - [2026-06-30T16:07:33.994+0000] {dagbag.py:545} INFO - Filling up the DagBag from /opt/airflow/dags/dag_tomorrowio.py
[2026-06-30T16:07:34.424+0000] {processor.py:840} INFO - DAG(s) 'tomorrowio_bronze_to_silver' retrieved from /opt/airflow/dags/dag_tomorrowio.py
[2026-06-30T16:07:34.440+0000] {logging_mixin.py:188} INFO - [2026-06-30T16:07:34.440+0000] {dag.py:3096} INFO - Sync 1 DAGs
[2026-06-30T16:07:34.450+0000] {logging_mixin.py:188} INFO - [2026-06-30T16:07:34.450+0000] {dag.py:3954} INFO - Setting next_dagrun for tomorrowio_bronze_to_silver to 2026-06-30 16:00:00+00:00, run_after=2026-06-30 17:00:00+00:00
[2026-06-30T16:07:34.460+0000] {processor.py:183} INFO - Processing /opt/airflow/dags/dag_tomorrowio.py took 0.474 seconds
[2026-06-30T16:08:05.071+0000] {processor.py:161} INFO - Started process (PID=12900) to work on /opt/airflow/dags/dag_tomorrowio.py
[2026-06-30T16:08:05.073+0000] {processor.py:830} INFO - Processing file /opt/airflow/dags/dag_tomorrowio.py for tasks to queue
[2026-06-30T16:08:05.074+0000] {logging_mixin.py:188} INFO - [2026-06-30T16:08:05.073+0000] {dagbag.py:545} INFO - Filling up the DagBag from /opt/airflow/dags/dag_tomorrowio.py
[2026-06-30T16:08:05.572+0000] {processor.py:840} INFO - DAG(s) 'tomorrowio_bronze_to_silver' retrieved from /opt/airflow/dags/dag_tomorrowio.py
[2026-06-30T16:08:05.589+0000] {logging_mixin.py:188} INFO - [2026-06-30T16:08:05.588+0000] {dag.py:3096} INFO - Sync 1 DAGs
[2026-06-30T16:08:05.601+0000] {logging_mixin.py:188} INFO - [2026-06-30T16:08:05.601+0000] {dag.py:3954} INFO - Setting next_dagrun for tomorrowio_bronze_to_silver to 2026-06-30 16:00:00+00:00, run_after=2026-06-30 17:00:00+00:00
[2026-06-30T16:08:05.611+0000] {processor.py:183} INFO - Processing /opt/airflow/dags/dag_tomorrowio.py took 0.545 seconds
[2026-06-30T16:08:36.271+0000] {processor.py:161} INFO - Started process (PID=12933) to work on /opt/airflow/dags/dag_tomorrowio.py
[2026-06-30T16:08:36.273+0000] {processor.py:830} INFO - Processing file /opt/airflow/dags/dag_tomorrowio.py for tasks to queue
[2026-06-30T16:08:36.274+0000] {logging_mixin.py:188} INFO - [2026-06-30T16:08:36.274+0000] {dagbag.py:545} INFO - Filling up the DagBag from /opt/airflow/dags/dag_tomorrowio.py
[2026-06-30T16:08:36.741+0000] {processor.py:840} INFO - DAG(s) 'tomorrowio_bronze_to_silver' retrieved from /opt/airflow/dags/dag_tomorrowio.py
[2026-06-30T16:08:36.758+0000] {logging_mixin.py:188} INFO - [2026-06-30T16:08:36.758+0000] {dag.py:3096} INFO - Sync 1 DAGs
[2026-06-30T16:08:36.772+0000] {logging_mixin.py:188} INFO - [2026-06-30T16:08:36.772+0000] {dag.py:3954} INFO - Setting next_dagrun for tomorrowio_bronze_to_silver to 2026-06-30 16:00:00+00:00, run_after=2026-06-30 17:00:00+00:00
[2026-06-30T16:08:36.789+0000] {processor.py:183} INFO - Processing /opt/airflow/dags/dag_tomorrowio.py took 0.526 seconds
[2026-06-30T16:09:07.439+0000] {processor.py:161} INFO - Started process (PID=12966) to work on /opt/airflow/dags/dag_tomorrowio.py
[2026-06-30T16:09:07.442+0000] {processor.py:830} INFO - Processing file /opt/airflow/dags/dag_tomorrowio.py for tasks to queue
[2026-06-30T16:09:07.442+0000] {logging_mixin.py:188} INFO - [2026-06-30T16:09:07.442+0000] {dagbag.py:545} INFO - Filling up the DagBag from /opt/airflow/dags/dag_tomorrowio.py
[2026-06-30T16:09:07.922+0000] {processor.py:840} INFO - DAG(s) 'tomorrowio_bronze_to_silver' retrieved from /opt/airflow/dags/dag_tomorrowio.py
[2026-06-30T16:09:07.939+0000] {logging_mixin.py:188} INFO - [2026-06-30T16:09:07.939+0000] {dag.py:3096} INFO - Sync 1 DAGs
[2026-06-30T16:09:07.950+0000] {logging_mixin.py:188} INFO - [2026-06-30T16:09:07.950+0000] {dag.py:3954} INFO - Setting next_dagrun for tomorrowio_bronze_to_silver to 2026-06-30 16:00:00+00:00, run_after=2026-06-30 17:00:00+00:00
[2026-06-30T16:09:07.961+0000] {processor.py:183} INFO - Processing /opt/airflow/dags/dag_tomorrowio.py took 0.529 seconds
[2026-06-30T16:09:38.565+0000] {processor.py:161} INFO - Started process (PID=12999) to work on /opt/airflow/dags/dag_tomorrowio.py
[2026-06-30T16:09:38.566+0000] {processor.py:830} INFO - Processing file /opt/airflow/dags/dag_tomorrowio.py for tasks to queue
[2026-06-30T16:09:38.566+0000] {logging_mixin.py:188} INFO - [2026-06-30T16:09:38.566+0000] {dagbag.py:545} INFO - Filling up the DagBag from /opt/airflow/dags/dag_tomorrowio.py
[2026-06-30T16:09:38.993+0000] {processor.py:840} INFO - DAG(s) 'tomorrowio_bronze_to_silver' retrieved from /opt/airflow/dags/dag_tomorrowio.py
[2026-06-30T16:09:39.004+0000] {logging_mixin.py:188} INFO - [2026-06-30T16:09:39.004+0000] {dag.py:3096} INFO - Sync 1 DAGs
[2026-06-30T16:09:39.014+0000] {logging_mixin.py:188} INFO - [2026-06-30T16:09:39.014+0000] {dag.py:3954} INFO - Setting next_dagrun for tomorrowio_bronze_to_silver to 2026-06-30 16:00:00+00:00, run_after=2026-06-30 17:00:00+00:00
[2026-06-30T16:09:39.023+0000] {processor.py:183} INFO - Processing /opt/airflow/dags/dag_tomorrowio.py took 0.464 seconds
[2026-06-30T16:10:09.672+0000] {processor.py:161} INFO - Started process (PID=13032) to work on /opt/airflow/dags/dag_tomorrowio.py
[2026-06-30T16:10:09.674+0000] {processor.py:830} INFO - Processing file /opt/airflow/dags/dag_tomorrowio.py for tasks to queue
[2026-06-30T16:10:09.675+0000] {logging_mixin.py:188} INFO - [2026-06-30T16:10:09.675+0000] {dagbag.py:545} INFO - Filling up the DagBag from /opt/airflow/dags/dag_tomorrowio.py
[2026-06-30T16:10:10.133+0000] {processor.py:840} INFO - DAG(s) 'tomorrowio_bronze_to_silver' retrieved from /opt/airflow/dags/dag_tomorrowio.py
[2026-06-30T16:10:10.147+0000] {logging_mixin.py:188} INFO - [2026-06-30T16:10:10.146+0000] {dag.py:3096} INFO - Sync 1 DAGs
[2026-06-30T16:10:10.157+0000] {logging_mixin.py:188} INFO - [2026-06-30T16:10:10.157+0000] {dag.py:3954} INFO - Setting next_dagrun for tomorrowio_bronze_to_silver to 2026-06-30 16:00:00+00:00, run_after=2026-06-30 17:00:00+00:00
[2026-06-30T16:10:10.166+0000] {processor.py:183} INFO - Processing /opt/airflow/dags/dag_tomorrowio.py took 0.499 seconds
[2026-06-30T16:10:40.614+0000] {processor.py:161} INFO - Started process (PID=13065) to work on /opt/airflow/dags/dag_tomorrowio.py
[2026-06-30T16:10:40.615+0000] {processor.py:830} INFO - Processing file /opt/airflow/dags/dag_tomorrowio.py for tasks to queue
[2026-06-30T16:10:40.616+0000] {logging_mixin.py:188} INFO - [2026-06-30T16:10:40.615+0000] {dagbag.py:545} INFO - Filling up the DagBag from /opt/airflow/dags/dag_tomorrowio.py
[2026-06-30T16:10:41.033+0000] {processor.py:840} INFO - DAG(s) 'tomorrowio_bronze_to_silver' retrieved from /opt/airflow/dags/dag_tomorrowio.py
[2026-06-30T16:10:41.048+0000] {logging_mixin.py:188} INFO - [2026-06-30T16:10:41.048+0000] {dag.py:3096} INFO - Sync 1 DAGs
[2026-06-30T16:10:41.060+0000] {logging_mixin.py:188} INFO - [2026-06-30T16:10:41.060+0000] {dag.py:3954} INFO - Setting next_dagrun for tomorrowio_bronze_to_silver to 2026-06-30 16:00:00+00:00, run_after=2026-06-30 17:00:00+00:00
[2026-06-30T16:10:41.075+0000] {processor.py:183} INFO - Processing /opt/airflow/dags/dag_tomorrowio.py took 0.467 seconds
[2026-06-30T16:11:11.743+0000] {processor.py:161} INFO - Started process (PID=13098) to work on /opt/airflow/dags/dag_tomorrowio.py
[2026-06-30T16:11:11.745+0000] {processor.py:830} INFO - Processing file /opt/airflow/dags/dag_tomorrowio.py for tasks to queue
[2026-06-30T16:11:11.747+0000] {logging_mixin.py:188} INFO - [2026-06-30T16:11:11.746+0000] {dagbag.py:545} INFO - Filling up the DagBag from /opt/airflow/dags/dag_tomorrowio.py
[2026-06-30T16:11:12.252+0000] {processor.py:840} INFO - DAG(s) 'tomorrowio_bronze_to_silver' retrieved from /opt/airflow/dags/dag_tomorrowio.py
[2026-06-30T16:11:12.266+0000] {logging_mixin.py:188} INFO - [2026-06-30T16:11:12.265+0000] {dag.py:3096} INFO - Sync 1 DAGs
[2026-06-30T16:11:12.281+0000] {logging_mixin.py:188} INFO - [2026-06-30T16:11:12.281+0000] {dag.py:3954} INFO - Setting next_dagrun for tomorrowio_bronze_to_silver to 2026-06-30 16:00:00+00:00, run_after=2026-06-30 17:00:00+00:00
[2026-06-30T16:11:12.291+0000] {processor.py:183} INFO - Processing /opt/airflow/dags/dag_tomorrowio.py took 0.556 seconds
[2026-06-30T16:11:42.914+0000] {processor.py:161} INFO - Started process (PID=13131) to work on /opt/airflow/dags/dag_tomorrowio.py
[2026-06-30T16:11:42.915+0000] {processor.py:830} INFO - Processing file /opt/airflow/dags/dag_tomorrowio.py for tasks to queue
[2026-06-30T16:11:42.916+0000] {logging_mixin.py:188} INFO - [2026-06-30T16:11:42.915+0000] {dagbag.py:545} INFO - Filling up the DagBag from /opt/airflow/dags/dag_tomorrowio.py
[2026-06-30T16:11:43.326+0000] {processor.py:840} INFO - DAG(s) 'tomorrowio_bronze_to_silver' retrieved from /opt/airflow/dags/dag_tomorrowio.py
[2026-06-30T16:11:43.337+0000] {logging_mixin.py:188} INFO - [2026-06-30T16:11:43.337+0000] {dag.py:3096} INFO - Sync 1 DAGs
[2026-06-30T16:11:43.350+0000] {logging_mixin.py:188} INFO - [2026-06-30T16:11:43.350+0000] {dag.py:3954} INFO - Setting next_dagrun for tomorrowio_bronze_to_silver to 2026-06-30 16:00:00+00:00, run_after=2026-06-30 17:00:00+00:00
[2026-06-30T16:11:43.358+0000] {processor.py:183} INFO - Processing /opt/airflow/dags/dag_tomorrowio.py took 0.455 seconds
[2026-06-30T16:12:13.993+0000] {processor.py:161} INFO - Started process (PID=13164) to work on /opt/airflow/dags/dag_tomorrowio.py
[2026-06-30T16:12:13.998+0000] {processor.py:830} INFO - Processing file /opt/airflow/dags/dag_tomorrowio.py for tasks to queue
[2026-06-30T16:12:13.999+0000] {logging_mixin.py:188} INFO - [2026-06-30T16:12:13.998+0000] {dagbag.py:545} INFO - Filling up the DagBag from /opt/airflow/dags/dag_tomorrowio.py
[2026-06-30T16:12:14.454+0000] {processor.py:840} INFO - DAG(s) 'tomorrowio_bronze_to_silver' retrieved from /opt/airflow/dags/dag_tomorrowio.py
[2026-06-30T16:12:14.474+0000] {logging_mixin.py:188} INFO - [2026-06-30T16:12:14.474+0000] {dag.py:3096} INFO - Sync 1 DAGs
[2026-06-30T16:12:14.485+0000] {logging_mixin.py:188} INFO - [2026-06-30T16:12:14.485+0000] {dag.py:3954} INFO - Setting next_dagrun for tomorrowio_bronze_to_silver to 2026-06-30 16:00:00+00:00, run_after=2026-06-30 17:00:00+00:00
[2026-06-30T16:12:14.498+0000] {processor.py:183} INFO - Processing /opt/airflow/dags/dag_tomorrowio.py took 0.530 seconds
[2026-06-30T16:12:45.121+0000] {processor.py:161} INFO - Started process (PID=13197) to work on /opt/airflow/dags/dag_tomorrowio.py
[2026-06-30T16:12:45.123+0000] {processor.py:830} INFO - Processing file /opt/airflow/dags/dag_tomorrowio.py for tasks to queue
[2026-06-30T16:12:45.124+0000] {logging_mixin.py:188} INFO - [2026-06-30T16:12:45.123+0000] {dagbag.py:545} INFO - Filling up the DagBag from /opt/airflow/dags/dag_tomorrowio.py
[2026-06-30T16:12:45.513+0000] {processor.py:840} INFO - DAG(s) 'tomorrowio_bronze_to_silver' retrieved from /opt/airflow/dags/dag_tomorrowio.py
[2026-06-30T16:12:45.528+0000] {logging_mixin.py:188} INFO - [2026-06-30T16:12:45.528+0000] {dag.py:3096} INFO - Sync 1 DAGs
[2026-06-30T16:12:45.538+0000] {logging_mixin.py:188} INFO - [2026-06-30T16:12:45.537+0000] {dag.py:3954} INFO - Setting next_dagrun for tomorrowio_bronze_to_silver to 2026-06-30 16:00:00+00:00, run_after=2026-06-30 17:00:00+00:00
[2026-06-30T16:12:45.545+0000] {processor.py:183} INFO - Processing /opt/airflow/dags/dag_tomorrowio.py took 0.430 seconds
[2026-06-30T16:13:16.149+0000] {processor.py:161} INFO - Started process (PID=13230) to work on /opt/airflow/dags/dag_tomorrowio.py
[2026-06-30T16:13:16.151+0000] {processor.py:830} INFO - Processing file /opt/airflow/dags/dag_tomorrowio.py for tasks to queue
[2026-06-30T16:13:16.152+0000] {logging_mixin.py:188} INFO - [2026-06-30T16:13:16.151+0000] {dagbag.py:545} INFO - Filling up the DagBag from /opt/airflow/dags/dag_tomorrowio.py
[2026-06-30T16:13:16.596+0000] {processor.py:840} INFO - DAG(s) 'tomorrowio_bronze_to_silver' retrieved from /opt/airflow/dags/dag_tomorrowio.py
[2026-06-30T16:13:16.619+0000] {logging_mixin.py:188} INFO - [2026-06-30T16:13:16.619+0000] {dag.py:3096} INFO - Sync 1 DAGs
[2026-06-30T16:13:16.636+0000] {logging_mixin.py:188} INFO - [2026-06-30T16:13:16.636+0000] {dag.py:3954} INFO - Setting next_dagrun for tomorrowio_bronze_to_silver to 2026-06-30 16:00:00+00:00, run_after=2026-06-30 17:00:00+00:00
[2026-06-30T16:13:16.647+0000] {processor.py:183} INFO - Processing /opt/airflow/dags/dag_tomorrowio.py took 0.505 seconds
[2026-06-30T16:13:47.227+0000] {processor.py:161} INFO - Started process (PID=13263) to work on /opt/airflow/dags/dag_tomorrowio.py
[2026-06-30T16:13:47.228+0000] {processor.py:830} INFO - Processing file /opt/airflow/dags/dag_tomorrowio.py for tasks to queue
[2026-06-30T16:13:47.228+0000] {logging_mixin.py:188} INFO - [2026-06-30T16:13:47.228+0000] {dagbag.py:545} INFO - Filling up the DagBag from /opt/airflow/dags/dag_tomorrowio.py
[2026-06-30T16:13:47.499+0000] {processor.py:840} INFO - DAG(s) 'tomorrowio_bronze_to_silver' retrieved from /opt/airflow/dags/dag_tomorrowio.py
[2026-06-30T16:13:47.508+0000] {logging_mixin.py:188} INFO - [2026-06-30T16:13:47.508+0000] {dag.py:3096} INFO - Sync 1 DAGs
[2026-06-30T16:13:47.516+0000] {logging_mixin.py:188} INFO - [2026-06-30T16:13:47.516+0000] {dag.py:3954} INFO - Setting next_dagrun for tomorrowio_bronze_to_silver to 2026-06-30 16:00:00+00:00, run_after=2026-06-30 17:00:00+00:00
[2026-06-30T16:13:47.523+0000] {processor.py:183} INFO - Processing /opt/airflow/dags/dag_tomorrowio.py took 0.304 seconds
[2026-06-30T16:14:18.056+0000] {processor.py:161} INFO - Started process (PID=13296) to work on /opt/airflow/dags/dag_tomorrowio.py
[2026-06-30T16:14:18.058+0000] {processor.py:830} INFO - Processing file /opt/airflow/dags/dag_tomorrowio.py for tasks to queue
[2026-06-30T16:14:18.058+0000] {logging_mixin.py:188} INFO - [2026-06-30T16:14:18.058+0000] {dagbag.py:545} INFO - Filling up the DagBag from /opt/airflow/dags/dag_tomorrowio.py
[2026-06-30T16:14:18.426+0000] {processor.py:840} INFO - DAG(s) 'tomorrowio_bronze_to_silver' retrieved from /opt/airflow/dags/dag_tomorrowio.py
[2026-06-30T16:14:18.437+0000] {logging_mixin.py:188} INFO - [2026-06-30T16:14:18.437+0000] {dag.py:3096} INFO - Sync 1 DAGs
[2026-06-30T16:14:18.447+0000] {logging_mixin.py:188} INFO - [2026-06-30T16:14:18.447+0000] {dag.py:3954} INFO - Setting next_dagrun for tomorrowio_bronze_to_silver to 2026-06-30 16:00:00+00:00, run_after=2026-06-30 17:00:00+00:00
[2026-06-30T16:14:18.453+0000] {processor.py:183} INFO - Processing /opt/airflow/dags/dag_tomorrowio.py took 0.407 seconds
[2026-06-30T16:14:48.924+0000] {processor.py:161} INFO - Started process (PID=13329) to work on /opt/airflow/dags/dag_tomorrowio.py
[2026-06-30T16:14:48.927+0000] {processor.py:830} INFO - Processing file /opt/airflow/dags/dag_tomorrowio.py for tasks to queue
[2026-06-30T16:14:48.928+0000] {logging_mixin.py:188} INFO - [2026-06-30T16:14:48.928+0000] {dagbag.py:545} INFO - Filling up the DagBag from /opt/airflow/dags/dag_tomorrowio.py
[2026-06-30T16:14:49.267+0000] {processor.py:840} INFO - DAG(s) 'tomorrowio_bronze_to_silver' retrieved from /opt/airflow/dags/dag_tomorrowio.py
[2026-06-30T16:14:49.280+0000] {logging_mixin.py:188} INFO - [2026-06-30T16:14:49.280+0000] {dag.py:3096} INFO - Sync 1 DAGs
[2026-06-30T16:14:49.288+0000] {logging_mixin.py:188} INFO - [2026-06-30T16:14:49.287+0000] {dag.py:3954} INFO - Setting next_dagrun for tomorrowio_bronze_to_silver to 2026-06-30 16:00:00+00:00, run_after=2026-06-30 17:00:00+00:00
[2026-06-30T16:14:49.294+0000] {processor.py:183} INFO - Processing /opt/airflow/dags/dag_tomorrowio.py took 0.383 seconds
[2026-06-30T16:15:19.939+0000] {processor.py:161} INFO - Started process (PID=13362) to work on /opt/airflow/dags/dag_tomorrowio.py
[2026-06-30T16:15:19.940+0000] {processor.py:830} INFO - Processing file /opt/airflow/dags/dag_tomorrowio.py for tasks to queue
[2026-06-30T16:15:19.941+0000] {logging_mixin.py:188} INFO - [2026-06-30T16:15:19.941+0000] {dagbag.py:545} INFO - Filling up the DagBag from /opt/airflow/dags/dag_tomorrowio.py
[2026-06-30T16:15:20.279+0000] {processor.py:840} INFO - DAG(s) 'tomorrowio_bronze_to_silver' retrieved from /opt/airflow/dags/dag_tomorrowio.py
[2026-06-30T16:15:20.289+0000] {logging_mixin.py:188} INFO - [2026-06-30T16:15:20.289+0000] {dag.py:3096} INFO - Sync 1 DAGs
[2026-06-30T16:15:20.297+0000] {logging_mixin.py:188} INFO - [2026-06-30T16:15:20.297+0000] {dag.py:3954} INFO - Setting next_dagrun for tomorrowio_bronze_to_silver to 2026-06-30 16:00:00+00:00, run_after=2026-06-30 17:00:00+00:00
[2026-06-30T16:15:20.304+0000] {processor.py:183} INFO - Processing /opt/airflow/dags/dag_tomorrowio.py took 0.371 seconds
[2026-06-30T16:15:50.784+0000] {processor.py:161} INFO - Started process (PID=13395) to work on /opt/airflow/dags/dag_tomorrowio.py
[2026-06-30T16:15:50.786+0000] {processor.py:830} INFO - Processing file /opt/airflow/dags/dag_tomorrowio.py for tasks to queue
[2026-06-30T16:15:50.787+0000] {logging_mixin.py:188} INFO - [2026-06-30T16:15:50.787+0000] {dagbag.py:545} INFO - Filling up the DagBag from /opt/airflow/dags/dag_tomorrowio.py
[2026-06-30T16:15:51.010+0000] {processor.py:840} INFO - DAG(s) 'tomorrowio_bronze_to_silver' retrieved from /opt/airflow/dags/dag_tomorrowio.py
[2026-06-30T16:15:51.019+0000] {logging_mixin.py:188} INFO - [2026-06-30T16:15:51.019+0000] {dag.py:3096} INFO - Sync 1 DAGs
[2026-06-30T16:15:51.027+0000] {logging_mixin.py:188} INFO - [2026-06-30T16:15:51.026+0000] {dag.py:3954} INFO - Setting next_dagrun for tomorrowio_bronze_to_silver to 2026-06-30 16:00:00+00:00, run_after=2026-06-30 17:00:00+00:00
[2026-06-30T16:15:51.033+0000] {processor.py:183} INFO - Processing /opt/airflow/dags/dag_tomorrowio.py took 0.258 seconds
[2026-06-30T16:16:21.553+0000] {processor.py:161} INFO - Started process (PID=13428) to work on /opt/airflow/dags/dag_tomorrowio.py
[2026-06-30T16:16:21.555+0000] {processor.py:830} INFO - Processing file /opt/airflow/dags/dag_tomorrowio.py for tasks to queue
[2026-06-30T16:16:21.556+0000] {logging_mixin.py:188} INFO - [2026-06-30T16:16:21.556+0000] {dagbag.py:545} INFO - Filling up the DagBag from /opt/airflow/dags/dag_tomorrowio.py
[2026-06-30T16:16:21.940+0000] {processor.py:840} INFO - DAG(s) 'tomorrowio_bronze_to_silver' retrieved from /opt/airflow/dags/dag_tomorrowio.py
[2026-06-30T16:16:21.951+0000] {logging_mixin.py:188} INFO - [2026-06-30T16:16:21.950+0000] {dag.py:3096} INFO - Sync 1 DAGs
[2026-06-30T16:16:21.961+0000] {logging_mixin.py:188} INFO - [2026-06-30T16:16:21.961+0000] {dag.py:3954} INFO - Setting next_dagrun for tomorrowio_bronze_to_silver to 2026-06-30 16:00:00+00:00, run_after=2026-06-30 17:00:00+00:00
[2026-06-30T16:16:21.968+0000] {processor.py:183} INFO - Processing /opt/airflow/dags/dag_tomorrowio.py took 0.428 seconds
[2026-06-30T16:16:52.546+0000] {processor.py:161} INFO - Started process (PID=13461) to work on /opt/airflow/dags/dag_tomorrowio.py
[2026-06-30T16:16:52.547+0000] {processor.py:830} INFO - Processing file /opt/airflow/dags/dag_tomorrowio.py for tasks to queue
[2026-06-30T16:16:52.548+0000] {logging_mixin.py:188} INFO - [2026-06-30T16:16:52.548+0000] {dagbag.py:545} INFO - Filling up the DagBag from /opt/airflow/dags/dag_tomorrowio.py
[2026-06-30T16:16:52.972+0000] {processor.py:840} INFO - DAG(s) 'tomorrowio_bronze_to_silver' retrieved from /opt/airflow/dags/dag_tomorrowio.py
[2026-06-30T16:16:52.992+0000] {logging_mixin.py:188} INFO - [2026-06-30T16:16:52.991+0000] {dag.py:3096} INFO - Sync 1 DAGs
[2026-06-30T16:16:53.003+0000] {logging_mixin.py:188} INFO - [2026-06-30T16:16:53.003+0000] {dag.py:3954} INFO - Setting next_dagrun for tomorrowio_bronze_to_silver to 2026-06-30 16:00:00+00:00, run_after=2026-06-30 17:00:00+00:00
[2026-06-30T16:16:53.010+0000] {processor.py:183} INFO - Processing /opt/airflow/dags/dag_tomorrowio.py took 0.477 seconds
[2026-06-30T16:17:23.678+0000] {processor.py:161} INFO - Started process (PID=13494) to work on /opt/airflow/dags/dag_tomorrowio.py
[2026-06-30T16:17:23.681+0000] {processor.py:830} INFO - Processing file /opt/airflow/dags/dag_tomorrowio.py for tasks to queue
[2026-06-30T16:17:23.682+0000] {logging_mixin.py:188} INFO - [2026-06-30T16:17:23.681+0000] {dagbag.py:545} INFO - Filling up the DagBag from /opt/airflow/dags/dag_tomorrowio.py
[2026-06-30T16:17:24.062+0000] {processor.py:840} INFO - DAG(s) 'tomorrowio_bronze_to_silver' retrieved from /opt/airflow/dags/dag_tomorrowio.py
[2026-06-30T16:17:24.084+0000] {logging_mixin.py:188} INFO - [2026-06-30T16:17:24.083+0000] {dag.py:3096} INFO - Sync 1 DAGs
[2026-06-30T16:17:24.093+0000] {logging_mixin.py:188} INFO - [2026-06-30T16:17:24.093+0000] {dag.py:3954} INFO - Setting next_dagrun for tomorrowio_bronze_to_silver to 2026-06-30 16:00:00+00:00, run_after=2026-06-30 17:00:00+00:00
[2026-06-30T16:17:24.102+0000] {processor.py:183} INFO - Processing /opt/airflow/dags/dag_tomorrowio.py took 0.432 seconds
[2026-06-30T16:17:54.628+0000] {processor.py:161} INFO - Started process (PID=13527) to work on /opt/airflow/dags/dag_tomorrowio.py
[2026-06-30T16:17:54.630+0000] {processor.py:830} INFO - Processing file /opt/airflow/dags/dag_tomorrowio.py for tasks to queue
[2026-06-30T16:17:54.630+0000] {logging_mixin.py:188} INFO - [2026-06-30T16:17:54.630+0000] {dagbag.py:545} INFO - Filling up the DagBag from /opt/airflow/dags/dag_tomorrowio.py
[2026-06-30T16:17:54.983+0000] {processor.py:840} INFO - DAG(s) 'tomorrowio_bronze_to_silver' retrieved from /opt/airflow/dags/dag_tomorrowio.py
[2026-06-30T16:17:54.998+0000] {logging_mixin.py:188} INFO - [2026-06-30T16:17:54.998+0000] {dag.py:3096} INFO - Sync 1 DAGs
[2026-06-30T16:17:55.006+0000] {logging_mixin.py:188} INFO - [2026-06-30T16:17:55.006+0000] {dag.py:3954} INFO - Setting next_dagrun for tomorrowio_bronze_to_silver to 2026-06-30 16:00:00+00:00, run_after=2026-06-30 17:00:00+00:00
[2026-06-30T16:17:55.012+0000] {processor.py:183} INFO - Processing /opt/airflow/dags/dag_tomorrowio.py took 0.393 seconds
[2026-06-30T16:18:25.547+0000] {processor.py:161} INFO - Started process (PID=13560) to work on /opt/airflow/dags/dag_tomorrowio.py
[2026-06-30T16:18:25.549+0000] {processor.py:830} INFO - Processing file /opt/airflow/dags/dag_tomorrowio.py for tasks to queue
[2026-06-30T16:18:25.550+0000] {logging_mixin.py:188} INFO - [2026-06-30T16:18:25.549+0000] {dagbag.py:545} INFO - Filling up the DagBag from /opt/airflow/dags/dag_tomorrowio.py
[2026-06-30T16:18:25.929+0000] {processor.py:840} INFO - DAG(s) 'tomorrowio_bronze_to_silver' retrieved from /opt/airflow/dags/dag_tomorrowio.py
[2026-06-30T16:18:25.942+0000] {logging_mixin.py:188} INFO - [2026-06-30T16:18:25.942+0000] {dag.py:3096} INFO - Sync 1 DAGs
[2026-06-30T16:18:25.951+0000] {logging_mixin.py:188} INFO - [2026-06-30T16:18:25.951+0000] {dag.py:3954} INFO - Setting next_dagrun for tomorrowio_bronze_to_silver to 2026-06-30 16:00:00+00:00, run_after=2026-06-30 17:00:00+00:00
[2026-06-30T16:18:25.957+0000] {processor.py:183} INFO - Processing /opt/airflow/dags/dag_tomorrowio.py took 0.421 seconds
[2026-06-30T16:18:56.434+0000] {processor.py:161} INFO - Started process (PID=13593) to work on /opt/airflow/dags/dag_tomorrowio.py
[2026-06-30T16:18:56.441+0000] {processor.py:830} INFO - Processing file /opt/airflow/dags/dag_tomorrowio.py for tasks to queue
[2026-06-30T16:18:56.442+0000] {logging_mixin.py:188} INFO - [2026-06-30T16:18:56.442+0000] {dagbag.py:545} INFO - Filling up the DagBag from /opt/airflow/dags/dag_tomorrowio.py
[2026-06-30T16:18:57.040+0000] {processor.py:840} INFO - DAG(s) 'tomorrowio_bronze_to_silver' retrieved from /opt/airflow/dags/dag_tomorrowio.py
[2026-06-30T16:18:57.066+0000] {logging_mixin.py:188} INFO - [2026-06-30T16:18:57.066+0000] {dag.py:3096} INFO - Sync 1 DAGs
[2026-06-30T16:18:57.076+0000] {logging_mixin.py:188} INFO - [2026-06-30T16:18:57.076+0000] {dag.py:3954} INFO - Setting next_dagrun for tomorrowio_bronze_to_silver to 2026-06-30 16:00:00+00:00, run_after=2026-06-30 17:00:00+00:00
[2026-06-30T16:18:57.085+0000] {processor.py:183} INFO - Processing /opt/airflow/dags/dag_tomorrowio.py took 0.665 seconds
[2026-06-30T16:19:27.641+0000] {processor.py:161} INFO - Started process (PID=13626) to work on /opt/airflow/dags/dag_tomorrowio.py
[2026-06-30T16:19:27.642+0000] {processor.py:830} INFO - Processing file /opt/airflow/dags/dag_tomorrowio.py for tasks to queue
[2026-06-30T16:19:27.643+0000] {logging_mixin.py:188} INFO - [2026-06-30T16:19:27.643+0000] {dagbag.py:545} INFO - Filling up the DagBag from /opt/airflow/dags/dag_tomorrowio.py
[2026-06-30T16:19:27.986+0000] {processor.py:840} INFO - DAG(s) 'tomorrowio_bronze_to_silver' retrieved from /opt/airflow/dags/dag_tomorrowio.py
[2026-06-30T16:19:27.999+0000] {logging_mixin.py:188} INFO - [2026-06-30T16:19:27.999+0000] {dag.py:3096} INFO - Sync 1 DAGs
[2026-06-30T16:19:28.007+0000] {logging_mixin.py:188} INFO - [2026-06-30T16:19:28.007+0000] {dag.py:3954} INFO - Setting next_dagrun for tomorrowio_bronze_to_silver to 2026-06-30 16:00:00+00:00, run_after=2026-06-30 17:00:00+00:00
[2026-06-30T16:19:28.015+0000] {processor.py:183} INFO - Processing /opt/airflow/dags/dag_tomorrowio.py took 0.380 seconds
[2026-06-30T16:19:58.512+0000] {processor.py:161} INFO - Started process (PID=13659) to work on /opt/airflow/dags/dag_tomorrowio.py
[2026-06-30T16:19:58.515+0000] {processor.py:830} INFO - Processing file /opt/airflow/dags/dag_tomorrowio.py for tasks to queue
[2026-06-30T16:19:58.517+0000] {logging_mixin.py:188} INFO - [2026-06-30T16:19:58.516+0000] {dagbag.py:545} INFO - Filling up the DagBag from /opt/airflow/dags/dag_tomorrowio.py
[2026-06-30T16:19:58.970+0000] {processor.py:840} INFO - DAG(s) 'tomorrowio_bronze_to_silver' retrieved from /opt/airflow/dags/dag_tomorrowio.py
[2026-06-30T16:19:58.997+0000] {logging_mixin.py:188} INFO - [2026-06-30T16:19:58.997+0000] {dag.py:3096} INFO - Sync 1 DAGs
[2026-06-30T16:19:59.008+0000] {logging_mixin.py:188} INFO - [2026-06-30T16:19:59.008+0000] {dag.py:3954} INFO - Setting next_dagrun for tomorrowio_bronze_to_silver to 2026-06-30 16:00:00+00:00, run_after=2026-06-30 17:00:00+00:00
[2026-06-30T16:19:59.017+0000] {processor.py:183} INFO - Processing /opt/airflow/dags/dag_tomorrowio.py took 0.528 seconds
[2026-06-30T16:20:29.693+0000] {processor.py:161} INFO - Started process (PID=13692) to work on /opt/airflow/dags/dag_tomorrowio.py
[2026-06-30T16:20:29.695+0000] {processor.py:830} INFO - Processing file /opt/airflow/dags/dag_tomorrowio.py for tasks to queue
[2026-06-30T16:20:29.696+0000] {logging_mixin.py:188} INFO - [2026-06-30T16:20:29.695+0000] {dagbag.py:545} INFO - Filling up the DagBag from /opt/airflow/dags/dag_tomorrowio.py
[2026-06-30T16:20:30.157+0000] {processor.py:840} INFO - DAG(s) 'tomorrowio_bronze_to_silver' retrieved from /opt/airflow/dags/dag_tomorrowio.py
[2026-06-30T16:20:30.172+0000] {logging_mixin.py:188} INFO - [2026-06-30T16:20:30.172+0000] {dag.py:3096} INFO - Sync 1 DAGs
[2026-06-30T16:20:30.183+0000] {logging_mixin.py:188} INFO - [2026-06-30T16:20:30.183+0000] {dag.py:3954} INFO - Setting next_dagrun for tomorrowio_bronze_to_silver to 2026-06-30 16:00:00+00:00, run_after=2026-06-30 17:00:00+00:00
[2026-06-30T16:20:30.191+0000] {processor.py:183} INFO - Processing /opt/airflow/dags/dag_tomorrowio.py took 0.511 seconds
[2026-06-30T16:21:00.856+0000] {processor.py:161} INFO - Started process (PID=13725) to work on /opt/airflow/dags/dag_tomorrowio.py
[2026-06-30T16:21:00.857+0000] {processor.py:830} INFO - Processing file /opt/airflow/dags/dag_tomorrowio.py for tasks to queue
[2026-06-30T16:21:00.858+0000] {logging_mixin.py:188} INFO - [2026-06-30T16:21:00.858+0000] {dagbag.py:545} INFO - Filling up the DagBag from /opt/airflow/dags/dag_tomorrowio.py
[2026-06-30T16:21:01.242+0000] {processor.py:840} INFO - DAG(s) 'tomorrowio_bronze_to_silver' retrieved from /opt/airflow/dags/dag_tomorrowio.py
[2026-06-30T16:21:01.259+0000] {logging_mixin.py:188} INFO - [2026-06-30T16:21:01.259+0000] {dag.py:3096} INFO - Sync 1 DAGs
[2026-06-30T16:21:01.268+0000] {logging_mixin.py:188} INFO - [2026-06-30T16:21:01.268+0000] {dag.py:3954} INFO - Setting next_dagrun for tomorrowio_bronze_to_silver to 2026-06-30 16:00:00+00:00, run_after=2026-06-30 17:00:00+00:00
[2026-06-30T16:21:01.276+0000] {processor.py:183} INFO - Processing /opt/airflow/dags/dag_tomorrowio.py took 0.429 seconds
[2026-06-30T16:21:31.945+0000] {processor.py:161} INFO - Started process (PID=13758) to work on /opt/airflow/dags/dag_tomorrowio.py
[2026-06-30T16:21:31.946+0000] {processor.py:830} INFO - Processing file /opt/airflow/dags/dag_tomorrowio.py for tasks to queue
[2026-06-30T16:21:31.947+0000] {logging_mixin.py:188} INFO - [2026-06-30T16:21:31.947+0000] {dagbag.py:545} INFO - Filling up the DagBag from /opt/airflow/dags/dag_tomorrowio.py
[2026-06-30T16:21:32.444+0000] {processor.py:840} INFO - DAG(s) 'tomorrowio_bronze_to_silver' retrieved from /opt/airflow/dags/dag_tomorrowio.py
[2026-06-30T16:21:32.461+0000] {logging_mixin.py:188} INFO - [2026-06-30T16:21:32.460+0000] {dag.py:3096} INFO - Sync 1 DAGs
[2026-06-30T16:21:32.469+0000] {logging_mixin.py:188} INFO - [2026-06-30T16:21:32.469+0000] {dag.py:3954} INFO - Setting next_dagrun for tomorrowio_bronze_to_silver to 2026-06-30 16:00:00+00:00, run_after=2026-06-30 17:00:00+00:00
[2026-06-30T16:21:32.475+0000] {processor.py:183} INFO - Processing /opt/airflow/dags/dag_tomorrowio.py took 0.548 seconds
[2026-06-30T16:22:03.191+0000] {processor.py:161} INFO - Started process (PID=13791) to work on /opt/airflow/dags/dag_tomorrowio.py
[2026-06-30T16:22:03.195+0000] {processor.py:830} INFO - Processing file /opt/airflow/dags/dag_tomorrowio.py for tasks to queue
[2026-06-30T16:22:03.196+0000] {logging_mixin.py:188} INFO - [2026-06-30T16:22:03.195+0000] {dagbag.py:545} INFO - Filling up the DagBag from /opt/airflow/dags/dag_tomorrowio.py
[2026-06-30T16:22:03.621+0000] {processor.py:840} INFO - DAG(s) 'tomorrowio_bronze_to_silver' retrieved from /opt/airflow/dags/dag_tomorrowio.py
[2026-06-30T16:22:03.632+0000] {logging_mixin.py:188} INFO - [2026-06-30T16:22:03.632+0000] {dag.py:3096} INFO - Sync 1 DAGs
[2026-06-30T16:22:03.642+0000] {logging_mixin.py:188} INFO - [2026-06-30T16:22:03.642+0000] {dag.py:3954} INFO - Setting next_dagrun for tomorrowio_bronze_to_silver to 2026-06-30 16:00:00+00:00, run_after=2026-06-30 17:00:00+00:00
[2026-06-30T16:22:03.648+0000] {processor.py:183} INFO - Processing /opt/airflow/dags/dag_tomorrowio.py took 0.484 seconds
[2026-06-30T16:22:34.246+0000] {processor.py:161} INFO - Started process (PID=13824) to work on /opt/airflow/dags/dag_tomorrowio.py
[2026-06-30T16:22:34.247+0000] {processor.py:830} INFO - Processing file /opt/airflow/dags/dag_tomorrowio.py for tasks to queue
[2026-06-30T16:22:34.249+0000] {logging_mixin.py:188} INFO - [2026-06-30T16:22:34.248+0000] {dagbag.py:545} INFO - Filling up the DagBag from /opt/airflow/dags/dag_tomorrowio.py
[2026-06-30T16:22:34.718+0000] {processor.py:840} INFO - DAG(s) 'tomorrowio_bronze_to_silver' retrieved from /opt/airflow/dags/dag_tomorrowio.py
[2026-06-30T16:22:34.735+0000] {logging_mixin.py:188} INFO - [2026-06-30T16:22:34.735+0000] {dag.py:3096} INFO - Sync 1 DAGs
[2026-06-30T16:22:34.747+0000] {logging_mixin.py:188} INFO - [2026-06-30T16:22:34.747+0000] {dag.py:3954} INFO - Setting next_dagrun for tomorrowio_bronze_to_silver to 2026-06-30 16:00:00+00:00, run_after=2026-06-30 17:00:00+00:00
[2026-06-30T16:22:34.755+0000] {processor.py:183} INFO - Processing /opt/airflow/dags/dag_tomorrowio.py took 0.522 seconds
[2026-06-30T16:23:05.451+0000] {processor.py:161} INFO - Started process (PID=13857) to work on /opt/airflow/dags/dag_tomorrowio.py
[2026-06-30T16:23:05.453+0000] {processor.py:830} INFO - Processing file /opt/airflow/dags/dag_tomorrowio.py for tasks to queue
[2026-06-30T16:23:05.454+0000] {logging_mixin.py:188} INFO - [2026-06-30T16:23:05.453+0000] {dagbag.py:545} INFO - Filling up the DagBag from /opt/airflow/dags/dag_tomorrowio.py
[2026-06-30T16:23:05.946+0000] {processor.py:840} INFO - DAG(s) 'tomorrowio_bronze_to_silver' retrieved from /opt/airflow/dags/dag_tomorrowio.py
[2026-06-30T16:23:05.962+0000] {logging_mixin.py:188} INFO - [2026-06-30T16:23:05.962+0000] {dag.py:3096} INFO - Sync 1 DAGs
[2026-06-30T16:23:05.972+0000] {logging_mixin.py:188} INFO - [2026-06-30T16:23:05.972+0000] {dag.py:3954} INFO - Setting next_dagrun for tomorrowio_bronze_to_silver to 2026-06-30 16:00:00+00:00, run_after=2026-06-30 17:00:00+00:00
[2026-06-30T16:23:05.980+0000] {processor.py:183} INFO - Processing /opt/airflow/dags/dag_tomorrowio.py took 0.538 seconds
[2026-06-30T16:23:36.538+0000] {processor.py:161} INFO - Started process (PID=13890) to work on /opt/airflow/dags/dag_tomorrowio.py
[2026-06-30T16:23:36.539+0000] {processor.py:830} INFO - Processing file /opt/airflow/dags/dag_tomorrowio.py for tasks to queue
[2026-06-30T16:23:36.540+0000] {logging_mixin.py:188} INFO - [2026-06-30T16:23:36.540+0000] {dagbag.py:545} INFO - Filling up the DagBag from /opt/airflow/dags/dag_tomorrowio.py
[2026-06-30T16:23:36.886+0000] {processor.py:840} INFO - DAG(s) 'tomorrowio_bronze_to_silver' retrieved from /opt/airflow/dags/dag_tomorrowio.py
[2026-06-30T16:23:36.899+0000] {logging_mixin.py:188} INFO - [2026-06-30T16:23:36.899+0000] {dag.py:3096} INFO - Sync 1 DAGs
[2026-06-30T16:23:36.907+0000] {logging_mixin.py:188} INFO - [2026-06-30T16:23:36.907+0000] {dag.py:3954} INFO - Setting next_dagrun for tomorrowio_bronze_to_silver to 2026-06-30 16:00:00+00:00, run_after=2026-06-30 17:00:00+00:00
[2026-06-30T16:23:36.915+0000] {processor.py:183} INFO - Processing /opt/airflow/dags/dag_tomorrowio.py took 0.386 seconds
[2026-06-30T16:24:07.575+0000] {processor.py:161} INFO - Started process (PID=13923) to work on /opt/airflow/dags/dag_tomorrowio.py
[2026-06-30T16:24:07.581+0000] {processor.py:830} INFO - Processing file /opt/airflow/dags/dag_tomorrowio.py for tasks to queue
[2026-06-30T16:24:07.583+0000] {logging_mixin.py:188} INFO - [2026-06-30T16:24:07.583+0000] {dagbag.py:545} INFO - Filling up the DagBag from /opt/airflow/dags/dag_tomorrowio.py
[2026-06-30T16:24:08.012+0000] {processor.py:840} INFO - DAG(s) 'tomorrowio_bronze_to_silver' retrieved from /opt/airflow/dags/dag_tomorrowio.py
[2026-06-30T16:24:08.025+0000] {logging_mixin.py:188} INFO - [2026-06-30T16:24:08.025+0000] {dag.py:3096} INFO - Sync 1 DAGs
[2026-06-30T16:24:08.033+0000] {logging_mixin.py:188} INFO - [2026-06-30T16:24:08.033+0000] {dag.py:3954} INFO - Setting next_dagrun for tomorrowio_bronze_to_silver to 2026-06-30 16:00:00+00:00, run_after=2026-06-30 17:00:00+00:00
[2026-06-30T16:24:08.042+0000] {processor.py:183} INFO - Processing /opt/airflow/dags/dag_tomorrowio.py took 0.491 seconds
[2026-06-30T16:24:38.619+0000] {processor.py:161} INFO - Started process (PID=13956) to work on /opt/airflow/dags/dag_tomorrowio.py
[2026-06-30T16:24:38.621+0000] {processor.py:830} INFO - Processing file /opt/airflow/dags/dag_tomorrowio.py for tasks to queue
[2026-06-30T16:24:38.623+0000] {logging_mixin.py:188} INFO - [2026-06-30T16:24:38.623+0000] {dagbag.py:545} INFO - Filling up the DagBag from /opt/airflow/dags/dag_tomorrowio.py
[2026-06-30T16:24:39.085+0000] {processor.py:840} INFO - DAG(s) 'tomorrowio_bronze_to_silver' retrieved from /opt/airflow/dags/dag_tomorrowio.py
[2026-06-30T16:24:39.101+0000] {logging_mixin.py:188} INFO - [2026-06-30T16:24:39.101+0000] {dag.py:3096} INFO - Sync 1 DAGs
[2026-06-30T16:24:39.111+0000] {logging_mixin.py:188} INFO - [2026-06-30T16:24:39.111+0000] {dag.py:3954} INFO - Setting next_dagrun for tomorrowio_bronze_to_silver to 2026-06-30 16:00:00+00:00, run_after=2026-06-30 17:00:00+00:00
[2026-06-30T16:24:39.122+0000] {processor.py:183} INFO - Processing /opt/airflow/dags/dag_tomorrowio.py took 0.521 seconds
[2026-06-30T16:25:09.796+0000] {processor.py:161} INFO - Started process (PID=13989) to work on /opt/airflow/dags/dag_tomorrowio.py
[2026-06-30T16:25:09.799+0000] {processor.py:830} INFO - Processing file /opt/airflow/dags/dag_tomorrowio.py for tasks to queue
[2026-06-30T16:25:09.801+0000] {logging_mixin.py:188} INFO - [2026-06-30T16:25:09.801+0000] {dagbag.py:545} INFO - Filling up the DagBag from /opt/airflow/dags/dag_tomorrowio.py
[2026-06-30T16:25:10.177+0000] {processor.py:840} INFO - DAG(s) 'tomorrowio_bronze_to_silver' retrieved from /opt/airflow/dags/dag_tomorrowio.py
[2026-06-30T16:25:10.190+0000] {logging_mixin.py:188} INFO - [2026-06-30T16:25:10.190+0000] {dag.py:3096} INFO - Sync 1 DAGs
[2026-06-30T16:25:10.205+0000] {logging_mixin.py:188} INFO - [2026-06-30T16:25:10.205+0000] {dag.py:3954} INFO - Setting next_dagrun for tomorrowio_bronze_to_silver to 2026-06-30 16:00:00+00:00, run_after=2026-06-30 17:00:00+00:00
[2026-06-30T16:25:10.212+0000] {processor.py:183} INFO - Processing /opt/airflow/dags/dag_tomorrowio.py took 0.433 seconds
[2026-06-30T16:25:40.655+0000] {processor.py:161} INFO - Started process (PID=14022) to work on /opt/airflow/dags/dag_tomorrowio.py
[2026-06-30T16:25:40.657+0000] {processor.py:830} INFO - Processing file /opt/airflow/dags/dag_tomorrowio.py for tasks to queue
[2026-06-30T16:25:40.659+0000] {logging_mixin.py:188} INFO - [2026-06-30T16:25:40.659+0000] {dagbag.py:545} INFO - Filling up the DagBag from /opt/airflow/dags/dag_tomorrowio.py
[2026-06-30T16:25:41.131+0000] {processor.py:840} INFO - DAG(s) 'tomorrowio_bronze_to_silver' retrieved from /opt/airflow/dags/dag_tomorrowio.py
[2026-06-30T16:25:41.146+0000] {logging_mixin.py:188} INFO - [2026-06-30T16:25:41.146+0000] {dag.py:3096} INFO - Sync 1 DAGs
[2026-06-30T16:25:41.156+0000] {logging_mixin.py:188} INFO - [2026-06-30T16:25:41.156+0000] {dag.py:3954} INFO - Setting next_dagrun for tomorrowio_bronze_to_silver to 2026-06-30 16:00:00+00:00, run_after=2026-06-30 17:00:00+00:00
[2026-06-30T16:25:41.164+0000] {processor.py:183} INFO - Processing /opt/airflow/dags/dag_tomorrowio.py took 0.521 seconds
[2026-06-30T16:26:11.860+0000] {processor.py:161} INFO - Started process (PID=14055) to work on /opt/airflow/dags/dag_tomorrowio.py
[2026-06-30T16:26:11.866+0000] {processor.py:830} INFO - Processing file /opt/airflow/dags/dag_tomorrowio.py for tasks to queue
[2026-06-30T16:26:11.867+0000] {logging_mixin.py:188} INFO - [2026-06-30T16:26:11.866+0000] {dagbag.py:545} INFO - Filling up the DagBag from /opt/airflow/dags/dag_tomorrowio.py
[2026-06-30T16:26:12.300+0000] {processor.py:840} INFO - DAG(s) 'tomorrowio_bronze_to_silver' retrieved from /opt/airflow/dags/dag_tomorrowio.py
[2026-06-30T16:26:12.321+0000] {logging_mixin.py:188} INFO - [2026-06-30T16:26:12.321+0000] {dag.py:3096} INFO - Sync 1 DAGs
[2026-06-30T16:26:12.333+0000] {logging_mixin.py:188} INFO - [2026-06-30T16:26:12.333+0000] {dag.py:3954} INFO - Setting next_dagrun for tomorrowio_bronze_to_silver to 2026-06-30 16:00:00+00:00, run_after=2026-06-30 17:00:00+00:00
[2026-06-30T16:26:12.341+0000] {processor.py:183} INFO - Processing /opt/airflow/dags/dag_tomorrowio.py took 0.501 seconds
[2026-06-30T16:26:42.989+0000] {processor.py:161} INFO - Started process (PID=14088) to work on /opt/airflow/dags/dag_tomorrowio.py
[2026-06-30T16:26:42.992+0000] {processor.py:830} INFO - Processing file /opt/airflow/dags/dag_tomorrowio.py for tasks to queue
[2026-06-30T16:26:42.993+0000] {logging_mixin.py:188} INFO - [2026-06-30T16:26:42.993+0000] {dagbag.py:545} INFO - Filling up the DagBag from /opt/airflow/dags/dag_tomorrowio.py
[2026-06-30T16:26:43.478+0000] {processor.py:840} INFO - DAG(s) 'tomorrowio_bronze_to_silver' retrieved from /opt/airflow/dags/dag_tomorrowio.py
[2026-06-30T16:26:43.491+0000] {logging_mixin.py:188} INFO - [2026-06-30T16:26:43.491+0000] {dag.py:3096} INFO - Sync 1 DAGs
[2026-06-30T16:26:43.501+0000] {logging_mixin.py:188} INFO - [2026-06-30T16:26:43.501+0000] {dag.py:3954} INFO - Setting next_dagrun for tomorrowio_bronze_to_silver to 2026-06-30 16:00:00+00:00, run_after=2026-06-30 17:00:00+00:00
[2026-06-30T16:26:43.511+0000] {processor.py:183} INFO - Processing /opt/airflow/dags/dag_tomorrowio.py took 0.538 seconds
[2026-06-30T16:27:14.246+0000] {processor.py:161} INFO - Started process (PID=14121) to work on /opt/airflow/dags/dag_tomorrowio.py
[2026-06-30T16:27:14.248+0000] {processor.py:830} INFO - Processing file /opt/airflow/dags/dag_tomorrowio.py for tasks to queue
[2026-06-30T16:27:14.256+0000] {logging_mixin.py:188} INFO - [2026-06-30T16:27:14.252+0000] {dagbag.py:545} INFO - Filling up the DagBag from /opt/airflow/dags/dag_tomorrowio.py
[2026-06-30T16:27:14.704+0000] {processor.py:840} INFO - DAG(s) 'tomorrowio_bronze_to_silver' retrieved from /opt/airflow/dags/dag_tomorrowio.py
[2026-06-30T16:27:14.723+0000] {logging_mixin.py:188} INFO - [2026-06-30T16:27:14.723+0000] {dag.py:3096} INFO - Sync 1 DAGs
[2026-06-30T16:27:14.734+0000] {logging_mixin.py:188} INFO - [2026-06-30T16:27:14.734+0000] {dag.py:3954} INFO - Setting next_dagrun for tomorrowio_bronze_to_silver to 2026-06-30 16:00:00+00:00, run_after=2026-06-30 17:00:00+00:00
[2026-06-30T16:27:14.745+0000] {processor.py:183} INFO - Processing /opt/airflow/dags/dag_tomorrowio.py took 0.514 seconds
[2026-06-30T16:27:45.215+0000] {processor.py:161} INFO - Started process (PID=14154) to work on /opt/airflow/dags/dag_tomorrowio.py
[2026-06-30T16:27:45.216+0000] {processor.py:830} INFO - Processing file /opt/airflow/dags/dag_tomorrowio.py for tasks to queue
[2026-06-30T16:27:45.217+0000] {logging_mixin.py:188} INFO - [2026-06-30T16:27:45.217+0000] {dagbag.py:545} INFO - Filling up the DagBag from /opt/airflow/dags/dag_tomorrowio.py
[2026-06-30T16:27:45.584+0000] {processor.py:840} INFO - DAG(s) 'tomorrowio_bronze_to_silver' retrieved from /opt/airflow/dags/dag_tomorrowio.py
[2026-06-30T16:27:45.596+0000] {logging_mixin.py:188} INFO - [2026-06-30T16:27:45.596+0000] {dag.py:3096} INFO - Sync 1 DAGs
[2026-06-30T16:27:45.607+0000] {logging_mixin.py:188} INFO - [2026-06-30T16:27:45.607+0000] {dag.py:3954} INFO - Setting next_dagrun for tomorrowio_bronze_to_silver to 2026-06-30 16:00:00+00:00, run_after=2026-06-30 17:00:00+00:00
[2026-06-30T16:27:45.615+0000] {processor.py:183} INFO - Processing /opt/airflow/dags/dag_tomorrowio.py took 0.408 seconds
[2026-06-30T16:28:16.111+0000] {processor.py:161} INFO - Started process (PID=14187) to work on /opt/airflow/dags/dag_tomorrowio.py
[2026-06-30T16:28:16.112+0000] {processor.py:830} INFO - Processing file /opt/airflow/dags/dag_tomorrowio.py for tasks to queue
[2026-06-30T16:28:16.114+0000] {logging_mixin.py:188} INFO - [2026-06-30T16:28:16.113+0000] {dagbag.py:545} INFO - Filling up the DagBag from /opt/airflow/dags/dag_tomorrowio.py
[2026-06-30T16:28:16.493+0000] {processor.py:840} INFO - DAG(s) 'tomorrowio_bronze_to_silver' retrieved from /opt/airflow/dags/dag_tomorrowio.py
[2026-06-30T16:28:16.506+0000] {logging_mixin.py:188} INFO - [2026-06-30T16:28:16.506+0000] {dag.py:3096} INFO - Sync 1 DAGs
[2026-06-30T16:28:16.515+0000] {logging_mixin.py:188} INFO - [2026-06-30T16:28:16.515+0000] {dag.py:3954} INFO - Setting next_dagrun for tomorrowio_bronze_to_silver to 2026-06-30 16:00:00+00:00, run_after=2026-06-30 17:00:00+00:00
[2026-06-30T16:28:16.522+0000] {processor.py:183} INFO - Processing /opt/airflow/dags/dag_tomorrowio.py took 0.423 seconds
[2026-06-30T16:28:47.070+0000] {processor.py:161} INFO - Started process (PID=14220) to work on /opt/airflow/dags/dag_tomorrowio.py
[2026-06-30T16:28:47.071+0000] {processor.py:830} INFO - Processing file /opt/airflow/dags/dag_tomorrowio.py for tasks to queue
[2026-06-30T16:28:47.073+0000] {logging_mixin.py:188} INFO - [2026-06-30T16:28:47.072+0000] {dagbag.py:545} INFO - Filling up the DagBag from /opt/airflow/dags/dag_tomorrowio.py
[2026-06-30T16:28:47.596+0000] {processor.py:840} INFO - DAG(s) 'tomorrowio_bronze_to_silver' retrieved from /opt/airflow/dags/dag_tomorrowio.py
[2026-06-30T16:28:47.615+0000] {logging_mixin.py:188} INFO - [2026-06-30T16:28:47.615+0000] {dag.py:3096} INFO - Sync 1 DAGs
[2026-06-30T16:28:47.626+0000] {logging_mixin.py:188} INFO - [2026-06-30T16:28:47.626+0000] {dag.py:3954} INFO - Setting next_dagrun for tomorrowio_bronze_to_silver to 2026-06-30 16:00:00+00:00, run_after=2026-06-30 17:00:00+00:00
[2026-06-30T16:28:47.643+0000] {processor.py:183} INFO - Processing /opt/airflow/dags/dag_tomorrowio.py took 0.588 seconds
[2026-06-30T16:29:18.257+0000] {processor.py:161} INFO - Started process (PID=14253) to work on /opt/airflow/dags/dag_tomorrowio.py
[2026-06-30T16:29:18.259+0000] {processor.py:830} INFO - Processing file /opt/airflow/dags/dag_tomorrowio.py for tasks to queue
[2026-06-30T16:29:18.261+0000] {logging_mixin.py:188} INFO - [2026-06-30T16:29:18.260+0000] {dagbag.py:545} INFO - Filling up the DagBag from /opt/airflow/dags/dag_tomorrowio.py
[2026-06-30T16:29:18.624+0000] {processor.py:840} INFO - DAG(s) 'tomorrowio_bronze_to_silver' retrieved from /opt/airflow/dags/dag_tomorrowio.py
[2026-06-30T16:29:18.639+0000] {logging_mixin.py:188} INFO - [2026-06-30T16:29:18.639+0000] {dag.py:3096} INFO - Sync 1 DAGs
[2026-06-30T16:29:18.652+0000] {logging_mixin.py:188} INFO - [2026-06-30T16:29:18.651+0000] {dag.py:3954} INFO - Setting next_dagrun for tomorrowio_bronze_to_silver to 2026-06-30 16:00:00+00:00, run_after=2026-06-30 17:00:00+00:00
[2026-06-30T16:29:18.660+0000] {processor.py:183} INFO - Processing /opt/airflow/dags/dag_tomorrowio.py took 0.415 seconds
[2026-06-30T16:29:49.166+0000] {processor.py:161} INFO - Started process (PID=14286) to work on /opt/airflow/dags/dag_tomorrowio.py
[2026-06-30T16:29:49.170+0000] {processor.py:830} INFO - Processing file /opt/airflow/dags/dag_tomorrowio.py for tasks to queue
[2026-06-30T16:29:49.172+0000] {logging_mixin.py:188} INFO - [2026-06-30T16:29:49.171+0000] {dagbag.py:545} INFO - Filling up the DagBag from /opt/airflow/dags/dag_tomorrowio.py
[2026-06-30T16:29:49.543+0000] {processor.py:840} INFO - DAG(s) 'tomorrowio_bronze_to_silver' retrieved from /opt/airflow/dags/dag_tomorrowio.py
[2026-06-30T16:29:49.559+0000] {logging_mixin.py:188} INFO - [2026-06-30T16:29:49.559+0000] {dag.py:3096} INFO - Sync 1 DAGs
[2026-06-30T16:29:49.570+0000] {logging_mixin.py:188} INFO - [2026-06-30T16:29:49.570+0000] {dag.py:3954} INFO - Setting next_dagrun for tomorrowio_bronze_to_silver to 2026-06-30 16:00:00+00:00, run_after=2026-06-30 17:00:00+00:00
[2026-06-30T16:29:49.578+0000] {processor.py:183} INFO - Processing /opt/airflow/dags/dag_tomorrowio.py took 0.426 seconds
[2026-06-30T16:30:19.903+0000] {processor.py:161} INFO - Started process (PID=14319) to work on /opt/airflow/dags/dag_tomorrowio.py
[2026-06-30T16:30:19.906+0000] {processor.py:830} INFO - Processing file /opt/airflow/dags/dag_tomorrowio.py for tasks to queue
[2026-06-30T16:30:19.907+0000] {logging_mixin.py:188} INFO - [2026-06-30T16:30:19.907+0000] {dagbag.py:545} INFO - Filling up the DagBag from /opt/airflow/dags/dag_tomorrowio.py
[2026-06-30T16:30:20.330+0000] {processor.py:840} INFO - DAG(s) 'tomorrowio_bronze_to_silver' retrieved from /opt/airflow/dags/dag_tomorrowio.py
[2026-06-30T16:30:20.344+0000] {logging_mixin.py:188} INFO - [2026-06-30T16:30:20.344+0000] {dag.py:3096} INFO - Sync 1 DAGs
[2026-06-30T16:30:20.359+0000] {logging_mixin.py:188} INFO - [2026-06-30T16:30:20.359+0000] {dag.py:3954} INFO - Setting next_dagrun for tomorrowio_bronze_to_silver to 2026-06-30 16:00:00+00:00, run_after=2026-06-30 17:00:00+00:00
[2026-06-30T16:30:20.368+0000] {processor.py:183} INFO - Processing /opt/airflow/dags/dag_tomorrowio.py took 0.477 seconds
[2026-06-30T16:30:51.103+0000] {processor.py:161} INFO - Started process (PID=14352) to work on /opt/airflow/dags/dag_tomorrowio.py
[2026-06-30T16:30:51.107+0000] {processor.py:830} INFO - Processing file /opt/airflow/dags/dag_tomorrowio.py for tasks to queue
[2026-06-30T16:30:51.108+0000] {logging_mixin.py:188} INFO - [2026-06-30T16:30:51.107+0000] {dagbag.py:545} INFO - Filling up the DagBag from /opt/airflow/dags/dag_tomorrowio.py
[2026-06-30T16:30:51.619+0000] {processor.py:840} INFO - DAG(s) 'tomorrowio_bronze_to_silver' retrieved from /opt/airflow/dags/dag_tomorrowio.py
[2026-06-30T16:30:51.634+0000] {logging_mixin.py:188} INFO - [2026-06-30T16:30:51.634+0000] {dag.py:3096} INFO - Sync 1 DAGs
[2026-06-30T16:30:51.646+0000] {logging_mixin.py:188} INFO - [2026-06-30T16:30:51.646+0000] {dag.py:3954} INFO - Setting next_dagrun for tomorrowio_bronze_to_silver to 2026-06-30 16:00:00+00:00, run_after=2026-06-30 17:00:00+00:00
[2026-06-30T16:30:51.653+0000] {processor.py:183} INFO - Processing /opt/airflow/dags/dag_tomorrowio.py took 0.571 seconds
[2026-06-30T16:31:22.333+0000] {processor.py:161} INFO - Started process (PID=14385) to work on /opt/airflow/dags/dag_tomorrowio.py
[2026-06-30T16:31:22.335+0000] {processor.py:830} INFO - Processing file /opt/airflow/dags/dag_tomorrowio.py for tasks to queue
[2026-06-30T16:31:22.336+0000] {logging_mixin.py:188} INFO - [2026-06-30T16:31:22.336+0000] {dagbag.py:545} INFO - Filling up the DagBag from /opt/airflow/dags/dag_tomorrowio.py
[2026-06-30T16:31:22.711+0000] {processor.py:840} INFO - DAG(s) 'tomorrowio_bronze_to_silver' retrieved from /opt/airflow/dags/dag_tomorrowio.py
[2026-06-30T16:31:22.724+0000] {logging_mixin.py:188} INFO - [2026-06-30T16:31:22.724+0000] {dag.py:3096} INFO - Sync 1 DAGs
[2026-06-30T16:31:22.734+0000] {logging_mixin.py:188} INFO - [2026-06-30T16:31:22.734+0000] {dag.py:3954} INFO - Setting next_dagrun for tomorrowio_bronze_to_silver to 2026-06-30 16:00:00+00:00, run_after=2026-06-30 17:00:00+00:00
[2026-06-30T16:31:22.742+0000] {processor.py:183} INFO - Processing /opt/airflow/dags/dag_tomorrowio.py took 0.427 seconds
[2026-06-30T16:31:53.208+0000] {processor.py:161} INFO - Started process (PID=14418) to work on /opt/airflow/dags/dag_tomorrowio.py
[2026-06-30T16:31:53.210+0000] {processor.py:830} INFO - Processing file /opt/airflow/dags/dag_tomorrowio.py for tasks to queue
[2026-06-30T16:31:53.211+0000] {logging_mixin.py:188} INFO - [2026-06-30T16:31:53.210+0000] {dagbag.py:545} INFO - Filling up the DagBag from /opt/airflow/dags/dag_tomorrowio.py
[2026-06-30T16:31:53.532+0000] {processor.py:840} INFO - DAG(s) 'tomorrowio_bronze_to_silver' retrieved from /opt/airflow/dags/dag_tomorrowio.py
[2026-06-30T16:31:53.542+0000] {logging_mixin.py:188} INFO - [2026-06-30T16:31:53.542+0000] {dag.py:3096} INFO - Sync 1 DAGs
[2026-06-30T16:31:53.551+0000] {logging_mixin.py:188} INFO - [2026-06-30T16:31:53.551+0000] {dag.py:3954} INFO - Setting next_dagrun for tomorrowio_bronze_to_silver to 2026-06-30 16:00:00+00:00, run_after=2026-06-30 17:00:00+00:00
[2026-06-30T16:31:53.564+0000] {processor.py:183} INFO - Processing /opt/airflow/dags/dag_tomorrowio.py took 0.367 seconds
[2026-06-30T16:32:24.268+0000] {processor.py:161} INFO - Started process (PID=14451) to work on /opt/airflow/dags/dag_tomorrowio.py
[2026-06-30T16:32:24.271+0000] {processor.py:830} INFO - Processing file /opt/airflow/dags/dag_tomorrowio.py for tasks to queue
[2026-06-30T16:32:24.273+0000] {logging_mixin.py:188} INFO - [2026-06-30T16:32:24.272+0000] {dagbag.py:545} INFO - Filling up the DagBag from /opt/airflow/dags/dag_tomorrowio.py
[2026-06-30T16:32:24.672+0000] {processor.py:840} INFO - DAG(s) 'tomorrowio_bronze_to_silver' retrieved from /opt/airflow/dags/dag_tomorrowio.py
[2026-06-30T16:32:24.695+0000] {logging_mixin.py:188} INFO - [2026-06-30T16:32:24.695+0000] {dag.py:3096} INFO - Sync 1 DAGs
[2026-06-30T16:32:24.709+0000] {logging_mixin.py:188} INFO - [2026-06-30T16:32:24.708+0000] {dag.py:3954} INFO - Setting next_dagrun for tomorrowio_bronze_to_silver to 2026-06-30 16:00:00+00:00, run_after=2026-06-30 17:00:00+00:00
[2026-06-30T16:32:24.720+0000] {processor.py:183} INFO - Processing /opt/airflow/dags/dag_tomorrowio.py took 0.461 seconds
[2026-06-30T16:32:55.304+0000] {processor.py:161} INFO - Started process (PID=14484) to work on /opt/airflow/dags/dag_tomorrowio.py
[2026-06-30T16:32:55.306+0000] {processor.py:830} INFO - Processing file /opt/airflow/dags/dag_tomorrowio.py for tasks to queue
[2026-06-30T16:32:55.308+0000] {logging_mixin.py:188} INFO - [2026-06-30T16:32:55.307+0000] {dagbag.py:545} INFO - Filling up the DagBag from /opt/airflow/dags/dag_tomorrowio.py
[2026-06-30T16:32:55.743+0000] {processor.py:840} INFO - DAG(s) 'tomorrowio_bronze_to_silver' retrieved from /opt/airflow/dags/dag_tomorrowio.py
[2026-06-30T16:32:55.756+0000] {logging_mixin.py:188} INFO - [2026-06-30T16:32:55.756+0000] {dag.py:3096} INFO - Sync 1 DAGs
[2026-06-30T16:32:55.765+0000] {logging_mixin.py:188} INFO - [2026-06-30T16:32:55.765+0000] {dag.py:3954} INFO - Setting next_dagrun for tomorrowio_bronze_to_silver to 2026-06-30 16:00:00+00:00, run_after=2026-06-30 17:00:00+00:00
[2026-06-30T16:32:55.772+0000] {processor.py:183} INFO - Processing /opt/airflow/dags/dag_tomorrowio.py took 0.479 seconds
[2026-06-30T16:33:26.476+0000] {processor.py:161} INFO - Started process (PID=14517) to work on /opt/airflow/dags/dag_tomorrowio.py
[2026-06-30T16:33:26.479+0000] {processor.py:830} INFO - Processing file /opt/airflow/dags/dag_tomorrowio.py for tasks to queue
[2026-06-30T16:33:26.481+0000] {logging_mixin.py:188} INFO - [2026-06-30T16:33:26.480+0000] {dagbag.py:545} INFO - Filling up the DagBag from /opt/airflow/dags/dag_tomorrowio.py
[2026-06-30T16:33:27.020+0000] {processor.py:840} INFO - DAG(s) 'tomorrowio_bronze_to_silver' retrieved from /opt/airflow/dags/dag_tomorrowio.py
[2026-06-30T16:33:27.038+0000] {logging_mixin.py:188} INFO - [2026-06-30T16:33:27.038+0000] {dag.py:3096} INFO - Sync 1 DAGs
[2026-06-30T16:33:27.051+0000] {logging_mixin.py:188} INFO - [2026-06-30T16:33:27.051+0000] {dag.py:3954} INFO - Setting next_dagrun for tomorrowio_bronze_to_silver to 2026-06-30 16:00:00+00:00, run_after=2026-06-30 17:00:00+00:00
[2026-06-30T16:33:27.062+0000] {processor.py:183} INFO - Processing /opt/airflow/dags/dag_tomorrowio.py took 0.599 seconds
[2026-06-30T16:33:57.652+0000] {processor.py:161} INFO - Started process (PID=14550) to work on /opt/airflow/dags/dag_tomorrowio.py
[2026-06-30T16:33:57.660+0000] {processor.py:830} INFO - Processing file /opt/airflow/dags/dag_tomorrowio.py for tasks to queue
[2026-06-30T16:33:57.662+0000] {logging_mixin.py:188} INFO - [2026-06-30T16:33:57.661+0000] {dagbag.py:545} INFO - Filling up the DagBag from /opt/airflow/dags/dag_tomorrowio.py
[2026-06-30T16:33:58.139+0000] {processor.py:840} INFO - DAG(s) 'tomorrowio_bronze_to_silver' retrieved from /opt/airflow/dags/dag_tomorrowio.py
[2026-06-30T16:33:58.154+0000] {logging_mixin.py:188} INFO - [2026-06-30T16:33:58.154+0000] {dag.py:3096} INFO - Sync 1 DAGs
[2026-06-30T16:33:58.164+0000] {logging_mixin.py:188} INFO - [2026-06-30T16:33:58.164+0000] {dag.py:3954} INFO - Setting next_dagrun for tomorrowio_bronze_to_silver to 2026-06-30 16:00:00+00:00, run_after=2026-06-30 17:00:00+00:00
[2026-06-30T16:33:58.172+0000] {processor.py:183} INFO - Processing /opt/airflow/dags/dag_tomorrowio.py took 0.549 seconds
[2026-06-30T16:34:28.847+0000] {processor.py:161} INFO - Started process (PID=14583) to work on /opt/airflow/dags/dag_tomorrowio.py
[2026-06-30T16:34:28.849+0000] {processor.py:830} INFO - Processing file /opt/airflow/dags/dag_tomorrowio.py for tasks to queue
[2026-06-30T16:34:28.851+0000] {logging_mixin.py:188} INFO - [2026-06-30T16:34:28.851+0000] {dagbag.py:545} INFO - Filling up the DagBag from /opt/airflow/dags/dag_tomorrowio.py
[2026-06-30T16:34:29.224+0000] {processor.py:840} INFO - DAG(s) 'tomorrowio_bronze_to_silver' retrieved from /opt/airflow/dags/dag_tomorrowio.py
[2026-06-30T16:34:29.237+0000] {logging_mixin.py:188} INFO - [2026-06-30T16:34:29.237+0000] {dag.py:3096} INFO - Sync 1 DAGs
[2026-06-30T16:34:29.248+0000] {logging_mixin.py:188} INFO - [2026-06-30T16:34:29.248+0000] {dag.py:3954} INFO - Setting next_dagrun for tomorrowio_bronze_to_silver to 2026-06-30 16:00:00+00:00, run_after=2026-06-30 17:00:00+00:00
[2026-06-30T16:34:29.254+0000] {processor.py:183} INFO - Processing /opt/airflow/dags/dag_tomorrowio.py took 0.434 seconds
[2026-06-30T16:34:59.749+0000] {processor.py:161} INFO - Started process (PID=14616) to work on /opt/airflow/dags/dag_tomorrowio.py
[2026-06-30T16:34:59.750+0000] {processor.py:830} INFO - Processing file /opt/airflow/dags/dag_tomorrowio.py for tasks to queue
[2026-06-30T16:34:59.752+0000] {logging_mixin.py:188} INFO - [2026-06-30T16:34:59.752+0000] {dagbag.py:545} INFO - Filling up the DagBag from /opt/airflow/dags/dag_tomorrowio.py
[2026-06-30T16:35:00.170+0000] {processor.py:840} INFO - DAG(s) 'tomorrowio_bronze_to_silver' retrieved from /opt/airflow/dags/dag_tomorrowio.py
[2026-06-30T16:35:00.187+0000] {logging_mixin.py:188} INFO - [2026-06-30T16:35:00.187+0000] {dag.py:3096} INFO - Sync 1 DAGs
[2026-06-30T16:35:00.195+0000] {logging_mixin.py:188} INFO - [2026-06-30T16:35:00.195+0000] {dag.py:3954} INFO - Setting next_dagrun for tomorrowio_bronze_to_silver to 2026-06-30 16:00:00+00:00, run_after=2026-06-30 17:00:00+00:00
[2026-06-30T16:35:00.202+0000] {processor.py:183} INFO - Processing /opt/airflow/dags/dag_tomorrowio.py took 0.469 seconds
[2026-06-30T16:35:30.825+0000] {processor.py:161} INFO - Started process (PID=14649) to work on /opt/airflow/dags/dag_tomorrowio.py
[2026-06-30T16:35:30.827+0000] {processor.py:830} INFO - Processing file /opt/airflow/dags/dag_tomorrowio.py for tasks to queue
[2026-06-30T16:35:30.828+0000] {logging_mixin.py:188} INFO - [2026-06-30T16:35:30.827+0000] {dagbag.py:545} INFO - Filling up the DagBag from /opt/airflow/dags/dag_tomorrowio.py
[2026-06-30T16:35:31.202+0000] {processor.py:840} INFO - DAG(s) 'tomorrowio_bronze_to_silver' retrieved from /opt/airflow/dags/dag_tomorrowio.py
[2026-06-30T16:35:31.215+0000] {logging_mixin.py:188} INFO - [2026-06-30T16:35:31.215+0000] {dag.py:3096} INFO - Sync 1 DAGs
[2026-06-30T16:35:31.223+0000] {logging_mixin.py:188} INFO - [2026-06-30T16:35:31.223+0000] {dag.py:3954} INFO - Setting next_dagrun for tomorrowio_bronze_to_silver to 2026-06-30 16:00:00+00:00, run_after=2026-06-30 17:00:00+00:00
[2026-06-30T16:35:31.230+0000] {processor.py:183} INFO - Processing /opt/airflow/dags/dag_tomorrowio.py took 0.423 seconds
[2026-06-30T16:36:01.741+0000] {processor.py:161} INFO - Started process (PID=14682) to work on /opt/airflow/dags/dag_tomorrowio.py
[2026-06-30T16:36:01.744+0000] {processor.py:830} INFO - Processing file /opt/airflow/dags/dag_tomorrowio.py for tasks to queue
[2026-06-30T16:36:01.745+0000] {logging_mixin.py:188} INFO - [2026-06-30T16:36:01.745+0000] {dagbag.py:545} INFO - Filling up the DagBag from /opt/airflow/dags/dag_tomorrowio.py
[2026-06-30T16:36:02.162+0000] {processor.py:840} INFO - DAG(s) 'tomorrowio_bronze_to_silver' retrieved from /opt/airflow/dags/dag_tomorrowio.py
[2026-06-30T16:36:02.185+0000] {logging_mixin.py:188} INFO - [2026-06-30T16:36:02.184+0000] {dag.py:3096} INFO - Sync 1 DAGs
[2026-06-30T16:36:02.197+0000] {logging_mixin.py:188} INFO - [2026-06-30T16:36:02.197+0000] {dag.py:3954} INFO - Setting next_dagrun for tomorrowio_bronze_to_silver to 2026-06-30 16:00:00+00:00, run_after=2026-06-30 17:00:00+00:00
[2026-06-30T16:36:02.205+0000] {processor.py:183} INFO - Processing /opt/airflow/dags/dag_tomorrowio.py took 0.476 seconds
[2026-06-30T16:36:32.882+0000] {processor.py:161} INFO - Started process (PID=14717) to work on /opt/airflow/dags/dag_tomorrowio.py
[2026-06-30T16:36:32.884+0000] {processor.py:830} INFO - Processing file /opt/airflow/dags/dag_tomorrowio.py for tasks to queue
[2026-06-30T16:36:32.885+0000] {logging_mixin.py:188} INFO - [2026-06-30T16:36:32.885+0000] {dagbag.py:545} INFO - Filling up the DagBag from /opt/airflow/dags/dag_tomorrowio.py
[2026-06-30T16:36:33.267+0000] {processor.py:840} INFO - DAG(s) 'tomorrowio_bronze_to_silver' retrieved from /opt/airflow/dags/dag_tomorrowio.py
[2026-06-30T16:36:33.280+0000] {logging_mixin.py:188} INFO - [2026-06-30T16:36:33.280+0000] {dag.py:3096} INFO - Sync 1 DAGs
[2026-06-30T16:36:33.287+0000] {logging_mixin.py:188} INFO - [2026-06-30T16:36:33.287+0000] {dag.py:3954} INFO - Setting next_dagrun for tomorrowio_bronze_to_silver to 2026-06-30 16:00:00+00:00, run_after=2026-06-30 17:00:00+00:00
[2026-06-30T16:36:33.294+0000] {processor.py:183} INFO - Processing /opt/airflow/dags/dag_tomorrowio.py took 0.426 seconds
[2026-06-30T16:37:03.761+0000] {processor.py:161} INFO - Started process (PID=14750) to work on /opt/airflow/dags/dag_tomorrowio.py
[2026-06-30T16:37:03.769+0000] {processor.py:830} INFO - Processing file /opt/airflow/dags/dag_tomorrowio.py for tasks to queue
[2026-06-30T16:37:03.771+0000] {logging_mixin.py:188} INFO - [2026-06-30T16:37:03.770+0000] {dagbag.py:545} INFO - Filling up the DagBag from /opt/airflow/dags/dag_tomorrowio.py
[2026-06-30T16:37:04.230+0000] {processor.py:840} INFO - DAG(s) 'tomorrowio_bronze_to_silver' retrieved from /opt/airflow/dags/dag_tomorrowio.py
[2026-06-30T16:37:04.249+0000] {logging_mixin.py:188} INFO - [2026-06-30T16:37:04.249+0000] {dag.py:3096} INFO - Sync 1 DAGs
[2026-06-30T16:37:04.265+0000] {logging_mixin.py:188} INFO - [2026-06-30T16:37:04.265+0000] {dag.py:3954} INFO - Setting next_dagrun for tomorrowio_bronze_to_silver to 2026-06-30 16:00:00+00:00, run_after=2026-06-30 17:00:00+00:00
[2026-06-30T16:37:04.278+0000] {processor.py:183} INFO - Processing /opt/airflow/dags/dag_tomorrowio.py took 0.534 seconds
[2026-06-30T16:37:35.044+0000] {processor.py:161} INFO - Started process (PID=14786) to work on /opt/airflow/dags/dag_tomorrowio.py
[2026-06-30T16:37:35.045+0000] {processor.py:830} INFO - Processing file /opt/airflow/dags/dag_tomorrowio.py for tasks to queue
[2026-06-30T16:37:35.046+0000] {logging_mixin.py:188} INFO - [2026-06-30T16:37:35.046+0000] {dagbag.py:545} INFO - Filling up the DagBag from /opt/airflow/dags/dag_tomorrowio.py
[2026-06-30T16:37:35.434+0000] {processor.py:840} INFO - DAG(s) 'tomorrowio_bronze_to_silver' retrieved from /opt/airflow/dags/dag_tomorrowio.py
[2026-06-30T16:37:35.444+0000] {logging_mixin.py:188} INFO - [2026-06-30T16:37:35.444+0000] {dag.py:3096} INFO - Sync 1 DAGs
[2026-06-30T16:37:35.452+0000] {logging_mixin.py:188} INFO - [2026-06-30T16:37:35.452+0000] {dag.py:3954} INFO - Setting next_dagrun for tomorrowio_bronze_to_silver to 2026-06-30 16:00:00+00:00, run_after=2026-06-30 17:00:00+00:00
[2026-06-30T16:37:35.458+0000] {processor.py:183} INFO - Processing /opt/airflow/dags/dag_tomorrowio.py took 0.424 seconds
[2026-06-30T16:38:05.998+0000] {processor.py:161} INFO - Started process (PID=14819) to work on /opt/airflow/dags/dag_tomorrowio.py
[2026-06-30T16:38:05.999+0000] {processor.py:830} INFO - Processing file /opt/airflow/dags/dag_tomorrowio.py for tasks to queue
[2026-06-30T16:38:06.000+0000] {logging_mixin.py:188} INFO - [2026-06-30T16:38:05.999+0000] {dagbag.py:545} INFO - Filling up the DagBag from /opt/airflow/dags/dag_tomorrowio.py
[2026-06-30T16:38:06.356+0000] {processor.py:840} INFO - DAG(s) 'tomorrowio_bronze_to_silver' retrieved from /opt/airflow/dags/dag_tomorrowio.py
[2026-06-30T16:38:06.369+0000] {logging_mixin.py:188} INFO - [2026-06-30T16:38:06.369+0000] {dag.py:3096} INFO - Sync 1 DAGs
[2026-06-30T16:38:06.377+0000] {logging_mixin.py:188} INFO - [2026-06-30T16:38:06.377+0000] {dag.py:3954} INFO - Setting next_dagrun for tomorrowio_bronze_to_silver to 2026-06-30 16:00:00+00:00, run_after=2026-06-30 17:00:00+00:00
[2026-06-30T16:38:06.384+0000] {processor.py:183} INFO - Processing /opt/airflow/dags/dag_tomorrowio.py took 0.392 seconds
[2026-06-30T16:38:36.879+0000] {processor.py:161} INFO - Started process (PID=14852) to work on /opt/airflow/dags/dag_tomorrowio.py
[2026-06-30T16:38:36.881+0000] {processor.py:830} INFO - Processing file /opt/airflow/dags/dag_tomorrowio.py for tasks to queue
[2026-06-30T16:38:36.882+0000] {logging_mixin.py:188} INFO - [2026-06-30T16:38:36.882+0000] {dagbag.py:545} INFO - Filling up the DagBag from /opt/airflow/dags/dag_tomorrowio.py
[2026-06-30T16:38:37.386+0000] {processor.py:840} INFO - DAG(s) 'tomorrowio_bronze_to_silver' retrieved from /opt/airflow/dags/dag_tomorrowio.py
[2026-06-30T16:38:37.400+0000] {logging_mixin.py:188} INFO - [2026-06-30T16:38:37.399+0000] {dag.py:3096} INFO - Sync 1 DAGs
[2026-06-30T16:38:37.409+0000] {logging_mixin.py:188} INFO - [2026-06-30T16:38:37.409+0000] {dag.py:3954} INFO - Setting next_dagrun for tomorrowio_bronze_to_silver to 2026-06-30 16:00:00+00:00, run_after=2026-06-30 17:00:00+00:00
[2026-06-30T16:38:37.416+0000] {processor.py:183} INFO - Processing /opt/airflow/dags/dag_tomorrowio.py took 0.544 seconds
[2026-06-30T16:39:07.891+0000] {processor.py:161} INFO - Started process (PID=14885) to work on /opt/airflow/dags/dag_tomorrowio.py
[2026-06-30T16:39:07.892+0000] {processor.py:830} INFO - Processing file /opt/airflow/dags/dag_tomorrowio.py for tasks to queue
[2026-06-30T16:39:07.893+0000] {logging_mixin.py:188} INFO - [2026-06-30T16:39:07.893+0000] {dagbag.py:545} INFO - Filling up the DagBag from /opt/airflow/dags/dag_tomorrowio.py
[2026-06-30T16:39:08.267+0000] {processor.py:840} INFO - DAG(s) 'tomorrowio_bronze_to_silver' retrieved from /opt/airflow/dags/dag_tomorrowio.py
[2026-06-30T16:39:08.278+0000] {logging_mixin.py:188} INFO - [2026-06-30T16:39:08.278+0000] {dag.py:3096} INFO - Sync 1 DAGs
[2026-06-30T16:39:08.286+0000] {logging_mixin.py:188} INFO - [2026-06-30T16:39:08.286+0000] {dag.py:3954} INFO - Setting next_dagrun for tomorrowio_bronze_to_silver to 2026-06-30 16:00:00+00:00, run_after=2026-06-30 17:00:00+00:00
[2026-06-30T16:39:08.294+0000] {processor.py:183} INFO - Processing /opt/airflow/dags/dag_tomorrowio.py took 0.416 seconds
[2026-06-30T16:39:38.685+0000] {processor.py:161} INFO - Started process (PID=14918) to work on /opt/airflow/dags/dag_tomorrowio.py
[2026-06-30T16:39:38.688+0000] {processor.py:830} INFO - Processing file /opt/airflow/dags/dag_tomorrowio.py for tasks to queue
[2026-06-30T16:39:38.690+0000] {logging_mixin.py:188} INFO - [2026-06-30T16:39:38.690+0000] {dagbag.py:545} INFO - Filling up the DagBag from /opt/airflow/dags/dag_tomorrowio.py
[2026-06-30T16:39:40.297+0000] {processor.py:840} INFO - DAG(s) 'tomorrowio_bronze_to_silver' retrieved from /opt/airflow/dags/dag_tomorrowio.py
[2026-06-30T16:39:40.363+0000] {logging_mixin.py:188} INFO - [2026-06-30T16:39:40.363+0000] {dag.py:3096} INFO - Sync 1 DAGs
[2026-06-30T16:39:40.414+0000] {logging_mixin.py:188} INFO - [2026-06-30T16:39:40.413+0000] {dag.py:3954} INFO - Setting next_dagrun for tomorrowio_bronze_to_silver to 2026-06-30 16:00:00+00:00, run_after=2026-06-30 17:00:00+00:00
[2026-06-30T16:39:40.456+0000] {processor.py:183} INFO - Processing /opt/airflow/dags/dag_tomorrowio.py took 1.792 seconds
[2026-06-30T16:40:10.653+0000] {processor.py:161} INFO - Started process (PID=14951) to work on /opt/airflow/dags/dag_tomorrowio.py
[2026-06-30T16:40:10.657+0000] {processor.py:830} INFO - Processing file /opt/airflow/dags/dag_tomorrowio.py for tasks to queue
[2026-06-30T16:40:10.658+0000] {logging_mixin.py:188} INFO - [2026-06-30T16:40:10.658+0000] {dagbag.py:545} INFO - Filling up the DagBag from /opt/airflow/dags/dag_tomorrowio.py
[2026-06-30T16:40:12.972+0000] {processor.py:840} INFO - DAG(s) 'tomorrowio_bronze_to_silver' retrieved from /opt/airflow/dags/dag_tomorrowio.py
[2026-06-30T16:40:13.105+0000] {logging_mixin.py:188} INFO - [2026-06-30T16:40:13.103+0000] {dag.py:3096} INFO - Sync 1 DAGs
[2026-06-30T16:40:13.177+0000] {logging_mixin.py:188} INFO - [2026-06-30T16:40:13.176+0000] {dag.py:3954} INFO - Setting next_dagrun for tomorrowio_bronze_to_silver to 2026-06-30 16:00:00+00:00, run_after=2026-06-30 17:00:00+00:00
[2026-06-30T16:40:13.235+0000] {processor.py:183} INFO - Processing /opt/airflow/dags/dag_tomorrowio.py took 2.601 seconds
[2026-06-30T16:40:43.649+0000] {processor.py:161} INFO - Started process (PID=14984) to work on /opt/airflow/dags/dag_tomorrowio.py
[2026-06-30T16:40:43.656+0000] {processor.py:830} INFO - Processing file /opt/airflow/dags/dag_tomorrowio.py for tasks to queue
[2026-06-30T16:40:43.661+0000] {logging_mixin.py:188} INFO - [2026-06-30T16:40:43.659+0000] {dagbag.py:545} INFO - Filling up the DagBag from /opt/airflow/dags/dag_tomorrowio.py
[2026-06-30T16:40:46.137+0000] {processor.py:840} INFO - DAG(s) 'tomorrowio_bronze_to_silver' retrieved from /opt/airflow/dags/dag_tomorrowio.py
[2026-06-30T16:40:46.245+0000] {logging_mixin.py:188} INFO - [2026-06-30T16:40:46.244+0000] {dag.py:3096} INFO - Sync 1 DAGs
[2026-06-30T16:40:46.315+0000] {logging_mixin.py:188} INFO - [2026-06-30T16:40:46.314+0000] {dag.py:3954} INFO - Setting next_dagrun for tomorrowio_bronze_to_silver to 2026-06-30 16:00:00+00:00, run_after=2026-06-30 17:00:00+00:00
[2026-06-30T16:40:46.363+0000] {processor.py:183} INFO - Processing /opt/airflow/dags/dag_tomorrowio.py took 2.736 seconds
[2026-06-30T16:41:16.779+0000] {processor.py:161} INFO - Started process (PID=15017) to work on /opt/airflow/dags/dag_tomorrowio.py
[2026-06-30T16:41:16.784+0000] {processor.py:830} INFO - Processing file /opt/airflow/dags/dag_tomorrowio.py for tasks to queue
[2026-06-30T16:41:16.789+0000] {logging_mixin.py:188} INFO - [2026-06-30T16:41:16.787+0000] {dagbag.py:545} INFO - Filling up the DagBag from /opt/airflow/dags/dag_tomorrowio.py
[2026-06-30T16:41:19.304+0000] {processor.py:840} INFO - DAG(s) 'tomorrowio_bronze_to_silver' retrieved from /opt/airflow/dags/dag_tomorrowio.py
[2026-06-30T16:41:19.458+0000] {logging_mixin.py:188} INFO - [2026-06-30T16:41:19.455+0000] {dag.py:3096} INFO - Sync 1 DAGs
[2026-06-30T16:41:19.559+0000] {logging_mixin.py:188} INFO - [2026-06-30T16:41:19.558+0000] {dag.py:3954} INFO - Setting next_dagrun for tomorrowio_bronze_to_silver to 2026-06-30 16:00:00+00:00, run_after=2026-06-30 17:00:00+00:00
[2026-06-30T16:41:19.620+0000] {processor.py:183} INFO - Processing /opt/airflow/dags/dag_tomorrowio.py took 2.873 seconds
[2026-06-30T16:41:49.800+0000] {processor.py:161} INFO - Started process (PID=15055) to work on /opt/airflow/dags/dag_tomorrowio.py
[2026-06-30T16:41:49.803+0000] {processor.py:830} INFO - Processing file /opt/airflow/dags/dag_tomorrowio.py for tasks to queue
[2026-06-30T16:41:49.807+0000] {logging_mixin.py:188} INFO - [2026-06-30T16:41:49.806+0000] {dagbag.py:545} INFO - Filling up the DagBag from /opt/airflow/dags/dag_tomorrowio.py
[2026-06-30T16:41:51.800+0000] {processor.py:840} INFO - DAG(s) 'tomorrowio_bronze_to_silver' retrieved from /opt/airflow/dags/dag_tomorrowio.py
[2026-06-30T16:41:51.876+0000] {logging_mixin.py:188} INFO - [2026-06-30T16:41:51.876+0000] {dag.py:3096} INFO - Sync 1 DAGs
[2026-06-30T16:41:51.998+0000] {logging_mixin.py:188} INFO - [2026-06-30T16:41:51.998+0000] {dag.py:3954} INFO - Setting next_dagrun for tomorrowio_bronze_to_silver to 2026-06-30 16:00:00+00:00, run_after=2026-06-30 17:00:00+00:00
[2026-06-30T16:41:52.108+0000] {processor.py:183} INFO - Processing /opt/airflow/dags/dag_tomorrowio.py took 2.324 seconds
[2026-06-30T16:42:22.416+0000] {processor.py:161} INFO - Started process (PID=15088) to work on /opt/airflow/dags/dag_tomorrowio.py
[2026-06-30T16:42:22.424+0000] {processor.py:830} INFO - Processing file /opt/airflow/dags/dag_tomorrowio.py for tasks to queue
[2026-06-30T16:42:22.428+0000] {logging_mixin.py:188} INFO - [2026-06-30T16:42:22.426+0000] {dagbag.py:545} INFO - Filling up the DagBag from /opt/airflow/dags/dag_tomorrowio.py
[2026-06-30T16:42:25.606+0000] {processor.py:840} INFO - DAG(s) 'tomorrowio_bronze_to_silver' retrieved from /opt/airflow/dags/dag_tomorrowio.py
[2026-06-30T16:42:25.753+0000] {logging_mixin.py:188} INFO - [2026-06-30T16:42:25.751+0000] {dag.py:3096} INFO - Sync 1 DAGs
[2026-06-30T16:42:25.873+0000] {logging_mixin.py:188} INFO - [2026-06-30T16:42:25.871+0000] {dag.py:3954} INFO - Setting next_dagrun for tomorrowio_bronze_to_silver to 2026-06-30 16:00:00+00:00, run_after=2026-06-30 17:00:00+00:00
[2026-06-30T16:42:25.949+0000] {processor.py:183} INFO - Processing /opt/airflow/dags/dag_tomorrowio.py took 3.585 seconds
[2026-06-30T16:42:56.524+0000] {processor.py:161} INFO - Started process (PID=15126) to work on /opt/airflow/dags/dag_tomorrowio.py
[2026-06-30T16:42:56.529+0000] {processor.py:830} INFO - Processing file /opt/airflow/dags/dag_tomorrowio.py for tasks to queue
[2026-06-30T16:42:56.534+0000] {logging_mixin.py:188} INFO - [2026-06-30T16:42:56.532+0000] {dagbag.py:545} INFO - Filling up the DagBag from /opt/airflow/dags/dag_tomorrowio.py
[2026-06-30T16:42:59.273+0000] {processor.py:840} INFO - DAG(s) 'tomorrowio_bronze_to_silver' retrieved from /opt/airflow/dags/dag_tomorrowio.py
[2026-06-30T16:42:59.391+0000] {logging_mixin.py:188} INFO - [2026-06-30T16:42:59.389+0000] {dag.py:3096} INFO - Sync 1 DAGs
[2026-06-30T16:42:59.452+0000] {logging_mixin.py:188} INFO - [2026-06-30T16:42:59.452+0000] {dag.py:3954} INFO - Setting next_dagrun for tomorrowio_bronze_to_silver to 2026-06-30 16:00:00+00:00, run_after=2026-06-30 17:00:00+00:00
[2026-06-30T16:42:59.512+0000] {processor.py:183} INFO - Processing /opt/airflow/dags/dag_tomorrowio.py took 3.052 seconds
[2026-06-30T16:43:29.820+0000] {processor.py:161} INFO - Started process (PID=15159) to work on /opt/airflow/dags/dag_tomorrowio.py
[2026-06-30T16:43:29.826+0000] {processor.py:830} INFO - Processing file /opt/airflow/dags/dag_tomorrowio.py for tasks to queue
[2026-06-30T16:43:29.828+0000] {logging_mixin.py:188} INFO - [2026-06-30T16:43:29.827+0000] {dagbag.py:545} INFO - Filling up the DagBag from /opt/airflow/dags/dag_tomorrowio.py
[2026-06-30T16:43:32.080+0000] {processor.py:840} INFO - DAG(s) 'tomorrowio_bronze_to_silver' retrieved from /opt/airflow/dags/dag_tomorrowio.py
[2026-06-30T16:43:32.193+0000] {logging_mixin.py:188} INFO - [2026-06-30T16:43:32.192+0000] {dag.py:3096} INFO - Sync 1 DAGs
[2026-06-30T16:43:32.246+0000] {logging_mixin.py:188} INFO - [2026-06-30T16:43:32.245+0000] {dag.py:3954} INFO - Setting next_dagrun for tomorrowio_bronze_to_silver to 2026-06-30 16:00:00+00:00, run_after=2026-06-30 17:00:00+00:00
[2026-06-30T16:43:32.286+0000] {processor.py:183} INFO - Processing /opt/airflow/dags/dag_tomorrowio.py took 2.496 seconds
[2026-06-30T16:44:02.680+0000] {processor.py:161} INFO - Started process (PID=15192) to work on /opt/airflow/dags/dag_tomorrowio.py
[2026-06-30T16:44:02.686+0000] {processor.py:830} INFO - Processing file /opt/airflow/dags/dag_tomorrowio.py for tasks to queue
[2026-06-30T16:44:02.691+0000] {logging_mixin.py:188} INFO - [2026-06-30T16:44:02.689+0000] {dagbag.py:545} INFO - Filling up the DagBag from /opt/airflow/dags/dag_tomorrowio.py
[2026-06-30T16:44:06.446+0000] {processor.py:840} INFO - DAG(s) 'tomorrowio_bronze_to_silver' retrieved from /opt/airflow/dags/dag_tomorrowio.py
[2026-06-30T16:44:06.584+0000] {logging_mixin.py:188} INFO - [2026-06-30T16:44:06.582+0000] {dag.py:3096} INFO - Sync 1 DAGs
[2026-06-30T16:44:06.671+0000] {logging_mixin.py:188} INFO - [2026-06-30T16:44:06.671+0000] {dag.py:3954} INFO - Setting next_dagrun for tomorrowio_bronze_to_silver to 2026-06-30 16:00:00+00:00, run_after=2026-06-30 17:00:00+00:00
[2026-06-30T16:44:06.736+0000] {processor.py:183} INFO - Processing /opt/airflow/dags/dag_tomorrowio.py took 4.092 seconds
[2026-06-30T16:44:37.268+0000] {processor.py:161} INFO - Started process (PID=15225) to work on /opt/airflow/dags/dag_tomorrowio.py
[2026-06-30T16:44:37.272+0000] {processor.py:830} INFO - Processing file /opt/airflow/dags/dag_tomorrowio.py for tasks to queue
[2026-06-30T16:44:37.275+0000] {logging_mixin.py:188} INFO - [2026-06-30T16:44:37.274+0000] {dagbag.py:545} INFO - Filling up the DagBag from /opt/airflow/dags/dag_tomorrowio.py
[2026-06-30T16:44:39.988+0000] {processor.py:840} INFO - DAG(s) 'tomorrowio_bronze_to_silver' retrieved from /opt/airflow/dags/dag_tomorrowio.py
[2026-06-30T16:44:40.181+0000] {logging_mixin.py:188} INFO - [2026-06-30T16:44:40.178+0000] {dag.py:3096} INFO - Sync 1 DAGs
[2026-06-30T16:44:40.287+0000] {logging_mixin.py:188} INFO - [2026-06-30T16:44:40.287+0000] {dag.py:3954} INFO - Setting next_dagrun for tomorrowio_bronze_to_silver to 2026-06-30 16:00:00+00:00, run_after=2026-06-30 17:00:00+00:00
[2026-06-30T16:44:40.353+0000] {processor.py:183} INFO - Processing /opt/airflow/dags/dag_tomorrowio.py took 3.114 seconds
[2026-06-30T16:45:10.922+0000] {processor.py:161} INFO - Started process (PID=15258) to work on /opt/airflow/dags/dag_tomorrowio.py
[2026-06-30T16:45:10.930+0000] {processor.py:830} INFO - Processing file /opt/airflow/dags/dag_tomorrowio.py for tasks to queue
[2026-06-30T16:45:10.935+0000] {logging_mixin.py:188} INFO - [2026-06-30T16:45:10.932+0000] {dagbag.py:545} INFO - Filling up the DagBag from /opt/airflow/dags/dag_tomorrowio.py
[2026-06-30T16:45:12.880+0000] {processor.py:840} INFO - DAG(s) 'tomorrowio_bronze_to_silver' retrieved from /opt/airflow/dags/dag_tomorrowio.py
[2026-06-30T16:45:12.996+0000] {logging_mixin.py:188} INFO - [2026-06-30T16:45:12.995+0000] {dag.py:3096} INFO - Sync 1 DAGs
[2026-06-30T16:45:13.089+0000] {logging_mixin.py:188} INFO - [2026-06-30T16:45:13.088+0000] {dag.py:3954} INFO - Setting next_dagrun for tomorrowio_bronze_to_silver to 2026-06-30 16:00:00+00:00, run_after=2026-06-30 17:00:00+00:00
[2026-06-30T16:45:13.178+0000] {processor.py:183} INFO - Processing /opt/airflow/dags/dag_tomorrowio.py took 2.301 seconds
[2026-06-30T16:45:43.752+0000] {processor.py:161} INFO - Started process (PID=15291) to work on /opt/airflow/dags/dag_tomorrowio.py
[2026-06-30T16:45:43.760+0000] {processor.py:830} INFO - Processing file /opt/airflow/dags/dag_tomorrowio.py for tasks to queue
[2026-06-30T16:45:43.767+0000] {logging_mixin.py:188} INFO - [2026-06-30T16:45:43.764+0000] {dagbag.py:545} INFO - Filling up the DagBag from /opt/airflow/dags/dag_tomorrowio.py
[2026-06-30T16:45:46.880+0000] {processor.py:840} INFO - DAG(s) 'tomorrowio_bronze_to_silver' retrieved from /opt/airflow/dags/dag_tomorrowio.py
[2026-06-30T16:45:47.286+0000] {logging_mixin.py:188} INFO - [2026-06-30T16:45:47.274+0000] {dag.py:3096} INFO - Sync 1 DAGs
[2026-06-30T16:45:47.461+0000] {logging_mixin.py:188} INFO - [2026-06-30T16:45:47.459+0000] {dag.py:3954} INFO - Setting next_dagrun for tomorrowio_bronze_to_silver to 2026-06-30 16:00:00+00:00, run_after=2026-06-30 17:00:00+00:00
[2026-06-30T16:45:47.529+0000] {processor.py:183} INFO - Processing /opt/airflow/dags/dag_tomorrowio.py took 3.809 seconds
[2026-06-30T16:46:18.820+0000] {processor.py:161} INFO - Started process (PID=15324) to work on /opt/airflow/dags/dag_tomorrowio.py
[2026-06-30T16:46:18.826+0000] {processor.py:830} INFO - Processing file /opt/airflow/dags/dag_tomorrowio.py for tasks to queue
[2026-06-30T16:46:18.830+0000] {logging_mixin.py:188} INFO - [2026-06-30T16:46:18.828+0000] {dagbag.py:545} INFO - Filling up the DagBag from /opt/airflow/dags/dag_tomorrowio.py
[2026-06-30T16:46:21.179+0000] {processor.py:840} INFO - DAG(s) 'tomorrowio_bronze_to_silver' retrieved from /opt/airflow/dags/dag_tomorrowio.py
[2026-06-30T16:46:21.250+0000] {logging_mixin.py:188} INFO - [2026-06-30T16:46:21.249+0000] {dag.py:3096} INFO - Sync 1 DAGs
[2026-06-30T16:46:21.306+0000] {logging_mixin.py:188} INFO - [2026-06-30T16:46:21.305+0000] {dag.py:3954} INFO - Setting next_dagrun for tomorrowio_bronze_to_silver to 2026-06-30 16:00:00+00:00, run_after=2026-06-30 17:00:00+00:00
[2026-06-30T16:46:21.350+0000] {processor.py:183} INFO - Processing /opt/airflow/dags/dag_tomorrowio.py took 2.589 seconds
[2026-06-30T16:46:52.183+0000] {processor.py:161} INFO - Started process (PID=15360) to work on /opt/airflow/dags/dag_tomorrowio.py
[2026-06-30T16:46:52.187+0000] {processor.py:830} INFO - Processing file /opt/airflow/dags/dag_tomorrowio.py for tasks to queue
[2026-06-30T16:46:52.190+0000] {logging_mixin.py:188} INFO - [2026-06-30T16:46:52.190+0000] {dagbag.py:545} INFO - Filling up the DagBag from /opt/airflow/dags/dag_tomorrowio.py
[2026-06-30T16:46:53.963+0000] {processor.py:840} INFO - DAG(s) 'tomorrowio_bronze_to_silver' retrieved from /opt/airflow/dags/dag_tomorrowio.py
[2026-06-30T16:46:54.048+0000] {logging_mixin.py:188} INFO - [2026-06-30T16:46:54.046+0000] {dag.py:3096} INFO - Sync 1 DAGs
[2026-06-30T16:46:54.153+0000] {logging_mixin.py:188} INFO - [2026-06-30T16:46:54.151+0000] {dag.py:3954} INFO - Setting next_dagrun for tomorrowio_bronze_to_silver to 2026-06-30 16:00:00+00:00, run_after=2026-06-30 17:00:00+00:00
[2026-06-30T16:46:54.325+0000] {processor.py:183} INFO - Processing /opt/airflow/dags/dag_tomorrowio.py took 2.174 seconds
[2026-06-30T16:47:24.697+0000] {processor.py:161} INFO - Started process (PID=15395) to work on /opt/airflow/dags/dag_tomorrowio.py
[2026-06-30T16:47:24.701+0000] {processor.py:830} INFO - Processing file /opt/airflow/dags/dag_tomorrowio.py for tasks to queue
[2026-06-30T16:47:24.703+0000] {logging_mixin.py:188} INFO - [2026-06-30T16:47:24.703+0000] {dagbag.py:545} INFO - Filling up the DagBag from /opt/airflow/dags/dag_tomorrowio.py
[2026-06-30T16:47:27.297+0000] {processor.py:840} INFO - DAG(s) 'tomorrowio_bronze_to_silver' retrieved from /opt/airflow/dags/dag_tomorrowio.py
[2026-06-30T16:47:27.437+0000] {logging_mixin.py:188} INFO - [2026-06-30T16:47:27.436+0000] {dag.py:3096} INFO - Sync 1 DAGs
[2026-06-30T16:47:27.540+0000] {logging_mixin.py:188} INFO - [2026-06-30T16:47:27.540+0000] {dag.py:3954} INFO - Setting next_dagrun for tomorrowio_bronze_to_silver to 2026-06-30 16:00:00+00:00, run_after=2026-06-30 17:00:00+00:00
[2026-06-30T16:47:27.613+0000] {processor.py:183} INFO - Processing /opt/airflow/dags/dag_tomorrowio.py took 2.937 seconds
[2026-06-30T16:47:58.033+0000] {processor.py:161} INFO - Started process (PID=15428) to work on /opt/airflow/dags/dag_tomorrowio.py
[2026-06-30T16:47:58.042+0000] {processor.py:830} INFO - Processing file /opt/airflow/dags/dag_tomorrowio.py for tasks to queue
[2026-06-30T16:47:58.051+0000] {logging_mixin.py:188} INFO - [2026-06-30T16:47:58.047+0000] {dagbag.py:545} INFO - Filling up the DagBag from /opt/airflow/dags/dag_tomorrowio.py
[2026-06-30T16:48:01.057+0000] {processor.py:840} INFO - DAG(s) 'tomorrowio_bronze_to_silver' retrieved from /opt/airflow/dags/dag_tomorrowio.py
[2026-06-30T16:48:01.324+0000] {logging_mixin.py:188} INFO - [2026-06-30T16:48:01.321+0000] {dag.py:3096} INFO - Sync 1 DAGs
[2026-06-30T16:48:01.627+0000] {logging_mixin.py:188} INFO - [2026-06-30T16:48:01.622+0000] {dag.py:3954} INFO - Setting next_dagrun for tomorrowio_bronze_to_silver to 2026-06-30 16:00:00+00:00, run_after=2026-06-30 17:00:00+00:00
[2026-06-30T16:48:02.013+0000] {processor.py:183} INFO - Processing /opt/airflow/dags/dag_tomorrowio.py took 4.030 seconds
[2026-06-30T16:48:32.892+0000] {processor.py:161} INFO - Started process (PID=15461) to work on /opt/airflow/dags/dag_tomorrowio.py
[2026-06-30T16:48:32.895+0000] {processor.py:830} INFO - Processing file /opt/airflow/dags/dag_tomorrowio.py for tasks to queue
[2026-06-30T16:48:32.897+0000] {logging_mixin.py:188} INFO - [2026-06-30T16:48:32.896+0000] {dagbag.py:545} INFO - Filling up the DagBag from /opt/airflow/dags/dag_tomorrowio.py
[2026-06-30T16:48:35.642+0000] {processor.py:840} INFO - DAG(s) 'tomorrowio_bronze_to_silver' retrieved from /opt/airflow/dags/dag_tomorrowio.py
[2026-06-30T16:48:35.786+0000] {logging_mixin.py:188} INFO - [2026-06-30T16:48:35.783+0000] {dag.py:3096} INFO - Sync 1 DAGs
[2026-06-30T16:48:35.884+0000] {logging_mixin.py:188} INFO - [2026-06-30T16:48:35.883+0000] {dag.py:3954} INFO - Setting next_dagrun for tomorrowio_bronze_to_silver to 2026-06-30 16:00:00+00:00, run_after=2026-06-30 17:00:00+00:00
[2026-06-30T16:48:36.023+0000] {processor.py:183} INFO - Processing /opt/airflow/dags/dag_tomorrowio.py took 3.168 seconds
[2026-06-30T16:49:06.818+0000] {processor.py:161} INFO - Started process (PID=15499) to work on /opt/airflow/dags/dag_tomorrowio.py
[2026-06-30T16:49:06.823+0000] {processor.py:830} INFO - Processing file /opt/airflow/dags/dag_tomorrowio.py for tasks to queue
[2026-06-30T16:49:06.826+0000] {logging_mixin.py:188} INFO - [2026-06-30T16:49:06.825+0000] {dagbag.py:545} INFO - Filling up the DagBag from /opt/airflow/dags/dag_tomorrowio.py
[2026-06-30T16:49:09.766+0000] {processor.py:840} INFO - DAG(s) 'tomorrowio_bronze_to_silver' retrieved from /opt/airflow/dags/dag_tomorrowio.py
[2026-06-30T16:49:10.005+0000] {logging_mixin.py:188} INFO - [2026-06-30T16:49:09.995+0000] {dag.py:3096} INFO - Sync 1 DAGs
[2026-06-30T16:49:10.123+0000] {logging_mixin.py:188} INFO - [2026-06-30T16:49:10.119+0000] {dag.py:3954} INFO - Setting next_dagrun for tomorrowio_bronze_to_silver to 2026-06-30 16:00:00+00:00, run_after=2026-06-30 17:00:00+00:00
[2026-06-30T16:49:10.209+0000] {processor.py:183} INFO - Processing /opt/airflow/dags/dag_tomorrowio.py took 3.418 seconds
[2026-06-30T16:49:40.824+0000] {processor.py:161} INFO - Started process (PID=15537) to work on /opt/airflow/dags/dag_tomorrowio.py
[2026-06-30T16:49:40.829+0000] {processor.py:830} INFO - Processing file /opt/airflow/dags/dag_tomorrowio.py for tasks to queue
[2026-06-30T16:49:40.831+0000] {logging_mixin.py:188} INFO - [2026-06-30T16:49:40.830+0000] {dagbag.py:545} INFO - Filling up the DagBag from /opt/airflow/dags/dag_tomorrowio.py
[2026-06-30T16:49:43.010+0000] {processor.py:840} INFO - DAG(s) 'tomorrowio_bronze_to_silver' retrieved from /opt/airflow/dags/dag_tomorrowio.py
[2026-06-30T16:49:43.176+0000] {logging_mixin.py:188} INFO - [2026-06-30T16:49:43.175+0000] {dag.py:3096} INFO - Sync 1 DAGs
[2026-06-30T16:49:43.265+0000] {logging_mixin.py:188} INFO - [2026-06-30T16:49:43.265+0000] {dag.py:3954} INFO - Setting next_dagrun for tomorrowio_bronze_to_silver to 2026-06-30 16:00:00+00:00, run_after=2026-06-30 17:00:00+00:00
[2026-06-30T16:49:43.316+0000] {processor.py:183} INFO - Processing /opt/airflow/dags/dag_tomorrowio.py took 2.512 seconds
[2026-06-30T16:50:13.862+0000] {processor.py:161} INFO - Started process (PID=15570) to work on /opt/airflow/dags/dag_tomorrowio.py
[2026-06-30T16:50:13.868+0000] {processor.py:830} INFO - Processing file /opt/airflow/dags/dag_tomorrowio.py for tasks to queue
[2026-06-30T16:50:13.875+0000] {logging_mixin.py:188} INFO - [2026-06-30T16:50:13.873+0000] {dagbag.py:545} INFO - Filling up the DagBag from /opt/airflow/dags/dag_tomorrowio.py
[2026-06-30T16:50:16.107+0000] {processor.py:840} INFO - DAG(s) 'tomorrowio_bronze_to_silver' retrieved from /opt/airflow/dags/dag_tomorrowio.py
[2026-06-30T16:50:16.273+0000] {logging_mixin.py:188} INFO - [2026-06-30T16:50:16.272+0000] {dag.py:3096} INFO - Sync 1 DAGs
[2026-06-30T16:50:16.377+0000] {logging_mixin.py:188} INFO - [2026-06-30T16:50:16.377+0000] {dag.py:3954} INFO - Setting next_dagrun for tomorrowio_bronze_to_silver to 2026-06-30 16:00:00+00:00, run_after=2026-06-30 17:00:00+00:00
[2026-06-30T16:50:16.437+0000] {processor.py:183} INFO - Processing /opt/airflow/dags/dag_tomorrowio.py took 2.609 seconds
[2026-06-30T16:50:46.887+0000] {processor.py:161} INFO - Started process (PID=15603) to work on /opt/airflow/dags/dag_tomorrowio.py
[2026-06-30T16:50:46.891+0000] {processor.py:830} INFO - Processing file /opt/airflow/dags/dag_tomorrowio.py for tasks to queue
[2026-06-30T16:50:46.893+0000] {logging_mixin.py:188} INFO - [2026-06-30T16:50:46.892+0000] {dagbag.py:545} INFO - Filling up the DagBag from /opt/airflow/dags/dag_tomorrowio.py
[2026-06-30T16:50:50.044+0000] {processor.py:840} INFO - DAG(s) 'tomorrowio_bronze_to_silver' retrieved from /opt/airflow/dags/dag_tomorrowio.py
[2026-06-30T16:50:50.433+0000] {logging_mixin.py:188} INFO - [2026-06-30T16:50:50.431+0000] {dag.py:3096} INFO - Sync 1 DAGs
[2026-06-30T16:50:50.617+0000] {logging_mixin.py:188} INFO - [2026-06-30T16:50:50.616+0000] {dag.py:3954} INFO - Setting next_dagrun for tomorrowio_bronze_to_silver to 2026-06-30 16:00:00+00:00, run_after=2026-06-30 17:00:00+00:00
[2026-06-30T16:50:50.687+0000] {processor.py:183} INFO - Processing /opt/airflow/dags/dag_tomorrowio.py took 3.832 seconds
[2026-06-30T16:51:21.352+0000] {processor.py:161} INFO - Started process (PID=15636) to work on /opt/airflow/dags/dag_tomorrowio.py
[2026-06-30T16:51:21.359+0000] {processor.py:830} INFO - Processing file /opt/airflow/dags/dag_tomorrowio.py for tasks to queue
[2026-06-30T16:51:21.364+0000] {logging_mixin.py:188} INFO - [2026-06-30T16:51:21.362+0000] {dagbag.py:545} INFO - Filling up the DagBag from /opt/airflow/dags/dag_tomorrowio.py
[2026-06-30T16:51:24.059+0000] {processor.py:840} INFO - DAG(s) 'tomorrowio_bronze_to_silver' retrieved from /opt/airflow/dags/dag_tomorrowio.py
[2026-06-30T16:51:24.159+0000] {logging_mixin.py:188} INFO - [2026-06-30T16:51:24.158+0000] {dag.py:3096} INFO - Sync 1 DAGs
[2026-06-30T16:51:24.289+0000] {logging_mixin.py:188} INFO - [2026-06-30T16:51:24.288+0000] {dag.py:3954} INFO - Setting next_dagrun for tomorrowio_bronze_to_silver to 2026-06-30 16:00:00+00:00, run_after=2026-06-30 17:00:00+00:00
[2026-06-30T16:51:24.396+0000] {processor.py:183} INFO - Processing /opt/airflow/dags/dag_tomorrowio.py took 3.090 seconds
[2026-06-30T16:51:55.628+0000] {processor.py:161} INFO - Started process (PID=15669) to work on /opt/airflow/dags/dag_tomorrowio.py
[2026-06-30T16:51:55.649+0000] {processor.py:830} INFO - Processing file /opt/airflow/dags/dag_tomorrowio.py for tasks to queue
[2026-06-30T16:51:55.656+0000] {logging_mixin.py:188} INFO - [2026-06-30T16:51:55.653+0000] {dagbag.py:545} INFO - Filling up the DagBag from /opt/airflow/dags/dag_tomorrowio.py
[2026-06-30T16:51:58.734+0000] {processor.py:840} INFO - DAG(s) 'tomorrowio_bronze_to_silver' retrieved from /opt/airflow/dags/dag_tomorrowio.py
[2026-06-30T16:51:58.896+0000] {logging_mixin.py:188} INFO - [2026-06-30T16:51:58.894+0000] {dag.py:3096} INFO - Sync 1 DAGs
[2026-06-30T16:51:58.966+0000] {logging_mixin.py:188} INFO - [2026-06-30T16:51:58.964+0000] {dag.py:3954} INFO - Setting next_dagrun for tomorrowio_bronze_to_silver to 2026-06-30 16:00:00+00:00, run_after=2026-06-30 17:00:00+00:00
[2026-06-30T16:51:59.043+0000] {processor.py:183} INFO - Processing /opt/airflow/dags/dag_tomorrowio.py took 3.496 seconds
[2026-06-30T16:52:29.812+0000] {processor.py:161} INFO - Started process (PID=15702) to work on /opt/airflow/dags/dag_tomorrowio.py
[2026-06-30T16:52:29.814+0000] {processor.py:830} INFO - Processing file /opt/airflow/dags/dag_tomorrowio.py for tasks to queue
[2026-06-30T16:52:29.817+0000] {logging_mixin.py:188} INFO - [2026-06-30T16:52:29.815+0000] {dagbag.py:545} INFO - Filling up the DagBag from /opt/airflow/dags/dag_tomorrowio.py
[2026-06-30T16:52:30.246+0000] {processor.py:840} INFO - DAG(s) 'tomorrowio_bronze_to_silver' retrieved from /opt/airflow/dags/dag_tomorrowio.py
[2026-06-30T16:52:30.270+0000] {logging_mixin.py:188} INFO - [2026-06-30T16:52:30.270+0000] {dag.py:3096} INFO - Sync 1 DAGs
[2026-06-30T16:52:30.278+0000] {logging_mixin.py:188} INFO - [2026-06-30T16:52:30.278+0000] {dag.py:3954} INFO - Setting next_dagrun for tomorrowio_bronze_to_silver to 2026-06-30 16:00:00+00:00, run_after=2026-06-30 17:00:00+00:00
[2026-06-30T16:52:30.285+0000] {processor.py:183} INFO - Processing /opt/airflow/dags/dag_tomorrowio.py took 0.484 seconds
[2026-06-30T16:53:00.505+0000] {processor.py:161} INFO - Started process (PID=15735) to work on /opt/airflow/dags/dag_tomorrowio.py
[2026-06-30T16:53:00.516+0000] {processor.py:830} INFO - Processing file /opt/airflow/dags/dag_tomorrowio.py for tasks to queue
[2026-06-30T16:53:00.519+0000] {logging_mixin.py:188} INFO - [2026-06-30T16:53:00.518+0000] {dagbag.py:545} INFO - Filling up the DagBag from /opt/airflow/dags/dag_tomorrowio.py
[2026-06-30T16:53:03.993+0000] {processor.py:840} INFO - DAG(s) 'tomorrowio_bronze_to_silver' retrieved from /opt/airflow/dags/dag_tomorrowio.py
[2026-06-30T16:53:04.111+0000] {logging_mixin.py:188} INFO - [2026-06-30T16:53:04.110+0000] {dag.py:3096} INFO - Sync 1 DAGs
[2026-06-30T16:53:04.162+0000] {logging_mixin.py:188} INFO - [2026-06-30T16:53:04.161+0000] {dag.py:3954} INFO - Setting next_dagrun for tomorrowio_bronze_to_silver to 2026-06-30 16:00:00+00:00, run_after=2026-06-30 17:00:00+00:00
[2026-06-30T16:53:04.215+0000] {processor.py:183} INFO - Processing /opt/airflow/dags/dag_tomorrowio.py took 3.749 seconds
[2026-06-30T16:53:35.388+0000] {processor.py:161} INFO - Started process (PID=15768) to work on /opt/airflow/dags/dag_tomorrowio.py
[2026-06-30T16:53:35.394+0000] {processor.py:830} INFO - Processing file /opt/airflow/dags/dag_tomorrowio.py for tasks to queue
[2026-06-30T16:53:35.399+0000] {logging_mixin.py:188} INFO - [2026-06-30T16:53:35.396+0000] {dagbag.py:545} INFO - Filling up the DagBag from /opt/airflow/dags/dag_tomorrowio.py
[2026-06-30T16:53:38.557+0000] {processor.py:840} INFO - DAG(s) 'tomorrowio_bronze_to_silver' retrieved from /opt/airflow/dags/dag_tomorrowio.py
[2026-06-30T16:53:38.673+0000] {logging_mixin.py:188} INFO - [2026-06-30T16:53:38.670+0000] {dag.py:3096} INFO - Sync 1 DAGs
[2026-06-30T16:53:38.730+0000] {logging_mixin.py:188} INFO - [2026-06-30T16:53:38.730+0000] {dag.py:3954} INFO - Setting next_dagrun for tomorrowio_bronze_to_silver to 2026-06-30 16:00:00+00:00, run_after=2026-06-30 17:00:00+00:00
[2026-06-30T16:53:38.765+0000] {processor.py:183} INFO - Processing /opt/airflow/dags/dag_tomorrowio.py took 3.426 seconds
[2026-06-30T16:54:09.227+0000] {processor.py:161} INFO - Started process (PID=15801) to work on /opt/airflow/dags/dag_tomorrowio.py
[2026-06-30T16:54:09.232+0000] {processor.py:830} INFO - Processing file /opt/airflow/dags/dag_tomorrowio.py for tasks to queue
[2026-06-30T16:54:09.249+0000] {logging_mixin.py:188} INFO - [2026-06-30T16:54:09.241+0000] {dagbag.py:545} INFO - Filling up the DagBag from /opt/airflow/dags/dag_tomorrowio.py
[2026-06-30T16:54:11.393+0000] {processor.py:840} INFO - DAG(s) 'tomorrowio_bronze_to_silver' retrieved from /opt/airflow/dags/dag_tomorrowio.py
[2026-06-30T16:54:11.522+0000] {logging_mixin.py:188} INFO - [2026-06-30T16:54:11.520+0000] {dag.py:3096} INFO - Sync 1 DAGs
[2026-06-30T16:54:11.585+0000] {logging_mixin.py:188} INFO - [2026-06-30T16:54:11.585+0000] {dag.py:3954} INFO - Setting next_dagrun for tomorrowio_bronze_to_silver to 2026-06-30 16:00:00+00:00, run_after=2026-06-30 17:00:00+00:00
[2026-06-30T16:54:11.629+0000] {processor.py:183} INFO - Processing /opt/airflow/dags/dag_tomorrowio.py took 2.448 seconds
[2026-06-30T16:54:41.877+0000] {processor.py:161} INFO - Started process (PID=15834) to work on /opt/airflow/dags/dag_tomorrowio.py
[2026-06-30T16:54:41.887+0000] {processor.py:830} INFO - Processing file /opt/airflow/dags/dag_tomorrowio.py for tasks to queue
[2026-06-30T16:54:41.891+0000] {logging_mixin.py:188} INFO - [2026-06-30T16:54:41.889+0000] {dagbag.py:545} INFO - Filling up the DagBag from /opt/airflow/dags/dag_tomorrowio.py
[2026-06-30T16:54:45.207+0000] {processor.py:840} INFO - DAG(s) 'tomorrowio_bronze_to_silver' retrieved from /opt/airflow/dags/dag_tomorrowio.py
[2026-06-30T16:54:45.334+0000] {logging_mixin.py:188} INFO - [2026-06-30T16:54:45.329+0000] {dag.py:3096} INFO - Sync 1 DAGs
[2026-06-30T16:54:45.398+0000] {logging_mixin.py:188} INFO - [2026-06-30T16:54:45.398+0000] {dag.py:3954} INFO - Setting next_dagrun for tomorrowio_bronze_to_silver to 2026-06-30 16:00:00+00:00, run_after=2026-06-30 17:00:00+00:00
[2026-06-30T16:54:45.441+0000] {processor.py:183} INFO - Processing /opt/airflow/dags/dag_tomorrowio.py took 3.596 seconds
[2026-06-30T16:55:15.667+0000] {processor.py:161} INFO - Started process (PID=15872) to work on /opt/airflow/dags/dag_tomorrowio.py
[2026-06-30T16:55:15.679+0000] {processor.py:830} INFO - Processing file /opt/airflow/dags/dag_tomorrowio.py for tasks to queue
[2026-06-30T16:55:15.681+0000] {logging_mixin.py:188} INFO - [2026-06-30T16:55:15.681+0000] {dagbag.py:545} INFO - Filling up the DagBag from /opt/airflow/dags/dag_tomorrowio.py
[2026-06-30T16:55:19.300+0000] {processor.py:840} INFO - DAG(s) 'tomorrowio_bronze_to_silver' retrieved from /opt/airflow/dags/dag_tomorrowio.py
[2026-06-30T16:55:19.413+0000] {logging_mixin.py:188} INFO - [2026-06-30T16:55:19.410+0000] {dag.py:3096} INFO - Sync 1 DAGs
[2026-06-30T16:55:19.470+0000] {logging_mixin.py:188} INFO - [2026-06-30T16:55:19.469+0000] {dag.py:3954} INFO - Setting next_dagrun for tomorrowio_bronze_to_silver to 2026-06-30 16:00:00+00:00, run_after=2026-06-30 17:00:00+00:00
[2026-06-30T16:55:19.528+0000] {processor.py:183} INFO - Processing /opt/airflow/dags/dag_tomorrowio.py took 3.891 seconds
[2026-06-30T16:55:50.554+0000] {processor.py:161} INFO - Started process (PID=15905) to work on /opt/airflow/dags/dag_tomorrowio.py
[2026-06-30T16:55:50.562+0000] {processor.py:830} INFO - Processing file /opt/airflow/dags/dag_tomorrowio.py for tasks to queue
[2026-06-30T16:55:50.567+0000] {logging_mixin.py:188} INFO - [2026-06-30T16:55:50.565+0000] {dagbag.py:545} INFO - Filling up the DagBag from /opt/airflow/dags/dag_tomorrowio.py
[2026-06-30T16:55:53.726+0000] {processor.py:840} INFO - DAG(s) 'tomorrowio_bronze_to_silver' retrieved from /opt/airflow/dags/dag_tomorrowio.py
[2026-06-30T16:55:53.838+0000] {logging_mixin.py:188} INFO - [2026-06-30T16:55:53.837+0000] {dag.py:3096} INFO - Sync 1 DAGs
[2026-06-30T16:55:53.909+0000] {logging_mixin.py:188} INFO - [2026-06-30T16:55:53.908+0000] {dag.py:3954} INFO - Setting next_dagrun for tomorrowio_bronze_to_silver to 2026-06-30 16:00:00+00:00, run_after=2026-06-30 17:00:00+00:00
[2026-06-30T16:55:53.980+0000] {processor.py:183} INFO - Processing /opt/airflow/dags/dag_tomorrowio.py took 3.479 seconds
[2026-06-30T16:56:24.370+0000] {processor.py:161} INFO - Started process (PID=15938) to work on /opt/airflow/dags/dag_tomorrowio.py
[2026-06-30T16:56:24.375+0000] {processor.py:830} INFO - Processing file /opt/airflow/dags/dag_tomorrowio.py for tasks to queue
[2026-06-30T16:56:24.379+0000] {logging_mixin.py:188} INFO - [2026-06-30T16:56:24.377+0000] {dagbag.py:545} INFO - Filling up the DagBag from /opt/airflow/dags/dag_tomorrowio.py
[2026-06-30T16:56:26.945+0000] {processor.py:840} INFO - DAG(s) 'tomorrowio_bronze_to_silver' retrieved from /opt/airflow/dags/dag_tomorrowio.py
[2026-06-30T16:56:27.127+0000] {logging_mixin.py:188} INFO - [2026-06-30T16:56:27.123+0000] {dag.py:3096} INFO - Sync 1 DAGs
[2026-06-30T16:56:27.235+0000] {logging_mixin.py:188} INFO - [2026-06-30T16:56:27.234+0000] {dag.py:3954} INFO - Setting next_dagrun for tomorrowio_bronze_to_silver to 2026-06-30 16:00:00+00:00, run_after=2026-06-30 17:00:00+00:00
[2026-06-30T16:56:27.292+0000] {processor.py:183} INFO - Processing /opt/airflow/dags/dag_tomorrowio.py took 2.952 seconds
[2026-06-30T16:56:57.878+0000] {processor.py:161} INFO - Started process (PID=15971) to work on /opt/airflow/dags/dag_tomorrowio.py
[2026-06-30T16:56:57.884+0000] {processor.py:830} INFO - Processing file /opt/airflow/dags/dag_tomorrowio.py for tasks to queue
[2026-06-30T16:56:57.891+0000] {logging_mixin.py:188} INFO - [2026-06-30T16:56:57.889+0000] {dagbag.py:545} INFO - Filling up the DagBag from /opt/airflow/dags/dag_tomorrowio.py
[2026-06-30T16:57:00.279+0000] {processor.py:840} INFO - DAG(s) 'tomorrowio_bronze_to_silver' retrieved from /opt/airflow/dags/dag_tomorrowio.py
[2026-06-30T16:57:00.412+0000] {logging_mixin.py:188} INFO - [2026-06-30T16:57:00.409+0000] {dag.py:3096} INFO - Sync 1 DAGs
[2026-06-30T16:57:00.499+0000] {logging_mixin.py:188} INFO - [2026-06-30T16:57:00.499+0000] {dag.py:3954} INFO - Setting next_dagrun for tomorrowio_bronze_to_silver to 2026-06-30 16:00:00+00:00, run_after=2026-06-30 17:00:00+00:00
[2026-06-30T16:57:00.554+0000] {processor.py:183} INFO - Processing /opt/airflow/dags/dag_tomorrowio.py took 2.708 seconds
[2026-06-30T16:57:31.067+0000] {processor.py:161} INFO - Started process (PID=16004) to work on /opt/airflow/dags/dag_tomorrowio.py
[2026-06-30T16:57:31.071+0000] {processor.py:830} INFO - Processing file /opt/airflow/dags/dag_tomorrowio.py for tasks to queue
[2026-06-30T16:57:31.077+0000] {logging_mixin.py:188} INFO - [2026-06-30T16:57:31.074+0000] {dagbag.py:545} INFO - Filling up the DagBag from /opt/airflow/dags/dag_tomorrowio.py
[2026-06-30T16:57:33.569+0000] {processor.py:840} INFO - DAG(s) 'tomorrowio_bronze_to_silver' retrieved from /opt/airflow/dags/dag_tomorrowio.py
[2026-06-30T16:57:33.692+0000] {logging_mixin.py:188} INFO - [2026-06-30T16:57:33.691+0000] {dag.py:3096} INFO - Sync 1 DAGs
[2026-06-30T16:57:33.764+0000] {logging_mixin.py:188} INFO - [2026-06-30T16:57:33.763+0000] {dag.py:3954} INFO - Setting next_dagrun for tomorrowio_bronze_to_silver to 2026-06-30 16:00:00+00:00, run_after=2026-06-30 17:00:00+00:00
[2026-06-30T16:57:33.836+0000] {processor.py:183} INFO - Processing /opt/airflow/dags/dag_tomorrowio.py took 2.804 seconds
[2026-06-30T16:58:04.202+0000] {processor.py:161} INFO - Started process (PID=16037) to work on /opt/airflow/dags/dag_tomorrowio.py
[2026-06-30T16:58:04.210+0000] {processor.py:830} INFO - Processing file /opt/airflow/dags/dag_tomorrowio.py for tasks to queue
[2026-06-30T16:58:04.215+0000] {logging_mixin.py:188} INFO - [2026-06-30T16:58:04.213+0000] {dagbag.py:545} INFO - Filling up the DagBag from /opt/airflow/dags/dag_tomorrowio.py
[2026-06-30T16:58:06.474+0000] {processor.py:840} INFO - DAG(s) 'tomorrowio_bronze_to_silver' retrieved from /opt/airflow/dags/dag_tomorrowio.py
[2026-06-30T16:58:06.686+0000] {logging_mixin.py:188} INFO - [2026-06-30T16:58:06.684+0000] {dag.py:3096} INFO - Sync 1 DAGs
[2026-06-30T16:58:06.768+0000] {logging_mixin.py:188} INFO - [2026-06-30T16:58:06.767+0000] {dag.py:3954} INFO - Setting next_dagrun for tomorrowio_bronze_to_silver to 2026-06-30 16:00:00+00:00, run_after=2026-06-30 17:00:00+00:00
[2026-06-30T16:58:06.830+0000] {processor.py:183} INFO - Processing /opt/airflow/dags/dag_tomorrowio.py took 2.675 seconds
[2026-06-30T16:58:37.492+0000] {processor.py:161} INFO - Started process (PID=16070) to work on /opt/airflow/dags/dag_tomorrowio.py
[2026-06-30T16:58:37.519+0000] {processor.py:830} INFO - Processing file /opt/airflow/dags/dag_tomorrowio.py for tasks to queue
[2026-06-30T16:58:37.526+0000] {logging_mixin.py:188} INFO - [2026-06-30T16:58:37.522+0000] {dagbag.py:545} INFO - Filling up the DagBag from /opt/airflow/dags/dag_tomorrowio.py
[2026-06-30T16:58:40.646+0000] {processor.py:840} INFO - DAG(s) 'tomorrowio_bronze_to_silver' retrieved from /opt/airflow/dags/dag_tomorrowio.py
[2026-06-30T16:58:40.753+0000] {logging_mixin.py:188} INFO - [2026-06-30T16:58:40.752+0000] {dag.py:3096} INFO - Sync 1 DAGs
[2026-06-30T16:58:40.862+0000] {logging_mixin.py:188} INFO - [2026-06-30T16:58:40.861+0000] {dag.py:3954} INFO - Setting next_dagrun for tomorrowio_bronze_to_silver to 2026-06-30 16:00:00+00:00, run_after=2026-06-30 17:00:00+00:00
[2026-06-30T16:58:40.915+0000] {processor.py:183} INFO - Processing /opt/airflow/dags/dag_tomorrowio.py took 3.453 seconds
[2026-06-30T16:59:12.238+0000] {processor.py:161} INFO - Started process (PID=16103) to work on /opt/airflow/dags/dag_tomorrowio.py
[2026-06-30T16:59:12.245+0000] {processor.py:830} INFO - Processing file /opt/airflow/dags/dag_tomorrowio.py for tasks to queue
[2026-06-30T16:59:12.248+0000] {logging_mixin.py:188} INFO - [2026-06-30T16:59:12.247+0000] {dagbag.py:545} INFO - Filling up the DagBag from /opt/airflow/dags/dag_tomorrowio.py
[2026-06-30T16:59:14.562+0000] {processor.py:840} INFO - DAG(s) 'tomorrowio_bronze_to_silver' retrieved from /opt/airflow/dags/dag_tomorrowio.py
[2026-06-30T16:59:14.669+0000] {logging_mixin.py:188} INFO - [2026-06-30T16:59:14.667+0000] {dag.py:3096} INFO - Sync 1 DAGs
[2026-06-30T16:59:14.769+0000] {logging_mixin.py:188} INFO - [2026-06-30T16:59:14.768+0000] {dag.py:3954} INFO - Setting next_dagrun for tomorrowio_bronze_to_silver to 2026-06-30 16:00:00+00:00, run_after=2026-06-30 17:00:00+00:00
[2026-06-30T16:59:14.824+0000] {processor.py:183} INFO - Processing /opt/airflow/dags/dag_tomorrowio.py took 2.632 seconds
[2026-06-30T16:59:45.509+0000] {processor.py:161} INFO - Started process (PID=16136) to work on /opt/airflow/dags/dag_tomorrowio.py
[2026-06-30T16:59:45.516+0000] {processor.py:830} INFO - Processing file /opt/airflow/dags/dag_tomorrowio.py for tasks to queue
[2026-06-30T16:59:45.520+0000] {logging_mixin.py:188} INFO - [2026-06-30T16:59:45.518+0000] {dagbag.py:545} INFO - Filling up the DagBag from /opt/airflow/dags/dag_tomorrowio.py
[2026-06-30T16:59:47.691+0000] {processor.py:840} INFO - DAG(s) 'tomorrowio_bronze_to_silver' retrieved from /opt/airflow/dags/dag_tomorrowio.py
[2026-06-30T16:59:47.799+0000] {logging_mixin.py:188} INFO - [2026-06-30T16:59:47.798+0000] {dag.py:3096} INFO - Sync 1 DAGs
[2026-06-30T16:59:47.859+0000] {logging_mixin.py:188} INFO - [2026-06-30T16:59:47.858+0000] {dag.py:3954} INFO - Setting next_dagrun for tomorrowio_bronze_to_silver to 2026-06-30 16:00:00+00:00, run_after=2026-06-30 17:00:00+00:00
[2026-06-30T16:59:47.900+0000] {processor.py:183} INFO - Processing /opt/airflow/dags/dag_tomorrowio.py took 2.420 seconds
[2026-06-30T17:00:18.570+0000] {processor.py:161} INFO - Started process (PID=16185) to work on /opt/airflow/dags/dag_tomorrowio.py
[2026-06-30T17:00:18.582+0000] {processor.py:830} INFO - Processing file /opt/airflow/dags/dag_tomorrowio.py for tasks to queue
[2026-06-30T17:00:18.591+0000] {logging_mixin.py:188} INFO - [2026-06-30T17:00:18.585+0000] {dagbag.py:545} INFO - Filling up the DagBag from /opt/airflow/dags/dag_tomorrowio.py
[2026-06-30T17:00:20.971+0000] {processor.py:840} INFO - DAG(s) 'tomorrowio_bronze_to_silver' retrieved from /opt/airflow/dags/dag_tomorrowio.py
[2026-06-30T17:00:21.096+0000] {logging_mixin.py:188} INFO - [2026-06-30T17:00:21.094+0000] {dag.py:3096} INFO - Sync 1 DAGs
[2026-06-30T17:00:21.207+0000] {logging_mixin.py:188} INFO - [2026-06-30T17:00:21.206+0000] {dag.py:3954} INFO - Setting next_dagrun for tomorrowio_bronze_to_silver to 2026-06-30 17:00:00+00:00, run_after=2026-06-30 18:00:00+00:00
[2026-06-30T17:00:21.274+0000] {processor.py:183} INFO - Processing /opt/airflow/dags/dag_tomorrowio.py took 2.759 seconds
[2026-06-30T17:00:52.157+0000] {processor.py:161} INFO - Started process (PID=16219) to work on /opt/airflow/dags/dag_tomorrowio.py
[2026-06-30T17:00:52.162+0000] {processor.py:830} INFO - Processing file /opt/airflow/dags/dag_tomorrowio.py for tasks to queue
[2026-06-30T17:00:52.167+0000] {logging_mixin.py:188} INFO - [2026-06-30T17:00:52.165+0000] {dagbag.py:545} INFO - Filling up the DagBag from /opt/airflow/dags/dag_tomorrowio.py
[2026-06-30T17:00:54.940+0000] {processor.py:840} INFO - DAG(s) 'tomorrowio_bronze_to_silver' retrieved from /opt/airflow/dags/dag_tomorrowio.py
[2026-06-30T17:00:55.059+0000] {logging_mixin.py:188} INFO - [2026-06-30T17:00:55.057+0000] {dag.py:3096} INFO - Sync 1 DAGs
[2026-06-30T17:00:55.155+0000] {logging_mixin.py:188} INFO - [2026-06-30T17:00:55.155+0000] {dag.py:3954} INFO - Setting next_dagrun for tomorrowio_bronze_to_silver to 2026-06-30 17:00:00+00:00, run_after=2026-06-30 18:00:00+00:00
[2026-06-30T17:00:55.208+0000] {processor.py:183} INFO - Processing /opt/airflow/dags/dag_tomorrowio.py took 3.091 seconds
[2026-06-30T17:01:25.728+0000] {processor.py:161} INFO - Started process (PID=16252) to work on /opt/airflow/dags/dag_tomorrowio.py
[2026-06-30T17:01:25.742+0000] {processor.py:830} INFO - Processing file /opt/airflow/dags/dag_tomorrowio.py for tasks to queue
[2026-06-30T17:01:25.746+0000] {logging_mixin.py:188} INFO - [2026-06-30T17:01:25.744+0000] {dagbag.py:545} INFO - Filling up the DagBag from /opt/airflow/dags/dag_tomorrowio.py
[2026-06-30T17:01:27.689+0000] {processor.py:840} INFO - DAG(s) 'tomorrowio_bronze_to_silver' retrieved from /opt/airflow/dags/dag_tomorrowio.py
[2026-06-30T17:01:27.831+0000] {logging_mixin.py:188} INFO - [2026-06-30T17:01:27.829+0000] {dag.py:3096} INFO - Sync 1 DAGs
[2026-06-30T17:01:27.920+0000] {logging_mixin.py:188} INFO - [2026-06-30T17:01:27.920+0000] {dag.py:3954} INFO - Setting next_dagrun for tomorrowio_bronze_to_silver to 2026-06-30 17:00:00+00:00, run_after=2026-06-30 18:00:00+00:00
[2026-06-30T17:01:27.974+0000] {processor.py:183} INFO - Processing /opt/airflow/dags/dag_tomorrowio.py took 2.284 seconds
[2026-06-30T17:01:58.481+0000] {processor.py:161} INFO - Started process (PID=16285) to work on /opt/airflow/dags/dag_tomorrowio.py
[2026-06-30T17:01:58.483+0000] {processor.py:830} INFO - Processing file /opt/airflow/dags/dag_tomorrowio.py for tasks to queue
[2026-06-30T17:01:58.486+0000] {logging_mixin.py:188} INFO - [2026-06-30T17:01:58.485+0000] {dagbag.py:545} INFO - Filling up the DagBag from /opt/airflow/dags/dag_tomorrowio.py
[2026-06-30T17:02:01.221+0000] {processor.py:840} INFO - DAG(s) 'tomorrowio_bronze_to_silver' retrieved from /opt/airflow/dags/dag_tomorrowio.py
[2026-06-30T17:02:01.349+0000] {logging_mixin.py:188} INFO - [2026-06-30T17:02:01.348+0000] {dag.py:3096} INFO - Sync 1 DAGs
[2026-06-30T17:02:01.452+0000] {logging_mixin.py:188} INFO - [2026-06-30T17:02:01.450+0000] {dag.py:3954} INFO - Setting next_dagrun for tomorrowio_bronze_to_silver to 2026-06-30 17:00:00+00:00, run_after=2026-06-30 18:00:00+00:00
[2026-06-30T17:02:01.540+0000] {processor.py:183} INFO - Processing /opt/airflow/dags/dag_tomorrowio.py took 3.082 seconds
[2026-06-30T17:02:32.575+0000] {processor.py:161} INFO - Started process (PID=16316) to work on /opt/airflow/dags/dag_tomorrowio.py
[2026-06-30T17:02:32.579+0000] {processor.py:830} INFO - Processing file /opt/airflow/dags/dag_tomorrowio.py for tasks to queue
[2026-06-30T17:02:32.582+0000] {logging_mixin.py:188} INFO - [2026-06-30T17:02:32.581+0000] {dagbag.py:545} INFO - Filling up the DagBag from /opt/airflow/dags/dag_tomorrowio.py
[2026-06-30T17:02:35.054+0000] {processor.py:840} INFO - DAG(s) 'tomorrowio_bronze_to_silver' retrieved from /opt/airflow/dags/dag_tomorrowio.py
[2026-06-30T17:02:35.175+0000] {logging_mixin.py:188} INFO - [2026-06-30T17:02:35.173+0000] {dag.py:3096} INFO - Sync 1 DAGs
[2026-06-30T17:02:35.248+0000] {logging_mixin.py:188} INFO - [2026-06-30T17:02:35.247+0000] {dag.py:3954} INFO - Setting next_dagrun for tomorrowio_bronze_to_silver to 2026-06-30 17:00:00+00:00, run_after=2026-06-30 18:00:00+00:00
[2026-06-30T17:02:35.305+0000] {processor.py:183} INFO - Processing /opt/airflow/dags/dag_tomorrowio.py took 2.762 seconds
[2026-06-30T17:03:08.132+0000] {processor.py:161} INFO - Started process (PID=16349) to work on /opt/airflow/dags/dag_tomorrowio.py
[2026-06-30T17:03:08.135+0000] {processor.py:830} INFO - Processing file /opt/airflow/dags/dag_tomorrowio.py for tasks to queue
[2026-06-30T17:03:08.137+0000] {logging_mixin.py:188} INFO - [2026-06-30T17:03:08.137+0000] {dagbag.py:545} INFO - Filling up the DagBag from /opt/airflow/dags/dag_tomorrowio.py
[2026-06-30T17:03:11.011+0000] {processor.py:840} INFO - DAG(s) 'tomorrowio_bronze_to_silver' retrieved from /opt/airflow/dags/dag_tomorrowio.py
[2026-06-30T17:03:11.141+0000] {logging_mixin.py:188} INFO - [2026-06-30T17:03:11.140+0000] {dag.py:3096} INFO - Sync 1 DAGs
[2026-06-30T17:03:11.234+0000] {logging_mixin.py:188} INFO - [2026-06-30T17:03:11.232+0000] {dag.py:3954} INFO - Setting next_dagrun for tomorrowio_bronze_to_silver to 2026-06-30 17:00:00+00:00, run_after=2026-06-30 18:00:00+00:00
[2026-06-30T17:03:11.304+0000] {processor.py:183} INFO - Processing /opt/airflow/dags/dag_tomorrowio.py took 3.191 seconds
[2026-06-30T17:03:42.466+0000] {processor.py:161} INFO - Started process (PID=16377) to work on /opt/airflow/dags/dag_tomorrowio.py
[2026-06-30T17:03:42.470+0000] {processor.py:830} INFO - Processing file /opt/airflow/dags/dag_tomorrowio.py for tasks to queue
[2026-06-30T17:03:42.473+0000] {logging_mixin.py:188} INFO - [2026-06-30T17:03:42.472+0000] {dagbag.py:545} INFO - Filling up the DagBag from /opt/airflow/dags/dag_tomorrowio.py
[2026-06-30T17:03:45.361+0000] {processor.py:840} INFO - DAG(s) 'tomorrowio_bronze_to_silver' retrieved from /opt/airflow/dags/dag_tomorrowio.py
[2026-06-30T17:03:45.487+0000] {logging_mixin.py:188} INFO - [2026-06-30T17:03:45.486+0000] {dag.py:3096} INFO - Sync 1 DAGs
[2026-06-30T17:03:45.563+0000] {logging_mixin.py:188} INFO - [2026-06-30T17:03:45.563+0000] {dag.py:3954} INFO - Setting next_dagrun for tomorrowio_bronze_to_silver to 2026-06-30 17:00:00+00:00, run_after=2026-06-30 18:00:00+00:00
[2026-06-30T17:03:45.608+0000] {processor.py:183} INFO - Processing /opt/airflow/dags/dag_tomorrowio.py took 3.190 seconds
[2026-06-30T17:04:17.561+0000] {processor.py:161} INFO - Started process (PID=16410) to work on /opt/airflow/dags/dag_tomorrowio.py
[2026-06-30T17:04:17.568+0000] {processor.py:830} INFO - Processing file /opt/airflow/dags/dag_tomorrowio.py for tasks to queue
[2026-06-30T17:04:17.572+0000] {logging_mixin.py:188} INFO - [2026-06-30T17:04:17.571+0000] {dagbag.py:545} INFO - Filling up the DagBag from /opt/airflow/dags/dag_tomorrowio.py
[2026-06-30T17:04:21.613+0000] {processor.py:840} INFO - DAG(s) 'tomorrowio_bronze_to_silver' retrieved from /opt/airflow/dags/dag_tomorrowio.py
[2026-06-30T17:04:21.738+0000] {logging_mixin.py:188} INFO - [2026-06-30T17:04:21.736+0000] {dag.py:3096} INFO - Sync 1 DAGs
[2026-06-30T17:04:21.806+0000] {logging_mixin.py:188} INFO - [2026-06-30T17:04:21.805+0000] {dag.py:3954} INFO - Setting next_dagrun for tomorrowio_bronze_to_silver to 2026-06-30 17:00:00+00:00, run_after=2026-06-30 18:00:00+00:00
[2026-06-30T17:04:21.878+0000] {processor.py:183} INFO - Processing /opt/airflow/dags/dag_tomorrowio.py took 4.362 seconds
[2026-06-30T17:04:52.418+0000] {processor.py:161} INFO - Started process (PID=16450) to work on /opt/airflow/dags/dag_tomorrowio.py
[2026-06-30T17:04:52.425+0000] {processor.py:830} INFO - Processing file /opt/airflow/dags/dag_tomorrowio.py for tasks to queue
[2026-06-30T17:04:52.441+0000] {logging_mixin.py:188} INFO - [2026-06-30T17:04:52.439+0000] {dagbag.py:545} INFO - Filling up the DagBag from /opt/airflow/dags/dag_tomorrowio.py
[2026-06-30T17:04:55.818+0000] {processor.py:840} INFO - DAG(s) 'tomorrowio_bronze_to_silver' retrieved from /opt/airflow/dags/dag_tomorrowio.py
[2026-06-30T17:04:55.931+0000] {logging_mixin.py:188} INFO - [2026-06-30T17:04:55.930+0000] {dag.py:3096} INFO - Sync 1 DAGs
[2026-06-30T17:04:56.229+0000] {logging_mixin.py:188} INFO - [2026-06-30T17:04:56.223+0000] {dag.py:3954} INFO - Setting next_dagrun for tomorrowio_bronze_to_silver to 2026-06-30 17:00:00+00:00, run_after=2026-06-30 18:00:00+00:00
[2026-06-30T17:04:56.340+0000] {processor.py:183} INFO - Processing /opt/airflow/dags/dag_tomorrowio.py took 3.970 seconds
[2026-06-30T17:05:27.008+0000] {processor.py:161} INFO - Started process (PID=16487) to work on /opt/airflow/dags/dag_tomorrowio.py
[2026-06-30T17:05:27.011+0000] {processor.py:830} INFO - Processing file /opt/airflow/dags/dag_tomorrowio.py for tasks to queue
[2026-06-30T17:05:27.012+0000] {logging_mixin.py:188} INFO - [2026-06-30T17:05:27.012+0000] {dagbag.py:545} INFO - Filling up the DagBag from /opt/airflow/dags/dag_tomorrowio.py
[2026-06-30T17:05:28.961+0000] {processor.py:840} INFO - DAG(s) 'tomorrowio_bronze_to_silver' retrieved from /opt/airflow/dags/dag_tomorrowio.py
[2026-06-30T17:05:29.104+0000] {logging_mixin.py:188} INFO - [2026-06-30T17:05:29.102+0000] {dag.py:3096} INFO - Sync 1 DAGs
[2026-06-30T17:05:29.189+0000] {logging_mixin.py:188} INFO - [2026-06-30T17:05:29.189+0000] {dag.py:3954} INFO - Setting next_dagrun for tomorrowio_bronze_to_silver to 2026-06-30 17:00:00+00:00, run_after=2026-06-30 18:00:00+00:00
[2026-06-30T17:05:29.248+0000] {processor.py:183} INFO - Processing /opt/airflow/dags/dag_tomorrowio.py took 2.254 seconds
[2026-06-30T17:06:01.203+0000] {processor.py:161} INFO - Started process (PID=16518) to work on /opt/airflow/dags/dag_tomorrowio.py
[2026-06-30T17:06:01.214+0000] {processor.py:830} INFO - Processing file /opt/airflow/dags/dag_tomorrowio.py for tasks to queue
[2026-06-30T17:06:01.228+0000] {logging_mixin.py:188} INFO - [2026-06-30T17:06:01.227+0000] {dagbag.py:545} INFO - Filling up the DagBag from /opt/airflow/dags/dag_tomorrowio.py
[2026-06-30T17:06:06.030+0000] {processor.py:840} INFO - DAG(s) 'tomorrowio_bronze_to_silver' retrieved from /opt/airflow/dags/dag_tomorrowio.py
[2026-06-30T17:06:06.236+0000] {logging_mixin.py:188} INFO - [2026-06-30T17:06:06.234+0000] {dag.py:3096} INFO - Sync 1 DAGs
[2026-06-30T17:06:06.470+0000] {logging_mixin.py:188} INFO - [2026-06-30T17:06:06.468+0000] {dag.py:3954} INFO - Setting next_dagrun for tomorrowio_bronze_to_silver to 2026-06-30 17:00:00+00:00, run_after=2026-06-30 18:00:00+00:00
[2026-06-30T17:06:06.574+0000] {processor.py:183} INFO - Processing /opt/airflow/dags/dag_tomorrowio.py took 5.408 seconds
[2026-06-30T17:06:37.253+0000] {processor.py:161} INFO - Started process (PID=16553) to work on /opt/airflow/dags/dag_tomorrowio.py
[2026-06-30T17:06:37.259+0000] {processor.py:830} INFO - Processing file /opt/airflow/dags/dag_tomorrowio.py for tasks to queue
[2026-06-30T17:06:37.261+0000] {logging_mixin.py:188} INFO - [2026-06-30T17:06:37.260+0000] {dagbag.py:545} INFO - Filling up the DagBag from /opt/airflow/dags/dag_tomorrowio.py
[2026-06-30T17:06:39.628+0000] {processor.py:840} INFO - DAG(s) 'tomorrowio_bronze_to_silver' retrieved from /opt/airflow/dags/dag_tomorrowio.py
[2026-06-30T17:06:39.726+0000] {logging_mixin.py:188} INFO - [2026-06-30T17:06:39.724+0000] {dag.py:3096} INFO - Sync 1 DAGs
[2026-06-30T17:06:39.789+0000] {logging_mixin.py:188} INFO - [2026-06-30T17:06:39.788+0000] {dag.py:3954} INFO - Setting next_dagrun for tomorrowio_bronze_to_silver to 2026-06-30 17:00:00+00:00, run_after=2026-06-30 18:00:00+00:00
[2026-06-30T17:06:39.838+0000] {processor.py:183} INFO - Processing /opt/airflow/dags/dag_tomorrowio.py took 2.623 seconds
[2026-06-30T17:07:10.440+0000] {processor.py:161} INFO - Started process (PID=16579) to work on /opt/airflow/dags/dag_tomorrowio.py
[2026-06-30T17:07:10.445+0000] {processor.py:830} INFO - Processing file /opt/airflow/dags/dag_tomorrowio.py for tasks to queue
[2026-06-30T17:07:10.448+0000] {logging_mixin.py:188} INFO - [2026-06-30T17:07:10.447+0000] {dagbag.py:545} INFO - Filling up the DagBag from /opt/airflow/dags/dag_tomorrowio.py
[2026-06-30T17:07:13.512+0000] {processor.py:840} INFO - DAG(s) 'tomorrowio_bronze_to_silver' retrieved from /opt/airflow/dags/dag_tomorrowio.py
[2026-06-30T17:07:13.636+0000] {logging_mixin.py:188} INFO - [2026-06-30T17:07:13.627+0000] {dag.py:3096} INFO - Sync 1 DAGs
[2026-06-30T17:07:13.733+0000] {logging_mixin.py:188} INFO - [2026-06-30T17:07:13.731+0000] {dag.py:3954} INFO - Setting next_dagrun for tomorrowio_bronze_to_silver to 2026-06-30 17:00:00+00:00, run_after=2026-06-30 18:00:00+00:00
[2026-06-30T17:07:13.808+0000] {processor.py:183} INFO - Processing /opt/airflow/dags/dag_tomorrowio.py took 3.403 seconds
[2026-06-30T17:07:45.571+0000] {processor.py:161} INFO - Started process (PID=16614) to work on /opt/airflow/dags/dag_tomorrowio.py
[2026-06-30T17:07:45.576+0000] {processor.py:830} INFO - Processing file /opt/airflow/dags/dag_tomorrowio.py for tasks to queue
[2026-06-30T17:07:45.580+0000] {logging_mixin.py:188} INFO - [2026-06-30T17:07:45.579+0000] {dagbag.py:545} INFO - Filling up the DagBag from /opt/airflow/dags/dag_tomorrowio.py
[2026-06-30T17:07:48.231+0000] {processor.py:840} INFO - DAG(s) 'tomorrowio_bronze_to_silver' retrieved from /opt/airflow/dags/dag_tomorrowio.py
[2026-06-30T17:07:48.359+0000] {logging_mixin.py:188} INFO - [2026-06-30T17:07:48.357+0000] {dag.py:3096} INFO - Sync 1 DAGs
[2026-06-30T17:07:48.445+0000] {logging_mixin.py:188} INFO - [2026-06-30T17:07:48.445+0000] {dag.py:3954} INFO - Setting next_dagrun for tomorrowio_bronze_to_silver to 2026-06-30 17:00:00+00:00, run_after=2026-06-30 18:00:00+00:00
[2026-06-30T17:07:48.499+0000] {processor.py:183} INFO - Processing /opt/airflow/dags/dag_tomorrowio.py took 2.969 seconds
[2026-06-30T17:08:20.028+0000] {processor.py:161} INFO - Started process (PID=16647) to work on /opt/airflow/dags/dag_tomorrowio.py
[2026-06-30T17:08:20.043+0000] {processor.py:830} INFO - Processing file /opt/airflow/dags/dag_tomorrowio.py for tasks to queue
[2026-06-30T17:08:20.048+0000] {logging_mixin.py:188} INFO - [2026-06-30T17:08:20.047+0000] {dagbag.py:545} INFO - Filling up the DagBag from /opt/airflow/dags/dag_tomorrowio.py
[2026-06-30T17:08:23.164+0000] {processor.py:840} INFO - DAG(s) 'tomorrowio_bronze_to_silver' retrieved from /opt/airflow/dags/dag_tomorrowio.py
[2026-06-30T17:08:23.287+0000] {logging_mixin.py:188} INFO - [2026-06-30T17:08:23.286+0000] {dag.py:3096} INFO - Sync 1 DAGs
[2026-06-30T17:08:23.385+0000] {logging_mixin.py:188} INFO - [2026-06-30T17:08:23.384+0000] {dag.py:3954} INFO - Setting next_dagrun for tomorrowio_bronze_to_silver to 2026-06-30 17:00:00+00:00, run_after=2026-06-30 18:00:00+00:00
[2026-06-30T17:08:23.452+0000] {processor.py:183} INFO - Processing /opt/airflow/dags/dag_tomorrowio.py took 3.476 seconds
[2026-06-30T17:08:56.864+0000] {processor.py:161} INFO - Started process (PID=16683) to work on /opt/airflow/dags/dag_tomorrowio.py
[2026-06-30T17:08:56.868+0000] {processor.py:830} INFO - Processing file /opt/airflow/dags/dag_tomorrowio.py for tasks to queue
[2026-06-30T17:08:56.871+0000] {logging_mixin.py:188} INFO - [2026-06-30T17:08:56.870+0000] {dagbag.py:545} INFO - Filling up the DagBag from /opt/airflow/dags/dag_tomorrowio.py
[2026-06-30T17:08:59.564+0000] {processor.py:840} INFO - DAG(s) 'tomorrowio_bronze_to_silver' retrieved from /opt/airflow/dags/dag_tomorrowio.py
[2026-06-30T17:08:59.665+0000] {logging_mixin.py:188} INFO - [2026-06-30T17:08:59.664+0000] {dag.py:3096} INFO - Sync 1 DAGs
[2026-06-30T17:08:59.732+0000] {logging_mixin.py:188} INFO - [2026-06-30T17:08:59.731+0000] {dag.py:3954} INFO - Setting next_dagrun for tomorrowio_bronze_to_silver to 2026-06-30 17:00:00+00:00, run_after=2026-06-30 18:00:00+00:00
[2026-06-30T17:08:59.780+0000] {processor.py:183} INFO - Processing /opt/airflow/dags/dag_tomorrowio.py took 2.947 seconds
[2026-06-30T17:09:31.856+0000] {processor.py:161} INFO - Started process (PID=16713) to work on /opt/airflow/dags/dag_tomorrowio.py
[2026-06-30T17:09:31.859+0000] {processor.py:830} INFO - Processing file /opt/airflow/dags/dag_tomorrowio.py for tasks to queue
[2026-06-30T17:09:31.862+0000] {logging_mixin.py:188} INFO - [2026-06-30T17:09:31.861+0000] {dagbag.py:545} INFO - Filling up the DagBag from /opt/airflow/dags/dag_tomorrowio.py
[2026-06-30T17:09:34.671+0000] {processor.py:840} INFO - DAG(s) 'tomorrowio_bronze_to_silver' retrieved from /opt/airflow/dags/dag_tomorrowio.py
[2026-06-30T17:09:34.822+0000] {logging_mixin.py:188} INFO - [2026-06-30T17:09:34.821+0000] {dag.py:3096} INFO - Sync 1 DAGs
[2026-06-30T17:09:34.915+0000] {logging_mixin.py:188} INFO - [2026-06-30T17:09:34.914+0000] {dag.py:3954} INFO - Setting next_dagrun for tomorrowio_bronze_to_silver to 2026-06-30 17:00:00+00:00, run_after=2026-06-30 18:00:00+00:00
[2026-06-30T17:09:34.984+0000] {processor.py:183} INFO - Processing /opt/airflow/dags/dag_tomorrowio.py took 3.145 seconds
[2026-06-30T17:10:07.092+0000] {processor.py:161} INFO - Started process (PID=16749) to work on /opt/airflow/dags/dag_tomorrowio.py
[2026-06-30T17:10:07.104+0000] {processor.py:830} INFO - Processing file /opt/airflow/dags/dag_tomorrowio.py for tasks to queue
[2026-06-30T17:10:07.107+0000] {logging_mixin.py:188} INFO - [2026-06-30T17:10:07.106+0000] {dagbag.py:545} INFO - Filling up the DagBag from /opt/airflow/dags/dag_tomorrowio.py
[2026-06-30T17:10:10.452+0000] {processor.py:840} INFO - DAG(s) 'tomorrowio_bronze_to_silver' retrieved from /opt/airflow/dags/dag_tomorrowio.py
[2026-06-30T17:10:10.603+0000] {logging_mixin.py:188} INFO - [2026-06-30T17:10:10.601+0000] {dag.py:3096} INFO - Sync 1 DAGs
[2026-06-30T17:10:10.727+0000] {logging_mixin.py:188} INFO - [2026-06-30T17:10:10.726+0000] {dag.py:3954} INFO - Setting next_dagrun for tomorrowio_bronze_to_silver to 2026-06-30 17:00:00+00:00, run_after=2026-06-30 18:00:00+00:00
[2026-06-30T17:10:10.842+0000] {processor.py:183} INFO - Processing /opt/airflow/dags/dag_tomorrowio.py took 3.775 seconds
[2026-06-30T17:10:43.133+0000] {processor.py:161} INFO - Started process (PID=16784) to work on /opt/airflow/dags/dag_tomorrowio.py
[2026-06-30T17:10:43.136+0000] {processor.py:830} INFO - Processing file /opt/airflow/dags/dag_tomorrowio.py for tasks to queue
[2026-06-30T17:10:43.139+0000] {logging_mixin.py:188} INFO - [2026-06-30T17:10:43.138+0000] {dagbag.py:545} INFO - Filling up the DagBag from /opt/airflow/dags/dag_tomorrowio.py
[2026-06-30T17:10:45.540+0000] {processor.py:840} INFO - DAG(s) 'tomorrowio_bronze_to_silver' retrieved from /opt/airflow/dags/dag_tomorrowio.py
[2026-06-30T17:10:45.682+0000] {logging_mixin.py:188} INFO - [2026-06-30T17:10:45.680+0000] {dag.py:3096} INFO - Sync 1 DAGs
[2026-06-30T17:10:45.780+0000] {logging_mixin.py:188} INFO - [2026-06-30T17:10:45.779+0000] {dag.py:3954} INFO - Setting next_dagrun for tomorrowio_bronze_to_silver to 2026-06-30 17:00:00+00:00, run_after=2026-06-30 18:00:00+00:00
[2026-06-30T17:10:45.834+0000] {processor.py:183} INFO - Processing /opt/airflow/dags/dag_tomorrowio.py took 2.724 seconds
[2026-06-30T17:11:17.140+0000] {processor.py:161} INFO - Started process (PID=16817) to work on /opt/airflow/dags/dag_tomorrowio.py
[2026-06-30T17:11:17.145+0000] {processor.py:830} INFO - Processing file /opt/airflow/dags/dag_tomorrowio.py for tasks to queue
[2026-06-30T17:11:17.147+0000] {logging_mixin.py:188} INFO - [2026-06-30T17:11:17.146+0000] {dagbag.py:545} INFO - Filling up the DagBag from /opt/airflow/dags/dag_tomorrowio.py
[2026-06-30T17:11:20.489+0000] {processor.py:840} INFO - DAG(s) 'tomorrowio_bronze_to_silver' retrieved from /opt/airflow/dags/dag_tomorrowio.py
[2026-06-30T17:11:20.617+0000] {logging_mixin.py:188} INFO - [2026-06-30T17:11:20.615+0000] {dag.py:3096} INFO - Sync 1 DAGs
[2026-06-30T17:11:20.697+0000] {logging_mixin.py:188} INFO - [2026-06-30T17:11:20.697+0000] {dag.py:3954} INFO - Setting next_dagrun for tomorrowio_bronze_to_silver to 2026-06-30 17:00:00+00:00, run_after=2026-06-30 18:00:00+00:00
[2026-06-30T17:11:20.754+0000] {processor.py:183} INFO - Processing /opt/airflow/dags/dag_tomorrowio.py took 3.651 seconds
[2026-06-30T17:11:52.734+0000] {processor.py:161} INFO - Started process (PID=16850) to work on /opt/airflow/dags/dag_tomorrowio.py
[2026-06-30T17:11:52.739+0000] {processor.py:830} INFO - Processing file /opt/airflow/dags/dag_tomorrowio.py for tasks to queue
[2026-06-30T17:11:52.742+0000] {logging_mixin.py:188} INFO - [2026-06-30T17:11:52.741+0000] {dagbag.py:545} INFO - Filling up the DagBag from /opt/airflow/dags/dag_tomorrowio.py
[2026-06-30T17:11:55.429+0000] {processor.py:840} INFO - DAG(s) 'tomorrowio_bronze_to_silver' retrieved from /opt/airflow/dags/dag_tomorrowio.py
[2026-06-30T17:11:55.542+0000] {logging_mixin.py:188} INFO - [2026-06-30T17:11:55.541+0000] {dag.py:3096} INFO - Sync 1 DAGs
[2026-06-30T17:11:55.620+0000] {logging_mixin.py:188} INFO - [2026-06-30T17:11:55.620+0000] {dag.py:3954} INFO - Setting next_dagrun for tomorrowio_bronze_to_silver to 2026-06-30 17:00:00+00:00, run_after=2026-06-30 18:00:00+00:00
[2026-06-30T17:11:55.681+0000] {processor.py:183} INFO - Processing /opt/airflow/dags/dag_tomorrowio.py took 2.982 seconds
[2026-06-30T17:12:27.188+0000] {processor.py:161} INFO - Started process (PID=16883) to work on /opt/airflow/dags/dag_tomorrowio.py
[2026-06-30T17:12:27.193+0000] {processor.py:830} INFO - Processing file /opt/airflow/dags/dag_tomorrowio.py for tasks to queue
[2026-06-30T17:12:27.198+0000] {logging_mixin.py:188} INFO - [2026-06-30T17:12:27.197+0000] {dagbag.py:545} INFO - Filling up the DagBag from /opt/airflow/dags/dag_tomorrowio.py
[2026-06-30T17:12:30.398+0000] {processor.py:840} INFO - DAG(s) 'tomorrowio_bronze_to_silver' retrieved from /opt/airflow/dags/dag_tomorrowio.py
[2026-06-30T17:12:30.594+0000] {logging_mixin.py:188} INFO - [2026-06-30T17:12:30.592+0000] {dag.py:3096} INFO - Sync 1 DAGs
[2026-06-30T17:12:30.701+0000] {logging_mixin.py:188} INFO - [2026-06-30T17:12:30.700+0000] {dag.py:3954} INFO - Setting next_dagrun for tomorrowio_bronze_to_silver to 2026-06-30 17:00:00+00:00, run_after=2026-06-30 18:00:00+00:00
[2026-06-30T17:12:30.782+0000] {processor.py:183} INFO - Processing /opt/airflow/dags/dag_tomorrowio.py took 3.636 seconds
[2026-06-30T17:13:01.379+0000] {processor.py:161} INFO - Started process (PID=16916) to work on /opt/airflow/dags/dag_tomorrowio.py
[2026-06-30T17:13:01.382+0000] {processor.py:830} INFO - Processing file /opt/airflow/dags/dag_tomorrowio.py for tasks to queue
[2026-06-30T17:13:01.387+0000] {logging_mixin.py:188} INFO - [2026-06-30T17:13:01.386+0000] {dagbag.py:545} INFO - Filling up the DagBag from /opt/airflow/dags/dag_tomorrowio.py
[2026-06-30T17:13:05.402+0000] {processor.py:840} INFO - DAG(s) 'tomorrowio_bronze_to_silver' retrieved from /opt/airflow/dags/dag_tomorrowio.py
[2026-06-30T17:13:05.542+0000] {logging_mixin.py:188} INFO - [2026-06-30T17:13:05.541+0000] {dag.py:3096} INFO - Sync 1 DAGs
[2026-06-30T17:13:05.641+0000] {logging_mixin.py:188} INFO - [2026-06-30T17:13:05.641+0000] {dag.py:3954} INFO - Setting next_dagrun for tomorrowio_bronze_to_silver to 2026-06-30 17:00:00+00:00, run_after=2026-06-30 18:00:00+00:00
[2026-06-30T17:13:05.701+0000] {processor.py:183} INFO - Processing /opt/airflow/dags/dag_tomorrowio.py took 4.360 seconds
[2026-06-30T17:13:36.702+0000] {processor.py:161} INFO - Started process (PID=16954) to work on /opt/airflow/dags/dag_tomorrowio.py
[2026-06-30T17:13:36.705+0000] {processor.py:830} INFO - Processing file /opt/airflow/dags/dag_tomorrowio.py for tasks to queue
[2026-06-30T17:13:36.707+0000] {logging_mixin.py:188} INFO - [2026-06-30T17:13:36.706+0000] {dagbag.py:545} INFO - Filling up the DagBag from /opt/airflow/dags/dag_tomorrowio.py
[2026-06-30T17:13:38.822+0000] {processor.py:840} INFO - DAG(s) 'tomorrowio_bronze_to_silver' retrieved from /opt/airflow/dags/dag_tomorrowio.py
[2026-06-30T17:13:38.966+0000] {logging_mixin.py:188} INFO - [2026-06-30T17:13:38.964+0000] {dag.py:3096} INFO - Sync 1 DAGs
[2026-06-30T17:13:39.121+0000] {logging_mixin.py:188} INFO - [2026-06-30T17:13:39.120+0000] {dag.py:3954} INFO - Setting next_dagrun for tomorrowio_bronze_to_silver to 2026-06-30 17:00:00+00:00, run_after=2026-06-30 18:00:00+00:00
[2026-06-30T17:13:39.183+0000] {processor.py:183} INFO - Processing /opt/airflow/dags/dag_tomorrowio.py took 2.507 seconds
[2026-06-30T17:14:09.747+0000] {processor.py:161} INFO - Started process (PID=16987) to work on /opt/airflow/dags/dag_tomorrowio.py
[2026-06-30T17:14:09.751+0000] {processor.py:830} INFO - Processing file /opt/airflow/dags/dag_tomorrowio.py for tasks to queue
[2026-06-30T17:14:09.753+0000] {logging_mixin.py:188} INFO - [2026-06-30T17:14:09.752+0000] {dagbag.py:545} INFO - Filling up the DagBag from /opt/airflow/dags/dag_tomorrowio.py
[2026-06-30T17:14:12.812+0000] {processor.py:840} INFO - DAG(s) 'tomorrowio_bronze_to_silver' retrieved from /opt/airflow/dags/dag_tomorrowio.py
[2026-06-30T17:14:12.915+0000] {logging_mixin.py:188} INFO - [2026-06-30T17:14:12.914+0000] {dag.py:3096} INFO - Sync 1 DAGs
[2026-06-30T17:14:12.958+0000] {logging_mixin.py:188} INFO - [2026-06-30T17:14:12.958+0000] {dag.py:3954} INFO - Setting next_dagrun for tomorrowio_bronze_to_silver to 2026-06-30 17:00:00+00:00, run_after=2026-06-30 18:00:00+00:00
[2026-06-30T17:14:12.991+0000] {processor.py:183} INFO - Processing /opt/airflow/dags/dag_tomorrowio.py took 3.284 seconds
[2026-06-30T17:14:44.245+0000] {processor.py:161} INFO - Started process (PID=17015) to work on /opt/airflow/dags/dag_tomorrowio.py
[2026-06-30T17:14:44.247+0000] {processor.py:830} INFO - Processing file /opt/airflow/dags/dag_tomorrowio.py for tasks to queue
[2026-06-30T17:14:44.249+0000] {logging_mixin.py:188} INFO - [2026-06-30T17:14:44.249+0000] {dagbag.py:545} INFO - Filling up the DagBag from /opt/airflow/dags/dag_tomorrowio.py
[2026-06-30T17:14:46.944+0000] {processor.py:840} INFO - DAG(s) 'tomorrowio_bronze_to_silver' retrieved from /opt/airflow/dags/dag_tomorrowio.py
[2026-06-30T17:14:47.110+0000] {logging_mixin.py:188} INFO - [2026-06-30T17:14:47.109+0000] {dag.py:3096} INFO - Sync 1 DAGs
[2026-06-30T17:14:47.226+0000] {logging_mixin.py:188} INFO - [2026-06-30T17:14:47.222+0000] {dag.py:3954} INFO - Setting next_dagrun for tomorrowio_bronze_to_silver to 2026-06-30 17:00:00+00:00, run_after=2026-06-30 18:00:00+00:00
[2026-06-30T17:14:47.316+0000] {processor.py:183} INFO - Processing /opt/airflow/dags/dag_tomorrowio.py took 3.096 seconds
[2026-06-30T17:15:17.883+0000] {processor.py:161} INFO - Started process (PID=17051) to work on /opt/airflow/dags/dag_tomorrowio.py
[2026-06-30T17:15:17.885+0000] {processor.py:830} INFO - Processing file /opt/airflow/dags/dag_tomorrowio.py for tasks to queue
[2026-06-30T17:15:17.887+0000] {logging_mixin.py:188} INFO - [2026-06-30T17:15:17.886+0000] {dagbag.py:545} INFO - Filling up the DagBag from /opt/airflow/dags/dag_tomorrowio.py
[2026-06-30T17:15:20.539+0000] {processor.py:840} INFO - DAG(s) 'tomorrowio_bronze_to_silver' retrieved from /opt/airflow/dags/dag_tomorrowio.py
[2026-06-30T17:15:20.838+0000] {logging_mixin.py:188} INFO - [2026-06-30T17:15:20.834+0000] {dag.py:3096} INFO - Sync 1 DAGs
[2026-06-30T17:15:21.129+0000] {logging_mixin.py:188} INFO - [2026-06-30T17:15:21.127+0000] {dag.py:3954} INFO - Setting next_dagrun for tomorrowio_bronze_to_silver to 2026-06-30 17:00:00+00:00, run_after=2026-06-30 18:00:00+00:00
[2026-06-30T17:15:21.213+0000] {processor.py:183} INFO - Processing /opt/airflow/dags/dag_tomorrowio.py took 3.346 seconds
[2026-06-30T17:15:53.822+0000] {processor.py:161} INFO - Started process (PID=17086) to work on /opt/airflow/dags/dag_tomorrowio.py
[2026-06-30T17:15:53.825+0000] {processor.py:830} INFO - Processing file /opt/airflow/dags/dag_tomorrowio.py for tasks to queue
[2026-06-30T17:15:53.832+0000] {logging_mixin.py:188} INFO - [2026-06-30T17:15:53.828+0000] {dagbag.py:545} INFO - Filling up the DagBag from /opt/airflow/dags/dag_tomorrowio.py
[2026-06-30T17:15:56.301+0000] {processor.py:840} INFO - DAG(s) 'tomorrowio_bronze_to_silver' retrieved from /opt/airflow/dags/dag_tomorrowio.py
[2026-06-30T17:15:56.453+0000] {logging_mixin.py:188} INFO - [2026-06-30T17:15:56.452+0000] {dag.py:3096} INFO - Sync 1 DAGs
[2026-06-30T17:15:56.543+0000] {logging_mixin.py:188} INFO - [2026-06-30T17:15:56.542+0000] {dag.py:3954} INFO - Setting next_dagrun for tomorrowio_bronze_to_silver to 2026-06-30 17:00:00+00:00, run_after=2026-06-30 18:00:00+00:00
[2026-06-30T17:15:56.604+0000] {processor.py:183} INFO - Processing /opt/airflow/dags/dag_tomorrowio.py took 2.803 seconds
[2026-06-30T17:16:28.081+0000] {processor.py:161} INFO - Started process (PID=17124) to work on /opt/airflow/dags/dag_tomorrowio.py
[2026-06-30T17:16:28.100+0000] {processor.py:830} INFO - Processing file /opt/airflow/dags/dag_tomorrowio.py for tasks to queue
[2026-06-30T17:16:28.103+0000] {logging_mixin.py:188} INFO - [2026-06-30T17:16:28.102+0000] {dagbag.py:545} INFO - Filling up the DagBag from /opt/airflow/dags/dag_tomorrowio.py
[2026-06-30T17:16:30.775+0000] {processor.py:840} INFO - DAG(s) 'tomorrowio_bronze_to_silver' retrieved from /opt/airflow/dags/dag_tomorrowio.py
[2026-06-30T17:16:30.928+0000] {logging_mixin.py:188} INFO - [2026-06-30T17:16:30.925+0000] {dag.py:3096} INFO - Sync 1 DAGs
[2026-06-30T17:16:31.023+0000] {logging_mixin.py:188} INFO - [2026-06-30T17:16:31.021+0000] {dag.py:3954} INFO - Setting next_dagrun for tomorrowio_bronze_to_silver to 2026-06-30 17:00:00+00:00, run_after=2026-06-30 18:00:00+00:00
[2026-06-30T17:16:31.094+0000] {processor.py:183} INFO - Processing /opt/airflow/dags/dag_tomorrowio.py took 3.054 seconds
[2026-06-30T17:17:01.616+0000] {processor.py:161} INFO - Started process (PID=17152) to work on /opt/airflow/dags/dag_tomorrowio.py
[2026-06-30T17:17:01.620+0000] {processor.py:830} INFO - Processing file /opt/airflow/dags/dag_tomorrowio.py for tasks to queue
[2026-06-30T17:17:01.627+0000] {logging_mixin.py:188} INFO - [2026-06-30T17:17:01.622+0000] {dagbag.py:545} INFO - Filling up the DagBag from /opt/airflow/dags/dag_tomorrowio.py
[2026-06-30T17:17:05.553+0000] {processor.py:840} INFO - DAG(s) 'tomorrowio_bronze_to_silver' retrieved from /opt/airflow/dags/dag_tomorrowio.py
[2026-06-30T17:17:05.751+0000] {logging_mixin.py:188} INFO - [2026-06-30T17:17:05.748+0000] {dag.py:3096} INFO - Sync 1 DAGs
[2026-06-30T17:17:05.887+0000] {logging_mixin.py:188} INFO - [2026-06-30T17:17:05.887+0000] {dag.py:3954} INFO - Setting next_dagrun for tomorrowio_bronze_to_silver to 2026-06-30 17:00:00+00:00, run_after=2026-06-30 18:00:00+00:00
[2026-06-30T17:17:05.948+0000] {processor.py:183} INFO - Processing /opt/airflow/dags/dag_tomorrowio.py took 4.401 seconds
[2026-06-30T17:17:36.285+0000] {processor.py:161} INFO - Started process (PID=17185) to work on /opt/airflow/dags/dag_tomorrowio.py
[2026-06-30T17:17:36.289+0000] {processor.py:830} INFO - Processing file /opt/airflow/dags/dag_tomorrowio.py for tasks to queue
[2026-06-30T17:17:36.292+0000] {logging_mixin.py:188} INFO - [2026-06-30T17:17:36.291+0000] {dagbag.py:545} INFO - Filling up the DagBag from /opt/airflow/dags/dag_tomorrowio.py
[2026-06-30T17:17:38.549+0000] {processor.py:840} INFO - DAG(s) 'tomorrowio_bronze_to_silver' retrieved from /opt/airflow/dags/dag_tomorrowio.py
[2026-06-30T17:17:38.655+0000] {logging_mixin.py:188} INFO - [2026-06-30T17:17:38.654+0000] {dag.py:3096} INFO - Sync 1 DAGs
[2026-06-30T17:17:38.723+0000] {logging_mixin.py:188} INFO - [2026-06-30T17:17:38.723+0000] {dag.py:3954} INFO - Setting next_dagrun for tomorrowio_bronze_to_silver to 2026-06-30 17:00:00+00:00, run_after=2026-06-30 18:00:00+00:00
[2026-06-30T17:17:38.762+0000] {processor.py:183} INFO - Processing /opt/airflow/dags/dag_tomorrowio.py took 2.502 seconds
[2026-06-30T17:18:10.448+0000] {processor.py:161} INFO - Started process (PID=17223) to work on /opt/airflow/dags/dag_tomorrowio.py
[2026-06-30T17:18:10.456+0000] {processor.py:830} INFO - Processing file /opt/airflow/dags/dag_tomorrowio.py for tasks to queue
[2026-06-30T17:18:10.458+0000] {logging_mixin.py:188} INFO - [2026-06-30T17:18:10.458+0000] {dagbag.py:545} INFO - Filling up the DagBag from /opt/airflow/dags/dag_tomorrowio.py
[2026-06-30T17:18:13.819+0000] {processor.py:840} INFO - DAG(s) 'tomorrowio_bronze_to_silver' retrieved from /opt/airflow/dags/dag_tomorrowio.py
[2026-06-30T17:18:13.952+0000] {logging_mixin.py:188} INFO - [2026-06-30T17:18:13.945+0000] {dag.py:3096} INFO - Sync 1 DAGs
[2026-06-30T17:18:14.039+0000] {logging_mixin.py:188} INFO - [2026-06-30T17:18:14.039+0000] {dag.py:3954} INFO - Setting next_dagrun for tomorrowio_bronze_to_silver to 2026-06-30 17:00:00+00:00, run_after=2026-06-30 18:00:00+00:00
[2026-06-30T17:18:14.112+0000] {processor.py:183} INFO - Processing /opt/airflow/dags/dag_tomorrowio.py took 3.686 seconds
[2026-06-30T17:18:44.527+0000] {processor.py:161} INFO - Started process (PID=17256) to work on /opt/airflow/dags/dag_tomorrowio.py
[2026-06-30T17:18:44.531+0000] {processor.py:830} INFO - Processing file /opt/airflow/dags/dag_tomorrowio.py for tasks to queue
[2026-06-30T17:18:44.533+0000] {logging_mixin.py:188} INFO - [2026-06-30T17:18:44.532+0000] {dagbag.py:545} INFO - Filling up the DagBag from /opt/airflow/dags/dag_tomorrowio.py
[2026-06-30T17:18:47.769+0000] {processor.py:840} INFO - DAG(s) 'tomorrowio_bronze_to_silver' retrieved from /opt/airflow/dags/dag_tomorrowio.py
[2026-06-30T17:18:47.943+0000] {logging_mixin.py:188} INFO - [2026-06-30T17:18:47.940+0000] {dag.py:3096} INFO - Sync 1 DAGs
[2026-06-30T17:18:48.115+0000] {logging_mixin.py:188} INFO - [2026-06-30T17:18:48.113+0000] {dag.py:3954} INFO - Setting next_dagrun for tomorrowio_bronze_to_silver to 2026-06-30 17:00:00+00:00, run_after=2026-06-30 18:00:00+00:00
[2026-06-30T17:18:48.173+0000] {processor.py:183} INFO - Processing /opt/airflow/dags/dag_tomorrowio.py took 3.663 seconds
[2026-06-30T17:19:18.956+0000] {processor.py:161} INFO - Started process (PID=17289) to work on /opt/airflow/dags/dag_tomorrowio.py
[2026-06-30T17:19:18.964+0000] {processor.py:830} INFO - Processing file /opt/airflow/dags/dag_tomorrowio.py for tasks to queue
[2026-06-30T17:19:18.968+0000] {logging_mixin.py:188} INFO - [2026-06-30T17:19:18.966+0000] {dagbag.py:545} INFO - Filling up the DagBag from /opt/airflow/dags/dag_tomorrowio.py
[2026-06-30T17:19:21.033+0000] {processor.py:840} INFO - DAG(s) 'tomorrowio_bronze_to_silver' retrieved from /opt/airflow/dags/dag_tomorrowio.py
[2026-06-30T17:19:21.135+0000] {logging_mixin.py:188} INFO - [2026-06-30T17:19:21.134+0000] {dag.py:3096} INFO - Sync 1 DAGs
[2026-06-30T17:19:21.208+0000] {logging_mixin.py:188} INFO - [2026-06-30T17:19:21.207+0000] {dag.py:3954} INFO - Setting next_dagrun for tomorrowio_bronze_to_silver to 2026-06-30 17:00:00+00:00, run_after=2026-06-30 18:00:00+00:00
[2026-06-30T17:19:21.252+0000] {processor.py:183} INFO - Processing /opt/airflow/dags/dag_tomorrowio.py took 2.352 seconds
[2026-06-30T17:19:52.156+0000] {processor.py:161} INFO - Started process (PID=17315) to work on /opt/airflow/dags/dag_tomorrowio.py
[2026-06-30T17:19:52.161+0000] {processor.py:830} INFO - Processing file /opt/airflow/dags/dag_tomorrowio.py for tasks to queue
[2026-06-30T17:19:52.167+0000] {logging_mixin.py:188} INFO - [2026-06-30T17:19:52.165+0000] {dagbag.py:545} INFO - Filling up the DagBag from /opt/airflow/dags/dag_tomorrowio.py
[2026-06-30T17:19:55.588+0000] {processor.py:840} INFO - DAG(s) 'tomorrowio_bronze_to_silver' retrieved from /opt/airflow/dags/dag_tomorrowio.py
[2026-06-30T17:19:55.727+0000] {logging_mixin.py:188} INFO - [2026-06-30T17:19:55.725+0000] {dag.py:3096} INFO - Sync 1 DAGs
[2026-06-30T17:19:55.821+0000] {logging_mixin.py:188} INFO - [2026-06-30T17:19:55.821+0000] {dag.py:3954} INFO - Setting next_dagrun for tomorrowio_bronze_to_silver to 2026-06-30 17:00:00+00:00, run_after=2026-06-30 18:00:00+00:00
[2026-06-30T17:19:55.889+0000] {processor.py:183} INFO - Processing /opt/airflow/dags/dag_tomorrowio.py took 3.765 seconds
[2026-06-30T17:20:26.703+0000] {processor.py:161} INFO - Started process (PID=17353) to work on /opt/airflow/dags/dag_tomorrowio.py
[2026-06-30T17:20:26.708+0000] {processor.py:830} INFO - Processing file /opt/airflow/dags/dag_tomorrowio.py for tasks to queue
[2026-06-30T17:20:26.712+0000] {logging_mixin.py:188} INFO - [2026-06-30T17:20:26.711+0000] {dagbag.py:545} INFO - Filling up the DagBag from /opt/airflow/dags/dag_tomorrowio.py
[2026-06-30T17:20:29.413+0000] {processor.py:840} INFO - DAG(s) 'tomorrowio_bronze_to_silver' retrieved from /opt/airflow/dags/dag_tomorrowio.py
[2026-06-30T17:20:29.495+0000] {logging_mixin.py:188} INFO - [2026-06-30T17:20:29.495+0000] {dag.py:3096} INFO - Sync 1 DAGs
[2026-06-30T17:20:29.579+0000] {logging_mixin.py:188} INFO - [2026-06-30T17:20:29.578+0000] {dag.py:3954} INFO - Setting next_dagrun for tomorrowio_bronze_to_silver to 2026-06-30 17:00:00+00:00, run_after=2026-06-30 18:00:00+00:00
[2026-06-30T17:20:29.641+0000] {processor.py:183} INFO - Processing /opt/airflow/dags/dag_tomorrowio.py took 2.966 seconds
[2026-06-30T17:21:01.456+0000] {processor.py:161} INFO - Started process (PID=17391) to work on /opt/airflow/dags/dag_tomorrowio.py
[2026-06-30T17:21:01.460+0000] {processor.py:830} INFO - Processing file /opt/airflow/dags/dag_tomorrowio.py for tasks to queue
[2026-06-30T17:21:01.464+0000] {logging_mixin.py:188} INFO - [2026-06-30T17:21:01.464+0000] {dagbag.py:545} INFO - Filling up the DagBag from /opt/airflow/dags/dag_tomorrowio.py
[2026-06-30T17:21:05.754+0000] {processor.py:840} INFO - DAG(s) 'tomorrowio_bronze_to_silver' retrieved from /opt/airflow/dags/dag_tomorrowio.py
[2026-06-30T17:21:05.891+0000] {logging_mixin.py:188} INFO - [2026-06-30T17:21:05.889+0000] {dag.py:3096} INFO - Sync 1 DAGs
[2026-06-30T17:21:05.971+0000] {logging_mixin.py:188} INFO - [2026-06-30T17:21:05.970+0000] {dag.py:3954} INFO - Setting next_dagrun for tomorrowio_bronze_to_silver to 2026-06-30 17:00:00+00:00, run_after=2026-06-30 18:00:00+00:00
[2026-06-30T17:21:06.047+0000] {processor.py:183} INFO - Processing /opt/airflow/dags/dag_tomorrowio.py took 4.617 seconds
[2026-06-30T17:21:36.841+0000] {processor.py:161} INFO - Started process (PID=17426) to work on /opt/airflow/dags/dag_tomorrowio.py
[2026-06-30T17:21:36.847+0000] {processor.py:830} INFO - Processing file /opt/airflow/dags/dag_tomorrowio.py for tasks to queue
[2026-06-30T17:21:36.850+0000] {logging_mixin.py:188} INFO - [2026-06-30T17:21:36.849+0000] {dagbag.py:545} INFO - Filling up the DagBag from /opt/airflow/dags/dag_tomorrowio.py
[2026-06-30T17:21:39.003+0000] {processor.py:840} INFO - DAG(s) 'tomorrowio_bronze_to_silver' retrieved from /opt/airflow/dags/dag_tomorrowio.py
[2026-06-30T17:21:39.139+0000] {logging_mixin.py:188} INFO - [2026-06-30T17:21:39.137+0000] {dag.py:3096} INFO - Sync 1 DAGs
[2026-06-30T17:21:39.230+0000] {logging_mixin.py:188} INFO - [2026-06-30T17:21:39.230+0000] {dag.py:3954} INFO - Setting next_dagrun for tomorrowio_bronze_to_silver to 2026-06-30 17:00:00+00:00, run_after=2026-06-30 18:00:00+00:00
[2026-06-30T17:21:39.276+0000] {processor.py:183} INFO - Processing /opt/airflow/dags/dag_tomorrowio.py took 2.485 seconds
[2026-06-30T17:22:10.183+0000] {processor.py:161} INFO - Started process (PID=17452) to work on /opt/airflow/dags/dag_tomorrowio.py
[2026-06-30T17:22:10.199+0000] {processor.py:830} INFO - Processing file /opt/airflow/dags/dag_tomorrowio.py for tasks to queue
[2026-06-30T17:22:10.204+0000] {logging_mixin.py:188} INFO - [2026-06-30T17:22:10.202+0000] {dagbag.py:545} INFO - Filling up the DagBag from /opt/airflow/dags/dag_tomorrowio.py
[2026-06-30T17:22:12.709+0000] {processor.py:840} INFO - DAG(s) 'tomorrowio_bronze_to_silver' retrieved from /opt/airflow/dags/dag_tomorrowio.py
[2026-06-30T17:22:12.810+0000] {logging_mixin.py:188} INFO - [2026-06-30T17:22:12.809+0000] {dag.py:3096} INFO - Sync 1 DAGs
[2026-06-30T17:22:12.910+0000] {logging_mixin.py:188} INFO - [2026-06-30T17:22:12.909+0000] {dag.py:3954} INFO - Setting next_dagrun for tomorrowio_bronze_to_silver to 2026-06-30 17:00:00+00:00, run_after=2026-06-30 18:00:00+00:00
[2026-06-30T17:22:12.985+0000] {processor.py:183} INFO - Processing /opt/airflow/dags/dag_tomorrowio.py took 2.854 seconds
[2026-06-30T17:22:43.865+0000] {processor.py:161} INFO - Started process (PID=17485) to work on /opt/airflow/dags/dag_tomorrowio.py
[2026-06-30T17:22:43.868+0000] {processor.py:830} INFO - Processing file /opt/airflow/dags/dag_tomorrowio.py for tasks to queue
[2026-06-30T17:22:43.870+0000] {logging_mixin.py:188} INFO - [2026-06-30T17:22:43.870+0000] {dagbag.py:545} INFO - Filling up the DagBag from /opt/airflow/dags/dag_tomorrowio.py
[2026-06-30T17:22:46.398+0000] {processor.py:840} INFO - DAG(s) 'tomorrowio_bronze_to_silver' retrieved from /opt/airflow/dags/dag_tomorrowio.py
[2026-06-30T17:22:46.523+0000] {logging_mixin.py:188} INFO - [2026-06-30T17:22:46.522+0000] {dag.py:3096} INFO - Sync 1 DAGs
[2026-06-30T17:22:46.611+0000] {logging_mixin.py:188} INFO - [2026-06-30T17:22:46.610+0000] {dag.py:3954} INFO - Setting next_dagrun for tomorrowio_bronze_to_silver to 2026-06-30 17:00:00+00:00, run_after=2026-06-30 18:00:00+00:00
[2026-06-30T17:22:46.684+0000] {processor.py:183} INFO - Processing /opt/airflow/dags/dag_tomorrowio.py took 2.842 seconds
[2026-06-30T17:23:19.388+0000] {processor.py:161} INFO - Started process (PID=17518) to work on /opt/airflow/dags/dag_tomorrowio.py
[2026-06-30T17:23:19.393+0000] {processor.py:830} INFO - Processing file /opt/airflow/dags/dag_tomorrowio.py for tasks to queue
[2026-06-30T17:23:19.399+0000] {logging_mixin.py:188} INFO - [2026-06-30T17:23:19.398+0000] {dagbag.py:545} INFO - Filling up the DagBag from /opt/airflow/dags/dag_tomorrowio.py
[2026-06-30T17:23:22.756+0000] {processor.py:840} INFO - DAG(s) 'tomorrowio_bronze_to_silver' retrieved from /opt/airflow/dags/dag_tomorrowio.py
[2026-06-30T17:23:22.910+0000] {logging_mixin.py:188} INFO - [2026-06-30T17:23:22.908+0000] {dag.py:3096} INFO - Sync 1 DAGs
[2026-06-30T17:23:22.998+0000] {logging_mixin.py:188} INFO - [2026-06-30T17:23:22.998+0000] {dag.py:3954} INFO - Setting next_dagrun for tomorrowio_bronze_to_silver to 2026-06-30 17:00:00+00:00, run_after=2026-06-30 18:00:00+00:00
[2026-06-30T17:23:23.057+0000] {processor.py:183} INFO - Processing /opt/airflow/dags/dag_tomorrowio.py took 3.709 seconds
[2026-06-30T17:23:54.961+0000] {processor.py:161} INFO - Started process (PID=17551) to work on /opt/airflow/dags/dag_tomorrowio.py
[2026-06-30T17:23:54.967+0000] {processor.py:830} INFO - Processing file /opt/airflow/dags/dag_tomorrowio.py for tasks to queue
[2026-06-30T17:23:54.971+0000] {logging_mixin.py:188} INFO - [2026-06-30T17:23:54.971+0000] {dagbag.py:545} INFO - Filling up the DagBag from /opt/airflow/dags/dag_tomorrowio.py
[2026-06-30T17:23:57.619+0000] {processor.py:840} INFO - DAG(s) 'tomorrowio_bronze_to_silver' retrieved from /opt/airflow/dags/dag_tomorrowio.py
[2026-06-30T17:23:57.734+0000] {logging_mixin.py:188} INFO - [2026-06-30T17:23:57.733+0000] {dag.py:3096} INFO - Sync 1 DAGs
[2026-06-30T17:23:57.796+0000] {logging_mixin.py:188} INFO - [2026-06-30T17:23:57.795+0000] {dag.py:3954} INFO - Setting next_dagrun for tomorrowio_bronze_to_silver to 2026-06-30 17:00:00+00:00, run_after=2026-06-30 18:00:00+00:00
[2026-06-30T17:23:57.846+0000] {processor.py:183} INFO - Processing /opt/airflow/dags/dag_tomorrowio.py took 2.914 seconds
[2026-06-30T17:24:29.229+0000] {processor.py:161} INFO - Started process (PID=17586) to work on /opt/airflow/dags/dag_tomorrowio.py
[2026-06-30T17:24:29.234+0000] {processor.py:830} INFO - Processing file /opt/airflow/dags/dag_tomorrowio.py for tasks to queue
[2026-06-30T17:24:29.237+0000] {logging_mixin.py:188} INFO - [2026-06-30T17:24:29.236+0000] {dagbag.py:545} INFO - Filling up the DagBag from /opt/airflow/dags/dag_tomorrowio.py
[2026-06-30T17:24:32.514+0000] {processor.py:840} INFO - DAG(s) 'tomorrowio_bronze_to_silver' retrieved from /opt/airflow/dags/dag_tomorrowio.py
[2026-06-30T17:24:32.601+0000] {logging_mixin.py:188} INFO - [2026-06-30T17:24:32.600+0000] {dag.py:3096} INFO - Sync 1 DAGs
[2026-06-30T17:24:32.664+0000] {logging_mixin.py:188} INFO - [2026-06-30T17:24:32.663+0000] {dag.py:3954} INFO - Setting next_dagrun for tomorrowio_bronze_to_silver to 2026-06-30 17:00:00+00:00, run_after=2026-06-30 18:00:00+00:00
[2026-06-30T17:24:32.689+0000] {processor.py:183} INFO - Processing /opt/airflow/dags/dag_tomorrowio.py took 3.485 seconds
[2026-06-30T17:25:03.992+0000] {processor.py:161} INFO - Started process (PID=17624) to work on /opt/airflow/dags/dag_tomorrowio.py
[2026-06-30T17:25:04.001+0000] {processor.py:830} INFO - Processing file /opt/airflow/dags/dag_tomorrowio.py for tasks to queue
[2026-06-30T17:25:04.004+0000] {logging_mixin.py:188} INFO - [2026-06-30T17:25:04.003+0000] {dagbag.py:545} INFO - Filling up the DagBag from /opt/airflow/dags/dag_tomorrowio.py
[2026-06-30T17:25:07.476+0000] {processor.py:840} INFO - DAG(s) 'tomorrowio_bronze_to_silver' retrieved from /opt/airflow/dags/dag_tomorrowio.py
[2026-06-30T17:25:07.668+0000] {logging_mixin.py:188} INFO - [2026-06-30T17:25:07.666+0000] {dag.py:3096} INFO - Sync 1 DAGs
[2026-06-30T17:25:07.762+0000] {logging_mixin.py:188} INFO - [2026-06-30T17:25:07.762+0000] {dag.py:3954} INFO - Setting next_dagrun for tomorrowio_bronze_to_silver to 2026-06-30 17:00:00+00:00, run_after=2026-06-30 18:00:00+00:00
[2026-06-30T17:25:07.818+0000] {processor.py:183} INFO - Processing /opt/airflow/dags/dag_tomorrowio.py took 3.866 seconds
[2026-06-30T17:25:38.000+0000] {processor.py:161} INFO - Started process (PID=17657) to work on /opt/airflow/dags/dag_tomorrowio.py
[2026-06-30T17:25:38.004+0000] {processor.py:830} INFO - Processing file /opt/airflow/dags/dag_tomorrowio.py for tasks to queue
[2026-06-30T17:25:38.006+0000] {logging_mixin.py:188} INFO - [2026-06-30T17:25:38.005+0000] {dagbag.py:545} INFO - Filling up the DagBag from /opt/airflow/dags/dag_tomorrowio.py
[2026-06-30T17:25:40.399+0000] {processor.py:840} INFO - DAG(s) 'tomorrowio_bronze_to_silver' retrieved from /opt/airflow/dags/dag_tomorrowio.py
[2026-06-30T17:25:40.549+0000] {logging_mixin.py:188} INFO - [2026-06-30T17:25:40.548+0000] {dag.py:3096} INFO - Sync 1 DAGs
[2026-06-30T17:25:40.639+0000] {logging_mixin.py:188} INFO - [2026-06-30T17:25:40.638+0000] {dag.py:3954} INFO - Setting next_dagrun for tomorrowio_bronze_to_silver to 2026-06-30 17:00:00+00:00, run_after=2026-06-30 18:00:00+00:00
[2026-06-30T17:25:40.695+0000] {processor.py:183} INFO - Processing /opt/airflow/dags/dag_tomorrowio.py took 2.721 seconds
[2026-06-30T17:26:11.580+0000] {processor.py:161} INFO - Started process (PID=17690) to work on /opt/airflow/dags/dag_tomorrowio.py
[2026-06-30T17:26:11.583+0000] {processor.py:830} INFO - Processing file /opt/airflow/dags/dag_tomorrowio.py for tasks to queue
[2026-06-30T17:26:11.586+0000] {logging_mixin.py:188} INFO - [2026-06-30T17:26:11.585+0000] {dagbag.py:545} INFO - Filling up the DagBag from /opt/airflow/dags/dag_tomorrowio.py
[2026-06-30T17:26:13.309+0000] {processor.py:840} INFO - DAG(s) 'tomorrowio_bronze_to_silver' retrieved from /opt/airflow/dags/dag_tomorrowio.py
[2026-06-30T17:26:13.433+0000] {logging_mixin.py:188} INFO - [2026-06-30T17:26:13.427+0000] {dag.py:3096} INFO - Sync 1 DAGs
[2026-06-30T17:26:13.496+0000] {logging_mixin.py:188} INFO - [2026-06-30T17:26:13.496+0000] {dag.py:3954} INFO - Setting next_dagrun for tomorrowio_bronze_to_silver to 2026-06-30 17:00:00+00:00, run_after=2026-06-30 18:00:00+00:00
[2026-06-30T17:26:13.536+0000] {processor.py:183} INFO - Processing /opt/airflow/dags/dag_tomorrowio.py took 1.983 seconds
[2026-06-30T17:26:44.567+0000] {processor.py:161} INFO - Started process (PID=17718) to work on /opt/airflow/dags/dag_tomorrowio.py
[2026-06-30T17:26:44.569+0000] {processor.py:830} INFO - Processing file /opt/airflow/dags/dag_tomorrowio.py for tasks to queue
[2026-06-30T17:26:44.571+0000] {logging_mixin.py:188} INFO - [2026-06-30T17:26:44.570+0000] {dagbag.py:545} INFO - Filling up the DagBag from /opt/airflow/dags/dag_tomorrowio.py
[2026-06-30T17:26:46.947+0000] {processor.py:840} INFO - DAG(s) 'tomorrowio_bronze_to_silver' retrieved from /opt/airflow/dags/dag_tomorrowio.py
[2026-06-30T17:26:47.021+0000] {logging_mixin.py:188} INFO - [2026-06-30T17:26:47.020+0000] {dag.py:3096} INFO - Sync 1 DAGs
[2026-06-30T17:26:47.086+0000] {logging_mixin.py:188} INFO - [2026-06-30T17:26:47.085+0000] {dag.py:3954} INFO - Setting next_dagrun for tomorrowio_bronze_to_silver to 2026-06-30 17:00:00+00:00, run_after=2026-06-30 18:00:00+00:00
[2026-06-30T17:26:47.122+0000] {processor.py:183} INFO - Processing /opt/airflow/dags/dag_tomorrowio.py took 2.578 seconds
[2026-06-30T17:27:18.665+0000] {processor.py:161} INFO - Started process (PID=17756) to work on /opt/airflow/dags/dag_tomorrowio.py
[2026-06-30T17:27:18.667+0000] {processor.py:830} INFO - Processing file /opt/airflow/dags/dag_tomorrowio.py for tasks to queue
[2026-06-30T17:27:18.669+0000] {logging_mixin.py:188} INFO - [2026-06-30T17:27:18.668+0000] {dagbag.py:545} INFO - Filling up the DagBag from /opt/airflow/dags/dag_tomorrowio.py
[2026-06-30T17:27:20.727+0000] {processor.py:840} INFO - DAG(s) 'tomorrowio_bronze_to_silver' retrieved from /opt/airflow/dags/dag_tomorrowio.py
[2026-06-30T17:27:20.822+0000] {logging_mixin.py:188} INFO - [2026-06-30T17:27:20.820+0000] {dag.py:3096} INFO - Sync 1 DAGs
[2026-06-30T17:27:20.870+0000] {logging_mixin.py:188} INFO - [2026-06-30T17:27:20.870+0000] {dag.py:3954} INFO - Setting next_dagrun for tomorrowio_bronze_to_silver to 2026-06-30 17:00:00+00:00, run_after=2026-06-30 18:00:00+00:00
[2026-06-30T17:27:20.916+0000] {processor.py:183} INFO - Processing /opt/airflow/dags/dag_tomorrowio.py took 2.273 seconds
[2026-06-30T17:27:51.932+0000] {processor.py:161} INFO - Started process (PID=17787) to work on /opt/airflow/dags/dag_tomorrowio.py
[2026-06-30T17:27:51.938+0000] {processor.py:830} INFO - Processing file /opt/airflow/dags/dag_tomorrowio.py for tasks to queue
[2026-06-30T17:27:51.941+0000] {logging_mixin.py:188} INFO - [2026-06-30T17:27:51.940+0000] {dagbag.py:545} INFO - Filling up the DagBag from /opt/airflow/dags/dag_tomorrowio.py
[2026-06-30T17:27:54.234+0000] {processor.py:840} INFO - DAG(s) 'tomorrowio_bronze_to_silver' retrieved from /opt/airflow/dags/dag_tomorrowio.py
[2026-06-30T17:27:54.322+0000] {logging_mixin.py:188} INFO - [2026-06-30T17:27:54.320+0000] {dag.py:3096} INFO - Sync 1 DAGs
[2026-06-30T17:27:54.397+0000] {logging_mixin.py:188} INFO - [2026-06-30T17:27:54.395+0000] {dag.py:3954} INFO - Setting next_dagrun for tomorrowio_bronze_to_silver to 2026-06-30 17:00:00+00:00, run_after=2026-06-30 18:00:00+00:00
[2026-06-30T17:27:54.436+0000] {processor.py:183} INFO - Processing /opt/airflow/dags/dag_tomorrowio.py took 2.537 seconds
[2026-06-30T17:28:25.529+0000] {processor.py:161} INFO - Started process (PID=17817) to work on /opt/airflow/dags/dag_tomorrowio.py
[2026-06-30T17:28:25.534+0000] {processor.py:830} INFO - Processing file /opt/airflow/dags/dag_tomorrowio.py for tasks to queue
[2026-06-30T17:28:25.538+0000] {logging_mixin.py:188} INFO - [2026-06-30T17:28:25.537+0000] {dagbag.py:545} INFO - Filling up the DagBag from /opt/airflow/dags/dag_tomorrowio.py
[2026-06-30T17:28:28.121+0000] {processor.py:840} INFO - DAG(s) 'tomorrowio_bronze_to_silver' retrieved from /opt/airflow/dags/dag_tomorrowio.py
[2026-06-30T17:28:28.209+0000] {logging_mixin.py:188} INFO - [2026-06-30T17:28:28.208+0000] {dag.py:3096} INFO - Sync 1 DAGs
[2026-06-30T17:28:28.272+0000] {logging_mixin.py:188} INFO - [2026-06-30T17:28:28.272+0000] {dag.py:3954} INFO - Setting next_dagrun for tomorrowio_bronze_to_silver to 2026-06-30 17:00:00+00:00, run_after=2026-06-30 18:00:00+00:00
[2026-06-30T17:28:28.346+0000] {processor.py:183} INFO - Processing /opt/airflow/dags/dag_tomorrowio.py took 2.860 seconds
[2026-06-30T17:28:59.725+0000] {processor.py:161} INFO - Started process (PID=17850) to work on /opt/airflow/dags/dag_tomorrowio.py
[2026-06-30T17:28:59.729+0000] {processor.py:830} INFO - Processing file /opt/airflow/dags/dag_tomorrowio.py for tasks to queue
[2026-06-30T17:28:59.730+0000] {logging_mixin.py:188} INFO - [2026-06-30T17:28:59.730+0000] {dagbag.py:545} INFO - Filling up the DagBag from /opt/airflow/dags/dag_tomorrowio.py
[2026-06-30T17:29:02.124+0000] {processor.py:840} INFO - DAG(s) 'tomorrowio_bronze_to_silver' retrieved from /opt/airflow/dags/dag_tomorrowio.py
[2026-06-30T17:29:02.196+0000] {logging_mixin.py:188} INFO - [2026-06-30T17:29:02.194+0000] {dag.py:3096} INFO - Sync 1 DAGs
[2026-06-30T17:29:02.270+0000] {logging_mixin.py:188} INFO - [2026-06-30T17:29:02.269+0000] {dag.py:3954} INFO - Setting next_dagrun for tomorrowio_bronze_to_silver to 2026-06-30 17:00:00+00:00, run_after=2026-06-30 18:00:00+00:00
[2026-06-30T17:29:02.324+0000] {processor.py:183} INFO - Processing /opt/airflow/dags/dag_tomorrowio.py took 2.616 seconds
[2026-06-30T17:29:32.811+0000] {processor.py:161} INFO - Started process (PID=17883) to work on /opt/airflow/dags/dag_tomorrowio.py
[2026-06-30T17:29:32.817+0000] {processor.py:830} INFO - Processing file /opt/airflow/dags/dag_tomorrowio.py for tasks to queue
[2026-06-30T17:29:32.820+0000] {logging_mixin.py:188} INFO - [2026-06-30T17:29:32.819+0000] {dagbag.py:545} INFO - Filling up the DagBag from /opt/airflow/dags/dag_tomorrowio.py
[2026-06-30T17:29:35.485+0000] {processor.py:840} INFO - DAG(s) 'tomorrowio_bronze_to_silver' retrieved from /opt/airflow/dags/dag_tomorrowio.py
[2026-06-30T17:29:35.574+0000] {logging_mixin.py:188} INFO - [2026-06-30T17:29:35.574+0000] {dag.py:3096} INFO - Sync 1 DAGs
[2026-06-30T17:29:35.637+0000] {logging_mixin.py:188} INFO - [2026-06-30T17:29:35.637+0000] {dag.py:3954} INFO - Setting next_dagrun for tomorrowio_bronze_to_silver to 2026-06-30 17:00:00+00:00, run_after=2026-06-30 18:00:00+00:00
[2026-06-30T17:29:35.675+0000] {processor.py:183} INFO - Processing /opt/airflow/dags/dag_tomorrowio.py took 2.886 seconds
[2026-06-30T17:30:08.754+0000] {processor.py:161} INFO - Started process (PID=17916) to work on /opt/airflow/dags/dag_tomorrowio.py
[2026-06-30T17:30:08.758+0000] {processor.py:830} INFO - Processing file /opt/airflow/dags/dag_tomorrowio.py for tasks to queue
[2026-06-30T17:30:08.761+0000] {logging_mixin.py:188} INFO - [2026-06-30T17:30:08.760+0000] {dagbag.py:545} INFO - Filling up the DagBag from /opt/airflow/dags/dag_tomorrowio.py
[2026-06-30T17:30:10.311+0000] {processor.py:840} INFO - DAG(s) 'tomorrowio_bronze_to_silver' retrieved from /opt/airflow/dags/dag_tomorrowio.py
[2026-06-30T17:30:10.362+0000] {logging_mixin.py:188} INFO - [2026-06-30T17:30:10.362+0000] {dag.py:3096} INFO - Sync 1 DAGs
[2026-06-30T17:30:10.408+0000] {logging_mixin.py:188} INFO - [2026-06-30T17:30:10.407+0000] {dag.py:3954} INFO - Setting next_dagrun for tomorrowio_bronze_to_silver to 2026-06-30 17:00:00+00:00, run_after=2026-06-30 18:00:00+00:00
[2026-06-30T17:30:10.447+0000] {processor.py:183} INFO - Processing /opt/airflow/dags/dag_tomorrowio.py took 1.721 seconds
[2026-06-30T17:30:41.822+0000] {processor.py:161} INFO - Started process (PID=17957) to work on /opt/airflow/dags/dag_tomorrowio.py
[2026-06-30T17:30:41.829+0000] {processor.py:830} INFO - Processing file /opt/airflow/dags/dag_tomorrowio.py for tasks to queue
[2026-06-30T17:30:41.833+0000] {logging_mixin.py:188} INFO - [2026-06-30T17:30:41.832+0000] {dagbag.py:545} INFO - Filling up the DagBag from /opt/airflow/dags/dag_tomorrowio.py
[2026-06-30T17:30:45.209+0000] {processor.py:840} INFO - DAG(s) 'tomorrowio_bronze_to_silver' retrieved from /opt/airflow/dags/dag_tomorrowio.py
[2026-06-30T17:30:45.356+0000] {logging_mixin.py:188} INFO - [2026-06-30T17:30:45.354+0000] {dag.py:3096} INFO - Sync 1 DAGs
[2026-06-30T17:30:45.439+0000] {logging_mixin.py:188} INFO - [2026-06-30T17:30:45.439+0000] {dag.py:3954} INFO - Setting next_dagrun for tomorrowio_bronze_to_silver to 2026-06-30 17:00:00+00:00, run_after=2026-06-30 18:00:00+00:00
[2026-06-30T17:30:45.505+0000] {processor.py:183} INFO - Processing /opt/airflow/dags/dag_tomorrowio.py took 3.710 seconds
[2026-06-30T17:31:17.229+0000] {processor.py:161} INFO - Started process (PID=17990) to work on /opt/airflow/dags/dag_tomorrowio.py
[2026-06-30T17:31:17.234+0000] {processor.py:830} INFO - Processing file /opt/airflow/dags/dag_tomorrowio.py for tasks to queue
[2026-06-30T17:31:17.249+0000] {logging_mixin.py:188} INFO - [2026-06-30T17:31:17.247+0000] {dagbag.py:545} INFO - Filling up the DagBag from /opt/airflow/dags/dag_tomorrowio.py
[2026-06-30T17:31:19.658+0000] {processor.py:840} INFO - DAG(s) 'tomorrowio_bronze_to_silver' retrieved from /opt/airflow/dags/dag_tomorrowio.py
[2026-06-30T17:31:19.787+0000] {logging_mixin.py:188} INFO - [2026-06-30T17:31:19.786+0000] {dag.py:3096} INFO - Sync 1 DAGs
[2026-06-30T17:31:19.903+0000] {logging_mixin.py:188} INFO - [2026-06-30T17:31:19.902+0000] {dag.py:3954} INFO - Setting next_dagrun for tomorrowio_bronze_to_silver to 2026-06-30 17:00:00+00:00, run_after=2026-06-30 18:00:00+00:00
[2026-06-30T17:31:19.970+0000] {processor.py:183} INFO - Processing /opt/airflow/dags/dag_tomorrowio.py took 2.771 seconds
[2026-06-30T17:31:52.343+0000] {processor.py:161} INFO - Started process (PID=18025) to work on /opt/airflow/dags/dag_tomorrowio.py
[2026-06-30T17:31:52.348+0000] {processor.py:830} INFO - Processing file /opt/airflow/dags/dag_tomorrowio.py for tasks to queue
[2026-06-30T17:31:52.351+0000] {logging_mixin.py:188} INFO - [2026-06-30T17:31:52.349+0000] {dagbag.py:545} INFO - Filling up the DagBag from /opt/airflow/dags/dag_tomorrowio.py
[2026-06-30T17:31:55.475+0000] {processor.py:840} INFO - DAG(s) 'tomorrowio_bronze_to_silver' retrieved from /opt/airflow/dags/dag_tomorrowio.py
[2026-06-30T17:31:55.782+0000] {logging_mixin.py:188} INFO - [2026-06-30T17:31:55.779+0000] {dag.py:3096} INFO - Sync 1 DAGs
[2026-06-30T17:31:55.920+0000] {logging_mixin.py:188} INFO - [2026-06-30T17:31:55.919+0000] {dag.py:3954} INFO - Setting next_dagrun for tomorrowio_bronze_to_silver to 2026-06-30 17:00:00+00:00, run_after=2026-06-30 18:00:00+00:00
[2026-06-30T17:31:56.224+0000] {processor.py:183} INFO - Processing /opt/airflow/dags/dag_tomorrowio.py took 3.911 seconds
[2026-06-30T17:32:29.060+0000] {processor.py:161} INFO - Started process (PID=18053) to work on /opt/airflow/dags/dag_tomorrowio.py
[2026-06-30T17:32:29.063+0000] {processor.py:830} INFO - Processing file /opt/airflow/dags/dag_tomorrowio.py for tasks to queue
[2026-06-30T17:32:29.064+0000] {logging_mixin.py:188} INFO - [2026-06-30T17:32:29.064+0000] {dagbag.py:545} INFO - Filling up the DagBag from /opt/airflow/dags/dag_tomorrowio.py
[2026-06-30T17:32:31.283+0000] {processor.py:840} INFO - DAG(s) 'tomorrowio_bronze_to_silver' retrieved from /opt/airflow/dags/dag_tomorrowio.py
[2026-06-30T17:32:31.352+0000] {logging_mixin.py:188} INFO - [2026-06-30T17:32:31.351+0000] {dag.py:3096} INFO - Sync 1 DAGs
[2026-06-30T17:32:31.398+0000] {logging_mixin.py:188} INFO - [2026-06-30T17:32:31.397+0000] {dag.py:3954} INFO - Setting next_dagrun for tomorrowio_bronze_to_silver to 2026-06-30 17:00:00+00:00, run_after=2026-06-30 18:00:00+00:00
[2026-06-30T17:32:31.447+0000] {processor.py:183} INFO - Processing /opt/airflow/dags/dag_tomorrowio.py took 2.402 seconds
[2026-06-30T17:33:04.020+0000] {processor.py:161} INFO - Started process (PID=18086) to work on /opt/airflow/dags/dag_tomorrowio.py
[2026-06-30T17:33:04.025+0000] {processor.py:830} INFO - Processing file /opt/airflow/dags/dag_tomorrowio.py for tasks to queue
[2026-06-30T17:33:04.029+0000] {logging_mixin.py:188} INFO - [2026-06-30T17:33:04.028+0000] {dagbag.py:545} INFO - Filling up the DagBag from /opt/airflow/dags/dag_tomorrowio.py
[2026-06-30T17:33:07.978+0000] {processor.py:840} INFO - DAG(s) 'tomorrowio_bronze_to_silver' retrieved from /opt/airflow/dags/dag_tomorrowio.py
[2026-06-30T17:33:08.132+0000] {logging_mixin.py:188} INFO - [2026-06-30T17:33:08.130+0000] {dag.py:3096} INFO - Sync 1 DAGs
[2026-06-30T17:33:08.199+0000] {logging_mixin.py:188} INFO - [2026-06-30T17:33:08.198+0000] {dag.py:3954} INFO - Setting next_dagrun for tomorrowio_bronze_to_silver to 2026-06-30 17:00:00+00:00, run_after=2026-06-30 18:00:00+00:00
[2026-06-30T17:33:08.269+0000] {processor.py:183} INFO - Processing /opt/airflow/dags/dag_tomorrowio.py took 4.275 seconds
[2026-06-30T17:33:39.117+0000] {processor.py:161} INFO - Started process (PID=18119) to work on /opt/airflow/dags/dag_tomorrowio.py
[2026-06-30T17:33:39.120+0000] {processor.py:830} INFO - Processing file /opt/airflow/dags/dag_tomorrowio.py for tasks to queue
[2026-06-30T17:33:39.123+0000] {logging_mixin.py:188} INFO - [2026-06-30T17:33:39.122+0000] {dagbag.py:545} INFO - Filling up the DagBag from /opt/airflow/dags/dag_tomorrowio.py
[2026-06-30T17:33:41.923+0000] {processor.py:840} INFO - DAG(s) 'tomorrowio_bronze_to_silver' retrieved from /opt/airflow/dags/dag_tomorrowio.py
[2026-06-30T17:33:42.046+0000] {logging_mixin.py:188} INFO - [2026-06-30T17:33:42.044+0000] {dag.py:3096} INFO - Sync 1 DAGs
[2026-06-30T17:33:42.137+0000] {logging_mixin.py:188} INFO - [2026-06-30T17:33:42.136+0000] {dag.py:3954} INFO - Setting next_dagrun for tomorrowio_bronze_to_silver to 2026-06-30 17:00:00+00:00, run_after=2026-06-30 18:00:00+00:00
[2026-06-30T17:33:42.182+0000] {processor.py:183} INFO - Processing /opt/airflow/dags/dag_tomorrowio.py took 3.092 seconds
[2026-06-30T17:34:12.868+0000] {processor.py:161} INFO - Started process (PID=18152) to work on /opt/airflow/dags/dag_tomorrowio.py
[2026-06-30T17:34:12.872+0000] {processor.py:830} INFO - Processing file /opt/airflow/dags/dag_tomorrowio.py for tasks to queue
[2026-06-30T17:34:12.874+0000] {logging_mixin.py:188} INFO - [2026-06-30T17:34:12.873+0000] {dagbag.py:545} INFO - Filling up the DagBag from /opt/airflow/dags/dag_tomorrowio.py
[2026-06-30T17:34:15.361+0000] {processor.py:840} INFO - DAG(s) 'tomorrowio_bronze_to_silver' retrieved from /opt/airflow/dags/dag_tomorrowio.py
[2026-06-30T17:34:15.534+0000] {logging_mixin.py:188} INFO - [2026-06-30T17:34:15.532+0000] {dag.py:3096} INFO - Sync 1 DAGs
[2026-06-30T17:34:15.686+0000] {logging_mixin.py:188} INFO - [2026-06-30T17:34:15.685+0000] {dag.py:3954} INFO - Setting next_dagrun for tomorrowio_bronze_to_silver to 2026-06-30 17:00:00+00:00, run_after=2026-06-30 18:00:00+00:00
[2026-06-30T17:34:15.844+0000] {processor.py:183} INFO - Processing /opt/airflow/dags/dag_tomorrowio.py took 3.004 seconds
[2026-06-30T17:34:48.003+0000] {processor.py:161} INFO - Started process (PID=18193) to work on /opt/airflow/dags/dag_tomorrowio.py
[2026-06-30T17:34:48.006+0000] {processor.py:830} INFO - Processing file /opt/airflow/dags/dag_tomorrowio.py for tasks to queue
[2026-06-30T17:34:48.008+0000] {logging_mixin.py:188} INFO - [2026-06-30T17:34:48.008+0000] {dagbag.py:545} INFO - Filling up the DagBag from /opt/airflow/dags/dag_tomorrowio.py
[2026-06-30T17:34:50.492+0000] {processor.py:840} INFO - DAG(s) 'tomorrowio_bronze_to_silver' retrieved from /opt/airflow/dags/dag_tomorrowio.py
[2026-06-30T17:34:50.575+0000] {logging_mixin.py:188} INFO - [2026-06-30T17:34:50.573+0000] {dag.py:3096} INFO - Sync 1 DAGs
[2026-06-30T17:34:50.676+0000] {logging_mixin.py:188} INFO - [2026-06-30T17:34:50.675+0000] {dag.py:3954} INFO - Setting next_dagrun for tomorrowio_bronze_to_silver to 2026-06-30 17:00:00+00:00, run_after=2026-06-30 18:00:00+00:00
[2026-06-30T17:34:50.735+0000] {processor.py:183} INFO - Processing /opt/airflow/dags/dag_tomorrowio.py took 2.752 seconds
[2026-06-30T17:35:21.676+0000] {processor.py:161} INFO - Started process (PID=18221) to work on /opt/airflow/dags/dag_tomorrowio.py
[2026-06-30T17:35:21.679+0000] {processor.py:830} INFO - Processing file /opt/airflow/dags/dag_tomorrowio.py for tasks to queue
[2026-06-30T17:35:21.681+0000] {logging_mixin.py:188} INFO - [2026-06-30T17:35:21.680+0000] {dagbag.py:545} INFO - Filling up the DagBag from /opt/airflow/dags/dag_tomorrowio.py
[2026-06-30T17:35:23.497+0000] {processor.py:840} INFO - DAG(s) 'tomorrowio_bronze_to_silver' retrieved from /opt/airflow/dags/dag_tomorrowio.py
[2026-06-30T17:35:23.569+0000] {logging_mixin.py:188} INFO - [2026-06-30T17:35:23.568+0000] {dag.py:3096} INFO - Sync 1 DAGs
[2026-06-30T17:35:23.611+0000] {logging_mixin.py:188} INFO - [2026-06-30T17:35:23.611+0000] {dag.py:3954} INFO - Setting next_dagrun for tomorrowio_bronze_to_silver to 2026-06-30 17:00:00+00:00, run_after=2026-06-30 18:00:00+00:00
[2026-06-30T17:35:23.652+0000] {processor.py:183} INFO - Processing /opt/airflow/dags/dag_tomorrowio.py took 2.004 seconds
[2026-06-30T17:35:56.909+0000] {processor.py:161} INFO - Started process (PID=18256) to work on /opt/airflow/dags/dag_tomorrowio.py
[2026-06-30T17:35:56.967+0000] {processor.py:830} INFO - Processing file /opt/airflow/dags/dag_tomorrowio.py for tasks to queue
[2026-06-30T17:35:56.974+0000] {logging_mixin.py:188} INFO - [2026-06-30T17:35:56.971+0000] {dagbag.py:545} INFO - Filling up the DagBag from /opt/airflow/dags/dag_tomorrowio.py
[2026-06-30T17:36:00.228+0000] {processor.py:840} INFO - DAG(s) 'tomorrowio_bronze_to_silver' retrieved from /opt/airflow/dags/dag_tomorrowio.py
[2026-06-30T17:36:00.362+0000] {logging_mixin.py:188} INFO - [2026-06-30T17:36:00.361+0000] {dag.py:3096} INFO - Sync 1 DAGs
[2026-06-30T17:36:00.450+0000] {logging_mixin.py:188} INFO - [2026-06-30T17:36:00.450+0000] {dag.py:3954} INFO - Setting next_dagrun for tomorrowio_bronze_to_silver to 2026-06-30 17:00:00+00:00, run_after=2026-06-30 18:00:00+00:00
[2026-06-30T17:36:00.508+0000] {processor.py:183} INFO - Processing /opt/airflow/dags/dag_tomorrowio.py took 3.682 seconds
[2026-06-30T17:36:30.989+0000] {processor.py:161} INFO - Started process (PID=18287) to work on /opt/airflow/dags/dag_tomorrowio.py
[2026-06-30T17:36:30.999+0000] {processor.py:830} INFO - Processing file /opt/airflow/dags/dag_tomorrowio.py for tasks to queue
[2026-06-30T17:36:31.002+0000] {logging_mixin.py:188} INFO - [2026-06-30T17:36:31.001+0000] {dagbag.py:545} INFO - Filling up the DagBag from /opt/airflow/dags/dag_tomorrowio.py
[2026-06-30T17:36:33.508+0000] {processor.py:840} INFO - DAG(s) 'tomorrowio_bronze_to_silver' retrieved from /opt/airflow/dags/dag_tomorrowio.py
[2026-06-30T17:36:33.653+0000] {logging_mixin.py:188} INFO - [2026-06-30T17:36:33.652+0000] {dag.py:3096} INFO - Sync 1 DAGs
[2026-06-30T17:36:33.741+0000] {logging_mixin.py:188} INFO - [2026-06-30T17:36:33.740+0000] {dag.py:3954} INFO - Setting next_dagrun for tomorrowio_bronze_to_silver to 2026-06-30 17:00:00+00:00, run_after=2026-06-30 18:00:00+00:00
[2026-06-30T17:36:33.815+0000] {processor.py:183} INFO - Processing /opt/airflow/dags/dag_tomorrowio.py took 2.857 seconds
[2026-06-30T17:37:04.773+0000] {processor.py:161} INFO - Started process (PID=18320) to work on /opt/airflow/dags/dag_tomorrowio.py
[2026-06-30T17:37:04.791+0000] {processor.py:830} INFO - Processing file /opt/airflow/dags/dag_tomorrowio.py for tasks to queue
[2026-06-30T17:37:04.794+0000] {logging_mixin.py:188} INFO - [2026-06-30T17:37:04.793+0000] {dagbag.py:545} INFO - Filling up the DagBag from /opt/airflow/dags/dag_tomorrowio.py
[2026-06-30T17:37:08.897+0000] {processor.py:840} INFO - DAG(s) 'tomorrowio_bronze_to_silver' retrieved from /opt/airflow/dags/dag_tomorrowio.py
[2026-06-30T17:37:09.043+0000] {logging_mixin.py:188} INFO - [2026-06-30T17:37:09.041+0000] {dag.py:3096} INFO - Sync 1 DAGs
[2026-06-30T17:37:09.140+0000] {logging_mixin.py:188} INFO - [2026-06-30T17:37:09.139+0000] {dag.py:3954} INFO - Setting next_dagrun for tomorrowio_bronze_to_silver to 2026-06-30 17:00:00+00:00, run_after=2026-06-30 18:00:00+00:00
[2026-06-30T17:37:09.270+0000] {processor.py:183} INFO - Processing /opt/airflow/dags/dag_tomorrowio.py took 4.527 seconds
[2026-06-30T17:37:39.767+0000] {processor.py:161} INFO - Started process (PID=18360) to work on /opt/airflow/dags/dag_tomorrowio.py
[2026-06-30T17:37:39.770+0000] {processor.py:830} INFO - Processing file /opt/airflow/dags/dag_tomorrowio.py for tasks to queue
[2026-06-30T17:37:39.773+0000] {logging_mixin.py:188} INFO - [2026-06-30T17:37:39.772+0000] {dagbag.py:545} INFO - Filling up the DagBag from /opt/airflow/dags/dag_tomorrowio.py
[2026-06-30T17:37:42.305+0000] {processor.py:840} INFO - DAG(s) 'tomorrowio_bronze_to_silver' retrieved from /opt/airflow/dags/dag_tomorrowio.py
[2026-06-30T17:37:42.403+0000] {logging_mixin.py:188} INFO - [2026-06-30T17:37:42.401+0000] {dag.py:3096} INFO - Sync 1 DAGs
[2026-06-30T17:37:42.461+0000] {logging_mixin.py:188} INFO - [2026-06-30T17:37:42.461+0000] {dag.py:3954} INFO - Setting next_dagrun for tomorrowio_bronze_to_silver to 2026-06-30 17:00:00+00:00, run_after=2026-06-30 18:00:00+00:00
[2026-06-30T17:37:42.497+0000] {processor.py:183} INFO - Processing /opt/airflow/dags/dag_tomorrowio.py took 2.747 seconds
[2026-06-30T17:38:13.194+0000] {processor.py:161} INFO - Started process (PID=18393) to work on /opt/airflow/dags/dag_tomorrowio.py
[2026-06-30T17:38:13.197+0000] {processor.py:830} INFO - Processing file /opt/airflow/dags/dag_tomorrowio.py for tasks to queue
[2026-06-30T17:38:13.198+0000] {logging_mixin.py:188} INFO - [2026-06-30T17:38:13.198+0000] {dagbag.py:545} INFO - Filling up the DagBag from /opt/airflow/dags/dag_tomorrowio.py
[2026-06-30T17:38:15.431+0000] {processor.py:840} INFO - DAG(s) 'tomorrowio_bronze_to_silver' retrieved from /opt/airflow/dags/dag_tomorrowio.py
[2026-06-30T17:38:15.574+0000] {logging_mixin.py:188} INFO - [2026-06-30T17:38:15.568+0000] {dag.py:3096} INFO - Sync 1 DAGs
[2026-06-30T17:38:15.656+0000] {logging_mixin.py:188} INFO - [2026-06-30T17:38:15.655+0000] {dag.py:3954} INFO - Setting next_dagrun for tomorrowio_bronze_to_silver to 2026-06-30 17:00:00+00:00, run_after=2026-06-30 18:00:00+00:00
[2026-06-30T17:38:15.708+0000] {processor.py:183} INFO - Processing /opt/airflow/dags/dag_tomorrowio.py took 2.531 seconds
[2026-06-30T17:38:46.922+0000] {processor.py:161} INFO - Started process (PID=18419) to work on /opt/airflow/dags/dag_tomorrowio.py
[2026-06-30T17:38:46.928+0000] {processor.py:830} INFO - Processing file /opt/airflow/dags/dag_tomorrowio.py for tasks to queue
[2026-06-30T17:38:46.930+0000] {logging_mixin.py:188} INFO - [2026-06-30T17:38:46.929+0000] {dagbag.py:545} INFO - Filling up the DagBag from /opt/airflow/dags/dag_tomorrowio.py
[2026-06-30T17:38:49.833+0000] {processor.py:840} INFO - DAG(s) 'tomorrowio_bronze_to_silver' retrieved from /opt/airflow/dags/dag_tomorrowio.py
[2026-06-30T17:38:49.981+0000] {logging_mixin.py:188} INFO - [2026-06-30T17:38:49.979+0000] {dag.py:3096} INFO - Sync 1 DAGs
[2026-06-30T17:38:50.092+0000] {logging_mixin.py:188} INFO - [2026-06-30T17:38:50.091+0000] {dag.py:3954} INFO - Setting next_dagrun for tomorrowio_bronze_to_silver to 2026-06-30 17:00:00+00:00, run_after=2026-06-30 18:00:00+00:00
[2026-06-30T17:38:50.153+0000] {processor.py:183} INFO - Processing /opt/airflow/dags/dag_tomorrowio.py took 3.255 seconds
[2026-06-30T17:39:21.584+0000] {processor.py:161} INFO - Started process (PID=18452) to work on /opt/airflow/dags/dag_tomorrowio.py
[2026-06-30T17:39:21.588+0000] {processor.py:830} INFO - Processing file /opt/airflow/dags/dag_tomorrowio.py for tasks to queue
[2026-06-30T17:39:21.592+0000] {logging_mixin.py:188} INFO - [2026-06-30T17:39:21.590+0000] {dagbag.py:545} INFO - Filling up the DagBag from /opt/airflow/dags/dag_tomorrowio.py
[2026-06-30T17:39:24.698+0000] {processor.py:840} INFO - DAG(s) 'tomorrowio_bronze_to_silver' retrieved from /opt/airflow/dags/dag_tomorrowio.py
[2026-06-30T17:39:24.852+0000] {logging_mixin.py:188} INFO - [2026-06-30T17:39:24.847+0000] {dag.py:3096} INFO - Sync 1 DAGs
[2026-06-30T17:39:24.943+0000] {logging_mixin.py:188} INFO - [2026-06-30T17:39:24.942+0000] {dag.py:3954} INFO - Setting next_dagrun for tomorrowio_bronze_to_silver to 2026-06-30 17:00:00+00:00, run_after=2026-06-30 18:00:00+00:00
[2026-06-30T17:39:25.007+0000] {processor.py:183} INFO - Processing /opt/airflow/dags/dag_tomorrowio.py took 3.453 seconds
[2026-06-30T17:39:56.520+0000] {processor.py:161} INFO - Started process (PID=18487) to work on /opt/airflow/dags/dag_tomorrowio.py
[2026-06-30T17:39:56.525+0000] {processor.py:830} INFO - Processing file /opt/airflow/dags/dag_tomorrowio.py for tasks to queue
[2026-06-30T17:39:56.528+0000] {logging_mixin.py:188} INFO - [2026-06-30T17:39:56.527+0000] {dagbag.py:545} INFO - Filling up the DagBag from /opt/airflow/dags/dag_tomorrowio.py
[2026-06-30T17:39:59.375+0000] {processor.py:840} INFO - DAG(s) 'tomorrowio_bronze_to_silver' retrieved from /opt/airflow/dags/dag_tomorrowio.py
[2026-06-30T17:39:59.514+0000] {logging_mixin.py:188} INFO - [2026-06-30T17:39:59.512+0000] {dag.py:3096} INFO - Sync 1 DAGs
[2026-06-30T17:39:59.607+0000] {logging_mixin.py:188} INFO - [2026-06-30T17:39:59.607+0000] {dag.py:3954} INFO - Setting next_dagrun for tomorrowio_bronze_to_silver to 2026-06-30 17:00:00+00:00, run_after=2026-06-30 18:00:00+00:00
[2026-06-30T17:39:59.687+0000] {processor.py:183} INFO - Processing /opt/airflow/dags/dag_tomorrowio.py took 3.194 seconds
[2026-06-30T17:40:31.403+0000] {processor.py:161} INFO - Started process (PID=18518) to work on /opt/airflow/dags/dag_tomorrowio.py
[2026-06-30T17:40:31.414+0000] {processor.py:830} INFO - Processing file /opt/airflow/dags/dag_tomorrowio.py for tasks to queue
[2026-06-30T17:40:31.434+0000] {logging_mixin.py:188} INFO - [2026-06-30T17:40:31.432+0000] {dagbag.py:545} INFO - Filling up the DagBag from /opt/airflow/dags/dag_tomorrowio.py
[2026-06-30T17:40:33.869+0000] {processor.py:840} INFO - DAG(s) 'tomorrowio_bronze_to_silver' retrieved from /opt/airflow/dags/dag_tomorrowio.py
[2026-06-30T17:40:34.028+0000] {logging_mixin.py:188} INFO - [2026-06-30T17:40:34.025+0000] {dag.py:3096} INFO - Sync 1 DAGs
[2026-06-30T17:40:34.107+0000] {logging_mixin.py:188} INFO - [2026-06-30T17:40:34.106+0000] {dag.py:3954} INFO - Setting next_dagrun for tomorrowio_bronze_to_silver to 2026-06-30 17:00:00+00:00, run_after=2026-06-30 18:00:00+00:00
[2026-06-30T17:40:34.173+0000] {processor.py:183} INFO - Processing /opt/airflow/dags/dag_tomorrowio.py took 2.832 seconds
[2026-06-30T17:41:07.236+0000] {processor.py:161} INFO - Started process (PID=18553) to work on /opt/airflow/dags/dag_tomorrowio.py
[2026-06-30T17:41:07.243+0000] {processor.py:830} INFO - Processing file /opt/airflow/dags/dag_tomorrowio.py for tasks to queue
[2026-06-30T17:41:07.249+0000] {logging_mixin.py:188} INFO - [2026-06-30T17:41:07.247+0000] {dagbag.py:545} INFO - Filling up the DagBag from /opt/airflow/dags/dag_tomorrowio.py
[2026-06-30T17:41:10.588+0000] {processor.py:840} INFO - DAG(s) 'tomorrowio_bronze_to_silver' retrieved from /opt/airflow/dags/dag_tomorrowio.py
[2026-06-30T17:41:10.727+0000] {logging_mixin.py:188} INFO - [2026-06-30T17:41:10.725+0000] {dag.py:3096} INFO - Sync 1 DAGs
[2026-06-30T17:41:10.831+0000] {logging_mixin.py:188} INFO - [2026-06-30T17:41:10.830+0000] {dag.py:3954} INFO - Setting next_dagrun for tomorrowio_bronze_to_silver to 2026-06-30 17:00:00+00:00, run_after=2026-06-30 18:00:00+00:00
[2026-06-30T17:41:10.905+0000] {processor.py:183} INFO - Processing /opt/airflow/dags/dag_tomorrowio.py took 3.718 seconds
[2026-06-30T17:41:42.729+0000] {processor.py:161} INFO - Started process (PID=18589) to work on /opt/airflow/dags/dag_tomorrowio.py
[2026-06-30T17:41:42.734+0000] {processor.py:830} INFO - Processing file /opt/airflow/dags/dag_tomorrowio.py for tasks to queue
[2026-06-30T17:41:42.738+0000] {logging_mixin.py:188} INFO - [2026-06-30T17:41:42.736+0000] {dagbag.py:545} INFO - Filling up the DagBag from /opt/airflow/dags/dag_tomorrowio.py
[2026-06-30T17:41:45.769+0000] {processor.py:840} INFO - DAG(s) 'tomorrowio_bronze_to_silver' retrieved from /opt/airflow/dags/dag_tomorrowio.py
[2026-06-30T17:41:45.908+0000] {logging_mixin.py:188} INFO - [2026-06-30T17:41:45.907+0000] {dag.py:3096} INFO - Sync 1 DAGs
[2026-06-30T17:41:45.988+0000] {logging_mixin.py:188} INFO - [2026-06-30T17:41:45.986+0000] {dag.py:3954} INFO - Setting next_dagrun for tomorrowio_bronze_to_silver to 2026-06-30 17:00:00+00:00, run_after=2026-06-30 18:00:00+00:00
[2026-06-30T17:41:46.041+0000] {processor.py:183} INFO - Processing /opt/airflow/dags/dag_tomorrowio.py took 3.340 seconds
[2026-06-30T17:42:16.925+0000] {processor.py:161} INFO - Started process (PID=18619) to work on /opt/airflow/dags/dag_tomorrowio.py
[2026-06-30T17:42:16.930+0000] {processor.py:830} INFO - Processing file /opt/airflow/dags/dag_tomorrowio.py for tasks to queue
[2026-06-30T17:42:16.933+0000] {logging_mixin.py:188} INFO - [2026-06-30T17:42:16.932+0000] {dagbag.py:545} INFO - Filling up the DagBag from /opt/airflow/dags/dag_tomorrowio.py
[2026-06-30T17:42:20.672+0000] {processor.py:840} INFO - DAG(s) 'tomorrowio_bronze_to_silver' retrieved from /opt/airflow/dags/dag_tomorrowio.py
[2026-06-30T17:42:20.937+0000] {logging_mixin.py:188} INFO - [2026-06-30T17:42:20.935+0000] {dag.py:3096} INFO - Sync 1 DAGs
[2026-06-30T17:42:21.028+0000] {logging_mixin.py:188} INFO - [2026-06-30T17:42:21.028+0000] {dag.py:3954} INFO - Setting next_dagrun for tomorrowio_bronze_to_silver to 2026-06-30 17:00:00+00:00, run_after=2026-06-30 18:00:00+00:00
[2026-06-30T17:42:21.078+0000] {processor.py:183} INFO - Processing /opt/airflow/dags/dag_tomorrowio.py took 4.184 seconds
[2026-06-30T17:42:51.374+0000] {processor.py:161} INFO - Started process (PID=18650) to work on /opt/airflow/dags/dag_tomorrowio.py
[2026-06-30T17:42:51.379+0000] {processor.py:830} INFO - Processing file /opt/airflow/dags/dag_tomorrowio.py for tasks to queue
[2026-06-30T17:42:51.382+0000] {logging_mixin.py:188} INFO - [2026-06-30T17:42:51.382+0000] {dagbag.py:545} INFO - Filling up the DagBag from /opt/airflow/dags/dag_tomorrowio.py
[2026-06-30T17:42:54.549+0000] {processor.py:840} INFO - DAG(s) 'tomorrowio_bronze_to_silver' retrieved from /opt/airflow/dags/dag_tomorrowio.py
[2026-06-30T17:42:54.651+0000] {logging_mixin.py:188} INFO - [2026-06-30T17:42:54.649+0000] {dag.py:3096} INFO - Sync 1 DAGs
[2026-06-30T17:42:54.747+0000] {logging_mixin.py:188} INFO - [2026-06-30T17:42:54.747+0000] {dag.py:3954} INFO - Setting next_dagrun for tomorrowio_bronze_to_silver to 2026-06-30 17:00:00+00:00, run_after=2026-06-30 18:00:00+00:00
[2026-06-30T17:42:54.800+0000] {processor.py:183} INFO - Processing /opt/airflow/dags/dag_tomorrowio.py took 3.473 seconds
[2026-06-30T17:43:26.493+0000] {processor.py:161} INFO - Started process (PID=18685) to work on /opt/airflow/dags/dag_tomorrowio.py
[2026-06-30T17:43:26.501+0000] {processor.py:830} INFO - Processing file /opt/airflow/dags/dag_tomorrowio.py for tasks to queue
[2026-06-30T17:43:26.504+0000] {logging_mixin.py:188} INFO - [2026-06-30T17:43:26.503+0000] {dagbag.py:545} INFO - Filling up the DagBag from /opt/airflow/dags/dag_tomorrowio.py
[2026-06-30T17:43:29.079+0000] {processor.py:840} INFO - DAG(s) 'tomorrowio_bronze_to_silver' retrieved from /opt/airflow/dags/dag_tomorrowio.py
[2026-06-30T17:43:29.205+0000] {logging_mixin.py:188} INFO - [2026-06-30T17:43:29.203+0000] {dag.py:3096} INFO - Sync 1 DAGs
[2026-06-30T17:43:29.304+0000] {logging_mixin.py:188} INFO - [2026-06-30T17:43:29.303+0000] {dag.py:3954} INFO - Setting next_dagrun for tomorrowio_bronze_to_silver to 2026-06-30 17:00:00+00:00, run_after=2026-06-30 18:00:00+00:00
[2026-06-30T17:43:29.361+0000] {processor.py:183} INFO - Processing /opt/airflow/dags/dag_tomorrowio.py took 2.915 seconds
[2026-06-30T17:44:00.919+0000] {processor.py:161} INFO - Started process (PID=18718) to work on /opt/airflow/dags/dag_tomorrowio.py
[2026-06-30T17:44:00.923+0000] {processor.py:830} INFO - Processing file /opt/airflow/dags/dag_tomorrowio.py for tasks to queue
[2026-06-30T17:44:00.928+0000] {logging_mixin.py:188} INFO - [2026-06-30T17:44:00.926+0000] {dagbag.py:545} INFO - Filling up the DagBag from /opt/airflow/dags/dag_tomorrowio.py
[2026-06-30T17:44:04.259+0000] {processor.py:840} INFO - DAG(s) 'tomorrowio_bronze_to_silver' retrieved from /opt/airflow/dags/dag_tomorrowio.py
[2026-06-30T17:44:04.394+0000] {logging_mixin.py:188} INFO - [2026-06-30T17:44:04.392+0000] {dag.py:3096} INFO - Sync 1 DAGs
[2026-06-30T17:44:04.501+0000] {logging_mixin.py:188} INFO - [2026-06-30T17:44:04.500+0000] {dag.py:3954} INFO - Setting next_dagrun for tomorrowio_bronze_to_silver to 2026-06-30 17:00:00+00:00, run_after=2026-06-30 18:00:00+00:00
[2026-06-30T17:44:04.556+0000] {processor.py:183} INFO - Processing /opt/airflow/dags/dag_tomorrowio.py took 3.669 seconds
[2026-06-30T17:44:34.784+0000] {processor.py:161} INFO - Started process (PID=18751) to work on /opt/airflow/dags/dag_tomorrowio.py
[2026-06-30T17:44:34.791+0000] {processor.py:830} INFO - Processing file /opt/airflow/dags/dag_tomorrowio.py for tasks to queue
[2026-06-30T17:44:34.797+0000] {logging_mixin.py:188} INFO - [2026-06-30T17:44:34.796+0000] {dagbag.py:545} INFO - Filling up the DagBag from /opt/airflow/dags/dag_tomorrowio.py
[2026-06-30T17:44:37.154+0000] {processor.py:840} INFO - DAG(s) 'tomorrowio_bronze_to_silver' retrieved from /opt/airflow/dags/dag_tomorrowio.py
[2026-06-30T17:44:37.272+0000] {logging_mixin.py:188} INFO - [2026-06-30T17:44:37.270+0000] {dag.py:3096} INFO - Sync 1 DAGs
[2026-06-30T17:44:37.347+0000] {logging_mixin.py:188} INFO - [2026-06-30T17:44:37.346+0000] {dag.py:3954} INFO - Setting next_dagrun for tomorrowio_bronze_to_silver to 2026-06-30 17:00:00+00:00, run_after=2026-06-30 18:00:00+00:00
[2026-06-30T17:44:37.415+0000] {processor.py:183} INFO - Processing /opt/airflow/dags/dag_tomorrowio.py took 2.664 seconds
[2026-06-30T17:45:09.736+0000] {processor.py:161} INFO - Started process (PID=18784) to work on /opt/airflow/dags/dag_tomorrowio.py
[2026-06-30T17:45:09.741+0000] {processor.py:830} INFO - Processing file /opt/airflow/dags/dag_tomorrowio.py for tasks to queue
[2026-06-30T17:45:09.747+0000] {logging_mixin.py:188} INFO - [2026-06-30T17:45:09.746+0000] {dagbag.py:545} INFO - Filling up the DagBag from /opt/airflow/dags/dag_tomorrowio.py
[2026-06-30T17:45:12.167+0000] {processor.py:840} INFO - DAG(s) 'tomorrowio_bronze_to_silver' retrieved from /opt/airflow/dags/dag_tomorrowio.py
[2026-06-30T17:45:12.258+0000] {logging_mixin.py:188} INFO - [2026-06-30T17:45:12.256+0000] {dag.py:3096} INFO - Sync 1 DAGs
[2026-06-30T17:45:12.336+0000] {logging_mixin.py:188} INFO - [2026-06-30T17:45:12.335+0000] {dag.py:3954} INFO - Setting next_dagrun for tomorrowio_bronze_to_silver to 2026-06-30 17:00:00+00:00, run_after=2026-06-30 18:00:00+00:00
[2026-06-30T17:45:12.412+0000] {processor.py:183} INFO - Processing /opt/airflow/dags/dag_tomorrowio.py took 2.702 seconds
[2026-06-30T17:45:44.452+0000] {processor.py:161} INFO - Started process (PID=18820) to work on /opt/airflow/dags/dag_tomorrowio.py
[2026-06-30T17:45:44.459+0000] {processor.py:830} INFO - Processing file /opt/airflow/dags/dag_tomorrowio.py for tasks to queue
[2026-06-30T17:45:44.462+0000] {logging_mixin.py:188} INFO - [2026-06-30T17:45:44.461+0000] {dagbag.py:545} INFO - Filling up the DagBag from /opt/airflow/dags/dag_tomorrowio.py
[2026-06-30T17:45:46.354+0000] {processor.py:840} INFO - DAG(s) 'tomorrowio_bronze_to_silver' retrieved from /opt/airflow/dags/dag_tomorrowio.py
[2026-06-30T17:45:46.458+0000] {logging_mixin.py:188} INFO - [2026-06-30T17:45:46.457+0000] {dag.py:3096} INFO - Sync 1 DAGs
[2026-06-30T17:45:46.533+0000] {logging_mixin.py:188} INFO - [2026-06-30T17:45:46.532+0000] {dag.py:3954} INFO - Setting next_dagrun for tomorrowio_bronze_to_silver to 2026-06-30 17:00:00+00:00, run_after=2026-06-30 18:00:00+00:00
[2026-06-30T17:45:46.606+0000] {processor.py:183} INFO - Processing /opt/airflow/dags/dag_tomorrowio.py took 2.173 seconds
[2026-06-30T17:46:18.790+0000] {processor.py:161} INFO - Started process (PID=18855) to work on /opt/airflow/dags/dag_tomorrowio.py
[2026-06-30T17:46:18.795+0000] {processor.py:830} INFO - Processing file /opt/airflow/dags/dag_tomorrowio.py for tasks to queue
[2026-06-30T17:46:18.799+0000] {logging_mixin.py:188} INFO - [2026-06-30T17:46:18.798+0000] {dagbag.py:545} INFO - Filling up the DagBag from /opt/airflow/dags/dag_tomorrowio.py
[2026-06-30T17:46:21.147+0000] {processor.py:840} INFO - DAG(s) 'tomorrowio_bronze_to_silver' retrieved from /opt/airflow/dags/dag_tomorrowio.py
[2026-06-30T17:46:21.291+0000] {logging_mixin.py:188} INFO - [2026-06-30T17:46:21.290+0000] {dag.py:3096} INFO - Sync 1 DAGs
[2026-06-30T17:46:21.378+0000] {logging_mixin.py:188} INFO - [2026-06-30T17:46:21.377+0000] {dag.py:3954} INFO - Setting next_dagrun for tomorrowio_bronze_to_silver to 2026-06-30 17:00:00+00:00, run_after=2026-06-30 18:00:00+00:00
[2026-06-30T17:46:21.461+0000] {processor.py:183} INFO - Processing /opt/airflow/dags/dag_tomorrowio.py took 2.695 seconds
[2026-06-30T17:46:53.234+0000] {processor.py:161} INFO - Started process (PID=18888) to work on /opt/airflow/dags/dag_tomorrowio.py
[2026-06-30T17:46:53.238+0000] {processor.py:830} INFO - Processing file /opt/airflow/dags/dag_tomorrowio.py for tasks to queue
[2026-06-30T17:46:53.252+0000] {logging_mixin.py:188} INFO - [2026-06-30T17:46:53.249+0000] {dagbag.py:545} INFO - Filling up the DagBag from /opt/airflow/dags/dag_tomorrowio.py
[2026-06-30T17:46:56.145+0000] {processor.py:840} INFO - DAG(s) 'tomorrowio_bronze_to_silver' retrieved from /opt/airflow/dags/dag_tomorrowio.py
[2026-06-30T17:46:56.490+0000] {logging_mixin.py:188} INFO - [2026-06-30T17:46:56.483+0000] {dag.py:3096} INFO - Sync 1 DAGs
[2026-06-30T17:46:56.593+0000] {logging_mixin.py:188} INFO - [2026-06-30T17:46:56.592+0000] {dag.py:3954} INFO - Setting next_dagrun for tomorrowio_bronze_to_silver to 2026-06-30 17:00:00+00:00, run_after=2026-06-30 18:00:00+00:00
[2026-06-30T17:46:56.651+0000] {processor.py:183} INFO - Processing /opt/airflow/dags/dag_tomorrowio.py took 3.444 seconds
[2026-06-30T17:47:27.568+0000] {processor.py:161} INFO - Started process (PID=18921) to work on /opt/airflow/dags/dag_tomorrowio.py
[2026-06-30T17:47:27.572+0000] {processor.py:830} INFO - Processing file /opt/airflow/dags/dag_tomorrowio.py for tasks to queue
[2026-06-30T17:47:27.575+0000] {logging_mixin.py:188} INFO - [2026-06-30T17:47:27.574+0000] {dagbag.py:545} INFO - Filling up the DagBag from /opt/airflow/dags/dag_tomorrowio.py
[2026-06-30T17:47:29.784+0000] {processor.py:840} INFO - DAG(s) 'tomorrowio_bronze_to_silver' retrieved from /opt/airflow/dags/dag_tomorrowio.py
[2026-06-30T17:47:29.871+0000] {logging_mixin.py:188} INFO - [2026-06-30T17:47:29.870+0000] {dag.py:3096} INFO - Sync 1 DAGs
[2026-06-30T17:47:29.925+0000] {logging_mixin.py:188} INFO - [2026-06-30T17:47:29.925+0000] {dag.py:3954} INFO - Setting next_dagrun for tomorrowio_bronze_to_silver to 2026-06-30 17:00:00+00:00, run_after=2026-06-30 18:00:00+00:00
[2026-06-30T17:47:29.973+0000] {processor.py:183} INFO - Processing /opt/airflow/dags/dag_tomorrowio.py took 2.434 seconds
[2026-06-30T17:48:02.025+0000] {processor.py:161} INFO - Started process (PID=18952) to work on /opt/airflow/dags/dag_tomorrowio.py
[2026-06-30T17:48:02.030+0000] {processor.py:830} INFO - Processing file /opt/airflow/dags/dag_tomorrowio.py for tasks to queue
[2026-06-30T17:48:02.035+0000] {logging_mixin.py:188} INFO - [2026-06-30T17:48:02.034+0000] {dagbag.py:545} INFO - Filling up the DagBag from /opt/airflow/dags/dag_tomorrowio.py
[2026-06-30T17:48:05.342+0000] {processor.py:840} INFO - DAG(s) 'tomorrowio_bronze_to_silver' retrieved from /opt/airflow/dags/dag_tomorrowio.py
[2026-06-30T17:48:05.455+0000] {logging_mixin.py:188} INFO - [2026-06-30T17:48:05.454+0000] {dag.py:3096} INFO - Sync 1 DAGs
[2026-06-30T17:48:05.522+0000] {logging_mixin.py:188} INFO - [2026-06-30T17:48:05.521+0000] {dag.py:3954} INFO - Setting next_dagrun for tomorrowio_bronze_to_silver to 2026-06-30 17:00:00+00:00, run_after=2026-06-30 18:00:00+00:00
[2026-06-30T17:48:05.573+0000] {processor.py:183} INFO - Processing /opt/airflow/dags/dag_tomorrowio.py took 3.580 seconds
[2026-06-30T17:48:36.145+0000] {processor.py:161} INFO - Started process (PID=18992) to work on /opt/airflow/dags/dag_tomorrowio.py
[2026-06-30T17:48:36.147+0000] {processor.py:830} INFO - Processing file /opt/airflow/dags/dag_tomorrowio.py for tasks to queue
[2026-06-30T17:48:36.148+0000] {logging_mixin.py:188} INFO - [2026-06-30T17:48:36.147+0000] {dagbag.py:545} INFO - Filling up the DagBag from /opt/airflow/dags/dag_tomorrowio.py
[2026-06-30T17:48:36.487+0000] {processor.py:840} INFO - DAG(s) 'tomorrowio_bronze_to_silver' retrieved from /opt/airflow/dags/dag_tomorrowio.py
[2026-06-30T17:48:36.502+0000] {logging_mixin.py:188} INFO - [2026-06-30T17:48:36.501+0000] {dag.py:3096} INFO - Sync 1 DAGs
[2026-06-30T17:48:36.510+0000] {logging_mixin.py:188} INFO - [2026-06-30T17:48:36.510+0000] {dag.py:3954} INFO - Setting next_dagrun for tomorrowio_bronze_to_silver to 2026-06-30 17:00:00+00:00, run_after=2026-06-30 18:00:00+00:00
[2026-06-30T17:48:36.517+0000] {processor.py:183} INFO - Processing /opt/airflow/dags/dag_tomorrowio.py took 0.380 seconds
[2026-06-30T17:49:09.988+0000] {processor.py:161} INFO - Started process (PID=19025) to work on /opt/airflow/dags/dag_tomorrowio.py
[2026-06-30T17:49:09.990+0000] {processor.py:830} INFO - Processing file /opt/airflow/dags/dag_tomorrowio.py for tasks to queue
[2026-06-30T17:49:09.993+0000] {logging_mixin.py:188} INFO - [2026-06-30T17:49:09.991+0000] {dagbag.py:545} INFO - Filling up the DagBag from /opt/airflow/dags/dag_tomorrowio.py
[2026-06-30T17:49:12.070+0000] {processor.py:840} INFO - DAG(s) 'tomorrowio_bronze_to_silver' retrieved from /opt/airflow/dags/dag_tomorrowio.py
[2026-06-30T17:49:12.175+0000] {logging_mixin.py:188} INFO - [2026-06-30T17:49:12.174+0000] {dag.py:3096} INFO - Sync 1 DAGs
[2026-06-30T17:49:12.253+0000] {logging_mixin.py:188} INFO - [2026-06-30T17:49:12.252+0000] {dag.py:3954} INFO - Setting next_dagrun for tomorrowio_bronze_to_silver to 2026-06-30 17:00:00+00:00, run_after=2026-06-30 18:00:00+00:00
[2026-06-30T17:49:12.302+0000] {processor.py:183} INFO - Processing /opt/airflow/dags/dag_tomorrowio.py took 2.349 seconds
[2026-06-30T17:49:42.592+0000] {processor.py:161} INFO - Started process (PID=19058) to work on /opt/airflow/dags/dag_tomorrowio.py
[2026-06-30T17:49:42.595+0000] {processor.py:830} INFO - Processing file /opt/airflow/dags/dag_tomorrowio.py for tasks to queue
[2026-06-30T17:49:42.596+0000] {logging_mixin.py:188} INFO - [2026-06-30T17:49:42.596+0000] {dagbag.py:545} INFO - Filling up the DagBag from /opt/airflow/dags/dag_tomorrowio.py
[2026-06-30T17:49:44.422+0000] {processor.py:840} INFO - DAG(s) 'tomorrowio_bronze_to_silver' retrieved from /opt/airflow/dags/dag_tomorrowio.py
[2026-06-30T17:49:44.480+0000] {logging_mixin.py:188} INFO - [2026-06-30T17:49:44.479+0000] {dag.py:3096} INFO - Sync 1 DAGs
[2026-06-30T17:49:44.527+0000] {logging_mixin.py:188} INFO - [2026-06-30T17:49:44.527+0000] {dag.py:3954} INFO - Setting next_dagrun for tomorrowio_bronze_to_silver to 2026-06-30 17:00:00+00:00, run_after=2026-06-30 18:00:00+00:00
[2026-06-30T17:49:44.572+0000] {processor.py:183} INFO - Processing /opt/airflow/dags/dag_tomorrowio.py took 2.007 seconds
[2026-06-30T17:50:16.424+0000] {processor.py:161} INFO - Started process (PID=19091) to work on /opt/airflow/dags/dag_tomorrowio.py
[2026-06-30T17:50:16.427+0000] {processor.py:830} INFO - Processing file /opt/airflow/dags/dag_tomorrowio.py for tasks to queue
[2026-06-30T17:50:16.429+0000] {logging_mixin.py:188} INFO - [2026-06-30T17:50:16.428+0000] {dagbag.py:545} INFO - Filling up the DagBag from /opt/airflow/dags/dag_tomorrowio.py
[2026-06-30T17:50:17.982+0000] {processor.py:840} INFO - DAG(s) 'tomorrowio_bronze_to_silver' retrieved from /opt/airflow/dags/dag_tomorrowio.py
[2026-06-30T17:50:18.038+0000] {logging_mixin.py:188} INFO - [2026-06-30T17:50:18.037+0000] {dag.py:3096} INFO - Sync 1 DAGs
[2026-06-30T17:50:18.088+0000] {logging_mixin.py:188} INFO - [2026-06-30T17:50:18.088+0000] {dag.py:3954} INFO - Setting next_dagrun for tomorrowio_bronze_to_silver to 2026-06-30 17:00:00+00:00, run_after=2026-06-30 18:00:00+00:00
[2026-06-30T17:50:18.129+0000] {processor.py:183} INFO - Processing /opt/airflow/dags/dag_tomorrowio.py took 1.716 seconds
[2026-06-30T17:50:49.183+0000] {processor.py:161} INFO - Started process (PID=19124) to work on /opt/airflow/dags/dag_tomorrowio.py
[2026-06-30T17:50:49.187+0000] {processor.py:830} INFO - Processing file /opt/airflow/dags/dag_tomorrowio.py for tasks to queue
[2026-06-30T17:50:49.188+0000] {logging_mixin.py:188} INFO - [2026-06-30T17:50:49.188+0000] {dagbag.py:545} INFO - Filling up the DagBag from /opt/airflow/dags/dag_tomorrowio.py
[2026-06-30T17:50:51.267+0000] {processor.py:840} INFO - DAG(s) 'tomorrowio_bronze_to_silver' retrieved from /opt/airflow/dags/dag_tomorrowio.py
[2026-06-30T17:50:51.438+0000] {logging_mixin.py:188} INFO - [2026-06-30T17:50:51.436+0000] {dag.py:3096} INFO - Sync 1 DAGs
[2026-06-30T17:50:51.657+0000] {logging_mixin.py:188} INFO - [2026-06-30T17:50:51.655+0000] {dag.py:3954} INFO - Setting next_dagrun for tomorrowio_bronze_to_silver to 2026-06-30 17:00:00+00:00, run_after=2026-06-30 18:00:00+00:00
[2026-06-30T17:50:51.747+0000] {processor.py:183} INFO - Processing /opt/airflow/dags/dag_tomorrowio.py took 2.584 seconds
[2026-06-30T17:51:22.914+0000] {processor.py:161} INFO - Started process (PID=19160) to work on /opt/airflow/dags/dag_tomorrowio.py
[2026-06-30T17:51:22.919+0000] {processor.py:830} INFO - Processing file /opt/airflow/dags/dag_tomorrowio.py for tasks to queue
[2026-06-30T17:51:22.924+0000] {logging_mixin.py:188} INFO - [2026-06-30T17:51:22.923+0000] {dagbag.py:545} INFO - Filling up the DagBag from /opt/airflow/dags/dag_tomorrowio.py
[2026-06-30T17:51:25.393+0000] {processor.py:840} INFO - DAG(s) 'tomorrowio_bronze_to_silver' retrieved from /opt/airflow/dags/dag_tomorrowio.py
[2026-06-30T17:51:25.515+0000] {logging_mixin.py:188} INFO - [2026-06-30T17:51:25.514+0000] {dag.py:3096} INFO - Sync 1 DAGs
[2026-06-30T17:51:25.616+0000] {logging_mixin.py:188} INFO - [2026-06-30T17:51:25.609+0000] {dag.py:3954} INFO - Setting next_dagrun for tomorrowio_bronze_to_silver to 2026-06-30 17:00:00+00:00, run_after=2026-06-30 18:00:00+00:00
[2026-06-30T17:51:25.661+0000] {processor.py:183} INFO - Processing /opt/airflow/dags/dag_tomorrowio.py took 2.768 seconds
[2026-06-30T17:51:57.181+0000] {processor.py:161} INFO - Started process (PID=19195) to work on /opt/airflow/dags/dag_tomorrowio.py
[2026-06-30T17:51:57.187+0000] {processor.py:830} INFO - Processing file /opt/airflow/dags/dag_tomorrowio.py for tasks to queue
[2026-06-30T17:51:57.198+0000] {logging_mixin.py:188} INFO - [2026-06-30T17:51:57.196+0000] {dagbag.py:545} INFO - Filling up the DagBag from /opt/airflow/dags/dag_tomorrowio.py
[2026-06-30T17:51:59.368+0000] {processor.py:840} INFO - DAG(s) 'tomorrowio_bronze_to_silver' retrieved from /opt/airflow/dags/dag_tomorrowio.py
[2026-06-30T17:51:59.474+0000] {logging_mixin.py:188} INFO - [2026-06-30T17:51:59.473+0000] {dag.py:3096} INFO - Sync 1 DAGs
[2026-06-30T17:51:59.557+0000] {logging_mixin.py:188} INFO - [2026-06-30T17:51:59.557+0000] {dag.py:3954} INFO - Setting next_dagrun for tomorrowio_bronze_to_silver to 2026-06-30 17:00:00+00:00, run_after=2026-06-30 18:00:00+00:00
[2026-06-30T17:51:59.613+0000] {processor.py:183} INFO - Processing /opt/airflow/dags/dag_tomorrowio.py took 2.450 seconds
[2026-06-30T17:52:29.844+0000] {processor.py:161} INFO - Started process (PID=19223) to work on /opt/airflow/dags/dag_tomorrowio.py
[2026-06-30T17:52:29.846+0000] {processor.py:830} INFO - Processing file /opt/airflow/dags/dag_tomorrowio.py for tasks to queue
[2026-06-30T17:52:29.848+0000] {logging_mixin.py:188} INFO - [2026-06-30T17:52:29.847+0000] {dagbag.py:545} INFO - Filling up the DagBag from /opt/airflow/dags/dag_tomorrowio.py
[2026-06-30T17:52:31.775+0000] {processor.py:840} INFO - DAG(s) 'tomorrowio_bronze_to_silver' retrieved from /opt/airflow/dags/dag_tomorrowio.py
[2026-06-30T17:52:31.864+0000] {logging_mixin.py:188} INFO - [2026-06-30T17:52:31.863+0000] {dag.py:3096} INFO - Sync 1 DAGs
[2026-06-30T17:52:32.068+0000] {logging_mixin.py:188} INFO - [2026-06-30T17:52:32.066+0000] {dag.py:3954} INFO - Setting next_dagrun for tomorrowio_bronze_to_silver to 2026-06-30 17:00:00+00:00, run_after=2026-06-30 18:00:00+00:00
[2026-06-30T17:52:32.121+0000] {processor.py:183} INFO - Processing /opt/airflow/dags/dag_tomorrowio.py took 2.312 seconds
[2026-06-30T17:53:04.161+0000] {processor.py:161} INFO - Started process (PID=19259) to work on /opt/airflow/dags/dag_tomorrowio.py
[2026-06-30T17:53:04.168+0000] {processor.py:830} INFO - Processing file /opt/airflow/dags/dag_tomorrowio.py for tasks to queue
[2026-06-30T17:53:04.169+0000] {logging_mixin.py:188} INFO - [2026-06-30T17:53:04.169+0000] {dagbag.py:545} INFO - Filling up the DagBag from /opt/airflow/dags/dag_tomorrowio.py
[2026-06-30T17:53:07.073+0000] {processor.py:840} INFO - DAG(s) 'tomorrowio_bronze_to_silver' retrieved from /opt/airflow/dags/dag_tomorrowio.py
[2026-06-30T17:53:07.224+0000] {logging_mixin.py:188} INFO - [2026-06-30T17:53:07.222+0000] {dag.py:3096} INFO - Sync 1 DAGs
[2026-06-30T17:53:07.338+0000] {logging_mixin.py:188} INFO - [2026-06-30T17:53:07.336+0000] {dag.py:3954} INFO - Setting next_dagrun for tomorrowio_bronze_to_silver to 2026-06-30 17:00:00+00:00, run_after=2026-06-30 18:00:00+00:00
[2026-06-30T17:53:07.394+0000] {processor.py:183} INFO - Processing /opt/airflow/dags/dag_tomorrowio.py took 3.264 seconds
[2026-06-30T17:53:39.629+0000] {processor.py:161} INFO - Started process (PID=19287) to work on /opt/airflow/dags/dag_tomorrowio.py
[2026-06-30T17:53:39.634+0000] {processor.py:830} INFO - Processing file /opt/airflow/dags/dag_tomorrowio.py for tasks to queue
[2026-06-30T17:53:39.637+0000] {logging_mixin.py:188} INFO - [2026-06-30T17:53:39.635+0000] {dagbag.py:545} INFO - Filling up the DagBag from /opt/airflow/dags/dag_tomorrowio.py
[2026-06-30T17:53:41.683+0000] {processor.py:840} INFO - DAG(s) 'tomorrowio_bronze_to_silver' retrieved from /opt/airflow/dags/dag_tomorrowio.py
[2026-06-30T17:53:41.804+0000] {logging_mixin.py:188} INFO - [2026-06-30T17:53:41.802+0000] {dag.py:3096} INFO - Sync 1 DAGs
[2026-06-30T17:53:41.866+0000] {logging_mixin.py:188} INFO - [2026-06-30T17:53:41.865+0000] {dag.py:3954} INFO - Setting next_dagrun for tomorrowio_bronze_to_silver to 2026-06-30 17:00:00+00:00, run_after=2026-06-30 18:00:00+00:00
[2026-06-30T17:53:41.918+0000] {processor.py:183} INFO - Processing /opt/airflow/dags/dag_tomorrowio.py took 2.319 seconds
[2026-06-30T17:54:12.147+0000] {processor.py:161} INFO - Started process (PID=19327) to work on /opt/airflow/dags/dag_tomorrowio.py
[2026-06-30T17:54:12.149+0000] {processor.py:830} INFO - Processing file /opt/airflow/dags/dag_tomorrowio.py for tasks to queue
[2026-06-30T17:54:12.150+0000] {logging_mixin.py:188} INFO - [2026-06-30T17:54:12.149+0000] {dagbag.py:545} INFO - Filling up the DagBag from /opt/airflow/dags/dag_tomorrowio.py
[2026-06-30T17:54:12.473+0000] {processor.py:840} INFO - DAG(s) 'tomorrowio_bronze_to_silver' retrieved from /opt/airflow/dags/dag_tomorrowio.py
[2026-06-30T17:54:12.484+0000] {logging_mixin.py:188} INFO - [2026-06-30T17:54:12.484+0000] {dag.py:3096} INFO - Sync 1 DAGs
[2026-06-30T17:54:12.493+0000] {logging_mixin.py:188} INFO - [2026-06-30T17:54:12.493+0000] {dag.py:3954} INFO - Setting next_dagrun for tomorrowio_bronze_to_silver to 2026-06-30 17:00:00+00:00, run_after=2026-06-30 18:00:00+00:00
[2026-06-30T17:54:12.499+0000] {processor.py:183} INFO - Processing /opt/airflow/dags/dag_tomorrowio.py took 0.358 seconds
[2026-06-30T17:54:42.807+0000] {processor.py:161} INFO - Started process (PID=19360) to work on /opt/airflow/dags/dag_tomorrowio.py
[2026-06-30T17:54:42.810+0000] {processor.py:830} INFO - Processing file /opt/airflow/dags/dag_tomorrowio.py for tasks to queue
[2026-06-30T17:54:42.813+0000] {logging_mixin.py:188} INFO - [2026-06-30T17:54:42.812+0000] {dagbag.py:545} INFO - Filling up the DagBag from /opt/airflow/dags/dag_tomorrowio.py
[2026-06-30T17:54:44.370+0000] {processor.py:840} INFO - DAG(s) 'tomorrowio_bronze_to_silver' retrieved from /opt/airflow/dags/dag_tomorrowio.py
[2026-06-30T17:54:44.426+0000] {logging_mixin.py:188} INFO - [2026-06-30T17:54:44.425+0000] {dag.py:3096} INFO - Sync 1 DAGs
[2026-06-30T17:54:44.483+0000] {logging_mixin.py:188} INFO - [2026-06-30T17:54:44.482+0000] {dag.py:3954} INFO - Setting next_dagrun for tomorrowio_bronze_to_silver to 2026-06-30 17:00:00+00:00, run_after=2026-06-30 18:00:00+00:00
[2026-06-30T17:54:44.525+0000] {processor.py:183} INFO - Processing /opt/airflow/dags/dag_tomorrowio.py took 1.733 seconds
[2026-06-30T17:55:15.872+0000] {processor.py:161} INFO - Started process (PID=19388) to work on /opt/airflow/dags/dag_tomorrowio.py
[2026-06-30T17:55:15.900+0000] {processor.py:830} INFO - Processing file /opt/airflow/dags/dag_tomorrowio.py for tasks to queue
[2026-06-30T17:55:15.908+0000] {logging_mixin.py:188} INFO - [2026-06-30T17:55:15.906+0000] {dagbag.py:545} INFO - Filling up the DagBag from /opt/airflow/dags/dag_tomorrowio.py
[2026-06-30T17:55:18.353+0000] {processor.py:840} INFO - DAG(s) 'tomorrowio_bronze_to_silver' retrieved from /opt/airflow/dags/dag_tomorrowio.py
[2026-06-30T17:55:18.444+0000] {logging_mixin.py:188} INFO - [2026-06-30T17:55:18.443+0000] {dag.py:3096} INFO - Sync 1 DAGs
[2026-06-30T17:55:18.512+0000] {logging_mixin.py:188} INFO - [2026-06-30T17:55:18.512+0000] {dag.py:3954} INFO - Setting next_dagrun for tomorrowio_bronze_to_silver to 2026-06-30 17:00:00+00:00, run_after=2026-06-30 18:00:00+00:00
[2026-06-30T17:55:18.556+0000] {processor.py:183} INFO - Processing /opt/airflow/dags/dag_tomorrowio.py took 2.731 seconds
[2026-06-30T17:55:48.943+0000] {processor.py:161} INFO - Started process (PID=19421) to work on /opt/airflow/dags/dag_tomorrowio.py
[2026-06-30T17:55:48.951+0000] {processor.py:830} INFO - Processing file /opt/airflow/dags/dag_tomorrowio.py for tasks to queue
[2026-06-30T17:55:48.955+0000] {logging_mixin.py:188} INFO - [2026-06-30T17:55:48.954+0000] {dagbag.py:545} INFO - Filling up the DagBag from /opt/airflow/dags/dag_tomorrowio.py
[2026-06-30T17:55:51.147+0000] {processor.py:840} INFO - DAG(s) 'tomorrowio_bronze_to_silver' retrieved from /opt/airflow/dags/dag_tomorrowio.py
[2026-06-30T17:55:51.216+0000] {logging_mixin.py:188} INFO - [2026-06-30T17:55:51.215+0000] {dag.py:3096} INFO - Sync 1 DAGs
[2026-06-30T17:55:51.265+0000] {logging_mixin.py:188} INFO - [2026-06-30T17:55:51.264+0000] {dag.py:3954} INFO - Setting next_dagrun for tomorrowio_bronze_to_silver to 2026-06-30 17:00:00+00:00, run_after=2026-06-30 18:00:00+00:00
[2026-06-30T17:55:51.322+0000] {processor.py:183} INFO - Processing /opt/airflow/dags/dag_tomorrowio.py took 2.390 seconds
[2026-06-30T17:56:22.533+0000] {processor.py:161} INFO - Started process (PID=19454) to work on /opt/airflow/dags/dag_tomorrowio.py
[2026-06-30T17:56:22.570+0000] {processor.py:830} INFO - Processing file /opt/airflow/dags/dag_tomorrowio.py for tasks to queue
[2026-06-30T17:56:22.584+0000] {logging_mixin.py:188} INFO - [2026-06-30T17:56:22.574+0000] {dagbag.py:545} INFO - Filling up the DagBag from /opt/airflow/dags/dag_tomorrowio.py
[2026-06-30T17:56:24.703+0000] {processor.py:840} INFO - DAG(s) 'tomorrowio_bronze_to_silver' retrieved from /opt/airflow/dags/dag_tomorrowio.py
[2026-06-30T17:56:24.837+0000] {logging_mixin.py:188} INFO - [2026-06-30T17:56:24.835+0000] {dag.py:3096} INFO - Sync 1 DAGs
[2026-06-30T17:56:24.925+0000] {logging_mixin.py:188} INFO - [2026-06-30T17:56:24.924+0000] {dag.py:3954} INFO - Setting next_dagrun for tomorrowio_bronze_to_silver to 2026-06-30 17:00:00+00:00, run_after=2026-06-30 18:00:00+00:00
[2026-06-30T17:56:24.974+0000] {processor.py:183} INFO - Processing /opt/airflow/dags/dag_tomorrowio.py took 2.555 seconds
[2026-06-30T17:56:56.803+0000] {processor.py:161} INFO - Started process (PID=19487) to work on /opt/airflow/dags/dag_tomorrowio.py
[2026-06-30T17:56:56.807+0000] {processor.py:830} INFO - Processing file /opt/airflow/dags/dag_tomorrowio.py for tasks to queue
[2026-06-30T17:56:56.808+0000] {logging_mixin.py:188} INFO - [2026-06-30T17:56:56.808+0000] {dagbag.py:545} INFO - Filling up the DagBag from /opt/airflow/dags/dag_tomorrowio.py
[2026-06-30T17:56:59.467+0000] {processor.py:840} INFO - DAG(s) 'tomorrowio_bronze_to_silver' retrieved from /opt/airflow/dags/dag_tomorrowio.py
[2026-06-30T17:56:59.607+0000] {logging_mixin.py:188} INFO - [2026-06-30T17:56:59.606+0000] {dag.py:3096} INFO - Sync 1 DAGs
[2026-06-30T17:56:59.657+0000] {logging_mixin.py:188} INFO - [2026-06-30T17:56:59.657+0000] {dag.py:3954} INFO - Setting next_dagrun for tomorrowio_bronze_to_silver to 2026-06-30 17:00:00+00:00, run_after=2026-06-30 18:00:00+00:00
[2026-06-30T17:56:59.697+0000] {processor.py:183} INFO - Processing /opt/airflow/dags/dag_tomorrowio.py took 2.913 seconds
[2026-06-30T17:57:30.757+0000] {processor.py:161} INFO - Started process (PID=19525) to work on /opt/airflow/dags/dag_tomorrowio.py
[2026-06-30T17:57:30.759+0000] {processor.py:830} INFO - Processing file /opt/airflow/dags/dag_tomorrowio.py for tasks to queue
[2026-06-30T17:57:30.760+0000] {logging_mixin.py:188} INFO - [2026-06-30T17:57:30.759+0000] {dagbag.py:545} INFO - Filling up the DagBag from /opt/airflow/dags/dag_tomorrowio.py
[2026-06-30T17:57:31.147+0000] {processor.py:840} INFO - DAG(s) 'tomorrowio_bronze_to_silver' retrieved from /opt/airflow/dags/dag_tomorrowio.py
[2026-06-30T17:57:31.160+0000] {logging_mixin.py:188} INFO - [2026-06-30T17:57:31.159+0000] {dag.py:3096} INFO - Sync 1 DAGs
[2026-06-30T17:57:31.167+0000] {logging_mixin.py:188} INFO - [2026-06-30T17:57:31.167+0000] {dag.py:3954} INFO - Setting next_dagrun for tomorrowio_bronze_to_silver to 2026-06-30 17:00:00+00:00, run_after=2026-06-30 18:00:00+00:00
[2026-06-30T17:57:31.175+0000] {processor.py:183} INFO - Processing /opt/airflow/dags/dag_tomorrowio.py took 0.430 seconds
[2026-06-30T17:58:01.743+0000] {processor.py:161} INFO - Started process (PID=19558) to work on /opt/airflow/dags/dag_tomorrowio.py
[2026-06-30T17:58:01.745+0000] {processor.py:830} INFO - Processing file /opt/airflow/dags/dag_tomorrowio.py for tasks to queue
[2026-06-30T17:58:01.748+0000] {logging_mixin.py:188} INFO - [2026-06-30T17:58:01.747+0000] {dagbag.py:545} INFO - Filling up the DagBag from /opt/airflow/dags/dag_tomorrowio.py
[2026-06-30T17:58:03.511+0000] {processor.py:840} INFO - DAG(s) 'tomorrowio_bronze_to_silver' retrieved from /opt/airflow/dags/dag_tomorrowio.py
[2026-06-30T17:58:03.576+0000] {logging_mixin.py:188} INFO - [2026-06-30T17:58:03.575+0000] {dag.py:3096} INFO - Sync 1 DAGs
[2026-06-30T17:58:03.647+0000] {logging_mixin.py:188} INFO - [2026-06-30T17:58:03.646+0000] {dag.py:3954} INFO - Setting next_dagrun for tomorrowio_bronze_to_silver to 2026-06-30 17:00:00+00:00, run_after=2026-06-30 18:00:00+00:00
[2026-06-30T17:58:03.704+0000] {processor.py:183} INFO - Processing /opt/airflow/dags/dag_tomorrowio.py took 1.978 seconds
[2026-06-30T17:58:35.085+0000] {processor.py:161} INFO - Started process (PID=19589) to work on /opt/airflow/dags/dag_tomorrowio.py
[2026-06-30T17:58:35.091+0000] {processor.py:830} INFO - Processing file /opt/airflow/dags/dag_tomorrowio.py for tasks to queue
[2026-06-30T17:58:35.094+0000] {logging_mixin.py:188} INFO - [2026-06-30T17:58:35.093+0000] {dagbag.py:545} INFO - Filling up the DagBag from /opt/airflow/dags/dag_tomorrowio.py
[2026-06-30T17:58:38.277+0000] {processor.py:840} INFO - DAG(s) 'tomorrowio_bronze_to_silver' retrieved from /opt/airflow/dags/dag_tomorrowio.py
[2026-06-30T17:58:38.417+0000] {logging_mixin.py:188} INFO - [2026-06-30T17:58:38.414+0000] {dag.py:3096} INFO - Sync 1 DAGs
[2026-06-30T17:58:38.555+0000] {logging_mixin.py:188} INFO - [2026-06-30T17:58:38.554+0000] {dag.py:3954} INFO - Setting next_dagrun for tomorrowio_bronze_to_silver to 2026-06-30 17:00:00+00:00, run_after=2026-06-30 18:00:00+00:00
[2026-06-30T17:58:38.623+0000] {processor.py:183} INFO - Processing /opt/airflow/dags/dag_tomorrowio.py took 3.567 seconds
[2026-06-30T17:59:11.197+0000] {processor.py:161} INFO - Started process (PID=19619) to work on /opt/airflow/dags/dag_tomorrowio.py
[2026-06-30T17:59:11.200+0000] {processor.py:830} INFO - Processing file /opt/airflow/dags/dag_tomorrowio.py for tasks to queue
[2026-06-30T17:59:11.202+0000] {logging_mixin.py:188} INFO - [2026-06-30T17:59:11.201+0000] {dagbag.py:545} INFO - Filling up the DagBag from /opt/airflow/dags/dag_tomorrowio.py
[2026-06-30T17:59:13.591+0000] {processor.py:840} INFO - DAG(s) 'tomorrowio_bronze_to_silver' retrieved from /opt/airflow/dags/dag_tomorrowio.py
[2026-06-30T17:59:13.737+0000] {logging_mixin.py:188} INFO - [2026-06-30T17:59:13.736+0000] {dag.py:3096} INFO - Sync 1 DAGs
[2026-06-30T17:59:13.812+0000] {logging_mixin.py:188} INFO - [2026-06-30T17:59:13.811+0000] {dag.py:3954} INFO - Setting next_dagrun for tomorrowio_bronze_to_silver to 2026-06-30 17:00:00+00:00, run_after=2026-06-30 18:00:00+00:00
[2026-06-30T17:59:13.864+0000] {processor.py:183} INFO - Processing /opt/airflow/dags/dag_tomorrowio.py took 2.700 seconds
[2026-06-30T17:59:45.550+0000] {processor.py:161} INFO - Started process (PID=19652) to work on /opt/airflow/dags/dag_tomorrowio.py
[2026-06-30T17:59:45.554+0000] {processor.py:830} INFO - Processing file /opt/airflow/dags/dag_tomorrowio.py for tasks to queue
[2026-06-30T17:59:45.558+0000] {logging_mixin.py:188} INFO - [2026-06-30T17:59:45.557+0000] {dagbag.py:545} INFO - Filling up the DagBag from /opt/airflow/dags/dag_tomorrowio.py
[2026-06-30T17:59:47.903+0000] {processor.py:840} INFO - DAG(s) 'tomorrowio_bronze_to_silver' retrieved from /opt/airflow/dags/dag_tomorrowio.py
[2026-06-30T17:59:48.018+0000] {logging_mixin.py:188} INFO - [2026-06-30T17:59:48.016+0000] {dag.py:3096} INFO - Sync 1 DAGs
[2026-06-30T17:59:48.118+0000] {logging_mixin.py:188} INFO - [2026-06-30T17:59:48.117+0000] {dag.py:3954} INFO - Setting next_dagrun for tomorrowio_bronze_to_silver to 2026-06-30 17:00:00+00:00, run_after=2026-06-30 18:00:00+00:00
[2026-06-30T17:59:48.169+0000] {processor.py:183} INFO - Processing /opt/airflow/dags/dag_tomorrowio.py took 2.639 seconds
[2026-06-30T18:00:19.115+0000] {processor.py:161} INFO - Started process (PID=19699) to work on /opt/airflow/dags/dag_tomorrowio.py
[2026-06-30T18:00:19.118+0000] {processor.py:830} INFO - Processing file /opt/airflow/dags/dag_tomorrowio.py for tasks to queue
[2026-06-30T18:00:19.122+0000] {logging_mixin.py:188} INFO - [2026-06-30T18:00:19.120+0000] {dagbag.py:545} INFO - Filling up the DagBag from /opt/airflow/dags/dag_tomorrowio.py
[2026-06-30T18:00:21.393+0000] {processor.py:840} INFO - DAG(s) 'tomorrowio_bronze_to_silver' retrieved from /opt/airflow/dags/dag_tomorrowio.py
[2026-06-30T18:00:21.457+0000] {logging_mixin.py:188} INFO - [2026-06-30T18:00:21.456+0000] {dag.py:3096} INFO - Sync 1 DAGs
[2026-06-30T18:00:21.521+0000] {logging_mixin.py:188} INFO - [2026-06-30T18:00:21.520+0000] {dag.py:3954} INFO - Setting next_dagrun for tomorrowio_bronze_to_silver to 2026-06-30 18:00:00+00:00, run_after=2026-06-30 19:00:00+00:00
[2026-06-30T18:00:21.571+0000] {processor.py:183} INFO - Processing /opt/airflow/dags/dag_tomorrowio.py took 2.474 seconds
[2026-06-30T18:00:53.487+0000] {processor.py:161} INFO - Started process (PID=19738) to work on /opt/airflow/dags/dag_tomorrowio.py
[2026-06-30T18:00:53.492+0000] {processor.py:830} INFO - Processing file /opt/airflow/dags/dag_tomorrowio.py for tasks to queue
[2026-06-30T18:00:53.498+0000] {logging_mixin.py:188} INFO - [2026-06-30T18:00:53.497+0000] {dagbag.py:545} INFO - Filling up the DagBag from /opt/airflow/dags/dag_tomorrowio.py
[2026-06-30T18:00:55.631+0000] {processor.py:840} INFO - DAG(s) 'tomorrowio_bronze_to_silver' retrieved from /opt/airflow/dags/dag_tomorrowio.py
[2026-06-30T18:00:55.722+0000] {logging_mixin.py:188} INFO - [2026-06-30T18:00:55.720+0000] {dag.py:3096} INFO - Sync 1 DAGs
[2026-06-30T18:00:55.791+0000] {logging_mixin.py:188} INFO - [2026-06-30T18:00:55.790+0000] {dag.py:3954} INFO - Setting next_dagrun for tomorrowio_bronze_to_silver to 2026-06-30 18:00:00+00:00, run_after=2026-06-30 19:00:00+00:00
[2026-06-30T18:00:55.842+0000] {processor.py:183} INFO - Processing /opt/airflow/dags/dag_tomorrowio.py took 2.378 seconds
[2026-06-30T18:01:27.867+0000] {processor.py:161} INFO - Started process (PID=19773) to work on /opt/airflow/dags/dag_tomorrowio.py
[2026-06-30T18:01:27.874+0000] {processor.py:830} INFO - Processing file /opt/airflow/dags/dag_tomorrowio.py for tasks to queue
[2026-06-30T18:01:27.877+0000] {logging_mixin.py:188} INFO - [2026-06-30T18:01:27.876+0000] {dagbag.py:545} INFO - Filling up the DagBag from /opt/airflow/dags/dag_tomorrowio.py
[2026-06-30T18:01:30.351+0000] {processor.py:840} INFO - DAG(s) 'tomorrowio_bronze_to_silver' retrieved from /opt/airflow/dags/dag_tomorrowio.py
[2026-06-30T18:01:30.493+0000] {logging_mixin.py:188} INFO - [2026-06-30T18:01:30.487+0000] {dag.py:3096} INFO - Sync 1 DAGs
[2026-06-30T18:01:30.558+0000] {logging_mixin.py:188} INFO - [2026-06-30T18:01:30.558+0000] {dag.py:3954} INFO - Setting next_dagrun for tomorrowio_bronze_to_silver to 2026-06-30 18:00:00+00:00, run_after=2026-06-30 19:00:00+00:00
[2026-06-30T18:01:30.618+0000] {processor.py:183} INFO - Processing /opt/airflow/dags/dag_tomorrowio.py took 2.796 seconds
[2026-06-30T18:02:02.227+0000] {processor.py:161} INFO - Started process (PID=19806) to work on /opt/airflow/dags/dag_tomorrowio.py
[2026-06-30T18:02:02.234+0000] {processor.py:830} INFO - Processing file /opt/airflow/dags/dag_tomorrowio.py for tasks to queue
[2026-06-30T18:02:02.235+0000] {logging_mixin.py:188} INFO - [2026-06-30T18:02:02.234+0000] {dagbag.py:545} INFO - Filling up the DagBag from /opt/airflow/dags/dag_tomorrowio.py
[2026-06-30T18:02:05.169+0000] {processor.py:840} INFO - DAG(s) 'tomorrowio_bronze_to_silver' retrieved from /opt/airflow/dags/dag_tomorrowio.py
[2026-06-30T18:02:05.324+0000] {logging_mixin.py:188} INFO - [2026-06-30T18:02:05.321+0000] {dag.py:3096} INFO - Sync 1 DAGs
[2026-06-30T18:02:05.422+0000] {logging_mixin.py:188} INFO - [2026-06-30T18:02:05.421+0000] {dag.py:3954} INFO - Setting next_dagrun for tomorrowio_bronze_to_silver to 2026-06-30 18:00:00+00:00, run_after=2026-06-30 19:00:00+00:00
[2026-06-30T18:02:05.485+0000] {processor.py:183} INFO - Processing /opt/airflow/dags/dag_tomorrowio.py took 3.282 seconds
[2026-06-30T18:02:37.309+0000] {processor.py:161} INFO - Started process (PID=19842) to work on /opt/airflow/dags/dag_tomorrowio.py
[2026-06-30T18:02:37.314+0000] {processor.py:830} INFO - Processing file /opt/airflow/dags/dag_tomorrowio.py for tasks to queue
[2026-06-30T18:02:37.318+0000] {logging_mixin.py:188} INFO - [2026-06-30T18:02:37.317+0000] {dagbag.py:545} INFO - Filling up the DagBag from /opt/airflow/dags/dag_tomorrowio.py
[2026-06-30T18:02:39.748+0000] {processor.py:840} INFO - DAG(s) 'tomorrowio_bronze_to_silver' retrieved from /opt/airflow/dags/dag_tomorrowio.py
[2026-06-30T18:02:39.862+0000] {logging_mixin.py:188} INFO - [2026-06-30T18:02:39.861+0000] {dag.py:3096} INFO - Sync 1 DAGs
[2026-06-30T18:02:39.952+0000] {logging_mixin.py:188} INFO - [2026-06-30T18:02:39.951+0000] {dag.py:3954} INFO - Setting next_dagrun for tomorrowio_bronze_to_silver to 2026-06-30 18:00:00+00:00, run_after=2026-06-30 19:00:00+00:00
[2026-06-30T18:02:40.024+0000] {processor.py:183} INFO - Processing /opt/airflow/dags/dag_tomorrowio.py took 2.753 seconds
[2026-06-30T18:03:11.884+0000] {processor.py:161} INFO - Started process (PID=19872) to work on /opt/airflow/dags/dag_tomorrowio.py
[2026-06-30T18:03:11.890+0000] {processor.py:830} INFO - Processing file /opt/airflow/dags/dag_tomorrowio.py for tasks to queue
[2026-06-30T18:03:11.895+0000] {logging_mixin.py:188} INFO - [2026-06-30T18:03:11.894+0000] {dagbag.py:545} INFO - Filling up the DagBag from /opt/airflow/dags/dag_tomorrowio.py
[2026-06-30T18:03:14.239+0000] {processor.py:840} INFO - DAG(s) 'tomorrowio_bronze_to_silver' retrieved from /opt/airflow/dags/dag_tomorrowio.py
[2026-06-30T18:03:14.460+0000] {logging_mixin.py:188} INFO - [2026-06-30T18:03:14.457+0000] {dag.py:3096} INFO - Sync 1 DAGs
[2026-06-30T18:03:14.600+0000] {logging_mixin.py:188} INFO - [2026-06-30T18:03:14.598+0000] {dag.py:3954} INFO - Setting next_dagrun for tomorrowio_bronze_to_silver to 2026-06-30 18:00:00+00:00, run_after=2026-06-30 19:00:00+00:00
[2026-06-30T18:03:14.691+0000] {processor.py:183} INFO - Processing /opt/airflow/dags/dag_tomorrowio.py took 2.842 seconds
[2026-06-30T18:03:46.478+0000] {processor.py:161} INFO - Started process (PID=19905) to work on /opt/airflow/dags/dag_tomorrowio.py
[2026-06-30T18:03:46.485+0000] {processor.py:830} INFO - Processing file /opt/airflow/dags/dag_tomorrowio.py for tasks to queue
[2026-06-30T18:03:46.488+0000] {logging_mixin.py:188} INFO - [2026-06-30T18:03:46.487+0000] {dagbag.py:545} INFO - Filling up the DagBag from /opt/airflow/dags/dag_tomorrowio.py
[2026-06-30T18:03:48.873+0000] {processor.py:840} INFO - DAG(s) 'tomorrowio_bronze_to_silver' retrieved from /opt/airflow/dags/dag_tomorrowio.py
[2026-06-30T18:03:49.214+0000] {logging_mixin.py:188} INFO - [2026-06-30T18:03:49.200+0000] {dag.py:3096} INFO - Sync 1 DAGs
[2026-06-30T18:03:49.357+0000] {logging_mixin.py:188} INFO - [2026-06-30T18:03:49.357+0000] {dag.py:3954} INFO - Setting next_dagrun for tomorrowio_bronze_to_silver to 2026-06-30 18:00:00+00:00, run_after=2026-06-30 19:00:00+00:00
[2026-06-30T18:03:49.409+0000] {processor.py:183} INFO - Processing /opt/airflow/dags/dag_tomorrowio.py took 2.971 seconds
[2026-06-30T18:04:19.852+0000] {processor.py:161} INFO - Started process (PID=19943) to work on /opt/airflow/dags/dag_tomorrowio.py
[2026-06-30T18:04:19.853+0000] {processor.py:830} INFO - Processing file /opt/airflow/dags/dag_tomorrowio.py for tasks to queue
[2026-06-30T18:04:19.853+0000] {logging_mixin.py:188} INFO - [2026-06-30T18:04:19.853+0000] {dagbag.py:545} INFO - Filling up the DagBag from /opt/airflow/dags/dag_tomorrowio.py
[2026-06-30T18:04:20.033+0000] {processor.py:840} INFO - DAG(s) 'tomorrowio_bronze_to_silver' retrieved from /opt/airflow/dags/dag_tomorrowio.py
[2026-06-30T18:04:20.040+0000] {logging_mixin.py:188} INFO - [2026-06-30T18:04:20.040+0000] {dag.py:3096} INFO - Sync 1 DAGs
[2026-06-30T18:04:20.047+0000] {logging_mixin.py:188} INFO - [2026-06-30T18:04:20.047+0000] {dag.py:3954} INFO - Setting next_dagrun for tomorrowio_bronze_to_silver to 2026-06-30 18:00:00+00:00, run_after=2026-06-30 19:00:00+00:00
[2026-06-30T18:04:20.052+0000] {processor.py:183} INFO - Processing /opt/airflow/dags/dag_tomorrowio.py took 0.204 seconds
[2026-06-30T18:04:51.003+0000] {processor.py:161} INFO - Started process (PID=19976) to work on /opt/airflow/dags/dag_tomorrowio.py
[2026-06-30T18:04:51.005+0000] {processor.py:830} INFO - Processing file /opt/airflow/dags/dag_tomorrowio.py for tasks to queue
[2026-06-30T18:04:51.005+0000] {logging_mixin.py:188} INFO - [2026-06-30T18:04:51.005+0000] {dagbag.py:545} INFO - Filling up the DagBag from /opt/airflow/dags/dag_tomorrowio.py
[2026-06-30T18:04:51.192+0000] {processor.py:840} INFO - DAG(s) 'tomorrowio_bronze_to_silver' retrieved from /opt/airflow/dags/dag_tomorrowio.py
[2026-06-30T18:04:51.200+0000] {logging_mixin.py:188} INFO - [2026-06-30T18:04:51.200+0000] {dag.py:3096} INFO - Sync 1 DAGs
[2026-06-30T18:04:51.206+0000] {logging_mixin.py:188} INFO - [2026-06-30T18:04:51.206+0000] {dag.py:3954} INFO - Setting next_dagrun for tomorrowio_bronze_to_silver to 2026-06-30 18:00:00+00:00, run_after=2026-06-30 19:00:00+00:00
[2026-06-30T18:04:51.212+0000] {processor.py:183} INFO - Processing /opt/airflow/dags/dag_tomorrowio.py took 0.215 seconds
[2026-06-30T18:05:21.704+0000] {processor.py:161} INFO - Started process (PID=20013) to work on /opt/airflow/dags/dag_tomorrowio.py
[2026-06-30T18:05:21.707+0000] {processor.py:830} INFO - Processing file /opt/airflow/dags/dag_tomorrowio.py for tasks to queue
[2026-06-30T18:05:21.709+0000] {logging_mixin.py:188} INFO - [2026-06-30T18:05:21.708+0000] {dagbag.py:545} INFO - Filling up the DagBag from /opt/airflow/dags/dag_tomorrowio.py
[2026-06-30T18:05:23.301+0000] {processor.py:840} INFO - DAG(s) 'tomorrowio_bronze_to_silver' retrieved from /opt/airflow/dags/dag_tomorrowio.py
[2026-06-30T18:05:23.382+0000] {logging_mixin.py:188} INFO - [2026-06-30T18:05:23.381+0000] {dag.py:3096} INFO - Sync 1 DAGs
[2026-06-30T18:05:23.432+0000] {logging_mixin.py:188} INFO - [2026-06-30T18:05:23.431+0000] {dag.py:3954} INFO - Setting next_dagrun for tomorrowio_bronze_to_silver to 2026-06-30 18:00:00+00:00, run_after=2026-06-30 19:00:00+00:00
[2026-06-30T18:05:23.481+0000] {processor.py:183} INFO - Processing /opt/airflow/dags/dag_tomorrowio.py took 1.792 seconds
[2026-06-30T18:05:54.233+0000] {processor.py:161} INFO - Started process (PID=20044) to work on /opt/airflow/dags/dag_tomorrowio.py
[2026-06-30T18:05:54.244+0000] {processor.py:830} INFO - Processing file /opt/airflow/dags/dag_tomorrowio.py for tasks to queue
[2026-06-30T18:05:54.248+0000] {logging_mixin.py:188} INFO - [2026-06-30T18:05:54.246+0000] {dagbag.py:545} INFO - Filling up the DagBag from /opt/airflow/dags/dag_tomorrowio.py
[2026-06-30T18:05:56.222+0000] {processor.py:840} INFO - DAG(s) 'tomorrowio_bronze_to_silver' retrieved from /opt/airflow/dags/dag_tomorrowio.py
[2026-06-30T18:05:56.306+0000] {logging_mixin.py:188} INFO - [2026-06-30T18:05:56.305+0000] {dag.py:3096} INFO - Sync 1 DAGs
[2026-06-30T18:05:56.369+0000] {logging_mixin.py:188} INFO - [2026-06-30T18:05:56.368+0000] {dag.py:3954} INFO - Setting next_dagrun for tomorrowio_bronze_to_silver to 2026-06-30 18:00:00+00:00, run_after=2026-06-30 19:00:00+00:00
[2026-06-30T18:05:56.412+0000] {processor.py:183} INFO - Processing /opt/airflow/dags/dag_tomorrowio.py took 2.208 seconds
[2026-06-30T18:06:28.822+0000] {processor.py:161} INFO - Started process (PID=20074) to work on /opt/airflow/dags/dag_tomorrowio.py
[2026-06-30T18:06:28.827+0000] {processor.py:830} INFO - Processing file /opt/airflow/dags/dag_tomorrowio.py for tasks to queue
[2026-06-30T18:06:28.829+0000] {logging_mixin.py:188} INFO - [2026-06-30T18:06:28.829+0000] {dagbag.py:545} INFO - Filling up the DagBag from /opt/airflow/dags/dag_tomorrowio.py
[2026-06-30T18:06:30.569+0000] {processor.py:840} INFO - DAG(s) 'tomorrowio_bronze_to_silver' retrieved from /opt/airflow/dags/dag_tomorrowio.py
[2026-06-30T18:06:30.651+0000] {logging_mixin.py:188} INFO - [2026-06-30T18:06:30.650+0000] {dag.py:3096} INFO - Sync 1 DAGs
[2026-06-30T18:06:30.704+0000] {logging_mixin.py:188} INFO - [2026-06-30T18:06:30.703+0000] {dag.py:3954} INFO - Setting next_dagrun for tomorrowio_bronze_to_silver to 2026-06-30 18:00:00+00:00, run_after=2026-06-30 19:00:00+00:00
[2026-06-30T18:06:30.765+0000] {processor.py:183} INFO - Processing /opt/airflow/dags/dag_tomorrowio.py took 1.960 seconds
[2026-06-30T18:07:02.653+0000] {processor.py:161} INFO - Started process (PID=20112) to work on /opt/airflow/dags/dag_tomorrowio.py
[2026-06-30T18:07:02.657+0000] {processor.py:830} INFO - Processing file /opt/airflow/dags/dag_tomorrowio.py for tasks to queue
[2026-06-30T18:07:02.658+0000] {logging_mixin.py:188} INFO - [2026-06-30T18:07:02.658+0000] {dagbag.py:545} INFO - Filling up the DagBag from /opt/airflow/dags/dag_tomorrowio.py
[2026-06-30T18:07:04.518+0000] {processor.py:840} INFO - DAG(s) 'tomorrowio_bronze_to_silver' retrieved from /opt/airflow/dags/dag_tomorrowio.py
[2026-06-30T18:07:04.602+0000] {logging_mixin.py:188} INFO - [2026-06-30T18:07:04.600+0000] {dag.py:3096} INFO - Sync 1 DAGs
[2026-06-30T18:07:04.666+0000] {logging_mixin.py:188} INFO - [2026-06-30T18:07:04.665+0000] {dag.py:3954} INFO - Setting next_dagrun for tomorrowio_bronze_to_silver to 2026-06-30 18:00:00+00:00, run_after=2026-06-30 19:00:00+00:00
[2026-06-30T18:07:04.710+0000] {processor.py:183} INFO - Processing /opt/airflow/dags/dag_tomorrowio.py took 2.070 seconds
[2026-06-30T18:07:35.845+0000] {processor.py:161} INFO - Started process (PID=20145) to work on /opt/airflow/dags/dag_tomorrowio.py
[2026-06-30T18:07:35.852+0000] {processor.py:830} INFO - Processing file /opt/airflow/dags/dag_tomorrowio.py for tasks to queue
[2026-06-30T18:07:35.854+0000] {logging_mixin.py:188} INFO - [2026-06-30T18:07:35.853+0000] {dagbag.py:545} INFO - Filling up the DagBag from /opt/airflow/dags/dag_tomorrowio.py
[2026-06-30T18:07:37.889+0000] {processor.py:840} INFO - DAG(s) 'tomorrowio_bronze_to_silver' retrieved from /opt/airflow/dags/dag_tomorrowio.py
[2026-06-30T18:07:37.965+0000] {logging_mixin.py:188} INFO - [2026-06-30T18:07:37.963+0000] {dag.py:3096} INFO - Sync 1 DAGs
[2026-06-30T18:07:38.011+0000] {logging_mixin.py:188} INFO - [2026-06-30T18:07:38.010+0000] {dag.py:3954} INFO - Setting next_dagrun for tomorrowio_bronze_to_silver to 2026-06-30 18:00:00+00:00, run_after=2026-06-30 19:00:00+00:00
[2026-06-30T18:07:38.045+0000] {processor.py:183} INFO - Processing /opt/airflow/dags/dag_tomorrowio.py took 2.229 seconds
[2026-06-30T18:08:09.997+0000] {processor.py:161} INFO - Started process (PID=20181) to work on /opt/airflow/dags/dag_tomorrowio.py
[2026-06-30T18:08:10.005+0000] {processor.py:830} INFO - Processing file /opt/airflow/dags/dag_tomorrowio.py for tasks to queue
[2026-06-30T18:08:10.008+0000] {logging_mixin.py:188} INFO - [2026-06-30T18:08:10.007+0000] {dagbag.py:545} INFO - Filling up the DagBag from /opt/airflow/dags/dag_tomorrowio.py
[2026-06-30T18:08:11.662+0000] {processor.py:840} INFO - DAG(s) 'tomorrowio_bronze_to_silver' retrieved from /opt/airflow/dags/dag_tomorrowio.py
[2026-06-30T18:08:11.744+0000] {logging_mixin.py:188} INFO - [2026-06-30T18:08:11.742+0000] {dag.py:3096} INFO - Sync 1 DAGs
[2026-06-30T18:08:11.815+0000] {logging_mixin.py:188} INFO - [2026-06-30T18:08:11.814+0000] {dag.py:3954} INFO - Setting next_dagrun for tomorrowio_bronze_to_silver to 2026-06-30 18:00:00+00:00, run_after=2026-06-30 19:00:00+00:00
[2026-06-30T18:08:11.856+0000] {processor.py:183} INFO - Processing /opt/airflow/dags/dag_tomorrowio.py took 1.882 seconds
[2026-06-30T18:08:42.689+0000] {processor.py:161} INFO - Started process (PID=20216) to work on /opt/airflow/dags/dag_tomorrowio.py
[2026-06-30T18:08:42.690+0000] {processor.py:830} INFO - Processing file /opt/airflow/dags/dag_tomorrowio.py for tasks to queue
[2026-06-30T18:08:42.691+0000] {logging_mixin.py:188} INFO - [2026-06-30T18:08:42.691+0000] {dagbag.py:545} INFO - Filling up the DagBag from /opt/airflow/dags/dag_tomorrowio.py
[2026-06-30T18:08:42.966+0000] {processor.py:840} INFO - DAG(s) 'tomorrowio_bronze_to_silver' retrieved from /opt/airflow/dags/dag_tomorrowio.py
[2026-06-30T18:08:42.976+0000] {logging_mixin.py:188} INFO - [2026-06-30T18:08:42.976+0000] {dag.py:3096} INFO - Sync 1 DAGs
[2026-06-30T18:08:42.983+0000] {logging_mixin.py:188} INFO - [2026-06-30T18:08:42.983+0000] {dag.py:3954} INFO - Setting next_dagrun for tomorrowio_bronze_to_silver to 2026-06-30 18:00:00+00:00, run_after=2026-06-30 19:00:00+00:00
[2026-06-30T18:08:42.990+0000] {processor.py:183} INFO - Processing /opt/airflow/dags/dag_tomorrowio.py took 0.306 seconds
[2026-06-30T18:09:13.741+0000] {processor.py:161} INFO - Started process (PID=20242) to work on /opt/airflow/dags/dag_tomorrowio.py
[2026-06-30T18:09:13.744+0000] {processor.py:830} INFO - Processing file /opt/airflow/dags/dag_tomorrowio.py for tasks to queue
[2026-06-30T18:09:13.747+0000] {logging_mixin.py:188} INFO - [2026-06-30T18:09:13.746+0000] {dagbag.py:545} INFO - Filling up the DagBag from /opt/airflow/dags/dag_tomorrowio.py
[2026-06-30T18:09:15.768+0000] {processor.py:840} INFO - DAG(s) 'tomorrowio_bronze_to_silver' retrieved from /opt/airflow/dags/dag_tomorrowio.py
[2026-06-30T18:09:15.856+0000] {logging_mixin.py:188} INFO - [2026-06-30T18:09:15.854+0000] {dag.py:3096} INFO - Sync 1 DAGs
[2026-06-30T18:09:15.914+0000] {logging_mixin.py:188} INFO - [2026-06-30T18:09:15.913+0000] {dag.py:3954} INFO - Setting next_dagrun for tomorrowio_bronze_to_silver to 2026-06-30 18:00:00+00:00, run_after=2026-06-30 19:00:00+00:00
[2026-06-30T18:09:15.986+0000] {processor.py:183} INFO - Processing /opt/airflow/dags/dag_tomorrowio.py took 2.259 seconds
[2026-06-30T18:09:47.990+0000] {processor.py:161} INFO - Started process (PID=20275) to work on /opt/airflow/dags/dag_tomorrowio.py
[2026-06-30T18:09:47.994+0000] {processor.py:830} INFO - Processing file /opt/airflow/dags/dag_tomorrowio.py for tasks to queue
[2026-06-30T18:09:47.995+0000] {logging_mixin.py:188} INFO - [2026-06-30T18:09:47.995+0000] {dagbag.py:545} INFO - Filling up the DagBag from /opt/airflow/dags/dag_tomorrowio.py
[2026-06-30T18:09:50.526+0000] {processor.py:840} INFO - DAG(s) 'tomorrowio_bronze_to_silver' retrieved from /opt/airflow/dags/dag_tomorrowio.py
[2026-06-30T18:09:50.630+0000] {logging_mixin.py:188} INFO - [2026-06-30T18:09:50.629+0000] {dag.py:3096} INFO - Sync 1 DAGs
[2026-06-30T18:09:50.740+0000] {logging_mixin.py:188} INFO - [2026-06-30T18:09:50.739+0000] {dag.py:3954} INFO - Setting next_dagrun for tomorrowio_bronze_to_silver to 2026-06-30 18:00:00+00:00, run_after=2026-06-30 19:00:00+00:00
[2026-06-30T18:09:50.805+0000] {processor.py:183} INFO - Processing /opt/airflow/dags/dag_tomorrowio.py took 2.833 seconds
[2026-06-30T18:10:21.900+0000] {processor.py:161} INFO - Started process (PID=20308) to work on /opt/airflow/dags/dag_tomorrowio.py
[2026-06-30T18:10:21.904+0000] {processor.py:830} INFO - Processing file /opt/airflow/dags/dag_tomorrowio.py for tasks to queue
[2026-06-30T18:10:21.906+0000] {logging_mixin.py:188} INFO - [2026-06-30T18:10:21.905+0000] {dagbag.py:545} INFO - Filling up the DagBag from /opt/airflow/dags/dag_tomorrowio.py
[2026-06-30T18:10:24.027+0000] {processor.py:840} INFO - DAG(s) 'tomorrowio_bronze_to_silver' retrieved from /opt/airflow/dags/dag_tomorrowio.py
[2026-06-30T18:10:24.143+0000] {logging_mixin.py:188} INFO - [2026-06-30T18:10:24.140+0000] {dag.py:3096} INFO - Sync 1 DAGs
[2026-06-30T18:10:24.205+0000] {logging_mixin.py:188} INFO - [2026-06-30T18:10:24.204+0000] {dag.py:3954} INFO - Setting next_dagrun for tomorrowio_bronze_to_silver to 2026-06-30 18:00:00+00:00, run_after=2026-06-30 19:00:00+00:00
[2026-06-30T18:10:24.251+0000] {processor.py:183} INFO - Processing /opt/airflow/dags/dag_tomorrowio.py took 2.372 seconds
[2026-06-30T18:10:56.304+0000] {processor.py:161} INFO - Started process (PID=20343) to work on /opt/airflow/dags/dag_tomorrowio.py
[2026-06-30T18:10:56.311+0000] {processor.py:830} INFO - Processing file /opt/airflow/dags/dag_tomorrowio.py for tasks to queue
[2026-06-30T18:10:56.312+0000] {logging_mixin.py:188} INFO - [2026-06-30T18:10:56.312+0000] {dagbag.py:545} INFO - Filling up the DagBag from /opt/airflow/dags/dag_tomorrowio.py
[2026-06-30T18:10:59.258+0000] {processor.py:840} INFO - DAG(s) 'tomorrowio_bronze_to_silver' retrieved from /opt/airflow/dags/dag_tomorrowio.py
[2026-06-30T18:10:59.372+0000] {logging_mixin.py:188} INFO - [2026-06-30T18:10:59.370+0000] {dag.py:3096} INFO - Sync 1 DAGs
[2026-06-30T18:10:59.442+0000] {logging_mixin.py:188} INFO - [2026-06-30T18:10:59.441+0000] {dag.py:3954} INFO - Setting next_dagrun for tomorrowio_bronze_to_silver to 2026-06-30 18:00:00+00:00, run_after=2026-06-30 19:00:00+00:00
[2026-06-30T18:10:59.503+0000] {processor.py:183} INFO - Processing /opt/airflow/dags/dag_tomorrowio.py took 3.232 seconds
[2026-06-30T18:11:29.932+0000] {processor.py:161} INFO - Started process (PID=20381) to work on /opt/airflow/dags/dag_tomorrowio.py
[2026-06-30T18:11:29.933+0000] {processor.py:830} INFO - Processing file /opt/airflow/dags/dag_tomorrowio.py for tasks to queue
[2026-06-30T18:11:29.934+0000] {logging_mixin.py:188} INFO - [2026-06-30T18:11:29.934+0000] {dagbag.py:545} INFO - Filling up the DagBag from /opt/airflow/dags/dag_tomorrowio.py
[2026-06-30T18:11:30.236+0000] {processor.py:840} INFO - DAG(s) 'tomorrowio_bronze_to_silver' retrieved from /opt/airflow/dags/dag_tomorrowio.py
[2026-06-30T18:11:30.246+0000] {logging_mixin.py:188} INFO - [2026-06-30T18:11:30.246+0000] {dag.py:3096} INFO - Sync 1 DAGs
[2026-06-30T18:11:30.254+0000] {logging_mixin.py:188} INFO - [2026-06-30T18:11:30.254+0000] {dag.py:3954} INFO - Setting next_dagrun for tomorrowio_bronze_to_silver to 2026-06-30 18:00:00+00:00, run_after=2026-06-30 19:00:00+00:00
[2026-06-30T18:11:30.259+0000] {processor.py:183} INFO - Processing /opt/airflow/dags/dag_tomorrowio.py took 0.347 seconds
[2026-06-30T18:12:00.496+0000] {processor.py:161} INFO - Started process (PID=20414) to work on /opt/airflow/dags/dag_tomorrowio.py
[2026-06-30T18:12:00.502+0000] {processor.py:830} INFO - Processing file /opt/airflow/dags/dag_tomorrowio.py for tasks to queue
[2026-06-30T18:12:00.507+0000] {logging_mixin.py:188} INFO - [2026-06-30T18:12:00.506+0000] {dagbag.py:545} INFO - Filling up the DagBag from /opt/airflow/dags/dag_tomorrowio.py
[2026-06-30T18:12:01.071+0000] {processor.py:840} INFO - DAG(s) 'tomorrowio_bronze_to_silver' retrieved from /opt/airflow/dags/dag_tomorrowio.py
[2026-06-30T18:12:01.094+0000] {logging_mixin.py:188} INFO - [2026-06-30T18:12:01.094+0000] {dag.py:3096} INFO - Sync 1 DAGs
[2026-06-30T18:12:01.106+0000] {logging_mixin.py:188} INFO - [2026-06-30T18:12:01.106+0000] {dag.py:3954} INFO - Setting next_dagrun for tomorrowio_bronze_to_silver to 2026-06-30 18:00:00+00:00, run_after=2026-06-30 19:00:00+00:00
[2026-06-30T18:12:01.114+0000] {processor.py:183} INFO - Processing /opt/airflow/dags/dag_tomorrowio.py took 0.655 seconds
[2026-06-30T18:12:31.560+0000] {processor.py:161} INFO - Started process (PID=20447) to work on /opt/airflow/dags/dag_tomorrowio.py
[2026-06-30T18:12:31.562+0000] {processor.py:830} INFO - Processing file /opt/airflow/dags/dag_tomorrowio.py for tasks to queue
[2026-06-30T18:12:31.563+0000] {logging_mixin.py:188} INFO - [2026-06-30T18:12:31.562+0000] {dagbag.py:545} INFO - Filling up the DagBag from /opt/airflow/dags/dag_tomorrowio.py
[2026-06-30T18:12:31.863+0000] {processor.py:840} INFO - DAG(s) 'tomorrowio_bronze_to_silver' retrieved from /opt/airflow/dags/dag_tomorrowio.py
[2026-06-30T18:12:31.874+0000] {logging_mixin.py:188} INFO - [2026-06-30T18:12:31.874+0000] {dag.py:3096} INFO - Sync 1 DAGs
[2026-06-30T18:12:31.882+0000] {logging_mixin.py:188} INFO - [2026-06-30T18:12:31.882+0000] {dag.py:3954} INFO - Setting next_dagrun for tomorrowio_bronze_to_silver to 2026-06-30 18:00:00+00:00, run_after=2026-06-30 19:00:00+00:00
[2026-06-30T18:12:31.887+0000] {processor.py:183} INFO - Processing /opt/airflow/dags/dag_tomorrowio.py took 0.342 seconds
[2026-06-30T18:13:02.496+0000] {processor.py:161} INFO - Started process (PID=20480) to work on /opt/airflow/dags/dag_tomorrowio.py
[2026-06-30T18:13:02.498+0000] {processor.py:830} INFO - Processing file /opt/airflow/dags/dag_tomorrowio.py for tasks to queue
[2026-06-30T18:13:02.499+0000] {logging_mixin.py:188} INFO - [2026-06-30T18:13:02.498+0000] {dagbag.py:545} INFO - Filling up the DagBag from /opt/airflow/dags/dag_tomorrowio.py
[2026-06-30T18:13:02.739+0000] {processor.py:840} INFO - DAG(s) 'tomorrowio_bronze_to_silver' retrieved from /opt/airflow/dags/dag_tomorrowio.py
[2026-06-30T18:13:02.750+0000] {logging_mixin.py:188} INFO - [2026-06-30T18:13:02.750+0000] {dag.py:3096} INFO - Sync 1 DAGs
[2026-06-30T18:13:02.760+0000] {logging_mixin.py:188} INFO - [2026-06-30T18:13:02.760+0000] {dag.py:3954} INFO - Setting next_dagrun for tomorrowio_bronze_to_silver to 2026-06-30 18:00:00+00:00, run_after=2026-06-30 19:00:00+00:00
[2026-06-30T18:13:02.766+0000] {processor.py:183} INFO - Processing /opt/airflow/dags/dag_tomorrowio.py took 0.277 seconds
[2026-06-30T18:13:32.957+0000] {processor.py:161} INFO - Started process (PID=20513) to work on /opt/airflow/dags/dag_tomorrowio.py
[2026-06-30T18:13:32.962+0000] {processor.py:830} INFO - Processing file /opt/airflow/dags/dag_tomorrowio.py for tasks to queue
[2026-06-30T18:13:32.964+0000] {logging_mixin.py:188} INFO - [2026-06-30T18:13:32.964+0000] {dagbag.py:545} INFO - Filling up the DagBag from /opt/airflow/dags/dag_tomorrowio.py
[2026-06-30T18:13:33.432+0000] {processor.py:840} INFO - DAG(s) 'tomorrowio_bronze_to_silver' retrieved from /opt/airflow/dags/dag_tomorrowio.py
[2026-06-30T18:13:33.456+0000] {logging_mixin.py:188} INFO - [2026-06-30T18:13:33.456+0000] {dag.py:3096} INFO - Sync 1 DAGs
[2026-06-30T18:13:33.467+0000] {logging_mixin.py:188} INFO - [2026-06-30T18:13:33.467+0000] {dag.py:3954} INFO - Setting next_dagrun for tomorrowio_bronze_to_silver to 2026-06-30 18:00:00+00:00, run_after=2026-06-30 19:00:00+00:00
[2026-06-30T18:13:33.475+0000] {processor.py:183} INFO - Processing /opt/airflow/dags/dag_tomorrowio.py took 0.526 seconds
[2026-06-30T18:14:03.879+0000] {processor.py:161} INFO - Started process (PID=20546) to work on /opt/airflow/dags/dag_tomorrowio.py
[2026-06-30T18:14:03.881+0000] {processor.py:830} INFO - Processing file /opt/airflow/dags/dag_tomorrowio.py for tasks to queue
[2026-06-30T18:14:03.881+0000] {logging_mixin.py:188} INFO - [2026-06-30T18:14:03.881+0000] {dagbag.py:545} INFO - Filling up the DagBag from /opt/airflow/dags/dag_tomorrowio.py
[2026-06-30T18:14:04.110+0000] {processor.py:840} INFO - DAG(s) 'tomorrowio_bronze_to_silver' retrieved from /opt/airflow/dags/dag_tomorrowio.py
[2026-06-30T18:14:04.118+0000] {logging_mixin.py:188} INFO - [2026-06-30T18:14:04.118+0000] {dag.py:3096} INFO - Sync 1 DAGs
[2026-06-30T18:14:04.125+0000] {logging_mixin.py:188} INFO - [2026-06-30T18:14:04.125+0000] {dag.py:3954} INFO - Setting next_dagrun for tomorrowio_bronze_to_silver to 2026-06-30 18:00:00+00:00, run_after=2026-06-30 19:00:00+00:00
[2026-06-30T18:14:04.130+0000] {processor.py:183} INFO - Processing /opt/airflow/dags/dag_tomorrowio.py took 0.257 seconds
[2026-06-30T18:14:34.954+0000] {processor.py:161} INFO - Started process (PID=20579) to work on /opt/airflow/dags/dag_tomorrowio.py
[2026-06-30T18:14:34.955+0000] {processor.py:830} INFO - Processing file /opt/airflow/dags/dag_tomorrowio.py for tasks to queue
[2026-06-30T18:14:34.956+0000] {logging_mixin.py:188} INFO - [2026-06-30T18:14:34.955+0000] {dagbag.py:545} INFO - Filling up the DagBag from /opt/airflow/dags/dag_tomorrowio.py
[2026-06-30T18:14:35.190+0000] {processor.py:840} INFO - DAG(s) 'tomorrowio_bronze_to_silver' retrieved from /opt/airflow/dags/dag_tomorrowio.py
[2026-06-30T18:14:35.200+0000] {logging_mixin.py:188} INFO - [2026-06-30T18:14:35.199+0000] {dag.py:3096} INFO - Sync 1 DAGs
[2026-06-30T18:14:35.207+0000] {logging_mixin.py:188} INFO - [2026-06-30T18:14:35.207+0000] {dag.py:3954} INFO - Setting next_dagrun for tomorrowio_bronze_to_silver to 2026-06-30 18:00:00+00:00, run_after=2026-06-30 19:00:00+00:00
[2026-06-30T18:14:35.213+0000] {processor.py:183} INFO - Processing /opt/airflow/dags/dag_tomorrowio.py took 0.269 seconds
[2026-06-30T18:15:06.191+0000] {processor.py:161} INFO - Started process (PID=20612) to work on /opt/airflow/dags/dag_tomorrowio.py
[2026-06-30T18:15:06.193+0000] {processor.py:830} INFO - Processing file /opt/airflow/dags/dag_tomorrowio.py for tasks to queue
[2026-06-30T18:15:06.193+0000] {logging_mixin.py:188} INFO - [2026-06-30T18:15:06.193+0000] {dagbag.py:545} INFO - Filling up the DagBag from /opt/airflow/dags/dag_tomorrowio.py
[2026-06-30T18:15:06.391+0000] {processor.py:840} INFO - DAG(s) 'tomorrowio_bronze_to_silver' retrieved from /opt/airflow/dags/dag_tomorrowio.py
[2026-06-30T18:15:06.399+0000] {logging_mixin.py:188} INFO - [2026-06-30T18:15:06.399+0000] {dag.py:3096} INFO - Sync 1 DAGs
[2026-06-30T18:15:06.407+0000] {logging_mixin.py:188} INFO - [2026-06-30T18:15:06.407+0000] {dag.py:3954} INFO - Setting next_dagrun for tomorrowio_bronze_to_silver to 2026-06-30 18:00:00+00:00, run_after=2026-06-30 19:00:00+00:00
[2026-06-30T18:15:06.414+0000] {processor.py:183} INFO - Processing /opt/airflow/dags/dag_tomorrowio.py took 0.228 seconds
[2026-06-30T18:15:37.134+0000] {processor.py:161} INFO - Started process (PID=20645) to work on /opt/airflow/dags/dag_tomorrowio.py
[2026-06-30T18:15:37.135+0000] {processor.py:830} INFO - Processing file /opt/airflow/dags/dag_tomorrowio.py for tasks to queue
[2026-06-30T18:15:37.136+0000] {logging_mixin.py:188} INFO - [2026-06-30T18:15:37.136+0000] {dagbag.py:545} INFO - Filling up the DagBag from /opt/airflow/dags/dag_tomorrowio.py
[2026-06-30T18:15:37.323+0000] {processor.py:840} INFO - DAG(s) 'tomorrowio_bronze_to_silver' retrieved from /opt/airflow/dags/dag_tomorrowio.py
[2026-06-30T18:15:37.331+0000] {logging_mixin.py:188} INFO - [2026-06-30T18:15:37.331+0000] {dag.py:3096} INFO - Sync 1 DAGs
[2026-06-30T18:15:37.338+0000] {logging_mixin.py:188} INFO - [2026-06-30T18:15:37.338+0000] {dag.py:3954} INFO - Setting next_dagrun for tomorrowio_bronze_to_silver to 2026-06-30 18:00:00+00:00, run_after=2026-06-30 19:00:00+00:00
[2026-06-30T18:15:37.344+0000] {processor.py:183} INFO - Processing /opt/airflow/dags/dag_tomorrowio.py took 0.214 seconds
[2026-06-30T18:16:08.290+0000] {processor.py:161} INFO - Started process (PID=20678) to work on /opt/airflow/dags/dag_tomorrowio.py
[2026-06-30T18:16:08.291+0000] {processor.py:830} INFO - Processing file /opt/airflow/dags/dag_tomorrowio.py for tasks to queue
[2026-06-30T18:16:08.291+0000] {logging_mixin.py:188} INFO - [2026-06-30T18:16:08.291+0000] {dagbag.py:545} INFO - Filling up the DagBag from /opt/airflow/dags/dag_tomorrowio.py
[2026-06-30T18:16:08.505+0000] {processor.py:840} INFO - DAG(s) 'tomorrowio_bronze_to_silver' retrieved from /opt/airflow/dags/dag_tomorrowio.py
[2026-06-30T18:16:08.513+0000] {logging_mixin.py:188} INFO - [2026-06-30T18:16:08.513+0000] {dag.py:3096} INFO - Sync 1 DAGs
[2026-06-30T18:16:08.520+0000] {logging_mixin.py:188} INFO - [2026-06-30T18:16:08.520+0000] {dag.py:3954} INFO - Setting next_dagrun for tomorrowio_bronze_to_silver to 2026-06-30 18:00:00+00:00, run_after=2026-06-30 19:00:00+00:00
[2026-06-30T18:16:08.526+0000] {processor.py:183} INFO - Processing /opt/airflow/dags/dag_tomorrowio.py took 0.240 seconds
[2026-06-30T18:16:39.291+0000] {processor.py:161} INFO - Started process (PID=20711) to work on /opt/airflow/dags/dag_tomorrowio.py
[2026-06-30T18:16:39.292+0000] {processor.py:830} INFO - Processing file /opt/airflow/dags/dag_tomorrowio.py for tasks to queue
[2026-06-30T18:16:39.293+0000] {logging_mixin.py:188} INFO - [2026-06-30T18:16:39.293+0000] {dagbag.py:545} INFO - Filling up the DagBag from /opt/airflow/dags/dag_tomorrowio.py
[2026-06-30T18:16:39.534+0000] {processor.py:840} INFO - DAG(s) 'tomorrowio_bronze_to_silver' retrieved from /opt/airflow/dags/dag_tomorrowio.py
[2026-06-30T18:16:39.542+0000] {logging_mixin.py:188} INFO - [2026-06-30T18:16:39.542+0000] {dag.py:3096} INFO - Sync 1 DAGs
[2026-06-30T18:16:39.549+0000] {logging_mixin.py:188} INFO - [2026-06-30T18:16:39.548+0000] {dag.py:3954} INFO - Setting next_dagrun for tomorrowio_bronze_to_silver to 2026-06-30 18:00:00+00:00, run_after=2026-06-30 19:00:00+00:00
[2026-06-30T18:16:39.557+0000] {processor.py:183} INFO - Processing /opt/airflow/dags/dag_tomorrowio.py took 0.271 seconds
[2026-06-30T18:17:10.309+0000] {processor.py:161} INFO - Started process (PID=20744) to work on /opt/airflow/dags/dag_tomorrowio.py
[2026-06-30T18:17:10.311+0000] {processor.py:830} INFO - Processing file /opt/airflow/dags/dag_tomorrowio.py for tasks to queue
[2026-06-30T18:17:10.312+0000] {logging_mixin.py:188} INFO - [2026-06-30T18:17:10.312+0000] {dagbag.py:545} INFO - Filling up the DagBag from /opt/airflow/dags/dag_tomorrowio.py
[2026-06-30T18:17:10.550+0000] {processor.py:840} INFO - DAG(s) 'tomorrowio_bronze_to_silver' retrieved from /opt/airflow/dags/dag_tomorrowio.py
[2026-06-30T18:17:10.560+0000] {logging_mixin.py:188} INFO - [2026-06-30T18:17:10.560+0000] {dag.py:3096} INFO - Sync 1 DAGs
[2026-06-30T18:17:10.568+0000] {logging_mixin.py:188} INFO - [2026-06-30T18:17:10.568+0000] {dag.py:3954} INFO - Setting next_dagrun for tomorrowio_bronze_to_silver to 2026-06-30 18:00:00+00:00, run_after=2026-06-30 19:00:00+00:00
[2026-06-30T18:17:10.574+0000] {processor.py:183} INFO - Processing /opt/airflow/dags/dag_tomorrowio.py took 0.269 seconds
[2026-06-30T18:17:41.116+0000] {processor.py:161} INFO - Started process (PID=20777) to work on /opt/airflow/dags/dag_tomorrowio.py
[2026-06-30T18:17:41.117+0000] {processor.py:830} INFO - Processing file /opt/airflow/dags/dag_tomorrowio.py for tasks to queue
[2026-06-30T18:17:41.118+0000] {logging_mixin.py:188} INFO - [2026-06-30T18:17:41.117+0000] {dagbag.py:545} INFO - Filling up the DagBag from /opt/airflow/dags/dag_tomorrowio.py
[2026-06-30T18:17:41.342+0000] {processor.py:840} INFO - DAG(s) 'tomorrowio_bronze_to_silver' retrieved from /opt/airflow/dags/dag_tomorrowio.py
[2026-06-30T18:17:41.352+0000] {logging_mixin.py:188} INFO - [2026-06-30T18:17:41.352+0000] {dag.py:3096} INFO - Sync 1 DAGs
[2026-06-30T18:17:41.359+0000] {logging_mixin.py:188} INFO - [2026-06-30T18:17:41.359+0000] {dag.py:3954} INFO - Setting next_dagrun for tomorrowio_bronze_to_silver to 2026-06-30 18:00:00+00:00, run_after=2026-06-30 19:00:00+00:00
[2026-06-30T18:17:41.364+0000] {processor.py:183} INFO - Processing /opt/airflow/dags/dag_tomorrowio.py took 0.254 seconds
[2026-06-30T18:18:12.082+0000] {processor.py:161} INFO - Started process (PID=20810) to work on /opt/airflow/dags/dag_tomorrowio.py
[2026-06-30T18:18:12.084+0000] {processor.py:830} INFO - Processing file /opt/airflow/dags/dag_tomorrowio.py for tasks to queue
[2026-06-30T18:18:12.085+0000] {logging_mixin.py:188} INFO - [2026-06-30T18:18:12.084+0000] {dagbag.py:545} INFO - Filling up the DagBag from /opt/airflow/dags/dag_tomorrowio.py
[2026-06-30T18:18:12.288+0000] {processor.py:840} INFO - DAG(s) 'tomorrowio_bronze_to_silver' retrieved from /opt/airflow/dags/dag_tomorrowio.py
[2026-06-30T18:18:12.296+0000] {logging_mixin.py:188} INFO - [2026-06-30T18:18:12.296+0000] {dag.py:3096} INFO - Sync 1 DAGs
[2026-06-30T18:18:12.303+0000] {logging_mixin.py:188} INFO - [2026-06-30T18:18:12.303+0000] {dag.py:3954} INFO - Setting next_dagrun for tomorrowio_bronze_to_silver to 2026-06-30 18:00:00+00:00, run_after=2026-06-30 19:00:00+00:00
[2026-06-30T18:18:12.308+0000] {processor.py:183} INFO - Processing /opt/airflow/dags/dag_tomorrowio.py took 0.232 seconds
[2026-06-30T18:18:42.876+0000] {processor.py:161} INFO - Started process (PID=20843) to work on /opt/airflow/dags/dag_tomorrowio.py
[2026-06-30T18:18:42.877+0000] {processor.py:830} INFO - Processing file /opt/airflow/dags/dag_tomorrowio.py for tasks to queue
[2026-06-30T18:18:42.878+0000] {logging_mixin.py:188} INFO - [2026-06-30T18:18:42.877+0000] {dagbag.py:545} INFO - Filling up the DagBag from /opt/airflow/dags/dag_tomorrowio.py
[2026-06-30T18:18:43.060+0000] {processor.py:840} INFO - DAG(s) 'tomorrowio_bronze_to_silver' retrieved from /opt/airflow/dags/dag_tomorrowio.py
[2026-06-30T18:18:43.067+0000] {logging_mixin.py:188} INFO - [2026-06-30T18:18:43.067+0000] {dag.py:3096} INFO - Sync 1 DAGs
[2026-06-30T18:18:43.074+0000] {logging_mixin.py:188} INFO - [2026-06-30T18:18:43.074+0000] {dag.py:3954} INFO - Setting next_dagrun for tomorrowio_bronze_to_silver to 2026-06-30 18:00:00+00:00, run_after=2026-06-30 19:00:00+00:00
[2026-06-30T18:18:43.080+0000] {processor.py:183} INFO - Processing /opt/airflow/dags/dag_tomorrowio.py took 0.209 seconds
[2026-06-30T18:19:14.000+0000] {processor.py:161} INFO - Started process (PID=20876) to work on /opt/airflow/dags/dag_tomorrowio.py
[2026-06-30T18:19:14.002+0000] {processor.py:830} INFO - Processing file /opt/airflow/dags/dag_tomorrowio.py for tasks to queue
[2026-06-30T18:19:14.003+0000] {logging_mixin.py:188} INFO - [2026-06-30T18:19:14.003+0000] {dagbag.py:545} INFO - Filling up the DagBag from /opt/airflow/dags/dag_tomorrowio.py
[2026-06-30T18:19:14.286+0000] {processor.py:840} INFO - DAG(s) 'tomorrowio_bronze_to_silver' retrieved from /opt/airflow/dags/dag_tomorrowio.py
[2026-06-30T18:19:14.297+0000] {logging_mixin.py:188} INFO - [2026-06-30T18:19:14.297+0000] {dag.py:3096} INFO - Sync 1 DAGs
[2026-06-30T18:19:14.305+0000] {logging_mixin.py:188} INFO - [2026-06-30T18:19:14.305+0000] {dag.py:3954} INFO - Setting next_dagrun for tomorrowio_bronze_to_silver to 2026-06-30 18:00:00+00:00, run_after=2026-06-30 19:00:00+00:00
[2026-06-30T18:19:14.311+0000] {processor.py:183} INFO - Processing /opt/airflow/dags/dag_tomorrowio.py took 0.323 seconds
[2026-06-30T18:19:45.244+0000] {processor.py:161} INFO - Started process (PID=20909) to work on /opt/airflow/dags/dag_tomorrowio.py
[2026-06-30T18:19:45.246+0000] {processor.py:830} INFO - Processing file /opt/airflow/dags/dag_tomorrowio.py for tasks to queue
[2026-06-30T18:19:45.247+0000] {logging_mixin.py:188} INFO - [2026-06-30T18:19:45.247+0000] {dagbag.py:545} INFO - Filling up the DagBag from /opt/airflow/dags/dag_tomorrowio.py
[2026-06-30T18:19:45.449+0000] {processor.py:840} INFO - DAG(s) 'tomorrowio_bronze_to_silver' retrieved from /opt/airflow/dags/dag_tomorrowio.py
[2026-06-30T18:19:45.458+0000] {logging_mixin.py:188} INFO - [2026-06-30T18:19:45.458+0000] {dag.py:3096} INFO - Sync 1 DAGs
[2026-06-30T18:19:45.465+0000] {logging_mixin.py:188} INFO - [2026-06-30T18:19:45.464+0000] {dag.py:3954} INFO - Setting next_dagrun for tomorrowio_bronze_to_silver to 2026-06-30 18:00:00+00:00, run_after=2026-06-30 19:00:00+00:00
[2026-06-30T18:19:45.470+0000] {processor.py:183} INFO - Processing /opt/airflow/dags/dag_tomorrowio.py took 0.233 seconds
[2026-06-30T18:20:16.261+0000] {processor.py:161} INFO - Started process (PID=20942) to work on /opt/airflow/dags/dag_tomorrowio.py
[2026-06-30T18:20:16.264+0000] {processor.py:830} INFO - Processing file /opt/airflow/dags/dag_tomorrowio.py for tasks to queue
[2026-06-30T18:20:16.265+0000] {logging_mixin.py:188} INFO - [2026-06-30T18:20:16.264+0000] {dagbag.py:545} INFO - Filling up the DagBag from /opt/airflow/dags/dag_tomorrowio.py
[2026-06-30T18:20:16.477+0000] {processor.py:840} INFO - DAG(s) 'tomorrowio_bronze_to_silver' retrieved from /opt/airflow/dags/dag_tomorrowio.py
[2026-06-30T18:20:16.487+0000] {logging_mixin.py:188} INFO - [2026-06-30T18:20:16.486+0000] {dag.py:3096} INFO - Sync 1 DAGs
[2026-06-30T18:20:16.501+0000] {logging_mixin.py:188} INFO - [2026-06-30T18:20:16.501+0000] {dag.py:3954} INFO - Setting next_dagrun for tomorrowio_bronze_to_silver to 2026-06-30 18:00:00+00:00, run_after=2026-06-30 19:00:00+00:00
[2026-06-30T18:20:16.507+0000] {processor.py:183} INFO - Processing /opt/airflow/dags/dag_tomorrowio.py took 0.253 seconds
[2026-06-30T18:20:46.538+0000] {processor.py:161} INFO - Started process (PID=20973) to work on /opt/airflow/dags/dag_tomorrowio.py
[2026-06-30T18:20:46.539+0000] {processor.py:830} INFO - Processing file /opt/airflow/dags/dag_tomorrowio.py for tasks to queue
[2026-06-30T18:20:46.539+0000] {logging_mixin.py:188} INFO - [2026-06-30T18:20:46.539+0000] {dagbag.py:545} INFO - Filling up the DagBag from /opt/airflow/dags/dag_tomorrowio.py
[2026-06-30T18:20:46.716+0000] {processor.py:840} INFO - DAG(s) 'tomorrowio_bronze_to_silver' retrieved from /opt/airflow/dags/dag_tomorrowio.py
[2026-06-30T18:20:46.724+0000] {logging_mixin.py:188} INFO - [2026-06-30T18:20:46.723+0000] {dag.py:3096} INFO - Sync 1 DAGs
[2026-06-30T18:20:46.730+0000] {logging_mixin.py:188} INFO - [2026-06-30T18:20:46.730+0000] {dag.py:3954} INFO - Setting next_dagrun for tomorrowio_bronze_to_silver to 2026-06-30 18:00:00+00:00, run_after=2026-06-30 19:00:00+00:00
[2026-06-30T18:20:46.736+0000] {processor.py:183} INFO - Processing /opt/airflow/dags/dag_tomorrowio.py took 0.200 seconds
[2026-06-30T18:21:17.178+0000] {processor.py:161} INFO - Started process (PID=20986) to work on /opt/airflow/dags/dag_tomorrowio.py
[2026-06-30T18:21:17.181+0000] {processor.py:830} INFO - Processing file /opt/airflow/dags/dag_tomorrowio.py for tasks to queue
[2026-06-30T18:21:17.187+0000] {logging_mixin.py:188} INFO - [2026-06-30T18:21:17.183+0000] {dagbag.py:545} INFO - Filling up the DagBag from /opt/airflow/dags/dag_tomorrowio.py
[2026-06-30T18:21:17.700+0000] {processor.py:840} INFO - DAG(s) 'tomorrowio_bronze_to_silver' retrieved from /opt/airflow/dags/dag_tomorrowio.py
[2026-06-30T18:21:17.715+0000] {logging_mixin.py:188} INFO - [2026-06-30T18:21:17.715+0000] {dag.py:3096} INFO - Sync 1 DAGs
[2026-06-30T18:21:17.726+0000] {logging_mixin.py:188} INFO - [2026-06-30T18:21:17.726+0000] {dag.py:3954} INFO - Setting next_dagrun for tomorrowio_bronze_to_silver to 2026-06-30 18:00:00+00:00, run_after=2026-06-30 19:00:00+00:00
[2026-06-30T18:21:17.733+0000] {processor.py:183} INFO - Processing /opt/airflow/dags/dag_tomorrowio.py took 0.572 seconds
[2026-06-30T18:21:48.452+0000] {processor.py:161} INFO - Started process (PID=21019) to work on /opt/airflow/dags/dag_tomorrowio.py
[2026-06-30T18:21:48.454+0000] {processor.py:830} INFO - Processing file /opt/airflow/dags/dag_tomorrowio.py for tasks to queue
[2026-06-30T18:21:48.456+0000] {logging_mixin.py:188} INFO - [2026-06-30T18:21:48.456+0000] {dagbag.py:545} INFO - Filling up the DagBag from /opt/airflow/dags/dag_tomorrowio.py
[2026-06-30T18:21:48.912+0000] {processor.py:840} INFO - DAG(s) 'tomorrowio_bronze_to_silver' retrieved from /opt/airflow/dags/dag_tomorrowio.py
[2026-06-30T18:21:48.925+0000] {logging_mixin.py:188} INFO - [2026-06-30T18:21:48.925+0000] {dag.py:3096} INFO - Sync 1 DAGs
[2026-06-30T18:21:48.935+0000] {logging_mixin.py:188} INFO - [2026-06-30T18:21:48.935+0000] {dag.py:3954} INFO - Setting next_dagrun for tomorrowio_bronze_to_silver to 2026-06-30 18:00:00+00:00, run_after=2026-06-30 19:00:00+00:00
[2026-06-30T18:21:48.944+0000] {processor.py:183} INFO - Processing /opt/airflow/dags/dag_tomorrowio.py took 0.519 seconds
[2026-06-30T18:22:19.646+0000] {processor.py:161} INFO - Started process (PID=21052) to work on /opt/airflow/dags/dag_tomorrowio.py
[2026-06-30T18:22:19.649+0000] {processor.py:830} INFO - Processing file /opt/airflow/dags/dag_tomorrowio.py for tasks to queue
[2026-06-30T18:22:19.650+0000] {logging_mixin.py:188} INFO - [2026-06-30T18:22:19.650+0000] {dagbag.py:545} INFO - Filling up the DagBag from /opt/airflow/dags/dag_tomorrowio.py
[2026-06-30T18:22:20.057+0000] {processor.py:840} INFO - DAG(s) 'tomorrowio_bronze_to_silver' retrieved from /opt/airflow/dags/dag_tomorrowio.py
[2026-06-30T18:22:20.072+0000] {logging_mixin.py:188} INFO - [2026-06-30T18:22:20.072+0000] {dag.py:3096} INFO - Sync 1 DAGs
[2026-06-30T18:22:20.080+0000] {logging_mixin.py:188} INFO - [2026-06-30T18:22:20.080+0000] {dag.py:3954} INFO - Setting next_dagrun for tomorrowio_bronze_to_silver to 2026-06-30 18:00:00+00:00, run_after=2026-06-30 19:00:00+00:00
[2026-06-30T18:22:20.087+0000] {processor.py:183} INFO - Processing /opt/airflow/dags/dag_tomorrowio.py took 0.457 seconds
[2026-06-30T18:22:50.729+0000] {processor.py:161} INFO - Started process (PID=21085) to work on /opt/airflow/dags/dag_tomorrowio.py
[2026-06-30T18:22:50.730+0000] {processor.py:830} INFO - Processing file /opt/airflow/dags/dag_tomorrowio.py for tasks to queue
[2026-06-30T18:22:50.731+0000] {logging_mixin.py:188} INFO - [2026-06-30T18:22:50.731+0000] {dagbag.py:545} INFO - Filling up the DagBag from /opt/airflow/dags/dag_tomorrowio.py
[2026-06-30T18:22:51.079+0000] {processor.py:840} INFO - DAG(s) 'tomorrowio_bronze_to_silver' retrieved from /opt/airflow/dags/dag_tomorrowio.py
[2026-06-30T18:22:51.089+0000] {logging_mixin.py:188} INFO - [2026-06-30T18:22:51.089+0000] {dag.py:3096} INFO - Sync 1 DAGs
[2026-06-30T18:22:51.097+0000] {logging_mixin.py:188} INFO - [2026-06-30T18:22:51.097+0000] {dag.py:3954} INFO - Setting next_dagrun for tomorrowio_bronze_to_silver to 2026-06-30 18:00:00+00:00, run_after=2026-06-30 19:00:00+00:00
[2026-06-30T18:22:51.104+0000] {processor.py:183} INFO - Processing /opt/airflow/dags/dag_tomorrowio.py took 0.383 seconds
[2026-06-30T18:23:21.643+0000] {processor.py:161} INFO - Started process (PID=21118) to work on /opt/airflow/dags/dag_tomorrowio.py
[2026-06-30T18:23:21.645+0000] {processor.py:830} INFO - Processing file /opt/airflow/dags/dag_tomorrowio.py for tasks to queue
[2026-06-30T18:23:21.645+0000] {logging_mixin.py:188} INFO - [2026-06-30T18:23:21.645+0000] {dagbag.py:545} INFO - Filling up the DagBag from /opt/airflow/dags/dag_tomorrowio.py
[2026-06-30T18:23:22.018+0000] {processor.py:840} INFO - DAG(s) 'tomorrowio_bronze_to_silver' retrieved from /opt/airflow/dags/dag_tomorrowio.py
[2026-06-30T18:23:22.032+0000] {logging_mixin.py:188} INFO - [2026-06-30T18:23:22.032+0000] {dag.py:3096} INFO - Sync 1 DAGs
[2026-06-30T18:23:22.041+0000] {logging_mixin.py:188} INFO - [2026-06-30T18:23:22.041+0000] {dag.py:3954} INFO - Setting next_dagrun for tomorrowio_bronze_to_silver to 2026-06-30 18:00:00+00:00, run_after=2026-06-30 19:00:00+00:00
[2026-06-30T18:23:22.047+0000] {processor.py:183} INFO - Processing /opt/airflow/dags/dag_tomorrowio.py took 0.411 seconds
[2026-06-30T18:23:52.643+0000] {processor.py:161} INFO - Started process (PID=21151) to work on /opt/airflow/dags/dag_tomorrowio.py
[2026-06-30T18:23:52.645+0000] {processor.py:830} INFO - Processing file /opt/airflow/dags/dag_tomorrowio.py for tasks to queue
[2026-06-30T18:23:52.646+0000] {logging_mixin.py:188} INFO - [2026-06-30T18:23:52.645+0000] {dagbag.py:545} INFO - Filling up the DagBag from /opt/airflow/dags/dag_tomorrowio.py
[2026-06-30T18:23:53.006+0000] {processor.py:840} INFO - DAG(s) 'tomorrowio_bronze_to_silver' retrieved from /opt/airflow/dags/dag_tomorrowio.py
[2026-06-30T18:23:53.023+0000] {logging_mixin.py:188} INFO - [2026-06-30T18:23:53.023+0000] {dag.py:3096} INFO - Sync 1 DAGs
[2026-06-30T18:23:53.032+0000] {logging_mixin.py:188} INFO - [2026-06-30T18:23:53.032+0000] {dag.py:3954} INFO - Setting next_dagrun for tomorrowio_bronze_to_silver to 2026-06-30 18:00:00+00:00, run_after=2026-06-30 19:00:00+00:00
[2026-06-30T18:23:53.039+0000] {processor.py:183} INFO - Processing /opt/airflow/dags/dag_tomorrowio.py took 0.406 seconds
[2026-06-30T18:24:23.588+0000] {processor.py:161} INFO - Started process (PID=21184) to work on /opt/airflow/dags/dag_tomorrowio.py
[2026-06-30T18:24:23.596+0000] {processor.py:830} INFO - Processing file /opt/airflow/dags/dag_tomorrowio.py for tasks to queue
[2026-06-30T18:24:23.598+0000] {logging_mixin.py:188} INFO - [2026-06-30T18:24:23.597+0000] {dagbag.py:545} INFO - Filling up the DagBag from /opt/airflow/dags/dag_tomorrowio.py
[2026-06-30T18:24:24.055+0000] {processor.py:840} INFO - DAG(s) 'tomorrowio_bronze_to_silver' retrieved from /opt/airflow/dags/dag_tomorrowio.py
[2026-06-30T18:24:24.066+0000] {logging_mixin.py:188} INFO - [2026-06-30T18:24:24.066+0000] {dag.py:3096} INFO - Sync 1 DAGs
[2026-06-30T18:24:24.076+0000] {logging_mixin.py:188} INFO - [2026-06-30T18:24:24.076+0000] {dag.py:3954} INFO - Setting next_dagrun for tomorrowio_bronze_to_silver to 2026-06-30 18:00:00+00:00, run_after=2026-06-30 19:00:00+00:00
[2026-06-30T18:24:24.083+0000] {processor.py:183} INFO - Processing /opt/airflow/dags/dag_tomorrowio.py took 0.514 seconds
[2026-06-30T18:24:54.795+0000] {processor.py:161} INFO - Started process (PID=21217) to work on /opt/airflow/dags/dag_tomorrowio.py
[2026-06-30T18:24:54.797+0000] {processor.py:830} INFO - Processing file /opt/airflow/dags/dag_tomorrowio.py for tasks to queue
[2026-06-30T18:24:54.799+0000] {logging_mixin.py:188} INFO - [2026-06-30T18:24:54.798+0000] {dagbag.py:545} INFO - Filling up the DagBag from /opt/airflow/dags/dag_tomorrowio.py
[2026-06-30T18:24:55.320+0000] {processor.py:840} INFO - DAG(s) 'tomorrowio_bronze_to_silver' retrieved from /opt/airflow/dags/dag_tomorrowio.py
[2026-06-30T18:24:55.339+0000] {logging_mixin.py:188} INFO - [2026-06-30T18:24:55.338+0000] {dag.py:3096} INFO - Sync 1 DAGs
[2026-06-30T18:24:55.348+0000] {logging_mixin.py:188} INFO - [2026-06-30T18:24:55.348+0000] {dag.py:3954} INFO - Setting next_dagrun for tomorrowio_bronze_to_silver to 2026-06-30 18:00:00+00:00, run_after=2026-06-30 19:00:00+00:00
[2026-06-30T18:24:55.362+0000] {processor.py:183} INFO - Processing /opt/airflow/dags/dag_tomorrowio.py took 0.590 seconds
[2026-06-30T18:25:25.915+0000] {processor.py:161} INFO - Started process (PID=21250) to work on /opt/airflow/dags/dag_tomorrowio.py
[2026-06-30T18:25:25.919+0000] {processor.py:830} INFO - Processing file /opt/airflow/dags/dag_tomorrowio.py for tasks to queue
[2026-06-30T18:25:25.921+0000] {logging_mixin.py:188} INFO - [2026-06-30T18:25:25.920+0000] {dagbag.py:545} INFO - Filling up the DagBag from /opt/airflow/dags/dag_tomorrowio.py
[2026-06-30T18:25:26.461+0000] {processor.py:840} INFO - DAG(s) 'tomorrowio_bronze_to_silver' retrieved from /opt/airflow/dags/dag_tomorrowio.py
[2026-06-30T18:25:26.476+0000] {logging_mixin.py:188} INFO - [2026-06-30T18:25:26.476+0000] {dag.py:3096} INFO - Sync 1 DAGs
[2026-06-30T18:25:26.485+0000] {logging_mixin.py:188} INFO - [2026-06-30T18:25:26.485+0000] {dag.py:3954} INFO - Setting next_dagrun for tomorrowio_bronze_to_silver to 2026-06-30 18:00:00+00:00, run_after=2026-06-30 19:00:00+00:00
[2026-06-30T18:25:26.491+0000] {processor.py:183} INFO - Processing /opt/airflow/dags/dag_tomorrowio.py took 0.591 seconds
[2026-06-30T18:25:57.106+0000] {processor.py:161} INFO - Started process (PID=21283) to work on /opt/airflow/dags/dag_tomorrowio.py
[2026-06-30T18:25:57.109+0000] {processor.py:830} INFO - Processing file /opt/airflow/dags/dag_tomorrowio.py for tasks to queue
[2026-06-30T18:25:57.111+0000] {logging_mixin.py:188} INFO - [2026-06-30T18:25:57.111+0000] {dagbag.py:545} INFO - Filling up the DagBag from /opt/airflow/dags/dag_tomorrowio.py
[2026-06-30T18:25:57.630+0000] {processor.py:840} INFO - DAG(s) 'tomorrowio_bronze_to_silver' retrieved from /opt/airflow/dags/dag_tomorrowio.py
[2026-06-30T18:25:57.654+0000] {logging_mixin.py:188} INFO - [2026-06-30T18:25:57.654+0000] {dag.py:3096} INFO - Sync 1 DAGs
[2026-06-30T18:25:57.671+0000] {logging_mixin.py:188} INFO - [2026-06-30T18:25:57.671+0000] {dag.py:3954} INFO - Setting next_dagrun for tomorrowio_bronze_to_silver to 2026-06-30 18:00:00+00:00, run_after=2026-06-30 19:00:00+00:00
[2026-06-30T18:25:57.679+0000] {processor.py:183} INFO - Processing /opt/airflow/dags/dag_tomorrowio.py took 0.589 seconds
[2026-06-30T18:26:28.371+0000] {processor.py:161} INFO - Started process (PID=21316) to work on /opt/airflow/dags/dag_tomorrowio.py
[2026-06-30T18:26:28.374+0000] {processor.py:830} INFO - Processing file /opt/airflow/dags/dag_tomorrowio.py for tasks to queue
[2026-06-30T18:26:28.376+0000] {logging_mixin.py:188} INFO - [2026-06-30T18:26:28.375+0000] {dagbag.py:545} INFO - Filling up the DagBag from /opt/airflow/dags/dag_tomorrowio.py
[2026-06-30T18:26:28.858+0000] {processor.py:840} INFO - DAG(s) 'tomorrowio_bronze_to_silver' retrieved from /opt/airflow/dags/dag_tomorrowio.py
[2026-06-30T18:26:28.874+0000] {logging_mixin.py:188} INFO - [2026-06-30T18:26:28.874+0000] {dag.py:3096} INFO - Sync 1 DAGs
[2026-06-30T18:26:28.885+0000] {logging_mixin.py:188} INFO - [2026-06-30T18:26:28.885+0000] {dag.py:3954} INFO - Setting next_dagrun for tomorrowio_bronze_to_silver to 2026-06-30 18:00:00+00:00, run_after=2026-06-30 19:00:00+00:00
[2026-06-30T18:26:28.893+0000] {processor.py:183} INFO - Processing /opt/airflow/dags/dag_tomorrowio.py took 0.534 seconds
[2026-06-30T18:26:59.593+0000] {processor.py:161} INFO - Started process (PID=21349) to work on /opt/airflow/dags/dag_tomorrowio.py
[2026-06-30T18:26:59.595+0000] {processor.py:830} INFO - Processing file /opt/airflow/dags/dag_tomorrowio.py for tasks to queue
[2026-06-30T18:26:59.596+0000] {logging_mixin.py:188} INFO - [2026-06-30T18:26:59.596+0000] {dagbag.py:545} INFO - Filling up the DagBag from /opt/airflow/dags/dag_tomorrowio.py
[2026-06-30T18:27:00.028+0000] {processor.py:840} INFO - DAG(s) 'tomorrowio_bronze_to_silver' retrieved from /opt/airflow/dags/dag_tomorrowio.py
[2026-06-30T18:27:00.049+0000] {logging_mixin.py:188} INFO - [2026-06-30T18:27:00.049+0000] {dag.py:3096} INFO - Sync 1 DAGs
[2026-06-30T18:27:00.064+0000] {logging_mixin.py:188} INFO - [2026-06-30T18:27:00.064+0000] {dag.py:3954} INFO - Setting next_dagrun for tomorrowio_bronze_to_silver to 2026-06-30 18:00:00+00:00, run_after=2026-06-30 19:00:00+00:00
[2026-06-30T18:27:00.072+0000] {processor.py:183} INFO - Processing /opt/airflow/dags/dag_tomorrowio.py took 0.495 seconds
[2026-06-30T18:27:30.768+0000] {processor.py:161} INFO - Started process (PID=21382) to work on /opt/airflow/dags/dag_tomorrowio.py
[2026-06-30T18:27:30.771+0000] {processor.py:830} INFO - Processing file /opt/airflow/dags/dag_tomorrowio.py for tasks to queue
[2026-06-30T18:27:30.775+0000] {logging_mixin.py:188} INFO - [2026-06-30T18:27:30.775+0000] {dagbag.py:545} INFO - Filling up the DagBag from /opt/airflow/dags/dag_tomorrowio.py
[2026-06-30T18:27:31.269+0000] {processor.py:840} INFO - DAG(s) 'tomorrowio_bronze_to_silver' retrieved from /opt/airflow/dags/dag_tomorrowio.py
[2026-06-30T18:27:31.291+0000] {logging_mixin.py:188} INFO - [2026-06-30T18:27:31.291+0000] {dag.py:3096} INFO - Sync 1 DAGs
[2026-06-30T18:27:31.302+0000] {logging_mixin.py:188} INFO - [2026-06-30T18:27:31.302+0000] {dag.py:3954} INFO - Setting next_dagrun for tomorrowio_bronze_to_silver to 2026-06-30 18:00:00+00:00, run_after=2026-06-30 19:00:00+00:00
[2026-06-30T18:27:31.311+0000] {processor.py:183} INFO - Processing /opt/airflow/dags/dag_tomorrowio.py took 0.569 seconds
[2026-06-30T18:28:02.016+0000] {processor.py:161} INFO - Started process (PID=21415) to work on /opt/airflow/dags/dag_tomorrowio.py
[2026-06-30T18:28:02.020+0000] {processor.py:830} INFO - Processing file /opt/airflow/dags/dag_tomorrowio.py for tasks to queue
[2026-06-30T18:28:02.025+0000] {logging_mixin.py:188} INFO - [2026-06-30T18:28:02.023+0000] {dagbag.py:545} INFO - Filling up the DagBag from /opt/airflow/dags/dag_tomorrowio.py
[2026-06-30T18:28:02.449+0000] {processor.py:840} INFO - DAG(s) 'tomorrowio_bronze_to_silver' retrieved from /opt/airflow/dags/dag_tomorrowio.py
[2026-06-30T18:28:02.461+0000] {logging_mixin.py:188} INFO - [2026-06-30T18:28:02.461+0000] {dag.py:3096} INFO - Sync 1 DAGs
[2026-06-30T18:28:02.471+0000] {logging_mixin.py:188} INFO - [2026-06-30T18:28:02.471+0000] {dag.py:3954} INFO - Setting next_dagrun for tomorrowio_bronze_to_silver to 2026-06-30 18:00:00+00:00, run_after=2026-06-30 19:00:00+00:00
[2026-06-30T18:28:02.478+0000] {processor.py:183} INFO - Processing /opt/airflow/dags/dag_tomorrowio.py took 0.479 seconds
[2026-06-30T18:28:33.050+0000] {processor.py:161} INFO - Started process (PID=21448) to work on /opt/airflow/dags/dag_tomorrowio.py
[2026-06-30T18:28:33.053+0000] {processor.py:830} INFO - Processing file /opt/airflow/dags/dag_tomorrowio.py for tasks to queue
[2026-06-30T18:28:33.055+0000] {logging_mixin.py:188} INFO - [2026-06-30T18:28:33.054+0000] {dagbag.py:545} INFO - Filling up the DagBag from /opt/airflow/dags/dag_tomorrowio.py
[2026-06-30T18:28:33.531+0000] {processor.py:840} INFO - DAG(s) 'tomorrowio_bronze_to_silver' retrieved from /opt/airflow/dags/dag_tomorrowio.py
[2026-06-30T18:28:33.544+0000] {logging_mixin.py:188} INFO - [2026-06-30T18:28:33.544+0000] {dag.py:3096} INFO - Sync 1 DAGs
[2026-06-30T18:28:33.552+0000] {logging_mixin.py:188} INFO - [2026-06-30T18:28:33.552+0000] {dag.py:3954} INFO - Setting next_dagrun for tomorrowio_bronze_to_silver to 2026-06-30 18:00:00+00:00, run_after=2026-06-30 19:00:00+00:00
[2026-06-30T18:28:33.559+0000] {processor.py:183} INFO - Processing /opt/airflow/dags/dag_tomorrowio.py took 0.524 seconds
[2026-06-30T18:29:04.090+0000] {processor.py:161} INFO - Started process (PID=21481) to work on /opt/airflow/dags/dag_tomorrowio.py
[2026-06-30T18:29:04.093+0000] {processor.py:830} INFO - Processing file /opt/airflow/dags/dag_tomorrowio.py for tasks to queue
[2026-06-30T18:29:04.095+0000] {logging_mixin.py:188} INFO - [2026-06-30T18:29:04.094+0000] {dagbag.py:545} INFO - Filling up the DagBag from /opt/airflow/dags/dag_tomorrowio.py
[2026-06-30T18:29:04.615+0000] {processor.py:840} INFO - DAG(s) 'tomorrowio_bronze_to_silver' retrieved from /opt/airflow/dags/dag_tomorrowio.py
[2026-06-30T18:29:04.629+0000] {logging_mixin.py:188} INFO - [2026-06-30T18:29:04.628+0000] {dag.py:3096} INFO - Sync 1 DAGs
[2026-06-30T18:29:04.641+0000] {logging_mixin.py:188} INFO - [2026-06-30T18:29:04.640+0000] {dag.py:3954} INFO - Setting next_dagrun for tomorrowio_bronze_to_silver to 2026-06-30 18:00:00+00:00, run_after=2026-06-30 19:00:00+00:00
[2026-06-30T18:29:04.649+0000] {processor.py:183} INFO - Processing /opt/airflow/dags/dag_tomorrowio.py took 0.578 seconds
[2026-06-30T18:29:35.360+0000] {processor.py:161} INFO - Started process (PID=21514) to work on /opt/airflow/dags/dag_tomorrowio.py
[2026-06-30T18:29:35.362+0000] {processor.py:830} INFO - Processing file /opt/airflow/dags/dag_tomorrowio.py for tasks to queue
[2026-06-30T18:29:35.364+0000] {logging_mixin.py:188} INFO - [2026-06-30T18:29:35.363+0000] {dagbag.py:545} INFO - Filling up the DagBag from /opt/airflow/dags/dag_tomorrowio.py
[2026-06-30T18:29:35.824+0000] {processor.py:840} INFO - DAG(s) 'tomorrowio_bronze_to_silver' retrieved from /opt/airflow/dags/dag_tomorrowio.py
[2026-06-30T18:29:35.837+0000] {logging_mixin.py:188} INFO - [2026-06-30T18:29:35.837+0000] {dag.py:3096} INFO - Sync 1 DAGs
[2026-06-30T18:29:35.849+0000] {logging_mixin.py:188} INFO - [2026-06-30T18:29:35.849+0000] {dag.py:3954} INFO - Setting next_dagrun for tomorrowio_bronze_to_silver to 2026-06-30 18:00:00+00:00, run_after=2026-06-30 19:00:00+00:00
[2026-06-30T18:29:35.857+0000] {processor.py:183} INFO - Processing /opt/airflow/dags/dag_tomorrowio.py took 0.513 seconds
[2026-06-30T18:30:06.605+0000] {processor.py:161} INFO - Started process (PID=21547) to work on /opt/airflow/dags/dag_tomorrowio.py
[2026-06-30T18:30:06.607+0000] {processor.py:830} INFO - Processing file /opt/airflow/dags/dag_tomorrowio.py for tasks to queue
[2026-06-30T18:30:06.609+0000] {logging_mixin.py:188} INFO - [2026-06-30T18:30:06.608+0000] {dagbag.py:545} INFO - Filling up the DagBag from /opt/airflow/dags/dag_tomorrowio.py
[2026-06-30T18:30:07.122+0000] {processor.py:840} INFO - DAG(s) 'tomorrowio_bronze_to_silver' retrieved from /opt/airflow/dags/dag_tomorrowio.py
[2026-06-30T18:30:07.147+0000] {logging_mixin.py:188} INFO - [2026-06-30T18:30:07.147+0000] {dag.py:3096} INFO - Sync 1 DAGs
[2026-06-30T18:30:07.160+0000] {logging_mixin.py:188} INFO - [2026-06-30T18:30:07.160+0000] {dag.py:3954} INFO - Setting next_dagrun for tomorrowio_bronze_to_silver to 2026-06-30 18:00:00+00:00, run_after=2026-06-30 19:00:00+00:00
[2026-06-30T18:30:07.171+0000] {processor.py:183} INFO - Processing /opt/airflow/dags/dag_tomorrowio.py took 0.580 seconds
[2026-06-30T18:30:37.881+0000] {processor.py:161} INFO - Started process (PID=21580) to work on /opt/airflow/dags/dag_tomorrowio.py
[2026-06-30T18:30:37.884+0000] {processor.py:830} INFO - Processing file /opt/airflow/dags/dag_tomorrowio.py for tasks to queue
[2026-06-30T18:30:37.887+0000] {logging_mixin.py:188} INFO - [2026-06-30T18:30:37.885+0000] {dagbag.py:545} INFO - Filling up the DagBag from /opt/airflow/dags/dag_tomorrowio.py
[2026-06-30T18:30:38.326+0000] {processor.py:840} INFO - DAG(s) 'tomorrowio_bronze_to_silver' retrieved from /opt/airflow/dags/dag_tomorrowio.py
[2026-06-30T18:30:38.338+0000] {logging_mixin.py:188} INFO - [2026-06-30T18:30:38.338+0000] {dag.py:3096} INFO - Sync 1 DAGs
[2026-06-30T18:30:38.348+0000] {logging_mixin.py:188} INFO - [2026-06-30T18:30:38.348+0000] {dag.py:3954} INFO - Setting next_dagrun for tomorrowio_bronze_to_silver to 2026-06-30 18:00:00+00:00, run_after=2026-06-30 19:00:00+00:00
[2026-06-30T18:30:38.356+0000] {processor.py:183} INFO - Processing /opt/airflow/dags/dag_tomorrowio.py took 0.488 seconds
[2026-06-30T18:31:09.075+0000] {processor.py:161} INFO - Started process (PID=21613) to work on /opt/airflow/dags/dag_tomorrowio.py
[2026-06-30T18:31:09.077+0000] {processor.py:830} INFO - Processing file /opt/airflow/dags/dag_tomorrowio.py for tasks to queue
[2026-06-30T18:31:09.082+0000] {logging_mixin.py:188} INFO - [2026-06-30T18:31:09.079+0000] {dagbag.py:545} INFO - Filling up the DagBag from /opt/airflow/dags/dag_tomorrowio.py
[2026-06-30T18:31:09.545+0000] {processor.py:840} INFO - DAG(s) 'tomorrowio_bronze_to_silver' retrieved from /opt/airflow/dags/dag_tomorrowio.py
[2026-06-30T18:31:09.560+0000] {logging_mixin.py:188} INFO - [2026-06-30T18:31:09.560+0000] {dag.py:3096} INFO - Sync 1 DAGs
[2026-06-30T18:31:09.574+0000] {logging_mixin.py:188} INFO - [2026-06-30T18:31:09.574+0000] {dag.py:3954} INFO - Setting next_dagrun for tomorrowio_bronze_to_silver to 2026-06-30 18:00:00+00:00, run_after=2026-06-30 19:00:00+00:00
[2026-06-30T18:31:09.581+0000] {processor.py:183} INFO - Processing /opt/airflow/dags/dag_tomorrowio.py took 0.530 seconds
[2026-06-30T18:31:40.290+0000] {processor.py:161} INFO - Started process (PID=21646) to work on /opt/airflow/dags/dag_tomorrowio.py
[2026-06-30T18:31:40.293+0000] {processor.py:830} INFO - Processing file /opt/airflow/dags/dag_tomorrowio.py for tasks to queue
[2026-06-30T18:31:40.294+0000] {logging_mixin.py:188} INFO - [2026-06-30T18:31:40.294+0000] {dagbag.py:545} INFO - Filling up the DagBag from /opt/airflow/dags/dag_tomorrowio.py
[2026-06-30T18:31:40.770+0000] {processor.py:840} INFO - DAG(s) 'tomorrowio_bronze_to_silver' retrieved from /opt/airflow/dags/dag_tomorrowio.py
[2026-06-30T18:31:40.786+0000] {logging_mixin.py:188} INFO - [2026-06-30T18:31:40.786+0000] {dag.py:3096} INFO - Sync 1 DAGs
[2026-06-30T18:31:40.795+0000] {logging_mixin.py:188} INFO - [2026-06-30T18:31:40.795+0000] {dag.py:3954} INFO - Setting next_dagrun for tomorrowio_bronze_to_silver to 2026-06-30 18:00:00+00:00, run_after=2026-06-30 19:00:00+00:00
[2026-06-30T18:31:40.803+0000] {processor.py:183} INFO - Processing /opt/airflow/dags/dag_tomorrowio.py took 0.527 seconds
[2026-06-30T18:32:12.024+0000] {processor.py:161} INFO - Started process (PID=21679) to work on /opt/airflow/dags/dag_tomorrowio.py
[2026-06-30T18:32:12.027+0000] {processor.py:830} INFO - Processing file /opt/airflow/dags/dag_tomorrowio.py for tasks to queue
[2026-06-30T18:32:12.031+0000] {logging_mixin.py:188} INFO - [2026-06-30T18:32:12.030+0000] {dagbag.py:545} INFO - Filling up the DagBag from /opt/airflow/dags/dag_tomorrowio.py
[2026-06-30T18:32:12.453+0000] {processor.py:840} INFO - DAG(s) 'tomorrowio_bronze_to_silver' retrieved from /opt/airflow/dags/dag_tomorrowio.py
[2026-06-30T18:32:12.475+0000] {logging_mixin.py:188} INFO - [2026-06-30T18:32:12.475+0000] {dag.py:3096} INFO - Sync 1 DAGs
[2026-06-30T18:32:12.489+0000] {logging_mixin.py:188} INFO - [2026-06-30T18:32:12.489+0000] {dag.py:3954} INFO - Setting next_dagrun for tomorrowio_bronze_to_silver to 2026-06-30 18:00:00+00:00, run_after=2026-06-30 19:00:00+00:00
[2026-06-30T18:32:12.497+0000] {processor.py:183} INFO - Processing /opt/airflow/dags/dag_tomorrowio.py took 0.486 seconds
[2026-06-30T18:32:43.162+0000] {processor.py:161} INFO - Started process (PID=21712) to work on /opt/airflow/dags/dag_tomorrowio.py
[2026-06-30T18:32:43.164+0000] {processor.py:830} INFO - Processing file /opt/airflow/dags/dag_tomorrowio.py for tasks to queue
[2026-06-30T18:32:43.165+0000] {logging_mixin.py:188} INFO - [2026-06-30T18:32:43.165+0000] {dagbag.py:545} INFO - Filling up the DagBag from /opt/airflow/dags/dag_tomorrowio.py
[2026-06-30T18:32:43.572+0000] {processor.py:840} INFO - DAG(s) 'tomorrowio_bronze_to_silver' retrieved from /opt/airflow/dags/dag_tomorrowio.py
[2026-06-30T18:32:43.590+0000] {logging_mixin.py:188} INFO - [2026-06-30T18:32:43.590+0000] {dag.py:3096} INFO - Sync 1 DAGs
[2026-06-30T18:32:43.599+0000] {logging_mixin.py:188} INFO - [2026-06-30T18:32:43.599+0000] {dag.py:3954} INFO - Setting next_dagrun for tomorrowio_bronze_to_silver to 2026-06-30 18:00:00+00:00, run_after=2026-06-30 19:00:00+00:00
[2026-06-30T18:32:43.607+0000] {processor.py:183} INFO - Processing /opt/airflow/dags/dag_tomorrowio.py took 0.468 seconds
[2026-06-30T18:33:14.251+0000] {processor.py:161} INFO - Started process (PID=21745) to work on /opt/airflow/dags/dag_tomorrowio.py
[2026-06-30T18:33:14.258+0000] {processor.py:830} INFO - Processing file /opt/airflow/dags/dag_tomorrowio.py for tasks to queue
[2026-06-30T18:33:14.260+0000] {logging_mixin.py:188} INFO - [2026-06-30T18:33:14.259+0000] {dagbag.py:545} INFO - Filling up the DagBag from /opt/airflow/dags/dag_tomorrowio.py
[2026-06-30T18:33:14.766+0000] {processor.py:840} INFO - DAG(s) 'tomorrowio_bronze_to_silver' retrieved from /opt/airflow/dags/dag_tomorrowio.py
[2026-06-30T18:33:14.783+0000] {logging_mixin.py:188} INFO - [2026-06-30T18:33:14.783+0000] {dag.py:3096} INFO - Sync 1 DAGs
[2026-06-30T18:33:14.793+0000] {logging_mixin.py:188} INFO - [2026-06-30T18:33:14.793+0000] {dag.py:3954} INFO - Setting next_dagrun for tomorrowio_bronze_to_silver to 2026-06-30 18:00:00+00:00, run_after=2026-06-30 19:00:00+00:00
[2026-06-30T18:33:14.803+0000] {processor.py:183} INFO - Processing /opt/airflow/dags/dag_tomorrowio.py took 0.567 seconds
[2026-06-30T18:33:45.541+0000] {processor.py:161} INFO - Started process (PID=21778) to work on /opt/airflow/dags/dag_tomorrowio.py
[2026-06-30T18:33:45.542+0000] {processor.py:830} INFO - Processing file /opt/airflow/dags/dag_tomorrowio.py for tasks to queue
[2026-06-30T18:33:45.544+0000] {logging_mixin.py:188} INFO - [2026-06-30T18:33:45.544+0000] {dagbag.py:545} INFO - Filling up the DagBag from /opt/airflow/dags/dag_tomorrowio.py
[2026-06-30T18:33:45.933+0000] {processor.py:840} INFO - DAG(s) 'tomorrowio_bronze_to_silver' retrieved from /opt/airflow/dags/dag_tomorrowio.py
[2026-06-30T18:33:45.953+0000] {logging_mixin.py:188} INFO - [2026-06-30T18:33:45.952+0000] {dag.py:3096} INFO - Sync 1 DAGs
[2026-06-30T18:33:45.961+0000] {logging_mixin.py:188} INFO - [2026-06-30T18:33:45.961+0000] {dag.py:3954} INFO - Setting next_dagrun for tomorrowio_bronze_to_silver to 2026-06-30 18:00:00+00:00, run_after=2026-06-30 19:00:00+00:00
[2026-06-30T18:33:45.969+0000] {processor.py:183} INFO - Processing /opt/airflow/dags/dag_tomorrowio.py took 0.447 seconds
[2026-06-30T18:34:16.745+0000] {processor.py:161} INFO - Started process (PID=21811) to work on /opt/airflow/dags/dag_tomorrowio.py
[2026-06-30T18:34:16.752+0000] {processor.py:830} INFO - Processing file /opt/airflow/dags/dag_tomorrowio.py for tasks to queue
[2026-06-30T18:34:16.753+0000] {logging_mixin.py:188} INFO - [2026-06-30T18:34:16.753+0000] {dagbag.py:545} INFO - Filling up the DagBag from /opt/airflow/dags/dag_tomorrowio.py
[2026-06-30T18:34:17.209+0000] {processor.py:840} INFO - DAG(s) 'tomorrowio_bronze_to_silver' retrieved from /opt/airflow/dags/dag_tomorrowio.py
[2026-06-30T18:34:17.223+0000] {logging_mixin.py:188} INFO - [2026-06-30T18:34:17.223+0000] {dag.py:3096} INFO - Sync 1 DAGs
[2026-06-30T18:34:17.232+0000] {logging_mixin.py:188} INFO - [2026-06-30T18:34:17.232+0000] {dag.py:3954} INFO - Setting next_dagrun for tomorrowio_bronze_to_silver to 2026-06-30 18:00:00+00:00, run_after=2026-06-30 19:00:00+00:00
[2026-06-30T18:34:17.239+0000] {processor.py:183} INFO - Processing /opt/airflow/dags/dag_tomorrowio.py took 0.518 seconds
[2026-06-30T18:34:47.954+0000] {processor.py:161} INFO - Started process (PID=21844) to work on /opt/airflow/dags/dag_tomorrowio.py
[2026-06-30T18:34:47.956+0000] {processor.py:830} INFO - Processing file /opt/airflow/dags/dag_tomorrowio.py for tasks to queue
[2026-06-30T18:34:47.957+0000] {logging_mixin.py:188} INFO - [2026-06-30T18:34:47.957+0000] {dagbag.py:545} INFO - Filling up the DagBag from /opt/airflow/dags/dag_tomorrowio.py
[2026-06-30T18:34:48.399+0000] {processor.py:840} INFO - DAG(s) 'tomorrowio_bronze_to_silver' retrieved from /opt/airflow/dags/dag_tomorrowio.py
[2026-06-30T18:34:48.428+0000] {logging_mixin.py:188} INFO - [2026-06-30T18:34:48.428+0000] {dag.py:3096} INFO - Sync 1 DAGs
[2026-06-30T18:34:48.443+0000] {logging_mixin.py:188} INFO - [2026-06-30T18:34:48.443+0000] {dag.py:3954} INFO - Setting next_dagrun for tomorrowio_bronze_to_silver to 2026-06-30 18:00:00+00:00, run_after=2026-06-30 19:00:00+00:00
[2026-06-30T18:34:48.452+0000] {processor.py:183} INFO - Processing /opt/airflow/dags/dag_tomorrowio.py took 0.513 seconds
[2026-06-30T18:35:19.158+0000] {processor.py:161} INFO - Started process (PID=21877) to work on /opt/airflow/dags/dag_tomorrowio.py
[2026-06-30T18:35:19.161+0000] {processor.py:830} INFO - Processing file /opt/airflow/dags/dag_tomorrowio.py for tasks to queue
[2026-06-30T18:35:19.164+0000] {logging_mixin.py:188} INFO - [2026-06-30T18:35:19.162+0000] {dagbag.py:545} INFO - Filling up the DagBag from /opt/airflow/dags/dag_tomorrowio.py
[2026-06-30T18:35:19.698+0000] {processor.py:840} INFO - DAG(s) 'tomorrowio_bronze_to_silver' retrieved from /opt/airflow/dags/dag_tomorrowio.py
[2026-06-30T18:35:19.716+0000] {logging_mixin.py:188} INFO - [2026-06-30T18:35:19.716+0000] {dag.py:3096} INFO - Sync 1 DAGs
[2026-06-30T18:35:19.725+0000] {logging_mixin.py:188} INFO - [2026-06-30T18:35:19.724+0000] {dag.py:3954} INFO - Setting next_dagrun for tomorrowio_bronze_to_silver to 2026-06-30 18:00:00+00:00, run_after=2026-06-30 19:00:00+00:00
[2026-06-30T18:35:19.733+0000] {processor.py:183} INFO - Processing /opt/airflow/dags/dag_tomorrowio.py took 0.592 seconds
[2026-06-30T18:35:50.253+0000] {processor.py:161} INFO - Started process (PID=21910) to work on /opt/airflow/dags/dag_tomorrowio.py
[2026-06-30T18:35:50.258+0000] {processor.py:830} INFO - Processing file /opt/airflow/dags/dag_tomorrowio.py for tasks to queue
[2026-06-30T18:35:50.261+0000] {logging_mixin.py:188} INFO - [2026-06-30T18:35:50.259+0000] {dagbag.py:545} INFO - Filling up the DagBag from /opt/airflow/dags/dag_tomorrowio.py
[2026-06-30T18:35:50.775+0000] {processor.py:840} INFO - DAG(s) 'tomorrowio_bronze_to_silver' retrieved from /opt/airflow/dags/dag_tomorrowio.py
[2026-06-30T18:35:50.793+0000] {logging_mixin.py:188} INFO - [2026-06-30T18:35:50.793+0000] {dag.py:3096} INFO - Sync 1 DAGs
[2026-06-30T18:35:50.804+0000] {logging_mixin.py:188} INFO - [2026-06-30T18:35:50.804+0000] {dag.py:3954} INFO - Setting next_dagrun for tomorrowio_bronze_to_silver to 2026-06-30 18:00:00+00:00, run_after=2026-06-30 19:00:00+00:00
[2026-06-30T18:35:50.811+0000] {processor.py:183} INFO - Processing /opt/airflow/dags/dag_tomorrowio.py took 0.579 seconds
[2026-06-30T18:36:21.400+0000] {processor.py:161} INFO - Started process (PID=21945) to work on /opt/airflow/dags/dag_tomorrowio.py
[2026-06-30T18:36:21.403+0000] {processor.py:830} INFO - Processing file /opt/airflow/dags/dag_tomorrowio.py for tasks to queue
[2026-06-30T18:36:21.404+0000] {logging_mixin.py:188} INFO - [2026-06-30T18:36:21.404+0000] {dagbag.py:545} INFO - Filling up the DagBag from /opt/airflow/dags/dag_tomorrowio.py
[2026-06-30T18:36:21.907+0000] {processor.py:840} INFO - DAG(s) 'tomorrowio_bronze_to_silver' retrieved from /opt/airflow/dags/dag_tomorrowio.py
[2026-06-30T18:36:21.923+0000] {logging_mixin.py:188} INFO - [2026-06-30T18:36:21.923+0000] {dag.py:3096} INFO - Sync 1 DAGs
[2026-06-30T18:36:21.934+0000] {logging_mixin.py:188} INFO - [2026-06-30T18:36:21.933+0000] {dag.py:3954} INFO - Setting next_dagrun for tomorrowio_bronze_to_silver to 2026-06-30 18:00:00+00:00, run_after=2026-06-30 19:00:00+00:00
[2026-06-30T18:36:21.942+0000] {processor.py:183} INFO - Processing /opt/airflow/dags/dag_tomorrowio.py took 0.557 seconds
[2026-06-30T18:36:52.436+0000] {processor.py:161} INFO - Started process (PID=21978) to work on /opt/airflow/dags/dag_tomorrowio.py
[2026-06-30T18:36:52.439+0000] {processor.py:830} INFO - Processing file /opt/airflow/dags/dag_tomorrowio.py for tasks to queue
[2026-06-30T18:36:52.442+0000] {logging_mixin.py:188} INFO - [2026-06-30T18:36:52.441+0000] {dagbag.py:545} INFO - Filling up the DagBag from /opt/airflow/dags/dag_tomorrowio.py
[2026-06-30T18:36:52.922+0000] {processor.py:840} INFO - DAG(s) 'tomorrowio_bronze_to_silver' retrieved from /opt/airflow/dags/dag_tomorrowio.py
[2026-06-30T18:36:52.938+0000] {logging_mixin.py:188} INFO - [2026-06-30T18:36:52.938+0000] {dag.py:3096} INFO - Sync 1 DAGs
[2026-06-30T18:36:52.950+0000] {logging_mixin.py:188} INFO - [2026-06-30T18:36:52.949+0000] {dag.py:3954} INFO - Setting next_dagrun for tomorrowio_bronze_to_silver to 2026-06-30 18:00:00+00:00, run_after=2026-06-30 19:00:00+00:00
[2026-06-30T18:36:52.958+0000] {processor.py:183} INFO - Processing /opt/airflow/dags/dag_tomorrowio.py took 0.540 seconds
[2026-06-30T18:37:23.569+0000] {processor.py:161} INFO - Started process (PID=22011) to work on /opt/airflow/dags/dag_tomorrowio.py
[2026-06-30T18:37:23.578+0000] {processor.py:830} INFO - Processing file /opt/airflow/dags/dag_tomorrowio.py for tasks to queue
[2026-06-30T18:37:23.581+0000] {logging_mixin.py:188} INFO - [2026-06-30T18:37:23.580+0000] {dagbag.py:545} INFO - Filling up the DagBag from /opt/airflow/dags/dag_tomorrowio.py
[2026-06-30T18:37:24.080+0000] {processor.py:840} INFO - DAG(s) 'tomorrowio_bronze_to_silver' retrieved from /opt/airflow/dags/dag_tomorrowio.py
[2026-06-30T18:37:24.097+0000] {logging_mixin.py:188} INFO - [2026-06-30T18:37:24.097+0000] {dag.py:3096} INFO - Sync 1 DAGs
[2026-06-30T18:37:24.107+0000] {logging_mixin.py:188} INFO - [2026-06-30T18:37:24.107+0000] {dag.py:3954} INFO - Setting next_dagrun for tomorrowio_bronze_to_silver to 2026-06-30 18:00:00+00:00, run_after=2026-06-30 19:00:00+00:00
[2026-06-30T18:37:24.115+0000] {processor.py:183} INFO - Processing /opt/airflow/dags/dag_tomorrowio.py took 0.575 seconds
[2026-06-30T18:37:54.651+0000] {processor.py:161} INFO - Started process (PID=22044) to work on /opt/airflow/dags/dag_tomorrowio.py
[2026-06-30T18:37:54.654+0000] {processor.py:830} INFO - Processing file /opt/airflow/dags/dag_tomorrowio.py for tasks to queue
[2026-06-30T18:37:54.655+0000] {logging_mixin.py:188} INFO - [2026-06-30T18:37:54.655+0000] {dagbag.py:545} INFO - Filling up the DagBag from /opt/airflow/dags/dag_tomorrowio.py
[2026-06-30T18:37:55.172+0000] {processor.py:840} INFO - DAG(s) 'tomorrowio_bronze_to_silver' retrieved from /opt/airflow/dags/dag_tomorrowio.py
[2026-06-30T18:37:55.188+0000] {logging_mixin.py:188} INFO - [2026-06-30T18:37:55.188+0000] {dag.py:3096} INFO - Sync 1 DAGs
[2026-06-30T18:37:55.200+0000] {logging_mixin.py:188} INFO - [2026-06-30T18:37:55.200+0000] {dag.py:3954} INFO - Setting next_dagrun for tomorrowio_bronze_to_silver to 2026-06-30 18:00:00+00:00, run_after=2026-06-30 19:00:00+00:00
[2026-06-30T18:37:55.210+0000] {processor.py:183} INFO - Processing /opt/airflow/dags/dag_tomorrowio.py took 0.575 seconds
[2026-06-30T18:38:25.831+0000] {processor.py:161} INFO - Started process (PID=22078) to work on /opt/airflow/dags/dag_tomorrowio.py
[2026-06-30T18:38:25.838+0000] {processor.py:830} INFO - Processing file /opt/airflow/dags/dag_tomorrowio.py for tasks to queue
[2026-06-30T18:38:25.842+0000] {logging_mixin.py:188} INFO - [2026-06-30T18:38:25.840+0000] {dagbag.py:545} INFO - Filling up the DagBag from /opt/airflow/dags/dag_tomorrowio.py
[2026-06-30T18:38:26.414+0000] {processor.py:840} INFO - DAG(s) 'tomorrowio_bronze_to_silver' retrieved from /opt/airflow/dags/dag_tomorrowio.py
[2026-06-30T18:38:26.430+0000] {logging_mixin.py:188} INFO - [2026-06-30T18:38:26.430+0000] {dag.py:3096} INFO - Sync 1 DAGs
[2026-06-30T18:38:26.448+0000] {logging_mixin.py:188} INFO - [2026-06-30T18:38:26.447+0000] {dag.py:3954} INFO - Setting next_dagrun for tomorrowio_bronze_to_silver to 2026-06-30 18:00:00+00:00, run_after=2026-06-30 19:00:00+00:00
[2026-06-30T18:38:26.459+0000] {processor.py:183} INFO - Processing /opt/airflow/dags/dag_tomorrowio.py took 0.651 seconds
[2026-06-30T18:38:57.022+0000] {processor.py:161} INFO - Started process (PID=22111) to work on /opt/airflow/dags/dag_tomorrowio.py
[2026-06-30T18:38:57.024+0000] {processor.py:830} INFO - Processing file /opt/airflow/dags/dag_tomorrowio.py for tasks to queue
[2026-06-30T18:38:57.026+0000] {logging_mixin.py:188} INFO - [2026-06-30T18:38:57.026+0000] {dagbag.py:545} INFO - Filling up the DagBag from /opt/airflow/dags/dag_tomorrowio.py
[2026-06-30T18:38:57.538+0000] {processor.py:840} INFO - DAG(s) 'tomorrowio_bronze_to_silver' retrieved from /opt/airflow/dags/dag_tomorrowio.py
[2026-06-30T18:38:57.552+0000] {logging_mixin.py:188} INFO - [2026-06-30T18:38:57.552+0000] {dag.py:3096} INFO - Sync 1 DAGs
[2026-06-30T18:38:57.563+0000] {logging_mixin.py:188} INFO - [2026-06-30T18:38:57.563+0000] {dag.py:3954} INFO - Setting next_dagrun for tomorrowio_bronze_to_silver to 2026-06-30 18:00:00+00:00, run_after=2026-06-30 19:00:00+00:00
[2026-06-30T18:38:57.570+0000] {processor.py:183} INFO - Processing /opt/airflow/dags/dag_tomorrowio.py took 0.557 seconds
[2026-06-30T18:39:28.116+0000] {processor.py:161} INFO - Started process (PID=22143) to work on /opt/airflow/dags/dag_tomorrowio.py
[2026-06-30T18:39:28.121+0000] {processor.py:830} INFO - Processing file /opt/airflow/dags/dag_tomorrowio.py for tasks to queue
[2026-06-30T18:39:28.123+0000] {logging_mixin.py:188} INFO - [2026-06-30T18:39:28.122+0000] {dagbag.py:545} INFO - Filling up the DagBag from /opt/airflow/dags/dag_tomorrowio.py
[2026-06-30T18:39:28.544+0000] {processor.py:840} INFO - DAG(s) 'tomorrowio_bronze_to_silver' retrieved from /opt/airflow/dags/dag_tomorrowio.py
[2026-06-30T18:39:28.559+0000] {logging_mixin.py:188} INFO - [2026-06-30T18:39:28.559+0000] {dag.py:3096} INFO - Sync 1 DAGs
[2026-06-30T18:39:28.572+0000] {logging_mixin.py:188} INFO - [2026-06-30T18:39:28.571+0000] {dag.py:3954} INFO - Setting next_dagrun for tomorrowio_bronze_to_silver to 2026-06-30 18:00:00+00:00, run_after=2026-06-30 19:00:00+00:00
[2026-06-30T18:39:28.578+0000] {processor.py:183} INFO - Processing /opt/airflow/dags/dag_tomorrowio.py took 0.469 seconds
[2026-06-30T18:39:59.102+0000] {processor.py:161} INFO - Started process (PID=22177) to work on /opt/airflow/dags/dag_tomorrowio.py
[2026-06-30T18:39:59.106+0000] {processor.py:830} INFO - Processing file /opt/airflow/dags/dag_tomorrowio.py for tasks to queue
[2026-06-30T18:39:59.109+0000] {logging_mixin.py:188} INFO - [2026-06-30T18:39:59.106+0000] {dagbag.py:545} INFO - Filling up the DagBag from /opt/airflow/dags/dag_tomorrowio.py
[2026-06-30T18:39:59.532+0000] {processor.py:840} INFO - DAG(s) 'tomorrowio_bronze_to_silver' retrieved from /opt/airflow/dags/dag_tomorrowio.py
[2026-06-30T18:39:59.546+0000] {logging_mixin.py:188} INFO - [2026-06-30T18:39:59.546+0000] {dag.py:3096} INFO - Sync 1 DAGs
[2026-06-30T18:39:59.560+0000] {logging_mixin.py:188} INFO - [2026-06-30T18:39:59.560+0000] {dag.py:3954} INFO - Setting next_dagrun for tomorrowio_bronze_to_silver to 2026-06-30 18:00:00+00:00, run_after=2026-06-30 19:00:00+00:00
[2026-06-30T18:39:59.567+0000] {processor.py:183} INFO - Processing /opt/airflow/dags/dag_tomorrowio.py took 0.479 seconds
[2026-06-30T18:40:30.094+0000] {processor.py:161} INFO - Started process (PID=22208) to work on /opt/airflow/dags/dag_tomorrowio.py
[2026-06-30T18:40:30.100+0000] {processor.py:830} INFO - Processing file /opt/airflow/dags/dag_tomorrowio.py for tasks to queue
[2026-06-30T18:40:30.102+0000] {logging_mixin.py:188} INFO - [2026-06-30T18:40:30.101+0000] {dagbag.py:545} INFO - Filling up the DagBag from /opt/airflow/dags/dag_tomorrowio.py
[2026-06-30T18:40:30.563+0000] {processor.py:840} INFO - DAG(s) 'tomorrowio_bronze_to_silver' retrieved from /opt/airflow/dags/dag_tomorrowio.py
[2026-06-30T18:40:30.577+0000] {logging_mixin.py:188} INFO - [2026-06-30T18:40:30.577+0000] {dag.py:3096} INFO - Sync 1 DAGs
[2026-06-30T18:40:30.586+0000] {logging_mixin.py:188} INFO - [2026-06-30T18:40:30.586+0000] {dag.py:3954} INFO - Setting next_dagrun for tomorrowio_bronze_to_silver to 2026-06-30 18:00:00+00:00, run_after=2026-06-30 19:00:00+00:00
[2026-06-30T18:40:30.592+0000] {processor.py:183} INFO - Processing /opt/airflow/dags/dag_tomorrowio.py took 0.516 seconds
[2026-06-30T18:41:01.171+0000] {processor.py:161} INFO - Started process (PID=22242) to work on /opt/airflow/dags/dag_tomorrowio.py
[2026-06-30T18:41:01.177+0000] {processor.py:830} INFO - Processing file /opt/airflow/dags/dag_tomorrowio.py for tasks to queue
[2026-06-30T18:41:01.180+0000] {logging_mixin.py:188} INFO - [2026-06-30T18:41:01.179+0000] {dagbag.py:545} INFO - Filling up the DagBag from /opt/airflow/dags/dag_tomorrowio.py
[2026-06-30T18:41:01.606+0000] {processor.py:840} INFO - DAG(s) 'tomorrowio_bronze_to_silver' retrieved from /opt/airflow/dags/dag_tomorrowio.py
[2026-06-30T18:41:01.623+0000] {logging_mixin.py:188} INFO - [2026-06-30T18:41:01.623+0000] {dag.py:3096} INFO - Sync 1 DAGs
[2026-06-30T18:41:01.631+0000] {logging_mixin.py:188} INFO - [2026-06-30T18:41:01.631+0000] {dag.py:3954} INFO - Setting next_dagrun for tomorrowio_bronze_to_silver to 2026-06-30 18:00:00+00:00, run_after=2026-06-30 19:00:00+00:00
[2026-06-30T18:41:01.637+0000] {processor.py:183} INFO - Processing /opt/airflow/dags/dag_tomorrowio.py took 0.490 seconds
[2026-06-30T18:41:32.122+0000] {processor.py:161} INFO - Started process (PID=22275) to work on /opt/airflow/dags/dag_tomorrowio.py
[2026-06-30T18:41:32.125+0000] {processor.py:830} INFO - Processing file /opt/airflow/dags/dag_tomorrowio.py for tasks to queue
[2026-06-30T18:41:32.129+0000] {logging_mixin.py:188} INFO - [2026-06-30T18:41:32.127+0000] {dagbag.py:545} INFO - Filling up the DagBag from /opt/airflow/dags/dag_tomorrowio.py
[2026-06-30T18:41:32.657+0000] {processor.py:840} INFO - DAG(s) 'tomorrowio_bronze_to_silver' retrieved from /opt/airflow/dags/dag_tomorrowio.py
[2026-06-30T18:41:32.680+0000] {logging_mixin.py:188} INFO - [2026-06-30T18:41:32.680+0000] {dag.py:3096} INFO - Sync 1 DAGs
[2026-06-30T18:41:32.692+0000] {logging_mixin.py:188} INFO - [2026-06-30T18:41:32.691+0000] {dag.py:3954} INFO - Setting next_dagrun for tomorrowio_bronze_to_silver to 2026-06-30 18:00:00+00:00, run_after=2026-06-30 19:00:00+00:00
[2026-06-30T18:41:32.699+0000] {processor.py:183} INFO - Processing /opt/airflow/dags/dag_tomorrowio.py took 0.594 seconds
[2026-06-30T18:42:03.420+0000] {processor.py:161} INFO - Started process (PID=22311) to work on /opt/airflow/dags/dag_tomorrowio.py
[2026-06-30T18:42:03.422+0000] {processor.py:830} INFO - Processing file /opt/airflow/dags/dag_tomorrowio.py for tasks to queue
[2026-06-30T18:42:03.423+0000] {logging_mixin.py:188} INFO - [2026-06-30T18:42:03.423+0000] {dagbag.py:545} INFO - Filling up the DagBag from /opt/airflow/dags/dag_tomorrowio.py
[2026-06-30T18:42:03.818+0000] {processor.py:840} INFO - DAG(s) 'tomorrowio_bronze_to_silver' retrieved from /opt/airflow/dags/dag_tomorrowio.py
[2026-06-30T18:42:03.835+0000] {logging_mixin.py:188} INFO - [2026-06-30T18:42:03.835+0000] {dag.py:3096} INFO - Sync 1 DAGs
[2026-06-30T18:42:03.843+0000] {logging_mixin.py:188} INFO - [2026-06-30T18:42:03.843+0000] {dag.py:3954} INFO - Setting next_dagrun for tomorrowio_bronze_to_silver to 2026-06-30 18:00:00+00:00, run_after=2026-06-30 19:00:00+00:00
[2026-06-30T18:42:03.849+0000] {processor.py:183} INFO - Processing /opt/airflow/dags/dag_tomorrowio.py took 0.438 seconds
[2026-06-30T18:42:34.386+0000] {processor.py:161} INFO - Started process (PID=22344) to work on /opt/airflow/dags/dag_tomorrowio.py
[2026-06-30T18:42:34.387+0000] {processor.py:830} INFO - Processing file /opt/airflow/dags/dag_tomorrowio.py for tasks to queue
[2026-06-30T18:42:34.388+0000] {logging_mixin.py:188} INFO - [2026-06-30T18:42:34.388+0000] {dagbag.py:545} INFO - Filling up the DagBag from /opt/airflow/dags/dag_tomorrowio.py
[2026-06-30T18:42:34.734+0000] {processor.py:840} INFO - DAG(s) 'tomorrowio_bronze_to_silver' retrieved from /opt/airflow/dags/dag_tomorrowio.py
[2026-06-30T18:42:34.755+0000] {logging_mixin.py:188} INFO - [2026-06-30T18:42:34.755+0000] {dag.py:3096} INFO - Sync 1 DAGs
[2026-06-30T18:42:34.770+0000] {logging_mixin.py:188} INFO - [2026-06-30T18:42:34.770+0000] {dag.py:3954} INFO - Setting next_dagrun for tomorrowio_bronze_to_silver to 2026-06-30 18:00:00+00:00, run_after=2026-06-30 19:00:00+00:00
[2026-06-30T18:42:34.780+0000] {processor.py:183} INFO - Processing /opt/airflow/dags/dag_tomorrowio.py took 0.400 seconds
[2026-06-30T18:43:05.338+0000] {processor.py:161} INFO - Started process (PID=22377) to work on /opt/airflow/dags/dag_tomorrowio.py
[2026-06-30T18:43:05.340+0000] {processor.py:830} INFO - Processing file /opt/airflow/dags/dag_tomorrowio.py for tasks to queue
[2026-06-30T18:43:05.342+0000] {logging_mixin.py:188} INFO - [2026-06-30T18:43:05.342+0000] {dagbag.py:545} INFO - Filling up the DagBag from /opt/airflow/dags/dag_tomorrowio.py
[2026-06-30T18:43:05.819+0000] {processor.py:840} INFO - DAG(s) 'tomorrowio_bronze_to_silver' retrieved from /opt/airflow/dags/dag_tomorrowio.py
[2026-06-30T18:43:05.831+0000] {logging_mixin.py:188} INFO - [2026-06-30T18:43:05.831+0000] {dag.py:3096} INFO - Sync 1 DAGs
[2026-06-30T18:43:05.839+0000] {logging_mixin.py:188} INFO - [2026-06-30T18:43:05.839+0000] {dag.py:3954} INFO - Setting next_dagrun for tomorrowio_bronze_to_silver to 2026-06-30 18:00:00+00:00, run_after=2026-06-30 19:00:00+00:00
[2026-06-30T18:43:05.846+0000] {processor.py:183} INFO - Processing /opt/airflow/dags/dag_tomorrowio.py took 0.518 seconds
[2026-06-30T18:43:36.409+0000] {processor.py:161} INFO - Started process (PID=22410) to work on /opt/airflow/dags/dag_tomorrowio.py
[2026-06-30T18:43:36.412+0000] {processor.py:830} INFO - Processing file /opt/airflow/dags/dag_tomorrowio.py for tasks to queue
[2026-06-30T18:43:36.413+0000] {logging_mixin.py:188} INFO - [2026-06-30T18:43:36.413+0000] {dagbag.py:545} INFO - Filling up the DagBag from /opt/airflow/dags/dag_tomorrowio.py
[2026-06-30T18:43:36.781+0000] {processor.py:840} INFO - DAG(s) 'tomorrowio_bronze_to_silver' retrieved from /opt/airflow/dags/dag_tomorrowio.py
[2026-06-30T18:43:36.791+0000] {logging_mixin.py:188} INFO - [2026-06-30T18:43:36.791+0000] {dag.py:3096} INFO - Sync 1 DAGs
[2026-06-30T18:43:36.799+0000] {logging_mixin.py:188} INFO - [2026-06-30T18:43:36.799+0000] {dag.py:3954} INFO - Setting next_dagrun for tomorrowio_bronze_to_silver to 2026-06-30 18:00:00+00:00, run_after=2026-06-30 19:00:00+00:00
[2026-06-30T18:43:36.805+0000] {processor.py:183} INFO - Processing /opt/airflow/dags/dag_tomorrowio.py took 0.405 seconds
[2026-06-30T18:44:07.359+0000] {processor.py:161} INFO - Started process (PID=22443) to work on /opt/airflow/dags/dag_tomorrowio.py
[2026-06-30T18:44:07.363+0000] {processor.py:830} INFO - Processing file /opt/airflow/dags/dag_tomorrowio.py for tasks to queue
[2026-06-30T18:44:07.364+0000] {logging_mixin.py:188} INFO - [2026-06-30T18:44:07.364+0000] {dagbag.py:545} INFO - Filling up the DagBag from /opt/airflow/dags/dag_tomorrowio.py
[2026-06-30T18:44:07.847+0000] {processor.py:840} INFO - DAG(s) 'tomorrowio_bronze_to_silver' retrieved from /opt/airflow/dags/dag_tomorrowio.py
[2026-06-30T18:44:07.859+0000] {logging_mixin.py:188} INFO - [2026-06-30T18:44:07.858+0000] {dag.py:3096} INFO - Sync 1 DAGs
[2026-06-30T18:44:07.870+0000] {logging_mixin.py:188} INFO - [2026-06-30T18:44:07.870+0000] {dag.py:3954} INFO - Setting next_dagrun for tomorrowio_bronze_to_silver to 2026-06-30 18:00:00+00:00, run_after=2026-06-30 19:00:00+00:00
[2026-06-30T18:44:07.879+0000] {processor.py:183} INFO - Processing /opt/airflow/dags/dag_tomorrowio.py took 0.531 seconds
[2026-06-30T18:44:38.493+0000] {processor.py:161} INFO - Started process (PID=22476) to work on /opt/airflow/dags/dag_tomorrowio.py
[2026-06-30T18:44:38.495+0000] {processor.py:830} INFO - Processing file /opt/airflow/dags/dag_tomorrowio.py for tasks to queue
[2026-06-30T18:44:38.496+0000] {logging_mixin.py:188} INFO - [2026-06-30T18:44:38.496+0000] {dagbag.py:545} INFO - Filling up the DagBag from /opt/airflow/dags/dag_tomorrowio.py
[2026-06-30T18:44:38.942+0000] {processor.py:840} INFO - DAG(s) 'tomorrowio_bronze_to_silver' retrieved from /opt/airflow/dags/dag_tomorrowio.py
[2026-06-30T18:44:38.959+0000] {logging_mixin.py:188} INFO - [2026-06-30T18:44:38.958+0000] {dag.py:3096} INFO - Sync 1 DAGs
[2026-06-30T18:44:38.967+0000] {logging_mixin.py:188} INFO - [2026-06-30T18:44:38.967+0000] {dag.py:3954} INFO - Setting next_dagrun for tomorrowio_bronze_to_silver to 2026-06-30 18:00:00+00:00, run_after=2026-06-30 19:00:00+00:00
[2026-06-30T18:44:38.975+0000] {processor.py:183} INFO - Processing /opt/airflow/dags/dag_tomorrowio.py took 0.487 seconds
[2026-06-30T18:45:09.599+0000] {processor.py:161} INFO - Started process (PID=22509) to work on /opt/airflow/dags/dag_tomorrowio.py
[2026-06-30T18:45:09.600+0000] {processor.py:830} INFO - Processing file /opt/airflow/dags/dag_tomorrowio.py for tasks to queue
[2026-06-30T18:45:09.601+0000] {logging_mixin.py:188} INFO - [2026-06-30T18:45:09.600+0000] {dagbag.py:545} INFO - Filling up the DagBag from /opt/airflow/dags/dag_tomorrowio.py
[2026-06-30T18:45:10.024+0000] {processor.py:840} INFO - DAG(s) 'tomorrowio_bronze_to_silver' retrieved from /opt/airflow/dags/dag_tomorrowio.py
[2026-06-30T18:45:10.050+0000] {logging_mixin.py:188} INFO - [2026-06-30T18:45:10.049+0000] {dag.py:3096} INFO - Sync 1 DAGs
[2026-06-30T18:45:10.065+0000] {logging_mixin.py:188} INFO - [2026-06-30T18:45:10.065+0000] {dag.py:3954} INFO - Setting next_dagrun for tomorrowio_bronze_to_silver to 2026-06-30 18:00:00+00:00, run_after=2026-06-30 19:00:00+00:00
[2026-06-30T18:45:10.077+0000] {processor.py:183} INFO - Processing /opt/airflow/dags/dag_tomorrowio.py took 0.483 seconds
[2026-06-30T18:45:40.738+0000] {processor.py:161} INFO - Started process (PID=22542) to work on /opt/airflow/dags/dag_tomorrowio.py
[2026-06-30T18:45:40.741+0000] {processor.py:830} INFO - Processing file /opt/airflow/dags/dag_tomorrowio.py for tasks to queue
[2026-06-30T18:45:40.743+0000] {logging_mixin.py:188} INFO - [2026-06-30T18:45:40.742+0000] {dagbag.py:545} INFO - Filling up the DagBag from /opt/airflow/dags/dag_tomorrowio.py
[2026-06-30T18:45:41.257+0000] {processor.py:840} INFO - DAG(s) 'tomorrowio_bronze_to_silver' retrieved from /opt/airflow/dags/dag_tomorrowio.py
[2026-06-30T18:45:41.274+0000] {logging_mixin.py:188} INFO - [2026-06-30T18:45:41.274+0000] {dag.py:3096} INFO - Sync 1 DAGs
[2026-06-30T18:45:41.284+0000] {logging_mixin.py:188} INFO - [2026-06-30T18:45:41.284+0000] {dag.py:3954} INFO - Setting next_dagrun for tomorrowio_bronze_to_silver to 2026-06-30 18:00:00+00:00, run_after=2026-06-30 19:00:00+00:00
[2026-06-30T18:45:41.298+0000] {processor.py:183} INFO - Processing /opt/airflow/dags/dag_tomorrowio.py took 0.567 seconds
[2026-06-30T18:46:11.895+0000] {processor.py:161} INFO - Started process (PID=22575) to work on /opt/airflow/dags/dag_tomorrowio.py
[2026-06-30T18:46:11.898+0000] {processor.py:830} INFO - Processing file /opt/airflow/dags/dag_tomorrowio.py for tasks to queue
[2026-06-30T18:46:11.899+0000] {logging_mixin.py:188} INFO - [2026-06-30T18:46:11.899+0000] {dagbag.py:545} INFO - Filling up the DagBag from /opt/airflow/dags/dag_tomorrowio.py
[2026-06-30T18:46:12.359+0000] {processor.py:840} INFO - DAG(s) 'tomorrowio_bronze_to_silver' retrieved from /opt/airflow/dags/dag_tomorrowio.py
[2026-06-30T18:46:12.373+0000] {logging_mixin.py:188} INFO - [2026-06-30T18:46:12.373+0000] {dag.py:3096} INFO - Sync 1 DAGs
[2026-06-30T18:46:12.386+0000] {logging_mixin.py:188} INFO - [2026-06-30T18:46:12.386+0000] {dag.py:3954} INFO - Setting next_dagrun for tomorrowio_bronze_to_silver to 2026-06-30 18:00:00+00:00, run_after=2026-06-30 19:00:00+00:00
[2026-06-30T18:46:12.396+0000] {processor.py:183} INFO - Processing /opt/airflow/dags/dag_tomorrowio.py took 0.513 seconds
[2026-06-30T18:46:43.049+0000] {processor.py:161} INFO - Started process (PID=22608) to work on /opt/airflow/dags/dag_tomorrowio.py
[2026-06-30T18:46:43.051+0000] {processor.py:830} INFO - Processing file /opt/airflow/dags/dag_tomorrowio.py for tasks to queue
[2026-06-30T18:46:43.052+0000] {logging_mixin.py:188} INFO - [2026-06-30T18:46:43.052+0000] {dagbag.py:545} INFO - Filling up the DagBag from /opt/airflow/dags/dag_tomorrowio.py
[2026-06-30T18:46:43.497+0000] {processor.py:840} INFO - DAG(s) 'tomorrowio_bronze_to_silver' retrieved from /opt/airflow/dags/dag_tomorrowio.py
[2026-06-30T18:46:43.513+0000] {logging_mixin.py:188} INFO - [2026-06-30T18:46:43.513+0000] {dag.py:3096} INFO - Sync 1 DAGs
[2026-06-30T18:46:43.521+0000] {logging_mixin.py:188} INFO - [2026-06-30T18:46:43.521+0000] {dag.py:3954} INFO - Setting next_dagrun for tomorrowio_bronze_to_silver to 2026-06-30 18:00:00+00:00, run_after=2026-06-30 19:00:00+00:00
[2026-06-30T18:46:43.527+0000] {processor.py:183} INFO - Processing /opt/airflow/dags/dag_tomorrowio.py took 0.513 seconds
[2026-06-30T18:47:14.081+0000] {processor.py:161} INFO - Started process (PID=22641) to work on /opt/airflow/dags/dag_tomorrowio.py
[2026-06-30T18:47:14.083+0000] {processor.py:830} INFO - Processing file /opt/airflow/dags/dag_tomorrowio.py for tasks to queue
[2026-06-30T18:47:14.084+0000] {logging_mixin.py:188} INFO - [2026-06-30T18:47:14.083+0000] {dagbag.py:545} INFO - Filling up the DagBag from /opt/airflow/dags/dag_tomorrowio.py
[2026-06-30T18:47:14.561+0000] {processor.py:840} INFO - DAG(s) 'tomorrowio_bronze_to_silver' retrieved from /opt/airflow/dags/dag_tomorrowio.py
[2026-06-30T18:47:14.576+0000] {logging_mixin.py:188} INFO - [2026-06-30T18:47:14.576+0000] {dag.py:3096} INFO - Sync 1 DAGs
[2026-06-30T18:47:14.588+0000] {logging_mixin.py:188} INFO - [2026-06-30T18:47:14.588+0000] {dag.py:3954} INFO - Setting next_dagrun for tomorrowio_bronze_to_silver to 2026-06-30 18:00:00+00:00, run_after=2026-06-30 19:00:00+00:00
[2026-06-30T18:47:14.598+0000] {processor.py:183} INFO - Processing /opt/airflow/dags/dag_tomorrowio.py took 0.524 seconds
[2026-06-30T18:47:45.208+0000] {processor.py:161} INFO - Started process (PID=22674) to work on /opt/airflow/dags/dag_tomorrowio.py
[2026-06-30T18:47:45.210+0000] {processor.py:830} INFO - Processing file /opt/airflow/dags/dag_tomorrowio.py for tasks to queue
[2026-06-30T18:47:45.211+0000] {logging_mixin.py:188} INFO - [2026-06-30T18:47:45.211+0000] {dagbag.py:545} INFO - Filling up the DagBag from /opt/airflow/dags/dag_tomorrowio.py
[2026-06-30T18:47:45.719+0000] {processor.py:840} INFO - DAG(s) 'tomorrowio_bronze_to_silver' retrieved from /opt/airflow/dags/dag_tomorrowio.py
[2026-06-30T18:47:45.737+0000] {logging_mixin.py:188} INFO - [2026-06-30T18:47:45.737+0000] {dag.py:3096} INFO - Sync 1 DAGs
[2026-06-30T18:47:45.750+0000] {logging_mixin.py:188} INFO - [2026-06-30T18:47:45.750+0000] {dag.py:3954} INFO - Setting next_dagrun for tomorrowio_bronze_to_silver to 2026-06-30 18:00:00+00:00, run_after=2026-06-30 19:00:00+00:00
[2026-06-30T18:47:45.760+0000] {processor.py:183} INFO - Processing /opt/airflow/dags/dag_tomorrowio.py took 0.562 seconds
[2026-06-30T18:48:16.392+0000] {processor.py:161} INFO - Started process (PID=22707) to work on /opt/airflow/dags/dag_tomorrowio.py
[2026-06-30T18:48:16.393+0000] {processor.py:830} INFO - Processing file /opt/airflow/dags/dag_tomorrowio.py for tasks to queue
[2026-06-30T18:48:16.394+0000] {logging_mixin.py:188} INFO - [2026-06-30T18:48:16.394+0000] {dagbag.py:545} INFO - Filling up the DagBag from /opt/airflow/dags/dag_tomorrowio.py
[2026-06-30T18:48:16.762+0000] {processor.py:840} INFO - DAG(s) 'tomorrowio_bronze_to_silver' retrieved from /opt/airflow/dags/dag_tomorrowio.py
[2026-06-30T18:48:16.774+0000] {logging_mixin.py:188} INFO - [2026-06-30T18:48:16.774+0000] {dag.py:3096} INFO - Sync 1 DAGs
[2026-06-30T18:48:16.782+0000] {logging_mixin.py:188} INFO - [2026-06-30T18:48:16.782+0000] {dag.py:3954} INFO - Setting next_dagrun for tomorrowio_bronze_to_silver to 2026-06-30 18:00:00+00:00, run_after=2026-06-30 19:00:00+00:00
[2026-06-30T18:48:16.789+0000] {processor.py:183} INFO - Processing /opt/airflow/dags/dag_tomorrowio.py took 0.405 seconds
[2026-06-30T18:48:47.400+0000] {processor.py:161} INFO - Started process (PID=22740) to work on /opt/airflow/dags/dag_tomorrowio.py
[2026-06-30T18:48:47.403+0000] {processor.py:830} INFO - Processing file /opt/airflow/dags/dag_tomorrowio.py for tasks to queue
[2026-06-30T18:48:47.404+0000] {logging_mixin.py:188} INFO - [2026-06-30T18:48:47.403+0000] {dagbag.py:545} INFO - Filling up the DagBag from /opt/airflow/dags/dag_tomorrowio.py
[2026-06-30T18:48:47.902+0000] {processor.py:840} INFO - DAG(s) 'tomorrowio_bronze_to_silver' retrieved from /opt/airflow/dags/dag_tomorrowio.py
[2026-06-30T18:48:47.913+0000] {logging_mixin.py:188} INFO - [2026-06-30T18:48:47.913+0000] {dag.py:3096} INFO - Sync 1 DAGs
[2026-06-30T18:48:47.924+0000] {logging_mixin.py:188} INFO - [2026-06-30T18:48:47.924+0000] {dag.py:3954} INFO - Setting next_dagrun for tomorrowio_bronze_to_silver to 2026-06-30 18:00:00+00:00, run_after=2026-06-30 19:00:00+00:00
[2026-06-30T18:48:47.932+0000] {processor.py:183} INFO - Processing /opt/airflow/dags/dag_tomorrowio.py took 0.544 seconds
[2026-06-30T18:49:18.618+0000] {processor.py:161} INFO - Started process (PID=22773) to work on /opt/airflow/dags/dag_tomorrowio.py
[2026-06-30T18:49:18.619+0000] {processor.py:830} INFO - Processing file /opt/airflow/dags/dag_tomorrowio.py for tasks to queue
[2026-06-30T18:49:18.620+0000] {logging_mixin.py:188} INFO - [2026-06-30T18:49:18.620+0000] {dagbag.py:545} INFO - Filling up the DagBag from /opt/airflow/dags/dag_tomorrowio.py
[2026-06-30T18:49:18.989+0000] {processor.py:840} INFO - DAG(s) 'tomorrowio_bronze_to_silver' retrieved from /opt/airflow/dags/dag_tomorrowio.py
[2026-06-30T18:49:19.002+0000] {logging_mixin.py:188} INFO - [2026-06-30T18:49:19.002+0000] {dag.py:3096} INFO - Sync 1 DAGs
[2026-06-30T18:49:19.010+0000] {logging_mixin.py:188} INFO - [2026-06-30T18:49:19.010+0000] {dag.py:3954} INFO - Setting next_dagrun for tomorrowio_bronze_to_silver to 2026-06-30 18:00:00+00:00, run_after=2026-06-30 19:00:00+00:00
[2026-06-30T18:49:19.016+0000] {processor.py:183} INFO - Processing /opt/airflow/dags/dag_tomorrowio.py took 0.405 seconds
[2026-06-30T18:49:49.576+0000] {processor.py:161} INFO - Started process (PID=22806) to work on /opt/airflow/dags/dag_tomorrowio.py
[2026-06-30T18:49:49.578+0000] {processor.py:830} INFO - Processing file /opt/airflow/dags/dag_tomorrowio.py for tasks to queue
[2026-06-30T18:49:49.580+0000] {logging_mixin.py:188} INFO - [2026-06-30T18:49:49.579+0000] {dagbag.py:545} INFO - Filling up the DagBag from /opt/airflow/dags/dag_tomorrowio.py
[2026-06-30T18:49:50.073+0000] {processor.py:840} INFO - DAG(s) 'tomorrowio_bronze_to_silver' retrieved from /opt/airflow/dags/dag_tomorrowio.py
[2026-06-30T18:49:50.089+0000] {logging_mixin.py:188} INFO - [2026-06-30T18:49:50.089+0000] {dag.py:3096} INFO - Sync 1 DAGs
[2026-06-30T18:49:50.100+0000] {logging_mixin.py:188} INFO - [2026-06-30T18:49:50.099+0000] {dag.py:3954} INFO - Setting next_dagrun for tomorrowio_bronze_to_silver to 2026-06-30 18:00:00+00:00, run_after=2026-06-30 19:00:00+00:00
[2026-06-30T18:49:50.108+0000] {processor.py:183} INFO - Processing /opt/airflow/dags/dag_tomorrowio.py took 0.541 seconds
[2026-06-30T18:50:20.733+0000] {processor.py:161} INFO - Started process (PID=22839) to work on /opt/airflow/dags/dag_tomorrowio.py
[2026-06-30T18:50:20.735+0000] {processor.py:830} INFO - Processing file /opt/airflow/dags/dag_tomorrowio.py for tasks to queue
[2026-06-30T18:50:20.735+0000] {logging_mixin.py:188} INFO - [2026-06-30T18:50:20.735+0000] {dagbag.py:545} INFO - Filling up the DagBag from /opt/airflow/dags/dag_tomorrowio.py
[2026-06-30T18:50:21.141+0000] {processor.py:840} INFO - DAG(s) 'tomorrowio_bronze_to_silver' retrieved from /opt/airflow/dags/dag_tomorrowio.py
[2026-06-30T18:50:21.162+0000] {logging_mixin.py:188} INFO - [2026-06-30T18:50:21.162+0000] {dag.py:3096} INFO - Sync 1 DAGs
[2026-06-30T18:50:21.171+0000] {logging_mixin.py:188} INFO - [2026-06-30T18:50:21.171+0000] {dag.py:3954} INFO - Setting next_dagrun for tomorrowio_bronze_to_silver to 2026-06-30 18:00:00+00:00, run_after=2026-06-30 19:00:00+00:00
[2026-06-30T18:50:21.177+0000] {processor.py:183} INFO - Processing /opt/airflow/dags/dag_tomorrowio.py took 0.453 seconds
[2026-06-30T18:50:51.741+0000] {processor.py:161} INFO - Started process (PID=22872) to work on /opt/airflow/dags/dag_tomorrowio.py
[2026-06-30T18:50:51.744+0000] {processor.py:830} INFO - Processing file /opt/airflow/dags/dag_tomorrowio.py for tasks to queue
[2026-06-30T18:50:51.745+0000] {logging_mixin.py:188} INFO - [2026-06-30T18:50:51.744+0000] {dagbag.py:545} INFO - Filling up the DagBag from /opt/airflow/dags/dag_tomorrowio.py
[2026-06-30T18:50:52.170+0000] {processor.py:840} INFO - DAG(s) 'tomorrowio_bronze_to_silver' retrieved from /opt/airflow/dags/dag_tomorrowio.py
[2026-06-30T18:50:52.181+0000] {logging_mixin.py:188} INFO - [2026-06-30T18:50:52.181+0000] {dag.py:3096} INFO - Sync 1 DAGs
[2026-06-30T18:50:52.190+0000] {logging_mixin.py:188} INFO - [2026-06-30T18:50:52.190+0000] {dag.py:3954} INFO - Setting next_dagrun for tomorrowio_bronze_to_silver to 2026-06-30 18:00:00+00:00, run_after=2026-06-30 19:00:00+00:00
[2026-06-30T18:50:52.198+0000] {processor.py:183} INFO - Processing /opt/airflow/dags/dag_tomorrowio.py took 0.467 seconds
[2026-06-30T18:51:22.812+0000] {processor.py:161} INFO - Started process (PID=22905) to work on /opt/airflow/dags/dag_tomorrowio.py
[2026-06-30T18:51:22.815+0000] {processor.py:830} INFO - Processing file /opt/airflow/dags/dag_tomorrowio.py for tasks to queue
[2026-06-30T18:51:22.816+0000] {logging_mixin.py:188} INFO - [2026-06-30T18:51:22.815+0000] {dagbag.py:545} INFO - Filling up the DagBag from /opt/airflow/dags/dag_tomorrowio.py
[2026-06-30T18:51:23.367+0000] {processor.py:840} INFO - DAG(s) 'tomorrowio_bronze_to_silver' retrieved from /opt/airflow/dags/dag_tomorrowio.py
[2026-06-30T18:51:23.390+0000] {logging_mixin.py:188} INFO - [2026-06-30T18:51:23.389+0000] {dag.py:3096} INFO - Sync 1 DAGs
[2026-06-30T18:51:23.406+0000] {logging_mixin.py:188} INFO - [2026-06-30T18:51:23.406+0000] {dag.py:3954} INFO - Setting next_dagrun for tomorrowio_bronze_to_silver to 2026-06-30 18:00:00+00:00, run_after=2026-06-30 19:00:00+00:00
[2026-06-30T18:51:23.416+0000] {processor.py:183} INFO - Processing /opt/airflow/dags/dag_tomorrowio.py took 0.616 seconds
[2026-06-30T18:51:54.191+0000] {processor.py:161} INFO - Started process (PID=22938) to work on /opt/airflow/dags/dag_tomorrowio.py
[2026-06-30T18:51:54.195+0000] {processor.py:830} INFO - Processing file /opt/airflow/dags/dag_tomorrowio.py for tasks to queue
[2026-06-30T18:51:54.196+0000] {logging_mixin.py:188} INFO - [2026-06-30T18:51:54.196+0000] {dagbag.py:545} INFO - Filling up the DagBag from /opt/airflow/dags/dag_tomorrowio.py
[2026-06-30T18:51:54.646+0000] {processor.py:840} INFO - DAG(s) 'tomorrowio_bronze_to_silver' retrieved from /opt/airflow/dags/dag_tomorrowio.py
[2026-06-30T18:51:54.664+0000] {logging_mixin.py:188} INFO - [2026-06-30T18:51:54.664+0000] {dag.py:3096} INFO - Sync 1 DAGs
[2026-06-30T18:51:54.672+0000] {logging_mixin.py:188} INFO - [2026-06-30T18:51:54.672+0000] {dag.py:3954} INFO - Setting next_dagrun for tomorrowio_bronze_to_silver to 2026-06-30 18:00:00+00:00, run_after=2026-06-30 19:00:00+00:00
[2026-06-30T18:51:54.679+0000] {processor.py:183} INFO - Processing /opt/airflow/dags/dag_tomorrowio.py took 0.514 seconds
[2026-06-30T18:52:25.266+0000] {processor.py:161} INFO - Started process (PID=22971) to work on /opt/airflow/dags/dag_tomorrowio.py
[2026-06-30T18:52:25.267+0000] {processor.py:830} INFO - Processing file /opt/airflow/dags/dag_tomorrowio.py for tasks to queue
[2026-06-30T18:52:25.268+0000] {logging_mixin.py:188} INFO - [2026-06-30T18:52:25.267+0000] {dagbag.py:545} INFO - Filling up the DagBag from /opt/airflow/dags/dag_tomorrowio.py
[2026-06-30T18:52:25.636+0000] {processor.py:840} INFO - DAG(s) 'tomorrowio_bronze_to_silver' retrieved from /opt/airflow/dags/dag_tomorrowio.py
[2026-06-30T18:52:25.646+0000] {logging_mixin.py:188} INFO - [2026-06-30T18:52:25.646+0000] {dag.py:3096} INFO - Sync 1 DAGs
[2026-06-30T18:52:25.653+0000] {logging_mixin.py:188} INFO - [2026-06-30T18:52:25.653+0000] {dag.py:3954} INFO - Setting next_dagrun for tomorrowio_bronze_to_silver to 2026-06-30 18:00:00+00:00, run_after=2026-06-30 19:00:00+00:00
[2026-06-30T18:52:25.660+0000] {processor.py:183} INFO - Processing /opt/airflow/dags/dag_tomorrowio.py took 0.406 seconds
[2026-06-30T18:52:56.234+0000] {processor.py:161} INFO - Started process (PID=23004) to work on /opt/airflow/dags/dag_tomorrowio.py
[2026-06-30T18:52:56.236+0000] {processor.py:830} INFO - Processing file /opt/airflow/dags/dag_tomorrowio.py for tasks to queue
[2026-06-30T18:52:56.237+0000] {logging_mixin.py:188} INFO - [2026-06-30T18:52:56.237+0000] {dagbag.py:545} INFO - Filling up the DagBag from /opt/airflow/dags/dag_tomorrowio.py
[2026-06-30T18:52:56.846+0000] {processor.py:840} INFO - DAG(s) 'tomorrowio_bronze_to_silver' retrieved from /opt/airflow/dags/dag_tomorrowio.py
[2026-06-30T18:52:56.874+0000] {logging_mixin.py:188} INFO - [2026-06-30T18:52:56.873+0000] {dag.py:3096} INFO - Sync 1 DAGs
[2026-06-30T18:52:56.895+0000] {logging_mixin.py:188} INFO - [2026-06-30T18:52:56.895+0000] {dag.py:3954} INFO - Setting next_dagrun for tomorrowio_bronze_to_silver to 2026-06-30 18:00:00+00:00, run_after=2026-06-30 19:00:00+00:00
[2026-06-30T18:52:56.906+0000] {processor.py:183} INFO - Processing /opt/airflow/dags/dag_tomorrowio.py took 0.695 seconds
[2026-06-30T18:53:27.546+0000] {processor.py:161} INFO - Started process (PID=23037) to work on /opt/airflow/dags/dag_tomorrowio.py
[2026-06-30T18:53:27.549+0000] {processor.py:830} INFO - Processing file /opt/airflow/dags/dag_tomorrowio.py for tasks to queue
[2026-06-30T18:53:27.550+0000] {logging_mixin.py:188} INFO - [2026-06-30T18:53:27.550+0000] {dagbag.py:545} INFO - Filling up the DagBag from /opt/airflow/dags/dag_tomorrowio.py
[2026-06-30T18:53:27.940+0000] {processor.py:840} INFO - DAG(s) 'tomorrowio_bronze_to_silver' retrieved from /opt/airflow/dags/dag_tomorrowio.py
[2026-06-30T18:53:27.953+0000] {logging_mixin.py:188} INFO - [2026-06-30T18:53:27.953+0000] {dag.py:3096} INFO - Sync 1 DAGs
[2026-06-30T18:53:27.966+0000] {logging_mixin.py:188} INFO - [2026-06-30T18:53:27.966+0000] {dag.py:3954} INFO - Setting next_dagrun for tomorrowio_bronze_to_silver to 2026-06-30 18:00:00+00:00, run_after=2026-06-30 19:00:00+00:00
[2026-06-30T18:53:27.973+0000] {processor.py:183} INFO - Processing /opt/airflow/dags/dag_tomorrowio.py took 0.438 seconds
[2026-06-30T18:53:58.607+0000] {processor.py:161} INFO - Started process (PID=23070) to work on /opt/airflow/dags/dag_tomorrowio.py
[2026-06-30T18:53:58.609+0000] {processor.py:830} INFO - Processing file /opt/airflow/dags/dag_tomorrowio.py for tasks to queue
[2026-06-30T18:53:58.612+0000] {logging_mixin.py:188} INFO - [2026-06-30T18:53:58.610+0000] {dagbag.py:545} INFO - Filling up the DagBag from /opt/airflow/dags/dag_tomorrowio.py
[2026-06-30T18:53:59.090+0000] {processor.py:840} INFO - DAG(s) 'tomorrowio_bronze_to_silver' retrieved from /opt/airflow/dags/dag_tomorrowio.py
[2026-06-30T18:53:59.106+0000] {logging_mixin.py:188} INFO - [2026-06-30T18:53:59.105+0000] {dag.py:3096} INFO - Sync 1 DAGs
[2026-06-30T18:53:59.117+0000] {logging_mixin.py:188} INFO - [2026-06-30T18:53:59.117+0000] {dag.py:3954} INFO - Setting next_dagrun for tomorrowio_bronze_to_silver to 2026-06-30 18:00:00+00:00, run_after=2026-06-30 19:00:00+00:00
[2026-06-30T18:53:59.123+0000] {processor.py:183} INFO - Processing /opt/airflow/dags/dag_tomorrowio.py took 0.553 seconds
[2026-06-30T18:54:29.770+0000] {processor.py:161} INFO - Started process (PID=23103) to work on /opt/airflow/dags/dag_tomorrowio.py
[2026-06-30T18:54:29.772+0000] {processor.py:830} INFO - Processing file /opt/airflow/dags/dag_tomorrowio.py for tasks to queue
[2026-06-30T18:54:29.772+0000] {logging_mixin.py:188} INFO - [2026-06-30T18:54:29.772+0000] {dagbag.py:545} INFO - Filling up the DagBag from /opt/airflow/dags/dag_tomorrowio.py
[2026-06-30T18:54:30.157+0000] {processor.py:840} INFO - DAG(s) 'tomorrowio_bronze_to_silver' retrieved from /opt/airflow/dags/dag_tomorrowio.py
[2026-06-30T18:54:30.171+0000] {logging_mixin.py:188} INFO - [2026-06-30T18:54:30.170+0000] {dag.py:3096} INFO - Sync 1 DAGs
[2026-06-30T18:54:30.179+0000] {logging_mixin.py:188} INFO - [2026-06-30T18:54:30.179+0000] {dag.py:3954} INFO - Setting next_dagrun for tomorrowio_bronze_to_silver to 2026-06-30 18:00:00+00:00, run_after=2026-06-30 19:00:00+00:00
[2026-06-30T18:54:30.187+0000] {processor.py:183} INFO - Processing /opt/airflow/dags/dag_tomorrowio.py took 0.426 seconds
[2026-06-30T18:55:00.851+0000] {processor.py:161} INFO - Started process (PID=23136) to work on /opt/airflow/dags/dag_tomorrowio.py
[2026-06-30T18:55:00.856+0000] {processor.py:830} INFO - Processing file /opt/airflow/dags/dag_tomorrowio.py for tasks to queue
[2026-06-30T18:55:00.860+0000] {logging_mixin.py:188} INFO - [2026-06-30T18:55:00.859+0000] {dagbag.py:545} INFO - Filling up the DagBag from /opt/airflow/dags/dag_tomorrowio.py
[2026-06-30T18:55:01.571+0000] {processor.py:840} INFO - DAG(s) 'tomorrowio_bronze_to_silver' retrieved from /opt/airflow/dags/dag_tomorrowio.py
[2026-06-30T18:55:01.587+0000] {logging_mixin.py:188} INFO - [2026-06-30T18:55:01.587+0000] {dag.py:3096} INFO - Sync 1 DAGs
[2026-06-30T18:55:01.596+0000] {logging_mixin.py:188} INFO - [2026-06-30T18:55:01.596+0000] {dag.py:3954} INFO - Setting next_dagrun for tomorrowio_bronze_to_silver to 2026-06-30 18:00:00+00:00, run_after=2026-06-30 19:00:00+00:00
[2026-06-30T18:55:01.603+0000] {processor.py:183} INFO - Processing /opt/airflow/dags/dag_tomorrowio.py took 0.784 seconds
[2026-06-30T18:55:32.335+0000] {processor.py:161} INFO - Started process (PID=23169) to work on /opt/airflow/dags/dag_tomorrowio.py
[2026-06-30T18:55:32.338+0000] {processor.py:830} INFO - Processing file /opt/airflow/dags/dag_tomorrowio.py for tasks to queue
[2026-06-30T18:55:32.342+0000] {logging_mixin.py:188} INFO - [2026-06-30T18:55:32.341+0000] {dagbag.py:545} INFO - Filling up the DagBag from /opt/airflow/dags/dag_tomorrowio.py
[2026-06-30T18:55:32.776+0000] {processor.py:840} INFO - DAG(s) 'tomorrowio_bronze_to_silver' retrieved from /opt/airflow/dags/dag_tomorrowio.py
[2026-06-30T18:55:32.793+0000] {logging_mixin.py:188} INFO - [2026-06-30T18:55:32.793+0000] {dag.py:3096} INFO - Sync 1 DAGs
[2026-06-30T18:55:32.802+0000] {logging_mixin.py:188} INFO - [2026-06-30T18:55:32.802+0000] {dag.py:3954} INFO - Setting next_dagrun for tomorrowio_bronze_to_silver to 2026-06-30 18:00:00+00:00, run_after=2026-06-30 19:00:00+00:00
[2026-06-30T18:55:32.809+0000] {processor.py:183} INFO - Processing /opt/airflow/dags/dag_tomorrowio.py took 0.507 seconds
[2026-06-30T18:56:03.748+0000] {processor.py:161} INFO - Started process (PID=23202) to work on /opt/airflow/dags/dag_tomorrowio.py
[2026-06-30T18:56:03.757+0000] {processor.py:830} INFO - Processing file /opt/airflow/dags/dag_tomorrowio.py for tasks to queue
[2026-06-30T18:56:03.759+0000] {logging_mixin.py:188} INFO - [2026-06-30T18:56:03.759+0000] {dagbag.py:545} INFO - Filling up the DagBag from /opt/airflow/dags/dag_tomorrowio.py
[2026-06-30T18:56:04.503+0000] {processor.py:840} INFO - DAG(s) 'tomorrowio_bronze_to_silver' retrieved from /opt/airflow/dags/dag_tomorrowio.py
[2026-06-30T18:56:04.525+0000] {logging_mixin.py:188} INFO - [2026-06-30T18:56:04.525+0000] {dag.py:3096} INFO - Sync 1 DAGs
[2026-06-30T18:56:04.536+0000] {logging_mixin.py:188} INFO - [2026-06-30T18:56:04.536+0000] {dag.py:3954} INFO - Setting next_dagrun for tomorrowio_bronze_to_silver to 2026-06-30 18:00:00+00:00, run_after=2026-06-30 19:00:00+00:00
[2026-06-30T18:56:04.546+0000] {processor.py:183} INFO - Processing /opt/airflow/dags/dag_tomorrowio.py took 0.826 seconds
[2026-06-30T18:56:35.173+0000] {processor.py:161} INFO - Started process (PID=23235) to work on /opt/airflow/dags/dag_tomorrowio.py
[2026-06-30T18:56:35.175+0000] {processor.py:830} INFO - Processing file /opt/airflow/dags/dag_tomorrowio.py for tasks to queue
[2026-06-30T18:56:35.177+0000] {logging_mixin.py:188} INFO - [2026-06-30T18:56:35.176+0000] {dagbag.py:545} INFO - Filling up the DagBag from /opt/airflow/dags/dag_tomorrowio.py
[2026-06-30T18:56:35.644+0000] {processor.py:840} INFO - DAG(s) 'tomorrowio_bronze_to_silver' retrieved from /opt/airflow/dags/dag_tomorrowio.py
[2026-06-30T18:56:35.659+0000] {logging_mixin.py:188} INFO - [2026-06-30T18:56:35.658+0000] {dag.py:3096} INFO - Sync 1 DAGs
[2026-06-30T18:56:35.668+0000] {logging_mixin.py:188} INFO - [2026-06-30T18:56:35.668+0000] {dag.py:3954} INFO - Setting next_dagrun for tomorrowio_bronze_to_silver to 2026-06-30 18:00:00+00:00, run_after=2026-06-30 19:00:00+00:00
[2026-06-30T18:56:35.675+0000] {processor.py:183} INFO - Processing /opt/airflow/dags/dag_tomorrowio.py took 0.513 seconds
[2026-06-30T18:57:06.355+0000] {processor.py:161} INFO - Started process (PID=23268) to work on /opt/airflow/dags/dag_tomorrowio.py
[2026-06-30T18:57:06.361+0000] {processor.py:830} INFO - Processing file /opt/airflow/dags/dag_tomorrowio.py for tasks to queue
[2026-06-30T18:57:06.364+0000] {logging_mixin.py:188} INFO - [2026-06-30T18:57:06.363+0000] {dagbag.py:545} INFO - Filling up the DagBag from /opt/airflow/dags/dag_tomorrowio.py
[2026-06-30T18:57:06.867+0000] {processor.py:840} INFO - DAG(s) 'tomorrowio_bronze_to_silver' retrieved from /opt/airflow/dags/dag_tomorrowio.py
[2026-06-30T18:57:06.887+0000] {logging_mixin.py:188} INFO - [2026-06-30T18:57:06.887+0000] {dag.py:3096} INFO - Sync 1 DAGs
[2026-06-30T18:57:06.899+0000] {logging_mixin.py:188} INFO - [2026-06-30T18:57:06.899+0000] {dag.py:3954} INFO - Setting next_dagrun for tomorrowio_bronze_to_silver to 2026-06-30 18:00:00+00:00, run_after=2026-06-30 19:00:00+00:00
[2026-06-30T18:57:06.908+0000] {processor.py:183} INFO - Processing /opt/airflow/dags/dag_tomorrowio.py took 0.585 seconds
[2026-06-30T18:57:37.703+0000] {processor.py:161} INFO - Started process (PID=23301) to work on /opt/airflow/dags/dag_tomorrowio.py
[2026-06-30T18:57:37.705+0000] {processor.py:830} INFO - Processing file /opt/airflow/dags/dag_tomorrowio.py for tasks to queue
[2026-06-30T18:57:37.707+0000] {logging_mixin.py:188} INFO - [2026-06-30T18:57:37.706+0000] {dagbag.py:545} INFO - Filling up the DagBag from /opt/airflow/dags/dag_tomorrowio.py
[2026-06-30T18:57:38.420+0000] {processor.py:840} INFO - DAG(s) 'tomorrowio_bronze_to_silver' retrieved from /opt/airflow/dags/dag_tomorrowio.py
[2026-06-30T18:57:38.471+0000] {logging_mixin.py:188} INFO - [2026-06-30T18:57:38.470+0000] {dag.py:3096} INFO - Sync 1 DAGs
[2026-06-30T18:57:38.490+0000] {logging_mixin.py:188} INFO - [2026-06-30T18:57:38.490+0000] {dag.py:3954} INFO - Setting next_dagrun for tomorrowio_bronze_to_silver to 2026-06-30 18:00:00+00:00, run_after=2026-06-30 19:00:00+00:00
[2026-06-30T18:57:38.501+0000] {processor.py:183} INFO - Processing /opt/airflow/dags/dag_tomorrowio.py took 0.818 seconds
[2026-06-30T18:58:09.342+0000] {processor.py:161} INFO - Started process (PID=23334) to work on /opt/airflow/dags/dag_tomorrowio.py
[2026-06-30T18:58:09.348+0000] {processor.py:830} INFO - Processing file /opt/airflow/dags/dag_tomorrowio.py for tasks to queue
[2026-06-30T18:58:09.349+0000] {logging_mixin.py:188} INFO - [2026-06-30T18:58:09.349+0000] {dagbag.py:545} INFO - Filling up the DagBag from /opt/airflow/dags/dag_tomorrowio.py
[2026-06-30T18:58:09.835+0000] {processor.py:840} INFO - DAG(s) 'tomorrowio_bronze_to_silver' retrieved from /opt/airflow/dags/dag_tomorrowio.py
[2026-06-30T18:58:09.850+0000] {logging_mixin.py:188} INFO - [2026-06-30T18:58:09.849+0000] {dag.py:3096} INFO - Sync 1 DAGs
[2026-06-30T18:58:09.860+0000] {logging_mixin.py:188} INFO - [2026-06-30T18:58:09.860+0000] {dag.py:3954} INFO - Setting next_dagrun for tomorrowio_bronze_to_silver to 2026-06-30 18:00:00+00:00, run_after=2026-06-30 19:00:00+00:00
[2026-06-30T18:58:09.867+0000] {processor.py:183} INFO - Processing /opt/airflow/dags/dag_tomorrowio.py took 0.535 seconds
[2026-06-30T18:58:40.530+0000] {processor.py:161} INFO - Started process (PID=23367) to work on /opt/airflow/dags/dag_tomorrowio.py
[2026-06-30T18:58:40.533+0000] {processor.py:830} INFO - Processing file /opt/airflow/dags/dag_tomorrowio.py for tasks to queue
[2026-06-30T18:58:40.535+0000] {logging_mixin.py:188} INFO - [2026-06-30T18:58:40.534+0000] {dagbag.py:545} INFO - Filling up the DagBag from /opt/airflow/dags/dag_tomorrowio.py
[2026-06-30T18:58:41.037+0000] {processor.py:840} INFO - DAG(s) 'tomorrowio_bronze_to_silver' retrieved from /opt/airflow/dags/dag_tomorrowio.py
[2026-06-30T18:58:41.050+0000] {logging_mixin.py:188} INFO - [2026-06-30T18:58:41.050+0000] {dag.py:3096} INFO - Sync 1 DAGs
[2026-06-30T18:58:41.060+0000] {logging_mixin.py:188} INFO - [2026-06-30T18:58:41.059+0000] {dag.py:3954} INFO - Setting next_dagrun for tomorrowio_bronze_to_silver to 2026-06-30 18:00:00+00:00, run_after=2026-06-30 19:00:00+00:00
[2026-06-30T18:58:41.067+0000] {processor.py:183} INFO - Processing /opt/airflow/dags/dag_tomorrowio.py took 0.552 seconds
[2026-06-30T18:59:11.697+0000] {processor.py:161} INFO - Started process (PID=23400) to work on /opt/airflow/dags/dag_tomorrowio.py
[2026-06-30T18:59:11.701+0000] {processor.py:830} INFO - Processing file /opt/airflow/dags/dag_tomorrowio.py for tasks to queue
[2026-06-30T18:59:11.704+0000] {logging_mixin.py:188} INFO - [2026-06-30T18:59:11.701+0000] {dagbag.py:545} INFO - Filling up the DagBag from /opt/airflow/dags/dag_tomorrowio.py
[2026-06-30T18:59:12.172+0000] {processor.py:840} INFO - DAG(s) 'tomorrowio_bronze_to_silver' retrieved from /opt/airflow/dags/dag_tomorrowio.py
[2026-06-30T18:59:12.196+0000] {logging_mixin.py:188} INFO - [2026-06-30T18:59:12.196+0000] {dag.py:3096} INFO - Sync 1 DAGs
[2026-06-30T18:59:12.208+0000] {logging_mixin.py:188} INFO - [2026-06-30T18:59:12.208+0000] {dag.py:3954} INFO - Setting next_dagrun for tomorrowio_bronze_to_silver to 2026-06-30 18:00:00+00:00, run_after=2026-06-30 19:00:00+00:00
[2026-06-30T18:59:12.216+0000] {processor.py:183} INFO - Processing /opt/airflow/dags/dag_tomorrowio.py took 0.531 seconds
[2026-06-30T18:59:42.771+0000] {processor.py:161} INFO - Started process (PID=23433) to work on /opt/airflow/dags/dag_tomorrowio.py
[2026-06-30T18:59:42.774+0000] {processor.py:830} INFO - Processing file /opt/airflow/dags/dag_tomorrowio.py for tasks to queue
[2026-06-30T18:59:42.775+0000] {logging_mixin.py:188} INFO - [2026-06-30T18:59:42.775+0000] {dagbag.py:545} INFO - Filling up the DagBag from /opt/airflow/dags/dag_tomorrowio.py
[2026-06-30T18:59:43.250+0000] {processor.py:840} INFO - DAG(s) 'tomorrowio_bronze_to_silver' retrieved from /opt/airflow/dags/dag_tomorrowio.py
[2026-06-30T18:59:43.262+0000] {logging_mixin.py:188} INFO - [2026-06-30T18:59:43.262+0000] {dag.py:3096} INFO - Sync 1 DAGs
[2026-06-30T18:59:43.272+0000] {logging_mixin.py:188} INFO - [2026-06-30T18:59:43.272+0000] {dag.py:3954} INFO - Setting next_dagrun for tomorrowio_bronze_to_silver to 2026-06-30 18:00:00+00:00, run_after=2026-06-30 19:00:00+00:00
[2026-06-30T18:59:43.279+0000] {processor.py:183} INFO - Processing /opt/airflow/dags/dag_tomorrowio.py took 0.526 seconds
[2026-06-30T19:00:13.784+0000] {processor.py:161} INFO - Started process (PID=23482) to work on /opt/airflow/dags/dag_tomorrowio.py
[2026-06-30T19:00:13.786+0000] {processor.py:830} INFO - Processing file /opt/airflow/dags/dag_tomorrowio.py for tasks to queue
[2026-06-30T19:00:13.787+0000] {logging_mixin.py:188} INFO - [2026-06-30T19:00:13.787+0000] {dagbag.py:545} INFO - Filling up the DagBag from /opt/airflow/dags/dag_tomorrowio.py
[2026-06-30T19:00:14.845+0000] {processor.py:840} INFO - DAG(s) 'tomorrowio_bronze_to_silver' retrieved from /opt/airflow/dags/dag_tomorrowio.py
[2026-06-30T19:00:14.885+0000] {logging_mixin.py:188} INFO - [2026-06-30T19:00:14.885+0000] {dag.py:3096} INFO - Sync 1 DAGs
[2026-06-30T19:00:14.911+0000] {logging_mixin.py:188} INFO - [2026-06-30T19:00:14.911+0000] {dag.py:3954} INFO - Setting next_dagrun for tomorrowio_bronze_to_silver to 2026-06-30 19:00:00+00:00, run_after=2026-06-30 20:00:00+00:00
[2026-06-30T19:00:14.932+0000] {processor.py:183} INFO - Processing /opt/airflow/dags/dag_tomorrowio.py took 1.164 seconds
[2026-06-30T19:00:45.521+0000] {processor.py:161} INFO - Started process (PID=23516) to work on /opt/airflow/dags/dag_tomorrowio.py
[2026-06-30T19:00:45.522+0000] {processor.py:830} INFO - Processing file /opt/airflow/dags/dag_tomorrowio.py for tasks to queue
[2026-06-30T19:00:45.522+0000] {logging_mixin.py:188} INFO - [2026-06-30T19:00:45.522+0000] {dagbag.py:545} INFO - Filling up the DagBag from /opt/airflow/dags/dag_tomorrowio.py
[2026-06-30T19:00:45.906+0000] {processor.py:840} INFO - DAG(s) 'tomorrowio_bronze_to_silver' retrieved from /opt/airflow/dags/dag_tomorrowio.py
[2026-06-30T19:00:45.922+0000] {logging_mixin.py:188} INFO - [2026-06-30T19:00:45.922+0000] {dag.py:3096} INFO - Sync 1 DAGs
[2026-06-30T19:00:45.932+0000] {logging_mixin.py:188} INFO - [2026-06-30T19:00:45.932+0000] {dag.py:3954} INFO - Setting next_dagrun for tomorrowio_bronze_to_silver to 2026-06-30 19:00:00+00:00, run_after=2026-06-30 20:00:00+00:00
[2026-06-30T19:00:45.939+0000] {processor.py:183} INFO - Processing /opt/airflow/dags/dag_tomorrowio.py took 0.425 seconds
[2026-06-30T19:01:16.511+0000] {processor.py:161} INFO - Started process (PID=23549) to work on /opt/airflow/dags/dag_tomorrowio.py
[2026-06-30T19:01:16.514+0000] {processor.py:830} INFO - Processing file /opt/airflow/dags/dag_tomorrowio.py for tasks to queue
[2026-06-30T19:01:16.516+0000] {logging_mixin.py:188} INFO - [2026-06-30T19:01:16.515+0000] {dagbag.py:545} INFO - Filling up the DagBag from /opt/airflow/dags/dag_tomorrowio.py
[2026-06-30T19:01:17.063+0000] {processor.py:840} INFO - DAG(s) 'tomorrowio_bronze_to_silver' retrieved from /opt/airflow/dags/dag_tomorrowio.py
[2026-06-30T19:01:17.087+0000] {logging_mixin.py:188} INFO - [2026-06-30T19:01:17.087+0000] {dag.py:3096} INFO - Sync 1 DAGs
[2026-06-30T19:01:17.100+0000] {logging_mixin.py:188} INFO - [2026-06-30T19:01:17.100+0000] {dag.py:3954} INFO - Setting next_dagrun for tomorrowio_bronze_to_silver to 2026-06-30 19:00:00+00:00, run_after=2026-06-30 20:00:00+00:00
[2026-06-30T19:01:17.109+0000] {processor.py:183} INFO - Processing /opt/airflow/dags/dag_tomorrowio.py took 0.609 seconds
[2026-06-30T19:01:47.743+0000] {processor.py:161} INFO - Started process (PID=23582) to work on /opt/airflow/dags/dag_tomorrowio.py
[2026-06-30T19:01:47.744+0000] {processor.py:830} INFO - Processing file /opt/airflow/dags/dag_tomorrowio.py for tasks to queue
[2026-06-30T19:01:47.745+0000] {logging_mixin.py:188} INFO - [2026-06-30T19:01:47.745+0000] {dagbag.py:545} INFO - Filling up the DagBag from /opt/airflow/dags/dag_tomorrowio.py
[2026-06-30T19:01:48.257+0000] {processor.py:840} INFO - DAG(s) 'tomorrowio_bronze_to_silver' retrieved from /opt/airflow/dags/dag_tomorrowio.py
[2026-06-30T19:01:48.269+0000] {logging_mixin.py:188} INFO - [2026-06-30T19:01:48.269+0000] {dag.py:3096} INFO - Sync 1 DAGs
[2026-06-30T19:01:48.280+0000] {logging_mixin.py:188} INFO - [2026-06-30T19:01:48.279+0000] {dag.py:3954} INFO - Setting next_dagrun for tomorrowio_bronze_to_silver to 2026-06-30 19:00:00+00:00, run_after=2026-06-30 20:00:00+00:00
[2026-06-30T19:01:48.287+0000] {processor.py:183} INFO - Processing /opt/airflow/dags/dag_tomorrowio.py took 0.556 seconds
[2026-06-30T19:02:19.065+0000] {processor.py:161} INFO - Started process (PID=23615) to work on /opt/airflow/dags/dag_tomorrowio.py
[2026-06-30T19:02:19.067+0000] {processor.py:830} INFO - Processing file /opt/airflow/dags/dag_tomorrowio.py for tasks to queue
[2026-06-30T19:02:19.068+0000] {logging_mixin.py:188} INFO - [2026-06-30T19:02:19.068+0000] {dagbag.py:545} INFO - Filling up the DagBag from /opt/airflow/dags/dag_tomorrowio.py
[2026-06-30T19:02:19.492+0000] {processor.py:840} INFO - DAG(s) 'tomorrowio_bronze_to_silver' retrieved from /opt/airflow/dags/dag_tomorrowio.py
[2026-06-30T19:02:19.513+0000] {logging_mixin.py:188} INFO - [2026-06-30T19:02:19.513+0000] {dag.py:3096} INFO - Sync 1 DAGs
[2026-06-30T19:02:19.528+0000] {logging_mixin.py:188} INFO - [2026-06-30T19:02:19.528+0000] {dag.py:3954} INFO - Setting next_dagrun for tomorrowio_bronze_to_silver to 2026-06-30 19:00:00+00:00, run_after=2026-06-30 20:00:00+00:00
[2026-06-30T19:02:19.535+0000] {processor.py:183} INFO - Processing /opt/airflow/dags/dag_tomorrowio.py took 0.482 seconds
[2026-06-30T19:02:50.185+0000] {processor.py:161} INFO - Started process (PID=23648) to work on /opt/airflow/dags/dag_tomorrowio.py
[2026-06-30T19:02:50.188+0000] {processor.py:830} INFO - Processing file /opt/airflow/dags/dag_tomorrowio.py for tasks to queue
[2026-06-30T19:02:50.189+0000] {logging_mixin.py:188} INFO - [2026-06-30T19:02:50.189+0000] {dagbag.py:545} INFO - Filling up the DagBag from /opt/airflow/dags/dag_tomorrowio.py
[2026-06-30T19:02:50.627+0000] {processor.py:840} INFO - DAG(s) 'tomorrowio_bronze_to_silver' retrieved from /opt/airflow/dags/dag_tomorrowio.py
[2026-06-30T19:02:50.643+0000] {logging_mixin.py:188} INFO - [2026-06-30T19:02:50.643+0000] {dag.py:3096} INFO - Sync 1 DAGs
[2026-06-30T19:02:50.653+0000] {logging_mixin.py:188} INFO - [2026-06-30T19:02:50.653+0000] {dag.py:3954} INFO - Setting next_dagrun for tomorrowio_bronze_to_silver to 2026-06-30 19:00:00+00:00, run_after=2026-06-30 20:00:00+00:00
[2026-06-30T19:02:50.660+0000] {processor.py:183} INFO - Processing /opt/airflow/dags/dag_tomorrowio.py took 0.493 seconds
[2026-06-30T19:03:21.337+0000] {processor.py:161} INFO - Started process (PID=23681) to work on /opt/airflow/dags/dag_tomorrowio.py
[2026-06-30T19:03:21.342+0000] {processor.py:830} INFO - Processing file /opt/airflow/dags/dag_tomorrowio.py for tasks to queue
[2026-06-30T19:03:21.345+0000] {logging_mixin.py:188} INFO - [2026-06-30T19:03:21.345+0000] {dagbag.py:545} INFO - Filling up the DagBag from /opt/airflow/dags/dag_tomorrowio.py
[2026-06-30T19:03:21.896+0000] {processor.py:840} INFO - DAG(s) 'tomorrowio_bronze_to_silver' retrieved from /opt/airflow/dags/dag_tomorrowio.py
[2026-06-30T19:03:21.915+0000] {logging_mixin.py:188} INFO - [2026-06-30T19:03:21.915+0000] {dag.py:3096} INFO - Sync 1 DAGs
[2026-06-30T19:03:21.927+0000] {logging_mixin.py:188} INFO - [2026-06-30T19:03:21.927+0000] {dag.py:3954} INFO - Setting next_dagrun for tomorrowio_bronze_to_silver to 2026-06-30 19:00:00+00:00, run_after=2026-06-30 20:00:00+00:00
[2026-06-30T19:03:21.935+0000] {processor.py:183} INFO - Processing /opt/airflow/dags/dag_tomorrowio.py took 0.614 seconds
[2026-06-30T19:03:52.597+0000] {processor.py:161} INFO - Started process (PID=23714) to work on /opt/airflow/dags/dag_tomorrowio.py
[2026-06-30T19:03:52.599+0000] {processor.py:830} INFO - Processing file /opt/airflow/dags/dag_tomorrowio.py for tasks to queue
[2026-06-30T19:03:52.603+0000] {logging_mixin.py:188} INFO - [2026-06-30T19:03:52.601+0000] {dagbag.py:545} INFO - Filling up the DagBag from /opt/airflow/dags/dag_tomorrowio.py
[2026-06-30T19:03:53.063+0000] {processor.py:840} INFO - DAG(s) 'tomorrowio_bronze_to_silver' retrieved from /opt/airflow/dags/dag_tomorrowio.py
[2026-06-30T19:03:53.083+0000] {logging_mixin.py:188} INFO - [2026-06-30T19:03:53.083+0000] {dag.py:3096} INFO - Sync 1 DAGs
[2026-06-30T19:03:53.092+0000] {logging_mixin.py:188} INFO - [2026-06-30T19:03:53.092+0000] {dag.py:3954} INFO - Setting next_dagrun for tomorrowio_bronze_to_silver to 2026-06-30 19:00:00+00:00, run_after=2026-06-30 20:00:00+00:00
[2026-06-30T19:03:53.101+0000] {processor.py:183} INFO - Processing /opt/airflow/dags/dag_tomorrowio.py took 0.525 seconds
[2026-06-30T19:04:23.811+0000] {processor.py:161} INFO - Started process (PID=23747) to work on /opt/airflow/dags/dag_tomorrowio.py
[2026-06-30T19:04:23.812+0000] {processor.py:830} INFO - Processing file /opt/airflow/dags/dag_tomorrowio.py for tasks to queue
[2026-06-30T19:04:23.814+0000] {logging_mixin.py:188} INFO - [2026-06-30T19:04:23.814+0000] {dagbag.py:545} INFO - Filling up the DagBag from /opt/airflow/dags/dag_tomorrowio.py
[2026-06-30T19:04:24.180+0000] {processor.py:840} INFO - DAG(s) 'tomorrowio_bronze_to_silver' retrieved from /opt/airflow/dags/dag_tomorrowio.py
[2026-06-30T19:04:24.193+0000] {logging_mixin.py:188} INFO - [2026-06-30T19:04:24.192+0000] {dag.py:3096} INFO - Sync 1 DAGs
[2026-06-30T19:04:24.201+0000] {logging_mixin.py:188} INFO - [2026-06-30T19:04:24.200+0000] {dag.py:3954} INFO - Setting next_dagrun for tomorrowio_bronze_to_silver to 2026-06-30 19:00:00+00:00, run_after=2026-06-30 20:00:00+00:00
[2026-06-30T19:04:24.208+0000] {processor.py:183} INFO - Processing /opt/airflow/dags/dag_tomorrowio.py took 0.404 seconds
[2026-06-30T19:04:54.769+0000] {processor.py:161} INFO - Started process (PID=23780) to work on /opt/airflow/dags/dag_tomorrowio.py
[2026-06-30T19:04:54.771+0000] {processor.py:830} INFO - Processing file /opt/airflow/dags/dag_tomorrowio.py for tasks to queue
[2026-06-30T19:04:54.771+0000] {logging_mixin.py:188} INFO - [2026-06-30T19:04:54.771+0000] {dagbag.py:545} INFO - Filling up the DagBag from /opt/airflow/dags/dag_tomorrowio.py
[2026-06-30T19:04:55.303+0000] {processor.py:840} INFO - DAG(s) 'tomorrowio_bronze_to_silver' retrieved from /opt/airflow/dags/dag_tomorrowio.py
[2026-06-30T19:04:55.318+0000] {logging_mixin.py:188} INFO - [2026-06-30T19:04:55.318+0000] {dag.py:3096} INFO - Sync 1 DAGs
[2026-06-30T19:04:55.328+0000] {logging_mixin.py:188} INFO - [2026-06-30T19:04:55.327+0000] {dag.py:3954} INFO - Setting next_dagrun for tomorrowio_bronze_to_silver to 2026-06-30 19:00:00+00:00, run_after=2026-06-30 20:00:00+00:00
[2026-06-30T19:04:55.335+0000] {processor.py:183} INFO - Processing /opt/airflow/dags/dag_tomorrowio.py took 0.579 seconds
[2026-06-30T19:05:25.953+0000] {processor.py:161} INFO - Started process (PID=23817) to work on /opt/airflow/dags/dag_tomorrowio.py
[2026-06-30T19:05:25.955+0000] {processor.py:830} INFO - Processing file /opt/airflow/dags/dag_tomorrowio.py for tasks to queue
[2026-06-30T19:05:25.956+0000] {logging_mixin.py:188} INFO - [2026-06-30T19:05:25.956+0000] {dagbag.py:545} INFO - Filling up the DagBag from /opt/airflow/dags/dag_tomorrowio.py
[2026-06-30T19:05:26.363+0000] {processor.py:840} INFO - DAG(s) 'tomorrowio_bronze_to_silver' retrieved from /opt/airflow/dags/dag_tomorrowio.py
[2026-06-30T19:05:26.378+0000] {logging_mixin.py:188} INFO - [2026-06-30T19:05:26.378+0000] {dag.py:3096} INFO - Sync 1 DAGs
[2026-06-30T19:05:26.386+0000] {logging_mixin.py:188} INFO - [2026-06-30T19:05:26.386+0000] {dag.py:3954} INFO - Setting next_dagrun for tomorrowio_bronze_to_silver to 2026-06-30 19:00:00+00:00, run_after=2026-06-30 20:00:00+00:00
[2026-06-30T19:05:26.393+0000] {processor.py:183} INFO - Processing /opt/airflow/dags/dag_tomorrowio.py took 0.464 seconds
[2026-06-30T19:05:57.141+0000] {processor.py:161} INFO - Started process (PID=23850) to work on /opt/airflow/dags/dag_tomorrowio.py
[2026-06-30T19:05:57.145+0000] {processor.py:830} INFO - Processing file /opt/airflow/dags/dag_tomorrowio.py for tasks to queue
[2026-06-30T19:05:57.147+0000] {logging_mixin.py:188} INFO - [2026-06-30T19:05:57.146+0000] {dagbag.py:545} INFO - Filling up the DagBag from /opt/airflow/dags/dag_tomorrowio.py
[2026-06-30T19:05:57.704+0000] {processor.py:840} INFO - DAG(s) 'tomorrowio_bronze_to_silver' retrieved from /opt/airflow/dags/dag_tomorrowio.py
[2026-06-30T19:05:57.733+0000] {logging_mixin.py:188} INFO - [2026-06-30T19:05:57.733+0000] {dag.py:3096} INFO - Sync 1 DAGs
[2026-06-30T19:05:57.752+0000] {logging_mixin.py:188} INFO - [2026-06-30T19:05:57.752+0000] {dag.py:3954} INFO - Setting next_dagrun for tomorrowio_bronze_to_silver to 2026-06-30 19:00:00+00:00, run_after=2026-06-30 20:00:00+00:00
[2026-06-30T19:05:57.765+0000] {processor.py:183} INFO - Processing /opt/airflow/dags/dag_tomorrowio.py took 0.645 seconds
[2026-06-30T19:06:28.454+0000] {processor.py:161} INFO - Started process (PID=23883) to work on /opt/airflow/dags/dag_tomorrowio.py
[2026-06-30T19:06:28.455+0000] {processor.py:830} INFO - Processing file /opt/airflow/dags/dag_tomorrowio.py for tasks to queue
[2026-06-30T19:06:28.456+0000] {logging_mixin.py:188} INFO - [2026-06-30T19:06:28.456+0000] {dagbag.py:545} INFO - Filling up the DagBag from /opt/airflow/dags/dag_tomorrowio.py
[2026-06-30T19:06:28.854+0000] {processor.py:840} INFO - DAG(s) 'tomorrowio_bronze_to_silver' retrieved from /opt/airflow/dags/dag_tomorrowio.py
[2026-06-30T19:06:28.868+0000] {logging_mixin.py:188} INFO - [2026-06-30T19:06:28.868+0000] {dag.py:3096} INFO - Sync 1 DAGs
[2026-06-30T19:06:28.895+0000] {logging_mixin.py:188} INFO - [2026-06-30T19:06:28.895+0000] {dag.py:3954} INFO - Setting next_dagrun for tomorrowio_bronze_to_silver to 2026-06-30 19:00:00+00:00, run_after=2026-06-30 20:00:00+00:00
[2026-06-30T19:06:28.911+0000] {processor.py:183} INFO - Processing /opt/airflow/dags/dag_tomorrowio.py took 0.467 seconds
[2026-06-30T19:06:59.642+0000] {processor.py:161} INFO - Started process (PID=23916) to work on /opt/airflow/dags/dag_tomorrowio.py
[2026-06-30T19:06:59.645+0000] {processor.py:830} INFO - Processing file /opt/airflow/dags/dag_tomorrowio.py for tasks to queue
[2026-06-30T19:06:59.647+0000] {logging_mixin.py:188} INFO - [2026-06-30T19:06:59.647+0000] {dagbag.py:545} INFO - Filling up the DagBag from /opt/airflow/dags/dag_tomorrowio.py
[2026-06-30T19:07:00.094+0000] {processor.py:840} INFO - DAG(s) 'tomorrowio_bronze_to_silver' retrieved from /opt/airflow/dags/dag_tomorrowio.py
[2026-06-30T19:07:00.107+0000] {logging_mixin.py:188} INFO - [2026-06-30T19:07:00.107+0000] {dag.py:3096} INFO - Sync 1 DAGs
[2026-06-30T19:07:00.117+0000] {logging_mixin.py:188} INFO - [2026-06-30T19:07:00.117+0000] {dag.py:3954} INFO - Setting next_dagrun for tomorrowio_bronze_to_silver to 2026-06-30 19:00:00+00:00, run_after=2026-06-30 20:00:00+00:00
[2026-06-30T19:07:00.124+0000] {processor.py:183} INFO - Processing /opt/airflow/dags/dag_tomorrowio.py took 0.498 seconds
[2026-06-30T19:07:30.791+0000] {processor.py:161} INFO - Started process (PID=23949) to work on /opt/airflow/dags/dag_tomorrowio.py
[2026-06-30T19:07:30.793+0000] {processor.py:830} INFO - Processing file /opt/airflow/dags/dag_tomorrowio.py for tasks to queue
[2026-06-30T19:07:30.796+0000] {logging_mixin.py:188} INFO - [2026-06-30T19:07:30.795+0000] {dagbag.py:545} INFO - Filling up the DagBag from /opt/airflow/dags/dag_tomorrowio.py
[2026-06-30T19:07:31.300+0000] {processor.py:840} INFO - DAG(s) 'tomorrowio_bronze_to_silver' retrieved from /opt/airflow/dags/dag_tomorrowio.py
[2026-06-30T19:07:31.314+0000] {logging_mixin.py:188} INFO - [2026-06-30T19:07:31.313+0000] {dag.py:3096} INFO - Sync 1 DAGs
[2026-06-30T19:07:31.331+0000] {logging_mixin.py:188} INFO - [2026-06-30T19:07:31.330+0000] {dag.py:3954} INFO - Setting next_dagrun for tomorrowio_bronze_to_silver to 2026-06-30 19:00:00+00:00, run_after=2026-06-30 20:00:00+00:00
[2026-06-30T19:07:31.340+0000] {processor.py:183} INFO - Processing /opt/airflow/dags/dag_tomorrowio.py took 0.583 seconds
[2026-06-30T19:08:01.909+0000] {processor.py:161} INFO - Started process (PID=23982) to work on /opt/airflow/dags/dag_tomorrowio.py
[2026-06-30T19:08:01.911+0000] {processor.py:830} INFO - Processing file /opt/airflow/dags/dag_tomorrowio.py for tasks to queue
[2026-06-30T19:08:01.912+0000] {logging_mixin.py:188} INFO - [2026-06-30T19:08:01.912+0000] {dagbag.py:545} INFO - Filling up the DagBag from /opt/airflow/dags/dag_tomorrowio.py
[2026-06-30T19:08:02.350+0000] {processor.py:840} INFO - DAG(s) 'tomorrowio_bronze_to_silver' retrieved from /opt/airflow/dags/dag_tomorrowio.py
[2026-06-30T19:08:02.371+0000] {logging_mixin.py:188} INFO - [2026-06-30T19:08:02.371+0000] {dag.py:3096} INFO - Sync 1 DAGs
[2026-06-30T19:08:02.383+0000] {logging_mixin.py:188} INFO - [2026-06-30T19:08:02.382+0000] {dag.py:3954} INFO - Setting next_dagrun for tomorrowio_bronze_to_silver to 2026-06-30 19:00:00+00:00, run_after=2026-06-30 20:00:00+00:00
[2026-06-30T19:08:02.390+0000] {processor.py:183} INFO - Processing /opt/airflow/dags/dag_tomorrowio.py took 0.499 seconds
[2026-06-30T19:08:33.063+0000] {processor.py:161} INFO - Started process (PID=24015) to work on /opt/airflow/dags/dag_tomorrowio.py
[2026-06-30T19:08:33.064+0000] {processor.py:830} INFO - Processing file /opt/airflow/dags/dag_tomorrowio.py for tasks to queue
[2026-06-30T19:08:33.066+0000] {logging_mixin.py:188} INFO - [2026-06-30T19:08:33.065+0000] {dagbag.py:545} INFO - Filling up the DagBag from /opt/airflow/dags/dag_tomorrowio.py
[2026-06-30T19:08:33.446+0000] {processor.py:840} INFO - DAG(s) 'tomorrowio_bronze_to_silver' retrieved from /opt/airflow/dags/dag_tomorrowio.py
[2026-06-30T19:08:33.460+0000] {logging_mixin.py:188} INFO - [2026-06-30T19:08:33.460+0000] {dag.py:3096} INFO - Sync 1 DAGs
[2026-06-30T19:08:33.468+0000] {logging_mixin.py:188} INFO - [2026-06-30T19:08:33.468+0000] {dag.py:3954} INFO - Setting next_dagrun for tomorrowio_bronze_to_silver to 2026-06-30 19:00:00+00:00, run_after=2026-06-30 20:00:00+00:00
[2026-06-30T19:08:33.474+0000] {processor.py:183} INFO - Processing /opt/airflow/dags/dag_tomorrowio.py took 0.427 seconds
[2026-06-30T19:09:04.020+0000] {processor.py:161} INFO - Started process (PID=24048) to work on /opt/airflow/dags/dag_tomorrowio.py
[2026-06-30T19:09:04.022+0000] {processor.py:830} INFO - Processing file /opt/airflow/dags/dag_tomorrowio.py for tasks to queue
[2026-06-30T19:09:04.023+0000] {logging_mixin.py:188} INFO - [2026-06-30T19:09:04.022+0000] {dagbag.py:545} INFO - Filling up the DagBag from /opt/airflow/dags/dag_tomorrowio.py
[2026-06-30T19:09:04.451+0000] {processor.py:840} INFO - DAG(s) 'tomorrowio_bronze_to_silver' retrieved from /opt/airflow/dags/dag_tomorrowio.py
[2026-06-30T19:09:04.475+0000] {logging_mixin.py:188} INFO - [2026-06-30T19:09:04.475+0000] {dag.py:3096} INFO - Sync 1 DAGs
[2026-06-30T19:09:04.485+0000] {logging_mixin.py:188} INFO - [2026-06-30T19:09:04.485+0000] {dag.py:3954} INFO - Setting next_dagrun for tomorrowio_bronze_to_silver to 2026-06-30 19:00:00+00:00, run_after=2026-06-30 20:00:00+00:00
[2026-06-30T19:09:04.494+0000] {processor.py:183} INFO - Processing /opt/airflow/dags/dag_tomorrowio.py took 0.492 seconds
[2026-06-30T19:09:35.244+0000] {processor.py:161} INFO - Started process (PID=24083) to work on /opt/airflow/dags/dag_tomorrowio.py
[2026-06-30T19:09:35.246+0000] {processor.py:830} INFO - Processing file /opt/airflow/dags/dag_tomorrowio.py for tasks to queue
[2026-06-30T19:09:35.247+0000] {logging_mixin.py:188} INFO - [2026-06-30T19:09:35.247+0000] {dagbag.py:545} INFO - Filling up the DagBag from /opt/airflow/dags/dag_tomorrowio.py
[2026-06-30T19:09:35.636+0000] {processor.py:840} INFO - DAG(s) 'tomorrowio_bronze_to_silver' retrieved from /opt/airflow/dags/dag_tomorrowio.py
[2026-06-30T19:09:35.652+0000] {logging_mixin.py:188} INFO - [2026-06-30T19:09:35.652+0000] {dag.py:3096} INFO - Sync 1 DAGs
[2026-06-30T19:09:35.661+0000] {logging_mixin.py:188} INFO - [2026-06-30T19:09:35.661+0000] {dag.py:3954} INFO - Setting next_dagrun for tomorrowio_bronze_to_silver to 2026-06-30 19:00:00+00:00, run_after=2026-06-30 20:00:00+00:00
[2026-06-30T19:09:35.670+0000] {processor.py:183} INFO - Processing /opt/airflow/dags/dag_tomorrowio.py took 0.440 seconds
[2026-06-30T19:10:06.158+0000] {processor.py:161} INFO - Started process (PID=24116) to work on /opt/airflow/dags/dag_tomorrowio.py
[2026-06-30T19:10:06.161+0000] {processor.py:830} INFO - Processing file /opt/airflow/dags/dag_tomorrowio.py for tasks to queue
[2026-06-30T19:10:06.163+0000] {logging_mixin.py:188} INFO - [2026-06-30T19:10:06.163+0000] {dagbag.py:545} INFO - Filling up the DagBag from /opt/airflow/dags/dag_tomorrowio.py
[2026-06-30T19:10:06.539+0000] {processor.py:840} INFO - DAG(s) 'tomorrowio_bronze_to_silver' retrieved from /opt/airflow/dags/dag_tomorrowio.py
[2026-06-30T19:10:06.555+0000] {logging_mixin.py:188} INFO - [2026-06-30T19:10:06.555+0000] {dag.py:3096} INFO - Sync 1 DAGs
[2026-06-30T19:10:06.566+0000] {logging_mixin.py:188} INFO - [2026-06-30T19:10:06.566+0000] {dag.py:3954} INFO - Setting next_dagrun for tomorrowio_bronze_to_silver to 2026-06-30 19:00:00+00:00, run_after=2026-06-30 20:00:00+00:00
[2026-06-30T19:10:06.573+0000] {processor.py:183} INFO - Processing /opt/airflow/dags/dag_tomorrowio.py took 0.429 seconds
[2026-06-30T19:10:37.074+0000] {processor.py:161} INFO - Started process (PID=24149) to work on /opt/airflow/dags/dag_tomorrowio.py
[2026-06-30T19:10:37.077+0000] {processor.py:830} INFO - Processing file /opt/airflow/dags/dag_tomorrowio.py for tasks to queue
[2026-06-30T19:10:37.079+0000] {logging_mixin.py:188} INFO - [2026-06-30T19:10:37.079+0000] {dagbag.py:545} INFO - Filling up the DagBag from /opt/airflow/dags/dag_tomorrowio.py
[2026-06-30T19:10:37.513+0000] {processor.py:840} INFO - DAG(s) 'tomorrowio_bronze_to_silver' retrieved from /opt/airflow/dags/dag_tomorrowio.py
[2026-06-30T19:10:37.529+0000] {logging_mixin.py:188} INFO - [2026-06-30T19:10:37.529+0000] {dag.py:3096} INFO - Sync 1 DAGs
[2026-06-30T19:10:37.540+0000] {logging_mixin.py:188} INFO - [2026-06-30T19:10:37.540+0000] {dag.py:3954} INFO - Setting next_dagrun for tomorrowio_bronze_to_silver to 2026-06-30 19:00:00+00:00, run_after=2026-06-30 20:00:00+00:00
[2026-06-30T19:10:37.547+0000] {processor.py:183} INFO - Processing /opt/airflow/dags/dag_tomorrowio.py took 0.484 seconds
[2026-06-30T19:11:08.126+0000] {processor.py:161} INFO - Started process (PID=24183) to work on /opt/airflow/dags/dag_tomorrowio.py
[2026-06-30T19:11:08.129+0000] {processor.py:830} INFO - Processing file /opt/airflow/dags/dag_tomorrowio.py for tasks to queue
[2026-06-30T19:11:08.131+0000] {logging_mixin.py:188} INFO - [2026-06-30T19:11:08.130+0000] {dagbag.py:545} INFO - Filling up the DagBag from /opt/airflow/dags/dag_tomorrowio.py
[2026-06-30T19:11:08.678+0000] {processor.py:840} INFO - DAG(s) 'tomorrowio_bronze_to_silver' retrieved from /opt/airflow/dags/dag_tomorrowio.py
[2026-06-30T19:11:08.694+0000] {logging_mixin.py:188} INFO - [2026-06-30T19:11:08.694+0000] {dag.py:3096} INFO - Sync 1 DAGs
[2026-06-30T19:11:08.705+0000] {logging_mixin.py:188} INFO - [2026-06-30T19:11:08.705+0000] {dag.py:3954} INFO - Setting next_dagrun for tomorrowio_bronze_to_silver to 2026-06-30 19:00:00+00:00, run_after=2026-06-30 20:00:00+00:00
[2026-06-30T19:11:08.714+0000] {processor.py:183} INFO - Processing /opt/airflow/dags/dag_tomorrowio.py took 0.601 seconds
[2026-06-30T19:11:39.466+0000] {processor.py:161} INFO - Started process (PID=24218) to work on /opt/airflow/dags/dag_tomorrowio.py
[2026-06-30T19:11:39.469+0000] {processor.py:830} INFO - Processing file /opt/airflow/dags/dag_tomorrowio.py for tasks to queue
[2026-06-30T19:11:39.470+0000] {logging_mixin.py:188} INFO - [2026-06-30T19:11:39.469+0000] {dagbag.py:545} INFO - Filling up the DagBag from /opt/airflow/dags/dag_tomorrowio.py
[2026-06-30T19:11:40.101+0000] {processor.py:840} INFO - DAG(s) 'tomorrowio_bronze_to_silver' retrieved from /opt/airflow/dags/dag_tomorrowio.py
[2026-06-30T19:11:40.111+0000] {logging_mixin.py:188} INFO - [2026-06-30T19:11:40.111+0000] {dag.py:3096} INFO - Sync 1 DAGs
[2026-06-30T19:11:40.122+0000] {logging_mixin.py:188} INFO - [2026-06-30T19:11:40.122+0000] {dag.py:3954} INFO - Setting next_dagrun for tomorrowio_bronze_to_silver to 2026-06-30 19:00:00+00:00, run_after=2026-06-30 20:00:00+00:00
[2026-06-30T19:11:40.129+0000] {processor.py:183} INFO - Processing /opt/airflow/dags/dag_tomorrowio.py took 0.670 seconds
[2026-06-30T19:12:10.795+0000] {processor.py:161} INFO - Started process (PID=24251) to work on /opt/airflow/dags/dag_tomorrowio.py
[2026-06-30T19:12:10.797+0000] {processor.py:830} INFO - Processing file /opt/airflow/dags/dag_tomorrowio.py for tasks to queue
[2026-06-30T19:12:10.798+0000] {logging_mixin.py:188} INFO - [2026-06-30T19:12:10.797+0000] {dagbag.py:545} INFO - Filling up the DagBag from /opt/airflow/dags/dag_tomorrowio.py
[2026-06-30T19:12:11.296+0000] {processor.py:840} INFO - DAG(s) 'tomorrowio_bronze_to_silver' retrieved from /opt/airflow/dags/dag_tomorrowio.py
[2026-06-30T19:12:11.319+0000] {logging_mixin.py:188} INFO - [2026-06-30T19:12:11.318+0000] {dag.py:3096} INFO - Sync 1 DAGs
[2026-06-30T19:12:11.328+0000] {logging_mixin.py:188} INFO - [2026-06-30T19:12:11.328+0000] {dag.py:3954} INFO - Setting next_dagrun for tomorrowio_bronze_to_silver to 2026-06-30 19:00:00+00:00, run_after=2026-06-30 20:00:00+00:00
[2026-06-30T19:12:11.335+0000] {processor.py:183} INFO - Processing /opt/airflow/dags/dag_tomorrowio.py took 0.556 seconds
[2026-06-30T19:12:42.051+0000] {processor.py:161} INFO - Started process (PID=24284) to work on /opt/airflow/dags/dag_tomorrowio.py
[2026-06-30T19:12:42.052+0000] {processor.py:830} INFO - Processing file /opt/airflow/dags/dag_tomorrowio.py for tasks to queue
[2026-06-30T19:12:42.053+0000] {logging_mixin.py:188} INFO - [2026-06-30T19:12:42.052+0000] {dagbag.py:545} INFO - Filling up the DagBag from /opt/airflow/dags/dag_tomorrowio.py
[2026-06-30T19:12:42.528+0000] {processor.py:840} INFO - DAG(s) 'tomorrowio_bronze_to_silver' retrieved from /opt/airflow/dags/dag_tomorrowio.py
[2026-06-30T19:12:42.547+0000] {logging_mixin.py:188} INFO - [2026-06-30T19:12:42.547+0000] {dag.py:3096} INFO - Sync 1 DAGs
[2026-06-30T19:12:42.560+0000] {logging_mixin.py:188} INFO - [2026-06-30T19:12:42.560+0000] {dag.py:3954} INFO - Setting next_dagrun for tomorrowio_bronze_to_silver to 2026-06-30 19:00:00+00:00, run_after=2026-06-30 20:00:00+00:00
[2026-06-30T19:12:42.570+0000] {processor.py:183} INFO - Processing /opt/airflow/dags/dag_tomorrowio.py took 0.526 seconds
[2026-06-30T19:13:13.225+0000] {processor.py:161} INFO - Started process (PID=24317) to work on /opt/airflow/dags/dag_tomorrowio.py
[2026-06-30T19:13:13.228+0000] {processor.py:830} INFO - Processing file /opt/airflow/dags/dag_tomorrowio.py for tasks to queue
[2026-06-30T19:13:13.229+0000] {logging_mixin.py:188} INFO - [2026-06-30T19:13:13.229+0000] {dagbag.py:545} INFO - Filling up the DagBag from /opt/airflow/dags/dag_tomorrowio.py
[2026-06-30T19:13:13.720+0000] {processor.py:840} INFO - DAG(s) 'tomorrowio_bronze_to_silver' retrieved from /opt/airflow/dags/dag_tomorrowio.py
[2026-06-30T19:13:13.746+0000] {logging_mixin.py:188} INFO - [2026-06-30T19:13:13.746+0000] {dag.py:3096} INFO - Sync 1 DAGs
[2026-06-30T19:13:13.758+0000] {logging_mixin.py:188} INFO - [2026-06-30T19:13:13.758+0000] {dag.py:3954} INFO - Setting next_dagrun for tomorrowio_bronze_to_silver to 2026-06-30 19:00:00+00:00, run_after=2026-06-30 20:00:00+00:00
[2026-06-30T19:13:13.765+0000] {processor.py:183} INFO - Processing /opt/airflow/dags/dag_tomorrowio.py took 0.552 seconds
[2026-06-30T19:13:44.470+0000] {processor.py:161} INFO - Started process (PID=24350) to work on /opt/airflow/dags/dag_tomorrowio.py
[2026-06-30T19:13:44.472+0000] {processor.py:830} INFO - Processing file /opt/airflow/dags/dag_tomorrowio.py for tasks to queue
[2026-06-30T19:13:44.474+0000] {logging_mixin.py:188} INFO - [2026-06-30T19:13:44.473+0000] {dagbag.py:545} INFO - Filling up the DagBag from /opt/airflow/dags/dag_tomorrowio.py
[2026-06-30T19:13:44.980+0000] {processor.py:840} INFO - DAG(s) 'tomorrowio_bronze_to_silver' retrieved from /opt/airflow/dags/dag_tomorrowio.py
[2026-06-30T19:13:45.009+0000] {logging_mixin.py:188} INFO - [2026-06-30T19:13:45.009+0000] {dag.py:3096} INFO - Sync 1 DAGs
[2026-06-30T19:13:45.025+0000] {logging_mixin.py:188} INFO - [2026-06-30T19:13:45.025+0000] {dag.py:3954} INFO - Setting next_dagrun for tomorrowio_bronze_to_silver to 2026-06-30 19:00:00+00:00, run_after=2026-06-30 20:00:00+00:00
[2026-06-30T19:13:45.033+0000] {processor.py:183} INFO - Processing /opt/airflow/dags/dag_tomorrowio.py took 0.583 seconds
[2026-06-30T19:14:15.756+0000] {processor.py:161} INFO - Started process (PID=24383) to work on /opt/airflow/dags/dag_tomorrowio.py
[2026-06-30T19:14:15.760+0000] {processor.py:830} INFO - Processing file /opt/airflow/dags/dag_tomorrowio.py for tasks to queue
[2026-06-30T19:14:15.762+0000] {logging_mixin.py:188} INFO - [2026-06-30T19:14:15.761+0000] {dagbag.py:545} INFO - Filling up the DagBag from /opt/airflow/dags/dag_tomorrowio.py
[2026-06-30T19:14:16.375+0000] {processor.py:840} INFO - DAG(s) 'tomorrowio_bronze_to_silver' retrieved from /opt/airflow/dags/dag_tomorrowio.py
[2026-06-30T19:14:16.423+0000] {logging_mixin.py:188} INFO - [2026-06-30T19:14:16.422+0000] {dag.py:3096} INFO - Sync 1 DAGs
[2026-06-30T19:14:16.443+0000] {logging_mixin.py:188} INFO - [2026-06-30T19:14:16.443+0000] {dag.py:3954} INFO - Setting next_dagrun for tomorrowio_bronze_to_silver to 2026-06-30 19:00:00+00:00, run_after=2026-06-30 20:00:00+00:00
[2026-06-30T19:14:16.459+0000] {processor.py:183} INFO - Processing /opt/airflow/dags/dag_tomorrowio.py took 0.734 seconds
[2026-06-30T19:14:47.189+0000] {processor.py:161} INFO - Started process (PID=24416) to work on /opt/airflow/dags/dag_tomorrowio.py
[2026-06-30T19:14:47.191+0000] {processor.py:830} INFO - Processing file /opt/airflow/dags/dag_tomorrowio.py for tasks to queue
[2026-06-30T19:14:47.193+0000] {logging_mixin.py:188} INFO - [2026-06-30T19:14:47.192+0000] {dagbag.py:545} INFO - Filling up the DagBag from /opt/airflow/dags/dag_tomorrowio.py
[2026-06-30T19:14:47.594+0000] {processor.py:840} INFO - DAG(s) 'tomorrowio_bronze_to_silver' retrieved from /opt/airflow/dags/dag_tomorrowio.py
[2026-06-30T19:14:47.610+0000] {logging_mixin.py:188} INFO - [2026-06-30T19:14:47.610+0000] {dag.py:3096} INFO - Sync 1 DAGs
[2026-06-30T19:14:47.622+0000] {logging_mixin.py:188} INFO - [2026-06-30T19:14:47.622+0000] {dag.py:3954} INFO - Setting next_dagrun for tomorrowio_bronze_to_silver to 2026-06-30 19:00:00+00:00, run_after=2026-06-30 20:00:00+00:00
[2026-06-30T19:14:47.632+0000] {processor.py:183} INFO - Processing /opt/airflow/dags/dag_tomorrowio.py took 0.449 seconds
[2026-06-30T19:15:18.197+0000] {processor.py:161} INFO - Started process (PID=24449) to work on /opt/airflow/dags/dag_tomorrowio.py
[2026-06-30T19:15:18.199+0000] {processor.py:830} INFO - Processing file /opt/airflow/dags/dag_tomorrowio.py for tasks to queue
[2026-06-30T19:15:18.201+0000] {logging_mixin.py:188} INFO - [2026-06-30T19:15:18.201+0000] {dagbag.py:545} INFO - Filling up the DagBag from /opt/airflow/dags/dag_tomorrowio.py
[2026-06-30T19:15:18.607+0000] {processor.py:840} INFO - DAG(s) 'tomorrowio_bronze_to_silver' retrieved from /opt/airflow/dags/dag_tomorrowio.py
[2026-06-30T19:15:18.626+0000] {logging_mixin.py:188} INFO - [2026-06-30T19:15:18.626+0000] {dag.py:3096} INFO - Sync 1 DAGs
[2026-06-30T19:15:18.636+0000] {logging_mixin.py:188} INFO - [2026-06-30T19:15:18.636+0000] {dag.py:3954} INFO - Setting next_dagrun for tomorrowio_bronze_to_silver to 2026-06-30 19:00:00+00:00, run_after=2026-06-30 20:00:00+00:00
[2026-06-30T19:15:18.644+0000] {processor.py:183} INFO - Processing /opt/airflow/dags/dag_tomorrowio.py took 0.458 seconds
[2026-06-30T19:15:49.370+0000] {processor.py:161} INFO - Started process (PID=24482) to work on /opt/airflow/dags/dag_tomorrowio.py
[2026-06-30T19:15:49.372+0000] {processor.py:830} INFO - Processing file /opt/airflow/dags/dag_tomorrowio.py for tasks to queue
[2026-06-30T19:15:49.373+0000] {logging_mixin.py:188} INFO - [2026-06-30T19:15:49.373+0000] {dagbag.py:545} INFO - Filling up the DagBag from /opt/airflow/dags/dag_tomorrowio.py
[2026-06-30T19:15:49.749+0000] {processor.py:840} INFO - DAG(s) 'tomorrowio_bronze_to_silver' retrieved from /opt/airflow/dags/dag_tomorrowio.py
[2026-06-30T19:15:49.763+0000] {logging_mixin.py:188} INFO - [2026-06-30T19:15:49.763+0000] {dag.py:3096} INFO - Sync 1 DAGs
[2026-06-30T19:15:49.773+0000] {logging_mixin.py:188} INFO - [2026-06-30T19:15:49.773+0000] {dag.py:3954} INFO - Setting next_dagrun for tomorrowio_bronze_to_silver to 2026-06-30 19:00:00+00:00, run_after=2026-06-30 20:00:00+00:00
[2026-06-30T19:15:49.780+0000] {processor.py:183} INFO - Processing /opt/airflow/dags/dag_tomorrowio.py took 0.424 seconds
[2026-06-30T19:16:20.419+0000] {processor.py:161} INFO - Started process (PID=24515) to work on /opt/airflow/dags/dag_tomorrowio.py
[2026-06-30T19:16:20.421+0000] {processor.py:830} INFO - Processing file /opt/airflow/dags/dag_tomorrowio.py for tasks to queue
[2026-06-30T19:16:20.422+0000] {logging_mixin.py:188} INFO - [2026-06-30T19:16:20.422+0000] {dagbag.py:545} INFO - Filling up the DagBag from /opt/airflow/dags/dag_tomorrowio.py
[2026-06-30T19:16:20.782+0000] {processor.py:840} INFO - DAG(s) 'tomorrowio_bronze_to_silver' retrieved from /opt/airflow/dags/dag_tomorrowio.py
[2026-06-30T19:16:20.792+0000] {logging_mixin.py:188} INFO - [2026-06-30T19:16:20.792+0000] {dag.py:3096} INFO - Sync 1 DAGs
[2026-06-30T19:16:20.800+0000] {logging_mixin.py:188} INFO - [2026-06-30T19:16:20.800+0000] {dag.py:3954} INFO - Setting next_dagrun for tomorrowio_bronze_to_silver to 2026-06-30 19:00:00+00:00, run_after=2026-06-30 20:00:00+00:00
[2026-06-30T19:16:20.806+0000] {processor.py:183} INFO - Processing /opt/airflow/dags/dag_tomorrowio.py took 0.394 seconds
[2026-06-30T19:16:51.250+0000] {processor.py:161} INFO - Started process (PID=24548) to work on /opt/airflow/dags/dag_tomorrowio.py
[2026-06-30T19:16:51.252+0000] {processor.py:830} INFO - Processing file /opt/airflow/dags/dag_tomorrowio.py for tasks to queue
[2026-06-30T19:16:51.253+0000] {logging_mixin.py:188} INFO - [2026-06-30T19:16:51.252+0000] {dagbag.py:545} INFO - Filling up the DagBag from /opt/airflow/dags/dag_tomorrowio.py
[2026-06-30T19:16:51.599+0000] {processor.py:840} INFO - DAG(s) 'tomorrowio_bronze_to_silver' retrieved from /opt/airflow/dags/dag_tomorrowio.py
[2026-06-30T19:16:51.616+0000] {logging_mixin.py:188} INFO - [2026-06-30T19:16:51.616+0000] {dag.py:3096} INFO - Sync 1 DAGs
[2026-06-30T19:16:51.635+0000] {logging_mixin.py:188} INFO - [2026-06-30T19:16:51.635+0000] {dag.py:3954} INFO - Setting next_dagrun for tomorrowio_bronze_to_silver to 2026-06-30 19:00:00+00:00, run_after=2026-06-30 20:00:00+00:00
[2026-06-30T19:16:51.644+0000] {processor.py:183} INFO - Processing /opt/airflow/dags/dag_tomorrowio.py took 0.402 seconds
[2026-06-30T19:17:22.237+0000] {processor.py:161} INFO - Started process (PID=24581) to work on /opt/airflow/dags/dag_tomorrowio.py
[2026-06-30T19:17:22.240+0000] {processor.py:830} INFO - Processing file /opt/airflow/dags/dag_tomorrowio.py for tasks to queue
[2026-06-30T19:17:22.243+0000] {logging_mixin.py:188} INFO - [2026-06-30T19:17:22.242+0000] {dagbag.py:545} INFO - Filling up the DagBag from /opt/airflow/dags/dag_tomorrowio.py
[2026-06-30T19:17:22.759+0000] {processor.py:840} INFO - DAG(s) 'tomorrowio_bronze_to_silver' retrieved from /opt/airflow/dags/dag_tomorrowio.py
[2026-06-30T19:17:22.774+0000] {logging_mixin.py:188} INFO - [2026-06-30T19:17:22.774+0000] {dag.py:3096} INFO - Sync 1 DAGs
[2026-06-30T19:17:22.786+0000] {logging_mixin.py:188} INFO - [2026-06-30T19:17:22.786+0000] {dag.py:3954} INFO - Setting next_dagrun for tomorrowio_bronze_to_silver to 2026-06-30 19:00:00+00:00, run_after=2026-06-30 20:00:00+00:00
[2026-06-30T19:17:22.794+0000] {processor.py:183} INFO - Processing /opt/airflow/dags/dag_tomorrowio.py took 0.573 seconds
[2026-06-30T19:17:53.431+0000] {processor.py:161} INFO - Started process (PID=24614) to work on /opt/airflow/dags/dag_tomorrowio.py
[2026-06-30T19:17:53.434+0000] {processor.py:830} INFO - Processing file /opt/airflow/dags/dag_tomorrowio.py for tasks to queue
[2026-06-30T19:17:53.435+0000] {logging_mixin.py:188} INFO - [2026-06-30T19:17:53.435+0000] {dagbag.py:545} INFO - Filling up the DagBag from /opt/airflow/dags/dag_tomorrowio.py
[2026-06-30T19:17:53.919+0000] {processor.py:840} INFO - DAG(s) 'tomorrowio_bronze_to_silver' retrieved from /opt/airflow/dags/dag_tomorrowio.py
[2026-06-30T19:17:53.935+0000] {logging_mixin.py:188} INFO - [2026-06-30T19:17:53.934+0000] {dag.py:3096} INFO - Sync 1 DAGs
[2026-06-30T19:17:53.946+0000] {logging_mixin.py:188} INFO - [2026-06-30T19:17:53.946+0000] {dag.py:3954} INFO - Setting next_dagrun for tomorrowio_bronze_to_silver to 2026-06-30 19:00:00+00:00, run_after=2026-06-30 20:00:00+00:00
[2026-06-30T19:17:53.956+0000] {processor.py:183} INFO - Processing /opt/airflow/dags/dag_tomorrowio.py took 0.536 seconds
[2026-06-30T19:18:24.630+0000] {processor.py:161} INFO - Started process (PID=24647) to work on /opt/airflow/dags/dag_tomorrowio.py
[2026-06-30T19:18:24.633+0000] {processor.py:830} INFO - Processing file /opt/airflow/dags/dag_tomorrowio.py for tasks to queue
[2026-06-30T19:18:24.634+0000] {logging_mixin.py:188} INFO - [2026-06-30T19:18:24.633+0000] {dagbag.py:545} INFO - Filling up the DagBag from /opt/airflow/dags/dag_tomorrowio.py
[2026-06-30T19:18:25.151+0000] {processor.py:840} INFO - DAG(s) 'tomorrowio_bronze_to_silver' retrieved from /opt/airflow/dags/dag_tomorrowio.py
[2026-06-30T19:18:25.162+0000] {logging_mixin.py:188} INFO - [2026-06-30T19:18:25.162+0000] {dag.py:3096} INFO - Sync 1 DAGs
[2026-06-30T19:18:25.171+0000] {logging_mixin.py:188} INFO - [2026-06-30T19:18:25.171+0000] {dag.py:3954} INFO - Setting next_dagrun for tomorrowio_bronze_to_silver to 2026-06-30 19:00:00+00:00, run_after=2026-06-30 20:00:00+00:00
[2026-06-30T19:18:25.178+0000] {processor.py:183} INFO - Processing /opt/airflow/dags/dag_tomorrowio.py took 0.557 seconds
[2026-06-30T19:18:55.890+0000] {processor.py:161} INFO - Started process (PID=24680) to work on /opt/airflow/dags/dag_tomorrowio.py
[2026-06-30T19:18:55.893+0000] {processor.py:830} INFO - Processing file /opt/airflow/dags/dag_tomorrowio.py for tasks to queue
[2026-06-30T19:18:55.896+0000] {logging_mixin.py:188} INFO - [2026-06-30T19:18:55.895+0000] {dagbag.py:545} INFO - Filling up the DagBag from /opt/airflow/dags/dag_tomorrowio.py
[2026-06-30T19:18:56.716+0000] {processor.py:840} INFO - DAG(s) 'tomorrowio_bronze_to_silver' retrieved from /opt/airflow/dags/dag_tomorrowio.py
[2026-06-30T19:18:56.755+0000] {logging_mixin.py:188} INFO - [2026-06-30T19:18:56.755+0000] {dag.py:3096} INFO - Sync 1 DAGs
[2026-06-30T19:18:56.774+0000] {logging_mixin.py:188} INFO - [2026-06-30T19:18:56.774+0000] {dag.py:3954} INFO - Setting next_dagrun for tomorrowio_bronze_to_silver to 2026-06-30 19:00:00+00:00, run_after=2026-06-30 20:00:00+00:00
[2026-06-30T19:18:56.785+0000] {processor.py:183} INFO - Processing /opt/airflow/dags/dag_tomorrowio.py took 0.919 seconds
[2026-06-30T19:19:27.545+0000] {processor.py:161} INFO - Started process (PID=24713) to work on /opt/airflow/dags/dag_tomorrowio.py
[2026-06-30T19:19:27.547+0000] {processor.py:830} INFO - Processing file /opt/airflow/dags/dag_tomorrowio.py for tasks to queue
[2026-06-30T19:19:27.548+0000] {logging_mixin.py:188} INFO - [2026-06-30T19:19:27.548+0000] {dagbag.py:545} INFO - Filling up the DagBag from /opt/airflow/dags/dag_tomorrowio.py
[2026-06-30T19:19:27.926+0000] {processor.py:840} INFO - DAG(s) 'tomorrowio_bronze_to_silver' retrieved from /opt/airflow/dags/dag_tomorrowio.py
[2026-06-30T19:19:27.942+0000] {logging_mixin.py:188} INFO - [2026-06-30T19:19:27.942+0000] {dag.py:3096} INFO - Sync 1 DAGs
[2026-06-30T19:19:27.951+0000] {logging_mixin.py:188} INFO - [2026-06-30T19:19:27.951+0000] {dag.py:3954} INFO - Setting next_dagrun for tomorrowio_bronze_to_silver to 2026-06-30 19:00:00+00:00, run_after=2026-06-30 20:00:00+00:00
[2026-06-30T19:19:27.959+0000] {processor.py:183} INFO - Processing /opt/airflow/dags/dag_tomorrowio.py took 0.431 seconds
[2026-06-30T19:19:58.770+0000] {processor.py:161} INFO - Started process (PID=24746) to work on /opt/airflow/dags/dag_tomorrowio.py
[2026-06-30T19:19:58.773+0000] {processor.py:830} INFO - Processing file /opt/airflow/dags/dag_tomorrowio.py for tasks to queue
[2026-06-30T19:19:58.775+0000] {logging_mixin.py:188} INFO - [2026-06-30T19:19:58.775+0000] {dagbag.py:545} INFO - Filling up the DagBag from /opt/airflow/dags/dag_tomorrowio.py
[2026-06-30T19:19:59.379+0000] {processor.py:840} INFO - DAG(s) 'tomorrowio_bronze_to_silver' retrieved from /opt/airflow/dags/dag_tomorrowio.py
[2026-06-30T19:19:59.403+0000] {logging_mixin.py:188} INFO - [2026-06-30T19:19:59.402+0000] {dag.py:3096} INFO - Sync 1 DAGs
[2026-06-30T19:19:59.411+0000] {logging_mixin.py:188} INFO - [2026-06-30T19:19:59.411+0000] {dag.py:3954} INFO - Setting next_dagrun for tomorrowio_bronze_to_silver to 2026-06-30 19:00:00+00:00, run_after=2026-06-30 20:00:00+00:00
[2026-06-30T19:19:59.421+0000] {processor.py:183} INFO - Processing /opt/airflow/dags/dag_tomorrowio.py took 0.675 seconds
[2026-06-30T19:20:30.014+0000] {processor.py:161} INFO - Started process (PID=24779) to work on /opt/airflow/dags/dag_tomorrowio.py
[2026-06-30T19:20:30.016+0000] {processor.py:830} INFO - Processing file /opt/airflow/dags/dag_tomorrowio.py for tasks to queue
[2026-06-30T19:20:30.017+0000] {logging_mixin.py:188} INFO - [2026-06-30T19:20:30.017+0000] {dagbag.py:545} INFO - Filling up the DagBag from /opt/airflow/dags/dag_tomorrowio.py
[2026-06-30T19:20:30.531+0000] {processor.py:840} INFO - DAG(s) 'tomorrowio_bronze_to_silver' retrieved from /opt/airflow/dags/dag_tomorrowio.py
[2026-06-30T19:20:30.544+0000] {logging_mixin.py:188} INFO - [2026-06-30T19:20:30.544+0000] {dag.py:3096} INFO - Sync 1 DAGs
[2026-06-30T19:20:30.553+0000] {logging_mixin.py:188} INFO - [2026-06-30T19:20:30.553+0000] {dag.py:3954} INFO - Setting next_dagrun for tomorrowio_bronze_to_silver to 2026-06-30 19:00:00+00:00, run_after=2026-06-30 20:00:00+00:00
[2026-06-30T19:20:30.560+0000] {processor.py:183} INFO - Processing /opt/airflow/dags/dag_tomorrowio.py took 0.553 seconds
[2026-06-30T19:21:01.343+0000] {processor.py:161} INFO - Started process (PID=24812) to work on /opt/airflow/dags/dag_tomorrowio.py
[2026-06-30T19:21:01.346+0000] {processor.py:830} INFO - Processing file /opt/airflow/dags/dag_tomorrowio.py for tasks to queue
[2026-06-30T19:21:01.349+0000] {logging_mixin.py:188} INFO - [2026-06-30T19:21:01.348+0000] {dagbag.py:545} INFO - Filling up the DagBag from /opt/airflow/dags/dag_tomorrowio.py
[2026-06-30T19:21:01.915+0000] {processor.py:840} INFO - DAG(s) 'tomorrowio_bronze_to_silver' retrieved from /opt/airflow/dags/dag_tomorrowio.py
[2026-06-30T19:21:01.933+0000] {logging_mixin.py:188} INFO - [2026-06-30T19:21:01.933+0000] {dag.py:3096} INFO - Sync 1 DAGs
[2026-06-30T19:21:01.947+0000] {logging_mixin.py:188} INFO - [2026-06-30T19:21:01.947+0000] {dag.py:3954} INFO - Setting next_dagrun for tomorrowio_bronze_to_silver to 2026-06-30 19:00:00+00:00, run_after=2026-06-30 20:00:00+00:00
[2026-06-30T19:21:01.959+0000] {processor.py:183} INFO - Processing /opt/airflow/dags/dag_tomorrowio.py took 0.647 seconds
[2026-06-30T19:21:32.569+0000] {processor.py:161} INFO - Started process (PID=24845) to work on /opt/airflow/dags/dag_tomorrowio.py
[2026-06-30T19:21:32.572+0000] {processor.py:830} INFO - Processing file /opt/airflow/dags/dag_tomorrowio.py for tasks to queue
[2026-06-30T19:21:32.573+0000] {logging_mixin.py:188} INFO - [2026-06-30T19:21:32.572+0000] {dagbag.py:545} INFO - Filling up the DagBag from /opt/airflow/dags/dag_tomorrowio.py
[2026-06-30T19:21:33.100+0000] {processor.py:840} INFO - DAG(s) 'tomorrowio_bronze_to_silver' retrieved from /opt/airflow/dags/dag_tomorrowio.py
[2026-06-30T19:21:33.120+0000] {logging_mixin.py:188} INFO - [2026-06-30T19:21:33.120+0000] {dag.py:3096} INFO - Sync 1 DAGs
[2026-06-30T19:21:33.130+0000] {logging_mixin.py:188} INFO - [2026-06-30T19:21:33.130+0000] {dag.py:3954} INFO - Setting next_dagrun for tomorrowio_bronze_to_silver to 2026-06-30 19:00:00+00:00, run_after=2026-06-30 20:00:00+00:00
[2026-06-30T19:21:33.137+0000] {processor.py:183} INFO - Processing /opt/airflow/dags/dag_tomorrowio.py took 0.577 seconds
[2026-06-30T19:22:03.925+0000] {processor.py:161} INFO - Started process (PID=24878) to work on /opt/airflow/dags/dag_tomorrowio.py
[2026-06-30T19:22:03.926+0000] {processor.py:830} INFO - Processing file /opt/airflow/dags/dag_tomorrowio.py for tasks to queue
[2026-06-30T19:22:03.927+0000] {logging_mixin.py:188} INFO - [2026-06-30T19:22:03.927+0000] {dagbag.py:545} INFO - Filling up the DagBag from /opt/airflow/dags/dag_tomorrowio.py
[2026-06-30T19:22:04.350+0000] {processor.py:840} INFO - DAG(s) 'tomorrowio_bronze_to_silver' retrieved from /opt/airflow/dags/dag_tomorrowio.py
[2026-06-30T19:22:04.362+0000] {logging_mixin.py:188} INFO - [2026-06-30T19:22:04.361+0000] {dag.py:3096} INFO - Sync 1 DAGs
[2026-06-30T19:22:04.387+0000] {logging_mixin.py:188} INFO - [2026-06-30T19:22:04.387+0000] {dag.py:3954} INFO - Setting next_dagrun for tomorrowio_bronze_to_silver to 2026-06-30 19:00:00+00:00, run_after=2026-06-30 20:00:00+00:00
[2026-06-30T19:22:04.397+0000] {processor.py:183} INFO - Processing /opt/airflow/dags/dag_tomorrowio.py took 0.489 seconds
[2026-06-30T19:22:35.042+0000] {processor.py:161} INFO - Started process (PID=24911) to work on /opt/airflow/dags/dag_tomorrowio.py
[2026-06-30T19:22:35.045+0000] {processor.py:830} INFO - Processing file /opt/airflow/dags/dag_tomorrowio.py for tasks to queue
[2026-06-30T19:22:35.047+0000] {logging_mixin.py:188} INFO - [2026-06-30T19:22:35.046+0000] {dagbag.py:545} INFO - Filling up the DagBag from /opt/airflow/dags/dag_tomorrowio.py
[2026-06-30T19:22:35.608+0000] {processor.py:840} INFO - DAG(s) 'tomorrowio_bronze_to_silver' retrieved from /opt/airflow/dags/dag_tomorrowio.py
[2026-06-30T19:22:35.642+0000] {logging_mixin.py:188} INFO - [2026-06-30T19:22:35.642+0000] {dag.py:3096} INFO - Sync 1 DAGs
[2026-06-30T19:22:35.652+0000] {logging_mixin.py:188} INFO - [2026-06-30T19:22:35.652+0000] {dag.py:3954} INFO - Setting next_dagrun for tomorrowio_bronze_to_silver to 2026-06-30 19:00:00+00:00, run_after=2026-06-30 20:00:00+00:00
[2026-06-30T19:22:35.666+0000] {processor.py:183} INFO - Processing /opt/airflow/dags/dag_tomorrowio.py took 0.643 seconds
[2026-06-30T19:23:06.412+0000] {processor.py:161} INFO - Started process (PID=24944) to work on /opt/airflow/dags/dag_tomorrowio.py
[2026-06-30T19:23:06.415+0000] {processor.py:830} INFO - Processing file /opt/airflow/dags/dag_tomorrowio.py for tasks to queue
[2026-06-30T19:23:06.422+0000] {logging_mixin.py:188} INFO - [2026-06-30T19:23:06.418+0000] {dagbag.py:545} INFO - Filling up the DagBag from /opt/airflow/dags/dag_tomorrowio.py
[2026-06-30T19:23:06.871+0000] {processor.py:840} INFO - DAG(s) 'tomorrowio_bronze_to_silver' retrieved from /opt/airflow/dags/dag_tomorrowio.py
[2026-06-30T19:23:06.884+0000] {logging_mixin.py:188} INFO - [2026-06-30T19:23:06.883+0000] {dag.py:3096} INFO - Sync 1 DAGs
[2026-06-30T19:23:06.892+0000] {logging_mixin.py:188} INFO - [2026-06-30T19:23:06.892+0000] {dag.py:3954} INFO - Setting next_dagrun for tomorrowio_bronze_to_silver to 2026-06-30 19:00:00+00:00, run_after=2026-06-30 20:00:00+00:00
[2026-06-30T19:23:06.898+0000] {processor.py:183} INFO - Processing /opt/airflow/dags/dag_tomorrowio.py took 0.502 seconds
[2026-06-30T19:23:37.524+0000] {processor.py:161} INFO - Started process (PID=24977) to work on /opt/airflow/dags/dag_tomorrowio.py
[2026-06-30T19:23:37.526+0000] {processor.py:830} INFO - Processing file /opt/airflow/dags/dag_tomorrowio.py for tasks to queue
[2026-06-30T19:23:37.530+0000] {logging_mixin.py:188} INFO - [2026-06-30T19:23:37.527+0000] {dagbag.py:545} INFO - Filling up the DagBag from /opt/airflow/dags/dag_tomorrowio.py
[2026-06-30T19:23:38.000+0000] {processor.py:840} INFO - DAG(s) 'tomorrowio_bronze_to_silver' retrieved from /opt/airflow/dags/dag_tomorrowio.py
[2026-06-30T19:23:38.015+0000] {logging_mixin.py:188} INFO - [2026-06-30T19:23:38.015+0000] {dag.py:3096} INFO - Sync 1 DAGs
[2026-06-30T19:23:38.025+0000] {logging_mixin.py:188} INFO - [2026-06-30T19:23:38.025+0000] {dag.py:3954} INFO - Setting next_dagrun for tomorrowio_bronze_to_silver to 2026-06-30 19:00:00+00:00, run_after=2026-06-30 20:00:00+00:00
[2026-06-30T19:23:38.033+0000] {processor.py:183} INFO - Processing /opt/airflow/dags/dag_tomorrowio.py took 0.521 seconds
[2026-06-30T19:24:08.652+0000] {processor.py:161} INFO - Started process (PID=25010) to work on /opt/airflow/dags/dag_tomorrowio.py
[2026-06-30T19:24:08.656+0000] {processor.py:830} INFO - Processing file /opt/airflow/dags/dag_tomorrowio.py for tasks to queue
[2026-06-30T19:24:08.657+0000] {logging_mixin.py:188} INFO - [2026-06-30T19:24:08.657+0000] {dagbag.py:545} INFO - Filling up the DagBag from /opt/airflow/dags/dag_tomorrowio.py
[2026-06-30T19:24:09.034+0000] {processor.py:840} INFO - DAG(s) 'tomorrowio_bronze_to_silver' retrieved from /opt/airflow/dags/dag_tomorrowio.py
[2026-06-30T19:24:09.050+0000] {logging_mixin.py:188} INFO - [2026-06-30T19:24:09.049+0000] {dag.py:3096} INFO - Sync 1 DAGs
[2026-06-30T19:24:09.063+0000] {logging_mixin.py:188} INFO - [2026-06-30T19:24:09.062+0000] {dag.py:3954} INFO - Setting next_dagrun for tomorrowio_bronze_to_silver to 2026-06-30 19:00:00+00:00, run_after=2026-06-30 20:00:00+00:00
[2026-06-30T19:24:09.071+0000] {processor.py:183} INFO - Processing /opt/airflow/dags/dag_tomorrowio.py took 0.428 seconds
[2026-06-30T19:24:39.753+0000] {processor.py:161} INFO - Started process (PID=25043) to work on /opt/airflow/dags/dag_tomorrowio.py
[2026-06-30T19:24:39.760+0000] {processor.py:830} INFO - Processing file /opt/airflow/dags/dag_tomorrowio.py for tasks to queue
[2026-06-30T19:24:39.763+0000] {logging_mixin.py:188} INFO - [2026-06-30T19:24:39.762+0000] {dagbag.py:545} INFO - Filling up the DagBag from /opt/airflow/dags/dag_tomorrowio.py
[2026-06-30T19:24:40.277+0000] {processor.py:840} INFO - DAG(s) 'tomorrowio_bronze_to_silver' retrieved from /opt/airflow/dags/dag_tomorrowio.py
[2026-06-30T19:24:40.288+0000] {logging_mixin.py:188} INFO - [2026-06-30T19:24:40.288+0000] {dag.py:3096} INFO - Sync 1 DAGs
[2026-06-30T19:24:40.297+0000] {logging_mixin.py:188} INFO - [2026-06-30T19:24:40.296+0000] {dag.py:3954} INFO - Setting next_dagrun for tomorrowio_bronze_to_silver to 2026-06-30 19:00:00+00:00, run_after=2026-06-30 20:00:00+00:00
[2026-06-30T19:24:40.305+0000] {processor.py:183} INFO - Processing /opt/airflow/dags/dag_tomorrowio.py took 0.576 seconds
[2026-06-30T19:25:10.981+0000] {processor.py:161} INFO - Started process (PID=25076) to work on /opt/airflow/dags/dag_tomorrowio.py
[2026-06-30T19:25:10.983+0000] {processor.py:830} INFO - Processing file /opt/airflow/dags/dag_tomorrowio.py for tasks to queue
[2026-06-30T19:25:10.985+0000] {logging_mixin.py:188} INFO - [2026-06-30T19:25:10.984+0000] {dagbag.py:545} INFO - Filling up the DagBag from /opt/airflow/dags/dag_tomorrowio.py
[2026-06-30T19:25:11.511+0000] {processor.py:840} INFO - DAG(s) 'tomorrowio_bronze_to_silver' retrieved from /opt/airflow/dags/dag_tomorrowio.py
[2026-06-30T19:25:11.533+0000] {logging_mixin.py:188} INFO - [2026-06-30T19:25:11.533+0000] {dag.py:3096} INFO - Sync 1 DAGs
[2026-06-30T19:25:11.542+0000] {logging_mixin.py:188} INFO - [2026-06-30T19:25:11.542+0000] {dag.py:3954} INFO - Setting next_dagrun for tomorrowio_bronze_to_silver to 2026-06-30 19:00:00+00:00, run_after=2026-06-30 20:00:00+00:00
[2026-06-30T19:25:11.549+0000] {processor.py:183} INFO - Processing /opt/airflow/dags/dag_tomorrowio.py took 0.587 seconds
[2026-06-30T19:25:42.181+0000] {processor.py:161} INFO - Started process (PID=25109) to work on /opt/airflow/dags/dag_tomorrowio.py
[2026-06-30T19:25:42.184+0000] {processor.py:830} INFO - Processing file /opt/airflow/dags/dag_tomorrowio.py for tasks to queue
[2026-06-30T19:25:42.186+0000] {logging_mixin.py:188} INFO - [2026-06-30T19:25:42.185+0000] {dagbag.py:545} INFO - Filling up the DagBag from /opt/airflow/dags/dag_tomorrowio.py
[2026-06-30T19:25:42.677+0000] {processor.py:840} INFO - DAG(s) 'tomorrowio_bronze_to_silver' retrieved from /opt/airflow/dags/dag_tomorrowio.py
[2026-06-30T19:25:42.693+0000] {logging_mixin.py:188} INFO - [2026-06-30T19:25:42.693+0000] {dag.py:3096} INFO - Sync 1 DAGs
[2026-06-30T19:25:42.702+0000] {logging_mixin.py:188} INFO - [2026-06-30T19:25:42.702+0000] {dag.py:3954} INFO - Setting next_dagrun for tomorrowio_bronze_to_silver to 2026-06-30 19:00:00+00:00, run_after=2026-06-30 20:00:00+00:00
[2026-06-30T19:25:42.709+0000] {processor.py:183} INFO - Processing /opt/airflow/dags/dag_tomorrowio.py took 0.541 seconds
[2026-06-30T19:26:13.379+0000] {processor.py:161} INFO - Started process (PID=25142) to work on /opt/airflow/dags/dag_tomorrowio.py
[2026-06-30T19:26:13.382+0000] {processor.py:830} INFO - Processing file /opt/airflow/dags/dag_tomorrowio.py for tasks to queue
[2026-06-30T19:26:13.385+0000] {logging_mixin.py:188} INFO - [2026-06-30T19:26:13.383+0000] {dagbag.py:545} INFO - Filling up the DagBag from /opt/airflow/dags/dag_tomorrowio.py
[2026-06-30T19:26:13.804+0000] {processor.py:840} INFO - DAG(s) 'tomorrowio_bronze_to_silver' retrieved from /opt/airflow/dags/dag_tomorrowio.py
[2026-06-30T19:26:13.822+0000] {logging_mixin.py:188} INFO - [2026-06-30T19:26:13.822+0000] {dag.py:3096} INFO - Sync 1 DAGs
[2026-06-30T19:26:13.836+0000] {logging_mixin.py:188} INFO - [2026-06-30T19:26:13.836+0000] {dag.py:3954} INFO - Setting next_dagrun for tomorrowio_bronze_to_silver to 2026-06-30 19:00:00+00:00, run_after=2026-06-30 20:00:00+00:00
[2026-06-30T19:26:13.844+0000] {processor.py:183} INFO - Processing /opt/airflow/dags/dag_tomorrowio.py took 0.478 seconds
[2026-06-30T19:26:44.002+0000] {processor.py:161} INFO - Started process (PID=25175) to work on /opt/airflow/dags/dag_tomorrowio.py
[2026-06-30T19:26:44.003+0000] {processor.py:830} INFO - Processing file /opt/airflow/dags/dag_tomorrowio.py for tasks to queue
[2026-06-30T19:26:44.005+0000] {logging_mixin.py:188} INFO - [2026-06-30T19:26:44.004+0000] {dagbag.py:545} INFO - Filling up the DagBag from /opt/airflow/dags/dag_tomorrowio.py
[2026-06-30T19:26:44.360+0000] {processor.py:840} INFO - DAG(s) 'tomorrowio_bronze_to_silver' retrieved from /opt/airflow/dags/dag_tomorrowio.py
[2026-06-30T19:26:44.374+0000] {logging_mixin.py:188} INFO - [2026-06-30T19:26:44.373+0000] {dag.py:3096} INFO - Sync 1 DAGs
[2026-06-30T19:26:44.383+0000] {logging_mixin.py:188} INFO - [2026-06-30T19:26:44.382+0000] {dag.py:3954} INFO - Setting next_dagrun for tomorrowio_bronze_to_silver to 2026-06-30 19:00:00+00:00, run_after=2026-06-30 20:00:00+00:00
[2026-06-30T19:26:44.390+0000] {processor.py:183} INFO - Processing /opt/airflow/dags/dag_tomorrowio.py took 0.401 seconds
[2026-06-30T19:27:14.850+0000] {processor.py:161} INFO - Started process (PID=25208) to work on /opt/airflow/dags/dag_tomorrowio.py
[2026-06-30T19:27:14.853+0000] {processor.py:830} INFO - Processing file /opt/airflow/dags/dag_tomorrowio.py for tasks to queue
[2026-06-30T19:27:14.854+0000] {logging_mixin.py:188} INFO - [2026-06-30T19:27:14.854+0000] {dagbag.py:545} INFO - Filling up the DagBag from /opt/airflow/dags/dag_tomorrowio.py
[2026-06-30T19:27:15.247+0000] {processor.py:840} INFO - DAG(s) 'tomorrowio_bronze_to_silver' retrieved from /opt/airflow/dags/dag_tomorrowio.py
[2026-06-30T19:27:15.265+0000] {logging_mixin.py:188} INFO - [2026-06-30T19:27:15.264+0000] {dag.py:3096} INFO - Sync 1 DAGs
[2026-06-30T19:27:15.281+0000] {logging_mixin.py:188} INFO - [2026-06-30T19:27:15.280+0000] {dag.py:3954} INFO - Setting next_dagrun for tomorrowio_bronze_to_silver to 2026-06-30 19:00:00+00:00, run_after=2026-06-30 20:00:00+00:00
[2026-06-30T19:27:15.294+0000] {processor.py:183} INFO - Processing /opt/airflow/dags/dag_tomorrowio.py took 0.457 seconds
[2026-06-30T19:27:45.816+0000] {processor.py:161} INFO - Started process (PID=25241) to work on /opt/airflow/dags/dag_tomorrowio.py
[2026-06-30T19:27:45.817+0000] {processor.py:830} INFO - Processing file /opt/airflow/dags/dag_tomorrowio.py for tasks to queue
[2026-06-30T19:27:45.819+0000] {logging_mixin.py:188} INFO - [2026-06-30T19:27:45.818+0000] {dagbag.py:545} INFO - Filling up the DagBag from /opt/airflow/dags/dag_tomorrowio.py
[2026-06-30T19:27:46.193+0000] {processor.py:840} INFO - DAG(s) 'tomorrowio_bronze_to_silver' retrieved from /opt/airflow/dags/dag_tomorrowio.py
[2026-06-30T19:27:46.208+0000] {logging_mixin.py:188} INFO - [2026-06-30T19:27:46.208+0000] {dag.py:3096} INFO - Sync 1 DAGs
[2026-06-30T19:27:46.221+0000] {logging_mixin.py:188} INFO - [2026-06-30T19:27:46.221+0000] {dag.py:3954} INFO - Setting next_dagrun for tomorrowio_bronze_to_silver to 2026-06-30 19:00:00+00:00, run_after=2026-06-30 20:00:00+00:00
[2026-06-30T19:27:46.228+0000] {processor.py:183} INFO - Processing /opt/airflow/dags/dag_tomorrowio.py took 0.421 seconds
[2026-06-30T19:28:16.864+0000] {processor.py:161} INFO - Started process (PID=25274) to work on /opt/airflow/dags/dag_tomorrowio.py
[2026-06-30T19:28:16.866+0000] {processor.py:830} INFO - Processing file /opt/airflow/dags/dag_tomorrowio.py for tasks to queue
[2026-06-30T19:28:16.867+0000] {logging_mixin.py:188} INFO - [2026-06-30T19:28:16.867+0000] {dagbag.py:545} INFO - Filling up the DagBag from /opt/airflow/dags/dag_tomorrowio.py
[2026-06-30T19:28:17.314+0000] {processor.py:840} INFO - DAG(s) 'tomorrowio_bronze_to_silver' retrieved from /opt/airflow/dags/dag_tomorrowio.py
[2026-06-30T19:28:17.335+0000] {logging_mixin.py:188} INFO - [2026-06-30T19:28:17.335+0000] {dag.py:3096} INFO - Sync 1 DAGs
[2026-06-30T19:28:17.351+0000] {logging_mixin.py:188} INFO - [2026-06-30T19:28:17.351+0000] {dag.py:3954} INFO - Setting next_dagrun for tomorrowio_bronze_to_silver to 2026-06-30 19:00:00+00:00, run_after=2026-06-30 20:00:00+00:00
[2026-06-30T19:28:17.361+0000] {processor.py:183} INFO - Processing /opt/airflow/dags/dag_tomorrowio.py took 0.518 seconds
[2026-06-30T19:43:49.603+0000] {processor.py:161} INFO - Started process (PID=25304) to work on /opt/airflow/dags/dag_tomorrowio.py
[2026-06-30T19:43:49.604+0000] {processor.py:830} INFO - Processing file /opt/airflow/dags/dag_tomorrowio.py for tasks to queue
[2026-06-30T19:43:49.609+0000] {logging_mixin.py:188} INFO - [2026-06-30T19:43:49.609+0000] {dagbag.py:545} INFO - Filling up the DagBag from /opt/airflow/dags/dag_tomorrowio.py
[2026-06-30T19:43:50.017+0000] {processor.py:840} INFO - DAG(s) 'tomorrowio_bronze_to_silver' retrieved from /opt/airflow/dags/dag_tomorrowio.py
[2026-06-30T19:43:50.031+0000] {logging_mixin.py:188} INFO - [2026-06-30T19:43:50.031+0000] {dag.py:3096} INFO - Sync 1 DAGs
[2026-06-30T19:43:50.039+0000] {logging_mixin.py:188} INFO - [2026-06-30T19:43:50.039+0000] {dag.py:3954} INFO - Setting next_dagrun for tomorrowio_bronze_to_silver to 2026-06-30 19:00:00+00:00, run_after=2026-06-30 20:00:00+00:00
[2026-06-30T19:43:50.045+0000] {processor.py:183} INFO - Processing /opt/airflow/dags/dag_tomorrowio.py took 0.454 seconds
[2026-06-30T19:44:20.677+0000] {processor.py:161} INFO - Started process (PID=25338) to work on /opt/airflow/dags/dag_tomorrowio.py
[2026-06-30T19:44:20.680+0000] {processor.py:830} INFO - Processing file /opt/airflow/dags/dag_tomorrowio.py for tasks to queue
[2026-06-30T19:44:20.681+0000] {logging_mixin.py:188} INFO - [2026-06-30T19:44:20.680+0000] {dagbag.py:545} INFO - Filling up the DagBag from /opt/airflow/dags/dag_tomorrowio.py
[2026-06-30T19:44:21.247+0000] {processor.py:840} INFO - DAG(s) 'tomorrowio_bronze_to_silver' retrieved from /opt/airflow/dags/dag_tomorrowio.py
[2026-06-30T19:44:21.262+0000] {logging_mixin.py:188} INFO - [2026-06-30T19:44:21.262+0000] {dag.py:3096} INFO - Sync 1 DAGs
[2026-06-30T19:44:21.272+0000] {logging_mixin.py:188} INFO - [2026-06-30T19:44:21.272+0000] {dag.py:3954} INFO - Setting next_dagrun for tomorrowio_bronze_to_silver to 2026-06-30 19:00:00+00:00, run_after=2026-06-30 20:00:00+00:00
[2026-06-30T19:44:21.280+0000] {processor.py:183} INFO - Processing /opt/airflow/dags/dag_tomorrowio.py took 0.639 seconds
[2026-06-30T19:44:51.872+0000] {processor.py:161} INFO - Started process (PID=25371) to work on /opt/airflow/dags/dag_tomorrowio.py
[2026-06-30T19:44:51.875+0000] {processor.py:830} INFO - Processing file /opt/airflow/dags/dag_tomorrowio.py for tasks to queue
[2026-06-30T19:44:51.877+0000] {logging_mixin.py:188} INFO - [2026-06-30T19:44:51.875+0000] {dagbag.py:545} INFO - Filling up the DagBag from /opt/airflow/dags/dag_tomorrowio.py
[2026-06-30T19:44:52.334+0000] {processor.py:840} INFO - DAG(s) 'tomorrowio_bronze_to_silver' retrieved from /opt/airflow/dags/dag_tomorrowio.py
[2026-06-30T19:44:52.349+0000] {logging_mixin.py:188} INFO - [2026-06-30T19:44:52.349+0000] {dag.py:3096} INFO - Sync 1 DAGs
[2026-06-30T19:44:52.360+0000] {logging_mixin.py:188} INFO - [2026-06-30T19:44:52.360+0000] {dag.py:3954} INFO - Setting next_dagrun for tomorrowio_bronze_to_silver to 2026-06-30 19:00:00+00:00, run_after=2026-06-30 20:00:00+00:00
[2026-06-30T19:44:52.367+0000] {processor.py:183} INFO - Processing /opt/airflow/dags/dag_tomorrowio.py took 0.508 seconds
[2026-06-30T19:45:22.862+0000] {processor.py:161} INFO - Started process (PID=25403) to work on /opt/airflow/dags/dag_tomorrowio.py
[2026-06-30T19:45:22.865+0000] {processor.py:830} INFO - Processing file /opt/airflow/dags/dag_tomorrowio.py for tasks to queue
[2026-06-30T19:45:22.867+0000] {logging_mixin.py:188} INFO - [2026-06-30T19:45:22.867+0000] {dagbag.py:545} INFO - Filling up the DagBag from /opt/airflow/dags/dag_tomorrowio.py
[2026-06-30T19:45:23.419+0000] {processor.py:840} INFO - DAG(s) 'tomorrowio_bronze_to_silver' retrieved from /opt/airflow/dags/dag_tomorrowio.py
[2026-06-30T19:45:23.433+0000] {logging_mixin.py:188} INFO - [2026-06-30T19:45:23.433+0000] {dag.py:3096} INFO - Sync 1 DAGs
[2026-06-30T19:45:23.443+0000] {logging_mixin.py:188} INFO - [2026-06-30T19:45:23.443+0000] {dag.py:3954} INFO - Setting next_dagrun for tomorrowio_bronze_to_silver to 2026-06-30 19:00:00+00:00, run_after=2026-06-30 20:00:00+00:00
[2026-06-30T19:45:23.451+0000] {processor.py:183} INFO - Processing /opt/airflow/dags/dag_tomorrowio.py took 0.604 seconds
[2026-06-30T19:45:54.167+0000] {processor.py:161} INFO - Started process (PID=25439) to work on /opt/airflow/dags/dag_tomorrowio.py
[2026-06-30T19:45:54.168+0000] {processor.py:830} INFO - Processing file /opt/airflow/dags/dag_tomorrowio.py for tasks to queue
[2026-06-30T19:45:54.169+0000] {logging_mixin.py:188} INFO - [2026-06-30T19:45:54.168+0000] {dagbag.py:545} INFO - Filling up the DagBag from /opt/airflow/dags/dag_tomorrowio.py
[2026-06-30T19:45:54.605+0000] {processor.py:840} INFO - DAG(s) 'tomorrowio_bronze_to_silver' retrieved from /opt/airflow/dags/dag_tomorrowio.py
[2026-06-30T19:45:54.619+0000] {logging_mixin.py:188} INFO - [2026-06-30T19:45:54.619+0000] {dag.py:3096} INFO - Sync 1 DAGs
[2026-06-30T19:45:54.627+0000] {logging_mixin.py:188} INFO - [2026-06-30T19:45:54.627+0000] {dag.py:3954} INFO - Setting next_dagrun for tomorrowio_bronze_to_silver to 2026-06-30 19:00:00+00:00, run_after=2026-06-30 20:00:00+00:00
[2026-06-30T19:45:54.635+0000] {processor.py:183} INFO - Processing /opt/airflow/dags/dag_tomorrowio.py took 0.478 seconds
[2026-06-30T19:46:25.214+0000] {processor.py:161} INFO - Started process (PID=25472) to work on /opt/airflow/dags/dag_tomorrowio.py
[2026-06-30T19:46:25.216+0000] {processor.py:830} INFO - Processing file /opt/airflow/dags/dag_tomorrowio.py for tasks to queue
[2026-06-30T19:46:25.216+0000] {logging_mixin.py:188} INFO - [2026-06-30T19:46:25.216+0000] {dagbag.py:545} INFO - Filling up the DagBag from /opt/airflow/dags/dag_tomorrowio.py
[2026-06-30T19:46:25.644+0000] {processor.py:840} INFO - DAG(s) 'tomorrowio_bronze_to_silver' retrieved from /opt/airflow/dags/dag_tomorrowio.py
[2026-06-30T19:46:25.660+0000] {logging_mixin.py:188} INFO - [2026-06-30T19:46:25.659+0000] {dag.py:3096} INFO - Sync 1 DAGs
[2026-06-30T19:46:25.667+0000] {logging_mixin.py:188} INFO - [2026-06-30T19:46:25.667+0000] {dag.py:3954} INFO - Setting next_dagrun for tomorrowio_bronze_to_silver to 2026-06-30 19:00:00+00:00, run_after=2026-06-30 20:00:00+00:00
[2026-06-30T19:46:25.673+0000] {processor.py:183} INFO - Processing /opt/airflow/dags/dag_tomorrowio.py took 0.487 seconds
[2026-06-30T19:46:56.230+0000] {processor.py:161} INFO - Started process (PID=25505) to work on /opt/airflow/dags/dag_tomorrowio.py
[2026-06-30T19:46:56.231+0000] {processor.py:830} INFO - Processing file /opt/airflow/dags/dag_tomorrowio.py for tasks to queue
[2026-06-30T19:46:56.231+0000] {logging_mixin.py:188} INFO - [2026-06-30T19:46:56.231+0000] {dagbag.py:545} INFO - Filling up the DagBag from /opt/airflow/dags/dag_tomorrowio.py
[2026-06-30T19:46:56.561+0000] {processor.py:840} INFO - DAG(s) 'tomorrowio_bronze_to_silver' retrieved from /opt/airflow/dags/dag_tomorrowio.py
[2026-06-30T19:46:56.571+0000] {logging_mixin.py:188} INFO - [2026-06-30T19:46:56.571+0000] {dag.py:3096} INFO - Sync 1 DAGs
[2026-06-30T19:46:56.580+0000] {logging_mixin.py:188} INFO - [2026-06-30T19:46:56.579+0000] {dag.py:3954} INFO - Setting next_dagrun for tomorrowio_bronze_to_silver to 2026-06-30 19:00:00+00:00, run_after=2026-06-30 20:00:00+00:00
[2026-06-30T19:46:56.587+0000] {processor.py:183} INFO - Processing /opt/airflow/dags/dag_tomorrowio.py took 0.364 seconds
[2026-06-30T19:47:27.209+0000] {processor.py:161} INFO - Started process (PID=25538) to work on /opt/airflow/dags/dag_tomorrowio.py
[2026-06-30T19:47:27.211+0000] {processor.py:830} INFO - Processing file /opt/airflow/dags/dag_tomorrowio.py for tasks to queue
[2026-06-30T19:47:27.212+0000] {logging_mixin.py:188} INFO - [2026-06-30T19:47:27.212+0000] {dagbag.py:545} INFO - Filling up the DagBag from /opt/airflow/dags/dag_tomorrowio.py
[2026-06-30T19:47:27.716+0000] {processor.py:840} INFO - DAG(s) 'tomorrowio_bronze_to_silver' retrieved from /opt/airflow/dags/dag_tomorrowio.py
[2026-06-30T19:47:27.725+0000] {logging_mixin.py:188} INFO - [2026-06-30T19:47:27.725+0000] {dag.py:3096} INFO - Sync 1 DAGs
[2026-06-30T19:47:27.734+0000] {logging_mixin.py:188} INFO - [2026-06-30T19:47:27.734+0000] {dag.py:3954} INFO - Setting next_dagrun for tomorrowio_bronze_to_silver to 2026-06-30 19:00:00+00:00, run_after=2026-06-30 20:00:00+00:00
[2026-06-30T19:47:27.739+0000] {processor.py:183} INFO - Processing /opt/airflow/dags/dag_tomorrowio.py took 0.546 seconds
[2026-06-30T19:47:58.491+0000] {processor.py:161} INFO - Started process (PID=25571) to work on /opt/airflow/dags/dag_tomorrowio.py
[2026-06-30T19:47:58.493+0000] {processor.py:830} INFO - Processing file /opt/airflow/dags/dag_tomorrowio.py for tasks to queue
[2026-06-30T19:47:58.493+0000] {logging_mixin.py:188} INFO - [2026-06-30T19:47:58.493+0000] {dagbag.py:545} INFO - Filling up the DagBag from /opt/airflow/dags/dag_tomorrowio.py
[2026-06-30T19:47:58.800+0000] {processor.py:840} INFO - DAG(s) 'tomorrowio_bronze_to_silver' retrieved from /opt/airflow/dags/dag_tomorrowio.py
[2026-06-30T19:47:58.810+0000] {logging_mixin.py:188} INFO - [2026-06-30T19:47:58.810+0000] {dag.py:3096} INFO - Sync 1 DAGs
[2026-06-30T19:47:58.819+0000] {logging_mixin.py:188} INFO - [2026-06-30T19:47:58.819+0000] {dag.py:3954} INFO - Setting next_dagrun for tomorrowio_bronze_to_silver to 2026-06-30 19:00:00+00:00, run_after=2026-06-30 20:00:00+00:00
[2026-06-30T19:47:58.825+0000] {processor.py:183} INFO - Processing /opt/airflow/dags/dag_tomorrowio.py took 0.346 seconds
[2026-06-30T19:48:29.473+0000] {processor.py:161} INFO - Started process (PID=25604) to work on /opt/airflow/dags/dag_tomorrowio.py
[2026-06-30T19:48:29.476+0000] {processor.py:830} INFO - Processing file /opt/airflow/dags/dag_tomorrowio.py for tasks to queue
[2026-06-30T19:48:29.476+0000] {logging_mixin.py:188} INFO - [2026-06-30T19:48:29.476+0000] {dagbag.py:545} INFO - Filling up the DagBag from /opt/airflow/dags/dag_tomorrowio.py
[2026-06-30T19:48:29.844+0000] {processor.py:840} INFO - DAG(s) 'tomorrowio_bronze_to_silver' retrieved from /opt/airflow/dags/dag_tomorrowio.py
[2026-06-30T19:48:29.867+0000] {logging_mixin.py:188} INFO - [2026-06-30T19:48:29.867+0000] {dag.py:3096} INFO - Sync 1 DAGs
[2026-06-30T19:48:29.879+0000] {logging_mixin.py:188} INFO - [2026-06-30T19:48:29.879+0000] {dag.py:3954} INFO - Setting next_dagrun for tomorrowio_bronze_to_silver to 2026-06-30 19:00:00+00:00, run_after=2026-06-30 20:00:00+00:00
[2026-06-30T19:48:29.894+0000] {processor.py:183} INFO - Processing /opt/airflow/dags/dag_tomorrowio.py took 0.432 seconds
[2026-06-30T19:49:00.539+0000] {processor.py:161} INFO - Started process (PID=25637) to work on /opt/airflow/dags/dag_tomorrowio.py
[2026-06-30T19:49:00.540+0000] {processor.py:830} INFO - Processing file /opt/airflow/dags/dag_tomorrowio.py for tasks to queue
[2026-06-30T19:49:00.541+0000] {logging_mixin.py:188} INFO - [2026-06-30T19:49:00.541+0000] {dagbag.py:545} INFO - Filling up the DagBag from /opt/airflow/dags/dag_tomorrowio.py
[2026-06-30T19:49:00.872+0000] {processor.py:840} INFO - DAG(s) 'tomorrowio_bronze_to_silver' retrieved from /opt/airflow/dags/dag_tomorrowio.py
[2026-06-30T19:49:00.886+0000] {logging_mixin.py:188} INFO - [2026-06-30T19:49:00.886+0000] {dag.py:3096} INFO - Sync 1 DAGs
[2026-06-30T19:49:00.895+0000] {logging_mixin.py:188} INFO - [2026-06-30T19:49:00.895+0000] {dag.py:3954} INFO - Setting next_dagrun for tomorrowio_bronze_to_silver to 2026-06-30 19:00:00+00:00, run_after=2026-06-30 20:00:00+00:00
[2026-06-30T19:49:00.902+0000] {processor.py:183} INFO - Processing /opt/airflow/dags/dag_tomorrowio.py took 0.369 seconds
[2026-06-30T19:49:31.515+0000] {processor.py:161} INFO - Started process (PID=25670) to work on /opt/airflow/dags/dag_tomorrowio.py
[2026-06-30T19:49:31.517+0000] {processor.py:830} INFO - Processing file /opt/airflow/dags/dag_tomorrowio.py for tasks to queue
[2026-06-30T19:49:31.517+0000] {logging_mixin.py:188} INFO - [2026-06-30T19:49:31.517+0000] {dagbag.py:545} INFO - Filling up the DagBag from /opt/airflow/dags/dag_tomorrowio.py
[2026-06-30T19:49:31.871+0000] {processor.py:840} INFO - DAG(s) 'tomorrowio_bronze_to_silver' retrieved from /opt/airflow/dags/dag_tomorrowio.py
[2026-06-30T19:49:31.881+0000] {logging_mixin.py:188} INFO - [2026-06-30T19:49:31.881+0000] {dag.py:3096} INFO - Sync 1 DAGs
[2026-06-30T19:49:31.895+0000] {logging_mixin.py:188} INFO - [2026-06-30T19:49:31.895+0000] {dag.py:3954} INFO - Setting next_dagrun for tomorrowio_bronze_to_silver to 2026-06-30 19:00:00+00:00, run_after=2026-06-30 20:00:00+00:00
[2026-06-30T19:49:31.902+0000] {processor.py:183} INFO - Processing /opt/airflow/dags/dag_tomorrowio.py took 0.393 seconds
[2026-06-30T19:50:02.513+0000] {processor.py:161} INFO - Started process (PID=25703) to work on /opt/airflow/dags/dag_tomorrowio.py
[2026-06-30T19:50:02.514+0000] {processor.py:830} INFO - Processing file /opt/airflow/dags/dag_tomorrowio.py for tasks to queue
[2026-06-30T19:50:02.515+0000] {logging_mixin.py:188} INFO - [2026-06-30T19:50:02.515+0000] {dagbag.py:545} INFO - Filling up the DagBag from /opt/airflow/dags/dag_tomorrowio.py
[2026-06-30T19:50:02.888+0000] {processor.py:840} INFO - DAG(s) 'tomorrowio_bronze_to_silver' retrieved from /opt/airflow/dags/dag_tomorrowio.py
[2026-06-30T19:50:02.903+0000] {logging_mixin.py:188} INFO - [2026-06-30T19:50:02.903+0000] {dag.py:3096} INFO - Sync 1 DAGs
[2026-06-30T19:50:02.912+0000] {logging_mixin.py:188} INFO - [2026-06-30T19:50:02.911+0000] {dag.py:3954} INFO - Setting next_dagrun for tomorrowio_bronze_to_silver to 2026-06-30 19:00:00+00:00, run_after=2026-06-30 20:00:00+00:00
[2026-06-30T19:50:02.918+0000] {processor.py:183} INFO - Processing /opt/airflow/dags/dag_tomorrowio.py took 0.412 seconds
[2026-06-30T19:50:33.501+0000] {processor.py:161} INFO - Started process (PID=25736) to work on /opt/airflow/dags/dag_tomorrowio.py
[2026-06-30T19:50:33.504+0000] {processor.py:830} INFO - Processing file /opt/airflow/dags/dag_tomorrowio.py for tasks to queue
[2026-06-30T19:50:33.505+0000] {logging_mixin.py:188} INFO - [2026-06-30T19:50:33.505+0000] {dagbag.py:545} INFO - Filling up the DagBag from /opt/airflow/dags/dag_tomorrowio.py
[2026-06-30T19:50:33.872+0000] {processor.py:840} INFO - DAG(s) 'tomorrowio_bronze_to_silver' retrieved from /opt/airflow/dags/dag_tomorrowio.py
[2026-06-30T19:50:33.881+0000] {logging_mixin.py:188} INFO - [2026-06-30T19:50:33.881+0000] {dag.py:3096} INFO - Sync 1 DAGs
[2026-06-30T19:50:33.889+0000] {logging_mixin.py:188} INFO - [2026-06-30T19:50:33.889+0000] {dag.py:3954} INFO - Setting next_dagrun for tomorrowio_bronze_to_silver to 2026-06-30 19:00:00+00:00, run_after=2026-06-30 20:00:00+00:00
[2026-06-30T19:50:33.896+0000] {processor.py:183} INFO - Processing /opt/airflow/dags/dag_tomorrowio.py took 0.400 seconds
[2026-06-30T19:51:04.431+0000] {processor.py:161} INFO - Started process (PID=25769) to work on /opt/airflow/dags/dag_tomorrowio.py
[2026-06-30T19:51:04.432+0000] {processor.py:830} INFO - Processing file /opt/airflow/dags/dag_tomorrowio.py for tasks to queue
[2026-06-30T19:51:04.433+0000] {logging_mixin.py:188} INFO - [2026-06-30T19:51:04.433+0000] {dagbag.py:545} INFO - Filling up the DagBag from /opt/airflow/dags/dag_tomorrowio.py
[2026-06-30T19:51:04.653+0000] {processor.py:840} INFO - DAG(s) 'tomorrowio_bronze_to_silver' retrieved from /opt/airflow/dags/dag_tomorrowio.py
[2026-06-30T19:51:04.670+0000] {logging_mixin.py:188} INFO - [2026-06-30T19:51:04.670+0000] {dag.py:3096} INFO - Sync 1 DAGs
[2026-06-30T19:51:04.682+0000] {logging_mixin.py:188} INFO - [2026-06-30T19:51:04.682+0000] {dag.py:3954} INFO - Setting next_dagrun for tomorrowio_bronze_to_silver to 2026-06-30 19:00:00+00:00, run_after=2026-06-30 20:00:00+00:00
[2026-06-30T19:51:04.688+0000] {processor.py:183} INFO - Processing /opt/airflow/dags/dag_tomorrowio.py took 0.266 seconds
[2026-06-30T19:51:35.241+0000] {processor.py:161} INFO - Started process (PID=25802) to work on /opt/airflow/dags/dag_tomorrowio.py
[2026-06-30T19:51:35.243+0000] {processor.py:830} INFO - Processing file /opt/airflow/dags/dag_tomorrowio.py for tasks to queue
[2026-06-30T19:51:35.243+0000] {logging_mixin.py:188} INFO - [2026-06-30T19:51:35.243+0000] {dagbag.py:545} INFO - Filling up the DagBag from /opt/airflow/dags/dag_tomorrowio.py
[2026-06-30T19:51:35.600+0000] {processor.py:840} INFO - DAG(s) 'tomorrowio_bronze_to_silver' retrieved from /opt/airflow/dags/dag_tomorrowio.py
[2026-06-30T19:51:35.608+0000] {logging_mixin.py:188} INFO - [2026-06-30T19:51:35.608+0000] {dag.py:3096} INFO - Sync 1 DAGs
[2026-06-30T19:51:35.619+0000] {logging_mixin.py:188} INFO - [2026-06-30T19:51:35.619+0000] {dag.py:3954} INFO - Setting next_dagrun for tomorrowio_bronze_to_silver to 2026-06-30 19:00:00+00:00, run_after=2026-06-30 20:00:00+00:00
[2026-06-30T19:51:35.625+0000] {processor.py:183} INFO - Processing /opt/airflow/dags/dag_tomorrowio.py took 0.389 seconds
[2026-06-30T19:52:06.240+0000] {processor.py:161} INFO - Started process (PID=25835) to work on /opt/airflow/dags/dag_tomorrowio.py
[2026-06-30T19:52:06.241+0000] {processor.py:830} INFO - Processing file /opt/airflow/dags/dag_tomorrowio.py for tasks to queue
[2026-06-30T19:52:06.242+0000] {logging_mixin.py:188} INFO - [2026-06-30T19:52:06.242+0000] {dagbag.py:545} INFO - Filling up the DagBag from /opt/airflow/dags/dag_tomorrowio.py
[2026-06-30T19:52:06.505+0000] {processor.py:840} INFO - DAG(s) 'tomorrowio_bronze_to_silver' retrieved from /opt/airflow/dags/dag_tomorrowio.py
[2026-06-30T19:52:06.524+0000] {logging_mixin.py:188} INFO - [2026-06-30T19:52:06.524+0000] {dag.py:3096} INFO - Sync 1 DAGs
[2026-06-30T19:52:06.535+0000] {logging_mixin.py:188} INFO - [2026-06-30T19:52:06.535+0000] {dag.py:3954} INFO - Setting next_dagrun for tomorrowio_bronze_to_silver to 2026-06-30 19:00:00+00:00, run_after=2026-06-30 20:00:00+00:00
[2026-06-30T19:52:06.543+0000] {processor.py:183} INFO - Processing /opt/airflow/dags/dag_tomorrowio.py took 0.313 seconds
[2026-06-30T19:52:37.176+0000] {processor.py:161} INFO - Started process (PID=25868) to work on /opt/airflow/dags/dag_tomorrowio.py
[2026-06-30T19:52:37.177+0000] {processor.py:830} INFO - Processing file /opt/airflow/dags/dag_tomorrowio.py for tasks to queue
[2026-06-30T19:52:37.178+0000] {logging_mixin.py:188} INFO - [2026-06-30T19:52:37.178+0000] {dagbag.py:545} INFO - Filling up the DagBag from /opt/airflow/dags/dag_tomorrowio.py
[2026-06-30T19:52:37.538+0000] {processor.py:840} INFO - DAG(s) 'tomorrowio_bronze_to_silver' retrieved from /opt/airflow/dags/dag_tomorrowio.py
[2026-06-30T19:52:37.551+0000] {logging_mixin.py:188} INFO - [2026-06-30T19:52:37.551+0000] {dag.py:3096} INFO - Sync 1 DAGs
[2026-06-30T19:52:37.560+0000] {logging_mixin.py:188} INFO - [2026-06-30T19:52:37.560+0000] {dag.py:3954} INFO - Setting next_dagrun for tomorrowio_bronze_to_silver to 2026-06-30 19:00:00+00:00, run_after=2026-06-30 20:00:00+00:00
[2026-06-30T19:52:37.566+0000] {processor.py:183} INFO - Processing /opt/airflow/dags/dag_tomorrowio.py took 0.396 seconds
[2026-06-30T19:53:08.072+0000] {processor.py:161} INFO - Started process (PID=25901) to work on /opt/airflow/dags/dag_tomorrowio.py
[2026-06-30T19:53:08.073+0000] {processor.py:830} INFO - Processing file /opt/airflow/dags/dag_tomorrowio.py for tasks to queue
[2026-06-30T19:53:08.073+0000] {logging_mixin.py:188} INFO - [2026-06-30T19:53:08.073+0000] {dagbag.py:545} INFO - Filling up the DagBag from /opt/airflow/dags/dag_tomorrowio.py
[2026-06-30T19:53:08.318+0000] {processor.py:840} INFO - DAG(s) 'tomorrowio_bronze_to_silver' retrieved from /opt/airflow/dags/dag_tomorrowio.py
[2026-06-30T19:53:08.327+0000] {logging_mixin.py:188} INFO - [2026-06-30T19:53:08.327+0000] {dag.py:3096} INFO - Sync 1 DAGs
[2026-06-30T19:53:08.335+0000] {logging_mixin.py:188} INFO - [2026-06-30T19:53:08.335+0000] {dag.py:3954} INFO - Setting next_dagrun for tomorrowio_bronze_to_silver to 2026-06-30 19:00:00+00:00, run_after=2026-06-30 20:00:00+00:00
[2026-06-30T19:53:08.340+0000] {processor.py:183} INFO - Processing /opt/airflow/dags/dag_tomorrowio.py took 0.273 seconds
[2026-06-30T19:53:38.939+0000] {processor.py:161} INFO - Started process (PID=25934) to work on /opt/airflow/dags/dag_tomorrowio.py
[2026-06-30T19:53:38.940+0000] {processor.py:830} INFO - Processing file /opt/airflow/dags/dag_tomorrowio.py for tasks to queue
[2026-06-30T19:53:38.941+0000] {logging_mixin.py:188} INFO - [2026-06-30T19:53:38.940+0000] {dagbag.py:545} INFO - Filling up the DagBag from /opt/airflow/dags/dag_tomorrowio.py
[2026-06-30T19:53:39.336+0000] {processor.py:840} INFO - DAG(s) 'tomorrowio_bronze_to_silver' retrieved from /opt/airflow/dags/dag_tomorrowio.py
[2026-06-30T19:53:39.347+0000] {logging_mixin.py:188} INFO - [2026-06-30T19:53:39.347+0000] {dag.py:3096} INFO - Sync 1 DAGs
[2026-06-30T19:53:39.354+0000] {logging_mixin.py:188} INFO - [2026-06-30T19:53:39.354+0000] {dag.py:3954} INFO - Setting next_dagrun for tomorrowio_bronze_to_silver to 2026-06-30 19:00:00+00:00, run_after=2026-06-30 20:00:00+00:00
[2026-06-30T19:53:39.362+0000] {processor.py:183} INFO - Processing /opt/airflow/dags/dag_tomorrowio.py took 0.428 seconds
[2026-06-30T19:54:09.950+0000] {processor.py:161} INFO - Started process (PID=25967) to work on /opt/airflow/dags/dag_tomorrowio.py
[2026-06-30T19:54:09.952+0000] {processor.py:830} INFO - Processing file /opt/airflow/dags/dag_tomorrowio.py for tasks to queue
[2026-06-30T19:54:09.953+0000] {logging_mixin.py:188} INFO - [2026-06-30T19:54:09.953+0000] {dagbag.py:545} INFO - Filling up the DagBag from /opt/airflow/dags/dag_tomorrowio.py
[2026-06-30T19:54:10.159+0000] {processor.py:840} INFO - DAG(s) 'tomorrowio_bronze_to_silver' retrieved from /opt/airflow/dags/dag_tomorrowio.py
[2026-06-30T19:54:10.167+0000] {logging_mixin.py:188} INFO - [2026-06-30T19:54:10.167+0000] {dag.py:3096} INFO - Sync 1 DAGs
[2026-06-30T19:54:10.174+0000] {logging_mixin.py:188} INFO - [2026-06-30T19:54:10.174+0000] {dag.py:3954} INFO - Setting next_dagrun for tomorrowio_bronze_to_silver to 2026-06-30 19:00:00+00:00, run_after=2026-06-30 20:00:00+00:00
[2026-06-30T19:54:10.180+0000] {processor.py:183} INFO - Processing /opt/airflow/dags/dag_tomorrowio.py took 0.236 seconds
[2026-06-30T19:54:40.792+0000] {processor.py:161} INFO - Started process (PID=26000) to work on /opt/airflow/dags/dag_tomorrowio.py
[2026-06-30T19:54:40.793+0000] {processor.py:830} INFO - Processing file /opt/airflow/dags/dag_tomorrowio.py for tasks to queue
[2026-06-30T19:54:40.794+0000] {logging_mixin.py:188} INFO - [2026-06-30T19:54:40.794+0000] {dagbag.py:545} INFO - Filling up the DagBag from /opt/airflow/dags/dag_tomorrowio.py
[2026-06-30T19:54:41.205+0000] {processor.py:840} INFO - DAG(s) 'tomorrowio_bronze_to_silver' retrieved from /opt/airflow/dags/dag_tomorrowio.py
[2026-06-30T19:54:41.216+0000] {logging_mixin.py:188} INFO - [2026-06-30T19:54:41.216+0000] {dag.py:3096} INFO - Sync 1 DAGs
[2026-06-30T19:54:41.229+0000] {logging_mixin.py:188} INFO - [2026-06-30T19:54:41.229+0000] {dag.py:3954} INFO - Setting next_dagrun for tomorrowio_bronze_to_silver to 2026-06-30 19:00:00+00:00, run_after=2026-06-30 20:00:00+00:00
[2026-06-30T19:54:41.239+0000] {processor.py:183} INFO - Processing /opt/airflow/dags/dag_tomorrowio.py took 0.455 seconds
[2026-06-30T19:55:11.955+0000] {processor.py:161} INFO - Started process (PID=26033) to work on /opt/airflow/dags/dag_tomorrowio.py
[2026-06-30T19:55:11.957+0000] {processor.py:830} INFO - Processing file /opt/airflow/dags/dag_tomorrowio.py for tasks to queue
[2026-06-30T19:55:11.958+0000] {logging_mixin.py:188} INFO - [2026-06-30T19:55:11.957+0000] {dagbag.py:545} INFO - Filling up the DagBag from /opt/airflow/dags/dag_tomorrowio.py
[2026-06-30T19:55:12.237+0000] {processor.py:840} INFO - DAG(s) 'tomorrowio_bronze_to_silver' retrieved from /opt/airflow/dags/dag_tomorrowio.py
[2026-06-30T19:55:12.248+0000] {logging_mixin.py:188} INFO - [2026-06-30T19:55:12.248+0000] {dag.py:3096} INFO - Sync 1 DAGs
[2026-06-30T19:55:12.259+0000] {logging_mixin.py:188} INFO - [2026-06-30T19:55:12.259+0000] {dag.py:3954} INFO - Setting next_dagrun for tomorrowio_bronze_to_silver to 2026-06-30 19:00:00+00:00, run_after=2026-06-30 20:00:00+00:00
[2026-06-30T19:55:12.266+0000] {processor.py:183} INFO - Processing /opt/airflow/dags/dag_tomorrowio.py took 0.321 seconds
[2026-06-30T19:55:42.901+0000] {processor.py:161} INFO - Started process (PID=26066) to work on /opt/airflow/dags/dag_tomorrowio.py
[2026-06-30T19:55:42.903+0000] {processor.py:830} INFO - Processing file /opt/airflow/dags/dag_tomorrowio.py for tasks to queue
[2026-06-30T19:55:42.903+0000] {logging_mixin.py:188} INFO - [2026-06-30T19:55:42.903+0000] {dagbag.py:545} INFO - Filling up the DagBag from /opt/airflow/dags/dag_tomorrowio.py
[2026-06-30T19:55:43.256+0000] {processor.py:840} INFO - DAG(s) 'tomorrowio_bronze_to_silver' retrieved from /opt/airflow/dags/dag_tomorrowio.py
[2026-06-30T19:55:43.264+0000] {logging_mixin.py:188} INFO - [2026-06-30T19:55:43.264+0000] {dag.py:3096} INFO - Sync 1 DAGs
[2026-06-30T19:55:43.275+0000] {logging_mixin.py:188} INFO - [2026-06-30T19:55:43.275+0000] {dag.py:3954} INFO - Setting next_dagrun for tomorrowio_bronze_to_silver to 2026-06-30 19:00:00+00:00, run_after=2026-06-30 20:00:00+00:00
[2026-06-30T19:55:43.281+0000] {processor.py:183} INFO - Processing /opt/airflow/dags/dag_tomorrowio.py took 0.390 seconds
[2026-06-30T19:56:13.780+0000] {processor.py:161} INFO - Started process (PID=26099) to work on /opt/airflow/dags/dag_tomorrowio.py
[2026-06-30T19:56:13.782+0000] {processor.py:830} INFO - Processing file /opt/airflow/dags/dag_tomorrowio.py for tasks to queue
[2026-06-30T19:56:13.783+0000] {logging_mixin.py:188} INFO - [2026-06-30T19:56:13.782+0000] {dagbag.py:545} INFO - Filling up the DagBag from /opt/airflow/dags/dag_tomorrowio.py
[2026-06-30T19:56:13.995+0000] {processor.py:840} INFO - DAG(s) 'tomorrowio_bronze_to_silver' retrieved from /opt/airflow/dags/dag_tomorrowio.py
[2026-06-30T19:56:14.007+0000] {logging_mixin.py:188} INFO - [2026-06-30T19:56:14.007+0000] {dag.py:3096} INFO - Sync 1 DAGs
[2026-06-30T19:56:14.018+0000] {logging_mixin.py:188} INFO - [2026-06-30T19:56:14.018+0000] {dag.py:3954} INFO - Setting next_dagrun for tomorrowio_bronze_to_silver to 2026-06-30 19:00:00+00:00, run_after=2026-06-30 20:00:00+00:00
[2026-06-30T19:56:14.025+0000] {processor.py:183} INFO - Processing /opt/airflow/dags/dag_tomorrowio.py took 0.254 seconds
[2026-06-30T19:56:44.698+0000] {processor.py:161} INFO - Started process (PID=26132) to work on /opt/airflow/dags/dag_tomorrowio.py
[2026-06-30T19:56:44.699+0000] {processor.py:830} INFO - Processing file /opt/airflow/dags/dag_tomorrowio.py for tasks to queue
[2026-06-30T19:56:44.701+0000] {logging_mixin.py:188} INFO - [2026-06-30T19:56:44.701+0000] {dagbag.py:545} INFO - Filling up the DagBag from /opt/airflow/dags/dag_tomorrowio.py
[2026-06-30T19:56:45.121+0000] {processor.py:840} INFO - DAG(s) 'tomorrowio_bronze_to_silver' retrieved from /opt/airflow/dags/dag_tomorrowio.py
[2026-06-30T19:56:45.131+0000] {logging_mixin.py:188} INFO - [2026-06-30T19:56:45.131+0000] {dag.py:3096} INFO - Sync 1 DAGs
[2026-06-30T19:56:45.139+0000] {logging_mixin.py:188} INFO - [2026-06-30T19:56:45.139+0000] {dag.py:3954} INFO - Setting next_dagrun for tomorrowio_bronze_to_silver to 2026-06-30 19:00:00+00:00, run_after=2026-06-30 20:00:00+00:00
[2026-06-30T19:56:45.145+0000] {processor.py:183} INFO - Processing /opt/airflow/dags/dag_tomorrowio.py took 0.456 seconds
[2026-06-30T20:12:03.814+0000] {processor.py:161} INFO - Started process (PID=26166) to work on /opt/airflow/dags/dag_tomorrowio.py
[2026-06-30T20:12:03.816+0000] {processor.py:830} INFO - Processing file /opt/airflow/dags/dag_tomorrowio.py for tasks to queue
[2026-06-30T20:12:03.816+0000] {logging_mixin.py:188} INFO - [2026-06-30T20:12:03.816+0000] {dagbag.py:545} INFO - Filling up the DagBag from /opt/airflow/dags/dag_tomorrowio.py
[2026-06-30T20:12:04.097+0000] {processor.py:840} INFO - DAG(s) 'tomorrowio_bronze_to_silver' retrieved from /opt/airflow/dags/dag_tomorrowio.py
[2026-06-30T20:12:04.119+0000] {logging_mixin.py:188} INFO - [2026-06-30T20:12:04.119+0000] {dag.py:3096} INFO - Sync 1 DAGs
[2026-06-30T20:12:04.140+0000] {logging_mixin.py:188} INFO - [2026-06-30T20:12:04.140+0000] {dag.py:3954} INFO - Setting next_dagrun for tomorrowio_bronze_to_silver to 2026-06-30 20:00:00+00:00, run_after=2026-06-30 21:00:00+00:00
[2026-06-30T20:12:04.150+0000] {processor.py:183} INFO - Processing /opt/airflow/dags/dag_tomorrowio.py took 0.340 seconds
[2026-06-30T20:28:12.190+0000] {processor.py:161} INFO - Started process (PID=26213) to work on /opt/airflow/dags/dag_tomorrowio.py
[2026-06-30T20:28:12.191+0000] {processor.py:830} INFO - Processing file /opt/airflow/dags/dag_tomorrowio.py for tasks to queue
[2026-06-30T20:28:12.192+0000] {logging_mixin.py:188} INFO - [2026-06-30T20:28:12.192+0000] {dagbag.py:545} INFO - Filling up the DagBag from /opt/airflow/dags/dag_tomorrowio.py
[2026-06-30T20:28:12.583+0000] {processor.py:840} INFO - DAG(s) 'tomorrowio_bronze_to_silver' retrieved from /opt/airflow/dags/dag_tomorrowio.py
[2026-06-30T20:28:12.595+0000] {logging_mixin.py:188} INFO - [2026-06-30T20:28:12.595+0000] {dag.py:3096} INFO - Sync 1 DAGs
[2026-06-30T20:28:12.605+0000] {logging_mixin.py:188} INFO - [2026-06-30T20:28:12.604+0000] {dag.py:3954} INFO - Setting next_dagrun for tomorrowio_bronze_to_silver to 2026-06-30 20:00:00+00:00, run_after=2026-06-30 21:00:00+00:00
[2026-06-30T20:28:12.611+0000] {processor.py:183} INFO - Processing /opt/airflow/dags/dag_tomorrowio.py took 0.428 seconds
[2026-06-30T20:28:43.205+0000] {processor.py:161} INFO - Started process (PID=26249) to work on /opt/airflow/dags/dag_tomorrowio.py
[2026-06-30T20:28:43.207+0000] {processor.py:830} INFO - Processing file /opt/airflow/dags/dag_tomorrowio.py for tasks to queue
[2026-06-30T20:28:43.209+0000] {logging_mixin.py:188} INFO - [2026-06-30T20:28:43.209+0000] {dagbag.py:545} INFO - Filling up the DagBag from /opt/airflow/dags/dag_tomorrowio.py
[2026-06-30T20:28:43.563+0000] {processor.py:840} INFO - DAG(s) 'tomorrowio_bronze_to_silver' retrieved from /opt/airflow/dags/dag_tomorrowio.py
[2026-06-30T20:28:43.574+0000] {logging_mixin.py:188} INFO - [2026-06-30T20:28:43.574+0000] {dag.py:3096} INFO - Sync 1 DAGs
[2026-06-30T20:28:43.582+0000] {logging_mixin.py:188} INFO - [2026-06-30T20:28:43.582+0000] {dag.py:3954} INFO - Setting next_dagrun for tomorrowio_bronze_to_silver to 2026-06-30 20:00:00+00:00, run_after=2026-06-30 21:00:00+00:00
[2026-06-30T20:28:43.589+0000] {processor.py:183} INFO - Processing /opt/airflow/dags/dag_tomorrowio.py took 0.391 seconds
[2026-06-30T20:29:14.074+0000] {processor.py:161} INFO - Started process (PID=26283) to work on /opt/airflow/dags/dag_tomorrowio.py
[2026-06-30T20:29:14.075+0000] {processor.py:830} INFO - Processing file /opt/airflow/dags/dag_tomorrowio.py for tasks to queue
[2026-06-30T20:29:14.076+0000] {logging_mixin.py:188} INFO - [2026-06-30T20:29:14.076+0000] {dagbag.py:545} INFO - Filling up the DagBag from /opt/airflow/dags/dag_tomorrowio.py
[2026-06-30T20:29:14.290+0000] {processor.py:840} INFO - DAG(s) 'tomorrowio_bronze_to_silver' retrieved from /opt/airflow/dags/dag_tomorrowio.py
[2026-06-30T20:29:14.303+0000] {logging_mixin.py:188} INFO - [2026-06-30T20:29:14.303+0000] {dag.py:3096} INFO - Sync 1 DAGs
[2026-06-30T20:29:14.314+0000] {logging_mixin.py:188} INFO - [2026-06-30T20:29:14.314+0000] {dag.py:3954} INFO - Setting next_dagrun for tomorrowio_bronze_to_silver to 2026-06-30 20:00:00+00:00, run_after=2026-06-30 21:00:00+00:00
[2026-06-30T20:29:14.319+0000] {processor.py:183} INFO - Processing /opt/airflow/dags/dag_tomorrowio.py took 0.250 seconds
[2026-06-30T20:29:44.862+0000] {processor.py:161} INFO - Started process (PID=26316) to work on /opt/airflow/dags/dag_tomorrowio.py
[2026-06-30T20:29:44.864+0000] {processor.py:830} INFO - Processing file /opt/airflow/dags/dag_tomorrowio.py for tasks to queue
[2026-06-30T20:29:44.866+0000] {logging_mixin.py:188} INFO - [2026-06-30T20:29:44.865+0000] {dagbag.py:545} INFO - Filling up the DagBag from /opt/airflow/dags/dag_tomorrowio.py
[2026-06-30T20:29:45.242+0000] {processor.py:840} INFO - DAG(s) 'tomorrowio_bronze_to_silver' retrieved from /opt/airflow/dags/dag_tomorrowio.py
[2026-06-30T20:29:45.258+0000] {logging_mixin.py:188} INFO - [2026-06-30T20:29:45.258+0000] {dag.py:3096} INFO - Sync 1 DAGs
[2026-06-30T20:29:45.270+0000] {logging_mixin.py:188} INFO - [2026-06-30T20:29:45.269+0000] {dag.py:3954} INFO - Setting next_dagrun for tomorrowio_bronze_to_silver to 2026-06-30 20:00:00+00:00, run_after=2026-06-30 21:00:00+00:00
[2026-06-30T20:29:45.278+0000] {processor.py:183} INFO - Processing /opt/airflow/dags/dag_tomorrowio.py took 0.424 seconds
[2026-06-30T20:30:15.880+0000] {processor.py:161} INFO - Started process (PID=26348) to work on /opt/airflow/dags/dag_tomorrowio.py
[2026-06-30T20:30:15.881+0000] {processor.py:830} INFO - Processing file /opt/airflow/dags/dag_tomorrowio.py for tasks to queue
[2026-06-30T20:30:15.884+0000] {logging_mixin.py:188} INFO - [2026-06-30T20:30:15.883+0000] {dagbag.py:545} INFO - Filling up the DagBag from /opt/airflow/dags/dag_tomorrowio.py
[2026-06-30T20:30:16.347+0000] {processor.py:840} INFO - DAG(s) 'tomorrowio_bronze_to_silver' retrieved from /opt/airflow/dags/dag_tomorrowio.py
[2026-06-30T20:30:16.364+0000] {logging_mixin.py:188} INFO - [2026-06-30T20:30:16.364+0000] {dag.py:3096} INFO - Sync 1 DAGs
[2026-06-30T20:30:16.372+0000] {logging_mixin.py:188} INFO - [2026-06-30T20:30:16.372+0000] {dag.py:3954} INFO - Setting next_dagrun for tomorrowio_bronze_to_silver to 2026-06-30 20:00:00+00:00, run_after=2026-06-30 21:00:00+00:00
[2026-06-30T20:30:16.378+0000] {processor.py:183} INFO - Processing /opt/airflow/dags/dag_tomorrowio.py took 0.512 seconds
[2026-06-30T20:30:46.959+0000] {processor.py:161} INFO - Started process (PID=26382) to work on /opt/airflow/dags/dag_tomorrowio.py
[2026-06-30T20:30:46.961+0000] {processor.py:830} INFO - Processing file /opt/airflow/dags/dag_tomorrowio.py for tasks to queue
[2026-06-30T20:30:46.962+0000] {logging_mixin.py:188} INFO - [2026-06-30T20:30:46.962+0000] {dagbag.py:545} INFO - Filling up the DagBag from /opt/airflow/dags/dag_tomorrowio.py
[2026-06-30T20:30:47.324+0000] {processor.py:840} INFO - DAG(s) 'tomorrowio_bronze_to_silver' retrieved from /opt/airflow/dags/dag_tomorrowio.py
[2026-06-30T20:30:47.338+0000] {logging_mixin.py:188} INFO - [2026-06-30T20:30:47.338+0000] {dag.py:3096} INFO - Sync 1 DAGs
[2026-06-30T20:30:47.346+0000] {logging_mixin.py:188} INFO - [2026-06-30T20:30:47.346+0000] {dag.py:3954} INFO - Setting next_dagrun for tomorrowio_bronze_to_silver to 2026-06-30 20:00:00+00:00, run_after=2026-06-30 21:00:00+00:00
[2026-06-30T20:30:47.352+0000] {processor.py:183} INFO - Processing /opt/airflow/dags/dag_tomorrowio.py took 0.401 seconds
[2026-06-30T20:47:18.633+0000] {processor.py:161} INFO - Started process (PID=26415) to work on /opt/airflow/dags/dag_tomorrowio.py
[2026-06-30T20:47:18.633+0000] {processor.py:830} INFO - Processing file /opt/airflow/dags/dag_tomorrowio.py for tasks to queue
[2026-06-30T20:47:18.635+0000] {logging_mixin.py:188} INFO - [2026-06-30T20:47:18.634+0000] {dagbag.py:545} INFO - Filling up the DagBag from /opt/airflow/dags/dag_tomorrowio.py
[2026-06-30T20:47:18.974+0000] {processor.py:840} INFO - DAG(s) 'tomorrowio_bronze_to_silver' retrieved from /opt/airflow/dags/dag_tomorrowio.py
[2026-06-30T20:47:18.986+0000] {logging_mixin.py:188} INFO - [2026-06-30T20:47:18.986+0000] {dag.py:3096} INFO - Sync 1 DAGs
[2026-06-30T20:47:18.994+0000] {logging_mixin.py:188} INFO - [2026-06-30T20:47:18.994+0000] {dag.py:3954} INFO - Setting next_dagrun for tomorrowio_bronze_to_silver to 2026-06-30 20:00:00+00:00, run_after=2026-06-30 21:00:00+00:00
[2026-06-30T20:47:19.000+0000] {processor.py:183} INFO - Processing /opt/airflow/dags/dag_tomorrowio.py took 0.380 seconds
[2026-06-30T20:47:49.538+0000] {processor.py:161} INFO - Started process (PID=26447) to work on /opt/airflow/dags/dag_tomorrowio.py
[2026-06-30T20:47:49.540+0000] {processor.py:830} INFO - Processing file /opt/airflow/dags/dag_tomorrowio.py for tasks to queue
[2026-06-30T20:47:49.546+0000] {logging_mixin.py:188} INFO - [2026-06-30T20:47:49.545+0000] {dagbag.py:545} INFO - Filling up the DagBag from /opt/airflow/dags/dag_tomorrowio.py
[2026-06-30T20:47:49.915+0000] {processor.py:840} INFO - DAG(s) 'tomorrowio_bronze_to_silver' retrieved from /opt/airflow/dags/dag_tomorrowio.py
[2026-06-30T20:47:49.927+0000] {logging_mixin.py:188} INFO - [2026-06-30T20:47:49.927+0000] {dag.py:3096} INFO - Sync 1 DAGs
[2026-06-30T20:47:49.935+0000] {logging_mixin.py:188} INFO - [2026-06-30T20:47:49.935+0000] {dag.py:3954} INFO - Setting next_dagrun for tomorrowio_bronze_to_silver to 2026-06-30 20:00:00+00:00, run_after=2026-06-30 21:00:00+00:00
[2026-06-30T20:47:49.942+0000] {processor.py:183} INFO - Processing /opt/airflow/dags/dag_tomorrowio.py took 0.416 seconds
[2026-06-30T21:04:24.849+0000] {processor.py:161} INFO - Started process (PID=26484) to work on /opt/airflow/dags/dag_tomorrowio.py
[2026-06-30T21:04:24.851+0000] {processor.py:830} INFO - Processing file /opt/airflow/dags/dag_tomorrowio.py for tasks to queue
[2026-06-30T21:04:24.851+0000] {logging_mixin.py:188} INFO - [2026-06-30T21:04:24.851+0000] {dagbag.py:545} INFO - Filling up the DagBag from /opt/airflow/dags/dag_tomorrowio.py
[2026-06-30T21:04:25.210+0000] {processor.py:840} INFO - DAG(s) 'tomorrowio_bronze_to_silver' retrieved from /opt/airflow/dags/dag_tomorrowio.py
[2026-06-30T21:04:25.218+0000] {logging_mixin.py:188} INFO - [2026-06-30T21:04:25.218+0000] {dag.py:3096} INFO - Sync 1 DAGs
[2026-06-30T21:04:25.227+0000] {logging_mixin.py:188} INFO - [2026-06-30T21:04:25.226+0000] {dag.py:3954} INFO - Setting next_dagrun for tomorrowio_bronze_to_silver to 2026-06-30 21:00:00+00:00, run_after=2026-06-30 22:00:00+00:00
[2026-06-30T21:04:25.233+0000] {processor.py:183} INFO - Processing /opt/airflow/dags/dag_tomorrowio.py took 0.394 seconds
[2026-06-30T21:04:55.925+0000] {processor.py:161} INFO - Started process (PID=26531) to work on /opt/airflow/dags/dag_tomorrowio.py
[2026-06-30T21:04:55.926+0000] {processor.py:830} INFO - Processing file /opt/airflow/dags/dag_tomorrowio.py for tasks to queue
[2026-06-30T21:04:55.930+0000] {logging_mixin.py:188} INFO - [2026-06-30T21:04:55.928+0000] {dagbag.py:545} INFO - Filling up the DagBag from /opt/airflow/dags/dag_tomorrowio.py
[2026-06-30T21:04:56.314+0000] {processor.py:840} INFO - DAG(s) 'tomorrowio_bronze_to_silver' retrieved from /opt/airflow/dags/dag_tomorrowio.py
[2026-06-30T21:04:56.329+0000] {logging_mixin.py:188} INFO - [2026-06-30T21:04:56.329+0000] {dag.py:3096} INFO - Sync 1 DAGs
[2026-06-30T21:04:56.337+0000] {logging_mixin.py:188} INFO - [2026-06-30T21:04:56.337+0000] {dag.py:3954} INFO - Setting next_dagrun for tomorrowio_bronze_to_silver to 2026-06-30 21:00:00+00:00, run_after=2026-06-30 22:00:00+00:00
[2026-06-30T21:04:56.343+0000] {processor.py:183} INFO - Processing /opt/airflow/dags/dag_tomorrowio.py took 0.428 seconds
[2026-06-30T21:05:27.010+0000] {processor.py:161} INFO - Started process (PID=26564) to work on /opt/airflow/dags/dag_tomorrowio.py
[2026-06-30T21:05:27.012+0000] {processor.py:830} INFO - Processing file /opt/airflow/dags/dag_tomorrowio.py for tasks to queue
[2026-06-30T21:05:27.013+0000] {logging_mixin.py:188} INFO - [2026-06-30T21:05:27.013+0000] {dagbag.py:545} INFO - Filling up the DagBag from /opt/airflow/dags/dag_tomorrowio.py
[2026-06-30T21:05:27.710+0000] {processor.py:840} INFO - DAG(s) 'tomorrowio_bronze_to_silver' retrieved from /opt/airflow/dags/dag_tomorrowio.py
[2026-06-30T21:05:27.726+0000] {logging_mixin.py:188} INFO - [2026-06-30T21:05:27.726+0000] {dag.py:3096} INFO - Sync 1 DAGs
[2026-06-30T21:05:27.735+0000] {logging_mixin.py:188} INFO - [2026-06-30T21:05:27.734+0000] {dag.py:3954} INFO - Setting next_dagrun for tomorrowio_bronze_to_silver to 2026-06-30 21:00:00+00:00, run_after=2026-06-30 22:00:00+00:00
[2026-06-30T21:05:27.741+0000] {processor.py:183} INFO - Processing /opt/airflow/dags/dag_tomorrowio.py took 0.739 seconds
[2026-06-30T21:05:58.409+0000] {processor.py:161} INFO - Started process (PID=26599) to work on /opt/airflow/dags/dag_tomorrowio.py
[2026-06-30T21:05:58.411+0000] {processor.py:830} INFO - Processing file /opt/airflow/dags/dag_tomorrowio.py for tasks to queue
[2026-06-30T21:05:58.411+0000] {logging_mixin.py:188} INFO - [2026-06-30T21:05:58.411+0000] {dagbag.py:545} INFO - Filling up the DagBag from /opt/airflow/dags/dag_tomorrowio.py
[2026-06-30T21:05:58.782+0000] {processor.py:840} INFO - DAG(s) 'tomorrowio_bronze_to_silver' retrieved from /opt/airflow/dags/dag_tomorrowio.py
[2026-06-30T21:05:58.792+0000] {logging_mixin.py:188} INFO - [2026-06-30T21:05:58.792+0000] {dag.py:3096} INFO - Sync 1 DAGs
[2026-06-30T21:05:58.800+0000] {logging_mixin.py:188} INFO - [2026-06-30T21:05:58.800+0000] {dag.py:3954} INFO - Setting next_dagrun for tomorrowio_bronze_to_silver to 2026-06-30 21:00:00+00:00, run_after=2026-06-30 22:00:00+00:00
[2026-06-30T21:05:58.807+0000] {processor.py:183} INFO - Processing /opt/airflow/dags/dag_tomorrowio.py took 0.407 seconds
[2026-06-30T21:06:29.485+0000] {processor.py:161} INFO - Started process (PID=26632) to work on /opt/airflow/dags/dag_tomorrowio.py
[2026-06-30T21:06:29.489+0000] {processor.py:830} INFO - Processing file /opt/airflow/dags/dag_tomorrowio.py for tasks to queue
[2026-06-30T21:06:29.489+0000] {logging_mixin.py:188} INFO - [2026-06-30T21:06:29.489+0000] {dagbag.py:545} INFO - Filling up the DagBag from /opt/airflow/dags/dag_tomorrowio.py
[2026-06-30T21:06:29.906+0000] {processor.py:840} INFO - DAG(s) 'tomorrowio_bronze_to_silver' retrieved from /opt/airflow/dags/dag_tomorrowio.py
[2026-06-30T21:06:29.918+0000] {logging_mixin.py:188} INFO - [2026-06-30T21:06:29.918+0000] {dag.py:3096} INFO - Sync 1 DAGs
[2026-06-30T21:06:29.928+0000] {logging_mixin.py:188} INFO - [2026-06-30T21:06:29.928+0000] {dag.py:3954} INFO - Setting next_dagrun for tomorrowio_bronze_to_silver to 2026-06-30 21:00:00+00:00, run_after=2026-06-30 22:00:00+00:00
[2026-06-30T21:06:29.936+0000] {processor.py:183} INFO - Processing /opt/airflow/dags/dag_tomorrowio.py took 0.458 seconds
[2026-06-30T21:07:00.590+0000] {processor.py:161} INFO - Started process (PID=26665) to work on /opt/airflow/dags/dag_tomorrowio.py
[2026-06-30T21:07:00.591+0000] {processor.py:830} INFO - Processing file /opt/airflow/dags/dag_tomorrowio.py for tasks to queue
[2026-06-30T21:07:00.592+0000] {logging_mixin.py:188} INFO - [2026-06-30T21:07:00.592+0000] {dagbag.py:545} INFO - Filling up the DagBag from /opt/airflow/dags/dag_tomorrowio.py
[2026-06-30T21:07:00.865+0000] {processor.py:840} INFO - DAG(s) 'tomorrowio_bronze_to_silver' retrieved from /opt/airflow/dags/dag_tomorrowio.py
[2026-06-30T21:07:00.874+0000] {logging_mixin.py:188} INFO - [2026-06-30T21:07:00.874+0000] {dag.py:3096} INFO - Sync 1 DAGs
[2026-06-30T21:07:00.882+0000] {logging_mixin.py:188} INFO - [2026-06-30T21:07:00.882+0000] {dag.py:3954} INFO - Setting next_dagrun for tomorrowio_bronze_to_silver to 2026-06-30 21:00:00+00:00, run_after=2026-06-30 22:00:00+00:00
[2026-06-30T21:07:00.889+0000] {processor.py:183} INFO - Processing /opt/airflow/dags/dag_tomorrowio.py took 0.308 seconds
[2026-06-30T21:23:29.262+0000] {processor.py:161} INFO - Started process (PID=26695) to work on /opt/airflow/dags/dag_tomorrowio.py
[2026-06-30T21:23:29.264+0000] {processor.py:830} INFO - Processing file /opt/airflow/dags/dag_tomorrowio.py for tasks to queue
[2026-06-30T21:23:29.264+0000] {logging_mixin.py:188} INFO - [2026-06-30T21:23:29.264+0000] {dagbag.py:545} INFO - Filling up the DagBag from /opt/airflow/dags/dag_tomorrowio.py
[2026-06-30T21:23:29.605+0000] {processor.py:840} INFO - DAG(s) 'tomorrowio_bronze_to_silver' retrieved from /opt/airflow/dags/dag_tomorrowio.py
[2026-06-30T21:23:29.620+0000] {logging_mixin.py:188} INFO - [2026-06-30T21:23:29.620+0000] {dag.py:3096} INFO - Sync 1 DAGs
[2026-06-30T21:23:29.629+0000] {logging_mixin.py:188} INFO - [2026-06-30T21:23:29.629+0000] {dag.py:3954} INFO - Setting next_dagrun for tomorrowio_bronze_to_silver to 2026-06-30 21:00:00+00:00, run_after=2026-06-30 22:00:00+00:00
[2026-06-30T21:23:29.637+0000] {processor.py:183} INFO - Processing /opt/airflow/dags/dag_tomorrowio.py took 0.383 seconds
[2026-06-30T21:24:00.254+0000] {processor.py:161} INFO - Started process (PID=26733) to work on /opt/airflow/dags/dag_tomorrowio.py
[2026-06-30T21:24:00.255+0000] {processor.py:830} INFO - Processing file /opt/airflow/dags/dag_tomorrowio.py for tasks to queue
[2026-06-30T21:24:00.256+0000] {logging_mixin.py:188} INFO - [2026-06-30T21:24:00.256+0000] {dagbag.py:545} INFO - Filling up the DagBag from /opt/airflow/dags/dag_tomorrowio.py
[2026-06-30T21:24:00.626+0000] {processor.py:840} INFO - DAG(s) 'tomorrowio_bronze_to_silver' retrieved from /opt/airflow/dags/dag_tomorrowio.py
[2026-06-30T21:24:00.636+0000] {logging_mixin.py:188} INFO - [2026-06-30T21:24:00.636+0000] {dag.py:3096} INFO - Sync 1 DAGs
[2026-06-30T21:24:00.643+0000] {logging_mixin.py:188} INFO - [2026-06-30T21:24:00.643+0000] {dag.py:3954} INFO - Setting next_dagrun for tomorrowio_bronze_to_silver to 2026-06-30 21:00:00+00:00, run_after=2026-06-30 22:00:00+00:00
[2026-06-30T21:24:00.649+0000] {processor.py:183} INFO - Processing /opt/airflow/dags/dag_tomorrowio.py took 0.405 seconds
[2026-06-30T21:28:33.544+0000] {processor.py:161} INFO - Started process (PID=26766) to work on /opt/airflow/dags/dag_tomorrowio.py
[2026-06-30T21:28:33.546+0000] {processor.py:830} INFO - Processing file /opt/airflow/dags/dag_tomorrowio.py for tasks to queue
[2026-06-30T21:28:33.547+0000] {logging_mixin.py:188} INFO - [2026-06-30T21:28:33.547+0000] {dagbag.py:545} INFO - Filling up the DagBag from /opt/airflow/dags/dag_tomorrowio.py
[2026-06-30T21:28:33.839+0000] {processor.py:840} INFO - DAG(s) 'tomorrowio_bronze_to_silver' retrieved from /opt/airflow/dags/dag_tomorrowio.py
[2026-06-30T21:28:33.854+0000] {logging_mixin.py:188} INFO - [2026-06-30T21:28:33.854+0000] {dag.py:3096} INFO - Sync 1 DAGs
[2026-06-30T21:28:33.866+0000] {logging_mixin.py:188} INFO - [2026-06-30T21:28:33.866+0000] {dag.py:3954} INFO - Setting next_dagrun for tomorrowio_bronze_to_silver to 2026-06-30 21:00:00+00:00, run_after=2026-06-30 22:00:00+00:00
[2026-06-30T21:28:33.872+0000] {processor.py:183} INFO - Processing /opt/airflow/dags/dag_tomorrowio.py took 0.334 seconds
[2026-06-30T21:44:27.762+0000] {processor.py:161} INFO - Started process (PID=26798) to work on /opt/airflow/dags/dag_tomorrowio.py
[2026-06-30T21:44:27.763+0000] {processor.py:830} INFO - Processing file /opt/airflow/dags/dag_tomorrowio.py for tasks to queue
[2026-06-30T21:44:27.764+0000] {logging_mixin.py:188} INFO - [2026-06-30T21:44:27.764+0000] {dagbag.py:545} INFO - Filling up the DagBag from /opt/airflow/dags/dag_tomorrowio.py
[2026-06-30T21:44:28.109+0000] {processor.py:840} INFO - DAG(s) 'tomorrowio_bronze_to_silver' retrieved from /opt/airflow/dags/dag_tomorrowio.py
[2026-06-30T21:44:28.123+0000] {logging_mixin.py:188} INFO - [2026-06-30T21:44:28.123+0000] {dag.py:3096} INFO - Sync 1 DAGs
[2026-06-30T21:44:28.134+0000] {logging_mixin.py:188} INFO - [2026-06-30T21:44:28.134+0000] {dag.py:3954} INFO - Setting next_dagrun for tomorrowio_bronze_to_silver to 2026-06-30 21:00:00+00:00, run_after=2026-06-30 22:00:00+00:00
[2026-06-30T21:44:28.140+0000] {processor.py:183} INFO - Processing /opt/airflow/dags/dag_tomorrowio.py took 0.386 seconds
[2026-06-30T21:44:58.748+0000] {processor.py:161} INFO - Started process (PID=26830) to work on /opt/airflow/dags/dag_tomorrowio.py
[2026-06-30T21:44:58.749+0000] {processor.py:830} INFO - Processing file /opt/airflow/dags/dag_tomorrowio.py for tasks to queue
[2026-06-30T21:44:58.750+0000] {logging_mixin.py:188} INFO - [2026-06-30T21:44:58.750+0000] {dagbag.py:545} INFO - Filling up the DagBag from /opt/airflow/dags/dag_tomorrowio.py
[2026-06-30T21:44:59.074+0000] {processor.py:840} INFO - DAG(s) 'tomorrowio_bronze_to_silver' retrieved from /opt/airflow/dags/dag_tomorrowio.py
[2026-06-30T21:44:59.089+0000] {logging_mixin.py:188} INFO - [2026-06-30T21:44:59.088+0000] {dag.py:3096} INFO - Sync 1 DAGs
[2026-06-30T21:44:59.101+0000] {logging_mixin.py:188} INFO - [2026-06-30T21:44:59.101+0000] {dag.py:3954} INFO - Setting next_dagrun for tomorrowio_bronze_to_silver to 2026-06-30 21:00:00+00:00, run_after=2026-06-30 22:00:00+00:00
[2026-06-30T21:44:59.109+0000] {processor.py:183} INFO - Processing /opt/airflow/dags/dag_tomorrowio.py took 0.371 seconds
[2026-06-30T21:45:29.646+0000] {processor.py:161} INFO - Started process (PID=26864) to work on /opt/airflow/dags/dag_tomorrowio.py
[2026-06-30T21:45:29.648+0000] {processor.py:830} INFO - Processing file /opt/airflow/dags/dag_tomorrowio.py for tasks to queue
[2026-06-30T21:45:29.651+0000] {logging_mixin.py:188} INFO - [2026-06-30T21:45:29.650+0000] {dagbag.py:545} INFO - Filling up the DagBag from /opt/airflow/dags/dag_tomorrowio.py
[2026-06-30T21:45:30.016+0000] {processor.py:840} INFO - DAG(s) 'tomorrowio_bronze_to_silver' retrieved from /opt/airflow/dags/dag_tomorrowio.py
[2026-06-30T21:45:30.039+0000] {logging_mixin.py:188} INFO - [2026-06-30T21:45:30.039+0000] {dag.py:3096} INFO - Sync 1 DAGs
[2026-06-30T21:45:30.047+0000] {logging_mixin.py:188} INFO - [2026-06-30T21:45:30.047+0000] {dag.py:3954} INFO - Setting next_dagrun for tomorrowio_bronze_to_silver to 2026-06-30 21:00:00+00:00, run_after=2026-06-30 22:00:00+00:00
[2026-06-30T21:45:30.055+0000] {processor.py:183} INFO - Processing /opt/airflow/dags/dag_tomorrowio.py took 0.414 seconds
[2026-06-30T21:46:00.663+0000] {processor.py:161} INFO - Started process (PID=26898) to work on /opt/airflow/dags/dag_tomorrowio.py
[2026-06-30T21:46:00.665+0000] {processor.py:830} INFO - Processing file /opt/airflow/dags/dag_tomorrowio.py for tasks to queue
[2026-06-30T21:46:00.671+0000] {logging_mixin.py:188} INFO - [2026-06-30T21:46:00.668+0000] {dagbag.py:545} INFO - Filling up the DagBag from /opt/airflow/dags/dag_tomorrowio.py
[2026-06-30T21:46:01.201+0000] {processor.py:840} INFO - DAG(s) 'tomorrowio_bronze_to_silver' retrieved from /opt/airflow/dags/dag_tomorrowio.py
[2026-06-30T21:46:01.219+0000] {logging_mixin.py:188} INFO - [2026-06-30T21:46:01.219+0000] {dag.py:3096} INFO - Sync 1 DAGs
[2026-06-30T21:46:01.235+0000] {logging_mixin.py:188} INFO - [2026-06-30T21:46:01.234+0000] {dag.py:3954} INFO - Setting next_dagrun for tomorrowio_bronze_to_silver to 2026-06-30 21:00:00+00:00, run_after=2026-06-30 22:00:00+00:00
[2026-06-30T21:46:01.243+0000] {processor.py:183} INFO - Processing /opt/airflow/dags/dag_tomorrowio.py took 0.591 seconds
[2026-06-30T21:46:31.941+0000] {processor.py:161} INFO - Started process (PID=26933) to work on /opt/airflow/dags/dag_tomorrowio.py
[2026-06-30T21:46:31.942+0000] {processor.py:830} INFO - Processing file /opt/airflow/dags/dag_tomorrowio.py for tasks to queue
[2026-06-30T21:46:31.943+0000] {logging_mixin.py:188} INFO - [2026-06-30T21:46:31.942+0000] {dagbag.py:545} INFO - Filling up the DagBag from /opt/airflow/dags/dag_tomorrowio.py
[2026-06-30T21:46:32.297+0000] {processor.py:840} INFO - DAG(s) 'tomorrowio_bronze_to_silver' retrieved from /opt/airflow/dags/dag_tomorrowio.py
[2026-06-30T21:46:32.311+0000] {logging_mixin.py:188} INFO - [2026-06-30T21:46:32.311+0000] {dag.py:3096} INFO - Sync 1 DAGs
[2026-06-30T21:46:32.322+0000] {logging_mixin.py:188} INFO - [2026-06-30T21:46:32.322+0000] {dag.py:3954} INFO - Setting next_dagrun for tomorrowio_bronze_to_silver to 2026-06-30 21:00:00+00:00, run_after=2026-06-30 22:00:00+00:00
[2026-06-30T21:46:32.330+0000] {processor.py:183} INFO - Processing /opt/airflow/dags/dag_tomorrowio.py took 0.395 seconds
[2026-06-30T21:47:02.935+0000] {processor.py:161} INFO - Started process (PID=26966) to work on /opt/airflow/dags/dag_tomorrowio.py
[2026-06-30T21:47:02.936+0000] {processor.py:830} INFO - Processing file /opt/airflow/dags/dag_tomorrowio.py for tasks to queue
[2026-06-30T21:47:02.937+0000] {logging_mixin.py:188} INFO - [2026-06-30T21:47:02.936+0000] {dagbag.py:545} INFO - Filling up the DagBag from /opt/airflow/dags/dag_tomorrowio.py
[2026-06-30T21:47:03.315+0000] {processor.py:840} INFO - DAG(s) 'tomorrowio_bronze_to_silver' retrieved from /opt/airflow/dags/dag_tomorrowio.py
[2026-06-30T21:47:03.326+0000] {logging_mixin.py:188} INFO - [2026-06-30T21:47:03.326+0000] {dag.py:3096} INFO - Sync 1 DAGs
[2026-06-30T21:47:03.335+0000] {logging_mixin.py:188} INFO - [2026-06-30T21:47:03.335+0000] {dag.py:3954} INFO - Setting next_dagrun for tomorrowio_bronze_to_silver to 2026-06-30 21:00:00+00:00, run_after=2026-06-30 22:00:00+00:00
[2026-06-30T21:47:03.342+0000] {processor.py:183} INFO - Processing /opt/airflow/dags/dag_tomorrowio.py took 0.416 seconds
[2026-06-30T22:03:38.759+0000] {processor.py:161} INFO - Started process (PID=26995) to work on /opt/airflow/dags/dag_tomorrowio.py
[2026-06-30T22:03:38.760+0000] {processor.py:830} INFO - Processing file /opt/airflow/dags/dag_tomorrowio.py for tasks to queue
[2026-06-30T22:03:38.761+0000] {logging_mixin.py:188} INFO - [2026-06-30T22:03:38.761+0000] {dagbag.py:545} INFO - Filling up the DagBag from /opt/airflow/dags/dag_tomorrowio.py
[2026-06-30T22:03:39.109+0000] {processor.py:840} INFO - DAG(s) 'tomorrowio_bronze_to_silver' retrieved from /opt/airflow/dags/dag_tomorrowio.py
[2026-06-30T22:03:39.124+0000] {logging_mixin.py:188} INFO - [2026-06-30T22:03:39.124+0000] {dag.py:3096} INFO - Sync 1 DAGs
[2026-06-30T22:03:39.133+0000] {logging_mixin.py:188} INFO - [2026-06-30T22:03:39.132+0000] {dag.py:3954} INFO - Setting next_dagrun for tomorrowio_bronze_to_silver to 2026-06-30 21:00:00+00:00, run_after=2026-06-30 22:00:00+00:00
[2026-06-30T22:03:39.138+0000] {processor.py:183} INFO - Processing /opt/airflow/dags/dag_tomorrowio.py took 0.388 seconds
[2026-06-30T22:04:09.727+0000] {processor.py:161} INFO - Started process (PID=27045) to work on /opt/airflow/dags/dag_tomorrowio.py
[2026-06-30T22:04:09.728+0000] {processor.py:830} INFO - Processing file /opt/airflow/dags/dag_tomorrowio.py for tasks to queue
[2026-06-30T22:04:09.729+0000] {logging_mixin.py:188} INFO - [2026-06-30T22:04:09.728+0000] {dagbag.py:545} INFO - Filling up the DagBag from /opt/airflow/dags/dag_tomorrowio.py
[2026-06-30T22:04:10.068+0000] {processor.py:840} INFO - DAG(s) 'tomorrowio_bronze_to_silver' retrieved from /opt/airflow/dags/dag_tomorrowio.py
[2026-06-30T22:04:10.083+0000] {logging_mixin.py:188} INFO - [2026-06-30T22:04:10.083+0000] {dag.py:3096} INFO - Sync 1 DAGs
[2026-06-30T22:04:10.094+0000] {logging_mixin.py:188} INFO - [2026-06-30T22:04:10.094+0000] {dag.py:3954} INFO - Setting next_dagrun for tomorrowio_bronze_to_silver to 2026-06-30 22:00:00+00:00, run_after=2026-06-30 23:00:00+00:00
[2026-06-30T22:04:10.101+0000] {processor.py:183} INFO - Processing /opt/airflow/dags/dag_tomorrowio.py took 0.389 seconds
[2026-06-30T22:19:44.546+0000] {processor.py:161} INFO - Started process (PID=27082) to work on /opt/airflow/dags/dag_tomorrowio.py
[2026-06-30T22:19:44.547+0000] {processor.py:830} INFO - Processing file /opt/airflow/dags/dag_tomorrowio.py for tasks to queue
[2026-06-30T22:19:44.548+0000] {logging_mixin.py:188} INFO - [2026-06-30T22:19:44.548+0000] {dagbag.py:545} INFO - Filling up the DagBag from /opt/airflow/dags/dag_tomorrowio.py
[2026-06-30T22:19:44.871+0000] {processor.py:840} INFO - DAG(s) 'tomorrowio_bronze_to_silver' retrieved from /opt/airflow/dags/dag_tomorrowio.py
[2026-06-30T22:19:44.883+0000] {logging_mixin.py:188} INFO - [2026-06-30T22:19:44.883+0000] {dag.py:3096} INFO - Sync 1 DAGs
[2026-06-30T22:19:44.892+0000] {logging_mixin.py:188} INFO - [2026-06-30T22:19:44.892+0000] {dag.py:3954} INFO - Setting next_dagrun for tomorrowio_bronze_to_silver to 2026-06-30 22:00:00+00:00, run_after=2026-06-30 23:00:00+00:00
[2026-06-30T22:19:44.897+0000] {processor.py:183} INFO - Processing /opt/airflow/dags/dag_tomorrowio.py took 0.355 seconds
[2026-06-30T22:20:15.442+0000] {processor.py:161} INFO - Started process (PID=27115) to work on /opt/airflow/dags/dag_tomorrowio.py
[2026-06-30T22:20:15.445+0000] {processor.py:830} INFO - Processing file /opt/airflow/dags/dag_tomorrowio.py for tasks to queue
[2026-06-30T22:20:15.447+0000] {logging_mixin.py:188} INFO - [2026-06-30T22:20:15.447+0000] {dagbag.py:545} INFO - Filling up the DagBag from /opt/airflow/dags/dag_tomorrowio.py
[2026-06-30T22:20:15.827+0000] {processor.py:840} INFO - DAG(s) 'tomorrowio_bronze_to_silver' retrieved from /opt/airflow/dags/dag_tomorrowio.py
[2026-06-30T22:20:15.841+0000] {logging_mixin.py:188} INFO - [2026-06-30T22:20:15.841+0000] {dag.py:3096} INFO - Sync 1 DAGs
[2026-06-30T22:20:15.851+0000] {logging_mixin.py:188} INFO - [2026-06-30T22:20:15.851+0000] {dag.py:3954} INFO - Setting next_dagrun for tomorrowio_bronze_to_silver to 2026-06-30 22:00:00+00:00, run_after=2026-06-30 23:00:00+00:00
[2026-06-30T22:20:15.859+0000] {processor.py:183} INFO - Processing /opt/airflow/dags/dag_tomorrowio.py took 0.429 seconds
[2026-06-30T22:20:46.396+0000] {processor.py:161} INFO - Started process (PID=27150) to work on /opt/airflow/dags/dag_tomorrowio.py
[2026-06-30T22:20:46.398+0000] {processor.py:830} INFO - Processing file /opt/airflow/dags/dag_tomorrowio.py for tasks to queue
[2026-06-30T22:20:46.399+0000] {logging_mixin.py:188} INFO - [2026-06-30T22:20:46.399+0000] {dagbag.py:545} INFO - Filling up the DagBag from /opt/airflow/dags/dag_tomorrowio.py
[2026-06-30T22:20:46.767+0000] {processor.py:840} INFO - DAG(s) 'tomorrowio_bronze_to_silver' retrieved from /opt/airflow/dags/dag_tomorrowio.py
[2026-06-30T22:20:46.781+0000] {logging_mixin.py:188} INFO - [2026-06-30T22:20:46.781+0000] {dag.py:3096} INFO - Sync 1 DAGs
[2026-06-30T22:20:46.795+0000] {logging_mixin.py:188} INFO - [2026-06-30T22:20:46.795+0000] {dag.py:3954} INFO - Setting next_dagrun for tomorrowio_bronze_to_silver to 2026-06-30 22:00:00+00:00, run_after=2026-06-30 23:00:00+00:00
[2026-06-30T22:20:46.803+0000] {processor.py:183} INFO - Processing /opt/airflow/dags/dag_tomorrowio.py took 0.416 seconds
[2026-06-30T22:21:17.402+0000] {processor.py:161} INFO - Started process (PID=27182) to work on /opt/airflow/dags/dag_tomorrowio.py
[2026-06-30T22:21:17.408+0000] {processor.py:830} INFO - Processing file /opt/airflow/dags/dag_tomorrowio.py for tasks to queue
[2026-06-30T22:21:17.410+0000] {logging_mixin.py:188} INFO - [2026-06-30T22:21:17.410+0000] {dagbag.py:545} INFO - Filling up the DagBag from /opt/airflow/dags/dag_tomorrowio.py
[2026-06-30T22:21:17.839+0000] {processor.py:840} INFO - DAG(s) 'tomorrowio_bronze_to_silver' retrieved from /opt/airflow/dags/dag_tomorrowio.py
[2026-06-30T22:21:17.856+0000] {logging_mixin.py:188} INFO - [2026-06-30T22:21:17.856+0000] {dag.py:3096} INFO - Sync 1 DAGs
[2026-06-30T22:21:17.868+0000] {logging_mixin.py:188} INFO - [2026-06-30T22:21:17.868+0000] {dag.py:3954} INFO - Setting next_dagrun for tomorrowio_bronze_to_silver to 2026-06-30 22:00:00+00:00, run_after=2026-06-30 23:00:00+00:00
[2026-06-30T22:21:17.874+0000] {processor.py:183} INFO - Processing /opt/airflow/dags/dag_tomorrowio.py took 0.487 seconds
[2026-06-30T22:21:48.524+0000] {processor.py:161} INFO - Started process (PID=27215) to work on /opt/airflow/dags/dag_tomorrowio.py
[2026-06-30T22:21:48.526+0000] {processor.py:830} INFO - Processing file /opt/airflow/dags/dag_tomorrowio.py for tasks to queue
[2026-06-30T22:21:48.527+0000] {logging_mixin.py:188} INFO - [2026-06-30T22:21:48.526+0000] {dagbag.py:545} INFO - Filling up the DagBag from /opt/airflow/dags/dag_tomorrowio.py
[2026-06-30T22:21:48.888+0000] {processor.py:840} INFO - DAG(s) 'tomorrowio_bronze_to_silver' retrieved from /opt/airflow/dags/dag_tomorrowio.py
[2026-06-30T22:21:48.902+0000] {logging_mixin.py:188} INFO - [2026-06-30T22:21:48.902+0000] {dag.py:3096} INFO - Sync 1 DAGs
[2026-06-30T22:21:48.916+0000] {logging_mixin.py:188} INFO - [2026-06-30T22:21:48.915+0000] {dag.py:3954} INFO - Setting next_dagrun for tomorrowio_bronze_to_silver to 2026-06-30 22:00:00+00:00, run_after=2026-06-30 23:00:00+00:00
[2026-06-30T22:21:48.922+0000] {processor.py:183} INFO - Processing /opt/airflow/dags/dag_tomorrowio.py took 0.414 seconds
[2026-06-30T22:22:19.533+0000] {processor.py:161} INFO - Started process (PID=27249) to work on /opt/airflow/dags/dag_tomorrowio.py
[2026-06-30T22:22:19.534+0000] {processor.py:830} INFO - Processing file /opt/airflow/dags/dag_tomorrowio.py for tasks to queue
[2026-06-30T22:22:19.536+0000] {logging_mixin.py:188} INFO - [2026-06-30T22:22:19.535+0000] {dagbag.py:545} INFO - Filling up the DagBag from /opt/airflow/dags/dag_tomorrowio.py
[2026-06-30T22:22:19.934+0000] {processor.py:840} INFO - DAG(s) 'tomorrowio_bronze_to_silver' retrieved from /opt/airflow/dags/dag_tomorrowio.py
[2026-06-30T22:22:19.950+0000] {logging_mixin.py:188} INFO - [2026-06-30T22:22:19.950+0000] {dag.py:3096} INFO - Sync 1 DAGs
[2026-06-30T22:22:19.963+0000] {logging_mixin.py:188} INFO - [2026-06-30T22:22:19.963+0000] {dag.py:3954} INFO - Setting next_dagrun for tomorrowio_bronze_to_silver to 2026-06-30 22:00:00+00:00, run_after=2026-06-30 23:00:00+00:00
[2026-06-30T22:22:19.969+0000] {processor.py:183} INFO - Processing /opt/airflow/dags/dag_tomorrowio.py took 0.448 seconds
[2026-06-30T22:29:09.340+0000] {processor.py:161} INFO - Started process (PID=27281) to work on /opt/airflow/dags/dag_tomorrowio.py
[2026-06-30T22:29:09.341+0000] {processor.py:830} INFO - Processing file /opt/airflow/dags/dag_tomorrowio.py for tasks to queue
[2026-06-30T22:29:09.341+0000] {logging_mixin.py:188} INFO - [2026-06-30T22:29:09.341+0000] {dagbag.py:545} INFO - Filling up the DagBag from /opt/airflow/dags/dag_tomorrowio.py
[2026-06-30T22:29:09.721+0000] {processor.py:840} INFO - DAG(s) 'tomorrowio_bronze_to_silver' retrieved from /opt/airflow/dags/dag_tomorrowio.py
[2026-06-30T22:29:09.737+0000] {logging_mixin.py:188} INFO - [2026-06-30T22:29:09.736+0000] {dag.py:3096} INFO - Sync 1 DAGs
[2026-06-30T22:29:09.746+0000] {logging_mixin.py:188} INFO - [2026-06-30T22:29:09.745+0000] {dag.py:3954} INFO - Setting next_dagrun for tomorrowio_bronze_to_silver to 2026-06-30 22:00:00+00:00, run_after=2026-06-30 23:00:00+00:00
[2026-06-30T22:29:09.752+0000] {processor.py:183} INFO - Processing /opt/airflow/dags/dag_tomorrowio.py took 0.418 seconds
[2026-06-30T22:29:40.245+0000] {processor.py:161} INFO - Started process (PID=27314) to work on /opt/airflow/dags/dag_tomorrowio.py
[2026-06-30T22:29:40.246+0000] {processor.py:830} INFO - Processing file /opt/airflow/dags/dag_tomorrowio.py for tasks to queue
[2026-06-30T22:29:40.247+0000] {logging_mixin.py:188} INFO - [2026-06-30T22:29:40.247+0000] {dagbag.py:545} INFO - Filling up the DagBag from /opt/airflow/dags/dag_tomorrowio.py
[2026-06-30T22:29:40.615+0000] {processor.py:840} INFO - DAG(s) 'tomorrowio_bronze_to_silver' retrieved from /opt/airflow/dags/dag_tomorrowio.py
[2026-06-30T22:29:40.630+0000] {logging_mixin.py:188} INFO - [2026-06-30T22:29:40.629+0000] {dag.py:3096} INFO - Sync 1 DAGs
[2026-06-30T22:29:40.640+0000] {logging_mixin.py:188} INFO - [2026-06-30T22:29:40.640+0000] {dag.py:3954} INFO - Setting next_dagrun for tomorrowio_bronze_to_silver to 2026-06-30 22:00:00+00:00, run_after=2026-06-30 23:00:00+00:00
[2026-06-30T22:29:40.648+0000] {processor.py:183} INFO - Processing /opt/airflow/dags/dag_tomorrowio.py took 0.412 seconds
[2026-06-30T22:45:35.598+0000] {processor.py:161} INFO - Started process (PID=27348) to work on /opt/airflow/dags/dag_tomorrowio.py
[2026-06-30T22:45:35.601+0000] {processor.py:830} INFO - Processing file /opt/airflow/dags/dag_tomorrowio.py for tasks to queue
[2026-06-30T22:45:35.602+0000] {logging_mixin.py:188} INFO - [2026-06-30T22:45:35.602+0000] {dagbag.py:545} INFO - Filling up the DagBag from /opt/airflow/dags/dag_tomorrowio.py
[2026-06-30T22:45:35.949+0000] {processor.py:840} INFO - DAG(s) 'tomorrowio_bronze_to_silver' retrieved from /opt/airflow/dags/dag_tomorrowio.py
[2026-06-30T22:45:35.960+0000] {logging_mixin.py:188} INFO - [2026-06-30T22:45:35.960+0000] {dag.py:3096} INFO - Sync 1 DAGs
[2026-06-30T22:45:35.970+0000] {logging_mixin.py:188} INFO - [2026-06-30T22:45:35.970+0000] {dag.py:3954} INFO - Setting next_dagrun for tomorrowio_bronze_to_silver to 2026-06-30 22:00:00+00:00, run_after=2026-06-30 23:00:00+00:00
[2026-06-30T22:45:35.977+0000] {processor.py:183} INFO - Processing /opt/airflow/dags/dag_tomorrowio.py took 0.387 seconds
[2026-06-30T22:46:06.538+0000] {processor.py:161} INFO - Started process (PID=27381) to work on /opt/airflow/dags/dag_tomorrowio.py
[2026-06-30T22:46:06.539+0000] {processor.py:830} INFO - Processing file /opt/airflow/dags/dag_tomorrowio.py for tasks to queue
[2026-06-30T22:46:06.540+0000] {logging_mixin.py:188} INFO - [2026-06-30T22:46:06.540+0000] {dagbag.py:545} INFO - Filling up the DagBag from /opt/airflow/dags/dag_tomorrowio.py
[2026-06-30T22:46:06.741+0000] {processor.py:840} INFO - DAG(s) 'tomorrowio_bronze_to_silver' retrieved from /opt/airflow/dags/dag_tomorrowio.py
[2026-06-30T22:46:06.755+0000] {logging_mixin.py:188} INFO - [2026-06-30T22:46:06.755+0000] {dag.py:3096} INFO - Sync 1 DAGs
[2026-06-30T22:46:06.763+0000] {logging_mixin.py:188} INFO - [2026-06-30T22:46:06.763+0000] {dag.py:3954} INFO - Setting next_dagrun for tomorrowio_bronze_to_silver to 2026-06-30 22:00:00+00:00, run_after=2026-06-30 23:00:00+00:00
[2026-06-30T22:46:06.769+0000] {processor.py:183} INFO - Processing /opt/airflow/dags/dag_tomorrowio.py took 0.237 seconds
[2026-06-30T23:02:36.836+0000] {processor.py:161} INFO - Started process (PID=27418) to work on /opt/airflow/dags/dag_tomorrowio.py
[2026-06-30T23:02:36.838+0000] {processor.py:830} INFO - Processing file /opt/airflow/dags/dag_tomorrowio.py for tasks to queue
[2026-06-30T23:02:36.838+0000] {logging_mixin.py:188} INFO - [2026-06-30T23:02:36.838+0000] {dagbag.py:545} INFO - Filling up the DagBag from /opt/airflow/dags/dag_tomorrowio.py
[2026-06-30T23:02:37.186+0000] {processor.py:840} INFO - DAG(s) 'tomorrowio_bronze_to_silver' retrieved from /opt/airflow/dags/dag_tomorrowio.py
[2026-06-30T23:02:37.203+0000] {logging_mixin.py:188} INFO - [2026-06-30T23:02:37.203+0000] {dag.py:3096} INFO - Sync 1 DAGs
[2026-06-30T23:02:37.223+0000] {logging_mixin.py:188} INFO - [2026-06-30T23:02:37.222+0000] {dag.py:3954} INFO - Setting next_dagrun for tomorrowio_bronze_to_silver to 2026-06-30 23:00:00+00:00, run_after=2026-07-01 00:00:00+00:00
[2026-06-30T23:02:37.236+0000] {processor.py:183} INFO - Processing /opt/airflow/dags/dag_tomorrowio.py took 0.407 seconds
[2026-06-30T23:03:07.863+0000] {processor.py:161} INFO - Started process (PID=27464) to work on /opt/airflow/dags/dag_tomorrowio.py
[2026-06-30T23:03:07.865+0000] {processor.py:830} INFO - Processing file /opt/airflow/dags/dag_tomorrowio.py for tasks to queue
[2026-06-30T23:03:07.866+0000] {logging_mixin.py:188} INFO - [2026-06-30T23:03:07.866+0000] {dagbag.py:545} INFO - Filling up the DagBag from /opt/airflow/dags/dag_tomorrowio.py
[2026-06-30T23:03:08.175+0000] {processor.py:840} INFO - DAG(s) 'tomorrowio_bronze_to_silver' retrieved from /opt/airflow/dags/dag_tomorrowio.py
[2026-06-30T23:03:08.190+0000] {logging_mixin.py:188} INFO - [2026-06-30T23:03:08.190+0000] {dag.py:3096} INFO - Sync 1 DAGs
[2026-06-30T23:03:08.202+0000] {logging_mixin.py:188} INFO - [2026-06-30T23:03:08.202+0000] {dag.py:3954} INFO - Setting next_dagrun for tomorrowio_bronze_to_silver to 2026-06-30 23:00:00+00:00, run_after=2026-07-01 00:00:00+00:00
[2026-06-30T23:03:08.209+0000] {processor.py:183} INFO - Processing /opt/airflow/dags/dag_tomorrowio.py took 0.353 seconds
[2026-06-30T23:03:38.816+0000] {processor.py:161} INFO - Started process (PID=27496) to work on /opt/airflow/dags/dag_tomorrowio.py
[2026-06-30T23:03:38.817+0000] {processor.py:830} INFO - Processing file /opt/airflow/dags/dag_tomorrowio.py for tasks to queue
[2026-06-30T23:03:38.818+0000] {logging_mixin.py:188} INFO - [2026-06-30T23:03:38.818+0000] {dagbag.py:545} INFO - Filling up the DagBag from /opt/airflow/dags/dag_tomorrowio.py
[2026-06-30T23:03:39.164+0000] {processor.py:840} INFO - DAG(s) 'tomorrowio_bronze_to_silver' retrieved from /opt/airflow/dags/dag_tomorrowio.py
[2026-06-30T23:03:39.179+0000] {logging_mixin.py:188} INFO - [2026-06-30T23:03:39.178+0000] {dag.py:3096} INFO - Sync 1 DAGs
[2026-06-30T23:03:39.190+0000] {logging_mixin.py:188} INFO - [2026-06-30T23:03:39.189+0000] {dag.py:3954} INFO - Setting next_dagrun for tomorrowio_bronze_to_silver to 2026-06-30 23:00:00+00:00, run_after=2026-07-01 00:00:00+00:00
[2026-06-30T23:03:39.198+0000] {processor.py:183} INFO - Processing /opt/airflow/dags/dag_tomorrowio.py took 0.387 seconds
[2026-06-30T23:04:09.829+0000] {processor.py:161} INFO - Started process (PID=27529) to work on /opt/airflow/dags/dag_tomorrowio.py
[2026-06-30T23:04:09.832+0000] {processor.py:830} INFO - Processing file /opt/airflow/dags/dag_tomorrowio.py for tasks to queue
[2026-06-30T23:04:09.833+0000] {logging_mixin.py:188} INFO - [2026-06-30T23:04:09.833+0000] {dagbag.py:545} INFO - Filling up the DagBag from /opt/airflow/dags/dag_tomorrowio.py
[2026-06-30T23:04:10.363+0000] {processor.py:840} INFO - DAG(s) 'tomorrowio_bronze_to_silver' retrieved from /opt/airflow/dags/dag_tomorrowio.py
[2026-06-30T23:04:10.380+0000] {logging_mixin.py:188} INFO - [2026-06-30T23:04:10.380+0000] {dag.py:3096} INFO - Sync 1 DAGs
[2026-06-30T23:04:10.393+0000] {logging_mixin.py:188} INFO - [2026-06-30T23:04:10.393+0000] {dag.py:3954} INFO - Setting next_dagrun for tomorrowio_bronze_to_silver to 2026-06-30 23:00:00+00:00, run_after=2026-07-01 00:00:00+00:00
[2026-06-30T23:04:10.399+0000] {processor.py:183} INFO - Processing /opt/airflow/dags/dag_tomorrowio.py took 0.584 seconds
[2026-06-30T23:04:40.898+0000] {processor.py:161} INFO - Started process (PID=27562) to work on /opt/airflow/dags/dag_tomorrowio.py
[2026-06-30T23:04:40.898+0000] {processor.py:830} INFO - Processing file /opt/airflow/dags/dag_tomorrowio.py for tasks to queue
[2026-06-30T23:04:40.899+0000] {logging_mixin.py:188} INFO - [2026-06-30T23:04:40.899+0000] {dagbag.py:545} INFO - Filling up the DagBag from /opt/airflow/dags/dag_tomorrowio.py
[2026-06-30T23:04:41.242+0000] {processor.py:840} INFO - DAG(s) 'tomorrowio_bronze_to_silver' retrieved from /opt/airflow/dags/dag_tomorrowio.py
[2026-06-30T23:04:41.256+0000] {logging_mixin.py:188} INFO - [2026-06-30T23:04:41.256+0000] {dag.py:3096} INFO - Sync 1 DAGs
[2026-06-30T23:04:41.268+0000] {logging_mixin.py:188} INFO - [2026-06-30T23:04:41.268+0000] {dag.py:3954} INFO - Setting next_dagrun for tomorrowio_bronze_to_silver to 2026-06-30 23:00:00+00:00, run_after=2026-07-01 00:00:00+00:00
[2026-06-30T23:04:41.275+0000] {processor.py:183} INFO - Processing /opt/airflow/dags/dag_tomorrowio.py took 0.397 seconds
[2026-06-30T23:05:11.785+0000] {processor.py:161} INFO - Started process (PID=27596) to work on /opt/airflow/dags/dag_tomorrowio.py
[2026-06-30T23:05:11.786+0000] {processor.py:830} INFO - Processing file /opt/airflow/dags/dag_tomorrowio.py for tasks to queue
[2026-06-30T23:05:11.788+0000] {logging_mixin.py:188} INFO - [2026-06-30T23:05:11.787+0000] {dagbag.py:545} INFO - Filling up the DagBag from /opt/airflow/dags/dag_tomorrowio.py
[2026-06-30T23:05:12.572+0000] {processor.py:840} INFO - DAG(s) 'tomorrowio_bronze_to_silver' retrieved from /opt/airflow/dags/dag_tomorrowio.py
[2026-06-30T23:05:12.616+0000] {logging_mixin.py:188} INFO - [2026-06-30T23:05:12.616+0000] {dag.py:3096} INFO - Sync 1 DAGs
[2026-06-30T23:05:12.645+0000] {logging_mixin.py:188} INFO - [2026-06-30T23:05:12.644+0000] {dag.py:3954} INFO - Setting next_dagrun for tomorrowio_bronze_to_silver to 2026-06-30 23:00:00+00:00, run_after=2026-07-01 00:00:00+00:00
[2026-06-30T23:05:12.672+0000] {processor.py:183} INFO - Processing /opt/airflow/dags/dag_tomorrowio.py took 0.893 seconds
[2026-06-30T23:21:17.975+0000] {processor.py:161} INFO - Started process (PID=27632) to work on /opt/airflow/dags/dag_tomorrowio.py
[2026-06-30T23:21:17.976+0000] {processor.py:830} INFO - Processing file /opt/airflow/dags/dag_tomorrowio.py for tasks to queue
[2026-06-30T23:21:17.977+0000] {logging_mixin.py:188} INFO - [2026-06-30T23:21:17.977+0000] {dagbag.py:545} INFO - Filling up the DagBag from /opt/airflow/dags/dag_tomorrowio.py
[2026-06-30T23:21:18.242+0000] {processor.py:840} INFO - DAG(s) 'tomorrowio_bronze_to_silver' retrieved from /opt/airflow/dags/dag_tomorrowio.py
[2026-06-30T23:21:18.250+0000] {logging_mixin.py:188} INFO - [2026-06-30T23:21:18.250+0000] {dag.py:3096} INFO - Sync 1 DAGs
[2026-06-30T23:21:18.257+0000] {logging_mixin.py:188} INFO - [2026-06-30T23:21:18.257+0000] {dag.py:3954} INFO - Setting next_dagrun for tomorrowio_bronze_to_silver to 2026-06-30 23:00:00+00:00, run_after=2026-07-01 00:00:00+00:00
[2026-06-30T23:21:18.263+0000] {processor.py:183} INFO - Processing /opt/airflow/dags/dag_tomorrowio.py took 0.292 seconds
[2026-06-30T23:21:48.839+0000] {processor.py:161} INFO - Started process (PID=27666) to work on /opt/airflow/dags/dag_tomorrowio.py
[2026-06-30T23:21:48.841+0000] {processor.py:830} INFO - Processing file /opt/airflow/dags/dag_tomorrowio.py for tasks to queue
[2026-06-30T23:21:48.842+0000] {logging_mixin.py:188} INFO - [2026-06-30T23:21:48.841+0000] {dagbag.py:545} INFO - Filling up the DagBag from /opt/airflow/dags/dag_tomorrowio.py
[2026-06-30T23:21:49.080+0000] {processor.py:840} INFO - DAG(s) 'tomorrowio_bronze_to_silver' retrieved from /opt/airflow/dags/dag_tomorrowio.py
[2026-06-30T23:21:49.090+0000] {logging_mixin.py:188} INFO - [2026-06-30T23:21:49.090+0000] {dag.py:3096} INFO - Sync 1 DAGs
[2026-06-30T23:21:49.097+0000] {logging_mixin.py:188} INFO - [2026-06-30T23:21:49.096+0000] {dag.py:3954} INFO - Setting next_dagrun for tomorrowio_bronze_to_silver to 2026-06-30 23:00:00+00:00, run_after=2026-07-01 00:00:00+00:00
[2026-06-30T23:21:49.102+0000] {processor.py:183} INFO - Processing /opt/airflow/dags/dag_tomorrowio.py took 0.268 seconds
[2026-06-30T23:22:19.730+0000] {processor.py:161} INFO - Started process (PID=27699) to work on /opt/airflow/dags/dag_tomorrowio.py
[2026-06-30T23:22:19.731+0000] {processor.py:830} INFO - Processing file /opt/airflow/dags/dag_tomorrowio.py for tasks to queue
[2026-06-30T23:22:19.734+0000] {logging_mixin.py:188} INFO - [2026-06-30T23:22:19.732+0000] {dagbag.py:545} INFO - Filling up the DagBag from /opt/airflow/dags/dag_tomorrowio.py
[2026-06-30T23:22:20.115+0000] {processor.py:840} INFO - DAG(s) 'tomorrowio_bronze_to_silver' retrieved from /opt/airflow/dags/dag_tomorrowio.py
[2026-06-30T23:22:20.130+0000] {logging_mixin.py:188} INFO - [2026-06-30T23:22:20.130+0000] {dag.py:3096} INFO - Sync 1 DAGs
[2026-06-30T23:22:20.139+0000] {logging_mixin.py:188} INFO - [2026-06-30T23:22:20.139+0000] {dag.py:3954} INFO - Setting next_dagrun for tomorrowio_bronze_to_silver to 2026-06-30 23:00:00+00:00, run_after=2026-07-01 00:00:00+00:00
[2026-06-30T23:22:20.149+0000] {processor.py:183} INFO - Processing /opt/airflow/dags/dag_tomorrowio.py took 0.424 seconds
[2026-06-30T23:30:13.413+0000] {processor.py:161} INFO - Started process (PID=27731) to work on /opt/airflow/dags/dag_tomorrowio.py
[2026-06-30T23:30:13.414+0000] {processor.py:830} INFO - Processing file /opt/airflow/dags/dag_tomorrowio.py for tasks to queue
[2026-06-30T23:30:13.415+0000] {logging_mixin.py:188} INFO - [2026-06-30T23:30:13.415+0000] {dagbag.py:545} INFO - Filling up the DagBag from /opt/airflow/dags/dag_tomorrowio.py
[2026-06-30T23:30:13.786+0000] {processor.py:840} INFO - DAG(s) 'tomorrowio_bronze_to_silver' retrieved from /opt/airflow/dags/dag_tomorrowio.py
[2026-06-30T23:30:13.799+0000] {logging_mixin.py:188} INFO - [2026-06-30T23:30:13.799+0000] {dag.py:3096} INFO - Sync 1 DAGs
[2026-06-30T23:30:13.813+0000] {logging_mixin.py:188} INFO - [2026-06-30T23:30:13.813+0000] {dag.py:3954} INFO - Setting next_dagrun for tomorrowio_bronze_to_silver to 2026-06-30 23:00:00+00:00, run_after=2026-07-01 00:00:00+00:00
[2026-06-30T23:30:13.821+0000] {processor.py:183} INFO - Processing /opt/airflow/dags/dag_tomorrowio.py took 0.413 seconds
[2026-06-30T23:30:44.531+0000] {processor.py:161} INFO - Started process (PID=27764) to work on /opt/airflow/dags/dag_tomorrowio.py
[2026-06-30T23:30:44.533+0000] {processor.py:830} INFO - Processing file /opt/airflow/dags/dag_tomorrowio.py for tasks to queue
[2026-06-30T23:30:44.534+0000] {logging_mixin.py:188} INFO - [2026-06-30T23:30:44.533+0000] {dagbag.py:545} INFO - Filling up the DagBag from /opt/airflow/dags/dag_tomorrowio.py
[2026-06-30T23:30:44.890+0000] {processor.py:840} INFO - DAG(s) 'tomorrowio_bronze_to_silver' retrieved from /opt/airflow/dags/dag_tomorrowio.py
[2026-06-30T23:30:44.903+0000] {logging_mixin.py:188} INFO - [2026-06-30T23:30:44.903+0000] {dag.py:3096} INFO - Sync 1 DAGs
[2026-06-30T23:30:44.912+0000] {logging_mixin.py:188} INFO - [2026-06-30T23:30:44.912+0000] {dag.py:3954} INFO - Setting next_dagrun for tomorrowio_bronze_to_silver to 2026-06-30 23:00:00+00:00, run_after=2026-07-01 00:00:00+00:00
[2026-06-30T23:30:44.920+0000] {processor.py:183} INFO - Processing /opt/airflow/dags/dag_tomorrowio.py took 0.400 seconds
[2026-06-30T23:47:35.904+0000] {processor.py:161} INFO - Started process (PID=27797) to work on /opt/airflow/dags/dag_tomorrowio.py
[2026-06-30T23:47:35.905+0000] {processor.py:830} INFO - Processing file /opt/airflow/dags/dag_tomorrowio.py for tasks to queue
[2026-06-30T23:47:35.907+0000] {logging_mixin.py:188} INFO - [2026-06-30T23:47:35.906+0000] {dagbag.py:545} INFO - Filling up the DagBag from /opt/airflow/dags/dag_tomorrowio.py
[2026-06-30T23:47:36.261+0000] {processor.py:840} INFO - DAG(s) 'tomorrowio_bronze_to_silver' retrieved from /opt/airflow/dags/dag_tomorrowio.py
[2026-06-30T23:47:36.274+0000] {logging_mixin.py:188} INFO - [2026-06-30T23:47:36.273+0000] {dag.py:3096} INFO - Sync 1 DAGs
[2026-06-30T23:47:36.287+0000] {logging_mixin.py:188} INFO - [2026-06-30T23:47:36.287+0000] {dag.py:3954} INFO - Setting next_dagrun for tomorrowio_bronze_to_silver to 2026-06-30 23:00:00+00:00, run_after=2026-07-01 00:00:00+00:00
[2026-06-30T23:47:36.293+0000] {processor.py:183} INFO - Processing /opt/airflow/dags/dag_tomorrowio.py took 0.397 seconds
[2026-06-30T23:48:06.795+0000] {processor.py:161} INFO - Started process (PID=27830) to work on /opt/airflow/dags/dag_tomorrowio.py
[2026-06-30T23:48:06.796+0000] {processor.py:830} INFO - Processing file /opt/airflow/dags/dag_tomorrowio.py for tasks to queue
[2026-06-30T23:48:06.797+0000] {logging_mixin.py:188} INFO - [2026-06-30T23:48:06.797+0000] {dagbag.py:545} INFO - Filling up the DagBag from /opt/airflow/dags/dag_tomorrowio.py
[2026-06-30T23:48:07.167+0000] {processor.py:840} INFO - DAG(s) 'tomorrowio_bronze_to_silver' retrieved from /opt/airflow/dags/dag_tomorrowio.py
[2026-06-30T23:48:07.182+0000] {logging_mixin.py:188} INFO - [2026-06-30T23:48:07.182+0000] {dag.py:3096} INFO - Sync 1 DAGs
[2026-06-30T23:48:07.189+0000] {logging_mixin.py:188} INFO - [2026-06-30T23:48:07.189+0000] {dag.py:3954} INFO - Setting next_dagrun for tomorrowio_bronze_to_silver to 2026-06-30 23:00:00+00:00, run_after=2026-07-01 00:00:00+00:00
[2026-06-30T23:48:07.195+0000] {processor.py:183} INFO - Processing /opt/airflow/dags/dag_tomorrowio.py took 0.409 seconds
[2026-06-30T23:48:37.735+0000] {processor.py:161} INFO - Started process (PID=27864) to work on /opt/airflow/dags/dag_tomorrowio.py
[2026-06-30T23:48:37.737+0000] {processor.py:830} INFO - Processing file /opt/airflow/dags/dag_tomorrowio.py for tasks to queue
[2026-06-30T23:48:37.738+0000] {logging_mixin.py:188} INFO - [2026-06-30T23:48:37.738+0000] {dagbag.py:545} INFO - Filling up the DagBag from /opt/airflow/dags/dag_tomorrowio.py
[2026-06-30T23:48:38.325+0000] {processor.py:840} INFO - DAG(s) 'tomorrowio_bronze_to_silver' retrieved from /opt/airflow/dags/dag_tomorrowio.py
[2026-06-30T23:48:38.351+0000] {logging_mixin.py:188} INFO - [2026-06-30T23:48:38.350+0000] {dag.py:3096} INFO - Sync 1 DAGs
[2026-06-30T23:48:38.363+0000] {logging_mixin.py:188} INFO - [2026-06-30T23:48:38.363+0000] {dag.py:3954} INFO - Setting next_dagrun for tomorrowio_bronze_to_silver to 2026-06-30 23:00:00+00:00, run_after=2026-07-01 00:00:00+00:00
[2026-06-30T23:48:38.371+0000] {processor.py:183} INFO - Processing /opt/airflow/dags/dag_tomorrowio.py took 0.642 seconds
[2026-06-30T23:49:09.040+0000] {processor.py:161} INFO - Started process (PID=27899) to work on /opt/airflow/dags/dag_tomorrowio.py
[2026-06-30T23:49:09.042+0000] {processor.py:830} INFO - Processing file /opt/airflow/dags/dag_tomorrowio.py for tasks to queue
[2026-06-30T23:49:09.042+0000] {logging_mixin.py:188} INFO - [2026-06-30T23:49:09.042+0000] {dagbag.py:545} INFO - Filling up the DagBag from /opt/airflow/dags/dag_tomorrowio.py
[2026-06-30T23:49:09.408+0000] {processor.py:840} INFO - DAG(s) 'tomorrowio_bronze_to_silver' retrieved from /opt/airflow/dags/dag_tomorrowio.py
[2026-06-30T23:49:09.418+0000] {logging_mixin.py:188} INFO - [2026-06-30T23:49:09.418+0000] {dag.py:3096} INFO - Sync 1 DAGs
[2026-06-30T23:49:09.426+0000] {logging_mixin.py:188} INFO - [2026-06-30T23:49:09.426+0000] {dag.py:3954} INFO - Setting next_dagrun for tomorrowio_bronze_to_silver to 2026-06-30 23:00:00+00:00, run_after=2026-07-01 00:00:00+00:00
[2026-06-30T23:49:09.434+0000] {processor.py:183} INFO - Processing /opt/airflow/dags/dag_tomorrowio.py took 0.403 seconds
[2026-06-30T23:49:40.024+0000] {processor.py:161} INFO - Started process (PID=27932) to work on /opt/airflow/dags/dag_tomorrowio.py
[2026-06-30T23:49:40.026+0000] {processor.py:830} INFO - Processing file /opt/airflow/dags/dag_tomorrowio.py for tasks to queue
[2026-06-30T23:49:40.027+0000] {logging_mixin.py:188} INFO - [2026-06-30T23:49:40.027+0000] {dagbag.py:545} INFO - Filling up the DagBag from /opt/airflow/dags/dag_tomorrowio.py
[2026-06-30T23:49:40.470+0000] {processor.py:840} INFO - DAG(s) 'tomorrowio_bronze_to_silver' retrieved from /opt/airflow/dags/dag_tomorrowio.py
[2026-06-30T23:49:40.494+0000] {logging_mixin.py:188} INFO - [2026-06-30T23:49:40.494+0000] {dag.py:3096} INFO - Sync 1 DAGs
[2026-06-30T23:49:40.509+0000] {logging_mixin.py:188} INFO - [2026-06-30T23:49:40.509+0000] {dag.py:3954} INFO - Setting next_dagrun for tomorrowio_bronze_to_silver to 2026-06-30 23:00:00+00:00, run_after=2026-07-01 00:00:00+00:00
[2026-06-30T23:49:40.518+0000] {processor.py:183} INFO - Processing /opt/airflow/dags/dag_tomorrowio.py took 0.508 seconds
[2026-06-30T23:50:11.256+0000] {processor.py:161} INFO - Started process (PID=27965) to work on /opt/airflow/dags/dag_tomorrowio.py
[2026-06-30T23:50:11.257+0000] {processor.py:830} INFO - Processing file /opt/airflow/dags/dag_tomorrowio.py for tasks to queue
[2026-06-30T23:50:11.257+0000] {logging_mixin.py:188} INFO - [2026-06-30T23:50:11.257+0000] {dagbag.py:545} INFO - Filling up the DagBag from /opt/airflow/dags/dag_tomorrowio.py
[2026-06-30T23:50:11.652+0000] {processor.py:840} INFO - DAG(s) 'tomorrowio_bronze_to_silver' retrieved from /opt/airflow/dags/dag_tomorrowio.py
[2026-06-30T23:50:11.663+0000] {logging_mixin.py:188} INFO - [2026-06-30T23:50:11.663+0000] {dag.py:3096} INFO - Sync 1 DAGs
[2026-06-30T23:50:11.673+0000] {logging_mixin.py:188} INFO - [2026-06-30T23:50:11.672+0000] {dag.py:3954} INFO - Setting next_dagrun for tomorrowio_bronze_to_silver to 2026-06-30 23:00:00+00:00, run_after=2026-07-01 00:00:00+00:00
[2026-06-30T23:50:11.682+0000] {processor.py:183} INFO - Processing /opt/airflow/dags/dag_tomorrowio.py took 0.430 seconds
