[2026-07-01T00:00:34.946+0000] {processor.py:161} INFO - Started process (PID=27998) to work on /opt/airflow/dags/dag_tomorrowio.py
[2026-07-01T00:00:34.948+0000] {processor.py:830} INFO - Processing file /opt/airflow/dags/dag_tomorrowio.py for tasks to queue
[2026-07-01T00:00:34.949+0000] {logging_mixin.py:188} INFO - [2026-07-01T00:00:34.949+0000] {dagbag.py:545} INFO - Filling up the DagBag from /opt/airflow/dags/dag_tomorrowio.py
[2026-07-01T00:00:35.370+0000] {processor.py:840} INFO - DAG(s) 'tomorrowio_bronze_to_silver' retrieved from /opt/airflow/dags/dag_tomorrowio.py
[2026-07-01T00:00:35.383+0000] {logging_mixin.py:188} INFO - [2026-07-01T00:00:35.382+0000] {dag.py:3096} INFO - Sync 1 DAGs
[2026-07-01T00:00:35.391+0000] {logging_mixin.py:188} INFO - [2026-07-01T00:00:35.391+0000] {dag.py:3954} INFO - Setting next_dagrun for tomorrowio_bronze_to_silver to 2026-07-01 00:00:00+00:00, run_after=2026-07-01 01:00:00+00:00
[2026-07-01T00:00:35.398+0000] {processor.py:183} INFO - Processing /opt/airflow/dags/dag_tomorrowio.py took 0.466 seconds
[2026-07-01T00:01:06.030+0000] {processor.py:161} INFO - Started process (PID=28079) to work on /opt/airflow/dags/dag_tomorrowio.py
[2026-07-01T00:01:06.032+0000] {processor.py:830} INFO - Processing file /opt/airflow/dags/dag_tomorrowio.py for tasks to queue
[2026-07-01T00:01:06.033+0000] {logging_mixin.py:188} INFO - [2026-07-01T00:01:06.033+0000] {dagbag.py:545} INFO - Filling up the DagBag from /opt/airflow/dags/dag_tomorrowio.py
[2026-07-01T00:01:06.372+0000] {processor.py:840} INFO - DAG(s) 'tomorrowio_bronze_to_silver' retrieved from /opt/airflow/dags/dag_tomorrowio.py
[2026-07-01T00:01:06.384+0000] {logging_mixin.py:188} INFO - [2026-07-01T00:01:06.384+0000] {dag.py:3096} INFO - Sync 1 DAGs
[2026-07-01T00:01:06.392+0000] {logging_mixin.py:188} INFO - [2026-07-01T00:01:06.392+0000] {dag.py:3954} INFO - Setting next_dagrun for tomorrowio_bronze_to_silver to 2026-07-01 00:00:00+00:00, run_after=2026-07-01 01:00:00+00:00
[2026-07-01T00:01:06.400+0000] {processor.py:183} INFO - Processing /opt/airflow/dags/dag_tomorrowio.py took 0.376 seconds
[2026-07-01T00:17:01.243+0000] {processor.py:161} INFO - Started process (PID=28111) to work on /opt/airflow/dags/dag_tomorrowio.py
[2026-07-01T00:17:01.244+0000] {processor.py:830} INFO - Processing file /opt/airflow/dags/dag_tomorrowio.py for tasks to queue
[2026-07-01T00:17:01.246+0000] {logging_mixin.py:188} INFO - [2026-07-01T00:17:01.246+0000] {dagbag.py:545} INFO - Filling up the DagBag from /opt/airflow/dags/dag_tomorrowio.py
[2026-07-01T00:17:01.649+0000] {processor.py:840} INFO - DAG(s) 'tomorrowio_bronze_to_silver' retrieved from /opt/airflow/dags/dag_tomorrowio.py
[2026-07-01T00:17:01.662+0000] {logging_mixin.py:188} INFO - [2026-07-01T00:17:01.662+0000] {dag.py:3096} INFO - Sync 1 DAGs
[2026-07-01T00:17:01.672+0000] {logging_mixin.py:188} INFO - [2026-07-01T00:17:01.672+0000] {dag.py:3954} INFO - Setting next_dagrun for tomorrowio_bronze_to_silver to 2026-07-01 00:00:00+00:00, run_after=2026-07-01 01:00:00+00:00
[2026-07-01T00:17:01.680+0000] {processor.py:183} INFO - Processing /opt/airflow/dags/dag_tomorrowio.py took 0.445 seconds
[2026-07-01T00:17:32.316+0000] {processor.py:161} INFO - Started process (PID=28148) to work on /opt/airflow/dags/dag_tomorrowio.py
[2026-07-01T00:17:32.318+0000] {processor.py:830} INFO - Processing file /opt/airflow/dags/dag_tomorrowio.py for tasks to queue
[2026-07-01T00:17:32.320+0000] {logging_mixin.py:188} INFO - [2026-07-01T00:17:32.319+0000] {dagbag.py:545} INFO - Filling up the DagBag from /opt/airflow/dags/dag_tomorrowio.py
[2026-07-01T00:17:32.730+0000] {processor.py:840} INFO - DAG(s) 'tomorrowio_bronze_to_silver' retrieved from /opt/airflow/dags/dag_tomorrowio.py
[2026-07-01T00:17:32.744+0000] {logging_mixin.py:188} INFO - [2026-07-01T00:17:32.744+0000] {dag.py:3096} INFO - Sync 1 DAGs
[2026-07-01T00:17:32.754+0000] {logging_mixin.py:188} INFO - [2026-07-01T00:17:32.754+0000] {dag.py:3954} INFO - Setting next_dagrun for tomorrowio_bronze_to_silver to 2026-07-01 00:00:00+00:00, run_after=2026-07-01 01:00:00+00:00
[2026-07-01T00:17:32.761+0000] {processor.py:183} INFO - Processing /opt/airflow/dags/dag_tomorrowio.py took 0.463 seconds
[2026-07-01T00:31:34.939+0000] {processor.py:161} INFO - Started process (PID=28181) to work on /opt/airflow/dags/dag_tomorrowio.py
[2026-07-01T00:31:34.942+0000] {processor.py:830} INFO - Processing file /opt/airflow/dags/dag_tomorrowio.py for tasks to queue
[2026-07-01T00:31:34.943+0000] {logging_mixin.py:188} INFO - [2026-07-01T00:31:34.942+0000] {dagbag.py:545} INFO - Filling up the DagBag from /opt/airflow/dags/dag_tomorrowio.py
[2026-07-01T00:31:35.300+0000] {processor.py:840} INFO - DAG(s) 'tomorrowio_bronze_to_silver' retrieved from /opt/airflow/dags/dag_tomorrowio.py
[2026-07-01T00:31:35.315+0000] {logging_mixin.py:188} INFO - [2026-07-01T00:31:35.315+0000] {dag.py:3096} INFO - Sync 1 DAGs
[2026-07-01T00:31:35.325+0000] {logging_mixin.py:188} INFO - [2026-07-01T00:31:35.325+0000] {dag.py:3954} INFO - Setting next_dagrun for tomorrowio_bronze_to_silver to 2026-07-01 00:00:00+00:00, run_after=2026-07-01 01:00:00+00:00
[2026-07-01T00:31:35.332+0000] {processor.py:183} INFO - Processing /opt/airflow/dags/dag_tomorrowio.py took 0.400 seconds
[2026-07-01T00:48:42.111+0000] {processor.py:161} INFO - Started process (PID=28215) to work on /opt/airflow/dags/dag_tomorrowio.py
[2026-07-01T00:48:42.113+0000] {processor.py:830} INFO - Processing file /opt/airflow/dags/dag_tomorrowio.py for tasks to queue
[2026-07-01T00:48:42.116+0000] {logging_mixin.py:188} INFO - [2026-07-01T00:48:42.114+0000] {dagbag.py:545} INFO - Filling up the DagBag from /opt/airflow/dags/dag_tomorrowio.py
[2026-07-01T00:48:42.573+0000] {processor.py:840} INFO - DAG(s) 'tomorrowio_bronze_to_silver' retrieved from /opt/airflow/dags/dag_tomorrowio.py
[2026-07-01T00:48:42.588+0000] {logging_mixin.py:188} INFO - [2026-07-01T00:48:42.588+0000] {dag.py:3096} INFO - Sync 1 DAGs
[2026-07-01T00:48:42.603+0000] {logging_mixin.py:188} INFO - [2026-07-01T00:48:42.601+0000] {dag.py:3954} INFO - Setting next_dagrun for tomorrowio_bronze_to_silver to 2026-07-01 00:00:00+00:00, run_after=2026-07-01 01:00:00+00:00
[2026-07-01T00:48:42.613+0000] {processor.py:183} INFO - Processing /opt/airflow/dags/dag_tomorrowio.py took 0.513 seconds
[2026-07-01T00:49:13.119+0000] {processor.py:161} INFO - Started process (PID=28248) to work on /opt/airflow/dags/dag_tomorrowio.py
[2026-07-01T00:49:13.120+0000] {processor.py:830} INFO - Processing file /opt/airflow/dags/dag_tomorrowio.py for tasks to queue
[2026-07-01T00:49:13.121+0000] {logging_mixin.py:188} INFO - [2026-07-01T00:49:13.121+0000] {dagbag.py:545} INFO - Filling up the DagBag from /opt/airflow/dags/dag_tomorrowio.py
[2026-07-01T00:49:13.412+0000] {processor.py:840} INFO - DAG(s) 'tomorrowio_bronze_to_silver' retrieved from /opt/airflow/dags/dag_tomorrowio.py
[2026-07-01T00:49:13.424+0000] {logging_mixin.py:188} INFO - [2026-07-01T00:49:13.423+0000] {dag.py:3096} INFO - Sync 1 DAGs
[2026-07-01T00:49:13.431+0000] {logging_mixin.py:188} INFO - [2026-07-01T00:49:13.430+0000] {dag.py:3954} INFO - Setting next_dagrun for tomorrowio_bronze_to_silver to 2026-07-01 00:00:00+00:00, run_after=2026-07-01 01:00:00+00:00
[2026-07-01T00:49:13.438+0000] {processor.py:183} INFO - Processing /opt/airflow/dags/dag_tomorrowio.py took 0.325 seconds
[2026-07-01T01:05:54.300+0000] {processor.py:161} INFO - Started process (PID=28279) to work on /opt/airflow/dags/dag_tomorrowio.py
[2026-07-01T01:05:54.302+0000] {processor.py:830} INFO - Processing file /opt/airflow/dags/dag_tomorrowio.py for tasks to queue
[2026-07-01T01:05:54.303+0000] {logging_mixin.py:188} INFO - [2026-07-01T01:05:54.302+0000] {dagbag.py:545} INFO - Filling up the DagBag from /opt/airflow/dags/dag_tomorrowio.py
[2026-07-01T01:05:54.710+0000] {processor.py:840} INFO - DAG(s) 'tomorrowio_bronze_to_silver' retrieved from /opt/airflow/dags/dag_tomorrowio.py
[2026-07-01T01:05:54.719+0000] {logging_mixin.py:188} INFO - [2026-07-01T01:05:54.719+0000] {dag.py:3096} INFO - Sync 1 DAGs
[2026-07-01T01:05:54.728+0000] {logging_mixin.py:188} INFO - [2026-07-01T01:05:54.728+0000] {dag.py:3954} INFO - Setting next_dagrun for tomorrowio_bronze_to_silver to 2026-07-01 01:00:00+00:00, run_after=2026-07-01 02:00:00+00:00
[2026-07-01T01:05:54.734+0000] {processor.py:183} INFO - Processing /opt/airflow/dags/dag_tomorrowio.py took 0.446 seconds
[2026-07-01T01:06:25.167+0000] {processor.py:161} INFO - Started process (PID=28331) to work on /opt/airflow/dags/dag_tomorrowio.py
[2026-07-01T01:06:25.167+0000] {processor.py:830} INFO - Processing file /opt/airflow/dags/dag_tomorrowio.py for tasks to queue
[2026-07-01T01:06:25.168+0000] {logging_mixin.py:188} INFO - [2026-07-01T01:06:25.168+0000] {dagbag.py:545} INFO - Filling up the DagBag from /opt/airflow/dags/dag_tomorrowio.py
[2026-07-01T01:06:25.366+0000] {processor.py:840} INFO - DAG(s) 'tomorrowio_bronze_to_silver' retrieved from /opt/airflow/dags/dag_tomorrowio.py
[2026-07-01T01:06:25.378+0000] {logging_mixin.py:188} INFO - [2026-07-01T01:06:25.378+0000] {dag.py:3096} INFO - Sync 1 DAGs
[2026-07-01T01:06:25.390+0000] {logging_mixin.py:188} INFO - [2026-07-01T01:06:25.390+0000] {dag.py:3954} INFO - Setting next_dagrun for tomorrowio_bronze_to_silver to 2026-07-01 01:00:00+00:00, run_after=2026-07-01 02:00:00+00:00
[2026-07-01T01:06:25.396+0000] {processor.py:183} INFO - Processing /opt/airflow/dags/dag_tomorrowio.py took 0.232 seconds
[2026-07-01T01:22:23.675+0000] {processor.py:161} INFO - Started process (PID=28366) to work on /opt/airflow/dags/dag_tomorrowio.py
[2026-07-01T01:22:23.677+0000] {processor.py:830} INFO - Processing file /opt/airflow/dags/dag_tomorrowio.py for tasks to queue
[2026-07-01T01:22:23.677+0000] {logging_mixin.py:188} INFO - [2026-07-01T01:22:23.677+0000] {dagbag.py:545} INFO - Filling up the DagBag from /opt/airflow/dags/dag_tomorrowio.py
[2026-07-01T01:22:23.951+0000] {processor.py:840} INFO - DAG(s) 'tomorrowio_bronze_to_silver' retrieved from /opt/airflow/dags/dag_tomorrowio.py
[2026-07-01T01:22:23.963+0000] {logging_mixin.py:188} INFO - [2026-07-01T01:22:23.963+0000] {dag.py:3096} INFO - Sync 1 DAGs
[2026-07-01T01:22:23.971+0000] {logging_mixin.py:188} INFO - [2026-07-01T01:22:23.971+0000] {dag.py:3954} INFO - Setting next_dagrun for tomorrowio_bronze_to_silver to 2026-07-01 01:00:00+00:00, run_after=2026-07-01 02:00:00+00:00
[2026-07-01T01:22:23.977+0000] {processor.py:183} INFO - Processing /opt/airflow/dags/dag_tomorrowio.py took 0.309 seconds
[2026-07-01T01:32:08.827+0000] {processor.py:161} INFO - Started process (PID=28400) to work on /opt/airflow/dags/dag_tomorrowio.py
[2026-07-01T01:32:08.829+0000] {processor.py:830} INFO - Processing file /opt/airflow/dags/dag_tomorrowio.py for tasks to queue
[2026-07-01T01:32:08.830+0000] {logging_mixin.py:188} INFO - [2026-07-01T01:32:08.830+0000] {dagbag.py:545} INFO - Filling up the DagBag from /opt/airflow/dags/dag_tomorrowio.py
[2026-07-01T01:32:09.342+0000] {processor.py:840} INFO - DAG(s) 'tomorrowio_bronze_to_silver' retrieved from /opt/airflow/dags/dag_tomorrowio.py
[2026-07-01T01:32:09.363+0000] {logging_mixin.py:188} INFO - [2026-07-01T01:32:09.363+0000] {dag.py:3096} INFO - Sync 1 DAGs
[2026-07-01T01:32:09.375+0000] {logging_mixin.py:188} INFO - [2026-07-01T01:32:09.374+0000] {dag.py:3954} INFO - Setting next_dagrun for tomorrowio_bronze_to_silver to 2026-07-01 01:00:00+00:00, run_after=2026-07-01 02:00:00+00:00
[2026-07-01T01:32:09.386+0000] {processor.py:183} INFO - Processing /opt/airflow/dags/dag_tomorrowio.py took 0.575 seconds
[2026-07-01T01:32:40.226+0000] {processor.py:161} INFO - Started process (PID=28436) to work on /opt/airflow/dags/dag_tomorrowio.py
[2026-07-01T01:32:40.227+0000] {processor.py:830} INFO - Processing file /opt/airflow/dags/dag_tomorrowio.py for tasks to queue
[2026-07-01T01:32:40.228+0000] {logging_mixin.py:188} INFO - [2026-07-01T01:32:40.228+0000] {dagbag.py:545} INFO - Filling up the DagBag from /opt/airflow/dags/dag_tomorrowio.py
[2026-07-01T01:32:40.598+0000] {processor.py:840} INFO - DAG(s) 'tomorrowio_bronze_to_silver' retrieved from /opt/airflow/dags/dag_tomorrowio.py
[2026-07-01T01:32:40.612+0000] {logging_mixin.py:188} INFO - [2026-07-01T01:32:40.612+0000] {dag.py:3096} INFO - Sync 1 DAGs
[2026-07-01T01:32:40.620+0000] {logging_mixin.py:188} INFO - [2026-07-01T01:32:40.620+0000] {dag.py:3954} INFO - Setting next_dagrun for tomorrowio_bronze_to_silver to 2026-07-01 01:00:00+00:00, run_after=2026-07-01 02:00:00+00:00
[2026-07-01T01:32:40.627+0000] {processor.py:183} INFO - Processing /opt/airflow/dags/dag_tomorrowio.py took 0.423 seconds
[2026-07-01T01:48:30.559+0000] {processor.py:161} INFO - Started process (PID=28467) to work on /opt/airflow/dags/dag_tomorrowio.py
[2026-07-01T01:48:30.561+0000] {processor.py:830} INFO - Processing file /opt/airflow/dags/dag_tomorrowio.py for tasks to queue
[2026-07-01T01:48:30.562+0000] {logging_mixin.py:188} INFO - [2026-07-01T01:48:30.562+0000] {dagbag.py:545} INFO - Filling up the DagBag from /opt/airflow/dags/dag_tomorrowio.py
[2026-07-01T01:48:30.944+0000] {processor.py:840} INFO - DAG(s) 'tomorrowio_bronze_to_silver' retrieved from /opt/airflow/dags/dag_tomorrowio.py
[2026-07-01T01:48:30.958+0000] {logging_mixin.py:188} INFO - [2026-07-01T01:48:30.958+0000] {dag.py:3096} INFO - Sync 1 DAGs
[2026-07-01T01:48:30.972+0000] {logging_mixin.py:188} INFO - [2026-07-01T01:48:30.971+0000] {dag.py:3954} INFO - Setting next_dagrun for tomorrowio_bronze_to_silver to 2026-07-01 01:00:00+00:00, run_after=2026-07-01 02:00:00+00:00
[2026-07-01T01:48:30.983+0000] {processor.py:183} INFO - Processing /opt/airflow/dags/dag_tomorrowio.py took 0.430 seconds
[2026-07-01T01:49:01.576+0000] {processor.py:161} INFO - Started process (PID=28499) to work on /opt/airflow/dags/dag_tomorrowio.py
[2026-07-01T01:49:01.577+0000] {processor.py:830} INFO - Processing file /opt/airflow/dags/dag_tomorrowio.py for tasks to queue
[2026-07-01T01:49:01.578+0000] {logging_mixin.py:188} INFO - [2026-07-01T01:49:01.578+0000] {dagbag.py:545} INFO - Filling up the DagBag from /opt/airflow/dags/dag_tomorrowio.py
[2026-07-01T01:49:01.891+0000] {processor.py:840} INFO - DAG(s) 'tomorrowio_bronze_to_silver' retrieved from /opt/airflow/dags/dag_tomorrowio.py
[2026-07-01T01:49:01.905+0000] {logging_mixin.py:188} INFO - [2026-07-01T01:49:01.905+0000] {dag.py:3096} INFO - Sync 1 DAGs
[2026-07-01T01:49:01.915+0000] {logging_mixin.py:188} INFO - [2026-07-01T01:49:01.915+0000] {dag.py:3954} INFO - Setting next_dagrun for tomorrowio_bronze_to_silver to 2026-07-01 01:00:00+00:00, run_after=2026-07-01 02:00:00+00:00
[2026-07-01T01:49:01.921+0000] {processor.py:183} INFO - Processing /opt/airflow/dags/dag_tomorrowio.py took 0.354 seconds
[2026-07-01T02:05:09.205+0000] {processor.py:161} INFO - Started process (PID=28532) to work on /opt/airflow/dags/dag_tomorrowio.py
[2026-07-01T02:05:09.208+0000] {processor.py:830} INFO - Processing file /opt/airflow/dags/dag_tomorrowio.py for tasks to queue
[2026-07-01T02:05:09.210+0000] {logging_mixin.py:188} INFO - [2026-07-01T02:05:09.209+0000] {dagbag.py:545} INFO - Filling up the DagBag from /opt/airflow/dags/dag_tomorrowio.py
[2026-07-01T02:05:09.567+0000] {processor.py:840} INFO - DAG(s) 'tomorrowio_bronze_to_silver' retrieved from /opt/airflow/dags/dag_tomorrowio.py
[2026-07-01T02:05:09.581+0000] {logging_mixin.py:188} INFO - [2026-07-01T02:05:09.581+0000] {dag.py:3096} INFO - Sync 1 DAGs
[2026-07-01T02:05:09.594+0000] {logging_mixin.py:188} INFO - [2026-07-01T02:05:09.594+0000] {dag.py:3954} INFO - Setting next_dagrun for tomorrowio_bronze_to_silver to 2026-07-01 01:00:00+00:00, run_after=2026-07-01 02:00:00+00:00
[2026-07-01T02:05:09.602+0000] {processor.py:183} INFO - Processing /opt/airflow/dags/dag_tomorrowio.py took 0.410 seconds
[2026-07-01T02:05:40.285+0000] {processor.py:161} INFO - Started process (PID=28582) to work on /opt/airflow/dags/dag_tomorrowio.py
[2026-07-01T02:05:40.289+0000] {processor.py:830} INFO - Processing file /opt/airflow/dags/dag_tomorrowio.py for tasks to queue
[2026-07-01T02:05:40.292+0000] {logging_mixin.py:188} INFO - [2026-07-01T02:05:40.291+0000] {dagbag.py:545} INFO - Filling up the DagBag from /opt/airflow/dags/dag_tomorrowio.py
[2026-07-01T02:05:40.650+0000] {processor.py:840} INFO - DAG(s) 'tomorrowio_bronze_to_silver' retrieved from /opt/airflow/dags/dag_tomorrowio.py
[2026-07-01T02:05:40.665+0000] {logging_mixin.py:188} INFO - [2026-07-01T02:05:40.665+0000] {dag.py:3096} INFO - Sync 1 DAGs
[2026-07-01T02:05:40.676+0000] {logging_mixin.py:188} INFO - [2026-07-01T02:05:40.675+0000] {dag.py:3954} INFO - Setting next_dagrun for tomorrowio_bronze_to_silver to 2026-07-01 02:00:00+00:00, run_after=2026-07-01 03:00:00+00:00
[2026-07-01T02:05:40.685+0000] {processor.py:183} INFO - Processing /opt/airflow/dags/dag_tomorrowio.py took 0.413 seconds
[2026-07-01T02:22:12.426+0000] {processor.py:161} INFO - Started process (PID=28615) to work on /opt/airflow/dags/dag_tomorrowio.py
[2026-07-01T02:22:12.427+0000] {processor.py:830} INFO - Processing file /opt/airflow/dags/dag_tomorrowio.py for tasks to queue
[2026-07-01T02:22:12.428+0000] {logging_mixin.py:188} INFO - [2026-07-01T02:22:12.427+0000] {dagbag.py:545} INFO - Filling up the DagBag from /opt/airflow/dags/dag_tomorrowio.py
[2026-07-01T02:22:12.777+0000] {processor.py:840} INFO - DAG(s) 'tomorrowio_bronze_to_silver' retrieved from /opt/airflow/dags/dag_tomorrowio.py
[2026-07-01T02:22:12.794+0000] {logging_mixin.py:188} INFO - [2026-07-01T02:22:12.794+0000] {dag.py:3096} INFO - Sync 1 DAGs
[2026-07-01T02:22:12.804+0000] {logging_mixin.py:188} INFO - [2026-07-01T02:22:12.804+0000] {dag.py:3954} INFO - Setting next_dagrun for tomorrowio_bronze_to_silver to 2026-07-01 02:00:00+00:00, run_after=2026-07-01 03:00:00+00:00
[2026-07-01T02:22:12.810+0000] {processor.py:183} INFO - Processing /opt/airflow/dags/dag_tomorrowio.py took 0.390 seconds
[2026-07-01T02:22:43.364+0000] {processor.py:161} INFO - Started process (PID=28651) to work on /opt/airflow/dags/dag_tomorrowio.py
[2026-07-01T02:22:43.365+0000] {processor.py:830} INFO - Processing file /opt/airflow/dags/dag_tomorrowio.py for tasks to queue
[2026-07-01T02:22:43.366+0000] {logging_mixin.py:188} INFO - [2026-07-01T02:22:43.365+0000] {dagbag.py:545} INFO - Filling up the DagBag from /opt/airflow/dags/dag_tomorrowio.py
[2026-07-01T02:22:43.726+0000] {processor.py:840} INFO - DAG(s) 'tomorrowio_bronze_to_silver' retrieved from /opt/airflow/dags/dag_tomorrowio.py
[2026-07-01T02:22:43.740+0000] {logging_mixin.py:188} INFO - [2026-07-01T02:22:43.740+0000] {dag.py:3096} INFO - Sync 1 DAGs
[2026-07-01T02:22:43.751+0000] {logging_mixin.py:188} INFO - [2026-07-01T02:22:43.750+0000] {dag.py:3954} INFO - Setting next_dagrun for tomorrowio_bronze_to_silver to 2026-07-01 02:00:00+00:00, run_after=2026-07-01 03:00:00+00:00
[2026-07-01T02:22:43.756+0000] {processor.py:183} INFO - Processing /opt/airflow/dags/dag_tomorrowio.py took 0.406 seconds
[2026-07-01T02:23:14.406+0000] {processor.py:161} INFO - Started process (PID=28685) to work on /opt/airflow/dags/dag_tomorrowio.py
[2026-07-01T02:23:14.408+0000] {processor.py:830} INFO - Processing file /opt/airflow/dags/dag_tomorrowio.py for tasks to queue
[2026-07-01T02:23:14.413+0000] {logging_mixin.py:188} INFO - [2026-07-01T02:23:14.411+0000] {dagbag.py:545} INFO - Filling up the DagBag from /opt/airflow/dags/dag_tomorrowio.py
[2026-07-01T02:23:15.181+0000] {processor.py:840} INFO - DAG(s) 'tomorrowio_bronze_to_silver' retrieved from /opt/airflow/dags/dag_tomorrowio.py
[2026-07-01T02:23:15.217+0000] {logging_mixin.py:188} INFO - [2026-07-01T02:23:15.215+0000] {dag.py:3096} INFO - Sync 1 DAGs
[2026-07-01T02:23:15.237+0000] {logging_mixin.py:188} INFO - [2026-07-01T02:23:15.237+0000] {dag.py:3954} INFO - Setting next_dagrun for tomorrowio_bronze_to_silver to 2026-07-01 02:00:00+00:00, run_after=2026-07-01 03:00:00+00:00
[2026-07-01T02:23:15.247+0000] {processor.py:183} INFO - Processing /opt/airflow/dags/dag_tomorrowio.py took 0.860 seconds
[2026-07-01T02:23:45.925+0000] {processor.py:161} INFO - Started process (PID=28721) to work on /opt/airflow/dags/dag_tomorrowio.py
[2026-07-01T02:23:45.926+0000] {processor.py:830} INFO - Processing file /opt/airflow/dags/dag_tomorrowio.py for tasks to queue
[2026-07-01T02:23:45.926+0000] {logging_mixin.py:188} INFO - [2026-07-01T02:23:45.926+0000] {dagbag.py:545} INFO - Filling up the DagBag from /opt/airflow/dags/dag_tomorrowio.py
[2026-07-01T02:23:46.196+0000] {processor.py:840} INFO - DAG(s) 'tomorrowio_bronze_to_silver' retrieved from /opt/airflow/dags/dag_tomorrowio.py
[2026-07-01T02:23:46.207+0000] {logging_mixin.py:188} INFO - [2026-07-01T02:23:46.207+0000] {dag.py:3096} INFO - Sync 1 DAGs
[2026-07-01T02:23:46.216+0000] {logging_mixin.py:188} INFO - [2026-07-01T02:23:46.216+0000] {dag.py:3954} INFO - Setting next_dagrun for tomorrowio_bronze_to_silver to 2026-07-01 02:00:00+00:00, run_after=2026-07-01 03:00:00+00:00
[2026-07-01T02:23:46.224+0000] {processor.py:183} INFO - Processing /opt/airflow/dags/dag_tomorrowio.py took 0.304 seconds
[2026-07-01T02:24:16.995+0000] {processor.py:161} INFO - Started process (PID=28754) to work on /opt/airflow/dags/dag_tomorrowio.py
[2026-07-01T02:24:16.997+0000] {processor.py:830} INFO - Processing file /opt/airflow/dags/dag_tomorrowio.py for tasks to queue
[2026-07-01T02:24:16.997+0000] {logging_mixin.py:188} INFO - [2026-07-01T02:24:16.997+0000] {dagbag.py:545} INFO - Filling up the DagBag from /opt/airflow/dags/dag_tomorrowio.py
[2026-07-01T02:24:17.369+0000] {processor.py:840} INFO - DAG(s) 'tomorrowio_bronze_to_silver' retrieved from /opt/airflow/dags/dag_tomorrowio.py
[2026-07-01T02:24:17.384+0000] {logging_mixin.py:188} INFO - [2026-07-01T02:24:17.384+0000] {dag.py:3096} INFO - Sync 1 DAGs
[2026-07-01T02:24:17.392+0000] {logging_mixin.py:188} INFO - [2026-07-01T02:24:17.392+0000] {dag.py:3954} INFO - Setting next_dagrun for tomorrowio_bronze_to_silver to 2026-07-01 02:00:00+00:00, run_after=2026-07-01 03:00:00+00:00
[2026-07-01T02:24:17.399+0000] {processor.py:183} INFO - Processing /opt/airflow/dags/dag_tomorrowio.py took 0.412 seconds
[2026-07-01T02:24:48.073+0000] {processor.py:161} INFO - Started process (PID=28787) to work on /opt/airflow/dags/dag_tomorrowio.py
[2026-07-01T02:24:48.074+0000] {processor.py:830} INFO - Processing file /opt/airflow/dags/dag_tomorrowio.py for tasks to queue
[2026-07-01T02:24:48.075+0000] {logging_mixin.py:188} INFO - [2026-07-01T02:24:48.075+0000] {dagbag.py:545} INFO - Filling up the DagBag from /opt/airflow/dags/dag_tomorrowio.py
[2026-07-01T02:24:48.449+0000] {processor.py:840} INFO - DAG(s) 'tomorrowio_bronze_to_silver' retrieved from /opt/airflow/dags/dag_tomorrowio.py
[2026-07-01T02:24:48.462+0000] {logging_mixin.py:188} INFO - [2026-07-01T02:24:48.462+0000] {dag.py:3096} INFO - Sync 1 DAGs
[2026-07-01T02:24:48.470+0000] {logging_mixin.py:188} INFO - [2026-07-01T02:24:48.470+0000] {dag.py:3954} INFO - Setting next_dagrun for tomorrowio_bronze_to_silver to 2026-07-01 02:00:00+00:00, run_after=2026-07-01 03:00:00+00:00
[2026-07-01T02:24:48.477+0000] {processor.py:183} INFO - Processing /opt/airflow/dags/dag_tomorrowio.py took 0.419 seconds
[2026-07-01T02:25:19.158+0000] {processor.py:161} INFO - Started process (PID=28820) to work on /opt/airflow/dags/dag_tomorrowio.py
[2026-07-01T02:25:19.159+0000] {processor.py:830} INFO - Processing file /opt/airflow/dags/dag_tomorrowio.py for tasks to queue
[2026-07-01T02:25:19.160+0000] {logging_mixin.py:188} INFO - [2026-07-01T02:25:19.159+0000] {dagbag.py:545} INFO - Filling up the DagBag from /opt/airflow/dags/dag_tomorrowio.py
[2026-07-01T02:25:19.523+0000] {processor.py:840} INFO - DAG(s) 'tomorrowio_bronze_to_silver' retrieved from /opt/airflow/dags/dag_tomorrowio.py
[2026-07-01T02:25:19.535+0000] {logging_mixin.py:188} INFO - [2026-07-01T02:25:19.535+0000] {dag.py:3096} INFO - Sync 1 DAGs
[2026-07-01T02:25:19.543+0000] {logging_mixin.py:188} INFO - [2026-07-01T02:25:19.543+0000] {dag.py:3954} INFO - Setting next_dagrun for tomorrowio_bronze_to_silver to 2026-07-01 02:00:00+00:00, run_after=2026-07-01 03:00:00+00:00
[2026-07-01T02:25:19.549+0000] {processor.py:183} INFO - Processing /opt/airflow/dags/dag_tomorrowio.py took 0.398 seconds
[2026-07-01T02:25:50.101+0000] {processor.py:161} INFO - Started process (PID=28853) to work on /opt/airflow/dags/dag_tomorrowio.py
[2026-07-01T02:25:50.103+0000] {processor.py:830} INFO - Processing file /opt/airflow/dags/dag_tomorrowio.py for tasks to queue
[2026-07-01T02:25:50.105+0000] {logging_mixin.py:188} INFO - [2026-07-01T02:25:50.104+0000] {dagbag.py:545} INFO - Filling up the DagBag from /opt/airflow/dags/dag_tomorrowio.py
[2026-07-01T02:25:50.391+0000] {processor.py:840} INFO - DAG(s) 'tomorrowio_bronze_to_silver' retrieved from /opt/airflow/dags/dag_tomorrowio.py
[2026-07-01T02:25:50.402+0000] {logging_mixin.py:188} INFO - [2026-07-01T02:25:50.401+0000] {dag.py:3096} INFO - Sync 1 DAGs
[2026-07-01T02:25:50.409+0000] {logging_mixin.py:188} INFO - [2026-07-01T02:25:50.409+0000] {dag.py:3954} INFO - Setting next_dagrun for tomorrowio_bronze_to_silver to 2026-07-01 02:00:00+00:00, run_after=2026-07-01 03:00:00+00:00
[2026-07-01T02:25:50.415+0000] {processor.py:183} INFO - Processing /opt/airflow/dags/dag_tomorrowio.py took 0.325 seconds
[2026-07-01T02:26:21.010+0000] {processor.py:161} INFO - Started process (PID=28886) to work on /opt/airflow/dags/dag_tomorrowio.py
[2026-07-01T02:26:21.011+0000] {processor.py:830} INFO - Processing file /opt/airflow/dags/dag_tomorrowio.py for tasks to queue
[2026-07-01T02:26:21.012+0000] {logging_mixin.py:188} INFO - [2026-07-01T02:26:21.012+0000] {dagbag.py:545} INFO - Filling up the DagBag from /opt/airflow/dags/dag_tomorrowio.py
[2026-07-01T02:26:21.293+0000] {processor.py:840} INFO - DAG(s) 'tomorrowio_bronze_to_silver' retrieved from /opt/airflow/dags/dag_tomorrowio.py
[2026-07-01T02:26:21.304+0000] {logging_mixin.py:188} INFO - [2026-07-01T02:26:21.304+0000] {dag.py:3096} INFO - Sync 1 DAGs
[2026-07-01T02:26:21.314+0000] {logging_mixin.py:188} INFO - [2026-07-01T02:26:21.314+0000] {dag.py:3954} INFO - Setting next_dagrun for tomorrowio_bronze_to_silver to 2026-07-01 02:00:00+00:00, run_after=2026-07-01 03:00:00+00:00
[2026-07-01T02:26:21.321+0000] {processor.py:183} INFO - Processing /opt/airflow/dags/dag_tomorrowio.py took 0.313 seconds
[2026-07-01T02:26:52.015+0000] {processor.py:161} INFO - Started process (PID=28919) to work on /opt/airflow/dags/dag_tomorrowio.py
[2026-07-01T02:26:52.016+0000] {processor.py:830} INFO - Processing file /opt/airflow/dags/dag_tomorrowio.py for tasks to queue
[2026-07-01T02:26:52.017+0000] {logging_mixin.py:188} INFO - [2026-07-01T02:26:52.017+0000] {dagbag.py:545} INFO - Filling up the DagBag from /opt/airflow/dags/dag_tomorrowio.py
[2026-07-01T02:26:52.401+0000] {processor.py:840} INFO - DAG(s) 'tomorrowio_bronze_to_silver' retrieved from /opt/airflow/dags/dag_tomorrowio.py
[2026-07-01T02:26:52.411+0000] {logging_mixin.py:188} INFO - [2026-07-01T02:26:52.411+0000] {dag.py:3096} INFO - Sync 1 DAGs
[2026-07-01T02:26:52.419+0000] {logging_mixin.py:188} INFO - [2026-07-01T02:26:52.419+0000] {dag.py:3954} INFO - Setting next_dagrun for tomorrowio_bronze_to_silver to 2026-07-01 02:00:00+00:00, run_after=2026-07-01 03:00:00+00:00
[2026-07-01T02:26:52.425+0000] {processor.py:183} INFO - Processing /opt/airflow/dags/dag_tomorrowio.py took 0.419 seconds
[2026-07-01T02:27:23.125+0000] {processor.py:161} INFO - Started process (PID=28952) to work on /opt/airflow/dags/dag_tomorrowio.py
[2026-07-01T02:27:23.126+0000] {processor.py:830} INFO - Processing file /opt/airflow/dags/dag_tomorrowio.py for tasks to queue
[2026-07-01T02:27:23.127+0000] {logging_mixin.py:188} INFO - [2026-07-01T02:27:23.126+0000] {dagbag.py:545} INFO - Filling up the DagBag from /opt/airflow/dags/dag_tomorrowio.py
[2026-07-01T02:27:23.493+0000] {processor.py:840} INFO - DAG(s) 'tomorrowio_bronze_to_silver' retrieved from /opt/airflow/dags/dag_tomorrowio.py
[2026-07-01T02:27:23.511+0000] {logging_mixin.py:188} INFO - [2026-07-01T02:27:23.511+0000] {dag.py:3096} INFO - Sync 1 DAGs
[2026-07-01T02:27:23.520+0000] {logging_mixin.py:188} INFO - [2026-07-01T02:27:23.520+0000] {dag.py:3954} INFO - Setting next_dagrun for tomorrowio_bronze_to_silver to 2026-07-01 02:00:00+00:00, run_after=2026-07-01 03:00:00+00:00
[2026-07-01T02:27:23.526+0000] {processor.py:183} INFO - Processing /opt/airflow/dags/dag_tomorrowio.py took 0.421 seconds
[2026-07-01T02:27:54.083+0000] {processor.py:161} INFO - Started process (PID=28985) to work on /opt/airflow/dags/dag_tomorrowio.py
[2026-07-01T02:27:54.084+0000] {processor.py:830} INFO - Processing file /opt/airflow/dags/dag_tomorrowio.py for tasks to queue
[2026-07-01T02:27:54.085+0000] {logging_mixin.py:188} INFO - [2026-07-01T02:27:54.085+0000] {dagbag.py:545} INFO - Filling up the DagBag from /opt/airflow/dags/dag_tomorrowio.py
[2026-07-01T02:27:54.372+0000] {processor.py:840} INFO - DAG(s) 'tomorrowio_bronze_to_silver' retrieved from /opt/airflow/dags/dag_tomorrowio.py
[2026-07-01T02:27:54.381+0000] {logging_mixin.py:188} INFO - [2026-07-01T02:27:54.381+0000] {dag.py:3096} INFO - Sync 1 DAGs
[2026-07-01T02:27:54.389+0000] {logging_mixin.py:188} INFO - [2026-07-01T02:27:54.389+0000] {dag.py:3954} INFO - Setting next_dagrun for tomorrowio_bronze_to_silver to 2026-07-01 02:00:00+00:00, run_after=2026-07-01 03:00:00+00:00
[2026-07-01T02:27:54.395+0000] {processor.py:183} INFO - Processing /opt/airflow/dags/dag_tomorrowio.py took 0.320 seconds
[2026-07-01T02:28:25.040+0000] {processor.py:161} INFO - Started process (PID=29018) to work on /opt/airflow/dags/dag_tomorrowio.py
[2026-07-01T02:28:25.041+0000] {processor.py:830} INFO - Processing file /opt/airflow/dags/dag_tomorrowio.py for tasks to queue
[2026-07-01T02:28:25.041+0000] {logging_mixin.py:188} INFO - [2026-07-01T02:28:25.041+0000] {dagbag.py:545} INFO - Filling up the DagBag from /opt/airflow/dags/dag_tomorrowio.py
[2026-07-01T02:28:25.407+0000] {processor.py:840} INFO - DAG(s) 'tomorrowio_bronze_to_silver' retrieved from /opt/airflow/dags/dag_tomorrowio.py
[2026-07-01T02:28:25.416+0000] {logging_mixin.py:188} INFO - [2026-07-01T02:28:25.416+0000] {dag.py:3096} INFO - Sync 1 DAGs
[2026-07-01T02:28:25.426+0000] {logging_mixin.py:188} INFO - [2026-07-01T02:28:25.426+0000] {dag.py:3954} INFO - Setting next_dagrun for tomorrowio_bronze_to_silver to 2026-07-01 02:00:00+00:00, run_after=2026-07-01 03:00:00+00:00
[2026-07-01T02:28:25.434+0000] {processor.py:183} INFO - Processing /opt/airflow/dags/dag_tomorrowio.py took 0.402 seconds
[2026-07-01T02:28:56.086+0000] {processor.py:161} INFO - Started process (PID=29051) to work on /opt/airflow/dags/dag_tomorrowio.py
[2026-07-01T02:28:56.087+0000] {processor.py:830} INFO - Processing file /opt/airflow/dags/dag_tomorrowio.py for tasks to queue
[2026-07-01T02:28:56.088+0000] {logging_mixin.py:188} INFO - [2026-07-01T02:28:56.087+0000] {dagbag.py:545} INFO - Filling up the DagBag from /opt/airflow/dags/dag_tomorrowio.py
[2026-07-01T02:28:56.331+0000] {processor.py:840} INFO - DAG(s) 'tomorrowio_bronze_to_silver' retrieved from /opt/airflow/dags/dag_tomorrowio.py
[2026-07-01T02:28:56.345+0000] {logging_mixin.py:188} INFO - [2026-07-01T02:28:56.345+0000] {dag.py:3096} INFO - Sync 1 DAGs
[2026-07-01T02:28:56.355+0000] {logging_mixin.py:188} INFO - [2026-07-01T02:28:56.355+0000] {dag.py:3954} INFO - Setting next_dagrun for tomorrowio_bronze_to_silver to 2026-07-01 02:00:00+00:00, run_after=2026-07-01 03:00:00+00:00
[2026-07-01T02:28:56.363+0000] {processor.py:183} INFO - Processing /opt/airflow/dags/dag_tomorrowio.py took 0.285 seconds
[2026-07-01T02:33:22.659+0000] {processor.py:161} INFO - Started process (PID=29082) to work on /opt/airflow/dags/dag_tomorrowio.py
[2026-07-01T02:33:22.660+0000] {processor.py:830} INFO - Processing file /opt/airflow/dags/dag_tomorrowio.py for tasks to queue
[2026-07-01T02:33:22.661+0000] {logging_mixin.py:188} INFO - [2026-07-01T02:33:22.661+0000] {dagbag.py:545} INFO - Filling up the DagBag from /opt/airflow/dags/dag_tomorrowio.py
[2026-07-01T02:33:22.973+0000] {processor.py:840} INFO - DAG(s) 'tomorrowio_bronze_to_silver' retrieved from /opt/airflow/dags/dag_tomorrowio.py
[2026-07-01T02:33:22.988+0000] {logging_mixin.py:188} INFO - [2026-07-01T02:33:22.988+0000] {dag.py:3096} INFO - Sync 1 DAGs
[2026-07-01T02:33:23.003+0000] {logging_mixin.py:188} INFO - [2026-07-01T02:33:23.003+0000] {dag.py:3954} INFO - Setting next_dagrun for tomorrowio_bronze_to_silver to 2026-07-01 02:00:00+00:00, run_after=2026-07-01 03:00:00+00:00
[2026-07-01T02:33:23.011+0000] {processor.py:183} INFO - Processing /opt/airflow/dags/dag_tomorrowio.py took 0.362 seconds
[2026-07-01T02:33:53.752+0000] {processor.py:161} INFO - Started process (PID=29114) to work on /opt/airflow/dags/dag_tomorrowio.py
[2026-07-01T02:33:53.753+0000] {processor.py:830} INFO - Processing file /opt/airflow/dags/dag_tomorrowio.py for tasks to queue
[2026-07-01T02:33:53.757+0000] {logging_mixin.py:188} INFO - [2026-07-01T02:33:53.755+0000] {dagbag.py:545} INFO - Filling up the DagBag from /opt/airflow/dags/dag_tomorrowio.py
[2026-07-01T02:33:54.085+0000] {processor.py:840} INFO - DAG(s) 'tomorrowio_bronze_to_silver' retrieved from /opt/airflow/dags/dag_tomorrowio.py
[2026-07-01T02:33:54.102+0000] {logging_mixin.py:188} INFO - [2026-07-01T02:33:54.102+0000] {dag.py:3096} INFO - Sync 1 DAGs
[2026-07-01T02:33:54.114+0000] {logging_mixin.py:188} INFO - [2026-07-01T02:33:54.114+0000] {dag.py:3954} INFO - Setting next_dagrun for tomorrowio_bronze_to_silver to 2026-07-01 02:00:00+00:00, run_after=2026-07-01 03:00:00+00:00
[2026-07-01T02:33:54.122+0000] {processor.py:183} INFO - Processing /opt/airflow/dags/dag_tomorrowio.py took 0.378 seconds
[2026-07-01T02:43:56.429+0000] {processor.py:161} INFO - Started process (PID=29146) to work on /opt/airflow/dags/dag_tomorrowio.py
[2026-07-01T02:43:56.432+0000] {processor.py:830} INFO - Processing file /opt/airflow/dags/dag_tomorrowio.py for tasks to queue
[2026-07-01T02:43:56.433+0000] {logging_mixin.py:188} INFO - [2026-07-01T02:43:56.432+0000] {dagbag.py:545} INFO - Filling up the DagBag from /opt/airflow/dags/dag_tomorrowio.py
[2026-07-01T02:43:56.805+0000] {processor.py:840} INFO - DAG(s) 'tomorrowio_bronze_to_silver' retrieved from /opt/airflow/dags/dag_tomorrowio.py
[2026-07-01T02:43:56.820+0000] {logging_mixin.py:188} INFO - [2026-07-01T02:43:56.820+0000] {dag.py:3096} INFO - Sync 1 DAGs
[2026-07-01T02:43:56.831+0000] {logging_mixin.py:188} INFO - [2026-07-01T02:43:56.831+0000] {dag.py:3954} INFO - Setting next_dagrun for tomorrowio_bronze_to_silver to 2026-07-01 02:00:00+00:00, run_after=2026-07-01 03:00:00+00:00
[2026-07-01T02:43:56.841+0000] {processor.py:183} INFO - Processing /opt/airflow/dags/dag_tomorrowio.py took 0.421 seconds
[2026-07-01T02:57:59.887+0000] {processor.py:161} INFO - Started process (PID=29180) to work on /opt/airflow/dags/dag_tomorrowio.py
[2026-07-01T02:57:59.888+0000] {processor.py:830} INFO - Processing file /opt/airflow/dags/dag_tomorrowio.py for tasks to queue
[2026-07-01T02:57:59.889+0000] {logging_mixin.py:188} INFO - [2026-07-01T02:57:59.888+0000] {dagbag.py:545} INFO - Filling up the DagBag from /opt/airflow/dags/dag_tomorrowio.py
[2026-07-01T02:58:02.960+0000] {processor.py:840} INFO - DAG(s) 'tomorrowio_bronze_to_silver' retrieved from /opt/airflow/dags/dag_tomorrowio.py
[2026-07-01T02:58:03.070+0000] {logging_mixin.py:188} INFO - [2026-07-01T02:58:03.068+0000] {dag.py:3096} INFO - Sync 1 DAGs
[2026-07-01T02:58:03.192+0000] {logging_mixin.py:188} INFO - [2026-07-01T02:58:03.192+0000] {dag.py:3954} INFO - Setting next_dagrun for tomorrowio_bronze_to_silver to 2026-07-01 02:00:00+00:00, run_after=2026-07-01 03:00:00+00:00
[2026-07-01T02:58:03.752+0000] {processor.py:183} INFO - Processing /opt/airflow/dags/dag_tomorrowio.py took 3.871 seconds
[2026-07-01T02:58:34.238+0000] {processor.py:161} INFO - Started process (PID=29216) to work on /opt/airflow/dags/dag_tomorrowio.py
[2026-07-01T02:58:34.245+0000] {processor.py:830} INFO - Processing file /opt/airflow/dags/dag_tomorrowio.py for tasks to queue
[2026-07-01T02:58:34.246+0000] {logging_mixin.py:188} INFO - [2026-07-01T02:58:34.245+0000] {dagbag.py:545} INFO - Filling up the DagBag from /opt/airflow/dags/dag_tomorrowio.py
[2026-07-01T02:58:35.162+0000] {processor.py:840} INFO - DAG(s) 'tomorrowio_bronze_to_silver' retrieved from /opt/airflow/dags/dag_tomorrowio.py
[2026-07-01T02:58:35.197+0000] {logging_mixin.py:188} INFO - [2026-07-01T02:58:35.196+0000] {dag.py:3096} INFO - Sync 1 DAGs
[2026-07-01T02:58:35.221+0000] {logging_mixin.py:188} INFO - [2026-07-01T02:58:35.221+0000] {dag.py:3954} INFO - Setting next_dagrun for tomorrowio_bronze_to_silver to 2026-07-01 02:00:00+00:00, run_after=2026-07-01 03:00:00+00:00
[2026-07-01T02:58:35.233+0000] {processor.py:183} INFO - Processing /opt/airflow/dags/dag_tomorrowio.py took 1.042 seconds
[2026-07-01T02:59:05.714+0000] {processor.py:161} INFO - Started process (PID=29249) to work on /opt/airflow/dags/dag_tomorrowio.py
[2026-07-01T02:59:05.715+0000] {processor.py:830} INFO - Processing file /opt/airflow/dags/dag_tomorrowio.py for tasks to queue
[2026-07-01T02:59:05.716+0000] {logging_mixin.py:188} INFO - [2026-07-01T02:59:05.716+0000] {dagbag.py:545} INFO - Filling up the DagBag from /opt/airflow/dags/dag_tomorrowio.py
[2026-07-01T02:59:06.034+0000] {processor.py:840} INFO - DAG(s) 'tomorrowio_bronze_to_silver' retrieved from /opt/airflow/dags/dag_tomorrowio.py
[2026-07-01T02:59:06.047+0000] {logging_mixin.py:188} INFO - [2026-07-01T02:59:06.047+0000] {dag.py:3096} INFO - Sync 1 DAGs
[2026-07-01T02:59:06.057+0000] {logging_mixin.py:188} INFO - [2026-07-01T02:59:06.056+0000] {dag.py:3954} INFO - Setting next_dagrun for tomorrowio_bronze_to_silver to 2026-07-01 02:00:00+00:00, run_after=2026-07-01 03:00:00+00:00
[2026-07-01T02:59:06.063+0000] {processor.py:183} INFO - Processing /opt/airflow/dags/dag_tomorrowio.py took 0.357 seconds
[2026-07-01T02:59:36.611+0000] {processor.py:161} INFO - Started process (PID=29282) to work on /opt/airflow/dags/dag_tomorrowio.py
[2026-07-01T02:59:36.612+0000] {processor.py:830} INFO - Processing file /opt/airflow/dags/dag_tomorrowio.py for tasks to queue
[2026-07-01T02:59:36.612+0000] {logging_mixin.py:188} INFO - [2026-07-01T02:59:36.612+0000] {dagbag.py:545} INFO - Filling up the DagBag from /opt/airflow/dags/dag_tomorrowio.py
[2026-07-01T02:59:36.992+0000] {processor.py:840} INFO - DAG(s) 'tomorrowio_bronze_to_silver' retrieved from /opt/airflow/dags/dag_tomorrowio.py
[2026-07-01T02:59:37.003+0000] {logging_mixin.py:188} INFO - [2026-07-01T02:59:37.002+0000] {dag.py:3096} INFO - Sync 1 DAGs
[2026-07-01T02:59:37.010+0000] {logging_mixin.py:188} INFO - [2026-07-01T02:59:37.010+0000] {dag.py:3954} INFO - Setting next_dagrun for tomorrowio_bronze_to_silver to 2026-07-01 02:00:00+00:00, run_after=2026-07-01 03:00:00+00:00
[2026-07-01T02:59:37.016+0000] {processor.py:183} INFO - Processing /opt/airflow/dags/dag_tomorrowio.py took 0.412 seconds
[2026-07-01T03:00:07.212+0000] {processor.py:161} INFO - Started process (PID=29331) to work on /opt/airflow/dags/dag_tomorrowio.py
[2026-07-01T03:00:07.215+0000] {processor.py:830} INFO - Processing file /opt/airflow/dags/dag_tomorrowio.py for tasks to queue
[2026-07-01T03:00:07.216+0000] {logging_mixin.py:188} INFO - [2026-07-01T03:00:07.215+0000] {dagbag.py:545} INFO - Filling up the DagBag from /opt/airflow/dags/dag_tomorrowio.py
[2026-07-01T03:00:07.603+0000] {processor.py:840} INFO - DAG(s) 'tomorrowio_bronze_to_silver' retrieved from /opt/airflow/dags/dag_tomorrowio.py
[2026-07-01T03:00:07.614+0000] {logging_mixin.py:188} INFO - [2026-07-01T03:00:07.614+0000] {dag.py:3096} INFO - Sync 1 DAGs
[2026-07-01T03:00:07.622+0000] {logging_mixin.py:188} INFO - [2026-07-01T03:00:07.622+0000] {dag.py:3954} INFO - Setting next_dagrun for tomorrowio_bronze_to_silver to 2026-07-01 03:00:00+00:00, run_after=2026-07-01 04:00:00+00:00
[2026-07-01T03:00:07.629+0000] {processor.py:183} INFO - Processing /opt/airflow/dags/dag_tomorrowio.py took 0.427 seconds
[2026-07-01T03:00:38.367+0000] {processor.py:161} INFO - Started process (PID=29370) to work on /opt/airflow/dags/dag_tomorrowio.py
[2026-07-01T03:00:38.370+0000] {processor.py:830} INFO - Processing file /opt/airflow/dags/dag_tomorrowio.py for tasks to queue
[2026-07-01T03:00:38.371+0000] {logging_mixin.py:188} INFO - [2026-07-01T03:00:38.371+0000] {dagbag.py:545} INFO - Filling up the DagBag from /opt/airflow/dags/dag_tomorrowio.py
[2026-07-01T03:00:38.773+0000] {processor.py:840} INFO - DAG(s) 'tomorrowio_bronze_to_silver' retrieved from /opt/airflow/dags/dag_tomorrowio.py
[2026-07-01T03:00:38.796+0000] {logging_mixin.py:188} INFO - [2026-07-01T03:00:38.796+0000] {dag.py:3096} INFO - Sync 1 DAGs
[2026-07-01T03:00:38.808+0000] {logging_mixin.py:188} INFO - [2026-07-01T03:00:38.807+0000] {dag.py:3954} INFO - Setting next_dagrun for tomorrowio_bronze_to_silver to 2026-07-01 03:00:00+00:00, run_after=2026-07-01 04:00:00+00:00
[2026-07-01T03:00:38.820+0000] {processor.py:183} INFO - Processing /opt/airflow/dags/dag_tomorrowio.py took 0.460 seconds
[2026-07-01T03:01:09.715+0000] {processor.py:161} INFO - Started process (PID=29403) to work on /opt/airflow/dags/dag_tomorrowio.py
[2026-07-01T03:01:09.720+0000] {processor.py:830} INFO - Processing file /opt/airflow/dags/dag_tomorrowio.py for tasks to queue
[2026-07-01T03:01:09.722+0000] {logging_mixin.py:188} INFO - [2026-07-01T03:01:09.721+0000] {dagbag.py:545} INFO - Filling up the DagBag from /opt/airflow/dags/dag_tomorrowio.py
[2026-07-01T03:01:10.222+0000] {processor.py:840} INFO - DAG(s) 'tomorrowio_bronze_to_silver' retrieved from /opt/airflow/dags/dag_tomorrowio.py
[2026-07-01T03:01:10.243+0000] {logging_mixin.py:188} INFO - [2026-07-01T03:01:10.242+0000] {dag.py:3096} INFO - Sync 1 DAGs
[2026-07-01T03:01:10.252+0000] {logging_mixin.py:188} INFO - [2026-07-01T03:01:10.252+0000] {dag.py:3954} INFO - Setting next_dagrun for tomorrowio_bronze_to_silver to 2026-07-01 03:00:00+00:00, run_after=2026-07-01 04:00:00+00:00
[2026-07-01T03:01:10.259+0000] {processor.py:183} INFO - Processing /opt/airflow/dags/dag_tomorrowio.py took 0.554 seconds
[2026-07-01T03:01:40.924+0000] {processor.py:161} INFO - Started process (PID=29436) to work on /opt/airflow/dags/dag_tomorrowio.py
[2026-07-01T03:01:40.927+0000] {processor.py:830} INFO - Processing file /opt/airflow/dags/dag_tomorrowio.py for tasks to queue
[2026-07-01T03:01:40.929+0000] {logging_mixin.py:188} INFO - [2026-07-01T03:01:40.928+0000] {dagbag.py:545} INFO - Filling up the DagBag from /opt/airflow/dags/dag_tomorrowio.py
[2026-07-01T03:01:41.346+0000] {processor.py:840} INFO - DAG(s) 'tomorrowio_bronze_to_silver' retrieved from /opt/airflow/dags/dag_tomorrowio.py
[2026-07-01T03:01:41.364+0000] {logging_mixin.py:188} INFO - [2026-07-01T03:01:41.364+0000] {dag.py:3096} INFO - Sync 1 DAGs
[2026-07-01T03:01:41.376+0000] {logging_mixin.py:188} INFO - [2026-07-01T03:01:41.376+0000] {dag.py:3954} INFO - Setting next_dagrun for tomorrowio_bronze_to_silver to 2026-07-01 03:00:00+00:00, run_after=2026-07-01 04:00:00+00:00
[2026-07-01T03:01:41.386+0000] {processor.py:183} INFO - Processing /opt/airflow/dags/dag_tomorrowio.py took 0.474 seconds
[2026-07-01T03:02:11.976+0000] {processor.py:161} INFO - Started process (PID=29476) to work on /opt/airflow/dags/dag_tomorrowio.py
[2026-07-01T03:02:11.978+0000] {processor.py:830} INFO - Processing file /opt/airflow/dags/dag_tomorrowio.py for tasks to queue
[2026-07-01T03:02:11.979+0000] {logging_mixin.py:188} INFO - [2026-07-01T03:02:11.978+0000] {dagbag.py:545} INFO - Filling up the DagBag from /opt/airflow/dags/dag_tomorrowio.py
[2026-07-01T03:02:12.320+0000] {processor.py:840} INFO - DAG(s) 'tomorrowio_bronze_to_silver' retrieved from /opt/airflow/dags/dag_tomorrowio.py
[2026-07-01T03:02:12.334+0000] {logging_mixin.py:188} INFO - [2026-07-01T03:02:12.334+0000] {dag.py:3096} INFO - Sync 1 DAGs
[2026-07-01T03:02:12.345+0000] {logging_mixin.py:188} INFO - [2026-07-01T03:02:12.345+0000] {dag.py:3954} INFO - Setting next_dagrun for tomorrowio_bronze_to_silver to 2026-07-01 03:00:00+00:00, run_after=2026-07-01 04:00:00+00:00
[2026-07-01T03:02:12.352+0000] {processor.py:183} INFO - Processing /opt/airflow/dags/dag_tomorrowio.py took 0.384 seconds
[2026-07-01T03:02:42.826+0000] {processor.py:161} INFO - Started process (PID=29509) to work on /opt/airflow/dags/dag_tomorrowio.py
[2026-07-01T03:02:42.829+0000] {processor.py:830} INFO - Processing file /opt/airflow/dags/dag_tomorrowio.py for tasks to queue
[2026-07-01T03:02:42.831+0000] {logging_mixin.py:188} INFO - [2026-07-01T03:02:42.831+0000] {dagbag.py:545} INFO - Filling up the DagBag from /opt/airflow/dags/dag_tomorrowio.py
[2026-07-01T03:02:43.325+0000] {processor.py:840} INFO - DAG(s) 'tomorrowio_bronze_to_silver' retrieved from /opt/airflow/dags/dag_tomorrowio.py
[2026-07-01T03:02:43.340+0000] {logging_mixin.py:188} INFO - [2026-07-01T03:02:43.340+0000] {dag.py:3096} INFO - Sync 1 DAGs
[2026-07-01T03:02:43.358+0000] {logging_mixin.py:188} INFO - [2026-07-01T03:02:43.358+0000] {dag.py:3954} INFO - Setting next_dagrun for tomorrowio_bronze_to_silver to 2026-07-01 03:00:00+00:00, run_after=2026-07-01 04:00:00+00:00
[2026-07-01T03:02:43.367+0000] {processor.py:183} INFO - Processing /opt/airflow/dags/dag_tomorrowio.py took 0.551 seconds
[2026-07-01T03:03:14.106+0000] {processor.py:161} INFO - Started process (PID=29542) to work on /opt/airflow/dags/dag_tomorrowio.py
[2026-07-01T03:03:14.106+0000] {processor.py:830} INFO - Processing file /opt/airflow/dags/dag_tomorrowio.py for tasks to queue
[2026-07-01T03:03:14.107+0000] {logging_mixin.py:188} INFO - [2026-07-01T03:03:14.107+0000] {dagbag.py:545} INFO - Filling up the DagBag from /opt/airflow/dags/dag_tomorrowio.py
[2026-07-01T03:03:14.395+0000] {processor.py:840} INFO - DAG(s) 'tomorrowio_bronze_to_silver' retrieved from /opt/airflow/dags/dag_tomorrowio.py
[2026-07-01T03:03:14.404+0000] {logging_mixin.py:188} INFO - [2026-07-01T03:03:14.404+0000] {dag.py:3096} INFO - Sync 1 DAGs
[2026-07-01T03:03:14.412+0000] {logging_mixin.py:188} INFO - [2026-07-01T03:03:14.412+0000] {dag.py:3954} INFO - Setting next_dagrun for tomorrowio_bronze_to_silver to 2026-07-01 03:00:00+00:00, run_after=2026-07-01 04:00:00+00:00
[2026-07-01T03:03:14.419+0000] {processor.py:183} INFO - Processing /opt/airflow/dags/dag_tomorrowio.py took 0.319 seconds
[2026-07-01T03:03:44.818+0000] {processor.py:161} INFO - Started process (PID=29575) to work on /opt/airflow/dags/dag_tomorrowio.py
[2026-07-01T03:03:44.819+0000] {processor.py:830} INFO - Processing file /opt/airflow/dags/dag_tomorrowio.py for tasks to queue
[2026-07-01T03:03:44.820+0000] {logging_mixin.py:188} INFO - [2026-07-01T03:03:44.819+0000] {dagbag.py:545} INFO - Filling up the DagBag from /opt/airflow/dags/dag_tomorrowio.py
[2026-07-01T03:03:45.188+0000] {processor.py:840} INFO - DAG(s) 'tomorrowio_bronze_to_silver' retrieved from /opt/airflow/dags/dag_tomorrowio.py
[2026-07-01T03:03:45.203+0000] {logging_mixin.py:188} INFO - [2026-07-01T03:03:45.203+0000] {dag.py:3096} INFO - Sync 1 DAGs
[2026-07-01T03:03:45.215+0000] {logging_mixin.py:188} INFO - [2026-07-01T03:03:45.215+0000] {dag.py:3954} INFO - Setting next_dagrun for tomorrowio_bronze_to_silver to 2026-07-01 03:00:00+00:00, run_after=2026-07-01 04:00:00+00:00
[2026-07-01T03:03:45.225+0000] {processor.py:183} INFO - Processing /opt/airflow/dags/dag_tomorrowio.py took 0.413 seconds
[2026-07-01T03:04:15.702+0000] {processor.py:161} INFO - Started process (PID=29608) to work on /opt/airflow/dags/dag_tomorrowio.py
[2026-07-01T03:04:15.703+0000] {processor.py:830} INFO - Processing file /opt/airflow/dags/dag_tomorrowio.py for tasks to queue
[2026-07-01T03:04:15.704+0000] {logging_mixin.py:188} INFO - [2026-07-01T03:04:15.703+0000] {dagbag.py:545} INFO - Filling up the DagBag from /opt/airflow/dags/dag_tomorrowio.py
[2026-07-01T03:04:15.951+0000] {processor.py:840} INFO - DAG(s) 'tomorrowio_bronze_to_silver' retrieved from /opt/airflow/dags/dag_tomorrowio.py
[2026-07-01T03:04:15.964+0000] {logging_mixin.py:188} INFO - [2026-07-01T03:04:15.963+0000] {dag.py:3096} INFO - Sync 1 DAGs
[2026-07-01T03:04:15.975+0000] {logging_mixin.py:188} INFO - [2026-07-01T03:04:15.975+0000] {dag.py:3954} INFO - Setting next_dagrun for tomorrowio_bronze_to_silver to 2026-07-01 03:00:00+00:00, run_after=2026-07-01 04:00:00+00:00
[2026-07-01T03:04:15.983+0000] {processor.py:183} INFO - Processing /opt/airflow/dags/dag_tomorrowio.py took 0.289 seconds
[2026-07-01T03:04:46.827+0000] {processor.py:161} INFO - Started process (PID=29641) to work on /opt/airflow/dags/dag_tomorrowio.py
[2026-07-01T03:04:46.830+0000] {processor.py:830} INFO - Processing file /opt/airflow/dags/dag_tomorrowio.py for tasks to queue
[2026-07-01T03:04:46.832+0000] {logging_mixin.py:188} INFO - [2026-07-01T03:04:46.831+0000] {dagbag.py:545} INFO - Filling up the DagBag from /opt/airflow/dags/dag_tomorrowio.py
[2026-07-01T03:04:47.227+0000] {processor.py:840} INFO - DAG(s) 'tomorrowio_bronze_to_silver' retrieved from /opt/airflow/dags/dag_tomorrowio.py
[2026-07-01T03:04:47.245+0000] {logging_mixin.py:188} INFO - [2026-07-01T03:04:47.244+0000] {dag.py:3096} INFO - Sync 1 DAGs
[2026-07-01T03:04:47.255+0000] {logging_mixin.py:188} INFO - [2026-07-01T03:04:47.254+0000] {dag.py:3954} INFO - Setting next_dagrun for tomorrowio_bronze_to_silver to 2026-07-01 03:00:00+00:00, run_after=2026-07-01 04:00:00+00:00
[2026-07-01T03:04:47.261+0000] {processor.py:183} INFO - Processing /opt/airflow/dags/dag_tomorrowio.py took 0.457 seconds
[2026-07-01T03:05:17.367+0000] {processor.py:161} INFO - Started process (PID=29678) to work on /opt/airflow/dags/dag_tomorrowio.py
[2026-07-01T03:05:17.369+0000] {processor.py:830} INFO - Processing file /opt/airflow/dags/dag_tomorrowio.py for tasks to queue
[2026-07-01T03:05:17.371+0000] {logging_mixin.py:188} INFO - [2026-07-01T03:05:17.371+0000] {dagbag.py:545} INFO - Filling up the DagBag from /opt/airflow/dags/dag_tomorrowio.py
[2026-07-01T03:05:17.806+0000] {processor.py:840} INFO - DAG(s) 'tomorrowio_bronze_to_silver' retrieved from /opt/airflow/dags/dag_tomorrowio.py
[2026-07-01T03:05:17.824+0000] {logging_mixin.py:188} INFO - [2026-07-01T03:05:17.824+0000] {dag.py:3096} INFO - Sync 1 DAGs
[2026-07-01T03:05:17.835+0000] {logging_mixin.py:188} INFO - [2026-07-01T03:05:17.835+0000] {dag.py:3954} INFO - Setting next_dagrun for tomorrowio_bronze_to_silver to 2026-07-01 03:00:00+00:00, run_after=2026-07-01 04:00:00+00:00
[2026-07-01T03:05:17.842+0000] {processor.py:183} INFO - Processing /opt/airflow/dags/dag_tomorrowio.py took 0.487 seconds
[2026-07-01T03:05:48.581+0000] {processor.py:161} INFO - Started process (PID=29711) to work on /opt/airflow/dags/dag_tomorrowio.py
[2026-07-01T03:05:48.583+0000] {processor.py:830} INFO - Processing file /opt/airflow/dags/dag_tomorrowio.py for tasks to queue
[2026-07-01T03:05:48.584+0000] {logging_mixin.py:188} INFO - [2026-07-01T03:05:48.584+0000] {dagbag.py:545} INFO - Filling up the DagBag from /opt/airflow/dags/dag_tomorrowio.py
[2026-07-01T03:05:48.991+0000] {processor.py:840} INFO - DAG(s) 'tomorrowio_bronze_to_silver' retrieved from /opt/airflow/dags/dag_tomorrowio.py
[2026-07-01T03:05:49.017+0000] {logging_mixin.py:188} INFO - [2026-07-01T03:05:49.017+0000] {dag.py:3096} INFO - Sync 1 DAGs
[2026-07-01T03:05:49.031+0000] {logging_mixin.py:188} INFO - [2026-07-01T03:05:49.031+0000] {dag.py:3954} INFO - Setting next_dagrun for tomorrowio_bronze_to_silver to 2026-07-01 03:00:00+00:00, run_after=2026-07-01 04:00:00+00:00
[2026-07-01T03:05:49.039+0000] {processor.py:183} INFO - Processing /opt/airflow/dags/dag_tomorrowio.py took 0.474 seconds
[2026-07-01T03:06:19.650+0000] {processor.py:161} INFO - Started process (PID=29744) to work on /opt/airflow/dags/dag_tomorrowio.py
[2026-07-01T03:06:19.651+0000] {processor.py:830} INFO - Processing file /opt/airflow/dags/dag_tomorrowio.py for tasks to queue
[2026-07-01T03:06:19.652+0000] {logging_mixin.py:188} INFO - [2026-07-01T03:06:19.652+0000] {dagbag.py:545} INFO - Filling up the DagBag from /opt/airflow/dags/dag_tomorrowio.py
[2026-07-01T03:06:20.004+0000] {processor.py:840} INFO - DAG(s) 'tomorrowio_bronze_to_silver' retrieved from /opt/airflow/dags/dag_tomorrowio.py
[2026-07-01T03:06:20.019+0000] {logging_mixin.py:188} INFO - [2026-07-01T03:06:20.019+0000] {dag.py:3096} INFO - Sync 1 DAGs
[2026-07-01T03:06:20.028+0000] {logging_mixin.py:188} INFO - [2026-07-01T03:06:20.028+0000] {dag.py:3954} INFO - Setting next_dagrun for tomorrowio_bronze_to_silver to 2026-07-01 03:00:00+00:00, run_after=2026-07-01 04:00:00+00:00
[2026-07-01T03:06:20.035+0000] {processor.py:183} INFO - Processing /opt/airflow/dags/dag_tomorrowio.py took 0.393 seconds
[2026-07-01T03:06:50.798+0000] {processor.py:161} INFO - Started process (PID=29781) to work on /opt/airflow/dags/dag_tomorrowio.py
[2026-07-01T03:06:50.800+0000] {processor.py:830} INFO - Processing file /opt/airflow/dags/dag_tomorrowio.py for tasks to queue
[2026-07-01T03:06:50.801+0000] {logging_mixin.py:188} INFO - [2026-07-01T03:06:50.801+0000] {dagbag.py:545} INFO - Filling up the DagBag from /opt/airflow/dags/dag_tomorrowio.py
[2026-07-01T03:06:51.280+0000] {processor.py:840} INFO - DAG(s) 'tomorrowio_bronze_to_silver' retrieved from /opt/airflow/dags/dag_tomorrowio.py
[2026-07-01T03:06:51.292+0000] {logging_mixin.py:188} INFO - [2026-07-01T03:06:51.292+0000] {dag.py:3096} INFO - Sync 1 DAGs
[2026-07-01T03:06:51.302+0000] {logging_mixin.py:188} INFO - [2026-07-01T03:06:51.302+0000] {dag.py:3954} INFO - Setting next_dagrun for tomorrowio_bronze_to_silver to 2026-07-01 03:00:00+00:00, run_after=2026-07-01 04:00:00+00:00
[2026-07-01T03:06:51.310+0000] {processor.py:183} INFO - Processing /opt/airflow/dags/dag_tomorrowio.py took 0.543 seconds
[2026-07-01T03:10:32.976+0000] {processor.py:161} INFO - Started process (PID=218) to work on /opt/airflow/dags/dag_tomorrowio.py
[2026-07-01T03:10:32.977+0000] {processor.py:830} INFO - Processing file /opt/airflow/dags/dag_tomorrowio.py for tasks to queue
[2026-07-01T03:10:32.978+0000] {logging_mixin.py:188} INFO - [2026-07-01T03:10:32.977+0000] {dagbag.py:545} INFO - Filling up the DagBag from /opt/airflow/dags/dag_tomorrowio.py
[2026-07-01T03:10:33.931+0000] {processor.py:840} INFO - DAG(s) 'tomorrowio_bronze_to_silver' retrieved from /opt/airflow/dags/dag_tomorrowio.py
[2026-07-01T03:10:34.004+0000] {logging_mixin.py:188} INFO - [2026-07-01T03:10:34.003+0000] {dag.py:3096} INFO - Sync 1 DAGs
[2026-07-01T03:10:34.202+0000] {logging_mixin.py:188} INFO - [2026-07-01T03:10:34.202+0000] {dag.py:3954} INFO - Setting next_dagrun for tomorrowio_bronze_to_silver to 2026-07-01 02:00:00+00:00, run_after=2026-07-01 03:00:00+00:00
[2026-07-01T03:10:34.210+0000] {processor.py:183} INFO - Processing /opt/airflow/dags/dag_tomorrowio.py took 1.240 seconds
[2026-07-01T03:11:04.934+0000] {processor.py:161} INFO - Started process (PID=321) to work on /opt/airflow/dags/dag_tomorrowio.py
[2026-07-01T03:11:04.935+0000] {processor.py:830} INFO - Processing file /opt/airflow/dags/dag_tomorrowio.py for tasks to queue
[2026-07-01T03:11:04.936+0000] {logging_mixin.py:188} INFO - [2026-07-01T03:11:04.936+0000] {dagbag.py:545} INFO - Filling up the DagBag from /opt/airflow/dags/dag_tomorrowio.py
[2026-07-01T03:11:05.291+0000] {processor.py:840} INFO - DAG(s) 'tomorrowio_bronze_to_silver' retrieved from /opt/airflow/dags/dag_tomorrowio.py
[2026-07-01T03:11:05.320+0000] {logging_mixin.py:188} INFO - [2026-07-01T03:11:05.320+0000] {dag.py:3096} INFO - Sync 1 DAGs
[2026-07-01T03:11:05.342+0000] {logging_mixin.py:188} INFO - [2026-07-01T03:11:05.342+0000] {dag.py:3954} INFO - Setting next_dagrun for tomorrowio_bronze_to_silver to 2026-07-01 03:00:00+00:00, run_after=2026-07-01 04:00:00+00:00
[2026-07-01T03:11:05.352+0000] {processor.py:183} INFO - Processing /opt/airflow/dags/dag_tomorrowio.py took 0.423 seconds
[2026-07-01T03:11:35.757+0000] {processor.py:161} INFO - Started process (PID=354) to work on /opt/airflow/dags/dag_tomorrowio.py
[2026-07-01T03:11:35.758+0000] {processor.py:830} INFO - Processing file /opt/airflow/dags/dag_tomorrowio.py for tasks to queue
[2026-07-01T03:11:35.760+0000] {logging_mixin.py:188} INFO - [2026-07-01T03:11:35.760+0000] {dagbag.py:545} INFO - Filling up the DagBag from /opt/airflow/dags/dag_tomorrowio.py
[2026-07-01T03:11:36.029+0000] {processor.py:840} INFO - DAG(s) 'tomorrowio_bronze_to_silver' retrieved from /opt/airflow/dags/dag_tomorrowio.py
[2026-07-01T03:11:36.042+0000] {logging_mixin.py:188} INFO - [2026-07-01T03:11:36.042+0000] {dag.py:3096} INFO - Sync 1 DAGs
[2026-07-01T03:11:36.052+0000] {logging_mixin.py:188} INFO - [2026-07-01T03:11:36.052+0000] {dag.py:3954} INFO - Setting next_dagrun for tomorrowio_bronze_to_silver to 2026-07-01 03:00:00+00:00, run_after=2026-07-01 04:00:00+00:00
[2026-07-01T03:11:36.059+0000] {processor.py:183} INFO - Processing /opt/airflow/dags/dag_tomorrowio.py took 0.311 seconds
[2026-07-01T03:12:06.698+0000] {processor.py:161} INFO - Started process (PID=387) to work on /opt/airflow/dags/dag_tomorrowio.py
[2026-07-01T03:12:06.700+0000] {processor.py:830} INFO - Processing file /opt/airflow/dags/dag_tomorrowio.py for tasks to queue
[2026-07-01T03:12:06.701+0000] {logging_mixin.py:188} INFO - [2026-07-01T03:12:06.701+0000] {dagbag.py:545} INFO - Filling up the DagBag from /opt/airflow/dags/dag_tomorrowio.py
[2026-07-01T03:12:06.989+0000] {processor.py:840} INFO - DAG(s) 'tomorrowio_bronze_to_silver' retrieved from /opt/airflow/dags/dag_tomorrowio.py
[2026-07-01T03:12:07.003+0000] {logging_mixin.py:188} INFO - [2026-07-01T03:12:07.003+0000] {dag.py:3096} INFO - Sync 1 DAGs
[2026-07-01T03:12:07.015+0000] {logging_mixin.py:188} INFO - [2026-07-01T03:12:07.015+0000] {dag.py:3954} INFO - Setting next_dagrun for tomorrowio_bronze_to_silver to 2026-07-01 03:00:00+00:00, run_after=2026-07-01 04:00:00+00:00
[2026-07-01T03:12:07.023+0000] {processor.py:183} INFO - Processing /opt/airflow/dags/dag_tomorrowio.py took 0.333 seconds
[2026-07-01T03:12:37.763+0000] {processor.py:161} INFO - Started process (PID=420) to work on /opt/airflow/dags/dag_tomorrowio.py
[2026-07-01T03:12:37.764+0000] {processor.py:830} INFO - Processing file /opt/airflow/dags/dag_tomorrowio.py for tasks to queue
[2026-07-01T03:12:37.765+0000] {logging_mixin.py:188} INFO - [2026-07-01T03:12:37.765+0000] {dagbag.py:545} INFO - Filling up the DagBag from /opt/airflow/dags/dag_tomorrowio.py
[2026-07-01T03:12:38.145+0000] {processor.py:840} INFO - DAG(s) 'tomorrowio_bronze_to_silver' retrieved from /opt/airflow/dags/dag_tomorrowio.py
[2026-07-01T03:12:38.172+0000] {logging_mixin.py:188} INFO - [2026-07-01T03:12:38.172+0000] {dag.py:3096} INFO - Sync 1 DAGs
[2026-07-01T03:12:38.195+0000] {logging_mixin.py:188} INFO - [2026-07-01T03:12:38.195+0000] {dag.py:3954} INFO - Setting next_dagrun for tomorrowio_bronze_to_silver to 2026-07-01 03:00:00+00:00, run_after=2026-07-01 04:00:00+00:00
[2026-07-01T03:12:38.210+0000] {processor.py:183} INFO - Processing /opt/airflow/dags/dag_tomorrowio.py took 0.454 seconds
[2026-07-01T03:13:08.882+0000] {processor.py:161} INFO - Started process (PID=453) to work on /opt/airflow/dags/dag_tomorrowio.py
[2026-07-01T03:13:08.884+0000] {processor.py:830} INFO - Processing file /opt/airflow/dags/dag_tomorrowio.py for tasks to queue
[2026-07-01T03:13:08.885+0000] {logging_mixin.py:188} INFO - [2026-07-01T03:13:08.885+0000] {dagbag.py:545} INFO - Filling up the DagBag from /opt/airflow/dags/dag_tomorrowio.py
[2026-07-01T03:13:09.181+0000] {processor.py:840} INFO - DAG(s) 'tomorrowio_bronze_to_silver' retrieved from /opt/airflow/dags/dag_tomorrowio.py
[2026-07-01T03:13:09.194+0000] {logging_mixin.py:188} INFO - [2026-07-01T03:13:09.194+0000] {dag.py:3096} INFO - Sync 1 DAGs
[2026-07-01T03:13:09.207+0000] {logging_mixin.py:188} INFO - [2026-07-01T03:13:09.207+0000] {dag.py:3954} INFO - Setting next_dagrun for tomorrowio_bronze_to_silver to 2026-07-01 03:00:00+00:00, run_after=2026-07-01 04:00:00+00:00
[2026-07-01T03:13:09.224+0000] {processor.py:183} INFO - Processing /opt/airflow/dags/dag_tomorrowio.py took 0.350 seconds
[2026-07-01T03:13:26.655+0000] {processor.py:161} INFO - Started process (PID=481) to work on /opt/airflow/dags/dag_tomorrowio.py
[2026-07-01T03:13:26.657+0000] {processor.py:830} INFO - Processing file /opt/airflow/dags/dag_tomorrowio.py for tasks to queue
[2026-07-01T03:13:26.660+0000] {logging_mixin.py:188} INFO - [2026-07-01T03:13:26.660+0000] {dagbag.py:545} INFO - Filling up the DagBag from /opt/airflow/dags/dag_tomorrowio.py
[2026-07-01T03:13:26.957+0000] {processor.py:840} INFO - DAG(s) 'weather_tomorrowio_pipeline' retrieved from /opt/airflow/dags/dag_tomorrowio.py
[2026-07-01T03:13:27.148+0000] {logging_mixin.py:188} INFO - [2026-07-01T03:13:27.148+0000] {override.py:1829} INFO - Created Permission View: can edit on DAG:weather_tomorrowio_pipeline
[2026-07-01T03:13:27.151+0000] {logging_mixin.py:188} INFO - [2026-07-01T03:13:27.151+0000] {override.py:1829} INFO - Created Permission View: can read on DAG:weather_tomorrowio_pipeline
[2026-07-01T03:13:27.153+0000] {logging_mixin.py:188} INFO - [2026-07-01T03:13:27.153+0000] {override.py:1829} INFO - Created Permission View: can delete on DAG:weather_tomorrowio_pipeline
[2026-07-01T03:13:27.153+0000] {logging_mixin.py:188} INFO - [2026-07-01T03:13:27.153+0000] {dag.py:3096} INFO - Sync 1 DAGs
[2026-07-01T03:13:27.157+0000] {logging_mixin.py:188} INFO - [2026-07-01T03:13:27.157+0000] {dag.py:3118} INFO - Creating ORM DAG for weather_tomorrowio_pipeline
[2026-07-01T03:13:27.161+0000] {logging_mixin.py:188} INFO - [2026-07-01T03:13:27.161+0000] {dag.py:3954} INFO - Setting next_dagrun for weather_tomorrowio_pipeline to 2026-07-01 02:00:00+00:00, run_after=2026-07-01 03:00:00+00:00
[2026-07-01T03:13:27.169+0000] {processor.py:183} INFO - Processing /opt/airflow/dags/dag_tomorrowio.py took 0.522 seconds
[2026-07-01T03:13:52.087+0000] {processor.py:161} INFO - Started process (PID=514) to work on /opt/airflow/dags/dag_tomorrowio.py
[2026-07-01T03:13:52.088+0000] {processor.py:830} INFO - Processing file /opt/airflow/dags/dag_tomorrowio.py for tasks to queue
[2026-07-01T03:13:52.089+0000] {logging_mixin.py:188} INFO - [2026-07-01T03:13:52.089+0000] {dagbag.py:545} INFO - Filling up the DagBag from /opt/airflow/dags/dag_tomorrowio.py
[2026-07-01T03:13:52.311+0000] {processor.py:840} INFO - DAG(s) 'tomorrowio_bronze_to_silver' retrieved from /opt/airflow/dags/dag_tomorrowio.py
[2026-07-01T03:13:52.331+0000] {logging_mixin.py:188} INFO - [2026-07-01T03:13:52.331+0000] {dag.py:3096} INFO - Sync 1 DAGs
[2026-07-01T03:13:52.356+0000] {logging_mixin.py:188} INFO - [2026-07-01T03:13:52.356+0000] {dag.py:3954} INFO - Setting next_dagrun for tomorrowio_bronze_to_silver to 2026-07-01 03:00:00+00:00, run_after=2026-07-01 04:00:00+00:00
[2026-07-01T03:13:52.369+0000] {processor.py:183} INFO - Processing /opt/airflow/dags/dag_tomorrowio.py took 0.293 seconds
[2026-07-01T03:14:23.389+0000] {processor.py:161} INFO - Started process (PID=547) to work on /opt/airflow/dags/dag_tomorrowio.py
[2026-07-01T03:14:23.391+0000] {processor.py:830} INFO - Processing file /opt/airflow/dags/dag_tomorrowio.py for tasks to queue
[2026-07-01T03:14:23.391+0000] {logging_mixin.py:188} INFO - [2026-07-01T03:14:23.391+0000] {dagbag.py:545} INFO - Filling up the DagBag from /opt/airflow/dags/dag_tomorrowio.py
[2026-07-01T03:14:23.633+0000] {processor.py:840} INFO - DAG(s) 'tomorrowio_bronze_to_silver' retrieved from /opt/airflow/dags/dag_tomorrowio.py
[2026-07-01T03:14:23.646+0000] {logging_mixin.py:188} INFO - [2026-07-01T03:14:23.646+0000] {dag.py:3096} INFO - Sync 1 DAGs
[2026-07-01T03:14:23.658+0000] {logging_mixin.py:188} INFO - [2026-07-01T03:14:23.658+0000] {dag.py:3954} INFO - Setting next_dagrun for tomorrowio_bronze_to_silver to 2026-07-01 03:00:00+00:00, run_after=2026-07-01 04:00:00+00:00
[2026-07-01T03:14:23.665+0000] {processor.py:183} INFO - Processing /opt/airflow/dags/dag_tomorrowio.py took 0.283 seconds
[2026-07-01T03:14:53.715+0000] {processor.py:161} INFO - Started process (PID=580) to work on /opt/airflow/dags/dag_tomorrowio.py
[2026-07-01T03:14:53.720+0000] {processor.py:830} INFO - Processing file /opt/airflow/dags/dag_tomorrowio.py for tasks to queue
[2026-07-01T03:14:53.721+0000] {logging_mixin.py:188} INFO - [2026-07-01T03:14:53.720+0000] {dagbag.py:545} INFO - Filling up the DagBag from /opt/airflow/dags/dag_tomorrowio.py
[2026-07-01T03:14:53.993+0000] {processor.py:840} INFO - DAG(s) 'tomorrowio_bronze_to_silver' retrieved from /opt/airflow/dags/dag_tomorrowio.py
[2026-07-01T03:14:54.008+0000] {logging_mixin.py:188} INFO - [2026-07-01T03:14:54.007+0000] {dag.py:3096} INFO - Sync 1 DAGs
[2026-07-01T03:14:54.020+0000] {logging_mixin.py:188} INFO - [2026-07-01T03:14:54.020+0000] {dag.py:3954} INFO - Setting next_dagrun for tomorrowio_bronze_to_silver to 2026-07-01 03:00:00+00:00, run_after=2026-07-01 04:00:00+00:00
[2026-07-01T03:14:54.027+0000] {processor.py:183} INFO - Processing /opt/airflow/dags/dag_tomorrowio.py took 0.321 seconds
[2026-07-01T03:15:24.882+0000] {processor.py:161} INFO - Started process (PID=613) to work on /opt/airflow/dags/dag_tomorrowio.py
[2026-07-01T03:15:24.885+0000] {processor.py:830} INFO - Processing file /opt/airflow/dags/dag_tomorrowio.py for tasks to queue
[2026-07-01T03:15:24.886+0000] {logging_mixin.py:188} INFO - [2026-07-01T03:15:24.885+0000] {dagbag.py:545} INFO - Filling up the DagBag from /opt/airflow/dags/dag_tomorrowio.py
[2026-07-01T03:15:25.051+0000] {processor.py:840} INFO - DAG(s) 'tomorrowio_bronze_to_silver' retrieved from /opt/airflow/dags/dag_tomorrowio.py
[2026-07-01T03:15:25.064+0000] {logging_mixin.py:188} INFO - [2026-07-01T03:15:25.064+0000] {dag.py:3096} INFO - Sync 1 DAGs
[2026-07-01T03:15:25.072+0000] {logging_mixin.py:188} INFO - [2026-07-01T03:15:25.072+0000] {dag.py:3954} INFO - Setting next_dagrun for tomorrowio_bronze_to_silver to 2026-07-01 03:00:00+00:00, run_after=2026-07-01 04:00:00+00:00
[2026-07-01T03:15:25.079+0000] {processor.py:183} INFO - Processing /opt/airflow/dags/dag_tomorrowio.py took 0.202 seconds
[2026-07-01T03:15:55.883+0000] {processor.py:161} INFO - Started process (PID=675) to work on /opt/airflow/dags/dag_tomorrowio.py
[2026-07-01T03:15:55.885+0000] {processor.py:830} INFO - Processing file /opt/airflow/dags/dag_tomorrowio.py for tasks to queue
[2026-07-01T03:15:55.886+0000] {logging_mixin.py:188} INFO - [2026-07-01T03:15:55.885+0000] {dagbag.py:545} INFO - Filling up the DagBag from /opt/airflow/dags/dag_tomorrowio.py
[2026-07-01T03:15:56.137+0000] {processor.py:840} INFO - DAG(s) 'tomorrowio_bronze_to_silver' retrieved from /opt/airflow/dags/dag_tomorrowio.py
[2026-07-01T03:15:56.153+0000] {logging_mixin.py:188} INFO - [2026-07-01T03:15:56.153+0000] {dag.py:3096} INFO - Sync 1 DAGs
[2026-07-01T03:15:56.178+0000] {logging_mixin.py:188} INFO - [2026-07-01T03:15:56.177+0000] {dag.py:3954} INFO - Setting next_dagrun for tomorrowio_bronze_to_silver to 2026-07-01 03:00:00+00:00, run_after=2026-07-01 04:00:00+00:00
[2026-07-01T03:15:56.194+0000] {processor.py:183} INFO - Processing /opt/airflow/dags/dag_tomorrowio.py took 0.322 seconds
[2026-07-01T03:16:27.092+0000] {processor.py:161} INFO - Started process (PID=713) to work on /opt/airflow/dags/dag_tomorrowio.py
[2026-07-01T03:16:27.094+0000] {processor.py:830} INFO - Processing file /opt/airflow/dags/dag_tomorrowio.py for tasks to queue
[2026-07-01T03:16:27.095+0000] {logging_mixin.py:188} INFO - [2026-07-01T03:16:27.094+0000] {dagbag.py:545} INFO - Filling up the DagBag from /opt/airflow/dags/dag_tomorrowio.py
[2026-07-01T03:16:27.276+0000] {processor.py:840} INFO - DAG(s) 'tomorrowio_bronze_to_silver' retrieved from /opt/airflow/dags/dag_tomorrowio.py
[2026-07-01T03:16:27.285+0000] {logging_mixin.py:188} INFO - [2026-07-01T03:16:27.285+0000] {dag.py:3096} INFO - Sync 1 DAGs
[2026-07-01T03:16:27.293+0000] {logging_mixin.py:188} INFO - [2026-07-01T03:16:27.293+0000] {dag.py:3954} INFO - Setting next_dagrun for tomorrowio_bronze_to_silver to 2026-07-01 03:00:00+00:00, run_after=2026-07-01 04:00:00+00:00
[2026-07-01T03:16:27.299+0000] {processor.py:183} INFO - Processing /opt/airflow/dags/dag_tomorrowio.py took 0.214 seconds
[2026-07-01T03:16:57.426+0000] {processor.py:161} INFO - Started process (PID=751) to work on /opt/airflow/dags/dag_tomorrowio.py
[2026-07-01T03:16:57.428+0000] {processor.py:830} INFO - Processing file /opt/airflow/dags/dag_tomorrowio.py for tasks to queue
[2026-07-01T03:16:57.430+0000] {logging_mixin.py:188} INFO - [2026-07-01T03:16:57.429+0000] {dagbag.py:545} INFO - Filling up the DagBag from /opt/airflow/dags/dag_tomorrowio.py
[2026-07-01T03:16:57.778+0000] {processor.py:840} INFO - DAG(s) 'tomorrowio_bronze_to_silver' retrieved from /opt/airflow/dags/dag_tomorrowio.py
[2026-07-01T03:16:57.803+0000] {logging_mixin.py:188} INFO - [2026-07-01T03:16:57.803+0000] {dag.py:3096} INFO - Sync 1 DAGs
[2026-07-01T03:16:57.972+0000] {logging_mixin.py:188} INFO - [2026-07-01T03:16:57.972+0000] {dag.py:3954} INFO - Setting next_dagrun for tomorrowio_bronze_to_silver to 2026-07-01 03:00:00+00:00, run_after=2026-07-01 04:00:00+00:00
[2026-07-01T03:16:57.979+0000] {processor.py:183} INFO - Processing /opt/airflow/dags/dag_tomorrowio.py took 0.563 seconds
[2026-07-01T03:17:28.083+0000] {processor.py:161} INFO - Started process (PID=789) to work on /opt/airflow/dags/dag_tomorrowio.py
[2026-07-01T03:17:28.089+0000] {processor.py:830} INFO - Processing file /opt/airflow/dags/dag_tomorrowio.py for tasks to queue
[2026-07-01T03:17:28.091+0000] {logging_mixin.py:188} INFO - [2026-07-01T03:17:28.090+0000] {dagbag.py:545} INFO - Filling up the DagBag from /opt/airflow/dags/dag_tomorrowio.py
[2026-07-01T03:17:28.345+0000] {processor.py:840} INFO - DAG(s) 'tomorrowio_bronze_to_silver' retrieved from /opt/airflow/dags/dag_tomorrowio.py
[2026-07-01T03:17:28.369+0000] {logging_mixin.py:188} INFO - [2026-07-01T03:17:28.369+0000] {dag.py:3096} INFO - Sync 1 DAGs
[2026-07-01T03:17:28.383+0000] {logging_mixin.py:188} INFO - [2026-07-01T03:17:28.383+0000] {dag.py:3954} INFO - Setting next_dagrun for tomorrowio_bronze_to_silver to 2026-07-01 03:00:00+00:00, run_after=2026-07-01 04:00:00+00:00
[2026-07-01T03:17:28.390+0000] {processor.py:183} INFO - Processing /opt/airflow/dags/dag_tomorrowio.py took 0.325 seconds
[2026-07-01T03:17:58.864+0000] {processor.py:161} INFO - Started process (PID=827) to work on /opt/airflow/dags/dag_tomorrowio.py
[2026-07-01T03:17:58.869+0000] {processor.py:830} INFO - Processing file /opt/airflow/dags/dag_tomorrowio.py for tasks to queue
[2026-07-01T03:17:58.875+0000] {logging_mixin.py:188} INFO - [2026-07-01T03:17:58.871+0000] {dagbag.py:545} INFO - Filling up the DagBag from /opt/airflow/dags/dag_tomorrowio.py
[2026-07-01T03:17:59.159+0000] {processor.py:840} INFO - DAG(s) 'tomorrowio_bronze_to_silver' retrieved from /opt/airflow/dags/dag_tomorrowio.py
[2026-07-01T03:17:59.177+0000] {logging_mixin.py:188} INFO - [2026-07-01T03:17:59.177+0000] {dag.py:3096} INFO - Sync 1 DAGs
[2026-07-01T03:17:59.189+0000] {logging_mixin.py:188} INFO - [2026-07-01T03:17:59.189+0000] {dag.py:3954} INFO - Setting next_dagrun for tomorrowio_bronze_to_silver to 2026-07-01 03:00:00+00:00, run_after=2026-07-01 04:00:00+00:00
[2026-07-01T03:17:59.198+0000] {processor.py:183} INFO - Processing /opt/airflow/dags/dag_tomorrowio.py took 0.357 seconds
[2026-07-01T03:18:29.315+0000] {processor.py:161} INFO - Started process (PID=865) to work on /opt/airflow/dags/dag_tomorrowio.py
[2026-07-01T03:18:29.317+0000] {processor.py:830} INFO - Processing file /opt/airflow/dags/dag_tomorrowio.py for tasks to queue
[2026-07-01T03:18:29.318+0000] {logging_mixin.py:188} INFO - [2026-07-01T03:18:29.318+0000] {dagbag.py:545} INFO - Filling up the DagBag from /opt/airflow/dags/dag_tomorrowio.py
[2026-07-01T03:18:29.550+0000] {processor.py:840} INFO - DAG(s) 'tomorrowio_bronze_to_silver' retrieved from /opt/airflow/dags/dag_tomorrowio.py
[2026-07-01T03:18:29.564+0000] {logging_mixin.py:188} INFO - [2026-07-01T03:18:29.564+0000] {dag.py:3096} INFO - Sync 1 DAGs
[2026-07-01T03:18:29.578+0000] {logging_mixin.py:188} INFO - [2026-07-01T03:18:29.578+0000] {dag.py:3954} INFO - Setting next_dagrun for tomorrowio_bronze_to_silver to 2026-07-01 03:00:00+00:00, run_after=2026-07-01 04:00:00+00:00
[2026-07-01T03:18:29.585+0000] {processor.py:183} INFO - Processing /opt/airflow/dags/dag_tomorrowio.py took 0.278 seconds
[2026-07-01T03:18:59.872+0000] {processor.py:161} INFO - Started process (PID=903) to work on /opt/airflow/dags/dag_tomorrowio.py
[2026-07-01T03:18:59.874+0000] {processor.py:830} INFO - Processing file /opt/airflow/dags/dag_tomorrowio.py for tasks to queue
[2026-07-01T03:18:59.875+0000] {logging_mixin.py:188} INFO - [2026-07-01T03:18:59.874+0000] {dagbag.py:545} INFO - Filling up the DagBag from /opt/airflow/dags/dag_tomorrowio.py
[2026-07-01T03:19:00.017+0000] {processor.py:840} INFO - DAG(s) 'tomorrowio_bronze_to_silver' retrieved from /opt/airflow/dags/dag_tomorrowio.py
[2026-07-01T03:19:00.027+0000] {logging_mixin.py:188} INFO - [2026-07-01T03:19:00.027+0000] {dag.py:3096} INFO - Sync 1 DAGs
[2026-07-01T03:19:00.037+0000] {logging_mixin.py:188} INFO - [2026-07-01T03:19:00.036+0000] {dag.py:3954} INFO - Setting next_dagrun for tomorrowio_bronze_to_silver to 2026-07-01 03:00:00+00:00, run_after=2026-07-01 04:00:00+00:00
[2026-07-01T03:19:00.043+0000] {processor.py:183} INFO - Processing /opt/airflow/dags/dag_tomorrowio.py took 0.180 seconds
[2026-07-01T03:19:30.311+0000] {processor.py:161} INFO - Started process (PID=941) to work on /opt/airflow/dags/dag_tomorrowio.py
[2026-07-01T03:19:30.312+0000] {processor.py:830} INFO - Processing file /opt/airflow/dags/dag_tomorrowio.py for tasks to queue
[2026-07-01T03:19:30.313+0000] {logging_mixin.py:188} INFO - [2026-07-01T03:19:30.313+0000] {dagbag.py:545} INFO - Filling up the DagBag from /opt/airflow/dags/dag_tomorrowio.py
[2026-07-01T03:19:30.502+0000] {processor.py:840} INFO - DAG(s) 'tomorrowio_bronze_to_silver' retrieved from /opt/airflow/dags/dag_tomorrowio.py
[2026-07-01T03:19:30.516+0000] {logging_mixin.py:188} INFO - [2026-07-01T03:19:30.516+0000] {dag.py:3096} INFO - Sync 1 DAGs
[2026-07-01T03:19:30.533+0000] {logging_mixin.py:188} INFO - [2026-07-01T03:19:30.533+0000] {dag.py:3954} INFO - Setting next_dagrun for tomorrowio_bronze_to_silver to 2026-07-01 03:00:00+00:00, run_after=2026-07-01 04:00:00+00:00
[2026-07-01T03:19:30.684+0000] {processor.py:183} INFO - Processing /opt/airflow/dags/dag_tomorrowio.py took 0.380 seconds
[2026-07-01T03:20:01.168+0000] {processor.py:161} INFO - Started process (PID=979) to work on /opt/airflow/dags/dag_tomorrowio.py
[2026-07-01T03:20:01.170+0000] {processor.py:830} INFO - Processing file /opt/airflow/dags/dag_tomorrowio.py for tasks to queue
[2026-07-01T03:20:01.172+0000] {logging_mixin.py:188} INFO - [2026-07-01T03:20:01.171+0000] {dagbag.py:545} INFO - Filling up the DagBag from /opt/airflow/dags/dag_tomorrowio.py
[2026-07-01T03:20:01.381+0000] {processor.py:840} INFO - DAG(s) 'tomorrowio_bronze_to_silver' retrieved from /opt/airflow/dags/dag_tomorrowio.py
[2026-07-01T03:20:01.398+0000] {logging_mixin.py:188} INFO - [2026-07-01T03:20:01.398+0000] {dag.py:3096} INFO - Sync 1 DAGs
[2026-07-01T03:20:01.486+0000] {logging_mixin.py:188} INFO - [2026-07-01T03:20:01.486+0000] {dag.py:3954} INFO - Setting next_dagrun for tomorrowio_bronze_to_silver to 2026-07-01 03:00:00+00:00, run_after=2026-07-01 04:00:00+00:00
[2026-07-01T03:20:01.492+0000] {processor.py:183} INFO - Processing /opt/airflow/dags/dag_tomorrowio.py took 0.346 seconds
[2026-07-01T03:20:31.718+0000] {processor.py:161} INFO - Started process (PID=1017) to work on /opt/airflow/dags/dag_tomorrowio.py
[2026-07-01T03:20:31.722+0000] {processor.py:830} INFO - Processing file /opt/airflow/dags/dag_tomorrowio.py for tasks to queue
[2026-07-01T03:20:31.726+0000] {logging_mixin.py:188} INFO - [2026-07-01T03:20:31.723+0000] {dagbag.py:545} INFO - Filling up the DagBag from /opt/airflow/dags/dag_tomorrowio.py
[2026-07-01T03:20:32.184+0000] {processor.py:840} INFO - DAG(s) 'tomorrowio_bronze_to_silver' retrieved from /opt/airflow/dags/dag_tomorrowio.py
[2026-07-01T03:20:32.207+0000] {logging_mixin.py:188} INFO - [2026-07-01T03:20:32.207+0000] {dag.py:3096} INFO - Sync 1 DAGs
[2026-07-01T03:20:32.247+0000] {logging_mixin.py:188} INFO - [2026-07-01T03:20:32.247+0000] {dag.py:3954} INFO - Setting next_dagrun for tomorrowio_bronze_to_silver to 2026-07-01 03:00:00+00:00, run_after=2026-07-01 04:00:00+00:00
[2026-07-01T03:20:32.261+0000] {processor.py:183} INFO - Processing /opt/airflow/dags/dag_tomorrowio.py took 0.566 seconds
[2026-07-01T03:21:02.672+0000] {processor.py:161} INFO - Started process (PID=1060) to work on /opt/airflow/dags/dag_tomorrowio.py
[2026-07-01T03:21:02.674+0000] {processor.py:830} INFO - Processing file /opt/airflow/dags/dag_tomorrowio.py for tasks to queue
[2026-07-01T03:21:02.675+0000] {logging_mixin.py:188} INFO - [2026-07-01T03:21:02.674+0000] {dagbag.py:545} INFO - Filling up the DagBag from /opt/airflow/dags/dag_tomorrowio.py
[2026-07-01T03:21:02.814+0000] {processor.py:840} INFO - DAG(s) 'tomorrowio_bronze_to_silver' retrieved from /opt/airflow/dags/dag_tomorrowio.py
[2026-07-01T03:21:02.826+0000] {logging_mixin.py:188} INFO - [2026-07-01T03:21:02.826+0000] {dag.py:3096} INFO - Sync 1 DAGs
[2026-07-01T03:21:02.835+0000] {logging_mixin.py:188} INFO - [2026-07-01T03:21:02.835+0000] {dag.py:3954} INFO - Setting next_dagrun for tomorrowio_bronze_to_silver to 2026-07-01 03:00:00+00:00, run_after=2026-07-01 04:00:00+00:00
[2026-07-01T03:21:02.841+0000] {processor.py:183} INFO - Processing /opt/airflow/dags/dag_tomorrowio.py took 0.176 seconds
[2026-07-01T03:21:33.021+0000] {processor.py:161} INFO - Started process (PID=1103) to work on /opt/airflow/dags/dag_tomorrowio.py
[2026-07-01T03:21:33.022+0000] {processor.py:830} INFO - Processing file /opt/airflow/dags/dag_tomorrowio.py for tasks to queue
[2026-07-01T03:21:33.023+0000] {logging_mixin.py:188} INFO - [2026-07-01T03:21:33.023+0000] {dagbag.py:545} INFO - Filling up the DagBag from /opt/airflow/dags/dag_tomorrowio.py
[2026-07-01T03:21:33.372+0000] {processor.py:840} INFO - DAG(s) 'tomorrowio_bronze_to_silver' retrieved from /opt/airflow/dags/dag_tomorrowio.py
[2026-07-01T03:21:33.398+0000] {logging_mixin.py:188} INFO - [2026-07-01T03:21:33.398+0000] {dag.py:3096} INFO - Sync 1 DAGs
[2026-07-01T03:21:33.413+0000] {logging_mixin.py:188} INFO - [2026-07-01T03:21:33.413+0000] {dag.py:3954} INFO - Setting next_dagrun for tomorrowio_bronze_to_silver to 2026-07-01 03:00:00+00:00, run_after=2026-07-01 04:00:00+00:00
[2026-07-01T03:21:33.421+0000] {processor.py:183} INFO - Processing /opt/airflow/dags/dag_tomorrowio.py took 0.428 seconds
[2026-07-01T03:21:42.441+0000] {processor.py:161} INFO - Started process (PID=1124) to work on /opt/airflow/dags/dag_tomorrowio.py
[2026-07-01T03:21:42.442+0000] {processor.py:830} INFO - Processing file /opt/airflow/dags/dag_tomorrowio.py for tasks to queue
[2026-07-01T03:21:42.442+0000] {logging_mixin.py:188} INFO - [2026-07-01T03:21:42.442+0000] {dagbag.py:545} INFO - Filling up the DagBag from /opt/airflow/dags/dag_tomorrowio.py
[2026-07-01T03:21:42.665+0000] {processor.py:840} INFO - DAG(s) 'weather_tomorrowio_pipeline' retrieved from /opt/airflow/dags/dag_tomorrowio.py
[2026-07-01T03:21:42.827+0000] {logging_mixin.py:188} INFO - [2026-07-01T03:21:42.826+0000] {dag.py:3096} INFO - Sync 1 DAGs
[2026-07-01T03:21:42.834+0000] {logging_mixin.py:188} INFO - [2026-07-01T03:21:42.834+0000] {dag.py:3954} INFO - Setting next_dagrun for weather_tomorrowio_pipeline to 2026-07-01 02:00:00+00:00, run_after=2026-07-01 03:00:00+00:00
[2026-07-01T03:21:42.842+0000] {processor.py:183} INFO - Processing /opt/airflow/dags/dag_tomorrowio.py took 0.405 seconds
[2026-07-01T03:22:13.030+0000] {processor.py:161} INFO - Started process (PID=1167) to work on /opt/airflow/dags/dag_tomorrowio.py
[2026-07-01T03:22:13.031+0000] {processor.py:830} INFO - Processing file /opt/airflow/dags/dag_tomorrowio.py for tasks to queue
[2026-07-01T03:22:13.032+0000] {logging_mixin.py:188} INFO - [2026-07-01T03:22:13.032+0000] {dagbag.py:545} INFO - Filling up the DagBag from /opt/airflow/dags/dag_tomorrowio.py
[2026-07-01T03:22:13.226+0000] {processor.py:840} INFO - DAG(s) 'weather_tomorrowio_pipeline' retrieved from /opt/airflow/dags/dag_tomorrowio.py
[2026-07-01T03:22:13.237+0000] {logging_mixin.py:188} INFO - [2026-07-01T03:22:13.236+0000] {dag.py:3096} INFO - Sync 1 DAGs
[2026-07-01T03:22:13.245+0000] {logging_mixin.py:188} INFO - [2026-07-01T03:22:13.245+0000] {dag.py:3954} INFO - Setting next_dagrun for weather_tomorrowio_pipeline to 2026-07-01 02:00:00+00:00, run_after=2026-07-01 03:00:00+00:00
[2026-07-01T03:22:13.376+0000] {processor.py:183} INFO - Processing /opt/airflow/dags/dag_tomorrowio.py took 0.354 seconds
[2026-07-01T03:22:43.582+0000] {processor.py:161} INFO - Started process (PID=1210) to work on /opt/airflow/dags/dag_tomorrowio.py
[2026-07-01T03:22:43.584+0000] {processor.py:830} INFO - Processing file /opt/airflow/dags/dag_tomorrowio.py for tasks to queue
[2026-07-01T03:22:43.584+0000] {logging_mixin.py:188} INFO - [2026-07-01T03:22:43.584+0000] {dagbag.py:545} INFO - Filling up the DagBag from /opt/airflow/dags/dag_tomorrowio.py
[2026-07-01T03:22:43.803+0000] {processor.py:840} INFO - DAG(s) 'weather_tomorrowio_pipeline' retrieved from /opt/airflow/dags/dag_tomorrowio.py
[2026-07-01T03:22:43.816+0000] {logging_mixin.py:188} INFO - [2026-07-01T03:22:43.816+0000] {dag.py:3096} INFO - Sync 1 DAGs
[2026-07-01T03:22:43.944+0000] {logging_mixin.py:188} INFO - [2026-07-01T03:22:43.944+0000] {dag.py:3954} INFO - Setting next_dagrun for weather_tomorrowio_pipeline to 2026-07-01 02:00:00+00:00, run_after=2026-07-01 03:00:00+00:00
[2026-07-01T03:22:43.952+0000] {processor.py:183} INFO - Processing /opt/airflow/dags/dag_tomorrowio.py took 0.379 seconds
[2026-07-01T03:23:14.087+0000] {processor.py:161} INFO - Started process (PID=1253) to work on /opt/airflow/dags/dag_tomorrowio.py
[2026-07-01T03:23:14.089+0000] {processor.py:830} INFO - Processing file /opt/airflow/dags/dag_tomorrowio.py for tasks to queue
[2026-07-01T03:23:14.089+0000] {logging_mixin.py:188} INFO - [2026-07-01T03:23:14.089+0000] {dagbag.py:545} INFO - Filling up the DagBag from /opt/airflow/dags/dag_tomorrowio.py
[2026-07-01T03:23:14.266+0000] {processor.py:840} INFO - DAG(s) 'weather_tomorrowio_pipeline' retrieved from /opt/airflow/dags/dag_tomorrowio.py
[2026-07-01T03:23:14.277+0000] {logging_mixin.py:188} INFO - [2026-07-01T03:23:14.276+0000] {dag.py:3096} INFO - Sync 1 DAGs
[2026-07-01T03:23:14.286+0000] {logging_mixin.py:188} INFO - [2026-07-01T03:23:14.286+0000] {dag.py:3954} INFO - Setting next_dagrun for weather_tomorrowio_pipeline to 2026-07-01 02:00:00+00:00, run_after=2026-07-01 03:00:00+00:00
[2026-07-01T03:23:14.294+0000] {processor.py:183} INFO - Processing /opt/airflow/dags/dag_tomorrowio.py took 0.212 seconds
[2026-07-01T03:23:44.369+0000] {processor.py:161} INFO - Started process (PID=1296) to work on /opt/airflow/dags/dag_tomorrowio.py
[2026-07-01T03:23:44.370+0000] {processor.py:830} INFO - Processing file /opt/airflow/dags/dag_tomorrowio.py for tasks to queue
[2026-07-01T03:23:44.371+0000] {logging_mixin.py:188} INFO - [2026-07-01T03:23:44.371+0000] {dagbag.py:545} INFO - Filling up the DagBag from /opt/airflow/dags/dag_tomorrowio.py
[2026-07-01T03:23:44.581+0000] {processor.py:840} INFO - DAG(s) 'weather_tomorrowio_pipeline' retrieved from /opt/airflow/dags/dag_tomorrowio.py
[2026-07-01T03:23:44.593+0000] {logging_mixin.py:188} INFO - [2026-07-01T03:23:44.592+0000] {dag.py:3096} INFO - Sync 1 DAGs
[2026-07-01T03:23:44.602+0000] {logging_mixin.py:188} INFO - [2026-07-01T03:23:44.602+0000] {dag.py:3954} INFO - Setting next_dagrun for weather_tomorrowio_pipeline to 2026-07-01 02:00:00+00:00, run_after=2026-07-01 03:00:00+00:00
[2026-07-01T03:23:44.610+0000] {processor.py:183} INFO - Processing /opt/airflow/dags/dag_tomorrowio.py took 0.247 seconds
[2026-07-01T03:24:15.030+0000] {processor.py:161} INFO - Started process (PID=1339) to work on /opt/airflow/dags/dag_tomorrowio.py
[2026-07-01T03:24:15.032+0000] {processor.py:830} INFO - Processing file /opt/airflow/dags/dag_tomorrowio.py for tasks to queue
[2026-07-01T03:24:15.033+0000] {logging_mixin.py:188} INFO - [2026-07-01T03:24:15.032+0000] {dagbag.py:545} INFO - Filling up the DagBag from /opt/airflow/dags/dag_tomorrowio.py
[2026-07-01T03:24:15.241+0000] {processor.py:840} INFO - DAG(s) 'weather_tomorrowio_pipeline' retrieved from /opt/airflow/dags/dag_tomorrowio.py
[2026-07-01T03:24:15.252+0000] {logging_mixin.py:188} INFO - [2026-07-01T03:24:15.252+0000] {dag.py:3096} INFO - Sync 1 DAGs
[2026-07-01T03:24:15.261+0000] {logging_mixin.py:188} INFO - [2026-07-01T03:24:15.261+0000] {dag.py:3954} INFO - Setting next_dagrun for weather_tomorrowio_pipeline to 2026-07-01 02:00:00+00:00, run_after=2026-07-01 03:00:00+00:00
[2026-07-01T03:24:15.269+0000] {processor.py:183} INFO - Processing /opt/airflow/dags/dag_tomorrowio.py took 0.244 seconds
[2026-07-01T03:24:45.595+0000] {processor.py:161} INFO - Started process (PID=1382) to work on /opt/airflow/dags/dag_tomorrowio.py
[2026-07-01T03:24:45.597+0000] {processor.py:830} INFO - Processing file /opt/airflow/dags/dag_tomorrowio.py for tasks to queue
[2026-07-01T03:24:45.598+0000] {logging_mixin.py:188} INFO - [2026-07-01T03:24:45.598+0000] {dagbag.py:545} INFO - Filling up the DagBag from /opt/airflow/dags/dag_tomorrowio.py
[2026-07-01T03:24:45.806+0000] {processor.py:840} INFO - DAG(s) 'weather_tomorrowio_pipeline' retrieved from /opt/airflow/dags/dag_tomorrowio.py
[2026-07-01T03:24:45.820+0000] {logging_mixin.py:188} INFO - [2026-07-01T03:24:45.820+0000] {dag.py:3096} INFO - Sync 1 DAGs
[2026-07-01T03:24:45.828+0000] {logging_mixin.py:188} INFO - [2026-07-01T03:24:45.828+0000] {dag.py:3954} INFO - Setting next_dagrun for weather_tomorrowio_pipeline to 2026-07-01 02:00:00+00:00, run_after=2026-07-01 03:00:00+00:00
[2026-07-01T03:24:45.836+0000] {processor.py:183} INFO - Processing /opt/airflow/dags/dag_tomorrowio.py took 0.247 seconds
[2026-07-01T03:25:16.784+0000] {processor.py:161} INFO - Started process (PID=1430) to work on /opt/airflow/dags/dag_tomorrowio.py
[2026-07-01T03:25:16.787+0000] {processor.py:830} INFO - Processing file /opt/airflow/dags/dag_tomorrowio.py for tasks to queue
[2026-07-01T03:25:16.788+0000] {logging_mixin.py:188} INFO - [2026-07-01T03:25:16.787+0000] {dagbag.py:545} INFO - Filling up the DagBag from /opt/airflow/dags/dag_tomorrowio.py
[2026-07-01T03:25:17.331+0000] {processor.py:840} INFO - DAG(s) 'weather_tomorrowio_pipeline' retrieved from /opt/airflow/dags/dag_tomorrowio.py
[2026-07-01T03:25:17.355+0000] {logging_mixin.py:188} INFO - [2026-07-01T03:25:17.354+0000] {dag.py:3096} INFO - Sync 1 DAGs
[2026-07-01T03:25:17.379+0000] {logging_mixin.py:188} INFO - [2026-07-01T03:25:17.379+0000] {dag.py:3954} INFO - Setting next_dagrun for weather_tomorrowio_pipeline to 2026-07-01 02:00:00+00:00, run_after=2026-07-01 03:00:00+00:00
[2026-07-01T03:25:17.542+0000] {processor.py:183} INFO - Processing /opt/airflow/dags/dag_tomorrowio.py took 0.776 seconds
[2026-07-01T03:25:48.150+0000] {processor.py:161} INFO - Started process (PID=1476) to work on /opt/airflow/dags/dag_tomorrowio.py
[2026-07-01T03:25:48.152+0000] {processor.py:830} INFO - Processing file /opt/airflow/dags/dag_tomorrowio.py for tasks to queue
[2026-07-01T03:25:48.153+0000] {logging_mixin.py:188} INFO - [2026-07-01T03:25:48.152+0000] {dagbag.py:545} INFO - Filling up the DagBag from /opt/airflow/dags/dag_tomorrowio.py
[2026-07-01T03:25:48.404+0000] {processor.py:840} INFO - DAG(s) 'weather_tomorrowio_pipeline' retrieved from /opt/airflow/dags/dag_tomorrowio.py
[2026-07-01T03:25:48.420+0000] {logging_mixin.py:188} INFO - [2026-07-01T03:25:48.419+0000] {dag.py:3096} INFO - Sync 1 DAGs
[2026-07-01T03:25:48.627+0000] {logging_mixin.py:188} INFO - [2026-07-01T03:25:48.627+0000] {dag.py:3954} INFO - Setting next_dagrun for weather_tomorrowio_pipeline to 2026-07-01 02:00:00+00:00, run_after=2026-07-01 03:00:00+00:00
[2026-07-01T03:25:48.639+0000] {processor.py:183} INFO - Processing /opt/airflow/dags/dag_tomorrowio.py took 0.515 seconds
[2026-07-01T03:26:19.244+0000] {processor.py:161} INFO - Started process (PID=1522) to work on /opt/airflow/dags/dag_tomorrowio.py
[2026-07-01T03:26:19.246+0000] {processor.py:830} INFO - Processing file /opt/airflow/dags/dag_tomorrowio.py for tasks to queue
[2026-07-01T03:26:19.247+0000] {logging_mixin.py:188} INFO - [2026-07-01T03:26:19.246+0000] {dagbag.py:545} INFO - Filling up the DagBag from /opt/airflow/dags/dag_tomorrowio.py
[2026-07-01T03:26:19.468+0000] {processor.py:840} INFO - DAG(s) 'weather_tomorrowio_pipeline' retrieved from /opt/airflow/dags/dag_tomorrowio.py
[2026-07-01T03:26:19.481+0000] {logging_mixin.py:188} INFO - [2026-07-01T03:26:19.481+0000] {dag.py:3096} INFO - Sync 1 DAGs
[2026-07-01T03:26:19.491+0000] {logging_mixin.py:188} INFO - [2026-07-01T03:26:19.491+0000] {dag.py:3954} INFO - Setting next_dagrun for weather_tomorrowio_pipeline to 2026-07-01 02:00:00+00:00, run_after=2026-07-01 03:00:00+00:00
[2026-07-01T03:26:19.509+0000] {processor.py:183} INFO - Processing /opt/airflow/dags/dag_tomorrowio.py took 0.270 seconds
[2026-07-01T03:26:49.562+0000] {processor.py:161} INFO - Started process (PID=1565) to work on /opt/airflow/dags/dag_tomorrowio.py
[2026-07-01T03:26:49.564+0000] {processor.py:830} INFO - Processing file /opt/airflow/dags/dag_tomorrowio.py for tasks to queue
[2026-07-01T03:26:49.565+0000] {logging_mixin.py:188} INFO - [2026-07-01T03:26:49.565+0000] {dagbag.py:545} INFO - Filling up the DagBag from /opt/airflow/dags/dag_tomorrowio.py
[2026-07-01T03:26:49.878+0000] {processor.py:840} INFO - DAG(s) 'weather_tomorrowio_pipeline' retrieved from /opt/airflow/dags/dag_tomorrowio.py
[2026-07-01T03:26:49.890+0000] {logging_mixin.py:188} INFO - [2026-07-01T03:26:49.890+0000] {dag.py:3096} INFO - Sync 1 DAGs
[2026-07-01T03:26:49.898+0000] {logging_mixin.py:188} INFO - [2026-07-01T03:26:49.898+0000] {dag.py:3954} INFO - Setting next_dagrun for weather_tomorrowio_pipeline to 2026-07-01 02:00:00+00:00, run_after=2026-07-01 03:00:00+00:00
[2026-07-01T03:26:49.906+0000] {processor.py:183} INFO - Processing /opt/airflow/dags/dag_tomorrowio.py took 0.352 seconds
[2026-07-01T03:27:20.236+0000] {processor.py:161} INFO - Started process (PID=1613) to work on /opt/airflow/dags/dag_tomorrowio.py
[2026-07-01T03:27:20.238+0000] {processor.py:830} INFO - Processing file /opt/airflow/dags/dag_tomorrowio.py for tasks to queue
[2026-07-01T03:27:20.239+0000] {logging_mixin.py:188} INFO - [2026-07-01T03:27:20.239+0000] {dagbag.py:545} INFO - Filling up the DagBag from /opt/airflow/dags/dag_tomorrowio.py
[2026-07-01T03:27:20.477+0000] {processor.py:840} INFO - DAG(s) 'weather_tomorrowio_pipeline' retrieved from /opt/airflow/dags/dag_tomorrowio.py
[2026-07-01T03:27:20.497+0000] {logging_mixin.py:188} INFO - [2026-07-01T03:27:20.497+0000] {dag.py:3096} INFO - Sync 1 DAGs
[2026-07-01T03:27:20.510+0000] {logging_mixin.py:188} INFO - [2026-07-01T03:27:20.510+0000] {dag.py:3954} INFO - Setting next_dagrun for weather_tomorrowio_pipeline to 2026-07-01 02:00:00+00:00, run_after=2026-07-01 03:00:00+00:00
[2026-07-01T03:27:20.520+0000] {processor.py:183} INFO - Processing /opt/airflow/dags/dag_tomorrowio.py took 0.291 seconds
[2026-07-01T03:27:50.582+0000] {processor.py:161} INFO - Started process (PID=1655) to work on /opt/airflow/dags/dag_tomorrowio.py
[2026-07-01T03:27:50.584+0000] {processor.py:830} INFO - Processing file /opt/airflow/dags/dag_tomorrowio.py for tasks to queue
[2026-07-01T03:27:50.585+0000] {logging_mixin.py:188} INFO - [2026-07-01T03:27:50.584+0000] {dagbag.py:545} INFO - Filling up the DagBag from /opt/airflow/dags/dag_tomorrowio.py
[2026-07-01T03:27:50.822+0000] {processor.py:840} INFO - DAG(s) 'weather_tomorrowio_pipeline' retrieved from /opt/airflow/dags/dag_tomorrowio.py
[2026-07-01T03:27:50.837+0000] {logging_mixin.py:188} INFO - [2026-07-01T03:27:50.837+0000] {dag.py:3096} INFO - Sync 1 DAGs
[2026-07-01T03:27:50.849+0000] {logging_mixin.py:188} INFO - [2026-07-01T03:27:50.848+0000] {dag.py:3954} INFO - Setting next_dagrun for weather_tomorrowio_pipeline to 2026-07-01 02:00:00+00:00, run_after=2026-07-01 03:00:00+00:00
[2026-07-01T03:27:51.019+0000] {processor.py:183} INFO - Processing /opt/airflow/dags/dag_tomorrowio.py took 0.444 seconds
[2026-07-01T03:28:21.738+0000] {processor.py:161} INFO - Started process (PID=1700) to work on /opt/airflow/dags/dag_tomorrowio.py
[2026-07-01T03:28:21.739+0000] {processor.py:830} INFO - Processing file /opt/airflow/dags/dag_tomorrowio.py for tasks to queue
[2026-07-01T03:28:21.740+0000] {logging_mixin.py:188} INFO - [2026-07-01T03:28:21.740+0000] {dagbag.py:545} INFO - Filling up the DagBag from /opt/airflow/dags/dag_tomorrowio.py
[2026-07-01T03:28:21.968+0000] {processor.py:840} INFO - DAG(s) 'weather_tomorrowio_pipeline' retrieved from /opt/airflow/dags/dag_tomorrowio.py
[2026-07-01T03:28:21.982+0000] {logging_mixin.py:188} INFO - [2026-07-01T03:28:21.982+0000] {dag.py:3096} INFO - Sync 1 DAGs
[2026-07-01T03:28:22.113+0000] {logging_mixin.py:188} INFO - [2026-07-01T03:28:22.113+0000] {dag.py:3954} INFO - Setting next_dagrun for weather_tomorrowio_pipeline to 2026-07-01 03:00:00+00:00, run_after=2026-07-01 04:00:00+00:00
[2026-07-01T03:28:22.121+0000] {processor.py:183} INFO - Processing /opt/airflow/dags/dag_tomorrowio.py took 0.388 seconds
[2026-07-01T03:28:52.448+0000] {processor.py:161} INFO - Started process (PID=1742) to work on /opt/airflow/dags/dag_tomorrowio.py
[2026-07-01T03:28:52.449+0000] {processor.py:830} INFO - Processing file /opt/airflow/dags/dag_tomorrowio.py for tasks to queue
[2026-07-01T03:28:52.450+0000] {logging_mixin.py:188} INFO - [2026-07-01T03:28:52.449+0000] {dagbag.py:545} INFO - Filling up the DagBag from /opt/airflow/dags/dag_tomorrowio.py
[2026-07-01T03:28:52.688+0000] {processor.py:840} INFO - DAG(s) 'weather_tomorrowio_pipeline' retrieved from /opt/airflow/dags/dag_tomorrowio.py
[2026-07-01T03:28:52.700+0000] {logging_mixin.py:188} INFO - [2026-07-01T03:28:52.700+0000] {dag.py:3096} INFO - Sync 1 DAGs
[2026-07-01T03:28:52.712+0000] {logging_mixin.py:188} INFO - [2026-07-01T03:28:52.712+0000] {dag.py:3954} INFO - Setting next_dagrun for weather_tomorrowio_pipeline to 2026-07-01 03:00:00+00:00, run_after=2026-07-01 04:00:00+00:00
[2026-07-01T03:28:52.721+0000] {processor.py:183} INFO - Processing /opt/airflow/dags/dag_tomorrowio.py took 0.279 seconds
[2026-07-01T03:29:23.589+0000] {processor.py:161} INFO - Started process (PID=1863) to work on /opt/airflow/dags/dag_tomorrowio.py
[2026-07-01T03:29:23.590+0000] {processor.py:830} INFO - Processing file /opt/airflow/dags/dag_tomorrowio.py for tasks to queue
[2026-07-01T03:29:23.591+0000] {logging_mixin.py:188} INFO - [2026-07-01T03:29:23.590+0000] {dagbag.py:545} INFO - Filling up the DagBag from /opt/airflow/dags/dag_tomorrowio.py
[2026-07-01T03:29:23.868+0000] {processor.py:840} INFO - DAG(s) 'weather_tomorrowio_pipeline' retrieved from /opt/airflow/dags/dag_tomorrowio.py
[2026-07-01T03:29:23.885+0000] {logging_mixin.py:188} INFO - [2026-07-01T03:29:23.885+0000] {dag.py:3096} INFO - Sync 1 DAGs
[2026-07-01T03:29:23.901+0000] {logging_mixin.py:188} INFO - [2026-07-01T03:29:23.901+0000] {dag.py:3954} INFO - Setting next_dagrun for weather_tomorrowio_pipeline to 2026-07-01 03:00:00+00:00, run_after=2026-07-01 04:00:00+00:00
[2026-07-01T03:29:23.910+0000] {processor.py:183} INFO - Processing /opt/airflow/dags/dag_tomorrowio.py took 0.328 seconds
[2026-07-01T03:29:53.970+0000] {processor.py:161} INFO - Started process (PID=1905) to work on /opt/airflow/dags/dag_tomorrowio.py
[2026-07-01T03:29:53.971+0000] {processor.py:830} INFO - Processing file /opt/airflow/dags/dag_tomorrowio.py for tasks to queue
[2026-07-01T03:29:53.972+0000] {logging_mixin.py:188} INFO - [2026-07-01T03:29:53.972+0000] {dagbag.py:545} INFO - Filling up the DagBag from /opt/airflow/dags/dag_tomorrowio.py
[2026-07-01T03:29:54.276+0000] {processor.py:840} INFO - DAG(s) 'weather_tomorrowio_pipeline' retrieved from /opt/airflow/dags/dag_tomorrowio.py
[2026-07-01T03:29:54.291+0000] {logging_mixin.py:188} INFO - [2026-07-01T03:29:54.291+0000] {dag.py:3096} INFO - Sync 1 DAGs
[2026-07-01T03:29:54.305+0000] {logging_mixin.py:188} INFO - [2026-07-01T03:29:54.305+0000] {dag.py:3954} INFO - Setting next_dagrun for weather_tomorrowio_pipeline to 2026-07-01 03:00:00+00:00, run_after=2026-07-01 04:00:00+00:00
[2026-07-01T03:29:54.313+0000] {processor.py:183} INFO - Processing /opt/airflow/dags/dag_tomorrowio.py took 0.350 seconds
[2026-07-01T03:30:24.540+0000] {processor.py:161} INFO - Started process (PID=1947) to work on /opt/airflow/dags/dag_tomorrowio.py
[2026-07-01T03:30:24.541+0000] {processor.py:830} INFO - Processing file /opt/airflow/dags/dag_tomorrowio.py for tasks to queue
[2026-07-01T03:30:24.542+0000] {logging_mixin.py:188} INFO - [2026-07-01T03:30:24.542+0000] {dagbag.py:545} INFO - Filling up the DagBag from /opt/airflow/dags/dag_tomorrowio.py
[2026-07-01T03:30:24.740+0000] {processor.py:840} INFO - DAG(s) 'weather_tomorrowio_pipeline' retrieved from /opt/airflow/dags/dag_tomorrowio.py
[2026-07-01T03:30:24.752+0000] {logging_mixin.py:188} INFO - [2026-07-01T03:30:24.752+0000] {dag.py:3096} INFO - Sync 1 DAGs
[2026-07-01T03:30:24.765+0000] {logging_mixin.py:188} INFO - [2026-07-01T03:30:24.765+0000] {dag.py:3954} INFO - Setting next_dagrun for weather_tomorrowio_pipeline to 2026-07-01 03:00:00+00:00, run_after=2026-07-01 04:00:00+00:00
[2026-07-01T03:30:24.784+0000] {processor.py:183} INFO - Processing /opt/airflow/dags/dag_tomorrowio.py took 0.252 seconds
[2026-07-01T03:30:54.921+0000] {processor.py:161} INFO - Started process (PID=1984) to work on /opt/airflow/dags/dag_tomorrowio.py
[2026-07-01T03:30:54.924+0000] {processor.py:830} INFO - Processing file /opt/airflow/dags/dag_tomorrowio.py for tasks to queue
[2026-07-01T03:30:54.926+0000] {logging_mixin.py:188} INFO - [2026-07-01T03:30:54.926+0000] {dagbag.py:545} INFO - Filling up the DagBag from /opt/airflow/dags/dag_tomorrowio.py
[2026-07-01T03:30:55.196+0000] {processor.py:840} INFO - DAG(s) 'weather_tomorrowio_pipeline' retrieved from /opt/airflow/dags/dag_tomorrowio.py
[2026-07-01T03:30:55.215+0000] {logging_mixin.py:188} INFO - [2026-07-01T03:30:55.214+0000] {dag.py:3096} INFO - Sync 1 DAGs
[2026-07-01T03:30:55.229+0000] {logging_mixin.py:188} INFO - [2026-07-01T03:30:55.228+0000] {dag.py:3954} INFO - Setting next_dagrun for weather_tomorrowio_pipeline to 2026-07-01 03:00:00+00:00, run_after=2026-07-01 04:00:00+00:00
[2026-07-01T03:30:55.425+0000] {processor.py:183} INFO - Processing /opt/airflow/dags/dag_tomorrowio.py took 0.517 seconds
[2026-07-01T03:31:25.561+0000] {processor.py:161} INFO - Started process (PID=2021) to work on /opt/airflow/dags/dag_tomorrowio.py
[2026-07-01T03:31:25.562+0000] {processor.py:830} INFO - Processing file /opt/airflow/dags/dag_tomorrowio.py for tasks to queue
[2026-07-01T03:31:25.563+0000] {logging_mixin.py:188} INFO - [2026-07-01T03:31:25.563+0000] {dagbag.py:545} INFO - Filling up the DagBag from /opt/airflow/dags/dag_tomorrowio.py
[2026-07-01T03:31:25.897+0000] {processor.py:840} INFO - DAG(s) 'weather_tomorrowio_pipeline' retrieved from /opt/airflow/dags/dag_tomorrowio.py
[2026-07-01T03:31:25.915+0000] {logging_mixin.py:188} INFO - [2026-07-01T03:31:25.914+0000] {dag.py:3096} INFO - Sync 1 DAGs
[2026-07-01T03:31:26.116+0000] {logging_mixin.py:188} INFO - [2026-07-01T03:31:26.116+0000] {dag.py:3954} INFO - Setting next_dagrun for weather_tomorrowio_pipeline to 2026-07-01 03:00:00+00:00, run_after=2026-07-01 04:00:00+00:00
[2026-07-01T03:31:26.125+0000] {processor.py:183} INFO - Processing /opt/airflow/dags/dag_tomorrowio.py took 0.579 seconds
[2026-07-01T03:31:56.731+0000] {processor.py:161} INFO - Started process (PID=2058) to work on /opt/airflow/dags/dag_tomorrowio.py
[2026-07-01T03:31:56.733+0000] {processor.py:830} INFO - Processing file /opt/airflow/dags/dag_tomorrowio.py for tasks to queue
[2026-07-01T03:31:56.733+0000] {logging_mixin.py:188} INFO - [2026-07-01T03:31:56.733+0000] {dagbag.py:545} INFO - Filling up the DagBag from /opt/airflow/dags/dag_tomorrowio.py
[2026-07-01T03:31:56.916+0000] {processor.py:840} INFO - DAG(s) 'weather_tomorrowio_pipeline' retrieved from /opt/airflow/dags/dag_tomorrowio.py
[2026-07-01T03:31:56.931+0000] {logging_mixin.py:188} INFO - [2026-07-01T03:31:56.931+0000] {dag.py:3096} INFO - Sync 1 DAGs
[2026-07-01T03:31:56.942+0000] {logging_mixin.py:188} INFO - [2026-07-01T03:31:56.942+0000] {dag.py:3954} INFO - Setting next_dagrun for weather_tomorrowio_pipeline to 2026-07-01 03:00:00+00:00, run_after=2026-07-01 04:00:00+00:00
[2026-07-01T03:31:56.950+0000] {processor.py:183} INFO - Processing /opt/airflow/dags/dag_tomorrowio.py took 0.225 seconds
[2026-07-01T03:32:27.151+0000] {processor.py:161} INFO - Started process (PID=2103) to work on /opt/airflow/dags/dag_tomorrowio.py
[2026-07-01T03:32:27.154+0000] {processor.py:830} INFO - Processing file /opt/airflow/dags/dag_tomorrowio.py for tasks to queue
[2026-07-01T03:32:27.155+0000] {logging_mixin.py:188} INFO - [2026-07-01T03:32:27.155+0000] {dagbag.py:545} INFO - Filling up the DagBag from /opt/airflow/dags/dag_tomorrowio.py
[2026-07-01T03:32:27.538+0000] {processor.py:840} INFO - DAG(s) 'weather_tomorrowio_pipeline' retrieved from /opt/airflow/dags/dag_tomorrowio.py
[2026-07-01T03:32:27.551+0000] {logging_mixin.py:188} INFO - [2026-07-01T03:32:27.551+0000] {dag.py:3096} INFO - Sync 1 DAGs
[2026-07-01T03:32:27.564+0000] {logging_mixin.py:188} INFO - [2026-07-01T03:32:27.564+0000] {dag.py:3954} INFO - Setting next_dagrun for weather_tomorrowio_pipeline to 2026-07-01 03:00:00+00:00, run_after=2026-07-01 04:00:00+00:00
[2026-07-01T03:32:27.581+0000] {processor.py:183} INFO - Processing /opt/airflow/dags/dag_tomorrowio.py took 0.445 seconds
[2026-07-01T03:32:57.782+0000] {processor.py:161} INFO - Started process (PID=2194) to work on /opt/airflow/dags/dag_tomorrowio.py
[2026-07-01T03:32:57.783+0000] {processor.py:830} INFO - Processing file /opt/airflow/dags/dag_tomorrowio.py for tasks to queue
[2026-07-01T03:32:57.784+0000] {logging_mixin.py:188} INFO - [2026-07-01T03:32:57.784+0000] {dagbag.py:545} INFO - Filling up the DagBag from /opt/airflow/dags/dag_tomorrowio.py
[2026-07-01T03:32:57.957+0000] {processor.py:840} INFO - DAG(s) 'weather_tomorrowio_pipeline' retrieved from /opt/airflow/dags/dag_tomorrowio.py
[2026-07-01T03:32:57.967+0000] {logging_mixin.py:188} INFO - [2026-07-01T03:32:57.967+0000] {dag.py:3096} INFO - Sync 1 DAGs
[2026-07-01T03:32:57.975+0000] {logging_mixin.py:188} INFO - [2026-07-01T03:32:57.975+0000] {dag.py:3954} INFO - Setting next_dagrun for weather_tomorrowio_pipeline to 2026-07-01 03:00:00+00:00, run_after=2026-07-01 04:00:00+00:00
[2026-07-01T03:32:57.985+0000] {processor.py:183} INFO - Processing /opt/airflow/dags/dag_tomorrowio.py took 0.211 seconds
[2026-07-01T03:33:28.497+0000] {processor.py:161} INFO - Started process (PID=2283) to work on /opt/airflow/dags/dag_tomorrowio.py
[2026-07-01T03:33:28.499+0000] {processor.py:830} INFO - Processing file /opt/airflow/dags/dag_tomorrowio.py for tasks to queue
[2026-07-01T03:33:28.500+0000] {logging_mixin.py:188} INFO - [2026-07-01T03:33:28.500+0000] {dagbag.py:545} INFO - Filling up the DagBag from /opt/airflow/dags/dag_tomorrowio.py
[2026-07-01T03:33:28.665+0000] {processor.py:840} INFO - DAG(s) 'weather_tomorrowio_pipeline' retrieved from /opt/airflow/dags/dag_tomorrowio.py
[2026-07-01T03:33:28.675+0000] {logging_mixin.py:188} INFO - [2026-07-01T03:33:28.675+0000] {dag.py:3096} INFO - Sync 1 DAGs
[2026-07-01T03:33:28.683+0000] {logging_mixin.py:188} INFO - [2026-07-01T03:33:28.683+0000] {dag.py:3954} INFO - Setting next_dagrun for weather_tomorrowio_pipeline to 2026-07-01 03:00:00+00:00, run_after=2026-07-01 04:00:00+00:00
[2026-07-01T03:33:28.792+0000] {processor.py:183} INFO - Processing /opt/airflow/dags/dag_tomorrowio.py took 0.303 seconds
[2026-07-01T03:33:59.115+0000] {processor.py:161} INFO - Started process (PID=2320) to work on /opt/airflow/dags/dag_tomorrowio.py
[2026-07-01T03:33:59.117+0000] {processor.py:830} INFO - Processing file /opt/airflow/dags/dag_tomorrowio.py for tasks to queue
[2026-07-01T03:33:59.118+0000] {logging_mixin.py:188} INFO - [2026-07-01T03:33:59.118+0000] {dagbag.py:545} INFO - Filling up the DagBag from /opt/airflow/dags/dag_tomorrowio.py
[2026-07-01T03:33:59.255+0000] {processor.py:840} INFO - DAG(s) 'weather_tomorrowio_pipeline' retrieved from /opt/airflow/dags/dag_tomorrowio.py
[2026-07-01T03:33:59.264+0000] {logging_mixin.py:188} INFO - [2026-07-01T03:33:59.264+0000] {dag.py:3096} INFO - Sync 1 DAGs
[2026-07-01T03:33:59.331+0000] {logging_mixin.py:188} INFO - [2026-07-01T03:33:59.331+0000] {dag.py:3954} INFO - Setting next_dagrun for weather_tomorrowio_pipeline to 2026-07-01 03:00:00+00:00, run_after=2026-07-01 04:00:00+00:00
[2026-07-01T03:33:59.338+0000] {processor.py:183} INFO - Processing /opt/airflow/dags/dag_tomorrowio.py took 0.233 seconds
[2026-07-01T03:34:29.646+0000] {processor.py:161} INFO - Started process (PID=2357) to work on /opt/airflow/dags/dag_tomorrowio.py
[2026-07-01T03:34:29.647+0000] {processor.py:830} INFO - Processing file /opt/airflow/dags/dag_tomorrowio.py for tasks to queue
[2026-07-01T03:34:29.648+0000] {logging_mixin.py:188} INFO - [2026-07-01T03:34:29.648+0000] {dagbag.py:545} INFO - Filling up the DagBag from /opt/airflow/dags/dag_tomorrowio.py
[2026-07-01T03:34:29.878+0000] {processor.py:840} INFO - DAG(s) 'weather_tomorrowio_pipeline' retrieved from /opt/airflow/dags/dag_tomorrowio.py
[2026-07-01T03:34:29.901+0000] {logging_mixin.py:188} INFO - [2026-07-01T03:34:29.900+0000] {dag.py:3096} INFO - Sync 1 DAGs
[2026-07-01T03:34:29.912+0000] {logging_mixin.py:188} INFO - [2026-07-01T03:34:29.912+0000] {dag.py:3954} INFO - Setting next_dagrun for weather_tomorrowio_pipeline to 2026-07-01 03:00:00+00:00, run_after=2026-07-01 04:00:00+00:00
[2026-07-01T03:34:29.921+0000] {processor.py:183} INFO - Processing /opt/airflow/dags/dag_tomorrowio.py took 0.283 seconds
[2026-07-01T03:35:00.803+0000] {processor.py:161} INFO - Started process (PID=2394) to work on /opt/airflow/dags/dag_tomorrowio.py
[2026-07-01T03:35:00.804+0000] {processor.py:830} INFO - Processing file /opt/airflow/dags/dag_tomorrowio.py for tasks to queue
[2026-07-01T03:35:00.805+0000] {logging_mixin.py:188} INFO - [2026-07-01T03:35:00.804+0000] {dagbag.py:545} INFO - Filling up the DagBag from /opt/airflow/dags/dag_tomorrowio.py
[2026-07-01T03:35:01.098+0000] {processor.py:840} INFO - DAG(s) 'weather_tomorrowio_pipeline' retrieved from /opt/airflow/dags/dag_tomorrowio.py
[2026-07-01T03:35:01.114+0000] {logging_mixin.py:188} INFO - [2026-07-01T03:35:01.113+0000] {dag.py:3096} INFO - Sync 1 DAGs
[2026-07-01T03:35:01.125+0000] {logging_mixin.py:188} INFO - [2026-07-01T03:35:01.125+0000] {dag.py:3954} INFO - Setting next_dagrun for weather_tomorrowio_pipeline to 2026-07-01 03:00:00+00:00, run_after=2026-07-01 04:00:00+00:00
[2026-07-01T03:35:01.134+0000] {processor.py:183} INFO - Processing /opt/airflow/dags/dag_tomorrowio.py took 0.341 seconds
[2026-07-01T03:35:31.426+0000] {processor.py:161} INFO - Started process (PID=2431) to work on /opt/airflow/dags/dag_tomorrowio.py
[2026-07-01T03:35:31.429+0000] {processor.py:830} INFO - Processing file /opt/airflow/dags/dag_tomorrowio.py for tasks to queue
[2026-07-01T03:35:31.432+0000] {logging_mixin.py:188} INFO - [2026-07-01T03:35:31.431+0000] {dagbag.py:545} INFO - Filling up the DagBag from /opt/airflow/dags/dag_tomorrowio.py
[2026-07-01T03:35:31.973+0000] {processor.py:840} INFO - DAG(s) 'weather_tomorrowio_pipeline' retrieved from /opt/airflow/dags/dag_tomorrowio.py
[2026-07-01T03:35:32.028+0000] {logging_mixin.py:188} INFO - [2026-07-01T03:35:32.027+0000] {dag.py:3096} INFO - Sync 1 DAGs
[2026-07-01T03:35:32.072+0000] {logging_mixin.py:188} INFO - [2026-07-01T03:35:32.072+0000] {dag.py:3954} INFO - Setting next_dagrun for weather_tomorrowio_pipeline to 2026-07-01 03:00:00+00:00, run_after=2026-07-01 04:00:00+00:00
[2026-07-01T03:35:32.094+0000] {processor.py:183} INFO - Processing /opt/airflow/dags/dag_tomorrowio.py took 0.689 seconds
[2026-07-01T03:36:02.681+0000] {processor.py:161} INFO - Started process (PID=2473) to work on /opt/airflow/dags/dag_tomorrowio.py
[2026-07-01T03:36:02.683+0000] {processor.py:830} INFO - Processing file /opt/airflow/dags/dag_tomorrowio.py for tasks to queue
[2026-07-01T03:36:02.684+0000] {logging_mixin.py:188} INFO - [2026-07-01T03:36:02.683+0000] {dagbag.py:545} INFO - Filling up the DagBag from /opt/airflow/dags/dag_tomorrowio.py
[2026-07-01T03:36:02.837+0000] {processor.py:840} INFO - DAG(s) 'weather_tomorrowio_pipeline' retrieved from /opt/airflow/dags/dag_tomorrowio.py
[2026-07-01T03:36:02.848+0000] {logging_mixin.py:188} INFO - [2026-07-01T03:36:02.848+0000] {dag.py:3096} INFO - Sync 1 DAGs
[2026-07-01T03:36:02.858+0000] {logging_mixin.py:188} INFO - [2026-07-01T03:36:02.858+0000] {dag.py:3954} INFO - Setting next_dagrun for weather_tomorrowio_pipeline to 2026-07-01 03:00:00+00:00, run_after=2026-07-01 04:00:00+00:00
[2026-07-01T03:36:02.927+0000] {processor.py:183} INFO - Processing /opt/airflow/dags/dag_tomorrowio.py took 0.251 seconds
[2026-07-01T03:36:33.350+0000] {processor.py:161} INFO - Started process (PID=2510) to work on /opt/airflow/dags/dag_tomorrowio.py
[2026-07-01T03:36:33.353+0000] {processor.py:830} INFO - Processing file /opt/airflow/dags/dag_tomorrowio.py for tasks to queue
[2026-07-01T03:36:33.354+0000] {logging_mixin.py:188} INFO - [2026-07-01T03:36:33.354+0000] {dagbag.py:545} INFO - Filling up the DagBag from /opt/airflow/dags/dag_tomorrowio.py
[2026-07-01T03:36:33.634+0000] {processor.py:840} INFO - DAG(s) 'weather_tomorrowio_pipeline' retrieved from /opt/airflow/dags/dag_tomorrowio.py
[2026-07-01T03:36:33.650+0000] {logging_mixin.py:188} INFO - [2026-07-01T03:36:33.650+0000] {dag.py:3096} INFO - Sync 1 DAGs
[2026-07-01T03:36:33.663+0000] {logging_mixin.py:188} INFO - [2026-07-01T03:36:33.663+0000] {dag.py:3954} INFO - Setting next_dagrun for weather_tomorrowio_pipeline to 2026-07-01 03:00:00+00:00, run_after=2026-07-01 04:00:00+00:00
[2026-07-01T03:36:33.849+0000] {processor.py:183} INFO - Processing /opt/airflow/dags/dag_tomorrowio.py took 0.509 seconds
[2026-07-01T03:37:04.716+0000] {processor.py:161} INFO - Started process (PID=2557) to work on /opt/airflow/dags/dag_tomorrowio.py
[2026-07-01T03:37:04.718+0000] {processor.py:830} INFO - Processing file /opt/airflow/dags/dag_tomorrowio.py for tasks to queue
[2026-07-01T03:37:04.719+0000] {logging_mixin.py:188} INFO - [2026-07-01T03:37:04.719+0000] {dagbag.py:545} INFO - Filling up the DagBag from /opt/airflow/dags/dag_tomorrowio.py
[2026-07-01T03:37:04.947+0000] {processor.py:840} INFO - DAG(s) 'weather_tomorrowio_pipeline' retrieved from /opt/airflow/dags/dag_tomorrowio.py
[2026-07-01T03:37:04.963+0000] {logging_mixin.py:188} INFO - [2026-07-01T03:37:04.963+0000] {dag.py:3096} INFO - Sync 1 DAGs
[2026-07-01T03:37:05.096+0000] {logging_mixin.py:188} INFO - [2026-07-01T03:37:05.096+0000] {dag.py:3954} INFO - Setting next_dagrun for weather_tomorrowio_pipeline to 2026-07-01 03:00:00+00:00, run_after=2026-07-01 04:00:00+00:00
[2026-07-01T03:37:05.105+0000] {processor.py:183} INFO - Processing /opt/airflow/dags/dag_tomorrowio.py took 0.398 seconds
[2026-07-01T03:37:35.869+0000] {processor.py:161} INFO - Started process (PID=2651) to work on /opt/airflow/dags/dag_tomorrowio.py
[2026-07-01T03:37:35.871+0000] {processor.py:830} INFO - Processing file /opt/airflow/dags/dag_tomorrowio.py for tasks to queue
[2026-07-01T03:37:35.872+0000] {logging_mixin.py:188} INFO - [2026-07-01T03:37:35.871+0000] {dagbag.py:545} INFO - Filling up the DagBag from /opt/airflow/dags/dag_tomorrowio.py
[2026-07-01T03:37:36.176+0000] {processor.py:840} INFO - DAG(s) 'weather_tomorrowio_pipeline' retrieved from /opt/airflow/dags/dag_tomorrowio.py
[2026-07-01T03:37:36.201+0000] {logging_mixin.py:188} INFO - [2026-07-01T03:37:36.200+0000] {dag.py:3096} INFO - Sync 1 DAGs
[2026-07-01T03:37:36.214+0000] {logging_mixin.py:188} INFO - [2026-07-01T03:37:36.214+0000] {dag.py:3954} INFO - Setting next_dagrun for weather_tomorrowio_pipeline to 2026-07-01 03:00:00+00:00, run_after=2026-07-01 04:00:00+00:00
[2026-07-01T03:37:36.222+0000] {processor.py:183} INFO - Processing /opt/airflow/dags/dag_tomorrowio.py took 0.361 seconds
[2026-07-01T03:38:07.044+0000] {processor.py:161} INFO - Started process (PID=2688) to work on /opt/airflow/dags/dag_tomorrowio.py
[2026-07-01T03:38:07.046+0000] {processor.py:830} INFO - Processing file /opt/airflow/dags/dag_tomorrowio.py for tasks to queue
[2026-07-01T03:38:07.047+0000] {logging_mixin.py:188} INFO - [2026-07-01T03:38:07.047+0000] {dagbag.py:545} INFO - Filling up the DagBag from /opt/airflow/dags/dag_tomorrowio.py
[2026-07-01T03:38:07.195+0000] {processor.py:840} INFO - DAG(s) 'weather_tomorrowio_pipeline' retrieved from /opt/airflow/dags/dag_tomorrowio.py
[2026-07-01T03:38:07.204+0000] {logging_mixin.py:188} INFO - [2026-07-01T03:38:07.204+0000] {dag.py:3096} INFO - Sync 1 DAGs
[2026-07-01T03:38:07.211+0000] {logging_mixin.py:188} INFO - [2026-07-01T03:38:07.211+0000] {dag.py:3954} INFO - Setting next_dagrun for weather_tomorrowio_pipeline to 2026-07-01 03:00:00+00:00, run_after=2026-07-01 04:00:00+00:00
[2026-07-01T03:38:07.218+0000] {processor.py:183} INFO - Processing /opt/airflow/dags/dag_tomorrowio.py took 0.181 seconds
[2026-07-01T03:38:37.769+0000] {processor.py:161} INFO - Started process (PID=2725) to work on /opt/airflow/dags/dag_tomorrowio.py
[2026-07-01T03:38:37.772+0000] {processor.py:830} INFO - Processing file /opt/airflow/dags/dag_tomorrowio.py for tasks to queue
[2026-07-01T03:38:37.773+0000] {logging_mixin.py:188} INFO - [2026-07-01T03:38:37.773+0000] {dagbag.py:545} INFO - Filling up the DagBag from /opt/airflow/dags/dag_tomorrowio.py
[2026-07-01T03:38:38.016+0000] {processor.py:840} INFO - DAG(s) 'weather_tomorrowio_pipeline' retrieved from /opt/airflow/dags/dag_tomorrowio.py
[2026-07-01T03:38:38.031+0000] {logging_mixin.py:188} INFO - [2026-07-01T03:38:38.030+0000] {dag.py:3096} INFO - Sync 1 DAGs
[2026-07-01T03:38:38.040+0000] {logging_mixin.py:188} INFO - [2026-07-01T03:38:38.040+0000] {dag.py:3954} INFO - Setting next_dagrun for weather_tomorrowio_pipeline to 2026-07-01 03:00:00+00:00, run_after=2026-07-01 04:00:00+00:00
[2026-07-01T03:38:38.048+0000] {processor.py:183} INFO - Processing /opt/airflow/dags/dag_tomorrowio.py took 0.289 seconds
[2026-07-01T03:39:08.290+0000] {processor.py:161} INFO - Started process (PID=2762) to work on /opt/airflow/dags/dag_tomorrowio.py
[2026-07-01T03:39:08.294+0000] {processor.py:830} INFO - Processing file /opt/airflow/dags/dag_tomorrowio.py for tasks to queue
[2026-07-01T03:39:08.295+0000] {logging_mixin.py:188} INFO - [2026-07-01T03:39:08.295+0000] {dagbag.py:545} INFO - Filling up the DagBag from /opt/airflow/dags/dag_tomorrowio.py
[2026-07-01T03:39:08.518+0000] {processor.py:840} INFO - DAG(s) 'weather_tomorrowio_pipeline' retrieved from /opt/airflow/dags/dag_tomorrowio.py
[2026-07-01T03:39:08.529+0000] {logging_mixin.py:188} INFO - [2026-07-01T03:39:08.529+0000] {dag.py:3096} INFO - Sync 1 DAGs
[2026-07-01T03:39:08.538+0000] {logging_mixin.py:188} INFO - [2026-07-01T03:39:08.538+0000] {dag.py:3954} INFO - Setting next_dagrun for weather_tomorrowio_pipeline to 2026-07-01 03:00:00+00:00, run_after=2026-07-01 04:00:00+00:00
[2026-07-01T03:39:08.670+0000] {processor.py:183} INFO - Processing /opt/airflow/dags/dag_tomorrowio.py took 0.400 seconds
[2026-07-01T03:39:39.449+0000] {processor.py:161} INFO - Started process (PID=2804) to work on /opt/airflow/dags/dag_tomorrowio.py
[2026-07-01T03:39:39.451+0000] {processor.py:830} INFO - Processing file /opt/airflow/dags/dag_tomorrowio.py for tasks to queue
[2026-07-01T03:39:39.452+0000] {logging_mixin.py:188} INFO - [2026-07-01T03:39:39.452+0000] {dagbag.py:545} INFO - Filling up the DagBag from /opt/airflow/dags/dag_tomorrowio.py
[2026-07-01T03:39:39.840+0000] {processor.py:840} INFO - DAG(s) 'weather_tomorrowio_pipeline' retrieved from /opt/airflow/dags/dag_tomorrowio.py
[2026-07-01T03:39:39.866+0000] {logging_mixin.py:188} INFO - [2026-07-01T03:39:39.865+0000] {dag.py:3096} INFO - Sync 1 DAGs
[2026-07-01T03:39:40.102+0000] {logging_mixin.py:188} INFO - [2026-07-01T03:39:40.102+0000] {dag.py:3954} INFO - Setting next_dagrun for weather_tomorrowio_pipeline to 2026-07-01 03:00:00+00:00, run_after=2026-07-01 04:00:00+00:00
[2026-07-01T03:39:40.110+0000] {processor.py:183} INFO - Processing /opt/airflow/dags/dag_tomorrowio.py took 0.673 seconds
[2026-07-01T03:40:10.812+0000] {processor.py:161} INFO - Started process (PID=2841) to work on /opt/airflow/dags/dag_tomorrowio.py
[2026-07-01T03:40:10.814+0000] {processor.py:830} INFO - Processing file /opt/airflow/dags/dag_tomorrowio.py for tasks to queue
[2026-07-01T03:40:10.815+0000] {logging_mixin.py:188} INFO - [2026-07-01T03:40:10.814+0000] {dagbag.py:545} INFO - Filling up the DagBag from /opt/airflow/dags/dag_tomorrowio.py
[2026-07-01T03:40:11.253+0000] {processor.py:840} INFO - DAG(s) 'weather_tomorrowio_pipeline' retrieved from /opt/airflow/dags/dag_tomorrowio.py
[2026-07-01T03:40:11.291+0000] {logging_mixin.py:188} INFO - [2026-07-01T03:40:11.289+0000] {dag.py:3096} INFO - Sync 1 DAGs
[2026-07-01T03:40:11.526+0000] {logging_mixin.py:188} INFO - [2026-07-01T03:40:11.526+0000] {dag.py:3954} INFO - Setting next_dagrun for weather_tomorrowio_pipeline to 2026-07-01 03:00:00+00:00, run_after=2026-07-01 04:00:00+00:00
[2026-07-01T03:40:11.536+0000] {processor.py:183} INFO - Processing /opt/airflow/dags/dag_tomorrowio.py took 0.740 seconds
[2026-07-01T03:40:42.186+0000] {processor.py:161} INFO - Started process (PID=2888) to work on /opt/airflow/dags/dag_tomorrowio.py
[2026-07-01T03:40:42.188+0000] {processor.py:830} INFO - Processing file /opt/airflow/dags/dag_tomorrowio.py for tasks to queue
[2026-07-01T03:40:42.189+0000] {logging_mixin.py:188} INFO - [2026-07-01T03:40:42.188+0000] {dagbag.py:545} INFO - Filling up the DagBag from /opt/airflow/dags/dag_tomorrowio.py
[2026-07-01T03:40:42.425+0000] {processor.py:840} INFO - DAG(s) 'weather_tomorrowio_pipeline' retrieved from /opt/airflow/dags/dag_tomorrowio.py
[2026-07-01T03:40:42.443+0000] {logging_mixin.py:188} INFO - [2026-07-01T03:40:42.443+0000] {dag.py:3096} INFO - Sync 1 DAGs
[2026-07-01T03:40:42.455+0000] {logging_mixin.py:188} INFO - [2026-07-01T03:40:42.454+0000] {dag.py:3954} INFO - Setting next_dagrun for weather_tomorrowio_pipeline to 2026-07-01 03:00:00+00:00, run_after=2026-07-01 04:00:00+00:00
[2026-07-01T03:40:42.464+0000] {processor.py:183} INFO - Processing /opt/airflow/dags/dag_tomorrowio.py took 0.289 seconds
[2026-07-01T03:41:12.765+0000] {processor.py:161} INFO - Started process (PID=2930) to work on /opt/airflow/dags/dag_tomorrowio.py
[2026-07-01T03:41:12.767+0000] {processor.py:830} INFO - Processing file /opt/airflow/dags/dag_tomorrowio.py for tasks to queue
[2026-07-01T03:41:12.767+0000] {logging_mixin.py:188} INFO - [2026-07-01T03:41:12.767+0000] {dagbag.py:545} INFO - Filling up the DagBag from /opt/airflow/dags/dag_tomorrowio.py
[2026-07-01T03:41:13.129+0000] {processor.py:840} INFO - DAG(s) 'weather_tomorrowio_pipeline' retrieved from /opt/airflow/dags/dag_tomorrowio.py
[2026-07-01T03:41:13.151+0000] {logging_mixin.py:188} INFO - [2026-07-01T03:41:13.150+0000] {dag.py:3096} INFO - Sync 1 DAGs
[2026-07-01T03:41:13.164+0000] {logging_mixin.py:188} INFO - [2026-07-01T03:41:13.164+0000] {dag.py:3954} INFO - Setting next_dagrun for weather_tomorrowio_pipeline to 2026-07-01 03:00:00+00:00, run_after=2026-07-01 04:00:00+00:00
[2026-07-01T03:41:13.176+0000] {processor.py:183} INFO - Processing /opt/airflow/dags/dag_tomorrowio.py took 0.420 seconds
[2026-07-01T03:41:43.385+0000] {processor.py:161} INFO - Started process (PID=3019) to work on /opt/airflow/dags/dag_tomorrowio.py
[2026-07-01T03:41:43.387+0000] {processor.py:830} INFO - Processing file /opt/airflow/dags/dag_tomorrowio.py for tasks to queue
[2026-07-01T03:41:43.388+0000] {logging_mixin.py:188} INFO - [2026-07-01T03:41:43.387+0000] {dagbag.py:545} INFO - Filling up the DagBag from /opt/airflow/dags/dag_tomorrowio.py
[2026-07-01T03:41:43.678+0000] {processor.py:840} INFO - DAG(s) 'weather_tomorrowio_pipeline' retrieved from /opt/airflow/dags/dag_tomorrowio.py
[2026-07-01T03:41:43.690+0000] {logging_mixin.py:188} INFO - [2026-07-01T03:41:43.690+0000] {dag.py:3096} INFO - Sync 1 DAGs
[2026-07-01T03:41:43.700+0000] {logging_mixin.py:188} INFO - [2026-07-01T03:41:43.700+0000] {dag.py:3954} INFO - Setting next_dagrun for weather_tomorrowio_pipeline to 2026-07-01 03:00:00+00:00, run_after=2026-07-01 04:00:00+00:00
[2026-07-01T03:41:43.842+0000] {processor.py:183} INFO - Processing /opt/airflow/dags/dag_tomorrowio.py took 0.463 seconds
[2026-07-01T03:46:42.250+0000] {processor.py:161} INFO - Started process (PID=227) to work on /opt/airflow/dags/dag_tomorrowio.py
[2026-07-01T03:46:42.252+0000] {processor.py:830} INFO - Processing file /opt/airflow/dags/dag_tomorrowio.py for tasks to queue
[2026-07-01T03:46:42.254+0000] {logging_mixin.py:188} INFO - [2026-07-01T03:46:42.254+0000] {dagbag.py:545} INFO - Filling up the DagBag from /opt/airflow/dags/dag_tomorrowio.py
[2026-07-01T03:46:42.861+0000] {processor.py:840} INFO - DAG(s) 'weather_tomorrowio_pipeline' retrieved from /opt/airflow/dags/dag_tomorrowio.py
[2026-07-01T03:46:42.906+0000] {logging_mixin.py:188} INFO - [2026-07-01T03:46:42.906+0000] {dag.py:3096} INFO - Sync 1 DAGs
[2026-07-01T03:46:43.061+0000] {logging_mixin.py:188} INFO - [2026-07-01T03:46:43.061+0000] {dag.py:3954} INFO - Setting next_dagrun for weather_tomorrowio_pipeline to 2026-07-01 02:00:00+00:00, run_after=2026-07-01 03:00:00+00:00
[2026-07-01T03:46:43.069+0000] {processor.py:183} INFO - Processing /opt/airflow/dags/dag_tomorrowio.py took 0.827 seconds
[2026-07-01T03:47:13.583+0000] {processor.py:161} INFO - Started process (PID=572) to work on /opt/airflow/dags/dag_tomorrowio.py
[2026-07-01T03:47:13.584+0000] {processor.py:830} INFO - Processing file /opt/airflow/dags/dag_tomorrowio.py for tasks to queue
[2026-07-01T03:47:13.585+0000] {logging_mixin.py:188} INFO - [2026-07-01T03:47:13.585+0000] {dagbag.py:545} INFO - Filling up the DagBag from /opt/airflow/dags/dag_tomorrowio.py
[2026-07-01T03:47:13.879+0000] {processor.py:840} INFO - DAG(s) 'weather_tomorrowio_pipeline' retrieved from /opt/airflow/dags/dag_tomorrowio.py
[2026-07-01T03:47:13.902+0000] {logging_mixin.py:188} INFO - [2026-07-01T03:47:13.901+0000] {dag.py:3096} INFO - Sync 1 DAGs
[2026-07-01T03:47:13.921+0000] {logging_mixin.py:188} INFO - [2026-07-01T03:47:13.921+0000] {dag.py:3954} INFO - Setting next_dagrun for weather_tomorrowio_pipeline to 2026-07-01 03:00:00+00:00, run_after=2026-07-01 04:00:00+00:00
[2026-07-01T03:47:13.943+0000] {processor.py:183} INFO - Processing /opt/airflow/dags/dag_tomorrowio.py took 0.372 seconds
[2026-07-01T03:47:44.504+0000] {processor.py:161} INFO - Started process (PID=652) to work on /opt/airflow/dags/dag_tomorrowio.py
[2026-07-01T03:47:44.504+0000] {processor.py:830} INFO - Processing file /opt/airflow/dags/dag_tomorrowio.py for tasks to queue
[2026-07-01T03:47:44.506+0000] {logging_mixin.py:188} INFO - [2026-07-01T03:47:44.506+0000] {dagbag.py:545} INFO - Filling up the DagBag from /opt/airflow/dags/dag_tomorrowio.py
[2026-07-01T03:47:44.736+0000] {processor.py:840} INFO - DAG(s) 'weather_tomorrowio_pipeline' retrieved from /opt/airflow/dags/dag_tomorrowio.py
[2026-07-01T03:47:44.749+0000] {logging_mixin.py:188} INFO - [2026-07-01T03:47:44.748+0000] {dag.py:3096} INFO - Sync 1 DAGs
[2026-07-01T03:47:44.759+0000] {logging_mixin.py:188} INFO - [2026-07-01T03:47:44.759+0000] {dag.py:3954} INFO - Setting next_dagrun for weather_tomorrowio_pipeline to 2026-07-01 03:00:00+00:00, run_after=2026-07-01 04:00:00+00:00
[2026-07-01T03:47:44.770+0000] {processor.py:183} INFO - Processing /opt/airflow/dags/dag_tomorrowio.py took 0.270 seconds
[2026-07-01T03:48:15.454+0000] {processor.py:161} INFO - Started process (PID=689) to work on /opt/airflow/dags/dag_tomorrowio.py
[2026-07-01T03:48:15.456+0000] {processor.py:830} INFO - Processing file /opt/airflow/dags/dag_tomorrowio.py for tasks to queue
[2026-07-01T03:48:15.461+0000] {logging_mixin.py:188} INFO - [2026-07-01T03:48:15.461+0000] {dagbag.py:545} INFO - Filling up the DagBag from /opt/airflow/dags/dag_tomorrowio.py
[2026-07-01T03:48:15.778+0000] {processor.py:840} INFO - DAG(s) 'weather_tomorrowio_pipeline' retrieved from /opt/airflow/dags/dag_tomorrowio.py
[2026-07-01T03:48:15.803+0000] {logging_mixin.py:188} INFO - [2026-07-01T03:48:15.802+0000] {dag.py:3096} INFO - Sync 1 DAGs
[2026-07-01T03:48:15.816+0000] {logging_mixin.py:188} INFO - [2026-07-01T03:48:15.816+0000] {dag.py:3954} INFO - Setting next_dagrun for weather_tomorrowio_pipeline to 2026-07-01 03:00:00+00:00, run_after=2026-07-01 04:00:00+00:00
[2026-07-01T03:48:15.830+0000] {processor.py:183} INFO - Processing /opt/airflow/dags/dag_tomorrowio.py took 0.386 seconds
[2026-07-01T03:48:46.437+0000] {processor.py:161} INFO - Started process (PID=726) to work on /opt/airflow/dags/dag_tomorrowio.py
[2026-07-01T03:48:46.438+0000] {processor.py:830} INFO - Processing file /opt/airflow/dags/dag_tomorrowio.py for tasks to queue
[2026-07-01T03:48:46.439+0000] {logging_mixin.py:188} INFO - [2026-07-01T03:48:46.439+0000] {dagbag.py:545} INFO - Filling up the DagBag from /opt/airflow/dags/dag_tomorrowio.py
[2026-07-01T03:48:46.708+0000] {processor.py:840} INFO - DAG(s) 'weather_tomorrowio_pipeline' retrieved from /opt/airflow/dags/dag_tomorrowio.py
[2026-07-01T03:48:46.726+0000] {logging_mixin.py:188} INFO - [2026-07-01T03:48:46.726+0000] {dag.py:3096} INFO - Sync 1 DAGs
[2026-07-01T03:48:46.740+0000] {logging_mixin.py:188} INFO - [2026-07-01T03:48:46.740+0000] {dag.py:3954} INFO - Setting next_dagrun for weather_tomorrowio_pipeline to 2026-07-01 03:00:00+00:00, run_after=2026-07-01 04:00:00+00:00
[2026-07-01T03:48:46.752+0000] {processor.py:183} INFO - Processing /opt/airflow/dags/dag_tomorrowio.py took 0.322 seconds
[2026-07-01T03:49:17.332+0000] {processor.py:161} INFO - Started process (PID=763) to work on /opt/airflow/dags/dag_tomorrowio.py
[2026-07-01T03:49:17.333+0000] {processor.py:830} INFO - Processing file /opt/airflow/dags/dag_tomorrowio.py for tasks to queue
[2026-07-01T03:49:17.335+0000] {logging_mixin.py:188} INFO - [2026-07-01T03:49:17.335+0000] {dagbag.py:545} INFO - Filling up the DagBag from /opt/airflow/dags/dag_tomorrowio.py
[2026-07-01T03:49:17.615+0000] {processor.py:840} INFO - DAG(s) 'weather_tomorrowio_pipeline' retrieved from /opt/airflow/dags/dag_tomorrowio.py
[2026-07-01T03:49:17.634+0000] {logging_mixin.py:188} INFO - [2026-07-01T03:49:17.634+0000] {dag.py:3096} INFO - Sync 1 DAGs
[2026-07-01T03:49:17.651+0000] {logging_mixin.py:188} INFO - [2026-07-01T03:49:17.651+0000] {dag.py:3954} INFO - Setting next_dagrun for weather_tomorrowio_pipeline to 2026-07-01 03:00:00+00:00, run_after=2026-07-01 04:00:00+00:00
[2026-07-01T03:49:17.666+0000] {processor.py:183} INFO - Processing /opt/airflow/dags/dag_tomorrowio.py took 0.338 seconds
[2026-07-01T03:49:48.314+0000] {processor.py:161} INFO - Started process (PID=800) to work on /opt/airflow/dags/dag_tomorrowio.py
[2026-07-01T03:49:48.316+0000] {processor.py:830} INFO - Processing file /opt/airflow/dags/dag_tomorrowio.py for tasks to queue
[2026-07-01T03:49:48.317+0000] {logging_mixin.py:188} INFO - [2026-07-01T03:49:48.317+0000] {dagbag.py:545} INFO - Filling up the DagBag from /opt/airflow/dags/dag_tomorrowio.py
[2026-07-01T03:49:48.622+0000] {processor.py:840} INFO - DAG(s) 'weather_tomorrowio_pipeline' retrieved from /opt/airflow/dags/dag_tomorrowio.py
[2026-07-01T03:49:48.651+0000] {logging_mixin.py:188} INFO - [2026-07-01T03:49:48.650+0000] {dag.py:3096} INFO - Sync 1 DAGs
[2026-07-01T03:49:48.663+0000] {logging_mixin.py:188} INFO - [2026-07-01T03:49:48.663+0000] {dag.py:3954} INFO - Setting next_dagrun for weather_tomorrowio_pipeline to 2026-07-01 03:00:00+00:00, run_after=2026-07-01 04:00:00+00:00
[2026-07-01T03:49:48.674+0000] {processor.py:183} INFO - Processing /opt/airflow/dags/dag_tomorrowio.py took 0.364 seconds
[2026-07-01T03:50:19.278+0000] {processor.py:161} INFO - Started process (PID=837) to work on /opt/airflow/dags/dag_tomorrowio.py
[2026-07-01T03:50:19.279+0000] {processor.py:830} INFO - Processing file /opt/airflow/dags/dag_tomorrowio.py for tasks to queue
[2026-07-01T03:50:19.281+0000] {logging_mixin.py:188} INFO - [2026-07-01T03:50:19.281+0000] {dagbag.py:545} INFO - Filling up the DagBag from /opt/airflow/dags/dag_tomorrowio.py
[2026-07-01T03:50:19.486+0000] {processor.py:840} INFO - DAG(s) 'weather_tomorrowio_pipeline' retrieved from /opt/airflow/dags/dag_tomorrowio.py
[2026-07-01T03:50:19.500+0000] {logging_mixin.py:188} INFO - [2026-07-01T03:50:19.500+0000] {dag.py:3096} INFO - Sync 1 DAGs
[2026-07-01T03:50:19.511+0000] {logging_mixin.py:188} INFO - [2026-07-01T03:50:19.511+0000] {dag.py:3954} INFO - Setting next_dagrun for weather_tomorrowio_pipeline to 2026-07-01 03:00:00+00:00, run_after=2026-07-01 04:00:00+00:00
[2026-07-01T03:50:19.637+0000] {processor.py:183} INFO - Processing /opt/airflow/dags/dag_tomorrowio.py took 0.363 seconds
[2026-07-01T03:50:50.265+0000] {processor.py:161} INFO - Started process (PID=874) to work on /opt/airflow/dags/dag_tomorrowio.py
[2026-07-01T03:50:50.266+0000] {processor.py:830} INFO - Processing file /opt/airflow/dags/dag_tomorrowio.py for tasks to queue
[2026-07-01T03:50:50.268+0000] {logging_mixin.py:188} INFO - [2026-07-01T03:50:50.268+0000] {dagbag.py:545} INFO - Filling up the DagBag from /opt/airflow/dags/dag_tomorrowio.py
[2026-07-01T03:50:50.542+0000] {processor.py:840} INFO - DAG(s) 'weather_tomorrowio_pipeline' retrieved from /opt/airflow/dags/dag_tomorrowio.py
[2026-07-01T03:50:50.557+0000] {logging_mixin.py:188} INFO - [2026-07-01T03:50:50.557+0000] {dag.py:3096} INFO - Sync 1 DAGs
[2026-07-01T03:50:50.570+0000] {logging_mixin.py:188} INFO - [2026-07-01T03:50:50.569+0000] {dag.py:3954} INFO - Setting next_dagrun for weather_tomorrowio_pipeline to 2026-07-01 03:00:00+00:00, run_after=2026-07-01 04:00:00+00:00
[2026-07-01T03:50:50.579+0000] {processor.py:183} INFO - Processing /opt/airflow/dags/dag_tomorrowio.py took 0.318 seconds
[2026-07-01T03:51:21.260+0000] {processor.py:161} INFO - Started process (PID=911) to work on /opt/airflow/dags/dag_tomorrowio.py
[2026-07-01T03:51:21.262+0000] {processor.py:830} INFO - Processing file /opt/airflow/dags/dag_tomorrowio.py for tasks to queue
[2026-07-01T03:51:21.263+0000] {logging_mixin.py:188} INFO - [2026-07-01T03:51:21.263+0000] {dagbag.py:545} INFO - Filling up the DagBag from /opt/airflow/dags/dag_tomorrowio.py
[2026-07-01T03:51:21.498+0000] {processor.py:840} INFO - DAG(s) 'weather_tomorrowio_pipeline' retrieved from /opt/airflow/dags/dag_tomorrowio.py
[2026-07-01T03:51:21.518+0000] {logging_mixin.py:188} INFO - [2026-07-01T03:51:21.517+0000] {dag.py:3096} INFO - Sync 1 DAGs
[2026-07-01T03:51:21.531+0000] {logging_mixin.py:188} INFO - [2026-07-01T03:51:21.531+0000] {dag.py:3954} INFO - Setting next_dagrun for weather_tomorrowio_pipeline to 2026-07-01 03:00:00+00:00, run_after=2026-07-01 04:00:00+00:00
[2026-07-01T03:51:21.543+0000] {processor.py:183} INFO - Processing /opt/airflow/dags/dag_tomorrowio.py took 0.288 seconds
[2026-07-01T03:51:52.177+0000] {processor.py:161} INFO - Started process (PID=948) to work on /opt/airflow/dags/dag_tomorrowio.py
[2026-07-01T03:51:52.179+0000] {processor.py:830} INFO - Processing file /opt/airflow/dags/dag_tomorrowio.py for tasks to queue
[2026-07-01T03:51:52.180+0000] {logging_mixin.py:188} INFO - [2026-07-01T03:51:52.180+0000] {dagbag.py:545} INFO - Filling up the DagBag from /opt/airflow/dags/dag_tomorrowio.py
[2026-07-01T03:51:52.382+0000] {processor.py:840} INFO - DAG(s) 'weather_tomorrowio_pipeline' retrieved from /opt/airflow/dags/dag_tomorrowio.py
[2026-07-01T03:51:52.396+0000] {logging_mixin.py:188} INFO - [2026-07-01T03:51:52.395+0000] {dag.py:3096} INFO - Sync 1 DAGs
[2026-07-01T03:51:52.406+0000] {logging_mixin.py:188} INFO - [2026-07-01T03:51:52.406+0000] {dag.py:3954} INFO - Setting next_dagrun for weather_tomorrowio_pipeline to 2026-07-01 03:00:00+00:00, run_after=2026-07-01 04:00:00+00:00
[2026-07-01T03:51:52.415+0000] {processor.py:183} INFO - Processing /opt/airflow/dags/dag_tomorrowio.py took 0.242 seconds
[2026-07-01T03:52:23.109+0000] {processor.py:161} INFO - Started process (PID=985) to work on /opt/airflow/dags/dag_tomorrowio.py
[2026-07-01T03:52:23.110+0000] {processor.py:830} INFO - Processing file /opt/airflow/dags/dag_tomorrowio.py for tasks to queue
[2026-07-01T03:52:23.111+0000] {logging_mixin.py:188} INFO - [2026-07-01T03:52:23.111+0000] {dagbag.py:545} INFO - Filling up the DagBag from /opt/airflow/dags/dag_tomorrowio.py
[2026-07-01T03:52:23.348+0000] {processor.py:840} INFO - DAG(s) 'weather_tomorrowio_pipeline' retrieved from /opt/airflow/dags/dag_tomorrowio.py
[2026-07-01T03:52:23.362+0000] {logging_mixin.py:188} INFO - [2026-07-01T03:52:23.362+0000] {dag.py:3096} INFO - Sync 1 DAGs
[2026-07-01T03:52:23.376+0000] {logging_mixin.py:188} INFO - [2026-07-01T03:52:23.376+0000] {dag.py:3954} INFO - Setting next_dagrun for weather_tomorrowio_pipeline to 2026-07-01 03:00:00+00:00, run_after=2026-07-01 04:00:00+00:00
[2026-07-01T03:52:23.388+0000] {processor.py:183} INFO - Processing /opt/airflow/dags/dag_tomorrowio.py took 0.283 seconds
[2026-07-01T03:52:54.105+0000] {processor.py:161} INFO - Started process (PID=1022) to work on /opt/airflow/dags/dag_tomorrowio.py
[2026-07-01T03:52:54.106+0000] {processor.py:830} INFO - Processing file /opt/airflow/dags/dag_tomorrowio.py for tasks to queue
[2026-07-01T03:52:54.108+0000] {logging_mixin.py:188} INFO - [2026-07-01T03:52:54.108+0000] {dagbag.py:545} INFO - Filling up the DagBag from /opt/airflow/dags/dag_tomorrowio.py
[2026-07-01T03:52:54.390+0000] {processor.py:840} INFO - DAG(s) 'weather_tomorrowio_pipeline' retrieved from /opt/airflow/dags/dag_tomorrowio.py
[2026-07-01T03:52:54.413+0000] {logging_mixin.py:188} INFO - [2026-07-01T03:52:54.412+0000] {dag.py:3096} INFO - Sync 1 DAGs
[2026-07-01T03:52:54.430+0000] {logging_mixin.py:188} INFO - [2026-07-01T03:52:54.429+0000] {dag.py:3954} INFO - Setting next_dagrun for weather_tomorrowio_pipeline to 2026-07-01 03:00:00+00:00, run_after=2026-07-01 04:00:00+00:00
[2026-07-01T03:52:54.588+0000] {processor.py:183} INFO - Processing /opt/airflow/dags/dag_tomorrowio.py took 0.488 seconds
[2026-07-01T03:53:25.135+0000] {processor.py:161} INFO - Started process (PID=1132) to work on /opt/airflow/dags/dag_tomorrowio.py
[2026-07-01T03:53:25.140+0000] {processor.py:830} INFO - Processing file /opt/airflow/dags/dag_tomorrowio.py for tasks to queue
[2026-07-01T03:53:25.142+0000] {logging_mixin.py:188} INFO - [2026-07-01T03:53:25.141+0000] {dagbag.py:545} INFO - Filling up the DagBag from /opt/airflow/dags/dag_tomorrowio.py
[2026-07-01T03:53:25.494+0000] {processor.py:840} INFO - DAG(s) 'weather_tomorrowio_pipeline' retrieved from /opt/airflow/dags/dag_tomorrowio.py
[2026-07-01T03:53:25.524+0000] {logging_mixin.py:188} INFO - [2026-07-01T03:53:25.524+0000] {dag.py:3096} INFO - Sync 1 DAGs
[2026-07-01T03:53:25.550+0000] {logging_mixin.py:188} INFO - [2026-07-01T03:53:25.550+0000] {dag.py:3954} INFO - Setting next_dagrun for weather_tomorrowio_pipeline to 2026-07-01 03:00:00+00:00, run_after=2026-07-01 04:00:00+00:00
[2026-07-01T03:53:25.560+0000] {processor.py:183} INFO - Processing /opt/airflow/dags/dag_tomorrowio.py took 0.429 seconds
[2026-07-01T03:53:56.100+0000] {processor.py:161} INFO - Started process (PID=1322) to work on /opt/airflow/dags/dag_tomorrowio.py
[2026-07-01T03:53:56.101+0000] {processor.py:830} INFO - Processing file /opt/airflow/dags/dag_tomorrowio.py for tasks to queue
[2026-07-01T03:53:56.104+0000] {logging_mixin.py:188} INFO - [2026-07-01T03:53:56.103+0000] {dagbag.py:545} INFO - Filling up the DagBag from /opt/airflow/dags/dag_tomorrowio.py
[2026-07-01T03:53:56.361+0000] {processor.py:840} INFO - DAG(s) 'weather_tomorrowio_pipeline' retrieved from /opt/airflow/dags/dag_tomorrowio.py
[2026-07-01T03:53:56.378+0000] {logging_mixin.py:188} INFO - [2026-07-01T03:53:56.377+0000] {dag.py:3096} INFO - Sync 1 DAGs
[2026-07-01T03:53:56.389+0000] {logging_mixin.py:188} INFO - [2026-07-01T03:53:56.389+0000] {dag.py:3954} INFO - Setting next_dagrun for weather_tomorrowio_pipeline to 2026-07-01 03:00:00+00:00, run_after=2026-07-01 04:00:00+00:00
[2026-07-01T03:53:56.403+0000] {processor.py:183} INFO - Processing /opt/airflow/dags/dag_tomorrowio.py took 0.309 seconds
[2026-07-01T03:54:27.096+0000] {processor.py:161} INFO - Started process (PID=1359) to work on /opt/airflow/dags/dag_tomorrowio.py
[2026-07-01T03:54:27.098+0000] {processor.py:830} INFO - Processing file /opt/airflow/dags/dag_tomorrowio.py for tasks to queue
[2026-07-01T03:54:27.100+0000] {logging_mixin.py:188} INFO - [2026-07-01T03:54:27.100+0000] {dagbag.py:545} INFO - Filling up the DagBag from /opt/airflow/dags/dag_tomorrowio.py
[2026-07-01T03:54:27.391+0000] {processor.py:840} INFO - DAG(s) 'weather_tomorrowio_pipeline' retrieved from /opt/airflow/dags/dag_tomorrowio.py
[2026-07-01T03:54:27.412+0000] {logging_mixin.py:188} INFO - [2026-07-01T03:54:27.412+0000] {dag.py:3096} INFO - Sync 1 DAGs
[2026-07-01T03:54:27.435+0000] {logging_mixin.py:188} INFO - [2026-07-01T03:54:27.434+0000] {dag.py:3954} INFO - Setting next_dagrun for weather_tomorrowio_pipeline to 2026-07-01 03:00:00+00:00, run_after=2026-07-01 04:00:00+00:00
[2026-07-01T03:54:27.461+0000] {processor.py:183} INFO - Processing /opt/airflow/dags/dag_tomorrowio.py took 0.382 seconds
[2026-07-01T03:54:58.086+0000] {processor.py:161} INFO - Started process (PID=1763) to work on /opt/airflow/dags/dag_tomorrowio.py
[2026-07-01T03:54:58.088+0000] {processor.py:830} INFO - Processing file /opt/airflow/dags/dag_tomorrowio.py for tasks to queue
[2026-07-01T03:54:58.090+0000] {logging_mixin.py:188} INFO - [2026-07-01T03:54:58.090+0000] {dagbag.py:545} INFO - Filling up the DagBag from /opt/airflow/dags/dag_tomorrowio.py
[2026-07-01T03:54:58.320+0000] {processor.py:840} INFO - DAG(s) 'weather_tomorrowio_pipeline' retrieved from /opt/airflow/dags/dag_tomorrowio.py
[2026-07-01T03:54:58.337+0000] {logging_mixin.py:188} INFO - [2026-07-01T03:54:58.337+0000] {dag.py:3096} INFO - Sync 1 DAGs
[2026-07-01T03:54:58.349+0000] {logging_mixin.py:188} INFO - [2026-07-01T03:54:58.349+0000] {dag.py:3954} INFO - Setting next_dagrun for weather_tomorrowio_pipeline to 2026-07-01 03:00:00+00:00, run_after=2026-07-01 04:00:00+00:00
[2026-07-01T03:54:58.360+0000] {processor.py:183} INFO - Processing /opt/airflow/dags/dag_tomorrowio.py took 0.278 seconds
[2026-07-01T03:55:28.975+0000] {processor.py:161} INFO - Started process (PID=1800) to work on /opt/airflow/dags/dag_tomorrowio.py
[2026-07-01T03:55:28.976+0000] {processor.py:830} INFO - Processing file /opt/airflow/dags/dag_tomorrowio.py for tasks to queue
[2026-07-01T03:55:28.978+0000] {logging_mixin.py:188} INFO - [2026-07-01T03:55:28.978+0000] {dagbag.py:545} INFO - Filling up the DagBag from /opt/airflow/dags/dag_tomorrowio.py
[2026-07-01T03:55:29.235+0000] {processor.py:840} INFO - DAG(s) 'weather_tomorrowio_pipeline' retrieved from /opt/airflow/dags/dag_tomorrowio.py
[2026-07-01T03:55:29.251+0000] {logging_mixin.py:188} INFO - [2026-07-01T03:55:29.251+0000] {dag.py:3096} INFO - Sync 1 DAGs
[2026-07-01T03:55:29.268+0000] {logging_mixin.py:188} INFO - [2026-07-01T03:55:29.268+0000] {dag.py:3954} INFO - Setting next_dagrun for weather_tomorrowio_pipeline to 2026-07-01 03:00:00+00:00, run_after=2026-07-01 04:00:00+00:00
[2026-07-01T03:55:29.282+0000] {processor.py:183} INFO - Processing /opt/airflow/dags/dag_tomorrowio.py took 0.312 seconds
[2026-07-01T03:55:59.871+0000] {processor.py:161} INFO - Started process (PID=1837) to work on /opt/airflow/dags/dag_tomorrowio.py
[2026-07-01T03:55:59.874+0000] {processor.py:830} INFO - Processing file /opt/airflow/dags/dag_tomorrowio.py for tasks to queue
[2026-07-01T03:55:59.875+0000] {logging_mixin.py:188} INFO - [2026-07-01T03:55:59.875+0000] {dagbag.py:545} INFO - Filling up the DagBag from /opt/airflow/dags/dag_tomorrowio.py
[2026-07-01T03:56:00.134+0000] {processor.py:840} INFO - DAG(s) 'weather_tomorrowio_pipeline' retrieved from /opt/airflow/dags/dag_tomorrowio.py
[2026-07-01T03:56:00.160+0000] {logging_mixin.py:188} INFO - [2026-07-01T03:56:00.159+0000] {dag.py:3096} INFO - Sync 1 DAGs
[2026-07-01T03:56:00.179+0000] {logging_mixin.py:188} INFO - [2026-07-01T03:56:00.179+0000] {dag.py:3954} INFO - Setting next_dagrun for weather_tomorrowio_pipeline to 2026-07-01 03:00:00+00:00, run_after=2026-07-01 04:00:00+00:00
[2026-07-01T03:56:00.329+0000] {processor.py:183} INFO - Processing /opt/airflow/dags/dag_tomorrowio.py took 0.462 seconds
[2026-07-01T03:56:30.938+0000] {processor.py:161} INFO - Started process (PID=1874) to work on /opt/airflow/dags/dag_tomorrowio.py
[2026-07-01T03:56:30.940+0000] {processor.py:830} INFO - Processing file /opt/airflow/dags/dag_tomorrowio.py for tasks to queue
[2026-07-01T03:56:30.942+0000] {logging_mixin.py:188} INFO - [2026-07-01T03:56:30.941+0000] {dagbag.py:545} INFO - Filling up the DagBag from /opt/airflow/dags/dag_tomorrowio.py
[2026-07-01T03:56:31.770+0000] {processor.py:840} INFO - DAG(s) 'weather_tomorrowio_pipeline' retrieved from /opt/airflow/dags/dag_tomorrowio.py
[2026-07-01T03:56:31.865+0000] {logging_mixin.py:188} INFO - [2026-07-01T03:56:31.864+0000] {dag.py:3096} INFO - Sync 1 DAGs
[2026-07-01T03:56:31.920+0000] {logging_mixin.py:188} INFO - [2026-07-01T03:56:31.920+0000] {dag.py:3954} INFO - Setting next_dagrun for weather_tomorrowio_pipeline to 2026-07-01 03:00:00+00:00, run_after=2026-07-01 04:00:00+00:00
[2026-07-01T03:56:31.956+0000] {processor.py:183} INFO - Processing /opt/airflow/dags/dag_tomorrowio.py took 1.024 seconds
[2026-07-01T03:57:02.165+0000] {processor.py:161} INFO - Started process (PID=1908) to work on /opt/airflow/dags/dag_tomorrowio.py
[2026-07-01T03:57:02.167+0000] {processor.py:830} INFO - Processing file /opt/airflow/dags/dag_tomorrowio.py for tasks to queue
[2026-07-01T03:57:02.169+0000] {logging_mixin.py:188} INFO - [2026-07-01T03:57:02.169+0000] {dagbag.py:545} INFO - Filling up the DagBag from /opt/airflow/dags/dag_tomorrowio.py
[2026-07-01T03:57:02.418+0000] {processor.py:840} INFO - DAG(s) 'weather_tomorrowio_pipeline' retrieved from /opt/airflow/dags/dag_tomorrowio.py
[2026-07-01T03:57:02.431+0000] {logging_mixin.py:188} INFO - [2026-07-01T03:57:02.431+0000] {dag.py:3096} INFO - Sync 1 DAGs
[2026-07-01T03:57:02.443+0000] {logging_mixin.py:188} INFO - [2026-07-01T03:57:02.443+0000] {dag.py:3954} INFO - Setting next_dagrun for weather_tomorrowio_pipeline to 2026-07-01 03:00:00+00:00, run_after=2026-07-01 04:00:00+00:00
[2026-07-01T03:57:02.453+0000] {processor.py:183} INFO - Processing /opt/airflow/dags/dag_tomorrowio.py took 0.301 seconds
[2026-07-01T03:57:33.179+0000] {processor.py:161} INFO - Started process (PID=1945) to work on /opt/airflow/dags/dag_tomorrowio.py
[2026-07-01T03:57:33.180+0000] {processor.py:830} INFO - Processing file /opt/airflow/dags/dag_tomorrowio.py for tasks to queue
[2026-07-01T03:57:33.183+0000] {logging_mixin.py:188} INFO - [2026-07-01T03:57:33.183+0000] {dagbag.py:545} INFO - Filling up the DagBag from /opt/airflow/dags/dag_tomorrowio.py
[2026-07-01T03:57:34.278+0000] {processor.py:840} INFO - DAG(s) 'weather_tomorrowio_pipeline' retrieved from /opt/airflow/dags/dag_tomorrowio.py
[2026-07-01T03:57:34.332+0000] {logging_mixin.py:188} INFO - [2026-07-01T03:57:34.332+0000] {dag.py:3096} INFO - Sync 1 DAGs
[2026-07-01T03:57:34.368+0000] {logging_mixin.py:188} INFO - [2026-07-01T03:57:34.367+0000] {dag.py:3954} INFO - Setting next_dagrun for weather_tomorrowio_pipeline to 2026-07-01 03:00:00+00:00, run_after=2026-07-01 04:00:00+00:00
[2026-07-01T03:57:34.395+0000] {processor.py:183} INFO - Processing /opt/airflow/dags/dag_tomorrowio.py took 1.231 seconds
[2026-07-01T03:58:04.678+0000] {processor.py:161} INFO - Started process (PID=1992) to work on /opt/airflow/dags/dag_tomorrowio.py
[2026-07-01T03:58:04.679+0000] {processor.py:830} INFO - Processing file /opt/airflow/dags/dag_tomorrowio.py for tasks to queue
[2026-07-01T03:58:04.680+0000] {logging_mixin.py:188} INFO - [2026-07-01T03:58:04.680+0000] {dagbag.py:545} INFO - Filling up the DagBag from /opt/airflow/dags/dag_tomorrowio.py
[2026-07-01T03:58:04.959+0000] {processor.py:840} INFO - DAG(s) 'weather_tomorrowio_pipeline' retrieved from /opt/airflow/dags/dag_tomorrowio.py
[2026-07-01T03:58:04.985+0000] {logging_mixin.py:188} INFO - [2026-07-01T03:58:04.984+0000] {dag.py:3096} INFO - Sync 1 DAGs
[2026-07-01T03:58:05.002+0000] {logging_mixin.py:188} INFO - [2026-07-01T03:58:05.002+0000] {dag.py:3954} INFO - Setting next_dagrun for weather_tomorrowio_pipeline to 2026-07-01 03:00:00+00:00, run_after=2026-07-01 04:00:00+00:00
[2026-07-01T03:58:05.014+0000] {processor.py:183} INFO - Processing /opt/airflow/dags/dag_tomorrowio.py took 0.356 seconds
[2026-07-01T03:58:35.610+0000] {processor.py:161} INFO - Started process (PID=2029) to work on /opt/airflow/dags/dag_tomorrowio.py
[2026-07-01T03:58:35.611+0000] {processor.py:830} INFO - Processing file /opt/airflow/dags/dag_tomorrowio.py for tasks to queue
[2026-07-01T03:58:35.612+0000] {logging_mixin.py:188} INFO - [2026-07-01T03:58:35.612+0000] {dagbag.py:545} INFO - Filling up the DagBag from /opt/airflow/dags/dag_tomorrowio.py
[2026-07-01T03:58:35.876+0000] {processor.py:840} INFO - DAG(s) 'weather_tomorrowio_pipeline' retrieved from /opt/airflow/dags/dag_tomorrowio.py
[2026-07-01T03:58:35.891+0000] {logging_mixin.py:188} INFO - [2026-07-01T03:58:35.891+0000] {dag.py:3096} INFO - Sync 1 DAGs
[2026-07-01T03:58:35.902+0000] {logging_mixin.py:188} INFO - [2026-07-01T03:58:35.902+0000] {dag.py:3954} INFO - Setting next_dagrun for weather_tomorrowio_pipeline to 2026-07-01 03:00:00+00:00, run_after=2026-07-01 04:00:00+00:00
[2026-07-01T03:58:36.046+0000] {processor.py:183} INFO - Processing /opt/airflow/dags/dag_tomorrowio.py took 0.441 seconds
[2026-07-01T03:59:06.345+0000] {processor.py:161} INFO - Started process (PID=2066) to work on /opt/airflow/dags/dag_tomorrowio.py
[2026-07-01T03:59:06.347+0000] {processor.py:830} INFO - Processing file /opt/airflow/dags/dag_tomorrowio.py for tasks to queue
[2026-07-01T03:59:06.348+0000] {logging_mixin.py:188} INFO - [2026-07-01T03:59:06.348+0000] {dagbag.py:545} INFO - Filling up the DagBag from /opt/airflow/dags/dag_tomorrowio.py
[2026-07-01T03:59:06.615+0000] {processor.py:840} INFO - DAG(s) 'weather_tomorrowio_pipeline' retrieved from /opt/airflow/dags/dag_tomorrowio.py
[2026-07-01T03:59:06.629+0000] {logging_mixin.py:188} INFO - [2026-07-01T03:59:06.629+0000] {dag.py:3096} INFO - Sync 1 DAGs
[2026-07-01T03:59:06.834+0000] {logging_mixin.py:188} INFO - [2026-07-01T03:59:06.834+0000] {dag.py:3954} INFO - Setting next_dagrun for weather_tomorrowio_pipeline to 2026-07-01 03:00:00+00:00, run_after=2026-07-01 04:00:00+00:00
[2026-07-01T03:59:06.843+0000] {processor.py:183} INFO - Processing /opt/airflow/dags/dag_tomorrowio.py took 0.506 seconds
[2026-07-01T03:59:37.150+0000] {processor.py:161} INFO - Started process (PID=2103) to work on /opt/airflow/dags/dag_tomorrowio.py
[2026-07-01T03:59:37.152+0000] {processor.py:830} INFO - Processing file /opt/airflow/dags/dag_tomorrowio.py for tasks to queue
[2026-07-01T03:59:37.153+0000] {logging_mixin.py:188} INFO - [2026-07-01T03:59:37.153+0000] {dagbag.py:545} INFO - Filling up the DagBag from /opt/airflow/dags/dag_tomorrowio.py
[2026-07-01T03:59:37.400+0000] {processor.py:840} INFO - DAG(s) 'weather_tomorrowio_pipeline' retrieved from /opt/airflow/dags/dag_tomorrowio.py
[2026-07-01T03:59:37.413+0000] {logging_mixin.py:188} INFO - [2026-07-01T03:59:37.413+0000] {dag.py:3096} INFO - Sync 1 DAGs
[2026-07-01T03:59:37.423+0000] {logging_mixin.py:188} INFO - [2026-07-01T03:59:37.423+0000] {dag.py:3954} INFO - Setting next_dagrun for weather_tomorrowio_pipeline to 2026-07-01 03:00:00+00:00, run_after=2026-07-01 04:00:00+00:00
[2026-07-01T03:59:37.431+0000] {processor.py:183} INFO - Processing /opt/airflow/dags/dag_tomorrowio.py took 0.302 seconds
[2026-07-01T04:00:07.903+0000] {processor.py:161} INFO - Started process (PID=2348) to work on /opt/airflow/dags/dag_tomorrowio.py
[2026-07-01T04:00:07.904+0000] {processor.py:830} INFO - Processing file /opt/airflow/dags/dag_tomorrowio.py for tasks to queue
[2026-07-01T04:00:07.905+0000] {logging_mixin.py:188} INFO - [2026-07-01T04:00:07.905+0000] {dagbag.py:545} INFO - Filling up the DagBag from /opt/airflow/dags/dag_tomorrowio.py
[2026-07-01T04:00:08.144+0000] {processor.py:840} INFO - DAG(s) 'weather_tomorrowio_pipeline' retrieved from /opt/airflow/dags/dag_tomorrowio.py
[2026-07-01T04:00:08.156+0000] {logging_mixin.py:188} INFO - [2026-07-01T04:00:08.156+0000] {dag.py:3096} INFO - Sync 1 DAGs
[2026-07-01T04:00:08.166+0000] {logging_mixin.py:188} INFO - [2026-07-01T04:00:08.165+0000] {dag.py:3954} INFO - Setting next_dagrun for weather_tomorrowio_pipeline to 2026-07-01 04:00:00+00:00, run_after=2026-07-01 05:00:00+00:00
[2026-07-01T04:00:08.173+0000] {processor.py:183} INFO - Processing /opt/airflow/dags/dag_tomorrowio.py took 0.275 seconds
[2026-07-01T04:00:38.810+0000] {processor.py:161} INFO - Started process (PID=2385) to work on /opt/airflow/dags/dag_tomorrowio.py
[2026-07-01T04:00:38.812+0000] {processor.py:830} INFO - Processing file /opt/airflow/dags/dag_tomorrowio.py for tasks to queue
[2026-07-01T04:00:38.813+0000] {logging_mixin.py:188} INFO - [2026-07-01T04:00:38.813+0000] {dagbag.py:545} INFO - Filling up the DagBag from /opt/airflow/dags/dag_tomorrowio.py
[2026-07-01T04:00:39.079+0000] {processor.py:840} INFO - DAG(s) 'weather_tomorrowio_pipeline' retrieved from /opt/airflow/dags/dag_tomorrowio.py
[2026-07-01T04:00:39.093+0000] {logging_mixin.py:188} INFO - [2026-07-01T04:00:39.093+0000] {dag.py:3096} INFO - Sync 1 DAGs
[2026-07-01T04:00:39.106+0000] {logging_mixin.py:188} INFO - [2026-07-01T04:00:39.106+0000] {dag.py:3954} INFO - Setting next_dagrun for weather_tomorrowio_pipeline to 2026-07-01 04:00:00+00:00, run_after=2026-07-01 05:00:00+00:00
[2026-07-01T04:00:39.117+0000] {processor.py:183} INFO - Processing /opt/airflow/dags/dag_tomorrowio.py took 0.317 seconds
[2026-07-01T04:01:09.699+0000] {processor.py:161} INFO - Started process (PID=2422) to work on /opt/airflow/dags/dag_tomorrowio.py
[2026-07-01T04:01:09.702+0000] {processor.py:830} INFO - Processing file /opt/airflow/dags/dag_tomorrowio.py for tasks to queue
[2026-07-01T04:01:09.705+0000] {logging_mixin.py:188} INFO - [2026-07-01T04:01:09.705+0000] {dagbag.py:545} INFO - Filling up the DagBag from /opt/airflow/dags/dag_tomorrowio.py
[2026-07-01T04:01:09.940+0000] {processor.py:840} INFO - DAG(s) 'weather_tomorrowio_pipeline' retrieved from /opt/airflow/dags/dag_tomorrowio.py
[2026-07-01T04:01:09.961+0000] {logging_mixin.py:188} INFO - [2026-07-01T04:01:09.961+0000] {dag.py:3096} INFO - Sync 1 DAGs
[2026-07-01T04:01:09.976+0000] {logging_mixin.py:188} INFO - [2026-07-01T04:01:09.976+0000] {dag.py:3954} INFO - Setting next_dagrun for weather_tomorrowio_pipeline to 2026-07-01 04:00:00+00:00, run_after=2026-07-01 05:00:00+00:00
[2026-07-01T04:01:09.987+0000] {processor.py:183} INFO - Processing /opt/airflow/dags/dag_tomorrowio.py took 0.293 seconds
[2026-07-01T04:01:40.107+0000] {processor.py:161} INFO - Started process (PID=2459) to work on /opt/airflow/dags/dag_tomorrowio.py
[2026-07-01T04:01:40.110+0000] {processor.py:830} INFO - Processing file /opt/airflow/dags/dag_tomorrowio.py for tasks to queue
[2026-07-01T04:01:40.112+0000] {logging_mixin.py:188} INFO - [2026-07-01T04:01:40.112+0000] {dagbag.py:545} INFO - Filling up the DagBag from /opt/airflow/dags/dag_tomorrowio.py
[2026-07-01T04:01:40.453+0000] {processor.py:840} INFO - DAG(s) 'weather_tomorrowio_pipeline' retrieved from /opt/airflow/dags/dag_tomorrowio.py
[2026-07-01T04:01:40.472+0000] {logging_mixin.py:188} INFO - [2026-07-01T04:01:40.472+0000] {dag.py:3096} INFO - Sync 1 DAGs
[2026-07-01T04:01:40.487+0000] {logging_mixin.py:188} INFO - [2026-07-01T04:01:40.487+0000] {dag.py:3954} INFO - Setting next_dagrun for weather_tomorrowio_pipeline to 2026-07-01 04:00:00+00:00, run_after=2026-07-01 05:00:00+00:00
[2026-07-01T04:01:40.649+0000] {processor.py:183} INFO - Processing /opt/airflow/dags/dag_tomorrowio.py took 0.553 seconds
[2026-07-01T04:02:11.615+0000] {processor.py:161} INFO - Started process (PID=2776) to work on /opt/airflow/dags/dag_tomorrowio.py
[2026-07-01T04:02:11.617+0000] {processor.py:830} INFO - Processing file /opt/airflow/dags/dag_tomorrowio.py for tasks to queue
[2026-07-01T04:02:11.619+0000] {logging_mixin.py:188} INFO - [2026-07-01T04:02:11.619+0000] {dagbag.py:545} INFO - Filling up the DagBag from /opt/airflow/dags/dag_tomorrowio.py
[2026-07-01T04:02:11.771+0000] {processor.py:840} INFO - DAG(s) 'weather_tomorrowio_pipeline' retrieved from /opt/airflow/dags/dag_tomorrowio.py
[2026-07-01T04:02:11.782+0000] {logging_mixin.py:188} INFO - [2026-07-01T04:02:11.782+0000] {dag.py:3096} INFO - Sync 1 DAGs
[2026-07-01T04:02:11.898+0000] {logging_mixin.py:188} INFO - [2026-07-01T04:02:11.898+0000] {dag.py:3954} INFO - Setting next_dagrun for weather_tomorrowio_pipeline to 2026-07-01 04:00:00+00:00, run_after=2026-07-01 05:00:00+00:00
[2026-07-01T04:02:11.906+0000] {processor.py:183} INFO - Processing /opt/airflow/dags/dag_tomorrowio.py took 0.296 seconds
[2026-07-01T04:02:42.285+0000] {processor.py:161} INFO - Started process (PID=3194) to work on /opt/airflow/dags/dag_tomorrowio.py
[2026-07-01T04:02:42.289+0000] {processor.py:830} INFO - Processing file /opt/airflow/dags/dag_tomorrowio.py for tasks to queue
[2026-07-01T04:02:42.292+0000] {logging_mixin.py:188} INFO - [2026-07-01T04:02:42.291+0000] {dagbag.py:545} INFO - Filling up the DagBag from /opt/airflow/dags/dag_tomorrowio.py
[2026-07-01T04:02:42.607+0000] {processor.py:840} INFO - DAG(s) 'weather_tomorrowio_pipeline' retrieved from /opt/airflow/dags/dag_tomorrowio.py
[2026-07-01T04:02:42.634+0000] {logging_mixin.py:188} INFO - [2026-07-01T04:02:42.634+0000] {dag.py:3096} INFO - Sync 1 DAGs
[2026-07-01T04:02:42.650+0000] {logging_mixin.py:188} INFO - [2026-07-01T04:02:42.649+0000] {dag.py:3954} INFO - Setting next_dagrun for weather_tomorrowio_pipeline to 2026-07-01 04:00:00+00:00, run_after=2026-07-01 05:00:00+00:00
[2026-07-01T04:02:42.672+0000] {processor.py:183} INFO - Processing /opt/airflow/dags/dag_tomorrowio.py took 0.407 seconds
[2026-07-01T04:03:13.290+0000] {processor.py:161} INFO - Started process (PID=3231) to work on /opt/airflow/dags/dag_tomorrowio.py
[2026-07-01T04:03:13.291+0000] {processor.py:830} INFO - Processing file /opt/airflow/dags/dag_tomorrowio.py for tasks to queue
[2026-07-01T04:03:13.293+0000] {logging_mixin.py:188} INFO - [2026-07-01T04:03:13.293+0000] {dagbag.py:545} INFO - Filling up the DagBag from /opt/airflow/dags/dag_tomorrowio.py
[2026-07-01T04:03:13.510+0000] {processor.py:840} INFO - DAG(s) 'weather_tomorrowio_pipeline' retrieved from /opt/airflow/dags/dag_tomorrowio.py
[2026-07-01T04:03:13.521+0000] {logging_mixin.py:188} INFO - [2026-07-01T04:03:13.521+0000] {dag.py:3096} INFO - Sync 1 DAGs
[2026-07-01T04:03:13.539+0000] {logging_mixin.py:188} INFO - [2026-07-01T04:03:13.539+0000] {dag.py:3954} INFO - Setting next_dagrun for weather_tomorrowio_pipeline to 2026-07-01 04:00:00+00:00, run_after=2026-07-01 05:00:00+00:00
[2026-07-01T04:03:13.549+0000] {processor.py:183} INFO - Processing /opt/airflow/dags/dag_tomorrowio.py took 0.264 seconds
[2026-07-01T04:03:44.216+0000] {processor.py:161} INFO - Started process (PID=3268) to work on /opt/airflow/dags/dag_tomorrowio.py
[2026-07-01T04:03:44.216+0000] {processor.py:830} INFO - Processing file /opt/airflow/dags/dag_tomorrowio.py for tasks to queue
[2026-07-01T04:03:44.217+0000] {logging_mixin.py:188} INFO - [2026-07-01T04:03:44.217+0000] {dagbag.py:545} INFO - Filling up the DagBag from /opt/airflow/dags/dag_tomorrowio.py
[2026-07-01T04:03:44.416+0000] {processor.py:840} INFO - DAG(s) 'weather_tomorrowio_pipeline' retrieved from /opt/airflow/dags/dag_tomorrowio.py
[2026-07-01T04:03:44.440+0000] {logging_mixin.py:188} INFO - [2026-07-01T04:03:44.439+0000] {dag.py:3096} INFO - Sync 1 DAGs
[2026-07-01T04:03:44.451+0000] {logging_mixin.py:188} INFO - [2026-07-01T04:03:44.451+0000] {dag.py:3954} INFO - Setting next_dagrun for weather_tomorrowio_pipeline to 2026-07-01 04:00:00+00:00, run_after=2026-07-01 05:00:00+00:00
[2026-07-01T04:03:44.460+0000] {processor.py:183} INFO - Processing /opt/airflow/dags/dag_tomorrowio.py took 0.250 seconds
[2026-07-01T04:04:15.065+0000] {processor.py:161} INFO - Started process (PID=3305) to work on /opt/airflow/dags/dag_tomorrowio.py
[2026-07-01T04:04:15.068+0000] {processor.py:830} INFO - Processing file /opt/airflow/dags/dag_tomorrowio.py for tasks to queue
[2026-07-01T04:04:15.070+0000] {logging_mixin.py:188} INFO - [2026-07-01T04:04:15.070+0000] {dagbag.py:545} INFO - Filling up the DagBag from /opt/airflow/dags/dag_tomorrowio.py
[2026-07-01T04:04:15.275+0000] {processor.py:840} INFO - DAG(s) 'weather_tomorrowio_pipeline' retrieved from /opt/airflow/dags/dag_tomorrowio.py
[2026-07-01T04:04:15.285+0000] {logging_mixin.py:188} INFO - [2026-07-01T04:04:15.285+0000] {dag.py:3096} INFO - Sync 1 DAGs
[2026-07-01T04:04:15.296+0000] {logging_mixin.py:188} INFO - [2026-07-01T04:04:15.296+0000] {dag.py:3954} INFO - Setting next_dagrun for weather_tomorrowio_pipeline to 2026-07-01 04:00:00+00:00, run_after=2026-07-01 05:00:00+00:00
[2026-07-01T04:04:15.307+0000] {processor.py:183} INFO - Processing /opt/airflow/dags/dag_tomorrowio.py took 0.257 seconds
[2026-07-01T04:04:46.024+0000] {processor.py:161} INFO - Started process (PID=3342) to work on /opt/airflow/dags/dag_tomorrowio.py
[2026-07-01T04:04:46.025+0000] {processor.py:830} INFO - Processing file /opt/airflow/dags/dag_tomorrowio.py for tasks to queue
[2026-07-01T04:04:46.026+0000] {logging_mixin.py:188} INFO - [2026-07-01T04:04:46.026+0000] {dagbag.py:545} INFO - Filling up the DagBag from /opt/airflow/dags/dag_tomorrowio.py
[2026-07-01T04:04:46.259+0000] {processor.py:840} INFO - DAG(s) 'weather_tomorrowio_pipeline' retrieved from /opt/airflow/dags/dag_tomorrowio.py
[2026-07-01T04:04:46.273+0000] {logging_mixin.py:188} INFO - [2026-07-01T04:04:46.273+0000] {dag.py:3096} INFO - Sync 1 DAGs
[2026-07-01T04:04:46.283+0000] {logging_mixin.py:188} INFO - [2026-07-01T04:04:46.283+0000] {dag.py:3954} INFO - Setting next_dagrun for weather_tomorrowio_pipeline to 2026-07-01 04:00:00+00:00, run_after=2026-07-01 05:00:00+00:00
[2026-07-01T04:04:46.419+0000] {processor.py:183} INFO - Processing /opt/airflow/dags/dag_tomorrowio.py took 0.400 seconds
[2026-07-01T04:05:16.996+0000] {processor.py:161} INFO - Started process (PID=3379) to work on /opt/airflow/dags/dag_tomorrowio.py
[2026-07-01T04:05:16.997+0000] {processor.py:830} INFO - Processing file /opt/airflow/dags/dag_tomorrowio.py for tasks to queue
[2026-07-01T04:05:16.998+0000] {logging_mixin.py:188} INFO - [2026-07-01T04:05:16.998+0000] {dagbag.py:545} INFO - Filling up the DagBag from /opt/airflow/dags/dag_tomorrowio.py
[2026-07-01T04:05:17.249+0000] {processor.py:840} INFO - DAG(s) 'weather_tomorrowio_pipeline' retrieved from /opt/airflow/dags/dag_tomorrowio.py
[2026-07-01T04:05:17.259+0000] {logging_mixin.py:188} INFO - [2026-07-01T04:05:17.259+0000] {dag.py:3096} INFO - Sync 1 DAGs
[2026-07-01T04:05:17.267+0000] {logging_mixin.py:188} INFO - [2026-07-01T04:05:17.267+0000] {dag.py:3954} INFO - Setting next_dagrun for weather_tomorrowio_pipeline to 2026-07-01 04:00:00+00:00, run_after=2026-07-01 05:00:00+00:00
[2026-07-01T04:05:17.275+0000] {processor.py:183} INFO - Processing /opt/airflow/dags/dag_tomorrowio.py took 0.287 seconds
[2026-07-01T04:05:47.942+0000] {processor.py:161} INFO - Started process (PID=3416) to work on /opt/airflow/dags/dag_tomorrowio.py
[2026-07-01T04:05:47.943+0000] {processor.py:830} INFO - Processing file /opt/airflow/dags/dag_tomorrowio.py for tasks to queue
[2026-07-01T04:05:47.945+0000] {logging_mixin.py:188} INFO - [2026-07-01T04:05:47.945+0000] {dagbag.py:545} INFO - Filling up the DagBag from /opt/airflow/dags/dag_tomorrowio.py
[2026-07-01T04:05:48.611+0000] {processor.py:840} INFO - DAG(s) 'weather_tomorrowio_pipeline' retrieved from /opt/airflow/dags/dag_tomorrowio.py
[2026-07-01T04:05:48.656+0000] {logging_mixin.py:188} INFO - [2026-07-01T04:05:48.656+0000] {dag.py:3096} INFO - Sync 1 DAGs
[2026-07-01T04:05:48.685+0000] {logging_mixin.py:188} INFO - [2026-07-01T04:05:48.685+0000] {dag.py:3954} INFO - Setting next_dagrun for weather_tomorrowio_pipeline to 2026-07-01 04:00:00+00:00, run_after=2026-07-01 05:00:00+00:00
[2026-07-01T04:05:48.699+0000] {processor.py:183} INFO - Processing /opt/airflow/dags/dag_tomorrowio.py took 0.764 seconds
[2026-07-01T04:06:19.428+0000] {processor.py:161} INFO - Started process (PID=3453) to work on /opt/airflow/dags/dag_tomorrowio.py
[2026-07-01T04:06:19.431+0000] {processor.py:830} INFO - Processing file /opt/airflow/dags/dag_tomorrowio.py for tasks to queue
[2026-07-01T04:06:19.434+0000] {logging_mixin.py:188} INFO - [2026-07-01T04:06:19.434+0000] {dagbag.py:545} INFO - Filling up the DagBag from /opt/airflow/dags/dag_tomorrowio.py
[2026-07-01T04:06:19.806+0000] {processor.py:840} INFO - DAG(s) 'weather_tomorrowio_pipeline' retrieved from /opt/airflow/dags/dag_tomorrowio.py
[2026-07-01T04:06:19.841+0000] {logging_mixin.py:188} INFO - [2026-07-01T04:06:19.841+0000] {dag.py:3096} INFO - Sync 1 DAGs
[2026-07-01T04:06:19.865+0000] {logging_mixin.py:188} INFO - [2026-07-01T04:06:19.865+0000] {dag.py:3954} INFO - Setting next_dagrun for weather_tomorrowio_pipeline to 2026-07-01 04:00:00+00:00, run_after=2026-07-01 05:00:00+00:00
[2026-07-01T04:06:19.879+0000] {processor.py:183} INFO - Processing /opt/airflow/dags/dag_tomorrowio.py took 0.476 seconds
[2026-07-01T04:06:50.276+0000] {processor.py:161} INFO - Started process (PID=3876) to work on /opt/airflow/dags/dag_tomorrowio.py
[2026-07-01T04:06:50.285+0000] {processor.py:830} INFO - Processing file /opt/airflow/dags/dag_tomorrowio.py for tasks to queue
[2026-07-01T04:06:50.296+0000] {logging_mixin.py:188} INFO - [2026-07-01T04:06:50.295+0000] {dagbag.py:545} INFO - Filling up the DagBag from /opt/airflow/dags/dag_tomorrowio.py
[2026-07-01T04:06:51.148+0000] {processor.py:840} INFO - DAG(s) 'weather_tomorrowio_pipeline' retrieved from /opt/airflow/dags/dag_tomorrowio.py
[2026-07-01T04:06:51.258+0000] {logging_mixin.py:188} INFO - [2026-07-01T04:06:51.258+0000] {dag.py:3096} INFO - Sync 1 DAGs
[2026-07-01T04:06:51.342+0000] {logging_mixin.py:188} INFO - [2026-07-01T04:06:51.342+0000] {dag.py:3954} INFO - Setting next_dagrun for weather_tomorrowio_pipeline to 2026-07-01 04:00:00+00:00, run_after=2026-07-01 05:00:00+00:00
[2026-07-01T04:06:51.384+0000] {processor.py:183} INFO - Processing /opt/airflow/dags/dag_tomorrowio.py took 1.144 seconds
[2026-07-01T04:07:21.516+0000] {processor.py:161} INFO - Started process (PID=4322) to work on /opt/airflow/dags/dag_tomorrowio.py
[2026-07-01T04:07:21.518+0000] {processor.py:830} INFO - Processing file /opt/airflow/dags/dag_tomorrowio.py for tasks to queue
[2026-07-01T04:07:21.520+0000] {logging_mixin.py:188} INFO - [2026-07-01T04:07:21.520+0000] {dagbag.py:545} INFO - Filling up the DagBag from /opt/airflow/dags/dag_tomorrowio.py
[2026-07-01T04:07:21.784+0000] {processor.py:840} INFO - DAG(s) 'weather_tomorrowio_pipeline' retrieved from /opt/airflow/dags/dag_tomorrowio.py
[2026-07-01T04:07:21.801+0000] {logging_mixin.py:188} INFO - [2026-07-01T04:07:21.801+0000] {dag.py:3096} INFO - Sync 1 DAGs
[2026-07-01T04:07:21.814+0000] {logging_mixin.py:188} INFO - [2026-07-01T04:07:21.814+0000] {dag.py:3954} INFO - Setting next_dagrun for weather_tomorrowio_pipeline to 2026-07-01 04:00:00+00:00, run_after=2026-07-01 05:00:00+00:00
[2026-07-01T04:07:21.981+0000] {processor.py:183} INFO - Processing /opt/airflow/dags/dag_tomorrowio.py took 0.474 seconds
[2026-07-01T04:07:52.658+0000] {processor.py:161} INFO - Started process (PID=4359) to work on /opt/airflow/dags/dag_tomorrowio.py
[2026-07-01T04:07:52.660+0000] {processor.py:830} INFO - Processing file /opt/airflow/dags/dag_tomorrowio.py for tasks to queue
[2026-07-01T04:07:52.662+0000] {logging_mixin.py:188} INFO - [2026-07-01T04:07:52.661+0000] {dagbag.py:545} INFO - Filling up the DagBag from /opt/airflow/dags/dag_tomorrowio.py
[2026-07-01T04:07:52.852+0000] {processor.py:840} INFO - DAG(s) 'weather_tomorrowio_pipeline' retrieved from /opt/airflow/dags/dag_tomorrowio.py
[2026-07-01T04:07:52.863+0000] {logging_mixin.py:188} INFO - [2026-07-01T04:07:52.863+0000] {dag.py:3096} INFO - Sync 1 DAGs
[2026-07-01T04:07:53.022+0000] {logging_mixin.py:188} INFO - [2026-07-01T04:07:53.022+0000] {dag.py:3954} INFO - Setting next_dagrun for weather_tomorrowio_pipeline to 2026-07-01 04:00:00+00:00, run_after=2026-07-01 05:00:00+00:00
[2026-07-01T04:07:53.030+0000] {processor.py:183} INFO - Processing /opt/airflow/dags/dag_tomorrowio.py took 0.380 seconds
[2026-07-01T04:08:23.542+0000] {processor.py:161} INFO - Started process (PID=4396) to work on /opt/airflow/dags/dag_tomorrowio.py
[2026-07-01T04:08:23.543+0000] {processor.py:830} INFO - Processing file /opt/airflow/dags/dag_tomorrowio.py for tasks to queue
[2026-07-01T04:08:23.544+0000] {logging_mixin.py:188} INFO - [2026-07-01T04:08:23.543+0000] {dagbag.py:545} INFO - Filling up the DagBag from /opt/airflow/dags/dag_tomorrowio.py
[2026-07-01T04:08:23.782+0000] {processor.py:840} INFO - DAG(s) 'weather_tomorrowio_pipeline' retrieved from /opt/airflow/dags/dag_tomorrowio.py
[2026-07-01T04:08:23.802+0000] {logging_mixin.py:188} INFO - [2026-07-01T04:08:23.802+0000] {dag.py:3096} INFO - Sync 1 DAGs
[2026-07-01T04:08:23.817+0000] {logging_mixin.py:188} INFO - [2026-07-01T04:08:23.817+0000] {dag.py:3954} INFO - Setting next_dagrun for weather_tomorrowio_pipeline to 2026-07-01 04:00:00+00:00, run_after=2026-07-01 05:00:00+00:00
[2026-07-01T04:08:23.829+0000] {processor.py:183} INFO - Processing /opt/airflow/dags/dag_tomorrowio.py took 0.292 seconds
[2026-07-01T04:08:54.473+0000] {processor.py:161} INFO - Started process (PID=4433) to work on /opt/airflow/dags/dag_tomorrowio.py
[2026-07-01T04:08:54.475+0000] {processor.py:830} INFO - Processing file /opt/airflow/dags/dag_tomorrowio.py for tasks to queue
[2026-07-01T04:08:54.476+0000] {logging_mixin.py:188} INFO - [2026-07-01T04:08:54.476+0000] {dagbag.py:545} INFO - Filling up the DagBag from /opt/airflow/dags/dag_tomorrowio.py
[2026-07-01T04:08:54.675+0000] {processor.py:840} INFO - DAG(s) 'weather_tomorrowio_pipeline' retrieved from /opt/airflow/dags/dag_tomorrowio.py
[2026-07-01T04:08:54.688+0000] {logging_mixin.py:188} INFO - [2026-07-01T04:08:54.688+0000] {dag.py:3096} INFO - Sync 1 DAGs
[2026-07-01T04:08:54.700+0000] {logging_mixin.py:188} INFO - [2026-07-01T04:08:54.700+0000] {dag.py:3954} INFO - Setting next_dagrun for weather_tomorrowio_pipeline to 2026-07-01 04:00:00+00:00, run_after=2026-07-01 05:00:00+00:00
[2026-07-01T04:08:54.709+0000] {processor.py:183} INFO - Processing /opt/airflow/dags/dag_tomorrowio.py took 0.241 seconds
[2026-07-01T04:09:25.266+0000] {processor.py:161} INFO - Started process (PID=4470) to work on /opt/airflow/dags/dag_tomorrowio.py
[2026-07-01T04:09:25.268+0000] {processor.py:830} INFO - Processing file /opt/airflow/dags/dag_tomorrowio.py for tasks to queue
[2026-07-01T04:09:25.270+0000] {logging_mixin.py:188} INFO - [2026-07-01T04:09:25.269+0000] {dagbag.py:545} INFO - Filling up the DagBag from /opt/airflow/dags/dag_tomorrowio.py
[2026-07-01T04:09:25.502+0000] {processor.py:840} INFO - DAG(s) 'weather_tomorrowio_pipeline' retrieved from /opt/airflow/dags/dag_tomorrowio.py
[2026-07-01T04:09:25.517+0000] {logging_mixin.py:188} INFO - [2026-07-01T04:09:25.517+0000] {dag.py:3096} INFO - Sync 1 DAGs
[2026-07-01T04:09:25.537+0000] {logging_mixin.py:188} INFO - [2026-07-01T04:09:25.537+0000] {dag.py:3954} INFO - Setting next_dagrun for weather_tomorrowio_pipeline to 2026-07-01 04:00:00+00:00, run_after=2026-07-01 05:00:00+00:00
[2026-07-01T04:09:25.546+0000] {processor.py:183} INFO - Processing /opt/airflow/dags/dag_tomorrowio.py took 0.286 seconds
[2026-07-01T04:09:56.278+0000] {processor.py:161} INFO - Started process (PID=4507) to work on /opt/airflow/dags/dag_tomorrowio.py
[2026-07-01T04:09:56.279+0000] {processor.py:830} INFO - Processing file /opt/airflow/dags/dag_tomorrowio.py for tasks to queue
[2026-07-01T04:09:56.281+0000] {logging_mixin.py:188} INFO - [2026-07-01T04:09:56.280+0000] {dagbag.py:545} INFO - Filling up the DagBag from /opt/airflow/dags/dag_tomorrowio.py
[2026-07-01T04:09:56.464+0000] {processor.py:840} INFO - DAG(s) 'weather_tomorrowio_pipeline' retrieved from /opt/airflow/dags/dag_tomorrowio.py
[2026-07-01T04:09:56.489+0000] {logging_mixin.py:188} INFO - [2026-07-01T04:09:56.489+0000] {dag.py:3096} INFO - Sync 1 DAGs
[2026-07-01T04:09:56.502+0000] {logging_mixin.py:188} INFO - [2026-07-01T04:09:56.502+0000] {dag.py:3954} INFO - Setting next_dagrun for weather_tomorrowio_pipeline to 2026-07-01 04:00:00+00:00, run_after=2026-07-01 05:00:00+00:00
[2026-07-01T04:09:56.512+0000] {processor.py:183} INFO - Processing /opt/airflow/dags/dag_tomorrowio.py took 0.239 seconds
[2026-07-01T04:10:27.158+0000] {processor.py:161} INFO - Started process (PID=4544) to work on /opt/airflow/dags/dag_tomorrowio.py
[2026-07-01T04:10:27.160+0000] {processor.py:830} INFO - Processing file /opt/airflow/dags/dag_tomorrowio.py for tasks to queue
[2026-07-01T04:10:27.162+0000] {logging_mixin.py:188} INFO - [2026-07-01T04:10:27.162+0000] {dagbag.py:545} INFO - Filling up the DagBag from /opt/airflow/dags/dag_tomorrowio.py
[2026-07-01T04:10:27.427+0000] {processor.py:840} INFO - DAG(s) 'weather_tomorrowio_pipeline' retrieved from /opt/airflow/dags/dag_tomorrowio.py
[2026-07-01T04:10:27.455+0000] {logging_mixin.py:188} INFO - [2026-07-01T04:10:27.455+0000] {dag.py:3096} INFO - Sync 1 DAGs
[2026-07-01T04:10:27.673+0000] {logging_mixin.py:188} INFO - [2026-07-01T04:10:27.673+0000] {dag.py:3954} INFO - Setting next_dagrun for weather_tomorrowio_pipeline to 2026-07-01 04:00:00+00:00, run_after=2026-07-01 05:00:00+00:00
[2026-07-01T04:10:27.683+0000] {processor.py:183} INFO - Processing /opt/airflow/dags/dag_tomorrowio.py took 0.575 seconds
[2026-07-01T04:10:57.728+0000] {processor.py:161} INFO - Started process (PID=4581) to work on /opt/airflow/dags/dag_tomorrowio.py
[2026-07-01T04:10:57.729+0000] {processor.py:830} INFO - Processing file /opt/airflow/dags/dag_tomorrowio.py for tasks to queue
[2026-07-01T04:10:57.731+0000] {logging_mixin.py:188} INFO - [2026-07-01T04:10:57.731+0000] {dagbag.py:545} INFO - Filling up the DagBag from /opt/airflow/dags/dag_tomorrowio.py
[2026-07-01T04:10:57.973+0000] {processor.py:840} INFO - DAG(s) 'weather_tomorrowio_pipeline' retrieved from /opt/airflow/dags/dag_tomorrowio.py
[2026-07-01T04:10:57.989+0000] {logging_mixin.py:188} INFO - [2026-07-01T04:10:57.989+0000] {dag.py:3096} INFO - Sync 1 DAGs
[2026-07-01T04:10:58.016+0000] {logging_mixin.py:188} INFO - [2026-07-01T04:10:58.015+0000] {dag.py:3954} INFO - Setting next_dagrun for weather_tomorrowio_pipeline to 2026-07-01 04:00:00+00:00, run_after=2026-07-01 05:00:00+00:00
[2026-07-01T04:10:58.027+0000] {processor.py:183} INFO - Processing /opt/airflow/dags/dag_tomorrowio.py took 0.305 seconds
[2026-07-01T04:11:28.578+0000] {processor.py:161} INFO - Started process (PID=4618) to work on /opt/airflow/dags/dag_tomorrowio.py
[2026-07-01T04:11:28.579+0000] {processor.py:830} INFO - Processing file /opt/airflow/dags/dag_tomorrowio.py for tasks to queue
[2026-07-01T04:11:28.581+0000] {logging_mixin.py:188} INFO - [2026-07-01T04:11:28.580+0000] {dagbag.py:545} INFO - Filling up the DagBag from /opt/airflow/dags/dag_tomorrowio.py
[2026-07-01T04:11:28.853+0000] {processor.py:840} INFO - DAG(s) 'weather_tomorrowio_pipeline' retrieved from /opt/airflow/dags/dag_tomorrowio.py
[2026-07-01T04:11:28.872+0000] {logging_mixin.py:188} INFO - [2026-07-01T04:11:28.872+0000] {dag.py:3096} INFO - Sync 1 DAGs
[2026-07-01T04:11:28.887+0000] {logging_mixin.py:188} INFO - [2026-07-01T04:11:28.887+0000] {dag.py:3954} INFO - Setting next_dagrun for weather_tomorrowio_pipeline to 2026-07-01 04:00:00+00:00, run_after=2026-07-01 05:00:00+00:00
[2026-07-01T04:11:28.899+0000] {processor.py:183} INFO - Processing /opt/airflow/dags/dag_tomorrowio.py took 0.327 seconds
[2026-07-01T04:11:59.623+0000] {processor.py:161} INFO - Started process (PID=4655) to work on /opt/airflow/dags/dag_tomorrowio.py
[2026-07-01T04:11:59.625+0000] {processor.py:830} INFO - Processing file /opt/airflow/dags/dag_tomorrowio.py for tasks to queue
[2026-07-01T04:11:59.626+0000] {logging_mixin.py:188} INFO - [2026-07-01T04:11:59.626+0000] {dagbag.py:545} INFO - Filling up the DagBag from /opt/airflow/dags/dag_tomorrowio.py
[2026-07-01T04:11:59.888+0000] {processor.py:840} INFO - DAG(s) 'weather_tomorrowio_pipeline' retrieved from /opt/airflow/dags/dag_tomorrowio.py
[2026-07-01T04:11:59.914+0000] {logging_mixin.py:188} INFO - [2026-07-01T04:11:59.913+0000] {dag.py:3096} INFO - Sync 1 DAGs
[2026-07-01T04:11:59.937+0000] {logging_mixin.py:188} INFO - [2026-07-01T04:11:59.937+0000] {dag.py:3954} INFO - Setting next_dagrun for weather_tomorrowio_pipeline to 2026-07-01 04:00:00+00:00, run_after=2026-07-01 05:00:00+00:00
[2026-07-01T04:11:59.948+0000] {processor.py:183} INFO - Processing /opt/airflow/dags/dag_tomorrowio.py took 0.333 seconds
[2026-07-01T04:12:30.587+0000] {processor.py:161} INFO - Started process (PID=4692) to work on /opt/airflow/dags/dag_tomorrowio.py
[2026-07-01T04:12:30.587+0000] {processor.py:830} INFO - Processing file /opt/airflow/dags/dag_tomorrowio.py for tasks to queue
[2026-07-01T04:12:30.588+0000] {logging_mixin.py:188} INFO - [2026-07-01T04:12:30.588+0000] {dagbag.py:545} INFO - Filling up the DagBag from /opt/airflow/dags/dag_tomorrowio.py
[2026-07-01T04:12:30.758+0000] {processor.py:840} INFO - DAG(s) 'weather_tomorrowio_pipeline' retrieved from /opt/airflow/dags/dag_tomorrowio.py
[2026-07-01T04:12:30.769+0000] {logging_mixin.py:188} INFO - [2026-07-01T04:12:30.768+0000] {dag.py:3096} INFO - Sync 1 DAGs
[2026-07-01T04:12:30.779+0000] {logging_mixin.py:188} INFO - [2026-07-01T04:12:30.778+0000] {dag.py:3954} INFO - Setting next_dagrun for weather_tomorrowio_pipeline to 2026-07-01 04:00:00+00:00, run_after=2026-07-01 05:00:00+00:00
[2026-07-01T04:12:30.787+0000] {processor.py:183} INFO - Processing /opt/airflow/dags/dag_tomorrowio.py took 0.206 seconds
[2026-07-01T04:13:01.275+0000] {processor.py:161} INFO - Started process (PID=4729) to work on /opt/airflow/dags/dag_tomorrowio.py
[2026-07-01T04:13:01.277+0000] {processor.py:830} INFO - Processing file /opt/airflow/dags/dag_tomorrowio.py for tasks to queue
[2026-07-01T04:13:01.279+0000] {logging_mixin.py:188} INFO - [2026-07-01T04:13:01.278+0000] {dagbag.py:545} INFO - Filling up the DagBag from /opt/airflow/dags/dag_tomorrowio.py
[2026-07-01T04:13:01.443+0000] {processor.py:840} INFO - DAG(s) 'weather_tomorrowio_pipeline' retrieved from /opt/airflow/dags/dag_tomorrowio.py
[2026-07-01T04:13:01.455+0000] {logging_mixin.py:188} INFO - [2026-07-01T04:13:01.454+0000] {dag.py:3096} INFO - Sync 1 DAGs
[2026-07-01T04:13:01.468+0000] {logging_mixin.py:188} INFO - [2026-07-01T04:13:01.468+0000] {dag.py:3954} INFO - Setting next_dagrun for weather_tomorrowio_pipeline to 2026-07-01 04:00:00+00:00, run_after=2026-07-01 05:00:00+00:00
[2026-07-01T04:13:01.655+0000] {processor.py:183} INFO - Processing /opt/airflow/dags/dag_tomorrowio.py took 0.385 seconds
[2026-07-01T04:13:31.974+0000] {processor.py:161} INFO - Started process (PID=4766) to work on /opt/airflow/dags/dag_tomorrowio.py
[2026-07-01T04:13:31.977+0000] {processor.py:830} INFO - Processing file /opt/airflow/dags/dag_tomorrowio.py for tasks to queue
[2026-07-01T04:13:31.980+0000] {logging_mixin.py:188} INFO - [2026-07-01T04:13:31.979+0000] {dagbag.py:545} INFO - Filling up the DagBag from /opt/airflow/dags/dag_tomorrowio.py
[2026-07-01T04:13:32.485+0000] {processor.py:840} INFO - DAG(s) 'weather_tomorrowio_pipeline' retrieved from /opt/airflow/dags/dag_tomorrowio.py
[2026-07-01T04:13:32.542+0000] {logging_mixin.py:188} INFO - [2026-07-01T04:13:32.542+0000] {dag.py:3096} INFO - Sync 1 DAGs
[2026-07-01T04:13:33.000+0000] {logging_mixin.py:188} INFO - [2026-07-01T04:13:32.998+0000] {dag.py:3954} INFO - Setting next_dagrun for weather_tomorrowio_pipeline to 2026-07-01 04:00:00+00:00, run_after=2026-07-01 05:00:00+00:00
[2026-07-01T04:13:33.015+0000] {processor.py:183} INFO - Processing /opt/airflow/dags/dag_tomorrowio.py took 1.061 seconds
[2026-07-01T04:14:03.302+0000] {processor.py:161} INFO - Started process (PID=4803) to work on /opt/airflow/dags/dag_tomorrowio.py
[2026-07-01T04:14:03.304+0000] {processor.py:830} INFO - Processing file /opt/airflow/dags/dag_tomorrowio.py for tasks to queue
[2026-07-01T04:14:03.306+0000] {logging_mixin.py:188} INFO - [2026-07-01T04:14:03.306+0000] {dagbag.py:545} INFO - Filling up the DagBag from /opt/airflow/dags/dag_tomorrowio.py
[2026-07-01T04:14:03.544+0000] {processor.py:840} INFO - DAG(s) 'weather_tomorrowio_pipeline' retrieved from /opt/airflow/dags/dag_tomorrowio.py
[2026-07-01T04:14:03.585+0000] {logging_mixin.py:188} INFO - [2026-07-01T04:14:03.585+0000] {dag.py:3096} INFO - Sync 1 DAGs
[2026-07-01T04:14:03.608+0000] {logging_mixin.py:188} INFO - [2026-07-01T04:14:03.608+0000] {dag.py:3954} INFO - Setting next_dagrun for weather_tomorrowio_pipeline to 2026-07-01 04:00:00+00:00, run_after=2026-07-01 05:00:00+00:00
[2026-07-01T04:14:03.620+0000] {processor.py:183} INFO - Processing /opt/airflow/dags/dag_tomorrowio.py took 0.327 seconds
[2026-07-01T04:14:33.697+0000] {processor.py:161} INFO - Started process (PID=4840) to work on /opt/airflow/dags/dag_tomorrowio.py
[2026-07-01T04:14:33.699+0000] {processor.py:830} INFO - Processing file /opt/airflow/dags/dag_tomorrowio.py for tasks to queue
[2026-07-01T04:14:33.706+0000] {logging_mixin.py:188} INFO - [2026-07-01T04:14:33.702+0000] {dagbag.py:545} INFO - Filling up the DagBag from /opt/airflow/dags/dag_tomorrowio.py
[2026-07-01T04:14:33.962+0000] {processor.py:840} INFO - DAG(s) 'weather_tomorrowio_pipeline' retrieved from /opt/airflow/dags/dag_tomorrowio.py
[2026-07-01T04:14:33.980+0000] {logging_mixin.py:188} INFO - [2026-07-01T04:14:33.979+0000] {dag.py:3096} INFO - Sync 1 DAGs
[2026-07-01T04:14:33.994+0000] {logging_mixin.py:188} INFO - [2026-07-01T04:14:33.994+0000] {dag.py:3954} INFO - Setting next_dagrun for weather_tomorrowio_pipeline to 2026-07-01 04:00:00+00:00, run_after=2026-07-01 05:00:00+00:00
[2026-07-01T04:14:34.004+0000] {processor.py:183} INFO - Processing /opt/airflow/dags/dag_tomorrowio.py took 0.316 seconds
[2026-07-01T04:15:04.568+0000] {processor.py:161} INFO - Started process (PID=4877) to work on /opt/airflow/dags/dag_tomorrowio.py
[2026-07-01T04:15:04.570+0000] {processor.py:830} INFO - Processing file /opt/airflow/dags/dag_tomorrowio.py for tasks to queue
[2026-07-01T04:15:04.571+0000] {logging_mixin.py:188} INFO - [2026-07-01T04:15:04.571+0000] {dagbag.py:545} INFO - Filling up the DagBag from /opt/airflow/dags/dag_tomorrowio.py
[2026-07-01T04:15:04.746+0000] {processor.py:840} INFO - DAG(s) 'weather_tomorrowio_pipeline' retrieved from /opt/airflow/dags/dag_tomorrowio.py
[2026-07-01T04:15:04.766+0000] {logging_mixin.py:188} INFO - [2026-07-01T04:15:04.766+0000] {dag.py:3096} INFO - Sync 1 DAGs
[2026-07-01T04:15:04.778+0000] {logging_mixin.py:188} INFO - [2026-07-01T04:15:04.778+0000] {dag.py:3954} INFO - Setting next_dagrun for weather_tomorrowio_pipeline to 2026-07-01 04:00:00+00:00, run_after=2026-07-01 05:00:00+00:00
[2026-07-01T04:15:04.790+0000] {processor.py:183} INFO - Processing /opt/airflow/dags/dag_tomorrowio.py took 0.225 seconds
[2026-07-01T04:15:35.343+0000] {processor.py:161} INFO - Started process (PID=4914) to work on /opt/airflow/dags/dag_tomorrowio.py
[2026-07-01T04:15:35.345+0000] {processor.py:830} INFO - Processing file /opt/airflow/dags/dag_tomorrowio.py for tasks to queue
[2026-07-01T04:15:35.347+0000] {logging_mixin.py:188} INFO - [2026-07-01T04:15:35.347+0000] {dagbag.py:545} INFO - Filling up the DagBag from /opt/airflow/dags/dag_tomorrowio.py
[2026-07-01T04:15:35.608+0000] {processor.py:840} INFO - DAG(s) 'weather_tomorrowio_pipeline' retrieved from /opt/airflow/dags/dag_tomorrowio.py
[2026-07-01T04:15:35.632+0000] {logging_mixin.py:188} INFO - [2026-07-01T04:15:35.632+0000] {dag.py:3096} INFO - Sync 1 DAGs
[2026-07-01T04:15:35.652+0000] {logging_mixin.py:188} INFO - [2026-07-01T04:15:35.652+0000] {dag.py:3954} INFO - Setting next_dagrun for weather_tomorrowio_pipeline to 2026-07-01 04:00:00+00:00, run_after=2026-07-01 05:00:00+00:00
[2026-07-01T04:15:35.838+0000] {processor.py:183} INFO - Processing /opt/airflow/dags/dag_tomorrowio.py took 0.502 seconds
[2026-07-01T04:16:06.004+0000] {processor.py:161} INFO - Started process (PID=4951) to work on /opt/airflow/dags/dag_tomorrowio.py
[2026-07-01T04:16:06.005+0000] {processor.py:830} INFO - Processing file /opt/airflow/dags/dag_tomorrowio.py for tasks to queue
[2026-07-01T04:16:06.006+0000] {logging_mixin.py:188} INFO - [2026-07-01T04:16:06.006+0000] {dagbag.py:545} INFO - Filling up the DagBag from /opt/airflow/dags/dag_tomorrowio.py
[2026-07-01T04:16:06.261+0000] {processor.py:840} INFO - DAG(s) 'weather_tomorrowio_pipeline' retrieved from /opt/airflow/dags/dag_tomorrowio.py
[2026-07-01T04:16:06.280+0000] {logging_mixin.py:188} INFO - [2026-07-01T04:16:06.280+0000] {dag.py:3096} INFO - Sync 1 DAGs
[2026-07-01T04:16:06.452+0000] {logging_mixin.py:188} INFO - [2026-07-01T04:16:06.452+0000] {dag.py:3954} INFO - Setting next_dagrun for weather_tomorrowio_pipeline to 2026-07-01 04:00:00+00:00, run_after=2026-07-01 05:00:00+00:00
[2026-07-01T04:16:06.461+0000] {processor.py:183} INFO - Processing /opt/airflow/dags/dag_tomorrowio.py took 0.468 seconds
[2026-07-01T04:16:36.616+0000] {processor.py:161} INFO - Started process (PID=4988) to work on /opt/airflow/dags/dag_tomorrowio.py
[2026-07-01T04:16:36.617+0000] {processor.py:830} INFO - Processing file /opt/airflow/dags/dag_tomorrowio.py for tasks to queue
[2026-07-01T04:16:36.620+0000] {logging_mixin.py:188} INFO - [2026-07-01T04:16:36.620+0000] {dagbag.py:545} INFO - Filling up the DagBag from /opt/airflow/dags/dag_tomorrowio.py
[2026-07-01T04:16:36.881+0000] {processor.py:840} INFO - DAG(s) 'weather_tomorrowio_pipeline' retrieved from /opt/airflow/dags/dag_tomorrowio.py
[2026-07-01T04:16:36.898+0000] {logging_mixin.py:188} INFO - [2026-07-01T04:16:36.898+0000] {dag.py:3096} INFO - Sync 1 DAGs
[2026-07-01T04:16:37.128+0000] {logging_mixin.py:188} INFO - [2026-07-01T04:16:37.128+0000] {dag.py:3954} INFO - Setting next_dagrun for weather_tomorrowio_pipeline to 2026-07-01 04:00:00+00:00, run_after=2026-07-01 05:00:00+00:00
[2026-07-01T04:16:37.137+0000] {processor.py:183} INFO - Processing /opt/airflow/dags/dag_tomorrowio.py took 0.547 seconds
[2026-07-01T04:17:07.207+0000] {processor.py:161} INFO - Started process (PID=5025) to work on /opt/airflow/dags/dag_tomorrowio.py
[2026-07-01T04:17:07.209+0000] {processor.py:830} INFO - Processing file /opt/airflow/dags/dag_tomorrowio.py for tasks to queue
[2026-07-01T04:17:07.211+0000] {logging_mixin.py:188} INFO - [2026-07-01T04:17:07.211+0000] {dagbag.py:545} INFO - Filling up the DagBag from /opt/airflow/dags/dag_tomorrowio.py
[2026-07-01T04:17:07.562+0000] {processor.py:840} INFO - DAG(s) 'weather_tomorrowio_pipeline' retrieved from /opt/airflow/dags/dag_tomorrowio.py
[2026-07-01T04:17:07.585+0000] {logging_mixin.py:188} INFO - [2026-07-01T04:17:07.585+0000] {dag.py:3096} INFO - Sync 1 DAGs
[2026-07-01T04:17:07.606+0000] {logging_mixin.py:188} INFO - [2026-07-01T04:17:07.606+0000] {dag.py:3954} INFO - Setting next_dagrun for weather_tomorrowio_pipeline to 2026-07-01 04:00:00+00:00, run_after=2026-07-01 05:00:00+00:00
[2026-07-01T04:17:07.618+0000] {processor.py:183} INFO - Processing /opt/airflow/dags/dag_tomorrowio.py took 0.424 seconds
[2026-07-01T04:17:37.840+0000] {processor.py:161} INFO - Started process (PID=5062) to work on /opt/airflow/dags/dag_tomorrowio.py
[2026-07-01T04:17:37.842+0000] {processor.py:830} INFO - Processing file /opt/airflow/dags/dag_tomorrowio.py for tasks to queue
[2026-07-01T04:17:37.845+0000] {logging_mixin.py:188} INFO - [2026-07-01T04:17:37.844+0000] {dagbag.py:545} INFO - Filling up the DagBag from /opt/airflow/dags/dag_tomorrowio.py
[2026-07-01T04:17:38.097+0000] {processor.py:840} INFO - DAG(s) 'weather_tomorrowio_pipeline' retrieved from /opt/airflow/dags/dag_tomorrowio.py
[2026-07-01T04:17:38.119+0000] {logging_mixin.py:188} INFO - [2026-07-01T04:17:38.119+0000] {dag.py:3096} INFO - Sync 1 DAGs
[2026-07-01T04:17:38.136+0000] {logging_mixin.py:188} INFO - [2026-07-01T04:17:38.136+0000] {dag.py:3954} INFO - Setting next_dagrun for weather_tomorrowio_pipeline to 2026-07-01 04:00:00+00:00, run_after=2026-07-01 05:00:00+00:00
[2026-07-01T04:17:38.152+0000] {processor.py:183} INFO - Processing /opt/airflow/dags/dag_tomorrowio.py took 0.321 seconds
[2026-07-01T04:18:08.818+0000] {processor.py:161} INFO - Started process (PID=5099) to work on /opt/airflow/dags/dag_tomorrowio.py
[2026-07-01T04:18:08.819+0000] {processor.py:830} INFO - Processing file /opt/airflow/dags/dag_tomorrowio.py for tasks to queue
[2026-07-01T04:18:08.820+0000] {logging_mixin.py:188} INFO - [2026-07-01T04:18:08.820+0000] {dagbag.py:545} INFO - Filling up the DagBag from /opt/airflow/dags/dag_tomorrowio.py
[2026-07-01T04:18:09.031+0000] {processor.py:840} INFO - DAG(s) 'weather_tomorrowio_pipeline' retrieved from /opt/airflow/dags/dag_tomorrowio.py
[2026-07-01T04:18:09.041+0000] {logging_mixin.py:188} INFO - [2026-07-01T04:18:09.041+0000] {dag.py:3096} INFO - Sync 1 DAGs
[2026-07-01T04:18:09.049+0000] {logging_mixin.py:188} INFO - [2026-07-01T04:18:09.049+0000] {dag.py:3954} INFO - Setting next_dagrun for weather_tomorrowio_pipeline to 2026-07-01 04:00:00+00:00, run_after=2026-07-01 05:00:00+00:00
[2026-07-01T04:18:09.057+0000] {processor.py:183} INFO - Processing /opt/airflow/dags/dag_tomorrowio.py took 0.245 seconds
[2026-07-01T04:18:39.798+0000] {processor.py:161} INFO - Started process (PID=5136) to work on /opt/airflow/dags/dag_tomorrowio.py
[2026-07-01T04:18:39.800+0000] {processor.py:830} INFO - Processing file /opt/airflow/dags/dag_tomorrowio.py for tasks to queue
[2026-07-01T04:18:39.801+0000] {logging_mixin.py:188} INFO - [2026-07-01T04:18:39.801+0000] {dagbag.py:545} INFO - Filling up the DagBag from /opt/airflow/dags/dag_tomorrowio.py
[2026-07-01T04:18:40.018+0000] {processor.py:840} INFO - DAG(s) 'weather_tomorrowio_pipeline' retrieved from /opt/airflow/dags/dag_tomorrowio.py
[2026-07-01T04:18:40.032+0000] {logging_mixin.py:188} INFO - [2026-07-01T04:18:40.031+0000] {dag.py:3096} INFO - Sync 1 DAGs
[2026-07-01T04:18:40.051+0000] {logging_mixin.py:188} INFO - [2026-07-01T04:18:40.051+0000] {dag.py:3954} INFO - Setting next_dagrun for weather_tomorrowio_pipeline to 2026-07-01 04:00:00+00:00, run_after=2026-07-01 05:00:00+00:00
[2026-07-01T04:18:40.182+0000] {processor.py:183} INFO - Processing /opt/airflow/dags/dag_tomorrowio.py took 0.390 seconds
[2026-07-01T04:19:10.689+0000] {processor.py:161} INFO - Started process (PID=5173) to work on /opt/airflow/dags/dag_tomorrowio.py
[2026-07-01T04:19:10.690+0000] {processor.py:830} INFO - Processing file /opt/airflow/dags/dag_tomorrowio.py for tasks to queue
[2026-07-01T04:19:10.691+0000] {logging_mixin.py:188} INFO - [2026-07-01T04:19:10.690+0000] {dagbag.py:545} INFO - Filling up the DagBag from /opt/airflow/dags/dag_tomorrowio.py
[2026-07-01T04:19:10.858+0000] {processor.py:840} INFO - DAG(s) 'weather_tomorrowio_pipeline' retrieved from /opt/airflow/dags/dag_tomorrowio.py
[2026-07-01T04:19:10.873+0000] {logging_mixin.py:188} INFO - [2026-07-01T04:19:10.873+0000] {dag.py:3096} INFO - Sync 1 DAGs
[2026-07-01T04:19:10.967+0000] {logging_mixin.py:188} INFO - [2026-07-01T04:19:10.967+0000] {dag.py:3954} INFO - Setting next_dagrun for weather_tomorrowio_pipeline to 2026-07-01 04:00:00+00:00, run_after=2026-07-01 05:00:00+00:00
[2026-07-01T04:19:10.974+0000] {processor.py:183} INFO - Processing /opt/airflow/dags/dag_tomorrowio.py took 0.291 seconds
[2026-07-01T04:19:41.697+0000] {processor.py:161} INFO - Started process (PID=5210) to work on /opt/airflow/dags/dag_tomorrowio.py
[2026-07-01T04:19:41.698+0000] {processor.py:830} INFO - Processing file /opt/airflow/dags/dag_tomorrowio.py for tasks to queue
[2026-07-01T04:19:41.699+0000] {logging_mixin.py:188} INFO - [2026-07-01T04:19:41.699+0000] {dagbag.py:545} INFO - Filling up the DagBag from /opt/airflow/dags/dag_tomorrowio.py
[2026-07-01T04:19:41.893+0000] {processor.py:840} INFO - DAG(s) 'weather_tomorrowio_pipeline' retrieved from /opt/airflow/dags/dag_tomorrowio.py
[2026-07-01T04:19:41.914+0000] {logging_mixin.py:188} INFO - [2026-07-01T04:19:41.913+0000] {dag.py:3096} INFO - Sync 1 DAGs
[2026-07-01T04:19:41.927+0000] {logging_mixin.py:188} INFO - [2026-07-01T04:19:41.927+0000] {dag.py:3954} INFO - Setting next_dagrun for weather_tomorrowio_pipeline to 2026-07-01 04:00:00+00:00, run_after=2026-07-01 05:00:00+00:00
[2026-07-01T04:19:41.937+0000] {processor.py:183} INFO - Processing /opt/airflow/dags/dag_tomorrowio.py took 0.246 seconds
[2026-07-01T04:20:12.501+0000] {processor.py:161} INFO - Started process (PID=5247) to work on /opt/airflow/dags/dag_tomorrowio.py
[2026-07-01T04:20:12.503+0000] {processor.py:830} INFO - Processing file /opt/airflow/dags/dag_tomorrowio.py for tasks to queue
[2026-07-01T04:20:12.504+0000] {logging_mixin.py:188} INFO - [2026-07-01T04:20:12.504+0000] {dagbag.py:545} INFO - Filling up the DagBag from /opt/airflow/dags/dag_tomorrowio.py
[2026-07-01T04:20:12.666+0000] {processor.py:840} INFO - DAG(s) 'weather_tomorrowio_pipeline' retrieved from /opt/airflow/dags/dag_tomorrowio.py
[2026-07-01T04:20:12.679+0000] {logging_mixin.py:188} INFO - [2026-07-01T04:20:12.679+0000] {dag.py:3096} INFO - Sync 1 DAGs
[2026-07-01T04:20:12.690+0000] {logging_mixin.py:188} INFO - [2026-07-01T04:20:12.690+0000] {dag.py:3954} INFO - Setting next_dagrun for weather_tomorrowio_pipeline to 2026-07-01 04:00:00+00:00, run_after=2026-07-01 05:00:00+00:00
[2026-07-01T04:20:12.698+0000] {processor.py:183} INFO - Processing /opt/airflow/dags/dag_tomorrowio.py took 0.207 seconds
[2026-07-01T04:20:43.387+0000] {processor.py:161} INFO - Started process (PID=5284) to work on /opt/airflow/dags/dag_tomorrowio.py
[2026-07-01T04:20:43.389+0000] {processor.py:830} INFO - Processing file /opt/airflow/dags/dag_tomorrowio.py for tasks to queue
[2026-07-01T04:20:43.392+0000] {logging_mixin.py:188} INFO - [2026-07-01T04:20:43.391+0000] {dagbag.py:545} INFO - Filling up the DagBag from /opt/airflow/dags/dag_tomorrowio.py
[2026-07-01T04:20:43.688+0000] {processor.py:840} INFO - DAG(s) 'weather_tomorrowio_pipeline' retrieved from /opt/airflow/dags/dag_tomorrowio.py
[2026-07-01T04:20:43.710+0000] {logging_mixin.py:188} INFO - [2026-07-01T04:20:43.710+0000] {dag.py:3096} INFO - Sync 1 DAGs
[2026-07-01T04:20:43.723+0000] {logging_mixin.py:188} INFO - [2026-07-01T04:20:43.723+0000] {dag.py:3954} INFO - Setting next_dagrun for weather_tomorrowio_pipeline to 2026-07-01 04:00:00+00:00, run_after=2026-07-01 05:00:00+00:00
[2026-07-01T04:20:43.735+0000] {processor.py:183} INFO - Processing /opt/airflow/dags/dag_tomorrowio.py took 0.362 seconds
[2026-07-01T04:21:14.234+0000] {processor.py:161} INFO - Started process (PID=5321) to work on /opt/airflow/dags/dag_tomorrowio.py
[2026-07-01T04:21:14.235+0000] {processor.py:830} INFO - Processing file /opt/airflow/dags/dag_tomorrowio.py for tasks to queue
[2026-07-01T04:21:14.237+0000] {logging_mixin.py:188} INFO - [2026-07-01T04:21:14.237+0000] {dagbag.py:545} INFO - Filling up the DagBag from /opt/airflow/dags/dag_tomorrowio.py
[2026-07-01T04:21:14.373+0000] {processor.py:840} INFO - DAG(s) 'weather_tomorrowio_pipeline' retrieved from /opt/airflow/dags/dag_tomorrowio.py
[2026-07-01T04:21:14.383+0000] {logging_mixin.py:188} INFO - [2026-07-01T04:21:14.382+0000] {dag.py:3096} INFO - Sync 1 DAGs
[2026-07-01T04:21:14.390+0000] {logging_mixin.py:188} INFO - [2026-07-01T04:21:14.390+0000] {dag.py:3954} INFO - Setting next_dagrun for weather_tomorrowio_pipeline to 2026-07-01 04:00:00+00:00, run_after=2026-07-01 05:00:00+00:00
[2026-07-01T04:21:14.478+0000] {processor.py:183} INFO - Processing /opt/airflow/dags/dag_tomorrowio.py took 0.250 seconds
[2026-07-01T04:21:45.174+0000] {processor.py:161} INFO - Started process (PID=5358) to work on /opt/airflow/dags/dag_tomorrowio.py
[2026-07-01T04:21:45.174+0000] {processor.py:830} INFO - Processing file /opt/airflow/dags/dag_tomorrowio.py for tasks to queue
[2026-07-01T04:21:45.176+0000] {logging_mixin.py:188} INFO - [2026-07-01T04:21:45.175+0000] {dagbag.py:545} INFO - Filling up the DagBag from /opt/airflow/dags/dag_tomorrowio.py
[2026-07-01T04:21:45.350+0000] {processor.py:840} INFO - DAG(s) 'weather_tomorrowio_pipeline' retrieved from /opt/airflow/dags/dag_tomorrowio.py
[2026-07-01T04:21:45.370+0000] {logging_mixin.py:188} INFO - [2026-07-01T04:21:45.370+0000] {dag.py:3096} INFO - Sync 1 DAGs
[2026-07-01T04:21:45.495+0000] {logging_mixin.py:188} INFO - [2026-07-01T04:21:45.495+0000] {dag.py:3954} INFO - Setting next_dagrun for weather_tomorrowio_pipeline to 2026-07-01 04:00:00+00:00, run_after=2026-07-01 05:00:00+00:00
[2026-07-01T04:21:45.503+0000] {processor.py:183} INFO - Processing /opt/airflow/dags/dag_tomorrowio.py took 0.334 seconds
[2026-07-01T04:22:16.063+0000] {processor.py:161} INFO - Started process (PID=5395) to work on /opt/airflow/dags/dag_tomorrowio.py
[2026-07-01T04:22:16.064+0000] {processor.py:830} INFO - Processing file /opt/airflow/dags/dag_tomorrowio.py for tasks to queue
[2026-07-01T04:22:16.066+0000] {logging_mixin.py:188} INFO - [2026-07-01T04:22:16.065+0000] {dagbag.py:545} INFO - Filling up the DagBag from /opt/airflow/dags/dag_tomorrowio.py
[2026-07-01T04:22:16.288+0000] {processor.py:840} INFO - DAG(s) 'weather_tomorrowio_pipeline' retrieved from /opt/airflow/dags/dag_tomorrowio.py
[2026-07-01T04:22:16.307+0000] {logging_mixin.py:188} INFO - [2026-07-01T04:22:16.307+0000] {dag.py:3096} INFO - Sync 1 DAGs
[2026-07-01T04:22:16.505+0000] {logging_mixin.py:188} INFO - [2026-07-01T04:22:16.505+0000] {dag.py:3954} INFO - Setting next_dagrun for weather_tomorrowio_pipeline to 2026-07-01 04:00:00+00:00, run_after=2026-07-01 05:00:00+00:00
[2026-07-01T04:22:16.512+0000] {processor.py:183} INFO - Processing /opt/airflow/dags/dag_tomorrowio.py took 0.457 seconds
[2026-07-01T04:22:46.697+0000] {processor.py:161} INFO - Started process (PID=5432) to work on /opt/airflow/dags/dag_tomorrowio.py
[2026-07-01T04:22:46.698+0000] {processor.py:830} INFO - Processing file /opt/airflow/dags/dag_tomorrowio.py for tasks to queue
[2026-07-01T04:22:46.700+0000] {logging_mixin.py:188} INFO - [2026-07-01T04:22:46.700+0000] {dagbag.py:545} INFO - Filling up the DagBag from /opt/airflow/dags/dag_tomorrowio.py
[2026-07-01T04:22:46.988+0000] {processor.py:840} INFO - DAG(s) 'weather_tomorrowio_pipeline' retrieved from /opt/airflow/dags/dag_tomorrowio.py
[2026-07-01T04:22:47.007+0000] {logging_mixin.py:188} INFO - [2026-07-01T04:22:47.007+0000] {dag.py:3096} INFO - Sync 1 DAGs
[2026-07-01T04:22:47.031+0000] {logging_mixin.py:188} INFO - [2026-07-01T04:22:47.031+0000] {dag.py:3954} INFO - Setting next_dagrun for weather_tomorrowio_pipeline to 2026-07-01 04:00:00+00:00, run_after=2026-07-01 05:00:00+00:00
[2026-07-01T04:22:47.046+0000] {processor.py:183} INFO - Processing /opt/airflow/dags/dag_tomorrowio.py took 0.366 seconds
[2026-07-01T04:23:17.676+0000] {processor.py:161} INFO - Started process (PID=5469) to work on /opt/airflow/dags/dag_tomorrowio.py
[2026-07-01T04:23:17.678+0000] {processor.py:830} INFO - Processing file /opt/airflow/dags/dag_tomorrowio.py for tasks to queue
[2026-07-01T04:23:17.679+0000] {logging_mixin.py:188} INFO - [2026-07-01T04:23:17.679+0000] {dagbag.py:545} INFO - Filling up the DagBag from /opt/airflow/dags/dag_tomorrowio.py
[2026-07-01T04:23:17.925+0000] {processor.py:840} INFO - DAG(s) 'weather_tomorrowio_pipeline' retrieved from /opt/airflow/dags/dag_tomorrowio.py
[2026-07-01T04:23:17.941+0000] {logging_mixin.py:188} INFO - [2026-07-01T04:23:17.941+0000] {dag.py:3096} INFO - Sync 1 DAGs
[2026-07-01T04:23:17.961+0000] {logging_mixin.py:188} INFO - [2026-07-01T04:23:17.961+0000] {dag.py:3954} INFO - Setting next_dagrun for weather_tomorrowio_pipeline to 2026-07-01 04:00:00+00:00, run_after=2026-07-01 05:00:00+00:00
[2026-07-01T04:23:17.971+0000] {processor.py:183} INFO - Processing /opt/airflow/dags/dag_tomorrowio.py took 0.304 seconds
[2026-07-01T04:23:48.681+0000] {processor.py:161} INFO - Started process (PID=5506) to work on /opt/airflow/dags/dag_tomorrowio.py
[2026-07-01T04:23:48.682+0000] {processor.py:830} INFO - Processing file /opt/airflow/dags/dag_tomorrowio.py for tasks to queue
[2026-07-01T04:23:48.684+0000] {logging_mixin.py:188} INFO - [2026-07-01T04:23:48.684+0000] {dagbag.py:545} INFO - Filling up the DagBag from /opt/airflow/dags/dag_tomorrowio.py
[2026-07-01T04:23:48.861+0000] {processor.py:840} INFO - DAG(s) 'weather_tomorrowio_pipeline' retrieved from /opt/airflow/dags/dag_tomorrowio.py
[2026-07-01T04:23:48.873+0000] {logging_mixin.py:188} INFO - [2026-07-01T04:23:48.873+0000] {dag.py:3096} INFO - Sync 1 DAGs
[2026-07-01T04:23:48.884+0000] {logging_mixin.py:188} INFO - [2026-07-01T04:23:48.884+0000] {dag.py:3954} INFO - Setting next_dagrun for weather_tomorrowio_pipeline to 2026-07-01 04:00:00+00:00, run_after=2026-07-01 05:00:00+00:00
[2026-07-01T04:23:48.893+0000] {processor.py:183} INFO - Processing /opt/airflow/dags/dag_tomorrowio.py took 0.220 seconds
[2026-07-01T04:24:19.483+0000] {processor.py:161} INFO - Started process (PID=5543) to work on /opt/airflow/dags/dag_tomorrowio.py
[2026-07-01T04:24:19.485+0000] {processor.py:830} INFO - Processing file /opt/airflow/dags/dag_tomorrowio.py for tasks to queue
[2026-07-01T04:24:19.487+0000] {logging_mixin.py:188} INFO - [2026-07-01T04:24:19.487+0000] {dagbag.py:545} INFO - Filling up the DagBag from /opt/airflow/dags/dag_tomorrowio.py
[2026-07-01T04:24:19.690+0000] {processor.py:840} INFO - DAG(s) 'weather_tomorrowio_pipeline' retrieved from /opt/airflow/dags/dag_tomorrowio.py
[2026-07-01T04:24:19.715+0000] {logging_mixin.py:188} INFO - [2026-07-01T04:24:19.715+0000] {dag.py:3096} INFO - Sync 1 DAGs
[2026-07-01T04:24:19.738+0000] {logging_mixin.py:188} INFO - [2026-07-01T04:24:19.738+0000] {dag.py:3954} INFO - Setting next_dagrun for weather_tomorrowio_pipeline to 2026-07-01 04:00:00+00:00, run_after=2026-07-01 05:00:00+00:00
[2026-07-01T04:24:19.890+0000] {processor.py:183} INFO - Processing /opt/airflow/dags/dag_tomorrowio.py took 0.414 seconds
[2026-07-01T04:24:50.173+0000] {processor.py:161} INFO - Started process (PID=5580) to work on /opt/airflow/dags/dag_tomorrowio.py
[2026-07-01T04:24:50.175+0000] {processor.py:830} INFO - Processing file /opt/airflow/dags/dag_tomorrowio.py for tasks to queue
[2026-07-01T04:24:50.176+0000] {logging_mixin.py:188} INFO - [2026-07-01T04:24:50.176+0000] {dagbag.py:545} INFO - Filling up the DagBag from /opt/airflow/dags/dag_tomorrowio.py
[2026-07-01T04:24:50.340+0000] {processor.py:840} INFO - DAG(s) 'weather_tomorrowio_pipeline' retrieved from /opt/airflow/dags/dag_tomorrowio.py
[2026-07-01T04:24:50.353+0000] {logging_mixin.py:188} INFO - [2026-07-01T04:24:50.352+0000] {dag.py:3096} INFO - Sync 1 DAGs
[2026-07-01T04:24:50.488+0000] {logging_mixin.py:188} INFO - [2026-07-01T04:24:50.488+0000] {dag.py:3954} INFO - Setting next_dagrun for weather_tomorrowio_pipeline to 2026-07-01 04:00:00+00:00, run_after=2026-07-01 05:00:00+00:00
[2026-07-01T04:24:50.495+0000] {processor.py:183} INFO - Processing /opt/airflow/dags/dag_tomorrowio.py took 0.330 seconds
[2026-07-01T04:25:20.766+0000] {processor.py:161} INFO - Started process (PID=5622) to work on /opt/airflow/dags/dag_tomorrowio.py
[2026-07-01T04:25:20.768+0000] {processor.py:830} INFO - Processing file /opt/airflow/dags/dag_tomorrowio.py for tasks to queue
[2026-07-01T04:25:20.769+0000] {logging_mixin.py:188} INFO - [2026-07-01T04:25:20.769+0000] {dagbag.py:545} INFO - Filling up the DagBag from /opt/airflow/dags/dag_tomorrowio.py
[2026-07-01T04:25:20.951+0000] {processor.py:840} INFO - DAG(s) 'weather_tomorrowio_pipeline' retrieved from /opt/airflow/dags/dag_tomorrowio.py
[2026-07-01T04:25:20.971+0000] {logging_mixin.py:188} INFO - [2026-07-01T04:25:20.971+0000] {dag.py:3096} INFO - Sync 1 DAGs
[2026-07-01T04:25:20.984+0000] {logging_mixin.py:188} INFO - [2026-07-01T04:25:20.984+0000] {dag.py:3954} INFO - Setting next_dagrun for weather_tomorrowio_pipeline to 2026-07-01 04:00:00+00:00, run_after=2026-07-01 05:00:00+00:00
[2026-07-01T04:25:20.994+0000] {processor.py:183} INFO - Processing /opt/airflow/dags/dag_tomorrowio.py took 0.235 seconds
[2026-07-01T04:25:51.533+0000] {processor.py:161} INFO - Started process (PID=5659) to work on /opt/airflow/dags/dag_tomorrowio.py
[2026-07-01T04:25:51.535+0000] {processor.py:830} INFO - Processing file /opt/airflow/dags/dag_tomorrowio.py for tasks to queue
[2026-07-01T04:25:51.536+0000] {logging_mixin.py:188} INFO - [2026-07-01T04:25:51.536+0000] {dagbag.py:545} INFO - Filling up the DagBag from /opt/airflow/dags/dag_tomorrowio.py
[2026-07-01T04:25:51.692+0000] {processor.py:840} INFO - DAG(s) 'weather_tomorrowio_pipeline' retrieved from /opt/airflow/dags/dag_tomorrowio.py
[2026-07-01T04:25:51.704+0000] {logging_mixin.py:188} INFO - [2026-07-01T04:25:51.704+0000] {dag.py:3096} INFO - Sync 1 DAGs
[2026-07-01T04:25:51.715+0000] {logging_mixin.py:188} INFO - [2026-07-01T04:25:51.714+0000] {dag.py:3954} INFO - Setting next_dagrun for weather_tomorrowio_pipeline to 2026-07-01 04:00:00+00:00, run_after=2026-07-01 05:00:00+00:00
[2026-07-01T04:25:51.724+0000] {processor.py:183} INFO - Processing /opt/airflow/dags/dag_tomorrowio.py took 0.195 seconds
[2026-07-01T04:26:22.192+0000] {processor.py:161} INFO - Started process (PID=5696) to work on /opt/airflow/dags/dag_tomorrowio.py
[2026-07-01T04:26:22.193+0000] {processor.py:830} INFO - Processing file /opt/airflow/dags/dag_tomorrowio.py for tasks to queue
[2026-07-01T04:26:22.195+0000] {logging_mixin.py:188} INFO - [2026-07-01T04:26:22.195+0000] {dagbag.py:545} INFO - Filling up the DagBag from /opt/airflow/dags/dag_tomorrowio.py
[2026-07-01T04:26:22.374+0000] {processor.py:840} INFO - DAG(s) 'weather_tomorrowio_pipeline' retrieved from /opt/airflow/dags/dag_tomorrowio.py
[2026-07-01T04:26:22.385+0000] {logging_mixin.py:188} INFO - [2026-07-01T04:26:22.385+0000] {dag.py:3096} INFO - Sync 1 DAGs
[2026-07-01T04:26:22.399+0000] {logging_mixin.py:188} INFO - [2026-07-01T04:26:22.399+0000] {dag.py:3954} INFO - Setting next_dagrun for weather_tomorrowio_pipeline to 2026-07-01 04:00:00+00:00, run_after=2026-07-01 05:00:00+00:00
[2026-07-01T04:26:22.408+0000] {processor.py:183} INFO - Processing /opt/airflow/dags/dag_tomorrowio.py took 0.225 seconds
[2026-07-01T04:26:53.064+0000] {processor.py:161} INFO - Started process (PID=5733) to work on /opt/airflow/dags/dag_tomorrowio.py
[2026-07-01T04:26:53.065+0000] {processor.py:830} INFO - Processing file /opt/airflow/dags/dag_tomorrowio.py for tasks to queue
[2026-07-01T04:26:53.067+0000] {logging_mixin.py:188} INFO - [2026-07-01T04:26:53.067+0000] {dagbag.py:545} INFO - Filling up the DagBag from /opt/airflow/dags/dag_tomorrowio.py
[2026-07-01T04:26:53.435+0000] {processor.py:840} INFO - DAG(s) 'weather_tomorrowio_pipeline' retrieved from /opt/airflow/dags/dag_tomorrowio.py
[2026-07-01T04:26:53.487+0000] {logging_mixin.py:188} INFO - [2026-07-01T04:26:53.487+0000] {dag.py:3096} INFO - Sync 1 DAGs
[2026-07-01T04:26:53.521+0000] {logging_mixin.py:188} INFO - [2026-07-01T04:26:53.521+0000] {dag.py:3954} INFO - Setting next_dagrun for weather_tomorrowio_pipeline to 2026-07-01 04:00:00+00:00, run_after=2026-07-01 05:00:00+00:00
[2026-07-01T04:26:53.797+0000] {processor.py:183} INFO - Processing /opt/airflow/dags/dag_tomorrowio.py took 0.748 seconds
[2026-07-01T04:27:24.563+0000] {processor.py:161} INFO - Started process (PID=5770) to work on /opt/airflow/dags/dag_tomorrowio.py
[2026-07-01T04:27:24.564+0000] {processor.py:830} INFO - Processing file /opt/airflow/dags/dag_tomorrowio.py for tasks to queue
[2026-07-01T04:27:24.566+0000] {logging_mixin.py:188} INFO - [2026-07-01T04:27:24.566+0000] {dagbag.py:545} INFO - Filling up the DagBag from /opt/airflow/dags/dag_tomorrowio.py
[2026-07-01T04:27:24.854+0000] {processor.py:840} INFO - DAG(s) 'weather_tomorrowio_pipeline' retrieved from /opt/airflow/dags/dag_tomorrowio.py
[2026-07-01T04:27:24.871+0000] {logging_mixin.py:188} INFO - [2026-07-01T04:27:24.871+0000] {dag.py:3096} INFO - Sync 1 DAGs
[2026-07-01T04:27:25.035+0000] {logging_mixin.py:188} INFO - [2026-07-01T04:27:25.035+0000] {dag.py:3954} INFO - Setting next_dagrun for weather_tomorrowio_pipeline to 2026-07-01 04:00:00+00:00, run_after=2026-07-01 05:00:00+00:00
[2026-07-01T04:27:25.043+0000] {processor.py:183} INFO - Processing /opt/airflow/dags/dag_tomorrowio.py took 0.492 seconds
[2026-07-01T04:27:55.791+0000] {processor.py:161} INFO - Started process (PID=5807) to work on /opt/airflow/dags/dag_tomorrowio.py
[2026-07-01T04:27:55.793+0000] {processor.py:830} INFO - Processing file /opt/airflow/dags/dag_tomorrowio.py for tasks to queue
[2026-07-01T04:27:55.795+0000] {logging_mixin.py:188} INFO - [2026-07-01T04:27:55.795+0000] {dagbag.py:545} INFO - Filling up the DagBag from /opt/airflow/dags/dag_tomorrowio.py
[2026-07-01T04:27:56.031+0000] {processor.py:840} INFO - DAG(s) 'weather_tomorrowio_pipeline' retrieved from /opt/airflow/dags/dag_tomorrowio.py
[2026-07-01T04:27:56.046+0000] {logging_mixin.py:188} INFO - [2026-07-01T04:27:56.046+0000] {dag.py:3096} INFO - Sync 1 DAGs
[2026-07-01T04:27:56.222+0000] {logging_mixin.py:188} INFO - [2026-07-01T04:27:56.222+0000] {dag.py:3954} INFO - Setting next_dagrun for weather_tomorrowio_pipeline to 2026-07-01 04:00:00+00:00, run_after=2026-07-01 05:00:00+00:00
[2026-07-01T04:27:56.234+0000] {processor.py:183} INFO - Processing /opt/airflow/dags/dag_tomorrowio.py took 0.461 seconds
[2026-07-01T04:28:26.282+0000] {processor.py:161} INFO - Started process (PID=5844) to work on /opt/airflow/dags/dag_tomorrowio.py
[2026-07-01T04:28:26.284+0000] {processor.py:830} INFO - Processing file /opt/airflow/dags/dag_tomorrowio.py for tasks to queue
[2026-07-01T04:28:26.286+0000] {logging_mixin.py:188} INFO - [2026-07-01T04:28:26.285+0000] {dagbag.py:545} INFO - Filling up the DagBag from /opt/airflow/dags/dag_tomorrowio.py
[2026-07-01T04:28:26.554+0000] {processor.py:840} INFO - DAG(s) 'weather_tomorrowio_pipeline' retrieved from /opt/airflow/dags/dag_tomorrowio.py
[2026-07-01T04:28:26.568+0000] {logging_mixin.py:188} INFO - [2026-07-01T04:28:26.568+0000] {dag.py:3096} INFO - Sync 1 DAGs
[2026-07-01T04:28:26.581+0000] {logging_mixin.py:188} INFO - [2026-07-01T04:28:26.580+0000] {dag.py:3954} INFO - Setting next_dagrun for weather_tomorrowio_pipeline to 2026-07-01 04:00:00+00:00, run_after=2026-07-01 05:00:00+00:00
[2026-07-01T04:28:26.596+0000] {processor.py:183} INFO - Processing /opt/airflow/dags/dag_tomorrowio.py took 0.325 seconds
[2026-07-01T04:28:57.197+0000] {processor.py:161} INFO - Started process (PID=5881) to work on /opt/airflow/dags/dag_tomorrowio.py
[2026-07-01T04:28:57.198+0000] {processor.py:830} INFO - Processing file /opt/airflow/dags/dag_tomorrowio.py for tasks to queue
[2026-07-01T04:28:57.199+0000] {logging_mixin.py:188} INFO - [2026-07-01T04:28:57.198+0000] {dagbag.py:545} INFO - Filling up the DagBag from /opt/airflow/dags/dag_tomorrowio.py
[2026-07-01T04:28:57.398+0000] {processor.py:840} INFO - DAG(s) 'weather_tomorrowio_pipeline' retrieved from /opt/airflow/dags/dag_tomorrowio.py
[2026-07-01T04:28:57.413+0000] {logging_mixin.py:188} INFO - [2026-07-01T04:28:57.413+0000] {dag.py:3096} INFO - Sync 1 DAGs
[2026-07-01T04:28:57.426+0000] {logging_mixin.py:188} INFO - [2026-07-01T04:28:57.426+0000] {dag.py:3954} INFO - Setting next_dagrun for weather_tomorrowio_pipeline to 2026-07-01 04:00:00+00:00, run_after=2026-07-01 05:00:00+00:00
[2026-07-01T04:28:57.436+0000] {processor.py:183} INFO - Processing /opt/airflow/dags/dag_tomorrowio.py took 0.247 seconds
[2026-07-01T04:29:27.969+0000] {processor.py:161} INFO - Started process (PID=5918) to work on /opt/airflow/dags/dag_tomorrowio.py
[2026-07-01T04:29:27.971+0000] {processor.py:830} INFO - Processing file /opt/airflow/dags/dag_tomorrowio.py for tasks to queue
[2026-07-01T04:29:27.972+0000] {logging_mixin.py:188} INFO - [2026-07-01T04:29:27.972+0000] {dagbag.py:545} INFO - Filling up the DagBag from /opt/airflow/dags/dag_tomorrowio.py
[2026-07-01T04:29:28.172+0000] {processor.py:840} INFO - DAG(s) 'weather_tomorrowio_pipeline' retrieved from /opt/airflow/dags/dag_tomorrowio.py
[2026-07-01T04:29:28.187+0000] {logging_mixin.py:188} INFO - [2026-07-01T04:29:28.187+0000] {dag.py:3096} INFO - Sync 1 DAGs
[2026-07-01T04:29:28.206+0000] {logging_mixin.py:188} INFO - [2026-07-01T04:29:28.206+0000] {dag.py:3954} INFO - Setting next_dagrun for weather_tomorrowio_pipeline to 2026-07-01 04:00:00+00:00, run_after=2026-07-01 05:00:00+00:00
[2026-07-01T04:29:28.217+0000] {processor.py:183} INFO - Processing /opt/airflow/dags/dag_tomorrowio.py took 0.258 seconds
[2026-07-01T04:29:58.958+0000] {processor.py:161} INFO - Started process (PID=5955) to work on /opt/airflow/dags/dag_tomorrowio.py
[2026-07-01T04:29:58.961+0000] {processor.py:830} INFO - Processing file /opt/airflow/dags/dag_tomorrowio.py for tasks to queue
[2026-07-01T04:29:58.971+0000] {logging_mixin.py:188} INFO - [2026-07-01T04:29:58.970+0000] {dagbag.py:545} INFO - Filling up the DagBag from /opt/airflow/dags/dag_tomorrowio.py
[2026-07-01T04:29:59.179+0000] {processor.py:840} INFO - DAG(s) 'weather_tomorrowio_pipeline' retrieved from /opt/airflow/dags/dag_tomorrowio.py
[2026-07-01T04:29:59.199+0000] {logging_mixin.py:188} INFO - [2026-07-01T04:29:59.199+0000] {dag.py:3096} INFO - Sync 1 DAGs
[2026-07-01T04:29:59.365+0000] {logging_mixin.py:188} INFO - [2026-07-01T04:29:59.365+0000] {dag.py:3954} INFO - Setting next_dagrun for weather_tomorrowio_pipeline to 2026-07-01 04:00:00+00:00, run_after=2026-07-01 05:00:00+00:00
[2026-07-01T04:29:59.373+0000] {processor.py:183} INFO - Processing /opt/airflow/dags/dag_tomorrowio.py took 0.425 seconds
[2026-07-01T04:30:29.504+0000] {processor.py:161} INFO - Started process (PID=5992) to work on /opt/airflow/dags/dag_tomorrowio.py
[2026-07-01T04:30:29.505+0000] {processor.py:830} INFO - Processing file /opt/airflow/dags/dag_tomorrowio.py for tasks to queue
[2026-07-01T04:30:29.506+0000] {logging_mixin.py:188} INFO - [2026-07-01T04:30:29.506+0000] {dagbag.py:545} INFO - Filling up the DagBag from /opt/airflow/dags/dag_tomorrowio.py
[2026-07-01T04:30:29.700+0000] {processor.py:840} INFO - DAG(s) 'weather_tomorrowio_pipeline' retrieved from /opt/airflow/dags/dag_tomorrowio.py
[2026-07-01T04:30:29.715+0000] {logging_mixin.py:188} INFO - [2026-07-01T04:30:29.715+0000] {dag.py:3096} INFO - Sync 1 DAGs
[2026-07-01T04:30:29.866+0000] {logging_mixin.py:188} INFO - [2026-07-01T04:30:29.866+0000] {dag.py:3954} INFO - Setting next_dagrun for weather_tomorrowio_pipeline to 2026-07-01 04:00:00+00:00, run_after=2026-07-01 05:00:00+00:00
[2026-07-01T04:30:29.873+0000] {processor.py:183} INFO - Processing /opt/airflow/dags/dag_tomorrowio.py took 0.377 seconds
[2026-07-01T04:31:00.515+0000] {processor.py:161} INFO - Started process (PID=6029) to work on /opt/airflow/dags/dag_tomorrowio.py
[2026-07-01T04:31:00.521+0000] {processor.py:830} INFO - Processing file /opt/airflow/dags/dag_tomorrowio.py for tasks to queue
[2026-07-01T04:31:00.527+0000] {logging_mixin.py:188} INFO - [2026-07-01T04:31:00.525+0000] {dagbag.py:545} INFO - Filling up the DagBag from /opt/airflow/dags/dag_tomorrowio.py
[2026-07-01T04:31:01.037+0000] {processor.py:840} INFO - DAG(s) 'weather_tomorrowio_pipeline' retrieved from /opt/airflow/dags/dag_tomorrowio.py
[2026-07-01T04:31:01.065+0000] {logging_mixin.py:188} INFO - [2026-07-01T04:31:01.065+0000] {dag.py:3096} INFO - Sync 1 DAGs
[2026-07-01T04:31:01.110+0000] {logging_mixin.py:188} INFO - [2026-07-01T04:31:01.109+0000] {dag.py:3954} INFO - Setting next_dagrun for weather_tomorrowio_pipeline to 2026-07-01 04:00:00+00:00, run_after=2026-07-01 05:00:00+00:00
[2026-07-01T04:31:01.132+0000] {processor.py:183} INFO - Processing /opt/airflow/dags/dag_tomorrowio.py took 0.655 seconds
[2026-07-01T04:31:31.569+0000] {processor.py:161} INFO - Started process (PID=6066) to work on /opt/airflow/dags/dag_tomorrowio.py
[2026-07-01T04:31:31.572+0000] {processor.py:830} INFO - Processing file /opt/airflow/dags/dag_tomorrowio.py for tasks to queue
[2026-07-01T04:31:31.575+0000] {logging_mixin.py:188} INFO - [2026-07-01T04:31:31.574+0000] {dagbag.py:545} INFO - Filling up the DagBag from /opt/airflow/dags/dag_tomorrowio.py
[2026-07-01T04:31:31.895+0000] {processor.py:840} INFO - DAG(s) 'weather_tomorrowio_pipeline' retrieved from /opt/airflow/dags/dag_tomorrowio.py
[2026-07-01T04:31:31.928+0000] {logging_mixin.py:188} INFO - [2026-07-01T04:31:31.928+0000] {dag.py:3096} INFO - Sync 1 DAGs
[2026-07-01T04:31:31.945+0000] {logging_mixin.py:188} INFO - [2026-07-01T04:31:31.944+0000] {dag.py:3954} INFO - Setting next_dagrun for weather_tomorrowio_pipeline to 2026-07-01 04:00:00+00:00, run_after=2026-07-01 05:00:00+00:00
[2026-07-01T04:31:31.958+0000] {processor.py:183} INFO - Processing /opt/airflow/dags/dag_tomorrowio.py took 0.414 seconds
[2026-07-01T04:32:02.794+0000] {processor.py:161} INFO - Started process (PID=6103) to work on /opt/airflow/dags/dag_tomorrowio.py
[2026-07-01T04:32:02.795+0000] {processor.py:830} INFO - Processing file /opt/airflow/dags/dag_tomorrowio.py for tasks to queue
[2026-07-01T04:32:02.797+0000] {logging_mixin.py:188} INFO - [2026-07-01T04:32:02.797+0000] {dagbag.py:545} INFO - Filling up the DagBag from /opt/airflow/dags/dag_tomorrowio.py
[2026-07-01T04:32:02.975+0000] {processor.py:840} INFO - DAG(s) 'weather_tomorrowio_pipeline' retrieved from /opt/airflow/dags/dag_tomorrowio.py
[2026-07-01T04:32:02.987+0000] {logging_mixin.py:188} INFO - [2026-07-01T04:32:02.987+0000] {dag.py:3096} INFO - Sync 1 DAGs
[2026-07-01T04:32:02.999+0000] {logging_mixin.py:188} INFO - [2026-07-01T04:32:02.999+0000] {dag.py:3954} INFO - Setting next_dagrun for weather_tomorrowio_pipeline to 2026-07-01 04:00:00+00:00, run_after=2026-07-01 05:00:00+00:00
[2026-07-01T04:32:03.008+0000] {processor.py:183} INFO - Processing /opt/airflow/dags/dag_tomorrowio.py took 0.220 seconds
[2026-07-01T04:32:33.634+0000] {processor.py:161} INFO - Started process (PID=6140) to work on /opt/airflow/dags/dag_tomorrowio.py
[2026-07-01T04:32:33.636+0000] {processor.py:830} INFO - Processing file /opt/airflow/dags/dag_tomorrowio.py for tasks to queue
[2026-07-01T04:32:33.638+0000] {logging_mixin.py:188} INFO - [2026-07-01T04:32:33.638+0000] {dagbag.py:545} INFO - Filling up the DagBag from /opt/airflow/dags/dag_tomorrowio.py
[2026-07-01T04:32:33.888+0000] {processor.py:840} INFO - DAG(s) 'weather_tomorrowio_pipeline' retrieved from /opt/airflow/dags/dag_tomorrowio.py
[2026-07-01T04:32:33.906+0000] {logging_mixin.py:188} INFO - [2026-07-01T04:32:33.905+0000] {dag.py:3096} INFO - Sync 1 DAGs
[2026-07-01T04:32:33.927+0000] {logging_mixin.py:188} INFO - [2026-07-01T04:32:33.927+0000] {dag.py:3954} INFO - Setting next_dagrun for weather_tomorrowio_pipeline to 2026-07-01 04:00:00+00:00, run_after=2026-07-01 05:00:00+00:00
[2026-07-01T04:32:34.085+0000] {processor.py:183} INFO - Processing /opt/airflow/dags/dag_tomorrowio.py took 0.467 seconds
[2026-07-01T04:33:04.138+0000] {processor.py:161} INFO - Started process (PID=6177) to work on /opt/airflow/dags/dag_tomorrowio.py
[2026-07-01T04:33:04.139+0000] {processor.py:830} INFO - Processing file /opt/airflow/dags/dag_tomorrowio.py for tasks to queue
[2026-07-01T04:33:04.141+0000] {logging_mixin.py:188} INFO - [2026-07-01T04:33:04.141+0000] {dagbag.py:545} INFO - Filling up the DagBag from /opt/airflow/dags/dag_tomorrowio.py
[2026-07-01T04:33:04.347+0000] {processor.py:840} INFO - DAG(s) 'weather_tomorrowio_pipeline' retrieved from /opt/airflow/dags/dag_tomorrowio.py
[2026-07-01T04:33:04.364+0000] {logging_mixin.py:188} INFO - [2026-07-01T04:33:04.364+0000] {dag.py:3096} INFO - Sync 1 DAGs
[2026-07-01T04:33:04.492+0000] {logging_mixin.py:188} INFO - [2026-07-01T04:33:04.492+0000] {dag.py:3954} INFO - Setting next_dagrun for weather_tomorrowio_pipeline to 2026-07-01 04:00:00+00:00, run_after=2026-07-01 05:00:00+00:00
[2026-07-01T04:33:04.500+0000] {processor.py:183} INFO - Processing /opt/airflow/dags/dag_tomorrowio.py took 0.368 seconds
[2026-07-01T04:33:34.769+0000] {processor.py:161} INFO - Started process (PID=6214) to work on /opt/airflow/dags/dag_tomorrowio.py
[2026-07-01T04:33:34.773+0000] {processor.py:830} INFO - Processing file /opt/airflow/dags/dag_tomorrowio.py for tasks to queue
[2026-07-01T04:33:34.776+0000] {logging_mixin.py:188} INFO - [2026-07-01T04:33:34.775+0000] {dagbag.py:545} INFO - Filling up the DagBag from /opt/airflow/dags/dag_tomorrowio.py
[2026-07-01T04:33:35.082+0000] {processor.py:840} INFO - DAG(s) 'weather_tomorrowio_pipeline' retrieved from /opt/airflow/dags/dag_tomorrowio.py
[2026-07-01T04:33:35.105+0000] {logging_mixin.py:188} INFO - [2026-07-01T04:33:35.105+0000] {dag.py:3096} INFO - Sync 1 DAGs
[2026-07-01T04:33:35.258+0000] {logging_mixin.py:188} INFO - [2026-07-01T04:33:35.258+0000] {dag.py:3954} INFO - Setting next_dagrun for weather_tomorrowio_pipeline to 2026-07-01 04:00:00+00:00, run_after=2026-07-01 05:00:00+00:00
[2026-07-01T04:33:35.266+0000] {processor.py:183} INFO - Processing /opt/airflow/dags/dag_tomorrowio.py took 0.516 seconds
[2026-07-01T04:34:05.371+0000] {processor.py:161} INFO - Started process (PID=6251) to work on /opt/airflow/dags/dag_tomorrowio.py
[2026-07-01T04:34:05.373+0000] {processor.py:830} INFO - Processing file /opt/airflow/dags/dag_tomorrowio.py for tasks to queue
[2026-07-01T04:34:05.374+0000] {logging_mixin.py:188} INFO - [2026-07-01T04:34:05.374+0000] {dagbag.py:545} INFO - Filling up the DagBag from /opt/airflow/dags/dag_tomorrowio.py
[2026-07-01T04:34:05.542+0000] {processor.py:840} INFO - DAG(s) 'weather_tomorrowio_pipeline' retrieved from /opt/airflow/dags/dag_tomorrowio.py
[2026-07-01T04:34:05.551+0000] {logging_mixin.py:188} INFO - [2026-07-01T04:34:05.551+0000] {dag.py:3096} INFO - Sync 1 DAGs
[2026-07-01T04:34:05.560+0000] {logging_mixin.py:188} INFO - [2026-07-01T04:34:05.560+0000] {dag.py:3954} INFO - Setting next_dagrun for weather_tomorrowio_pipeline to 2026-07-01 04:00:00+00:00, run_after=2026-07-01 05:00:00+00:00
[2026-07-01T04:34:05.568+0000] {processor.py:183} INFO - Processing /opt/airflow/dags/dag_tomorrowio.py took 0.206 seconds
[2026-07-01T04:34:36.309+0000] {processor.py:161} INFO - Started process (PID=6288) to work on /opt/airflow/dags/dag_tomorrowio.py
[2026-07-01T04:34:36.311+0000] {processor.py:830} INFO - Processing file /opt/airflow/dags/dag_tomorrowio.py for tasks to queue
[2026-07-01T04:34:36.314+0000] {logging_mixin.py:188} INFO - [2026-07-01T04:34:36.313+0000] {dagbag.py:545} INFO - Filling up the DagBag from /opt/airflow/dags/dag_tomorrowio.py
[2026-07-01T04:34:36.548+0000] {processor.py:840} INFO - DAG(s) 'weather_tomorrowio_pipeline' retrieved from /opt/airflow/dags/dag_tomorrowio.py
[2026-07-01T04:34:36.563+0000] {logging_mixin.py:188} INFO - [2026-07-01T04:34:36.562+0000] {dag.py:3096} INFO - Sync 1 DAGs
[2026-07-01T04:34:36.575+0000] {logging_mixin.py:188} INFO - [2026-07-01T04:34:36.575+0000] {dag.py:3954} INFO - Setting next_dagrun for weather_tomorrowio_pipeline to 2026-07-01 04:00:00+00:00, run_after=2026-07-01 05:00:00+00:00
[2026-07-01T04:34:36.585+0000] {processor.py:183} INFO - Processing /opt/airflow/dags/dag_tomorrowio.py took 0.295 seconds
[2026-07-01T04:35:07.278+0000] {processor.py:161} INFO - Started process (PID=6325) to work on /opt/airflow/dags/dag_tomorrowio.py
[2026-07-01T04:35:07.280+0000] {processor.py:830} INFO - Processing file /opt/airflow/dags/dag_tomorrowio.py for tasks to queue
[2026-07-01T04:35:07.282+0000] {logging_mixin.py:188} INFO - [2026-07-01T04:35:07.282+0000] {dagbag.py:545} INFO - Filling up the DagBag from /opt/airflow/dags/dag_tomorrowio.py
[2026-07-01T04:35:07.543+0000] {processor.py:840} INFO - DAG(s) 'weather_tomorrowio_pipeline' retrieved from /opt/airflow/dags/dag_tomorrowio.py
[2026-07-01T04:35:07.564+0000] {logging_mixin.py:188} INFO - [2026-07-01T04:35:07.563+0000] {dag.py:3096} INFO - Sync 1 DAGs
[2026-07-01T04:35:07.584+0000] {logging_mixin.py:188} INFO - [2026-07-01T04:35:07.584+0000] {dag.py:3954} INFO - Setting next_dagrun for weather_tomorrowio_pipeline to 2026-07-01 04:00:00+00:00, run_after=2026-07-01 05:00:00+00:00
[2026-07-01T04:35:07.604+0000] {processor.py:183} INFO - Processing /opt/airflow/dags/dag_tomorrowio.py took 0.336 seconds
[2026-07-01T04:35:38.275+0000] {processor.py:161} INFO - Started process (PID=6362) to work on /opt/airflow/dags/dag_tomorrowio.py
[2026-07-01T04:35:38.277+0000] {processor.py:830} INFO - Processing file /opt/airflow/dags/dag_tomorrowio.py for tasks to queue
[2026-07-01T04:35:38.280+0000] {logging_mixin.py:188} INFO - [2026-07-01T04:35:38.280+0000] {dagbag.py:545} INFO - Filling up the DagBag from /opt/airflow/dags/dag_tomorrowio.py
[2026-07-01T04:35:38.551+0000] {processor.py:840} INFO - DAG(s) 'weather_tomorrowio_pipeline' retrieved from /opt/airflow/dags/dag_tomorrowio.py
[2026-07-01T04:35:38.570+0000] {logging_mixin.py:188} INFO - [2026-07-01T04:35:38.570+0000] {dag.py:3096} INFO - Sync 1 DAGs
[2026-07-01T04:35:38.586+0000] {logging_mixin.py:188} INFO - [2026-07-01T04:35:38.585+0000] {dag.py:3954} INFO - Setting next_dagrun for weather_tomorrowio_pipeline to 2026-07-01 04:00:00+00:00, run_after=2026-07-01 05:00:00+00:00
[2026-07-01T04:35:38.745+0000] {processor.py:183} INFO - Processing /opt/airflow/dags/dag_tomorrowio.py took 0.488 seconds
[2026-07-01T04:36:09.539+0000] {processor.py:161} INFO - Started process (PID=6402) to work on /opt/airflow/dags/dag_tomorrowio.py
[2026-07-01T04:36:09.541+0000] {processor.py:830} INFO - Processing file /opt/airflow/dags/dag_tomorrowio.py for tasks to queue
[2026-07-01T04:36:09.543+0000] {logging_mixin.py:188} INFO - [2026-07-01T04:36:09.543+0000] {dagbag.py:545} INFO - Filling up the DagBag from /opt/airflow/dags/dag_tomorrowio.py
[2026-07-01T04:36:09.842+0000] {processor.py:840} INFO - DAG(s) 'weather_tomorrowio_pipeline' retrieved from /opt/airflow/dags/dag_tomorrowio.py
[2026-07-01T04:36:09.946+0000] {logging_mixin.py:188} INFO - [2026-07-01T04:36:09.946+0000] {dag.py:3096} INFO - Sync 1 DAGs
[2026-07-01T04:36:10.587+0000] {logging_mixin.py:188} INFO - [2026-07-01T04:36:10.587+0000] {dag.py:3954} INFO - Setting next_dagrun for weather_tomorrowio_pipeline to 2026-07-01 04:00:00+00:00, run_after=2026-07-01 05:00:00+00:00
[2026-07-01T04:36:10.611+0000] {processor.py:183} INFO - Processing /opt/airflow/dags/dag_tomorrowio.py took 1.080 seconds
[2026-07-01T04:36:41.172+0000] {processor.py:161} INFO - Started process (PID=6437) to work on /opt/airflow/dags/dag_tomorrowio.py
[2026-07-01T04:36:41.174+0000] {processor.py:830} INFO - Processing file /opt/airflow/dags/dag_tomorrowio.py for tasks to queue
[2026-07-01T04:36:41.179+0000] {logging_mixin.py:188} INFO - [2026-07-01T04:36:41.178+0000] {dagbag.py:545} INFO - Filling up the DagBag from /opt/airflow/dags/dag_tomorrowio.py
[2026-07-01T04:36:41.494+0000] {processor.py:840} INFO - DAG(s) 'weather_tomorrowio_pipeline' retrieved from /opt/airflow/dags/dag_tomorrowio.py
[2026-07-01T04:36:41.628+0000] {logging_mixin.py:188} INFO - [2026-07-01T04:36:41.627+0000] {dag.py:3096} INFO - Sync 1 DAGs
[2026-07-01T04:36:41.638+0000] {logging_mixin.py:188} INFO - [2026-07-01T04:36:41.637+0000] {dag.py:3954} INFO - Setting next_dagrun for weather_tomorrowio_pipeline to 2026-07-01 04:00:00+00:00, run_after=2026-07-01 05:00:00+00:00
[2026-07-01T04:36:41.646+0000] {processor.py:183} INFO - Processing /opt/airflow/dags/dag_tomorrowio.py took 0.484 seconds
[2026-07-01T04:37:12.228+0000] {processor.py:161} INFO - Started process (PID=6476) to work on /opt/airflow/dags/dag_tomorrowio.py
[2026-07-01T04:37:12.231+0000] {processor.py:830} INFO - Processing file /opt/airflow/dags/dag_tomorrowio.py for tasks to queue
[2026-07-01T04:37:12.232+0000] {logging_mixin.py:188} INFO - [2026-07-01T04:37:12.232+0000] {dagbag.py:545} INFO - Filling up the DagBag from /opt/airflow/dags/dag_tomorrowio.py
[2026-07-01T04:37:12.478+0000] {processor.py:840} INFO - DAG(s) 'weather_tomorrowio_pipeline' retrieved from /opt/airflow/dags/dag_tomorrowio.py
[2026-07-01T04:37:12.496+0000] {logging_mixin.py:188} INFO - [2026-07-01T04:37:12.496+0000] {dag.py:3096} INFO - Sync 1 DAGs
[2026-07-01T04:37:12.509+0000] {logging_mixin.py:188} INFO - [2026-07-01T04:37:12.509+0000] {dag.py:3954} INFO - Setting next_dagrun for weather_tomorrowio_pipeline to 2026-07-01 04:00:00+00:00, run_after=2026-07-01 05:00:00+00:00
[2026-07-01T04:37:12.519+0000] {processor.py:183} INFO - Processing /opt/airflow/dags/dag_tomorrowio.py took 0.313 seconds
[2026-07-01T04:37:43.226+0000] {processor.py:161} INFO - Started process (PID=6512) to work on /opt/airflow/dags/dag_tomorrowio.py
[2026-07-01T04:37:43.228+0000] {processor.py:830} INFO - Processing file /opt/airflow/dags/dag_tomorrowio.py for tasks to queue
[2026-07-01T04:37:43.231+0000] {logging_mixin.py:188} INFO - [2026-07-01T04:37:43.230+0000] {dagbag.py:545} INFO - Filling up the DagBag from /opt/airflow/dags/dag_tomorrowio.py
[2026-07-01T04:37:43.544+0000] {processor.py:840} INFO - DAG(s) 'weather_tomorrowio_pipeline' retrieved from /opt/airflow/dags/dag_tomorrowio.py
[2026-07-01T04:37:43.568+0000] {logging_mixin.py:188} INFO - [2026-07-01T04:37:43.567+0000] {dag.py:3096} INFO - Sync 1 DAGs
[2026-07-01T04:37:43.584+0000] {logging_mixin.py:188} INFO - [2026-07-01T04:37:43.583+0000] {dag.py:3954} INFO - Setting next_dagrun for weather_tomorrowio_pipeline to 2026-07-01 04:00:00+00:00, run_after=2026-07-01 05:00:00+00:00
[2026-07-01T04:37:43.597+0000] {processor.py:183} INFO - Processing /opt/airflow/dags/dag_tomorrowio.py took 0.387 seconds
[2026-07-01T04:38:14.335+0000] {processor.py:161} INFO - Started process (PID=6550) to work on /opt/airflow/dags/dag_tomorrowio.py
[2026-07-01T04:38:14.341+0000] {processor.py:830} INFO - Processing file /opt/airflow/dags/dag_tomorrowio.py for tasks to queue
[2026-07-01T04:38:14.345+0000] {logging_mixin.py:188} INFO - [2026-07-01T04:38:14.345+0000] {dagbag.py:545} INFO - Filling up the DagBag from /opt/airflow/dags/dag_tomorrowio.py
[2026-07-01T04:38:14.751+0000] {processor.py:840} INFO - DAG(s) 'weather_tomorrowio_pipeline' retrieved from /opt/airflow/dags/dag_tomorrowio.py
[2026-07-01T04:38:14.783+0000] {logging_mixin.py:188} INFO - [2026-07-01T04:38:14.782+0000] {dag.py:3096} INFO - Sync 1 DAGs
[2026-07-01T04:38:14.808+0000] {logging_mixin.py:188} INFO - [2026-07-01T04:38:14.807+0000] {dag.py:3954} INFO - Setting next_dagrun for weather_tomorrowio_pipeline to 2026-07-01 04:00:00+00:00, run_after=2026-07-01 05:00:00+00:00
[2026-07-01T04:38:14.995+0000] {processor.py:183} INFO - Processing /opt/airflow/dags/dag_tomorrowio.py took 0.675 seconds
[2026-07-01T04:38:45.586+0000] {processor.py:161} INFO - Started process (PID=6586) to work on /opt/airflow/dags/dag_tomorrowio.py
[2026-07-01T04:38:45.587+0000] {processor.py:830} INFO - Processing file /opt/airflow/dags/dag_tomorrowio.py for tasks to queue
[2026-07-01T04:38:45.590+0000] {logging_mixin.py:188} INFO - [2026-07-01T04:38:45.590+0000] {dagbag.py:545} INFO - Filling up the DagBag from /opt/airflow/dags/dag_tomorrowio.py
[2026-07-01T04:38:45.855+0000] {processor.py:840} INFO - DAG(s) 'weather_tomorrowio_pipeline' retrieved from /opt/airflow/dags/dag_tomorrowio.py
[2026-07-01T04:38:45.882+0000] {logging_mixin.py:188} INFO - [2026-07-01T04:38:45.882+0000] {dag.py:3096} INFO - Sync 1 DAGs
[2026-07-01T04:38:46.027+0000] {logging_mixin.py:188} INFO - [2026-07-01T04:38:46.026+0000] {dag.py:3954} INFO - Setting next_dagrun for weather_tomorrowio_pipeline to 2026-07-01 04:00:00+00:00, run_after=2026-07-01 05:00:00+00:00
[2026-07-01T04:38:46.035+0000] {processor.py:183} INFO - Processing /opt/airflow/dags/dag_tomorrowio.py took 0.457 seconds
[2026-07-01T04:39:16.892+0000] {processor.py:161} INFO - Started process (PID=6624) to work on /opt/airflow/dags/dag_tomorrowio.py
[2026-07-01T04:39:16.894+0000] {processor.py:830} INFO - Processing file /opt/airflow/dags/dag_tomorrowio.py for tasks to queue
[2026-07-01T04:39:16.898+0000] {logging_mixin.py:188} INFO - [2026-07-01T04:39:16.897+0000] {dagbag.py:545} INFO - Filling up the DagBag from /opt/airflow/dags/dag_tomorrowio.py
[2026-07-01T04:39:17.296+0000] {processor.py:840} INFO - DAG(s) 'weather_tomorrowio_pipeline' retrieved from /opt/airflow/dags/dag_tomorrowio.py
[2026-07-01T04:39:17.334+0000] {logging_mixin.py:188} INFO - [2026-07-01T04:39:17.334+0000] {dag.py:3096} INFO - Sync 1 DAGs
[2026-07-01T04:39:17.480+0000] {logging_mixin.py:188} INFO - [2026-07-01T04:39:17.480+0000] {dag.py:3954} INFO - Setting next_dagrun for weather_tomorrowio_pipeline to 2026-07-01 04:00:00+00:00, run_after=2026-07-01 05:00:00+00:00
[2026-07-01T04:39:17.490+0000] {processor.py:183} INFO - Processing /opt/airflow/dags/dag_tomorrowio.py took 0.605 seconds
[2026-07-01T04:39:48.077+0000] {processor.py:161} INFO - Started process (PID=6661) to work on /opt/airflow/dags/dag_tomorrowio.py
[2026-07-01T04:39:48.079+0000] {processor.py:830} INFO - Processing file /opt/airflow/dags/dag_tomorrowio.py for tasks to queue
[2026-07-01T04:39:48.083+0000] {logging_mixin.py:188} INFO - [2026-07-01T04:39:48.082+0000] {dagbag.py:545} INFO - Filling up the DagBag from /opt/airflow/dags/dag_tomorrowio.py
[2026-07-01T04:39:48.379+0000] {processor.py:840} INFO - DAG(s) 'weather_tomorrowio_pipeline' retrieved from /opt/airflow/dags/dag_tomorrowio.py
[2026-07-01T04:39:48.405+0000] {logging_mixin.py:188} INFO - [2026-07-01T04:39:48.405+0000] {dag.py:3096} INFO - Sync 1 DAGs
[2026-07-01T04:39:48.427+0000] {logging_mixin.py:188} INFO - [2026-07-01T04:39:48.427+0000] {dag.py:3954} INFO - Setting next_dagrun for weather_tomorrowio_pipeline to 2026-07-01 04:00:00+00:00, run_after=2026-07-01 05:00:00+00:00
[2026-07-01T04:39:48.439+0000] {processor.py:183} INFO - Processing /opt/airflow/dags/dag_tomorrowio.py took 0.373 seconds
[2026-07-01T04:40:19.011+0000] {processor.py:161} INFO - Started process (PID=6698) to work on /opt/airflow/dags/dag_tomorrowio.py
[2026-07-01T04:40:19.013+0000] {processor.py:830} INFO - Processing file /opt/airflow/dags/dag_tomorrowio.py for tasks to queue
[2026-07-01T04:40:19.015+0000] {logging_mixin.py:188} INFO - [2026-07-01T04:40:19.015+0000] {dagbag.py:545} INFO - Filling up the DagBag from /opt/airflow/dags/dag_tomorrowio.py
[2026-07-01T04:40:19.294+0000] {processor.py:840} INFO - DAG(s) 'weather_tomorrowio_pipeline' retrieved from /opt/airflow/dags/dag_tomorrowio.py
[2026-07-01T04:40:19.328+0000] {logging_mixin.py:188} INFO - [2026-07-01T04:40:19.328+0000] {dag.py:3096} INFO - Sync 1 DAGs
[2026-07-01T04:40:19.352+0000] {logging_mixin.py:188} INFO - [2026-07-01T04:40:19.352+0000] {dag.py:3954} INFO - Setting next_dagrun for weather_tomorrowio_pipeline to 2026-07-01 04:00:00+00:00, run_after=2026-07-01 05:00:00+00:00
[2026-07-01T04:40:19.365+0000] {processor.py:183} INFO - Processing /opt/airflow/dags/dag_tomorrowio.py took 0.361 seconds
[2026-07-01T04:40:50.070+0000] {processor.py:161} INFO - Started process (PID=6734) to work on /opt/airflow/dags/dag_tomorrowio.py
[2026-07-01T04:40:50.074+0000] {processor.py:830} INFO - Processing file /opt/airflow/dags/dag_tomorrowio.py for tasks to queue
[2026-07-01T04:40:50.078+0000] {logging_mixin.py:188} INFO - [2026-07-01T04:40:50.076+0000] {dagbag.py:545} INFO - Filling up the DagBag from /opt/airflow/dags/dag_tomorrowio.py
[2026-07-01T04:40:50.391+0000] {processor.py:840} INFO - DAG(s) 'weather_tomorrowio_pipeline' retrieved from /opt/airflow/dags/dag_tomorrowio.py
[2026-07-01T04:40:50.419+0000] {logging_mixin.py:188} INFO - [2026-07-01T04:40:50.419+0000] {dag.py:3096} INFO - Sync 1 DAGs
[2026-07-01T04:40:50.437+0000] {logging_mixin.py:188} INFO - [2026-07-01T04:40:50.437+0000] {dag.py:3954} INFO - Setting next_dagrun for weather_tomorrowio_pipeline to 2026-07-01 04:00:00+00:00, run_after=2026-07-01 05:00:00+00:00
[2026-07-01T04:40:50.543+0000] {processor.py:183} INFO - Processing /opt/airflow/dags/dag_tomorrowio.py took 0.481 seconds
[2026-07-01T04:41:21.217+0000] {processor.py:161} INFO - Started process (PID=6771) to work on /opt/airflow/dags/dag_tomorrowio.py
[2026-07-01T04:41:21.219+0000] {processor.py:830} INFO - Processing file /opt/airflow/dags/dag_tomorrowio.py for tasks to queue
[2026-07-01T04:41:21.221+0000] {logging_mixin.py:188} INFO - [2026-07-01T04:41:21.221+0000] {dagbag.py:545} INFO - Filling up the DagBag from /opt/airflow/dags/dag_tomorrowio.py
[2026-07-01T04:41:21.482+0000] {processor.py:840} INFO - DAG(s) 'weather_tomorrowio_pipeline' retrieved from /opt/airflow/dags/dag_tomorrowio.py
[2026-07-01T04:41:21.500+0000] {logging_mixin.py:188} INFO - [2026-07-01T04:41:21.500+0000] {dag.py:3096} INFO - Sync 1 DAGs
[2026-07-01T04:41:21.605+0000] {logging_mixin.py:188} INFO - [2026-07-01T04:41:21.605+0000] {dag.py:3954} INFO - Setting next_dagrun for weather_tomorrowio_pipeline to 2026-07-01 04:00:00+00:00, run_after=2026-07-01 05:00:00+00:00
[2026-07-01T04:41:21.613+0000] {processor.py:183} INFO - Processing /opt/airflow/dags/dag_tomorrowio.py took 0.404 seconds
[2026-07-01T04:41:52.414+0000] {processor.py:161} INFO - Started process (PID=6809) to work on /opt/airflow/dags/dag_tomorrowio.py
[2026-07-01T04:41:52.417+0000] {processor.py:830} INFO - Processing file /opt/airflow/dags/dag_tomorrowio.py for tasks to queue
[2026-07-01T04:41:52.426+0000] {logging_mixin.py:188} INFO - [2026-07-01T04:41:52.425+0000] {dagbag.py:545} INFO - Filling up the DagBag from /opt/airflow/dags/dag_tomorrowio.py
[2026-07-01T04:41:52.803+0000] {processor.py:840} INFO - DAG(s) 'weather_tomorrowio_pipeline' retrieved from /opt/airflow/dags/dag_tomorrowio.py
[2026-07-01T04:41:52.830+0000] {logging_mixin.py:188} INFO - [2026-07-01T04:41:52.830+0000] {dag.py:3096} INFO - Sync 1 DAGs
[2026-07-01T04:41:52.951+0000] {logging_mixin.py:188} INFO - [2026-07-01T04:41:52.951+0000] {dag.py:3954} INFO - Setting next_dagrun for weather_tomorrowio_pipeline to 2026-07-01 04:00:00+00:00, run_after=2026-07-01 05:00:00+00:00
[2026-07-01T04:41:52.959+0000] {processor.py:183} INFO - Processing /opt/airflow/dags/dag_tomorrowio.py took 0.563 seconds
[2026-07-01T04:42:23.443+0000] {processor.py:161} INFO - Started process (PID=6846) to work on /opt/airflow/dags/dag_tomorrowio.py
[2026-07-01T04:42:23.445+0000] {processor.py:830} INFO - Processing file /opt/airflow/dags/dag_tomorrowio.py for tasks to queue
[2026-07-01T04:42:23.448+0000] {logging_mixin.py:188} INFO - [2026-07-01T04:42:23.448+0000] {dagbag.py:545} INFO - Filling up the DagBag from /opt/airflow/dags/dag_tomorrowio.py
[2026-07-01T04:42:23.737+0000] {processor.py:840} INFO - DAG(s) 'weather_tomorrowio_pipeline' retrieved from /opt/airflow/dags/dag_tomorrowio.py
[2026-07-01T04:42:23.861+0000] {logging_mixin.py:188} INFO - [2026-07-01T04:42:23.861+0000] {dag.py:3096} INFO - Sync 1 DAGs
[2026-07-01T04:42:23.870+0000] {logging_mixin.py:188} INFO - [2026-07-01T04:42:23.870+0000] {dag.py:3954} INFO - Setting next_dagrun for weather_tomorrowio_pipeline to 2026-07-01 04:00:00+00:00, run_after=2026-07-01 05:00:00+00:00
[2026-07-01T04:42:23.878+0000] {processor.py:183} INFO - Processing /opt/airflow/dags/dag_tomorrowio.py took 0.439 seconds
[2026-07-01T04:42:54.547+0000] {processor.py:161} INFO - Started process (PID=6882) to work on /opt/airflow/dags/dag_tomorrowio.py
[2026-07-01T04:42:54.548+0000] {processor.py:830} INFO - Processing file /opt/airflow/dags/dag_tomorrowio.py for tasks to queue
[2026-07-01T04:42:54.550+0000] {logging_mixin.py:188} INFO - [2026-07-01T04:42:54.550+0000] {dagbag.py:545} INFO - Filling up the DagBag from /opt/airflow/dags/dag_tomorrowio.py
[2026-07-01T04:42:54.842+0000] {processor.py:840} INFO - DAG(s) 'weather_tomorrowio_pipeline' retrieved from /opt/airflow/dags/dag_tomorrowio.py
[2026-07-01T04:42:54.867+0000] {logging_mixin.py:188} INFO - [2026-07-01T04:42:54.867+0000] {dag.py:3096} INFO - Sync 1 DAGs
[2026-07-01T04:42:54.886+0000] {logging_mixin.py:188} INFO - [2026-07-01T04:42:54.886+0000] {dag.py:3954} INFO - Setting next_dagrun for weather_tomorrowio_pipeline to 2026-07-01 04:00:00+00:00, run_after=2026-07-01 05:00:00+00:00
[2026-07-01T04:42:54.900+0000] {processor.py:183} INFO - Processing /opt/airflow/dags/dag_tomorrowio.py took 0.357 seconds
[2026-07-01T04:43:25.707+0000] {processor.py:161} INFO - Started process (PID=6919) to work on /opt/airflow/dags/dag_tomorrowio.py
[2026-07-01T04:43:25.709+0000] {processor.py:830} INFO - Processing file /opt/airflow/dags/dag_tomorrowio.py for tasks to queue
[2026-07-01T04:43:25.710+0000] {logging_mixin.py:188} INFO - [2026-07-01T04:43:25.710+0000] {dagbag.py:545} INFO - Filling up the DagBag from /opt/airflow/dags/dag_tomorrowio.py
[2026-07-01T04:43:25.927+0000] {processor.py:840} INFO - DAG(s) 'weather_tomorrowio_pipeline' retrieved from /opt/airflow/dags/dag_tomorrowio.py
[2026-07-01T04:43:25.941+0000] {logging_mixin.py:188} INFO - [2026-07-01T04:43:25.941+0000] {dag.py:3096} INFO - Sync 1 DAGs
[2026-07-01T04:43:25.960+0000] {logging_mixin.py:188} INFO - [2026-07-01T04:43:25.959+0000] {dag.py:3954} INFO - Setting next_dagrun for weather_tomorrowio_pipeline to 2026-07-01 04:00:00+00:00, run_after=2026-07-01 05:00:00+00:00
[2026-07-01T04:43:25.972+0000] {processor.py:183} INFO - Processing /opt/airflow/dags/dag_tomorrowio.py took 0.273 seconds
[2026-07-01T04:43:56.940+0000] {processor.py:161} INFO - Started process (PID=6957) to work on /opt/airflow/dags/dag_tomorrowio.py
[2026-07-01T04:43:56.941+0000] {processor.py:830} INFO - Processing file /opt/airflow/dags/dag_tomorrowio.py for tasks to queue
[2026-07-01T04:43:56.944+0000] {logging_mixin.py:188} INFO - [2026-07-01T04:43:56.944+0000] {dagbag.py:545} INFO - Filling up the DagBag from /opt/airflow/dags/dag_tomorrowio.py
[2026-07-01T04:43:57.242+0000] {processor.py:840} INFO - DAG(s) 'weather_tomorrowio_pipeline' retrieved from /opt/airflow/dags/dag_tomorrowio.py
[2026-07-01T04:43:57.265+0000] {logging_mixin.py:188} INFO - [2026-07-01T04:43:57.265+0000] {dag.py:3096} INFO - Sync 1 DAGs
[2026-07-01T04:43:57.281+0000] {logging_mixin.py:188} INFO - [2026-07-01T04:43:57.281+0000] {dag.py:3954} INFO - Setting next_dagrun for weather_tomorrowio_pipeline to 2026-07-01 04:00:00+00:00, run_after=2026-07-01 05:00:00+00:00
[2026-07-01T04:43:57.397+0000] {processor.py:183} INFO - Processing /opt/airflow/dags/dag_tomorrowio.py took 0.462 seconds
[2026-07-01T04:44:27.892+0000] {processor.py:161} INFO - Started process (PID=7002) to work on /opt/airflow/dags/dag_tomorrowio.py
[2026-07-01T04:44:27.894+0000] {processor.py:830} INFO - Processing file /opt/airflow/dags/dag_tomorrowio.py for tasks to queue
[2026-07-01T04:44:27.897+0000] {logging_mixin.py:188} INFO - [2026-07-01T04:44:27.896+0000] {dagbag.py:545} INFO - Filling up the DagBag from /opt/airflow/dags/dag_tomorrowio.py
[2026-07-01T04:44:28.278+0000] {processor.py:840} INFO - DAG(s) 'weather_tomorrowio_pipeline' retrieved from /opt/airflow/dags/dag_tomorrowio.py
[2026-07-01T04:44:28.305+0000] {logging_mixin.py:188} INFO - [2026-07-01T04:44:28.305+0000] {dag.py:3096} INFO - Sync 1 DAGs
[2026-07-01T04:44:28.477+0000] {logging_mixin.py:188} INFO - [2026-07-01T04:44:28.476+0000] {dag.py:3954} INFO - Setting next_dagrun for weather_tomorrowio_pipeline to 2026-07-01 04:00:00+00:00, run_after=2026-07-01 05:00:00+00:00
[2026-07-01T04:44:28.505+0000] {processor.py:183} INFO - Processing /opt/airflow/dags/dag_tomorrowio.py took 0.623 seconds
[2026-07-01T04:44:58.799+0000] {processor.py:161} INFO - Started process (PID=7057) to work on /opt/airflow/dags/dag_tomorrowio.py
[2026-07-01T04:44:58.801+0000] {processor.py:830} INFO - Processing file /opt/airflow/dags/dag_tomorrowio.py for tasks to queue
[2026-07-01T04:44:58.803+0000] {logging_mixin.py:188} INFO - [2026-07-01T04:44:58.803+0000] {dagbag.py:545} INFO - Filling up the DagBag from /opt/airflow/dags/dag_tomorrowio.py
[2026-07-01T04:44:59.045+0000] {processor.py:840} INFO - DAG(s) 'weather_tomorrowio_pipeline' retrieved from /opt/airflow/dags/dag_tomorrowio.py
[2026-07-01T04:44:59.124+0000] {logging_mixin.py:188} INFO - [2026-07-01T04:44:59.124+0000] {dag.py:3096} INFO - Sync 1 DAGs
[2026-07-01T04:44:59.131+0000] {logging_mixin.py:188} INFO - [2026-07-01T04:44:59.131+0000] {dag.py:3954} INFO - Setting next_dagrun for weather_tomorrowio_pipeline to 2026-07-01 04:00:00+00:00, run_after=2026-07-01 05:00:00+00:00
[2026-07-01T04:44:59.139+0000] {processor.py:183} INFO - Processing /opt/airflow/dags/dag_tomorrowio.py took 0.350 seconds
[2026-07-01T04:45:29.372+0000] {processor.py:161} INFO - Started process (PID=7094) to work on /opt/airflow/dags/dag_tomorrowio.py
[2026-07-01T04:45:29.373+0000] {processor.py:830} INFO - Processing file /opt/airflow/dags/dag_tomorrowio.py for tasks to queue
[2026-07-01T04:45:29.374+0000] {logging_mixin.py:188} INFO - [2026-07-01T04:45:29.374+0000] {dagbag.py:545} INFO - Filling up the DagBag from /opt/airflow/dags/dag_tomorrowio.py
[2026-07-01T04:45:29.518+0000] {processor.py:840} INFO - DAG(s) 'weather_tomorrowio_pipeline' retrieved from /opt/airflow/dags/dag_tomorrowio.py
[2026-07-01T04:45:29.540+0000] {logging_mixin.py:188} INFO - [2026-07-01T04:45:29.540+0000] {dag.py:3096} INFO - Sync 1 DAGs
[2026-07-01T04:45:29.552+0000] {logging_mixin.py:188} INFO - [2026-07-01T04:45:29.552+0000] {dag.py:3954} INFO - Setting next_dagrun for weather_tomorrowio_pipeline to 2026-07-01 04:00:00+00:00, run_after=2026-07-01 05:00:00+00:00
[2026-07-01T04:45:29.561+0000] {processor.py:183} INFO - Processing /opt/airflow/dags/dag_tomorrowio.py took 0.208 seconds
[2026-07-01T04:45:59.761+0000] {processor.py:161} INFO - Started process (PID=7131) to work on /opt/airflow/dags/dag_tomorrowio.py
[2026-07-01T04:45:59.763+0000] {processor.py:830} INFO - Processing file /opt/airflow/dags/dag_tomorrowio.py for tasks to queue
[2026-07-01T04:45:59.764+0000] {logging_mixin.py:188} INFO - [2026-07-01T04:45:59.764+0000] {dagbag.py:545} INFO - Filling up the DagBag from /opt/airflow/dags/dag_tomorrowio.py
[2026-07-01T04:45:59.961+0000] {processor.py:840} INFO - DAG(s) 'weather_tomorrowio_pipeline' retrieved from /opt/airflow/dags/dag_tomorrowio.py
[2026-07-01T04:45:59.978+0000] {logging_mixin.py:188} INFO - [2026-07-01T04:45:59.978+0000] {dag.py:3096} INFO - Sync 1 DAGs
[2026-07-01T04:45:59.991+0000] {logging_mixin.py:188} INFO - [2026-07-01T04:45:59.991+0000] {dag.py:3954} INFO - Setting next_dagrun for weather_tomorrowio_pipeline to 2026-07-01 04:00:00+00:00, run_after=2026-07-01 05:00:00+00:00
[2026-07-01T04:45:59.999+0000] {processor.py:183} INFO - Processing /opt/airflow/dags/dag_tomorrowio.py took 0.244 seconds
[2026-07-01T04:46:30.432+0000] {processor.py:161} INFO - Started process (PID=7168) to work on /opt/airflow/dags/dag_tomorrowio.py
[2026-07-01T04:46:30.433+0000] {processor.py:830} INFO - Processing file /opt/airflow/dags/dag_tomorrowio.py for tasks to queue
[2026-07-01T04:46:30.435+0000] {logging_mixin.py:188} INFO - [2026-07-01T04:46:30.434+0000] {dagbag.py:545} INFO - Filling up the DagBag from /opt/airflow/dags/dag_tomorrowio.py
[2026-07-01T04:46:30.613+0000] {processor.py:840} INFO - DAG(s) 'weather_tomorrowio_pipeline' retrieved from /opt/airflow/dags/dag_tomorrowio.py
[2026-07-01T04:46:30.638+0000] {logging_mixin.py:188} INFO - [2026-07-01T04:46:30.638+0000] {dag.py:3096} INFO - Sync 1 DAGs
[2026-07-01T04:46:30.647+0000] {logging_mixin.py:188} INFO - [2026-07-01T04:46:30.647+0000] {dag.py:3954} INFO - Setting next_dagrun for weather_tomorrowio_pipeline to 2026-07-01 04:00:00+00:00, run_after=2026-07-01 05:00:00+00:00
[2026-07-01T04:46:30.719+0000] {processor.py:183} INFO - Processing /opt/airflow/dags/dag_tomorrowio.py took 0.292 seconds
[2026-07-01T04:47:01.348+0000] {processor.py:161} INFO - Started process (PID=7205) to work on /opt/airflow/dags/dag_tomorrowio.py
[2026-07-01T04:47:01.352+0000] {processor.py:830} INFO - Processing file /opt/airflow/dags/dag_tomorrowio.py for tasks to queue
[2026-07-01T04:47:01.355+0000] {logging_mixin.py:188} INFO - [2026-07-01T04:47:01.354+0000] {dagbag.py:545} INFO - Filling up the DagBag from /opt/airflow/dags/dag_tomorrowio.py
[2026-07-01T04:47:01.725+0000] {processor.py:840} INFO - DAG(s) 'weather_tomorrowio_pipeline' retrieved from /opt/airflow/dags/dag_tomorrowio.py
[2026-07-01T04:47:01.794+0000] {logging_mixin.py:188} INFO - [2026-07-01T04:47:01.793+0000] {dag.py:3096} INFO - Sync 1 DAGs
[2026-07-01T04:47:02.248+0000] {logging_mixin.py:188} INFO - [2026-07-01T04:47:02.248+0000] {dag.py:3954} INFO - Setting next_dagrun for weather_tomorrowio_pipeline to 2026-07-01 04:00:00+00:00, run_after=2026-07-01 05:00:00+00:00
[2026-07-01T04:47:02.267+0000] {processor.py:183} INFO - Processing /opt/airflow/dags/dag_tomorrowio.py took 0.938 seconds
[2026-07-01T04:47:33.121+0000] {processor.py:161} INFO - Started process (PID=7242) to work on /opt/airflow/dags/dag_tomorrowio.py
[2026-07-01T04:47:33.122+0000] {processor.py:830} INFO - Processing file /opt/airflow/dags/dag_tomorrowio.py for tasks to queue
[2026-07-01T04:47:33.124+0000] {logging_mixin.py:188} INFO - [2026-07-01T04:47:33.124+0000] {dagbag.py:545} INFO - Filling up the DagBag from /opt/airflow/dags/dag_tomorrowio.py
[2026-07-01T04:47:33.444+0000] {processor.py:840} INFO - DAG(s) 'weather_tomorrowio_pipeline' retrieved from /opt/airflow/dags/dag_tomorrowio.py
[2026-07-01T04:47:33.465+0000] {logging_mixin.py:188} INFO - [2026-07-01T04:47:33.465+0000] {dag.py:3096} INFO - Sync 1 DAGs
[2026-07-01T04:47:33.593+0000] {logging_mixin.py:188} INFO - [2026-07-01T04:47:33.593+0000] {dag.py:3954} INFO - Setting next_dagrun for weather_tomorrowio_pipeline to 2026-07-01 04:00:00+00:00, run_after=2026-07-01 05:00:00+00:00
[2026-07-01T04:47:33.600+0000] {processor.py:183} INFO - Processing /opt/airflow/dags/dag_tomorrowio.py took 0.486 seconds
[2026-07-01T04:48:03.779+0000] {processor.py:161} INFO - Started process (PID=7279) to work on /opt/airflow/dags/dag_tomorrowio.py
[2026-07-01T04:48:03.781+0000] {processor.py:830} INFO - Processing file /opt/airflow/dags/dag_tomorrowio.py for tasks to queue
[2026-07-01T04:48:03.782+0000] {logging_mixin.py:188} INFO - [2026-07-01T04:48:03.782+0000] {dagbag.py:545} INFO - Filling up the DagBag from /opt/airflow/dags/dag_tomorrowio.py
[2026-07-01T04:48:03.933+0000] {processor.py:840} INFO - DAG(s) 'weather_tomorrowio_pipeline' retrieved from /opt/airflow/dags/dag_tomorrowio.py
[2026-07-01T04:48:04.017+0000] {logging_mixin.py:188} INFO - [2026-07-01T04:48:04.017+0000] {dag.py:3096} INFO - Sync 1 DAGs
[2026-07-01T04:48:04.024+0000] {logging_mixin.py:188} INFO - [2026-07-01T04:48:04.024+0000] {dag.py:3954} INFO - Setting next_dagrun for weather_tomorrowio_pipeline to 2026-07-01 04:00:00+00:00, run_after=2026-07-01 05:00:00+00:00
[2026-07-01T04:48:04.031+0000] {processor.py:183} INFO - Processing /opt/airflow/dags/dag_tomorrowio.py took 0.259 seconds
[2026-07-01T04:48:34.436+0000] {processor.py:161} INFO - Started process (PID=7316) to work on /opt/airflow/dags/dag_tomorrowio.py
[2026-07-01T04:48:34.437+0000] {processor.py:830} INFO - Processing file /opt/airflow/dags/dag_tomorrowio.py for tasks to queue
[2026-07-01T04:48:34.439+0000] {logging_mixin.py:188} INFO - [2026-07-01T04:48:34.439+0000] {dagbag.py:545} INFO - Filling up the DagBag from /opt/airflow/dags/dag_tomorrowio.py
[2026-07-01T04:48:34.612+0000] {processor.py:840} INFO - DAG(s) 'weather_tomorrowio_pipeline' retrieved from /opt/airflow/dags/dag_tomorrowio.py
[2026-07-01T04:48:34.629+0000] {logging_mixin.py:188} INFO - [2026-07-01T04:48:34.629+0000] {dag.py:3096} INFO - Sync 1 DAGs
[2026-07-01T04:48:34.643+0000] {logging_mixin.py:188} INFO - [2026-07-01T04:48:34.643+0000] {dag.py:3954} INFO - Setting next_dagrun for weather_tomorrowio_pipeline to 2026-07-01 04:00:00+00:00, run_after=2026-07-01 05:00:00+00:00
[2026-07-01T04:48:34.650+0000] {processor.py:183} INFO - Processing /opt/airflow/dags/dag_tomorrowio.py took 0.221 seconds
[2026-07-01T04:50:01.610+0000] {processor.py:161} INFO - Started process (PID=7371) to work on /opt/airflow/dags/dag_tomorrowio.py
[2026-07-01T04:50:01.612+0000] {processor.py:830} INFO - Processing file /opt/airflow/dags/dag_tomorrowio.py for tasks to queue
[2026-07-01T04:50:01.613+0000] {logging_mixin.py:188} INFO - [2026-07-01T04:50:01.613+0000] {dagbag.py:545} INFO - Filling up the DagBag from /opt/airflow/dags/dag_tomorrowio.py
[2026-07-01T04:50:01.802+0000] {processor.py:840} INFO - DAG(s) 'weather_tomorrowio_pipeline' retrieved from /opt/airflow/dags/dag_tomorrowio.py
[2026-07-01T04:50:01.841+0000] {logging_mixin.py:188} INFO - [2026-07-01T04:50:01.841+0000] {dag.py:3096} INFO - Sync 1 DAGs
[2026-07-01T04:50:01.881+0000] {logging_mixin.py:188} INFO - [2026-07-01T04:50:01.881+0000] {dag.py:3954} INFO - Setting next_dagrun for weather_tomorrowio_pipeline to 2026-07-01 04:00:00+00:00, run_after=2026-07-01 05:00:00+00:00
[2026-07-01T04:50:01.898+0000] {processor.py:183} INFO - Processing /opt/airflow/dags/dag_tomorrowio.py took 0.298 seconds
[2026-07-01T05:04:28.170+0000] {processor.py:161} INFO - Started process (PID=7412) to work on /opt/airflow/dags/dag_tomorrowio.py
[2026-07-01T05:04:28.171+0000] {processor.py:830} INFO - Processing file /opt/airflow/dags/dag_tomorrowio.py for tasks to queue
[2026-07-01T05:04:28.172+0000] {logging_mixin.py:188} INFO - [2026-07-01T05:04:28.172+0000] {dagbag.py:545} INFO - Filling up the DagBag from /opt/airflow/dags/dag_tomorrowio.py
[2026-07-01T05:04:28.472+0000] {processor.py:840} INFO - DAG(s) 'weather_tomorrowio_pipeline' retrieved from /opt/airflow/dags/dag_tomorrowio.py
[2026-07-01T05:04:28.507+0000] {logging_mixin.py:188} INFO - [2026-07-01T05:04:28.506+0000] {dag.py:3096} INFO - Sync 1 DAGs
[2026-07-01T05:04:28.691+0000] {logging_mixin.py:188} INFO - [2026-07-01T05:04:28.691+0000] {dag.py:3954} INFO - Setting next_dagrun for weather_tomorrowio_pipeline to 2026-07-01 05:00:00+00:00, run_after=2026-07-01 06:00:00+00:00
[2026-07-01T05:04:28.722+0000] {processor.py:183} INFO - Processing /opt/airflow/dags/dag_tomorrowio.py took 0.564 seconds
[2026-07-01T05:24:31.959+0000] {processor.py:161} INFO - Started process (PID=8037) to work on /opt/airflow/dags/dag_tomorrowio.py
[2026-07-01T05:24:31.960+0000] {processor.py:830} INFO - Processing file /opt/airflow/dags/dag_tomorrowio.py for tasks to queue
[2026-07-01T05:24:31.962+0000] {logging_mixin.py:188} INFO - [2026-07-01T05:24:31.962+0000] {dagbag.py:545} INFO - Filling up the DagBag from /opt/airflow/dags/dag_tomorrowio.py
[2026-07-01T05:24:32.382+0000] {processor.py:840} INFO - DAG(s) 'weather_tomorrowio_pipeline' retrieved from /opt/airflow/dags/dag_tomorrowio.py
[2026-07-01T05:24:32.421+0000] {logging_mixin.py:188} INFO - [2026-07-01T05:24:32.421+0000] {dag.py:3096} INFO - Sync 1 DAGs
[2026-07-01T05:24:32.598+0000] {logging_mixin.py:188} INFO - [2026-07-01T05:24:32.598+0000] {dag.py:3954} INFO - Setting next_dagrun for weather_tomorrowio_pipeline to 2026-07-01 05:00:00+00:00, run_after=2026-07-01 06:00:00+00:00
[2026-07-01T05:24:32.611+0000] {processor.py:183} INFO - Processing /opt/airflow/dags/dag_tomorrowio.py took 0.660 seconds
[2026-07-01T05:29:24.364+0000] {processor.py:161} INFO - Started process (PID=8074) to work on /opt/airflow/dags/dag_tomorrowio.py
[2026-07-01T05:29:24.365+0000] {processor.py:830} INFO - Processing file /opt/airflow/dags/dag_tomorrowio.py for tasks to queue
[2026-07-01T05:29:24.366+0000] {logging_mixin.py:188} INFO - [2026-07-01T05:29:24.366+0000] {dagbag.py:545} INFO - Filling up the DagBag from /opt/airflow/dags/dag_tomorrowio.py
[2026-07-01T05:29:24.601+0000] {processor.py:840} INFO - DAG(s) 'weather_tomorrowio_pipeline' retrieved from /opt/airflow/dags/dag_tomorrowio.py
[2026-07-01T05:29:24.923+0000] {logging_mixin.py:188} INFO - [2026-07-01T05:29:24.921+0000] {dag.py:3096} INFO - Sync 1 DAGs
[2026-07-01T05:29:24.997+0000] {logging_mixin.py:188} INFO - [2026-07-01T05:29:24.996+0000] {dag.py:3954} INFO - Setting next_dagrun for weather_tomorrowio_pipeline to 2026-07-01 05:00:00+00:00, run_after=2026-07-01 06:00:00+00:00
[2026-07-01T05:29:25.075+0000] {processor.py:183} INFO - Processing /opt/airflow/dags/dag_tomorrowio.py took 0.714 seconds
[2026-07-01T05:45:16.148+0000] {processor.py:161} INFO - Started process (PID=8115) to work on /opt/airflow/dags/dag_tomorrowio.py
[2026-07-01T05:45:16.148+0000] {processor.py:830} INFO - Processing file /opt/airflow/dags/dag_tomorrowio.py for tasks to queue
[2026-07-01T05:45:16.149+0000] {logging_mixin.py:188} INFO - [2026-07-01T05:45:16.149+0000] {dagbag.py:545} INFO - Filling up the DagBag from /opt/airflow/dags/dag_tomorrowio.py
[2026-07-01T05:45:16.316+0000] {processor.py:840} INFO - DAG(s) 'weather_tomorrowio_pipeline' retrieved from /opt/airflow/dags/dag_tomorrowio.py
[2026-07-01T05:45:16.329+0000] {logging_mixin.py:188} INFO - [2026-07-01T05:45:16.328+0000] {dag.py:3096} INFO - Sync 1 DAGs
[2026-07-01T05:45:16.338+0000] {logging_mixin.py:188} INFO - [2026-07-01T05:45:16.338+0000] {dag.py:3954} INFO - Setting next_dagrun for weather_tomorrowio_pipeline to 2026-07-01 05:00:00+00:00, run_after=2026-07-01 06:00:00+00:00
[2026-07-01T05:45:16.347+0000] {processor.py:183} INFO - Processing /opt/airflow/dags/dag_tomorrowio.py took 0.203 seconds
[2026-07-01T05:51:11.190+0000] {processor.py:161} INFO - Started process (PID=8181) to work on /opt/airflow/dags/dag_tomorrowio.py
[2026-07-01T05:51:11.193+0000] {processor.py:830} INFO - Processing file /opt/airflow/dags/dag_tomorrowio.py for tasks to queue
[2026-07-01T05:51:11.194+0000] {logging_mixin.py:188} INFO - [2026-07-01T05:51:11.194+0000] {dagbag.py:545} INFO - Filling up the DagBag from /opt/airflow/dags/dag_tomorrowio.py
[2026-07-01T05:51:11.422+0000] {processor.py:840} INFO - DAG(s) 'weather_tomorrowio_pipeline' retrieved from /opt/airflow/dags/dag_tomorrowio.py
[2026-07-01T05:51:11.458+0000] {logging_mixin.py:188} INFO - [2026-07-01T05:51:11.457+0000] {dag.py:3096} INFO - Sync 1 DAGs
[2026-07-01T05:51:11.483+0000] {logging_mixin.py:188} INFO - [2026-07-01T05:51:11.483+0000] {dag.py:3954} INFO - Setting next_dagrun for weather_tomorrowio_pipeline to 2026-07-01 05:00:00+00:00, run_after=2026-07-01 06:00:00+00:00
[2026-07-01T05:51:11.508+0000] {processor.py:183} INFO - Processing /opt/airflow/dags/dag_tomorrowio.py took 0.332 seconds
[2026-07-01T05:53:47.827+0000] {processor.py:161} INFO - Started process (PID=8218) to work on /opt/airflow/dags/dag_tomorrowio.py
[2026-07-01T05:53:47.830+0000] {processor.py:830} INFO - Processing file /opt/airflow/dags/dag_tomorrowio.py for tasks to queue
[2026-07-01T05:53:47.831+0000] {logging_mixin.py:188} INFO - [2026-07-01T05:53:47.830+0000] {dagbag.py:545} INFO - Filling up the DagBag from /opt/airflow/dags/dag_tomorrowio.py
[2026-07-01T05:53:48.043+0000] {processor.py:840} INFO - DAG(s) 'weather_tomorrowio_pipeline' retrieved from /opt/airflow/dags/dag_tomorrowio.py
[2026-07-01T05:53:48.061+0000] {logging_mixin.py:188} INFO - [2026-07-01T05:53:48.061+0000] {dag.py:3096} INFO - Sync 1 DAGs
[2026-07-01T05:53:48.083+0000] {logging_mixin.py:188} INFO - [2026-07-01T05:53:48.083+0000] {dag.py:3954} INFO - Setting next_dagrun for weather_tomorrowio_pipeline to 2026-07-01 05:00:00+00:00, run_after=2026-07-01 06:00:00+00:00
[2026-07-01T05:53:48.203+0000] {processor.py:183} INFO - Processing /opt/airflow/dags/dag_tomorrowio.py took 0.383 seconds
[2026-07-01T06:49:45.440+0000] {processor.py:161} INFO - Started process (PID=8258) to work on /opt/airflow/dags/dag_tomorrowio.py
[2026-07-01T06:49:45.444+0000] {processor.py:830} INFO - Processing file /opt/airflow/dags/dag_tomorrowio.py for tasks to queue
[2026-07-01T06:49:45.449+0000] {logging_mixin.py:188} INFO - [2026-07-01T06:49:45.448+0000] {dagbag.py:545} INFO - Filling up the DagBag from /opt/airflow/dags/dag_tomorrowio.py
[2026-07-01T06:49:46.237+0000] {processor.py:840} INFO - DAG(s) 'weather_tomorrowio_pipeline' retrieved from /opt/airflow/dags/dag_tomorrowio.py
[2026-07-01T06:49:46.276+0000] {logging_mixin.py:188} INFO - [2026-07-01T06:49:46.276+0000] {dag.py:3096} INFO - Sync 1 DAGs
[2026-07-01T06:49:46.460+0000] {logging_mixin.py:188} INFO - [2026-07-01T06:49:46.460+0000] {dag.py:3954} INFO - Setting next_dagrun for weather_tomorrowio_pipeline to 2026-07-01 06:00:00+00:00, run_after=2026-07-01 07:00:00+00:00
[2026-07-01T06:49:46.474+0000] {processor.py:183} INFO - Processing /opt/airflow/dags/dag_tomorrowio.py took 1.088 seconds
[2026-07-01T07:53:00.955+0000] {processor.py:161} INFO - Started process (PID=8853) to work on /opt/airflow/dags/dag_tomorrowio.py
[2026-07-01T07:53:00.956+0000] {processor.py:830} INFO - Processing file /opt/airflow/dags/dag_tomorrowio.py for tasks to queue
[2026-07-01T07:53:00.957+0000] {logging_mixin.py:188} INFO - [2026-07-01T07:53:00.957+0000] {dagbag.py:545} INFO - Filling up the DagBag from /opt/airflow/dags/dag_tomorrowio.py
[2026-07-01T07:53:01.166+0000] {processor.py:840} INFO - DAG(s) 'weather_tomorrowio_pipeline' retrieved from /opt/airflow/dags/dag_tomorrowio.py
[2026-07-01T07:53:01.263+0000] {logging_mixin.py:188} INFO - [2026-07-01T07:53:01.263+0000] {dag.py:3096} INFO - Sync 1 DAGs
[2026-07-01T07:53:01.271+0000] {logging_mixin.py:188} INFO - [2026-07-01T07:53:01.271+0000] {dag.py:3954} INFO - Setting next_dagrun for weather_tomorrowio_pipeline to 2026-07-01 07:00:00+00:00, run_after=2026-07-01 08:00:00+00:00
[2026-07-01T07:53:01.280+0000] {processor.py:183} INFO - Processing /opt/airflow/dags/dag_tomorrowio.py took 0.328 seconds
[2026-07-01T08:51:48.531+0000] {processor.py:161} INFO - Started process (PID=9444) to work on /opt/airflow/dags/dag_tomorrowio.py
[2026-07-01T08:51:48.533+0000] {processor.py:830} INFO - Processing file /opt/airflow/dags/dag_tomorrowio.py for tasks to queue
[2026-07-01T08:51:48.536+0000] {logging_mixin.py:188} INFO - [2026-07-01T08:51:48.535+0000] {dagbag.py:545} INFO - Filling up the DagBag from /opt/airflow/dags/dag_tomorrowio.py
[2026-07-01T08:51:48.774+0000] {processor.py:840} INFO - DAG(s) 'weather_tomorrowio_pipeline' retrieved from /opt/airflow/dags/dag_tomorrowio.py
[2026-07-01T08:51:48.879+0000] {logging_mixin.py:188} INFO - [2026-07-01T08:51:48.879+0000] {dag.py:3096} INFO - Sync 1 DAGs
[2026-07-01T08:51:48.887+0000] {logging_mixin.py:188} INFO - [2026-07-01T08:51:48.887+0000] {dag.py:3954} INFO - Setting next_dagrun for weather_tomorrowio_pipeline to 2026-07-01 08:00:00+00:00, run_after=2026-07-01 09:00:00+00:00
[2026-07-01T08:51:48.896+0000] {processor.py:183} INFO - Processing /opt/airflow/dags/dag_tomorrowio.py took 0.369 seconds
[2026-07-01T10:25:07.866+0000] {processor.py:161} INFO - Started process (PID=10020) to work on /opt/airflow/dags/dag_tomorrowio.py
[2026-07-01T10:25:07.867+0000] {processor.py:830} INFO - Processing file /opt/airflow/dags/dag_tomorrowio.py for tasks to queue
[2026-07-01T10:25:07.868+0000] {logging_mixin.py:188} INFO - [2026-07-01T10:25:07.868+0000] {dagbag.py:545} INFO - Filling up the DagBag from /opt/airflow/dags/dag_tomorrowio.py
[2026-07-01T10:25:08.082+0000] {processor.py:840} INFO - DAG(s) 'weather_tomorrowio_pipeline' retrieved from /opt/airflow/dags/dag_tomorrowio.py
[2026-07-01T10:25:08.095+0000] {logging_mixin.py:188} INFO - [2026-07-01T10:25:08.094+0000] {dag.py:3096} INFO - Sync 1 DAGs
[2026-07-01T10:25:08.107+0000] {logging_mixin.py:188} INFO - [2026-07-01T10:25:08.107+0000] {dag.py:3954} INFO - Setting next_dagrun for weather_tomorrowio_pipeline to 2026-07-01 10:00:00+00:00, run_after=2026-07-01 11:00:00+00:00
[2026-07-01T10:25:08.117+0000] {processor.py:183} INFO - Processing /opt/airflow/dags/dag_tomorrowio.py took 0.255 seconds
[2026-07-01T11:41:46.232+0000] {processor.py:161} INFO - Started process (PID=10632) to work on /opt/airflow/dags/dag_tomorrowio.py
[2026-07-01T11:41:46.234+0000] {processor.py:830} INFO - Processing file /opt/airflow/dags/dag_tomorrowio.py for tasks to queue
[2026-07-01T11:41:46.237+0000] {logging_mixin.py:188} INFO - [2026-07-01T11:41:46.236+0000] {dagbag.py:545} INFO - Filling up the DagBag from /opt/airflow/dags/dag_tomorrowio.py
[2026-07-01T11:41:46.531+0000] {processor.py:840} INFO - DAG(s) 'weather_tomorrowio_pipeline' retrieved from /opt/airflow/dags/dag_tomorrowio.py
[2026-07-01T11:41:46.549+0000] {logging_mixin.py:188} INFO - [2026-07-01T11:41:46.549+0000] {dag.py:3096} INFO - Sync 1 DAGs
[2026-07-01T11:41:46.565+0000] {logging_mixin.py:188} INFO - [2026-07-01T11:41:46.565+0000] {dag.py:3954} INFO - Setting next_dagrun for weather_tomorrowio_pipeline to 2026-07-01 11:00:00+00:00, run_after=2026-07-01 12:00:00+00:00
[2026-07-01T11:41:46.661+0000] {processor.py:183} INFO - Processing /opt/airflow/dags/dag_tomorrowio.py took 0.440 seconds
[2026-07-01T12:30:43.240+0000] {processor.py:161} INFO - Started process (PID=11251) to work on /opt/airflow/dags/dag_tomorrowio.py
[2026-07-01T12:30:43.241+0000] {processor.py:830} INFO - Processing file /opt/airflow/dags/dag_tomorrowio.py for tasks to queue
[2026-07-01T12:30:43.242+0000] {logging_mixin.py:188} INFO - [2026-07-01T12:30:43.242+0000] {dagbag.py:545} INFO - Filling up the DagBag from /opt/airflow/dags/dag_tomorrowio.py
[2026-07-01T12:30:43.386+0000] {processor.py:840} INFO - DAG(s) 'weather_tomorrowio_pipeline' retrieved from /opt/airflow/dags/dag_tomorrowio.py
[2026-07-01T12:30:43.395+0000] {logging_mixin.py:188} INFO - [2026-07-01T12:30:43.395+0000] {dag.py:3096} INFO - Sync 1 DAGs
[2026-07-01T12:30:43.466+0000] {logging_mixin.py:188} INFO - [2026-07-01T12:30:43.466+0000] {dag.py:3954} INFO - Setting next_dagrun for weather_tomorrowio_pipeline to 2026-07-01 12:00:00+00:00, run_after=2026-07-01 13:00:00+00:00
[2026-07-01T12:30:43.472+0000] {processor.py:183} INFO - Processing /opt/airflow/dags/dag_tomorrowio.py took 0.235 seconds
[2026-07-01T12:58:02.779+0000] {processor.py:161} INFO - Started process (PID=11887) to work on /opt/airflow/dags/dag_tomorrowio.py
[2026-07-01T12:58:02.780+0000] {processor.py:830} INFO - Processing file /opt/airflow/dags/dag_tomorrowio.py for tasks to queue
[2026-07-01T12:58:02.781+0000] {logging_mixin.py:188} INFO - [2026-07-01T12:58:02.781+0000] {dagbag.py:545} INFO - Filling up the DagBag from /opt/airflow/dags/dag_tomorrowio.py
[2026-07-01T12:58:03.643+0000] {processor.py:840} INFO - DAG(s) 'weather_tomorrowio_pipeline' retrieved from /opt/airflow/dags/dag_tomorrowio.py
[2026-07-01T12:58:05.144+0000] {logging_mixin.py:188} INFO - [2026-07-01T12:58:05.143+0000] {dag.py:3096} INFO - Sync 1 DAGs
[2026-07-01T12:58:05.189+0000] {logging_mixin.py:188} INFO - [2026-07-01T12:58:05.189+0000] {dag.py:3954} INFO - Setting next_dagrun for weather_tomorrowio_pipeline to 2026-07-01 12:00:00+00:00, run_after=2026-07-01 13:00:00+00:00
[2026-07-01T12:58:05.207+0000] {processor.py:183} INFO - Processing /opt/airflow/dags/dag_tomorrowio.py took 2.431 seconds
[2026-07-01T12:58:35.866+0000] {processor.py:161} INFO - Started process (PID=11924) to work on /opt/airflow/dags/dag_tomorrowio.py
[2026-07-01T12:58:35.905+0000] {processor.py:830} INFO - Processing file /opt/airflow/dags/dag_tomorrowio.py for tasks to queue
[2026-07-01T12:58:35.909+0000] {logging_mixin.py:188} INFO - [2026-07-01T12:58:35.909+0000] {dagbag.py:545} INFO - Filling up the DagBag from /opt/airflow/dags/dag_tomorrowio.py
[2026-07-01T12:58:37.978+0000] {processor.py:840} INFO - DAG(s) 'weather_tomorrowio_pipeline' retrieved from /opt/airflow/dags/dag_tomorrowio.py
[2026-07-01T12:58:38.357+0000] {logging_mixin.py:188} INFO - [2026-07-01T12:58:38.356+0000] {dag.py:3096} INFO - Sync 1 DAGs
[2026-07-01T12:58:38.374+0000] {logging_mixin.py:188} INFO - [2026-07-01T12:58:38.374+0000] {dag.py:3954} INFO - Setting next_dagrun for weather_tomorrowio_pipeline to 2026-07-01 12:00:00+00:00, run_after=2026-07-01 13:00:00+00:00
[2026-07-01T12:58:38.389+0000] {processor.py:183} INFO - Processing /opt/airflow/dags/dag_tomorrowio.py took 2.769 seconds
[2026-07-01T12:59:09.105+0000] {processor.py:161} INFO - Started process (PID=11961) to work on /opt/airflow/dags/dag_tomorrowio.py
[2026-07-01T12:59:09.107+0000] {processor.py:830} INFO - Processing file /opt/airflow/dags/dag_tomorrowio.py for tasks to queue
[2026-07-01T12:59:09.108+0000] {logging_mixin.py:188} INFO - [2026-07-01T12:59:09.108+0000] {dagbag.py:545} INFO - Filling up the DagBag from /opt/airflow/dags/dag_tomorrowio.py
[2026-07-01T12:59:09.374+0000] {processor.py:840} INFO - DAG(s) 'weather_tomorrowio_pipeline' retrieved from /opt/airflow/dags/dag_tomorrowio.py
[2026-07-01T12:59:09.390+0000] {logging_mixin.py:188} INFO - [2026-07-01T12:59:09.389+0000] {dag.py:3096} INFO - Sync 1 DAGs
[2026-07-01T12:59:09.409+0000] {logging_mixin.py:188} INFO - [2026-07-01T12:59:09.409+0000] {dag.py:3954} INFO - Setting next_dagrun for weather_tomorrowio_pipeline to 2026-07-01 12:00:00+00:00, run_after=2026-07-01 13:00:00+00:00
[2026-07-01T12:59:09.419+0000] {processor.py:183} INFO - Processing /opt/airflow/dags/dag_tomorrowio.py took 0.327 seconds
[2026-07-01T12:59:39.515+0000] {processor.py:161} INFO - Started process (PID=11995) to work on /opt/airflow/dags/dag_tomorrowio.py
[2026-07-01T12:59:39.516+0000] {processor.py:830} INFO - Processing file /opt/airflow/dags/dag_tomorrowio.py for tasks to queue
[2026-07-01T12:59:39.518+0000] {logging_mixin.py:188} INFO - [2026-07-01T12:59:39.518+0000] {dagbag.py:545} INFO - Filling up the DagBag from /opt/airflow/dags/dag_tomorrowio.py
[2026-07-01T12:59:39.801+0000] {processor.py:840} INFO - DAG(s) 'weather_tomorrowio_pipeline' retrieved from /opt/airflow/dags/dag_tomorrowio.py
[2026-07-01T12:59:39.813+0000] {logging_mixin.py:188} INFO - [2026-07-01T12:59:39.813+0000] {dag.py:3096} INFO - Sync 1 DAGs
[2026-07-01T12:59:39.823+0000] {logging_mixin.py:188} INFO - [2026-07-01T12:59:39.823+0000] {dag.py:3954} INFO - Setting next_dagrun for weather_tomorrowio_pipeline to 2026-07-01 12:00:00+00:00, run_after=2026-07-01 13:00:00+00:00
[2026-07-01T12:59:40.179+0000] {processor.py:183} INFO - Processing /opt/airflow/dags/dag_tomorrowio.py took 0.672 seconds
[2026-07-01T13:00:11.265+0000] {processor.py:161} INFO - Started process (PID=12400) to work on /opt/airflow/dags/dag_tomorrowio.py
[2026-07-01T13:00:11.273+0000] {processor.py:830} INFO - Processing file /opt/airflow/dags/dag_tomorrowio.py for tasks to queue
[2026-07-01T13:00:11.292+0000] {logging_mixin.py:188} INFO - [2026-07-01T13:00:11.291+0000] {dagbag.py:545} INFO - Filling up the DagBag from /opt/airflow/dags/dag_tomorrowio.py
[2026-07-01T13:00:12.524+0000] {processor.py:840} INFO - DAG(s) 'weather_tomorrowio_pipeline' retrieved from /opt/airflow/dags/dag_tomorrowio.py
[2026-07-01T13:00:12.571+0000] {logging_mixin.py:188} INFO - [2026-07-01T13:00:12.570+0000] {dag.py:3096} INFO - Sync 1 DAGs
[2026-07-01T13:00:13.062+0000] {logging_mixin.py:188} INFO - [2026-07-01T13:00:13.062+0000] {dag.py:3954} INFO - Setting next_dagrun for weather_tomorrowio_pipeline to 2026-07-01 13:00:00+00:00, run_after=2026-07-01 14:00:00+00:00
[2026-07-01T13:00:13.084+0000] {processor.py:183} INFO - Processing /opt/airflow/dags/dag_tomorrowio.py took 1.866 seconds
[2026-07-01T13:00:43.640+0000] {processor.py:161} INFO - Started process (PID=12657) to work on /opt/airflow/dags/dag_tomorrowio.py
[2026-07-01T13:00:43.642+0000] {processor.py:830} INFO - Processing file /opt/airflow/dags/dag_tomorrowio.py for tasks to queue
[2026-07-01T13:00:43.643+0000] {logging_mixin.py:188} INFO - [2026-07-01T13:00:43.643+0000] {dagbag.py:545} INFO - Filling up the DagBag from /opt/airflow/dags/dag_tomorrowio.py
[2026-07-01T13:00:43.881+0000] {processor.py:840} INFO - DAG(s) 'weather_tomorrowio_pipeline' retrieved from /opt/airflow/dags/dag_tomorrowio.py
[2026-07-01T13:00:43.916+0000] {logging_mixin.py:188} INFO - [2026-07-01T13:00:43.916+0000] {dag.py:3096} INFO - Sync 1 DAGs
[2026-07-01T13:00:44.079+0000] {logging_mixin.py:188} INFO - [2026-07-01T13:00:44.079+0000] {dag.py:3954} INFO - Setting next_dagrun for weather_tomorrowio_pipeline to 2026-07-01 13:00:00+00:00, run_after=2026-07-01 14:00:00+00:00
[2026-07-01T13:00:44.110+0000] {processor.py:183} INFO - Processing /opt/airflow/dags/dag_tomorrowio.py took 0.478 seconds
[2026-07-01T13:01:14.915+0000] {processor.py:161} INFO - Started process (PID=12696) to work on /opt/airflow/dags/dag_tomorrowio.py
[2026-07-01T13:01:14.916+0000] {processor.py:830} INFO - Processing file /opt/airflow/dags/dag_tomorrowio.py for tasks to queue
[2026-07-01T13:01:14.918+0000] {logging_mixin.py:188} INFO - [2026-07-01T13:01:14.917+0000] {dagbag.py:545} INFO - Filling up the DagBag from /opt/airflow/dags/dag_tomorrowio.py
[2026-07-01T13:01:15.178+0000] {processor.py:840} INFO - DAG(s) 'weather_tomorrowio_pipeline' retrieved from /opt/airflow/dags/dag_tomorrowio.py
[2026-07-01T13:01:15.420+0000] {logging_mixin.py:188} INFO - [2026-07-01T13:01:15.420+0000] {dag.py:3096} INFO - Sync 1 DAGs
[2026-07-01T13:01:15.433+0000] {logging_mixin.py:188} INFO - [2026-07-01T13:01:15.433+0000] {dag.py:3954} INFO - Setting next_dagrun for weather_tomorrowio_pipeline to 2026-07-01 13:00:00+00:00, run_after=2026-07-01 14:00:00+00:00
[2026-07-01T13:01:15.442+0000] {processor.py:183} INFO - Processing /opt/airflow/dags/dag_tomorrowio.py took 0.535 seconds
[2026-07-01T13:01:46.163+0000] {processor.py:161} INFO - Started process (PID=12731) to work on /opt/airflow/dags/dag_tomorrowio.py
[2026-07-01T13:01:46.164+0000] {processor.py:830} INFO - Processing file /opt/airflow/dags/dag_tomorrowio.py for tasks to queue
[2026-07-01T13:01:46.166+0000] {logging_mixin.py:188} INFO - [2026-07-01T13:01:46.166+0000] {dagbag.py:545} INFO - Filling up the DagBag from /opt/airflow/dags/dag_tomorrowio.py
[2026-07-01T13:01:46.488+0000] {processor.py:840} INFO - DAG(s) 'weather_tomorrowio_pipeline' retrieved from /opt/airflow/dags/dag_tomorrowio.py
[2026-07-01T13:01:46.515+0000] {logging_mixin.py:188} INFO - [2026-07-01T13:01:46.514+0000] {dag.py:3096} INFO - Sync 1 DAGs
[2026-07-01T13:01:46.537+0000] {logging_mixin.py:188} INFO - [2026-07-01T13:01:46.537+0000] {dag.py:3954} INFO - Setting next_dagrun for weather_tomorrowio_pipeline to 2026-07-01 13:00:00+00:00, run_after=2026-07-01 14:00:00+00:00
[2026-07-01T13:01:46.554+0000] {processor.py:183} INFO - Processing /opt/airflow/dags/dag_tomorrowio.py took 0.400 seconds
[2026-07-01T13:02:17.572+0000] {processor.py:161} INFO - Started process (PID=12770) to work on /opt/airflow/dags/dag_tomorrowio.py
[2026-07-01T13:02:17.575+0000] {processor.py:830} INFO - Processing file /opt/airflow/dags/dag_tomorrowio.py for tasks to queue
[2026-07-01T13:02:17.579+0000] {logging_mixin.py:188} INFO - [2026-07-01T13:02:17.578+0000] {dagbag.py:545} INFO - Filling up the DagBag from /opt/airflow/dags/dag_tomorrowio.py
[2026-07-01T13:02:17.961+0000] {processor.py:840} INFO - DAG(s) 'weather_tomorrowio_pipeline' retrieved from /opt/airflow/dags/dag_tomorrowio.py
[2026-07-01T13:02:17.999+0000] {logging_mixin.py:188} INFO - [2026-07-01T13:02:17.999+0000] {dag.py:3096} INFO - Sync 1 DAGs
[2026-07-01T13:02:18.024+0000] {logging_mixin.py:188} INFO - [2026-07-01T13:02:18.024+0000] {dag.py:3954} INFO - Setting next_dagrun for weather_tomorrowio_pipeline to 2026-07-01 13:00:00+00:00, run_after=2026-07-01 14:00:00+00:00
[2026-07-01T13:02:18.273+0000] {processor.py:183} INFO - Processing /opt/airflow/dags/dag_tomorrowio.py took 0.708 seconds
[2026-07-01T13:02:49.327+0000] {processor.py:161} INFO - Started process (PID=12807) to work on /opt/airflow/dags/dag_tomorrowio.py
[2026-07-01T13:02:49.330+0000] {processor.py:830} INFO - Processing file /opt/airflow/dags/dag_tomorrowio.py for tasks to queue
[2026-07-01T13:02:49.337+0000] {logging_mixin.py:188} INFO - [2026-07-01T13:02:49.336+0000] {dagbag.py:545} INFO - Filling up the DagBag from /opt/airflow/dags/dag_tomorrowio.py
[2026-07-01T13:02:50.360+0000] {processor.py:840} INFO - DAG(s) 'weather_tomorrowio_pipeline' retrieved from /opt/airflow/dags/dag_tomorrowio.py
[2026-07-01T13:02:50.481+0000] {logging_mixin.py:188} INFO - [2026-07-01T13:02:50.475+0000] {dag.py:3096} INFO - Sync 1 DAGs
[2026-07-01T13:02:51.804+0000] {logging_mixin.py:188} INFO - [2026-07-01T13:02:51.800+0000] {dag.py:3954} INFO - Setting next_dagrun for weather_tomorrowio_pipeline to 2026-07-01 13:00:00+00:00, run_after=2026-07-01 14:00:00+00:00
[2026-07-01T13:02:51.903+0000] {processor.py:183} INFO - Processing /opt/airflow/dags/dag_tomorrowio.py took 2.588 seconds
[2026-07-01T13:03:23.109+0000] {processor.py:161} INFO - Started process (PID=12844) to work on /opt/airflow/dags/dag_tomorrowio.py
[2026-07-01T13:03:23.116+0000] {processor.py:830} INFO - Processing file /opt/airflow/dags/dag_tomorrowio.py for tasks to queue
[2026-07-01T13:03:23.143+0000] {logging_mixin.py:188} INFO - [2026-07-01T13:03:23.141+0000] {dagbag.py:545} INFO - Filling up the DagBag from /opt/airflow/dags/dag_tomorrowio.py
[2026-07-01T13:03:24.964+0000] {processor.py:840} INFO - DAG(s) 'weather_tomorrowio_pipeline' retrieved from /opt/airflow/dags/dag_tomorrowio.py
[2026-07-01T13:03:25.151+0000] {logging_mixin.py:188} INFO - [2026-07-01T13:03:25.144+0000] {dag.py:3096} INFO - Sync 1 DAGs
[2026-07-01T13:03:27.104+0000] {logging_mixin.py:188} INFO - [2026-07-01T13:03:27.100+0000] {dag.py:3954} INFO - Setting next_dagrun for weather_tomorrowio_pipeline to 2026-07-01 13:00:00+00:00, run_after=2026-07-01 14:00:00+00:00
[2026-07-01T13:03:27.254+0000] {processor.py:183} INFO - Processing /opt/airflow/dags/dag_tomorrowio.py took 4.181 seconds
[2026-07-01T13:03:58.289+0000] {processor.py:161} INFO - Started process (PID=12881) to work on /opt/airflow/dags/dag_tomorrowio.py
[2026-07-01T13:03:58.293+0000] {processor.py:830} INFO - Processing file /opt/airflow/dags/dag_tomorrowio.py for tasks to queue
[2026-07-01T13:03:58.305+0000] {logging_mixin.py:188} INFO - [2026-07-01T13:03:58.303+0000] {dagbag.py:545} INFO - Filling up the DagBag from /opt/airflow/dags/dag_tomorrowio.py
[2026-07-01T13:04:00.151+0000] {processor.py:840} INFO - DAG(s) 'weather_tomorrowio_pipeline' retrieved from /opt/airflow/dags/dag_tomorrowio.py
[2026-07-01T13:04:03.466+0000] {logging_mixin.py:188} INFO - [2026-07-01T13:04:03.462+0000] {dag.py:3096} INFO - Sync 1 DAGs
[2026-07-01T13:04:03.608+0000] {logging_mixin.py:188} INFO - [2026-07-01T13:04:03.604+0000] {dag.py:3954} INFO - Setting next_dagrun for weather_tomorrowio_pipeline to 2026-07-01 13:00:00+00:00, run_after=2026-07-01 14:00:00+00:00
[2026-07-01T13:04:03.704+0000] {processor.py:183} INFO - Processing /opt/airflow/dags/dag_tomorrowio.py took 5.446 seconds
[2026-07-01T13:04:34.912+0000] {processor.py:161} INFO - Started process (PID=12918) to work on /opt/airflow/dags/dag_tomorrowio.py
[2026-07-01T13:04:34.917+0000] {processor.py:830} INFO - Processing file /opt/airflow/dags/dag_tomorrowio.py for tasks to queue
[2026-07-01T13:04:34.932+0000] {logging_mixin.py:188} INFO - [2026-07-01T13:04:34.930+0000] {dagbag.py:545} INFO - Filling up the DagBag from /opt/airflow/dags/dag_tomorrowio.py
[2026-07-01T13:04:36.488+0000] {processor.py:840} INFO - DAG(s) 'weather_tomorrowio_pipeline' retrieved from /opt/airflow/dags/dag_tomorrowio.py
[2026-07-01T13:04:36.688+0000] {logging_mixin.py:188} INFO - [2026-07-01T13:04:36.685+0000] {dag.py:3096} INFO - Sync 1 DAGs
[2026-07-01T13:04:36.841+0000] {logging_mixin.py:188} INFO - [2026-07-01T13:04:36.840+0000] {dag.py:3954} INFO - Setting next_dagrun for weather_tomorrowio_pipeline to 2026-07-01 13:00:00+00:00, run_after=2026-07-01 14:00:00+00:00
[2026-07-01T13:04:37.025+0000] {processor.py:183} INFO - Processing /opt/airflow/dags/dag_tomorrowio.py took 2.147 seconds
[2026-07-01T13:05:07.762+0000] {processor.py:161} INFO - Started process (PID=12952) to work on /opt/airflow/dags/dag_tomorrowio.py
[2026-07-01T13:05:07.767+0000] {processor.py:830} INFO - Processing file /opt/airflow/dags/dag_tomorrowio.py for tasks to queue
[2026-07-01T13:05:07.773+0000] {logging_mixin.py:188} INFO - [2026-07-01T13:05:07.772+0000] {dagbag.py:545} INFO - Filling up the DagBag from /opt/airflow/dags/dag_tomorrowio.py
[2026-07-01T13:05:10.105+0000] {processor.py:840} INFO - DAG(s) 'weather_tomorrowio_pipeline' retrieved from /opt/airflow/dags/dag_tomorrowio.py
[2026-07-01T13:05:10.425+0000] {logging_mixin.py:188} INFO - [2026-07-01T13:05:10.422+0000] {dag.py:3096} INFO - Sync 1 DAGs
[2026-07-01T13:05:10.798+0000] {logging_mixin.py:188} INFO - [2026-07-01T13:05:10.797+0000] {dag.py:3954} INFO - Setting next_dagrun for weather_tomorrowio_pipeline to 2026-07-01 13:00:00+00:00, run_after=2026-07-01 14:00:00+00:00
[2026-07-01T13:05:10.921+0000] {processor.py:183} INFO - Processing /opt/airflow/dags/dag_tomorrowio.py took 3.189 seconds
[2026-07-01T13:05:41.860+0000] {processor.py:161} INFO - Started process (PID=12989) to work on /opt/airflow/dags/dag_tomorrowio.py
[2026-07-01T13:05:41.869+0000] {processor.py:830} INFO - Processing file /opt/airflow/dags/dag_tomorrowio.py for tasks to queue
[2026-07-01T13:05:41.877+0000] {logging_mixin.py:188} INFO - [2026-07-01T13:05:41.876+0000] {dagbag.py:545} INFO - Filling up the DagBag from /opt/airflow/dags/dag_tomorrowio.py
[2026-07-01T13:05:43.099+0000] {processor.py:840} INFO - DAG(s) 'weather_tomorrowio_pipeline' retrieved from /opt/airflow/dags/dag_tomorrowio.py
[2026-07-01T13:05:43.279+0000] {logging_mixin.py:188} INFO - [2026-07-01T13:05:43.276+0000] {dag.py:3096} INFO - Sync 1 DAGs
[2026-07-01T13:05:43.403+0000] {logging_mixin.py:188} INFO - [2026-07-01T13:05:43.400+0000] {dag.py:3954} INFO - Setting next_dagrun for weather_tomorrowio_pipeline to 2026-07-01 13:00:00+00:00, run_after=2026-07-01 14:00:00+00:00
[2026-07-01T13:05:46.032+0000] {processor.py:183} INFO - Processing /opt/airflow/dags/dag_tomorrowio.py took 4.206 seconds
[2026-07-01T13:06:16.187+0000] {processor.py:161} INFO - Started process (PID=13036) to work on /opt/airflow/dags/dag_tomorrowio.py
[2026-07-01T13:06:16.190+0000] {processor.py:830} INFO - Processing file /opt/airflow/dags/dag_tomorrowio.py for tasks to queue
[2026-07-01T13:06:16.193+0000] {logging_mixin.py:188} INFO - [2026-07-01T13:06:16.192+0000] {dagbag.py:545} INFO - Filling up the DagBag from /opt/airflow/dags/dag_tomorrowio.py
[2026-07-01T13:06:17.238+0000] {processor.py:840} INFO - DAG(s) 'weather_tomorrowio_pipeline' retrieved from /opt/airflow/dags/dag_tomorrowio.py
[2026-07-01T13:06:17.334+0000] {logging_mixin.py:188} INFO - [2026-07-01T13:06:17.332+0000] {dag.py:3096} INFO - Sync 1 DAGs
[2026-07-01T13:06:18.283+0000] {logging_mixin.py:188} INFO - [2026-07-01T13:06:18.283+0000] {dag.py:3954} INFO - Setting next_dagrun for weather_tomorrowio_pipeline to 2026-07-01 13:00:00+00:00, run_after=2026-07-01 14:00:00+00:00
[2026-07-01T13:06:18.329+0000] {processor.py:183} INFO - Processing /opt/airflow/dags/dag_tomorrowio.py took 2.167 seconds
[2026-07-01T13:06:49.029+0000] {processor.py:161} INFO - Started process (PID=13088) to work on /opt/airflow/dags/dag_tomorrowio.py
[2026-07-01T13:06:49.032+0000] {processor.py:830} INFO - Processing file /opt/airflow/dags/dag_tomorrowio.py for tasks to queue
[2026-07-01T13:06:49.039+0000] {logging_mixin.py:188} INFO - [2026-07-01T13:06:49.036+0000] {dagbag.py:545} INFO - Filling up the DagBag from /opt/airflow/dags/dag_tomorrowio.py
[2026-07-01T13:06:50.600+0000] {processor.py:840} INFO - DAG(s) 'weather_tomorrowio_pipeline' retrieved from /opt/airflow/dags/dag_tomorrowio.py
[2026-07-01T13:06:52.202+0000] {logging_mixin.py:188} INFO - [2026-07-01T13:06:52.198+0000] {dag.py:3096} INFO - Sync 1 DAGs
[2026-07-01T13:06:52.288+0000] {logging_mixin.py:188} INFO - [2026-07-01T13:06:52.288+0000] {dag.py:3954} INFO - Setting next_dagrun for weather_tomorrowio_pipeline to 2026-07-01 13:00:00+00:00, run_after=2026-07-01 14:00:00+00:00
[2026-07-01T13:06:52.372+0000] {processor.py:183} INFO - Processing /opt/airflow/dags/dag_tomorrowio.py took 3.364 seconds
[2026-07-01T13:07:23.220+0000] {processor.py:161} INFO - Started process (PID=13125) to work on /opt/airflow/dags/dag_tomorrowio.py
[2026-07-01T13:07:23.226+0000] {processor.py:830} INFO - Processing file /opt/airflow/dags/dag_tomorrowio.py for tasks to queue
[2026-07-01T13:07:23.234+0000] {logging_mixin.py:188} INFO - [2026-07-01T13:07:23.233+0000] {dagbag.py:545} INFO - Filling up the DagBag from /opt/airflow/dags/dag_tomorrowio.py
[2026-07-01T13:07:25.029+0000] {processor.py:840} INFO - DAG(s) 'weather_tomorrowio_pipeline' retrieved from /opt/airflow/dags/dag_tomorrowio.py
[2026-07-01T13:07:26.744+0000] {logging_mixin.py:188} INFO - [2026-07-01T13:07:26.743+0000] {dag.py:3096} INFO - Sync 1 DAGs
[2026-07-01T13:07:26.811+0000] {logging_mixin.py:188} INFO - [2026-07-01T13:07:26.811+0000] {dag.py:3954} INFO - Setting next_dagrun for weather_tomorrowio_pipeline to 2026-07-01 13:00:00+00:00, run_after=2026-07-01 14:00:00+00:00
[2026-07-01T13:07:26.885+0000] {processor.py:183} INFO - Processing /opt/airflow/dags/dag_tomorrowio.py took 3.725 seconds
[2026-07-01T13:07:57.646+0000] {processor.py:161} INFO - Started process (PID=13162) to work on /opt/airflow/dags/dag_tomorrowio.py
[2026-07-01T13:07:57.655+0000] {processor.py:830} INFO - Processing file /opt/airflow/dags/dag_tomorrowio.py for tasks to queue
[2026-07-01T13:07:57.662+0000] {logging_mixin.py:188} INFO - [2026-07-01T13:07:57.661+0000] {dagbag.py:545} INFO - Filling up the DagBag from /opt/airflow/dags/dag_tomorrowio.py
[2026-07-01T13:07:59.486+0000] {processor.py:840} INFO - DAG(s) 'weather_tomorrowio_pipeline' retrieved from /opt/airflow/dags/dag_tomorrowio.py
[2026-07-01T13:07:59.629+0000] {logging_mixin.py:188} INFO - [2026-07-01T13:07:59.625+0000] {dag.py:3096} INFO - Sync 1 DAGs
[2026-07-01T13:07:59.731+0000] {logging_mixin.py:188} INFO - [2026-07-01T13:07:59.730+0000] {dag.py:3954} INFO - Setting next_dagrun for weather_tomorrowio_pipeline to 2026-07-01 13:00:00+00:00, run_after=2026-07-01 14:00:00+00:00
[2026-07-01T13:07:59.792+0000] {processor.py:183} INFO - Processing /opt/airflow/dags/dag_tomorrowio.py took 2.199 seconds
[2026-07-01T13:08:30.335+0000] {processor.py:161} INFO - Started process (PID=13199) to work on /opt/airflow/dags/dag_tomorrowio.py
[2026-07-01T13:08:30.343+0000] {processor.py:830} INFO - Processing file /opt/airflow/dags/dag_tomorrowio.py for tasks to queue
[2026-07-01T13:08:30.356+0000] {logging_mixin.py:188} INFO - [2026-07-01T13:08:30.354+0000] {dagbag.py:545} INFO - Filling up the DagBag from /opt/airflow/dags/dag_tomorrowio.py
[2026-07-01T13:08:32.222+0000] {processor.py:840} INFO - DAG(s) 'weather_tomorrowio_pipeline' retrieved from /opt/airflow/dags/dag_tomorrowio.py
[2026-07-01T13:08:32.397+0000] {logging_mixin.py:188} INFO - [2026-07-01T13:08:32.395+0000] {dag.py:3096} INFO - Sync 1 DAGs
[2026-07-01T13:08:32.508+0000] {logging_mixin.py:188} INFO - [2026-07-01T13:08:32.507+0000] {dag.py:3954} INFO - Setting next_dagrun for weather_tomorrowio_pipeline to 2026-07-01 13:00:00+00:00, run_after=2026-07-01 14:00:00+00:00
[2026-07-01T13:08:34.010+0000] {processor.py:183} INFO - Processing /opt/airflow/dags/dag_tomorrowio.py took 3.707 seconds
[2026-07-01T13:09:04.712+0000] {processor.py:161} INFO - Started process (PID=13236) to work on /opt/airflow/dags/dag_tomorrowio.py
[2026-07-01T13:09:04.719+0000] {processor.py:830} INFO - Processing file /opt/airflow/dags/dag_tomorrowio.py for tasks to queue
[2026-07-01T13:09:04.734+0000] {logging_mixin.py:188} INFO - [2026-07-01T13:09:04.733+0000] {dagbag.py:545} INFO - Filling up the DagBag from /opt/airflow/dags/dag_tomorrowio.py
[2026-07-01T13:09:06.549+0000] {processor.py:840} INFO - DAG(s) 'weather_tomorrowio_pipeline' retrieved from /opt/airflow/dags/dag_tomorrowio.py
[2026-07-01T13:09:06.778+0000] {logging_mixin.py:188} INFO - [2026-07-01T13:09:06.775+0000] {dag.py:3096} INFO - Sync 1 DAGs
[2026-07-01T13:09:09.159+0000] {logging_mixin.py:188} INFO - [2026-07-01T13:09:09.156+0000] {dag.py:3954} INFO - Setting next_dagrun for weather_tomorrowio_pipeline to 2026-07-01 13:00:00+00:00, run_after=2026-07-01 14:00:00+00:00
[2026-07-01T13:09:09.260+0000] {processor.py:183} INFO - Processing /opt/airflow/dags/dag_tomorrowio.py took 4.577 seconds
[2026-07-01T13:09:39.843+0000] {processor.py:161} INFO - Started process (PID=13273) to work on /opt/airflow/dags/dag_tomorrowio.py
[2026-07-01T13:09:39.860+0000] {processor.py:830} INFO - Processing file /opt/airflow/dags/dag_tomorrowio.py for tasks to queue
[2026-07-01T13:09:39.895+0000] {logging_mixin.py:188} INFO - [2026-07-01T13:09:39.889+0000] {dagbag.py:545} INFO - Filling up the DagBag from /opt/airflow/dags/dag_tomorrowio.py
[2026-07-01T13:09:41.783+0000] {processor.py:840} INFO - DAG(s) 'weather_tomorrowio_pipeline' retrieved from /opt/airflow/dags/dag_tomorrowio.py
[2026-07-01T13:09:44.410+0000] {logging_mixin.py:188} INFO - [2026-07-01T13:09:44.404+0000] {dag.py:3096} INFO - Sync 1 DAGs
[2026-07-01T13:09:44.542+0000] {logging_mixin.py:188} INFO - [2026-07-01T13:09:44.542+0000] {dag.py:3954} INFO - Setting next_dagrun for weather_tomorrowio_pipeline to 2026-07-01 13:00:00+00:00, run_after=2026-07-01 14:00:00+00:00
[2026-07-01T13:09:44.675+0000] {processor.py:183} INFO - Processing /opt/airflow/dags/dag_tomorrowio.py took 4.876 seconds
[2026-07-01T13:10:16.028+0000] {processor.py:161} INFO - Started process (PID=13310) to work on /opt/airflow/dags/dag_tomorrowio.py
[2026-07-01T13:10:16.033+0000] {processor.py:830} INFO - Processing file /opt/airflow/dags/dag_tomorrowio.py for tasks to queue
[2026-07-01T13:10:16.043+0000] {logging_mixin.py:188} INFO - [2026-07-01T13:10:16.041+0000] {dagbag.py:545} INFO - Filling up the DagBag from /opt/airflow/dags/dag_tomorrowio.py
[2026-07-01T13:10:17.569+0000] {processor.py:840} INFO - DAG(s) 'weather_tomorrowio_pipeline' retrieved from /opt/airflow/dags/dag_tomorrowio.py
[2026-07-01T13:10:19.341+0000] {logging_mixin.py:188} INFO - [2026-07-01T13:10:19.339+0000] {dag.py:3096} INFO - Sync 1 DAGs
[2026-07-01T13:10:19.433+0000] {logging_mixin.py:188} INFO - [2026-07-01T13:10:19.432+0000] {dag.py:3954} INFO - Setting next_dagrun for weather_tomorrowio_pipeline to 2026-07-01 13:00:00+00:00, run_after=2026-07-01 14:00:00+00:00
[2026-07-01T13:10:19.505+0000] {processor.py:183} INFO - Processing /opt/airflow/dags/dag_tomorrowio.py took 3.522 seconds
[2026-07-01T13:10:50.508+0000] {processor.py:161} INFO - Started process (PID=13347) to work on /opt/airflow/dags/dag_tomorrowio.py
[2026-07-01T13:10:50.515+0000] {processor.py:830} INFO - Processing file /opt/airflow/dags/dag_tomorrowio.py for tasks to queue
[2026-07-01T13:10:50.540+0000] {logging_mixin.py:188} INFO - [2026-07-01T13:10:50.535+0000] {dagbag.py:545} INFO - Filling up the DagBag from /opt/airflow/dags/dag_tomorrowio.py
[2026-07-01T13:10:52.251+0000] {processor.py:840} INFO - DAG(s) 'weather_tomorrowio_pipeline' retrieved from /opt/airflow/dags/dag_tomorrowio.py
[2026-07-01T13:10:52.758+0000] {logging_mixin.py:188} INFO - [2026-07-01T13:10:52.737+0000] {dag.py:3096} INFO - Sync 1 DAGs
[2026-07-01T13:10:53.050+0000] {logging_mixin.py:188} INFO - [2026-07-01T13:10:53.039+0000] {dag.py:3954} INFO - Setting next_dagrun for weather_tomorrowio_pipeline to 2026-07-01 13:00:00+00:00, run_after=2026-07-01 14:00:00+00:00
[2026-07-01T13:10:53.217+0000] {processor.py:183} INFO - Processing /opt/airflow/dags/dag_tomorrowio.py took 2.754 seconds
[2026-07-01T13:11:24.237+0000] {processor.py:161} INFO - Started process (PID=13384) to work on /opt/airflow/dags/dag_tomorrowio.py
[2026-07-01T13:11:24.257+0000] {processor.py:830} INFO - Processing file /opt/airflow/dags/dag_tomorrowio.py for tasks to queue
[2026-07-01T13:11:24.276+0000] {logging_mixin.py:188} INFO - [2026-07-01T13:11:24.275+0000] {dagbag.py:545} INFO - Filling up the DagBag from /opt/airflow/dags/dag_tomorrowio.py
[2026-07-01T13:11:25.690+0000] {processor.py:840} INFO - DAG(s) 'weather_tomorrowio_pipeline' retrieved from /opt/airflow/dags/dag_tomorrowio.py
[2026-07-01T13:11:25.838+0000] {logging_mixin.py:188} INFO - [2026-07-01T13:11:25.836+0000] {dag.py:3096} INFO - Sync 1 DAGs
[2026-07-01T13:11:25.965+0000] {logging_mixin.py:188} INFO - [2026-07-01T13:11:25.965+0000] {dag.py:3954} INFO - Setting next_dagrun for weather_tomorrowio_pipeline to 2026-07-01 13:00:00+00:00, run_after=2026-07-01 14:00:00+00:00
[2026-07-01T13:11:28.739+0000] {processor.py:183} INFO - Processing /opt/airflow/dags/dag_tomorrowio.py took 4.552 seconds
[2026-07-01T13:11:59.904+0000] {processor.py:161} INFO - Started process (PID=13434) to work on /opt/airflow/dags/dag_tomorrowio.py
[2026-07-01T13:11:59.918+0000] {processor.py:830} INFO - Processing file /opt/airflow/dags/dag_tomorrowio.py for tasks to queue
[2026-07-01T13:11:59.922+0000] {logging_mixin.py:188} INFO - [2026-07-01T13:11:59.921+0000] {dagbag.py:545} INFO - Filling up the DagBag from /opt/airflow/dags/dag_tomorrowio.py
[2026-07-01T13:12:01.283+0000] {processor.py:840} INFO - DAG(s) 'weather_tomorrowio_pipeline' retrieved from /opt/airflow/dags/dag_tomorrowio.py
[2026-07-01T13:12:01.427+0000] {logging_mixin.py:188} INFO - [2026-07-01T13:12:01.424+0000] {dag.py:3096} INFO - Sync 1 DAGs
[2026-07-01T13:12:04.016+0000] {logging_mixin.py:188} INFO - [2026-07-01T13:12:04.014+0000] {dag.py:3954} INFO - Setting next_dagrun for weather_tomorrowio_pipeline to 2026-07-01 13:00:00+00:00, run_after=2026-07-01 14:00:00+00:00
[2026-07-01T13:12:04.086+0000] {processor.py:183} INFO - Processing /opt/airflow/dags/dag_tomorrowio.py took 4.192 seconds
[2026-07-01T13:12:34.312+0000] {processor.py:161} INFO - Started process (PID=13483) to work on /opt/airflow/dags/dag_tomorrowio.py
[2026-07-01T13:12:34.313+0000] {processor.py:830} INFO - Processing file /opt/airflow/dags/dag_tomorrowio.py for tasks to queue
[2026-07-01T13:12:34.314+0000] {logging_mixin.py:188} INFO - [2026-07-01T13:12:34.314+0000] {dagbag.py:545} INFO - Filling up the DagBag from /opt/airflow/dags/dag_tomorrowio.py
[2026-07-01T13:12:34.532+0000] {processor.py:840} INFO - DAG(s) 'weather_tomorrowio_pipeline' retrieved from /opt/airflow/dags/dag_tomorrowio.py
[2026-07-01T13:12:34.550+0000] {logging_mixin.py:188} INFO - [2026-07-01T13:12:34.549+0000] {dag.py:3096} INFO - Sync 1 DAGs
[2026-07-01T13:12:34.788+0000] {logging_mixin.py:188} INFO - [2026-07-01T13:12:34.788+0000] {dag.py:3954} INFO - Setting next_dagrun for weather_tomorrowio_pipeline to 2026-07-01 13:00:00+00:00, run_after=2026-07-01 14:00:00+00:00
[2026-07-01T13:12:34.802+0000] {processor.py:183} INFO - Processing /opt/airflow/dags/dag_tomorrowio.py took 0.494 seconds
[2026-07-01T13:13:05.428+0000] {processor.py:161} INFO - Started process (PID=13520) to work on /opt/airflow/dags/dag_tomorrowio.py
[2026-07-01T13:13:05.430+0000] {processor.py:830} INFO - Processing file /opt/airflow/dags/dag_tomorrowio.py for tasks to queue
[2026-07-01T13:13:05.434+0000] {logging_mixin.py:188} INFO - [2026-07-01T13:13:05.433+0000] {dagbag.py:545} INFO - Filling up the DagBag from /opt/airflow/dags/dag_tomorrowio.py
[2026-07-01T13:13:05.774+0000] {processor.py:840} INFO - DAG(s) 'weather_tomorrowio_pipeline' retrieved from /opt/airflow/dags/dag_tomorrowio.py
[2026-07-01T13:13:06.000+0000] {logging_mixin.py:188} INFO - [2026-07-01T13:13:06.000+0000] {dag.py:3096} INFO - Sync 1 DAGs
[2026-07-01T13:13:06.016+0000] {logging_mixin.py:188} INFO - [2026-07-01T13:13:06.016+0000] {dag.py:3954} INFO - Setting next_dagrun for weather_tomorrowio_pipeline to 2026-07-01 13:00:00+00:00, run_after=2026-07-01 14:00:00+00:00
[2026-07-01T13:13:06.028+0000] {processor.py:183} INFO - Processing /opt/airflow/dags/dag_tomorrowio.py took 0.621 seconds
[2026-07-01T13:13:36.609+0000] {processor.py:161} INFO - Started process (PID=13557) to work on /opt/airflow/dags/dag_tomorrowio.py
[2026-07-01T13:13:36.611+0000] {processor.py:830} INFO - Processing file /opt/airflow/dags/dag_tomorrowio.py for tasks to queue
[2026-07-01T13:13:36.613+0000] {logging_mixin.py:188} INFO - [2026-07-01T13:13:36.613+0000] {dagbag.py:545} INFO - Filling up the DagBag from /opt/airflow/dags/dag_tomorrowio.py
[2026-07-01T13:13:37.018+0000] {processor.py:840} INFO - DAG(s) 'weather_tomorrowio_pipeline' retrieved from /opt/airflow/dags/dag_tomorrowio.py
[2026-07-01T13:13:37.029+0000] {logging_mixin.py:188} INFO - [2026-07-01T13:13:37.029+0000] {dag.py:3096} INFO - Sync 1 DAGs
[2026-07-01T13:13:37.038+0000] {logging_mixin.py:188} INFO - [2026-07-01T13:13:37.037+0000] {dag.py:3954} INFO - Setting next_dagrun for weather_tomorrowio_pipeline to 2026-07-01 13:00:00+00:00, run_after=2026-07-01 14:00:00+00:00
[2026-07-01T13:13:37.046+0000] {processor.py:183} INFO - Processing /opt/airflow/dags/dag_tomorrowio.py took 0.444 seconds
[2026-07-01T13:14:07.815+0000] {processor.py:161} INFO - Started process (PID=13594) to work on /opt/airflow/dags/dag_tomorrowio.py
[2026-07-01T13:14:07.818+0000] {processor.py:830} INFO - Processing file /opt/airflow/dags/dag_tomorrowio.py for tasks to queue
[2026-07-01T13:14:07.821+0000] {logging_mixin.py:188} INFO - [2026-07-01T13:14:07.821+0000] {dagbag.py:545} INFO - Filling up the DagBag from /opt/airflow/dags/dag_tomorrowio.py
[2026-07-01T13:14:08.198+0000] {processor.py:840} INFO - DAG(s) 'weather_tomorrowio_pipeline' retrieved from /opt/airflow/dags/dag_tomorrowio.py
[2026-07-01T13:14:08.222+0000] {logging_mixin.py:188} INFO - [2026-07-01T13:14:08.222+0000] {dag.py:3096} INFO - Sync 1 DAGs
[2026-07-01T13:14:08.236+0000] {logging_mixin.py:188} INFO - [2026-07-01T13:14:08.236+0000] {dag.py:3954} INFO - Setting next_dagrun for weather_tomorrowio_pipeline to 2026-07-01 13:00:00+00:00, run_after=2026-07-01 14:00:00+00:00
[2026-07-01T13:14:08.416+0000] {processor.py:183} INFO - Processing /opt/airflow/dags/dag_tomorrowio.py took 0.615 seconds
[2026-07-01T13:14:38.636+0000] {processor.py:161} INFO - Started process (PID=13631) to work on /opt/airflow/dags/dag_tomorrowio.py
[2026-07-01T13:14:38.641+0000] {processor.py:830} INFO - Processing file /opt/airflow/dags/dag_tomorrowio.py for tasks to queue
[2026-07-01T13:14:38.647+0000] {logging_mixin.py:188} INFO - [2026-07-01T13:14:38.647+0000] {dagbag.py:545} INFO - Filling up the DagBag from /opt/airflow/dags/dag_tomorrowio.py
[2026-07-01T13:14:38.985+0000] {processor.py:840} INFO - DAG(s) 'weather_tomorrowio_pipeline' retrieved from /opt/airflow/dags/dag_tomorrowio.py
[2026-07-01T13:14:39.010+0000] {logging_mixin.py:188} INFO - [2026-07-01T13:14:39.010+0000] {dag.py:3096} INFO - Sync 1 DAGs
[2026-07-01T13:14:39.216+0000] {logging_mixin.py:188} INFO - [2026-07-01T13:14:39.215+0000] {dag.py:3954} INFO - Setting next_dagrun for weather_tomorrowio_pipeline to 2026-07-01 13:00:00+00:00, run_after=2026-07-01 14:00:00+00:00
[2026-07-01T13:14:39.225+0000] {processor.py:183} INFO - Processing /opt/airflow/dags/dag_tomorrowio.py took 0.609 seconds
[2026-07-01T13:15:09.404+0000] {processor.py:161} INFO - Started process (PID=13668) to work on /opt/airflow/dags/dag_tomorrowio.py
[2026-07-01T13:15:09.406+0000] {processor.py:830} INFO - Processing file /opt/airflow/dags/dag_tomorrowio.py for tasks to queue
[2026-07-01T13:15:09.408+0000] {logging_mixin.py:188} INFO - [2026-07-01T13:15:09.407+0000] {dagbag.py:545} INFO - Filling up the DagBag from /opt/airflow/dags/dag_tomorrowio.py
[2026-07-01T13:15:09.664+0000] {processor.py:840} INFO - DAG(s) 'weather_tomorrowio_pipeline' retrieved from /opt/airflow/dags/dag_tomorrowio.py
[2026-07-01T13:15:09.684+0000] {logging_mixin.py:188} INFO - [2026-07-01T13:15:09.683+0000] {dag.py:3096} INFO - Sync 1 DAGs
[2026-07-01T13:15:09.858+0000] {logging_mixin.py:188} INFO - [2026-07-01T13:15:09.858+0000] {dag.py:3954} INFO - Setting next_dagrun for weather_tomorrowio_pipeline to 2026-07-01 13:00:00+00:00, run_after=2026-07-01 14:00:00+00:00
[2026-07-01T13:15:09.869+0000] {processor.py:183} INFO - Processing /opt/airflow/dags/dag_tomorrowio.py took 0.472 seconds
[2026-07-01T13:15:40.714+0000] {processor.py:161} INFO - Started process (PID=13705) to work on /opt/airflow/dags/dag_tomorrowio.py
[2026-07-01T13:15:40.715+0000] {processor.py:830} INFO - Processing file /opt/airflow/dags/dag_tomorrowio.py for tasks to queue
[2026-07-01T13:15:40.717+0000] {logging_mixin.py:188} INFO - [2026-07-01T13:15:40.717+0000] {dagbag.py:545} INFO - Filling up the DagBag from /opt/airflow/dags/dag_tomorrowio.py
[2026-07-01T13:15:40.986+0000] {processor.py:840} INFO - DAG(s) 'weather_tomorrowio_pipeline' retrieved from /opt/airflow/dags/dag_tomorrowio.py
[2026-07-01T13:15:41.230+0000] {logging_mixin.py:188} INFO - [2026-07-01T13:15:41.230+0000] {dag.py:3096} INFO - Sync 1 DAGs
[2026-07-01T13:15:41.244+0000] {logging_mixin.py:188} INFO - [2026-07-01T13:15:41.244+0000] {dag.py:3954} INFO - Setting next_dagrun for weather_tomorrowio_pipeline to 2026-07-01 13:00:00+00:00, run_after=2026-07-01 14:00:00+00:00
[2026-07-01T13:15:41.259+0000] {processor.py:183} INFO - Processing /opt/airflow/dags/dag_tomorrowio.py took 0.548 seconds
[2026-07-01T13:16:11.504+0000] {processor.py:161} INFO - Started process (PID=13742) to work on /opt/airflow/dags/dag_tomorrowio.py
[2026-07-01T13:16:11.510+0000] {processor.py:830} INFO - Processing file /opt/airflow/dags/dag_tomorrowio.py for tasks to queue
[2026-07-01T13:16:11.513+0000] {logging_mixin.py:188} INFO - [2026-07-01T13:16:11.513+0000] {dagbag.py:545} INFO - Filling up the DagBag from /opt/airflow/dags/dag_tomorrowio.py
[2026-07-01T13:16:11.863+0000] {processor.py:840} INFO - DAG(s) 'weather_tomorrowio_pipeline' retrieved from /opt/airflow/dags/dag_tomorrowio.py
[2026-07-01T13:16:12.055+0000] {logging_mixin.py:188} INFO - [2026-07-01T13:16:12.055+0000] {dag.py:3096} INFO - Sync 1 DAGs
[2026-07-01T13:16:12.070+0000] {logging_mixin.py:188} INFO - [2026-07-01T13:16:12.070+0000] {dag.py:3954} INFO - Setting next_dagrun for weather_tomorrowio_pipeline to 2026-07-01 13:00:00+00:00, run_after=2026-07-01 14:00:00+00:00
[2026-07-01T13:16:12.081+0000] {processor.py:183} INFO - Processing /opt/airflow/dags/dag_tomorrowio.py took 0.594 seconds
[2026-07-01T13:16:43.068+0000] {processor.py:161} INFO - Started process (PID=13779) to work on /opt/airflow/dags/dag_tomorrowio.py
[2026-07-01T13:16:43.072+0000] {processor.py:830} INFO - Processing file /opt/airflow/dags/dag_tomorrowio.py for tasks to queue
[2026-07-01T13:16:43.079+0000] {logging_mixin.py:188} INFO - [2026-07-01T13:16:43.078+0000] {dagbag.py:545} INFO - Filling up the DagBag from /opt/airflow/dags/dag_tomorrowio.py
[2026-07-01T13:16:44.914+0000] {processor.py:840} INFO - DAG(s) 'weather_tomorrowio_pipeline' retrieved from /opt/airflow/dags/dag_tomorrowio.py
[2026-07-01T13:16:44.965+0000] {logging_mixin.py:188} INFO - [2026-07-01T13:16:44.964+0000] {dag.py:3096} INFO - Sync 1 DAGs
[2026-07-01T13:16:45.004+0000] {logging_mixin.py:188} INFO - [2026-07-01T13:16:45.003+0000] {dag.py:3954} INFO - Setting next_dagrun for weather_tomorrowio_pipeline to 2026-07-01 13:00:00+00:00, run_after=2026-07-01 14:00:00+00:00
[2026-07-01T13:16:45.044+0000] {processor.py:183} INFO - Processing /opt/airflow/dags/dag_tomorrowio.py took 2.000 seconds
[2026-07-01T13:17:15.495+0000] {processor.py:161} INFO - Started process (PID=13816) to work on /opt/airflow/dags/dag_tomorrowio.py
[2026-07-01T13:17:15.497+0000] {processor.py:830} INFO - Processing file /opt/airflow/dags/dag_tomorrowio.py for tasks to queue
[2026-07-01T13:17:15.503+0000] {logging_mixin.py:188} INFO - [2026-07-01T13:17:15.502+0000] {dagbag.py:545} INFO - Filling up the DagBag from /opt/airflow/dags/dag_tomorrowio.py
[2026-07-01T13:17:15.820+0000] {processor.py:840} INFO - DAG(s) 'weather_tomorrowio_pipeline' retrieved from /opt/airflow/dags/dag_tomorrowio.py
[2026-07-01T13:17:15.844+0000] {logging_mixin.py:188} INFO - [2026-07-01T13:17:15.844+0000] {dag.py:3096} INFO - Sync 1 DAGs
[2026-07-01T13:17:15.872+0000] {logging_mixin.py:188} INFO - [2026-07-01T13:17:15.872+0000] {dag.py:3954} INFO - Setting next_dagrun for weather_tomorrowio_pipeline to 2026-07-01 13:00:00+00:00, run_after=2026-07-01 14:00:00+00:00
[2026-07-01T13:17:16.097+0000] {processor.py:183} INFO - Processing /opt/airflow/dags/dag_tomorrowio.py took 0.620 seconds
[2026-07-01T13:17:46.156+0000] {processor.py:161} INFO - Started process (PID=13853) to work on /opt/airflow/dags/dag_tomorrowio.py
[2026-07-01T13:17:46.158+0000] {processor.py:830} INFO - Processing file /opt/airflow/dags/dag_tomorrowio.py for tasks to queue
[2026-07-01T13:17:46.160+0000] {logging_mixin.py:188} INFO - [2026-07-01T13:17:46.160+0000] {dagbag.py:545} INFO - Filling up the DagBag from /opt/airflow/dags/dag_tomorrowio.py
[2026-07-01T13:17:46.407+0000] {processor.py:840} INFO - DAG(s) 'weather_tomorrowio_pipeline' retrieved from /opt/airflow/dags/dag_tomorrowio.py
[2026-07-01T13:17:46.424+0000] {logging_mixin.py:188} INFO - [2026-07-01T13:17:46.424+0000] {dag.py:3096} INFO - Sync 1 DAGs
[2026-07-01T13:17:46.617+0000] {logging_mixin.py:188} INFO - [2026-07-01T13:17:46.617+0000] {dag.py:3954} INFO - Setting next_dagrun for weather_tomorrowio_pipeline to 2026-07-01 13:00:00+00:00, run_after=2026-07-01 14:00:00+00:00
[2026-07-01T13:17:46.626+0000] {processor.py:183} INFO - Processing /opt/airflow/dags/dag_tomorrowio.py took 0.477 seconds
[2026-07-01T13:18:17.511+0000] {processor.py:161} INFO - Started process (PID=13890) to work on /opt/airflow/dags/dag_tomorrowio.py
[2026-07-01T13:18:17.514+0000] {processor.py:830} INFO - Processing file /opt/airflow/dags/dag_tomorrowio.py for tasks to queue
[2026-07-01T13:18:17.518+0000] {logging_mixin.py:188} INFO - [2026-07-01T13:18:17.517+0000] {dagbag.py:545} INFO - Filling up the DagBag from /opt/airflow/dags/dag_tomorrowio.py
[2026-07-01T13:18:17.868+0000] {processor.py:840} INFO - DAG(s) 'weather_tomorrowio_pipeline' retrieved from /opt/airflow/dags/dag_tomorrowio.py
[2026-07-01T13:18:17.890+0000] {logging_mixin.py:188} INFO - [2026-07-01T13:18:17.890+0000] {dag.py:3096} INFO - Sync 1 DAGs
[2026-07-01T13:18:18.096+0000] {logging_mixin.py:188} INFO - [2026-07-01T13:18:18.096+0000] {dag.py:3954} INFO - Setting next_dagrun for weather_tomorrowio_pipeline to 2026-07-01 13:00:00+00:00, run_after=2026-07-01 14:00:00+00:00
[2026-07-01T13:18:18.106+0000] {processor.py:183} INFO - Processing /opt/airflow/dags/dag_tomorrowio.py took 0.611 seconds
[2026-07-01T13:18:48.196+0000] {processor.py:161} INFO - Started process (PID=13927) to work on /opt/airflow/dags/dag_tomorrowio.py
[2026-07-01T13:18:48.198+0000] {processor.py:830} INFO - Processing file /opt/airflow/dags/dag_tomorrowio.py for tasks to queue
[2026-07-01T13:18:48.201+0000] {logging_mixin.py:188} INFO - [2026-07-01T13:18:48.200+0000] {dagbag.py:545} INFO - Filling up the DagBag from /opt/airflow/dags/dag_tomorrowio.py
[2026-07-01T13:18:48.468+0000] {processor.py:840} INFO - DAG(s) 'weather_tomorrowio_pipeline' retrieved from /opt/airflow/dags/dag_tomorrowio.py
[2026-07-01T13:18:48.673+0000] {logging_mixin.py:188} INFO - [2026-07-01T13:18:48.672+0000] {dag.py:3096} INFO - Sync 1 DAGs
[2026-07-01T13:18:48.685+0000] {logging_mixin.py:188} INFO - [2026-07-01T13:18:48.684+0000] {dag.py:3954} INFO - Setting next_dagrun for weather_tomorrowio_pipeline to 2026-07-01 13:00:00+00:00, run_after=2026-07-01 14:00:00+00:00
[2026-07-01T13:18:48.694+0000] {processor.py:183} INFO - Processing /opt/airflow/dags/dag_tomorrowio.py took 0.508 seconds
[2026-07-01T13:19:18.990+0000] {processor.py:161} INFO - Started process (PID=13964) to work on /opt/airflow/dags/dag_tomorrowio.py
[2026-07-01T13:19:18.993+0000] {processor.py:830} INFO - Processing file /opt/airflow/dags/dag_tomorrowio.py for tasks to queue
[2026-07-01T13:19:18.996+0000] {logging_mixin.py:188} INFO - [2026-07-01T13:19:18.996+0000] {dagbag.py:545} INFO - Filling up the DagBag from /opt/airflow/dags/dag_tomorrowio.py
[2026-07-01T13:19:19.475+0000] {processor.py:840} INFO - DAG(s) 'weather_tomorrowio_pipeline' retrieved from /opt/airflow/dags/dag_tomorrowio.py
[2026-07-01T13:19:19.495+0000] {logging_mixin.py:188} INFO - [2026-07-01T13:19:19.494+0000] {dag.py:3096} INFO - Sync 1 DAGs
[2026-07-01T13:19:19.505+0000] {logging_mixin.py:188} INFO - [2026-07-01T13:19:19.505+0000] {dag.py:3954} INFO - Setting next_dagrun for weather_tomorrowio_pipeline to 2026-07-01 13:00:00+00:00, run_after=2026-07-01 14:00:00+00:00
[2026-07-01T13:19:19.516+0000] {processor.py:183} INFO - Processing /opt/airflow/dags/dag_tomorrowio.py took 0.536 seconds
[2026-07-01T13:19:49.597+0000] {processor.py:161} INFO - Started process (PID=14001) to work on /opt/airflow/dags/dag_tomorrowio.py
[2026-07-01T13:19:49.599+0000] {processor.py:830} INFO - Processing file /opt/airflow/dags/dag_tomorrowio.py for tasks to queue
[2026-07-01T13:19:49.603+0000] {logging_mixin.py:188} INFO - [2026-07-01T13:19:49.602+0000] {dagbag.py:545} INFO - Filling up the DagBag from /opt/airflow/dags/dag_tomorrowio.py
[2026-07-01T13:19:50.015+0000] {processor.py:840} INFO - DAG(s) 'weather_tomorrowio_pipeline' retrieved from /opt/airflow/dags/dag_tomorrowio.py
[2026-07-01T13:19:50.042+0000] {logging_mixin.py:188} INFO - [2026-07-01T13:19:50.041+0000] {dag.py:3096} INFO - Sync 1 DAGs
[2026-07-01T13:19:50.063+0000] {logging_mixin.py:188} INFO - [2026-07-01T13:19:50.063+0000] {dag.py:3954} INFO - Setting next_dagrun for weather_tomorrowio_pipeline to 2026-07-01 13:00:00+00:00, run_after=2026-07-01 14:00:00+00:00
[2026-07-01T13:19:50.259+0000] {processor.py:183} INFO - Processing /opt/airflow/dags/dag_tomorrowio.py took 0.672 seconds
[2026-07-01T13:20:21.174+0000] {processor.py:161} INFO - Started process (PID=14038) to work on /opt/airflow/dags/dag_tomorrowio.py
[2026-07-01T13:20:21.177+0000] {processor.py:830} INFO - Processing file /opt/airflow/dags/dag_tomorrowio.py for tasks to queue
[2026-07-01T13:20:21.181+0000] {logging_mixin.py:188} INFO - [2026-07-01T13:20:21.180+0000] {dagbag.py:545} INFO - Filling up the DagBag from /opt/airflow/dags/dag_tomorrowio.py
[2026-07-01T13:20:21.472+0000] {processor.py:840} INFO - DAG(s) 'weather_tomorrowio_pipeline' retrieved from /opt/airflow/dags/dag_tomorrowio.py
[2026-07-01T13:20:21.493+0000] {logging_mixin.py:188} INFO - [2026-07-01T13:20:21.493+0000] {dag.py:3096} INFO - Sync 1 DAGs
[2026-07-01T13:20:21.673+0000] {logging_mixin.py:188} INFO - [2026-07-01T13:20:21.673+0000] {dag.py:3954} INFO - Setting next_dagrun for weather_tomorrowio_pipeline to 2026-07-01 13:00:00+00:00, run_after=2026-07-01 14:00:00+00:00
[2026-07-01T13:20:21.683+0000] {processor.py:183} INFO - Processing /opt/airflow/dags/dag_tomorrowio.py took 0.523 seconds
[2026-07-01T13:20:52.171+0000] {processor.py:161} INFO - Started process (PID=14075) to work on /opt/airflow/dags/dag_tomorrowio.py
[2026-07-01T13:20:52.172+0000] {processor.py:830} INFO - Processing file /opt/airflow/dags/dag_tomorrowio.py for tasks to queue
[2026-07-01T13:20:52.174+0000] {logging_mixin.py:188} INFO - [2026-07-01T13:20:52.174+0000] {dagbag.py:545} INFO - Filling up the DagBag from /opt/airflow/dags/dag_tomorrowio.py
[2026-07-01T13:20:52.514+0000] {processor.py:840} INFO - DAG(s) 'weather_tomorrowio_pipeline' retrieved from /opt/airflow/dags/dag_tomorrowio.py
[2026-07-01T13:20:52.539+0000] {logging_mixin.py:188} INFO - [2026-07-01T13:20:52.539+0000] {dag.py:3096} INFO - Sync 1 DAGs
[2026-07-01T13:20:52.758+0000] {logging_mixin.py:188} INFO - [2026-07-01T13:20:52.758+0000] {dag.py:3954} INFO - Setting next_dagrun for weather_tomorrowio_pipeline to 2026-07-01 13:00:00+00:00, run_after=2026-07-01 14:00:00+00:00
[2026-07-01T13:20:52.768+0000] {processor.py:183} INFO - Processing /opt/airflow/dags/dag_tomorrowio.py took 0.603 seconds
[2026-07-01T13:21:23.174+0000] {processor.py:161} INFO - Started process (PID=14112) to work on /opt/airflow/dags/dag_tomorrowio.py
[2026-07-01T13:21:23.188+0000] {processor.py:830} INFO - Processing file /opt/airflow/dags/dag_tomorrowio.py for tasks to queue
[2026-07-01T13:21:23.204+0000] {logging_mixin.py:188} INFO - [2026-07-01T13:21:23.202+0000] {dagbag.py:545} INFO - Filling up the DagBag from /opt/airflow/dags/dag_tomorrowio.py
[2026-07-01T13:21:25.040+0000] {processor.py:840} INFO - DAG(s) 'weather_tomorrowio_pipeline' retrieved from /opt/airflow/dags/dag_tomorrowio.py
[2026-07-01T13:21:26.511+0000] {logging_mixin.py:188} INFO - [2026-07-01T13:21:26.510+0000] {dag.py:3096} INFO - Sync 1 DAGs
[2026-07-01T13:21:26.610+0000] {logging_mixin.py:188} INFO - [2026-07-01T13:21:26.608+0000] {dag.py:3954} INFO - Setting next_dagrun for weather_tomorrowio_pipeline to 2026-07-01 13:00:00+00:00, run_after=2026-07-01 14:00:00+00:00
[2026-07-01T13:21:26.662+0000] {processor.py:183} INFO - Processing /opt/airflow/dags/dag_tomorrowio.py took 3.526 seconds
[2026-07-01T13:21:57.478+0000] {processor.py:161} INFO - Started process (PID=14149) to work on /opt/airflow/dags/dag_tomorrowio.py
[2026-07-01T13:21:57.481+0000] {processor.py:830} INFO - Processing file /opt/airflow/dags/dag_tomorrowio.py for tasks to queue
[2026-07-01T13:21:57.484+0000] {logging_mixin.py:188} INFO - [2026-07-01T13:21:57.483+0000] {dagbag.py:545} INFO - Filling up the DagBag from /opt/airflow/dags/dag_tomorrowio.py
[2026-07-01T13:21:57.877+0000] {processor.py:840} INFO - DAG(s) 'weather_tomorrowio_pipeline' retrieved from /opt/airflow/dags/dag_tomorrowio.py
[2026-07-01T13:21:58.095+0000] {logging_mixin.py:188} INFO - [2026-07-01T13:21:58.095+0000] {dag.py:3096} INFO - Sync 1 DAGs
[2026-07-01T13:21:58.115+0000] {logging_mixin.py:188} INFO - [2026-07-01T13:21:58.115+0000] {dag.py:3954} INFO - Setting next_dagrun for weather_tomorrowio_pipeline to 2026-07-01 13:00:00+00:00, run_after=2026-07-01 14:00:00+00:00
[2026-07-01T13:21:58.125+0000] {processor.py:183} INFO - Processing /opt/airflow/dags/dag_tomorrowio.py took 0.658 seconds
[2026-07-01T13:22:28.469+0000] {processor.py:161} INFO - Started process (PID=14186) to work on /opt/airflow/dags/dag_tomorrowio.py
[2026-07-01T13:22:28.471+0000] {processor.py:830} INFO - Processing file /opt/airflow/dags/dag_tomorrowio.py for tasks to queue
[2026-07-01T13:22:28.476+0000] {logging_mixin.py:188} INFO - [2026-07-01T13:22:28.475+0000] {dagbag.py:545} INFO - Filling up the DagBag from /opt/airflow/dags/dag_tomorrowio.py
[2026-07-01T13:22:28.863+0000] {processor.py:840} INFO - DAG(s) 'weather_tomorrowio_pipeline' retrieved from /opt/airflow/dags/dag_tomorrowio.py
[2026-07-01T13:22:28.875+0000] {logging_mixin.py:188} INFO - [2026-07-01T13:22:28.875+0000] {dag.py:3096} INFO - Sync 1 DAGs
[2026-07-01T13:22:28.886+0000] {logging_mixin.py:188} INFO - [2026-07-01T13:22:28.886+0000] {dag.py:3954} INFO - Setting next_dagrun for weather_tomorrowio_pipeline to 2026-07-01 13:00:00+00:00, run_after=2026-07-01 14:00:00+00:00
[2026-07-01T13:22:28.899+0000] {processor.py:183} INFO - Processing /opt/airflow/dags/dag_tomorrowio.py took 0.440 seconds
[2026-07-01T13:22:59.133+0000] {processor.py:161} INFO - Started process (PID=14223) to work on /opt/airflow/dags/dag_tomorrowio.py
[2026-07-01T13:22:59.135+0000] {processor.py:830} INFO - Processing file /opt/airflow/dags/dag_tomorrowio.py for tasks to queue
[2026-07-01T13:22:59.138+0000] {logging_mixin.py:188} INFO - [2026-07-01T13:22:59.137+0000] {dagbag.py:545} INFO - Filling up the DagBag from /opt/airflow/dags/dag_tomorrowio.py
[2026-07-01T13:22:59.941+0000] {processor.py:840} INFO - DAG(s) 'weather_tomorrowio_pipeline' retrieved from /opt/airflow/dags/dag_tomorrowio.py
[2026-07-01T13:23:00.007+0000] {logging_mixin.py:188} INFO - [2026-07-01T13:23:00.006+0000] {dag.py:3096} INFO - Sync 1 DAGs
[2026-07-01T13:23:00.045+0000] {logging_mixin.py:188} INFO - [2026-07-01T13:23:00.045+0000] {dag.py:3954} INFO - Setting next_dagrun for weather_tomorrowio_pipeline to 2026-07-01 13:00:00+00:00, run_after=2026-07-01 14:00:00+00:00
[2026-07-01T13:23:00.395+0000] {processor.py:183} INFO - Processing /opt/airflow/dags/dag_tomorrowio.py took 1.275 seconds
[2026-07-01T13:23:30.926+0000] {processor.py:161} INFO - Started process (PID=14260) to work on /opt/airflow/dags/dag_tomorrowio.py
[2026-07-01T13:23:30.928+0000] {processor.py:830} INFO - Processing file /opt/airflow/dags/dag_tomorrowio.py for tasks to queue
[2026-07-01T13:23:30.930+0000] {logging_mixin.py:188} INFO - [2026-07-01T13:23:30.930+0000] {dagbag.py:545} INFO - Filling up the DagBag from /opt/airflow/dags/dag_tomorrowio.py
[2026-07-01T13:23:31.129+0000] {processor.py:840} INFO - DAG(s) 'weather_tomorrowio_pipeline' retrieved from /opt/airflow/dags/dag_tomorrowio.py
[2026-07-01T13:23:31.144+0000] {logging_mixin.py:188} INFO - [2026-07-01T13:23:31.143+0000] {dag.py:3096} INFO - Sync 1 DAGs
[2026-07-01T13:23:31.320+0000] {logging_mixin.py:188} INFO - [2026-07-01T13:23:31.319+0000] {dag.py:3954} INFO - Setting next_dagrun for weather_tomorrowio_pipeline to 2026-07-01 13:00:00+00:00, run_after=2026-07-01 14:00:00+00:00
[2026-07-01T13:23:31.329+0000] {processor.py:183} INFO - Processing /opt/airflow/dags/dag_tomorrowio.py took 0.411 seconds
[2026-07-01T13:24:01.514+0000] {processor.py:161} INFO - Started process (PID=14297) to work on /opt/airflow/dags/dag_tomorrowio.py
[2026-07-01T13:24:01.517+0000] {processor.py:830} INFO - Processing file /opt/airflow/dags/dag_tomorrowio.py for tasks to queue
[2026-07-01T13:24:01.525+0000] {logging_mixin.py:188} INFO - [2026-07-01T13:24:01.524+0000] {dagbag.py:545} INFO - Filling up the DagBag from /opt/airflow/dags/dag_tomorrowio.py
[2026-07-01T13:24:01.902+0000] {processor.py:840} INFO - DAG(s) 'weather_tomorrowio_pipeline' retrieved from /opt/airflow/dags/dag_tomorrowio.py
[2026-07-01T13:24:02.184+0000] {logging_mixin.py:188} INFO - [2026-07-01T13:24:02.183+0000] {dag.py:3096} INFO - Sync 1 DAGs
[2026-07-01T13:24:02.195+0000] {logging_mixin.py:188} INFO - [2026-07-01T13:24:02.195+0000] {dag.py:3954} INFO - Setting next_dagrun for weather_tomorrowio_pipeline to 2026-07-01 13:00:00+00:00, run_after=2026-07-01 14:00:00+00:00
[2026-07-01T13:24:02.204+0000] {processor.py:183} INFO - Processing /opt/airflow/dags/dag_tomorrowio.py took 0.710 seconds
[2026-07-01T13:24:32.364+0000] {processor.py:161} INFO - Started process (PID=14334) to work on /opt/airflow/dags/dag_tomorrowio.py
[2026-07-01T13:24:32.367+0000] {processor.py:830} INFO - Processing file /opt/airflow/dags/dag_tomorrowio.py for tasks to queue
[2026-07-01T13:24:32.370+0000] {logging_mixin.py:188} INFO - [2026-07-01T13:24:32.369+0000] {dagbag.py:545} INFO - Filling up the DagBag from /opt/airflow/dags/dag_tomorrowio.py
[2026-07-01T13:24:32.580+0000] {processor.py:840} INFO - DAG(s) 'weather_tomorrowio_pipeline' retrieved from /opt/airflow/dags/dag_tomorrowio.py
[2026-07-01T13:24:32.771+0000] {logging_mixin.py:188} INFO - [2026-07-01T13:24:32.770+0000] {dag.py:3096} INFO - Sync 1 DAGs
[2026-07-01T13:24:32.780+0000] {logging_mixin.py:188} INFO - [2026-07-01T13:24:32.780+0000] {dag.py:3954} INFO - Setting next_dagrun for weather_tomorrowio_pipeline to 2026-07-01 13:00:00+00:00, run_after=2026-07-01 14:00:00+00:00
[2026-07-01T13:24:32.789+0000] {processor.py:183} INFO - Processing /opt/airflow/dags/dag_tomorrowio.py took 0.435 seconds
[2026-07-01T13:25:03.340+0000] {processor.py:161} INFO - Started process (PID=14371) to work on /opt/airflow/dags/dag_tomorrowio.py
[2026-07-01T13:25:03.343+0000] {processor.py:830} INFO - Processing file /opt/airflow/dags/dag_tomorrowio.py for tasks to queue
[2026-07-01T13:25:03.350+0000] {logging_mixin.py:188} INFO - [2026-07-01T13:25:03.346+0000] {dagbag.py:545} INFO - Filling up the DagBag from /opt/airflow/dags/dag_tomorrowio.py
[2026-07-01T13:25:03.937+0000] {processor.py:840} INFO - DAG(s) 'weather_tomorrowio_pipeline' retrieved from /opt/airflow/dags/dag_tomorrowio.py
[2026-07-01T13:25:03.957+0000] {logging_mixin.py:188} INFO - [2026-07-01T13:25:03.957+0000] {dag.py:3096} INFO - Sync 1 DAGs
[2026-07-01T13:25:03.968+0000] {logging_mixin.py:188} INFO - [2026-07-01T13:25:03.968+0000] {dag.py:3954} INFO - Setting next_dagrun for weather_tomorrowio_pipeline to 2026-07-01 13:00:00+00:00, run_after=2026-07-01 14:00:00+00:00
[2026-07-01T13:25:03.993+0000] {processor.py:183} INFO - Processing /opt/airflow/dags/dag_tomorrowio.py took 0.673 seconds
[2026-07-01T13:25:34.473+0000] {processor.py:161} INFO - Started process (PID=14408) to work on /opt/airflow/dags/dag_tomorrowio.py
[2026-07-01T13:25:34.476+0000] {processor.py:830} INFO - Processing file /opt/airflow/dags/dag_tomorrowio.py for tasks to queue
[2026-07-01T13:25:34.479+0000] {logging_mixin.py:188} INFO - [2026-07-01T13:25:34.479+0000] {dagbag.py:545} INFO - Filling up the DagBag from /opt/airflow/dags/dag_tomorrowio.py
[2026-07-01T13:25:34.946+0000] {processor.py:840} INFO - DAG(s) 'weather_tomorrowio_pipeline' retrieved from /opt/airflow/dags/dag_tomorrowio.py
[2026-07-01T13:25:34.965+0000] {logging_mixin.py:188} INFO - [2026-07-01T13:25:34.965+0000] {dag.py:3096} INFO - Sync 1 DAGs
[2026-07-01T13:25:34.977+0000] {logging_mixin.py:188} INFO - [2026-07-01T13:25:34.977+0000] {dag.py:3954} INFO - Setting next_dagrun for weather_tomorrowio_pipeline to 2026-07-01 13:00:00+00:00, run_after=2026-07-01 14:00:00+00:00
[2026-07-01T13:25:34.987+0000] {processor.py:183} INFO - Processing /opt/airflow/dags/dag_tomorrowio.py took 0.528 seconds
[2026-07-01T13:26:05.468+0000] {processor.py:161} INFO - Started process (PID=14445) to work on /opt/airflow/dags/dag_tomorrowio.py
[2026-07-01T13:26:05.470+0000] {processor.py:830} INFO - Processing file /opt/airflow/dags/dag_tomorrowio.py for tasks to queue
[2026-07-01T13:26:05.475+0000] {logging_mixin.py:188} INFO - [2026-07-01T13:26:05.474+0000] {dagbag.py:545} INFO - Filling up the DagBag from /opt/airflow/dags/dag_tomorrowio.py
[2026-07-01T13:26:05.814+0000] {processor.py:840} INFO - DAG(s) 'weather_tomorrowio_pipeline' retrieved from /opt/airflow/dags/dag_tomorrowio.py
[2026-07-01T13:26:05.839+0000] {logging_mixin.py:188} INFO - [2026-07-01T13:26:05.839+0000] {dag.py:3096} INFO - Sync 1 DAGs
[2026-07-01T13:26:06.033+0000] {logging_mixin.py:188} INFO - [2026-07-01T13:26:06.033+0000] {dag.py:3954} INFO - Setting next_dagrun for weather_tomorrowio_pipeline to 2026-07-01 13:00:00+00:00, run_after=2026-07-01 14:00:00+00:00
[2026-07-01T13:26:06.042+0000] {processor.py:183} INFO - Processing /opt/airflow/dags/dag_tomorrowio.py took 0.588 seconds
[2026-07-01T13:26:36.128+0000] {processor.py:161} INFO - Started process (PID=14482) to work on /opt/airflow/dags/dag_tomorrowio.py
[2026-07-01T13:26:36.130+0000] {processor.py:830} INFO - Processing file /opt/airflow/dags/dag_tomorrowio.py for tasks to queue
[2026-07-01T13:26:36.137+0000] {logging_mixin.py:188} INFO - [2026-07-01T13:26:36.136+0000] {dagbag.py:545} INFO - Filling up the DagBag from /opt/airflow/dags/dag_tomorrowio.py
[2026-07-01T13:26:36.388+0000] {processor.py:840} INFO - DAG(s) 'weather_tomorrowio_pipeline' retrieved from /opt/airflow/dags/dag_tomorrowio.py
[2026-07-01T13:26:36.420+0000] {logging_mixin.py:188} INFO - [2026-07-01T13:26:36.420+0000] {dag.py:3096} INFO - Sync 1 DAGs
[2026-07-01T13:26:36.568+0000] {logging_mixin.py:188} INFO - [2026-07-01T13:26:36.568+0000] {dag.py:3954} INFO - Setting next_dagrun for weather_tomorrowio_pipeline to 2026-07-01 13:00:00+00:00, run_after=2026-07-01 14:00:00+00:00
[2026-07-01T13:26:36.578+0000] {processor.py:183} INFO - Processing /opt/airflow/dags/dag_tomorrowio.py took 0.462 seconds
[2026-07-01T13:27:07.058+0000] {processor.py:161} INFO - Started process (PID=14519) to work on /opt/airflow/dags/dag_tomorrowio.py
[2026-07-01T13:27:07.059+0000] {processor.py:830} INFO - Processing file /opt/airflow/dags/dag_tomorrowio.py for tasks to queue
[2026-07-01T13:27:07.063+0000] {logging_mixin.py:188} INFO - [2026-07-01T13:27:07.062+0000] {dagbag.py:545} INFO - Filling up the DagBag from /opt/airflow/dags/dag_tomorrowio.py
[2026-07-01T13:27:07.357+0000] {processor.py:840} INFO - DAG(s) 'weather_tomorrowio_pipeline' retrieved from /opt/airflow/dags/dag_tomorrowio.py
[2026-07-01T13:27:07.522+0000] {logging_mixin.py:188} INFO - [2026-07-01T13:27:07.522+0000] {dag.py:3096} INFO - Sync 1 DAGs
[2026-07-01T13:27:07.533+0000] {logging_mixin.py:188} INFO - [2026-07-01T13:27:07.533+0000] {dag.py:3954} INFO - Setting next_dagrun for weather_tomorrowio_pipeline to 2026-07-01 13:00:00+00:00, run_after=2026-07-01 14:00:00+00:00
[2026-07-01T13:27:07.543+0000] {processor.py:183} INFO - Processing /opt/airflow/dags/dag_tomorrowio.py took 0.496 seconds
[2026-07-01T13:27:37.877+0000] {processor.py:161} INFO - Started process (PID=14556) to work on /opt/airflow/dags/dag_tomorrowio.py
[2026-07-01T13:27:37.879+0000] {processor.py:830} INFO - Processing file /opt/airflow/dags/dag_tomorrowio.py for tasks to queue
[2026-07-01T13:27:37.882+0000] {logging_mixin.py:188} INFO - [2026-07-01T13:27:37.881+0000] {dagbag.py:545} INFO - Filling up the DagBag from /opt/airflow/dags/dag_tomorrowio.py
[2026-07-01T13:27:38.168+0000] {processor.py:840} INFO - DAG(s) 'weather_tomorrowio_pipeline' retrieved from /opt/airflow/dags/dag_tomorrowio.py
[2026-07-01T13:27:38.346+0000] {logging_mixin.py:188} INFO - [2026-07-01T13:27:38.346+0000] {dag.py:3096} INFO - Sync 1 DAGs
[2026-07-01T13:27:38.360+0000] {logging_mixin.py:188} INFO - [2026-07-01T13:27:38.360+0000] {dag.py:3954} INFO - Setting next_dagrun for weather_tomorrowio_pipeline to 2026-07-01 13:00:00+00:00, run_after=2026-07-01 14:00:00+00:00
[2026-07-01T13:27:38.370+0000] {processor.py:183} INFO - Processing /opt/airflow/dags/dag_tomorrowio.py took 0.525 seconds
[2026-07-01T13:28:08.587+0000] {processor.py:161} INFO - Started process (PID=14593) to work on /opt/airflow/dags/dag_tomorrowio.py
[2026-07-01T13:28:08.590+0000] {processor.py:830} INFO - Processing file /opt/airflow/dags/dag_tomorrowio.py for tasks to queue
[2026-07-01T13:28:08.596+0000] {logging_mixin.py:188} INFO - [2026-07-01T13:28:08.595+0000] {dagbag.py:545} INFO - Filling up the DagBag from /opt/airflow/dags/dag_tomorrowio.py
[2026-07-01T13:28:09.149+0000] {processor.py:840} INFO - DAG(s) 'weather_tomorrowio_pipeline' retrieved from /opt/airflow/dags/dag_tomorrowio.py
[2026-07-01T13:28:09.177+0000] {logging_mixin.py:188} INFO - [2026-07-01T13:28:09.177+0000] {dag.py:3096} INFO - Sync 1 DAGs
[2026-07-01T13:28:09.194+0000] {logging_mixin.py:188} INFO - [2026-07-01T13:28:09.194+0000] {dag.py:3954} INFO - Setting next_dagrun for weather_tomorrowio_pipeline to 2026-07-01 13:00:00+00:00, run_after=2026-07-01 14:00:00+00:00
[2026-07-01T13:28:09.210+0000] {processor.py:183} INFO - Processing /opt/airflow/dags/dag_tomorrowio.py took 0.647 seconds
[2026-07-01T13:28:39.293+0000] {processor.py:161} INFO - Started process (PID=14630) to work on /opt/airflow/dags/dag_tomorrowio.py
[2026-07-01T13:28:39.294+0000] {processor.py:830} INFO - Processing file /opt/airflow/dags/dag_tomorrowio.py for tasks to queue
[2026-07-01T13:28:39.297+0000] {logging_mixin.py:188} INFO - [2026-07-01T13:28:39.297+0000] {dagbag.py:545} INFO - Filling up the DagBag from /opt/airflow/dags/dag_tomorrowio.py
[2026-07-01T13:28:39.686+0000] {processor.py:840} INFO - DAG(s) 'weather_tomorrowio_pipeline' retrieved from /opt/airflow/dags/dag_tomorrowio.py
[2026-07-01T13:28:39.703+0000] {logging_mixin.py:188} INFO - [2026-07-01T13:28:39.703+0000] {dag.py:3096} INFO - Sync 1 DAGs
[2026-07-01T13:28:39.713+0000] {logging_mixin.py:188} INFO - [2026-07-01T13:28:39.713+0000] {dag.py:3954} INFO - Setting next_dagrun for weather_tomorrowio_pipeline to 2026-07-01 13:00:00+00:00, run_after=2026-07-01 14:00:00+00:00
[2026-07-01T13:28:39.723+0000] {processor.py:183} INFO - Processing /opt/airflow/dags/dag_tomorrowio.py took 0.444 seconds
[2026-07-01T13:29:10.106+0000] {processor.py:161} INFO - Started process (PID=14667) to work on /opt/airflow/dags/dag_tomorrowio.py
[2026-07-01T13:29:10.113+0000] {processor.py:830} INFO - Processing file /opt/airflow/dags/dag_tomorrowio.py for tasks to queue
[2026-07-01T13:29:10.119+0000] {logging_mixin.py:188} INFO - [2026-07-01T13:29:10.118+0000] {dagbag.py:545} INFO - Filling up the DagBag from /opt/airflow/dags/dag_tomorrowio.py
[2026-07-01T13:29:10.570+0000] {processor.py:840} INFO - DAG(s) 'weather_tomorrowio_pipeline' retrieved from /opt/airflow/dags/dag_tomorrowio.py
[2026-07-01T13:29:10.623+0000] {logging_mixin.py:188} INFO - [2026-07-01T13:29:10.623+0000] {dag.py:3096} INFO - Sync 1 DAGs
[2026-07-01T13:29:10.859+0000] {logging_mixin.py:188} INFO - [2026-07-01T13:29:10.859+0000] {dag.py:3954} INFO - Setting next_dagrun for weather_tomorrowio_pipeline to 2026-07-01 13:00:00+00:00, run_after=2026-07-01 14:00:00+00:00
[2026-07-01T13:29:10.876+0000] {processor.py:183} INFO - Processing /opt/airflow/dags/dag_tomorrowio.py took 0.799 seconds
[2026-07-01T13:29:41.136+0000] {processor.py:161} INFO - Started process (PID=14704) to work on /opt/airflow/dags/dag_tomorrowio.py
[2026-07-01T13:29:41.137+0000] {processor.py:830} INFO - Processing file /opt/airflow/dags/dag_tomorrowio.py for tasks to queue
[2026-07-01T13:29:41.145+0000] {logging_mixin.py:188} INFO - [2026-07-01T13:29:41.143+0000] {dagbag.py:545} INFO - Filling up the DagBag from /opt/airflow/dags/dag_tomorrowio.py
[2026-07-01T13:29:41.530+0000] {processor.py:840} INFO - DAG(s) 'weather_tomorrowio_pipeline' retrieved from /opt/airflow/dags/dag_tomorrowio.py
[2026-07-01T13:29:41.548+0000] {logging_mixin.py:188} INFO - [2026-07-01T13:29:41.547+0000] {dag.py:3096} INFO - Sync 1 DAGs
[2026-07-01T13:29:41.853+0000] {logging_mixin.py:188} INFO - [2026-07-01T13:29:41.853+0000] {dag.py:3954} INFO - Setting next_dagrun for weather_tomorrowio_pipeline to 2026-07-01 13:00:00+00:00, run_after=2026-07-01 14:00:00+00:00
[2026-07-01T13:29:41.864+0000] {processor.py:183} INFO - Processing /opt/airflow/dags/dag_tomorrowio.py took 0.758 seconds
[2026-07-01T13:30:12.337+0000] {processor.py:161} INFO - Started process (PID=14741) to work on /opt/airflow/dags/dag_tomorrowio.py
[2026-07-01T13:30:12.339+0000] {processor.py:830} INFO - Processing file /opt/airflow/dags/dag_tomorrowio.py for tasks to queue
[2026-07-01T13:30:12.346+0000] {logging_mixin.py:188} INFO - [2026-07-01T13:30:12.344+0000] {dagbag.py:545} INFO - Filling up the DagBag from /opt/airflow/dags/dag_tomorrowio.py
[2026-07-01T13:30:12.632+0000] {processor.py:840} INFO - DAG(s) 'weather_tomorrowio_pipeline' retrieved from /opt/airflow/dags/dag_tomorrowio.py
[2026-07-01T13:30:12.853+0000] {logging_mixin.py:188} INFO - [2026-07-01T13:30:12.853+0000] {dag.py:3096} INFO - Sync 1 DAGs
[2026-07-01T13:30:12.867+0000] {logging_mixin.py:188} INFO - [2026-07-01T13:30:12.867+0000] {dag.py:3954} INFO - Setting next_dagrun for weather_tomorrowio_pipeline to 2026-07-01 13:00:00+00:00, run_after=2026-07-01 14:00:00+00:00
[2026-07-01T13:30:12.883+0000] {processor.py:183} INFO - Processing /opt/airflow/dags/dag_tomorrowio.py took 0.559 seconds
[2026-07-01T13:30:43.373+0000] {processor.py:161} INFO - Started process (PID=14778) to work on /opt/airflow/dags/dag_tomorrowio.py
[2026-07-01T13:30:43.375+0000] {processor.py:830} INFO - Processing file /opt/airflow/dags/dag_tomorrowio.py for tasks to queue
[2026-07-01T13:30:43.378+0000] {logging_mixin.py:188} INFO - [2026-07-01T13:30:43.378+0000] {dagbag.py:545} INFO - Filling up the DagBag from /opt/airflow/dags/dag_tomorrowio.py
[2026-07-01T13:30:43.644+0000] {processor.py:840} INFO - DAG(s) 'weather_tomorrowio_pipeline' retrieved from /opt/airflow/dags/dag_tomorrowio.py
[2026-07-01T13:30:43.825+0000] {logging_mixin.py:188} INFO - [2026-07-01T13:30:43.825+0000] {dag.py:3096} INFO - Sync 1 DAGs
[2026-07-01T13:30:43.834+0000] {logging_mixin.py:188} INFO - [2026-07-01T13:30:43.834+0000] {dag.py:3954} INFO - Setting next_dagrun for weather_tomorrowio_pipeline to 2026-07-01 13:00:00+00:00, run_after=2026-07-01 14:00:00+00:00
[2026-07-01T13:30:43.842+0000] {processor.py:183} INFO - Processing /opt/airflow/dags/dag_tomorrowio.py took 0.483 seconds
[2026-07-01T13:31:14.164+0000] {processor.py:161} INFO - Started process (PID=14815) to work on /opt/airflow/dags/dag_tomorrowio.py
[2026-07-01T13:31:14.166+0000] {processor.py:830} INFO - Processing file /opt/airflow/dags/dag_tomorrowio.py for tasks to queue
[2026-07-01T13:31:14.168+0000] {logging_mixin.py:188} INFO - [2026-07-01T13:31:14.167+0000] {dagbag.py:545} INFO - Filling up the DagBag from /opt/airflow/dags/dag_tomorrowio.py
[2026-07-01T13:31:14.674+0000] {processor.py:840} INFO - DAG(s) 'weather_tomorrowio_pipeline' retrieved from /opt/airflow/dags/dag_tomorrowio.py
[2026-07-01T13:31:14.694+0000] {logging_mixin.py:188} INFO - [2026-07-01T13:31:14.693+0000] {dag.py:3096} INFO - Sync 1 DAGs
[2026-07-01T13:31:14.705+0000] {logging_mixin.py:188} INFO - [2026-07-01T13:31:14.705+0000] {dag.py:3954} INFO - Setting next_dagrun for weather_tomorrowio_pipeline to 2026-07-01 13:00:00+00:00, run_after=2026-07-01 14:00:00+00:00
[2026-07-01T13:31:14.717+0000] {processor.py:183} INFO - Processing /opt/airflow/dags/dag_tomorrowio.py took 0.563 seconds
[2026-07-01T13:31:44.876+0000] {processor.py:161} INFO - Started process (PID=14852) to work on /opt/airflow/dags/dag_tomorrowio.py
[2026-07-01T13:31:44.878+0000] {processor.py:830} INFO - Processing file /opt/airflow/dags/dag_tomorrowio.py for tasks to queue
[2026-07-01T13:31:44.883+0000] {logging_mixin.py:188} INFO - [2026-07-01T13:31:44.881+0000] {dagbag.py:545} INFO - Filling up the DagBag from /opt/airflow/dags/dag_tomorrowio.py
[2026-07-01T13:31:45.274+0000] {processor.py:840} INFO - DAG(s) 'weather_tomorrowio_pipeline' retrieved from /opt/airflow/dags/dag_tomorrowio.py
[2026-07-01T13:31:45.287+0000] {logging_mixin.py:188} INFO - [2026-07-01T13:31:45.286+0000] {dag.py:3096} INFO - Sync 1 DAGs
[2026-07-01T13:31:45.295+0000] {logging_mixin.py:188} INFO - [2026-07-01T13:31:45.295+0000] {dag.py:3954} INFO - Setting next_dagrun for weather_tomorrowio_pipeline to 2026-07-01 13:00:00+00:00, run_after=2026-07-01 14:00:00+00:00
[2026-07-01T13:31:45.305+0000] {processor.py:183} INFO - Processing /opt/airflow/dags/dag_tomorrowio.py took 0.442 seconds
[2026-07-01T13:32:16.213+0000] {processor.py:161} INFO - Started process (PID=14889) to work on /opt/airflow/dags/dag_tomorrowio.py
[2026-07-01T13:32:16.219+0000] {processor.py:830} INFO - Processing file /opt/airflow/dags/dag_tomorrowio.py for tasks to queue
[2026-07-01T13:32:16.227+0000] {logging_mixin.py:188} INFO - [2026-07-01T13:32:16.226+0000] {dagbag.py:545} INFO - Filling up the DagBag from /opt/airflow/dags/dag_tomorrowio.py
[2026-07-01T13:32:17.662+0000] {processor.py:840} INFO - DAG(s) 'weather_tomorrowio_pipeline' retrieved from /opt/airflow/dags/dag_tomorrowio.py
[2026-07-01T13:32:17.795+0000] {logging_mixin.py:188} INFO - [2026-07-01T13:32:17.794+0000] {dag.py:3096} INFO - Sync 1 DAGs
[2026-07-01T13:32:18.981+0000] {logging_mixin.py:188} INFO - [2026-07-01T13:32:18.980+0000] {dag.py:3954} INFO - Setting next_dagrun for weather_tomorrowio_pipeline to 2026-07-01 13:00:00+00:00, run_after=2026-07-01 14:00:00+00:00
[2026-07-01T13:32:19.056+0000] {processor.py:183} INFO - Processing /opt/airflow/dags/dag_tomorrowio.py took 2.879 seconds
[2026-07-01T13:32:50.121+0000] {processor.py:161} INFO - Started process (PID=14926) to work on /opt/airflow/dags/dag_tomorrowio.py
[2026-07-01T13:32:50.127+0000] {processor.py:830} INFO - Processing file /opt/airflow/dags/dag_tomorrowio.py for tasks to queue
[2026-07-01T13:32:50.135+0000] {logging_mixin.py:188} INFO - [2026-07-01T13:32:50.134+0000] {dagbag.py:545} INFO - Filling up the DagBag from /opt/airflow/dags/dag_tomorrowio.py
[2026-07-01T13:32:51.268+0000] {processor.py:840} INFO - DAG(s) 'weather_tomorrowio_pipeline' retrieved from /opt/airflow/dags/dag_tomorrowio.py
[2026-07-01T13:32:52.437+0000] {logging_mixin.py:188} INFO - [2026-07-01T13:32:52.434+0000] {dag.py:3096} INFO - Sync 1 DAGs
[2026-07-01T13:32:52.516+0000] {logging_mixin.py:188} INFO - [2026-07-01T13:32:52.515+0000] {dag.py:3954} INFO - Setting next_dagrun for weather_tomorrowio_pipeline to 2026-07-01 13:00:00+00:00, run_after=2026-07-01 14:00:00+00:00
[2026-07-01T13:32:52.611+0000] {processor.py:183} INFO - Processing /opt/airflow/dags/dag_tomorrowio.py took 2.530 seconds
[2026-07-01T13:33:23.123+0000] {processor.py:161} INFO - Started process (PID=14963) to work on /opt/airflow/dags/dag_tomorrowio.py
[2026-07-01T13:33:23.139+0000] {processor.py:830} INFO - Processing file /opt/airflow/dags/dag_tomorrowio.py for tasks to queue
[2026-07-01T13:33:23.150+0000] {logging_mixin.py:188} INFO - [2026-07-01T13:33:23.149+0000] {dagbag.py:545} INFO - Filling up the DagBag from /opt/airflow/dags/dag_tomorrowio.py
[2026-07-01T13:33:24.442+0000] {processor.py:840} INFO - DAG(s) 'weather_tomorrowio_pipeline' retrieved from /opt/airflow/dags/dag_tomorrowio.py
[2026-07-01T13:33:26.267+0000] {logging_mixin.py:188} INFO - [2026-07-01T13:33:26.261+0000] {dag.py:3096} INFO - Sync 1 DAGs
[2026-07-01T13:33:26.351+0000] {logging_mixin.py:188} INFO - [2026-07-01T13:33:26.351+0000] {dag.py:3954} INFO - Setting next_dagrun for weather_tomorrowio_pipeline to 2026-07-01 13:00:00+00:00, run_after=2026-07-01 14:00:00+00:00
[2026-07-01T13:33:26.423+0000] {processor.py:183} INFO - Processing /opt/airflow/dags/dag_tomorrowio.py took 3.335 seconds
[2026-07-01T13:33:57.283+0000] {processor.py:161} INFO - Started process (PID=15000) to work on /opt/airflow/dags/dag_tomorrowio.py
[2026-07-01T13:33:57.294+0000] {processor.py:830} INFO - Processing file /opt/airflow/dags/dag_tomorrowio.py for tasks to queue
[2026-07-01T13:33:57.302+0000] {logging_mixin.py:188} INFO - [2026-07-01T13:33:57.300+0000] {dagbag.py:545} INFO - Filling up the DagBag from /opt/airflow/dags/dag_tomorrowio.py
[2026-07-01T13:34:02.162+0000] {processor.py:840} INFO - DAG(s) 'weather_tomorrowio_pipeline' retrieved from /opt/airflow/dags/dag_tomorrowio.py
[2026-07-01T13:34:02.302+0000] {logging_mixin.py:188} INFO - [2026-07-01T13:34:02.294+0000] {dag.py:3096} INFO - Sync 1 DAGs
[2026-07-01T13:34:02.387+0000] {logging_mixin.py:188} INFO - [2026-07-01T13:34:02.387+0000] {dag.py:3954} INFO - Setting next_dagrun for weather_tomorrowio_pipeline to 2026-07-01 13:00:00+00:00, run_after=2026-07-01 14:00:00+00:00
[2026-07-01T13:34:02.488+0000] {processor.py:183} INFO - Processing /opt/airflow/dags/dag_tomorrowio.py took 5.232 seconds
[2026-07-01T13:34:32.797+0000] {processor.py:161} INFO - Started process (PID=15047) to work on /opt/airflow/dags/dag_tomorrowio.py
[2026-07-01T13:34:32.801+0000] {processor.py:830} INFO - Processing file /opt/airflow/dags/dag_tomorrowio.py for tasks to queue
[2026-07-01T13:34:32.807+0000] {logging_mixin.py:188} INFO - [2026-07-01T13:34:32.806+0000] {dagbag.py:545} INFO - Filling up the DagBag from /opt/airflow/dags/dag_tomorrowio.py
[2026-07-01T13:34:36.538+0000] {processor.py:840} INFO - DAG(s) 'weather_tomorrowio_pipeline' retrieved from /opt/airflow/dags/dag_tomorrowio.py
[2026-07-01T13:34:36.864+0000] {logging_mixin.py:188} INFO - [2026-07-01T13:34:36.855+0000] {dag.py:3096} INFO - Sync 1 DAGs
[2026-07-01T13:34:36.973+0000] {logging_mixin.py:188} INFO - [2026-07-01T13:34:36.971+0000] {dag.py:3954} INFO - Setting next_dagrun for weather_tomorrowio_pipeline to 2026-07-01 13:00:00+00:00, run_after=2026-07-01 14:00:00+00:00
[2026-07-01T13:34:37.053+0000] {processor.py:183} INFO - Processing /opt/airflow/dags/dag_tomorrowio.py took 4.286 seconds
[2026-07-01T13:35:07.658+0000] {processor.py:161} INFO - Started process (PID=15099) to work on /opt/airflow/dags/dag_tomorrowio.py
[2026-07-01T13:35:07.664+0000] {processor.py:830} INFO - Processing file /opt/airflow/dags/dag_tomorrowio.py for tasks to queue
[2026-07-01T13:35:07.670+0000] {logging_mixin.py:188} INFO - [2026-07-01T13:35:07.670+0000] {dagbag.py:545} INFO - Filling up the DagBag from /opt/airflow/dags/dag_tomorrowio.py
[2026-07-01T13:35:09.114+0000] {processor.py:840} INFO - DAG(s) 'weather_tomorrowio_pipeline' retrieved from /opt/airflow/dags/dag_tomorrowio.py
[2026-07-01T13:35:09.252+0000] {logging_mixin.py:188} INFO - [2026-07-01T13:35:09.250+0000] {dag.py:3096} INFO - Sync 1 DAGs
[2026-07-01T13:35:10.524+0000] {logging_mixin.py:188} INFO - [2026-07-01T13:35:10.520+0000] {dag.py:3954} INFO - Setting next_dagrun for weather_tomorrowio_pipeline to 2026-07-01 13:00:00+00:00, run_after=2026-07-01 14:00:00+00:00
[2026-07-01T13:35:10.593+0000] {processor.py:183} INFO - Processing /opt/airflow/dags/dag_tomorrowio.py took 2.994 seconds
[2026-07-01T13:35:40.911+0000] {processor.py:161} INFO - Started process (PID=15136) to work on /opt/airflow/dags/dag_tomorrowio.py
[2026-07-01T13:35:40.916+0000] {processor.py:830} INFO - Processing file /opt/airflow/dags/dag_tomorrowio.py for tasks to queue
[2026-07-01T13:35:40.925+0000] {logging_mixin.py:188} INFO - [2026-07-01T13:35:40.924+0000] {dagbag.py:545} INFO - Filling up the DagBag from /opt/airflow/dags/dag_tomorrowio.py
[2026-07-01T13:35:41.837+0000] {processor.py:840} INFO - DAG(s) 'weather_tomorrowio_pipeline' retrieved from /opt/airflow/dags/dag_tomorrowio.py
[2026-07-01T13:35:41.931+0000] {logging_mixin.py:188} INFO - [2026-07-01T13:35:41.930+0000] {dag.py:3096} INFO - Sync 1 DAGs
[2026-07-01T13:35:42.776+0000] {logging_mixin.py:188} INFO - [2026-07-01T13:35:42.776+0000] {dag.py:3954} INFO - Setting next_dagrun for weather_tomorrowio_pipeline to 2026-07-01 13:00:00+00:00, run_after=2026-07-01 14:00:00+00:00
[2026-07-01T13:35:42.829+0000] {processor.py:183} INFO - Processing /opt/airflow/dags/dag_tomorrowio.py took 1.954 seconds
[2026-07-01T13:36:13.657+0000] {processor.py:161} INFO - Started process (PID=15173) to work on /opt/airflow/dags/dag_tomorrowio.py
[2026-07-01T13:36:13.663+0000] {processor.py:830} INFO - Processing file /opt/airflow/dags/dag_tomorrowio.py for tasks to queue
[2026-07-01T13:36:13.670+0000] {logging_mixin.py:188} INFO - [2026-07-01T13:36:13.669+0000] {dagbag.py:545} INFO - Filling up the DagBag from /opt/airflow/dags/dag_tomorrowio.py
[2026-07-01T13:36:14.871+0000] {processor.py:840} INFO - DAG(s) 'weather_tomorrowio_pipeline' retrieved from /opt/airflow/dags/dag_tomorrowio.py
[2026-07-01T13:36:17.435+0000] {logging_mixin.py:188} INFO - [2026-07-01T13:36:17.432+0000] {dag.py:3096} INFO - Sync 1 DAGs
[2026-07-01T13:36:17.517+0000] {logging_mixin.py:188} INFO - [2026-07-01T13:36:17.517+0000] {dag.py:3954} INFO - Setting next_dagrun for weather_tomorrowio_pipeline to 2026-07-01 13:00:00+00:00, run_after=2026-07-01 14:00:00+00:00
[2026-07-01T13:36:17.596+0000] {processor.py:183} INFO - Processing /opt/airflow/dags/dag_tomorrowio.py took 4.001 seconds
[2026-07-01T13:36:48.160+0000] {processor.py:161} INFO - Started process (PID=15210) to work on /opt/airflow/dags/dag_tomorrowio.py
[2026-07-01T13:36:48.165+0000] {processor.py:830} INFO - Processing file /opt/airflow/dags/dag_tomorrowio.py for tasks to queue
[2026-07-01T13:36:48.175+0000] {logging_mixin.py:188} INFO - [2026-07-01T13:36:48.173+0000] {dagbag.py:545} INFO - Filling up the DagBag from /opt/airflow/dags/dag_tomorrowio.py
[2026-07-01T13:36:52.180+0000] {processor.py:840} INFO - DAG(s) 'weather_tomorrowio_pipeline' retrieved from /opt/airflow/dags/dag_tomorrowio.py
[2026-07-01T13:36:52.347+0000] {logging_mixin.py:188} INFO - [2026-07-01T13:36:52.344+0000] {dag.py:3096} INFO - Sync 1 DAGs
[2026-07-01T13:36:52.418+0000] {logging_mixin.py:188} INFO - [2026-07-01T13:36:52.417+0000] {dag.py:3954} INFO - Setting next_dagrun for weather_tomorrowio_pipeline to 2026-07-01 13:00:00+00:00, run_after=2026-07-01 14:00:00+00:00
[2026-07-01T13:36:52.482+0000] {processor.py:183} INFO - Processing /opt/airflow/dags/dag_tomorrowio.py took 4.363 seconds
[2026-07-01T13:37:23.046+0000] {processor.py:161} INFO - Started process (PID=15247) to work on /opt/airflow/dags/dag_tomorrowio.py
[2026-07-01T13:37:23.052+0000] {processor.py:830} INFO - Processing file /opt/airflow/dags/dag_tomorrowio.py for tasks to queue
[2026-07-01T13:37:23.062+0000] {logging_mixin.py:188} INFO - [2026-07-01T13:37:23.060+0000] {dagbag.py:545} INFO - Filling up the DagBag from /opt/airflow/dags/dag_tomorrowio.py
[2026-07-01T13:37:25.131+0000] {processor.py:840} INFO - DAG(s) 'weather_tomorrowio_pipeline' retrieved from /opt/airflow/dags/dag_tomorrowio.py
[2026-07-01T13:37:25.268+0000] {logging_mixin.py:188} INFO - [2026-07-01T13:37:25.266+0000] {dag.py:3096} INFO - Sync 1 DAGs
[2026-07-01T13:37:25.349+0000] {logging_mixin.py:188} INFO - [2026-07-01T13:37:25.348+0000] {dag.py:3954} INFO - Setting next_dagrun for weather_tomorrowio_pipeline to 2026-07-01 13:00:00+00:00, run_after=2026-07-01 14:00:00+00:00
[2026-07-01T13:37:25.428+0000] {processor.py:183} INFO - Processing /opt/airflow/dags/dag_tomorrowio.py took 2.435 seconds
[2026-07-01T13:37:55.897+0000] {processor.py:161} INFO - Started process (PID=15284) to work on /opt/airflow/dags/dag_tomorrowio.py
[2026-07-01T13:37:55.903+0000] {processor.py:830} INFO - Processing file /opt/airflow/dags/dag_tomorrowio.py for tasks to queue
[2026-07-01T13:37:55.931+0000] {logging_mixin.py:188} INFO - [2026-07-01T13:37:55.929+0000] {dagbag.py:545} INFO - Filling up the DagBag from /opt/airflow/dags/dag_tomorrowio.py
[2026-07-01T13:38:02.781+0000] {processor.py:840} INFO - DAG(s) 'weather_tomorrowio_pipeline' retrieved from /opt/airflow/dags/dag_tomorrowio.py
[2026-07-01T13:38:03.027+0000] {logging_mixin.py:188} INFO - [2026-07-01T13:38:03.023+0000] {dag.py:3096} INFO - Sync 1 DAGs
[2026-07-01T13:38:03.146+0000] {logging_mixin.py:188} INFO - [2026-07-01T13:38:03.145+0000] {dag.py:3954} INFO - Setting next_dagrun for weather_tomorrowio_pipeline to 2026-07-01 13:00:00+00:00, run_after=2026-07-01 14:00:00+00:00
[2026-07-01T13:38:03.221+0000] {processor.py:183} INFO - Processing /opt/airflow/dags/dag_tomorrowio.py took 7.381 seconds
[2026-07-01T13:38:34.066+0000] {processor.py:161} INFO - Started process (PID=15321) to work on /opt/airflow/dags/dag_tomorrowio.py
[2026-07-01T13:38:34.068+0000] {processor.py:830} INFO - Processing file /opt/airflow/dags/dag_tomorrowio.py for tasks to queue
[2026-07-01T13:38:34.073+0000] {logging_mixin.py:188} INFO - [2026-07-01T13:38:34.073+0000] {dagbag.py:545} INFO - Filling up the DagBag from /opt/airflow/dags/dag_tomorrowio.py
[2026-07-01T13:38:34.349+0000] {processor.py:840} INFO - DAG(s) 'weather_tomorrowio_pipeline' retrieved from /opt/airflow/dags/dag_tomorrowio.py
[2026-07-01T13:38:34.370+0000] {logging_mixin.py:188} INFO - [2026-07-01T13:38:34.369+0000] {dag.py:3096} INFO - Sync 1 DAGs
[2026-07-01T13:38:34.571+0000] {logging_mixin.py:188} INFO - [2026-07-01T13:38:34.571+0000] {dag.py:3954} INFO - Setting next_dagrun for weather_tomorrowio_pipeline to 2026-07-01 13:00:00+00:00, run_after=2026-07-01 14:00:00+00:00
[2026-07-01T13:38:34.606+0000] {processor.py:183} INFO - Processing /opt/airflow/dags/dag_tomorrowio.py took 0.549 seconds
[2026-07-01T13:39:05.101+0000] {processor.py:161} INFO - Started process (PID=15358) to work on /opt/airflow/dags/dag_tomorrowio.py
[2026-07-01T13:39:05.104+0000] {processor.py:830} INFO - Processing file /opt/airflow/dags/dag_tomorrowio.py for tasks to queue
[2026-07-01T13:39:05.118+0000] {logging_mixin.py:188} INFO - [2026-07-01T13:39:05.113+0000] {dagbag.py:545} INFO - Filling up the DagBag from /opt/airflow/dags/dag_tomorrowio.py
[2026-07-01T13:39:05.425+0000] {processor.py:840} INFO - DAG(s) 'weather_tomorrowio_pipeline' retrieved from /opt/airflow/dags/dag_tomorrowio.py
[2026-07-01T13:39:05.618+0000] {logging_mixin.py:188} INFO - [2026-07-01T13:39:05.618+0000] {dag.py:3096} INFO - Sync 1 DAGs
[2026-07-01T13:39:05.628+0000] {logging_mixin.py:188} INFO - [2026-07-01T13:39:05.628+0000] {dag.py:3954} INFO - Setting next_dagrun for weather_tomorrowio_pipeline to 2026-07-01 13:00:00+00:00, run_after=2026-07-01 14:00:00+00:00
[2026-07-01T13:39:05.637+0000] {processor.py:183} INFO - Processing /opt/airflow/dags/dag_tomorrowio.py took 0.558 seconds
[2026-07-01T13:39:35.943+0000] {processor.py:161} INFO - Started process (PID=15395) to work on /opt/airflow/dags/dag_tomorrowio.py
[2026-07-01T13:39:35.944+0000] {processor.py:830} INFO - Processing file /opt/airflow/dags/dag_tomorrowio.py for tasks to queue
[2026-07-01T13:39:35.946+0000] {logging_mixin.py:188} INFO - [2026-07-01T13:39:35.946+0000] {dagbag.py:545} INFO - Filling up the DagBag from /opt/airflow/dags/dag_tomorrowio.py
[2026-07-01T13:39:36.135+0000] {processor.py:840} INFO - DAG(s) 'weather_tomorrowio_pipeline' retrieved from /opt/airflow/dags/dag_tomorrowio.py
[2026-07-01T13:39:36.359+0000] {logging_mixin.py:188} INFO - [2026-07-01T13:39:36.359+0000] {dag.py:3096} INFO - Sync 1 DAGs
[2026-07-01T13:39:36.369+0000] {logging_mixin.py:188} INFO - [2026-07-01T13:39:36.369+0000] {dag.py:3954} INFO - Setting next_dagrun for weather_tomorrowio_pipeline to 2026-07-01 13:00:00+00:00, run_after=2026-07-01 14:00:00+00:00
[2026-07-01T13:39:36.379+0000] {processor.py:183} INFO - Processing /opt/airflow/dags/dag_tomorrowio.py took 0.446 seconds
[2026-07-01T13:40:06.637+0000] {processor.py:161} INFO - Started process (PID=15432) to work on /opt/airflow/dags/dag_tomorrowio.py
[2026-07-01T13:40:06.639+0000] {processor.py:830} INFO - Processing file /opt/airflow/dags/dag_tomorrowio.py for tasks to queue
[2026-07-01T13:40:06.644+0000] {logging_mixin.py:188} INFO - [2026-07-01T13:40:06.642+0000] {dagbag.py:545} INFO - Filling up the DagBag from /opt/airflow/dags/dag_tomorrowio.py
[2026-07-01T13:40:07.199+0000] {processor.py:840} INFO - DAG(s) 'weather_tomorrowio_pipeline' retrieved from /opt/airflow/dags/dag_tomorrowio.py
[2026-07-01T13:40:07.238+0000] {logging_mixin.py:188} INFO - [2026-07-01T13:40:07.237+0000] {dag.py:3096} INFO - Sync 1 DAGs
[2026-07-01T13:40:07.266+0000] {logging_mixin.py:188} INFO - [2026-07-01T13:40:07.266+0000] {dag.py:3954} INFO - Setting next_dagrun for weather_tomorrowio_pipeline to 2026-07-01 13:00:00+00:00, run_after=2026-07-01 14:00:00+00:00
[2026-07-01T13:40:07.293+0000] {processor.py:183} INFO - Processing /opt/airflow/dags/dag_tomorrowio.py took 0.684 seconds
[2026-07-01T13:40:37.480+0000] {processor.py:161} INFO - Started process (PID=15469) to work on /opt/airflow/dags/dag_tomorrowio.py
[2026-07-01T13:40:37.481+0000] {processor.py:830} INFO - Processing file /opt/airflow/dags/dag_tomorrowio.py for tasks to queue
[2026-07-01T13:40:37.483+0000] {logging_mixin.py:188} INFO - [2026-07-01T13:40:37.483+0000] {dagbag.py:545} INFO - Filling up the DagBag from /opt/airflow/dags/dag_tomorrowio.py
[2026-07-01T13:40:37.833+0000] {processor.py:840} INFO - DAG(s) 'weather_tomorrowio_pipeline' retrieved from /opt/airflow/dags/dag_tomorrowio.py
[2026-07-01T13:40:37.845+0000] {logging_mixin.py:188} INFO - [2026-07-01T13:40:37.844+0000] {dag.py:3096} INFO - Sync 1 DAGs
[2026-07-01T13:40:37.853+0000] {logging_mixin.py:188} INFO - [2026-07-01T13:40:37.853+0000] {dag.py:3954} INFO - Setting next_dagrun for weather_tomorrowio_pipeline to 2026-07-01 13:00:00+00:00, run_after=2026-07-01 14:00:00+00:00
[2026-07-01T13:40:37.865+0000] {processor.py:183} INFO - Processing /opt/airflow/dags/dag_tomorrowio.py took 0.395 seconds
[2026-07-01T13:41:08.210+0000] {processor.py:161} INFO - Started process (PID=15506) to work on /opt/airflow/dags/dag_tomorrowio.py
[2026-07-01T13:41:08.213+0000] {processor.py:830} INFO - Processing file /opt/airflow/dags/dag_tomorrowio.py for tasks to queue
[2026-07-01T13:41:08.224+0000] {logging_mixin.py:188} INFO - [2026-07-01T13:41:08.222+0000] {dagbag.py:545} INFO - Filling up the DagBag from /opt/airflow/dags/dag_tomorrowio.py
[2026-07-01T13:41:08.733+0000] {processor.py:840} INFO - DAG(s) 'weather_tomorrowio_pipeline' retrieved from /opt/airflow/dags/dag_tomorrowio.py
[2026-07-01T13:41:08.756+0000] {logging_mixin.py:188} INFO - [2026-07-01T13:41:08.756+0000] {dag.py:3096} INFO - Sync 1 DAGs
[2026-07-01T13:41:08.960+0000] {logging_mixin.py:188} INFO - [2026-07-01T13:41:08.960+0000] {dag.py:3954} INFO - Setting next_dagrun for weather_tomorrowio_pipeline to 2026-07-01 13:00:00+00:00, run_after=2026-07-01 14:00:00+00:00
[2026-07-01T13:41:08.972+0000] {processor.py:183} INFO - Processing /opt/airflow/dags/dag_tomorrowio.py took 0.780 seconds
[2026-07-01T13:41:39.342+0000] {processor.py:161} INFO - Started process (PID=15543) to work on /opt/airflow/dags/dag_tomorrowio.py
[2026-07-01T13:41:39.344+0000] {processor.py:830} INFO - Processing file /opt/airflow/dags/dag_tomorrowio.py for tasks to queue
[2026-07-01T13:41:39.350+0000] {logging_mixin.py:188} INFO - [2026-07-01T13:41:39.349+0000] {dagbag.py:545} INFO - Filling up the DagBag from /opt/airflow/dags/dag_tomorrowio.py
[2026-07-01T13:41:39.735+0000] {processor.py:840} INFO - DAG(s) 'weather_tomorrowio_pipeline' retrieved from /opt/airflow/dags/dag_tomorrowio.py
[2026-07-01T13:41:40.037+0000] {logging_mixin.py:188} INFO - [2026-07-01T13:41:40.037+0000] {dag.py:3096} INFO - Sync 1 DAGs
[2026-07-01T13:41:40.050+0000] {logging_mixin.py:188} INFO - [2026-07-01T13:41:40.050+0000] {dag.py:3954} INFO - Setting next_dagrun for weather_tomorrowio_pipeline to 2026-07-01 13:00:00+00:00, run_after=2026-07-01 14:00:00+00:00
[2026-07-01T13:41:40.059+0000] {processor.py:183} INFO - Processing /opt/airflow/dags/dag_tomorrowio.py took 0.734 seconds
[2026-07-01T13:42:10.324+0000] {processor.py:161} INFO - Started process (PID=15580) to work on /opt/airflow/dags/dag_tomorrowio.py
[2026-07-01T13:42:10.326+0000] {processor.py:830} INFO - Processing file /opt/airflow/dags/dag_tomorrowio.py for tasks to queue
[2026-07-01T13:42:10.332+0000] {logging_mixin.py:188} INFO - [2026-07-01T13:42:10.329+0000] {dagbag.py:545} INFO - Filling up the DagBag from /opt/airflow/dags/dag_tomorrowio.py
[2026-07-01T13:42:10.678+0000] {processor.py:840} INFO - DAG(s) 'weather_tomorrowio_pipeline' retrieved from /opt/airflow/dags/dag_tomorrowio.py
[2026-07-01T13:42:10.907+0000] {logging_mixin.py:188} INFO - [2026-07-01T13:42:10.907+0000] {dag.py:3096} INFO - Sync 1 DAGs
[2026-07-01T13:42:10.920+0000] {logging_mixin.py:188} INFO - [2026-07-01T13:42:10.920+0000] {dag.py:3954} INFO - Setting next_dagrun for weather_tomorrowio_pipeline to 2026-07-01 13:00:00+00:00, run_after=2026-07-01 14:00:00+00:00
[2026-07-01T13:42:10.931+0000] {processor.py:183} INFO - Processing /opt/airflow/dags/dag_tomorrowio.py took 0.620 seconds
[2026-07-01T13:42:41.126+0000] {processor.py:161} INFO - Started process (PID=15617) to work on /opt/airflow/dags/dag_tomorrowio.py
[2026-07-01T13:42:41.133+0000] {processor.py:830} INFO - Processing file /opt/airflow/dags/dag_tomorrowio.py for tasks to queue
[2026-07-01T13:42:41.143+0000] {logging_mixin.py:188} INFO - [2026-07-01T13:42:41.142+0000] {dagbag.py:545} INFO - Filling up the DagBag from /opt/airflow/dags/dag_tomorrowio.py
[2026-07-01T13:42:41.561+0000] {processor.py:840} INFO - DAG(s) 'weather_tomorrowio_pipeline' retrieved from /opt/airflow/dags/dag_tomorrowio.py
[2026-07-01T13:42:41.574+0000] {logging_mixin.py:188} INFO - [2026-07-01T13:42:41.574+0000] {dag.py:3096} INFO - Sync 1 DAGs
[2026-07-01T13:42:41.586+0000] {logging_mixin.py:188} INFO - [2026-07-01T13:42:41.586+0000] {dag.py:3954} INFO - Setting next_dagrun for weather_tomorrowio_pipeline to 2026-07-01 13:00:00+00:00, run_after=2026-07-01 14:00:00+00:00
[2026-07-01T13:42:41.601+0000] {processor.py:183} INFO - Processing /opt/airflow/dags/dag_tomorrowio.py took 0.483 seconds
[2026-07-01T13:43:12.027+0000] {processor.py:161} INFO - Started process (PID=15654) to work on /opt/airflow/dags/dag_tomorrowio.py
[2026-07-01T13:43:12.028+0000] {processor.py:830} INFO - Processing file /opt/airflow/dags/dag_tomorrowio.py for tasks to queue
[2026-07-01T13:43:12.029+0000] {logging_mixin.py:188} INFO - [2026-07-01T13:43:12.029+0000] {dagbag.py:545} INFO - Filling up the DagBag from /opt/airflow/dags/dag_tomorrowio.py
[2026-07-01T13:43:12.452+0000] {processor.py:840} INFO - DAG(s) 'weather_tomorrowio_pipeline' retrieved from /opt/airflow/dags/dag_tomorrowio.py
[2026-07-01T13:43:12.464+0000] {logging_mixin.py:188} INFO - [2026-07-01T13:43:12.464+0000] {dag.py:3096} INFO - Sync 1 DAGs
[2026-07-01T13:43:12.474+0000] {logging_mixin.py:188} INFO - [2026-07-01T13:43:12.474+0000] {dag.py:3954} INFO - Setting next_dagrun for weather_tomorrowio_pipeline to 2026-07-01 13:00:00+00:00, run_after=2026-07-01 14:00:00+00:00
[2026-07-01T13:43:12.484+0000] {processor.py:183} INFO - Processing /opt/airflow/dags/dag_tomorrowio.py took 0.465 seconds
[2026-07-01T13:43:42.781+0000] {processor.py:161} INFO - Started process (PID=15691) to work on /opt/airflow/dags/dag_tomorrowio.py
[2026-07-01T13:43:42.782+0000] {processor.py:830} INFO - Processing file /opt/airflow/dags/dag_tomorrowio.py for tasks to queue
[2026-07-01T13:43:42.785+0000] {logging_mixin.py:188} INFO - [2026-07-01T13:43:42.785+0000] {dagbag.py:545} INFO - Filling up the DagBag from /opt/airflow/dags/dag_tomorrowio.py
[2026-07-01T13:43:43.155+0000] {processor.py:840} INFO - DAG(s) 'weather_tomorrowio_pipeline' retrieved from /opt/airflow/dags/dag_tomorrowio.py
[2026-07-01T13:43:43.171+0000] {logging_mixin.py:188} INFO - [2026-07-01T13:43:43.171+0000] {dag.py:3096} INFO - Sync 1 DAGs
[2026-07-01T13:43:43.185+0000] {logging_mixin.py:188} INFO - [2026-07-01T13:43:43.185+0000] {dag.py:3954} INFO - Setting next_dagrun for weather_tomorrowio_pipeline to 2026-07-01 13:00:00+00:00, run_after=2026-07-01 14:00:00+00:00
[2026-07-01T13:43:43.198+0000] {processor.py:183} INFO - Processing /opt/airflow/dags/dag_tomorrowio.py took 0.425 seconds
[2026-07-01T13:44:13.485+0000] {processor.py:161} INFO - Started process (PID=15726) to work on /opt/airflow/dags/dag_tomorrowio.py
[2026-07-01T13:44:13.493+0000] {processor.py:830} INFO - Processing file /opt/airflow/dags/dag_tomorrowio.py for tasks to queue
[2026-07-01T13:44:13.509+0000] {logging_mixin.py:188} INFO - [2026-07-01T13:44:13.504+0000] {dagbag.py:545} INFO - Filling up the DagBag from /opt/airflow/dags/dag_tomorrowio.py
[2026-07-01T13:44:14.857+0000] {processor.py:840} INFO - DAG(s) 'weather_tomorrowio_pipeline' retrieved from /opt/airflow/dags/dag_tomorrowio.py
[2026-07-01T13:44:14.982+0000] {logging_mixin.py:188} INFO - [2026-07-01T13:44:14.979+0000] {dag.py:3096} INFO - Sync 1 DAGs
[2026-07-01T13:44:16.214+0000] {logging_mixin.py:188} INFO - [2026-07-01T13:44:16.212+0000] {dag.py:3954} INFO - Setting next_dagrun for weather_tomorrowio_pipeline to 2026-07-01 13:00:00+00:00, run_after=2026-07-01 14:00:00+00:00
[2026-07-01T13:44:16.327+0000] {processor.py:183} INFO - Processing /opt/airflow/dags/dag_tomorrowio.py took 2.885 seconds
[2026-07-01T13:44:46.828+0000] {processor.py:161} INFO - Started process (PID=15765) to work on /opt/airflow/dags/dag_tomorrowio.py
[2026-07-01T13:44:46.828+0000] {processor.py:830} INFO - Processing file /opt/airflow/dags/dag_tomorrowio.py for tasks to queue
[2026-07-01T13:44:46.830+0000] {logging_mixin.py:188} INFO - [2026-07-01T13:44:46.830+0000] {dagbag.py:545} INFO - Filling up the DagBag from /opt/airflow/dags/dag_tomorrowio.py
[2026-07-01T13:44:47.021+0000] {processor.py:840} INFO - DAG(s) 'weather_tomorrowio_pipeline' retrieved from /opt/airflow/dags/dag_tomorrowio.py
[2026-07-01T13:44:47.181+0000] {logging_mixin.py:188} INFO - [2026-07-01T13:44:47.181+0000] {dag.py:3096} INFO - Sync 1 DAGs
[2026-07-01T13:44:47.195+0000] {logging_mixin.py:188} INFO - [2026-07-01T13:44:47.195+0000] {dag.py:3954} INFO - Setting next_dagrun for weather_tomorrowio_pipeline to 2026-07-01 13:00:00+00:00, run_after=2026-07-01 14:00:00+00:00
[2026-07-01T13:44:47.209+0000] {processor.py:183} INFO - Processing /opt/airflow/dags/dag_tomorrowio.py took 0.386 seconds
[2026-07-01T13:45:17.666+0000] {processor.py:161} INFO - Started process (PID=15805) to work on /opt/airflow/dags/dag_tomorrowio.py
[2026-07-01T13:45:17.669+0000] {processor.py:830} INFO - Processing file /opt/airflow/dags/dag_tomorrowio.py for tasks to queue
[2026-07-01T13:45:17.671+0000] {logging_mixin.py:188} INFO - [2026-07-01T13:45:17.671+0000] {dagbag.py:545} INFO - Filling up the DagBag from /opt/airflow/dags/dag_tomorrowio.py
[2026-07-01T13:45:18.165+0000] {processor.py:840} INFO - DAG(s) 'weather_tomorrowio_pipeline' retrieved from /opt/airflow/dags/dag_tomorrowio.py
[2026-07-01T13:45:18.176+0000] {logging_mixin.py:188} INFO - [2026-07-01T13:45:18.176+0000] {dag.py:3096} INFO - Sync 1 DAGs
[2026-07-01T13:45:18.185+0000] {logging_mixin.py:188} INFO - [2026-07-01T13:45:18.185+0000] {dag.py:3954} INFO - Setting next_dagrun for weather_tomorrowio_pipeline to 2026-07-01 13:00:00+00:00, run_after=2026-07-01 14:00:00+00:00
[2026-07-01T13:45:18.193+0000] {processor.py:183} INFO - Processing /opt/airflow/dags/dag_tomorrowio.py took 0.532 seconds
[2026-07-01T13:45:48.998+0000] {processor.py:161} INFO - Started process (PID=15844) to work on /opt/airflow/dags/dag_tomorrowio.py
[2026-07-01T13:45:48.998+0000] {processor.py:830} INFO - Processing file /opt/airflow/dags/dag_tomorrowio.py for tasks to queue
[2026-07-01T13:45:48.999+0000] {logging_mixin.py:188} INFO - [2026-07-01T13:45:48.999+0000] {dagbag.py:545} INFO - Filling up the DagBag from /opt/airflow/dags/dag_tomorrowio.py
[2026-07-01T13:45:49.299+0000] {processor.py:840} INFO - DAG(s) 'weather_tomorrowio_pipeline' retrieved from /opt/airflow/dags/dag_tomorrowio.py
[2026-07-01T13:45:49.310+0000] {logging_mixin.py:188} INFO - [2026-07-01T13:45:49.309+0000] {dag.py:3096} INFO - Sync 1 DAGs
[2026-07-01T13:45:49.319+0000] {logging_mixin.py:188} INFO - [2026-07-01T13:45:49.319+0000] {dag.py:3954} INFO - Setting next_dagrun for weather_tomorrowio_pipeline to 2026-07-01 13:00:00+00:00, run_after=2026-07-01 14:00:00+00:00
[2026-07-01T13:45:49.328+0000] {processor.py:183} INFO - Processing /opt/airflow/dags/dag_tomorrowio.py took 0.333 seconds
[2026-07-01T13:46:19.469+0000] {processor.py:161} INFO - Started process (PID=15881) to work on /opt/airflow/dags/dag_tomorrowio.py
[2026-07-01T13:46:19.470+0000] {processor.py:830} INFO - Processing file /opt/airflow/dags/dag_tomorrowio.py for tasks to queue
[2026-07-01T13:46:19.472+0000] {logging_mixin.py:188} INFO - [2026-07-01T13:46:19.472+0000] {dagbag.py:545} INFO - Filling up the DagBag from /opt/airflow/dags/dag_tomorrowio.py
[2026-07-01T13:46:19.822+0000] {processor.py:840} INFO - DAG(s) 'weather_tomorrowio_pipeline' retrieved from /opt/airflow/dags/dag_tomorrowio.py
[2026-07-01T13:46:19.833+0000] {logging_mixin.py:188} INFO - [2026-07-01T13:46:19.833+0000] {dag.py:3096} INFO - Sync 1 DAGs
[2026-07-01T13:46:19.842+0000] {logging_mixin.py:188} INFO - [2026-07-01T13:46:19.842+0000] {dag.py:3954} INFO - Setting next_dagrun for weather_tomorrowio_pipeline to 2026-07-01 13:00:00+00:00, run_after=2026-07-01 14:00:00+00:00
[2026-07-01T13:46:19.853+0000] {processor.py:183} INFO - Processing /opt/airflow/dags/dag_tomorrowio.py took 0.391 seconds
[2026-07-01T13:46:50.089+0000] {processor.py:161} INFO - Started process (PID=15918) to work on /opt/airflow/dags/dag_tomorrowio.py
[2026-07-01T13:46:50.091+0000] {processor.py:830} INFO - Processing file /opt/airflow/dags/dag_tomorrowio.py for tasks to queue
[2026-07-01T13:46:50.092+0000] {logging_mixin.py:188} INFO - [2026-07-01T13:46:50.092+0000] {dagbag.py:545} INFO - Filling up the DagBag from /opt/airflow/dags/dag_tomorrowio.py
[2026-07-01T13:46:50.499+0000] {processor.py:840} INFO - DAG(s) 'weather_tomorrowio_pipeline' retrieved from /opt/airflow/dags/dag_tomorrowio.py
[2026-07-01T13:46:50.510+0000] {logging_mixin.py:188} INFO - [2026-07-01T13:46:50.510+0000] {dag.py:3096} INFO - Sync 1 DAGs
[2026-07-01T13:46:50.520+0000] {logging_mixin.py:188} INFO - [2026-07-01T13:46:50.520+0000] {dag.py:3954} INFO - Setting next_dagrun for weather_tomorrowio_pipeline to 2026-07-01 13:00:00+00:00, run_after=2026-07-01 14:00:00+00:00
[2026-07-01T13:46:50.528+0000] {processor.py:183} INFO - Processing /opt/airflow/dags/dag_tomorrowio.py took 0.443 seconds
[2026-07-01T13:47:20.819+0000] {processor.py:161} INFO - Started process (PID=15955) to work on /opt/airflow/dags/dag_tomorrowio.py
[2026-07-01T13:47:20.820+0000] {processor.py:830} INFO - Processing file /opt/airflow/dags/dag_tomorrowio.py for tasks to queue
[2026-07-01T13:47:20.822+0000] {logging_mixin.py:188} INFO - [2026-07-01T13:47:20.821+0000] {dagbag.py:545} INFO - Filling up the DagBag from /opt/airflow/dags/dag_tomorrowio.py
[2026-07-01T13:47:21.209+0000] {processor.py:840} INFO - DAG(s) 'weather_tomorrowio_pipeline' retrieved from /opt/airflow/dags/dag_tomorrowio.py
[2026-07-01T13:47:21.224+0000] {logging_mixin.py:188} INFO - [2026-07-01T13:47:21.224+0000] {dag.py:3096} INFO - Sync 1 DAGs
[2026-07-01T13:47:21.232+0000] {logging_mixin.py:188} INFO - [2026-07-01T13:47:21.232+0000] {dag.py:3954} INFO - Setting next_dagrun for weather_tomorrowio_pipeline to 2026-07-01 13:00:00+00:00, run_after=2026-07-01 14:00:00+00:00
[2026-07-01T13:47:21.240+0000] {processor.py:183} INFO - Processing /opt/airflow/dags/dag_tomorrowio.py took 0.426 seconds
[2026-07-01T13:47:51.409+0000] {processor.py:161} INFO - Started process (PID=15989) to work on /opt/airflow/dags/dag_tomorrowio.py
[2026-07-01T13:47:51.410+0000] {processor.py:830} INFO - Processing file /opt/airflow/dags/dag_tomorrowio.py for tasks to queue
[2026-07-01T13:47:51.413+0000] {logging_mixin.py:188} INFO - [2026-07-01T13:47:51.413+0000] {dagbag.py:545} INFO - Filling up the DagBag from /opt/airflow/dags/dag_tomorrowio.py
[2026-07-01T13:47:51.747+0000] {processor.py:840} INFO - DAG(s) 'weather_tomorrowio_pipeline' retrieved from /opt/airflow/dags/dag_tomorrowio.py
[2026-07-01T13:47:52.088+0000] {logging_mixin.py:188} INFO - [2026-07-01T13:47:52.088+0000] {dag.py:3096} INFO - Sync 1 DAGs
[2026-07-01T13:47:52.109+0000] {logging_mixin.py:188} INFO - [2026-07-01T13:47:52.109+0000] {dag.py:3954} INFO - Setting next_dagrun for weather_tomorrowio_pipeline to 2026-07-01 13:00:00+00:00, run_after=2026-07-01 14:00:00+00:00
[2026-07-01T13:47:52.132+0000] {processor.py:183} INFO - Processing /opt/airflow/dags/dag_tomorrowio.py took 0.730 seconds
[2026-07-01T13:48:23.311+0000] {processor.py:161} INFO - Started process (PID=16042) to work on /opt/airflow/dags/dag_tomorrowio.py
[2026-07-01T13:48:23.312+0000] {processor.py:830} INFO - Processing file /opt/airflow/dags/dag_tomorrowio.py for tasks to queue
[2026-07-01T13:48:23.313+0000] {logging_mixin.py:188} INFO - [2026-07-01T13:48:23.313+0000] {dagbag.py:545} INFO - Filling up the DagBag from /opt/airflow/dags/dag_tomorrowio.py
[2026-07-01T13:48:23.687+0000] {processor.py:840} INFO - DAG(s) 'weather_tomorrowio_pipeline' retrieved from /opt/airflow/dags/dag_tomorrowio.py
[2026-07-01T13:48:23.699+0000] {logging_mixin.py:188} INFO - [2026-07-01T13:48:23.699+0000] {dag.py:3096} INFO - Sync 1 DAGs
[2026-07-01T13:48:23.712+0000] {logging_mixin.py:188} INFO - [2026-07-01T13:48:23.712+0000] {dag.py:3954} INFO - Setting next_dagrun for weather_tomorrowio_pipeline to 2026-07-01 13:00:00+00:00, run_after=2026-07-01 14:00:00+00:00
[2026-07-01T13:48:23.729+0000] {processor.py:183} INFO - Processing /opt/airflow/dags/dag_tomorrowio.py took 0.425 seconds
[2026-07-01T13:48:54.492+0000] {processor.py:161} INFO - Started process (PID=16078) to work on /opt/airflow/dags/dag_tomorrowio.py
[2026-07-01T13:48:54.493+0000] {processor.py:830} INFO - Processing file /opt/airflow/dags/dag_tomorrowio.py for tasks to queue
[2026-07-01T13:48:54.496+0000] {logging_mixin.py:188} INFO - [2026-07-01T13:48:54.495+0000] {dagbag.py:545} INFO - Filling up the DagBag from /opt/airflow/dags/dag_tomorrowio.py
[2026-07-01T13:48:55.068+0000] {processor.py:840} INFO - DAG(s) 'weather_tomorrowio_pipeline' retrieved from /opt/airflow/dags/dag_tomorrowio.py
[2026-07-01T13:48:55.089+0000] {logging_mixin.py:188} INFO - [2026-07-01T13:48:55.088+0000] {dag.py:3096} INFO - Sync 1 DAGs
[2026-07-01T13:48:55.104+0000] {logging_mixin.py:188} INFO - [2026-07-01T13:48:55.104+0000] {dag.py:3954} INFO - Setting next_dagrun for weather_tomorrowio_pipeline to 2026-07-01 13:00:00+00:00, run_after=2026-07-01 14:00:00+00:00
[2026-07-01T13:48:55.115+0000] {processor.py:183} INFO - Processing /opt/airflow/dags/dag_tomorrowio.py took 0.631 seconds
[2026-07-01T13:49:25.757+0000] {processor.py:161} INFO - Started process (PID=16115) to work on /opt/airflow/dags/dag_tomorrowio.py
[2026-07-01T13:49:25.758+0000] {processor.py:830} INFO - Processing file /opt/airflow/dags/dag_tomorrowio.py for tasks to queue
[2026-07-01T13:49:25.759+0000] {logging_mixin.py:188} INFO - [2026-07-01T13:49:25.759+0000] {dagbag.py:545} INFO - Filling up the DagBag from /opt/airflow/dags/dag_tomorrowio.py
[2026-07-01T13:49:26.311+0000] {processor.py:840} INFO - DAG(s) 'weather_tomorrowio_pipeline' retrieved from /opt/airflow/dags/dag_tomorrowio.py
[2026-07-01T13:49:26.328+0000] {logging_mixin.py:188} INFO - [2026-07-01T13:49:26.328+0000] {dag.py:3096} INFO - Sync 1 DAGs
[2026-07-01T13:49:26.338+0000] {logging_mixin.py:188} INFO - [2026-07-01T13:49:26.338+0000] {dag.py:3954} INFO - Setting next_dagrun for weather_tomorrowio_pipeline to 2026-07-01 13:00:00+00:00, run_after=2026-07-01 14:00:00+00:00
[2026-07-01T13:49:26.348+0000] {processor.py:183} INFO - Processing /opt/airflow/dags/dag_tomorrowio.py took 0.602 seconds
[2026-07-01T13:49:57.072+0000] {processor.py:161} INFO - Started process (PID=16152) to work on /opt/airflow/dags/dag_tomorrowio.py
[2026-07-01T13:49:57.074+0000] {processor.py:830} INFO - Processing file /opt/airflow/dags/dag_tomorrowio.py for tasks to queue
[2026-07-01T13:49:57.078+0000] {logging_mixin.py:188} INFO - [2026-07-01T13:49:57.077+0000] {dagbag.py:545} INFO - Filling up the DagBag from /opt/airflow/dags/dag_tomorrowio.py
[2026-07-01T13:49:57.672+0000] {processor.py:840} INFO - DAG(s) 'weather_tomorrowio_pipeline' retrieved from /opt/airflow/dags/dag_tomorrowio.py
[2026-07-01T13:49:57.694+0000] {logging_mixin.py:188} INFO - [2026-07-01T13:49:57.693+0000] {dag.py:3096} INFO - Sync 1 DAGs
[2026-07-01T13:49:57.707+0000] {logging_mixin.py:188} INFO - [2026-07-01T13:49:57.707+0000] {dag.py:3954} INFO - Setting next_dagrun for weather_tomorrowio_pipeline to 2026-07-01 13:00:00+00:00, run_after=2026-07-01 14:00:00+00:00
[2026-07-01T13:49:57.717+0000] {processor.py:183} INFO - Processing /opt/airflow/dags/dag_tomorrowio.py took 0.661 seconds
[2026-07-01T13:50:28.357+0000] {processor.py:161} INFO - Started process (PID=16189) to work on /opt/airflow/dags/dag_tomorrowio.py
[2026-07-01T13:50:28.358+0000] {processor.py:830} INFO - Processing file /opt/airflow/dags/dag_tomorrowio.py for tasks to queue
[2026-07-01T13:50:28.361+0000] {logging_mixin.py:188} INFO - [2026-07-01T13:50:28.361+0000] {dagbag.py:545} INFO - Filling up the DagBag from /opt/airflow/dags/dag_tomorrowio.py
[2026-07-01T13:50:28.695+0000] {processor.py:840} INFO - DAG(s) 'weather_tomorrowio_pipeline' retrieved from /opt/airflow/dags/dag_tomorrowio.py
[2026-07-01T13:50:28.925+0000] {logging_mixin.py:188} INFO - [2026-07-01T13:50:28.925+0000] {dag.py:3096} INFO - Sync 1 DAGs
[2026-07-01T13:50:28.941+0000] {logging_mixin.py:188} INFO - [2026-07-01T13:50:28.941+0000] {dag.py:3954} INFO - Setting next_dagrun for weather_tomorrowio_pipeline to 2026-07-01 13:00:00+00:00, run_after=2026-07-01 14:00:00+00:00
[2026-07-01T13:50:28.952+0000] {processor.py:183} INFO - Processing /opt/airflow/dags/dag_tomorrowio.py took 0.600 seconds
[2026-07-01T13:50:59.761+0000] {processor.py:161} INFO - Started process (PID=16225) to work on /opt/airflow/dags/dag_tomorrowio.py
[2026-07-01T13:50:59.763+0000] {processor.py:830} INFO - Processing file /opt/airflow/dags/dag_tomorrowio.py for tasks to queue
[2026-07-01T13:50:59.770+0000] {logging_mixin.py:188} INFO - [2026-07-01T13:50:59.769+0000] {dagbag.py:545} INFO - Filling up the DagBag from /opt/airflow/dags/dag_tomorrowio.py
[2026-07-01T13:51:00.663+0000] {processor.py:840} INFO - DAG(s) 'weather_tomorrowio_pipeline' retrieved from /opt/airflow/dags/dag_tomorrowio.py
[2026-07-01T13:51:00.689+0000] {logging_mixin.py:188} INFO - [2026-07-01T13:51:00.689+0000] {dag.py:3096} INFO - Sync 1 DAGs
[2026-07-01T13:51:00.706+0000] {logging_mixin.py:188} INFO - [2026-07-01T13:51:00.706+0000] {dag.py:3954} INFO - Setting next_dagrun for weather_tomorrowio_pipeline to 2026-07-01 13:00:00+00:00, run_after=2026-07-01 14:00:00+00:00
[2026-07-01T13:51:00.727+0000] {processor.py:183} INFO - Processing /opt/airflow/dags/dag_tomorrowio.py took 0.981 seconds
[2026-07-01T13:51:31.538+0000] {processor.py:161} INFO - Started process (PID=16263) to work on /opt/airflow/dags/dag_tomorrowio.py
[2026-07-01T13:51:31.540+0000] {processor.py:830} INFO - Processing file /opt/airflow/dags/dag_tomorrowio.py for tasks to queue
[2026-07-01T13:51:31.542+0000] {logging_mixin.py:188} INFO - [2026-07-01T13:51:31.542+0000] {dagbag.py:545} INFO - Filling up the DagBag from /opt/airflow/dags/dag_tomorrowio.py
[2026-07-01T13:51:32.085+0000] {processor.py:840} INFO - DAG(s) 'weather_tomorrowio_pipeline' retrieved from /opt/airflow/dags/dag_tomorrowio.py
[2026-07-01T13:51:32.125+0000] {logging_mixin.py:188} INFO - [2026-07-01T13:51:32.125+0000] {dag.py:3096} INFO - Sync 1 DAGs
[2026-07-01T13:51:32.144+0000] {logging_mixin.py:188} INFO - [2026-07-01T13:51:32.143+0000] {dag.py:3954} INFO - Setting next_dagrun for weather_tomorrowio_pipeline to 2026-07-01 13:00:00+00:00, run_after=2026-07-01 14:00:00+00:00
[2026-07-01T13:51:32.168+0000] {processor.py:183} INFO - Processing /opt/airflow/dags/dag_tomorrowio.py took 0.639 seconds
[2026-07-01T13:52:03.025+0000] {processor.py:161} INFO - Started process (PID=16299) to work on /opt/airflow/dags/dag_tomorrowio.py
[2026-07-01T13:52:03.030+0000] {processor.py:830} INFO - Processing file /opt/airflow/dags/dag_tomorrowio.py for tasks to queue
[2026-07-01T13:52:03.049+0000] {logging_mixin.py:188} INFO - [2026-07-01T13:52:03.049+0000] {dagbag.py:545} INFO - Filling up the DagBag from /opt/airflow/dags/dag_tomorrowio.py
[2026-07-01T13:52:03.653+0000] {processor.py:840} INFO - DAG(s) 'weather_tomorrowio_pipeline' retrieved from /opt/airflow/dags/dag_tomorrowio.py
[2026-07-01T13:52:03.674+0000] {logging_mixin.py:188} INFO - [2026-07-01T13:52:03.674+0000] {dag.py:3096} INFO - Sync 1 DAGs
[2026-07-01T13:52:03.687+0000] {logging_mixin.py:188} INFO - [2026-07-01T13:52:03.687+0000] {dag.py:3954} INFO - Setting next_dagrun for weather_tomorrowio_pipeline to 2026-07-01 13:00:00+00:00, run_after=2026-07-01 14:00:00+00:00
[2026-07-01T13:52:03.697+0000] {processor.py:183} INFO - Processing /opt/airflow/dags/dag_tomorrowio.py took 0.683 seconds
[2026-07-01T13:52:34.338+0000] {processor.py:161} INFO - Started process (PID=16337) to work on /opt/airflow/dags/dag_tomorrowio.py
[2026-07-01T13:52:34.340+0000] {processor.py:830} INFO - Processing file /opt/airflow/dags/dag_tomorrowio.py for tasks to queue
[2026-07-01T13:52:34.342+0000] {logging_mixin.py:188} INFO - [2026-07-01T13:52:34.342+0000] {dagbag.py:545} INFO - Filling up the DagBag from /opt/airflow/dags/dag_tomorrowio.py
[2026-07-01T13:52:34.902+0000] {processor.py:840} INFO - DAG(s) 'weather_tomorrowio_pipeline' retrieved from /opt/airflow/dags/dag_tomorrowio.py
[2026-07-01T13:52:34.919+0000] {logging_mixin.py:188} INFO - [2026-07-01T13:52:34.919+0000] {dag.py:3096} INFO - Sync 1 DAGs
[2026-07-01T13:52:34.931+0000] {logging_mixin.py:188} INFO - [2026-07-01T13:52:34.931+0000] {dag.py:3954} INFO - Setting next_dagrun for weather_tomorrowio_pipeline to 2026-07-01 13:00:00+00:00, run_after=2026-07-01 14:00:00+00:00
[2026-07-01T13:52:34.941+0000] {processor.py:183} INFO - Processing /opt/airflow/dags/dag_tomorrowio.py took 0.612 seconds
[2026-07-01T13:53:05.869+0000] {processor.py:161} INFO - Started process (PID=16374) to work on /opt/airflow/dags/dag_tomorrowio.py
[2026-07-01T13:53:05.873+0000] {processor.py:830} INFO - Processing file /opt/airflow/dags/dag_tomorrowio.py for tasks to queue
[2026-07-01T13:53:05.883+0000] {logging_mixin.py:188} INFO - [2026-07-01T13:53:05.882+0000] {dagbag.py:545} INFO - Filling up the DagBag from /opt/airflow/dags/dag_tomorrowio.py
[2026-07-01T13:53:06.529+0000] {processor.py:840} INFO - DAG(s) 'weather_tomorrowio_pipeline' retrieved from /opt/airflow/dags/dag_tomorrowio.py
[2026-07-01T13:53:06.548+0000] {logging_mixin.py:188} INFO - [2026-07-01T13:53:06.548+0000] {dag.py:3096} INFO - Sync 1 DAGs
[2026-07-01T13:53:06.559+0000] {logging_mixin.py:188} INFO - [2026-07-01T13:53:06.558+0000] {dag.py:3954} INFO - Setting next_dagrun for weather_tomorrowio_pipeline to 2026-07-01 13:00:00+00:00, run_after=2026-07-01 14:00:00+00:00
[2026-07-01T13:53:06.572+0000] {processor.py:183} INFO - Processing /opt/airflow/dags/dag_tomorrowio.py took 0.719 seconds
[2026-07-01T13:53:37.252+0000] {processor.py:161} INFO - Started process (PID=16411) to work on /opt/airflow/dags/dag_tomorrowio.py
[2026-07-01T13:53:37.253+0000] {processor.py:830} INFO - Processing file /opt/airflow/dags/dag_tomorrowio.py for tasks to queue
[2026-07-01T13:53:37.258+0000] {logging_mixin.py:188} INFO - [2026-07-01T13:53:37.258+0000] {dagbag.py:545} INFO - Filling up the DagBag from /opt/airflow/dags/dag_tomorrowio.py
[2026-07-01T13:53:37.614+0000] {processor.py:840} INFO - DAG(s) 'weather_tomorrowio_pipeline' retrieved from /opt/airflow/dags/dag_tomorrowio.py
[2026-07-01T13:53:37.922+0000] {logging_mixin.py:188} INFO - [2026-07-01T13:53:37.921+0000] {dag.py:3096} INFO - Sync 1 DAGs
[2026-07-01T13:53:37.939+0000] {logging_mixin.py:188} INFO - [2026-07-01T13:53:37.938+0000] {dag.py:3954} INFO - Setting next_dagrun for weather_tomorrowio_pipeline to 2026-07-01 13:00:00+00:00, run_after=2026-07-01 14:00:00+00:00
[2026-07-01T13:53:37.952+0000] {processor.py:183} INFO - Processing /opt/airflow/dags/dag_tomorrowio.py took 0.705 seconds
[2026-07-01T13:54:08.798+0000] {processor.py:161} INFO - Started process (PID=16448) to work on /opt/airflow/dags/dag_tomorrowio.py
[2026-07-01T13:54:08.811+0000] {processor.py:830} INFO - Processing file /opt/airflow/dags/dag_tomorrowio.py for tasks to queue
[2026-07-01T13:54:08.816+0000] {logging_mixin.py:188} INFO - [2026-07-01T13:54:08.815+0000] {dagbag.py:545} INFO - Filling up the DagBag from /opt/airflow/dags/dag_tomorrowio.py
[2026-07-01T13:54:09.404+0000] {processor.py:840} INFO - DAG(s) 'weather_tomorrowio_pipeline' retrieved from /opt/airflow/dags/dag_tomorrowio.py
[2026-07-01T13:54:09.422+0000] {logging_mixin.py:188} INFO - [2026-07-01T13:54:09.422+0000] {dag.py:3096} INFO - Sync 1 DAGs
[2026-07-01T13:54:09.436+0000] {logging_mixin.py:188} INFO - [2026-07-01T13:54:09.436+0000] {dag.py:3954} INFO - Setting next_dagrun for weather_tomorrowio_pipeline to 2026-07-01 13:00:00+00:00, run_after=2026-07-01 14:00:00+00:00
[2026-07-01T13:54:09.447+0000] {processor.py:183} INFO - Processing /opt/airflow/dags/dag_tomorrowio.py took 0.668 seconds
[2026-07-01T13:54:40.278+0000] {processor.py:161} INFO - Started process (PID=16484) to work on /opt/airflow/dags/dag_tomorrowio.py
[2026-07-01T13:54:40.280+0000] {processor.py:830} INFO - Processing file /opt/airflow/dags/dag_tomorrowio.py for tasks to queue
[2026-07-01T13:54:40.284+0000] {logging_mixin.py:188} INFO - [2026-07-01T13:54:40.283+0000] {dagbag.py:545} INFO - Filling up the DagBag from /opt/airflow/dags/dag_tomorrowio.py
[2026-07-01T13:54:40.918+0000] {processor.py:840} INFO - DAG(s) 'weather_tomorrowio_pipeline' retrieved from /opt/airflow/dags/dag_tomorrowio.py
[2026-07-01T13:54:40.941+0000] {logging_mixin.py:188} INFO - [2026-07-01T13:54:40.941+0000] {dag.py:3096} INFO - Sync 1 DAGs
[2026-07-01T13:54:40.958+0000] {logging_mixin.py:188} INFO - [2026-07-01T13:54:40.958+0000] {dag.py:3954} INFO - Setting next_dagrun for weather_tomorrowio_pipeline to 2026-07-01 13:00:00+00:00, run_after=2026-07-01 14:00:00+00:00
[2026-07-01T13:54:40.968+0000] {processor.py:183} INFO - Processing /opt/airflow/dags/dag_tomorrowio.py took 0.699 seconds
[2026-07-01T13:55:11.796+0000] {processor.py:161} INFO - Started process (PID=16522) to work on /opt/airflow/dags/dag_tomorrowio.py
[2026-07-01T13:55:11.798+0000] {processor.py:830} INFO - Processing file /opt/airflow/dags/dag_tomorrowio.py for tasks to queue
[2026-07-01T13:55:11.805+0000] {logging_mixin.py:188} INFO - [2026-07-01T13:55:11.805+0000] {dagbag.py:545} INFO - Filling up the DagBag from /opt/airflow/dags/dag_tomorrowio.py
[2026-07-01T13:55:12.329+0000] {processor.py:840} INFO - DAG(s) 'weather_tomorrowio_pipeline' retrieved from /opt/airflow/dags/dag_tomorrowio.py
[2026-07-01T13:55:12.356+0000] {logging_mixin.py:188} INFO - [2026-07-01T13:55:12.356+0000] {dag.py:3096} INFO - Sync 1 DAGs
[2026-07-01T13:55:12.385+0000] {logging_mixin.py:188} INFO - [2026-07-01T13:55:12.385+0000] {dag.py:3954} INFO - Setting next_dagrun for weather_tomorrowio_pipeline to 2026-07-01 13:00:00+00:00, run_after=2026-07-01 14:00:00+00:00
[2026-07-01T13:55:12.401+0000] {processor.py:183} INFO - Processing /opt/airflow/dags/dag_tomorrowio.py took 0.621 seconds
[2026-07-01T13:55:43.137+0000] {processor.py:161} INFO - Started process (PID=16559) to work on /opt/airflow/dags/dag_tomorrowio.py
[2026-07-01T13:55:43.142+0000] {processor.py:830} INFO - Processing file /opt/airflow/dags/dag_tomorrowio.py for tasks to queue
[2026-07-01T13:55:43.145+0000] {logging_mixin.py:188} INFO - [2026-07-01T13:55:43.145+0000] {dagbag.py:545} INFO - Filling up the DagBag from /opt/airflow/dags/dag_tomorrowio.py
[2026-07-01T13:55:43.648+0000] {processor.py:840} INFO - DAG(s) 'weather_tomorrowio_pipeline' retrieved from /opt/airflow/dags/dag_tomorrowio.py
[2026-07-01T13:55:43.665+0000] {logging_mixin.py:188} INFO - [2026-07-01T13:55:43.665+0000] {dag.py:3096} INFO - Sync 1 DAGs
[2026-07-01T13:55:43.673+0000] {logging_mixin.py:188} INFO - [2026-07-01T13:55:43.673+0000] {dag.py:3954} INFO - Setting next_dagrun for weather_tomorrowio_pipeline to 2026-07-01 13:00:00+00:00, run_after=2026-07-01 14:00:00+00:00
[2026-07-01T13:55:43.681+0000] {processor.py:183} INFO - Processing /opt/airflow/dags/dag_tomorrowio.py took 0.553 seconds
[2026-07-01T13:56:14.045+0000] {processor.py:161} INFO - Started process (PID=16596) to work on /opt/airflow/dags/dag_tomorrowio.py
[2026-07-01T13:56:14.047+0000] {processor.py:830} INFO - Processing file /opt/airflow/dags/dag_tomorrowio.py for tasks to queue
[2026-07-01T13:56:14.052+0000] {logging_mixin.py:188} INFO - [2026-07-01T13:56:14.051+0000] {dagbag.py:545} INFO - Filling up the DagBag from /opt/airflow/dags/dag_tomorrowio.py
[2026-07-01T13:56:14.531+0000] {processor.py:840} INFO - DAG(s) 'weather_tomorrowio_pipeline' retrieved from /opt/airflow/dags/dag_tomorrowio.py
[2026-07-01T13:56:14.740+0000] {logging_mixin.py:188} INFO - [2026-07-01T13:56:14.739+0000] {dag.py:3096} INFO - Sync 1 DAGs
[2026-07-01T13:56:14.763+0000] {logging_mixin.py:188} INFO - [2026-07-01T13:56:14.763+0000] {dag.py:3954} INFO - Setting next_dagrun for weather_tomorrowio_pipeline to 2026-07-01 13:00:00+00:00, run_after=2026-07-01 14:00:00+00:00
[2026-07-01T13:56:14.782+0000] {processor.py:183} INFO - Processing /opt/airflow/dags/dag_tomorrowio.py took 0.771 seconds
[2026-07-01T13:56:45.538+0000] {processor.py:161} INFO - Started process (PID=16633) to work on /opt/airflow/dags/dag_tomorrowio.py
[2026-07-01T13:56:45.540+0000] {processor.py:830} INFO - Processing file /opt/airflow/dags/dag_tomorrowio.py for tasks to queue
[2026-07-01T13:56:45.542+0000] {logging_mixin.py:188} INFO - [2026-07-01T13:56:45.542+0000] {dagbag.py:545} INFO - Filling up the DagBag from /opt/airflow/dags/dag_tomorrowio.py
[2026-07-01T13:56:46.083+0000] {processor.py:840} INFO - DAG(s) 'weather_tomorrowio_pipeline' retrieved from /opt/airflow/dags/dag_tomorrowio.py
[2026-07-01T13:56:46.103+0000] {logging_mixin.py:188} INFO - [2026-07-01T13:56:46.103+0000] {dag.py:3096} INFO - Sync 1 DAGs
[2026-07-01T13:56:46.118+0000] {logging_mixin.py:188} INFO - [2026-07-01T13:56:46.118+0000] {dag.py:3954} INFO - Setting next_dagrun for weather_tomorrowio_pipeline to 2026-07-01 13:00:00+00:00, run_after=2026-07-01 14:00:00+00:00
[2026-07-01T13:56:46.127+0000] {processor.py:183} INFO - Processing /opt/airflow/dags/dag_tomorrowio.py took 0.597 seconds
[2026-07-01T13:57:16.454+0000] {processor.py:161} INFO - Started process (PID=16670) to work on /opt/airflow/dags/dag_tomorrowio.py
[2026-07-01T13:57:16.500+0000] {processor.py:830} INFO - Processing file /opt/airflow/dags/dag_tomorrowio.py for tasks to queue
[2026-07-01T13:57:16.511+0000] {logging_mixin.py:188} INFO - [2026-07-01T13:57:16.507+0000] {dagbag.py:545} INFO - Filling up the DagBag from /opt/airflow/dags/dag_tomorrowio.py
[2026-07-01T13:57:19.999+0000] {processor.py:840} INFO - DAG(s) 'weather_tomorrowio_pipeline' retrieved from /opt/airflow/dags/dag_tomorrowio.py
[2026-07-01T13:57:20.125+0000] {logging_mixin.py:188} INFO - [2026-07-01T13:57:20.123+0000] {dag.py:3096} INFO - Sync 1 DAGs
[2026-07-01T13:57:20.222+0000] {logging_mixin.py:188} INFO - [2026-07-01T13:57:20.221+0000] {dag.py:3954} INFO - Setting next_dagrun for weather_tomorrowio_pipeline to 2026-07-01 13:00:00+00:00, run_after=2026-07-01 14:00:00+00:00
[2026-07-01T13:57:20.312+0000] {processor.py:183} INFO - Processing /opt/airflow/dags/dag_tomorrowio.py took 3.874 seconds
[2026-07-01T13:57:51.544+0000] {processor.py:161} INFO - Started process (PID=16707) to work on /opt/airflow/dags/dag_tomorrowio.py
[2026-07-01T13:57:51.550+0000] {processor.py:830} INFO - Processing file /opt/airflow/dags/dag_tomorrowio.py for tasks to queue
[2026-07-01T13:57:51.562+0000] {logging_mixin.py:188} INFO - [2026-07-01T13:57:51.561+0000] {dagbag.py:545} INFO - Filling up the DagBag from /opt/airflow/dags/dag_tomorrowio.py
[2026-07-01T13:57:53.927+0000] {processor.py:840} INFO - DAG(s) 'weather_tomorrowio_pipeline' retrieved from /opt/airflow/dags/dag_tomorrowio.py
[2026-07-01T13:57:54.009+0000] {logging_mixin.py:188} INFO - [2026-07-01T13:57:54.008+0000] {dag.py:3096} INFO - Sync 1 DAGs
[2026-07-01T13:57:54.053+0000] {logging_mixin.py:188} INFO - [2026-07-01T13:57:54.052+0000] {dag.py:3954} INFO - Setting next_dagrun for weather_tomorrowio_pipeline to 2026-07-01 13:00:00+00:00, run_after=2026-07-01 14:00:00+00:00
[2026-07-01T13:57:54.093+0000] {processor.py:183} INFO - Processing /opt/airflow/dags/dag_tomorrowio.py took 2.598 seconds
[2026-07-01T13:58:24.547+0000] {processor.py:161} INFO - Started process (PID=16741) to work on /opt/airflow/dags/dag_tomorrowio.py
[2026-07-01T13:58:24.560+0000] {processor.py:830} INFO - Processing file /opt/airflow/dags/dag_tomorrowio.py for tasks to queue
[2026-07-01T13:58:24.579+0000] {logging_mixin.py:188} INFO - [2026-07-01T13:58:24.575+0000] {dagbag.py:545} INFO - Filling up the DagBag from /opt/airflow/dags/dag_tomorrowio.py
[2026-07-01T13:58:27.248+0000] {processor.py:840} INFO - DAG(s) 'weather_tomorrowio_pipeline' retrieved from /opt/airflow/dags/dag_tomorrowio.py
[2026-07-01T13:58:27.355+0000] {logging_mixin.py:188} INFO - [2026-07-01T13:58:27.353+0000] {dag.py:3096} INFO - Sync 1 DAGs
[2026-07-01T13:58:27.463+0000] {logging_mixin.py:188} INFO - [2026-07-01T13:58:27.463+0000] {dag.py:3954} INFO - Setting next_dagrun for weather_tomorrowio_pipeline to 2026-07-01 13:00:00+00:00, run_after=2026-07-01 14:00:00+00:00
[2026-07-01T13:58:27.565+0000] {processor.py:183} INFO - Processing /opt/airflow/dags/dag_tomorrowio.py took 3.049 seconds
[2026-07-01T13:58:58.274+0000] {processor.py:161} INFO - Started process (PID=16786) to work on /opt/airflow/dags/dag_tomorrowio.py
[2026-07-01T13:58:58.278+0000] {processor.py:830} INFO - Processing file /opt/airflow/dags/dag_tomorrowio.py for tasks to queue
[2026-07-01T13:58:58.285+0000] {logging_mixin.py:188} INFO - [2026-07-01T13:58:58.283+0000] {dagbag.py:545} INFO - Filling up the DagBag from /opt/airflow/dags/dag_tomorrowio.py
[2026-07-01T13:59:00.271+0000] {processor.py:840} INFO - DAG(s) 'weather_tomorrowio_pipeline' retrieved from /opt/airflow/dags/dag_tomorrowio.py
[2026-07-01T13:59:02.245+0000] {logging_mixin.py:188} INFO - [2026-07-01T13:59:02.237+0000] {dag.py:3096} INFO - Sync 1 DAGs
[2026-07-01T13:59:02.388+0000] {logging_mixin.py:188} INFO - [2026-07-01T13:59:02.384+0000] {dag.py:3954} INFO - Setting next_dagrun for weather_tomorrowio_pipeline to 2026-07-01 13:00:00+00:00, run_after=2026-07-01 14:00:00+00:00
[2026-07-01T13:59:02.491+0000] {processor.py:183} INFO - Processing /opt/airflow/dags/dag_tomorrowio.py took 4.252 seconds
[2026-07-01T13:59:33.344+0000] {processor.py:161} INFO - Started process (PID=16820) to work on /opt/airflow/dags/dag_tomorrowio.py
[2026-07-01T13:59:33.358+0000] {processor.py:830} INFO - Processing file /opt/airflow/dags/dag_tomorrowio.py for tasks to queue
[2026-07-01T13:59:33.369+0000] {logging_mixin.py:188} INFO - [2026-07-01T13:59:33.367+0000] {dagbag.py:545} INFO - Filling up the DagBag from /opt/airflow/dags/dag_tomorrowio.py
[2026-07-01T13:59:38.128+0000] {processor.py:840} INFO - DAG(s) 'weather_tomorrowio_pipeline' retrieved from /opt/airflow/dags/dag_tomorrowio.py
[2026-07-01T13:59:38.291+0000] {logging_mixin.py:188} INFO - [2026-07-01T13:59:38.287+0000] {dag.py:3096} INFO - Sync 1 DAGs
[2026-07-01T13:59:38.413+0000] {logging_mixin.py:188} INFO - [2026-07-01T13:59:38.412+0000] {dag.py:3954} INFO - Setting next_dagrun for weather_tomorrowio_pipeline to 2026-07-01 13:00:00+00:00, run_after=2026-07-01 14:00:00+00:00
[2026-07-01T13:59:38.484+0000] {processor.py:183} INFO - Processing /opt/airflow/dags/dag_tomorrowio.py took 5.181 seconds
[2026-07-01T14:00:11.495+0000] {processor.py:161} INFO - Started process (PID=16877) to work on /opt/airflow/dags/dag_tomorrowio.py
[2026-07-01T14:00:11.507+0000] {processor.py:830} INFO - Processing file /opt/airflow/dags/dag_tomorrowio.py for tasks to queue
[2026-07-01T14:00:11.533+0000] {logging_mixin.py:188} INFO - [2026-07-01T14:00:11.528+0000] {dagbag.py:545} INFO - Filling up the DagBag from /opt/airflow/dags/dag_tomorrowio.py
[2026-07-01T14:00:18.051+0000] {processor.py:840} INFO - DAG(s) 'weather_tomorrowio_pipeline' retrieved from /opt/airflow/dags/dag_tomorrowio.py
[2026-07-01T14:00:18.263+0000] {logging_mixin.py:188} INFO - [2026-07-01T14:00:18.255+0000] {dag.py:3096} INFO - Sync 1 DAGs
[2026-07-01T14:00:18.402+0000] {logging_mixin.py:188} INFO - [2026-07-01T14:00:18.400+0000] {dag.py:3954} INFO - Setting next_dagrun for weather_tomorrowio_pipeline to 2026-07-01 14:00:00+00:00, run_after=2026-07-01 15:00:00+00:00
[2026-07-01T14:00:18.528+0000] {processor.py:183} INFO - Processing /opt/airflow/dags/dag_tomorrowio.py took 7.108 seconds
[2026-07-01T14:00:49.292+0000] {processor.py:161} INFO - Started process (PID=17197) to work on /opt/airflow/dags/dag_tomorrowio.py
[2026-07-01T14:00:49.315+0000] {processor.py:830} INFO - Processing file /opt/airflow/dags/dag_tomorrowio.py for tasks to queue
[2026-07-01T14:00:49.352+0000] {logging_mixin.py:188} INFO - [2026-07-01T14:00:49.348+0000] {dagbag.py:545} INFO - Filling up the DagBag from /opt/airflow/dags/dag_tomorrowio.py
[2026-07-01T14:00:56.268+0000] {processor.py:840} INFO - DAG(s) 'weather_tomorrowio_pipeline' retrieved from /opt/airflow/dags/dag_tomorrowio.py
[2026-07-01T14:00:56.595+0000] {logging_mixin.py:188} INFO - [2026-07-01T14:00:56.586+0000] {dag.py:3096} INFO - Sync 1 DAGs
[2026-07-01T14:00:56.828+0000] {logging_mixin.py:188} INFO - [2026-07-01T14:00:56.827+0000] {dag.py:3954} INFO - Setting next_dagrun for weather_tomorrowio_pipeline to 2026-07-01 14:00:00+00:00, run_after=2026-07-01 15:00:00+00:00
[2026-07-01T14:00:57.122+0000] {processor.py:183} INFO - Processing /opt/airflow/dags/dag_tomorrowio.py took 7.973 seconds
[2026-07-01T14:01:28.808+0000] {processor.py:161} INFO - Started process (PID=17356) to work on /opt/airflow/dags/dag_tomorrowio.py
[2026-07-01T14:01:28.838+0000] {processor.py:830} INFO - Processing file /opt/airflow/dags/dag_tomorrowio.py for tasks to queue
[2026-07-01T14:01:28.959+0000] {logging_mixin.py:188} INFO - [2026-07-01T14:01:28.944+0000] {dagbag.py:545} INFO - Filling up the DagBag from /opt/airflow/dags/dag_tomorrowio.py
[2026-07-01T14:01:38.380+0000] {processor.py:840} INFO - DAG(s) 'weather_tomorrowio_pipeline' retrieved from /opt/airflow/dags/dag_tomorrowio.py
[2026-07-01T14:01:38.619+0000] {logging_mixin.py:188} INFO - [2026-07-01T14:01:38.614+0000] {dag.py:3096} INFO - Sync 1 DAGs
[2026-07-01T14:01:38.814+0000] {logging_mixin.py:188} INFO - [2026-07-01T14:01:38.813+0000] {dag.py:3954} INFO - Setting next_dagrun for weather_tomorrowio_pipeline to 2026-07-01 14:00:00+00:00, run_after=2026-07-01 15:00:00+00:00
[2026-07-01T14:01:39.004+0000] {processor.py:183} INFO - Processing /opt/airflow/dags/dag_tomorrowio.py took 10.367 seconds
[2026-07-01T14:02:10.153+0000] {processor.py:161} INFO - Started process (PID=17571) to work on /opt/airflow/dags/dag_tomorrowio.py
[2026-07-01T14:02:10.159+0000] {processor.py:830} INFO - Processing file /opt/airflow/dags/dag_tomorrowio.py for tasks to queue
[2026-07-01T14:02:10.173+0000] {logging_mixin.py:188} INFO - [2026-07-01T14:02:10.170+0000] {dagbag.py:545} INFO - Filling up the DagBag from /opt/airflow/dags/dag_tomorrowio.py
[2026-07-01T14:02:14.538+0000] {processor.py:840} INFO - DAG(s) 'weather_tomorrowio_pipeline' retrieved from /opt/airflow/dags/dag_tomorrowio.py
[2026-07-01T14:02:14.774+0000] {logging_mixin.py:188} INFO - [2026-07-01T14:02:14.770+0000] {dag.py:3096} INFO - Sync 1 DAGs
[2026-07-01T14:02:14.962+0000] {logging_mixin.py:188} INFO - [2026-07-01T14:02:14.961+0000] {dag.py:3954} INFO - Setting next_dagrun for weather_tomorrowio_pipeline to 2026-07-01 14:00:00+00:00, run_after=2026-07-01 15:00:00+00:00
[2026-07-01T14:02:15.154+0000] {processor.py:183} INFO - Processing /opt/airflow/dags/dag_tomorrowio.py took 5.029 seconds
[2026-07-01T14:02:46.325+0000] {processor.py:161} INFO - Started process (PID=17638) to work on /opt/airflow/dags/dag_tomorrowio.py
[2026-07-01T14:02:46.329+0000] {processor.py:830} INFO - Processing file /opt/airflow/dags/dag_tomorrowio.py for tasks to queue
[2026-07-01T14:02:46.338+0000] {logging_mixin.py:188} INFO - [2026-07-01T14:02:46.336+0000] {dagbag.py:545} INFO - Filling up the DagBag from /opt/airflow/dags/dag_tomorrowio.py
[2026-07-01T14:02:48.228+0000] {processor.py:840} INFO - DAG(s) 'weather_tomorrowio_pipeline' retrieved from /opt/airflow/dags/dag_tomorrowio.py
[2026-07-01T14:02:48.302+0000] {logging_mixin.py:188} INFO - [2026-07-01T14:02:48.300+0000] {dag.py:3096} INFO - Sync 1 DAGs
[2026-07-01T14:02:48.371+0000] {logging_mixin.py:188} INFO - [2026-07-01T14:02:48.370+0000] {dag.py:3954} INFO - Setting next_dagrun for weather_tomorrowio_pipeline to 2026-07-01 14:00:00+00:00, run_after=2026-07-01 15:00:00+00:00
[2026-07-01T14:02:48.439+0000] {processor.py:183} INFO - Processing /opt/airflow/dags/dag_tomorrowio.py took 2.137 seconds
[2026-07-01T14:03:19.157+0000] {processor.py:161} INFO - Started process (PID=17688) to work on /opt/airflow/dags/dag_tomorrowio.py
[2026-07-01T14:03:19.160+0000] {processor.py:830} INFO - Processing file /opt/airflow/dags/dag_tomorrowio.py for tasks to queue
[2026-07-01T14:03:19.170+0000] {logging_mixin.py:188} INFO - [2026-07-01T14:03:19.168+0000] {dagbag.py:545} INFO - Filling up the DagBag from /opt/airflow/dags/dag_tomorrowio.py
[2026-07-01T14:03:22.308+0000] {processor.py:840} INFO - DAG(s) 'weather_tomorrowio_pipeline' retrieved from /opt/airflow/dags/dag_tomorrowio.py
[2026-07-01T14:03:22.496+0000] {logging_mixin.py:188} INFO - [2026-07-01T14:03:22.493+0000] {dag.py:3096} INFO - Sync 1 DAGs
[2026-07-01T14:03:22.615+0000] {logging_mixin.py:188} INFO - [2026-07-01T14:03:22.613+0000] {dag.py:3954} INFO - Setting next_dagrun for weather_tomorrowio_pipeline to 2026-07-01 14:00:00+00:00, run_after=2026-07-01 15:00:00+00:00
[2026-07-01T14:03:22.760+0000] {processor.py:183} INFO - Processing /opt/airflow/dags/dag_tomorrowio.py took 3.621 seconds
[2026-07-01T14:03:53.545+0000] {processor.py:161} INFO - Started process (PID=17737) to work on /opt/airflow/dags/dag_tomorrowio.py
[2026-07-01T14:03:53.552+0000] {processor.py:830} INFO - Processing file /opt/airflow/dags/dag_tomorrowio.py for tasks to queue
[2026-07-01T14:03:53.577+0000] {logging_mixin.py:188} INFO - [2026-07-01T14:03:53.569+0000] {dagbag.py:545} INFO - Filling up the DagBag from /opt/airflow/dags/dag_tomorrowio.py
[2026-07-01T14:03:56.146+0000] {processor.py:840} INFO - DAG(s) 'weather_tomorrowio_pipeline' retrieved from /opt/airflow/dags/dag_tomorrowio.py
[2026-07-01T14:03:56.284+0000] {logging_mixin.py:188} INFO - [2026-07-01T14:03:56.281+0000] {dag.py:3096} INFO - Sync 1 DAGs
[2026-07-01T14:03:56.451+0000] {logging_mixin.py:188} INFO - [2026-07-01T14:03:56.450+0000] {dag.py:3954} INFO - Setting next_dagrun for weather_tomorrowio_pipeline to 2026-07-01 14:00:00+00:00, run_after=2026-07-01 15:00:00+00:00
[2026-07-01T14:03:56.542+0000] {processor.py:183} INFO - Processing /opt/airflow/dags/dag_tomorrowio.py took 3.038 seconds
[2026-07-01T14:04:27.112+0000] {processor.py:161} INFO - Started process (PID=17774) to work on /opt/airflow/dags/dag_tomorrowio.py
[2026-07-01T14:04:27.116+0000] {processor.py:830} INFO - Processing file /opt/airflow/dags/dag_tomorrowio.py for tasks to queue
[2026-07-01T14:04:27.123+0000] {logging_mixin.py:188} INFO - [2026-07-01T14:04:27.121+0000] {dagbag.py:545} INFO - Filling up the DagBag from /opt/airflow/dags/dag_tomorrowio.py
[2026-07-01T14:04:29.844+0000] {processor.py:840} INFO - DAG(s) 'weather_tomorrowio_pipeline' retrieved from /opt/airflow/dags/dag_tomorrowio.py
[2026-07-01T14:04:29.934+0000] {logging_mixin.py:188} INFO - [2026-07-01T14:04:29.931+0000] {dag.py:3096} INFO - Sync 1 DAGs
[2026-07-01T14:04:29.998+0000] {logging_mixin.py:188} INFO - [2026-07-01T14:04:29.997+0000] {dag.py:3954} INFO - Setting next_dagrun for weather_tomorrowio_pipeline to 2026-07-01 14:00:00+00:00, run_after=2026-07-01 15:00:00+00:00
[2026-07-01T14:04:30.059+0000] {processor.py:183} INFO - Processing /opt/airflow/dags/dag_tomorrowio.py took 2.970 seconds
[2026-07-01T14:05:00.636+0000] {processor.py:161} INFO - Started process (PID=17811) to work on /opt/airflow/dags/dag_tomorrowio.py
[2026-07-01T14:05:00.641+0000] {processor.py:830} INFO - Processing file /opt/airflow/dags/dag_tomorrowio.py for tasks to queue
[2026-07-01T14:05:00.649+0000] {logging_mixin.py:188} INFO - [2026-07-01T14:05:00.648+0000] {dagbag.py:545} INFO - Filling up the DagBag from /opt/airflow/dags/dag_tomorrowio.py
[2026-07-01T14:05:05.012+0000] {processor.py:840} INFO - DAG(s) 'weather_tomorrowio_pipeline' retrieved from /opt/airflow/dags/dag_tomorrowio.py
[2026-07-01T14:05:05.174+0000] {logging_mixin.py:188} INFO - [2026-07-01T14:05:05.170+0000] {dag.py:3096} INFO - Sync 1 DAGs
[2026-07-01T14:05:05.375+0000] {logging_mixin.py:188} INFO - [2026-07-01T14:05:05.372+0000] {dag.py:3954} INFO - Setting next_dagrun for weather_tomorrowio_pipeline to 2026-07-01 14:00:00+00:00, run_after=2026-07-01 15:00:00+00:00
[2026-07-01T14:05:05.615+0000] {processor.py:183} INFO - Processing /opt/airflow/dags/dag_tomorrowio.py took 5.009 seconds
[2026-07-01T14:05:36.144+0000] {processor.py:161} INFO - Started process (PID=17848) to work on /opt/airflow/dags/dag_tomorrowio.py
[2026-07-01T14:05:36.149+0000] {processor.py:830} INFO - Processing file /opt/airflow/dags/dag_tomorrowio.py for tasks to queue
[2026-07-01T14:05:36.157+0000] {logging_mixin.py:188} INFO - [2026-07-01T14:05:36.156+0000] {dagbag.py:545} INFO - Filling up the DagBag from /opt/airflow/dags/dag_tomorrowio.py
[2026-07-01T14:05:39.456+0000] {processor.py:840} INFO - DAG(s) 'weather_tomorrowio_pipeline' retrieved from /opt/airflow/dags/dag_tomorrowio.py
[2026-07-01T14:05:39.632+0000] {logging_mixin.py:188} INFO - [2026-07-01T14:05:39.628+0000] {dag.py:3096} INFO - Sync 1 DAGs
[2026-07-01T14:05:39.734+0000] {logging_mixin.py:188} INFO - [2026-07-01T14:05:39.731+0000] {dag.py:3954} INFO - Setting next_dagrun for weather_tomorrowio_pipeline to 2026-07-01 14:00:00+00:00, run_after=2026-07-01 15:00:00+00:00
[2026-07-01T14:05:39.826+0000] {processor.py:183} INFO - Processing /opt/airflow/dags/dag_tomorrowio.py took 3.721 seconds
[2026-07-01T14:06:10.350+0000] {processor.py:161} INFO - Started process (PID=17885) to work on /opt/airflow/dags/dag_tomorrowio.py
[2026-07-01T14:06:10.356+0000] {processor.py:830} INFO - Processing file /opt/airflow/dags/dag_tomorrowio.py for tasks to queue
[2026-07-01T14:06:10.372+0000] {logging_mixin.py:188} INFO - [2026-07-01T14:06:10.370+0000] {dagbag.py:545} INFO - Filling up the DagBag from /opt/airflow/dags/dag_tomorrowio.py
[2026-07-01T14:06:15.118+0000] {processor.py:840} INFO - DAG(s) 'weather_tomorrowio_pipeline' retrieved from /opt/airflow/dags/dag_tomorrowio.py
[2026-07-01T14:06:15.365+0000] {logging_mixin.py:188} INFO - [2026-07-01T14:06:15.354+0000] {dag.py:3096} INFO - Sync 1 DAGs
[2026-07-01T14:06:15.507+0000] {logging_mixin.py:188} INFO - [2026-07-01T14:06:15.506+0000] {dag.py:3954} INFO - Setting next_dagrun for weather_tomorrowio_pipeline to 2026-07-01 14:00:00+00:00, run_after=2026-07-01 15:00:00+00:00
[2026-07-01T14:06:15.646+0000] {processor.py:183} INFO - Processing /opt/airflow/dags/dag_tomorrowio.py took 5.326 seconds
[2026-07-01T14:06:46.378+0000] {processor.py:161} INFO - Started process (PID=17922) to work on /opt/airflow/dags/dag_tomorrowio.py
[2026-07-01T14:06:46.383+0000] {processor.py:830} INFO - Processing file /opt/airflow/dags/dag_tomorrowio.py for tasks to queue
[2026-07-01T14:06:46.393+0000] {logging_mixin.py:188} INFO - [2026-07-01T14:06:46.391+0000] {dagbag.py:545} INFO - Filling up the DagBag from /opt/airflow/dags/dag_tomorrowio.py
[2026-07-01T14:06:48.382+0000] {processor.py:840} INFO - DAG(s) 'weather_tomorrowio_pipeline' retrieved from /opt/airflow/dags/dag_tomorrowio.py
[2026-07-01T14:06:48.462+0000] {logging_mixin.py:188} INFO - [2026-07-01T14:06:48.461+0000] {dag.py:3096} INFO - Sync 1 DAGs
[2026-07-01T14:06:48.535+0000] {logging_mixin.py:188} INFO - [2026-07-01T14:06:48.535+0000] {dag.py:3954} INFO - Setting next_dagrun for weather_tomorrowio_pipeline to 2026-07-01 14:00:00+00:00, run_after=2026-07-01 15:00:00+00:00
[2026-07-01T14:06:48.604+0000] {processor.py:183} INFO - Processing /opt/airflow/dags/dag_tomorrowio.py took 2.267 seconds
[2026-07-01T14:07:19.541+0000] {processor.py:161} INFO - Started process (PID=17959) to work on /opt/airflow/dags/dag_tomorrowio.py
[2026-07-01T14:07:19.547+0000] {processor.py:830} INFO - Processing file /opt/airflow/dags/dag_tomorrowio.py for tasks to queue
[2026-07-01T14:07:19.573+0000] {logging_mixin.py:188} INFO - [2026-07-01T14:07:19.571+0000] {dagbag.py:545} INFO - Filling up the DagBag from /opt/airflow/dags/dag_tomorrowio.py
[2026-07-01T14:07:22.720+0000] {processor.py:840} INFO - DAG(s) 'weather_tomorrowio_pipeline' retrieved from /opt/airflow/dags/dag_tomorrowio.py
[2026-07-01T14:07:22.865+0000] {logging_mixin.py:188} INFO - [2026-07-01T14:07:22.862+0000] {dag.py:3096} INFO - Sync 1 DAGs
[2026-07-01T14:07:23.049+0000] {logging_mixin.py:188} INFO - [2026-07-01T14:07:23.047+0000] {dag.py:3954} INFO - Setting next_dagrun for weather_tomorrowio_pipeline to 2026-07-01 14:00:00+00:00, run_after=2026-07-01 15:00:00+00:00
[2026-07-01T14:07:23.169+0000] {processor.py:183} INFO - Processing /opt/airflow/dags/dag_tomorrowio.py took 3.662 seconds
[2026-07-01T14:07:53.826+0000] {processor.py:161} INFO - Started process (PID=17996) to work on /opt/airflow/dags/dag_tomorrowio.py
[2026-07-01T14:07:53.833+0000] {processor.py:830} INFO - Processing file /opt/airflow/dags/dag_tomorrowio.py for tasks to queue
[2026-07-01T14:07:53.854+0000] {logging_mixin.py:188} INFO - [2026-07-01T14:07:53.842+0000] {dagbag.py:545} INFO - Filling up the DagBag from /opt/airflow/dags/dag_tomorrowio.py
[2026-07-01T14:07:58.246+0000] {processor.py:840} INFO - DAG(s) 'weather_tomorrowio_pipeline' retrieved from /opt/airflow/dags/dag_tomorrowio.py
[2026-07-01T14:07:58.529+0000] {logging_mixin.py:188} INFO - [2026-07-01T14:07:58.524+0000] {dag.py:3096} INFO - Sync 1 DAGs
[2026-07-01T14:07:58.660+0000] {logging_mixin.py:188} INFO - [2026-07-01T14:07:58.659+0000] {dag.py:3954} INFO - Setting next_dagrun for weather_tomorrowio_pipeline to 2026-07-01 14:00:00+00:00, run_after=2026-07-01 15:00:00+00:00
[2026-07-01T14:07:58.749+0000] {processor.py:183} INFO - Processing /opt/airflow/dags/dag_tomorrowio.py took 4.959 seconds
[2026-07-01T14:08:30.276+0000] {processor.py:161} INFO - Started process (PID=18033) to work on /opt/airflow/dags/dag_tomorrowio.py
[2026-07-01T14:08:30.284+0000] {processor.py:830} INFO - Processing file /opt/airflow/dags/dag_tomorrowio.py for tasks to queue
[2026-07-01T14:08:30.299+0000] {logging_mixin.py:188} INFO - [2026-07-01T14:08:30.297+0000] {dagbag.py:545} INFO - Filling up the DagBag from /opt/airflow/dags/dag_tomorrowio.py
[2026-07-01T14:08:31.697+0000] {processor.py:840} INFO - DAG(s) 'weather_tomorrowio_pipeline' retrieved from /opt/airflow/dags/dag_tomorrowio.py
[2026-07-01T14:08:35.822+0000] {logging_mixin.py:188} INFO - [2026-07-01T14:08:35.807+0000] {dag.py:3096} INFO - Sync 1 DAGs
[2026-07-01T14:08:36.133+0000] {logging_mixin.py:188} INFO - [2026-07-01T14:08:36.132+0000] {dag.py:3954} INFO - Setting next_dagrun for weather_tomorrowio_pipeline to 2026-07-01 14:00:00+00:00, run_after=2026-07-01 15:00:00+00:00
[2026-07-01T14:08:36.245+0000] {processor.py:183} INFO - Processing /opt/airflow/dags/dag_tomorrowio.py took 6.018 seconds
[2026-07-01T14:09:07.427+0000] {processor.py:161} INFO - Started process (PID=18070) to work on /opt/airflow/dags/dag_tomorrowio.py
[2026-07-01T14:09:07.431+0000] {processor.py:830} INFO - Processing file /opt/airflow/dags/dag_tomorrowio.py for tasks to queue
[2026-07-01T14:09:07.439+0000] {logging_mixin.py:188} INFO - [2026-07-01T14:09:07.436+0000] {dagbag.py:545} INFO - Filling up the DagBag from /opt/airflow/dags/dag_tomorrowio.py
[2026-07-01T14:09:08.007+0000] {processor.py:840} INFO - DAG(s) 'weather_tomorrowio_pipeline' retrieved from /opt/airflow/dags/dag_tomorrowio.py
[2026-07-01T14:09:08.020+0000] {logging_mixin.py:188} INFO - [2026-07-01T14:09:08.020+0000] {dag.py:3096} INFO - Sync 1 DAGs
[2026-07-01T14:09:08.029+0000] {logging_mixin.py:188} INFO - [2026-07-01T14:09:08.029+0000] {dag.py:3954} INFO - Setting next_dagrun for weather_tomorrowio_pipeline to 2026-07-01 14:00:00+00:00, run_after=2026-07-01 15:00:00+00:00
[2026-07-01T14:09:08.036+0000] {processor.py:183} INFO - Processing /opt/airflow/dags/dag_tomorrowio.py took 0.648 seconds
[2026-07-01T14:09:38.231+0000] {processor.py:161} INFO - Started process (PID=18115) to work on /opt/airflow/dags/dag_tomorrowio.py
[2026-07-01T14:09:38.232+0000] {processor.py:830} INFO - Processing file /opt/airflow/dags/dag_tomorrowio.py for tasks to queue
[2026-07-01T14:09:38.233+0000] {logging_mixin.py:188} INFO - [2026-07-01T14:09:38.233+0000] {dagbag.py:545} INFO - Filling up the DagBag from /opt/airflow/dags/dag_tomorrowio.py
[2026-07-01T14:09:38.744+0000] {processor.py:840} INFO - DAG(s) 'weather_tomorrowio_pipeline' retrieved from /opt/airflow/dags/dag_tomorrowio.py
[2026-07-01T14:09:38.756+0000] {logging_mixin.py:188} INFO - [2026-07-01T14:09:38.756+0000] {dag.py:3096} INFO - Sync 1 DAGs
[2026-07-01T14:09:38.765+0000] {logging_mixin.py:188} INFO - [2026-07-01T14:09:38.765+0000] {dag.py:3954} INFO - Setting next_dagrun for weather_tomorrowio_pipeline to 2026-07-01 14:00:00+00:00, run_after=2026-07-01 15:00:00+00:00
[2026-07-01T14:09:38.773+0000] {processor.py:183} INFO - Processing /opt/airflow/dags/dag_tomorrowio.py took 0.562 seconds
[2026-07-01T14:10:09.770+0000] {processor.py:161} INFO - Started process (PID=18168) to work on /opt/airflow/dags/dag_tomorrowio.py
[2026-07-01T14:10:09.771+0000] {processor.py:830} INFO - Processing file /opt/airflow/dags/dag_tomorrowio.py for tasks to queue
[2026-07-01T14:10:09.773+0000] {logging_mixin.py:188} INFO - [2026-07-01T14:10:09.773+0000] {dagbag.py:545} INFO - Filling up the DagBag from /opt/airflow/dags/dag_tomorrowio.py
[2026-07-01T14:10:10.166+0000] {processor.py:840} INFO - DAG(s) 'weather_tomorrowio_pipeline' retrieved from /opt/airflow/dags/dag_tomorrowio.py
[2026-07-01T14:10:10.180+0000] {logging_mixin.py:188} INFO - [2026-07-01T14:10:10.180+0000] {dag.py:3096} INFO - Sync 1 DAGs
[2026-07-01T14:10:10.193+0000] {logging_mixin.py:188} INFO - [2026-07-01T14:10:10.193+0000] {dag.py:3954} INFO - Setting next_dagrun for weather_tomorrowio_pipeline to 2026-07-01 14:00:00+00:00, run_after=2026-07-01 15:00:00+00:00
[2026-07-01T14:10:10.203+0000] {processor.py:183} INFO - Processing /opt/airflow/dags/dag_tomorrowio.py took 0.452 seconds
[2026-07-01T14:10:40.944+0000] {processor.py:161} INFO - Started process (PID=18204) to work on /opt/airflow/dags/dag_tomorrowio.py
[2026-07-01T14:10:40.946+0000] {processor.py:830} INFO - Processing file /opt/airflow/dags/dag_tomorrowio.py for tasks to queue
[2026-07-01T14:10:40.948+0000] {logging_mixin.py:188} INFO - [2026-07-01T14:10:40.948+0000] {dagbag.py:545} INFO - Filling up the DagBag from /opt/airflow/dags/dag_tomorrowio.py
[2026-07-01T14:10:41.421+0000] {processor.py:840} INFO - DAG(s) 'weather_tomorrowio_pipeline' retrieved from /opt/airflow/dags/dag_tomorrowio.py
[2026-07-01T14:10:41.434+0000] {logging_mixin.py:188} INFO - [2026-07-01T14:10:41.434+0000] {dag.py:3096} INFO - Sync 1 DAGs
[2026-07-01T14:10:41.443+0000] {logging_mixin.py:188} INFO - [2026-07-01T14:10:41.442+0000] {dag.py:3954} INFO - Setting next_dagrun for weather_tomorrowio_pipeline to 2026-07-01 14:00:00+00:00, run_after=2026-07-01 15:00:00+00:00
[2026-07-01T14:10:41.451+0000] {processor.py:183} INFO - Processing /opt/airflow/dags/dag_tomorrowio.py took 0.534 seconds
[2026-07-01T14:11:11.865+0000] {processor.py:161} INFO - Started process (PID=18241) to work on /opt/airflow/dags/dag_tomorrowio.py
[2026-07-01T14:11:11.875+0000] {processor.py:830} INFO - Processing file /opt/airflow/dags/dag_tomorrowio.py for tasks to queue
[2026-07-01T14:11:11.879+0000] {logging_mixin.py:188} INFO - [2026-07-01T14:11:11.878+0000] {dagbag.py:545} INFO - Filling up the DagBag from /opt/airflow/dags/dag_tomorrowio.py
[2026-07-01T14:11:14.069+0000] {processor.py:840} INFO - DAG(s) 'weather_tomorrowio_pipeline' retrieved from /opt/airflow/dags/dag_tomorrowio.py
[2026-07-01T14:11:14.192+0000] {logging_mixin.py:188} INFO - [2026-07-01T14:11:14.188+0000] {dag.py:3096} INFO - Sync 1 DAGs
[2026-07-01T14:11:14.260+0000] {logging_mixin.py:188} INFO - [2026-07-01T14:11:14.260+0000] {dag.py:3954} INFO - Setting next_dagrun for weather_tomorrowio_pipeline to 2026-07-01 14:00:00+00:00, run_after=2026-07-01 15:00:00+00:00
[2026-07-01T14:11:14.320+0000] {processor.py:183} INFO - Processing /opt/airflow/dags/dag_tomorrowio.py took 2.472 seconds
[2026-07-01T14:11:44.650+0000] {processor.py:161} INFO - Started process (PID=18275) to work on /opt/airflow/dags/dag_tomorrowio.py
[2026-07-01T14:11:44.653+0000] {processor.py:830} INFO - Processing file /opt/airflow/dags/dag_tomorrowio.py for tasks to queue
[2026-07-01T14:11:44.656+0000] {logging_mixin.py:188} INFO - [2026-07-01T14:11:44.655+0000] {dagbag.py:545} INFO - Filling up the DagBag from /opt/airflow/dags/dag_tomorrowio.py
[2026-07-01T14:11:47.971+0000] {processor.py:840} INFO - DAG(s) 'weather_tomorrowio_pipeline' retrieved from /opt/airflow/dags/dag_tomorrowio.py
[2026-07-01T14:11:48.057+0000] {logging_mixin.py:188} INFO - [2026-07-01T14:11:48.055+0000] {dag.py:3096} INFO - Sync 1 DAGs
[2026-07-01T14:11:48.164+0000] {logging_mixin.py:188} INFO - [2026-07-01T14:11:48.163+0000] {dag.py:3954} INFO - Setting next_dagrun for weather_tomorrowio_pipeline to 2026-07-01 14:00:00+00:00, run_after=2026-07-01 15:00:00+00:00
[2026-07-01T14:11:48.272+0000] {processor.py:183} INFO - Processing /opt/airflow/dags/dag_tomorrowio.py took 3.634 seconds
[2026-07-01T14:12:18.722+0000] {processor.py:161} INFO - Started process (PID=18312) to work on /opt/airflow/dags/dag_tomorrowio.py
[2026-07-01T14:12:18.729+0000] {processor.py:830} INFO - Processing file /opt/airflow/dags/dag_tomorrowio.py for tasks to queue
[2026-07-01T14:12:18.737+0000] {logging_mixin.py:188} INFO - [2026-07-01T14:12:18.735+0000] {dagbag.py:545} INFO - Filling up the DagBag from /opt/airflow/dags/dag_tomorrowio.py
[2026-07-01T14:12:21.345+0000] {processor.py:840} INFO - DAG(s) 'weather_tomorrowio_pipeline' retrieved from /opt/airflow/dags/dag_tomorrowio.py
[2026-07-01T14:12:21.610+0000] {logging_mixin.py:188} INFO - [2026-07-01T14:12:21.608+0000] {dag.py:3096} INFO - Sync 1 DAGs
[2026-07-01T14:12:21.640+0000] {logging_mixin.py:188} INFO - [2026-07-01T14:12:21.640+0000] {dag.py:3954} INFO - Setting next_dagrun for weather_tomorrowio_pipeline to 2026-07-01 14:00:00+00:00, run_after=2026-07-01 15:00:00+00:00
[2026-07-01T14:12:21.667+0000] {processor.py:183} INFO - Processing /opt/airflow/dags/dag_tomorrowio.py took 2.980 seconds
[2026-07-01T14:12:52.568+0000] {processor.py:161} INFO - Started process (PID=18352) to work on /opt/airflow/dags/dag_tomorrowio.py
[2026-07-01T14:12:52.569+0000] {processor.py:830} INFO - Processing file /opt/airflow/dags/dag_tomorrowio.py for tasks to queue
[2026-07-01T14:12:52.571+0000] {logging_mixin.py:188} INFO - [2026-07-01T14:12:52.571+0000] {dagbag.py:545} INFO - Filling up the DagBag from /opt/airflow/dags/dag_tomorrowio.py
[2026-07-01T14:12:53.041+0000] {processor.py:840} INFO - DAG(s) 'weather_tomorrowio_pipeline' retrieved from /opt/airflow/dags/dag_tomorrowio.py
[2026-07-01T14:12:53.054+0000] {logging_mixin.py:188} INFO - [2026-07-01T14:12:53.054+0000] {dag.py:3096} INFO - Sync 1 DAGs
[2026-07-01T14:12:53.063+0000] {logging_mixin.py:188} INFO - [2026-07-01T14:12:53.063+0000] {dag.py:3954} INFO - Setting next_dagrun for weather_tomorrowio_pipeline to 2026-07-01 14:00:00+00:00, run_after=2026-07-01 15:00:00+00:00
[2026-07-01T14:12:53.071+0000] {processor.py:183} INFO - Processing /opt/airflow/dags/dag_tomorrowio.py took 0.517 seconds
[2026-07-01T14:13:23.855+0000] {processor.py:161} INFO - Started process (PID=18389) to work on /opt/airflow/dags/dag_tomorrowio.py
[2026-07-01T14:13:23.857+0000] {processor.py:830} INFO - Processing file /opt/airflow/dags/dag_tomorrowio.py for tasks to queue
[2026-07-01T14:13:23.858+0000] {logging_mixin.py:188} INFO - [2026-07-01T14:13:23.858+0000] {dagbag.py:545} INFO - Filling up the DagBag from /opt/airflow/dags/dag_tomorrowio.py
[2026-07-01T14:13:24.351+0000] {processor.py:840} INFO - DAG(s) 'weather_tomorrowio_pipeline' retrieved from /opt/airflow/dags/dag_tomorrowio.py
[2026-07-01T14:13:24.372+0000] {logging_mixin.py:188} INFO - [2026-07-01T14:13:24.372+0000] {dag.py:3096} INFO - Sync 1 DAGs
[2026-07-01T14:13:24.389+0000] {logging_mixin.py:188} INFO - [2026-07-01T14:13:24.388+0000] {dag.py:3954} INFO - Setting next_dagrun for weather_tomorrowio_pipeline to 2026-07-01 14:00:00+00:00, run_after=2026-07-01 15:00:00+00:00
[2026-07-01T14:13:24.401+0000] {processor.py:183} INFO - Processing /opt/airflow/dags/dag_tomorrowio.py took 0.554 seconds
[2026-07-01T14:13:55.109+0000] {processor.py:161} INFO - Started process (PID=18426) to work on /opt/airflow/dags/dag_tomorrowio.py
[2026-07-01T14:13:55.111+0000] {processor.py:830} INFO - Processing file /opt/airflow/dags/dag_tomorrowio.py for tasks to queue
[2026-07-01T14:13:55.114+0000] {logging_mixin.py:188} INFO - [2026-07-01T14:13:55.113+0000] {dagbag.py:545} INFO - Filling up the DagBag from /opt/airflow/dags/dag_tomorrowio.py
[2026-07-01T14:13:55.762+0000] {processor.py:840} INFO - DAG(s) 'weather_tomorrowio_pipeline' retrieved from /opt/airflow/dags/dag_tomorrowio.py
[2026-07-01T14:13:55.783+0000] {logging_mixin.py:188} INFO - [2026-07-01T14:13:55.783+0000] {dag.py:3096} INFO - Sync 1 DAGs
[2026-07-01T14:13:55.793+0000] {logging_mixin.py:188} INFO - [2026-07-01T14:13:55.793+0000] {dag.py:3954} INFO - Setting next_dagrun for weather_tomorrowio_pipeline to 2026-07-01 14:00:00+00:00, run_after=2026-07-01 15:00:00+00:00
[2026-07-01T14:13:55.803+0000] {processor.py:183} INFO - Processing /opt/airflow/dags/dag_tomorrowio.py took 0.700 seconds
[2026-07-01T14:14:26.745+0000] {processor.py:161} INFO - Started process (PID=18462) to work on /opt/airflow/dags/dag_tomorrowio.py
[2026-07-01T14:14:26.749+0000] {processor.py:830} INFO - Processing file /opt/airflow/dags/dag_tomorrowio.py for tasks to queue
[2026-07-01T14:14:26.752+0000] {logging_mixin.py:188} INFO - [2026-07-01T14:14:26.752+0000] {dagbag.py:545} INFO - Filling up the DagBag from /opt/airflow/dags/dag_tomorrowio.py
[2026-07-01T14:14:27.349+0000] {processor.py:840} INFO - DAG(s) 'weather_tomorrowio_pipeline' retrieved from /opt/airflow/dags/dag_tomorrowio.py
[2026-07-01T14:14:27.380+0000] {logging_mixin.py:188} INFO - [2026-07-01T14:14:27.379+0000] {dag.py:3096} INFO - Sync 1 DAGs
[2026-07-01T14:14:27.392+0000] {logging_mixin.py:188} INFO - [2026-07-01T14:14:27.392+0000] {dag.py:3954} INFO - Setting next_dagrun for weather_tomorrowio_pipeline to 2026-07-01 14:00:00+00:00, run_after=2026-07-01 15:00:00+00:00
[2026-07-01T14:14:27.405+0000] {processor.py:183} INFO - Processing /opt/airflow/dags/dag_tomorrowio.py took 0.670 seconds
[2026-07-01T14:14:58.215+0000] {processor.py:161} INFO - Started process (PID=18500) to work on /opt/airflow/dags/dag_tomorrowio.py
[2026-07-01T14:14:58.217+0000] {processor.py:830} INFO - Processing file /opt/airflow/dags/dag_tomorrowio.py for tasks to queue
[2026-07-01T14:14:58.220+0000] {logging_mixin.py:188} INFO - [2026-07-01T14:14:58.220+0000] {dagbag.py:545} INFO - Filling up the DagBag from /opt/airflow/dags/dag_tomorrowio.py
[2026-07-01T14:14:58.839+0000] {processor.py:840} INFO - DAG(s) 'weather_tomorrowio_pipeline' retrieved from /opt/airflow/dags/dag_tomorrowio.py
[2026-07-01T14:14:58.865+0000] {logging_mixin.py:188} INFO - [2026-07-01T14:14:58.865+0000] {dag.py:3096} INFO - Sync 1 DAGs
[2026-07-01T14:14:58.901+0000] {logging_mixin.py:188} INFO - [2026-07-01T14:14:58.901+0000] {dag.py:3954} INFO - Setting next_dagrun for weather_tomorrowio_pipeline to 2026-07-01 14:00:00+00:00, run_after=2026-07-01 15:00:00+00:00
[2026-07-01T14:14:58.920+0000] {processor.py:183} INFO - Processing /opt/airflow/dags/dag_tomorrowio.py took 0.713 seconds
[2026-07-01T14:15:29.792+0000] {processor.py:161} INFO - Started process (PID=18537) to work on /opt/airflow/dags/dag_tomorrowio.py
[2026-07-01T14:15:29.793+0000] {processor.py:830} INFO - Processing file /opt/airflow/dags/dag_tomorrowio.py for tasks to queue
[2026-07-01T14:15:29.797+0000] {logging_mixin.py:188} INFO - [2026-07-01T14:15:29.796+0000] {dagbag.py:545} INFO - Filling up the DagBag from /opt/airflow/dags/dag_tomorrowio.py
[2026-07-01T14:15:30.268+0000] {processor.py:840} INFO - DAG(s) 'weather_tomorrowio_pipeline' retrieved from /opt/airflow/dags/dag_tomorrowio.py
[2026-07-01T14:15:30.284+0000] {logging_mixin.py:188} INFO - [2026-07-01T14:15:30.284+0000] {dag.py:3096} INFO - Sync 1 DAGs
[2026-07-01T14:15:30.300+0000] {logging_mixin.py:188} INFO - [2026-07-01T14:15:30.300+0000] {dag.py:3954} INFO - Setting next_dagrun for weather_tomorrowio_pipeline to 2026-07-01 14:00:00+00:00, run_after=2026-07-01 15:00:00+00:00
[2026-07-01T14:15:30.313+0000] {processor.py:183} INFO - Processing /opt/airflow/dags/dag_tomorrowio.py took 0.527 seconds
[2026-07-01T14:16:01.077+0000] {processor.py:161} INFO - Started process (PID=18573) to work on /opt/airflow/dags/dag_tomorrowio.py
[2026-07-01T14:16:01.079+0000] {processor.py:830} INFO - Processing file /opt/airflow/dags/dag_tomorrowio.py for tasks to queue
[2026-07-01T14:16:01.088+0000] {logging_mixin.py:188} INFO - [2026-07-01T14:16:01.087+0000] {dagbag.py:545} INFO - Filling up the DagBag from /opt/airflow/dags/dag_tomorrowio.py
[2026-07-01T14:16:01.725+0000] {processor.py:840} INFO - DAG(s) 'weather_tomorrowio_pipeline' retrieved from /opt/airflow/dags/dag_tomorrowio.py
[2026-07-01T14:16:01.743+0000] {logging_mixin.py:188} INFO - [2026-07-01T14:16:01.742+0000] {dag.py:3096} INFO - Sync 1 DAGs
[2026-07-01T14:16:01.753+0000] {logging_mixin.py:188} INFO - [2026-07-01T14:16:01.753+0000] {dag.py:3954} INFO - Setting next_dagrun for weather_tomorrowio_pipeline to 2026-07-01 14:00:00+00:00, run_after=2026-07-01 15:00:00+00:00
[2026-07-01T14:16:01.762+0000] {processor.py:183} INFO - Processing /opt/airflow/dags/dag_tomorrowio.py took 0.706 seconds
[2026-07-01T14:16:32.603+0000] {processor.py:161} INFO - Started process (PID=18610) to work on /opt/airflow/dags/dag_tomorrowio.py
[2026-07-01T14:16:32.605+0000] {processor.py:830} INFO - Processing file /opt/airflow/dags/dag_tomorrowio.py for tasks to queue
[2026-07-01T14:16:32.609+0000] {logging_mixin.py:188} INFO - [2026-07-01T14:16:32.609+0000] {dagbag.py:545} INFO - Filling up the DagBag from /opt/airflow/dags/dag_tomorrowio.py
[2026-07-01T14:16:33.282+0000] {processor.py:840} INFO - DAG(s) 'weather_tomorrowio_pipeline' retrieved from /opt/airflow/dags/dag_tomorrowio.py
[2026-07-01T14:16:33.299+0000] {logging_mixin.py:188} INFO - [2026-07-01T14:16:33.299+0000] {dag.py:3096} INFO - Sync 1 DAGs
[2026-07-01T14:16:33.310+0000] {logging_mixin.py:188} INFO - [2026-07-01T14:16:33.309+0000] {dag.py:3954} INFO - Setting next_dagrun for weather_tomorrowio_pipeline to 2026-07-01 14:00:00+00:00, run_after=2026-07-01 15:00:00+00:00
[2026-07-01T14:16:33.319+0000] {processor.py:183} INFO - Processing /opt/airflow/dags/dag_tomorrowio.py took 0.724 seconds
[2026-07-01T14:17:04.185+0000] {processor.py:161} INFO - Started process (PID=18648) to work on /opt/airflow/dags/dag_tomorrowio.py
[2026-07-01T14:17:04.188+0000] {processor.py:830} INFO - Processing file /opt/airflow/dags/dag_tomorrowio.py for tasks to queue
[2026-07-01T14:17:04.193+0000] {logging_mixin.py:188} INFO - [2026-07-01T14:17:04.192+0000] {dagbag.py:545} INFO - Filling up the DagBag from /opt/airflow/dags/dag_tomorrowio.py
[2026-07-01T14:17:04.864+0000] {processor.py:840} INFO - DAG(s) 'weather_tomorrowio_pipeline' retrieved from /opt/airflow/dags/dag_tomorrowio.py
[2026-07-01T14:17:04.899+0000] {logging_mixin.py:188} INFO - [2026-07-01T14:17:04.899+0000] {dag.py:3096} INFO - Sync 1 DAGs
[2026-07-01T14:17:04.919+0000] {logging_mixin.py:188} INFO - [2026-07-01T14:17:04.919+0000] {dag.py:3954} INFO - Setting next_dagrun for weather_tomorrowio_pipeline to 2026-07-01 14:00:00+00:00, run_after=2026-07-01 15:00:00+00:00
[2026-07-01T14:17:04.932+0000] {processor.py:183} INFO - Processing /opt/airflow/dags/dag_tomorrowio.py took 0.761 seconds
[2026-07-01T14:17:35.643+0000] {processor.py:161} INFO - Started process (PID=18685) to work on /opt/airflow/dags/dag_tomorrowio.py
[2026-07-01T14:17:35.645+0000] {processor.py:830} INFO - Processing file /opt/airflow/dags/dag_tomorrowio.py for tasks to queue
[2026-07-01T14:17:35.647+0000] {logging_mixin.py:188} INFO - [2026-07-01T14:17:35.646+0000] {dagbag.py:545} INFO - Filling up the DagBag from /opt/airflow/dags/dag_tomorrowio.py
[2026-07-01T14:17:36.169+0000] {processor.py:840} INFO - DAG(s) 'weather_tomorrowio_pipeline' retrieved from /opt/airflow/dags/dag_tomorrowio.py
[2026-07-01T14:17:36.191+0000] {logging_mixin.py:188} INFO - [2026-07-01T14:17:36.190+0000] {dag.py:3096} INFO - Sync 1 DAGs
[2026-07-01T14:17:36.202+0000] {logging_mixin.py:188} INFO - [2026-07-01T14:17:36.202+0000] {dag.py:3954} INFO - Setting next_dagrun for weather_tomorrowio_pipeline to 2026-07-01 14:00:00+00:00, run_after=2026-07-01 15:00:00+00:00
[2026-07-01T14:17:36.212+0000] {processor.py:183} INFO - Processing /opt/airflow/dags/dag_tomorrowio.py took 0.582 seconds
[2026-07-01T14:18:07.038+0000] {processor.py:161} INFO - Started process (PID=18721) to work on /opt/airflow/dags/dag_tomorrowio.py
[2026-07-01T14:18:07.042+0000] {processor.py:830} INFO - Processing file /opt/airflow/dags/dag_tomorrowio.py for tasks to queue
[2026-07-01T14:18:07.050+0000] {logging_mixin.py:188} INFO - [2026-07-01T14:18:07.049+0000] {dagbag.py:545} INFO - Filling up the DagBag from /opt/airflow/dags/dag_tomorrowio.py
[2026-07-01T14:18:07.749+0000] {processor.py:840} INFO - DAG(s) 'weather_tomorrowio_pipeline' retrieved from /opt/airflow/dags/dag_tomorrowio.py
[2026-07-01T14:18:07.769+0000] {logging_mixin.py:188} INFO - [2026-07-01T14:18:07.769+0000] {dag.py:3096} INFO - Sync 1 DAGs
[2026-07-01T14:18:07.784+0000] {logging_mixin.py:188} INFO - [2026-07-01T14:18:07.784+0000] {dag.py:3954} INFO - Setting next_dagrun for weather_tomorrowio_pipeline to 2026-07-01 14:00:00+00:00, run_after=2026-07-01 15:00:00+00:00
[2026-07-01T14:18:07.798+0000] {processor.py:183} INFO - Processing /opt/airflow/dags/dag_tomorrowio.py took 0.773 seconds
[2026-07-01T14:18:38.574+0000] {processor.py:161} INFO - Started process (PID=18759) to work on /opt/airflow/dags/dag_tomorrowio.py
[2026-07-01T14:18:38.577+0000] {processor.py:830} INFO - Processing file /opt/airflow/dags/dag_tomorrowio.py for tasks to queue
[2026-07-01T14:18:38.581+0000] {logging_mixin.py:188} INFO - [2026-07-01T14:18:38.581+0000] {dagbag.py:545} INFO - Filling up the DagBag from /opt/airflow/dags/dag_tomorrowio.py
[2026-07-01T14:18:39.128+0000] {processor.py:840} INFO - DAG(s) 'weather_tomorrowio_pipeline' retrieved from /opt/airflow/dags/dag_tomorrowio.py
[2026-07-01T14:18:39.147+0000] {logging_mixin.py:188} INFO - [2026-07-01T14:18:39.147+0000] {dag.py:3096} INFO - Sync 1 DAGs
[2026-07-01T14:18:39.157+0000] {logging_mixin.py:188} INFO - [2026-07-01T14:18:39.157+0000] {dag.py:3954} INFO - Setting next_dagrun for weather_tomorrowio_pipeline to 2026-07-01 14:00:00+00:00, run_after=2026-07-01 15:00:00+00:00
[2026-07-01T14:18:39.166+0000] {processor.py:183} INFO - Processing /opt/airflow/dags/dag_tomorrowio.py took 0.599 seconds
[2026-07-01T14:19:09.860+0000] {processor.py:161} INFO - Started process (PID=18795) to work on /opt/airflow/dags/dag_tomorrowio.py
[2026-07-01T14:19:09.862+0000] {processor.py:830} INFO - Processing file /opt/airflow/dags/dag_tomorrowio.py for tasks to queue
[2026-07-01T14:19:09.874+0000] {logging_mixin.py:188} INFO - [2026-07-01T14:19:09.870+0000] {dagbag.py:545} INFO - Filling up the DagBag from /opt/airflow/dags/dag_tomorrowio.py
[2026-07-01T14:19:10.511+0000] {processor.py:840} INFO - DAG(s) 'weather_tomorrowio_pipeline' retrieved from /opt/airflow/dags/dag_tomorrowio.py
[2026-07-01T14:19:10.533+0000] {logging_mixin.py:188} INFO - [2026-07-01T14:19:10.533+0000] {dag.py:3096} INFO - Sync 1 DAGs
[2026-07-01T14:19:10.544+0000] {logging_mixin.py:188} INFO - [2026-07-01T14:19:10.544+0000] {dag.py:3954} INFO - Setting next_dagrun for weather_tomorrowio_pipeline to 2026-07-01 14:00:00+00:00, run_after=2026-07-01 15:00:00+00:00
[2026-07-01T14:19:10.561+0000] {processor.py:183} INFO - Processing /opt/airflow/dags/dag_tomorrowio.py took 0.723 seconds
[2026-07-01T14:19:41.313+0000] {processor.py:161} INFO - Started process (PID=18832) to work on /opt/airflow/dags/dag_tomorrowio.py
[2026-07-01T14:19:41.315+0000] {processor.py:830} INFO - Processing file /opt/airflow/dags/dag_tomorrowio.py for tasks to queue
[2026-07-01T14:19:41.321+0000] {logging_mixin.py:188} INFO - [2026-07-01T14:19:41.321+0000] {dagbag.py:545} INFO - Filling up the DagBag from /opt/airflow/dags/dag_tomorrowio.py
[2026-07-01T14:19:41.911+0000] {processor.py:840} INFO - DAG(s) 'weather_tomorrowio_pipeline' retrieved from /opt/airflow/dags/dag_tomorrowio.py
[2026-07-01T14:19:41.928+0000] {logging_mixin.py:188} INFO - [2026-07-01T14:19:41.928+0000] {dag.py:3096} INFO - Sync 1 DAGs
[2026-07-01T14:19:41.937+0000] {logging_mixin.py:188} INFO - [2026-07-01T14:19:41.937+0000] {dag.py:3954} INFO - Setting next_dagrun for weather_tomorrowio_pipeline to 2026-07-01 14:00:00+00:00, run_after=2026-07-01 15:00:00+00:00
[2026-07-01T14:19:41.949+0000] {processor.py:183} INFO - Processing /opt/airflow/dags/dag_tomorrowio.py took 0.649 seconds
[2026-07-01T14:20:12.672+0000] {processor.py:161} INFO - Started process (PID=18868) to work on /opt/airflow/dags/dag_tomorrowio.py
[2026-07-01T14:20:12.677+0000] {processor.py:830} INFO - Processing file /opt/airflow/dags/dag_tomorrowio.py for tasks to queue
[2026-07-01T14:20:12.681+0000] {logging_mixin.py:188} INFO - [2026-07-01T14:20:12.680+0000] {dagbag.py:545} INFO - Filling up the DagBag from /opt/airflow/dags/dag_tomorrowio.py
[2026-07-01T14:20:13.236+0000] {processor.py:840} INFO - DAG(s) 'weather_tomorrowio_pipeline' retrieved from /opt/airflow/dags/dag_tomorrowio.py
[2026-07-01T14:20:13.259+0000] {logging_mixin.py:188} INFO - [2026-07-01T14:20:13.258+0000] {dag.py:3096} INFO - Sync 1 DAGs
[2026-07-01T14:20:13.273+0000] {logging_mixin.py:188} INFO - [2026-07-01T14:20:13.272+0000] {dag.py:3954} INFO - Setting next_dagrun for weather_tomorrowio_pipeline to 2026-07-01 14:00:00+00:00, run_after=2026-07-01 15:00:00+00:00
[2026-07-01T14:20:13.285+0000] {processor.py:183} INFO - Processing /opt/airflow/dags/dag_tomorrowio.py took 0.641 seconds
[2026-07-01T14:20:43.921+0000] {processor.py:161} INFO - Started process (PID=18907) to work on /opt/airflow/dags/dag_tomorrowio.py
[2026-07-01T14:20:43.927+0000] {processor.py:830} INFO - Processing file /opt/airflow/dags/dag_tomorrowio.py for tasks to queue
[2026-07-01T14:20:43.931+0000] {logging_mixin.py:188} INFO - [2026-07-01T14:20:43.930+0000] {dagbag.py:545} INFO - Filling up the DagBag from /opt/airflow/dags/dag_tomorrowio.py
[2026-07-01T14:20:44.521+0000] {processor.py:840} INFO - DAG(s) 'weather_tomorrowio_pipeline' retrieved from /opt/airflow/dags/dag_tomorrowio.py
[2026-07-01T14:20:44.533+0000] {logging_mixin.py:188} INFO - [2026-07-01T14:20:44.533+0000] {dag.py:3096} INFO - Sync 1 DAGs
[2026-07-01T14:20:44.542+0000] {logging_mixin.py:188} INFO - [2026-07-01T14:20:44.541+0000] {dag.py:3954} INFO - Setting next_dagrun for weather_tomorrowio_pipeline to 2026-07-01 14:00:00+00:00, run_after=2026-07-01 15:00:00+00:00
[2026-07-01T14:20:44.551+0000] {processor.py:183} INFO - Processing /opt/airflow/dags/dag_tomorrowio.py took 0.640 seconds
[2026-07-01T14:21:15.296+0000] {processor.py:161} INFO - Started process (PID=18944) to work on /opt/airflow/dags/dag_tomorrowio.py
[2026-07-01T14:21:15.303+0000] {processor.py:830} INFO - Processing file /opt/airflow/dags/dag_tomorrowio.py for tasks to queue
[2026-07-01T14:21:15.319+0000] {logging_mixin.py:188} INFO - [2026-07-01T14:21:15.316+0000] {dagbag.py:545} INFO - Filling up the DagBag from /opt/airflow/dags/dag_tomorrowio.py
[2026-07-01T14:21:15.978+0000] {processor.py:840} INFO - DAG(s) 'weather_tomorrowio_pipeline' retrieved from /opt/airflow/dags/dag_tomorrowio.py
[2026-07-01T14:21:16.006+0000] {logging_mixin.py:188} INFO - [2026-07-01T14:21:16.006+0000] {dag.py:3096} INFO - Sync 1 DAGs
[2026-07-01T14:21:16.020+0000] {logging_mixin.py:188} INFO - [2026-07-01T14:21:16.020+0000] {dag.py:3954} INFO - Setting next_dagrun for weather_tomorrowio_pipeline to 2026-07-01 14:00:00+00:00, run_after=2026-07-01 15:00:00+00:00
[2026-07-01T14:21:16.031+0000] {processor.py:183} INFO - Processing /opt/airflow/dags/dag_tomorrowio.py took 0.750 seconds
[2026-07-01T14:21:46.666+0000] {processor.py:161} INFO - Started process (PID=18981) to work on /opt/airflow/dags/dag_tomorrowio.py
[2026-07-01T14:21:46.668+0000] {processor.py:830} INFO - Processing file /opt/airflow/dags/dag_tomorrowio.py for tasks to queue
[2026-07-01T14:21:46.672+0000] {logging_mixin.py:188} INFO - [2026-07-01T14:21:46.672+0000] {dagbag.py:545} INFO - Filling up the DagBag from /opt/airflow/dags/dag_tomorrowio.py
[2026-07-01T14:21:47.259+0000] {processor.py:840} INFO - DAG(s) 'weather_tomorrowio_pipeline' retrieved from /opt/airflow/dags/dag_tomorrowio.py
[2026-07-01T14:21:47.280+0000] {logging_mixin.py:188} INFO - [2026-07-01T14:21:47.279+0000] {dag.py:3096} INFO - Sync 1 DAGs
[2026-07-01T14:21:47.289+0000] {logging_mixin.py:188} INFO - [2026-07-01T14:21:47.289+0000] {dag.py:3954} INFO - Setting next_dagrun for weather_tomorrowio_pipeline to 2026-07-01 14:00:00+00:00, run_after=2026-07-01 15:00:00+00:00
[2026-07-01T14:21:47.304+0000] {processor.py:183} INFO - Processing /opt/airflow/dags/dag_tomorrowio.py took 0.654 seconds
[2026-07-01T14:22:18.127+0000] {processor.py:161} INFO - Started process (PID=19016) to work on /opt/airflow/dags/dag_tomorrowio.py
[2026-07-01T14:22:18.130+0000] {processor.py:830} INFO - Processing file /opt/airflow/dags/dag_tomorrowio.py for tasks to queue
[2026-07-01T14:22:18.134+0000] {logging_mixin.py:188} INFO - [2026-07-01T14:22:18.133+0000] {dagbag.py:545} INFO - Filling up the DagBag from /opt/airflow/dags/dag_tomorrowio.py
[2026-07-01T14:22:18.661+0000] {processor.py:840} INFO - DAG(s) 'weather_tomorrowio_pipeline' retrieved from /opt/airflow/dags/dag_tomorrowio.py
[2026-07-01T14:22:18.678+0000] {logging_mixin.py:188} INFO - [2026-07-01T14:22:18.678+0000] {dag.py:3096} INFO - Sync 1 DAGs
[2026-07-01T14:22:18.693+0000] {logging_mixin.py:188} INFO - [2026-07-01T14:22:18.693+0000] {dag.py:3954} INFO - Setting next_dagrun for weather_tomorrowio_pipeline to 2026-07-01 14:00:00+00:00, run_after=2026-07-01 15:00:00+00:00
[2026-07-01T14:22:18.707+0000] {processor.py:183} INFO - Processing /opt/airflow/dags/dag_tomorrowio.py took 0.613 seconds
[2026-07-01T14:22:49.275+0000] {processor.py:161} INFO - Started process (PID=19054) to work on /opt/airflow/dags/dag_tomorrowio.py
[2026-07-01T14:22:49.278+0000] {processor.py:830} INFO - Processing file /opt/airflow/dags/dag_tomorrowio.py for tasks to queue
[2026-07-01T14:22:49.284+0000] {logging_mixin.py:188} INFO - [2026-07-01T14:22:49.283+0000] {dagbag.py:545} INFO - Filling up the DagBag from /opt/airflow/dags/dag_tomorrowio.py
[2026-07-01T14:22:49.940+0000] {processor.py:840} INFO - DAG(s) 'weather_tomorrowio_pipeline' retrieved from /opt/airflow/dags/dag_tomorrowio.py
[2026-07-01T14:22:49.960+0000] {logging_mixin.py:188} INFO - [2026-07-01T14:22:49.960+0000] {dag.py:3096} INFO - Sync 1 DAGs
[2026-07-01T14:22:49.973+0000] {logging_mixin.py:188} INFO - [2026-07-01T14:22:49.973+0000] {dag.py:3954} INFO - Setting next_dagrun for weather_tomorrowio_pipeline to 2026-07-01 14:00:00+00:00, run_after=2026-07-01 15:00:00+00:00
[2026-07-01T14:22:49.984+0000] {processor.py:183} INFO - Processing /opt/airflow/dags/dag_tomorrowio.py took 0.717 seconds
[2026-07-01T14:23:20.803+0000] {processor.py:161} INFO - Started process (PID=19091) to work on /opt/airflow/dags/dag_tomorrowio.py
[2026-07-01T14:23:20.806+0000] {processor.py:830} INFO - Processing file /opt/airflow/dags/dag_tomorrowio.py for tasks to queue
[2026-07-01T14:23:20.811+0000] {logging_mixin.py:188} INFO - [2026-07-01T14:23:20.809+0000] {dagbag.py:545} INFO - Filling up the DagBag from /opt/airflow/dags/dag_tomorrowio.py
[2026-07-01T14:23:21.368+0000] {processor.py:840} INFO - DAG(s) 'weather_tomorrowio_pipeline' retrieved from /opt/airflow/dags/dag_tomorrowio.py
[2026-07-01T14:23:21.389+0000] {logging_mixin.py:188} INFO - [2026-07-01T14:23:21.389+0000] {dag.py:3096} INFO - Sync 1 DAGs
[2026-07-01T14:23:21.400+0000] {logging_mixin.py:188} INFO - [2026-07-01T14:23:21.400+0000] {dag.py:3954} INFO - Setting next_dagrun for weather_tomorrowio_pipeline to 2026-07-01 14:00:00+00:00, run_after=2026-07-01 15:00:00+00:00
[2026-07-01T14:23:21.411+0000] {processor.py:183} INFO - Processing /opt/airflow/dags/dag_tomorrowio.py took 0.620 seconds
[2026-07-01T14:23:52.393+0000] {processor.py:161} INFO - Started process (PID=19150) to work on /opt/airflow/dags/dag_tomorrowio.py
[2026-07-01T14:23:52.395+0000] {processor.py:830} INFO - Processing file /opt/airflow/dags/dag_tomorrowio.py for tasks to queue
[2026-07-01T14:23:52.396+0000] {logging_mixin.py:188} INFO - [2026-07-01T14:23:52.396+0000] {dagbag.py:545} INFO - Filling up the DagBag from /opt/airflow/dags/dag_tomorrowio.py
[2026-07-01T14:23:52.766+0000] {processor.py:840} INFO - DAG(s) 'weather_tomorrowio_pipeline' retrieved from /opt/airflow/dags/dag_tomorrowio.py
[2026-07-01T14:23:52.774+0000] {logging_mixin.py:188} INFO - [2026-07-01T14:23:52.774+0000] {dag.py:3096} INFO - Sync 1 DAGs
[2026-07-01T14:23:52.782+0000] {logging_mixin.py:188} INFO - [2026-07-01T14:23:52.782+0000] {dag.py:3954} INFO - Setting next_dagrun for weather_tomorrowio_pipeline to 2026-07-01 14:00:00+00:00, run_after=2026-07-01 15:00:00+00:00
[2026-07-01T14:23:52.789+0000] {processor.py:183} INFO - Processing /opt/airflow/dags/dag_tomorrowio.py took 0.414 seconds
[2026-07-01T14:24:22.991+0000] {processor.py:161} INFO - Started process (PID=19187) to work on /opt/airflow/dags/dag_tomorrowio.py
[2026-07-01T14:24:22.992+0000] {processor.py:830} INFO - Processing file /opt/airflow/dags/dag_tomorrowio.py for tasks to queue
[2026-07-01T14:24:22.993+0000] {logging_mixin.py:188} INFO - [2026-07-01T14:24:22.992+0000] {dagbag.py:545} INFO - Filling up the DagBag from /opt/airflow/dags/dag_tomorrowio.py
[2026-07-01T14:24:23.379+0000] {processor.py:840} INFO - DAG(s) 'weather_tomorrowio_pipeline' retrieved from /opt/airflow/dags/dag_tomorrowio.py
[2026-07-01T14:24:23.400+0000] {logging_mixin.py:188} INFO - [2026-07-01T14:24:23.400+0000] {dag.py:3096} INFO - Sync 1 DAGs
[2026-07-01T14:24:23.413+0000] {logging_mixin.py:188} INFO - [2026-07-01T14:24:23.413+0000] {dag.py:3954} INFO - Setting next_dagrun for weather_tomorrowio_pipeline to 2026-07-01 14:00:00+00:00, run_after=2026-07-01 15:00:00+00:00
[2026-07-01T14:24:23.425+0000] {processor.py:183} INFO - Processing /opt/airflow/dags/dag_tomorrowio.py took 0.439 seconds
[2026-07-01T14:24:54.282+0000] {processor.py:161} INFO - Started process (PID=19224) to work on /opt/airflow/dags/dag_tomorrowio.py
[2026-07-01T14:24:54.283+0000] {processor.py:830} INFO - Processing file /opt/airflow/dags/dag_tomorrowio.py for tasks to queue
[2026-07-01T14:24:54.284+0000] {logging_mixin.py:188} INFO - [2026-07-01T14:24:54.284+0000] {dagbag.py:545} INFO - Filling up the DagBag from /opt/airflow/dags/dag_tomorrowio.py
[2026-07-01T14:24:54.602+0000] {processor.py:840} INFO - DAG(s) 'weather_tomorrowio_pipeline' retrieved from /opt/airflow/dags/dag_tomorrowio.py
[2026-07-01T14:24:54.610+0000] {logging_mixin.py:188} INFO - [2026-07-01T14:24:54.610+0000] {dag.py:3096} INFO - Sync 1 DAGs
[2026-07-01T14:24:54.616+0000] {logging_mixin.py:188} INFO - [2026-07-01T14:24:54.616+0000] {dag.py:3954} INFO - Setting next_dagrun for weather_tomorrowio_pipeline to 2026-07-01 14:00:00+00:00, run_after=2026-07-01 15:00:00+00:00
[2026-07-01T14:24:54.623+0000] {processor.py:183} INFO - Processing /opt/airflow/dags/dag_tomorrowio.py took 0.350 seconds
[2026-07-01T14:25:25.481+0000] {processor.py:161} INFO - Started process (PID=19261) to work on /opt/airflow/dags/dag_tomorrowio.py
[2026-07-01T14:25:25.483+0000] {processor.py:830} INFO - Processing file /opt/airflow/dags/dag_tomorrowio.py for tasks to queue
[2026-07-01T14:25:25.485+0000] {logging_mixin.py:188} INFO - [2026-07-01T14:25:25.484+0000] {dagbag.py:545} INFO - Filling up the DagBag from /opt/airflow/dags/dag_tomorrowio.py
[2026-07-01T14:25:25.778+0000] {processor.py:840} INFO - DAG(s) 'weather_tomorrowio_pipeline' retrieved from /opt/airflow/dags/dag_tomorrowio.py
[2026-07-01T14:25:25.786+0000] {logging_mixin.py:188} INFO - [2026-07-01T14:25:25.786+0000] {dag.py:3096} INFO - Sync 1 DAGs
[2026-07-01T14:25:25.792+0000] {logging_mixin.py:188} INFO - [2026-07-01T14:25:25.792+0000] {dag.py:3954} INFO - Setting next_dagrun for weather_tomorrowio_pipeline to 2026-07-01 14:00:00+00:00, run_after=2026-07-01 15:00:00+00:00
[2026-07-01T14:25:25.799+0000] {processor.py:183} INFO - Processing /opt/airflow/dags/dag_tomorrowio.py took 0.327 seconds
[2026-07-01T14:25:56.556+0000] {processor.py:161} INFO - Started process (PID=19298) to work on /opt/airflow/dags/dag_tomorrowio.py
[2026-07-01T14:25:56.557+0000] {processor.py:830} INFO - Processing file /opt/airflow/dags/dag_tomorrowio.py for tasks to queue
[2026-07-01T14:25:56.558+0000] {logging_mixin.py:188} INFO - [2026-07-01T14:25:56.558+0000] {dagbag.py:545} INFO - Filling up the DagBag from /opt/airflow/dags/dag_tomorrowio.py
[2026-07-01T14:25:56.903+0000] {processor.py:840} INFO - DAG(s) 'weather_tomorrowio_pipeline' retrieved from /opt/airflow/dags/dag_tomorrowio.py
[2026-07-01T14:25:56.912+0000] {logging_mixin.py:188} INFO - [2026-07-01T14:25:56.912+0000] {dag.py:3096} INFO - Sync 1 DAGs
[2026-07-01T14:25:56.920+0000] {logging_mixin.py:188} INFO - [2026-07-01T14:25:56.920+0000] {dag.py:3954} INFO - Setting next_dagrun for weather_tomorrowio_pipeline to 2026-07-01 14:00:00+00:00, run_after=2026-07-01 15:00:00+00:00
[2026-07-01T14:25:56.936+0000] {processor.py:183} INFO - Processing /opt/airflow/dags/dag_tomorrowio.py took 0.388 seconds
[2026-07-01T14:26:27.666+0000] {processor.py:161} INFO - Started process (PID=19334) to work on /opt/airflow/dags/dag_tomorrowio.py
[2026-07-01T14:26:27.675+0000] {processor.py:830} INFO - Processing file /opt/airflow/dags/dag_tomorrowio.py for tasks to queue
[2026-07-01T14:26:27.682+0000] {logging_mixin.py:188} INFO - [2026-07-01T14:26:27.680+0000] {dagbag.py:545} INFO - Filling up the DagBag from /opt/airflow/dags/dag_tomorrowio.py
[2026-07-01T14:26:29.905+0000] {processor.py:840} INFO - DAG(s) 'weather_tomorrowio_pipeline' retrieved from /opt/airflow/dags/dag_tomorrowio.py
[2026-07-01T14:26:29.967+0000] {logging_mixin.py:188} INFO - [2026-07-01T14:26:29.966+0000] {dag.py:3096} INFO - Sync 1 DAGs
[2026-07-01T14:26:30.015+0000] {logging_mixin.py:188} INFO - [2026-07-01T14:26:30.015+0000] {dag.py:3954} INFO - Setting next_dagrun for weather_tomorrowio_pipeline to 2026-07-01 14:00:00+00:00, run_after=2026-07-01 15:00:00+00:00
[2026-07-01T14:26:30.082+0000] {processor.py:183} INFO - Processing /opt/airflow/dags/dag_tomorrowio.py took 2.444 seconds
[2026-07-01T14:27:01.073+0000] {processor.py:161} INFO - Started process (PID=19370) to work on /opt/airflow/dags/dag_tomorrowio.py
[2026-07-01T14:27:01.076+0000] {processor.py:830} INFO - Processing file /opt/airflow/dags/dag_tomorrowio.py for tasks to queue
[2026-07-01T14:27:01.086+0000] {logging_mixin.py:188} INFO - [2026-07-01T14:27:01.082+0000] {dagbag.py:545} INFO - Filling up the DagBag from /opt/airflow/dags/dag_tomorrowio.py
[2026-07-01T14:27:01.855+0000] {processor.py:840} INFO - DAG(s) 'weather_tomorrowio_pipeline' retrieved from /opt/airflow/dags/dag_tomorrowio.py
[2026-07-01T14:27:01.893+0000] {logging_mixin.py:188} INFO - [2026-07-01T14:27:01.893+0000] {dag.py:3096} INFO - Sync 1 DAGs
[2026-07-01T14:27:01.910+0000] {logging_mixin.py:188} INFO - [2026-07-01T14:27:01.910+0000] {dag.py:3954} INFO - Setting next_dagrun for weather_tomorrowio_pipeline to 2026-07-01 14:00:00+00:00, run_after=2026-07-01 15:00:00+00:00
[2026-07-01T14:27:01.928+0000] {processor.py:183} INFO - Processing /opt/airflow/dags/dag_tomorrowio.py took 0.865 seconds
[2026-07-01T14:27:32.680+0000] {processor.py:161} INFO - Started process (PID=19408) to work on /opt/airflow/dags/dag_tomorrowio.py
[2026-07-01T14:27:32.680+0000] {processor.py:830} INFO - Processing file /opt/airflow/dags/dag_tomorrowio.py for tasks to queue
[2026-07-01T14:27:32.682+0000] {logging_mixin.py:188} INFO - [2026-07-01T14:27:32.681+0000] {dagbag.py:545} INFO - Filling up the DagBag from /opt/airflow/dags/dag_tomorrowio.py
[2026-07-01T14:27:33.116+0000] {processor.py:840} INFO - DAG(s) 'weather_tomorrowio_pipeline' retrieved from /opt/airflow/dags/dag_tomorrowio.py
[2026-07-01T14:27:33.128+0000] {logging_mixin.py:188} INFO - [2026-07-01T14:27:33.128+0000] {dag.py:3096} INFO - Sync 1 DAGs
[2026-07-01T14:27:33.137+0000] {logging_mixin.py:188} INFO - [2026-07-01T14:27:33.137+0000] {dag.py:3954} INFO - Setting next_dagrun for weather_tomorrowio_pipeline to 2026-07-01 14:00:00+00:00, run_after=2026-07-01 15:00:00+00:00
[2026-07-01T14:27:33.145+0000] {processor.py:183} INFO - Processing /opt/airflow/dags/dag_tomorrowio.py took 0.473 seconds
[2026-07-01T14:28:03.309+0000] {processor.py:161} INFO - Started process (PID=19445) to work on /opt/airflow/dags/dag_tomorrowio.py
[2026-07-01T14:28:03.313+0000] {processor.py:830} INFO - Processing file /opt/airflow/dags/dag_tomorrowio.py for tasks to queue
[2026-07-01T14:28:03.316+0000] {logging_mixin.py:188} INFO - [2026-07-01T14:28:03.315+0000] {dagbag.py:545} INFO - Filling up the DagBag from /opt/airflow/dags/dag_tomorrowio.py
[2026-07-01T14:28:03.882+0000] {processor.py:840} INFO - DAG(s) 'weather_tomorrowio_pipeline' retrieved from /opt/airflow/dags/dag_tomorrowio.py
[2026-07-01T14:28:03.899+0000] {logging_mixin.py:188} INFO - [2026-07-01T14:28:03.899+0000] {dag.py:3096} INFO - Sync 1 DAGs
[2026-07-01T14:28:03.915+0000] {logging_mixin.py:188} INFO - [2026-07-01T14:28:03.915+0000] {dag.py:3954} INFO - Setting next_dagrun for weather_tomorrowio_pipeline to 2026-07-01 14:00:00+00:00, run_after=2026-07-01 15:00:00+00:00
[2026-07-01T14:28:03.925+0000] {processor.py:183} INFO - Processing /opt/airflow/dags/dag_tomorrowio.py took 0.640 seconds
[2026-07-01T14:28:34.650+0000] {processor.py:161} INFO - Started process (PID=19482) to work on /opt/airflow/dags/dag_tomorrowio.py
[2026-07-01T14:28:34.653+0000] {processor.py:830} INFO - Processing file /opt/airflow/dags/dag_tomorrowio.py for tasks to queue
[2026-07-01T14:28:34.657+0000] {logging_mixin.py:188} INFO - [2026-07-01T14:28:34.657+0000] {dagbag.py:545} INFO - Filling up the DagBag from /opt/airflow/dags/dag_tomorrowio.py
[2026-07-01T14:28:35.206+0000] {processor.py:840} INFO - DAG(s) 'weather_tomorrowio_pipeline' retrieved from /opt/airflow/dags/dag_tomorrowio.py
[2026-07-01T14:28:35.221+0000] {logging_mixin.py:188} INFO - [2026-07-01T14:28:35.221+0000] {dag.py:3096} INFO - Sync 1 DAGs
[2026-07-01T14:28:35.229+0000] {logging_mixin.py:188} INFO - [2026-07-01T14:28:35.229+0000] {dag.py:3954} INFO - Setting next_dagrun for weather_tomorrowio_pipeline to 2026-07-01 14:00:00+00:00, run_after=2026-07-01 15:00:00+00:00
[2026-07-01T14:28:35.238+0000] {processor.py:183} INFO - Processing /opt/airflow/dags/dag_tomorrowio.py took 0.597 seconds
[2026-07-01T14:29:06.063+0000] {processor.py:161} INFO - Started process (PID=19519) to work on /opt/airflow/dags/dag_tomorrowio.py
[2026-07-01T14:29:06.065+0000] {processor.py:830} INFO - Processing file /opt/airflow/dags/dag_tomorrowio.py for tasks to queue
[2026-07-01T14:29:06.067+0000] {logging_mixin.py:188} INFO - [2026-07-01T14:29:06.067+0000] {dagbag.py:545} INFO - Filling up the DagBag from /opt/airflow/dags/dag_tomorrowio.py
[2026-07-01T14:29:06.591+0000] {processor.py:840} INFO - DAG(s) 'weather_tomorrowio_pipeline' retrieved from /opt/airflow/dags/dag_tomorrowio.py
[2026-07-01T14:29:06.610+0000] {logging_mixin.py:188} INFO - [2026-07-01T14:29:06.610+0000] {dag.py:3096} INFO - Sync 1 DAGs
[2026-07-01T14:29:06.623+0000] {logging_mixin.py:188} INFO - [2026-07-01T14:29:06.623+0000] {dag.py:3954} INFO - Setting next_dagrun for weather_tomorrowio_pipeline to 2026-07-01 14:00:00+00:00, run_after=2026-07-01 15:00:00+00:00
[2026-07-01T14:29:06.637+0000] {processor.py:183} INFO - Processing /opt/airflow/dags/dag_tomorrowio.py took 0.587 seconds
[2026-07-01T14:29:37.263+0000] {processor.py:161} INFO - Started process (PID=19556) to work on /opt/airflow/dags/dag_tomorrowio.py
[2026-07-01T14:29:37.264+0000] {processor.py:830} INFO - Processing file /opt/airflow/dags/dag_tomorrowio.py for tasks to queue
[2026-07-01T14:29:37.266+0000] {logging_mixin.py:188} INFO - [2026-07-01T14:29:37.265+0000] {dagbag.py:545} INFO - Filling up the DagBag from /opt/airflow/dags/dag_tomorrowio.py
[2026-07-01T14:29:37.784+0000] {processor.py:840} INFO - DAG(s) 'weather_tomorrowio_pipeline' retrieved from /opt/airflow/dags/dag_tomorrowio.py
[2026-07-01T14:29:37.798+0000] {logging_mixin.py:188} INFO - [2026-07-01T14:29:37.797+0000] {dag.py:3096} INFO - Sync 1 DAGs
[2026-07-01T14:29:37.807+0000] {logging_mixin.py:188} INFO - [2026-07-01T14:29:37.807+0000] {dag.py:3954} INFO - Setting next_dagrun for weather_tomorrowio_pipeline to 2026-07-01 14:00:00+00:00, run_after=2026-07-01 15:00:00+00:00
[2026-07-01T14:29:37.815+0000] {processor.py:183} INFO - Processing /opt/airflow/dags/dag_tomorrowio.py took 0.558 seconds
[2026-07-01T14:30:08.536+0000] {processor.py:161} INFO - Started process (PID=19593) to work on /opt/airflow/dags/dag_tomorrowio.py
[2026-07-01T14:30:08.538+0000] {processor.py:830} INFO - Processing file /opt/airflow/dags/dag_tomorrowio.py for tasks to queue
[2026-07-01T14:30:08.540+0000] {logging_mixin.py:188} INFO - [2026-07-01T14:30:08.540+0000] {dagbag.py:545} INFO - Filling up the DagBag from /opt/airflow/dags/dag_tomorrowio.py
[2026-07-01T14:30:09.096+0000] {processor.py:840} INFO - DAG(s) 'weather_tomorrowio_pipeline' retrieved from /opt/airflow/dags/dag_tomorrowio.py
[2026-07-01T14:30:09.111+0000] {logging_mixin.py:188} INFO - [2026-07-01T14:30:09.111+0000] {dag.py:3096} INFO - Sync 1 DAGs
[2026-07-01T14:30:09.124+0000] {logging_mixin.py:188} INFO - [2026-07-01T14:30:09.124+0000] {dag.py:3954} INFO - Setting next_dagrun for weather_tomorrowio_pipeline to 2026-07-01 14:00:00+00:00, run_after=2026-07-01 15:00:00+00:00
[2026-07-01T14:30:09.137+0000] {processor.py:183} INFO - Processing /opt/airflow/dags/dag_tomorrowio.py took 0.627 seconds
[2026-07-01T14:30:39.854+0000] {processor.py:161} INFO - Started process (PID=19630) to work on /opt/airflow/dags/dag_tomorrowio.py
[2026-07-01T14:30:39.855+0000] {processor.py:830} INFO - Processing file /opt/airflow/dags/dag_tomorrowio.py for tasks to queue
[2026-07-01T14:30:39.857+0000] {logging_mixin.py:188} INFO - [2026-07-01T14:30:39.857+0000] {dagbag.py:545} INFO - Filling up the DagBag from /opt/airflow/dags/dag_tomorrowio.py
[2026-07-01T14:30:40.333+0000] {processor.py:840} INFO - DAG(s) 'weather_tomorrowio_pipeline' retrieved from /opt/airflow/dags/dag_tomorrowio.py
[2026-07-01T14:30:40.350+0000] {logging_mixin.py:188} INFO - [2026-07-01T14:30:40.350+0000] {dag.py:3096} INFO - Sync 1 DAGs
[2026-07-01T14:30:40.361+0000] {logging_mixin.py:188} INFO - [2026-07-01T14:30:40.361+0000] {dag.py:3954} INFO - Setting next_dagrun for weather_tomorrowio_pipeline to 2026-07-01 14:00:00+00:00, run_after=2026-07-01 15:00:00+00:00
[2026-07-01T14:30:40.368+0000] {processor.py:183} INFO - Processing /opt/airflow/dags/dag_tomorrowio.py took 0.523 seconds
[2026-07-01T14:31:11.070+0000] {processor.py:161} INFO - Started process (PID=19667) to work on /opt/airflow/dags/dag_tomorrowio.py
[2026-07-01T14:31:11.072+0000] {processor.py:830} INFO - Processing file /opt/airflow/dags/dag_tomorrowio.py for tasks to queue
[2026-07-01T14:31:11.073+0000] {logging_mixin.py:188} INFO - [2026-07-01T14:31:11.073+0000] {dagbag.py:545} INFO - Filling up the DagBag from /opt/airflow/dags/dag_tomorrowio.py
[2026-07-01T14:31:11.569+0000] {processor.py:840} INFO - DAG(s) 'weather_tomorrowio_pipeline' retrieved from /opt/airflow/dags/dag_tomorrowio.py
[2026-07-01T14:31:11.581+0000] {logging_mixin.py:188} INFO - [2026-07-01T14:31:11.581+0000] {dag.py:3096} INFO - Sync 1 DAGs
[2026-07-01T14:31:11.590+0000] {logging_mixin.py:188} INFO - [2026-07-01T14:31:11.590+0000] {dag.py:3954} INFO - Setting next_dagrun for weather_tomorrowio_pipeline to 2026-07-01 14:00:00+00:00, run_after=2026-07-01 15:00:00+00:00
[2026-07-01T14:31:11.598+0000] {processor.py:183} INFO - Processing /opt/airflow/dags/dag_tomorrowio.py took 0.534 seconds
[2026-07-01T14:31:42.167+0000] {processor.py:161} INFO - Started process (PID=19704) to work on /opt/airflow/dags/dag_tomorrowio.py
[2026-07-01T14:31:42.171+0000] {processor.py:830} INFO - Processing file /opt/airflow/dags/dag_tomorrowio.py for tasks to queue
[2026-07-01T14:31:42.174+0000] {logging_mixin.py:188} INFO - [2026-07-01T14:31:42.174+0000] {dagbag.py:545} INFO - Filling up the DagBag from /opt/airflow/dags/dag_tomorrowio.py
[2026-07-01T14:31:42.607+0000] {processor.py:840} INFO - DAG(s) 'weather_tomorrowio_pipeline' retrieved from /opt/airflow/dags/dag_tomorrowio.py
[2026-07-01T14:31:42.625+0000] {logging_mixin.py:188} INFO - [2026-07-01T14:31:42.624+0000] {dag.py:3096} INFO - Sync 1 DAGs
[2026-07-01T14:31:42.640+0000] {logging_mixin.py:188} INFO - [2026-07-01T14:31:42.640+0000] {dag.py:3954} INFO - Setting next_dagrun for weather_tomorrowio_pipeline to 2026-07-01 14:00:00+00:00, run_after=2026-07-01 15:00:00+00:00
[2026-07-01T14:31:42.649+0000] {processor.py:183} INFO - Processing /opt/airflow/dags/dag_tomorrowio.py took 0.489 seconds
[2026-07-01T14:32:13.313+0000] {processor.py:161} INFO - Started process (PID=19741) to work on /opt/airflow/dags/dag_tomorrowio.py
[2026-07-01T14:32:13.314+0000] {processor.py:830} INFO - Processing file /opt/airflow/dags/dag_tomorrowio.py for tasks to queue
[2026-07-01T14:32:13.315+0000] {logging_mixin.py:188} INFO - [2026-07-01T14:32:13.315+0000] {dagbag.py:545} INFO - Filling up the DagBag from /opt/airflow/dags/dag_tomorrowio.py
[2026-07-01T14:32:13.767+0000] {processor.py:840} INFO - DAG(s) 'weather_tomorrowio_pipeline' retrieved from /opt/airflow/dags/dag_tomorrowio.py
[2026-07-01T14:32:13.781+0000] {logging_mixin.py:188} INFO - [2026-07-01T14:32:13.781+0000] {dag.py:3096} INFO - Sync 1 DAGs
[2026-07-01T14:32:13.790+0000] {logging_mixin.py:188} INFO - [2026-07-01T14:32:13.790+0000] {dag.py:3954} INFO - Setting next_dagrun for weather_tomorrowio_pipeline to 2026-07-01 14:00:00+00:00, run_after=2026-07-01 15:00:00+00:00
[2026-07-01T14:32:13.798+0000] {processor.py:183} INFO - Processing /opt/airflow/dags/dag_tomorrowio.py took 0.495 seconds
[2026-07-01T14:32:44.406+0000] {processor.py:161} INFO - Started process (PID=19778) to work on /opt/airflow/dags/dag_tomorrowio.py
[2026-07-01T14:32:44.407+0000] {processor.py:830} INFO - Processing file /opt/airflow/dags/dag_tomorrowio.py for tasks to queue
[2026-07-01T14:32:44.409+0000] {logging_mixin.py:188} INFO - [2026-07-01T14:32:44.409+0000] {dagbag.py:545} INFO - Filling up the DagBag from /opt/airflow/dags/dag_tomorrowio.py
[2026-07-01T14:32:44.904+0000] {processor.py:840} INFO - DAG(s) 'weather_tomorrowio_pipeline' retrieved from /opt/airflow/dags/dag_tomorrowio.py
[2026-07-01T14:32:44.915+0000] {logging_mixin.py:188} INFO - [2026-07-01T14:32:44.915+0000] {dag.py:3096} INFO - Sync 1 DAGs
[2026-07-01T14:32:44.924+0000] {logging_mixin.py:188} INFO - [2026-07-01T14:32:44.923+0000] {dag.py:3954} INFO - Setting next_dagrun for weather_tomorrowio_pipeline to 2026-07-01 14:00:00+00:00, run_after=2026-07-01 15:00:00+00:00
[2026-07-01T14:32:44.931+0000] {processor.py:183} INFO - Processing /opt/airflow/dags/dag_tomorrowio.py took 0.529 seconds
[2026-07-01T14:33:15.651+0000] {processor.py:161} INFO - Started process (PID=19815) to work on /opt/airflow/dags/dag_tomorrowio.py
[2026-07-01T14:33:15.653+0000] {processor.py:830} INFO - Processing file /opt/airflow/dags/dag_tomorrowio.py for tasks to queue
[2026-07-01T14:33:15.655+0000] {logging_mixin.py:188} INFO - [2026-07-01T14:33:15.655+0000] {dagbag.py:545} INFO - Filling up the DagBag from /opt/airflow/dags/dag_tomorrowio.py
[2026-07-01T14:33:16.165+0000] {processor.py:840} INFO - DAG(s) 'weather_tomorrowio_pipeline' retrieved from /opt/airflow/dags/dag_tomorrowio.py
[2026-07-01T14:33:16.184+0000] {logging_mixin.py:188} INFO - [2026-07-01T14:33:16.184+0000] {dag.py:3096} INFO - Sync 1 DAGs
[2026-07-01T14:33:16.196+0000] {logging_mixin.py:188} INFO - [2026-07-01T14:33:16.196+0000] {dag.py:3954} INFO - Setting next_dagrun for weather_tomorrowio_pipeline to 2026-07-01 14:00:00+00:00, run_after=2026-07-01 15:00:00+00:00
[2026-07-01T14:33:16.207+0000] {processor.py:183} INFO - Processing /opt/airflow/dags/dag_tomorrowio.py took 0.561 seconds
[2026-07-01T14:33:46.766+0000] {processor.py:161} INFO - Started process (PID=19852) to work on /opt/airflow/dags/dag_tomorrowio.py
[2026-07-01T14:33:46.768+0000] {processor.py:830} INFO - Processing file /opt/airflow/dags/dag_tomorrowio.py for tasks to queue
[2026-07-01T14:33:46.770+0000] {logging_mixin.py:188} INFO - [2026-07-01T14:33:46.770+0000] {dagbag.py:545} INFO - Filling up the DagBag from /opt/airflow/dags/dag_tomorrowio.py
[2026-07-01T14:33:47.367+0000] {processor.py:840} INFO - DAG(s) 'weather_tomorrowio_pipeline' retrieved from /opt/airflow/dags/dag_tomorrowio.py
[2026-07-01T14:33:47.381+0000] {logging_mixin.py:188} INFO - [2026-07-01T14:33:47.380+0000] {dag.py:3096} INFO - Sync 1 DAGs
[2026-07-01T14:33:47.389+0000] {logging_mixin.py:188} INFO - [2026-07-01T14:33:47.389+0000] {dag.py:3954} INFO - Setting next_dagrun for weather_tomorrowio_pipeline to 2026-07-01 14:00:00+00:00, run_after=2026-07-01 15:00:00+00:00
[2026-07-01T14:33:47.398+0000] {processor.py:183} INFO - Processing /opt/airflow/dags/dag_tomorrowio.py took 0.636 seconds
[2026-07-01T14:34:18.178+0000] {processor.py:161} INFO - Started process (PID=19888) to work on /opt/airflow/dags/dag_tomorrowio.py
[2026-07-01T14:34:18.180+0000] {processor.py:830} INFO - Processing file /opt/airflow/dags/dag_tomorrowio.py for tasks to queue
[2026-07-01T14:34:18.183+0000] {logging_mixin.py:188} INFO - [2026-07-01T14:34:18.183+0000] {dagbag.py:545} INFO - Filling up the DagBag from /opt/airflow/dags/dag_tomorrowio.py
[2026-07-01T14:34:18.629+0000] {processor.py:840} INFO - DAG(s) 'weather_tomorrowio_pipeline' retrieved from /opt/airflow/dags/dag_tomorrowio.py
[2026-07-01T14:34:18.649+0000] {logging_mixin.py:188} INFO - [2026-07-01T14:34:18.649+0000] {dag.py:3096} INFO - Sync 1 DAGs
[2026-07-01T14:34:18.663+0000] {logging_mixin.py:188} INFO - [2026-07-01T14:34:18.663+0000] {dag.py:3954} INFO - Setting next_dagrun for weather_tomorrowio_pipeline to 2026-07-01 14:00:00+00:00, run_after=2026-07-01 15:00:00+00:00
[2026-07-01T14:34:18.671+0000] {processor.py:183} INFO - Processing /opt/airflow/dags/dag_tomorrowio.py took 0.508 seconds
[2026-07-01T14:34:49.229+0000] {processor.py:161} INFO - Started process (PID=19926) to work on /opt/airflow/dags/dag_tomorrowio.py
[2026-07-01T14:34:49.230+0000] {processor.py:830} INFO - Processing file /opt/airflow/dags/dag_tomorrowio.py for tasks to queue
[2026-07-01T14:34:49.231+0000] {logging_mixin.py:188} INFO - [2026-07-01T14:34:49.231+0000] {dagbag.py:545} INFO - Filling up the DagBag from /opt/airflow/dags/dag_tomorrowio.py
[2026-07-01T14:34:49.696+0000] {processor.py:840} INFO - DAG(s) 'weather_tomorrowio_pipeline' retrieved from /opt/airflow/dags/dag_tomorrowio.py
[2026-07-01T14:34:49.709+0000] {logging_mixin.py:188} INFO - [2026-07-01T14:34:49.709+0000] {dag.py:3096} INFO - Sync 1 DAGs
[2026-07-01T14:34:49.719+0000] {logging_mixin.py:188} INFO - [2026-07-01T14:34:49.718+0000] {dag.py:3954} INFO - Setting next_dagrun for weather_tomorrowio_pipeline to 2026-07-01 14:00:00+00:00, run_after=2026-07-01 15:00:00+00:00
[2026-07-01T14:34:49.734+0000] {processor.py:183} INFO - Processing /opt/airflow/dags/dag_tomorrowio.py took 0.512 seconds
[2026-07-01T14:35:20.602+0000] {processor.py:161} INFO - Started process (PID=19962) to work on /opt/airflow/dags/dag_tomorrowio.py
[2026-07-01T14:35:20.604+0000] {processor.py:830} INFO - Processing file /opt/airflow/dags/dag_tomorrowio.py for tasks to queue
[2026-07-01T14:35:20.608+0000] {logging_mixin.py:188} INFO - [2026-07-01T14:35:20.607+0000] {dagbag.py:545} INFO - Filling up the DagBag from /opt/airflow/dags/dag_tomorrowio.py
[2026-07-01T14:35:21.375+0000] {processor.py:840} INFO - DAG(s) 'weather_tomorrowio_pipeline' retrieved from /opt/airflow/dags/dag_tomorrowio.py
[2026-07-01T14:35:21.411+0000] {logging_mixin.py:188} INFO - [2026-07-01T14:35:21.410+0000] {dag.py:3096} INFO - Sync 1 DAGs
[2026-07-01T14:35:21.424+0000] {logging_mixin.py:188} INFO - [2026-07-01T14:35:21.423+0000] {dag.py:3954} INFO - Setting next_dagrun for weather_tomorrowio_pipeline to 2026-07-01 14:00:00+00:00, run_after=2026-07-01 15:00:00+00:00
[2026-07-01T14:35:21.437+0000] {processor.py:183} INFO - Processing /opt/airflow/dags/dag_tomorrowio.py took 0.851 seconds
[2026-07-01T14:35:52.276+0000] {processor.py:161} INFO - Started process (PID=20000) to work on /opt/airflow/dags/dag_tomorrowio.py
[2026-07-01T14:35:52.277+0000] {processor.py:830} INFO - Processing file /opt/airflow/dags/dag_tomorrowio.py for tasks to queue
[2026-07-01T14:35:52.282+0000] {logging_mixin.py:188} INFO - [2026-07-01T14:35:52.281+0000] {dagbag.py:545} INFO - Filling up the DagBag from /opt/airflow/dags/dag_tomorrowio.py
[2026-07-01T14:35:52.820+0000] {processor.py:840} INFO - DAG(s) 'weather_tomorrowio_pipeline' retrieved from /opt/airflow/dags/dag_tomorrowio.py
[2026-07-01T14:35:52.841+0000] {logging_mixin.py:188} INFO - [2026-07-01T14:35:52.841+0000] {dag.py:3096} INFO - Sync 1 DAGs
[2026-07-01T14:35:52.850+0000] {logging_mixin.py:188} INFO - [2026-07-01T14:35:52.850+0000] {dag.py:3954} INFO - Setting next_dagrun for weather_tomorrowio_pipeline to 2026-07-01 14:00:00+00:00, run_after=2026-07-01 15:00:00+00:00
[2026-07-01T14:35:52.859+0000] {processor.py:183} INFO - Processing /opt/airflow/dags/dag_tomorrowio.py took 0.587 seconds
[2026-07-01T14:36:23.753+0000] {processor.py:161} INFO - Started process (PID=20036) to work on /opt/airflow/dags/dag_tomorrowio.py
[2026-07-01T14:36:23.759+0000] {processor.py:830} INFO - Processing file /opt/airflow/dags/dag_tomorrowio.py for tasks to queue
[2026-07-01T14:36:23.763+0000] {logging_mixin.py:188} INFO - [2026-07-01T14:36:23.762+0000] {dagbag.py:545} INFO - Filling up the DagBag from /opt/airflow/dags/dag_tomorrowio.py
[2026-07-01T14:36:24.396+0000] {processor.py:840} INFO - DAG(s) 'weather_tomorrowio_pipeline' retrieved from /opt/airflow/dags/dag_tomorrowio.py
[2026-07-01T14:36:24.417+0000] {logging_mixin.py:188} INFO - [2026-07-01T14:36:24.416+0000] {dag.py:3096} INFO - Sync 1 DAGs
[2026-07-01T14:36:24.426+0000] {logging_mixin.py:188} INFO - [2026-07-01T14:36:24.426+0000] {dag.py:3954} INFO - Setting next_dagrun for weather_tomorrowio_pipeline to 2026-07-01 14:00:00+00:00, run_after=2026-07-01 15:00:00+00:00
[2026-07-01T14:36:24.435+0000] {processor.py:183} INFO - Processing /opt/airflow/dags/dag_tomorrowio.py took 0.697 seconds
[2026-07-01T14:36:55.212+0000] {processor.py:161} INFO - Started process (PID=20074) to work on /opt/airflow/dags/dag_tomorrowio.py
[2026-07-01T14:36:55.218+0000] {processor.py:830} INFO - Processing file /opt/airflow/dags/dag_tomorrowio.py for tasks to queue
[2026-07-01T14:36:55.221+0000] {logging_mixin.py:188} INFO - [2026-07-01T14:36:55.220+0000] {dagbag.py:545} INFO - Filling up the DagBag from /opt/airflow/dags/dag_tomorrowio.py
[2026-07-01T14:36:55.823+0000] {processor.py:840} INFO - DAG(s) 'weather_tomorrowio_pipeline' retrieved from /opt/airflow/dags/dag_tomorrowio.py
[2026-07-01T14:36:55.845+0000] {logging_mixin.py:188} INFO - [2026-07-01T14:36:55.844+0000] {dag.py:3096} INFO - Sync 1 DAGs
[2026-07-01T14:36:55.861+0000] {logging_mixin.py:188} INFO - [2026-07-01T14:36:55.861+0000] {dag.py:3954} INFO - Setting next_dagrun for weather_tomorrowio_pipeline to 2026-07-01 14:00:00+00:00, run_after=2026-07-01 15:00:00+00:00
[2026-07-01T14:36:55.876+0000] {processor.py:183} INFO - Processing /opt/airflow/dags/dag_tomorrowio.py took 0.674 seconds
[2026-07-01T14:37:26.742+0000] {processor.py:161} INFO - Started process (PID=20110) to work on /opt/airflow/dags/dag_tomorrowio.py
[2026-07-01T14:37:26.745+0000] {processor.py:830} INFO - Processing file /opt/airflow/dags/dag_tomorrowio.py for tasks to queue
[2026-07-01T14:37:26.749+0000] {logging_mixin.py:188} INFO - [2026-07-01T14:37:26.748+0000] {dagbag.py:545} INFO - Filling up the DagBag from /opt/airflow/dags/dag_tomorrowio.py
[2026-07-01T14:37:27.446+0000] {processor.py:840} INFO - DAG(s) 'weather_tomorrowio_pipeline' retrieved from /opt/airflow/dags/dag_tomorrowio.py
[2026-07-01T14:37:27.472+0000] {logging_mixin.py:188} INFO - [2026-07-01T14:37:27.472+0000] {dag.py:3096} INFO - Sync 1 DAGs
[2026-07-01T14:37:27.491+0000] {logging_mixin.py:188} INFO - [2026-07-01T14:37:27.490+0000] {dag.py:3954} INFO - Setting next_dagrun for weather_tomorrowio_pipeline to 2026-07-01 14:00:00+00:00, run_after=2026-07-01 15:00:00+00:00
[2026-07-01T14:37:27.504+0000] {processor.py:183} INFO - Processing /opt/airflow/dags/dag_tomorrowio.py took 0.775 seconds
[2026-07-01T14:37:58.213+0000] {processor.py:161} INFO - Started process (PID=20148) to work on /opt/airflow/dags/dag_tomorrowio.py
[2026-07-01T14:37:58.215+0000] {processor.py:830} INFO - Processing file /opt/airflow/dags/dag_tomorrowio.py for tasks to queue
[2026-07-01T14:37:58.221+0000] {logging_mixin.py:188} INFO - [2026-07-01T14:37:58.219+0000] {dagbag.py:545} INFO - Filling up the DagBag from /opt/airflow/dags/dag_tomorrowio.py
[2026-07-01T14:37:58.919+0000] {processor.py:840} INFO - DAG(s) 'weather_tomorrowio_pipeline' retrieved from /opt/airflow/dags/dag_tomorrowio.py
[2026-07-01T14:37:58.996+0000] {logging_mixin.py:188} INFO - [2026-07-01T14:37:58.996+0000] {dag.py:3096} INFO - Sync 1 DAGs
[2026-07-01T14:37:59.056+0000] {logging_mixin.py:188} INFO - [2026-07-01T14:37:59.056+0000] {dag.py:3954} INFO - Setting next_dagrun for weather_tomorrowio_pipeline to 2026-07-01 14:00:00+00:00, run_after=2026-07-01 15:00:00+00:00
[2026-07-01T14:37:59.179+0000] {processor.py:183} INFO - Processing /opt/airflow/dags/dag_tomorrowio.py took 0.974 seconds
[2026-07-01T14:38:30.390+0000] {processor.py:161} INFO - Started process (PID=20184) to work on /opt/airflow/dags/dag_tomorrowio.py
[2026-07-01T14:38:30.391+0000] {processor.py:830} INFO - Processing file /opt/airflow/dags/dag_tomorrowio.py for tasks to queue
[2026-07-01T14:38:30.394+0000] {logging_mixin.py:188} INFO - [2026-07-01T14:38:30.394+0000] {dagbag.py:545} INFO - Filling up the DagBag from /opt/airflow/dags/dag_tomorrowio.py
[2026-07-01T14:38:30.950+0000] {processor.py:840} INFO - DAG(s) 'weather_tomorrowio_pipeline' retrieved from /opt/airflow/dags/dag_tomorrowio.py
[2026-07-01T14:38:30.968+0000] {logging_mixin.py:188} INFO - [2026-07-01T14:38:30.968+0000] {dag.py:3096} INFO - Sync 1 DAGs
[2026-07-01T14:38:30.980+0000] {logging_mixin.py:188} INFO - [2026-07-01T14:38:30.980+0000] {dag.py:3954} INFO - Setting next_dagrun for weather_tomorrowio_pipeline to 2026-07-01 14:00:00+00:00, run_after=2026-07-01 15:00:00+00:00
[2026-07-01T14:38:30.989+0000] {processor.py:183} INFO - Processing /opt/airflow/dags/dag_tomorrowio.py took 0.611 seconds
[2026-07-01T14:39:01.725+0000] {processor.py:161} INFO - Started process (PID=20221) to work on /opt/airflow/dags/dag_tomorrowio.py
[2026-07-01T14:39:01.729+0000] {processor.py:830} INFO - Processing file /opt/airflow/dags/dag_tomorrowio.py for tasks to queue
[2026-07-01T14:39:01.746+0000] {logging_mixin.py:188} INFO - [2026-07-01T14:39:01.742+0000] {dagbag.py:545} INFO - Filling up the DagBag from /opt/airflow/dags/dag_tomorrowio.py
[2026-07-01T14:39:02.448+0000] {processor.py:840} INFO - DAG(s) 'weather_tomorrowio_pipeline' retrieved from /opt/airflow/dags/dag_tomorrowio.py
[2026-07-01T14:39:02.477+0000] {logging_mixin.py:188} INFO - [2026-07-01T14:39:02.477+0000] {dag.py:3096} INFO - Sync 1 DAGs
[2026-07-01T14:39:02.493+0000] {logging_mixin.py:188} INFO - [2026-07-01T14:39:02.493+0000] {dag.py:3954} INFO - Setting next_dagrun for weather_tomorrowio_pipeline to 2026-07-01 14:00:00+00:00, run_after=2026-07-01 15:00:00+00:00
[2026-07-01T14:39:02.506+0000] {processor.py:183} INFO - Processing /opt/airflow/dags/dag_tomorrowio.py took 0.795 seconds
[2026-07-01T14:39:33.303+0000] {processor.py:161} INFO - Started process (PID=20259) to work on /opt/airflow/dags/dag_tomorrowio.py
[2026-07-01T14:39:33.306+0000] {processor.py:830} INFO - Processing file /opt/airflow/dags/dag_tomorrowio.py for tasks to queue
[2026-07-01T14:39:33.313+0000] {logging_mixin.py:188} INFO - [2026-07-01T14:39:33.311+0000] {dagbag.py:545} INFO - Filling up the DagBag from /opt/airflow/dags/dag_tomorrowio.py
[2026-07-01T14:39:33.929+0000] {processor.py:840} INFO - DAG(s) 'weather_tomorrowio_pipeline' retrieved from /opt/airflow/dags/dag_tomorrowio.py
[2026-07-01T14:39:33.953+0000] {logging_mixin.py:188} INFO - [2026-07-01T14:39:33.953+0000] {dag.py:3096} INFO - Sync 1 DAGs
[2026-07-01T14:39:33.965+0000] {logging_mixin.py:188} INFO - [2026-07-01T14:39:33.964+0000] {dag.py:3954} INFO - Setting next_dagrun for weather_tomorrowio_pipeline to 2026-07-01 14:00:00+00:00, run_after=2026-07-01 15:00:00+00:00
[2026-07-01T14:39:33.974+0000] {processor.py:183} INFO - Processing /opt/airflow/dags/dag_tomorrowio.py took 0.682 seconds
[2026-07-01T14:40:04.703+0000] {processor.py:161} INFO - Started process (PID=20296) to work on /opt/airflow/dags/dag_tomorrowio.py
[2026-07-01T14:40:04.706+0000] {processor.py:830} INFO - Processing file /opt/airflow/dags/dag_tomorrowio.py for tasks to queue
[2026-07-01T14:40:04.712+0000] {logging_mixin.py:188} INFO - [2026-07-01T14:40:04.710+0000] {dagbag.py:545} INFO - Filling up the DagBag from /opt/airflow/dags/dag_tomorrowio.py
[2026-07-01T14:40:05.339+0000] {processor.py:840} INFO - DAG(s) 'weather_tomorrowio_pipeline' retrieved from /opt/airflow/dags/dag_tomorrowio.py
[2026-07-01T14:40:05.362+0000] {logging_mixin.py:188} INFO - [2026-07-01T14:40:05.362+0000] {dag.py:3096} INFO - Sync 1 DAGs
[2026-07-01T14:40:05.374+0000] {logging_mixin.py:188} INFO - [2026-07-01T14:40:05.374+0000] {dag.py:3954} INFO - Setting next_dagrun for weather_tomorrowio_pipeline to 2026-07-01 14:00:00+00:00, run_after=2026-07-01 15:00:00+00:00
[2026-07-01T14:40:05.385+0000] {processor.py:183} INFO - Processing /opt/airflow/dags/dag_tomorrowio.py took 0.702 seconds
[2026-07-01T14:40:36.126+0000] {processor.py:161} INFO - Started process (PID=20332) to work on /opt/airflow/dags/dag_tomorrowio.py
[2026-07-01T14:40:36.128+0000] {processor.py:830} INFO - Processing file /opt/airflow/dags/dag_tomorrowio.py for tasks to queue
[2026-07-01T14:40:36.131+0000] {logging_mixin.py:188} INFO - [2026-07-01T14:40:36.131+0000] {dagbag.py:545} INFO - Filling up the DagBag from /opt/airflow/dags/dag_tomorrowio.py
[2026-07-01T14:40:36.695+0000] {processor.py:840} INFO - DAG(s) 'weather_tomorrowio_pipeline' retrieved from /opt/airflow/dags/dag_tomorrowio.py
[2026-07-01T14:40:36.710+0000] {logging_mixin.py:188} INFO - [2026-07-01T14:40:36.710+0000] {dag.py:3096} INFO - Sync 1 DAGs
[2026-07-01T14:40:36.720+0000] {logging_mixin.py:188} INFO - [2026-07-01T14:40:36.720+0000] {dag.py:3954} INFO - Setting next_dagrun for weather_tomorrowio_pipeline to 2026-07-01 14:00:00+00:00, run_after=2026-07-01 15:00:00+00:00
[2026-07-01T14:40:36.729+0000] {processor.py:183} INFO - Processing /opt/airflow/dags/dag_tomorrowio.py took 0.620 seconds
[2026-07-01T14:41:07.478+0000] {processor.py:161} INFO - Started process (PID=20369) to work on /opt/airflow/dags/dag_tomorrowio.py
[2026-07-01T14:41:07.480+0000] {processor.py:830} INFO - Processing file /opt/airflow/dags/dag_tomorrowio.py for tasks to queue
[2026-07-01T14:41:07.487+0000] {logging_mixin.py:188} INFO - [2026-07-01T14:41:07.487+0000] {dagbag.py:545} INFO - Filling up the DagBag from /opt/airflow/dags/dag_tomorrowio.py
[2026-07-01T14:41:07.998+0000] {processor.py:840} INFO - DAG(s) 'weather_tomorrowio_pipeline' retrieved from /opt/airflow/dags/dag_tomorrowio.py
[2026-07-01T14:41:08.012+0000] {logging_mixin.py:188} INFO - [2026-07-01T14:41:08.011+0000] {dag.py:3096} INFO - Sync 1 DAGs
[2026-07-01T14:41:08.021+0000] {logging_mixin.py:188} INFO - [2026-07-01T14:41:08.021+0000] {dag.py:3954} INFO - Setting next_dagrun for weather_tomorrowio_pipeline to 2026-07-01 14:00:00+00:00, run_after=2026-07-01 15:00:00+00:00
[2026-07-01T14:41:08.029+0000] {processor.py:183} INFO - Processing /opt/airflow/dags/dag_tomorrowio.py took 0.571 seconds
[2026-07-01T14:41:38.617+0000] {processor.py:161} INFO - Started process (PID=20407) to work on /opt/airflow/dags/dag_tomorrowio.py
[2026-07-01T14:41:38.622+0000] {processor.py:830} INFO - Processing file /opt/airflow/dags/dag_tomorrowio.py for tasks to queue
[2026-07-01T14:41:38.631+0000] {logging_mixin.py:188} INFO - [2026-07-01T14:41:38.629+0000] {dagbag.py:545} INFO - Filling up the DagBag from /opt/airflow/dags/dag_tomorrowio.py
[2026-07-01T14:41:39.116+0000] {processor.py:840} INFO - DAG(s) 'weather_tomorrowio_pipeline' retrieved from /opt/airflow/dags/dag_tomorrowio.py
[2026-07-01T14:41:39.133+0000] {logging_mixin.py:188} INFO - [2026-07-01T14:41:39.133+0000] {dag.py:3096} INFO - Sync 1 DAGs
[2026-07-01T14:41:39.144+0000] {logging_mixin.py:188} INFO - [2026-07-01T14:41:39.144+0000] {dag.py:3954} INFO - Setting next_dagrun for weather_tomorrowio_pipeline to 2026-07-01 14:00:00+00:00, run_after=2026-07-01 15:00:00+00:00
[2026-07-01T14:41:39.158+0000] {processor.py:183} INFO - Processing /opt/airflow/dags/dag_tomorrowio.py took 0.592 seconds
[2026-07-01T14:42:09.760+0000] {processor.py:161} INFO - Started process (PID=20444) to work on /opt/airflow/dags/dag_tomorrowio.py
[2026-07-01T14:42:09.763+0000] {processor.py:830} INFO - Processing file /opt/airflow/dags/dag_tomorrowio.py for tasks to queue
[2026-07-01T14:42:09.769+0000] {logging_mixin.py:188} INFO - [2026-07-01T14:42:09.768+0000] {dagbag.py:545} INFO - Filling up the DagBag from /opt/airflow/dags/dag_tomorrowio.py
[2026-07-01T14:42:10.323+0000] {processor.py:840} INFO - DAG(s) 'weather_tomorrowio_pipeline' retrieved from /opt/airflow/dags/dag_tomorrowio.py
[2026-07-01T14:42:10.343+0000] {logging_mixin.py:188} INFO - [2026-07-01T14:42:10.342+0000] {dag.py:3096} INFO - Sync 1 DAGs
[2026-07-01T14:42:10.354+0000] {logging_mixin.py:188} INFO - [2026-07-01T14:42:10.353+0000] {dag.py:3954} INFO - Setting next_dagrun for weather_tomorrowio_pipeline to 2026-07-01 14:00:00+00:00, run_after=2026-07-01 15:00:00+00:00
[2026-07-01T14:42:10.362+0000] {processor.py:183} INFO - Processing /opt/airflow/dags/dag_tomorrowio.py took 0.616 seconds
[2026-07-01T14:42:41.009+0000] {processor.py:161} INFO - Started process (PID=20479) to work on /opt/airflow/dags/dag_tomorrowio.py
[2026-07-01T14:42:41.011+0000] {processor.py:830} INFO - Processing file /opt/airflow/dags/dag_tomorrowio.py for tasks to queue
[2026-07-01T14:42:41.017+0000] {logging_mixin.py:188} INFO - [2026-07-01T14:42:41.016+0000] {dagbag.py:545} INFO - Filling up the DagBag from /opt/airflow/dags/dag_tomorrowio.py
[2026-07-01T14:42:41.593+0000] {processor.py:840} INFO - DAG(s) 'weather_tomorrowio_pipeline' retrieved from /opt/airflow/dags/dag_tomorrowio.py
[2026-07-01T14:42:41.609+0000] {logging_mixin.py:188} INFO - [2026-07-01T14:42:41.609+0000] {dag.py:3096} INFO - Sync 1 DAGs
[2026-07-01T14:42:41.618+0000] {logging_mixin.py:188} INFO - [2026-07-01T14:42:41.618+0000] {dag.py:3954} INFO - Setting next_dagrun for weather_tomorrowio_pipeline to 2026-07-01 14:00:00+00:00, run_after=2026-07-01 15:00:00+00:00
[2026-07-01T14:42:41.627+0000] {processor.py:183} INFO - Processing /opt/airflow/dags/dag_tomorrowio.py took 0.628 seconds
[2026-07-01T14:43:12.669+0000] {processor.py:161} INFO - Started process (PID=20539) to work on /opt/airflow/dags/dag_tomorrowio.py
[2026-07-01T14:43:12.670+0000] {processor.py:830} INFO - Processing file /opt/airflow/dags/dag_tomorrowio.py for tasks to queue
[2026-07-01T14:43:12.670+0000] {logging_mixin.py:188} INFO - [2026-07-01T14:43:12.670+0000] {dagbag.py:545} INFO - Filling up the DagBag from /opt/airflow/dags/dag_tomorrowio.py
[2026-07-01T14:43:12.993+0000] {processor.py:840} INFO - DAG(s) 'weather_tomorrowio_pipeline' retrieved from /opt/airflow/dags/dag_tomorrowio.py
[2026-07-01T14:43:13.004+0000] {logging_mixin.py:188} INFO - [2026-07-01T14:43:13.003+0000] {dag.py:3096} INFO - Sync 1 DAGs
[2026-07-01T14:43:13.013+0000] {logging_mixin.py:188} INFO - [2026-07-01T14:43:13.013+0000] {dag.py:3954} INFO - Setting next_dagrun for weather_tomorrowio_pipeline to 2026-07-01 14:00:00+00:00, run_after=2026-07-01 15:00:00+00:00
[2026-07-01T14:43:13.020+0000] {processor.py:183} INFO - Processing /opt/airflow/dags/dag_tomorrowio.py took 0.356 seconds
[2026-07-01T14:43:43.726+0000] {processor.py:161} INFO - Started process (PID=20576) to work on /opt/airflow/dags/dag_tomorrowio.py
[2026-07-01T14:43:43.727+0000] {processor.py:830} INFO - Processing file /opt/airflow/dags/dag_tomorrowio.py for tasks to queue
[2026-07-01T14:43:43.728+0000] {logging_mixin.py:188} INFO - [2026-07-01T14:43:43.727+0000] {dagbag.py:545} INFO - Filling up the DagBag from /opt/airflow/dags/dag_tomorrowio.py
[2026-07-01T14:43:44.013+0000] {processor.py:840} INFO - DAG(s) 'weather_tomorrowio_pipeline' retrieved from /opt/airflow/dags/dag_tomorrowio.py
[2026-07-01T14:43:44.021+0000] {logging_mixin.py:188} INFO - [2026-07-01T14:43:44.021+0000] {dag.py:3096} INFO - Sync 1 DAGs
[2026-07-01T14:43:44.028+0000] {logging_mixin.py:188} INFO - [2026-07-01T14:43:44.028+0000] {dag.py:3954} INFO - Setting next_dagrun for weather_tomorrowio_pipeline to 2026-07-01 14:00:00+00:00, run_after=2026-07-01 15:00:00+00:00
[2026-07-01T14:43:44.035+0000] {processor.py:183} INFO - Processing /opt/airflow/dags/dag_tomorrowio.py took 0.317 seconds
[2026-07-01T14:44:14.924+0000] {processor.py:161} INFO - Started process (PID=20613) to work on /opt/airflow/dags/dag_tomorrowio.py
[2026-07-01T14:44:14.927+0000] {processor.py:830} INFO - Processing file /opt/airflow/dags/dag_tomorrowio.py for tasks to queue
[2026-07-01T14:44:14.928+0000] {logging_mixin.py:188} INFO - [2026-07-01T14:44:14.928+0000] {dagbag.py:545} INFO - Filling up the DagBag from /opt/airflow/dags/dag_tomorrowio.py
[2026-07-01T14:44:15.250+0000] {processor.py:840} INFO - DAG(s) 'weather_tomorrowio_pipeline' retrieved from /opt/airflow/dags/dag_tomorrowio.py
[2026-07-01T14:44:15.261+0000] {logging_mixin.py:188} INFO - [2026-07-01T14:44:15.261+0000] {dag.py:3096} INFO - Sync 1 DAGs
[2026-07-01T14:44:15.270+0000] {logging_mixin.py:188} INFO - [2026-07-01T14:44:15.270+0000] {dag.py:3954} INFO - Setting next_dagrun for weather_tomorrowio_pipeline to 2026-07-01 14:00:00+00:00, run_after=2026-07-01 15:00:00+00:00
[2026-07-01T14:44:15.278+0000] {processor.py:183} INFO - Processing /opt/airflow/dags/dag_tomorrowio.py took 0.363 seconds
[2026-07-01T14:44:45.994+0000] {processor.py:161} INFO - Started process (PID=20650) to work on /opt/airflow/dags/dag_tomorrowio.py
[2026-07-01T14:44:45.996+0000] {processor.py:830} INFO - Processing file /opt/airflow/dags/dag_tomorrowio.py for tasks to queue
[2026-07-01T14:44:45.997+0000] {logging_mixin.py:188} INFO - [2026-07-01T14:44:45.997+0000] {dagbag.py:545} INFO - Filling up the DagBag from /opt/airflow/dags/dag_tomorrowio.py
[2026-07-01T14:44:46.355+0000] {processor.py:840} INFO - DAG(s) 'weather_tomorrowio_pipeline' retrieved from /opt/airflow/dags/dag_tomorrowio.py
[2026-07-01T14:44:46.370+0000] {logging_mixin.py:188} INFO - [2026-07-01T14:44:46.370+0000] {dag.py:3096} INFO - Sync 1 DAGs
[2026-07-01T14:44:46.381+0000] {logging_mixin.py:188} INFO - [2026-07-01T14:44:46.381+0000] {dag.py:3954} INFO - Setting next_dagrun for weather_tomorrowio_pipeline to 2026-07-01 14:00:00+00:00, run_after=2026-07-01 15:00:00+00:00
[2026-07-01T14:44:46.392+0000] {processor.py:183} INFO - Processing /opt/airflow/dags/dag_tomorrowio.py took 0.406 seconds
[2026-07-01T14:45:17.201+0000] {processor.py:161} INFO - Started process (PID=20687) to work on /opt/airflow/dags/dag_tomorrowio.py
[2026-07-01T14:45:17.202+0000] {processor.py:830} INFO - Processing file /opt/airflow/dags/dag_tomorrowio.py for tasks to queue
[2026-07-01T14:45:17.203+0000] {logging_mixin.py:188} INFO - [2026-07-01T14:45:17.203+0000] {dagbag.py:545} INFO - Filling up the DagBag from /opt/airflow/dags/dag_tomorrowio.py
[2026-07-01T14:45:17.554+0000] {processor.py:840} INFO - DAG(s) 'weather_tomorrowio_pipeline' retrieved from /opt/airflow/dags/dag_tomorrowio.py
[2026-07-01T14:45:17.563+0000] {logging_mixin.py:188} INFO - [2026-07-01T14:45:17.563+0000] {dag.py:3096} INFO - Sync 1 DAGs
[2026-07-01T14:45:17.572+0000] {logging_mixin.py:188} INFO - [2026-07-01T14:45:17.572+0000] {dag.py:3954} INFO - Setting next_dagrun for weather_tomorrowio_pipeline to 2026-07-01 14:00:00+00:00, run_after=2026-07-01 15:00:00+00:00
[2026-07-01T14:45:17.580+0000] {processor.py:183} INFO - Processing /opt/airflow/dags/dag_tomorrowio.py took 0.387 seconds
[2026-07-01T14:45:48.324+0000] {processor.py:161} INFO - Started process (PID=20724) to work on /opt/airflow/dags/dag_tomorrowio.py
[2026-07-01T14:45:48.326+0000] {processor.py:830} INFO - Processing file /opt/airflow/dags/dag_tomorrowio.py for tasks to queue
[2026-07-01T14:45:48.327+0000] {logging_mixin.py:188} INFO - [2026-07-01T14:45:48.326+0000] {dagbag.py:545} INFO - Filling up the DagBag from /opt/airflow/dags/dag_tomorrowio.py
[2026-07-01T14:45:48.708+0000] {processor.py:840} INFO - DAG(s) 'weather_tomorrowio_pipeline' retrieved from /opt/airflow/dags/dag_tomorrowio.py
[2026-07-01T14:45:48.749+0000] {logging_mixin.py:188} INFO - [2026-07-01T14:45:48.749+0000] {dag.py:3096} INFO - Sync 1 DAGs
[2026-07-01T14:45:48.760+0000] {logging_mixin.py:188} INFO - [2026-07-01T14:45:48.760+0000] {dag.py:3954} INFO - Setting next_dagrun for weather_tomorrowio_pipeline to 2026-07-01 14:00:00+00:00, run_after=2026-07-01 15:00:00+00:00
[2026-07-01T14:45:48.771+0000] {processor.py:183} INFO - Processing /opt/airflow/dags/dag_tomorrowio.py took 0.459 seconds
[2026-07-01T14:46:19.464+0000] {processor.py:161} INFO - Started process (PID=20760) to work on /opt/airflow/dags/dag_tomorrowio.py
[2026-07-01T14:46:19.466+0000] {processor.py:830} INFO - Processing file /opt/airflow/dags/dag_tomorrowio.py for tasks to queue
[2026-07-01T14:46:19.470+0000] {logging_mixin.py:188} INFO - [2026-07-01T14:46:19.470+0000] {dagbag.py:545} INFO - Filling up the DagBag from /opt/airflow/dags/dag_tomorrowio.py
[2026-07-01T14:46:20.048+0000] {processor.py:840} INFO - DAG(s) 'weather_tomorrowio_pipeline' retrieved from /opt/airflow/dags/dag_tomorrowio.py
[2026-07-01T14:46:20.071+0000] {logging_mixin.py:188} INFO - [2026-07-01T14:46:20.070+0000] {dag.py:3096} INFO - Sync 1 DAGs
[2026-07-01T14:46:20.092+0000] {logging_mixin.py:188} INFO - [2026-07-01T14:46:20.092+0000] {dag.py:3954} INFO - Setting next_dagrun for weather_tomorrowio_pipeline to 2026-07-01 14:00:00+00:00, run_after=2026-07-01 15:00:00+00:00
[2026-07-01T14:46:20.105+0000] {processor.py:183} INFO - Processing /opt/airflow/dags/dag_tomorrowio.py took 0.650 seconds
[2026-07-01T14:46:50.756+0000] {processor.py:161} INFO - Started process (PID=20797) to work on /opt/airflow/dags/dag_tomorrowio.py
[2026-07-01T14:46:50.759+0000] {processor.py:830} INFO - Processing file /opt/airflow/dags/dag_tomorrowio.py for tasks to queue
[2026-07-01T14:46:50.761+0000] {logging_mixin.py:188} INFO - [2026-07-01T14:46:50.761+0000] {dagbag.py:545} INFO - Filling up the DagBag from /opt/airflow/dags/dag_tomorrowio.py
[2026-07-01T14:46:51.240+0000] {processor.py:840} INFO - DAG(s) 'weather_tomorrowio_pipeline' retrieved from /opt/airflow/dags/dag_tomorrowio.py
[2026-07-01T14:46:51.263+0000] {logging_mixin.py:188} INFO - [2026-07-01T14:46:51.263+0000] {dag.py:3096} INFO - Sync 1 DAGs
[2026-07-01T14:46:51.283+0000] {logging_mixin.py:188} INFO - [2026-07-01T14:46:51.283+0000] {dag.py:3954} INFO - Setting next_dagrun for weather_tomorrowio_pipeline to 2026-07-01 14:00:00+00:00, run_after=2026-07-01 15:00:00+00:00
[2026-07-01T14:46:51.298+0000] {processor.py:183} INFO - Processing /opt/airflow/dags/dag_tomorrowio.py took 0.548 seconds
[2026-07-01T14:47:22.222+0000] {processor.py:161} INFO - Started process (PID=20833) to work on /opt/airflow/dags/dag_tomorrowio.py
[2026-07-01T14:47:22.224+0000] {processor.py:830} INFO - Processing file /opt/airflow/dags/dag_tomorrowio.py for tasks to queue
[2026-07-01T14:47:22.229+0000] {logging_mixin.py:188} INFO - [2026-07-01T14:47:22.228+0000] {dagbag.py:545} INFO - Filling up the DagBag from /opt/airflow/dags/dag_tomorrowio.py
[2026-07-01T14:47:23.020+0000] {processor.py:840} INFO - DAG(s) 'weather_tomorrowio_pipeline' retrieved from /opt/airflow/dags/dag_tomorrowio.py
[2026-07-01T14:47:23.057+0000] {logging_mixin.py:188} INFO - [2026-07-01T14:47:23.057+0000] {dag.py:3096} INFO - Sync 1 DAGs
[2026-07-01T14:47:23.096+0000] {logging_mixin.py:188} INFO - [2026-07-01T14:47:23.096+0000] {dag.py:3954} INFO - Setting next_dagrun for weather_tomorrowio_pipeline to 2026-07-01 14:00:00+00:00, run_after=2026-07-01 15:00:00+00:00
[2026-07-01T14:47:23.124+0000] {processor.py:183} INFO - Processing /opt/airflow/dags/dag_tomorrowio.py took 0.919 seconds
[2026-07-01T14:47:53.773+0000] {processor.py:161} INFO - Started process (PID=20871) to work on /opt/airflow/dags/dag_tomorrowio.py
[2026-07-01T14:47:53.774+0000] {processor.py:830} INFO - Processing file /opt/airflow/dags/dag_tomorrowio.py for tasks to queue
[2026-07-01T14:47:53.777+0000] {logging_mixin.py:188} INFO - [2026-07-01T14:47:53.777+0000] {dagbag.py:545} INFO - Filling up the DagBag from /opt/airflow/dags/dag_tomorrowio.py
[2026-07-01T14:47:54.329+0000] {processor.py:840} INFO - DAG(s) 'weather_tomorrowio_pipeline' retrieved from /opt/airflow/dags/dag_tomorrowio.py
[2026-07-01T14:47:54.351+0000] {logging_mixin.py:188} INFO - [2026-07-01T14:47:54.350+0000] {dag.py:3096} INFO - Sync 1 DAGs
[2026-07-01T14:47:54.413+0000] {logging_mixin.py:188} INFO - [2026-07-01T14:47:54.413+0000] {dag.py:3954} INFO - Setting next_dagrun for weather_tomorrowio_pipeline to 2026-07-01 14:00:00+00:00, run_after=2026-07-01 15:00:00+00:00
[2026-07-01T14:47:54.435+0000] {processor.py:183} INFO - Processing /opt/airflow/dags/dag_tomorrowio.py took 0.669 seconds
[2026-07-01T14:48:25.417+0000] {processor.py:161} INFO - Started process (PID=20907) to work on /opt/airflow/dags/dag_tomorrowio.py
[2026-07-01T14:48:25.422+0000] {processor.py:830} INFO - Processing file /opt/airflow/dags/dag_tomorrowio.py for tasks to queue
[2026-07-01T14:48:25.425+0000] {logging_mixin.py:188} INFO - [2026-07-01T14:48:25.425+0000] {dagbag.py:545} INFO - Filling up the DagBag from /opt/airflow/dags/dag_tomorrowio.py
[2026-07-01T14:48:26.135+0000] {processor.py:840} INFO - DAG(s) 'weather_tomorrowio_pipeline' retrieved from /opt/airflow/dags/dag_tomorrowio.py
[2026-07-01T14:48:26.160+0000] {logging_mixin.py:188} INFO - [2026-07-01T14:48:26.160+0000] {dag.py:3096} INFO - Sync 1 DAGs
[2026-07-01T14:48:26.174+0000] {logging_mixin.py:188} INFO - [2026-07-01T14:48:26.174+0000] {dag.py:3954} INFO - Setting next_dagrun for weather_tomorrowio_pipeline to 2026-07-01 14:00:00+00:00, run_after=2026-07-01 15:00:00+00:00
[2026-07-01T14:48:26.193+0000] {processor.py:183} INFO - Processing /opt/airflow/dags/dag_tomorrowio.py took 0.784 seconds
[2026-07-01T14:48:56.775+0000] {processor.py:161} INFO - Started process (PID=20945) to work on /opt/airflow/dags/dag_tomorrowio.py
[2026-07-01T14:48:56.776+0000] {processor.py:830} INFO - Processing file /opt/airflow/dags/dag_tomorrowio.py for tasks to queue
[2026-07-01T14:48:56.778+0000] {logging_mixin.py:188} INFO - [2026-07-01T14:48:56.778+0000] {dagbag.py:545} INFO - Filling up the DagBag from /opt/airflow/dags/dag_tomorrowio.py
[2026-07-01T14:48:57.279+0000] {processor.py:840} INFO - DAG(s) 'weather_tomorrowio_pipeline' retrieved from /opt/airflow/dags/dag_tomorrowio.py
[2026-07-01T14:48:57.298+0000] {logging_mixin.py:188} INFO - [2026-07-01T14:48:57.297+0000] {dag.py:3096} INFO - Sync 1 DAGs
[2026-07-01T14:48:57.309+0000] {logging_mixin.py:188} INFO - [2026-07-01T14:48:57.309+0000] {dag.py:3954} INFO - Setting next_dagrun for weather_tomorrowio_pipeline to 2026-07-01 14:00:00+00:00, run_after=2026-07-01 15:00:00+00:00
[2026-07-01T14:48:57.320+0000] {processor.py:183} INFO - Processing /opt/airflow/dags/dag_tomorrowio.py took 0.549 seconds
[2026-07-01T14:49:28.254+0000] {processor.py:161} INFO - Started process (PID=20981) to work on /opt/airflow/dags/dag_tomorrowio.py
[2026-07-01T14:49:28.256+0000] {processor.py:830} INFO - Processing file /opt/airflow/dags/dag_tomorrowio.py for tasks to queue
[2026-07-01T14:49:28.262+0000] {logging_mixin.py:188} INFO - [2026-07-01T14:49:28.262+0000] {dagbag.py:545} INFO - Filling up the DagBag from /opt/airflow/dags/dag_tomorrowio.py
[2026-07-01T14:49:28.955+0000] {processor.py:840} INFO - DAG(s) 'weather_tomorrowio_pipeline' retrieved from /opt/airflow/dags/dag_tomorrowio.py
[2026-07-01T14:49:28.993+0000] {logging_mixin.py:188} INFO - [2026-07-01T14:49:28.993+0000] {dag.py:3096} INFO - Sync 1 DAGs
[2026-07-01T14:49:29.006+0000] {logging_mixin.py:188} INFO - [2026-07-01T14:49:29.006+0000] {dag.py:3954} INFO - Setting next_dagrun for weather_tomorrowio_pipeline to 2026-07-01 14:00:00+00:00, run_after=2026-07-01 15:00:00+00:00
[2026-07-01T14:49:29.018+0000] {processor.py:183} INFO - Processing /opt/airflow/dags/dag_tomorrowio.py took 0.782 seconds
[2026-07-01T14:50:00.062+0000] {processor.py:161} INFO - Started process (PID=21018) to work on /opt/airflow/dags/dag_tomorrowio.py
[2026-07-01T14:50:00.064+0000] {processor.py:830} INFO - Processing file /opt/airflow/dags/dag_tomorrowio.py for tasks to queue
[2026-07-01T14:50:00.070+0000] {logging_mixin.py:188} INFO - [2026-07-01T14:50:00.067+0000] {dagbag.py:545} INFO - Filling up the DagBag from /opt/airflow/dags/dag_tomorrowio.py
[2026-07-01T14:50:01.235+0000] {processor.py:840} INFO - DAG(s) 'weather_tomorrowio_pipeline' retrieved from /opt/airflow/dags/dag_tomorrowio.py
[2026-07-01T14:50:01.297+0000] {logging_mixin.py:188} INFO - [2026-07-01T14:50:01.295+0000] {dag.py:3096} INFO - Sync 1 DAGs
[2026-07-01T14:50:01.333+0000] {logging_mixin.py:188} INFO - [2026-07-01T14:50:01.333+0000] {dag.py:3954} INFO - Setting next_dagrun for weather_tomorrowio_pipeline to 2026-07-01 14:00:00+00:00, run_after=2026-07-01 15:00:00+00:00
[2026-07-01T14:50:01.358+0000] {processor.py:183} INFO - Processing /opt/airflow/dags/dag_tomorrowio.py took 1.326 seconds
[2026-07-01T14:50:32.184+0000] {processor.py:161} INFO - Started process (PID=21056) to work on /opt/airflow/dags/dag_tomorrowio.py
[2026-07-01T14:50:32.186+0000] {processor.py:830} INFO - Processing file /opt/airflow/dags/dag_tomorrowio.py for tasks to queue
[2026-07-01T14:50:32.188+0000] {logging_mixin.py:188} INFO - [2026-07-01T14:50:32.187+0000] {dagbag.py:545} INFO - Filling up the DagBag from /opt/airflow/dags/dag_tomorrowio.py
[2026-07-01T14:50:32.707+0000] {processor.py:840} INFO - DAG(s) 'weather_tomorrowio_pipeline' retrieved from /opt/airflow/dags/dag_tomorrowio.py
[2026-07-01T14:50:32.728+0000] {logging_mixin.py:188} INFO - [2026-07-01T14:50:32.728+0000] {dag.py:3096} INFO - Sync 1 DAGs
[2026-07-01T14:50:32.740+0000] {logging_mixin.py:188} INFO - [2026-07-01T14:50:32.740+0000] {dag.py:3954} INFO - Setting next_dagrun for weather_tomorrowio_pipeline to 2026-07-01 14:00:00+00:00, run_after=2026-07-01 15:00:00+00:00
[2026-07-01T14:50:32.752+0000] {processor.py:183} INFO - Processing /opt/airflow/dags/dag_tomorrowio.py took 0.577 seconds
[2026-07-01T14:51:03.677+0000] {processor.py:161} INFO - Started process (PID=21093) to work on /opt/airflow/dags/dag_tomorrowio.py
[2026-07-01T14:51:03.680+0000] {processor.py:830} INFO - Processing file /opt/airflow/dags/dag_tomorrowio.py for tasks to queue
[2026-07-01T14:51:03.689+0000] {logging_mixin.py:188} INFO - [2026-07-01T14:51:03.688+0000] {dagbag.py:545} INFO - Filling up the DagBag from /opt/airflow/dags/dag_tomorrowio.py
[2026-07-01T14:51:04.333+0000] {processor.py:840} INFO - DAG(s) 'weather_tomorrowio_pipeline' retrieved from /opt/airflow/dags/dag_tomorrowio.py
[2026-07-01T14:51:04.348+0000] {logging_mixin.py:188} INFO - [2026-07-01T14:51:04.348+0000] {dag.py:3096} INFO - Sync 1 DAGs
[2026-07-01T14:51:04.359+0000] {logging_mixin.py:188} INFO - [2026-07-01T14:51:04.359+0000] {dag.py:3954} INFO - Setting next_dagrun for weather_tomorrowio_pipeline to 2026-07-01 14:00:00+00:00, run_after=2026-07-01 15:00:00+00:00
[2026-07-01T14:51:04.368+0000] {processor.py:183} INFO - Processing /opt/airflow/dags/dag_tomorrowio.py took 0.716 seconds
[2026-07-01T14:51:35.146+0000] {processor.py:161} INFO - Started process (PID=21130) to work on /opt/airflow/dags/dag_tomorrowio.py
[2026-07-01T14:51:35.148+0000] {processor.py:830} INFO - Processing file /opt/airflow/dags/dag_tomorrowio.py for tasks to queue
[2026-07-01T14:51:35.150+0000] {logging_mixin.py:188} INFO - [2026-07-01T14:51:35.150+0000] {dagbag.py:545} INFO - Filling up the DagBag from /opt/airflow/dags/dag_tomorrowio.py
[2026-07-01T14:51:35.631+0000] {processor.py:840} INFO - DAG(s) 'weather_tomorrowio_pipeline' retrieved from /opt/airflow/dags/dag_tomorrowio.py
[2026-07-01T14:51:35.643+0000] {logging_mixin.py:188} INFO - [2026-07-01T14:51:35.643+0000] {dag.py:3096} INFO - Sync 1 DAGs
[2026-07-01T14:51:35.652+0000] {logging_mixin.py:188} INFO - [2026-07-01T14:51:35.652+0000] {dag.py:3954} INFO - Setting next_dagrun for weather_tomorrowio_pipeline to 2026-07-01 14:00:00+00:00, run_after=2026-07-01 15:00:00+00:00
[2026-07-01T14:51:35.661+0000] {processor.py:183} INFO - Processing /opt/airflow/dags/dag_tomorrowio.py took 0.522 seconds
[2026-07-01T14:52:06.514+0000] {processor.py:161} INFO - Started process (PID=21166) to work on /opt/airflow/dags/dag_tomorrowio.py
[2026-07-01T14:52:06.518+0000] {processor.py:830} INFO - Processing file /opt/airflow/dags/dag_tomorrowio.py for tasks to queue
[2026-07-01T14:52:06.524+0000] {logging_mixin.py:188} INFO - [2026-07-01T14:52:06.523+0000] {dagbag.py:545} INFO - Filling up the DagBag from /opt/airflow/dags/dag_tomorrowio.py
[2026-07-01T14:52:07.209+0000] {processor.py:840} INFO - DAG(s) 'weather_tomorrowio_pipeline' retrieved from /opt/airflow/dags/dag_tomorrowio.py
[2026-07-01T14:52:07.239+0000] {logging_mixin.py:188} INFO - [2026-07-01T14:52:07.239+0000] {dag.py:3096} INFO - Sync 1 DAGs
[2026-07-01T14:52:07.253+0000] {logging_mixin.py:188} INFO - [2026-07-01T14:52:07.253+0000] {dag.py:3954} INFO - Setting next_dagrun for weather_tomorrowio_pipeline to 2026-07-01 14:00:00+00:00, run_after=2026-07-01 15:00:00+00:00
[2026-07-01T14:52:07.268+0000] {processor.py:183} INFO - Processing /opt/airflow/dags/dag_tomorrowio.py took 0.773 seconds
[2026-07-01T14:52:37.972+0000] {processor.py:161} INFO - Started process (PID=21204) to work on /opt/airflow/dags/dag_tomorrowio.py
[2026-07-01T14:52:37.976+0000] {processor.py:830} INFO - Processing file /opt/airflow/dags/dag_tomorrowio.py for tasks to queue
[2026-07-01T14:52:37.981+0000] {logging_mixin.py:188} INFO - [2026-07-01T14:52:37.980+0000] {dagbag.py:545} INFO - Filling up the DagBag from /opt/airflow/dags/dag_tomorrowio.py
[2026-07-01T14:52:38.534+0000] {processor.py:840} INFO - DAG(s) 'weather_tomorrowio_pipeline' retrieved from /opt/airflow/dags/dag_tomorrowio.py
[2026-07-01T14:52:38.551+0000] {logging_mixin.py:188} INFO - [2026-07-01T14:52:38.551+0000] {dag.py:3096} INFO - Sync 1 DAGs
[2026-07-01T14:52:38.566+0000] {logging_mixin.py:188} INFO - [2026-07-01T14:52:38.566+0000] {dag.py:3954} INFO - Setting next_dagrun for weather_tomorrowio_pipeline to 2026-07-01 14:00:00+00:00, run_after=2026-07-01 15:00:00+00:00
[2026-07-01T14:52:38.574+0000] {processor.py:183} INFO - Processing /opt/airflow/dags/dag_tomorrowio.py took 0.616 seconds
[2026-07-01T14:53:09.260+0000] {processor.py:161} INFO - Started process (PID=21240) to work on /opt/airflow/dags/dag_tomorrowio.py
[2026-07-01T14:53:09.263+0000] {processor.py:830} INFO - Processing file /opt/airflow/dags/dag_tomorrowio.py for tasks to queue
[2026-07-01T14:53:09.267+0000] {logging_mixin.py:188} INFO - [2026-07-01T14:53:09.266+0000] {dagbag.py:545} INFO - Filling up the DagBag from /opt/airflow/dags/dag_tomorrowio.py
[2026-07-01T14:53:09.844+0000] {processor.py:840} INFO - DAG(s) 'weather_tomorrowio_pipeline' retrieved from /opt/airflow/dags/dag_tomorrowio.py
[2026-07-01T14:53:09.857+0000] {logging_mixin.py:188} INFO - [2026-07-01T14:53:09.857+0000] {dag.py:3096} INFO - Sync 1 DAGs
[2026-07-01T14:53:09.874+0000] {logging_mixin.py:188} INFO - [2026-07-01T14:53:09.874+0000] {dag.py:3954} INFO - Setting next_dagrun for weather_tomorrowio_pipeline to 2026-07-01 14:00:00+00:00, run_after=2026-07-01 15:00:00+00:00
[2026-07-01T14:53:09.886+0000] {processor.py:183} INFO - Processing /opt/airflow/dags/dag_tomorrowio.py took 0.639 seconds
[2026-07-01T14:53:40.597+0000] {processor.py:161} INFO - Started process (PID=21278) to work on /opt/airflow/dags/dag_tomorrowio.py
[2026-07-01T14:53:40.598+0000] {processor.py:830} INFO - Processing file /opt/airflow/dags/dag_tomorrowio.py for tasks to queue
[2026-07-01T14:53:40.601+0000] {logging_mixin.py:188} INFO - [2026-07-01T14:53:40.600+0000] {dagbag.py:545} INFO - Filling up the DagBag from /opt/airflow/dags/dag_tomorrowio.py
[2026-07-01T14:53:41.264+0000] {processor.py:840} INFO - DAG(s) 'weather_tomorrowio_pipeline' retrieved from /opt/airflow/dags/dag_tomorrowio.py
[2026-07-01T14:53:41.282+0000] {logging_mixin.py:188} INFO - [2026-07-01T14:53:41.281+0000] {dag.py:3096} INFO - Sync 1 DAGs
[2026-07-01T14:53:41.293+0000] {logging_mixin.py:188} INFO - [2026-07-01T14:53:41.293+0000] {dag.py:3954} INFO - Setting next_dagrun for weather_tomorrowio_pipeline to 2026-07-01 14:00:00+00:00, run_after=2026-07-01 15:00:00+00:00
[2026-07-01T14:53:41.303+0000] {processor.py:183} INFO - Processing /opt/airflow/dags/dag_tomorrowio.py took 0.714 seconds
[2026-07-01T14:54:12.072+0000] {processor.py:161} INFO - Started process (PID=21314) to work on /opt/airflow/dags/dag_tomorrowio.py
[2026-07-01T14:54:12.075+0000] {processor.py:830} INFO - Processing file /opt/airflow/dags/dag_tomorrowio.py for tasks to queue
[2026-07-01T14:54:12.081+0000] {logging_mixin.py:188} INFO - [2026-07-01T14:54:12.079+0000] {dagbag.py:545} INFO - Filling up the DagBag from /opt/airflow/dags/dag_tomorrowio.py
[2026-07-01T14:54:12.626+0000] {processor.py:840} INFO - DAG(s) 'weather_tomorrowio_pipeline' retrieved from /opt/airflow/dags/dag_tomorrowio.py
[2026-07-01T14:54:12.642+0000] {logging_mixin.py:188} INFO - [2026-07-01T14:54:12.642+0000] {dag.py:3096} INFO - Sync 1 DAGs
[2026-07-01T14:54:12.658+0000] {logging_mixin.py:188} INFO - [2026-07-01T14:54:12.658+0000] {dag.py:3954} INFO - Setting next_dagrun for weather_tomorrowio_pipeline to 2026-07-01 14:00:00+00:00, run_after=2026-07-01 15:00:00+00:00
[2026-07-01T14:54:12.674+0000] {processor.py:183} INFO - Processing /opt/airflow/dags/dag_tomorrowio.py took 0.623 seconds
[2026-07-01T14:54:43.498+0000] {processor.py:161} INFO - Started process (PID=21352) to work on /opt/airflow/dags/dag_tomorrowio.py
[2026-07-01T14:54:43.500+0000] {processor.py:830} INFO - Processing file /opt/airflow/dags/dag_tomorrowio.py for tasks to queue
[2026-07-01T14:54:43.504+0000] {logging_mixin.py:188} INFO - [2026-07-01T14:54:43.503+0000] {dagbag.py:545} INFO - Filling up the DagBag from /opt/airflow/dags/dag_tomorrowio.py
[2026-07-01T14:54:44.096+0000] {processor.py:840} INFO - DAG(s) 'weather_tomorrowio_pipeline' retrieved from /opt/airflow/dags/dag_tomorrowio.py
[2026-07-01T14:54:44.118+0000] {logging_mixin.py:188} INFO - [2026-07-01T14:54:44.118+0000] {dag.py:3096} INFO - Sync 1 DAGs
[2026-07-01T14:54:44.134+0000] {logging_mixin.py:188} INFO - [2026-07-01T14:54:44.133+0000] {dag.py:3954} INFO - Setting next_dagrun for weather_tomorrowio_pipeline to 2026-07-01 14:00:00+00:00, run_after=2026-07-01 15:00:00+00:00
[2026-07-01T14:54:44.143+0000] {processor.py:183} INFO - Processing /opt/airflow/dags/dag_tomorrowio.py took 0.655 seconds
[2026-07-01T14:55:14.712+0000] {processor.py:161} INFO - Started process (PID=21389) to work on /opt/airflow/dags/dag_tomorrowio.py
[2026-07-01T14:55:14.715+0000] {processor.py:830} INFO - Processing file /opt/airflow/dags/dag_tomorrowio.py for tasks to queue
[2026-07-01T14:55:14.718+0000] {logging_mixin.py:188} INFO - [2026-07-01T14:55:14.717+0000] {dagbag.py:545} INFO - Filling up the DagBag from /opt/airflow/dags/dag_tomorrowio.py
[2026-07-01T14:55:15.274+0000] {processor.py:840} INFO - DAG(s) 'weather_tomorrowio_pipeline' retrieved from /opt/airflow/dags/dag_tomorrowio.py
[2026-07-01T14:55:15.291+0000] {logging_mixin.py:188} INFO - [2026-07-01T14:55:15.291+0000] {dag.py:3096} INFO - Sync 1 DAGs
[2026-07-01T14:55:15.303+0000] {logging_mixin.py:188} INFO - [2026-07-01T14:55:15.303+0000] {dag.py:3954} INFO - Setting next_dagrun for weather_tomorrowio_pipeline to 2026-07-01 14:00:00+00:00, run_after=2026-07-01 15:00:00+00:00
[2026-07-01T14:55:15.314+0000] {processor.py:183} INFO - Processing /opt/airflow/dags/dag_tomorrowio.py took 0.612 seconds
[2026-07-01T14:55:46.055+0000] {processor.py:161} INFO - Started process (PID=21426) to work on /opt/airflow/dags/dag_tomorrowio.py
[2026-07-01T14:55:46.056+0000] {processor.py:830} INFO - Processing file /opt/airflow/dags/dag_tomorrowio.py for tasks to queue
[2026-07-01T14:55:46.059+0000] {logging_mixin.py:188} INFO - [2026-07-01T14:55:46.058+0000] {dagbag.py:545} INFO - Filling up the DagBag from /opt/airflow/dags/dag_tomorrowio.py
[2026-07-01T14:55:46.579+0000] {processor.py:840} INFO - DAG(s) 'weather_tomorrowio_pipeline' retrieved from /opt/airflow/dags/dag_tomorrowio.py
[2026-07-01T14:55:46.594+0000] {logging_mixin.py:188} INFO - [2026-07-01T14:55:46.594+0000] {dag.py:3096} INFO - Sync 1 DAGs
[2026-07-01T14:55:46.604+0000] {logging_mixin.py:188} INFO - [2026-07-01T14:55:46.603+0000] {dag.py:3954} INFO - Setting next_dagrun for weather_tomorrowio_pipeline to 2026-07-01 14:00:00+00:00, run_after=2026-07-01 15:00:00+00:00
[2026-07-01T14:55:46.613+0000] {processor.py:183} INFO - Processing /opt/airflow/dags/dag_tomorrowio.py took 0.567 seconds
[2026-07-01T14:56:17.444+0000] {processor.py:161} INFO - Started process (PID=21463) to work on /opt/airflow/dags/dag_tomorrowio.py
[2026-07-01T14:56:17.446+0000] {processor.py:830} INFO - Processing file /opt/airflow/dags/dag_tomorrowio.py for tasks to queue
[2026-07-01T14:56:17.458+0000] {logging_mixin.py:188} INFO - [2026-07-01T14:56:17.458+0000] {dagbag.py:545} INFO - Filling up the DagBag from /opt/airflow/dags/dag_tomorrowio.py
[2026-07-01T14:56:17.970+0000] {processor.py:840} INFO - DAG(s) 'weather_tomorrowio_pipeline' retrieved from /opt/airflow/dags/dag_tomorrowio.py
[2026-07-01T14:56:17.992+0000] {logging_mixin.py:188} INFO - [2026-07-01T14:56:17.992+0000] {dag.py:3096} INFO - Sync 1 DAGs
[2026-07-01T14:56:18.008+0000] {logging_mixin.py:188} INFO - [2026-07-01T14:56:18.008+0000] {dag.py:3954} INFO - Setting next_dagrun for weather_tomorrowio_pipeline to 2026-07-01 14:00:00+00:00, run_after=2026-07-01 15:00:00+00:00
[2026-07-01T14:56:18.020+0000] {processor.py:183} INFO - Processing /opt/airflow/dags/dag_tomorrowio.py took 0.592 seconds
[2026-07-01T14:56:48.709+0000] {processor.py:161} INFO - Started process (PID=21500) to work on /opt/airflow/dags/dag_tomorrowio.py
[2026-07-01T14:56:48.711+0000] {processor.py:830} INFO - Processing file /opt/airflow/dags/dag_tomorrowio.py for tasks to queue
[2026-07-01T14:56:48.719+0000] {logging_mixin.py:188} INFO - [2026-07-01T14:56:48.718+0000] {dagbag.py:545} INFO - Filling up the DagBag from /opt/airflow/dags/dag_tomorrowio.py
[2026-07-01T14:56:49.233+0000] {processor.py:840} INFO - DAG(s) 'weather_tomorrowio_pipeline' retrieved from /opt/airflow/dags/dag_tomorrowio.py
[2026-07-01T14:56:49.245+0000] {logging_mixin.py:188} INFO - [2026-07-01T14:56:49.245+0000] {dag.py:3096} INFO - Sync 1 DAGs
[2026-07-01T14:56:49.254+0000] {logging_mixin.py:188} INFO - [2026-07-01T14:56:49.254+0000] {dag.py:3954} INFO - Setting next_dagrun for weather_tomorrowio_pipeline to 2026-07-01 14:00:00+00:00, run_after=2026-07-01 15:00:00+00:00
[2026-07-01T14:56:49.262+0000] {processor.py:183} INFO - Processing /opt/airflow/dags/dag_tomorrowio.py took 0.566 seconds
[2026-07-01T14:57:20.082+0000] {processor.py:161} INFO - Started process (PID=21536) to work on /opt/airflow/dags/dag_tomorrowio.py
[2026-07-01T14:57:20.083+0000] {processor.py:830} INFO - Processing file /opt/airflow/dags/dag_tomorrowio.py for tasks to queue
[2026-07-01T14:57:20.092+0000] {logging_mixin.py:188} INFO - [2026-07-01T14:57:20.092+0000] {dagbag.py:545} INFO - Filling up the DagBag from /opt/airflow/dags/dag_tomorrowio.py
[2026-07-01T14:57:20.670+0000] {processor.py:840} INFO - DAG(s) 'weather_tomorrowio_pipeline' retrieved from /opt/airflow/dags/dag_tomorrowio.py
[2026-07-01T14:57:20.689+0000] {logging_mixin.py:188} INFO - [2026-07-01T14:57:20.688+0000] {dag.py:3096} INFO - Sync 1 DAGs
[2026-07-01T14:57:20.703+0000] {logging_mixin.py:188} INFO - [2026-07-01T14:57:20.703+0000] {dag.py:3954} INFO - Setting next_dagrun for weather_tomorrowio_pipeline to 2026-07-01 14:00:00+00:00, run_after=2026-07-01 15:00:00+00:00
[2026-07-01T14:57:20.714+0000] {processor.py:183} INFO - Processing /opt/airflow/dags/dag_tomorrowio.py took 0.638 seconds
[2026-07-01T14:57:51.468+0000] {processor.py:161} INFO - Started process (PID=21574) to work on /opt/airflow/dags/dag_tomorrowio.py
[2026-07-01T14:57:51.469+0000] {processor.py:830} INFO - Processing file /opt/airflow/dags/dag_tomorrowio.py for tasks to queue
[2026-07-01T14:57:51.474+0000] {logging_mixin.py:188} INFO - [2026-07-01T14:57:51.473+0000] {dagbag.py:545} INFO - Filling up the DagBag from /opt/airflow/dags/dag_tomorrowio.py
[2026-07-01T14:57:52.039+0000] {processor.py:840} INFO - DAG(s) 'weather_tomorrowio_pipeline' retrieved from /opt/airflow/dags/dag_tomorrowio.py
[2026-07-01T14:57:52.063+0000] {logging_mixin.py:188} INFO - [2026-07-01T14:57:52.063+0000] {dag.py:3096} INFO - Sync 1 DAGs
[2026-07-01T14:57:52.084+0000] {logging_mixin.py:188} INFO - [2026-07-01T14:57:52.084+0000] {dag.py:3954} INFO - Setting next_dagrun for weather_tomorrowio_pipeline to 2026-07-01 14:00:00+00:00, run_after=2026-07-01 15:00:00+00:00
[2026-07-01T14:57:52.099+0000] {processor.py:183} INFO - Processing /opt/airflow/dags/dag_tomorrowio.py took 0.640 seconds
[2026-07-01T14:58:22.336+0000] {processor.py:161} INFO - Started process (PID=21610) to work on /opt/airflow/dags/dag_tomorrowio.py
[2026-07-01T14:58:22.338+0000] {processor.py:830} INFO - Processing file /opt/airflow/dags/dag_tomorrowio.py for tasks to queue
[2026-07-01T14:58:22.342+0000] {logging_mixin.py:188} INFO - [2026-07-01T14:58:22.342+0000] {dagbag.py:545} INFO - Filling up the DagBag from /opt/airflow/dags/dag_tomorrowio.py
[2026-07-01T14:58:22.977+0000] {processor.py:840} INFO - DAG(s) 'weather_tomorrowio_pipeline' retrieved from /opt/airflow/dags/dag_tomorrowio.py
[2026-07-01T14:58:23.028+0000] {logging_mixin.py:188} INFO - [2026-07-01T14:58:23.026+0000] {dag.py:3096} INFO - Sync 1 DAGs
[2026-07-01T14:58:23.045+0000] {logging_mixin.py:188} INFO - [2026-07-01T14:58:23.045+0000] {dag.py:3954} INFO - Setting next_dagrun for weather_tomorrowio_pipeline to 2026-07-01 14:00:00+00:00, run_after=2026-07-01 15:00:00+00:00
[2026-07-01T14:58:23.056+0000] {processor.py:183} INFO - Processing /opt/airflow/dags/dag_tomorrowio.py took 0.732 seconds
[2026-07-01T14:58:53.731+0000] {processor.py:161} INFO - Started process (PID=21648) to work on /opt/airflow/dags/dag_tomorrowio.py
[2026-07-01T14:58:53.735+0000] {processor.py:830} INFO - Processing file /opt/airflow/dags/dag_tomorrowio.py for tasks to queue
[2026-07-01T14:58:53.742+0000] {logging_mixin.py:188} INFO - [2026-07-01T14:58:53.741+0000] {dagbag.py:545} INFO - Filling up the DagBag from /opt/airflow/dags/dag_tomorrowio.py
[2026-07-01T14:58:54.279+0000] {processor.py:840} INFO - DAG(s) 'weather_tomorrowio_pipeline' retrieved from /opt/airflow/dags/dag_tomorrowio.py
[2026-07-01T14:58:54.297+0000] {logging_mixin.py:188} INFO - [2026-07-01T14:58:54.296+0000] {dag.py:3096} INFO - Sync 1 DAGs
[2026-07-01T14:58:54.306+0000] {logging_mixin.py:188} INFO - [2026-07-01T14:58:54.306+0000] {dag.py:3954} INFO - Setting next_dagrun for weather_tomorrowio_pipeline to 2026-07-01 14:00:00+00:00, run_after=2026-07-01 15:00:00+00:00
[2026-07-01T14:58:54.315+0000] {processor.py:183} INFO - Processing /opt/airflow/dags/dag_tomorrowio.py took 0.596 seconds
[2026-07-01T14:59:25.071+0000] {processor.py:161} INFO - Started process (PID=21684) to work on /opt/airflow/dags/dag_tomorrowio.py
[2026-07-01T14:59:25.074+0000] {processor.py:830} INFO - Processing file /opt/airflow/dags/dag_tomorrowio.py for tasks to queue
[2026-07-01T14:59:25.079+0000] {logging_mixin.py:188} INFO - [2026-07-01T14:59:25.079+0000] {dagbag.py:545} INFO - Filling up the DagBag from /opt/airflow/dags/dag_tomorrowio.py
[2026-07-01T14:59:25.645+0000] {processor.py:840} INFO - DAG(s) 'weather_tomorrowio_pipeline' retrieved from /opt/airflow/dags/dag_tomorrowio.py
[2026-07-01T14:59:25.666+0000] {logging_mixin.py:188} INFO - [2026-07-01T14:59:25.666+0000] {dag.py:3096} INFO - Sync 1 DAGs
[2026-07-01T14:59:25.679+0000] {logging_mixin.py:188} INFO - [2026-07-01T14:59:25.679+0000] {dag.py:3954} INFO - Setting next_dagrun for weather_tomorrowio_pipeline to 2026-07-01 14:00:00+00:00, run_after=2026-07-01 15:00:00+00:00
[2026-07-01T14:59:25.689+0000] {processor.py:183} INFO - Processing /opt/airflow/dags/dag_tomorrowio.py took 0.629 seconds
[2026-07-01T14:59:56.416+0000] {processor.py:161} INFO - Started process (PID=21720) to work on /opt/airflow/dags/dag_tomorrowio.py
[2026-07-01T14:59:56.418+0000] {processor.py:830} INFO - Processing file /opt/airflow/dags/dag_tomorrowio.py for tasks to queue
[2026-07-01T14:59:56.420+0000] {logging_mixin.py:188} INFO - [2026-07-01T14:59:56.420+0000] {dagbag.py:545} INFO - Filling up the DagBag from /opt/airflow/dags/dag_tomorrowio.py
[2026-07-01T14:59:56.943+0000] {processor.py:840} INFO - DAG(s) 'weather_tomorrowio_pipeline' retrieved from /opt/airflow/dags/dag_tomorrowio.py
[2026-07-01T14:59:56.966+0000] {logging_mixin.py:188} INFO - [2026-07-01T14:59:56.965+0000] {dag.py:3096} INFO - Sync 1 DAGs
[2026-07-01T14:59:56.979+0000] {logging_mixin.py:188} INFO - [2026-07-01T14:59:56.979+0000] {dag.py:3954} INFO - Setting next_dagrun for weather_tomorrowio_pipeline to 2026-07-01 14:00:00+00:00, run_after=2026-07-01 15:00:00+00:00
[2026-07-01T14:59:56.996+0000] {processor.py:183} INFO - Processing /opt/airflow/dags/dag_tomorrowio.py took 0.585 seconds
[2026-07-01T15:00:27.824+0000] {processor.py:161} INFO - Started process (PID=22343) to work on /opt/airflow/dags/dag_tomorrowio.py
[2026-07-01T15:00:27.826+0000] {processor.py:830} INFO - Processing file /opt/airflow/dags/dag_tomorrowio.py for tasks to queue
[2026-07-01T15:00:27.829+0000] {logging_mixin.py:188} INFO - [2026-07-01T15:00:27.828+0000] {dagbag.py:545} INFO - Filling up the DagBag from /opt/airflow/dags/dag_tomorrowio.py
[2026-07-01T15:00:28.257+0000] {processor.py:840} INFO - DAG(s) 'weather_tomorrowio_pipeline' retrieved from /opt/airflow/dags/dag_tomorrowio.py
[2026-07-01T15:00:28.277+0000] {logging_mixin.py:188} INFO - [2026-07-01T15:00:28.277+0000] {dag.py:3096} INFO - Sync 1 DAGs
[2026-07-01T15:00:28.289+0000] {logging_mixin.py:188} INFO - [2026-07-01T15:00:28.289+0000] {dag.py:3954} INFO - Setting next_dagrun for weather_tomorrowio_pipeline to 2026-07-01 15:00:00+00:00, run_after=2026-07-01 16:00:00+00:00
[2026-07-01T15:00:28.306+0000] {processor.py:183} INFO - Processing /opt/airflow/dags/dag_tomorrowio.py took 0.487 seconds
[2026-07-01T15:00:59.478+0000] {processor.py:161} INFO - Started process (PID=22380) to work on /opt/airflow/dags/dag_tomorrowio.py
[2026-07-01T15:00:59.484+0000] {processor.py:830} INFO - Processing file /opt/airflow/dags/dag_tomorrowio.py for tasks to queue
[2026-07-01T15:00:59.491+0000] {logging_mixin.py:188} INFO - [2026-07-01T15:00:59.489+0000] {dagbag.py:545} INFO - Filling up the DagBag from /opt/airflow/dags/dag_tomorrowio.py
[2026-07-01T15:01:00.937+0000] {processor.py:840} INFO - DAG(s) 'weather_tomorrowio_pipeline' retrieved from /opt/airflow/dags/dag_tomorrowio.py
[2026-07-01T15:01:01.117+0000] {logging_mixin.py:188} INFO - [2026-07-01T15:01:01.116+0000] {dag.py:3096} INFO - Sync 1 DAGs
[2026-07-01T15:01:01.187+0000] {logging_mixin.py:188} INFO - [2026-07-01T15:01:01.186+0000] {dag.py:3954} INFO - Setting next_dagrun for weather_tomorrowio_pipeline to 2026-07-01 15:00:00+00:00, run_after=2026-07-01 16:00:00+00:00
[2026-07-01T15:01:01.279+0000] {processor.py:183} INFO - Processing /opt/airflow/dags/dag_tomorrowio.py took 1.816 seconds
[2026-07-01T15:01:32.417+0000] {processor.py:161} INFO - Started process (PID=22414) to work on /opt/airflow/dags/dag_tomorrowio.py
[2026-07-01T15:01:32.421+0000] {processor.py:830} INFO - Processing file /opt/airflow/dags/dag_tomorrowio.py for tasks to queue
[2026-07-01T15:01:32.426+0000] {logging_mixin.py:188} INFO - [2026-07-01T15:01:32.425+0000] {dagbag.py:545} INFO - Filling up the DagBag from /opt/airflow/dags/dag_tomorrowio.py
[2026-07-01T15:01:33.914+0000] {processor.py:840} INFO - DAG(s) 'weather_tomorrowio_pipeline' retrieved from /opt/airflow/dags/dag_tomorrowio.py
[2026-07-01T15:01:33.989+0000] {logging_mixin.py:188} INFO - [2026-07-01T15:01:33.987+0000] {dag.py:3096} INFO - Sync 1 DAGs
[2026-07-01T15:01:34.024+0000] {logging_mixin.py:188} INFO - [2026-07-01T15:01:34.024+0000] {dag.py:3954} INFO - Setting next_dagrun for weather_tomorrowio_pipeline to 2026-07-01 15:00:00+00:00, run_after=2026-07-01 16:00:00+00:00
[2026-07-01T15:01:34.043+0000] {processor.py:183} INFO - Processing /opt/airflow/dags/dag_tomorrowio.py took 1.646 seconds
[2026-07-01T15:02:05.383+0000] {processor.py:161} INFO - Started process (PID=22480) to work on /opt/airflow/dags/dag_tomorrowio.py
[2026-07-01T15:02:05.384+0000] {processor.py:830} INFO - Processing file /opt/airflow/dags/dag_tomorrowio.py for tasks to queue
[2026-07-01T15:02:05.385+0000] {logging_mixin.py:188} INFO - [2026-07-01T15:02:05.385+0000] {dagbag.py:545} INFO - Filling up the DagBag from /opt/airflow/dags/dag_tomorrowio.py
[2026-07-01T15:02:05.753+0000] {processor.py:840} INFO - DAG(s) 'weather_tomorrowio_pipeline' retrieved from /opt/airflow/dags/dag_tomorrowio.py
[2026-07-01T15:02:05.776+0000] {logging_mixin.py:188} INFO - [2026-07-01T15:02:05.776+0000] {dag.py:3096} INFO - Sync 1 DAGs
[2026-07-01T15:02:05.787+0000] {logging_mixin.py:188} INFO - [2026-07-01T15:02:05.787+0000] {dag.py:3954} INFO - Setting next_dagrun for weather_tomorrowio_pipeline to 2026-07-01 15:00:00+00:00, run_after=2026-07-01 16:00:00+00:00
[2026-07-01T15:02:05.801+0000] {processor.py:183} INFO - Processing /opt/airflow/dags/dag_tomorrowio.py took 0.426 seconds
[2026-07-01T15:02:36.502+0000] {processor.py:161} INFO - Started process (PID=22516) to work on /opt/airflow/dags/dag_tomorrowio.py
[2026-07-01T15:02:36.503+0000] {processor.py:830} INFO - Processing file /opt/airflow/dags/dag_tomorrowio.py for tasks to queue
[2026-07-01T15:02:36.505+0000] {logging_mixin.py:188} INFO - [2026-07-01T15:02:36.505+0000] {dagbag.py:545} INFO - Filling up the DagBag from /opt/airflow/dags/dag_tomorrowio.py
[2026-07-01T15:02:37.006+0000] {processor.py:840} INFO - DAG(s) 'weather_tomorrowio_pipeline' retrieved from /opt/airflow/dags/dag_tomorrowio.py
[2026-07-01T15:02:37.024+0000] {logging_mixin.py:188} INFO - [2026-07-01T15:02:37.023+0000] {dag.py:3096} INFO - Sync 1 DAGs
[2026-07-01T15:02:37.033+0000] {logging_mixin.py:188} INFO - [2026-07-01T15:02:37.033+0000] {dag.py:3954} INFO - Setting next_dagrun for weather_tomorrowio_pipeline to 2026-07-01 15:00:00+00:00, run_after=2026-07-01 16:00:00+00:00
[2026-07-01T15:02:37.042+0000] {processor.py:183} INFO - Processing /opt/airflow/dags/dag_tomorrowio.py took 0.545 seconds
[2026-07-01T15:03:07.781+0000] {processor.py:161} INFO - Started process (PID=22553) to work on /opt/airflow/dags/dag_tomorrowio.py
[2026-07-01T15:03:07.782+0000] {processor.py:830} INFO - Processing file /opt/airflow/dags/dag_tomorrowio.py for tasks to queue
[2026-07-01T15:03:07.784+0000] {logging_mixin.py:188} INFO - [2026-07-01T15:03:07.784+0000] {dagbag.py:545} INFO - Filling up the DagBag from /opt/airflow/dags/dag_tomorrowio.py
[2026-07-01T15:03:08.289+0000] {processor.py:840} INFO - DAG(s) 'weather_tomorrowio_pipeline' retrieved from /opt/airflow/dags/dag_tomorrowio.py
[2026-07-01T15:03:08.312+0000] {logging_mixin.py:188} INFO - [2026-07-01T15:03:08.312+0000] {dag.py:3096} INFO - Sync 1 DAGs
[2026-07-01T15:03:08.328+0000] {logging_mixin.py:188} INFO - [2026-07-01T15:03:08.328+0000] {dag.py:3954} INFO - Setting next_dagrun for weather_tomorrowio_pipeline to 2026-07-01 15:00:00+00:00, run_after=2026-07-01 16:00:00+00:00
[2026-07-01T15:03:08.340+0000] {processor.py:183} INFO - Processing /opt/airflow/dags/dag_tomorrowio.py took 0.566 seconds
[2026-07-01T15:03:39.000+0000] {processor.py:161} INFO - Started process (PID=22589) to work on /opt/airflow/dags/dag_tomorrowio.py
[2026-07-01T15:03:39.001+0000] {processor.py:830} INFO - Processing file /opt/airflow/dags/dag_tomorrowio.py for tasks to queue
[2026-07-01T15:03:39.003+0000] {logging_mixin.py:188} INFO - [2026-07-01T15:03:39.002+0000] {dagbag.py:545} INFO - Filling up the DagBag from /opt/airflow/dags/dag_tomorrowio.py
[2026-07-01T15:03:39.411+0000] {processor.py:840} INFO - DAG(s) 'weather_tomorrowio_pipeline' retrieved from /opt/airflow/dags/dag_tomorrowio.py
[2026-07-01T15:03:39.427+0000] {logging_mixin.py:188} INFO - [2026-07-01T15:03:39.426+0000] {dag.py:3096} INFO - Sync 1 DAGs
[2026-07-01T15:03:39.437+0000] {logging_mixin.py:188} INFO - [2026-07-01T15:03:39.437+0000] {dag.py:3954} INFO - Setting next_dagrun for weather_tomorrowio_pipeline to 2026-07-01 15:00:00+00:00, run_after=2026-07-01 16:00:00+00:00
[2026-07-01T15:03:39.445+0000] {processor.py:183} INFO - Processing /opt/airflow/dags/dag_tomorrowio.py took 0.449 seconds
[2026-07-01T15:04:10.265+0000] {processor.py:161} INFO - Started process (PID=22627) to work on /opt/airflow/dags/dag_tomorrowio.py
[2026-07-01T15:04:10.266+0000] {processor.py:830} INFO - Processing file /opt/airflow/dags/dag_tomorrowio.py for tasks to queue
[2026-07-01T15:04:10.268+0000] {logging_mixin.py:188} INFO - [2026-07-01T15:04:10.268+0000] {dagbag.py:545} INFO - Filling up the DagBag from /opt/airflow/dags/dag_tomorrowio.py
[2026-07-01T15:04:10.810+0000] {processor.py:840} INFO - DAG(s) 'weather_tomorrowio_pipeline' retrieved from /opt/airflow/dags/dag_tomorrowio.py
[2026-07-01T15:04:10.832+0000] {logging_mixin.py:188} INFO - [2026-07-01T15:04:10.831+0000] {dag.py:3096} INFO - Sync 1 DAGs
[2026-07-01T15:04:10.841+0000] {logging_mixin.py:188} INFO - [2026-07-01T15:04:10.841+0000] {dag.py:3954} INFO - Setting next_dagrun for weather_tomorrowio_pipeline to 2026-07-01 15:00:00+00:00, run_after=2026-07-01 16:00:00+00:00
[2026-07-01T15:04:10.850+0000] {processor.py:183} INFO - Processing /opt/airflow/dags/dag_tomorrowio.py took 0.590 seconds
[2026-07-01T15:04:41.500+0000] {processor.py:161} INFO - Started process (PID=22664) to work on /opt/airflow/dags/dag_tomorrowio.py
[2026-07-01T15:04:41.501+0000] {processor.py:830} INFO - Processing file /opt/airflow/dags/dag_tomorrowio.py for tasks to queue
[2026-07-01T15:04:41.503+0000] {logging_mixin.py:188} INFO - [2026-07-01T15:04:41.502+0000] {dagbag.py:545} INFO - Filling up the DagBag from /opt/airflow/dags/dag_tomorrowio.py
[2026-07-01T15:04:41.980+0000] {processor.py:840} INFO - DAG(s) 'weather_tomorrowio_pipeline' retrieved from /opt/airflow/dags/dag_tomorrowio.py
[2026-07-01T15:04:41.996+0000] {logging_mixin.py:188} INFO - [2026-07-01T15:04:41.996+0000] {dag.py:3096} INFO - Sync 1 DAGs
[2026-07-01T15:04:42.010+0000] {logging_mixin.py:188} INFO - [2026-07-01T15:04:42.010+0000] {dag.py:3954} INFO - Setting next_dagrun for weather_tomorrowio_pipeline to 2026-07-01 15:00:00+00:00, run_after=2026-07-01 16:00:00+00:00
[2026-07-01T15:04:42.021+0000] {processor.py:183} INFO - Processing /opt/airflow/dags/dag_tomorrowio.py took 0.528 seconds
[2026-07-01T15:05:12.823+0000] {processor.py:161} INFO - Started process (PID=22701) to work on /opt/airflow/dags/dag_tomorrowio.py
[2026-07-01T15:05:12.829+0000] {processor.py:830} INFO - Processing file /opt/airflow/dags/dag_tomorrowio.py for tasks to queue
[2026-07-01T15:05:12.835+0000] {logging_mixin.py:188} INFO - [2026-07-01T15:05:12.833+0000] {dagbag.py:545} INFO - Filling up the DagBag from /opt/airflow/dags/dag_tomorrowio.py
[2026-07-01T15:05:13.428+0000] {processor.py:840} INFO - DAG(s) 'weather_tomorrowio_pipeline' retrieved from /opt/airflow/dags/dag_tomorrowio.py
[2026-07-01T15:05:13.452+0000] {logging_mixin.py:188} INFO - [2026-07-01T15:05:13.452+0000] {dag.py:3096} INFO - Sync 1 DAGs
[2026-07-01T15:05:13.464+0000] {logging_mixin.py:188} INFO - [2026-07-01T15:05:13.464+0000] {dag.py:3954} INFO - Setting next_dagrun for weather_tomorrowio_pipeline to 2026-07-01 15:00:00+00:00, run_after=2026-07-01 16:00:00+00:00
[2026-07-01T15:05:13.477+0000] {processor.py:183} INFO - Processing /opt/airflow/dags/dag_tomorrowio.py took 0.677 seconds
[2026-07-01T15:05:44.141+0000] {processor.py:161} INFO - Started process (PID=22738) to work on /opt/airflow/dags/dag_tomorrowio.py
[2026-07-01T15:05:44.143+0000] {processor.py:830} INFO - Processing file /opt/airflow/dags/dag_tomorrowio.py for tasks to queue
[2026-07-01T15:05:44.146+0000] {logging_mixin.py:188} INFO - [2026-07-01T15:05:44.145+0000] {dagbag.py:545} INFO - Filling up the DagBag from /opt/airflow/dags/dag_tomorrowio.py
[2026-07-01T15:05:44.658+0000] {processor.py:840} INFO - DAG(s) 'weather_tomorrowio_pipeline' retrieved from /opt/airflow/dags/dag_tomorrowio.py
[2026-07-01T15:05:44.677+0000] {logging_mixin.py:188} INFO - [2026-07-01T15:05:44.677+0000] {dag.py:3096} INFO - Sync 1 DAGs
[2026-07-01T15:05:44.688+0000] {logging_mixin.py:188} INFO - [2026-07-01T15:05:44.688+0000] {dag.py:3954} INFO - Setting next_dagrun for weather_tomorrowio_pipeline to 2026-07-01 15:00:00+00:00, run_after=2026-07-01 16:00:00+00:00
[2026-07-01T15:05:44.700+0000] {processor.py:183} INFO - Processing /opt/airflow/dags/dag_tomorrowio.py took 0.568 seconds
[2026-07-01T15:06:15.390+0000] {processor.py:161} INFO - Started process (PID=22775) to work on /opt/airflow/dags/dag_tomorrowio.py
[2026-07-01T15:06:15.391+0000] {processor.py:830} INFO - Processing file /opt/airflow/dags/dag_tomorrowio.py for tasks to queue
[2026-07-01T15:06:15.394+0000] {logging_mixin.py:188} INFO - [2026-07-01T15:06:15.394+0000] {dagbag.py:545} INFO - Filling up the DagBag from /opt/airflow/dags/dag_tomorrowio.py
[2026-07-01T15:06:15.862+0000] {processor.py:840} INFO - DAG(s) 'weather_tomorrowio_pipeline' retrieved from /opt/airflow/dags/dag_tomorrowio.py
[2026-07-01T15:06:15.880+0000] {logging_mixin.py:188} INFO - [2026-07-01T15:06:15.880+0000] {dag.py:3096} INFO - Sync 1 DAGs
[2026-07-01T15:06:15.891+0000] {logging_mixin.py:188} INFO - [2026-07-01T15:06:15.890+0000] {dag.py:3954} INFO - Setting next_dagrun for weather_tomorrowio_pipeline to 2026-07-01 15:00:00+00:00, run_after=2026-07-01 16:00:00+00:00
[2026-07-01T15:06:15.903+0000] {processor.py:183} INFO - Processing /opt/airflow/dags/dag_tomorrowio.py took 0.523 seconds
[2026-07-01T15:06:46.490+0000] {processor.py:161} INFO - Started process (PID=22812) to work on /opt/airflow/dags/dag_tomorrowio.py
[2026-07-01T15:06:46.493+0000] {processor.py:830} INFO - Processing file /opt/airflow/dags/dag_tomorrowio.py for tasks to queue
[2026-07-01T15:06:46.495+0000] {logging_mixin.py:188} INFO - [2026-07-01T15:06:46.495+0000] {dagbag.py:545} INFO - Filling up the DagBag from /opt/airflow/dags/dag_tomorrowio.py
[2026-07-01T15:06:46.884+0000] {processor.py:840} INFO - DAG(s) 'weather_tomorrowio_pipeline' retrieved from /opt/airflow/dags/dag_tomorrowio.py
[2026-07-01T15:06:46.898+0000] {logging_mixin.py:188} INFO - [2026-07-01T15:06:46.898+0000] {dag.py:3096} INFO - Sync 1 DAGs
[2026-07-01T15:06:46.907+0000] {logging_mixin.py:188} INFO - [2026-07-01T15:06:46.907+0000] {dag.py:3954} INFO - Setting next_dagrun for weather_tomorrowio_pipeline to 2026-07-01 15:00:00+00:00, run_after=2026-07-01 16:00:00+00:00
[2026-07-01T15:06:46.917+0000] {processor.py:183} INFO - Processing /opt/airflow/dags/dag_tomorrowio.py took 0.431 seconds
[2026-07-01T15:07:17.576+0000] {processor.py:161} INFO - Started process (PID=22848) to work on /opt/airflow/dags/dag_tomorrowio.py
[2026-07-01T15:07:17.579+0000] {processor.py:830} INFO - Processing file /opt/airflow/dags/dag_tomorrowio.py for tasks to queue
[2026-07-01T15:07:17.581+0000] {logging_mixin.py:188} INFO - [2026-07-01T15:07:17.581+0000] {dagbag.py:545} INFO - Filling up the DagBag from /opt/airflow/dags/dag_tomorrowio.py
[2026-07-01T15:07:18.058+0000] {processor.py:840} INFO - DAG(s) 'weather_tomorrowio_pipeline' retrieved from /opt/airflow/dags/dag_tomorrowio.py
[2026-07-01T15:07:18.075+0000] {logging_mixin.py:188} INFO - [2026-07-01T15:07:18.075+0000] {dag.py:3096} INFO - Sync 1 DAGs
[2026-07-01T15:07:18.086+0000] {logging_mixin.py:188} INFO - [2026-07-01T15:07:18.086+0000] {dag.py:3954} INFO - Setting next_dagrun for weather_tomorrowio_pipeline to 2026-07-01 15:00:00+00:00, run_after=2026-07-01 16:00:00+00:00
[2026-07-01T15:07:18.097+0000] {processor.py:183} INFO - Processing /opt/airflow/dags/dag_tomorrowio.py took 0.538 seconds
[2026-07-01T15:07:48.945+0000] {processor.py:161} INFO - Started process (PID=22885) to work on /opt/airflow/dags/dag_tomorrowio.py
[2026-07-01T15:07:48.948+0000] {processor.py:830} INFO - Processing file /opt/airflow/dags/dag_tomorrowio.py for tasks to queue
[2026-07-01T15:07:48.958+0000] {logging_mixin.py:188} INFO - [2026-07-01T15:07:48.957+0000] {dagbag.py:545} INFO - Filling up the DagBag from /opt/airflow/dags/dag_tomorrowio.py
[2026-07-01T15:07:49.644+0000] {processor.py:840} INFO - DAG(s) 'weather_tomorrowio_pipeline' retrieved from /opt/airflow/dags/dag_tomorrowio.py
[2026-07-01T15:07:49.661+0000] {logging_mixin.py:188} INFO - [2026-07-01T15:07:49.661+0000] {dag.py:3096} INFO - Sync 1 DAGs
[2026-07-01T15:07:49.673+0000] {logging_mixin.py:188} INFO - [2026-07-01T15:07:49.672+0000] {dag.py:3954} INFO - Setting next_dagrun for weather_tomorrowio_pipeline to 2026-07-01 15:00:00+00:00, run_after=2026-07-01 16:00:00+00:00
[2026-07-01T15:07:49.682+0000] {processor.py:183} INFO - Processing /opt/airflow/dags/dag_tomorrowio.py took 0.751 seconds
[2026-07-01T15:08:20.474+0000] {processor.py:161} INFO - Started process (PID=22923) to work on /opt/airflow/dags/dag_tomorrowio.py
[2026-07-01T15:08:20.475+0000] {processor.py:830} INFO - Processing file /opt/airflow/dags/dag_tomorrowio.py for tasks to queue
[2026-07-01T15:08:20.480+0000] {logging_mixin.py:188} INFO - [2026-07-01T15:08:20.479+0000] {dagbag.py:545} INFO - Filling up the DagBag from /opt/airflow/dags/dag_tomorrowio.py
[2026-07-01T15:08:20.927+0000] {processor.py:840} INFO - DAG(s) 'weather_tomorrowio_pipeline' retrieved from /opt/airflow/dags/dag_tomorrowio.py
[2026-07-01T15:08:20.939+0000] {logging_mixin.py:188} INFO - [2026-07-01T15:08:20.939+0000] {dag.py:3096} INFO - Sync 1 DAGs
[2026-07-01T15:08:20.948+0000] {logging_mixin.py:188} INFO - [2026-07-01T15:08:20.948+0000] {dag.py:3954} INFO - Setting next_dagrun for weather_tomorrowio_pipeline to 2026-07-01 15:00:00+00:00, run_after=2026-07-01 16:00:00+00:00
[2026-07-01T15:08:20.956+0000] {processor.py:183} INFO - Processing /opt/airflow/dags/dag_tomorrowio.py took 0.488 seconds
[2026-07-01T15:08:51.540+0000] {processor.py:161} INFO - Started process (PID=22960) to work on /opt/airflow/dags/dag_tomorrowio.py
[2026-07-01T15:08:51.542+0000] {processor.py:830} INFO - Processing file /opt/airflow/dags/dag_tomorrowio.py for tasks to queue
[2026-07-01T15:08:51.545+0000] {logging_mixin.py:188} INFO - [2026-07-01T15:08:51.545+0000] {dagbag.py:545} INFO - Filling up the DagBag from /opt/airflow/dags/dag_tomorrowio.py
[2026-07-01T15:08:52.016+0000] {processor.py:840} INFO - DAG(s) 'weather_tomorrowio_pipeline' retrieved from /opt/airflow/dags/dag_tomorrowio.py
[2026-07-01T15:08:52.029+0000] {logging_mixin.py:188} INFO - [2026-07-01T15:08:52.029+0000] {dag.py:3096} INFO - Sync 1 DAGs
[2026-07-01T15:08:52.038+0000] {logging_mixin.py:188} INFO - [2026-07-01T15:08:52.038+0000] {dag.py:3954} INFO - Setting next_dagrun for weather_tomorrowio_pipeline to 2026-07-01 15:00:00+00:00, run_after=2026-07-01 16:00:00+00:00
[2026-07-01T15:08:52.046+0000] {processor.py:183} INFO - Processing /opt/airflow/dags/dag_tomorrowio.py took 0.512 seconds
[2026-07-01T15:09:22.920+0000] {processor.py:161} INFO - Started process (PID=22995) to work on /opt/airflow/dags/dag_tomorrowio.py
[2026-07-01T15:09:22.923+0000] {processor.py:830} INFO - Processing file /opt/airflow/dags/dag_tomorrowio.py for tasks to queue
[2026-07-01T15:09:22.927+0000] {logging_mixin.py:188} INFO - [2026-07-01T15:09:22.926+0000] {dagbag.py:545} INFO - Filling up the DagBag from /opt/airflow/dags/dag_tomorrowio.py
[2026-07-01T15:09:23.448+0000] {processor.py:840} INFO - DAG(s) 'weather_tomorrowio_pipeline' retrieved from /opt/airflow/dags/dag_tomorrowio.py
[2026-07-01T15:09:23.461+0000] {logging_mixin.py:188} INFO - [2026-07-01T15:09:23.461+0000] {dag.py:3096} INFO - Sync 1 DAGs
[2026-07-01T15:09:23.469+0000] {logging_mixin.py:188} INFO - [2026-07-01T15:09:23.469+0000] {dag.py:3954} INFO - Setting next_dagrun for weather_tomorrowio_pipeline to 2026-07-01 15:00:00+00:00, run_after=2026-07-01 16:00:00+00:00
[2026-07-01T15:09:23.477+0000] {processor.py:183} INFO - Processing /opt/airflow/dags/dag_tomorrowio.py took 0.570 seconds
[2026-07-01T15:09:53.985+0000] {processor.py:161} INFO - Started process (PID=23034) to work on /opt/airflow/dags/dag_tomorrowio.py
[2026-07-01T15:09:53.987+0000] {processor.py:830} INFO - Processing file /opt/airflow/dags/dag_tomorrowio.py for tasks to queue
[2026-07-01T15:09:53.989+0000] {logging_mixin.py:188} INFO - [2026-07-01T15:09:53.989+0000] {dagbag.py:545} INFO - Filling up the DagBag from /opt/airflow/dags/dag_tomorrowio.py
[2026-07-01T15:09:54.441+0000] {processor.py:840} INFO - DAG(s) 'weather_tomorrowio_pipeline' retrieved from /opt/airflow/dags/dag_tomorrowio.py
[2026-07-01T15:09:54.458+0000] {logging_mixin.py:188} INFO - [2026-07-01T15:09:54.458+0000] {dag.py:3096} INFO - Sync 1 DAGs
[2026-07-01T15:09:54.468+0000] {logging_mixin.py:188} INFO - [2026-07-01T15:09:54.467+0000] {dag.py:3954} INFO - Setting next_dagrun for weather_tomorrowio_pipeline to 2026-07-01 15:00:00+00:00, run_after=2026-07-01 16:00:00+00:00
[2026-07-01T15:09:54.477+0000] {processor.py:183} INFO - Processing /opt/airflow/dags/dag_tomorrowio.py took 0.496 seconds
[2026-07-01T15:10:25.181+0000] {processor.py:161} INFO - Started process (PID=23071) to work on /opt/airflow/dags/dag_tomorrowio.py
[2026-07-01T15:10:25.183+0000] {processor.py:830} INFO - Processing file /opt/airflow/dags/dag_tomorrowio.py for tasks to queue
[2026-07-01T15:10:25.186+0000] {logging_mixin.py:188} INFO - [2026-07-01T15:10:25.185+0000] {dagbag.py:545} INFO - Filling up the DagBag from /opt/airflow/dags/dag_tomorrowio.py
[2026-07-01T15:10:25.650+0000] {processor.py:840} INFO - DAG(s) 'weather_tomorrowio_pipeline' retrieved from /opt/airflow/dags/dag_tomorrowio.py
[2026-07-01T15:10:25.663+0000] {logging_mixin.py:188} INFO - [2026-07-01T15:10:25.663+0000] {dag.py:3096} INFO - Sync 1 DAGs
[2026-07-01T15:10:25.677+0000] {logging_mixin.py:188} INFO - [2026-07-01T15:10:25.677+0000] {dag.py:3954} INFO - Setting next_dagrun for weather_tomorrowio_pipeline to 2026-07-01 15:00:00+00:00, run_after=2026-07-01 16:00:00+00:00
[2026-07-01T15:10:25.687+0000] {processor.py:183} INFO - Processing /opt/airflow/dags/dag_tomorrowio.py took 0.511 seconds
[2026-07-01T15:10:56.318+0000] {processor.py:161} INFO - Started process (PID=23107) to work on /opt/airflow/dags/dag_tomorrowio.py
[2026-07-01T15:10:56.320+0000] {processor.py:830} INFO - Processing file /opt/airflow/dags/dag_tomorrowio.py for tasks to queue
[2026-07-01T15:10:56.323+0000] {logging_mixin.py:188} INFO - [2026-07-01T15:10:56.322+0000] {dagbag.py:545} INFO - Filling up the DagBag from /opt/airflow/dags/dag_tomorrowio.py
[2026-07-01T15:10:56.847+0000] {processor.py:840} INFO - DAG(s) 'weather_tomorrowio_pipeline' retrieved from /opt/airflow/dags/dag_tomorrowio.py
[2026-07-01T15:10:56.861+0000] {logging_mixin.py:188} INFO - [2026-07-01T15:10:56.861+0000] {dag.py:3096} INFO - Sync 1 DAGs
[2026-07-01T15:10:56.875+0000] {logging_mixin.py:188} INFO - [2026-07-01T15:10:56.875+0000] {dag.py:3954} INFO - Setting next_dagrun for weather_tomorrowio_pipeline to 2026-07-01 15:00:00+00:00, run_after=2026-07-01 16:00:00+00:00
[2026-07-01T15:10:56.884+0000] {processor.py:183} INFO - Processing /opt/airflow/dags/dag_tomorrowio.py took 0.575 seconds
[2026-07-01T15:11:27.596+0000] {processor.py:161} INFO - Started process (PID=23143) to work on /opt/airflow/dags/dag_tomorrowio.py
[2026-07-01T15:11:27.597+0000] {processor.py:830} INFO - Processing file /opt/airflow/dags/dag_tomorrowio.py for tasks to queue
[2026-07-01T15:11:27.599+0000] {logging_mixin.py:188} INFO - [2026-07-01T15:11:27.599+0000] {dagbag.py:545} INFO - Filling up the DagBag from /opt/airflow/dags/dag_tomorrowio.py
[2026-07-01T15:11:28.038+0000] {processor.py:840} INFO - DAG(s) 'weather_tomorrowio_pipeline' retrieved from /opt/airflow/dags/dag_tomorrowio.py
[2026-07-01T15:11:28.056+0000] {logging_mixin.py:188} INFO - [2026-07-01T15:11:28.055+0000] {dag.py:3096} INFO - Sync 1 DAGs
[2026-07-01T15:11:28.066+0000] {logging_mixin.py:188} INFO - [2026-07-01T15:11:28.066+0000] {dag.py:3954} INFO - Setting next_dagrun for weather_tomorrowio_pipeline to 2026-07-01 15:00:00+00:00, run_after=2026-07-01 16:00:00+00:00
[2026-07-01T15:11:28.076+0000] {processor.py:183} INFO - Processing /opt/airflow/dags/dag_tomorrowio.py took 0.489 seconds
[2026-07-01T15:11:58.663+0000] {processor.py:161} INFO - Started process (PID=23182) to work on /opt/airflow/dags/dag_tomorrowio.py
[2026-07-01T15:11:58.664+0000] {processor.py:830} INFO - Processing file /opt/airflow/dags/dag_tomorrowio.py for tasks to queue
[2026-07-01T15:11:58.667+0000] {logging_mixin.py:188} INFO - [2026-07-01T15:11:58.666+0000] {dagbag.py:545} INFO - Filling up the DagBag from /opt/airflow/dags/dag_tomorrowio.py
[2026-07-01T15:11:59.631+0000] {processor.py:840} INFO - DAG(s) 'weather_tomorrowio_pipeline' retrieved from /opt/airflow/dags/dag_tomorrowio.py
[2026-07-01T15:11:59.689+0000] {logging_mixin.py:188} INFO - [2026-07-01T15:11:59.688+0000] {dag.py:3096} INFO - Sync 1 DAGs
[2026-07-01T15:11:59.717+0000] {logging_mixin.py:188} INFO - [2026-07-01T15:11:59.717+0000] {dag.py:3954} INFO - Setting next_dagrun for weather_tomorrowio_pipeline to 2026-07-01 15:00:00+00:00, run_after=2026-07-01 16:00:00+00:00
[2026-07-01T15:11:59.730+0000] {processor.py:183} INFO - Processing /opt/airflow/dags/dag_tomorrowio.py took 1.074 seconds
[2026-07-01T15:12:30.402+0000] {processor.py:161} INFO - Started process (PID=23218) to work on /opt/airflow/dags/dag_tomorrowio.py
[2026-07-01T15:12:30.404+0000] {processor.py:830} INFO - Processing file /opt/airflow/dags/dag_tomorrowio.py for tasks to queue
[2026-07-01T15:12:30.407+0000] {logging_mixin.py:188} INFO - [2026-07-01T15:12:30.407+0000] {dagbag.py:545} INFO - Filling up the DagBag from /opt/airflow/dags/dag_tomorrowio.py
[2026-07-01T15:12:30.856+0000] {processor.py:840} INFO - DAG(s) 'weather_tomorrowio_pipeline' retrieved from /opt/airflow/dags/dag_tomorrowio.py
[2026-07-01T15:12:30.872+0000] {logging_mixin.py:188} INFO - [2026-07-01T15:12:30.872+0000] {dag.py:3096} INFO - Sync 1 DAGs
[2026-07-01T15:12:30.884+0000] {logging_mixin.py:188} INFO - [2026-07-01T15:12:30.884+0000] {dag.py:3954} INFO - Setting next_dagrun for weather_tomorrowio_pipeline to 2026-07-01 15:00:00+00:00, run_after=2026-07-01 16:00:00+00:00
[2026-07-01T15:12:30.896+0000] {processor.py:183} INFO - Processing /opt/airflow/dags/dag_tomorrowio.py took 0.501 seconds
[2026-07-01T15:13:01.871+0000] {processor.py:161} INFO - Started process (PID=23255) to work on /opt/airflow/dags/dag_tomorrowio.py
[2026-07-01T15:13:01.875+0000] {processor.py:830} INFO - Processing file /opt/airflow/dags/dag_tomorrowio.py for tasks to queue
[2026-07-01T15:13:01.883+0000] {logging_mixin.py:188} INFO - [2026-07-01T15:13:01.882+0000] {dagbag.py:545} INFO - Filling up the DagBag from /opt/airflow/dags/dag_tomorrowio.py
[2026-07-01T15:13:02.449+0000] {processor.py:840} INFO - DAG(s) 'weather_tomorrowio_pipeline' retrieved from /opt/airflow/dags/dag_tomorrowio.py
[2026-07-01T15:13:02.475+0000] {logging_mixin.py:188} INFO - [2026-07-01T15:13:02.475+0000] {dag.py:3096} INFO - Sync 1 DAGs
[2026-07-01T15:13:02.490+0000] {logging_mixin.py:188} INFO - [2026-07-01T15:13:02.490+0000] {dag.py:3954} INFO - Setting next_dagrun for weather_tomorrowio_pipeline to 2026-07-01 15:00:00+00:00, run_after=2026-07-01 16:00:00+00:00
[2026-07-01T15:13:02.498+0000] {processor.py:183} INFO - Processing /opt/airflow/dags/dag_tomorrowio.py took 0.646 seconds
[2026-07-01T15:13:33.256+0000] {processor.py:161} INFO - Started process (PID=23293) to work on /opt/airflow/dags/dag_tomorrowio.py
[2026-07-01T15:13:33.258+0000] {processor.py:830} INFO - Processing file /opt/airflow/dags/dag_tomorrowio.py for tasks to queue
[2026-07-01T15:13:33.261+0000] {logging_mixin.py:188} INFO - [2026-07-01T15:13:33.261+0000] {dagbag.py:545} INFO - Filling up the DagBag from /opt/airflow/dags/dag_tomorrowio.py
[2026-07-01T15:13:33.740+0000] {processor.py:840} INFO - DAG(s) 'weather_tomorrowio_pipeline' retrieved from /opt/airflow/dags/dag_tomorrowio.py
[2026-07-01T15:13:33.760+0000] {logging_mixin.py:188} INFO - [2026-07-01T15:13:33.760+0000] {dag.py:3096} INFO - Sync 1 DAGs
[2026-07-01T15:13:33.773+0000] {logging_mixin.py:188} INFO - [2026-07-01T15:13:33.772+0000] {dag.py:3954} INFO - Setting next_dagrun for weather_tomorrowio_pipeline to 2026-07-01 15:00:00+00:00, run_after=2026-07-01 16:00:00+00:00
[2026-07-01T15:13:33.783+0000] {processor.py:183} INFO - Processing /opt/airflow/dags/dag_tomorrowio.py took 0.535 seconds
[2026-07-01T15:14:04.335+0000] {processor.py:161} INFO - Started process (PID=23329) to work on /opt/airflow/dags/dag_tomorrowio.py
[2026-07-01T15:14:04.339+0000] {processor.py:830} INFO - Processing file /opt/airflow/dags/dag_tomorrowio.py for tasks to queue
[2026-07-01T15:14:04.344+0000] {logging_mixin.py:188} INFO - [2026-07-01T15:14:04.342+0000] {dagbag.py:545} INFO - Filling up the DagBag from /opt/airflow/dags/dag_tomorrowio.py
[2026-07-01T15:14:04.915+0000] {processor.py:840} INFO - DAG(s) 'weather_tomorrowio_pipeline' retrieved from /opt/airflow/dags/dag_tomorrowio.py
[2026-07-01T15:14:04.940+0000] {logging_mixin.py:188} INFO - [2026-07-01T15:14:04.939+0000] {dag.py:3096} INFO - Sync 1 DAGs
[2026-07-01T15:14:04.955+0000] {logging_mixin.py:188} INFO - [2026-07-01T15:14:04.955+0000] {dag.py:3954} INFO - Setting next_dagrun for weather_tomorrowio_pipeline to 2026-07-01 15:00:00+00:00, run_after=2026-07-01 16:00:00+00:00
[2026-07-01T15:14:04.969+0000] {processor.py:183} INFO - Processing /opt/airflow/dags/dag_tomorrowio.py took 0.645 seconds
[2026-07-01T15:14:35.619+0000] {processor.py:161} INFO - Started process (PID=23366) to work on /opt/airflow/dags/dag_tomorrowio.py
[2026-07-01T15:14:35.620+0000] {processor.py:830} INFO - Processing file /opt/airflow/dags/dag_tomorrowio.py for tasks to queue
[2026-07-01T15:14:35.622+0000] {logging_mixin.py:188} INFO - [2026-07-01T15:14:35.622+0000] {dagbag.py:545} INFO - Filling up the DagBag from /opt/airflow/dags/dag_tomorrowio.py
[2026-07-01T15:14:36.095+0000] {processor.py:840} INFO - DAG(s) 'weather_tomorrowio_pipeline' retrieved from /opt/airflow/dags/dag_tomorrowio.py
[2026-07-01T15:14:36.111+0000] {logging_mixin.py:188} INFO - [2026-07-01T15:14:36.110+0000] {dag.py:3096} INFO - Sync 1 DAGs
[2026-07-01T15:14:36.120+0000] {logging_mixin.py:188} INFO - [2026-07-01T15:14:36.120+0000] {dag.py:3954} INFO - Setting next_dagrun for weather_tomorrowio_pipeline to 2026-07-01 15:00:00+00:00, run_after=2026-07-01 16:00:00+00:00
[2026-07-01T15:14:36.128+0000] {processor.py:183} INFO - Processing /opt/airflow/dags/dag_tomorrowio.py took 0.512 seconds
[2026-07-01T15:15:06.794+0000] {processor.py:161} INFO - Started process (PID=23403) to work on /opt/airflow/dags/dag_tomorrowio.py
[2026-07-01T15:15:06.797+0000] {processor.py:830} INFO - Processing file /opt/airflow/dags/dag_tomorrowio.py for tasks to queue
[2026-07-01T15:15:06.801+0000] {logging_mixin.py:188} INFO - [2026-07-01T15:15:06.800+0000] {dagbag.py:545} INFO - Filling up the DagBag from /opt/airflow/dags/dag_tomorrowio.py
[2026-07-01T15:15:07.346+0000] {processor.py:840} INFO - DAG(s) 'weather_tomorrowio_pipeline' retrieved from /opt/airflow/dags/dag_tomorrowio.py
[2026-07-01T15:15:07.367+0000] {logging_mixin.py:188} INFO - [2026-07-01T15:15:07.366+0000] {dag.py:3096} INFO - Sync 1 DAGs
[2026-07-01T15:15:07.389+0000] {logging_mixin.py:188} INFO - [2026-07-01T15:15:07.388+0000] {dag.py:3954} INFO - Setting next_dagrun for weather_tomorrowio_pipeline to 2026-07-01 15:00:00+00:00, run_after=2026-07-01 16:00:00+00:00
[2026-07-01T15:15:07.404+0000] {processor.py:183} INFO - Processing /opt/airflow/dags/dag_tomorrowio.py took 0.620 seconds
[2026-07-01T15:15:38.045+0000] {processor.py:161} INFO - Started process (PID=23439) to work on /opt/airflow/dags/dag_tomorrowio.py
[2026-07-01T15:15:38.047+0000] {processor.py:830} INFO - Processing file /opt/airflow/dags/dag_tomorrowio.py for tasks to queue
[2026-07-01T15:15:38.049+0000] {logging_mixin.py:188} INFO - [2026-07-01T15:15:38.048+0000] {dagbag.py:545} INFO - Filling up the DagBag from /opt/airflow/dags/dag_tomorrowio.py
[2026-07-01T15:15:38.492+0000] {processor.py:840} INFO - DAG(s) 'weather_tomorrowio_pipeline' retrieved from /opt/airflow/dags/dag_tomorrowio.py
[2026-07-01T15:15:38.504+0000] {logging_mixin.py:188} INFO - [2026-07-01T15:15:38.504+0000] {dag.py:3096} INFO - Sync 1 DAGs
[2026-07-01T15:15:38.516+0000] {logging_mixin.py:188} INFO - [2026-07-01T15:15:38.516+0000] {dag.py:3954} INFO - Setting next_dagrun for weather_tomorrowio_pipeline to 2026-07-01 15:00:00+00:00, run_after=2026-07-01 16:00:00+00:00
[2026-07-01T15:15:38.529+0000] {processor.py:183} INFO - Processing /opt/airflow/dags/dag_tomorrowio.py took 0.494 seconds
[2026-07-01T15:16:09.320+0000] {processor.py:161} INFO - Started process (PID=23477) to work on /opt/airflow/dags/dag_tomorrowio.py
[2026-07-01T15:16:09.323+0000] {processor.py:830} INFO - Processing file /opt/airflow/dags/dag_tomorrowio.py for tasks to queue
[2026-07-01T15:16:09.332+0000] {logging_mixin.py:188} INFO - [2026-07-01T15:16:09.332+0000] {dagbag.py:545} INFO - Filling up the DagBag from /opt/airflow/dags/dag_tomorrowio.py
[2026-07-01T15:16:10.026+0000] {processor.py:840} INFO - DAG(s) 'weather_tomorrowio_pipeline' retrieved from /opt/airflow/dags/dag_tomorrowio.py
[2026-07-01T15:16:10.044+0000] {logging_mixin.py:188} INFO - [2026-07-01T15:16:10.044+0000] {dag.py:3096} INFO - Sync 1 DAGs
[2026-07-01T15:16:10.060+0000] {logging_mixin.py:188} INFO - [2026-07-01T15:16:10.060+0000] {dag.py:3954} INFO - Setting next_dagrun for weather_tomorrowio_pipeline to 2026-07-01 15:00:00+00:00, run_after=2026-07-01 16:00:00+00:00
[2026-07-01T15:16:10.072+0000] {processor.py:183} INFO - Processing /opt/airflow/dags/dag_tomorrowio.py took 0.771 seconds
[2026-07-01T15:16:40.858+0000] {processor.py:161} INFO - Started process (PID=23514) to work on /opt/airflow/dags/dag_tomorrowio.py
[2026-07-01T15:16:40.860+0000] {processor.py:830} INFO - Processing file /opt/airflow/dags/dag_tomorrowio.py for tasks to queue
[2026-07-01T15:16:40.869+0000] {logging_mixin.py:188} INFO - [2026-07-01T15:16:40.868+0000] {dagbag.py:545} INFO - Filling up the DagBag from /opt/airflow/dags/dag_tomorrowio.py
[2026-07-01T15:16:41.417+0000] {processor.py:840} INFO - DAG(s) 'weather_tomorrowio_pipeline' retrieved from /opt/airflow/dags/dag_tomorrowio.py
[2026-07-01T15:16:41.432+0000] {logging_mixin.py:188} INFO - [2026-07-01T15:16:41.432+0000] {dag.py:3096} INFO - Sync 1 DAGs
[2026-07-01T15:16:41.446+0000] {logging_mixin.py:188} INFO - [2026-07-01T15:16:41.446+0000] {dag.py:3954} INFO - Setting next_dagrun for weather_tomorrowio_pipeline to 2026-07-01 15:00:00+00:00, run_after=2026-07-01 16:00:00+00:00
[2026-07-01T15:16:41.460+0000] {processor.py:183} INFO - Processing /opt/airflow/dags/dag_tomorrowio.py took 0.616 seconds
[2026-07-01T15:17:12.226+0000] {processor.py:161} INFO - Started process (PID=23551) to work on /opt/airflow/dags/dag_tomorrowio.py
[2026-07-01T15:17:12.228+0000] {processor.py:830} INFO - Processing file /opt/airflow/dags/dag_tomorrowio.py for tasks to queue
[2026-07-01T15:17:12.232+0000] {logging_mixin.py:188} INFO - [2026-07-01T15:17:12.231+0000] {dagbag.py:545} INFO - Filling up the DagBag from /opt/airflow/dags/dag_tomorrowio.py
[2026-07-01T15:17:12.690+0000] {processor.py:840} INFO - DAG(s) 'weather_tomorrowio_pipeline' retrieved from /opt/airflow/dags/dag_tomorrowio.py
[2026-07-01T15:17:12.705+0000] {logging_mixin.py:188} INFO - [2026-07-01T15:17:12.705+0000] {dag.py:3096} INFO - Sync 1 DAGs
[2026-07-01T15:17:12.715+0000] {logging_mixin.py:188} INFO - [2026-07-01T15:17:12.715+0000] {dag.py:3954} INFO - Setting next_dagrun for weather_tomorrowio_pipeline to 2026-07-01 15:00:00+00:00, run_after=2026-07-01 16:00:00+00:00
[2026-07-01T15:17:12.724+0000] {processor.py:183} INFO - Processing /opt/airflow/dags/dag_tomorrowio.py took 0.504 seconds
[2026-07-01T15:17:43.242+0000] {processor.py:161} INFO - Started process (PID=23589) to work on /opt/airflow/dags/dag_tomorrowio.py
[2026-07-01T15:17:43.243+0000] {processor.py:830} INFO - Processing file /opt/airflow/dags/dag_tomorrowio.py for tasks to queue
[2026-07-01T15:17:43.245+0000] {logging_mixin.py:188} INFO - [2026-07-01T15:17:43.245+0000] {dagbag.py:545} INFO - Filling up the DagBag from /opt/airflow/dags/dag_tomorrowio.py
[2026-07-01T15:17:43.495+0000] {processor.py:840} INFO - DAG(s) 'weather_tomorrowio_pipeline' retrieved from /opt/airflow/dags/dag_tomorrowio.py
[2026-07-01T15:17:43.506+0000] {logging_mixin.py:188} INFO - [2026-07-01T15:17:43.506+0000] {dag.py:3096} INFO - Sync 1 DAGs
[2026-07-01T15:17:43.513+0000] {logging_mixin.py:188} INFO - [2026-07-01T15:17:43.513+0000] {dag.py:3954} INFO - Setting next_dagrun for weather_tomorrowio_pipeline to 2026-07-01 15:00:00+00:00, run_after=2026-07-01 16:00:00+00:00
[2026-07-01T15:17:43.521+0000] {processor.py:183} INFO - Processing /opt/airflow/dags/dag_tomorrowio.py took 0.284 seconds
[2026-07-01T15:18:14.111+0000] {processor.py:161} INFO - Started process (PID=23626) to work on /opt/airflow/dags/dag_tomorrowio.py
[2026-07-01T15:18:14.112+0000] {processor.py:830} INFO - Processing file /opt/airflow/dags/dag_tomorrowio.py for tasks to queue
[2026-07-01T15:18:14.118+0000] {logging_mixin.py:188} INFO - [2026-07-01T15:18:14.117+0000] {dagbag.py:545} INFO - Filling up the DagBag from /opt/airflow/dags/dag_tomorrowio.py
[2026-07-01T15:18:14.581+0000] {processor.py:840} INFO - DAG(s) 'weather_tomorrowio_pipeline' retrieved from /opt/airflow/dags/dag_tomorrowio.py
[2026-07-01T15:18:14.597+0000] {logging_mixin.py:188} INFO - [2026-07-01T15:18:14.597+0000] {dag.py:3096} INFO - Sync 1 DAGs
[2026-07-01T15:18:14.608+0000] {logging_mixin.py:188} INFO - [2026-07-01T15:18:14.607+0000] {dag.py:3954} INFO - Setting next_dagrun for weather_tomorrowio_pipeline to 2026-07-01 15:00:00+00:00, run_after=2026-07-01 16:00:00+00:00
[2026-07-01T15:18:14.616+0000] {processor.py:183} INFO - Processing /opt/airflow/dags/dag_tomorrowio.py took 0.522 seconds
[2026-07-01T15:18:45.123+0000] {processor.py:161} INFO - Started process (PID=23663) to work on /opt/airflow/dags/dag_tomorrowio.py
[2026-07-01T15:18:45.125+0000] {processor.py:830} INFO - Processing file /opt/airflow/dags/dag_tomorrowio.py for tasks to queue
[2026-07-01T15:18:45.126+0000] {logging_mixin.py:188} INFO - [2026-07-01T15:18:45.126+0000] {dagbag.py:545} INFO - Filling up the DagBag from /opt/airflow/dags/dag_tomorrowio.py
[2026-07-01T15:18:45.366+0000] {processor.py:840} INFO - DAG(s) 'weather_tomorrowio_pipeline' retrieved from /opt/airflow/dags/dag_tomorrowio.py
[2026-07-01T15:18:45.377+0000] {logging_mixin.py:188} INFO - [2026-07-01T15:18:45.376+0000] {dag.py:3096} INFO - Sync 1 DAGs
[2026-07-01T15:18:45.390+0000] {logging_mixin.py:188} INFO - [2026-07-01T15:18:45.390+0000] {dag.py:3954} INFO - Setting next_dagrun for weather_tomorrowio_pipeline to 2026-07-01 15:00:00+00:00, run_after=2026-07-01 16:00:00+00:00
[2026-07-01T15:18:45.400+0000] {processor.py:183} INFO - Processing /opt/airflow/dags/dag_tomorrowio.py took 0.282 seconds
[2026-07-01T15:19:15.925+0000] {processor.py:161} INFO - Started process (PID=23699) to work on /opt/airflow/dags/dag_tomorrowio.py
[2026-07-01T15:19:15.927+0000] {processor.py:830} INFO - Processing file /opt/airflow/dags/dag_tomorrowio.py for tasks to queue
[2026-07-01T15:19:15.932+0000] {logging_mixin.py:188} INFO - [2026-07-01T15:19:15.931+0000] {dagbag.py:545} INFO - Filling up the DagBag from /opt/airflow/dags/dag_tomorrowio.py
[2026-07-01T15:19:16.395+0000] {processor.py:840} INFO - DAG(s) 'weather_tomorrowio_pipeline' retrieved from /opt/airflow/dags/dag_tomorrowio.py
[2026-07-01T15:19:16.409+0000] {logging_mixin.py:188} INFO - [2026-07-01T15:19:16.409+0000] {dag.py:3096} INFO - Sync 1 DAGs
[2026-07-01T15:19:16.422+0000] {logging_mixin.py:188} INFO - [2026-07-01T15:19:16.422+0000] {dag.py:3954} INFO - Setting next_dagrun for weather_tomorrowio_pipeline to 2026-07-01 15:00:00+00:00, run_after=2026-07-01 16:00:00+00:00
[2026-07-01T15:19:16.433+0000] {processor.py:183} INFO - Processing /opt/airflow/dags/dag_tomorrowio.py took 0.514 seconds
[2026-07-01T15:19:46.921+0000] {processor.py:161} INFO - Started process (PID=23736) to work on /opt/airflow/dags/dag_tomorrowio.py
[2026-07-01T15:19:46.923+0000] {processor.py:830} INFO - Processing file /opt/airflow/dags/dag_tomorrowio.py for tasks to queue
[2026-07-01T15:19:46.926+0000] {logging_mixin.py:188} INFO - [2026-07-01T15:19:46.925+0000] {dagbag.py:545} INFO - Filling up the DagBag from /opt/airflow/dags/dag_tomorrowio.py
[2026-07-01T15:19:47.280+0000] {processor.py:840} INFO - DAG(s) 'weather_tomorrowio_pipeline' retrieved from /opt/airflow/dags/dag_tomorrowio.py
[2026-07-01T15:19:47.295+0000] {logging_mixin.py:188} INFO - [2026-07-01T15:19:47.295+0000] {dag.py:3096} INFO - Sync 1 DAGs
[2026-07-01T15:19:47.306+0000] {logging_mixin.py:188} INFO - [2026-07-01T15:19:47.306+0000] {dag.py:3954} INFO - Setting next_dagrun for weather_tomorrowio_pipeline to 2026-07-01 15:00:00+00:00, run_after=2026-07-01 16:00:00+00:00
[2026-07-01T15:19:47.316+0000] {processor.py:183} INFO - Processing /opt/airflow/dags/dag_tomorrowio.py took 0.402 seconds
[2026-07-01T15:20:17.887+0000] {processor.py:161} INFO - Started process (PID=23773) to work on /opt/airflow/dags/dag_tomorrowio.py
[2026-07-01T15:20:17.889+0000] {processor.py:830} INFO - Processing file /opt/airflow/dags/dag_tomorrowio.py for tasks to queue
[2026-07-01T15:20:17.902+0000] {logging_mixin.py:188} INFO - [2026-07-01T15:20:17.902+0000] {dagbag.py:545} INFO - Filling up the DagBag from /opt/airflow/dags/dag_tomorrowio.py
[2026-07-01T15:20:18.355+0000] {processor.py:840} INFO - DAG(s) 'weather_tomorrowio_pipeline' retrieved from /opt/airflow/dags/dag_tomorrowio.py
[2026-07-01T15:20:18.369+0000] {logging_mixin.py:188} INFO - [2026-07-01T15:20:18.369+0000] {dag.py:3096} INFO - Sync 1 DAGs
[2026-07-01T15:20:18.377+0000] {logging_mixin.py:188} INFO - [2026-07-01T15:20:18.377+0000] {dag.py:3954} INFO - Setting next_dagrun for weather_tomorrowio_pipeline to 2026-07-01 15:00:00+00:00, run_after=2026-07-01 16:00:00+00:00
[2026-07-01T15:20:18.386+0000] {processor.py:183} INFO - Processing /opt/airflow/dags/dag_tomorrowio.py took 0.508 seconds
[2026-07-01T15:20:48.928+0000] {processor.py:161} INFO - Started process (PID=23809) to work on /opt/airflow/dags/dag_tomorrowio.py
[2026-07-01T15:20:48.929+0000] {processor.py:830} INFO - Processing file /opt/airflow/dags/dag_tomorrowio.py for tasks to queue
[2026-07-01T15:20:48.932+0000] {logging_mixin.py:188} INFO - [2026-07-01T15:20:48.932+0000] {dagbag.py:545} INFO - Filling up the DagBag from /opt/airflow/dags/dag_tomorrowio.py
[2026-07-01T15:20:49.372+0000] {processor.py:840} INFO - DAG(s) 'weather_tomorrowio_pipeline' retrieved from /opt/airflow/dags/dag_tomorrowio.py
[2026-07-01T15:20:49.390+0000] {logging_mixin.py:188} INFO - [2026-07-01T15:20:49.390+0000] {dag.py:3096} INFO - Sync 1 DAGs
[2026-07-01T15:20:49.400+0000] {logging_mixin.py:188} INFO - [2026-07-01T15:20:49.400+0000] {dag.py:3954} INFO - Setting next_dagrun for weather_tomorrowio_pipeline to 2026-07-01 15:00:00+00:00, run_after=2026-07-01 16:00:00+00:00
[2026-07-01T15:20:49.409+0000] {processor.py:183} INFO - Processing /opt/airflow/dags/dag_tomorrowio.py took 0.494 seconds
[2026-07-01T15:21:19.996+0000] {processor.py:161} INFO - Started process (PID=23848) to work on /opt/airflow/dags/dag_tomorrowio.py
[2026-07-01T15:21:19.998+0000] {processor.py:830} INFO - Processing file /opt/airflow/dags/dag_tomorrowio.py for tasks to queue
[2026-07-01T15:21:20.001+0000] {logging_mixin.py:188} INFO - [2026-07-01T15:21:20.000+0000] {dagbag.py:545} INFO - Filling up the DagBag from /opt/airflow/dags/dag_tomorrowio.py
[2026-07-01T15:21:20.495+0000] {processor.py:840} INFO - DAG(s) 'weather_tomorrowio_pipeline' retrieved from /opt/airflow/dags/dag_tomorrowio.py
[2026-07-01T15:21:20.510+0000] {logging_mixin.py:188} INFO - [2026-07-01T15:21:20.510+0000] {dag.py:3096} INFO - Sync 1 DAGs
[2026-07-01T15:21:20.519+0000] {logging_mixin.py:188} INFO - [2026-07-01T15:21:20.519+0000] {dag.py:3954} INFO - Setting next_dagrun for weather_tomorrowio_pipeline to 2026-07-01 15:00:00+00:00, run_after=2026-07-01 16:00:00+00:00
[2026-07-01T15:21:20.527+0000] {processor.py:183} INFO - Processing /opt/airflow/dags/dag_tomorrowio.py took 0.539 seconds
[2026-07-01T15:21:51.135+0000] {processor.py:161} INFO - Started process (PID=23885) to work on /opt/airflow/dags/dag_tomorrowio.py
[2026-07-01T15:21:51.138+0000] {processor.py:830} INFO - Processing file /opt/airflow/dags/dag_tomorrowio.py for tasks to queue
[2026-07-01T15:21:51.140+0000] {logging_mixin.py:188} INFO - [2026-07-01T15:21:51.140+0000] {dagbag.py:545} INFO - Filling up the DagBag from /opt/airflow/dags/dag_tomorrowio.py
[2026-07-01T15:21:51.604+0000] {processor.py:840} INFO - DAG(s) 'weather_tomorrowio_pipeline' retrieved from /opt/airflow/dags/dag_tomorrowio.py
[2026-07-01T15:21:51.622+0000] {logging_mixin.py:188} INFO - [2026-07-01T15:21:51.622+0000] {dag.py:3096} INFO - Sync 1 DAGs
[2026-07-01T15:21:51.633+0000] {logging_mixin.py:188} INFO - [2026-07-01T15:21:51.633+0000] {dag.py:3954} INFO - Setting next_dagrun for weather_tomorrowio_pipeline to 2026-07-01 15:00:00+00:00, run_after=2026-07-01 16:00:00+00:00
[2026-07-01T15:21:51.647+0000] {processor.py:183} INFO - Processing /opt/airflow/dags/dag_tomorrowio.py took 0.528 seconds
[2026-07-01T15:22:22.308+0000] {processor.py:161} INFO - Started process (PID=23921) to work on /opt/airflow/dags/dag_tomorrowio.py
[2026-07-01T15:22:22.311+0000] {processor.py:830} INFO - Processing file /opt/airflow/dags/dag_tomorrowio.py for tasks to queue
[2026-07-01T15:22:22.313+0000] {logging_mixin.py:188} INFO - [2026-07-01T15:22:22.313+0000] {dagbag.py:545} INFO - Filling up the DagBag from /opt/airflow/dags/dag_tomorrowio.py
[2026-07-01T15:22:22.813+0000] {processor.py:840} INFO - DAG(s) 'weather_tomorrowio_pipeline' retrieved from /opt/airflow/dags/dag_tomorrowio.py
[2026-07-01T15:22:22.829+0000] {logging_mixin.py:188} INFO - [2026-07-01T15:22:22.829+0000] {dag.py:3096} INFO - Sync 1 DAGs
[2026-07-01T15:22:22.838+0000] {logging_mixin.py:188} INFO - [2026-07-01T15:22:22.838+0000] {dag.py:3954} INFO - Setting next_dagrun for weather_tomorrowio_pipeline to 2026-07-01 15:00:00+00:00, run_after=2026-07-01 16:00:00+00:00
[2026-07-01T15:22:22.847+0000] {processor.py:183} INFO - Processing /opt/airflow/dags/dag_tomorrowio.py took 0.548 seconds
[2026-07-01T15:22:53.431+0000] {processor.py:161} INFO - Started process (PID=23958) to work on /opt/airflow/dags/dag_tomorrowio.py
[2026-07-01T15:22:53.434+0000] {processor.py:830} INFO - Processing file /opt/airflow/dags/dag_tomorrowio.py for tasks to queue
[2026-07-01T15:22:53.437+0000] {logging_mixin.py:188} INFO - [2026-07-01T15:22:53.436+0000] {dagbag.py:545} INFO - Filling up the DagBag from /opt/airflow/dags/dag_tomorrowio.py
[2026-07-01T15:22:53.938+0000] {processor.py:840} INFO - DAG(s) 'weather_tomorrowio_pipeline' retrieved from /opt/airflow/dags/dag_tomorrowio.py
[2026-07-01T15:22:53.971+0000] {logging_mixin.py:188} INFO - [2026-07-01T15:22:53.971+0000] {dag.py:3096} INFO - Sync 1 DAGs
[2026-07-01T15:22:53.990+0000] {logging_mixin.py:188} INFO - [2026-07-01T15:22:53.990+0000] {dag.py:3954} INFO - Setting next_dagrun for weather_tomorrowio_pipeline to 2026-07-01 15:00:00+00:00, run_after=2026-07-01 16:00:00+00:00
[2026-07-01T15:22:54.006+0000] {processor.py:183} INFO - Processing /opt/airflow/dags/dag_tomorrowio.py took 0.598 seconds
[2026-07-01T15:23:25.045+0000] {processor.py:161} INFO - Started process (PID=23996) to work on /opt/airflow/dags/dag_tomorrowio.py
[2026-07-01T15:23:25.049+0000] {processor.py:830} INFO - Processing file /opt/airflow/dags/dag_tomorrowio.py for tasks to queue
[2026-07-01T15:23:25.058+0000] {logging_mixin.py:188} INFO - [2026-07-01T15:23:25.056+0000] {dagbag.py:545} INFO - Filling up the DagBag from /opt/airflow/dags/dag_tomorrowio.py
[2026-07-01T15:23:25.772+0000] {processor.py:840} INFO - DAG(s) 'weather_tomorrowio_pipeline' retrieved from /opt/airflow/dags/dag_tomorrowio.py
[2026-07-01T15:23:25.802+0000] {logging_mixin.py:188} INFO - [2026-07-01T15:23:25.801+0000] {dag.py:3096} INFO - Sync 1 DAGs
[2026-07-01T15:23:25.816+0000] {logging_mixin.py:188} INFO - [2026-07-01T15:23:25.815+0000] {dag.py:3954} INFO - Setting next_dagrun for weather_tomorrowio_pipeline to 2026-07-01 15:00:00+00:00, run_after=2026-07-01 16:00:00+00:00
[2026-07-01T15:23:25.829+0000] {processor.py:183} INFO - Processing /opt/airflow/dags/dag_tomorrowio.py took 0.836 seconds
[2026-07-01T15:23:56.763+0000] {processor.py:161} INFO - Started process (PID=24033) to work on /opt/airflow/dags/dag_tomorrowio.py
[2026-07-01T15:23:56.765+0000] {processor.py:830} INFO - Processing file /opt/airflow/dags/dag_tomorrowio.py for tasks to queue
[2026-07-01T15:23:56.768+0000] {logging_mixin.py:188} INFO - [2026-07-01T15:23:56.768+0000] {dagbag.py:545} INFO - Filling up the DagBag from /opt/airflow/dags/dag_tomorrowio.py
[2026-07-01T15:23:57.231+0000] {processor.py:840} INFO - DAG(s) 'weather_tomorrowio_pipeline' retrieved from /opt/airflow/dags/dag_tomorrowio.py
[2026-07-01T15:23:57.248+0000] {logging_mixin.py:188} INFO - [2026-07-01T15:23:57.247+0000] {dag.py:3096} INFO - Sync 1 DAGs
[2026-07-01T15:23:57.260+0000] {logging_mixin.py:188} INFO - [2026-07-01T15:23:57.259+0000] {dag.py:3954} INFO - Setting next_dagrun for weather_tomorrowio_pipeline to 2026-07-01 15:00:00+00:00, run_after=2026-07-01 16:00:00+00:00
[2026-07-01T15:23:57.268+0000] {processor.py:183} INFO - Processing /opt/airflow/dags/dag_tomorrowio.py took 0.515 seconds
[2026-07-01T15:24:28.142+0000] {processor.py:161} INFO - Started process (PID=24070) to work on /opt/airflow/dags/dag_tomorrowio.py
[2026-07-01T15:24:28.144+0000] {processor.py:830} INFO - Processing file /opt/airflow/dags/dag_tomorrowio.py for tasks to queue
[2026-07-01T15:24:28.152+0000] {logging_mixin.py:188} INFO - [2026-07-01T15:24:28.151+0000] {dagbag.py:545} INFO - Filling up the DagBag from /opt/airflow/dags/dag_tomorrowio.py
[2026-07-01T15:24:28.730+0000] {processor.py:840} INFO - DAG(s) 'weather_tomorrowio_pipeline' retrieved from /opt/airflow/dags/dag_tomorrowio.py
[2026-07-01T15:24:28.748+0000] {logging_mixin.py:188} INFO - [2026-07-01T15:24:28.748+0000] {dag.py:3096} INFO - Sync 1 DAGs
[2026-07-01T15:24:28.757+0000] {logging_mixin.py:188} INFO - [2026-07-01T15:24:28.757+0000] {dag.py:3954} INFO - Setting next_dagrun for weather_tomorrowio_pipeline to 2026-07-01 15:00:00+00:00, run_after=2026-07-01 16:00:00+00:00
[2026-07-01T15:24:28.766+0000] {processor.py:183} INFO - Processing /opt/airflow/dags/dag_tomorrowio.py took 0.635 seconds
[2026-07-01T15:24:59.373+0000] {processor.py:161} INFO - Started process (PID=24106) to work on /opt/airflow/dags/dag_tomorrowio.py
[2026-07-01T15:24:59.376+0000] {processor.py:830} INFO - Processing file /opt/airflow/dags/dag_tomorrowio.py for tasks to queue
[2026-07-01T15:24:59.381+0000] {logging_mixin.py:188} INFO - [2026-07-01T15:24:59.381+0000] {dagbag.py:545} INFO - Filling up the DagBag from /opt/airflow/dags/dag_tomorrowio.py
[2026-07-01T15:25:00.425+0000] {processor.py:840} INFO - DAG(s) 'weather_tomorrowio_pipeline' retrieved from /opt/airflow/dags/dag_tomorrowio.py
[2026-07-01T15:25:00.491+0000] {logging_mixin.py:188} INFO - [2026-07-01T15:25:00.490+0000] {dag.py:3096} INFO - Sync 1 DAGs
[2026-07-01T15:25:00.529+0000] {logging_mixin.py:188} INFO - [2026-07-01T15:25:00.529+0000] {dag.py:3954} INFO - Setting next_dagrun for weather_tomorrowio_pipeline to 2026-07-01 15:00:00+00:00, run_after=2026-07-01 16:00:00+00:00
[2026-07-01T15:25:00.546+0000] {processor.py:183} INFO - Processing /opt/airflow/dags/dag_tomorrowio.py took 1.182 seconds
[2026-07-01T15:25:31.456+0000] {processor.py:161} INFO - Started process (PID=24144) to work on /opt/airflow/dags/dag_tomorrowio.py
[2026-07-01T15:25:31.460+0000] {processor.py:830} INFO - Processing file /opt/airflow/dags/dag_tomorrowio.py for tasks to queue
[2026-07-01T15:25:31.464+0000] {logging_mixin.py:188} INFO - [2026-07-01T15:25:31.464+0000] {dagbag.py:545} INFO - Filling up the DagBag from /opt/airflow/dags/dag_tomorrowio.py
[2026-07-01T15:25:32.027+0000] {processor.py:840} INFO - DAG(s) 'weather_tomorrowio_pipeline' retrieved from /opt/airflow/dags/dag_tomorrowio.py
[2026-07-01T15:25:32.050+0000] {logging_mixin.py:188} INFO - [2026-07-01T15:25:32.049+0000] {dag.py:3096} INFO - Sync 1 DAGs
[2026-07-01T15:25:32.068+0000] {logging_mixin.py:188} INFO - [2026-07-01T15:25:32.068+0000] {dag.py:3954} INFO - Setting next_dagrun for weather_tomorrowio_pipeline to 2026-07-01 15:00:00+00:00, run_after=2026-07-01 16:00:00+00:00
[2026-07-01T15:25:32.078+0000] {processor.py:183} INFO - Processing /opt/airflow/dags/dag_tomorrowio.py took 0.636 seconds
[2026-07-01T15:26:03.122+0000] {processor.py:161} INFO - Started process (PID=24202) to work on /opt/airflow/dags/dag_tomorrowio.py
[2026-07-01T15:26:03.123+0000] {processor.py:830} INFO - Processing file /opt/airflow/dags/dag_tomorrowio.py for tasks to queue
[2026-07-01T15:26:03.123+0000] {logging_mixin.py:188} INFO - [2026-07-01T15:26:03.123+0000] {dagbag.py:545} INFO - Filling up the DagBag from /opt/airflow/dags/dag_tomorrowio.py
[2026-07-01T15:26:03.373+0000] {processor.py:840} INFO - DAG(s) 'weather_tomorrowio_pipeline' retrieved from /opt/airflow/dags/dag_tomorrowio.py
[2026-07-01T15:26:03.387+0000] {logging_mixin.py:188} INFO - [2026-07-01T15:26:03.387+0000] {dag.py:3096} INFO - Sync 1 DAGs
[2026-07-01T15:26:03.403+0000] {logging_mixin.py:188} INFO - [2026-07-01T15:26:03.403+0000] {dag.py:3954} INFO - Setting next_dagrun for weather_tomorrowio_pipeline to 2026-07-01 15:00:00+00:00, run_after=2026-07-01 16:00:00+00:00
[2026-07-01T15:26:03.412+0000] {processor.py:183} INFO - Processing /opt/airflow/dags/dag_tomorrowio.py took 0.297 seconds
[2026-07-01T15:26:34.185+0000] {processor.py:161} INFO - Started process (PID=24239) to work on /opt/airflow/dags/dag_tomorrowio.py
[2026-07-01T15:26:34.186+0000] {processor.py:830} INFO - Processing file /opt/airflow/dags/dag_tomorrowio.py for tasks to queue
[2026-07-01T15:26:34.187+0000] {logging_mixin.py:188} INFO - [2026-07-01T15:26:34.186+0000] {dagbag.py:545} INFO - Filling up the DagBag from /opt/airflow/dags/dag_tomorrowio.py
[2026-07-01T15:26:34.436+0000] {processor.py:840} INFO - DAG(s) 'weather_tomorrowio_pipeline' retrieved from /opt/airflow/dags/dag_tomorrowio.py
[2026-07-01T15:26:34.445+0000] {logging_mixin.py:188} INFO - [2026-07-01T15:26:34.445+0000] {dag.py:3096} INFO - Sync 1 DAGs
[2026-07-01T15:26:34.452+0000] {logging_mixin.py:188} INFO - [2026-07-01T15:26:34.452+0000] {dag.py:3954} INFO - Setting next_dagrun for weather_tomorrowio_pipeline to 2026-07-01 15:00:00+00:00, run_after=2026-07-01 16:00:00+00:00
[2026-07-01T15:26:34.458+0000] {processor.py:183} INFO - Processing /opt/airflow/dags/dag_tomorrowio.py took 0.287 seconds
[2026-07-01T15:27:05.444+0000] {processor.py:161} INFO - Started process (PID=24276) to work on /opt/airflow/dags/dag_tomorrowio.py
[2026-07-01T15:27:05.445+0000] {processor.py:830} INFO - Processing file /opt/airflow/dags/dag_tomorrowio.py for tasks to queue
[2026-07-01T15:27:05.446+0000] {logging_mixin.py:188} INFO - [2026-07-01T15:27:05.446+0000] {dagbag.py:545} INFO - Filling up the DagBag from /opt/airflow/dags/dag_tomorrowio.py
[2026-07-01T15:27:05.705+0000] {processor.py:840} INFO - DAG(s) 'weather_tomorrowio_pipeline' retrieved from /opt/airflow/dags/dag_tomorrowio.py
[2026-07-01T15:27:05.719+0000] {logging_mixin.py:188} INFO - [2026-07-01T15:27:05.719+0000] {dag.py:3096} INFO - Sync 1 DAGs
[2026-07-01T15:27:05.730+0000] {logging_mixin.py:188} INFO - [2026-07-01T15:27:05.730+0000] {dag.py:3954} INFO - Setting next_dagrun for weather_tomorrowio_pipeline to 2026-07-01 15:00:00+00:00, run_after=2026-07-01 16:00:00+00:00
[2026-07-01T15:27:05.739+0000] {processor.py:183} INFO - Processing /opt/airflow/dags/dag_tomorrowio.py took 0.305 seconds
[2026-07-01T15:27:36.354+0000] {processor.py:161} INFO - Started process (PID=24313) to work on /opt/airflow/dags/dag_tomorrowio.py
[2026-07-01T15:27:36.355+0000] {processor.py:830} INFO - Processing file /opt/airflow/dags/dag_tomorrowio.py for tasks to queue
[2026-07-01T15:27:36.356+0000] {logging_mixin.py:188} INFO - [2026-07-01T15:27:36.356+0000] {dagbag.py:545} INFO - Filling up the DagBag from /opt/airflow/dags/dag_tomorrowio.py
[2026-07-01T15:27:36.605+0000] {processor.py:840} INFO - DAG(s) 'weather_tomorrowio_pipeline' retrieved from /opt/airflow/dags/dag_tomorrowio.py
[2026-07-01T15:27:36.612+0000] {logging_mixin.py:188} INFO - [2026-07-01T15:27:36.612+0000] {dag.py:3096} INFO - Sync 1 DAGs
[2026-07-01T15:27:36.619+0000] {logging_mixin.py:188} INFO - [2026-07-01T15:27:36.619+0000] {dag.py:3954} INFO - Setting next_dagrun for weather_tomorrowio_pipeline to 2026-07-01 15:00:00+00:00, run_after=2026-07-01 16:00:00+00:00
[2026-07-01T15:27:36.626+0000] {processor.py:183} INFO - Processing /opt/airflow/dags/dag_tomorrowio.py took 0.279 seconds
[2026-07-01T15:28:07.456+0000] {processor.py:161} INFO - Started process (PID=24350) to work on /opt/airflow/dags/dag_tomorrowio.py
[2026-07-01T15:28:07.458+0000] {processor.py:830} INFO - Processing file /opt/airflow/dags/dag_tomorrowio.py for tasks to queue
[2026-07-01T15:28:07.459+0000] {logging_mixin.py:188} INFO - [2026-07-01T15:28:07.459+0000] {dagbag.py:545} INFO - Filling up the DagBag from /opt/airflow/dags/dag_tomorrowio.py
[2026-07-01T15:28:07.877+0000] {processor.py:840} INFO - DAG(s) 'weather_tomorrowio_pipeline' retrieved from /opt/airflow/dags/dag_tomorrowio.py
[2026-07-01T15:28:07.890+0000] {logging_mixin.py:188} INFO - [2026-07-01T15:28:07.889+0000] {dag.py:3096} INFO - Sync 1 DAGs
[2026-07-01T15:28:07.901+0000] {logging_mixin.py:188} INFO - [2026-07-01T15:28:07.901+0000] {dag.py:3954} INFO - Setting next_dagrun for weather_tomorrowio_pipeline to 2026-07-01 15:00:00+00:00, run_after=2026-07-01 16:00:00+00:00
[2026-07-01T15:28:07.910+0000] {processor.py:183} INFO - Processing /opt/airflow/dags/dag_tomorrowio.py took 0.463 seconds
[2026-07-01T15:28:38.613+0000] {processor.py:161} INFO - Started process (PID=24387) to work on /opt/airflow/dags/dag_tomorrowio.py
[2026-07-01T15:28:38.616+0000] {processor.py:830} INFO - Processing file /opt/airflow/dags/dag_tomorrowio.py for tasks to queue
[2026-07-01T15:28:38.617+0000] {logging_mixin.py:188} INFO - [2026-07-01T15:28:38.617+0000] {dagbag.py:545} INFO - Filling up the DagBag from /opt/airflow/dags/dag_tomorrowio.py
[2026-07-01T15:28:38.876+0000] {processor.py:840} INFO - DAG(s) 'weather_tomorrowio_pipeline' retrieved from /opt/airflow/dags/dag_tomorrowio.py
[2026-07-01T15:28:38.883+0000] {logging_mixin.py:188} INFO - [2026-07-01T15:28:38.883+0000] {dag.py:3096} INFO - Sync 1 DAGs
[2026-07-01T15:28:38.890+0000] {logging_mixin.py:188} INFO - [2026-07-01T15:28:38.890+0000] {dag.py:3954} INFO - Setting next_dagrun for weather_tomorrowio_pipeline to 2026-07-01 15:00:00+00:00, run_after=2026-07-01 16:00:00+00:00
[2026-07-01T15:28:38.896+0000] {processor.py:183} INFO - Processing /opt/airflow/dags/dag_tomorrowio.py took 0.290 seconds
[2026-07-01T15:29:09.743+0000] {processor.py:161} INFO - Started process (PID=24424) to work on /opt/airflow/dags/dag_tomorrowio.py
[2026-07-01T15:29:09.744+0000] {processor.py:830} INFO - Processing file /opt/airflow/dags/dag_tomorrowio.py for tasks to queue
[2026-07-01T15:29:09.745+0000] {logging_mixin.py:188} INFO - [2026-07-01T15:29:09.744+0000] {dagbag.py:545} INFO - Filling up the DagBag from /opt/airflow/dags/dag_tomorrowio.py
[2026-07-01T15:29:10.028+0000] {processor.py:840} INFO - DAG(s) 'weather_tomorrowio_pipeline' retrieved from /opt/airflow/dags/dag_tomorrowio.py
[2026-07-01T15:29:10.038+0000] {logging_mixin.py:188} INFO - [2026-07-01T15:29:10.037+0000] {dag.py:3096} INFO - Sync 1 DAGs
[2026-07-01T15:29:10.045+0000] {logging_mixin.py:188} INFO - [2026-07-01T15:29:10.045+0000] {dag.py:3954} INFO - Setting next_dagrun for weather_tomorrowio_pipeline to 2026-07-01 15:00:00+00:00, run_after=2026-07-01 16:00:00+00:00
[2026-07-01T15:29:10.052+0000] {processor.py:183} INFO - Processing /opt/airflow/dags/dag_tomorrowio.py took 0.324 seconds
[2026-07-01T15:29:40.744+0000] {processor.py:161} INFO - Started process (PID=24461) to work on /opt/airflow/dags/dag_tomorrowio.py
[2026-07-01T15:29:40.745+0000] {processor.py:830} INFO - Processing file /opt/airflow/dags/dag_tomorrowio.py for tasks to queue
[2026-07-01T15:29:40.746+0000] {logging_mixin.py:188} INFO - [2026-07-01T15:29:40.746+0000] {dagbag.py:545} INFO - Filling up the DagBag from /opt/airflow/dags/dag_tomorrowio.py
[2026-07-01T15:29:41.029+0000] {processor.py:840} INFO - DAG(s) 'weather_tomorrowio_pipeline' retrieved from /opt/airflow/dags/dag_tomorrowio.py
[2026-07-01T15:29:41.039+0000] {logging_mixin.py:188} INFO - [2026-07-01T15:29:41.039+0000] {dag.py:3096} INFO - Sync 1 DAGs
[2026-07-01T15:29:41.046+0000] {logging_mixin.py:188} INFO - [2026-07-01T15:29:41.046+0000] {dag.py:3954} INFO - Setting next_dagrun for weather_tomorrowio_pipeline to 2026-07-01 15:00:00+00:00, run_after=2026-07-01 16:00:00+00:00
[2026-07-01T15:29:41.053+0000] {processor.py:183} INFO - Processing /opt/airflow/dags/dag_tomorrowio.py took 0.326 seconds
[2026-07-01T15:30:11.957+0000] {processor.py:161} INFO - Started process (PID=24498) to work on /opt/airflow/dags/dag_tomorrowio.py
[2026-07-01T15:30:11.957+0000] {processor.py:830} INFO - Processing file /opt/airflow/dags/dag_tomorrowio.py for tasks to queue
[2026-07-01T15:30:11.959+0000] {logging_mixin.py:188} INFO - [2026-07-01T15:30:11.959+0000] {dagbag.py:545} INFO - Filling up the DagBag from /opt/airflow/dags/dag_tomorrowio.py
[2026-07-01T15:30:12.230+0000] {processor.py:840} INFO - DAG(s) 'weather_tomorrowio_pipeline' retrieved from /opt/airflow/dags/dag_tomorrowio.py
[2026-07-01T15:30:12.238+0000] {logging_mixin.py:188} INFO - [2026-07-01T15:30:12.238+0000] {dag.py:3096} INFO - Sync 1 DAGs
[2026-07-01T15:30:12.244+0000] {logging_mixin.py:188} INFO - [2026-07-01T15:30:12.244+0000] {dag.py:3954} INFO - Setting next_dagrun for weather_tomorrowio_pipeline to 2026-07-01 15:00:00+00:00, run_after=2026-07-01 16:00:00+00:00
[2026-07-01T15:30:12.251+0000] {processor.py:183} INFO - Processing /opt/airflow/dags/dag_tomorrowio.py took 0.307 seconds
[2026-07-01T15:30:43.146+0000] {processor.py:161} INFO - Started process (PID=24535) to work on /opt/airflow/dags/dag_tomorrowio.py
[2026-07-01T15:30:43.148+0000] {processor.py:830} INFO - Processing file /opt/airflow/dags/dag_tomorrowio.py for tasks to queue
[2026-07-01T15:30:43.149+0000] {logging_mixin.py:188} INFO - [2026-07-01T15:30:43.149+0000] {dagbag.py:545} INFO - Filling up the DagBag from /opt/airflow/dags/dag_tomorrowio.py
[2026-07-01T15:30:43.450+0000] {processor.py:840} INFO - DAG(s) 'weather_tomorrowio_pipeline' retrieved from /opt/airflow/dags/dag_tomorrowio.py
[2026-07-01T15:30:43.461+0000] {logging_mixin.py:188} INFO - [2026-07-01T15:30:43.461+0000] {dag.py:3096} INFO - Sync 1 DAGs
[2026-07-01T15:30:43.471+0000] {logging_mixin.py:188} INFO - [2026-07-01T15:30:43.471+0000] {dag.py:3954} INFO - Setting next_dagrun for weather_tomorrowio_pipeline to 2026-07-01 15:00:00+00:00, run_after=2026-07-01 16:00:00+00:00
[2026-07-01T15:30:43.482+0000] {processor.py:183} INFO - Processing /opt/airflow/dags/dag_tomorrowio.py took 0.346 seconds
[2026-07-01T15:31:14.266+0000] {processor.py:161} INFO - Started process (PID=24571) to work on /opt/airflow/dags/dag_tomorrowio.py
[2026-07-01T15:31:14.273+0000] {processor.py:830} INFO - Processing file /opt/airflow/dags/dag_tomorrowio.py for tasks to queue
[2026-07-01T15:31:14.275+0000] {logging_mixin.py:188} INFO - [2026-07-01T15:31:14.275+0000] {dagbag.py:545} INFO - Filling up the DagBag from /opt/airflow/dags/dag_tomorrowio.py
[2026-07-01T15:31:14.701+0000] {processor.py:840} INFO - DAG(s) 'weather_tomorrowio_pipeline' retrieved from /opt/airflow/dags/dag_tomorrowio.py
[2026-07-01T15:31:14.718+0000] {logging_mixin.py:188} INFO - [2026-07-01T15:31:14.718+0000] {dag.py:3096} INFO - Sync 1 DAGs
[2026-07-01T15:31:14.736+0000] {logging_mixin.py:188} INFO - [2026-07-01T15:31:14.736+0000] {dag.py:3954} INFO - Setting next_dagrun for weather_tomorrowio_pipeline to 2026-07-01 15:00:00+00:00, run_after=2026-07-01 16:00:00+00:00
[2026-07-01T15:31:14.749+0000] {processor.py:183} INFO - Processing /opt/airflow/dags/dag_tomorrowio.py took 0.495 seconds
[2026-07-01T15:31:45.559+0000] {processor.py:161} INFO - Started process (PID=24608) to work on /opt/airflow/dags/dag_tomorrowio.py
[2026-07-01T15:31:45.561+0000] {processor.py:830} INFO - Processing file /opt/airflow/dags/dag_tomorrowio.py for tasks to queue
[2026-07-01T15:31:45.563+0000] {logging_mixin.py:188} INFO - [2026-07-01T15:31:45.563+0000] {dagbag.py:545} INFO - Filling up the DagBag from /opt/airflow/dags/dag_tomorrowio.py
[2026-07-01T15:31:46.069+0000] {processor.py:840} INFO - DAG(s) 'weather_tomorrowio_pipeline' retrieved from /opt/airflow/dags/dag_tomorrowio.py
[2026-07-01T15:31:46.088+0000] {logging_mixin.py:188} INFO - [2026-07-01T15:31:46.088+0000] {dag.py:3096} INFO - Sync 1 DAGs
[2026-07-01T15:31:46.100+0000] {logging_mixin.py:188} INFO - [2026-07-01T15:31:46.100+0000] {dag.py:3954} INFO - Setting next_dagrun for weather_tomorrowio_pipeline to 2026-07-01 15:00:00+00:00, run_after=2026-07-01 16:00:00+00:00
[2026-07-01T15:31:46.112+0000] {processor.py:183} INFO - Processing /opt/airflow/dags/dag_tomorrowio.py took 0.560 seconds
[2026-07-01T15:32:16.968+0000] {processor.py:161} INFO - Started process (PID=24645) to work on /opt/airflow/dags/dag_tomorrowio.py
[2026-07-01T15:32:16.971+0000] {processor.py:830} INFO - Processing file /opt/airflow/dags/dag_tomorrowio.py for tasks to queue
[2026-07-01T15:32:16.973+0000] {logging_mixin.py:188} INFO - [2026-07-01T15:32:16.973+0000] {dagbag.py:545} INFO - Filling up the DagBag from /opt/airflow/dags/dag_tomorrowio.py
[2026-07-01T15:32:17.518+0000] {processor.py:840} INFO - DAG(s) 'weather_tomorrowio_pipeline' retrieved from /opt/airflow/dags/dag_tomorrowio.py
[2026-07-01T15:32:17.543+0000] {logging_mixin.py:188} INFO - [2026-07-01T15:32:17.543+0000] {dag.py:3096} INFO - Sync 1 DAGs
[2026-07-01T15:32:17.563+0000] {logging_mixin.py:188} INFO - [2026-07-01T15:32:17.563+0000] {dag.py:3954} INFO - Setting next_dagrun for weather_tomorrowio_pipeline to 2026-07-01 15:00:00+00:00, run_after=2026-07-01 16:00:00+00:00
[2026-07-01T15:32:17.582+0000] {processor.py:183} INFO - Processing /opt/airflow/dags/dag_tomorrowio.py took 0.628 seconds
[2026-07-01T15:32:48.319+0000] {processor.py:161} INFO - Started process (PID=24682) to work on /opt/airflow/dags/dag_tomorrowio.py
[2026-07-01T15:32:48.320+0000] {processor.py:830} INFO - Processing file /opt/airflow/dags/dag_tomorrowio.py for tasks to queue
[2026-07-01T15:32:48.321+0000] {logging_mixin.py:188} INFO - [2026-07-01T15:32:48.321+0000] {dagbag.py:545} INFO - Filling up the DagBag from /opt/airflow/dags/dag_tomorrowio.py
[2026-07-01T15:32:48.723+0000] {processor.py:840} INFO - DAG(s) 'weather_tomorrowio_pipeline' retrieved from /opt/airflow/dags/dag_tomorrowio.py
[2026-07-01T15:32:48.738+0000] {logging_mixin.py:188} INFO - [2026-07-01T15:32:48.737+0000] {dag.py:3096} INFO - Sync 1 DAGs
[2026-07-01T15:32:48.746+0000] {logging_mixin.py:188} INFO - [2026-07-01T15:32:48.746+0000] {dag.py:3954} INFO - Setting next_dagrun for weather_tomorrowio_pipeline to 2026-07-01 15:00:00+00:00, run_after=2026-07-01 16:00:00+00:00
[2026-07-01T15:32:48.755+0000] {processor.py:183} INFO - Processing /opt/airflow/dags/dag_tomorrowio.py took 0.445 seconds
[2026-07-01T15:33:19.473+0000] {processor.py:161} INFO - Started process (PID=24719) to work on /opt/airflow/dags/dag_tomorrowio.py
[2026-07-01T15:33:19.474+0000] {processor.py:830} INFO - Processing file /opt/airflow/dags/dag_tomorrowio.py for tasks to queue
[2026-07-01T15:33:19.476+0000] {logging_mixin.py:188} INFO - [2026-07-01T15:33:19.476+0000] {dagbag.py:545} INFO - Filling up the DagBag from /opt/airflow/dags/dag_tomorrowio.py
[2026-07-01T15:33:19.933+0000] {processor.py:840} INFO - DAG(s) 'weather_tomorrowio_pipeline' retrieved from /opt/airflow/dags/dag_tomorrowio.py
[2026-07-01T15:33:19.950+0000] {logging_mixin.py:188} INFO - [2026-07-01T15:33:19.950+0000] {dag.py:3096} INFO - Sync 1 DAGs
[2026-07-01T15:33:19.961+0000] {logging_mixin.py:188} INFO - [2026-07-01T15:33:19.961+0000] {dag.py:3954} INFO - Setting next_dagrun for weather_tomorrowio_pipeline to 2026-07-01 15:00:00+00:00, run_after=2026-07-01 16:00:00+00:00
[2026-07-01T15:33:19.973+0000] {processor.py:183} INFO - Processing /opt/airflow/dags/dag_tomorrowio.py took 0.507 seconds
[2026-07-01T15:33:50.614+0000] {processor.py:161} INFO - Started process (PID=24755) to work on /opt/airflow/dags/dag_tomorrowio.py
[2026-07-01T15:33:50.616+0000] {processor.py:830} INFO - Processing file /opt/airflow/dags/dag_tomorrowio.py for tasks to queue
[2026-07-01T15:33:50.619+0000] {logging_mixin.py:188} INFO - [2026-07-01T15:33:50.618+0000] {dagbag.py:545} INFO - Filling up the DagBag from /opt/airflow/dags/dag_tomorrowio.py
[2026-07-01T15:33:51.117+0000] {processor.py:840} INFO - DAG(s) 'weather_tomorrowio_pipeline' retrieved from /opt/airflow/dags/dag_tomorrowio.py
[2026-07-01T15:33:51.135+0000] {logging_mixin.py:188} INFO - [2026-07-01T15:33:51.135+0000] {dag.py:3096} INFO - Sync 1 DAGs
[2026-07-01T15:33:51.145+0000] {logging_mixin.py:188} INFO - [2026-07-01T15:33:51.145+0000] {dag.py:3954} INFO - Setting next_dagrun for weather_tomorrowio_pipeline to 2026-07-01 15:00:00+00:00, run_after=2026-07-01 16:00:00+00:00
[2026-07-01T15:33:51.154+0000] {processor.py:183} INFO - Processing /opt/airflow/dags/dag_tomorrowio.py took 0.546 seconds
[2026-07-01T15:34:21.304+0000] {processor.py:161} INFO - Started process (PID=24792) to work on /opt/airflow/dags/dag_tomorrowio.py
[2026-07-01T15:34:21.307+0000] {processor.py:830} INFO - Processing file /opt/airflow/dags/dag_tomorrowio.py for tasks to queue
[2026-07-01T15:34:21.313+0000] {logging_mixin.py:188} INFO - [2026-07-01T15:34:21.311+0000] {dagbag.py:545} INFO - Filling up the DagBag from /opt/airflow/dags/dag_tomorrowio.py
[2026-07-01T15:34:21.921+0000] {processor.py:840} INFO - DAG(s) 'weather_tomorrowio_pipeline' retrieved from /opt/airflow/dags/dag_tomorrowio.py
[2026-07-01T15:34:21.945+0000] {logging_mixin.py:188} INFO - [2026-07-01T15:34:21.944+0000] {dag.py:3096} INFO - Sync 1 DAGs
[2026-07-01T15:34:21.964+0000] {logging_mixin.py:188} INFO - [2026-07-01T15:34:21.964+0000] {dag.py:3954} INFO - Setting next_dagrun for weather_tomorrowio_pipeline to 2026-07-01 15:00:00+00:00, run_after=2026-07-01 16:00:00+00:00
[2026-07-01T15:34:21.979+0000] {processor.py:183} INFO - Processing /opt/airflow/dags/dag_tomorrowio.py took 0.685 seconds
[2026-07-01T15:34:52.814+0000] {processor.py:161} INFO - Started process (PID=24830) to work on /opt/airflow/dags/dag_tomorrowio.py
[2026-07-01T15:34:52.817+0000] {processor.py:830} INFO - Processing file /opt/airflow/dags/dag_tomorrowio.py for tasks to queue
[2026-07-01T15:34:52.819+0000] {logging_mixin.py:188} INFO - [2026-07-01T15:34:52.819+0000] {dagbag.py:545} INFO - Filling up the DagBag from /opt/airflow/dags/dag_tomorrowio.py
[2026-07-01T15:34:53.292+0000] {processor.py:840} INFO - DAG(s) 'weather_tomorrowio_pipeline' retrieved from /opt/airflow/dags/dag_tomorrowio.py
[2026-07-01T15:34:53.311+0000] {logging_mixin.py:188} INFO - [2026-07-01T15:34:53.311+0000] {dag.py:3096} INFO - Sync 1 DAGs
[2026-07-01T15:34:53.331+0000] {logging_mixin.py:188} INFO - [2026-07-01T15:34:53.330+0000] {dag.py:3954} INFO - Setting next_dagrun for weather_tomorrowio_pipeline to 2026-07-01 15:00:00+00:00, run_after=2026-07-01 16:00:00+00:00
[2026-07-01T15:34:53.343+0000] {processor.py:183} INFO - Processing /opt/airflow/dags/dag_tomorrowio.py took 0.540 seconds
[2026-07-01T15:35:24.103+0000] {processor.py:161} INFO - Started process (PID=24867) to work on /opt/airflow/dags/dag_tomorrowio.py
[2026-07-01T15:35:24.105+0000] {processor.py:830} INFO - Processing file /opt/airflow/dags/dag_tomorrowio.py for tasks to queue
[2026-07-01T15:35:24.107+0000] {logging_mixin.py:188} INFO - [2026-07-01T15:35:24.105+0000] {dagbag.py:545} INFO - Filling up the DagBag from /opt/airflow/dags/dag_tomorrowio.py
[2026-07-01T15:35:24.555+0000] {processor.py:840} INFO - DAG(s) 'weather_tomorrowio_pipeline' retrieved from /opt/airflow/dags/dag_tomorrowio.py
[2026-07-01T15:35:24.576+0000] {logging_mixin.py:188} INFO - [2026-07-01T15:35:24.576+0000] {dag.py:3096} INFO - Sync 1 DAGs
[2026-07-01T15:35:24.587+0000] {logging_mixin.py:188} INFO - [2026-07-01T15:35:24.587+0000] {dag.py:3954} INFO - Setting next_dagrun for weather_tomorrowio_pipeline to 2026-07-01 15:00:00+00:00, run_after=2026-07-01 16:00:00+00:00
[2026-07-01T15:35:24.596+0000] {processor.py:183} INFO - Processing /opt/airflow/dags/dag_tomorrowio.py took 0.503 seconds
[2026-07-01T15:35:55.273+0000] {processor.py:161} INFO - Started process (PID=24904) to work on /opt/airflow/dags/dag_tomorrowio.py
[2026-07-01T15:35:55.275+0000] {processor.py:830} INFO - Processing file /opt/airflow/dags/dag_tomorrowio.py for tasks to queue
[2026-07-01T15:35:55.277+0000] {logging_mixin.py:188} INFO - [2026-07-01T15:35:55.277+0000] {dagbag.py:545} INFO - Filling up the DagBag from /opt/airflow/dags/dag_tomorrowio.py
[2026-07-01T15:35:55.691+0000] {processor.py:840} INFO - DAG(s) 'weather_tomorrowio_pipeline' retrieved from /opt/airflow/dags/dag_tomorrowio.py
[2026-07-01T15:35:55.706+0000] {logging_mixin.py:188} INFO - [2026-07-01T15:35:55.706+0000] {dag.py:3096} INFO - Sync 1 DAGs
[2026-07-01T15:35:55.717+0000] {logging_mixin.py:188} INFO - [2026-07-01T15:35:55.717+0000] {dag.py:3954} INFO - Setting next_dagrun for weather_tomorrowio_pipeline to 2026-07-01 15:00:00+00:00, run_after=2026-07-01 16:00:00+00:00
[2026-07-01T15:35:55.728+0000] {processor.py:183} INFO - Processing /opt/airflow/dags/dag_tomorrowio.py took 0.461 seconds
[2026-07-01T15:36:26.501+0000] {processor.py:161} INFO - Started process (PID=24941) to work on /opt/airflow/dags/dag_tomorrowio.py
[2026-07-01T15:36:26.502+0000] {processor.py:830} INFO - Processing file /opt/airflow/dags/dag_tomorrowio.py for tasks to queue
[2026-07-01T15:36:26.504+0000] {logging_mixin.py:188} INFO - [2026-07-01T15:36:26.504+0000] {dagbag.py:545} INFO - Filling up the DagBag from /opt/airflow/dags/dag_tomorrowio.py
[2026-07-01T15:36:26.989+0000] {processor.py:840} INFO - DAG(s) 'weather_tomorrowio_pipeline' retrieved from /opt/airflow/dags/dag_tomorrowio.py
[2026-07-01T15:36:27.016+0000] {logging_mixin.py:188} INFO - [2026-07-01T15:36:27.015+0000] {dag.py:3096} INFO - Sync 1 DAGs
[2026-07-01T15:36:27.043+0000] {logging_mixin.py:188} INFO - [2026-07-01T15:36:27.042+0000] {dag.py:3954} INFO - Setting next_dagrun for weather_tomorrowio_pipeline to 2026-07-01 15:00:00+00:00, run_after=2026-07-01 16:00:00+00:00
[2026-07-01T15:36:27.056+0000] {processor.py:183} INFO - Processing /opt/airflow/dags/dag_tomorrowio.py took 0.561 seconds
[2026-07-01T15:36:57.641+0000] {processor.py:161} INFO - Started process (PID=24978) to work on /opt/airflow/dags/dag_tomorrowio.py
[2026-07-01T15:36:57.642+0000] {processor.py:830} INFO - Processing file /opt/airflow/dags/dag_tomorrowio.py for tasks to queue
[2026-07-01T15:36:57.644+0000] {logging_mixin.py:188} INFO - [2026-07-01T15:36:57.644+0000] {dagbag.py:545} INFO - Filling up the DagBag from /opt/airflow/dags/dag_tomorrowio.py
[2026-07-01T15:36:58.024+0000] {processor.py:840} INFO - DAG(s) 'weather_tomorrowio_pipeline' retrieved from /opt/airflow/dags/dag_tomorrowio.py
[2026-07-01T15:36:58.040+0000] {logging_mixin.py:188} INFO - [2026-07-01T15:36:58.040+0000] {dag.py:3096} INFO - Sync 1 DAGs
[2026-07-01T15:36:58.050+0000] {logging_mixin.py:188} INFO - [2026-07-01T15:36:58.050+0000] {dag.py:3954} INFO - Setting next_dagrun for weather_tomorrowio_pipeline to 2026-07-01 15:00:00+00:00, run_after=2026-07-01 16:00:00+00:00
[2026-07-01T15:36:58.058+0000] {processor.py:183} INFO - Processing /opt/airflow/dags/dag_tomorrowio.py took 0.421 seconds
[2026-07-01T15:37:28.759+0000] {processor.py:161} INFO - Started process (PID=25015) to work on /opt/airflow/dags/dag_tomorrowio.py
[2026-07-01T15:37:28.762+0000] {processor.py:830} INFO - Processing file /opt/airflow/dags/dag_tomorrowio.py for tasks to queue
[2026-07-01T15:37:28.763+0000] {logging_mixin.py:188} INFO - [2026-07-01T15:37:28.762+0000] {dagbag.py:545} INFO - Filling up the DagBag from /opt/airflow/dags/dag_tomorrowio.py
[2026-07-01T15:37:29.229+0000] {processor.py:840} INFO - DAG(s) 'weather_tomorrowio_pipeline' retrieved from /opt/airflow/dags/dag_tomorrowio.py
[2026-07-01T15:37:29.247+0000] {logging_mixin.py:188} INFO - [2026-07-01T15:37:29.247+0000] {dag.py:3096} INFO - Sync 1 DAGs
[2026-07-01T15:37:29.259+0000] {logging_mixin.py:188} INFO - [2026-07-01T15:37:29.259+0000] {dag.py:3954} INFO - Setting next_dagrun for weather_tomorrowio_pipeline to 2026-07-01 15:00:00+00:00, run_after=2026-07-01 16:00:00+00:00
[2026-07-01T15:37:29.271+0000] {processor.py:183} INFO - Processing /opt/airflow/dags/dag_tomorrowio.py took 0.525 seconds
[2026-07-01T15:38:00.013+0000] {processor.py:161} INFO - Started process (PID=25051) to work on /opt/airflow/dags/dag_tomorrowio.py
[2026-07-01T15:38:00.017+0000] {processor.py:830} INFO - Processing file /opt/airflow/dags/dag_tomorrowio.py for tasks to queue
[2026-07-01T15:38:00.038+0000] {logging_mixin.py:188} INFO - [2026-07-01T15:38:00.035+0000] {dagbag.py:545} INFO - Filling up the DagBag from /opt/airflow/dags/dag_tomorrowio.py
[2026-07-01T15:38:00.734+0000] {processor.py:840} INFO - DAG(s) 'weather_tomorrowio_pipeline' retrieved from /opt/airflow/dags/dag_tomorrowio.py
[2026-07-01T15:38:00.753+0000] {logging_mixin.py:188} INFO - [2026-07-01T15:38:00.752+0000] {dag.py:3096} INFO - Sync 1 DAGs
[2026-07-01T15:38:00.766+0000] {logging_mixin.py:188} INFO - [2026-07-01T15:38:00.766+0000] {dag.py:3954} INFO - Setting next_dagrun for weather_tomorrowio_pipeline to 2026-07-01 15:00:00+00:00, run_after=2026-07-01 16:00:00+00:00
[2026-07-01T15:38:00.777+0000] {processor.py:183} INFO - Processing /opt/airflow/dags/dag_tomorrowio.py took 0.788 seconds
[2026-07-01T15:38:31.451+0000] {processor.py:161} INFO - Started process (PID=25089) to work on /opt/airflow/dags/dag_tomorrowio.py
[2026-07-01T15:38:31.456+0000] {processor.py:830} INFO - Processing file /opt/airflow/dags/dag_tomorrowio.py for tasks to queue
[2026-07-01T15:38:31.463+0000] {logging_mixin.py:188} INFO - [2026-07-01T15:38:31.463+0000] {dagbag.py:545} INFO - Filling up the DagBag from /opt/airflow/dags/dag_tomorrowio.py
[2026-07-01T15:38:31.947+0000] {processor.py:840} INFO - DAG(s) 'weather_tomorrowio_pipeline' retrieved from /opt/airflow/dags/dag_tomorrowio.py
[2026-07-01T15:38:31.965+0000] {logging_mixin.py:188} INFO - [2026-07-01T15:38:31.964+0000] {dag.py:3096} INFO - Sync 1 DAGs
[2026-07-01T15:38:31.976+0000] {logging_mixin.py:188} INFO - [2026-07-01T15:38:31.976+0000] {dag.py:3954} INFO - Setting next_dagrun for weather_tomorrowio_pipeline to 2026-07-01 15:00:00+00:00, run_after=2026-07-01 16:00:00+00:00
[2026-07-01T15:38:31.987+0000] {processor.py:183} INFO - Processing /opt/airflow/dags/dag_tomorrowio.py took 0.546 seconds
[2026-07-01T15:39:02.808+0000] {processor.py:161} INFO - Started process (PID=25125) to work on /opt/airflow/dags/dag_tomorrowio.py
[2026-07-01T15:39:02.811+0000] {processor.py:830} INFO - Processing file /opt/airflow/dags/dag_tomorrowio.py for tasks to queue
[2026-07-01T15:39:02.815+0000] {logging_mixin.py:188} INFO - [2026-07-01T15:39:02.814+0000] {dagbag.py:545} INFO - Filling up the DagBag from /opt/airflow/dags/dag_tomorrowio.py
[2026-07-01T15:39:03.380+0000] {processor.py:840} INFO - DAG(s) 'weather_tomorrowio_pipeline' retrieved from /opt/airflow/dags/dag_tomorrowio.py
[2026-07-01T15:39:03.399+0000] {logging_mixin.py:188} INFO - [2026-07-01T15:39:03.398+0000] {dag.py:3096} INFO - Sync 1 DAGs
[2026-07-01T15:39:03.413+0000] {logging_mixin.py:188} INFO - [2026-07-01T15:39:03.413+0000] {dag.py:3954} INFO - Setting next_dagrun for weather_tomorrowio_pipeline to 2026-07-01 15:00:00+00:00, run_after=2026-07-01 16:00:00+00:00
[2026-07-01T15:39:03.425+0000] {processor.py:183} INFO - Processing /opt/airflow/dags/dag_tomorrowio.py took 0.641 seconds
[2026-07-01T15:39:34.107+0000] {processor.py:161} INFO - Started process (PID=25163) to work on /opt/airflow/dags/dag_tomorrowio.py
[2026-07-01T15:39:34.109+0000] {processor.py:830} INFO - Processing file /opt/airflow/dags/dag_tomorrowio.py for tasks to queue
[2026-07-01T15:39:34.111+0000] {logging_mixin.py:188} INFO - [2026-07-01T15:39:34.110+0000] {dagbag.py:545} INFO - Filling up the DagBag from /opt/airflow/dags/dag_tomorrowio.py
[2026-07-01T15:39:34.580+0000] {processor.py:840} INFO - DAG(s) 'weather_tomorrowio_pipeline' retrieved from /opt/airflow/dags/dag_tomorrowio.py
[2026-07-01T15:39:34.597+0000] {logging_mixin.py:188} INFO - [2026-07-01T15:39:34.597+0000] {dag.py:3096} INFO - Sync 1 DAGs
[2026-07-01T15:39:34.609+0000] {logging_mixin.py:188} INFO - [2026-07-01T15:39:34.609+0000] {dag.py:3954} INFO - Setting next_dagrun for weather_tomorrowio_pipeline to 2026-07-01 15:00:00+00:00, run_after=2026-07-01 16:00:00+00:00
[2026-07-01T15:39:34.620+0000] {processor.py:183} INFO - Processing /opt/airflow/dags/dag_tomorrowio.py took 0.521 seconds
[2026-07-01T15:40:05.504+0000] {processor.py:161} INFO - Started process (PID=25199) to work on /opt/airflow/dags/dag_tomorrowio.py
[2026-07-01T15:40:05.507+0000] {processor.py:830} INFO - Processing file /opt/airflow/dags/dag_tomorrowio.py for tasks to queue
[2026-07-01T15:40:05.516+0000] {logging_mixin.py:188} INFO - [2026-07-01T15:40:05.515+0000] {dagbag.py:545} INFO - Filling up the DagBag from /opt/airflow/dags/dag_tomorrowio.py
[2026-07-01T15:40:06.021+0000] {processor.py:840} INFO - DAG(s) 'weather_tomorrowio_pipeline' retrieved from /opt/airflow/dags/dag_tomorrowio.py
[2026-07-01T15:40:06.037+0000] {logging_mixin.py:188} INFO - [2026-07-01T15:40:06.037+0000] {dag.py:3096} INFO - Sync 1 DAGs
[2026-07-01T15:40:06.046+0000] {logging_mixin.py:188} INFO - [2026-07-01T15:40:06.046+0000] {dag.py:3954} INFO - Setting next_dagrun for weather_tomorrowio_pipeline to 2026-07-01 15:00:00+00:00, run_after=2026-07-01 16:00:00+00:00
[2026-07-01T15:40:06.054+0000] {processor.py:183} INFO - Processing /opt/airflow/dags/dag_tomorrowio.py took 0.559 seconds
[2026-07-01T15:40:36.711+0000] {processor.py:161} INFO - Started process (PID=25237) to work on /opt/airflow/dags/dag_tomorrowio.py
[2026-07-01T15:40:36.712+0000] {processor.py:830} INFO - Processing file /opt/airflow/dags/dag_tomorrowio.py for tasks to queue
[2026-07-01T15:40:36.719+0000] {logging_mixin.py:188} INFO - [2026-07-01T15:40:36.718+0000] {dagbag.py:545} INFO - Filling up the DagBag from /opt/airflow/dags/dag_tomorrowio.py
[2026-07-01T15:40:37.141+0000] {processor.py:840} INFO - DAG(s) 'weather_tomorrowio_pipeline' retrieved from /opt/airflow/dags/dag_tomorrowio.py
[2026-07-01T15:40:37.159+0000] {logging_mixin.py:188} INFO - [2026-07-01T15:40:37.159+0000] {dag.py:3096} INFO - Sync 1 DAGs
[2026-07-01T15:40:37.170+0000] {logging_mixin.py:188} INFO - [2026-07-01T15:40:37.170+0000] {dag.py:3954} INFO - Setting next_dagrun for weather_tomorrowio_pipeline to 2026-07-01 15:00:00+00:00, run_after=2026-07-01 16:00:00+00:00
[2026-07-01T15:40:37.179+0000] {processor.py:183} INFO - Processing /opt/airflow/dags/dag_tomorrowio.py took 0.484 seconds
[2026-07-01T15:41:07.835+0000] {processor.py:161} INFO - Started process (PID=25274) to work on /opt/airflow/dags/dag_tomorrowio.py
[2026-07-01T15:41:07.837+0000] {processor.py:830} INFO - Processing file /opt/airflow/dags/dag_tomorrowio.py for tasks to queue
[2026-07-01T15:41:07.842+0000] {logging_mixin.py:188} INFO - [2026-07-01T15:41:07.842+0000] {dagbag.py:545} INFO - Filling up the DagBag from /opt/airflow/dags/dag_tomorrowio.py
[2026-07-01T15:41:08.301+0000] {processor.py:840} INFO - DAG(s) 'weather_tomorrowio_pipeline' retrieved from /opt/airflow/dags/dag_tomorrowio.py
[2026-07-01T15:41:08.315+0000] {logging_mixin.py:188} INFO - [2026-07-01T15:41:08.315+0000] {dag.py:3096} INFO - Sync 1 DAGs
[2026-07-01T15:41:08.324+0000] {logging_mixin.py:188} INFO - [2026-07-01T15:41:08.324+0000] {dag.py:3954} INFO - Setting next_dagrun for weather_tomorrowio_pipeline to 2026-07-01 15:00:00+00:00, run_after=2026-07-01 16:00:00+00:00
[2026-07-01T15:41:08.334+0000] {processor.py:183} INFO - Processing /opt/airflow/dags/dag_tomorrowio.py took 0.507 seconds
[2026-07-01T15:41:38.947+0000] {processor.py:161} INFO - Started process (PID=25310) to work on /opt/airflow/dags/dag_tomorrowio.py
[2026-07-01T15:41:38.949+0000] {processor.py:830} INFO - Processing file /opt/airflow/dags/dag_tomorrowio.py for tasks to queue
[2026-07-01T15:41:38.952+0000] {logging_mixin.py:188} INFO - [2026-07-01T15:41:38.952+0000] {dagbag.py:545} INFO - Filling up the DagBag from /opt/airflow/dags/dag_tomorrowio.py
[2026-07-01T15:41:39.425+0000] {processor.py:840} INFO - DAG(s) 'weather_tomorrowio_pipeline' retrieved from /opt/airflow/dags/dag_tomorrowio.py
[2026-07-01T15:41:39.439+0000] {logging_mixin.py:188} INFO - [2026-07-01T15:41:39.439+0000] {dag.py:3096} INFO - Sync 1 DAGs
[2026-07-01T15:41:39.449+0000] {logging_mixin.py:188} INFO - [2026-07-01T15:41:39.449+0000] {dag.py:3954} INFO - Setting next_dagrun for weather_tomorrowio_pipeline to 2026-07-01 15:00:00+00:00, run_after=2026-07-01 16:00:00+00:00
[2026-07-01T15:41:39.457+0000] {processor.py:183} INFO - Processing /opt/airflow/dags/dag_tomorrowio.py took 0.517 seconds
[2026-07-01T15:42:10.091+0000] {processor.py:161} INFO - Started process (PID=25347) to work on /opt/airflow/dags/dag_tomorrowio.py
[2026-07-01T15:42:10.093+0000] {processor.py:830} INFO - Processing file /opt/airflow/dags/dag_tomorrowio.py for tasks to queue
[2026-07-01T15:42:10.100+0000] {logging_mixin.py:188} INFO - [2026-07-01T15:42:10.100+0000] {dagbag.py:545} INFO - Filling up the DagBag from /opt/airflow/dags/dag_tomorrowio.py
[2026-07-01T15:42:10.576+0000] {processor.py:840} INFO - DAG(s) 'weather_tomorrowio_pipeline' retrieved from /opt/airflow/dags/dag_tomorrowio.py
[2026-07-01T15:42:10.590+0000] {logging_mixin.py:188} INFO - [2026-07-01T15:42:10.590+0000] {dag.py:3096} INFO - Sync 1 DAGs
[2026-07-01T15:42:10.603+0000] {logging_mixin.py:188} INFO - [2026-07-01T15:42:10.603+0000] {dag.py:3954} INFO - Setting next_dagrun for weather_tomorrowio_pipeline to 2026-07-01 15:00:00+00:00, run_after=2026-07-01 16:00:00+00:00
[2026-07-01T15:42:10.612+0000] {processor.py:183} INFO - Processing /opt/airflow/dags/dag_tomorrowio.py took 0.529 seconds
[2026-07-01T15:42:41.144+0000] {processor.py:161} INFO - Started process (PID=25384) to work on /opt/airflow/dags/dag_tomorrowio.py
[2026-07-01T15:42:41.146+0000] {processor.py:830} INFO - Processing file /opt/airflow/dags/dag_tomorrowio.py for tasks to queue
[2026-07-01T15:42:41.149+0000] {logging_mixin.py:188} INFO - [2026-07-01T15:42:41.148+0000] {dagbag.py:545} INFO - Filling up the DagBag from /opt/airflow/dags/dag_tomorrowio.py
[2026-07-01T15:42:41.754+0000] {processor.py:840} INFO - DAG(s) 'weather_tomorrowio_pipeline' retrieved from /opt/airflow/dags/dag_tomorrowio.py
[2026-07-01T15:42:41.779+0000] {logging_mixin.py:188} INFO - [2026-07-01T15:42:41.778+0000] {dag.py:3096} INFO - Sync 1 DAGs
[2026-07-01T15:42:41.793+0000] {logging_mixin.py:188} INFO - [2026-07-01T15:42:41.793+0000] {dag.py:3954} INFO - Setting next_dagrun for weather_tomorrowio_pipeline to 2026-07-01 15:00:00+00:00, run_after=2026-07-01 16:00:00+00:00
[2026-07-01T15:42:41.805+0000] {processor.py:183} INFO - Processing /opt/airflow/dags/dag_tomorrowio.py took 0.669 seconds
[2026-07-01T15:43:12.606+0000] {processor.py:161} INFO - Started process (PID=25421) to work on /opt/airflow/dags/dag_tomorrowio.py
[2026-07-01T15:43:12.608+0000] {processor.py:830} INFO - Processing file /opt/airflow/dags/dag_tomorrowio.py for tasks to queue
[2026-07-01T15:43:12.611+0000] {logging_mixin.py:188} INFO - [2026-07-01T15:43:12.610+0000] {dagbag.py:545} INFO - Filling up the DagBag from /opt/airflow/dags/dag_tomorrowio.py
[2026-07-01T15:43:13.249+0000] {processor.py:840} INFO - DAG(s) 'weather_tomorrowio_pipeline' retrieved from /opt/airflow/dags/dag_tomorrowio.py
[2026-07-01T15:43:13.280+0000] {logging_mixin.py:188} INFO - [2026-07-01T15:43:13.280+0000] {dag.py:3096} INFO - Sync 1 DAGs
[2026-07-01T15:43:13.295+0000] {logging_mixin.py:188} INFO - [2026-07-01T15:43:13.295+0000] {dag.py:3954} INFO - Setting next_dagrun for weather_tomorrowio_pipeline to 2026-07-01 15:00:00+00:00, run_after=2026-07-01 16:00:00+00:00
[2026-07-01T15:43:13.310+0000] {processor.py:183} INFO - Processing /opt/airflow/dags/dag_tomorrowio.py took 0.713 seconds
[2026-07-01T15:43:44.176+0000] {processor.py:161} INFO - Started process (PID=25459) to work on /opt/airflow/dags/dag_tomorrowio.py
[2026-07-01T15:43:44.182+0000] {processor.py:830} INFO - Processing file /opt/airflow/dags/dag_tomorrowio.py for tasks to queue
[2026-07-01T15:43:44.191+0000] {logging_mixin.py:188} INFO - [2026-07-01T15:43:44.189+0000] {dagbag.py:545} INFO - Filling up the DagBag from /opt/airflow/dags/dag_tomorrowio.py
[2026-07-01T15:43:44.682+0000] {processor.py:840} INFO - DAG(s) 'weather_tomorrowio_pipeline' retrieved from /opt/airflow/dags/dag_tomorrowio.py
[2026-07-01T15:43:44.699+0000] {logging_mixin.py:188} INFO - [2026-07-01T15:43:44.699+0000] {dag.py:3096} INFO - Sync 1 DAGs
[2026-07-01T15:43:44.713+0000] {logging_mixin.py:188} INFO - [2026-07-01T15:43:44.713+0000] {dag.py:3954} INFO - Setting next_dagrun for weather_tomorrowio_pipeline to 2026-07-01 15:00:00+00:00, run_after=2026-07-01 16:00:00+00:00
[2026-07-01T15:43:44.723+0000] {processor.py:183} INFO - Processing /opt/airflow/dags/dag_tomorrowio.py took 0.558 seconds
[2026-07-01T15:44:14.866+0000] {processor.py:161} INFO - Started process (PID=25494) to work on /opt/airflow/dags/dag_tomorrowio.py
[2026-07-01T15:44:14.868+0000] {processor.py:830} INFO - Processing file /opt/airflow/dags/dag_tomorrowio.py for tasks to queue
[2026-07-01T15:44:14.870+0000] {logging_mixin.py:188} INFO - [2026-07-01T15:44:14.870+0000] {dagbag.py:545} INFO - Filling up the DagBag from /opt/airflow/dags/dag_tomorrowio.py
[2026-07-01T15:44:15.351+0000] {processor.py:840} INFO - DAG(s) 'weather_tomorrowio_pipeline' retrieved from /opt/airflow/dags/dag_tomorrowio.py
[2026-07-01T15:44:15.366+0000] {logging_mixin.py:188} INFO - [2026-07-01T15:44:15.366+0000] {dag.py:3096} INFO - Sync 1 DAGs
[2026-07-01T15:44:15.377+0000] {logging_mixin.py:188} INFO - [2026-07-01T15:44:15.377+0000] {dag.py:3954} INFO - Setting next_dagrun for weather_tomorrowio_pipeline to 2026-07-01 15:00:00+00:00, run_after=2026-07-01 16:00:00+00:00
[2026-07-01T15:44:15.386+0000] {processor.py:183} INFO - Processing /opt/airflow/dags/dag_tomorrowio.py took 0.530 seconds
[2026-07-01T15:44:46.129+0000] {processor.py:161} INFO - Started process (PID=25533) to work on /opt/airflow/dags/dag_tomorrowio.py
[2026-07-01T15:44:46.130+0000] {processor.py:830} INFO - Processing file /opt/airflow/dags/dag_tomorrowio.py for tasks to queue
[2026-07-01T15:44:46.134+0000] {logging_mixin.py:188} INFO - [2026-07-01T15:44:46.133+0000] {dagbag.py:545} INFO - Filling up the DagBag from /opt/airflow/dags/dag_tomorrowio.py
[2026-07-01T15:44:46.612+0000] {processor.py:840} INFO - DAG(s) 'weather_tomorrowio_pipeline' retrieved from /opt/airflow/dags/dag_tomorrowio.py
[2026-07-01T15:44:46.633+0000] {logging_mixin.py:188} INFO - [2026-07-01T15:44:46.632+0000] {dag.py:3096} INFO - Sync 1 DAGs
[2026-07-01T15:44:46.657+0000] {logging_mixin.py:188} INFO - [2026-07-01T15:44:46.656+0000] {dag.py:3954} INFO - Setting next_dagrun for weather_tomorrowio_pipeline to 2026-07-01 15:00:00+00:00, run_after=2026-07-01 16:00:00+00:00
[2026-07-01T15:44:46.673+0000] {processor.py:183} INFO - Processing /opt/airflow/dags/dag_tomorrowio.py took 0.551 seconds
[2026-07-01T15:45:17.623+0000] {processor.py:161} INFO - Started process (PID=25569) to work on /opt/airflow/dags/dag_tomorrowio.py
[2026-07-01T15:45:17.626+0000] {processor.py:830} INFO - Processing file /opt/airflow/dags/dag_tomorrowio.py for tasks to queue
[2026-07-01T15:45:17.629+0000] {logging_mixin.py:188} INFO - [2026-07-01T15:45:17.629+0000] {dagbag.py:545} INFO - Filling up the DagBag from /opt/airflow/dags/dag_tomorrowio.py
[2026-07-01T15:45:18.080+0000] {processor.py:840} INFO - DAG(s) 'weather_tomorrowio_pipeline' retrieved from /opt/airflow/dags/dag_tomorrowio.py
[2026-07-01T15:45:18.099+0000] {logging_mixin.py:188} INFO - [2026-07-01T15:45:18.099+0000] {dag.py:3096} INFO - Sync 1 DAGs
[2026-07-01T15:45:18.112+0000] {logging_mixin.py:188} INFO - [2026-07-01T15:45:18.112+0000] {dag.py:3954} INFO - Setting next_dagrun for weather_tomorrowio_pipeline to 2026-07-01 15:00:00+00:00, run_after=2026-07-01 16:00:00+00:00
[2026-07-01T15:45:18.120+0000] {processor.py:183} INFO - Processing /opt/airflow/dags/dag_tomorrowio.py took 0.512 seconds
[2026-07-01T15:45:48.743+0000] {processor.py:161} INFO - Started process (PID=25607) to work on /opt/airflow/dags/dag_tomorrowio.py
[2026-07-01T15:45:48.745+0000] {processor.py:830} INFO - Processing file /opt/airflow/dags/dag_tomorrowio.py for tasks to queue
[2026-07-01T15:45:48.747+0000] {logging_mixin.py:188} INFO - [2026-07-01T15:45:48.747+0000] {dagbag.py:545} INFO - Filling up the DagBag from /opt/airflow/dags/dag_tomorrowio.py
[2026-07-01T15:45:49.168+0000] {processor.py:840} INFO - DAG(s) 'weather_tomorrowio_pipeline' retrieved from /opt/airflow/dags/dag_tomorrowio.py
[2026-07-01T15:45:49.181+0000] {logging_mixin.py:188} INFO - [2026-07-01T15:45:49.180+0000] {dag.py:3096} INFO - Sync 1 DAGs
[2026-07-01T15:45:49.189+0000] {logging_mixin.py:188} INFO - [2026-07-01T15:45:49.189+0000] {dag.py:3954} INFO - Setting next_dagrun for weather_tomorrowio_pipeline to 2026-07-01 15:00:00+00:00, run_after=2026-07-01 16:00:00+00:00
[2026-07-01T15:45:49.197+0000] {processor.py:183} INFO - Processing /opt/airflow/dags/dag_tomorrowio.py took 0.458 seconds
[2026-07-01T15:46:19.876+0000] {processor.py:161} INFO - Started process (PID=25644) to work on /opt/airflow/dags/dag_tomorrowio.py
[2026-07-01T15:46:19.878+0000] {processor.py:830} INFO - Processing file /opt/airflow/dags/dag_tomorrowio.py for tasks to queue
[2026-07-01T15:46:19.883+0000] {logging_mixin.py:188} INFO - [2026-07-01T15:46:19.883+0000] {dagbag.py:545} INFO - Filling up the DagBag from /opt/airflow/dags/dag_tomorrowio.py
[2026-07-01T15:46:20.350+0000] {processor.py:840} INFO - DAG(s) 'weather_tomorrowio_pipeline' retrieved from /opt/airflow/dags/dag_tomorrowio.py
[2026-07-01T15:46:20.375+0000] {logging_mixin.py:188} INFO - [2026-07-01T15:46:20.374+0000] {dag.py:3096} INFO - Sync 1 DAGs
[2026-07-01T15:46:20.387+0000] {logging_mixin.py:188} INFO - [2026-07-01T15:46:20.387+0000] {dag.py:3954} INFO - Setting next_dagrun for weather_tomorrowio_pipeline to 2026-07-01 15:00:00+00:00, run_after=2026-07-01 16:00:00+00:00
[2026-07-01T15:46:20.399+0000] {processor.py:183} INFO - Processing /opt/airflow/dags/dag_tomorrowio.py took 0.530 seconds
[2026-07-01T15:46:50.940+0000] {processor.py:161} INFO - Started process (PID=25681) to work on /opt/airflow/dags/dag_tomorrowio.py
[2026-07-01T15:46:50.941+0000] {processor.py:830} INFO - Processing file /opt/airflow/dags/dag_tomorrowio.py for tasks to queue
[2026-07-01T15:46:50.943+0000] {logging_mixin.py:188} INFO - [2026-07-01T15:46:50.943+0000] {dagbag.py:545} INFO - Filling up the DagBag from /opt/airflow/dags/dag_tomorrowio.py
[2026-07-01T15:46:51.418+0000] {processor.py:840} INFO - DAG(s) 'weather_tomorrowio_pipeline' retrieved from /opt/airflow/dags/dag_tomorrowio.py
[2026-07-01T15:46:51.435+0000] {logging_mixin.py:188} INFO - [2026-07-01T15:46:51.435+0000] {dag.py:3096} INFO - Sync 1 DAGs
[2026-07-01T15:46:51.444+0000] {logging_mixin.py:188} INFO - [2026-07-01T15:46:51.444+0000] {dag.py:3954} INFO - Setting next_dagrun for weather_tomorrowio_pipeline to 2026-07-01 15:00:00+00:00, run_after=2026-07-01 16:00:00+00:00
[2026-07-01T15:46:51.453+0000] {processor.py:183} INFO - Processing /opt/airflow/dags/dag_tomorrowio.py took 0.521 seconds
[2026-07-01T15:47:22.177+0000] {processor.py:161} INFO - Started process (PID=25716) to work on /opt/airflow/dags/dag_tomorrowio.py
[2026-07-01T15:47:22.179+0000] {processor.py:830} INFO - Processing file /opt/airflow/dags/dag_tomorrowio.py for tasks to queue
[2026-07-01T15:47:22.181+0000] {logging_mixin.py:188} INFO - [2026-07-01T15:47:22.181+0000] {dagbag.py:545} INFO - Filling up the DagBag from /opt/airflow/dags/dag_tomorrowio.py
[2026-07-01T15:47:22.646+0000] {processor.py:840} INFO - DAG(s) 'weather_tomorrowio_pipeline' retrieved from /opt/airflow/dags/dag_tomorrowio.py
[2026-07-01T15:47:22.664+0000] {logging_mixin.py:188} INFO - [2026-07-01T15:47:22.664+0000] {dag.py:3096} INFO - Sync 1 DAGs
[2026-07-01T15:47:22.683+0000] {logging_mixin.py:188} INFO - [2026-07-01T15:47:22.683+0000] {dag.py:3954} INFO - Setting next_dagrun for weather_tomorrowio_pipeline to 2026-07-01 15:00:00+00:00, run_after=2026-07-01 16:00:00+00:00
[2026-07-01T15:47:22.692+0000] {processor.py:183} INFO - Processing /opt/airflow/dags/dag_tomorrowio.py took 0.523 seconds
[2026-07-01T15:47:53.300+0000] {processor.py:161} INFO - Started process (PID=25755) to work on /opt/airflow/dags/dag_tomorrowio.py
[2026-07-01T15:47:53.301+0000] {processor.py:830} INFO - Processing file /opt/airflow/dags/dag_tomorrowio.py for tasks to queue
[2026-07-01T15:47:53.303+0000] {logging_mixin.py:188} INFO - [2026-07-01T15:47:53.303+0000] {dagbag.py:545} INFO - Filling up the DagBag from /opt/airflow/dags/dag_tomorrowio.py
[2026-07-01T15:47:53.738+0000] {processor.py:840} INFO - DAG(s) 'weather_tomorrowio_pipeline' retrieved from /opt/airflow/dags/dag_tomorrowio.py
[2026-07-01T15:47:53.756+0000] {logging_mixin.py:188} INFO - [2026-07-01T15:47:53.755+0000] {dag.py:3096} INFO - Sync 1 DAGs
[2026-07-01T15:47:53.769+0000] {logging_mixin.py:188} INFO - [2026-07-01T15:47:53.769+0000] {dag.py:3954} INFO - Setting next_dagrun for weather_tomorrowio_pipeline to 2026-07-01 15:00:00+00:00, run_after=2026-07-01 16:00:00+00:00
[2026-07-01T15:47:53.781+0000] {processor.py:183} INFO - Processing /opt/airflow/dags/dag_tomorrowio.py took 0.487 seconds
[2026-07-01T15:48:24.542+0000] {processor.py:161} INFO - Started process (PID=25790) to work on /opt/airflow/dags/dag_tomorrowio.py
[2026-07-01T15:48:24.544+0000] {processor.py:830} INFO - Processing file /opt/airflow/dags/dag_tomorrowio.py for tasks to queue
[2026-07-01T15:48:24.558+0000] {logging_mixin.py:188} INFO - [2026-07-01T15:48:24.556+0000] {dagbag.py:545} INFO - Filling up the DagBag from /opt/airflow/dags/dag_tomorrowio.py
[2026-07-01T15:48:25.038+0000] {processor.py:840} INFO - DAG(s) 'weather_tomorrowio_pipeline' retrieved from /opt/airflow/dags/dag_tomorrowio.py
[2026-07-01T15:48:25.060+0000] {logging_mixin.py:188} INFO - [2026-07-01T15:48:25.060+0000] {dag.py:3096} INFO - Sync 1 DAGs
[2026-07-01T15:48:25.074+0000] {logging_mixin.py:188} INFO - [2026-07-01T15:48:25.074+0000] {dag.py:3954} INFO - Setting next_dagrun for weather_tomorrowio_pipeline to 2026-07-01 15:00:00+00:00, run_after=2026-07-01 16:00:00+00:00
[2026-07-01T15:48:25.089+0000] {processor.py:183} INFO - Processing /opt/airflow/dags/dag_tomorrowio.py took 0.560 seconds
[2026-07-01T15:48:55.652+0000] {processor.py:161} INFO - Started process (PID=25829) to work on /opt/airflow/dags/dag_tomorrowio.py
[2026-07-01T15:48:55.654+0000] {processor.py:830} INFO - Processing file /opt/airflow/dags/dag_tomorrowio.py for tasks to queue
[2026-07-01T15:48:55.655+0000] {logging_mixin.py:188} INFO - [2026-07-01T15:48:55.655+0000] {dagbag.py:545} INFO - Filling up the DagBag from /opt/airflow/dags/dag_tomorrowio.py
[2026-07-01T15:48:56.013+0000] {processor.py:840} INFO - DAG(s) 'weather_tomorrowio_pipeline' retrieved from /opt/airflow/dags/dag_tomorrowio.py
[2026-07-01T15:48:56.027+0000] {logging_mixin.py:188} INFO - [2026-07-01T15:48:56.027+0000] {dag.py:3096} INFO - Sync 1 DAGs
[2026-07-01T15:48:56.035+0000] {logging_mixin.py:188} INFO - [2026-07-01T15:48:56.035+0000] {dag.py:3954} INFO - Setting next_dagrun for weather_tomorrowio_pipeline to 2026-07-01 15:00:00+00:00, run_after=2026-07-01 16:00:00+00:00
[2026-07-01T15:48:56.043+0000] {processor.py:183} INFO - Processing /opt/airflow/dags/dag_tomorrowio.py took 0.401 seconds
[2026-07-01T15:49:26.776+0000] {processor.py:161} INFO - Started process (PID=25865) to work on /opt/airflow/dags/dag_tomorrowio.py
[2026-07-01T15:49:26.778+0000] {processor.py:830} INFO - Processing file /opt/airflow/dags/dag_tomorrowio.py for tasks to queue
[2026-07-01T15:49:26.781+0000] {logging_mixin.py:188} INFO - [2026-07-01T15:49:26.781+0000] {dagbag.py:545} INFO - Filling up the DagBag from /opt/airflow/dags/dag_tomorrowio.py
[2026-07-01T15:49:27.308+0000] {processor.py:840} INFO - DAG(s) 'weather_tomorrowio_pipeline' retrieved from /opt/airflow/dags/dag_tomorrowio.py
[2026-07-01T15:49:27.326+0000] {logging_mixin.py:188} INFO - [2026-07-01T15:49:27.326+0000] {dag.py:3096} INFO - Sync 1 DAGs
[2026-07-01T15:49:27.336+0000] {logging_mixin.py:188} INFO - [2026-07-01T15:49:27.336+0000] {dag.py:3954} INFO - Setting next_dagrun for weather_tomorrowio_pipeline to 2026-07-01 15:00:00+00:00, run_after=2026-07-01 16:00:00+00:00
[2026-07-01T15:49:27.352+0000] {processor.py:183} INFO - Processing /opt/airflow/dags/dag_tomorrowio.py took 0.586 seconds
[2026-07-01T15:49:57.991+0000] {processor.py:161} INFO - Started process (PID=25902) to work on /opt/airflow/dags/dag_tomorrowio.py
[2026-07-01T15:49:57.994+0000] {processor.py:830} INFO - Processing file /opt/airflow/dags/dag_tomorrowio.py for tasks to queue
[2026-07-01T15:49:57.999+0000] {logging_mixin.py:188} INFO - [2026-07-01T15:49:57.999+0000] {dagbag.py:545} INFO - Filling up the DagBag from /opt/airflow/dags/dag_tomorrowio.py
[2026-07-01T15:49:58.507+0000] {processor.py:840} INFO - DAG(s) 'weather_tomorrowio_pipeline' retrieved from /opt/airflow/dags/dag_tomorrowio.py
[2026-07-01T15:49:58.523+0000] {logging_mixin.py:188} INFO - [2026-07-01T15:49:58.523+0000] {dag.py:3096} INFO - Sync 1 DAGs
[2026-07-01T15:49:58.534+0000] {logging_mixin.py:188} INFO - [2026-07-01T15:49:58.534+0000] {dag.py:3954} INFO - Setting next_dagrun for weather_tomorrowio_pipeline to 2026-07-01 15:00:00+00:00, run_after=2026-07-01 16:00:00+00:00
[2026-07-01T15:49:58.546+0000] {processor.py:183} INFO - Processing /opt/airflow/dags/dag_tomorrowio.py took 0.565 seconds
[2026-07-01T15:50:29.466+0000] {processor.py:161} INFO - Started process (PID=25940) to work on /opt/airflow/dags/dag_tomorrowio.py
[2026-07-01T15:50:29.468+0000] {processor.py:830} INFO - Processing file /opt/airflow/dags/dag_tomorrowio.py for tasks to queue
[2026-07-01T15:50:29.472+0000] {logging_mixin.py:188} INFO - [2026-07-01T15:50:29.471+0000] {dagbag.py:545} INFO - Filling up the DagBag from /opt/airflow/dags/dag_tomorrowio.py
[2026-07-01T15:50:29.945+0000] {processor.py:840} INFO - DAG(s) 'weather_tomorrowio_pipeline' retrieved from /opt/airflow/dags/dag_tomorrowio.py
[2026-07-01T15:50:29.957+0000] {logging_mixin.py:188} INFO - [2026-07-01T15:50:29.957+0000] {dag.py:3096} INFO - Sync 1 DAGs
[2026-07-01T15:50:29.966+0000] {logging_mixin.py:188} INFO - [2026-07-01T15:50:29.966+0000] {dag.py:3954} INFO - Setting next_dagrun for weather_tomorrowio_pipeline to 2026-07-01 15:00:00+00:00, run_after=2026-07-01 16:00:00+00:00
[2026-07-01T15:50:29.975+0000] {processor.py:183} INFO - Processing /opt/airflow/dags/dag_tomorrowio.py took 0.519 seconds
[2026-07-01T15:51:00.520+0000] {processor.py:161} INFO - Started process (PID=25976) to work on /opt/airflow/dags/dag_tomorrowio.py
[2026-07-01T15:51:00.522+0000] {processor.py:830} INFO - Processing file /opt/airflow/dags/dag_tomorrowio.py for tasks to queue
[2026-07-01T15:51:00.528+0000] {logging_mixin.py:188} INFO - [2026-07-01T15:51:00.527+0000] {dagbag.py:545} INFO - Filling up the DagBag from /opt/airflow/dags/dag_tomorrowio.py
[2026-07-01T15:51:01.138+0000] {processor.py:840} INFO - DAG(s) 'weather_tomorrowio_pipeline' retrieved from /opt/airflow/dags/dag_tomorrowio.py
[2026-07-01T15:51:01.160+0000] {logging_mixin.py:188} INFO - [2026-07-01T15:51:01.160+0000] {dag.py:3096} INFO - Sync 1 DAGs
[2026-07-01T15:51:01.177+0000] {logging_mixin.py:188} INFO - [2026-07-01T15:51:01.177+0000] {dag.py:3954} INFO - Setting next_dagrun for weather_tomorrowio_pipeline to 2026-07-01 15:00:00+00:00, run_after=2026-07-01 16:00:00+00:00
[2026-07-01T15:51:01.187+0000] {processor.py:183} INFO - Processing /opt/airflow/dags/dag_tomorrowio.py took 0.677 seconds
[2026-07-01T15:51:31.842+0000] {processor.py:161} INFO - Started process (PID=26014) to work on /opt/airflow/dags/dag_tomorrowio.py
[2026-07-01T15:51:31.843+0000] {processor.py:830} INFO - Processing file /opt/airflow/dags/dag_tomorrowio.py for tasks to queue
[2026-07-01T15:51:31.847+0000] {logging_mixin.py:188} INFO - [2026-07-01T15:51:31.847+0000] {dagbag.py:545} INFO - Filling up the DagBag from /opt/airflow/dags/dag_tomorrowio.py
[2026-07-01T15:51:32.301+0000] {processor.py:840} INFO - DAG(s) 'weather_tomorrowio_pipeline' retrieved from /opt/airflow/dags/dag_tomorrowio.py
[2026-07-01T15:51:32.329+0000] {logging_mixin.py:188} INFO - [2026-07-01T15:51:32.328+0000] {dag.py:3096} INFO - Sync 1 DAGs
[2026-07-01T15:51:32.340+0000] {logging_mixin.py:188} INFO - [2026-07-01T15:51:32.340+0000] {dag.py:3954} INFO - Setting next_dagrun for weather_tomorrowio_pipeline to 2026-07-01 15:00:00+00:00, run_after=2026-07-01 16:00:00+00:00
[2026-07-01T15:51:32.349+0000] {processor.py:183} INFO - Processing /opt/airflow/dags/dag_tomorrowio.py took 0.517 seconds
[2026-07-01T15:52:02.893+0000] {processor.py:161} INFO - Started process (PID=26051) to work on /opt/airflow/dags/dag_tomorrowio.py
[2026-07-01T15:52:02.895+0000] {processor.py:830} INFO - Processing file /opt/airflow/dags/dag_tomorrowio.py for tasks to queue
[2026-07-01T15:52:02.899+0000] {logging_mixin.py:188} INFO - [2026-07-01T15:52:02.899+0000] {dagbag.py:545} INFO - Filling up the DagBag from /opt/airflow/dags/dag_tomorrowio.py
[2026-07-01T15:52:03.349+0000] {processor.py:840} INFO - DAG(s) 'weather_tomorrowio_pipeline' retrieved from /opt/airflow/dags/dag_tomorrowio.py
[2026-07-01T15:52:03.365+0000] {logging_mixin.py:188} INFO - [2026-07-01T15:52:03.365+0000] {dag.py:3096} INFO - Sync 1 DAGs
[2026-07-01T15:52:03.374+0000] {logging_mixin.py:188} INFO - [2026-07-01T15:52:03.374+0000] {dag.py:3954} INFO - Setting next_dagrun for weather_tomorrowio_pipeline to 2026-07-01 15:00:00+00:00, run_after=2026-07-01 16:00:00+00:00
[2026-07-01T15:52:03.381+0000] {processor.py:183} INFO - Processing /opt/airflow/dags/dag_tomorrowio.py took 0.504 seconds
[2026-07-01T15:52:33.954+0000] {processor.py:161} INFO - Started process (PID=26088) to work on /opt/airflow/dags/dag_tomorrowio.py
[2026-07-01T15:52:33.955+0000] {processor.py:830} INFO - Processing file /opt/airflow/dags/dag_tomorrowio.py for tasks to queue
[2026-07-01T15:52:33.959+0000] {logging_mixin.py:188} INFO - [2026-07-01T15:52:33.959+0000] {dagbag.py:545} INFO - Filling up the DagBag from /opt/airflow/dags/dag_tomorrowio.py
[2026-07-01T15:52:34.406+0000] {processor.py:840} INFO - DAG(s) 'weather_tomorrowio_pipeline' retrieved from /opt/airflow/dags/dag_tomorrowio.py
[2026-07-01T15:52:34.418+0000] {logging_mixin.py:188} INFO - [2026-07-01T15:52:34.418+0000] {dag.py:3096} INFO - Sync 1 DAGs
[2026-07-01T15:52:34.432+0000] {logging_mixin.py:188} INFO - [2026-07-01T15:52:34.431+0000] {dag.py:3954} INFO - Setting next_dagrun for weather_tomorrowio_pipeline to 2026-07-01 15:00:00+00:00, run_after=2026-07-01 16:00:00+00:00
[2026-07-01T15:52:34.443+0000] {processor.py:183} INFO - Processing /opt/airflow/dags/dag_tomorrowio.py took 0.506 seconds
[2026-07-01T15:53:05.251+0000] {processor.py:161} INFO - Started process (PID=26124) to work on /opt/airflow/dags/dag_tomorrowio.py
[2026-07-01T15:53:05.257+0000] {processor.py:830} INFO - Processing file /opt/airflow/dags/dag_tomorrowio.py for tasks to queue
[2026-07-01T15:53:05.260+0000] {logging_mixin.py:188} INFO - [2026-07-01T15:53:05.260+0000] {dagbag.py:545} INFO - Filling up the DagBag from /opt/airflow/dags/dag_tomorrowio.py
[2026-07-01T15:53:05.781+0000] {processor.py:840} INFO - DAG(s) 'weather_tomorrowio_pipeline' retrieved from /opt/airflow/dags/dag_tomorrowio.py
[2026-07-01T15:53:05.799+0000] {logging_mixin.py:188} INFO - [2026-07-01T15:53:05.799+0000] {dag.py:3096} INFO - Sync 1 DAGs
[2026-07-01T15:53:05.811+0000] {logging_mixin.py:188} INFO - [2026-07-01T15:53:05.811+0000] {dag.py:3954} INFO - Setting next_dagrun for weather_tomorrowio_pipeline to 2026-07-01 15:00:00+00:00, run_after=2026-07-01 16:00:00+00:00
[2026-07-01T15:53:05.824+0000] {processor.py:183} INFO - Processing /opt/airflow/dags/dag_tomorrowio.py took 0.597 seconds
[2026-07-01T15:53:36.447+0000] {processor.py:161} INFO - Started process (PID=26160) to work on /opt/airflow/dags/dag_tomorrowio.py
[2026-07-01T15:53:36.449+0000] {processor.py:830} INFO - Processing file /opt/airflow/dags/dag_tomorrowio.py for tasks to queue
[2026-07-01T15:53:36.451+0000] {logging_mixin.py:188} INFO - [2026-07-01T15:53:36.451+0000] {dagbag.py:545} INFO - Filling up the DagBag from /opt/airflow/dags/dag_tomorrowio.py
[2026-07-01T15:53:36.891+0000] {processor.py:840} INFO - DAG(s) 'weather_tomorrowio_pipeline' retrieved from /opt/airflow/dags/dag_tomorrowio.py
[2026-07-01T15:53:36.906+0000] {logging_mixin.py:188} INFO - [2026-07-01T15:53:36.906+0000] {dag.py:3096} INFO - Sync 1 DAGs
[2026-07-01T15:53:36.914+0000] {logging_mixin.py:188} INFO - [2026-07-01T15:53:36.914+0000] {dag.py:3954} INFO - Setting next_dagrun for weather_tomorrowio_pipeline to 2026-07-01 15:00:00+00:00, run_after=2026-07-01 16:00:00+00:00
[2026-07-01T15:53:36.923+0000] {processor.py:183} INFO - Processing /opt/airflow/dags/dag_tomorrowio.py took 0.482 seconds
[2026-07-01T15:54:07.537+0000] {processor.py:161} INFO - Started process (PID=26198) to work on /opt/airflow/dags/dag_tomorrowio.py
[2026-07-01T15:54:07.539+0000] {processor.py:830} INFO - Processing file /opt/airflow/dags/dag_tomorrowio.py for tasks to queue
[2026-07-01T15:54:07.548+0000] {logging_mixin.py:188} INFO - [2026-07-01T15:54:07.546+0000] {dagbag.py:545} INFO - Filling up the DagBag from /opt/airflow/dags/dag_tomorrowio.py
[2026-07-01T15:54:08.023+0000] {processor.py:840} INFO - DAG(s) 'weather_tomorrowio_pipeline' retrieved from /opt/airflow/dags/dag_tomorrowio.py
[2026-07-01T15:54:08.042+0000] {logging_mixin.py:188} INFO - [2026-07-01T15:54:08.042+0000] {dag.py:3096} INFO - Sync 1 DAGs
[2026-07-01T15:54:08.054+0000] {logging_mixin.py:188} INFO - [2026-07-01T15:54:08.054+0000] {dag.py:3954} INFO - Setting next_dagrun for weather_tomorrowio_pipeline to 2026-07-01 15:00:00+00:00, run_after=2026-07-01 16:00:00+00:00
[2026-07-01T15:54:08.064+0000] {processor.py:183} INFO - Processing /opt/airflow/dags/dag_tomorrowio.py took 0.535 seconds
[2026-07-01T15:54:38.631+0000] {processor.py:161} INFO - Started process (PID=26234) to work on /opt/airflow/dags/dag_tomorrowio.py
[2026-07-01T15:54:38.635+0000] {processor.py:830} INFO - Processing file /opt/airflow/dags/dag_tomorrowio.py for tasks to queue
[2026-07-01T15:54:38.644+0000] {logging_mixin.py:188} INFO - [2026-07-01T15:54:38.643+0000] {dagbag.py:545} INFO - Filling up the DagBag from /opt/airflow/dags/dag_tomorrowio.py
[2026-07-01T15:54:39.131+0000] {processor.py:840} INFO - DAG(s) 'weather_tomorrowio_pipeline' retrieved from /opt/airflow/dags/dag_tomorrowio.py
[2026-07-01T15:54:39.148+0000] {logging_mixin.py:188} INFO - [2026-07-01T15:54:39.148+0000] {dag.py:3096} INFO - Sync 1 DAGs
[2026-07-01T15:54:39.158+0000] {logging_mixin.py:188} INFO - [2026-07-01T15:54:39.158+0000] {dag.py:3954} INFO - Setting next_dagrun for weather_tomorrowio_pipeline to 2026-07-01 15:00:00+00:00, run_after=2026-07-01 16:00:00+00:00
[2026-07-01T15:54:39.167+0000] {processor.py:183} INFO - Processing /opt/airflow/dags/dag_tomorrowio.py took 0.559 seconds
[2026-07-01T15:55:09.758+0000] {processor.py:161} INFO - Started process (PID=26271) to work on /opt/airflow/dags/dag_tomorrowio.py
[2026-07-01T15:55:09.761+0000] {processor.py:830} INFO - Processing file /opt/airflow/dags/dag_tomorrowio.py for tasks to queue
[2026-07-01T15:55:09.765+0000] {logging_mixin.py:188} INFO - [2026-07-01T15:55:09.765+0000] {dagbag.py:545} INFO - Filling up the DagBag from /opt/airflow/dags/dag_tomorrowio.py
[2026-07-01T15:55:10.258+0000] {processor.py:840} INFO - DAG(s) 'weather_tomorrowio_pipeline' retrieved from /opt/airflow/dags/dag_tomorrowio.py
[2026-07-01T15:55:10.285+0000] {logging_mixin.py:188} INFO - [2026-07-01T15:55:10.285+0000] {dag.py:3096} INFO - Sync 1 DAGs
[2026-07-01T15:55:10.298+0000] {logging_mixin.py:188} INFO - [2026-07-01T15:55:10.298+0000] {dag.py:3954} INFO - Setting next_dagrun for weather_tomorrowio_pipeline to 2026-07-01 15:00:00+00:00, run_after=2026-07-01 16:00:00+00:00
[2026-07-01T15:55:10.307+0000] {processor.py:183} INFO - Processing /opt/airflow/dags/dag_tomorrowio.py took 0.558 seconds
[2026-07-01T15:55:40.890+0000] {processor.py:161} INFO - Started process (PID=26310) to work on /opt/airflow/dags/dag_tomorrowio.py
[2026-07-01T15:55:40.892+0000] {processor.py:830} INFO - Processing file /opt/airflow/dags/dag_tomorrowio.py for tasks to queue
[2026-07-01T15:55:40.896+0000] {logging_mixin.py:188} INFO - [2026-07-01T15:55:40.896+0000] {dagbag.py:545} INFO - Filling up the DagBag from /opt/airflow/dags/dag_tomorrowio.py
[2026-07-01T15:55:41.364+0000] {processor.py:840} INFO - DAG(s) 'weather_tomorrowio_pipeline' retrieved from /opt/airflow/dags/dag_tomorrowio.py
[2026-07-01T15:55:41.380+0000] {logging_mixin.py:188} INFO - [2026-07-01T15:55:41.380+0000] {dag.py:3096} INFO - Sync 1 DAGs
[2026-07-01T15:55:41.393+0000] {logging_mixin.py:188} INFO - [2026-07-01T15:55:41.392+0000] {dag.py:3954} INFO - Setting next_dagrun for weather_tomorrowio_pipeline to 2026-07-01 15:00:00+00:00, run_after=2026-07-01 16:00:00+00:00
[2026-07-01T15:55:41.406+0000] {processor.py:183} INFO - Processing /opt/airflow/dags/dag_tomorrowio.py took 0.525 seconds
[2026-07-01T15:56:11.918+0000] {processor.py:161} INFO - Started process (PID=26345) to work on /opt/airflow/dags/dag_tomorrowio.py
[2026-07-01T15:56:11.922+0000] {processor.py:830} INFO - Processing file /opt/airflow/dags/dag_tomorrowio.py for tasks to queue
[2026-07-01T15:56:11.925+0000] {logging_mixin.py:188} INFO - [2026-07-01T15:56:11.925+0000] {dagbag.py:545} INFO - Filling up the DagBag from /opt/airflow/dags/dag_tomorrowio.py
[2026-07-01T15:56:12.405+0000] {processor.py:840} INFO - DAG(s) 'weather_tomorrowio_pipeline' retrieved from /opt/airflow/dags/dag_tomorrowio.py
[2026-07-01T15:56:12.428+0000] {logging_mixin.py:188} INFO - [2026-07-01T15:56:12.428+0000] {dag.py:3096} INFO - Sync 1 DAGs
[2026-07-01T15:56:12.447+0000] {logging_mixin.py:188} INFO - [2026-07-01T15:56:12.447+0000] {dag.py:3954} INFO - Setting next_dagrun for weather_tomorrowio_pipeline to 2026-07-01 15:00:00+00:00, run_after=2026-07-01 16:00:00+00:00
[2026-07-01T15:56:12.465+0000] {processor.py:183} INFO - Processing /opt/airflow/dags/dag_tomorrowio.py took 0.554 seconds
[2026-07-01T15:56:42.994+0000] {processor.py:161} INFO - Started process (PID=26382) to work on /opt/airflow/dags/dag_tomorrowio.py
[2026-07-01T15:56:42.998+0000] {processor.py:830} INFO - Processing file /opt/airflow/dags/dag_tomorrowio.py for tasks to queue
[2026-07-01T15:56:43.002+0000] {logging_mixin.py:188} INFO - [2026-07-01T15:56:43.002+0000] {dagbag.py:545} INFO - Filling up the DagBag from /opt/airflow/dags/dag_tomorrowio.py
[2026-07-01T15:56:43.463+0000] {processor.py:840} INFO - DAG(s) 'weather_tomorrowio_pipeline' retrieved from /opt/airflow/dags/dag_tomorrowio.py
[2026-07-01T15:56:43.479+0000] {logging_mixin.py:188} INFO - [2026-07-01T15:56:43.479+0000] {dag.py:3096} INFO - Sync 1 DAGs
[2026-07-01T15:56:43.491+0000] {logging_mixin.py:188} INFO - [2026-07-01T15:56:43.491+0000] {dag.py:3954} INFO - Setting next_dagrun for weather_tomorrowio_pipeline to 2026-07-01 15:00:00+00:00, run_after=2026-07-01 16:00:00+00:00
[2026-07-01T15:56:43.502+0000] {processor.py:183} INFO - Processing /opt/airflow/dags/dag_tomorrowio.py took 0.520 seconds
[2026-07-01T15:57:14.111+0000] {processor.py:161} INFO - Started process (PID=26420) to work on /opt/airflow/dags/dag_tomorrowio.py
[2026-07-01T15:57:14.114+0000] {processor.py:830} INFO - Processing file /opt/airflow/dags/dag_tomorrowio.py for tasks to queue
[2026-07-01T15:57:14.120+0000] {logging_mixin.py:188} INFO - [2026-07-01T15:57:14.117+0000] {dagbag.py:545} INFO - Filling up the DagBag from /opt/airflow/dags/dag_tomorrowio.py
[2026-07-01T15:57:14.636+0000] {processor.py:840} INFO - DAG(s) 'weather_tomorrowio_pipeline' retrieved from /opt/airflow/dags/dag_tomorrowio.py
[2026-07-01T15:57:14.651+0000] {logging_mixin.py:188} INFO - [2026-07-01T15:57:14.650+0000] {dag.py:3096} INFO - Sync 1 DAGs
[2026-07-01T15:57:14.659+0000] {logging_mixin.py:188} INFO - [2026-07-01T15:57:14.659+0000] {dag.py:3954} INFO - Setting next_dagrun for weather_tomorrowio_pipeline to 2026-07-01 15:00:00+00:00, run_after=2026-07-01 16:00:00+00:00
[2026-07-01T15:57:14.668+0000] {processor.py:183} INFO - Processing /opt/airflow/dags/dag_tomorrowio.py took 0.571 seconds
[2026-07-01T15:57:45.215+0000] {processor.py:161} INFO - Started process (PID=26458) to work on /opt/airflow/dags/dag_tomorrowio.py
[2026-07-01T15:57:45.218+0000] {processor.py:830} INFO - Processing file /opt/airflow/dags/dag_tomorrowio.py for tasks to queue
[2026-07-01T15:57:45.225+0000] {logging_mixin.py:188} INFO - [2026-07-01T15:57:45.224+0000] {dagbag.py:545} INFO - Filling up the DagBag from /opt/airflow/dags/dag_tomorrowio.py
[2026-07-01T15:57:45.858+0000] {processor.py:840} INFO - DAG(s) 'weather_tomorrowio_pipeline' retrieved from /opt/airflow/dags/dag_tomorrowio.py
[2026-07-01T15:57:45.875+0000] {logging_mixin.py:188} INFO - [2026-07-01T15:57:45.875+0000] {dag.py:3096} INFO - Sync 1 DAGs
[2026-07-01T15:57:45.884+0000] {logging_mixin.py:188} INFO - [2026-07-01T15:57:45.884+0000] {dag.py:3954} INFO - Setting next_dagrun for weather_tomorrowio_pipeline to 2026-07-01 15:00:00+00:00, run_after=2026-07-01 16:00:00+00:00
[2026-07-01T15:57:45.893+0000] {processor.py:183} INFO - Processing /opt/airflow/dags/dag_tomorrowio.py took 0.704 seconds
[2026-07-01T15:58:16.961+0000] {processor.py:161} INFO - Started process (PID=26516) to work on /opt/airflow/dags/dag_tomorrowio.py
[2026-07-01T15:58:16.962+0000] {processor.py:830} INFO - Processing file /opt/airflow/dags/dag_tomorrowio.py for tasks to queue
[2026-07-01T15:58:16.963+0000] {logging_mixin.py:188} INFO - [2026-07-01T15:58:16.963+0000] {dagbag.py:545} INFO - Filling up the DagBag from /opt/airflow/dags/dag_tomorrowio.py
[2026-07-01T15:58:17.232+0000] {processor.py:840} INFO - DAG(s) 'weather_tomorrowio_pipeline' retrieved from /opt/airflow/dags/dag_tomorrowio.py
[2026-07-01T15:58:17.239+0000] {logging_mixin.py:188} INFO - [2026-07-01T15:58:17.239+0000] {dag.py:3096} INFO - Sync 1 DAGs
[2026-07-01T15:58:17.246+0000] {logging_mixin.py:188} INFO - [2026-07-01T15:58:17.246+0000] {dag.py:3954} INFO - Setting next_dagrun for weather_tomorrowio_pipeline to 2026-07-01 15:00:00+00:00, run_after=2026-07-01 16:00:00+00:00
[2026-07-01T15:58:17.253+0000] {processor.py:183} INFO - Processing /opt/airflow/dags/dag_tomorrowio.py took 0.297 seconds
[2026-07-01T15:58:47.892+0000] {processor.py:161} INFO - Started process (PID=26553) to work on /opt/airflow/dags/dag_tomorrowio.py
[2026-07-01T15:58:47.894+0000] {processor.py:830} INFO - Processing file /opt/airflow/dags/dag_tomorrowio.py for tasks to queue
[2026-07-01T15:58:47.895+0000] {logging_mixin.py:188} INFO - [2026-07-01T15:58:47.894+0000] {dagbag.py:545} INFO - Filling up the DagBag from /opt/airflow/dags/dag_tomorrowio.py
[2026-07-01T15:58:48.148+0000] {processor.py:840} INFO - DAG(s) 'weather_tomorrowio_pipeline' retrieved from /opt/airflow/dags/dag_tomorrowio.py
[2026-07-01T15:58:48.161+0000] {logging_mixin.py:188} INFO - [2026-07-01T15:58:48.160+0000] {dag.py:3096} INFO - Sync 1 DAGs
[2026-07-01T15:58:48.171+0000] {logging_mixin.py:188} INFO - [2026-07-01T15:58:48.171+0000] {dag.py:3954} INFO - Setting next_dagrun for weather_tomorrowio_pipeline to 2026-07-01 15:00:00+00:00, run_after=2026-07-01 16:00:00+00:00
[2026-07-01T15:58:48.181+0000] {processor.py:183} INFO - Processing /opt/airflow/dags/dag_tomorrowio.py took 0.296 seconds
[2026-07-01T15:59:19.082+0000] {processor.py:161} INFO - Started process (PID=26590) to work on /opt/airflow/dags/dag_tomorrowio.py
[2026-07-01T15:59:19.083+0000] {processor.py:830} INFO - Processing file /opt/airflow/dags/dag_tomorrowio.py for tasks to queue
[2026-07-01T15:59:19.084+0000] {logging_mixin.py:188} INFO - [2026-07-01T15:59:19.084+0000] {dagbag.py:545} INFO - Filling up the DagBag from /opt/airflow/dags/dag_tomorrowio.py
[2026-07-01T15:59:19.384+0000] {processor.py:840} INFO - DAG(s) 'weather_tomorrowio_pipeline' retrieved from /opt/airflow/dags/dag_tomorrowio.py
[2026-07-01T15:59:19.393+0000] {logging_mixin.py:188} INFO - [2026-07-01T15:59:19.393+0000] {dag.py:3096} INFO - Sync 1 DAGs
[2026-07-01T15:59:19.400+0000] {logging_mixin.py:188} INFO - [2026-07-01T15:59:19.399+0000] {dag.py:3954} INFO - Setting next_dagrun for weather_tomorrowio_pipeline to 2026-07-01 15:00:00+00:00, run_after=2026-07-01 16:00:00+00:00
[2026-07-01T15:59:19.407+0000] {processor.py:183} INFO - Processing /opt/airflow/dags/dag_tomorrowio.py took 0.330 seconds
[2026-07-01T15:59:50.211+0000] {processor.py:161} INFO - Started process (PID=26627) to work on /opt/airflow/dags/dag_tomorrowio.py
[2026-07-01T15:59:50.212+0000] {processor.py:830} INFO - Processing file /opt/airflow/dags/dag_tomorrowio.py for tasks to queue
[2026-07-01T15:59:50.213+0000] {logging_mixin.py:188} INFO - [2026-07-01T15:59:50.213+0000] {dagbag.py:545} INFO - Filling up the DagBag from /opt/airflow/dags/dag_tomorrowio.py
[2026-07-01T15:59:50.470+0000] {processor.py:840} INFO - DAG(s) 'weather_tomorrowio_pipeline' retrieved from /opt/airflow/dags/dag_tomorrowio.py
[2026-07-01T15:59:50.477+0000] {logging_mixin.py:188} INFO - [2026-07-01T15:59:50.477+0000] {dag.py:3096} INFO - Sync 1 DAGs
[2026-07-01T15:59:50.484+0000] {logging_mixin.py:188} INFO - [2026-07-01T15:59:50.484+0000] {dag.py:3954} INFO - Setting next_dagrun for weather_tomorrowio_pipeline to 2026-07-01 15:00:00+00:00, run_after=2026-07-01 16:00:00+00:00
[2026-07-01T15:59:50.491+0000] {processor.py:183} INFO - Processing /opt/airflow/dags/dag_tomorrowio.py took 0.287 seconds
[2026-07-01T16:00:21.088+0000] {processor.py:161} INFO - Started process (PID=27239) to work on /opt/airflow/dags/dag_tomorrowio.py
[2026-07-01T16:00:21.089+0000] {processor.py:830} INFO - Processing file /opt/airflow/dags/dag_tomorrowio.py for tasks to queue
[2026-07-01T16:00:21.090+0000] {logging_mixin.py:188} INFO - [2026-07-01T16:00:21.090+0000] {dagbag.py:545} INFO - Filling up the DagBag from /opt/airflow/dags/dag_tomorrowio.py
[2026-07-01T16:00:21.373+0000] {processor.py:840} INFO - DAG(s) 'weather_tomorrowio_pipeline' retrieved from /opt/airflow/dags/dag_tomorrowio.py
[2026-07-01T16:00:21.388+0000] {logging_mixin.py:188} INFO - [2026-07-01T16:00:21.388+0000] {dag.py:3096} INFO - Sync 1 DAGs
[2026-07-01T16:00:21.403+0000] {logging_mixin.py:188} INFO - [2026-07-01T16:00:21.403+0000] {dag.py:3954} INFO - Setting next_dagrun for weather_tomorrowio_pipeline to 2026-07-01 16:00:00+00:00, run_after=2026-07-01 17:00:00+00:00
[2026-07-01T16:00:21.416+0000] {processor.py:183} INFO - Processing /opt/airflow/dags/dag_tomorrowio.py took 0.332 seconds
[2026-07-01T16:00:52.062+0000] {processor.py:161} INFO - Started process (PID=27281) to work on /opt/airflow/dags/dag_tomorrowio.py
[2026-07-01T16:00:52.063+0000] {processor.py:830} INFO - Processing file /opt/airflow/dags/dag_tomorrowio.py for tasks to queue
[2026-07-01T16:00:52.064+0000] {logging_mixin.py:188} INFO - [2026-07-01T16:00:52.063+0000] {dagbag.py:545} INFO - Filling up the DagBag from /opt/airflow/dags/dag_tomorrowio.py
[2026-07-01T16:00:52.336+0000] {processor.py:840} INFO - DAG(s) 'weather_tomorrowio_pipeline' retrieved from /opt/airflow/dags/dag_tomorrowio.py
[2026-07-01T16:00:52.343+0000] {logging_mixin.py:188} INFO - [2026-07-01T16:00:52.343+0000] {dag.py:3096} INFO - Sync 1 DAGs
[2026-07-01T16:00:52.350+0000] {logging_mixin.py:188} INFO - [2026-07-01T16:00:52.350+0000] {dag.py:3954} INFO - Setting next_dagrun for weather_tomorrowio_pipeline to 2026-07-01 16:00:00+00:00, run_after=2026-07-01 17:00:00+00:00
[2026-07-01T16:00:52.356+0000] {processor.py:183} INFO - Processing /opt/airflow/dags/dag_tomorrowio.py took 0.297 seconds
[2026-07-01T16:01:23.090+0000] {processor.py:161} INFO - Started process (PID=27318) to work on /opt/airflow/dags/dag_tomorrowio.py
[2026-07-01T16:01:23.091+0000] {processor.py:830} INFO - Processing file /opt/airflow/dags/dag_tomorrowio.py for tasks to queue
[2026-07-01T16:01:23.092+0000] {logging_mixin.py:188} INFO - [2026-07-01T16:01:23.092+0000] {dagbag.py:545} INFO - Filling up the DagBag from /opt/airflow/dags/dag_tomorrowio.py
[2026-07-01T16:01:23.346+0000] {processor.py:840} INFO - DAG(s) 'weather_tomorrowio_pipeline' retrieved from /opt/airflow/dags/dag_tomorrowio.py
[2026-07-01T16:01:23.354+0000] {logging_mixin.py:188} INFO - [2026-07-01T16:01:23.354+0000] {dag.py:3096} INFO - Sync 1 DAGs
[2026-07-01T16:01:23.361+0000] {logging_mixin.py:188} INFO - [2026-07-01T16:01:23.361+0000] {dag.py:3954} INFO - Setting next_dagrun for weather_tomorrowio_pipeline to 2026-07-01 16:00:00+00:00, run_after=2026-07-01 17:00:00+00:00
[2026-07-01T16:01:23.371+0000] {processor.py:183} INFO - Processing /opt/airflow/dags/dag_tomorrowio.py took 0.290 seconds
[2026-07-01T16:01:54.083+0000] {processor.py:161} INFO - Started process (PID=27355) to work on /opt/airflow/dags/dag_tomorrowio.py
[2026-07-01T16:01:54.085+0000] {processor.py:830} INFO - Processing file /opt/airflow/dags/dag_tomorrowio.py for tasks to queue
[2026-07-01T16:01:54.086+0000] {logging_mixin.py:188} INFO - [2026-07-01T16:01:54.086+0000] {dagbag.py:545} INFO - Filling up the DagBag from /opt/airflow/dags/dag_tomorrowio.py
[2026-07-01T16:01:54.327+0000] {processor.py:840} INFO - DAG(s) 'weather_tomorrowio_pipeline' retrieved from /opt/airflow/dags/dag_tomorrowio.py
[2026-07-01T16:01:54.339+0000] {logging_mixin.py:188} INFO - [2026-07-01T16:01:54.339+0000] {dag.py:3096} INFO - Sync 1 DAGs
[2026-07-01T16:01:54.351+0000] {logging_mixin.py:188} INFO - [2026-07-01T16:01:54.350+0000] {dag.py:3954} INFO - Setting next_dagrun for weather_tomorrowio_pipeline to 2026-07-01 16:00:00+00:00, run_after=2026-07-01 17:00:00+00:00
[2026-07-01T16:01:54.360+0000] {processor.py:183} INFO - Processing /opt/airflow/dags/dag_tomorrowio.py took 0.287 seconds
[2026-07-01T16:02:25.090+0000] {processor.py:161} INFO - Started process (PID=27392) to work on /opt/airflow/dags/dag_tomorrowio.py
[2026-07-01T16:02:25.091+0000] {processor.py:830} INFO - Processing file /opt/airflow/dags/dag_tomorrowio.py for tasks to queue
[2026-07-01T16:02:25.092+0000] {logging_mixin.py:188} INFO - [2026-07-01T16:02:25.092+0000] {dagbag.py:545} INFO - Filling up the DagBag from /opt/airflow/dags/dag_tomorrowio.py
[2026-07-01T16:02:25.339+0000] {processor.py:840} INFO - DAG(s) 'weather_tomorrowio_pipeline' retrieved from /opt/airflow/dags/dag_tomorrowio.py
[2026-07-01T16:02:25.354+0000] {logging_mixin.py:188} INFO - [2026-07-01T16:02:25.354+0000] {dag.py:3096} INFO - Sync 1 DAGs
[2026-07-01T16:02:25.362+0000] {logging_mixin.py:188} INFO - [2026-07-01T16:02:25.361+0000] {dag.py:3954} INFO - Setting next_dagrun for weather_tomorrowio_pipeline to 2026-07-01 16:00:00+00:00, run_after=2026-07-01 17:00:00+00:00
[2026-07-01T16:02:25.368+0000] {processor.py:183} INFO - Processing /opt/airflow/dags/dag_tomorrowio.py took 0.293 seconds
[2026-07-01T16:02:56.053+0000] {processor.py:161} INFO - Started process (PID=27429) to work on /opt/airflow/dags/dag_tomorrowio.py
[2026-07-01T16:02:56.054+0000] {processor.py:830} INFO - Processing file /opt/airflow/dags/dag_tomorrowio.py for tasks to queue
[2026-07-01T16:02:56.055+0000] {logging_mixin.py:188} INFO - [2026-07-01T16:02:56.055+0000] {dagbag.py:545} INFO - Filling up the DagBag from /opt/airflow/dags/dag_tomorrowio.py
[2026-07-01T16:02:56.315+0000] {processor.py:840} INFO - DAG(s) 'weather_tomorrowio_pipeline' retrieved from /opt/airflow/dags/dag_tomorrowio.py
[2026-07-01T16:02:56.324+0000] {logging_mixin.py:188} INFO - [2026-07-01T16:02:56.323+0000] {dag.py:3096} INFO - Sync 1 DAGs
[2026-07-01T16:02:56.331+0000] {logging_mixin.py:188} INFO - [2026-07-01T16:02:56.331+0000] {dag.py:3954} INFO - Setting next_dagrun for weather_tomorrowio_pipeline to 2026-07-01 16:00:00+00:00, run_after=2026-07-01 17:00:00+00:00
[2026-07-01T16:02:56.337+0000] {processor.py:183} INFO - Processing /opt/airflow/dags/dag_tomorrowio.py took 0.293 seconds
[2026-07-01T16:03:27.286+0000] {processor.py:161} INFO - Started process (PID=27466) to work on /opt/airflow/dags/dag_tomorrowio.py
[2026-07-01T16:03:27.287+0000] {processor.py:830} INFO - Processing file /opt/airflow/dags/dag_tomorrowio.py for tasks to queue
[2026-07-01T16:03:27.288+0000] {logging_mixin.py:188} INFO - [2026-07-01T16:03:27.287+0000] {dagbag.py:545} INFO - Filling up the DagBag from /opt/airflow/dags/dag_tomorrowio.py
[2026-07-01T16:03:27.597+0000] {processor.py:840} INFO - DAG(s) 'weather_tomorrowio_pipeline' retrieved from /opt/airflow/dags/dag_tomorrowio.py
[2026-07-01T16:03:27.608+0000] {logging_mixin.py:188} INFO - [2026-07-01T16:03:27.607+0000] {dag.py:3096} INFO - Sync 1 DAGs
[2026-07-01T16:03:27.617+0000] {logging_mixin.py:188} INFO - [2026-07-01T16:03:27.617+0000] {dag.py:3954} INFO - Setting next_dagrun for weather_tomorrowio_pipeline to 2026-07-01 16:00:00+00:00, run_after=2026-07-01 17:00:00+00:00
[2026-07-01T16:03:27.629+0000] {processor.py:183} INFO - Processing /opt/airflow/dags/dag_tomorrowio.py took 0.356 seconds
[2026-07-01T16:03:58.357+0000] {processor.py:161} INFO - Started process (PID=27503) to work on /opt/airflow/dags/dag_tomorrowio.py
[2026-07-01T16:03:58.361+0000] {processor.py:830} INFO - Processing file /opt/airflow/dags/dag_tomorrowio.py for tasks to queue
[2026-07-01T16:03:58.363+0000] {logging_mixin.py:188} INFO - [2026-07-01T16:03:58.363+0000] {dagbag.py:545} INFO - Filling up the DagBag from /opt/airflow/dags/dag_tomorrowio.py
[2026-07-01T16:03:58.625+0000] {processor.py:840} INFO - DAG(s) 'weather_tomorrowio_pipeline' retrieved from /opt/airflow/dags/dag_tomorrowio.py
[2026-07-01T16:03:58.642+0000] {logging_mixin.py:188} INFO - [2026-07-01T16:03:58.642+0000] {dag.py:3096} INFO - Sync 1 DAGs
[2026-07-01T16:03:58.653+0000] {logging_mixin.py:188} INFO - [2026-07-01T16:03:58.653+0000] {dag.py:3954} INFO - Setting next_dagrun for weather_tomorrowio_pipeline to 2026-07-01 16:00:00+00:00, run_after=2026-07-01 17:00:00+00:00
[2026-07-01T16:03:58.664+0000] {processor.py:183} INFO - Processing /opt/airflow/dags/dag_tomorrowio.py took 0.318 seconds
[2026-07-01T16:04:29.445+0000] {processor.py:161} INFO - Started process (PID=27540) to work on /opt/airflow/dags/dag_tomorrowio.py
[2026-07-01T16:04:29.446+0000] {processor.py:830} INFO - Processing file /opt/airflow/dags/dag_tomorrowio.py for tasks to queue
[2026-07-01T16:04:29.447+0000] {logging_mixin.py:188} INFO - [2026-07-01T16:04:29.447+0000] {dagbag.py:545} INFO - Filling up the DagBag from /opt/airflow/dags/dag_tomorrowio.py
[2026-07-01T16:04:29.710+0000] {processor.py:840} INFO - DAG(s) 'weather_tomorrowio_pipeline' retrieved from /opt/airflow/dags/dag_tomorrowio.py
[2026-07-01T16:04:29.719+0000] {logging_mixin.py:188} INFO - [2026-07-01T16:04:29.719+0000] {dag.py:3096} INFO - Sync 1 DAGs
[2026-07-01T16:04:29.726+0000] {logging_mixin.py:188} INFO - [2026-07-01T16:04:29.726+0000] {dag.py:3954} INFO - Setting next_dagrun for weather_tomorrowio_pipeline to 2026-07-01 16:00:00+00:00, run_after=2026-07-01 17:00:00+00:00
[2026-07-01T16:04:29.732+0000] {processor.py:183} INFO - Processing /opt/airflow/dags/dag_tomorrowio.py took 0.291 seconds
[2026-07-01T16:05:01.353+0000] {processor.py:161} INFO - Started process (PID=27577) to work on /opt/airflow/dags/dag_tomorrowio.py
[2026-07-01T16:05:01.360+0000] {processor.py:830} INFO - Processing file /opt/airflow/dags/dag_tomorrowio.py for tasks to queue
[2026-07-01T16:05:01.362+0000] {logging_mixin.py:188} INFO - [2026-07-01T16:05:01.362+0000] {dagbag.py:545} INFO - Filling up the DagBag from /opt/airflow/dags/dag_tomorrowio.py
[2026-07-01T16:05:01.893+0000] {processor.py:840} INFO - DAG(s) 'weather_tomorrowio_pipeline' retrieved from /opt/airflow/dags/dag_tomorrowio.py
[2026-07-01T16:05:01.905+0000] {logging_mixin.py:188} INFO - [2026-07-01T16:05:01.904+0000] {dag.py:3096} INFO - Sync 1 DAGs
[2026-07-01T16:05:01.918+0000] {logging_mixin.py:188} INFO - [2026-07-01T16:05:01.918+0000] {dag.py:3954} INFO - Setting next_dagrun for weather_tomorrowio_pipeline to 2026-07-01 16:00:00+00:00, run_after=2026-07-01 17:00:00+00:00
[2026-07-01T16:05:01.927+0000] {processor.py:183} INFO - Processing /opt/airflow/dags/dag_tomorrowio.py took 0.599 seconds
[2026-07-01T16:05:32.369+0000] {processor.py:161} INFO - Started process (PID=27613) to work on /opt/airflow/dags/dag_tomorrowio.py
[2026-07-01T16:05:32.370+0000] {processor.py:830} INFO - Processing file /opt/airflow/dags/dag_tomorrowio.py for tasks to queue
[2026-07-01T16:05:32.371+0000] {logging_mixin.py:188} INFO - [2026-07-01T16:05:32.371+0000] {dagbag.py:545} INFO - Filling up the DagBag from /opt/airflow/dags/dag_tomorrowio.py
[2026-07-01T16:05:32.734+0000] {processor.py:840} INFO - DAG(s) 'weather_tomorrowio_pipeline' retrieved from /opt/airflow/dags/dag_tomorrowio.py
[2026-07-01T16:05:32.753+0000] {logging_mixin.py:188} INFO - [2026-07-01T16:05:32.752+0000] {dag.py:3096} INFO - Sync 1 DAGs
[2026-07-01T16:05:32.764+0000] {logging_mixin.py:188} INFO - [2026-07-01T16:05:32.764+0000] {dag.py:3954} INFO - Setting next_dagrun for weather_tomorrowio_pipeline to 2026-07-01 16:00:00+00:00, run_after=2026-07-01 17:00:00+00:00
[2026-07-01T16:05:32.775+0000] {processor.py:183} INFO - Processing /opt/airflow/dags/dag_tomorrowio.py took 0.413 seconds
[2026-07-01T16:06:03.560+0000] {processor.py:161} INFO - Started process (PID=27650) to work on /opt/airflow/dags/dag_tomorrowio.py
[2026-07-01T16:06:03.562+0000] {processor.py:830} INFO - Processing file /opt/airflow/dags/dag_tomorrowio.py for tasks to queue
[2026-07-01T16:06:03.564+0000] {logging_mixin.py:188} INFO - [2026-07-01T16:06:03.564+0000] {dagbag.py:545} INFO - Filling up the DagBag from /opt/airflow/dags/dag_tomorrowio.py
[2026-07-01T16:06:04.136+0000] {processor.py:840} INFO - DAG(s) 'weather_tomorrowio_pipeline' retrieved from /opt/airflow/dags/dag_tomorrowio.py
[2026-07-01T16:06:04.153+0000] {logging_mixin.py:188} INFO - [2026-07-01T16:06:04.153+0000] {dag.py:3096} INFO - Sync 1 DAGs
[2026-07-01T16:06:04.163+0000] {logging_mixin.py:188} INFO - [2026-07-01T16:06:04.163+0000] {dag.py:3954} INFO - Setting next_dagrun for weather_tomorrowio_pipeline to 2026-07-01 16:00:00+00:00, run_after=2026-07-01 17:00:00+00:00
[2026-07-01T16:06:04.175+0000] {processor.py:183} INFO - Processing /opt/airflow/dags/dag_tomorrowio.py took 0.622 seconds
[2026-07-01T16:06:34.796+0000] {processor.py:161} INFO - Started process (PID=27687) to work on /opt/airflow/dags/dag_tomorrowio.py
[2026-07-01T16:06:34.797+0000] {processor.py:830} INFO - Processing file /opt/airflow/dags/dag_tomorrowio.py for tasks to queue
[2026-07-01T16:06:34.798+0000] {logging_mixin.py:188} INFO - [2026-07-01T16:06:34.798+0000] {dagbag.py:545} INFO - Filling up the DagBag from /opt/airflow/dags/dag_tomorrowio.py
[2026-07-01T16:06:35.246+0000] {processor.py:840} INFO - DAG(s) 'weather_tomorrowio_pipeline' retrieved from /opt/airflow/dags/dag_tomorrowio.py
[2026-07-01T16:06:35.260+0000] {logging_mixin.py:188} INFO - [2026-07-01T16:06:35.260+0000] {dag.py:3096} INFO - Sync 1 DAGs
[2026-07-01T16:06:35.269+0000] {logging_mixin.py:188} INFO - [2026-07-01T16:06:35.269+0000] {dag.py:3954} INFO - Setting next_dagrun for weather_tomorrowio_pipeline to 2026-07-01 16:00:00+00:00, run_after=2026-07-01 17:00:00+00:00
[2026-07-01T16:06:35.278+0000] {processor.py:183} INFO - Processing /opt/airflow/dags/dag_tomorrowio.py took 0.488 seconds
[2026-07-01T16:07:06.072+0000] {processor.py:161} INFO - Started process (PID=27724) to work on /opt/airflow/dags/dag_tomorrowio.py
[2026-07-01T16:07:06.072+0000] {processor.py:830} INFO - Processing file /opt/airflow/dags/dag_tomorrowio.py for tasks to queue
[2026-07-01T16:07:06.073+0000] {logging_mixin.py:188} INFO - [2026-07-01T16:07:06.073+0000] {dagbag.py:545} INFO - Filling up the DagBag from /opt/airflow/dags/dag_tomorrowio.py
[2026-07-01T16:07:06.492+0000] {processor.py:840} INFO - DAG(s) 'weather_tomorrowio_pipeline' retrieved from /opt/airflow/dags/dag_tomorrowio.py
[2026-07-01T16:07:06.507+0000] {logging_mixin.py:188} INFO - [2026-07-01T16:07:06.507+0000] {dag.py:3096} INFO - Sync 1 DAGs
[2026-07-01T16:07:06.523+0000] {logging_mixin.py:188} INFO - [2026-07-01T16:07:06.523+0000] {dag.py:3954} INFO - Setting next_dagrun for weather_tomorrowio_pipeline to 2026-07-01 16:00:00+00:00, run_after=2026-07-01 17:00:00+00:00
[2026-07-01T16:07:06.536+0000] {processor.py:183} INFO - Processing /opt/airflow/dags/dag_tomorrowio.py took 0.467 seconds
[2026-07-01T16:07:37.163+0000] {processor.py:161} INFO - Started process (PID=27761) to work on /opt/airflow/dags/dag_tomorrowio.py
[2026-07-01T16:07:37.164+0000] {processor.py:830} INFO - Processing file /opt/airflow/dags/dag_tomorrowio.py for tasks to queue
[2026-07-01T16:07:37.165+0000] {logging_mixin.py:188} INFO - [2026-07-01T16:07:37.165+0000] {dagbag.py:545} INFO - Filling up the DagBag from /opt/airflow/dags/dag_tomorrowio.py
[2026-07-01T16:07:37.587+0000] {processor.py:840} INFO - DAG(s) 'weather_tomorrowio_pipeline' retrieved from /opt/airflow/dags/dag_tomorrowio.py
[2026-07-01T16:07:37.598+0000] {logging_mixin.py:188} INFO - [2026-07-01T16:07:37.598+0000] {dag.py:3096} INFO - Sync 1 DAGs
[2026-07-01T16:07:37.611+0000] {logging_mixin.py:188} INFO - [2026-07-01T16:07:37.610+0000] {dag.py:3954} INFO - Setting next_dagrun for weather_tomorrowio_pipeline to 2026-07-01 16:00:00+00:00, run_after=2026-07-01 17:00:00+00:00
[2026-07-01T16:07:37.619+0000] {processor.py:183} INFO - Processing /opt/airflow/dags/dag_tomorrowio.py took 0.460 seconds
[2026-07-01T16:08:08.549+0000] {processor.py:161} INFO - Started process (PID=27798) to work on /opt/airflow/dags/dag_tomorrowio.py
[2026-07-01T16:08:08.551+0000] {processor.py:830} INFO - Processing file /opt/airflow/dags/dag_tomorrowio.py for tasks to queue
[2026-07-01T16:08:08.552+0000] {logging_mixin.py:188} INFO - [2026-07-01T16:08:08.552+0000] {dagbag.py:545} INFO - Filling up the DagBag from /opt/airflow/dags/dag_tomorrowio.py
[2026-07-01T16:08:09.025+0000] {processor.py:840} INFO - DAG(s) 'weather_tomorrowio_pipeline' retrieved from /opt/airflow/dags/dag_tomorrowio.py
[2026-07-01T16:08:09.043+0000] {logging_mixin.py:188} INFO - [2026-07-01T16:08:09.043+0000] {dag.py:3096} INFO - Sync 1 DAGs
[2026-07-01T16:08:09.057+0000] {logging_mixin.py:188} INFO - [2026-07-01T16:08:09.057+0000] {dag.py:3954} INFO - Setting next_dagrun for weather_tomorrowio_pipeline to 2026-07-01 16:00:00+00:00, run_after=2026-07-01 17:00:00+00:00
[2026-07-01T16:08:09.068+0000] {processor.py:183} INFO - Processing /opt/airflow/dags/dag_tomorrowio.py took 0.525 seconds
[2026-07-01T16:08:39.706+0000] {processor.py:161} INFO - Started process (PID=27835) to work on /opt/airflow/dags/dag_tomorrowio.py
[2026-07-01T16:08:39.712+0000] {processor.py:830} INFO - Processing file /opt/airflow/dags/dag_tomorrowio.py for tasks to queue
[2026-07-01T16:08:39.714+0000] {logging_mixin.py:188} INFO - [2026-07-01T16:08:39.714+0000] {dagbag.py:545} INFO - Filling up the DagBag from /opt/airflow/dags/dag_tomorrowio.py
[2026-07-01T16:08:40.134+0000] {processor.py:840} INFO - DAG(s) 'weather_tomorrowio_pipeline' retrieved from /opt/airflow/dags/dag_tomorrowio.py
[2026-07-01T16:08:40.147+0000] {logging_mixin.py:188} INFO - [2026-07-01T16:08:40.147+0000] {dag.py:3096} INFO - Sync 1 DAGs
[2026-07-01T16:08:40.155+0000] {logging_mixin.py:188} INFO - [2026-07-01T16:08:40.155+0000] {dag.py:3954} INFO - Setting next_dagrun for weather_tomorrowio_pipeline to 2026-07-01 16:00:00+00:00, run_after=2026-07-01 17:00:00+00:00
[2026-07-01T16:08:40.163+0000] {processor.py:183} INFO - Processing /opt/airflow/dags/dag_tomorrowio.py took 0.470 seconds
[2026-07-01T16:09:11.169+0000] {processor.py:161} INFO - Started process (PID=27871) to work on /opt/airflow/dags/dag_tomorrowio.py
[2026-07-01T16:09:11.177+0000] {processor.py:830} INFO - Processing file /opt/airflow/dags/dag_tomorrowio.py for tasks to queue
[2026-07-01T16:09:11.189+0000] {logging_mixin.py:188} INFO - [2026-07-01T16:09:11.187+0000] {dagbag.py:545} INFO - Filling up the DagBag from /opt/airflow/dags/dag_tomorrowio.py
[2026-07-01T16:09:11.919+0000] {processor.py:840} INFO - DAG(s) 'weather_tomorrowio_pipeline' retrieved from /opt/airflow/dags/dag_tomorrowio.py
[2026-07-01T16:09:11.960+0000] {logging_mixin.py:188} INFO - [2026-07-01T16:09:11.959+0000] {dag.py:3096} INFO - Sync 1 DAGs
[2026-07-01T16:09:11.973+0000] {logging_mixin.py:188} INFO - [2026-07-01T16:09:11.973+0000] {dag.py:3954} INFO - Setting next_dagrun for weather_tomorrowio_pipeline to 2026-07-01 16:00:00+00:00, run_after=2026-07-01 17:00:00+00:00
[2026-07-01T16:09:11.984+0000] {processor.py:183} INFO - Processing /opt/airflow/dags/dag_tomorrowio.py took 0.847 seconds
[2026-07-01T16:09:42.662+0000] {processor.py:161} INFO - Started process (PID=27909) to work on /opt/airflow/dags/dag_tomorrowio.py
[2026-07-01T16:09:42.667+0000] {processor.py:830} INFO - Processing file /opt/airflow/dags/dag_tomorrowio.py for tasks to queue
[2026-07-01T16:09:42.670+0000] {logging_mixin.py:188} INFO - [2026-07-01T16:09:42.670+0000] {dagbag.py:545} INFO - Filling up the DagBag from /opt/airflow/dags/dag_tomorrowio.py
[2026-07-01T16:09:43.115+0000] {processor.py:840} INFO - DAG(s) 'weather_tomorrowio_pipeline' retrieved from /opt/airflow/dags/dag_tomorrowio.py
[2026-07-01T16:09:43.131+0000] {logging_mixin.py:188} INFO - [2026-07-01T16:09:43.131+0000] {dag.py:3096} INFO - Sync 1 DAGs
[2026-07-01T16:09:43.142+0000] {logging_mixin.py:188} INFO - [2026-07-01T16:09:43.142+0000] {dag.py:3954} INFO - Setting next_dagrun for weather_tomorrowio_pipeline to 2026-07-01 16:00:00+00:00, run_after=2026-07-01 17:00:00+00:00
[2026-07-01T16:09:43.151+0000] {processor.py:183} INFO - Processing /opt/airflow/dags/dag_tomorrowio.py took 0.495 seconds
[2026-07-01T16:10:13.907+0000] {processor.py:161} INFO - Started process (PID=27946) to work on /opt/airflow/dags/dag_tomorrowio.py
[2026-07-01T16:10:13.908+0000] {processor.py:830} INFO - Processing file /opt/airflow/dags/dag_tomorrowio.py for tasks to queue
[2026-07-01T16:10:13.912+0000] {logging_mixin.py:188} INFO - [2026-07-01T16:10:13.912+0000] {dagbag.py:545} INFO - Filling up the DagBag from /opt/airflow/dags/dag_tomorrowio.py
[2026-07-01T16:10:14.432+0000] {processor.py:840} INFO - DAG(s) 'weather_tomorrowio_pipeline' retrieved from /opt/airflow/dags/dag_tomorrowio.py
[2026-07-01T16:10:14.453+0000] {logging_mixin.py:188} INFO - [2026-07-01T16:10:14.453+0000] {dag.py:3096} INFO - Sync 1 DAGs
[2026-07-01T16:10:14.466+0000] {logging_mixin.py:188} INFO - [2026-07-01T16:10:14.466+0000] {dag.py:3954} INFO - Setting next_dagrun for weather_tomorrowio_pipeline to 2026-07-01 16:00:00+00:00, run_after=2026-07-01 17:00:00+00:00
[2026-07-01T16:10:14.477+0000] {processor.py:183} INFO - Processing /opt/airflow/dags/dag_tomorrowio.py took 0.578 seconds
[2026-07-01T16:10:45.161+0000] {processor.py:161} INFO - Started process (PID=27982) to work on /opt/airflow/dags/dag_tomorrowio.py
[2026-07-01T16:10:45.163+0000] {processor.py:830} INFO - Processing file /opt/airflow/dags/dag_tomorrowio.py for tasks to queue
[2026-07-01T16:10:45.169+0000] {logging_mixin.py:188} INFO - [2026-07-01T16:10:45.166+0000] {dagbag.py:545} INFO - Filling up the DagBag from /opt/airflow/dags/dag_tomorrowio.py
[2026-07-01T16:10:45.574+0000] {processor.py:840} INFO - DAG(s) 'weather_tomorrowio_pipeline' retrieved from /opt/airflow/dags/dag_tomorrowio.py
[2026-07-01T16:10:45.592+0000] {logging_mixin.py:188} INFO - [2026-07-01T16:10:45.592+0000] {dag.py:3096} INFO - Sync 1 DAGs
[2026-07-01T16:10:45.600+0000] {logging_mixin.py:188} INFO - [2026-07-01T16:10:45.600+0000] {dag.py:3954} INFO - Setting next_dagrun for weather_tomorrowio_pipeline to 2026-07-01 16:00:00+00:00, run_after=2026-07-01 17:00:00+00:00
[2026-07-01T16:10:45.608+0000] {processor.py:183} INFO - Processing /opt/airflow/dags/dag_tomorrowio.py took 0.460 seconds
[2026-07-01T16:11:16.463+0000] {processor.py:161} INFO - Started process (PID=28020) to work on /opt/airflow/dags/dag_tomorrowio.py
[2026-07-01T16:11:16.465+0000] {processor.py:830} INFO - Processing file /opt/airflow/dags/dag_tomorrowio.py for tasks to queue
[2026-07-01T16:11:16.467+0000] {logging_mixin.py:188} INFO - [2026-07-01T16:11:16.466+0000] {dagbag.py:545} INFO - Filling up the DagBag from /opt/airflow/dags/dag_tomorrowio.py
[2026-07-01T16:11:16.870+0000] {processor.py:840} INFO - DAG(s) 'weather_tomorrowio_pipeline' retrieved from /opt/airflow/dags/dag_tomorrowio.py
[2026-07-01T16:11:16.885+0000] {logging_mixin.py:188} INFO - [2026-07-01T16:11:16.884+0000] {dag.py:3096} INFO - Sync 1 DAGs
[2026-07-01T16:11:16.895+0000] {logging_mixin.py:188} INFO - [2026-07-01T16:11:16.895+0000] {dag.py:3954} INFO - Setting next_dagrun for weather_tomorrowio_pipeline to 2026-07-01 16:00:00+00:00, run_after=2026-07-01 17:00:00+00:00
[2026-07-01T16:11:16.904+0000] {processor.py:183} INFO - Processing /opt/airflow/dags/dag_tomorrowio.py took 0.448 seconds
[2026-07-01T16:11:47.675+0000] {processor.py:161} INFO - Started process (PID=28057) to work on /opt/airflow/dags/dag_tomorrowio.py
[2026-07-01T16:11:47.677+0000] {processor.py:830} INFO - Processing file /opt/airflow/dags/dag_tomorrowio.py for tasks to queue
[2026-07-01T16:11:47.678+0000] {logging_mixin.py:188} INFO - [2026-07-01T16:11:47.678+0000] {dagbag.py:545} INFO - Filling up the DagBag from /opt/airflow/dags/dag_tomorrowio.py
[2026-07-01T16:11:48.103+0000] {processor.py:840} INFO - DAG(s) 'weather_tomorrowio_pipeline' retrieved from /opt/airflow/dags/dag_tomorrowio.py
[2026-07-01T16:11:48.114+0000] {logging_mixin.py:188} INFO - [2026-07-01T16:11:48.114+0000] {dag.py:3096} INFO - Sync 1 DAGs
[2026-07-01T16:11:48.123+0000] {logging_mixin.py:188} INFO - [2026-07-01T16:11:48.123+0000] {dag.py:3954} INFO - Setting next_dagrun for weather_tomorrowio_pipeline to 2026-07-01 16:00:00+00:00, run_after=2026-07-01 17:00:00+00:00
[2026-07-01T16:11:48.136+0000] {processor.py:183} INFO - Processing /opt/airflow/dags/dag_tomorrowio.py took 0.474 seconds
[2026-07-01T16:12:18.878+0000] {processor.py:161} INFO - Started process (PID=28094) to work on /opt/airflow/dags/dag_tomorrowio.py
[2026-07-01T16:12:18.881+0000] {processor.py:830} INFO - Processing file /opt/airflow/dags/dag_tomorrowio.py for tasks to queue
[2026-07-01T16:12:18.883+0000] {logging_mixin.py:188} INFO - [2026-07-01T16:12:18.883+0000] {dagbag.py:545} INFO - Filling up the DagBag from /opt/airflow/dags/dag_tomorrowio.py
[2026-07-01T16:12:19.362+0000] {processor.py:840} INFO - DAG(s) 'weather_tomorrowio_pipeline' retrieved from /opt/airflow/dags/dag_tomorrowio.py
[2026-07-01T16:12:19.375+0000] {logging_mixin.py:188} INFO - [2026-07-01T16:12:19.375+0000] {dag.py:3096} INFO - Sync 1 DAGs
[2026-07-01T16:12:19.386+0000] {logging_mixin.py:188} INFO - [2026-07-01T16:12:19.385+0000] {dag.py:3954} INFO - Setting next_dagrun for weather_tomorrowio_pipeline to 2026-07-01 16:00:00+00:00, run_after=2026-07-01 17:00:00+00:00
[2026-07-01T16:12:19.394+0000] {processor.py:183} INFO - Processing /opt/airflow/dags/dag_tomorrowio.py took 0.526 seconds
[2026-07-01T16:12:50.038+0000] {processor.py:161} INFO - Started process (PID=28131) to work on /opt/airflow/dags/dag_tomorrowio.py
[2026-07-01T16:12:50.040+0000] {processor.py:830} INFO - Processing file /opt/airflow/dags/dag_tomorrowio.py for tasks to queue
[2026-07-01T16:12:50.042+0000] {logging_mixin.py:188} INFO - [2026-07-01T16:12:50.041+0000] {dagbag.py:545} INFO - Filling up the DagBag from /opt/airflow/dags/dag_tomorrowio.py
[2026-07-01T16:12:50.521+0000] {processor.py:840} INFO - DAG(s) 'weather_tomorrowio_pipeline' retrieved from /opt/airflow/dags/dag_tomorrowio.py
[2026-07-01T16:12:50.550+0000] {logging_mixin.py:188} INFO - [2026-07-01T16:12:50.549+0000] {dag.py:3096} INFO - Sync 1 DAGs
[2026-07-01T16:12:50.578+0000] {logging_mixin.py:188} INFO - [2026-07-01T16:12:50.578+0000] {dag.py:3954} INFO - Setting next_dagrun for weather_tomorrowio_pipeline to 2026-07-01 16:00:00+00:00, run_after=2026-07-01 17:00:00+00:00
[2026-07-01T16:12:50.590+0000] {processor.py:183} INFO - Processing /opt/airflow/dags/dag_tomorrowio.py took 0.574 seconds
[2026-07-01T16:13:21.375+0000] {processor.py:161} INFO - Started process (PID=28167) to work on /opt/airflow/dags/dag_tomorrowio.py
[2026-07-01T16:13:21.377+0000] {processor.py:830} INFO - Processing file /opt/airflow/dags/dag_tomorrowio.py for tasks to queue
[2026-07-01T16:13:21.378+0000] {logging_mixin.py:188} INFO - [2026-07-01T16:13:21.378+0000] {dagbag.py:545} INFO - Filling up the DagBag from /opt/airflow/dags/dag_tomorrowio.py
[2026-07-01T16:13:21.861+0000] {processor.py:840} INFO - DAG(s) 'weather_tomorrowio_pipeline' retrieved from /opt/airflow/dags/dag_tomorrowio.py
[2026-07-01T16:13:21.878+0000] {logging_mixin.py:188} INFO - [2026-07-01T16:13:21.878+0000] {dag.py:3096} INFO - Sync 1 DAGs
[2026-07-01T16:13:21.890+0000] {logging_mixin.py:188} INFO - [2026-07-01T16:13:21.890+0000] {dag.py:3954} INFO - Setting next_dagrun for weather_tomorrowio_pipeline to 2026-07-01 16:00:00+00:00, run_after=2026-07-01 17:00:00+00:00
[2026-07-01T16:13:21.898+0000] {processor.py:183} INFO - Processing /opt/airflow/dags/dag_tomorrowio.py took 0.531 seconds
[2026-07-01T16:13:52.637+0000] {processor.py:161} INFO - Started process (PID=28205) to work on /opt/airflow/dags/dag_tomorrowio.py
[2026-07-01T16:13:52.640+0000] {processor.py:830} INFO - Processing file /opt/airflow/dags/dag_tomorrowio.py for tasks to queue
[2026-07-01T16:13:52.642+0000] {logging_mixin.py:188} INFO - [2026-07-01T16:13:52.642+0000] {dagbag.py:545} INFO - Filling up the DagBag from /opt/airflow/dags/dag_tomorrowio.py
[2026-07-01T16:13:53.098+0000] {processor.py:840} INFO - DAG(s) 'weather_tomorrowio_pipeline' retrieved from /opt/airflow/dags/dag_tomorrowio.py
[2026-07-01T16:13:53.111+0000] {logging_mixin.py:188} INFO - [2026-07-01T16:13:53.111+0000] {dag.py:3096} INFO - Sync 1 DAGs
[2026-07-01T16:13:53.120+0000] {logging_mixin.py:188} INFO - [2026-07-01T16:13:53.120+0000] {dag.py:3954} INFO - Setting next_dagrun for weather_tomorrowio_pipeline to 2026-07-01 16:00:00+00:00, run_after=2026-07-01 17:00:00+00:00
[2026-07-01T16:13:53.129+0000] {processor.py:183} INFO - Processing /opt/airflow/dags/dag_tomorrowio.py took 0.511 seconds
[2026-07-01T16:14:23.808+0000] {processor.py:161} INFO - Started process (PID=28242) to work on /opt/airflow/dags/dag_tomorrowio.py
[2026-07-01T16:14:23.809+0000] {processor.py:830} INFO - Processing file /opt/airflow/dags/dag_tomorrowio.py for tasks to queue
[2026-07-01T16:14:23.812+0000] {logging_mixin.py:188} INFO - [2026-07-01T16:14:23.811+0000] {dagbag.py:545} INFO - Filling up the DagBag from /opt/airflow/dags/dag_tomorrowio.py
[2026-07-01T16:14:24.238+0000] {processor.py:840} INFO - DAG(s) 'weather_tomorrowio_pipeline' retrieved from /opt/airflow/dags/dag_tomorrowio.py
[2026-07-01T16:14:24.256+0000] {logging_mixin.py:188} INFO - [2026-07-01T16:14:24.255+0000] {dag.py:3096} INFO - Sync 1 DAGs
[2026-07-01T16:14:24.270+0000] {logging_mixin.py:188} INFO - [2026-07-01T16:14:24.270+0000] {dag.py:3954} INFO - Setting next_dagrun for weather_tomorrowio_pipeline to 2026-07-01 16:00:00+00:00, run_after=2026-07-01 17:00:00+00:00
[2026-07-01T16:14:24.278+0000] {processor.py:183} INFO - Processing /opt/airflow/dags/dag_tomorrowio.py took 0.482 seconds
[2026-07-01T16:14:54.927+0000] {processor.py:161} INFO - Started process (PID=28277) to work on /opt/airflow/dags/dag_tomorrowio.py
[2026-07-01T16:14:54.929+0000] {processor.py:830} INFO - Processing file /opt/airflow/dags/dag_tomorrowio.py for tasks to queue
[2026-07-01T16:14:54.932+0000] {logging_mixin.py:188} INFO - [2026-07-01T16:14:54.932+0000] {dagbag.py:545} INFO - Filling up the DagBag from /opt/airflow/dags/dag_tomorrowio.py
[2026-07-01T16:14:55.385+0000] {processor.py:840} INFO - DAG(s) 'weather_tomorrowio_pipeline' retrieved from /opt/airflow/dags/dag_tomorrowio.py
[2026-07-01T16:14:55.406+0000] {logging_mixin.py:188} INFO - [2026-07-01T16:14:55.406+0000] {dag.py:3096} INFO - Sync 1 DAGs
[2026-07-01T16:14:55.422+0000] {logging_mixin.py:188} INFO - [2026-07-01T16:14:55.422+0000] {dag.py:3954} INFO - Setting next_dagrun for weather_tomorrowio_pipeline to 2026-07-01 16:00:00+00:00, run_after=2026-07-01 17:00:00+00:00
[2026-07-01T16:14:55.438+0000] {processor.py:183} INFO - Processing /opt/airflow/dags/dag_tomorrowio.py took 0.520 seconds
[2026-07-01T16:15:26.209+0000] {processor.py:161} INFO - Started process (PID=28316) to work on /opt/airflow/dags/dag_tomorrowio.py
[2026-07-01T16:15:26.211+0000] {processor.py:830} INFO - Processing file /opt/airflow/dags/dag_tomorrowio.py for tasks to queue
[2026-07-01T16:15:26.216+0000] {logging_mixin.py:188} INFO - [2026-07-01T16:15:26.214+0000] {dagbag.py:545} INFO - Filling up the DagBag from /opt/airflow/dags/dag_tomorrowio.py
[2026-07-01T16:15:26.675+0000] {processor.py:840} INFO - DAG(s) 'weather_tomorrowio_pipeline' retrieved from /opt/airflow/dags/dag_tomorrowio.py
[2026-07-01T16:15:26.689+0000] {logging_mixin.py:188} INFO - [2026-07-01T16:15:26.688+0000] {dag.py:3096} INFO - Sync 1 DAGs
[2026-07-01T16:15:26.698+0000] {logging_mixin.py:188} INFO - [2026-07-01T16:15:26.697+0000] {dag.py:3954} INFO - Setting next_dagrun for weather_tomorrowio_pipeline to 2026-07-01 16:00:00+00:00, run_after=2026-07-01 17:00:00+00:00
[2026-07-01T16:15:26.705+0000] {processor.py:183} INFO - Processing /opt/airflow/dags/dag_tomorrowio.py took 0.505 seconds
[2026-07-01T16:15:57.379+0000] {processor.py:161} INFO - Started process (PID=28352) to work on /opt/airflow/dags/dag_tomorrowio.py
[2026-07-01T16:15:57.381+0000] {processor.py:830} INFO - Processing file /opt/airflow/dags/dag_tomorrowio.py for tasks to queue
[2026-07-01T16:15:57.385+0000] {logging_mixin.py:188} INFO - [2026-07-01T16:15:57.384+0000] {dagbag.py:545} INFO - Filling up the DagBag from /opt/airflow/dags/dag_tomorrowio.py
[2026-07-01T16:15:58.025+0000] {processor.py:840} INFO - DAG(s) 'weather_tomorrowio_pipeline' retrieved from /opt/airflow/dags/dag_tomorrowio.py
[2026-07-01T16:15:58.057+0000] {logging_mixin.py:188} INFO - [2026-07-01T16:15:58.057+0000] {dag.py:3096} INFO - Sync 1 DAGs
[2026-07-01T16:15:58.067+0000] {logging_mixin.py:188} INFO - [2026-07-01T16:15:58.067+0000] {dag.py:3954} INFO - Setting next_dagrun for weather_tomorrowio_pipeline to 2026-07-01 16:00:00+00:00, run_after=2026-07-01 17:00:00+00:00
[2026-07-01T16:15:58.078+0000] {processor.py:183} INFO - Processing /opt/airflow/dags/dag_tomorrowio.py took 0.724 seconds
[2026-07-01T16:16:28.928+0000] {processor.py:161} INFO - Started process (PID=28389) to work on /opt/airflow/dags/dag_tomorrowio.py
[2026-07-01T16:16:28.930+0000] {processor.py:830} INFO - Processing file /opt/airflow/dags/dag_tomorrowio.py for tasks to queue
[2026-07-01T16:16:28.933+0000] {logging_mixin.py:188} INFO - [2026-07-01T16:16:28.932+0000] {dagbag.py:545} INFO - Filling up the DagBag from /opt/airflow/dags/dag_tomorrowio.py
[2026-07-01T16:16:29.416+0000] {processor.py:840} INFO - DAG(s) 'weather_tomorrowio_pipeline' retrieved from /opt/airflow/dags/dag_tomorrowio.py
[2026-07-01T16:16:29.432+0000] {logging_mixin.py:188} INFO - [2026-07-01T16:16:29.432+0000] {dag.py:3096} INFO - Sync 1 DAGs
[2026-07-01T16:16:29.443+0000] {logging_mixin.py:188} INFO - [2026-07-01T16:16:29.443+0000] {dag.py:3954} INFO - Setting next_dagrun for weather_tomorrowio_pipeline to 2026-07-01 16:00:00+00:00, run_after=2026-07-01 17:00:00+00:00
[2026-07-01T16:16:29.454+0000] {processor.py:183} INFO - Processing /opt/airflow/dags/dag_tomorrowio.py took 0.535 seconds
[2026-07-01T16:17:00.291+0000] {processor.py:161} INFO - Started process (PID=28426) to work on /opt/airflow/dags/dag_tomorrowio.py
[2026-07-01T16:17:00.293+0000] {processor.py:830} INFO - Processing file /opt/airflow/dags/dag_tomorrowio.py for tasks to queue
[2026-07-01T16:17:00.301+0000] {logging_mixin.py:188} INFO - [2026-07-01T16:17:00.300+0000] {dagbag.py:545} INFO - Filling up the DagBag from /opt/airflow/dags/dag_tomorrowio.py
[2026-07-01T16:17:01.002+0000] {processor.py:840} INFO - DAG(s) 'weather_tomorrowio_pipeline' retrieved from /opt/airflow/dags/dag_tomorrowio.py
[2026-07-01T16:17:01.030+0000] {logging_mixin.py:188} INFO - [2026-07-01T16:17:01.030+0000] {dag.py:3096} INFO - Sync 1 DAGs
[2026-07-01T16:17:01.045+0000] {logging_mixin.py:188} INFO - [2026-07-01T16:17:01.045+0000] {dag.py:3954} INFO - Setting next_dagrun for weather_tomorrowio_pipeline to 2026-07-01 16:00:00+00:00, run_after=2026-07-01 17:00:00+00:00
[2026-07-01T16:17:01.062+0000] {processor.py:183} INFO - Processing /opt/airflow/dags/dag_tomorrowio.py took 0.784 seconds
[2026-07-01T16:17:31.804+0000] {processor.py:161} INFO - Started process (PID=28463) to work on /opt/airflow/dags/dag_tomorrowio.py
[2026-07-01T16:17:31.811+0000] {processor.py:830} INFO - Processing file /opt/airflow/dags/dag_tomorrowio.py for tasks to queue
[2026-07-01T16:17:31.815+0000] {logging_mixin.py:188} INFO - [2026-07-01T16:17:31.814+0000] {dagbag.py:545} INFO - Filling up the DagBag from /opt/airflow/dags/dag_tomorrowio.py
[2026-07-01T16:17:32.397+0000] {processor.py:840} INFO - DAG(s) 'weather_tomorrowio_pipeline' retrieved from /opt/airflow/dags/dag_tomorrowio.py
[2026-07-01T16:17:32.415+0000] {logging_mixin.py:188} INFO - [2026-07-01T16:17:32.415+0000] {dag.py:3096} INFO - Sync 1 DAGs
[2026-07-01T16:17:32.428+0000] {logging_mixin.py:188} INFO - [2026-07-01T16:17:32.428+0000] {dag.py:3954} INFO - Setting next_dagrun for weather_tomorrowio_pipeline to 2026-07-01 16:00:00+00:00, run_after=2026-07-01 17:00:00+00:00
[2026-07-01T16:17:32.443+0000] {processor.py:183} INFO - Processing /opt/airflow/dags/dag_tomorrowio.py took 0.654 seconds
[2026-07-01T16:18:03.161+0000] {processor.py:161} INFO - Started process (PID=28500) to work on /opt/airflow/dags/dag_tomorrowio.py
[2026-07-01T16:18:03.163+0000] {processor.py:830} INFO - Processing file /opt/airflow/dags/dag_tomorrowio.py for tasks to queue
[2026-07-01T16:18:03.175+0000] {logging_mixin.py:188} INFO - [2026-07-01T16:18:03.172+0000] {dagbag.py:545} INFO - Filling up the DagBag from /opt/airflow/dags/dag_tomorrowio.py
[2026-07-01T16:18:03.691+0000] {processor.py:840} INFO - DAG(s) 'weather_tomorrowio_pipeline' retrieved from /opt/airflow/dags/dag_tomorrowio.py
[2026-07-01T16:18:03.709+0000] {logging_mixin.py:188} INFO - [2026-07-01T16:18:03.709+0000] {dag.py:3096} INFO - Sync 1 DAGs
[2026-07-01T16:18:03.725+0000] {logging_mixin.py:188} INFO - [2026-07-01T16:18:03.725+0000] {dag.py:3954} INFO - Setting next_dagrun for weather_tomorrowio_pipeline to 2026-07-01 16:00:00+00:00, run_after=2026-07-01 17:00:00+00:00
[2026-07-01T16:18:03.739+0000] {processor.py:183} INFO - Processing /opt/airflow/dags/dag_tomorrowio.py took 0.587 seconds
[2026-07-01T16:18:34.400+0000] {processor.py:161} INFO - Started process (PID=28538) to work on /opt/airflow/dags/dag_tomorrowio.py
[2026-07-01T16:18:34.401+0000] {processor.py:830} INFO - Processing file /opt/airflow/dags/dag_tomorrowio.py for tasks to queue
[2026-07-01T16:18:34.403+0000] {logging_mixin.py:188} INFO - [2026-07-01T16:18:34.403+0000] {dagbag.py:545} INFO - Filling up the DagBag from /opt/airflow/dags/dag_tomorrowio.py
[2026-07-01T16:18:34.862+0000] {processor.py:840} INFO - DAG(s) 'weather_tomorrowio_pipeline' retrieved from /opt/airflow/dags/dag_tomorrowio.py
[2026-07-01T16:18:34.881+0000] {logging_mixin.py:188} INFO - [2026-07-01T16:18:34.881+0000] {dag.py:3096} INFO - Sync 1 DAGs
[2026-07-01T16:18:34.895+0000] {logging_mixin.py:188} INFO - [2026-07-01T16:18:34.895+0000] {dag.py:3954} INFO - Setting next_dagrun for weather_tomorrowio_pipeline to 2026-07-01 16:00:00+00:00, run_after=2026-07-01 17:00:00+00:00
[2026-07-01T16:18:34.904+0000] {processor.py:183} INFO - Processing /opt/airflow/dags/dag_tomorrowio.py took 0.517 seconds
[2026-07-01T16:19:05.522+0000] {processor.py:161} INFO - Started process (PID=28575) to work on /opt/airflow/dags/dag_tomorrowio.py
[2026-07-01T16:19:05.524+0000] {processor.py:830} INFO - Processing file /opt/airflow/dags/dag_tomorrowio.py for tasks to queue
[2026-07-01T16:19:05.527+0000] {logging_mixin.py:188} INFO - [2026-07-01T16:19:05.526+0000] {dagbag.py:545} INFO - Filling up the DagBag from /opt/airflow/dags/dag_tomorrowio.py
[2026-07-01T16:19:06.056+0000] {processor.py:840} INFO - DAG(s) 'weather_tomorrowio_pipeline' retrieved from /opt/airflow/dags/dag_tomorrowio.py
[2026-07-01T16:19:06.074+0000] {logging_mixin.py:188} INFO - [2026-07-01T16:19:06.074+0000] {dag.py:3096} INFO - Sync 1 DAGs
[2026-07-01T16:19:06.084+0000] {logging_mixin.py:188} INFO - [2026-07-01T16:19:06.083+0000] {dag.py:3954} INFO - Setting next_dagrun for weather_tomorrowio_pipeline to 2026-07-01 16:00:00+00:00, run_after=2026-07-01 17:00:00+00:00
[2026-07-01T16:19:06.095+0000] {processor.py:183} INFO - Processing /opt/airflow/dags/dag_tomorrowio.py took 0.580 seconds
[2026-07-01T16:19:36.760+0000] {processor.py:161} INFO - Started process (PID=28612) to work on /opt/airflow/dags/dag_tomorrowio.py
[2026-07-01T16:19:36.761+0000] {processor.py:830} INFO - Processing file /opt/airflow/dags/dag_tomorrowio.py for tasks to queue
[2026-07-01T16:19:36.763+0000] {logging_mixin.py:188} INFO - [2026-07-01T16:19:36.763+0000] {dagbag.py:545} INFO - Filling up the DagBag from /opt/airflow/dags/dag_tomorrowio.py
[2026-07-01T16:19:37.249+0000] {processor.py:840} INFO - DAG(s) 'weather_tomorrowio_pipeline' retrieved from /opt/airflow/dags/dag_tomorrowio.py
[2026-07-01T16:19:37.268+0000] {logging_mixin.py:188} INFO - [2026-07-01T16:19:37.268+0000] {dag.py:3096} INFO - Sync 1 DAGs
[2026-07-01T16:19:37.282+0000] {logging_mixin.py:188} INFO - [2026-07-01T16:19:37.282+0000] {dag.py:3954} INFO - Setting next_dagrun for weather_tomorrowio_pipeline to 2026-07-01 16:00:00+00:00, run_after=2026-07-01 17:00:00+00:00
[2026-07-01T16:19:37.291+0000] {processor.py:183} INFO - Processing /opt/airflow/dags/dag_tomorrowio.py took 0.536 seconds
[2026-07-01T16:20:07.992+0000] {processor.py:161} INFO - Started process (PID=28649) to work on /opt/airflow/dags/dag_tomorrowio.py
[2026-07-01T16:20:07.997+0000] {processor.py:830} INFO - Processing file /opt/airflow/dags/dag_tomorrowio.py for tasks to queue
[2026-07-01T16:20:08.011+0000] {logging_mixin.py:188} INFO - [2026-07-01T16:20:08.008+0000] {dagbag.py:545} INFO - Filling up the DagBag from /opt/airflow/dags/dag_tomorrowio.py
[2026-07-01T16:20:08.606+0000] {processor.py:840} INFO - DAG(s) 'weather_tomorrowio_pipeline' retrieved from /opt/airflow/dags/dag_tomorrowio.py
[2026-07-01T16:20:08.630+0000] {logging_mixin.py:188} INFO - [2026-07-01T16:20:08.630+0000] {dag.py:3096} INFO - Sync 1 DAGs
[2026-07-01T16:20:08.642+0000] {logging_mixin.py:188} INFO - [2026-07-01T16:20:08.642+0000] {dag.py:3954} INFO - Setting next_dagrun for weather_tomorrowio_pipeline to 2026-07-01 16:00:00+00:00, run_after=2026-07-01 17:00:00+00:00
[2026-07-01T16:20:08.656+0000] {processor.py:183} INFO - Processing /opt/airflow/dags/dag_tomorrowio.py took 0.673 seconds
[2026-07-01T16:20:39.474+0000] {processor.py:161} INFO - Started process (PID=28686) to work on /opt/airflow/dags/dag_tomorrowio.py
[2026-07-01T16:20:39.476+0000] {processor.py:830} INFO - Processing file /opt/airflow/dags/dag_tomorrowio.py for tasks to queue
[2026-07-01T16:20:39.480+0000] {logging_mixin.py:188} INFO - [2026-07-01T16:20:39.479+0000] {dagbag.py:545} INFO - Filling up the DagBag from /opt/airflow/dags/dag_tomorrowio.py
[2026-07-01T16:20:39.970+0000] {processor.py:840} INFO - DAG(s) 'weather_tomorrowio_pipeline' retrieved from /opt/airflow/dags/dag_tomorrowio.py
[2026-07-01T16:20:39.986+0000] {logging_mixin.py:188} INFO - [2026-07-01T16:20:39.986+0000] {dag.py:3096} INFO - Sync 1 DAGs
[2026-07-01T16:20:39.997+0000] {logging_mixin.py:188} INFO - [2026-07-01T16:20:39.997+0000] {dag.py:3954} INFO - Setting next_dagrun for weather_tomorrowio_pipeline to 2026-07-01 16:00:00+00:00, run_after=2026-07-01 17:00:00+00:00
[2026-07-01T16:20:40.007+0000] {processor.py:183} INFO - Processing /opt/airflow/dags/dag_tomorrowio.py took 0.539 seconds
[2026-07-01T16:21:10.623+0000] {processor.py:161} INFO - Started process (PID=28723) to work on /opt/airflow/dags/dag_tomorrowio.py
[2026-07-01T16:21:10.626+0000] {processor.py:830} INFO - Processing file /opt/airflow/dags/dag_tomorrowio.py for tasks to queue
[2026-07-01T16:21:10.629+0000] {logging_mixin.py:188} INFO - [2026-07-01T16:21:10.629+0000] {dagbag.py:545} INFO - Filling up the DagBag from /opt/airflow/dags/dag_tomorrowio.py
[2026-07-01T16:21:11.098+0000] {processor.py:840} INFO - DAG(s) 'weather_tomorrowio_pipeline' retrieved from /opt/airflow/dags/dag_tomorrowio.py
[2026-07-01T16:21:11.118+0000] {logging_mixin.py:188} INFO - [2026-07-01T16:21:11.118+0000] {dag.py:3096} INFO - Sync 1 DAGs
[2026-07-01T16:21:11.129+0000] {logging_mixin.py:188} INFO - [2026-07-01T16:21:11.129+0000] {dag.py:3954} INFO - Setting next_dagrun for weather_tomorrowio_pipeline to 2026-07-01 16:00:00+00:00, run_after=2026-07-01 17:00:00+00:00
[2026-07-01T16:21:11.137+0000] {processor.py:183} INFO - Processing /opt/airflow/dags/dag_tomorrowio.py took 0.528 seconds
[2026-07-01T16:21:41.797+0000] {processor.py:161} INFO - Started process (PID=28759) to work on /opt/airflow/dags/dag_tomorrowio.py
[2026-07-01T16:21:41.799+0000] {processor.py:830} INFO - Processing file /opt/airflow/dags/dag_tomorrowio.py for tasks to queue
[2026-07-01T16:21:41.804+0000] {logging_mixin.py:188} INFO - [2026-07-01T16:21:41.803+0000] {dagbag.py:545} INFO - Filling up the DagBag from /opt/airflow/dags/dag_tomorrowio.py
[2026-07-01T16:21:42.375+0000] {processor.py:840} INFO - DAG(s) 'weather_tomorrowio_pipeline' retrieved from /opt/airflow/dags/dag_tomorrowio.py
[2026-07-01T16:21:42.391+0000] {logging_mixin.py:188} INFO - [2026-07-01T16:21:42.391+0000] {dag.py:3096} INFO - Sync 1 DAGs
[2026-07-01T16:21:42.402+0000] {logging_mixin.py:188} INFO - [2026-07-01T16:21:42.402+0000] {dag.py:3954} INFO - Setting next_dagrun for weather_tomorrowio_pipeline to 2026-07-01 16:00:00+00:00, run_after=2026-07-01 17:00:00+00:00
[2026-07-01T16:21:42.410+0000] {processor.py:183} INFO - Processing /opt/airflow/dags/dag_tomorrowio.py took 0.624 seconds
[2026-07-01T16:22:13.084+0000] {processor.py:161} INFO - Started process (PID=28796) to work on /opt/airflow/dags/dag_tomorrowio.py
[2026-07-01T16:22:13.085+0000] {processor.py:830} INFO - Processing file /opt/airflow/dags/dag_tomorrowio.py for tasks to queue
[2026-07-01T16:22:13.098+0000] {logging_mixin.py:188} INFO - [2026-07-01T16:22:13.097+0000] {dagbag.py:545} INFO - Filling up the DagBag from /opt/airflow/dags/dag_tomorrowio.py
[2026-07-01T16:22:13.531+0000] {processor.py:840} INFO - DAG(s) 'weather_tomorrowio_pipeline' retrieved from /opt/airflow/dags/dag_tomorrowio.py
[2026-07-01T16:22:13.549+0000] {logging_mixin.py:188} INFO - [2026-07-01T16:22:13.548+0000] {dag.py:3096} INFO - Sync 1 DAGs
[2026-07-01T16:22:13.557+0000] {logging_mixin.py:188} INFO - [2026-07-01T16:22:13.557+0000] {dag.py:3954} INFO - Setting next_dagrun for weather_tomorrowio_pipeline to 2026-07-01 16:00:00+00:00, run_after=2026-07-01 17:00:00+00:00
[2026-07-01T16:22:13.565+0000] {processor.py:183} INFO - Processing /opt/airflow/dags/dag_tomorrowio.py took 0.494 seconds
[2026-07-01T16:22:44.353+0000] {processor.py:161} INFO - Started process (PID=28833) to work on /opt/airflow/dags/dag_tomorrowio.py
[2026-07-01T16:22:44.356+0000] {processor.py:830} INFO - Processing file /opt/airflow/dags/dag_tomorrowio.py for tasks to queue
[2026-07-01T16:22:44.364+0000] {logging_mixin.py:188} INFO - [2026-07-01T16:22:44.363+0000] {dagbag.py:545} INFO - Filling up the DagBag from /opt/airflow/dags/dag_tomorrowio.py
[2026-07-01T16:22:44.824+0000] {processor.py:840} INFO - DAG(s) 'weather_tomorrowio_pipeline' retrieved from /opt/airflow/dags/dag_tomorrowio.py
[2026-07-01T16:22:44.836+0000] {logging_mixin.py:188} INFO - [2026-07-01T16:22:44.836+0000] {dag.py:3096} INFO - Sync 1 DAGs
[2026-07-01T16:22:44.845+0000] {logging_mixin.py:188} INFO - [2026-07-01T16:22:44.845+0000] {dag.py:3954} INFO - Setting next_dagrun for weather_tomorrowio_pipeline to 2026-07-01 16:00:00+00:00, run_after=2026-07-01 17:00:00+00:00
[2026-07-01T16:22:44.853+0000] {processor.py:183} INFO - Processing /opt/airflow/dags/dag_tomorrowio.py took 0.517 seconds
[2026-07-01T16:23:15.475+0000] {processor.py:161} INFO - Started process (PID=28869) to work on /opt/airflow/dags/dag_tomorrowio.py
[2026-07-01T16:23:15.477+0000] {processor.py:830} INFO - Processing file /opt/airflow/dags/dag_tomorrowio.py for tasks to queue
[2026-07-01T16:23:15.479+0000] {logging_mixin.py:188} INFO - [2026-07-01T16:23:15.478+0000] {dagbag.py:545} INFO - Filling up the DagBag from /opt/airflow/dags/dag_tomorrowio.py
[2026-07-01T16:23:15.963+0000] {processor.py:840} INFO - DAG(s) 'weather_tomorrowio_pipeline' retrieved from /opt/airflow/dags/dag_tomorrowio.py
[2026-07-01T16:23:15.983+0000] {logging_mixin.py:188} INFO - [2026-07-01T16:23:15.983+0000] {dag.py:3096} INFO - Sync 1 DAGs
[2026-07-01T16:23:15.997+0000] {logging_mixin.py:188} INFO - [2026-07-01T16:23:15.996+0000] {dag.py:3954} INFO - Setting next_dagrun for weather_tomorrowio_pipeline to 2026-07-01 16:00:00+00:00, run_after=2026-07-01 17:00:00+00:00
[2026-07-01T16:23:16.010+0000] {processor.py:183} INFO - Processing /opt/airflow/dags/dag_tomorrowio.py took 0.542 seconds
[2026-07-01T16:23:46.642+0000] {processor.py:161} INFO - Started process (PID=28907) to work on /opt/airflow/dags/dag_tomorrowio.py
[2026-07-01T16:23:46.645+0000] {processor.py:830} INFO - Processing file /opt/airflow/dags/dag_tomorrowio.py for tasks to queue
[2026-07-01T16:23:46.650+0000] {logging_mixin.py:188} INFO - [2026-07-01T16:23:46.649+0000] {dagbag.py:545} INFO - Filling up the DagBag from /opt/airflow/dags/dag_tomorrowio.py
[2026-07-01T16:23:47.149+0000] {processor.py:840} INFO - DAG(s) 'weather_tomorrowio_pipeline' retrieved from /opt/airflow/dags/dag_tomorrowio.py
[2026-07-01T16:23:47.164+0000] {logging_mixin.py:188} INFO - [2026-07-01T16:23:47.164+0000] {dag.py:3096} INFO - Sync 1 DAGs
[2026-07-01T16:23:47.176+0000] {logging_mixin.py:188} INFO - [2026-07-01T16:23:47.176+0000] {dag.py:3954} INFO - Setting next_dagrun for weather_tomorrowio_pipeline to 2026-07-01 16:00:00+00:00, run_after=2026-07-01 17:00:00+00:00
[2026-07-01T16:23:47.185+0000] {processor.py:183} INFO - Processing /opt/airflow/dags/dag_tomorrowio.py took 0.550 seconds
[2026-07-01T16:24:17.767+0000] {processor.py:161} INFO - Started process (PID=28944) to work on /opt/airflow/dags/dag_tomorrowio.py
[2026-07-01T16:24:17.769+0000] {processor.py:830} INFO - Processing file /opt/airflow/dags/dag_tomorrowio.py for tasks to queue
[2026-07-01T16:24:17.774+0000] {logging_mixin.py:188} INFO - [2026-07-01T16:24:17.774+0000] {dagbag.py:545} INFO - Filling up the DagBag from /opt/airflow/dags/dag_tomorrowio.py
[2026-07-01T16:24:18.252+0000] {processor.py:840} INFO - DAG(s) 'weather_tomorrowio_pipeline' retrieved from /opt/airflow/dags/dag_tomorrowio.py
[2026-07-01T16:24:18.268+0000] {logging_mixin.py:188} INFO - [2026-07-01T16:24:18.267+0000] {dag.py:3096} INFO - Sync 1 DAGs
[2026-07-01T16:24:18.277+0000] {logging_mixin.py:188} INFO - [2026-07-01T16:24:18.277+0000] {dag.py:3954} INFO - Setting next_dagrun for weather_tomorrowio_pipeline to 2026-07-01 16:00:00+00:00, run_after=2026-07-01 17:00:00+00:00
[2026-07-01T16:24:18.286+0000] {processor.py:183} INFO - Processing /opt/airflow/dags/dag_tomorrowio.py took 0.527 seconds
[2026-07-01T16:24:48.841+0000] {processor.py:161} INFO - Started process (PID=28981) to work on /opt/airflow/dags/dag_tomorrowio.py
[2026-07-01T16:24:48.845+0000] {processor.py:830} INFO - Processing file /opt/airflow/dags/dag_tomorrowio.py for tasks to queue
[2026-07-01T16:24:48.849+0000] {logging_mixin.py:188} INFO - [2026-07-01T16:24:48.848+0000] {dagbag.py:545} INFO - Filling up the DagBag from /opt/airflow/dags/dag_tomorrowio.py
[2026-07-01T16:24:49.328+0000] {processor.py:840} INFO - DAG(s) 'weather_tomorrowio_pipeline' retrieved from /opt/airflow/dags/dag_tomorrowio.py
[2026-07-01T16:24:49.346+0000] {logging_mixin.py:188} INFO - [2026-07-01T16:24:49.345+0000] {dag.py:3096} INFO - Sync 1 DAGs
[2026-07-01T16:24:49.354+0000] {logging_mixin.py:188} INFO - [2026-07-01T16:24:49.354+0000] {dag.py:3954} INFO - Setting next_dagrun for weather_tomorrowio_pipeline to 2026-07-01 16:00:00+00:00, run_after=2026-07-01 17:00:00+00:00
[2026-07-01T16:24:49.363+0000] {processor.py:183} INFO - Processing /opt/airflow/dags/dag_tomorrowio.py took 0.531 seconds
[2026-07-01T16:25:19.994+0000] {processor.py:161} INFO - Started process (PID=29018) to work on /opt/airflow/dags/dag_tomorrowio.py
[2026-07-01T16:25:19.997+0000] {processor.py:830} INFO - Processing file /opt/airflow/dags/dag_tomorrowio.py for tasks to queue
[2026-07-01T16:25:20.000+0000] {logging_mixin.py:188} INFO - [2026-07-01T16:25:20.000+0000] {dagbag.py:545} INFO - Filling up the DagBag from /opt/airflow/dags/dag_tomorrowio.py
[2026-07-01T16:25:20.549+0000] {processor.py:840} INFO - DAG(s) 'weather_tomorrowio_pipeline' retrieved from /opt/airflow/dags/dag_tomorrowio.py
[2026-07-01T16:25:20.566+0000] {logging_mixin.py:188} INFO - [2026-07-01T16:25:20.566+0000] {dag.py:3096} INFO - Sync 1 DAGs
[2026-07-01T16:25:20.576+0000] {logging_mixin.py:188} INFO - [2026-07-01T16:25:20.576+0000] {dag.py:3954} INFO - Setting next_dagrun for weather_tomorrowio_pipeline to 2026-07-01 16:00:00+00:00, run_after=2026-07-01 17:00:00+00:00
[2026-07-01T16:25:20.587+0000] {processor.py:183} INFO - Processing /opt/airflow/dags/dag_tomorrowio.py took 0.616 seconds
[2026-07-01T16:25:51.240+0000] {processor.py:161} INFO - Started process (PID=29055) to work on /opt/airflow/dags/dag_tomorrowio.py
[2026-07-01T16:25:51.242+0000] {processor.py:830} INFO - Processing file /opt/airflow/dags/dag_tomorrowio.py for tasks to queue
[2026-07-01T16:25:51.245+0000] {logging_mixin.py:188} INFO - [2026-07-01T16:25:51.244+0000] {dagbag.py:545} INFO - Filling up the DagBag from /opt/airflow/dags/dag_tomorrowio.py
[2026-07-01T16:25:51.788+0000] {processor.py:840} INFO - DAG(s) 'weather_tomorrowio_pipeline' retrieved from /opt/airflow/dags/dag_tomorrowio.py
[2026-07-01T16:25:51.807+0000] {logging_mixin.py:188} INFO - [2026-07-01T16:25:51.807+0000] {dag.py:3096} INFO - Sync 1 DAGs
[2026-07-01T16:25:51.818+0000] {logging_mixin.py:188} INFO - [2026-07-01T16:25:51.818+0000] {dag.py:3954} INFO - Setting next_dagrun for weather_tomorrowio_pipeline to 2026-07-01 16:00:00+00:00, run_after=2026-07-01 17:00:00+00:00
[2026-07-01T16:25:51.832+0000] {processor.py:183} INFO - Processing /opt/airflow/dags/dag_tomorrowio.py took 0.606 seconds
[2026-07-01T16:26:22.866+0000] {processor.py:161} INFO - Started process (PID=29114) to work on /opt/airflow/dags/dag_tomorrowio.py
[2026-07-01T16:26:22.867+0000] {processor.py:830} INFO - Processing file /opt/airflow/dags/dag_tomorrowio.py for tasks to queue
[2026-07-01T16:26:22.868+0000] {logging_mixin.py:188} INFO - [2026-07-01T16:26:22.868+0000] {dagbag.py:545} INFO - Filling up the DagBag from /opt/airflow/dags/dag_tomorrowio.py
[2026-07-01T16:26:23.133+0000] {processor.py:840} INFO - DAG(s) 'weather_tomorrowio_pipeline' retrieved from /opt/airflow/dags/dag_tomorrowio.py
[2026-07-01T16:26:23.140+0000] {logging_mixin.py:188} INFO - [2026-07-01T16:26:23.140+0000] {dag.py:3096} INFO - Sync 1 DAGs
[2026-07-01T16:26:23.148+0000] {logging_mixin.py:188} INFO - [2026-07-01T16:26:23.148+0000] {dag.py:3954} INFO - Setting next_dagrun for weather_tomorrowio_pipeline to 2026-07-01 16:00:00+00:00, run_after=2026-07-01 17:00:00+00:00
[2026-07-01T16:26:23.155+0000] {processor.py:183} INFO - Processing /opt/airflow/dags/dag_tomorrowio.py took 0.297 seconds
[2026-07-01T16:26:53.762+0000] {processor.py:161} INFO - Started process (PID=29151) to work on /opt/airflow/dags/dag_tomorrowio.py
[2026-07-01T16:26:53.763+0000] {processor.py:830} INFO - Processing file /opt/airflow/dags/dag_tomorrowio.py for tasks to queue
[2026-07-01T16:26:53.764+0000] {logging_mixin.py:188} INFO - [2026-07-01T16:26:53.764+0000] {dagbag.py:545} INFO - Filling up the DagBag from /opt/airflow/dags/dag_tomorrowio.py
[2026-07-01T16:26:53.992+0000] {processor.py:840} INFO - DAG(s) 'weather_tomorrowio_pipeline' retrieved from /opt/airflow/dags/dag_tomorrowio.py
[2026-07-01T16:26:54.006+0000] {logging_mixin.py:188} INFO - [2026-07-01T16:26:54.006+0000] {dag.py:3096} INFO - Sync 1 DAGs
[2026-07-01T16:26:54.014+0000] {logging_mixin.py:188} INFO - [2026-07-01T16:26:54.014+0000] {dag.py:3954} INFO - Setting next_dagrun for weather_tomorrowio_pipeline to 2026-07-01 16:00:00+00:00, run_after=2026-07-01 17:00:00+00:00
[2026-07-01T16:26:54.020+0000] {processor.py:183} INFO - Processing /opt/airflow/dags/dag_tomorrowio.py took 0.267 seconds
[2026-07-01T16:27:24.737+0000] {processor.py:161} INFO - Started process (PID=29188) to work on /opt/airflow/dags/dag_tomorrowio.py
[2026-07-01T16:27:24.738+0000] {processor.py:830} INFO - Processing file /opt/airflow/dags/dag_tomorrowio.py for tasks to queue
[2026-07-01T16:27:24.739+0000] {logging_mixin.py:188} INFO - [2026-07-01T16:27:24.739+0000] {dagbag.py:545} INFO - Filling up the DagBag from /opt/airflow/dags/dag_tomorrowio.py
[2026-07-01T16:27:24.974+0000] {processor.py:840} INFO - DAG(s) 'weather_tomorrowio_pipeline' retrieved from /opt/airflow/dags/dag_tomorrowio.py
[2026-07-01T16:27:24.982+0000] {logging_mixin.py:188} INFO - [2026-07-01T16:27:24.982+0000] {dag.py:3096} INFO - Sync 1 DAGs
[2026-07-01T16:27:24.989+0000] {logging_mixin.py:188} INFO - [2026-07-01T16:27:24.989+0000] {dag.py:3954} INFO - Setting next_dagrun for weather_tomorrowio_pipeline to 2026-07-01 16:00:00+00:00, run_after=2026-07-01 17:00:00+00:00
[2026-07-01T16:27:24.995+0000] {processor.py:183} INFO - Processing /opt/airflow/dags/dag_tomorrowio.py took 0.266 seconds
[2026-07-01T16:27:55.753+0000] {processor.py:161} INFO - Started process (PID=29225) to work on /opt/airflow/dags/dag_tomorrowio.py
[2026-07-01T16:27:55.754+0000] {processor.py:830} INFO - Processing file /opt/airflow/dags/dag_tomorrowio.py for tasks to queue
[2026-07-01T16:27:55.755+0000] {logging_mixin.py:188} INFO - [2026-07-01T16:27:55.755+0000] {dagbag.py:545} INFO - Filling up the DagBag from /opt/airflow/dags/dag_tomorrowio.py
[2026-07-01T16:27:56.025+0000] {processor.py:840} INFO - DAG(s) 'weather_tomorrowio_pipeline' retrieved from /opt/airflow/dags/dag_tomorrowio.py
[2026-07-01T16:27:56.034+0000] {logging_mixin.py:188} INFO - [2026-07-01T16:27:56.034+0000] {dag.py:3096} INFO - Sync 1 DAGs
[2026-07-01T16:27:56.040+0000] {logging_mixin.py:188} INFO - [2026-07-01T16:27:56.040+0000] {dag.py:3954} INFO - Setting next_dagrun for weather_tomorrowio_pipeline to 2026-07-01 16:00:00+00:00, run_after=2026-07-01 17:00:00+00:00
[2026-07-01T16:27:56.046+0000] {processor.py:183} INFO - Processing /opt/airflow/dags/dag_tomorrowio.py took 0.299 seconds
[2026-07-01T16:28:26.751+0000] {processor.py:161} INFO - Started process (PID=29262) to work on /opt/airflow/dags/dag_tomorrowio.py
[2026-07-01T16:28:26.752+0000] {processor.py:830} INFO - Processing file /opt/airflow/dags/dag_tomorrowio.py for tasks to queue
[2026-07-01T16:28:26.753+0000] {logging_mixin.py:188} INFO - [2026-07-01T16:28:26.753+0000] {dagbag.py:545} INFO - Filling up the DagBag from /opt/airflow/dags/dag_tomorrowio.py
[2026-07-01T16:28:26.986+0000] {processor.py:840} INFO - DAG(s) 'weather_tomorrowio_pipeline' retrieved from /opt/airflow/dags/dag_tomorrowio.py
[2026-07-01T16:28:26.999+0000] {logging_mixin.py:188} INFO - [2026-07-01T16:28:26.999+0000] {dag.py:3096} INFO - Sync 1 DAGs
[2026-07-01T16:28:27.006+0000] {logging_mixin.py:188} INFO - [2026-07-01T16:28:27.006+0000] {dag.py:3954} INFO - Setting next_dagrun for weather_tomorrowio_pipeline to 2026-07-01 16:00:00+00:00, run_after=2026-07-01 17:00:00+00:00
[2026-07-01T16:28:27.013+0000] {processor.py:183} INFO - Processing /opt/airflow/dags/dag_tomorrowio.py took 0.268 seconds
[2026-07-01T16:28:57.920+0000] {processor.py:161} INFO - Started process (PID=29299) to work on /opt/airflow/dags/dag_tomorrowio.py
[2026-07-01T16:28:57.922+0000] {processor.py:830} INFO - Processing file /opt/airflow/dags/dag_tomorrowio.py for tasks to queue
[2026-07-01T16:28:57.924+0000] {logging_mixin.py:188} INFO - [2026-07-01T16:28:57.923+0000] {dagbag.py:545} INFO - Filling up the DagBag from /opt/airflow/dags/dag_tomorrowio.py
[2026-07-01T16:28:58.242+0000] {processor.py:840} INFO - DAG(s) 'weather_tomorrowio_pipeline' retrieved from /opt/airflow/dags/dag_tomorrowio.py
[2026-07-01T16:28:58.267+0000] {logging_mixin.py:188} INFO - [2026-07-01T16:28:58.267+0000] {dag.py:3096} INFO - Sync 1 DAGs
[2026-07-01T16:28:58.284+0000] {logging_mixin.py:188} INFO - [2026-07-01T16:28:58.284+0000] {dag.py:3954} INFO - Setting next_dagrun for weather_tomorrowio_pipeline to 2026-07-01 16:00:00+00:00, run_after=2026-07-01 17:00:00+00:00
[2026-07-01T16:28:58.296+0000] {processor.py:183} INFO - Processing /opt/airflow/dags/dag_tomorrowio.py took 0.393 seconds
[2026-07-01T16:29:28.972+0000] {processor.py:161} INFO - Started process (PID=29335) to work on /opt/airflow/dags/dag_tomorrowio.py
[2026-07-01T16:29:28.974+0000] {processor.py:830} INFO - Processing file /opt/airflow/dags/dag_tomorrowio.py for tasks to queue
[2026-07-01T16:29:28.975+0000] {logging_mixin.py:188} INFO - [2026-07-01T16:29:28.975+0000] {dagbag.py:545} INFO - Filling up the DagBag from /opt/airflow/dags/dag_tomorrowio.py
[2026-07-01T16:29:29.480+0000] {processor.py:840} INFO - DAG(s) 'weather_tomorrowio_pipeline' retrieved from /opt/airflow/dags/dag_tomorrowio.py
[2026-07-01T16:29:29.504+0000] {logging_mixin.py:188} INFO - [2026-07-01T16:29:29.504+0000] {dag.py:3096} INFO - Sync 1 DAGs
[2026-07-01T16:29:29.515+0000] {logging_mixin.py:188} INFO - [2026-07-01T16:29:29.515+0000] {dag.py:3954} INFO - Setting next_dagrun for weather_tomorrowio_pipeline to 2026-07-01 16:00:00+00:00, run_after=2026-07-01 17:00:00+00:00
[2026-07-01T16:29:29.525+0000] {processor.py:183} INFO - Processing /opt/airflow/dags/dag_tomorrowio.py took 0.560 seconds
[2026-07-01T16:30:00.326+0000] {processor.py:161} INFO - Started process (PID=29371) to work on /opt/airflow/dags/dag_tomorrowio.py
[2026-07-01T16:30:00.328+0000] {processor.py:830} INFO - Processing file /opt/airflow/dags/dag_tomorrowio.py for tasks to queue
[2026-07-01T16:30:00.340+0000] {logging_mixin.py:188} INFO - [2026-07-01T16:30:00.338+0000] {dagbag.py:545} INFO - Filling up the DagBag from /opt/airflow/dags/dag_tomorrowio.py
[2026-07-01T16:30:01.280+0000] {processor.py:840} INFO - DAG(s) 'weather_tomorrowio_pipeline' retrieved from /opt/airflow/dags/dag_tomorrowio.py
[2026-07-01T16:30:01.310+0000] {logging_mixin.py:188} INFO - [2026-07-01T16:30:01.309+0000] {dag.py:3096} INFO - Sync 1 DAGs
[2026-07-01T16:30:01.327+0000] {logging_mixin.py:188} INFO - [2026-07-01T16:30:01.327+0000] {dag.py:3954} INFO - Setting next_dagrun for weather_tomorrowio_pipeline to 2026-07-01 16:00:00+00:00, run_after=2026-07-01 17:00:00+00:00
[2026-07-01T16:30:01.340+0000] {processor.py:183} INFO - Processing /opt/airflow/dags/dag_tomorrowio.py took 1.030 seconds
[2026-07-01T16:30:31.982+0000] {processor.py:161} INFO - Started process (PID=29409) to work on /opt/airflow/dags/dag_tomorrowio.py
[2026-07-01T16:30:31.984+0000] {processor.py:830} INFO - Processing file /opt/airflow/dags/dag_tomorrowio.py for tasks to queue
[2026-07-01T16:30:31.986+0000] {logging_mixin.py:188} INFO - [2026-07-01T16:30:31.985+0000] {dagbag.py:545} INFO - Filling up the DagBag from /opt/airflow/dags/dag_tomorrowio.py
[2026-07-01T16:30:32.395+0000] {processor.py:840} INFO - DAG(s) 'weather_tomorrowio_pipeline' retrieved from /opt/airflow/dags/dag_tomorrowio.py
[2026-07-01T16:30:32.409+0000] {logging_mixin.py:188} INFO - [2026-07-01T16:30:32.409+0000] {dag.py:3096} INFO - Sync 1 DAGs
[2026-07-01T16:30:32.417+0000] {logging_mixin.py:188} INFO - [2026-07-01T16:30:32.417+0000] {dag.py:3954} INFO - Setting next_dagrun for weather_tomorrowio_pipeline to 2026-07-01 16:00:00+00:00, run_after=2026-07-01 17:00:00+00:00
[2026-07-01T16:30:32.426+0000] {processor.py:183} INFO - Processing /opt/airflow/dags/dag_tomorrowio.py took 0.447 seconds
[2026-07-01T16:31:03.457+0000] {processor.py:161} INFO - Started process (PID=29445) to work on /opt/airflow/dags/dag_tomorrowio.py
[2026-07-01T16:31:03.460+0000] {processor.py:830} INFO - Processing file /opt/airflow/dags/dag_tomorrowio.py for tasks to queue
[2026-07-01T16:31:03.463+0000] {logging_mixin.py:188} INFO - [2026-07-01T16:31:03.462+0000] {dagbag.py:545} INFO - Filling up the DagBag from /opt/airflow/dags/dag_tomorrowio.py
[2026-07-01T16:31:03.935+0000] {processor.py:840} INFO - DAG(s) 'weather_tomorrowio_pipeline' retrieved from /opt/airflow/dags/dag_tomorrowio.py
[2026-07-01T16:31:03.952+0000] {logging_mixin.py:188} INFO - [2026-07-01T16:31:03.952+0000] {dag.py:3096} INFO - Sync 1 DAGs
[2026-07-01T16:31:03.965+0000] {logging_mixin.py:188} INFO - [2026-07-01T16:31:03.965+0000] {dag.py:3954} INFO - Setting next_dagrun for weather_tomorrowio_pipeline to 2026-07-01 16:00:00+00:00, run_after=2026-07-01 17:00:00+00:00
[2026-07-01T16:31:03.978+0000] {processor.py:183} INFO - Processing /opt/airflow/dags/dag_tomorrowio.py took 0.530 seconds
[2026-07-01T16:31:34.639+0000] {processor.py:161} INFO - Started process (PID=29483) to work on /opt/airflow/dags/dag_tomorrowio.py
[2026-07-01T16:31:34.641+0000] {processor.py:830} INFO - Processing file /opt/airflow/dags/dag_tomorrowio.py for tasks to queue
[2026-07-01T16:31:34.642+0000] {logging_mixin.py:188} INFO - [2026-07-01T16:31:34.642+0000] {dagbag.py:545} INFO - Filling up the DagBag from /opt/airflow/dags/dag_tomorrowio.py
[2026-07-01T16:31:35.127+0000] {processor.py:840} INFO - DAG(s) 'weather_tomorrowio_pipeline' retrieved from /opt/airflow/dags/dag_tomorrowio.py
[2026-07-01T16:31:35.146+0000] {logging_mixin.py:188} INFO - [2026-07-01T16:31:35.146+0000] {dag.py:3096} INFO - Sync 1 DAGs
[2026-07-01T16:31:35.157+0000] {logging_mixin.py:188} INFO - [2026-07-01T16:31:35.157+0000] {dag.py:3954} INFO - Setting next_dagrun for weather_tomorrowio_pipeline to 2026-07-01 16:00:00+00:00, run_after=2026-07-01 17:00:00+00:00
[2026-07-01T16:31:35.170+0000] {processor.py:183} INFO - Processing /opt/airflow/dags/dag_tomorrowio.py took 0.536 seconds
[2026-07-01T16:32:05.413+0000] {processor.py:161} INFO - Started process (PID=29520) to work on /opt/airflow/dags/dag_tomorrowio.py
[2026-07-01T16:32:05.416+0000] {processor.py:830} INFO - Processing file /opt/airflow/dags/dag_tomorrowio.py for tasks to queue
[2026-07-01T16:32:05.418+0000] {logging_mixin.py:188} INFO - [2026-07-01T16:32:05.417+0000] {dagbag.py:545} INFO - Filling up the DagBag from /opt/airflow/dags/dag_tomorrowio.py
[2026-07-01T16:32:05.906+0000] {processor.py:840} INFO - DAG(s) 'weather_tomorrowio_pipeline' retrieved from /opt/airflow/dags/dag_tomorrowio.py
[2026-07-01T16:32:05.925+0000] {logging_mixin.py:188} INFO - [2026-07-01T16:32:05.925+0000] {dag.py:3096} INFO - Sync 1 DAGs
[2026-07-01T16:32:05.946+0000] {logging_mixin.py:188} INFO - [2026-07-01T16:32:05.946+0000] {dag.py:3954} INFO - Setting next_dagrun for weather_tomorrowio_pipeline to 2026-07-01 16:00:00+00:00, run_after=2026-07-01 17:00:00+00:00
[2026-07-01T16:32:05.958+0000] {processor.py:183} INFO - Processing /opt/airflow/dags/dag_tomorrowio.py took 0.552 seconds
[2026-07-01T16:32:36.582+0000] {processor.py:161} INFO - Started process (PID=29557) to work on /opt/airflow/dags/dag_tomorrowio.py
[2026-07-01T16:32:36.587+0000] {processor.py:830} INFO - Processing file /opt/airflow/dags/dag_tomorrowio.py for tasks to queue
[2026-07-01T16:32:36.591+0000] {logging_mixin.py:188} INFO - [2026-07-01T16:32:36.589+0000] {dagbag.py:545} INFO - Filling up the DagBag from /opt/airflow/dags/dag_tomorrowio.py
[2026-07-01T16:32:37.209+0000] {processor.py:840} INFO - DAG(s) 'weather_tomorrowio_pipeline' retrieved from /opt/airflow/dags/dag_tomorrowio.py
[2026-07-01T16:32:37.228+0000] {logging_mixin.py:188} INFO - [2026-07-01T16:32:37.227+0000] {dag.py:3096} INFO - Sync 1 DAGs
[2026-07-01T16:32:37.238+0000] {logging_mixin.py:188} INFO - [2026-07-01T16:32:37.238+0000] {dag.py:3954} INFO - Setting next_dagrun for weather_tomorrowio_pipeline to 2026-07-01 16:00:00+00:00, run_after=2026-07-01 17:00:00+00:00
[2026-07-01T16:32:37.253+0000] {processor.py:183} INFO - Processing /opt/airflow/dags/dag_tomorrowio.py took 0.686 seconds
[2026-07-01T16:33:08.110+0000] {processor.py:161} INFO - Started process (PID=29594) to work on /opt/airflow/dags/dag_tomorrowio.py
[2026-07-01T16:33:08.112+0000] {processor.py:830} INFO - Processing file /opt/airflow/dags/dag_tomorrowio.py for tasks to queue
[2026-07-01T16:33:08.113+0000] {logging_mixin.py:188} INFO - [2026-07-01T16:33:08.112+0000] {dagbag.py:545} INFO - Filling up the DagBag from /opt/airflow/dags/dag_tomorrowio.py
[2026-07-01T16:33:08.583+0000] {processor.py:840} INFO - DAG(s) 'weather_tomorrowio_pipeline' retrieved from /opt/airflow/dags/dag_tomorrowio.py
[2026-07-01T16:33:08.614+0000] {logging_mixin.py:188} INFO - [2026-07-01T16:33:08.614+0000] {dag.py:3096} INFO - Sync 1 DAGs
[2026-07-01T16:33:08.636+0000] {logging_mixin.py:188} INFO - [2026-07-01T16:33:08.636+0000] {dag.py:3954} INFO - Setting next_dagrun for weather_tomorrowio_pipeline to 2026-07-01 16:00:00+00:00, run_after=2026-07-01 17:00:00+00:00
[2026-07-01T16:33:08.651+0000] {processor.py:183} INFO - Processing /opt/airflow/dags/dag_tomorrowio.py took 0.547 seconds
[2026-07-01T16:33:39.351+0000] {processor.py:161} INFO - Started process (PID=29631) to work on /opt/airflow/dags/dag_tomorrowio.py
[2026-07-01T16:33:39.357+0000] {processor.py:830} INFO - Processing file /opt/airflow/dags/dag_tomorrowio.py for tasks to queue
[2026-07-01T16:33:39.360+0000] {logging_mixin.py:188} INFO - [2026-07-01T16:33:39.359+0000] {dagbag.py:545} INFO - Filling up the DagBag from /opt/airflow/dags/dag_tomorrowio.py
[2026-07-01T16:33:39.895+0000] {processor.py:840} INFO - DAG(s) 'weather_tomorrowio_pipeline' retrieved from /opt/airflow/dags/dag_tomorrowio.py
[2026-07-01T16:33:39.914+0000] {logging_mixin.py:188} INFO - [2026-07-01T16:33:39.914+0000] {dag.py:3096} INFO - Sync 1 DAGs
[2026-07-01T16:33:39.925+0000] {logging_mixin.py:188} INFO - [2026-07-01T16:33:39.925+0000] {dag.py:3954} INFO - Setting next_dagrun for weather_tomorrowio_pipeline to 2026-07-01 16:00:00+00:00, run_after=2026-07-01 17:00:00+00:00
[2026-07-01T16:33:39.934+0000] {processor.py:183} INFO - Processing /opt/airflow/dags/dag_tomorrowio.py took 0.612 seconds
[2026-07-01T16:34:10.727+0000] {processor.py:161} INFO - Started process (PID=29667) to work on /opt/airflow/dags/dag_tomorrowio.py
[2026-07-01T16:34:10.728+0000] {processor.py:830} INFO - Processing file /opt/airflow/dags/dag_tomorrowio.py for tasks to queue
[2026-07-01T16:34:10.733+0000] {logging_mixin.py:188} INFO - [2026-07-01T16:34:10.733+0000] {dagbag.py:545} INFO - Filling up the DagBag from /opt/airflow/dags/dag_tomorrowio.py
[2026-07-01T16:34:11.474+0000] {processor.py:840} INFO - DAG(s) 'weather_tomorrowio_pipeline' retrieved from /opt/airflow/dags/dag_tomorrowio.py
[2026-07-01T16:34:11.496+0000] {logging_mixin.py:188} INFO - [2026-07-01T16:34:11.496+0000] {dag.py:3096} INFO - Sync 1 DAGs
[2026-07-01T16:34:11.509+0000] {logging_mixin.py:188} INFO - [2026-07-01T16:34:11.509+0000] {dag.py:3954} INFO - Setting next_dagrun for weather_tomorrowio_pipeline to 2026-07-01 16:00:00+00:00, run_after=2026-07-01 17:00:00+00:00
[2026-07-01T16:34:11.525+0000] {processor.py:183} INFO - Processing /opt/airflow/dags/dag_tomorrowio.py took 0.815 seconds
[2026-07-01T16:34:42.221+0000] {processor.py:161} INFO - Started process (PID=29705) to work on /opt/airflow/dags/dag_tomorrowio.py
[2026-07-01T16:34:42.223+0000] {processor.py:830} INFO - Processing file /opt/airflow/dags/dag_tomorrowio.py for tasks to queue
[2026-07-01T16:34:42.226+0000] {logging_mixin.py:188} INFO - [2026-07-01T16:34:42.225+0000] {dagbag.py:545} INFO - Filling up the DagBag from /opt/airflow/dags/dag_tomorrowio.py
[2026-07-01T16:34:42.784+0000] {processor.py:840} INFO - DAG(s) 'weather_tomorrowio_pipeline' retrieved from /opt/airflow/dags/dag_tomorrowio.py
[2026-07-01T16:34:42.803+0000] {logging_mixin.py:188} INFO - [2026-07-01T16:34:42.803+0000] {dag.py:3096} INFO - Sync 1 DAGs
[2026-07-01T16:34:42.817+0000] {logging_mixin.py:188} INFO - [2026-07-01T16:34:42.817+0000] {dag.py:3954} INFO - Setting next_dagrun for weather_tomorrowio_pipeline to 2026-07-01 16:00:00+00:00, run_after=2026-07-01 17:00:00+00:00
[2026-07-01T16:34:42.828+0000] {processor.py:183} INFO - Processing /opt/airflow/dags/dag_tomorrowio.py took 0.615 seconds
[2026-07-01T16:35:13.602+0000] {processor.py:161} INFO - Started process (PID=29742) to work on /opt/airflow/dags/dag_tomorrowio.py
[2026-07-01T16:35:13.604+0000] {processor.py:830} INFO - Processing file /opt/airflow/dags/dag_tomorrowio.py for tasks to queue
[2026-07-01T16:35:13.606+0000] {logging_mixin.py:188} INFO - [2026-07-01T16:35:13.606+0000] {dagbag.py:545} INFO - Filling up the DagBag from /opt/airflow/dags/dag_tomorrowio.py
[2026-07-01T16:35:14.003+0000] {processor.py:840} INFO - DAG(s) 'weather_tomorrowio_pipeline' retrieved from /opt/airflow/dags/dag_tomorrowio.py
[2026-07-01T16:35:14.020+0000] {logging_mixin.py:188} INFO - [2026-07-01T16:35:14.019+0000] {dag.py:3096} INFO - Sync 1 DAGs
[2026-07-01T16:35:14.032+0000] {logging_mixin.py:188} INFO - [2026-07-01T16:35:14.032+0000] {dag.py:3954} INFO - Setting next_dagrun for weather_tomorrowio_pipeline to 2026-07-01 16:00:00+00:00, run_after=2026-07-01 17:00:00+00:00
[2026-07-01T16:35:14.041+0000] {processor.py:183} INFO - Processing /opt/airflow/dags/dag_tomorrowio.py took 0.447 seconds
[2026-07-01T16:35:44.749+0000] {processor.py:161} INFO - Started process (PID=29779) to work on /opt/airflow/dags/dag_tomorrowio.py
[2026-07-01T16:35:44.752+0000] {processor.py:830} INFO - Processing file /opt/airflow/dags/dag_tomorrowio.py for tasks to queue
[2026-07-01T16:35:44.756+0000] {logging_mixin.py:188} INFO - [2026-07-01T16:35:44.755+0000] {dagbag.py:545} INFO - Filling up the DagBag from /opt/airflow/dags/dag_tomorrowio.py
[2026-07-01T16:35:45.394+0000] {processor.py:840} INFO - DAG(s) 'weather_tomorrowio_pipeline' retrieved from /opt/airflow/dags/dag_tomorrowio.py
[2026-07-01T16:35:45.418+0000] {logging_mixin.py:188} INFO - [2026-07-01T16:35:45.418+0000] {dag.py:3096} INFO - Sync 1 DAGs
[2026-07-01T16:35:45.431+0000] {logging_mixin.py:188} INFO - [2026-07-01T16:35:45.431+0000] {dag.py:3954} INFO - Setting next_dagrun for weather_tomorrowio_pipeline to 2026-07-01 16:00:00+00:00, run_after=2026-07-01 17:00:00+00:00
[2026-07-01T16:35:45.441+0000] {processor.py:183} INFO - Processing /opt/airflow/dags/dag_tomorrowio.py took 0.748 seconds
[2026-07-01T16:36:16.375+0000] {processor.py:161} INFO - Started process (PID=29816) to work on /opt/airflow/dags/dag_tomorrowio.py
[2026-07-01T16:36:16.379+0000] {processor.py:830} INFO - Processing file /opt/airflow/dags/dag_tomorrowio.py for tasks to queue
[2026-07-01T16:36:16.383+0000] {logging_mixin.py:188} INFO - [2026-07-01T16:36:16.383+0000] {dagbag.py:545} INFO - Filling up the DagBag from /opt/airflow/dags/dag_tomorrowio.py
[2026-07-01T16:36:16.917+0000] {processor.py:840} INFO - DAG(s) 'weather_tomorrowio_pipeline' retrieved from /opt/airflow/dags/dag_tomorrowio.py
[2026-07-01T16:36:16.942+0000] {logging_mixin.py:188} INFO - [2026-07-01T16:36:16.942+0000] {dag.py:3096} INFO - Sync 1 DAGs
[2026-07-01T16:36:16.952+0000] {logging_mixin.py:188} INFO - [2026-07-01T16:36:16.952+0000] {dag.py:3954} INFO - Setting next_dagrun for weather_tomorrowio_pipeline to 2026-07-01 16:00:00+00:00, run_after=2026-07-01 17:00:00+00:00
[2026-07-01T16:36:16.960+0000] {processor.py:183} INFO - Processing /opt/airflow/dags/dag_tomorrowio.py took 0.598 seconds
[2026-07-01T16:36:47.571+0000] {processor.py:161} INFO - Started process (PID=29853) to work on /opt/airflow/dags/dag_tomorrowio.py
[2026-07-01T16:36:47.572+0000] {processor.py:830} INFO - Processing file /opt/airflow/dags/dag_tomorrowio.py for tasks to queue
[2026-07-01T16:36:47.574+0000] {logging_mixin.py:188} INFO - [2026-07-01T16:36:47.573+0000] {dagbag.py:545} INFO - Filling up the DagBag from /opt/airflow/dags/dag_tomorrowio.py
[2026-07-01T16:36:47.960+0000] {processor.py:840} INFO - DAG(s) 'weather_tomorrowio_pipeline' retrieved from /opt/airflow/dags/dag_tomorrowio.py
[2026-07-01T16:36:47.973+0000] {logging_mixin.py:188} INFO - [2026-07-01T16:36:47.973+0000] {dag.py:3096} INFO - Sync 1 DAGs
[2026-07-01T16:36:47.984+0000] {logging_mixin.py:188} INFO - [2026-07-01T16:36:47.984+0000] {dag.py:3954} INFO - Setting next_dagrun for weather_tomorrowio_pipeline to 2026-07-01 16:00:00+00:00, run_after=2026-07-01 17:00:00+00:00
[2026-07-01T16:36:47.995+0000] {processor.py:183} INFO - Processing /opt/airflow/dags/dag_tomorrowio.py took 0.444 seconds
[2026-07-01T16:37:18.681+0000] {processor.py:161} INFO - Started process (PID=29890) to work on /opt/airflow/dags/dag_tomorrowio.py
[2026-07-01T16:37:18.682+0000] {processor.py:830} INFO - Processing file /opt/airflow/dags/dag_tomorrowio.py for tasks to queue
[2026-07-01T16:37:18.684+0000] {logging_mixin.py:188} INFO - [2026-07-01T16:37:18.684+0000] {dagbag.py:545} INFO - Filling up the DagBag from /opt/airflow/dags/dag_tomorrowio.py
[2026-07-01T16:37:19.154+0000] {processor.py:840} INFO - DAG(s) 'weather_tomorrowio_pipeline' retrieved from /opt/airflow/dags/dag_tomorrowio.py
[2026-07-01T16:37:19.171+0000] {logging_mixin.py:188} INFO - [2026-07-01T16:37:19.171+0000] {dag.py:3096} INFO - Sync 1 DAGs
[2026-07-01T16:37:19.187+0000] {logging_mixin.py:188} INFO - [2026-07-01T16:37:19.187+0000] {dag.py:3954} INFO - Setting next_dagrun for weather_tomorrowio_pipeline to 2026-07-01 16:00:00+00:00, run_after=2026-07-01 17:00:00+00:00
[2026-07-01T16:37:19.196+0000] {processor.py:183} INFO - Processing /opt/airflow/dags/dag_tomorrowio.py took 0.518 seconds
[2026-07-01T16:37:49.767+0000] {processor.py:161} INFO - Started process (PID=29927) to work on /opt/airflow/dags/dag_tomorrowio.py
[2026-07-01T16:37:49.768+0000] {processor.py:830} INFO - Processing file /opt/airflow/dags/dag_tomorrowio.py for tasks to queue
[2026-07-01T16:37:49.771+0000] {logging_mixin.py:188} INFO - [2026-07-01T16:37:49.770+0000] {dagbag.py:545} INFO - Filling up the DagBag from /opt/airflow/dags/dag_tomorrowio.py
[2026-07-01T16:37:50.271+0000] {processor.py:840} INFO - DAG(s) 'weather_tomorrowio_pipeline' retrieved from /opt/airflow/dags/dag_tomorrowio.py
[2026-07-01T16:37:50.292+0000] {logging_mixin.py:188} INFO - [2026-07-01T16:37:50.292+0000] {dag.py:3096} INFO - Sync 1 DAGs
[2026-07-01T16:37:50.315+0000] {logging_mixin.py:188} INFO - [2026-07-01T16:37:50.315+0000] {dag.py:3954} INFO - Setting next_dagrun for weather_tomorrowio_pipeline to 2026-07-01 16:00:00+00:00, run_after=2026-07-01 17:00:00+00:00
[2026-07-01T16:37:50.331+0000] {processor.py:183} INFO - Processing /opt/airflow/dags/dag_tomorrowio.py took 0.570 seconds
[2026-07-01T16:38:21.064+0000] {processor.py:161} INFO - Started process (PID=29964) to work on /opt/airflow/dags/dag_tomorrowio.py
[2026-07-01T16:38:21.065+0000] {processor.py:830} INFO - Processing file /opt/airflow/dags/dag_tomorrowio.py for tasks to queue
[2026-07-01T16:38:21.068+0000] {logging_mixin.py:188} INFO - [2026-07-01T16:38:21.068+0000] {dagbag.py:545} INFO - Filling up the DagBag from /opt/airflow/dags/dag_tomorrowio.py
[2026-07-01T16:38:21.539+0000] {processor.py:840} INFO - DAG(s) 'weather_tomorrowio_pipeline' retrieved from /opt/airflow/dags/dag_tomorrowio.py
[2026-07-01T16:38:21.557+0000] {logging_mixin.py:188} INFO - [2026-07-01T16:38:21.557+0000] {dag.py:3096} INFO - Sync 1 DAGs
[2026-07-01T16:38:21.569+0000] {logging_mixin.py:188} INFO - [2026-07-01T16:38:21.569+0000] {dag.py:3954} INFO - Setting next_dagrun for weather_tomorrowio_pipeline to 2026-07-01 16:00:00+00:00, run_after=2026-07-01 17:00:00+00:00
[2026-07-01T16:38:21.581+0000] {processor.py:183} INFO - Processing /opt/airflow/dags/dag_tomorrowio.py took 0.525 seconds
[2026-07-01T16:38:52.194+0000] {processor.py:161} INFO - Started process (PID=30001) to work on /opt/airflow/dags/dag_tomorrowio.py
[2026-07-01T16:38:52.199+0000] {processor.py:830} INFO - Processing file /opt/airflow/dags/dag_tomorrowio.py for tasks to queue
[2026-07-01T16:38:52.202+0000] {logging_mixin.py:188} INFO - [2026-07-01T16:38:52.202+0000] {dagbag.py:545} INFO - Filling up the DagBag from /opt/airflow/dags/dag_tomorrowio.py
[2026-07-01T16:38:52.593+0000] {processor.py:840} INFO - DAG(s) 'weather_tomorrowio_pipeline' retrieved from /opt/airflow/dags/dag_tomorrowio.py
[2026-07-01T16:38:52.607+0000] {logging_mixin.py:188} INFO - [2026-07-01T16:38:52.606+0000] {dag.py:3096} INFO - Sync 1 DAGs
[2026-07-01T16:38:52.615+0000] {logging_mixin.py:188} INFO - [2026-07-01T16:38:52.615+0000] {dag.py:3954} INFO - Setting next_dagrun for weather_tomorrowio_pipeline to 2026-07-01 16:00:00+00:00, run_after=2026-07-01 17:00:00+00:00
[2026-07-01T16:38:52.623+0000] {processor.py:183} INFO - Processing /opt/airflow/dags/dag_tomorrowio.py took 0.437 seconds
[2026-07-01T16:39:23.322+0000] {processor.py:161} INFO - Started process (PID=30038) to work on /opt/airflow/dags/dag_tomorrowio.py
[2026-07-01T16:39:23.323+0000] {processor.py:830} INFO - Processing file /opt/airflow/dags/dag_tomorrowio.py for tasks to queue
[2026-07-01T16:39:23.325+0000] {logging_mixin.py:188} INFO - [2026-07-01T16:39:23.324+0000] {dagbag.py:545} INFO - Filling up the DagBag from /opt/airflow/dags/dag_tomorrowio.py
[2026-07-01T16:39:23.786+0000] {processor.py:840} INFO - DAG(s) 'weather_tomorrowio_pipeline' retrieved from /opt/airflow/dags/dag_tomorrowio.py
[2026-07-01T16:39:23.799+0000] {logging_mixin.py:188} INFO - [2026-07-01T16:39:23.799+0000] {dag.py:3096} INFO - Sync 1 DAGs
[2026-07-01T16:39:23.808+0000] {logging_mixin.py:188} INFO - [2026-07-01T16:39:23.807+0000] {dag.py:3954} INFO - Setting next_dagrun for weather_tomorrowio_pipeline to 2026-07-01 16:00:00+00:00, run_after=2026-07-01 17:00:00+00:00
[2026-07-01T16:39:23.818+0000] {processor.py:183} INFO - Processing /opt/airflow/dags/dag_tomorrowio.py took 0.499 seconds
[2026-07-01T16:39:54.399+0000] {processor.py:161} INFO - Started process (PID=30075) to work on /opt/airflow/dags/dag_tomorrowio.py
[2026-07-01T16:39:54.401+0000] {processor.py:830} INFO - Processing file /opt/airflow/dags/dag_tomorrowio.py for tasks to queue
[2026-07-01T16:39:54.403+0000] {logging_mixin.py:188} INFO - [2026-07-01T16:39:54.403+0000] {dagbag.py:545} INFO - Filling up the DagBag from /opt/airflow/dags/dag_tomorrowio.py
[2026-07-01T16:39:54.855+0000] {processor.py:840} INFO - DAG(s) 'weather_tomorrowio_pipeline' retrieved from /opt/airflow/dags/dag_tomorrowio.py
[2026-07-01T16:39:54.870+0000] {logging_mixin.py:188} INFO - [2026-07-01T16:39:54.869+0000] {dag.py:3096} INFO - Sync 1 DAGs
[2026-07-01T16:39:54.883+0000] {logging_mixin.py:188} INFO - [2026-07-01T16:39:54.883+0000] {dag.py:3954} INFO - Setting next_dagrun for weather_tomorrowio_pipeline to 2026-07-01 16:00:00+00:00, run_after=2026-07-01 17:00:00+00:00
[2026-07-01T16:39:54.893+0000] {processor.py:183} INFO - Processing /opt/airflow/dags/dag_tomorrowio.py took 0.498 seconds
[2026-07-01T16:40:25.568+0000] {processor.py:161} INFO - Started process (PID=30112) to work on /opt/airflow/dags/dag_tomorrowio.py
[2026-07-01T16:40:25.571+0000] {processor.py:830} INFO - Processing file /opt/airflow/dags/dag_tomorrowio.py for tasks to queue
[2026-07-01T16:40:25.572+0000] {logging_mixin.py:188} INFO - [2026-07-01T16:40:25.572+0000] {dagbag.py:545} INFO - Filling up the DagBag from /opt/airflow/dags/dag_tomorrowio.py
[2026-07-01T16:40:26.000+0000] {processor.py:840} INFO - DAG(s) 'weather_tomorrowio_pipeline' retrieved from /opt/airflow/dags/dag_tomorrowio.py
[2026-07-01T16:40:26.012+0000] {logging_mixin.py:188} INFO - [2026-07-01T16:40:26.012+0000] {dag.py:3096} INFO - Sync 1 DAGs
[2026-07-01T16:40:26.021+0000] {logging_mixin.py:188} INFO - [2026-07-01T16:40:26.021+0000] {dag.py:3954} INFO - Setting next_dagrun for weather_tomorrowio_pipeline to 2026-07-01 16:00:00+00:00, run_after=2026-07-01 17:00:00+00:00
[2026-07-01T16:40:26.031+0000] {processor.py:183} INFO - Processing /opt/airflow/dags/dag_tomorrowio.py took 0.484 seconds
[2026-07-01T16:40:56.583+0000] {processor.py:161} INFO - Started process (PID=30149) to work on /opt/airflow/dags/dag_tomorrowio.py
[2026-07-01T16:40:56.584+0000] {processor.py:830} INFO - Processing file /opt/airflow/dags/dag_tomorrowio.py for tasks to queue
[2026-07-01T16:40:56.588+0000] {logging_mixin.py:188} INFO - [2026-07-01T16:40:56.588+0000] {dagbag.py:545} INFO - Filling up the DagBag from /opt/airflow/dags/dag_tomorrowio.py
[2026-07-01T16:40:57.061+0000] {processor.py:840} INFO - DAG(s) 'weather_tomorrowio_pipeline' retrieved from /opt/airflow/dags/dag_tomorrowio.py
[2026-07-01T16:40:57.079+0000] {logging_mixin.py:188} INFO - [2026-07-01T16:40:57.079+0000] {dag.py:3096} INFO - Sync 1 DAGs
[2026-07-01T16:40:57.096+0000] {logging_mixin.py:188} INFO - [2026-07-01T16:40:57.096+0000] {dag.py:3954} INFO - Setting next_dagrun for weather_tomorrowio_pipeline to 2026-07-01 16:00:00+00:00, run_after=2026-07-01 17:00:00+00:00
[2026-07-01T16:40:57.104+0000] {processor.py:183} INFO - Processing /opt/airflow/dags/dag_tomorrowio.py took 0.526 seconds
[2026-07-01T16:41:27.807+0000] {processor.py:161} INFO - Started process (PID=30186) to work on /opt/airflow/dags/dag_tomorrowio.py
[2026-07-01T16:41:27.809+0000] {processor.py:830} INFO - Processing file /opt/airflow/dags/dag_tomorrowio.py for tasks to queue
[2026-07-01T16:41:27.811+0000] {logging_mixin.py:188} INFO - [2026-07-01T16:41:27.811+0000] {dagbag.py:545} INFO - Filling up the DagBag from /opt/airflow/dags/dag_tomorrowio.py
[2026-07-01T16:41:28.329+0000] {processor.py:840} INFO - DAG(s) 'weather_tomorrowio_pipeline' retrieved from /opt/airflow/dags/dag_tomorrowio.py
[2026-07-01T16:41:28.344+0000] {logging_mixin.py:188} INFO - [2026-07-01T16:41:28.344+0000] {dag.py:3096} INFO - Sync 1 DAGs
[2026-07-01T16:41:28.354+0000] {logging_mixin.py:188} INFO - [2026-07-01T16:41:28.354+0000] {dag.py:3954} INFO - Setting next_dagrun for weather_tomorrowio_pipeline to 2026-07-01 16:00:00+00:00, run_after=2026-07-01 17:00:00+00:00
[2026-07-01T16:41:28.363+0000] {processor.py:183} INFO - Processing /opt/airflow/dags/dag_tomorrowio.py took 0.563 seconds
[2026-07-01T16:41:59.520+0000] {processor.py:161} INFO - Started process (PID=30222) to work on /opt/airflow/dags/dag_tomorrowio.py
[2026-07-01T16:41:59.526+0000] {processor.py:830} INFO - Processing file /opt/airflow/dags/dag_tomorrowio.py for tasks to queue
[2026-07-01T16:41:59.540+0000] {logging_mixin.py:188} INFO - [2026-07-01T16:41:59.539+0000] {dagbag.py:545} INFO - Filling up the DagBag from /opt/airflow/dags/dag_tomorrowio.py
[2026-07-01T16:42:01.209+0000] {processor.py:840} INFO - DAG(s) 'weather_tomorrowio_pipeline' retrieved from /opt/airflow/dags/dag_tomorrowio.py
[2026-07-01T16:42:01.264+0000] {logging_mixin.py:188} INFO - [2026-07-01T16:42:01.264+0000] {dag.py:3096} INFO - Sync 1 DAGs
[2026-07-01T16:42:01.287+0000] {logging_mixin.py:188} INFO - [2026-07-01T16:42:01.286+0000] {dag.py:3954} INFO - Setting next_dagrun for weather_tomorrowio_pipeline to 2026-07-01 16:00:00+00:00, run_after=2026-07-01 17:00:00+00:00
[2026-07-01T16:42:01.310+0000] {processor.py:183} INFO - Processing /opt/airflow/dags/dag_tomorrowio.py took 1.823 seconds
[2026-07-01T16:42:32.094+0000] {processor.py:161} INFO - Started process (PID=30260) to work on /opt/airflow/dags/dag_tomorrowio.py
[2026-07-01T16:42:32.095+0000] {processor.py:830} INFO - Processing file /opt/airflow/dags/dag_tomorrowio.py for tasks to queue
[2026-07-01T16:42:32.102+0000] {logging_mixin.py:188} INFO - [2026-07-01T16:42:32.100+0000] {dagbag.py:545} INFO - Filling up the DagBag from /opt/airflow/dags/dag_tomorrowio.py
[2026-07-01T16:42:32.611+0000] {processor.py:840} INFO - DAG(s) 'weather_tomorrowio_pipeline' retrieved from /opt/airflow/dags/dag_tomorrowio.py
[2026-07-01T16:42:32.631+0000] {logging_mixin.py:188} INFO - [2026-07-01T16:42:32.630+0000] {dag.py:3096} INFO - Sync 1 DAGs
[2026-07-01T16:42:32.645+0000] {logging_mixin.py:188} INFO - [2026-07-01T16:42:32.645+0000] {dag.py:3954} INFO - Setting next_dagrun for weather_tomorrowio_pipeline to 2026-07-01 16:00:00+00:00, run_after=2026-07-01 17:00:00+00:00
[2026-07-01T16:42:32.657+0000] {processor.py:183} INFO - Processing /opt/airflow/dags/dag_tomorrowio.py took 0.579 seconds
[2026-07-01T16:43:03.274+0000] {processor.py:161} INFO - Started process (PID=30297) to work on /opt/airflow/dags/dag_tomorrowio.py
[2026-07-01T16:43:03.276+0000] {processor.py:830} INFO - Processing file /opt/airflow/dags/dag_tomorrowio.py for tasks to queue
[2026-07-01T16:43:03.283+0000] {logging_mixin.py:188} INFO - [2026-07-01T16:43:03.283+0000] {dagbag.py:545} INFO - Filling up the DagBag from /opt/airflow/dags/dag_tomorrowio.py
[2026-07-01T16:43:03.793+0000] {processor.py:840} INFO - DAG(s) 'weather_tomorrowio_pipeline' retrieved from /opt/airflow/dags/dag_tomorrowio.py
[2026-07-01T16:43:03.809+0000] {logging_mixin.py:188} INFO - [2026-07-01T16:43:03.809+0000] {dag.py:3096} INFO - Sync 1 DAGs
[2026-07-01T16:43:03.823+0000] {logging_mixin.py:188} INFO - [2026-07-01T16:43:03.823+0000] {dag.py:3954} INFO - Setting next_dagrun for weather_tomorrowio_pipeline to 2026-07-01 16:00:00+00:00, run_after=2026-07-01 17:00:00+00:00
[2026-07-01T16:43:03.833+0000] {processor.py:183} INFO - Processing /opt/airflow/dags/dag_tomorrowio.py took 0.569 seconds
[2026-07-01T16:43:34.509+0000] {processor.py:161} INFO - Started process (PID=30333) to work on /opt/airflow/dags/dag_tomorrowio.py
[2026-07-01T16:43:34.514+0000] {processor.py:830} INFO - Processing file /opt/airflow/dags/dag_tomorrowio.py for tasks to queue
[2026-07-01T16:43:34.520+0000] {logging_mixin.py:188} INFO - [2026-07-01T16:43:34.520+0000] {dagbag.py:545} INFO - Filling up the DagBag from /opt/airflow/dags/dag_tomorrowio.py
[2026-07-01T16:43:34.977+0000] {processor.py:840} INFO - DAG(s) 'weather_tomorrowio_pipeline' retrieved from /opt/airflow/dags/dag_tomorrowio.py
[2026-07-01T16:43:34.994+0000] {logging_mixin.py:188} INFO - [2026-07-01T16:43:34.994+0000] {dag.py:3096} INFO - Sync 1 DAGs
[2026-07-01T16:43:35.003+0000] {logging_mixin.py:188} INFO - [2026-07-01T16:43:35.003+0000] {dag.py:3954} INFO - Setting next_dagrun for weather_tomorrowio_pipeline to 2026-07-01 16:00:00+00:00, run_after=2026-07-01 17:00:00+00:00
[2026-07-01T16:43:35.012+0000] {processor.py:183} INFO - Processing /opt/airflow/dags/dag_tomorrowio.py took 0.517 seconds
[2026-07-01T16:44:05.869+0000] {processor.py:161} INFO - Started process (PID=30371) to work on /opt/airflow/dags/dag_tomorrowio.py
[2026-07-01T16:44:05.871+0000] {processor.py:830} INFO - Processing file /opt/airflow/dags/dag_tomorrowio.py for tasks to queue
[2026-07-01T16:44:05.877+0000] {logging_mixin.py:188} INFO - [2026-07-01T16:44:05.877+0000] {dagbag.py:545} INFO - Filling up the DagBag from /opt/airflow/dags/dag_tomorrowio.py
[2026-07-01T16:44:06.397+0000] {processor.py:840} INFO - DAG(s) 'weather_tomorrowio_pipeline' retrieved from /opt/airflow/dags/dag_tomorrowio.py
[2026-07-01T16:44:06.416+0000] {logging_mixin.py:188} INFO - [2026-07-01T16:44:06.416+0000] {dag.py:3096} INFO - Sync 1 DAGs
[2026-07-01T16:44:06.426+0000] {logging_mixin.py:188} INFO - [2026-07-01T16:44:06.426+0000] {dag.py:3954} INFO - Setting next_dagrun for weather_tomorrowio_pipeline to 2026-07-01 16:00:00+00:00, run_after=2026-07-01 17:00:00+00:00
[2026-07-01T16:44:06.437+0000] {processor.py:183} INFO - Processing /opt/airflow/dags/dag_tomorrowio.py took 0.577 seconds
[2026-07-01T16:44:37.218+0000] {processor.py:161} INFO - Started process (PID=30407) to work on /opt/airflow/dags/dag_tomorrowio.py
[2026-07-01T16:44:37.220+0000] {processor.py:830} INFO - Processing file /opt/airflow/dags/dag_tomorrowio.py for tasks to queue
[2026-07-01T16:44:37.225+0000] {logging_mixin.py:188} INFO - [2026-07-01T16:44:37.225+0000] {dagbag.py:545} INFO - Filling up the DagBag from /opt/airflow/dags/dag_tomorrowio.py
[2026-07-01T16:44:37.720+0000] {processor.py:840} INFO - DAG(s) 'weather_tomorrowio_pipeline' retrieved from /opt/airflow/dags/dag_tomorrowio.py
[2026-07-01T16:44:37.734+0000] {logging_mixin.py:188} INFO - [2026-07-01T16:44:37.734+0000] {dag.py:3096} INFO - Sync 1 DAGs
[2026-07-01T16:44:37.745+0000] {logging_mixin.py:188} INFO - [2026-07-01T16:44:37.745+0000] {dag.py:3954} INFO - Setting next_dagrun for weather_tomorrowio_pipeline to 2026-07-01 16:00:00+00:00, run_after=2026-07-01 17:00:00+00:00
[2026-07-01T16:44:37.753+0000] {processor.py:183} INFO - Processing /opt/airflow/dags/dag_tomorrowio.py took 0.550 seconds
[2026-07-01T16:45:08.471+0000] {processor.py:161} INFO - Started process (PID=30445) to work on /opt/airflow/dags/dag_tomorrowio.py
[2026-07-01T16:45:08.475+0000] {processor.py:830} INFO - Processing file /opt/airflow/dags/dag_tomorrowio.py for tasks to queue
[2026-07-01T16:45:08.486+0000] {logging_mixin.py:188} INFO - [2026-07-01T16:45:08.485+0000] {dagbag.py:545} INFO - Filling up the DagBag from /opt/airflow/dags/dag_tomorrowio.py
[2026-07-01T16:45:09.056+0000] {processor.py:840} INFO - DAG(s) 'weather_tomorrowio_pipeline' retrieved from /opt/airflow/dags/dag_tomorrowio.py
[2026-07-01T16:45:09.078+0000] {logging_mixin.py:188} INFO - [2026-07-01T16:45:09.077+0000] {dag.py:3096} INFO - Sync 1 DAGs
[2026-07-01T16:45:09.098+0000] {logging_mixin.py:188} INFO - [2026-07-01T16:45:09.098+0000] {dag.py:3954} INFO - Setting next_dagrun for weather_tomorrowio_pipeline to 2026-07-01 16:00:00+00:00, run_after=2026-07-01 17:00:00+00:00
[2026-07-01T16:45:09.110+0000] {processor.py:183} INFO - Processing /opt/airflow/dags/dag_tomorrowio.py took 0.649 seconds
[2026-07-01T16:45:39.775+0000] {processor.py:161} INFO - Started process (PID=30481) to work on /opt/airflow/dags/dag_tomorrowio.py
[2026-07-01T16:45:39.778+0000] {processor.py:830} INFO - Processing file /opt/airflow/dags/dag_tomorrowio.py for tasks to queue
[2026-07-01T16:45:39.783+0000] {logging_mixin.py:188} INFO - [2026-07-01T16:45:39.783+0000] {dagbag.py:545} INFO - Filling up the DagBag from /opt/airflow/dags/dag_tomorrowio.py
[2026-07-01T16:45:40.241+0000] {processor.py:840} INFO - DAG(s) 'weather_tomorrowio_pipeline' retrieved from /opt/airflow/dags/dag_tomorrowio.py
[2026-07-01T16:45:40.259+0000] {logging_mixin.py:188} INFO - [2026-07-01T16:45:40.259+0000] {dag.py:3096} INFO - Sync 1 DAGs
[2026-07-01T16:45:40.268+0000] {logging_mixin.py:188} INFO - [2026-07-01T16:45:40.268+0000] {dag.py:3954} INFO - Setting next_dagrun for weather_tomorrowio_pipeline to 2026-07-01 16:00:00+00:00, run_after=2026-07-01 17:00:00+00:00
[2026-07-01T16:45:40.276+0000] {processor.py:183} INFO - Processing /opt/airflow/dags/dag_tomorrowio.py took 0.515 seconds
[2026-07-01T16:46:10.934+0000] {processor.py:161} INFO - Started process (PID=30519) to work on /opt/airflow/dags/dag_tomorrowio.py
[2026-07-01T16:46:10.937+0000] {processor.py:830} INFO - Processing file /opt/airflow/dags/dag_tomorrowio.py for tasks to queue
[2026-07-01T16:46:10.947+0000] {logging_mixin.py:188} INFO - [2026-07-01T16:46:10.945+0000] {dagbag.py:545} INFO - Filling up the DagBag from /opt/airflow/dags/dag_tomorrowio.py
[2026-07-01T16:46:11.579+0000] {processor.py:840} INFO - DAG(s) 'weather_tomorrowio_pipeline' retrieved from /opt/airflow/dags/dag_tomorrowio.py
[2026-07-01T16:46:11.602+0000] {logging_mixin.py:188} INFO - [2026-07-01T16:46:11.602+0000] {dag.py:3096} INFO - Sync 1 DAGs
[2026-07-01T16:46:11.615+0000] {logging_mixin.py:188} INFO - [2026-07-01T16:46:11.614+0000] {dag.py:3954} INFO - Setting next_dagrun for weather_tomorrowio_pipeline to 2026-07-01 16:00:00+00:00, run_after=2026-07-01 17:00:00+00:00
[2026-07-01T16:46:11.624+0000] {processor.py:183} INFO - Processing /opt/airflow/dags/dag_tomorrowio.py took 0.710 seconds
[2026-07-01T16:46:42.311+0000] {processor.py:161} INFO - Started process (PID=30555) to work on /opt/airflow/dags/dag_tomorrowio.py
[2026-07-01T16:46:42.316+0000] {processor.py:830} INFO - Processing file /opt/airflow/dags/dag_tomorrowio.py for tasks to queue
[2026-07-01T16:46:42.321+0000] {logging_mixin.py:188} INFO - [2026-07-01T16:46:42.320+0000] {dagbag.py:545} INFO - Filling up the DagBag from /opt/airflow/dags/dag_tomorrowio.py
[2026-07-01T16:46:42.839+0000] {processor.py:840} INFO - DAG(s) 'weather_tomorrowio_pipeline' retrieved from /opt/airflow/dags/dag_tomorrowio.py
[2026-07-01T16:46:42.856+0000] {logging_mixin.py:188} INFO - [2026-07-01T16:46:42.856+0000] {dag.py:3096} INFO - Sync 1 DAGs
[2026-07-01T16:46:42.864+0000] {logging_mixin.py:188} INFO - [2026-07-01T16:46:42.864+0000] {dag.py:3954} INFO - Setting next_dagrun for weather_tomorrowio_pipeline to 2026-07-01 16:00:00+00:00, run_after=2026-07-01 17:00:00+00:00
[2026-07-01T16:46:42.882+0000] {processor.py:183} INFO - Processing /opt/airflow/dags/dag_tomorrowio.py took 0.579 seconds
[2026-07-01T16:47:13.491+0000] {processor.py:161} INFO - Started process (PID=30592) to work on /opt/airflow/dags/dag_tomorrowio.py
[2026-07-01T16:47:13.493+0000] {processor.py:830} INFO - Processing file /opt/airflow/dags/dag_tomorrowio.py for tasks to queue
[2026-07-01T16:47:13.499+0000] {logging_mixin.py:188} INFO - [2026-07-01T16:47:13.498+0000] {dagbag.py:545} INFO - Filling up the DagBag from /opt/airflow/dags/dag_tomorrowio.py
[2026-07-01T16:47:14.010+0000] {processor.py:840} INFO - DAG(s) 'weather_tomorrowio_pipeline' retrieved from /opt/airflow/dags/dag_tomorrowio.py
[2026-07-01T16:47:14.029+0000] {logging_mixin.py:188} INFO - [2026-07-01T16:47:14.029+0000] {dag.py:3096} INFO - Sync 1 DAGs
[2026-07-01T16:47:14.039+0000] {logging_mixin.py:188} INFO - [2026-07-01T16:47:14.039+0000] {dag.py:3954} INFO - Setting next_dagrun for weather_tomorrowio_pipeline to 2026-07-01 16:00:00+00:00, run_after=2026-07-01 17:00:00+00:00
[2026-07-01T16:47:14.048+0000] {processor.py:183} INFO - Processing /opt/airflow/dags/dag_tomorrowio.py took 0.564 seconds
[2026-07-01T16:47:44.709+0000] {processor.py:161} INFO - Started process (PID=30630) to work on /opt/airflow/dags/dag_tomorrowio.py
[2026-07-01T16:47:44.714+0000] {processor.py:830} INFO - Processing file /opt/airflow/dags/dag_tomorrowio.py for tasks to queue
[2026-07-01T16:47:44.718+0000] {logging_mixin.py:188} INFO - [2026-07-01T16:47:44.717+0000] {dagbag.py:545} INFO - Filling up the DagBag from /opt/airflow/dags/dag_tomorrowio.py
[2026-07-01T16:47:45.311+0000] {processor.py:840} INFO - DAG(s) 'weather_tomorrowio_pipeline' retrieved from /opt/airflow/dags/dag_tomorrowio.py
[2026-07-01T16:47:45.331+0000] {logging_mixin.py:188} INFO - [2026-07-01T16:47:45.330+0000] {dag.py:3096} INFO - Sync 1 DAGs
[2026-07-01T16:47:45.350+0000] {logging_mixin.py:188} INFO - [2026-07-01T16:47:45.350+0000] {dag.py:3954} INFO - Setting next_dagrun for weather_tomorrowio_pipeline to 2026-07-01 16:00:00+00:00, run_after=2026-07-01 17:00:00+00:00
[2026-07-01T16:47:45.361+0000] {processor.py:183} INFO - Processing /opt/airflow/dags/dag_tomorrowio.py took 0.677 seconds
[2026-07-01T16:48:16.148+0000] {processor.py:161} INFO - Started process (PID=30667) to work on /opt/airflow/dags/dag_tomorrowio.py
[2026-07-01T16:48:16.150+0000] {processor.py:830} INFO - Processing file /opt/airflow/dags/dag_tomorrowio.py for tasks to queue
[2026-07-01T16:48:16.155+0000] {logging_mixin.py:188} INFO - [2026-07-01T16:48:16.154+0000] {dagbag.py:545} INFO - Filling up the DagBag from /opt/airflow/dags/dag_tomorrowio.py
[2026-07-01T16:48:16.799+0000] {processor.py:840} INFO - DAG(s) 'weather_tomorrowio_pipeline' retrieved from /opt/airflow/dags/dag_tomorrowio.py
[2026-07-01T16:48:16.831+0000] {logging_mixin.py:188} INFO - [2026-07-01T16:48:16.830+0000] {dag.py:3096} INFO - Sync 1 DAGs
[2026-07-01T16:48:16.849+0000] {logging_mixin.py:188} INFO - [2026-07-01T16:48:16.849+0000] {dag.py:3954} INFO - Setting next_dagrun for weather_tomorrowio_pipeline to 2026-07-01 16:00:00+00:00, run_after=2026-07-01 17:00:00+00:00
[2026-07-01T16:48:16.866+0000] {processor.py:183} INFO - Processing /opt/airflow/dags/dag_tomorrowio.py took 0.730 seconds
[2026-07-01T16:48:47.459+0000] {processor.py:161} INFO - Started process (PID=30702) to work on /opt/airflow/dags/dag_tomorrowio.py
[2026-07-01T16:48:47.461+0000] {processor.py:830} INFO - Processing file /opt/airflow/dags/dag_tomorrowio.py for tasks to queue
[2026-07-01T16:48:47.467+0000] {logging_mixin.py:188} INFO - [2026-07-01T16:48:47.467+0000] {dagbag.py:545} INFO - Filling up the DagBag from /opt/airflow/dags/dag_tomorrowio.py
[2026-07-01T16:48:48.005+0000] {processor.py:840} INFO - DAG(s) 'weather_tomorrowio_pipeline' retrieved from /opt/airflow/dags/dag_tomorrowio.py
[2026-07-01T16:48:48.023+0000] {logging_mixin.py:188} INFO - [2026-07-01T16:48:48.023+0000] {dag.py:3096} INFO - Sync 1 DAGs
[2026-07-01T16:48:48.037+0000] {logging_mixin.py:188} INFO - [2026-07-01T16:48:48.037+0000] {dag.py:3954} INFO - Setting next_dagrun for weather_tomorrowio_pipeline to 2026-07-01 16:00:00+00:00, run_after=2026-07-01 17:00:00+00:00
[2026-07-01T16:48:48.047+0000] {processor.py:183} INFO - Processing /opt/airflow/dags/dag_tomorrowio.py took 0.601 seconds
[2026-07-01T16:49:18.729+0000] {processor.py:161} INFO - Started process (PID=30740) to work on /opt/airflow/dags/dag_tomorrowio.py
[2026-07-01T16:49:18.737+0000] {processor.py:830} INFO - Processing file /opt/airflow/dags/dag_tomorrowio.py for tasks to queue
[2026-07-01T16:49:18.743+0000] {logging_mixin.py:188} INFO - [2026-07-01T16:49:18.742+0000] {dagbag.py:545} INFO - Filling up the DagBag from /opt/airflow/dags/dag_tomorrowio.py
[2026-07-01T16:49:19.488+0000] {processor.py:840} INFO - DAG(s) 'weather_tomorrowio_pipeline' retrieved from /opt/airflow/dags/dag_tomorrowio.py
[2026-07-01T16:49:19.500+0000] {logging_mixin.py:188} INFO - [2026-07-01T16:49:19.500+0000] {dag.py:3096} INFO - Sync 1 DAGs
[2026-07-01T16:49:19.515+0000] {logging_mixin.py:188} INFO - [2026-07-01T16:49:19.515+0000] {dag.py:3954} INFO - Setting next_dagrun for weather_tomorrowio_pipeline to 2026-07-01 16:00:00+00:00, run_after=2026-07-01 17:00:00+00:00
[2026-07-01T16:49:19.525+0000] {processor.py:183} INFO - Processing /opt/airflow/dags/dag_tomorrowio.py took 0.815 seconds
[2026-07-01T16:49:50.475+0000] {processor.py:161} INFO - Started process (PID=30799) to work on /opt/airflow/dags/dag_tomorrowio.py
[2026-07-01T16:49:50.476+0000] {processor.py:830} INFO - Processing file /opt/airflow/dags/dag_tomorrowio.py for tasks to queue
[2026-07-01T16:49:50.477+0000] {logging_mixin.py:188} INFO - [2026-07-01T16:49:50.477+0000] {dagbag.py:545} INFO - Filling up the DagBag from /opt/airflow/dags/dag_tomorrowio.py
[2026-07-01T16:49:50.743+0000] {processor.py:840} INFO - DAG(s) 'weather_tomorrowio_pipeline' retrieved from /opt/airflow/dags/dag_tomorrowio.py
[2026-07-01T16:49:50.751+0000] {logging_mixin.py:188} INFO - [2026-07-01T16:49:50.751+0000] {dag.py:3096} INFO - Sync 1 DAGs
[2026-07-01T16:49:50.757+0000] {logging_mixin.py:188} INFO - [2026-07-01T16:49:50.757+0000] {dag.py:3954} INFO - Setting next_dagrun for weather_tomorrowio_pipeline to 2026-07-01 16:00:00+00:00, run_after=2026-07-01 17:00:00+00:00
[2026-07-01T16:49:50.764+0000] {processor.py:183} INFO - Processing /opt/airflow/dags/dag_tomorrowio.py took 0.292 seconds
[2026-07-01T16:50:21.692+0000] {processor.py:161} INFO - Started process (PID=30836) to work on /opt/airflow/dags/dag_tomorrowio.py
[2026-07-01T16:50:21.694+0000] {processor.py:830} INFO - Processing file /opt/airflow/dags/dag_tomorrowio.py for tasks to queue
[2026-07-01T16:50:21.694+0000] {logging_mixin.py:188} INFO - [2026-07-01T16:50:21.694+0000] {dagbag.py:545} INFO - Filling up the DagBag from /opt/airflow/dags/dag_tomorrowio.py
[2026-07-01T16:50:21.941+0000] {processor.py:840} INFO - DAG(s) 'weather_tomorrowio_pipeline' retrieved from /opt/airflow/dags/dag_tomorrowio.py
[2026-07-01T16:50:21.948+0000] {logging_mixin.py:188} INFO - [2026-07-01T16:50:21.948+0000] {dag.py:3096} INFO - Sync 1 DAGs
[2026-07-01T16:50:21.955+0000] {logging_mixin.py:188} INFO - [2026-07-01T16:50:21.955+0000] {dag.py:3954} INFO - Setting next_dagrun for weather_tomorrowio_pipeline to 2026-07-01 16:00:00+00:00, run_after=2026-07-01 17:00:00+00:00
[2026-07-01T16:50:21.975+0000] {processor.py:183} INFO - Processing /opt/airflow/dags/dag_tomorrowio.py took 0.291 seconds
[2026-07-01T16:50:52.637+0000] {processor.py:161} INFO - Started process (PID=30873) to work on /opt/airflow/dags/dag_tomorrowio.py
[2026-07-01T16:50:52.638+0000] {processor.py:830} INFO - Processing file /opt/airflow/dags/dag_tomorrowio.py for tasks to queue
[2026-07-01T16:50:52.639+0000] {logging_mixin.py:188} INFO - [2026-07-01T16:50:52.639+0000] {dagbag.py:545} INFO - Filling up the DagBag from /opt/airflow/dags/dag_tomorrowio.py
[2026-07-01T16:50:52.969+0000] {processor.py:840} INFO - DAG(s) 'weather_tomorrowio_pipeline' retrieved from /opt/airflow/dags/dag_tomorrowio.py
[2026-07-01T16:50:52.978+0000] {logging_mixin.py:188} INFO - [2026-07-01T16:50:52.977+0000] {dag.py:3096} INFO - Sync 1 DAGs
[2026-07-01T16:50:52.985+0000] {logging_mixin.py:188} INFO - [2026-07-01T16:50:52.985+0000] {dag.py:3954} INFO - Setting next_dagrun for weather_tomorrowio_pipeline to 2026-07-01 16:00:00+00:00, run_after=2026-07-01 17:00:00+00:00
[2026-07-01T16:50:52.993+0000] {processor.py:183} INFO - Processing /opt/airflow/dags/dag_tomorrowio.py took 0.363 seconds
[2026-07-01T16:51:23.643+0000] {processor.py:161} INFO - Started process (PID=30910) to work on /opt/airflow/dags/dag_tomorrowio.py
[2026-07-01T16:51:23.644+0000] {processor.py:830} INFO - Processing file /opt/airflow/dags/dag_tomorrowio.py for tasks to queue
[2026-07-01T16:51:23.645+0000] {logging_mixin.py:188} INFO - [2026-07-01T16:51:23.645+0000] {dagbag.py:545} INFO - Filling up the DagBag from /opt/airflow/dags/dag_tomorrowio.py
[2026-07-01T16:51:23.885+0000] {processor.py:840} INFO - DAG(s) 'weather_tomorrowio_pipeline' retrieved from /opt/airflow/dags/dag_tomorrowio.py
[2026-07-01T16:51:23.893+0000] {logging_mixin.py:188} INFO - [2026-07-01T16:51:23.893+0000] {dag.py:3096} INFO - Sync 1 DAGs
[2026-07-01T16:51:23.900+0000] {logging_mixin.py:188} INFO - [2026-07-01T16:51:23.900+0000] {dag.py:3954} INFO - Setting next_dagrun for weather_tomorrowio_pipeline to 2026-07-01 16:00:00+00:00, run_after=2026-07-01 17:00:00+00:00
[2026-07-01T16:51:23.907+0000] {processor.py:183} INFO - Processing /opt/airflow/dags/dag_tomorrowio.py took 0.270 seconds
[2026-07-01T16:51:54.567+0000] {processor.py:161} INFO - Started process (PID=30947) to work on /opt/airflow/dags/dag_tomorrowio.py
[2026-07-01T16:51:54.568+0000] {processor.py:830} INFO - Processing file /opt/airflow/dags/dag_tomorrowio.py for tasks to queue
[2026-07-01T16:51:54.568+0000] {logging_mixin.py:188} INFO - [2026-07-01T16:51:54.568+0000] {dagbag.py:545} INFO - Filling up the DagBag from /opt/airflow/dags/dag_tomorrowio.py
[2026-07-01T16:51:54.838+0000] {processor.py:840} INFO - DAG(s) 'weather_tomorrowio_pipeline' retrieved from /opt/airflow/dags/dag_tomorrowio.py
[2026-07-01T16:51:54.848+0000] {logging_mixin.py:188} INFO - [2026-07-01T16:51:54.848+0000] {dag.py:3096} INFO - Sync 1 DAGs
[2026-07-01T16:51:54.855+0000] {logging_mixin.py:188} INFO - [2026-07-01T16:51:54.855+0000] {dag.py:3954} INFO - Setting next_dagrun for weather_tomorrowio_pipeline to 2026-07-01 16:00:00+00:00, run_after=2026-07-01 17:00:00+00:00
[2026-07-01T16:51:54.862+0000] {processor.py:183} INFO - Processing /opt/airflow/dags/dag_tomorrowio.py took 0.300 seconds
[2026-07-01T16:52:25.550+0000] {processor.py:161} INFO - Started process (PID=30984) to work on /opt/airflow/dags/dag_tomorrowio.py
[2026-07-01T16:52:25.551+0000] {processor.py:830} INFO - Processing file /opt/airflow/dags/dag_tomorrowio.py for tasks to queue
[2026-07-01T16:52:25.552+0000] {logging_mixin.py:188} INFO - [2026-07-01T16:52:25.552+0000] {dagbag.py:545} INFO - Filling up the DagBag from /opt/airflow/dags/dag_tomorrowio.py
[2026-07-01T16:52:25.819+0000] {processor.py:840} INFO - DAG(s) 'weather_tomorrowio_pipeline' retrieved from /opt/airflow/dags/dag_tomorrowio.py
[2026-07-01T16:52:25.835+0000] {logging_mixin.py:188} INFO - [2026-07-01T16:52:25.834+0000] {dag.py:3096} INFO - Sync 1 DAGs
[2026-07-01T16:52:25.844+0000] {logging_mixin.py:188} INFO - [2026-07-01T16:52:25.844+0000] {dag.py:3954} INFO - Setting next_dagrun for weather_tomorrowio_pipeline to 2026-07-01 16:00:00+00:00, run_after=2026-07-01 17:00:00+00:00
[2026-07-01T16:52:25.852+0000] {processor.py:183} INFO - Processing /opt/airflow/dags/dag_tomorrowio.py took 0.307 seconds
[2026-07-01T16:52:56.589+0000] {processor.py:161} INFO - Started process (PID=31021) to work on /opt/airflow/dags/dag_tomorrowio.py
[2026-07-01T16:52:56.590+0000] {processor.py:830} INFO - Processing file /opt/airflow/dags/dag_tomorrowio.py for tasks to queue
[2026-07-01T16:52:56.590+0000] {logging_mixin.py:188} INFO - [2026-07-01T16:52:56.590+0000] {dagbag.py:545} INFO - Filling up the DagBag from /opt/airflow/dags/dag_tomorrowio.py
[2026-07-01T16:52:56.820+0000] {processor.py:840} INFO - DAG(s) 'weather_tomorrowio_pipeline' retrieved from /opt/airflow/dags/dag_tomorrowio.py
[2026-07-01T16:52:56.827+0000] {logging_mixin.py:188} INFO - [2026-07-01T16:52:56.827+0000] {dag.py:3096} INFO - Sync 1 DAGs
[2026-07-01T16:52:56.834+0000] {logging_mixin.py:188} INFO - [2026-07-01T16:52:56.834+0000] {dag.py:3954} INFO - Setting next_dagrun for weather_tomorrowio_pipeline to 2026-07-01 16:00:00+00:00, run_after=2026-07-01 17:00:00+00:00
[2026-07-01T16:52:56.841+0000] {processor.py:183} INFO - Processing /opt/airflow/dags/dag_tomorrowio.py took 0.256 seconds
[2026-07-01T16:53:27.550+0000] {processor.py:161} INFO - Started process (PID=31058) to work on /opt/airflow/dags/dag_tomorrowio.py
[2026-07-01T16:53:27.552+0000] {processor.py:830} INFO - Processing file /opt/airflow/dags/dag_tomorrowio.py for tasks to queue
[2026-07-01T16:53:27.554+0000] {logging_mixin.py:188} INFO - [2026-07-01T16:53:27.553+0000] {dagbag.py:545} INFO - Filling up the DagBag from /opt/airflow/dags/dag_tomorrowio.py
[2026-07-01T16:53:27.826+0000] {processor.py:840} INFO - DAG(s) 'weather_tomorrowio_pipeline' retrieved from /opt/airflow/dags/dag_tomorrowio.py
[2026-07-01T16:53:27.840+0000] {logging_mixin.py:188} INFO - [2026-07-01T16:53:27.839+0000] {dag.py:3096} INFO - Sync 1 DAGs
[2026-07-01T16:53:27.852+0000] {logging_mixin.py:188} INFO - [2026-07-01T16:53:27.851+0000] {dag.py:3954} INFO - Setting next_dagrun for weather_tomorrowio_pipeline to 2026-07-01 16:00:00+00:00, run_after=2026-07-01 17:00:00+00:00
[2026-07-01T16:53:27.861+0000] {processor.py:183} INFO - Processing /opt/airflow/dags/dag_tomorrowio.py took 0.320 seconds
[2026-07-01T16:53:58.583+0000] {processor.py:161} INFO - Started process (PID=31095) to work on /opt/airflow/dags/dag_tomorrowio.py
[2026-07-01T16:53:58.584+0000] {processor.py:830} INFO - Processing file /opt/airflow/dags/dag_tomorrowio.py for tasks to queue
[2026-07-01T16:53:58.585+0000] {logging_mixin.py:188} INFO - [2026-07-01T16:53:58.585+0000] {dagbag.py:545} INFO - Filling up the DagBag from /opt/airflow/dags/dag_tomorrowio.py
[2026-07-01T16:53:58.820+0000] {processor.py:840} INFO - DAG(s) 'weather_tomorrowio_pipeline' retrieved from /opt/airflow/dags/dag_tomorrowio.py
[2026-07-01T16:53:58.830+0000] {logging_mixin.py:188} INFO - [2026-07-01T16:53:58.830+0000] {dag.py:3096} INFO - Sync 1 DAGs
[2026-07-01T16:53:58.840+0000] {logging_mixin.py:188} INFO - [2026-07-01T16:53:58.840+0000] {dag.py:3954} INFO - Setting next_dagrun for weather_tomorrowio_pipeline to 2026-07-01 16:00:00+00:00, run_after=2026-07-01 17:00:00+00:00
[2026-07-01T16:53:58.850+0000] {processor.py:183} INFO - Processing /opt/airflow/dags/dag_tomorrowio.py took 0.273 seconds
[2026-07-01T16:54:29.546+0000] {processor.py:161} INFO - Started process (PID=31132) to work on /opt/airflow/dags/dag_tomorrowio.py
[2026-07-01T16:54:29.547+0000] {processor.py:830} INFO - Processing file /opt/airflow/dags/dag_tomorrowio.py for tasks to queue
[2026-07-01T16:54:29.548+0000] {logging_mixin.py:188} INFO - [2026-07-01T16:54:29.548+0000] {dagbag.py:545} INFO - Filling up the DagBag from /opt/airflow/dags/dag_tomorrowio.py
[2026-07-01T16:54:29.818+0000] {processor.py:840} INFO - DAG(s) 'weather_tomorrowio_pipeline' retrieved from /opt/airflow/dags/dag_tomorrowio.py
[2026-07-01T16:54:29.825+0000] {logging_mixin.py:188} INFO - [2026-07-01T16:54:29.825+0000] {dag.py:3096} INFO - Sync 1 DAGs
[2026-07-01T16:54:29.832+0000] {logging_mixin.py:188} INFO - [2026-07-01T16:54:29.832+0000] {dag.py:3954} INFO - Setting next_dagrun for weather_tomorrowio_pipeline to 2026-07-01 16:00:00+00:00, run_after=2026-07-01 17:00:00+00:00
[2026-07-01T16:54:29.839+0000] {processor.py:183} INFO - Processing /opt/airflow/dags/dag_tomorrowio.py took 0.299 seconds
[2026-07-01T16:55:00.635+0000] {processor.py:161} INFO - Started process (PID=31169) to work on /opt/airflow/dags/dag_tomorrowio.py
[2026-07-01T16:55:00.635+0000] {processor.py:830} INFO - Processing file /opt/airflow/dags/dag_tomorrowio.py for tasks to queue
[2026-07-01T16:55:00.636+0000] {logging_mixin.py:188} INFO - [2026-07-01T16:55:00.636+0000] {dagbag.py:545} INFO - Filling up the DagBag from /opt/airflow/dags/dag_tomorrowio.py
[2026-07-01T16:55:00.904+0000] {processor.py:840} INFO - DAG(s) 'weather_tomorrowio_pipeline' retrieved from /opt/airflow/dags/dag_tomorrowio.py
[2026-07-01T16:55:00.923+0000] {logging_mixin.py:188} INFO - [2026-07-01T16:55:00.922+0000] {dag.py:3096} INFO - Sync 1 DAGs
[2026-07-01T16:55:00.940+0000] {logging_mixin.py:188} INFO - [2026-07-01T16:55:00.940+0000] {dag.py:3954} INFO - Setting next_dagrun for weather_tomorrowio_pipeline to 2026-07-01 16:00:00+00:00, run_after=2026-07-01 17:00:00+00:00
[2026-07-01T16:55:00.959+0000] {processor.py:183} INFO - Processing /opt/airflow/dags/dag_tomorrowio.py took 0.330 seconds
[2026-07-01T16:55:31.589+0000] {processor.py:161} INFO - Started process (PID=31206) to work on /opt/airflow/dags/dag_tomorrowio.py
[2026-07-01T16:55:31.592+0000] {processor.py:830} INFO - Processing file /opt/airflow/dags/dag_tomorrowio.py for tasks to queue
[2026-07-01T16:55:31.593+0000] {logging_mixin.py:188} INFO - [2026-07-01T16:55:31.593+0000] {dagbag.py:545} INFO - Filling up the DagBag from /opt/airflow/dags/dag_tomorrowio.py
[2026-07-01T16:55:31.822+0000] {processor.py:840} INFO - DAG(s) 'weather_tomorrowio_pipeline' retrieved from /opt/airflow/dags/dag_tomorrowio.py
[2026-07-01T16:55:31.830+0000] {logging_mixin.py:188} INFO - [2026-07-01T16:55:31.830+0000] {dag.py:3096} INFO - Sync 1 DAGs
[2026-07-01T16:55:31.836+0000] {logging_mixin.py:188} INFO - [2026-07-01T16:55:31.836+0000] {dag.py:3954} INFO - Setting next_dagrun for weather_tomorrowio_pipeline to 2026-07-01 16:00:00+00:00, run_after=2026-07-01 17:00:00+00:00
[2026-07-01T16:55:31.843+0000] {processor.py:183} INFO - Processing /opt/airflow/dags/dag_tomorrowio.py took 0.266 seconds
[2026-07-01T16:56:02.546+0000] {processor.py:161} INFO - Started process (PID=31243) to work on /opt/airflow/dags/dag_tomorrowio.py
[2026-07-01T16:56:02.547+0000] {processor.py:830} INFO - Processing file /opt/airflow/dags/dag_tomorrowio.py for tasks to queue
[2026-07-01T16:56:02.548+0000] {logging_mixin.py:188} INFO - [2026-07-01T16:56:02.547+0000] {dagbag.py:545} INFO - Filling up the DagBag from /opt/airflow/dags/dag_tomorrowio.py
[2026-07-01T16:56:02.788+0000] {processor.py:840} INFO - DAG(s) 'weather_tomorrowio_pipeline' retrieved from /opt/airflow/dags/dag_tomorrowio.py
[2026-07-01T16:56:02.800+0000] {logging_mixin.py:188} INFO - [2026-07-01T16:56:02.800+0000] {dag.py:3096} INFO - Sync 1 DAGs
[2026-07-01T16:56:02.810+0000] {logging_mixin.py:188} INFO - [2026-07-01T16:56:02.810+0000] {dag.py:3954} INFO - Setting next_dagrun for weather_tomorrowio_pipeline to 2026-07-01 16:00:00+00:00, run_after=2026-07-01 17:00:00+00:00
[2026-07-01T16:56:02.818+0000] {processor.py:183} INFO - Processing /opt/airflow/dags/dag_tomorrowio.py took 0.279 seconds
[2026-07-01T16:56:33.474+0000] {processor.py:161} INFO - Started process (PID=31280) to work on /opt/airflow/dags/dag_tomorrowio.py
[2026-07-01T16:56:33.475+0000] {processor.py:830} INFO - Processing file /opt/airflow/dags/dag_tomorrowio.py for tasks to queue
[2026-07-01T16:56:33.476+0000] {logging_mixin.py:188} INFO - [2026-07-01T16:56:33.476+0000] {dagbag.py:545} INFO - Filling up the DagBag from /opt/airflow/dags/dag_tomorrowio.py
[2026-07-01T16:56:33.710+0000] {processor.py:840} INFO - DAG(s) 'weather_tomorrowio_pipeline' retrieved from /opt/airflow/dags/dag_tomorrowio.py
[2026-07-01T16:56:33.718+0000] {logging_mixin.py:188} INFO - [2026-07-01T16:56:33.718+0000] {dag.py:3096} INFO - Sync 1 DAGs
[2026-07-01T16:56:33.725+0000] {logging_mixin.py:188} INFO - [2026-07-01T16:56:33.725+0000] {dag.py:3954} INFO - Setting next_dagrun for weather_tomorrowio_pipeline to 2026-07-01 16:00:00+00:00, run_after=2026-07-01 17:00:00+00:00
[2026-07-01T16:56:33.731+0000] {processor.py:183} INFO - Processing /opt/airflow/dags/dag_tomorrowio.py took 0.265 seconds
[2026-07-01T16:57:04.445+0000] {processor.py:161} INFO - Started process (PID=31317) to work on /opt/airflow/dags/dag_tomorrowio.py
[2026-07-01T16:57:04.445+0000] {processor.py:830} INFO - Processing file /opt/airflow/dags/dag_tomorrowio.py for tasks to queue
[2026-07-01T16:57:04.446+0000] {logging_mixin.py:188} INFO - [2026-07-01T16:57:04.446+0000] {dagbag.py:545} INFO - Filling up the DagBag from /opt/airflow/dags/dag_tomorrowio.py
[2026-07-01T16:57:04.675+0000] {processor.py:840} INFO - DAG(s) 'weather_tomorrowio_pipeline' retrieved from /opt/airflow/dags/dag_tomorrowio.py
[2026-07-01T16:57:04.682+0000] {logging_mixin.py:188} INFO - [2026-07-01T16:57:04.682+0000] {dag.py:3096} INFO - Sync 1 DAGs
[2026-07-01T16:57:04.689+0000] {logging_mixin.py:188} INFO - [2026-07-01T16:57:04.689+0000] {dag.py:3954} INFO - Setting next_dagrun for weather_tomorrowio_pipeline to 2026-07-01 16:00:00+00:00, run_after=2026-07-01 17:00:00+00:00
[2026-07-01T16:57:04.696+0000] {processor.py:183} INFO - Processing /opt/airflow/dags/dag_tomorrowio.py took 0.253 seconds
[2026-07-01T16:57:35.384+0000] {processor.py:161} INFO - Started process (PID=31354) to work on /opt/airflow/dags/dag_tomorrowio.py
[2026-07-01T16:57:35.385+0000] {processor.py:830} INFO - Processing file /opt/airflow/dags/dag_tomorrowio.py for tasks to queue
[2026-07-01T16:57:35.386+0000] {logging_mixin.py:188} INFO - [2026-07-01T16:57:35.386+0000] {dagbag.py:545} INFO - Filling up the DagBag from /opt/airflow/dags/dag_tomorrowio.py
[2026-07-01T16:57:35.620+0000] {processor.py:840} INFO - DAG(s) 'weather_tomorrowio_pipeline' retrieved from /opt/airflow/dags/dag_tomorrowio.py
[2026-07-01T16:57:35.634+0000] {logging_mixin.py:188} INFO - [2026-07-01T16:57:35.634+0000] {dag.py:3096} INFO - Sync 1 DAGs
[2026-07-01T16:57:35.641+0000] {logging_mixin.py:188} INFO - [2026-07-01T16:57:35.641+0000] {dag.py:3954} INFO - Setting next_dagrun for weather_tomorrowio_pipeline to 2026-07-01 16:00:00+00:00, run_after=2026-07-01 17:00:00+00:00
[2026-07-01T16:57:35.650+0000] {processor.py:183} INFO - Processing /opt/airflow/dags/dag_tomorrowio.py took 0.273 seconds
[2026-07-01T16:58:06.410+0000] {processor.py:161} INFO - Started process (PID=31391) to work on /opt/airflow/dags/dag_tomorrowio.py
[2026-07-01T16:58:06.411+0000] {processor.py:830} INFO - Processing file /opt/airflow/dags/dag_tomorrowio.py for tasks to queue
[2026-07-01T16:58:06.411+0000] {logging_mixin.py:188} INFO - [2026-07-01T16:58:06.411+0000] {dagbag.py:545} INFO - Filling up the DagBag from /opt/airflow/dags/dag_tomorrowio.py
[2026-07-01T16:58:06.645+0000] {processor.py:840} INFO - DAG(s) 'weather_tomorrowio_pipeline' retrieved from /opt/airflow/dags/dag_tomorrowio.py
[2026-07-01T16:58:06.652+0000] {logging_mixin.py:188} INFO - [2026-07-01T16:58:06.652+0000] {dag.py:3096} INFO - Sync 1 DAGs
[2026-07-01T16:58:06.658+0000] {logging_mixin.py:188} INFO - [2026-07-01T16:58:06.658+0000] {dag.py:3954} INFO - Setting next_dagrun for weather_tomorrowio_pipeline to 2026-07-01 16:00:00+00:00, run_after=2026-07-01 17:00:00+00:00
[2026-07-01T16:58:06.665+0000] {processor.py:183} INFO - Processing /opt/airflow/dags/dag_tomorrowio.py took 0.260 seconds
[2026-07-01T16:58:37.457+0000] {processor.py:161} INFO - Started process (PID=31428) to work on /opt/airflow/dags/dag_tomorrowio.py
[2026-07-01T16:58:37.458+0000] {processor.py:830} INFO - Processing file /opt/airflow/dags/dag_tomorrowio.py for tasks to queue
[2026-07-01T16:58:37.459+0000] {logging_mixin.py:188} INFO - [2026-07-01T16:58:37.459+0000] {dagbag.py:545} INFO - Filling up the DagBag from /opt/airflow/dags/dag_tomorrowio.py
[2026-07-01T16:58:37.751+0000] {processor.py:840} INFO - DAG(s) 'weather_tomorrowio_pipeline' retrieved from /opt/airflow/dags/dag_tomorrowio.py
[2026-07-01T16:58:37.765+0000] {logging_mixin.py:188} INFO - [2026-07-01T16:58:37.765+0000] {dag.py:3096} INFO - Sync 1 DAGs
[2026-07-01T16:58:37.780+0000] {logging_mixin.py:188} INFO - [2026-07-01T16:58:37.780+0000] {dag.py:3954} INFO - Setting next_dagrun for weather_tomorrowio_pipeline to 2026-07-01 16:00:00+00:00, run_after=2026-07-01 17:00:00+00:00
[2026-07-01T16:58:37.796+0000] {processor.py:183} INFO - Processing /opt/airflow/dags/dag_tomorrowio.py took 0.352 seconds
[2026-07-01T16:59:08.568+0000] {processor.py:161} INFO - Started process (PID=31464) to work on /opt/airflow/dags/dag_tomorrowio.py
[2026-07-01T16:59:08.570+0000] {processor.py:830} INFO - Processing file /opt/airflow/dags/dag_tomorrowio.py for tasks to queue
[2026-07-01T16:59:08.578+0000] {logging_mixin.py:188} INFO - [2026-07-01T16:59:08.577+0000] {dagbag.py:545} INFO - Filling up the DagBag from /opt/airflow/dags/dag_tomorrowio.py
[2026-07-01T16:59:09.076+0000] {processor.py:840} INFO - DAG(s) 'weather_tomorrowio_pipeline' retrieved from /opt/airflow/dags/dag_tomorrowio.py
[2026-07-01T16:59:09.098+0000] {logging_mixin.py:188} INFO - [2026-07-01T16:59:09.097+0000] {dag.py:3096} INFO - Sync 1 DAGs
[2026-07-01T16:59:09.112+0000] {logging_mixin.py:188} INFO - [2026-07-01T16:59:09.112+0000] {dag.py:3954} INFO - Setting next_dagrun for weather_tomorrowio_pipeline to 2026-07-01 16:00:00+00:00, run_after=2026-07-01 17:00:00+00:00
[2026-07-01T16:59:09.123+0000] {processor.py:183} INFO - Processing /opt/airflow/dags/dag_tomorrowio.py took 0.560 seconds
[2026-07-01T16:59:39.756+0000] {processor.py:161} INFO - Started process (PID=31501) to work on /opt/airflow/dags/dag_tomorrowio.py
[2026-07-01T16:59:39.757+0000] {processor.py:830} INFO - Processing file /opt/airflow/dags/dag_tomorrowio.py for tasks to queue
[2026-07-01T16:59:39.759+0000] {logging_mixin.py:188} INFO - [2026-07-01T16:59:39.758+0000] {dagbag.py:545} INFO - Filling up the DagBag from /opt/airflow/dags/dag_tomorrowio.py
[2026-07-01T16:59:40.153+0000] {processor.py:840} INFO - DAG(s) 'weather_tomorrowio_pipeline' retrieved from /opt/airflow/dags/dag_tomorrowio.py
[2026-07-01T16:59:40.171+0000] {logging_mixin.py:188} INFO - [2026-07-01T16:59:40.170+0000] {dag.py:3096} INFO - Sync 1 DAGs
[2026-07-01T16:59:40.183+0000] {logging_mixin.py:188} INFO - [2026-07-01T16:59:40.183+0000] {dag.py:3954} INFO - Setting next_dagrun for weather_tomorrowio_pipeline to 2026-07-01 16:00:00+00:00, run_after=2026-07-01 17:00:00+00:00
[2026-07-01T16:59:40.190+0000] {processor.py:183} INFO - Processing /opt/airflow/dags/dag_tomorrowio.py took 0.439 seconds
[2026-07-01T17:00:11.115+0000] {processor.py:161} INFO - Started process (PID=31910) to work on /opt/airflow/dags/dag_tomorrowio.py
[2026-07-01T17:00:11.122+0000] {processor.py:830} INFO - Processing file /opt/airflow/dags/dag_tomorrowio.py for tasks to queue
[2026-07-01T17:00:11.154+0000] {logging_mixin.py:188} INFO - [2026-07-01T17:00:11.154+0000] {dagbag.py:545} INFO - Filling up the DagBag from /opt/airflow/dags/dag_tomorrowio.py
[2026-07-01T17:00:12.723+0000] {processor.py:840} INFO - DAG(s) 'weather_tomorrowio_pipeline' retrieved from /opt/airflow/dags/dag_tomorrowio.py
[2026-07-01T17:00:12.742+0000] {logging_mixin.py:188} INFO - [2026-07-01T17:00:12.742+0000] {dag.py:3096} INFO - Sync 1 DAGs
[2026-07-01T17:00:12.753+0000] {logging_mixin.py:188} INFO - [2026-07-01T17:00:12.752+0000] {dag.py:3954} INFO - Setting next_dagrun for weather_tomorrowio_pipeline to 2026-07-01 17:00:00+00:00, run_after=2026-07-01 18:00:00+00:00
[2026-07-01T17:00:12.764+0000] {processor.py:183} INFO - Processing /opt/airflow/dags/dag_tomorrowio.py took 1.722 seconds
[2026-07-01T17:00:43.276+0000] {processor.py:161} INFO - Started process (PID=32153) to work on /opt/airflow/dags/dag_tomorrowio.py
[2026-07-01T17:00:43.277+0000] {processor.py:830} INFO - Processing file /opt/airflow/dags/dag_tomorrowio.py for tasks to queue
[2026-07-01T17:00:43.278+0000] {logging_mixin.py:188} INFO - [2026-07-01T17:00:43.278+0000] {dagbag.py:545} INFO - Filling up the DagBag from /opt/airflow/dags/dag_tomorrowio.py
[2026-07-01T17:00:43.657+0000] {processor.py:840} INFO - DAG(s) 'weather_tomorrowio_pipeline' retrieved from /opt/airflow/dags/dag_tomorrowio.py
[2026-07-01T17:00:43.674+0000] {logging_mixin.py:188} INFO - [2026-07-01T17:00:43.674+0000] {dag.py:3096} INFO - Sync 1 DAGs
[2026-07-01T17:00:43.686+0000] {logging_mixin.py:188} INFO - [2026-07-01T17:00:43.685+0000] {dag.py:3954} INFO - Setting next_dagrun for weather_tomorrowio_pipeline to 2026-07-01 17:00:00+00:00, run_after=2026-07-01 18:00:00+00:00
[2026-07-01T17:00:43.695+0000] {processor.py:183} INFO - Processing /opt/airflow/dags/dag_tomorrowio.py took 0.427 seconds
[2026-07-01T17:01:14.426+0000] {processor.py:161} INFO - Started process (PID=32190) to work on /opt/airflow/dags/dag_tomorrowio.py
[2026-07-01T17:01:14.428+0000] {processor.py:830} INFO - Processing file /opt/airflow/dags/dag_tomorrowio.py for tasks to queue
[2026-07-01T17:01:14.430+0000] {logging_mixin.py:188} INFO - [2026-07-01T17:01:14.429+0000] {dagbag.py:545} INFO - Filling up the DagBag from /opt/airflow/dags/dag_tomorrowio.py
[2026-07-01T17:01:14.816+0000] {processor.py:840} INFO - DAG(s) 'weather_tomorrowio_pipeline' retrieved from /opt/airflow/dags/dag_tomorrowio.py
[2026-07-01T17:01:14.830+0000] {logging_mixin.py:188} INFO - [2026-07-01T17:01:14.829+0000] {dag.py:3096} INFO - Sync 1 DAGs
[2026-07-01T17:01:14.842+0000] {logging_mixin.py:188} INFO - [2026-07-01T17:01:14.841+0000] {dag.py:3954} INFO - Setting next_dagrun for weather_tomorrowio_pipeline to 2026-07-01 17:00:00+00:00, run_after=2026-07-01 18:00:00+00:00
[2026-07-01T17:01:14.860+0000] {processor.py:183} INFO - Processing /opt/airflow/dags/dag_tomorrowio.py took 0.439 seconds
[2026-07-01T17:01:45.401+0000] {processor.py:161} INFO - Started process (PID=32227) to work on /opt/airflow/dags/dag_tomorrowio.py
[2026-07-01T17:01:45.405+0000] {processor.py:830} INFO - Processing file /opt/airflow/dags/dag_tomorrowio.py for tasks to queue
[2026-07-01T17:01:45.409+0000] {logging_mixin.py:188} INFO - [2026-07-01T17:01:45.408+0000] {dagbag.py:545} INFO - Filling up the DagBag from /opt/airflow/dags/dag_tomorrowio.py
[2026-07-01T17:01:45.816+0000] {processor.py:840} INFO - DAG(s) 'weather_tomorrowio_pipeline' retrieved from /opt/airflow/dags/dag_tomorrowio.py
[2026-07-01T17:01:45.831+0000] {logging_mixin.py:188} INFO - [2026-07-01T17:01:45.831+0000] {dag.py:3096} INFO - Sync 1 DAGs
[2026-07-01T17:01:45.841+0000] {logging_mixin.py:188} INFO - [2026-07-01T17:01:45.841+0000] {dag.py:3954} INFO - Setting next_dagrun for weather_tomorrowio_pipeline to 2026-07-01 17:00:00+00:00, run_after=2026-07-01 18:00:00+00:00
[2026-07-01T17:01:45.849+0000] {processor.py:183} INFO - Processing /opt/airflow/dags/dag_tomorrowio.py took 0.463 seconds
[2026-07-01T17:02:16.533+0000] {processor.py:161} INFO - Started process (PID=32263) to work on /opt/airflow/dags/dag_tomorrowio.py
[2026-07-01T17:02:16.534+0000] {processor.py:830} INFO - Processing file /opt/airflow/dags/dag_tomorrowio.py for tasks to queue
[2026-07-01T17:02:16.536+0000] {logging_mixin.py:188} INFO - [2026-07-01T17:02:16.536+0000] {dagbag.py:545} INFO - Filling up the DagBag from /opt/airflow/dags/dag_tomorrowio.py
[2026-07-01T17:02:17.004+0000] {processor.py:840} INFO - DAG(s) 'weather_tomorrowio_pipeline' retrieved from /opt/airflow/dags/dag_tomorrowio.py
[2026-07-01T17:02:17.018+0000] {logging_mixin.py:188} INFO - [2026-07-01T17:02:17.018+0000] {dag.py:3096} INFO - Sync 1 DAGs
[2026-07-01T17:02:17.030+0000] {logging_mixin.py:188} INFO - [2026-07-01T17:02:17.030+0000] {dag.py:3954} INFO - Setting next_dagrun for weather_tomorrowio_pipeline to 2026-07-01 17:00:00+00:00, run_after=2026-07-01 18:00:00+00:00
[2026-07-01T17:02:17.038+0000] {processor.py:183} INFO - Processing /opt/airflow/dags/dag_tomorrowio.py took 0.519 seconds
[2026-07-01T17:02:47.658+0000] {processor.py:161} INFO - Started process (PID=32301) to work on /opt/airflow/dags/dag_tomorrowio.py
[2026-07-01T17:02:47.660+0000] {processor.py:830} INFO - Processing file /opt/airflow/dags/dag_tomorrowio.py for tasks to queue
[2026-07-01T17:02:47.666+0000] {logging_mixin.py:188} INFO - [2026-07-01T17:02:47.666+0000] {dagbag.py:545} INFO - Filling up the DagBag from /opt/airflow/dags/dag_tomorrowio.py
[2026-07-01T17:02:48.067+0000] {processor.py:840} INFO - DAG(s) 'weather_tomorrowio_pipeline' retrieved from /opt/airflow/dags/dag_tomorrowio.py
[2026-07-01T17:02:48.080+0000] {logging_mixin.py:188} INFO - [2026-07-01T17:02:48.080+0000] {dag.py:3096} INFO - Sync 1 DAGs
[2026-07-01T17:02:48.088+0000] {logging_mixin.py:188} INFO - [2026-07-01T17:02:48.088+0000] {dag.py:3954} INFO - Setting next_dagrun for weather_tomorrowio_pipeline to 2026-07-01 17:00:00+00:00, run_after=2026-07-01 18:00:00+00:00
[2026-07-01T17:02:48.096+0000] {processor.py:183} INFO - Processing /opt/airflow/dags/dag_tomorrowio.py took 0.446 seconds
[2026-07-01T17:03:18.804+0000] {processor.py:161} INFO - Started process (PID=32338) to work on /opt/airflow/dags/dag_tomorrowio.py
[2026-07-01T17:03:18.806+0000] {processor.py:830} INFO - Processing file /opt/airflow/dags/dag_tomorrowio.py for tasks to queue
[2026-07-01T17:03:18.809+0000] {logging_mixin.py:188} INFO - [2026-07-01T17:03:18.808+0000] {dagbag.py:545} INFO - Filling up the DagBag from /opt/airflow/dags/dag_tomorrowio.py
[2026-07-01T17:03:19.238+0000] {processor.py:840} INFO - DAG(s) 'weather_tomorrowio_pipeline' retrieved from /opt/airflow/dags/dag_tomorrowio.py
[2026-07-01T17:03:19.249+0000] {logging_mixin.py:188} INFO - [2026-07-01T17:03:19.249+0000] {dag.py:3096} INFO - Sync 1 DAGs
[2026-07-01T17:03:19.262+0000] {logging_mixin.py:188} INFO - [2026-07-01T17:03:19.262+0000] {dag.py:3954} INFO - Setting next_dagrun for weather_tomorrowio_pipeline to 2026-07-01 17:00:00+00:00, run_after=2026-07-01 18:00:00+00:00
[2026-07-01T17:03:19.271+0000] {processor.py:183} INFO - Processing /opt/airflow/dags/dag_tomorrowio.py took 0.473 seconds
[2026-07-01T17:03:49.995+0000] {processor.py:161} INFO - Started process (PID=32375) to work on /opt/airflow/dags/dag_tomorrowio.py
[2026-07-01T17:03:49.996+0000] {processor.py:830} INFO - Processing file /opt/airflow/dags/dag_tomorrowio.py for tasks to queue
[2026-07-01T17:03:49.998+0000] {logging_mixin.py:188} INFO - [2026-07-01T17:03:49.998+0000] {dagbag.py:545} INFO - Filling up the DagBag from /opt/airflow/dags/dag_tomorrowio.py
[2026-07-01T17:03:50.403+0000] {processor.py:840} INFO - DAG(s) 'weather_tomorrowio_pipeline' retrieved from /opt/airflow/dags/dag_tomorrowio.py
[2026-07-01T17:03:50.420+0000] {logging_mixin.py:188} INFO - [2026-07-01T17:03:50.420+0000] {dag.py:3096} INFO - Sync 1 DAGs
[2026-07-01T17:03:50.435+0000] {logging_mixin.py:188} INFO - [2026-07-01T17:03:50.434+0000] {dag.py:3954} INFO - Setting next_dagrun for weather_tomorrowio_pipeline to 2026-07-01 17:00:00+00:00, run_after=2026-07-01 18:00:00+00:00
[2026-07-01T17:03:50.446+0000] {processor.py:183} INFO - Processing /opt/airflow/dags/dag_tomorrowio.py took 0.465 seconds
[2026-07-01T17:04:21.203+0000] {processor.py:161} INFO - Started process (PID=32412) to work on /opt/airflow/dags/dag_tomorrowio.py
[2026-07-01T17:04:21.205+0000] {processor.py:830} INFO - Processing file /opt/airflow/dags/dag_tomorrowio.py for tasks to queue
[2026-07-01T17:04:21.208+0000] {logging_mixin.py:188} INFO - [2026-07-01T17:04:21.207+0000] {dagbag.py:545} INFO - Filling up the DagBag from /opt/airflow/dags/dag_tomorrowio.py
[2026-07-01T17:04:21.775+0000] {processor.py:840} INFO - DAG(s) 'weather_tomorrowio_pipeline' retrieved from /opt/airflow/dags/dag_tomorrowio.py
[2026-07-01T17:04:21.793+0000] {logging_mixin.py:188} INFO - [2026-07-01T17:04:21.792+0000] {dag.py:3096} INFO - Sync 1 DAGs
[2026-07-01T17:04:21.807+0000] {logging_mixin.py:188} INFO - [2026-07-01T17:04:21.807+0000] {dag.py:3954} INFO - Setting next_dagrun for weather_tomorrowio_pipeline to 2026-07-01 17:00:00+00:00, run_after=2026-07-01 18:00:00+00:00
[2026-07-01T17:04:21.821+0000] {processor.py:183} INFO - Processing /opt/airflow/dags/dag_tomorrowio.py took 0.635 seconds
[2026-07-01T17:04:52.538+0000] {processor.py:161} INFO - Started process (PID=32449) to work on /opt/airflow/dags/dag_tomorrowio.py
[2026-07-01T17:04:52.539+0000] {processor.py:830} INFO - Processing file /opt/airflow/dags/dag_tomorrowio.py for tasks to queue
[2026-07-01T17:04:52.541+0000] {logging_mixin.py:188} INFO - [2026-07-01T17:04:52.540+0000] {dagbag.py:545} INFO - Filling up the DagBag from /opt/airflow/dags/dag_tomorrowio.py
[2026-07-01T17:04:52.915+0000] {processor.py:840} INFO - DAG(s) 'weather_tomorrowio_pipeline' retrieved from /opt/airflow/dags/dag_tomorrowio.py
[2026-07-01T17:04:52.930+0000] {logging_mixin.py:188} INFO - [2026-07-01T17:04:52.929+0000] {dag.py:3096} INFO - Sync 1 DAGs
[2026-07-01T17:04:52.942+0000] {logging_mixin.py:188} INFO - [2026-07-01T17:04:52.942+0000] {dag.py:3954} INFO - Setting next_dagrun for weather_tomorrowio_pipeline to 2026-07-01 17:00:00+00:00, run_after=2026-07-01 18:00:00+00:00
[2026-07-01T17:04:52.951+0000] {processor.py:183} INFO - Processing /opt/airflow/dags/dag_tomorrowio.py took 0.417 seconds
[2026-07-01T17:05:23.647+0000] {processor.py:161} INFO - Started process (PID=32486) to work on /opt/airflow/dags/dag_tomorrowio.py
[2026-07-01T17:05:23.650+0000] {processor.py:830} INFO - Processing file /opt/airflow/dags/dag_tomorrowio.py for tasks to queue
[2026-07-01T17:05:23.652+0000] {logging_mixin.py:188} INFO - [2026-07-01T17:05:23.652+0000] {dagbag.py:545} INFO - Filling up the DagBag from /opt/airflow/dags/dag_tomorrowio.py
[2026-07-01T17:05:24.046+0000] {processor.py:840} INFO - DAG(s) 'weather_tomorrowio_pipeline' retrieved from /opt/airflow/dags/dag_tomorrowio.py
[2026-07-01T17:05:24.059+0000] {logging_mixin.py:188} INFO - [2026-07-01T17:05:24.059+0000] {dag.py:3096} INFO - Sync 1 DAGs
[2026-07-01T17:05:24.068+0000] {logging_mixin.py:188} INFO - [2026-07-01T17:05:24.067+0000] {dag.py:3954} INFO - Setting next_dagrun for weather_tomorrowio_pipeline to 2026-07-01 17:00:00+00:00, run_after=2026-07-01 18:00:00+00:00
[2026-07-01T17:05:24.075+0000] {processor.py:183} INFO - Processing /opt/airflow/dags/dag_tomorrowio.py took 0.438 seconds
[2026-07-01T17:05:54.700+0000] {processor.py:161} INFO - Started process (PID=32523) to work on /opt/airflow/dags/dag_tomorrowio.py
[2026-07-01T17:05:54.703+0000] {processor.py:830} INFO - Processing file /opt/airflow/dags/dag_tomorrowio.py for tasks to queue
[2026-07-01T17:05:54.704+0000] {logging_mixin.py:188} INFO - [2026-07-01T17:05:54.704+0000] {dagbag.py:545} INFO - Filling up the DagBag from /opt/airflow/dags/dag_tomorrowio.py
[2026-07-01T17:05:55.096+0000] {processor.py:840} INFO - DAG(s) 'weather_tomorrowio_pipeline' retrieved from /opt/airflow/dags/dag_tomorrowio.py
[2026-07-01T17:05:55.108+0000] {logging_mixin.py:188} INFO - [2026-07-01T17:05:55.108+0000] {dag.py:3096} INFO - Sync 1 DAGs
[2026-07-01T17:05:55.117+0000] {logging_mixin.py:188} INFO - [2026-07-01T17:05:55.116+0000] {dag.py:3954} INFO - Setting next_dagrun for weather_tomorrowio_pipeline to 2026-07-01 17:00:00+00:00, run_after=2026-07-01 18:00:00+00:00
[2026-07-01T17:05:55.124+0000] {processor.py:183} INFO - Processing /opt/airflow/dags/dag_tomorrowio.py took 0.434 seconds
[2026-07-01T17:06:25.854+0000] {processor.py:161} INFO - Started process (PID=32560) to work on /opt/airflow/dags/dag_tomorrowio.py
[2026-07-01T17:06:25.855+0000] {processor.py:830} INFO - Processing file /opt/airflow/dags/dag_tomorrowio.py for tasks to queue
[2026-07-01T17:06:25.857+0000] {logging_mixin.py:188} INFO - [2026-07-01T17:06:25.857+0000] {dagbag.py:545} INFO - Filling up the DagBag from /opt/airflow/dags/dag_tomorrowio.py
[2026-07-01T17:06:26.270+0000] {processor.py:840} INFO - DAG(s) 'weather_tomorrowio_pipeline' retrieved from /opt/airflow/dags/dag_tomorrowio.py
[2026-07-01T17:06:26.280+0000] {logging_mixin.py:188} INFO - [2026-07-01T17:06:26.280+0000] {dag.py:3096} INFO - Sync 1 DAGs
[2026-07-01T17:06:26.288+0000] {logging_mixin.py:188} INFO - [2026-07-01T17:06:26.288+0000] {dag.py:3954} INFO - Setting next_dagrun for weather_tomorrowio_pipeline to 2026-07-01 17:00:00+00:00, run_after=2026-07-01 18:00:00+00:00
[2026-07-01T17:06:26.297+0000] {processor.py:183} INFO - Processing /opt/airflow/dags/dag_tomorrowio.py took 0.449 seconds
[2026-07-01T17:06:56.935+0000] {processor.py:161} INFO - Started process (PID=32597) to work on /opt/airflow/dags/dag_tomorrowio.py
[2026-07-01T17:06:56.938+0000] {processor.py:830} INFO - Processing file /opt/airflow/dags/dag_tomorrowio.py for tasks to queue
[2026-07-01T17:06:56.938+0000] {logging_mixin.py:188} INFO - [2026-07-01T17:06:56.938+0000] {dagbag.py:545} INFO - Filling up the DagBag from /opt/airflow/dags/dag_tomorrowio.py
[2026-07-01T17:06:57.333+0000] {processor.py:840} INFO - DAG(s) 'weather_tomorrowio_pipeline' retrieved from /opt/airflow/dags/dag_tomorrowio.py
[2026-07-01T17:06:57.347+0000] {logging_mixin.py:188} INFO - [2026-07-01T17:06:57.347+0000] {dag.py:3096} INFO - Sync 1 DAGs
[2026-07-01T17:06:57.356+0000] {logging_mixin.py:188} INFO - [2026-07-01T17:06:57.356+0000] {dag.py:3954} INFO - Setting next_dagrun for weather_tomorrowio_pipeline to 2026-07-01 17:00:00+00:00, run_after=2026-07-01 18:00:00+00:00
[2026-07-01T17:06:57.367+0000] {processor.py:183} INFO - Processing /opt/airflow/dags/dag_tomorrowio.py took 0.437 seconds
[2026-07-01T17:07:28.127+0000] {processor.py:161} INFO - Started process (PID=32634) to work on /opt/airflow/dags/dag_tomorrowio.py
[2026-07-01T17:07:28.129+0000] {processor.py:830} INFO - Processing file /opt/airflow/dags/dag_tomorrowio.py for tasks to queue
[2026-07-01T17:07:28.130+0000] {logging_mixin.py:188} INFO - [2026-07-01T17:07:28.130+0000] {dagbag.py:545} INFO - Filling up the DagBag from /opt/airflow/dags/dag_tomorrowio.py
[2026-07-01T17:07:28.537+0000] {processor.py:840} INFO - DAG(s) 'weather_tomorrowio_pipeline' retrieved from /opt/airflow/dags/dag_tomorrowio.py
[2026-07-01T17:07:28.552+0000] {logging_mixin.py:188} INFO - [2026-07-01T17:07:28.552+0000] {dag.py:3096} INFO - Sync 1 DAGs
[2026-07-01T17:07:28.560+0000] {logging_mixin.py:188} INFO - [2026-07-01T17:07:28.560+0000] {dag.py:3954} INFO - Setting next_dagrun for weather_tomorrowio_pipeline to 2026-07-01 17:00:00+00:00, run_after=2026-07-01 18:00:00+00:00
[2026-07-01T17:07:28.568+0000] {processor.py:183} INFO - Processing /opt/airflow/dags/dag_tomorrowio.py took 0.446 seconds
[2026-07-01T17:07:59.374+0000] {processor.py:161} INFO - Started process (PID=32670) to work on /opt/airflow/dags/dag_tomorrowio.py
[2026-07-01T17:07:59.383+0000] {processor.py:830} INFO - Processing file /opt/airflow/dags/dag_tomorrowio.py for tasks to queue
[2026-07-01T17:07:59.388+0000] {logging_mixin.py:188} INFO - [2026-07-01T17:07:59.387+0000] {dagbag.py:545} INFO - Filling up the DagBag from /opt/airflow/dags/dag_tomorrowio.py
[2026-07-01T17:08:00.442+0000] {processor.py:840} INFO - DAG(s) 'weather_tomorrowio_pipeline' retrieved from /opt/airflow/dags/dag_tomorrowio.py
[2026-07-01T17:08:00.462+0000] {logging_mixin.py:188} INFO - [2026-07-01T17:08:00.462+0000] {dag.py:3096} INFO - Sync 1 DAGs
[2026-07-01T17:08:00.476+0000] {logging_mixin.py:188} INFO - [2026-07-01T17:08:00.476+0000] {dag.py:3954} INFO - Setting next_dagrun for weather_tomorrowio_pipeline to 2026-07-01 17:00:00+00:00, run_after=2026-07-01 18:00:00+00:00
[2026-07-01T17:08:00.486+0000] {processor.py:183} INFO - Processing /opt/airflow/dags/dag_tomorrowio.py took 1.132 seconds
[2026-07-01T17:08:31.252+0000] {processor.py:161} INFO - Started process (PID=32707) to work on /opt/airflow/dags/dag_tomorrowio.py
[2026-07-01T17:08:31.255+0000] {processor.py:830} INFO - Processing file /opt/airflow/dags/dag_tomorrowio.py for tasks to queue
[2026-07-01T17:08:31.258+0000] {logging_mixin.py:188} INFO - [2026-07-01T17:08:31.258+0000] {dagbag.py:545} INFO - Filling up the DagBag from /opt/airflow/dags/dag_tomorrowio.py
[2026-07-01T17:08:31.674+0000] {processor.py:840} INFO - DAG(s) 'weather_tomorrowio_pipeline' retrieved from /opt/airflow/dags/dag_tomorrowio.py
[2026-07-01T17:08:31.689+0000] {logging_mixin.py:188} INFO - [2026-07-01T17:08:31.689+0000] {dag.py:3096} INFO - Sync 1 DAGs
[2026-07-01T17:08:31.702+0000] {logging_mixin.py:188} INFO - [2026-07-01T17:08:31.701+0000] {dag.py:3954} INFO - Setting next_dagrun for weather_tomorrowio_pipeline to 2026-07-01 17:00:00+00:00, run_after=2026-07-01 18:00:00+00:00
[2026-07-01T17:08:31.713+0000] {processor.py:183} INFO - Processing /opt/airflow/dags/dag_tomorrowio.py took 0.473 seconds
[2026-07-01T17:09:02.401+0000] {processor.py:161} INFO - Started process (PID=32744) to work on /opt/airflow/dags/dag_tomorrowio.py
[2026-07-01T17:09:02.406+0000] {processor.py:830} INFO - Processing file /opt/airflow/dags/dag_tomorrowio.py for tasks to queue
[2026-07-01T17:09:02.410+0000] {logging_mixin.py:188} INFO - [2026-07-01T17:09:02.410+0000] {dagbag.py:545} INFO - Filling up the DagBag from /opt/airflow/dags/dag_tomorrowio.py
[2026-07-01T17:09:02.873+0000] {processor.py:840} INFO - DAG(s) 'weather_tomorrowio_pipeline' retrieved from /opt/airflow/dags/dag_tomorrowio.py
[2026-07-01T17:09:02.910+0000] {logging_mixin.py:188} INFO - [2026-07-01T17:09:02.910+0000] {dag.py:3096} INFO - Sync 1 DAGs
[2026-07-01T17:09:02.928+0000] {logging_mixin.py:188} INFO - [2026-07-01T17:09:02.928+0000] {dag.py:3954} INFO - Setting next_dagrun for weather_tomorrowio_pipeline to 2026-07-01 17:00:00+00:00, run_after=2026-07-01 18:00:00+00:00
[2026-07-01T17:09:02.937+0000] {processor.py:183} INFO - Processing /opt/airflow/dags/dag_tomorrowio.py took 0.545 seconds
[2026-07-01T17:09:33.589+0000] {processor.py:161} INFO - Started process (PID=32782) to work on /opt/airflow/dags/dag_tomorrowio.py
[2026-07-01T17:09:33.589+0000] {processor.py:830} INFO - Processing file /opt/airflow/dags/dag_tomorrowio.py for tasks to queue
[2026-07-01T17:09:33.591+0000] {logging_mixin.py:188} INFO - [2026-07-01T17:09:33.591+0000] {dagbag.py:545} INFO - Filling up the DagBag from /opt/airflow/dags/dag_tomorrowio.py
[2026-07-01T17:09:33.986+0000] {processor.py:840} INFO - DAG(s) 'weather_tomorrowio_pipeline' retrieved from /opt/airflow/dags/dag_tomorrowio.py
[2026-07-01T17:09:34.024+0000] {logging_mixin.py:188} INFO - [2026-07-01T17:09:34.024+0000] {dag.py:3096} INFO - Sync 1 DAGs
[2026-07-01T17:09:34.051+0000] {logging_mixin.py:188} INFO - [2026-07-01T17:09:34.051+0000] {dag.py:3954} INFO - Setting next_dagrun for weather_tomorrowio_pipeline to 2026-07-01 17:00:00+00:00, run_after=2026-07-01 18:00:00+00:00
[2026-07-01T17:09:34.061+0000] {processor.py:183} INFO - Processing /opt/airflow/dags/dag_tomorrowio.py took 0.476 seconds
[2026-07-01T17:10:04.909+0000] {processor.py:161} INFO - Started process (PID=32819) to work on /opt/airflow/dags/dag_tomorrowio.py
[2026-07-01T17:10:04.911+0000] {processor.py:830} INFO - Processing file /opt/airflow/dags/dag_tomorrowio.py for tasks to queue
[2026-07-01T17:10:04.918+0000] {logging_mixin.py:188} INFO - [2026-07-01T17:10:04.916+0000] {dagbag.py:545} INFO - Filling up the DagBag from /opt/airflow/dags/dag_tomorrowio.py
[2026-07-01T17:10:05.371+0000] {processor.py:840} INFO - DAG(s) 'weather_tomorrowio_pipeline' retrieved from /opt/airflow/dags/dag_tomorrowio.py
[2026-07-01T17:10:05.389+0000] {logging_mixin.py:188} INFO - [2026-07-01T17:10:05.389+0000] {dag.py:3096} INFO - Sync 1 DAGs
[2026-07-01T17:10:05.398+0000] {logging_mixin.py:188} INFO - [2026-07-01T17:10:05.398+0000] {dag.py:3954} INFO - Setting next_dagrun for weather_tomorrowio_pipeline to 2026-07-01 17:00:00+00:00, run_after=2026-07-01 18:00:00+00:00
[2026-07-01T17:10:05.407+0000] {processor.py:183} INFO - Processing /opt/airflow/dags/dag_tomorrowio.py took 0.503 seconds
[2026-07-01T17:10:36.134+0000] {processor.py:161} INFO - Started process (PID=32856) to work on /opt/airflow/dags/dag_tomorrowio.py
[2026-07-01T17:10:36.136+0000] {processor.py:830} INFO - Processing file /opt/airflow/dags/dag_tomorrowio.py for tasks to queue
[2026-07-01T17:10:36.138+0000] {logging_mixin.py:188} INFO - [2026-07-01T17:10:36.138+0000] {dagbag.py:545} INFO - Filling up the DagBag from /opt/airflow/dags/dag_tomorrowio.py
[2026-07-01T17:10:36.512+0000] {processor.py:840} INFO - DAG(s) 'weather_tomorrowio_pipeline' retrieved from /opt/airflow/dags/dag_tomorrowio.py
[2026-07-01T17:10:36.529+0000] {logging_mixin.py:188} INFO - [2026-07-01T17:10:36.528+0000] {dag.py:3096} INFO - Sync 1 DAGs
[2026-07-01T17:10:36.538+0000] {logging_mixin.py:188} INFO - [2026-07-01T17:10:36.538+0000] {dag.py:3954} INFO - Setting next_dagrun for weather_tomorrowio_pipeline to 2026-07-01 17:00:00+00:00, run_after=2026-07-01 18:00:00+00:00
[2026-07-01T17:10:36.549+0000] {processor.py:183} INFO - Processing /opt/airflow/dags/dag_tomorrowio.py took 0.421 seconds
[2026-07-01T17:11:07.009+0000] {processor.py:161} INFO - Started process (PID=32892) to work on /opt/airflow/dags/dag_tomorrowio.py
[2026-07-01T17:11:07.011+0000] {processor.py:830} INFO - Processing file /opt/airflow/dags/dag_tomorrowio.py for tasks to queue
[2026-07-01T17:11:07.014+0000] {logging_mixin.py:188} INFO - [2026-07-01T17:11:07.013+0000] {dagbag.py:545} INFO - Filling up the DagBag from /opt/airflow/dags/dag_tomorrowio.py
[2026-07-01T17:11:07.508+0000] {processor.py:840} INFO - DAG(s) 'weather_tomorrowio_pipeline' retrieved from /opt/airflow/dags/dag_tomorrowio.py
[2026-07-01T17:11:07.537+0000] {logging_mixin.py:188} INFO - [2026-07-01T17:11:07.537+0000] {dag.py:3096} INFO - Sync 1 DAGs
[2026-07-01T17:11:07.546+0000] {logging_mixin.py:188} INFO - [2026-07-01T17:11:07.546+0000] {dag.py:3954} INFO - Setting next_dagrun for weather_tomorrowio_pipeline to 2026-07-01 17:00:00+00:00, run_after=2026-07-01 18:00:00+00:00
[2026-07-01T17:11:07.555+0000] {processor.py:183} INFO - Processing /opt/airflow/dags/dag_tomorrowio.py took 0.566 seconds
[2026-07-01T17:11:38.223+0000] {processor.py:161} INFO - Started process (PID=32930) to work on /opt/airflow/dags/dag_tomorrowio.py
[2026-07-01T17:11:38.228+0000] {processor.py:830} INFO - Processing file /opt/airflow/dags/dag_tomorrowio.py for tasks to queue
[2026-07-01T17:11:38.229+0000] {logging_mixin.py:188} INFO - [2026-07-01T17:11:38.229+0000] {dagbag.py:545} INFO - Filling up the DagBag from /opt/airflow/dags/dag_tomorrowio.py
[2026-07-01T17:11:38.606+0000] {processor.py:840} INFO - DAG(s) 'weather_tomorrowio_pipeline' retrieved from /opt/airflow/dags/dag_tomorrowio.py
[2026-07-01T17:11:38.625+0000] {logging_mixin.py:188} INFO - [2026-07-01T17:11:38.625+0000] {dag.py:3096} INFO - Sync 1 DAGs
[2026-07-01T17:11:38.638+0000] {logging_mixin.py:188} INFO - [2026-07-01T17:11:38.638+0000] {dag.py:3954} INFO - Setting next_dagrun for weather_tomorrowio_pipeline to 2026-07-01 17:00:00+00:00, run_after=2026-07-01 18:00:00+00:00
[2026-07-01T17:11:38.647+0000] {processor.py:183} INFO - Processing /opt/airflow/dags/dag_tomorrowio.py took 0.434 seconds
[2026-07-01T17:12:09.389+0000] {processor.py:161} INFO - Started process (PID=32966) to work on /opt/airflow/dags/dag_tomorrowio.py
[2026-07-01T17:12:09.390+0000] {processor.py:830} INFO - Processing file /opt/airflow/dags/dag_tomorrowio.py for tasks to queue
[2026-07-01T17:12:09.393+0000] {logging_mixin.py:188} INFO - [2026-07-01T17:12:09.393+0000] {dagbag.py:545} INFO - Filling up the DagBag from /opt/airflow/dags/dag_tomorrowio.py
[2026-07-01T17:12:09.903+0000] {processor.py:840} INFO - DAG(s) 'weather_tomorrowio_pipeline' retrieved from /opt/airflow/dags/dag_tomorrowio.py
[2026-07-01T17:12:09.934+0000] {logging_mixin.py:188} INFO - [2026-07-01T17:12:09.933+0000] {dag.py:3096} INFO - Sync 1 DAGs
[2026-07-01T17:12:09.953+0000] {logging_mixin.py:188} INFO - [2026-07-01T17:12:09.953+0000] {dag.py:3954} INFO - Setting next_dagrun for weather_tomorrowio_pipeline to 2026-07-01 17:00:00+00:00, run_after=2026-07-01 18:00:00+00:00
[2026-07-01T17:12:09.964+0000] {processor.py:183} INFO - Processing /opt/airflow/dags/dag_tomorrowio.py took 0.582 seconds
[2026-07-01T17:12:40.662+0000] {processor.py:161} INFO - Started process (PID=33004) to work on /opt/airflow/dags/dag_tomorrowio.py
[2026-07-01T17:12:40.664+0000] {processor.py:830} INFO - Processing file /opt/airflow/dags/dag_tomorrowio.py for tasks to queue
[2026-07-01T17:12:40.668+0000] {logging_mixin.py:188} INFO - [2026-07-01T17:12:40.668+0000] {dagbag.py:545} INFO - Filling up the DagBag from /opt/airflow/dags/dag_tomorrowio.py
[2026-07-01T17:12:41.086+0000] {processor.py:840} INFO - DAG(s) 'weather_tomorrowio_pipeline' retrieved from /opt/airflow/dags/dag_tomorrowio.py
[2026-07-01T17:12:41.101+0000] {logging_mixin.py:188} INFO - [2026-07-01T17:12:41.101+0000] {dag.py:3096} INFO - Sync 1 DAGs
[2026-07-01T17:12:41.109+0000] {logging_mixin.py:188} INFO - [2026-07-01T17:12:41.109+0000] {dag.py:3954} INFO - Setting next_dagrun for weather_tomorrowio_pipeline to 2026-07-01 17:00:00+00:00, run_after=2026-07-01 18:00:00+00:00
[2026-07-01T17:12:41.118+0000] {processor.py:183} INFO - Processing /opt/airflow/dags/dag_tomorrowio.py took 0.467 seconds
[2026-07-01T17:13:11.871+0000] {processor.py:161} INFO - Started process (PID=33040) to work on /opt/airflow/dags/dag_tomorrowio.py
[2026-07-01T17:13:11.874+0000] {processor.py:830} INFO - Processing file /opt/airflow/dags/dag_tomorrowio.py for tasks to queue
[2026-07-01T17:13:11.879+0000] {logging_mixin.py:188} INFO - [2026-07-01T17:13:11.879+0000] {dagbag.py:545} INFO - Filling up the DagBag from /opt/airflow/dags/dag_tomorrowio.py
[2026-07-01T17:13:12.308+0000] {processor.py:840} INFO - DAG(s) 'weather_tomorrowio_pipeline' retrieved from /opt/airflow/dags/dag_tomorrowio.py
[2026-07-01T17:13:12.327+0000] {logging_mixin.py:188} INFO - [2026-07-01T17:13:12.327+0000] {dag.py:3096} INFO - Sync 1 DAGs
[2026-07-01T17:13:12.336+0000] {logging_mixin.py:188} INFO - [2026-07-01T17:13:12.336+0000] {dag.py:3954} INFO - Setting next_dagrun for weather_tomorrowio_pipeline to 2026-07-01 17:00:00+00:00, run_after=2026-07-01 18:00:00+00:00
[2026-07-01T17:13:12.347+0000] {processor.py:183} INFO - Processing /opt/airflow/dags/dag_tomorrowio.py took 0.490 seconds
[2026-07-01T17:13:43.013+0000] {processor.py:161} INFO - Started process (PID=33078) to work on /opt/airflow/dags/dag_tomorrowio.py
[2026-07-01T17:13:43.014+0000] {processor.py:830} INFO - Processing file /opt/airflow/dags/dag_tomorrowio.py for tasks to queue
[2026-07-01T17:13:43.017+0000] {logging_mixin.py:188} INFO - [2026-07-01T17:13:43.017+0000] {dagbag.py:545} INFO - Filling up the DagBag from /opt/airflow/dags/dag_tomorrowio.py
[2026-07-01T17:13:43.420+0000] {processor.py:840} INFO - DAG(s) 'weather_tomorrowio_pipeline' retrieved from /opt/airflow/dags/dag_tomorrowio.py
[2026-07-01T17:13:43.433+0000] {logging_mixin.py:188} INFO - [2026-07-01T17:13:43.433+0000] {dag.py:3096} INFO - Sync 1 DAGs
[2026-07-01T17:13:43.442+0000] {logging_mixin.py:188} INFO - [2026-07-01T17:13:43.442+0000] {dag.py:3954} INFO - Setting next_dagrun for weather_tomorrowio_pipeline to 2026-07-01 17:00:00+00:00, run_after=2026-07-01 18:00:00+00:00
[2026-07-01T17:13:43.450+0000] {processor.py:183} INFO - Processing /opt/airflow/dags/dag_tomorrowio.py took 0.444 seconds
[2026-07-01T17:14:14.352+0000] {processor.py:161} INFO - Started process (PID=33115) to work on /opt/airflow/dags/dag_tomorrowio.py
[2026-07-01T17:14:14.355+0000] {processor.py:830} INFO - Processing file /opt/airflow/dags/dag_tomorrowio.py for tasks to queue
[2026-07-01T17:14:14.359+0000] {logging_mixin.py:188} INFO - [2026-07-01T17:14:14.358+0000] {dagbag.py:545} INFO - Filling up the DagBag from /opt/airflow/dags/dag_tomorrowio.py
[2026-07-01T17:14:14.789+0000] {processor.py:840} INFO - DAG(s) 'weather_tomorrowio_pipeline' retrieved from /opt/airflow/dags/dag_tomorrowio.py
[2026-07-01T17:14:14.809+0000] {logging_mixin.py:188} INFO - [2026-07-01T17:14:14.809+0000] {dag.py:3096} INFO - Sync 1 DAGs
[2026-07-01T17:14:14.818+0000] {logging_mixin.py:188} INFO - [2026-07-01T17:14:14.818+0000] {dag.py:3954} INFO - Setting next_dagrun for weather_tomorrowio_pipeline to 2026-07-01 17:00:00+00:00, run_after=2026-07-01 18:00:00+00:00
[2026-07-01T17:14:14.826+0000] {processor.py:183} INFO - Processing /opt/airflow/dags/dag_tomorrowio.py took 0.484 seconds
[2026-07-01T17:14:45.518+0000] {processor.py:161} INFO - Started process (PID=33152) to work on /opt/airflow/dags/dag_tomorrowio.py
[2026-07-01T17:14:45.519+0000] {processor.py:830} INFO - Processing file /opt/airflow/dags/dag_tomorrowio.py for tasks to queue
[2026-07-01T17:14:45.521+0000] {logging_mixin.py:188} INFO - [2026-07-01T17:14:45.520+0000] {dagbag.py:545} INFO - Filling up the DagBag from /opt/airflow/dags/dag_tomorrowio.py
[2026-07-01T17:14:45.871+0000] {processor.py:840} INFO - DAG(s) 'weather_tomorrowio_pipeline' retrieved from /opt/airflow/dags/dag_tomorrowio.py
[2026-07-01T17:14:45.888+0000] {logging_mixin.py:188} INFO - [2026-07-01T17:14:45.888+0000] {dag.py:3096} INFO - Sync 1 DAGs
[2026-07-01T17:14:45.900+0000] {logging_mixin.py:188} INFO - [2026-07-01T17:14:45.900+0000] {dag.py:3954} INFO - Setting next_dagrun for weather_tomorrowio_pipeline to 2026-07-01 17:00:00+00:00, run_after=2026-07-01 18:00:00+00:00
[2026-07-01T17:14:45.913+0000] {processor.py:183} INFO - Processing /opt/airflow/dags/dag_tomorrowio.py took 0.404 seconds
[2026-07-01T17:15:16.826+0000] {processor.py:161} INFO - Started process (PID=33188) to work on /opt/airflow/dags/dag_tomorrowio.py
[2026-07-01T17:15:16.827+0000] {processor.py:830} INFO - Processing file /opt/airflow/dags/dag_tomorrowio.py for tasks to queue
[2026-07-01T17:15:16.829+0000] {logging_mixin.py:188} INFO - [2026-07-01T17:15:16.828+0000] {dagbag.py:545} INFO - Filling up the DagBag from /opt/airflow/dags/dag_tomorrowio.py
[2026-07-01T17:15:17.315+0000] {processor.py:840} INFO - DAG(s) 'weather_tomorrowio_pipeline' retrieved from /opt/airflow/dags/dag_tomorrowio.py
[2026-07-01T17:15:17.331+0000] {logging_mixin.py:188} INFO - [2026-07-01T17:15:17.331+0000] {dag.py:3096} INFO - Sync 1 DAGs
[2026-07-01T17:15:17.342+0000] {logging_mixin.py:188} INFO - [2026-07-01T17:15:17.341+0000] {dag.py:3954} INFO - Setting next_dagrun for weather_tomorrowio_pipeline to 2026-07-01 17:00:00+00:00, run_after=2026-07-01 18:00:00+00:00
[2026-07-01T17:15:17.351+0000] {processor.py:183} INFO - Processing /opt/airflow/dags/dag_tomorrowio.py took 0.531 seconds
[2026-07-01T17:15:47.942+0000] {processor.py:161} INFO - Started process (PID=33225) to work on /opt/airflow/dags/dag_tomorrowio.py
[2026-07-01T17:15:47.944+0000] {processor.py:830} INFO - Processing file /opt/airflow/dags/dag_tomorrowio.py for tasks to queue
[2026-07-01T17:15:47.948+0000] {logging_mixin.py:188} INFO - [2026-07-01T17:15:47.948+0000] {dagbag.py:545} INFO - Filling up the DagBag from /opt/airflow/dags/dag_tomorrowio.py
[2026-07-01T17:15:48.475+0000] {processor.py:840} INFO - DAG(s) 'weather_tomorrowio_pipeline' retrieved from /opt/airflow/dags/dag_tomorrowio.py
[2026-07-01T17:15:48.504+0000] {logging_mixin.py:188} INFO - [2026-07-01T17:15:48.503+0000] {dag.py:3096} INFO - Sync 1 DAGs
[2026-07-01T17:15:48.516+0000] {logging_mixin.py:188} INFO - [2026-07-01T17:15:48.516+0000] {dag.py:3954} INFO - Setting next_dagrun for weather_tomorrowio_pipeline to 2026-07-01 17:00:00+00:00, run_after=2026-07-01 18:00:00+00:00
[2026-07-01T17:15:48.525+0000] {processor.py:183} INFO - Processing /opt/airflow/dags/dag_tomorrowio.py took 0.593 seconds
[2026-07-01T17:16:19.508+0000] {processor.py:161} INFO - Started process (PID=33262) to work on /opt/airflow/dags/dag_tomorrowio.py
[2026-07-01T17:16:19.512+0000] {processor.py:830} INFO - Processing file /opt/airflow/dags/dag_tomorrowio.py for tasks to queue
[2026-07-01T17:16:19.518+0000] {logging_mixin.py:188} INFO - [2026-07-01T17:16:19.517+0000] {dagbag.py:545} INFO - Filling up the DagBag from /opt/airflow/dags/dag_tomorrowio.py
[2026-07-01T17:16:20.392+0000] {processor.py:840} INFO - DAG(s) 'weather_tomorrowio_pipeline' retrieved from /opt/airflow/dags/dag_tomorrowio.py
[2026-07-01T17:16:20.423+0000] {logging_mixin.py:188} INFO - [2026-07-01T17:16:20.422+0000] {dag.py:3096} INFO - Sync 1 DAGs
[2026-07-01T17:16:20.441+0000] {logging_mixin.py:188} INFO - [2026-07-01T17:16:20.440+0000] {dag.py:3954} INFO - Setting next_dagrun for weather_tomorrowio_pipeline to 2026-07-01 17:00:00+00:00, run_after=2026-07-01 18:00:00+00:00
[2026-07-01T17:16:20.454+0000] {processor.py:183} INFO - Processing /opt/airflow/dags/dag_tomorrowio.py took 0.989 seconds
[2026-07-01T17:16:50.828+0000] {processor.py:161} INFO - Started process (PID=33300) to work on /opt/airflow/dags/dag_tomorrowio.py
[2026-07-01T17:16:50.830+0000] {processor.py:830} INFO - Processing file /opt/airflow/dags/dag_tomorrowio.py for tasks to queue
[2026-07-01T17:16:50.834+0000] {logging_mixin.py:188} INFO - [2026-07-01T17:16:50.833+0000] {dagbag.py:545} INFO - Filling up the DagBag from /opt/airflow/dags/dag_tomorrowio.py
[2026-07-01T17:16:51.365+0000] {processor.py:840} INFO - DAG(s) 'weather_tomorrowio_pipeline' retrieved from /opt/airflow/dags/dag_tomorrowio.py
[2026-07-01T17:16:51.385+0000] {logging_mixin.py:188} INFO - [2026-07-01T17:16:51.385+0000] {dag.py:3096} INFO - Sync 1 DAGs
[2026-07-01T17:16:51.401+0000] {logging_mixin.py:188} INFO - [2026-07-01T17:16:51.401+0000] {dag.py:3954} INFO - Setting next_dagrun for weather_tomorrowio_pipeline to 2026-07-01 17:00:00+00:00, run_after=2026-07-01 18:00:00+00:00
[2026-07-01T17:16:51.427+0000] {processor.py:183} INFO - Processing /opt/airflow/dags/dag_tomorrowio.py took 0.605 seconds
[2026-07-01T17:17:22.271+0000] {processor.py:161} INFO - Started process (PID=33337) to work on /opt/airflow/dags/dag_tomorrowio.py
[2026-07-01T17:17:22.273+0000] {processor.py:830} INFO - Processing file /opt/airflow/dags/dag_tomorrowio.py for tasks to queue
[2026-07-01T17:17:22.276+0000] {logging_mixin.py:188} INFO - [2026-07-01T17:17:22.276+0000] {dagbag.py:545} INFO - Filling up the DagBag from /opt/airflow/dags/dag_tomorrowio.py
[2026-07-01T17:17:22.712+0000] {processor.py:840} INFO - DAG(s) 'weather_tomorrowio_pipeline' retrieved from /opt/airflow/dags/dag_tomorrowio.py
[2026-07-01T17:17:22.731+0000] {logging_mixin.py:188} INFO - [2026-07-01T17:17:22.730+0000] {dag.py:3096} INFO - Sync 1 DAGs
[2026-07-01T17:17:22.744+0000] {logging_mixin.py:188} INFO - [2026-07-01T17:17:22.743+0000] {dag.py:3954} INFO - Setting next_dagrun for weather_tomorrowio_pipeline to 2026-07-01 17:00:00+00:00, run_after=2026-07-01 18:00:00+00:00
[2026-07-01T17:17:22.755+0000] {processor.py:183} INFO - Processing /opt/airflow/dags/dag_tomorrowio.py took 0.489 seconds
[2026-07-01T17:17:53.466+0000] {processor.py:161} INFO - Started process (PID=33374) to work on /opt/airflow/dags/dag_tomorrowio.py
[2026-07-01T17:17:53.468+0000] {processor.py:830} INFO - Processing file /opt/airflow/dags/dag_tomorrowio.py for tasks to queue
[2026-07-01T17:17:53.471+0000] {logging_mixin.py:188} INFO - [2026-07-01T17:17:53.470+0000] {dagbag.py:545} INFO - Filling up the DagBag from /opt/airflow/dags/dag_tomorrowio.py
[2026-07-01T17:17:53.866+0000] {processor.py:840} INFO - DAG(s) 'weather_tomorrowio_pipeline' retrieved from /opt/airflow/dags/dag_tomorrowio.py
[2026-07-01T17:17:53.885+0000] {logging_mixin.py:188} INFO - [2026-07-01T17:17:53.884+0000] {dag.py:3096} INFO - Sync 1 DAGs
[2026-07-01T17:17:53.894+0000] {logging_mixin.py:188} INFO - [2026-07-01T17:17:53.894+0000] {dag.py:3954} INFO - Setting next_dagrun for weather_tomorrowio_pipeline to 2026-07-01 17:00:00+00:00, run_after=2026-07-01 18:00:00+00:00
[2026-07-01T17:17:53.903+0000] {processor.py:183} INFO - Processing /opt/airflow/dags/dag_tomorrowio.py took 0.445 seconds
[2026-07-01T17:18:24.631+0000] {processor.py:161} INFO - Started process (PID=33411) to work on /opt/airflow/dags/dag_tomorrowio.py
[2026-07-01T17:18:24.633+0000] {processor.py:830} INFO - Processing file /opt/airflow/dags/dag_tomorrowio.py for tasks to queue
[2026-07-01T17:18:24.635+0000] {logging_mixin.py:188} INFO - [2026-07-01T17:18:24.635+0000] {dagbag.py:545} INFO - Filling up the DagBag from /opt/airflow/dags/dag_tomorrowio.py
[2026-07-01T17:18:25.094+0000] {processor.py:840} INFO - DAG(s) 'weather_tomorrowio_pipeline' retrieved from /opt/airflow/dags/dag_tomorrowio.py
[2026-07-01T17:18:25.107+0000] {logging_mixin.py:188} INFO - [2026-07-01T17:18:25.107+0000] {dag.py:3096} INFO - Sync 1 DAGs
[2026-07-01T17:18:25.121+0000] {logging_mixin.py:188} INFO - [2026-07-01T17:18:25.121+0000] {dag.py:3954} INFO - Setting next_dagrun for weather_tomorrowio_pipeline to 2026-07-01 17:00:00+00:00, run_after=2026-07-01 18:00:00+00:00
[2026-07-01T17:18:25.130+0000] {processor.py:183} INFO - Processing /opt/airflow/dags/dag_tomorrowio.py took 0.532 seconds
[2026-07-01T17:18:55.683+0000] {processor.py:161} INFO - Started process (PID=33447) to work on /opt/airflow/dags/dag_tomorrowio.py
[2026-07-01T17:18:55.684+0000] {processor.py:830} INFO - Processing file /opt/airflow/dags/dag_tomorrowio.py for tasks to queue
[2026-07-01T17:18:55.689+0000] {logging_mixin.py:188} INFO - [2026-07-01T17:18:55.688+0000] {dagbag.py:545} INFO - Filling up the DagBag from /opt/airflow/dags/dag_tomorrowio.py
[2026-07-01T17:18:56.171+0000] {processor.py:840} INFO - DAG(s) 'weather_tomorrowio_pipeline' retrieved from /opt/airflow/dags/dag_tomorrowio.py
[2026-07-01T17:18:56.186+0000] {logging_mixin.py:188} INFO - [2026-07-01T17:18:56.185+0000] {dag.py:3096} INFO - Sync 1 DAGs
[2026-07-01T17:18:56.195+0000] {logging_mixin.py:188} INFO - [2026-07-01T17:18:56.195+0000] {dag.py:3954} INFO - Setting next_dagrun for weather_tomorrowio_pipeline to 2026-07-01 17:00:00+00:00, run_after=2026-07-01 18:00:00+00:00
[2026-07-01T17:18:56.203+0000] {processor.py:183} INFO - Processing /opt/airflow/dags/dag_tomorrowio.py took 0.526 seconds
[2026-07-01T17:19:26.995+0000] {processor.py:161} INFO - Started process (PID=33485) to work on /opt/airflow/dags/dag_tomorrowio.py
[2026-07-01T17:19:26.997+0000] {processor.py:830} INFO - Processing file /opt/airflow/dags/dag_tomorrowio.py for tasks to queue
[2026-07-01T17:19:27.000+0000] {logging_mixin.py:188} INFO - [2026-07-01T17:19:27.000+0000] {dagbag.py:545} INFO - Filling up the DagBag from /opt/airflow/dags/dag_tomorrowio.py
[2026-07-01T17:19:27.539+0000] {processor.py:840} INFO - DAG(s) 'weather_tomorrowio_pipeline' retrieved from /opt/airflow/dags/dag_tomorrowio.py
[2026-07-01T17:19:27.556+0000] {logging_mixin.py:188} INFO - [2026-07-01T17:19:27.556+0000] {dag.py:3096} INFO - Sync 1 DAGs
[2026-07-01T17:19:27.571+0000] {logging_mixin.py:188} INFO - [2026-07-01T17:19:27.571+0000] {dag.py:3954} INFO - Setting next_dagrun for weather_tomorrowio_pipeline to 2026-07-01 17:00:00+00:00, run_after=2026-07-01 18:00:00+00:00
[2026-07-01T17:19:27.582+0000] {processor.py:183} INFO - Processing /opt/airflow/dags/dag_tomorrowio.py took 0.615 seconds
[2026-07-01T17:19:58.304+0000] {processor.py:161} INFO - Started process (PID=33520) to work on /opt/airflow/dags/dag_tomorrowio.py
[2026-07-01T17:19:58.305+0000] {processor.py:830} INFO - Processing file /opt/airflow/dags/dag_tomorrowio.py for tasks to queue
[2026-07-01T17:19:58.309+0000] {logging_mixin.py:188} INFO - [2026-07-01T17:19:58.308+0000] {dagbag.py:545} INFO - Filling up the DagBag from /opt/airflow/dags/dag_tomorrowio.py
[2026-07-01T17:19:58.830+0000] {processor.py:840} INFO - DAG(s) 'weather_tomorrowio_pipeline' retrieved from /opt/airflow/dags/dag_tomorrowio.py
[2026-07-01T17:19:58.866+0000] {logging_mixin.py:188} INFO - [2026-07-01T17:19:58.866+0000] {dag.py:3096} INFO - Sync 1 DAGs
[2026-07-01T17:19:58.900+0000] {logging_mixin.py:188} INFO - [2026-07-01T17:19:58.899+0000] {dag.py:3954} INFO - Setting next_dagrun for weather_tomorrowio_pipeline to 2026-07-01 17:00:00+00:00, run_after=2026-07-01 18:00:00+00:00
[2026-07-01T17:19:58.967+0000] {processor.py:183} INFO - Processing /opt/airflow/dags/dag_tomorrowio.py took 0.684 seconds
[2026-07-01T17:20:29.140+0000] {processor.py:161} INFO - Started process (PID=33556) to work on /opt/airflow/dags/dag_tomorrowio.py
[2026-07-01T17:20:29.142+0000] {processor.py:830} INFO - Processing file /opt/airflow/dags/dag_tomorrowio.py for tasks to queue
[2026-07-01T17:20:29.144+0000] {logging_mixin.py:188} INFO - [2026-07-01T17:20:29.144+0000] {dagbag.py:545} INFO - Filling up the DagBag from /opt/airflow/dags/dag_tomorrowio.py
[2026-07-01T17:20:29.638+0000] {processor.py:840} INFO - DAG(s) 'weather_tomorrowio_pipeline' retrieved from /opt/airflow/dags/dag_tomorrowio.py
[2026-07-01T17:20:29.662+0000] {logging_mixin.py:188} INFO - [2026-07-01T17:20:29.661+0000] {dag.py:3096} INFO - Sync 1 DAGs
[2026-07-01T17:20:29.674+0000] {logging_mixin.py:188} INFO - [2026-07-01T17:20:29.674+0000] {dag.py:3954} INFO - Setting next_dagrun for weather_tomorrowio_pipeline to 2026-07-01 17:00:00+00:00, run_after=2026-07-01 18:00:00+00:00
[2026-07-01T17:20:29.683+0000] {processor.py:183} INFO - Processing /opt/airflow/dags/dag_tomorrowio.py took 0.550 seconds
[2026-07-01T17:21:00.440+0000] {processor.py:161} INFO - Started process (PID=33596) to work on /opt/airflow/dags/dag_tomorrowio.py
[2026-07-01T17:21:00.444+0000] {processor.py:830} INFO - Processing file /opt/airflow/dags/dag_tomorrowio.py for tasks to queue
[2026-07-01T17:21:00.451+0000] {logging_mixin.py:188} INFO - [2026-07-01T17:21:00.449+0000] {dagbag.py:545} INFO - Filling up the DagBag from /opt/airflow/dags/dag_tomorrowio.py
[2026-07-01T17:21:01.023+0000] {processor.py:840} INFO - DAG(s) 'weather_tomorrowio_pipeline' retrieved from /opt/airflow/dags/dag_tomorrowio.py
[2026-07-01T17:21:01.046+0000] {logging_mixin.py:188} INFO - [2026-07-01T17:21:01.046+0000] {dag.py:3096} INFO - Sync 1 DAGs
[2026-07-01T17:21:01.059+0000] {logging_mixin.py:188} INFO - [2026-07-01T17:21:01.059+0000] {dag.py:3954} INFO - Setting next_dagrun for weather_tomorrowio_pipeline to 2026-07-01 17:00:00+00:00, run_after=2026-07-01 18:00:00+00:00
[2026-07-01T17:21:01.074+0000] {processor.py:183} INFO - Processing /opt/airflow/dags/dag_tomorrowio.py took 0.643 seconds
[2026-07-01T17:21:31.872+0000] {processor.py:161} INFO - Started process (PID=33633) to work on /opt/airflow/dags/dag_tomorrowio.py
[2026-07-01T17:21:31.875+0000] {processor.py:830} INFO - Processing file /opt/airflow/dags/dag_tomorrowio.py for tasks to queue
[2026-07-01T17:21:31.882+0000] {logging_mixin.py:188} INFO - [2026-07-01T17:21:31.880+0000] {dagbag.py:545} INFO - Filling up the DagBag from /opt/airflow/dags/dag_tomorrowio.py
[2026-07-01T17:21:32.631+0000] {processor.py:840} INFO - DAG(s) 'weather_tomorrowio_pipeline' retrieved from /opt/airflow/dags/dag_tomorrowio.py
[2026-07-01T17:21:32.661+0000] {logging_mixin.py:188} INFO - [2026-07-01T17:21:32.661+0000] {dag.py:3096} INFO - Sync 1 DAGs
[2026-07-01T17:21:32.682+0000] {logging_mixin.py:188} INFO - [2026-07-01T17:21:32.681+0000] {dag.py:3954} INFO - Setting next_dagrun for weather_tomorrowio_pipeline to 2026-07-01 17:00:00+00:00, run_after=2026-07-01 18:00:00+00:00
[2026-07-01T17:21:32.695+0000] {processor.py:183} INFO - Processing /opt/airflow/dags/dag_tomorrowio.py took 0.842 seconds
[2026-07-01T17:22:03.566+0000] {processor.py:161} INFO - Started process (PID=33670) to work on /opt/airflow/dags/dag_tomorrowio.py
[2026-07-01T17:22:03.570+0000] {processor.py:830} INFO - Processing file /opt/airflow/dags/dag_tomorrowio.py for tasks to queue
[2026-07-01T17:22:03.581+0000] {logging_mixin.py:188} INFO - [2026-07-01T17:22:03.579+0000] {dagbag.py:545} INFO - Filling up the DagBag from /opt/airflow/dags/dag_tomorrowio.py
[2026-07-01T17:22:04.119+0000] {processor.py:840} INFO - DAG(s) 'weather_tomorrowio_pipeline' retrieved from /opt/airflow/dags/dag_tomorrowio.py
[2026-07-01T17:22:04.139+0000] {logging_mixin.py:188} INFO - [2026-07-01T17:22:04.138+0000] {dag.py:3096} INFO - Sync 1 DAGs
[2026-07-01T17:22:04.150+0000] {logging_mixin.py:188} INFO - [2026-07-01T17:22:04.149+0000] {dag.py:3954} INFO - Setting next_dagrun for weather_tomorrowio_pipeline to 2026-07-01 17:00:00+00:00, run_after=2026-07-01 18:00:00+00:00
[2026-07-01T17:22:04.158+0000] {processor.py:183} INFO - Processing /opt/airflow/dags/dag_tomorrowio.py took 0.605 seconds
[2026-07-01T17:22:34.874+0000] {processor.py:161} INFO - Started process (PID=33707) to work on /opt/airflow/dags/dag_tomorrowio.py
[2026-07-01T17:22:34.877+0000] {processor.py:830} INFO - Processing file /opt/airflow/dags/dag_tomorrowio.py for tasks to queue
[2026-07-01T17:22:34.887+0000] {logging_mixin.py:188} INFO - [2026-07-01T17:22:34.886+0000] {dagbag.py:545} INFO - Filling up the DagBag from /opt/airflow/dags/dag_tomorrowio.py
[2026-07-01T17:22:35.353+0000] {processor.py:840} INFO - DAG(s) 'weather_tomorrowio_pipeline' retrieved from /opt/airflow/dags/dag_tomorrowio.py
[2026-07-01T17:22:35.376+0000] {logging_mixin.py:188} INFO - [2026-07-01T17:22:35.376+0000] {dag.py:3096} INFO - Sync 1 DAGs
[2026-07-01T17:22:35.387+0000] {logging_mixin.py:188} INFO - [2026-07-01T17:22:35.387+0000] {dag.py:3954} INFO - Setting next_dagrun for weather_tomorrowio_pipeline to 2026-07-01 17:00:00+00:00, run_after=2026-07-01 18:00:00+00:00
[2026-07-01T17:22:35.395+0000] {processor.py:183} INFO - Processing /opt/airflow/dags/dag_tomorrowio.py took 0.538 seconds
[2026-07-01T17:23:06.079+0000] {processor.py:161} INFO - Started process (PID=33743) to work on /opt/airflow/dags/dag_tomorrowio.py
[2026-07-01T17:23:06.088+0000] {processor.py:830} INFO - Processing file /opt/airflow/dags/dag_tomorrowio.py for tasks to queue
[2026-07-01T17:23:06.094+0000] {logging_mixin.py:188} INFO - [2026-07-01T17:23:06.092+0000] {dagbag.py:545} INFO - Filling up the DagBag from /opt/airflow/dags/dag_tomorrowio.py
[2026-07-01T17:23:06.653+0000] {processor.py:840} INFO - DAG(s) 'weather_tomorrowio_pipeline' retrieved from /opt/airflow/dags/dag_tomorrowio.py
[2026-07-01T17:23:06.679+0000] {logging_mixin.py:188} INFO - [2026-07-01T17:23:06.679+0000] {dag.py:3096} INFO - Sync 1 DAGs
[2026-07-01T17:23:06.704+0000] {logging_mixin.py:188} INFO - [2026-07-01T17:23:06.704+0000] {dag.py:3954} INFO - Setting next_dagrun for weather_tomorrowio_pipeline to 2026-07-01 17:00:00+00:00, run_after=2026-07-01 18:00:00+00:00
[2026-07-01T17:23:06.722+0000] {processor.py:183} INFO - Processing /opt/airflow/dags/dag_tomorrowio.py took 0.659 seconds
[2026-07-01T17:23:37.562+0000] {processor.py:161} INFO - Started process (PID=33781) to work on /opt/airflow/dags/dag_tomorrowio.py
[2026-07-01T17:23:37.568+0000] {processor.py:830} INFO - Processing file /opt/airflow/dags/dag_tomorrowio.py for tasks to queue
[2026-07-01T17:23:37.573+0000] {logging_mixin.py:188} INFO - [2026-07-01T17:23:37.572+0000] {dagbag.py:545} INFO - Filling up the DagBag from /opt/airflow/dags/dag_tomorrowio.py
[2026-07-01T17:23:38.119+0000] {processor.py:840} INFO - DAG(s) 'weather_tomorrowio_pipeline' retrieved from /opt/airflow/dags/dag_tomorrowio.py
[2026-07-01T17:23:38.131+0000] {logging_mixin.py:188} INFO - [2026-07-01T17:23:38.131+0000] {dag.py:3096} INFO - Sync 1 DAGs
[2026-07-01T17:23:38.140+0000] {logging_mixin.py:188} INFO - [2026-07-01T17:23:38.140+0000] {dag.py:3954} INFO - Setting next_dagrun for weather_tomorrowio_pipeline to 2026-07-01 17:00:00+00:00, run_after=2026-07-01 18:00:00+00:00
[2026-07-01T17:23:38.148+0000] {processor.py:183} INFO - Processing /opt/airflow/dags/dag_tomorrowio.py took 0.602 seconds
[2026-07-01T17:24:08.854+0000] {processor.py:161} INFO - Started process (PID=33816) to work on /opt/airflow/dags/dag_tomorrowio.py
[2026-07-01T17:24:08.856+0000] {processor.py:830} INFO - Processing file /opt/airflow/dags/dag_tomorrowio.py for tasks to queue
[2026-07-01T17:24:08.863+0000] {logging_mixin.py:188} INFO - [2026-07-01T17:24:08.863+0000] {dagbag.py:545} INFO - Filling up the DagBag from /opt/airflow/dags/dag_tomorrowio.py
[2026-07-01T17:24:09.300+0000] {processor.py:840} INFO - DAG(s) 'weather_tomorrowio_pipeline' retrieved from /opt/airflow/dags/dag_tomorrowio.py
[2026-07-01T17:24:09.326+0000] {logging_mixin.py:188} INFO - [2026-07-01T17:24:09.326+0000] {dag.py:3096} INFO - Sync 1 DAGs
[2026-07-01T17:24:09.342+0000] {logging_mixin.py:188} INFO - [2026-07-01T17:24:09.342+0000] {dag.py:3954} INFO - Setting next_dagrun for weather_tomorrowio_pipeline to 2026-07-01 17:00:00+00:00, run_after=2026-07-01 18:00:00+00:00
[2026-07-01T17:24:09.360+0000] {processor.py:183} INFO - Processing /opt/airflow/dags/dag_tomorrowio.py took 0.518 seconds
[2026-07-01T17:24:40.104+0000] {processor.py:161} INFO - Started process (PID=33854) to work on /opt/airflow/dags/dag_tomorrowio.py
[2026-07-01T17:24:40.111+0000] {processor.py:830} INFO - Processing file /opt/airflow/dags/dag_tomorrowio.py for tasks to queue
[2026-07-01T17:24:40.121+0000] {logging_mixin.py:188} INFO - [2026-07-01T17:24:40.118+0000] {dagbag.py:545} INFO - Filling up the DagBag from /opt/airflow/dags/dag_tomorrowio.py
[2026-07-01T17:24:40.598+0000] {processor.py:840} INFO - DAG(s) 'weather_tomorrowio_pipeline' retrieved from /opt/airflow/dags/dag_tomorrowio.py
[2026-07-01T17:24:40.620+0000] {logging_mixin.py:188} INFO - [2026-07-01T17:24:40.619+0000] {dag.py:3096} INFO - Sync 1 DAGs
[2026-07-01T17:24:40.634+0000] {logging_mixin.py:188} INFO - [2026-07-01T17:24:40.634+0000] {dag.py:3954} INFO - Setting next_dagrun for weather_tomorrowio_pipeline to 2026-07-01 17:00:00+00:00, run_after=2026-07-01 18:00:00+00:00
[2026-07-01T17:24:40.642+0000] {processor.py:183} INFO - Processing /opt/airflow/dags/dag_tomorrowio.py took 0.554 seconds
[2026-07-01T17:25:11.355+0000] {processor.py:161} INFO - Started process (PID=33890) to work on /opt/airflow/dags/dag_tomorrowio.py
[2026-07-01T17:25:11.358+0000] {processor.py:830} INFO - Processing file /opt/airflow/dags/dag_tomorrowio.py for tasks to queue
[2026-07-01T17:25:11.365+0000] {logging_mixin.py:188} INFO - [2026-07-01T17:25:11.364+0000] {dagbag.py:545} INFO - Filling up the DagBag from /opt/airflow/dags/dag_tomorrowio.py
[2026-07-01T17:25:11.987+0000] {processor.py:840} INFO - DAG(s) 'weather_tomorrowio_pipeline' retrieved from /opt/airflow/dags/dag_tomorrowio.py
[2026-07-01T17:25:12.018+0000] {logging_mixin.py:188} INFO - [2026-07-01T17:25:12.018+0000] {dag.py:3096} INFO - Sync 1 DAGs
[2026-07-01T17:25:12.030+0000] {logging_mixin.py:188} INFO - [2026-07-01T17:25:12.029+0000] {dag.py:3954} INFO - Setting next_dagrun for weather_tomorrowio_pipeline to 2026-07-01 17:00:00+00:00, run_after=2026-07-01 18:00:00+00:00
[2026-07-01T17:25:12.041+0000] {processor.py:183} INFO - Processing /opt/airflow/dags/dag_tomorrowio.py took 0.702 seconds
[2026-07-01T17:25:42.648+0000] {processor.py:161} INFO - Started process (PID=33929) to work on /opt/airflow/dags/dag_tomorrowio.py
[2026-07-01T17:25:42.652+0000] {processor.py:830} INFO - Processing file /opt/airflow/dags/dag_tomorrowio.py for tasks to queue
[2026-07-01T17:25:42.656+0000] {logging_mixin.py:188} INFO - [2026-07-01T17:25:42.655+0000] {dagbag.py:545} INFO - Filling up the DagBag from /opt/airflow/dags/dag_tomorrowio.py
[2026-07-01T17:25:43.253+0000] {processor.py:840} INFO - DAG(s) 'weather_tomorrowio_pipeline' retrieved from /opt/airflow/dags/dag_tomorrowio.py
[2026-07-01T17:25:43.277+0000] {logging_mixin.py:188} INFO - [2026-07-01T17:25:43.277+0000] {dag.py:3096} INFO - Sync 1 DAGs
[2026-07-01T17:25:43.286+0000] {logging_mixin.py:188} INFO - [2026-07-01T17:25:43.286+0000] {dag.py:3954} INFO - Setting next_dagrun for weather_tomorrowio_pipeline to 2026-07-01 17:00:00+00:00, run_after=2026-07-01 18:00:00+00:00
[2026-07-01T17:25:43.295+0000] {processor.py:183} INFO - Processing /opt/airflow/dags/dag_tomorrowio.py took 0.654 seconds
[2026-07-01T17:26:14.034+0000] {processor.py:161} INFO - Started process (PID=33964) to work on /opt/airflow/dags/dag_tomorrowio.py
[2026-07-01T17:26:14.038+0000] {processor.py:830} INFO - Processing file /opt/airflow/dags/dag_tomorrowio.py for tasks to queue
[2026-07-01T17:26:14.043+0000] {logging_mixin.py:188} INFO - [2026-07-01T17:26:14.042+0000] {dagbag.py:545} INFO - Filling up the DagBag from /opt/airflow/dags/dag_tomorrowio.py
[2026-07-01T17:26:14.638+0000] {processor.py:840} INFO - DAG(s) 'weather_tomorrowio_pipeline' retrieved from /opt/airflow/dags/dag_tomorrowio.py
[2026-07-01T17:26:14.674+0000] {logging_mixin.py:188} INFO - [2026-07-01T17:26:14.674+0000] {dag.py:3096} INFO - Sync 1 DAGs
[2026-07-01T17:26:14.687+0000] {logging_mixin.py:188} INFO - [2026-07-01T17:26:14.687+0000] {dag.py:3954} INFO - Setting next_dagrun for weather_tomorrowio_pipeline to 2026-07-01 17:00:00+00:00, run_after=2026-07-01 18:00:00+00:00
[2026-07-01T17:26:14.696+0000] {processor.py:183} INFO - Processing /opt/airflow/dags/dag_tomorrowio.py took 0.679 seconds
[2026-07-01T17:26:44.962+0000] {processor.py:161} INFO - Started process (PID=34003) to work on /opt/airflow/dags/dag_tomorrowio.py
[2026-07-01T17:26:44.964+0000] {processor.py:830} INFO - Processing file /opt/airflow/dags/dag_tomorrowio.py for tasks to queue
[2026-07-01T17:26:44.967+0000] {logging_mixin.py:188} INFO - [2026-07-01T17:26:44.967+0000] {dagbag.py:545} INFO - Filling up the DagBag from /opt/airflow/dags/dag_tomorrowio.py
[2026-07-01T17:26:45.465+0000] {processor.py:840} INFO - DAG(s) 'weather_tomorrowio_pipeline' retrieved from /opt/airflow/dags/dag_tomorrowio.py
[2026-07-01T17:26:45.487+0000] {logging_mixin.py:188} INFO - [2026-07-01T17:26:45.487+0000] {dag.py:3096} INFO - Sync 1 DAGs
[2026-07-01T17:26:45.497+0000] {logging_mixin.py:188} INFO - [2026-07-01T17:26:45.497+0000] {dag.py:3954} INFO - Setting next_dagrun for weather_tomorrowio_pipeline to 2026-07-01 17:00:00+00:00, run_after=2026-07-01 18:00:00+00:00
[2026-07-01T17:26:45.509+0000] {processor.py:183} INFO - Processing /opt/airflow/dags/dag_tomorrowio.py took 0.553 seconds
[2026-07-01T17:27:16.242+0000] {processor.py:161} INFO - Started process (PID=34040) to work on /opt/airflow/dags/dag_tomorrowio.py
[2026-07-01T17:27:16.244+0000] {processor.py:830} INFO - Processing file /opt/airflow/dags/dag_tomorrowio.py for tasks to queue
[2026-07-01T17:27:16.255+0000] {logging_mixin.py:188} INFO - [2026-07-01T17:27:16.253+0000] {dagbag.py:545} INFO - Filling up the DagBag from /opt/airflow/dags/dag_tomorrowio.py
[2026-07-01T17:27:16.868+0000] {processor.py:840} INFO - DAG(s) 'weather_tomorrowio_pipeline' retrieved from /opt/airflow/dags/dag_tomorrowio.py
[2026-07-01T17:27:16.883+0000] {logging_mixin.py:188} INFO - [2026-07-01T17:27:16.883+0000] {dag.py:3096} INFO - Sync 1 DAGs
[2026-07-01T17:27:16.905+0000] {logging_mixin.py:188} INFO - [2026-07-01T17:27:16.905+0000] {dag.py:3954} INFO - Setting next_dagrun for weather_tomorrowio_pipeline to 2026-07-01 17:00:00+00:00, run_after=2026-07-01 18:00:00+00:00
[2026-07-01T17:27:16.920+0000] {processor.py:183} INFO - Processing /opt/airflow/dags/dag_tomorrowio.py took 0.698 seconds
[2026-07-01T17:27:47.515+0000] {processor.py:161} INFO - Started process (PID=34077) to work on /opt/airflow/dags/dag_tomorrowio.py
[2026-07-01T17:27:47.517+0000] {processor.py:830} INFO - Processing file /opt/airflow/dags/dag_tomorrowio.py for tasks to queue
[2026-07-01T17:27:47.519+0000] {logging_mixin.py:188} INFO - [2026-07-01T17:27:47.518+0000] {dagbag.py:545} INFO - Filling up the DagBag from /opt/airflow/dags/dag_tomorrowio.py
[2026-07-01T17:27:48.044+0000] {processor.py:840} INFO - DAG(s) 'weather_tomorrowio_pipeline' retrieved from /opt/airflow/dags/dag_tomorrowio.py
[2026-07-01T17:27:48.064+0000] {logging_mixin.py:188} INFO - [2026-07-01T17:27:48.064+0000] {dag.py:3096} INFO - Sync 1 DAGs
[2026-07-01T17:27:48.076+0000] {logging_mixin.py:188} INFO - [2026-07-01T17:27:48.076+0000] {dag.py:3954} INFO - Setting next_dagrun for weather_tomorrowio_pipeline to 2026-07-01 17:00:00+00:00, run_after=2026-07-01 18:00:00+00:00
[2026-07-01T17:27:48.086+0000] {processor.py:183} INFO - Processing /opt/airflow/dags/dag_tomorrowio.py took 0.581 seconds
[2026-07-01T17:28:18.703+0000] {processor.py:161} INFO - Started process (PID=34114) to work on /opt/airflow/dags/dag_tomorrowio.py
[2026-07-01T17:28:18.704+0000] {processor.py:830} INFO - Processing file /opt/airflow/dags/dag_tomorrowio.py for tasks to queue
[2026-07-01T17:28:18.706+0000] {logging_mixin.py:188} INFO - [2026-07-01T17:28:18.706+0000] {dagbag.py:545} INFO - Filling up the DagBag from /opt/airflow/dags/dag_tomorrowio.py
[2026-07-01T17:28:19.153+0000] {processor.py:840} INFO - DAG(s) 'weather_tomorrowio_pipeline' retrieved from /opt/airflow/dags/dag_tomorrowio.py
[2026-07-01T17:28:19.170+0000] {logging_mixin.py:188} INFO - [2026-07-01T17:28:19.169+0000] {dag.py:3096} INFO - Sync 1 DAGs
[2026-07-01T17:28:19.181+0000] {logging_mixin.py:188} INFO - [2026-07-01T17:28:19.180+0000] {dag.py:3954} INFO - Setting next_dagrun for weather_tomorrowio_pipeline to 2026-07-01 17:00:00+00:00, run_after=2026-07-01 18:00:00+00:00
[2026-07-01T17:28:19.189+0000] {processor.py:183} INFO - Processing /opt/airflow/dags/dag_tomorrowio.py took 0.497 seconds
[2026-07-01T17:28:49.815+0000] {processor.py:161} INFO - Started process (PID=34151) to work on /opt/airflow/dags/dag_tomorrowio.py
[2026-07-01T17:28:49.816+0000] {processor.py:830} INFO - Processing file /opt/airflow/dags/dag_tomorrowio.py for tasks to queue
[2026-07-01T17:28:49.821+0000] {logging_mixin.py:188} INFO - [2026-07-01T17:28:49.819+0000] {dagbag.py:545} INFO - Filling up the DagBag from /opt/airflow/dags/dag_tomorrowio.py
[2026-07-01T17:28:50.272+0000] {processor.py:840} INFO - DAG(s) 'weather_tomorrowio_pipeline' retrieved from /opt/airflow/dags/dag_tomorrowio.py
[2026-07-01T17:28:50.288+0000] {logging_mixin.py:188} INFO - [2026-07-01T17:28:50.288+0000] {dag.py:3096} INFO - Sync 1 DAGs
[2026-07-01T17:28:50.297+0000] {logging_mixin.py:188} INFO - [2026-07-01T17:28:50.297+0000] {dag.py:3954} INFO - Setting next_dagrun for weather_tomorrowio_pipeline to 2026-07-01 17:00:00+00:00, run_after=2026-07-01 18:00:00+00:00
[2026-07-01T17:28:50.307+0000] {processor.py:183} INFO - Processing /opt/airflow/dags/dag_tomorrowio.py took 0.498 seconds
[2026-07-01T17:29:20.894+0000] {processor.py:161} INFO - Started process (PID=34188) to work on /opt/airflow/dags/dag_tomorrowio.py
[2026-07-01T17:29:20.896+0000] {processor.py:830} INFO - Processing file /opt/airflow/dags/dag_tomorrowio.py for tasks to queue
[2026-07-01T17:29:20.900+0000] {logging_mixin.py:188} INFO - [2026-07-01T17:29:20.900+0000] {dagbag.py:545} INFO - Filling up the DagBag from /opt/airflow/dags/dag_tomorrowio.py
[2026-07-01T17:29:21.375+0000] {processor.py:840} INFO - DAG(s) 'weather_tomorrowio_pipeline' retrieved from /opt/airflow/dags/dag_tomorrowio.py
[2026-07-01T17:29:21.392+0000] {logging_mixin.py:188} INFO - [2026-07-01T17:29:21.392+0000] {dag.py:3096} INFO - Sync 1 DAGs
[2026-07-01T17:29:21.401+0000] {logging_mixin.py:188} INFO - [2026-07-01T17:29:21.401+0000] {dag.py:3954} INFO - Setting next_dagrun for weather_tomorrowio_pipeline to 2026-07-01 17:00:00+00:00, run_after=2026-07-01 18:00:00+00:00
[2026-07-01T17:29:21.410+0000] {processor.py:183} INFO - Processing /opt/airflow/dags/dag_tomorrowio.py took 0.528 seconds
[2026-07-01T17:29:51.934+0000] {processor.py:161} INFO - Started process (PID=34223) to work on /opt/airflow/dags/dag_tomorrowio.py
[2026-07-01T17:29:51.936+0000] {processor.py:830} INFO - Processing file /opt/airflow/dags/dag_tomorrowio.py for tasks to queue
[2026-07-01T17:29:51.940+0000] {logging_mixin.py:188} INFO - [2026-07-01T17:29:51.939+0000] {dagbag.py:545} INFO - Filling up the DagBag from /opt/airflow/dags/dag_tomorrowio.py
[2026-07-01T17:29:52.351+0000] {processor.py:840} INFO - DAG(s) 'weather_tomorrowio_pipeline' retrieved from /opt/airflow/dags/dag_tomorrowio.py
[2026-07-01T17:29:52.369+0000] {logging_mixin.py:188} INFO - [2026-07-01T17:29:52.369+0000] {dag.py:3096} INFO - Sync 1 DAGs
[2026-07-01T17:29:52.381+0000] {logging_mixin.py:188} INFO - [2026-07-01T17:29:52.381+0000] {dag.py:3954} INFO - Setting next_dagrun for weather_tomorrowio_pipeline to 2026-07-01 17:00:00+00:00, run_after=2026-07-01 18:00:00+00:00
[2026-07-01T17:29:52.392+0000] {processor.py:183} INFO - Processing /opt/airflow/dags/dag_tomorrowio.py took 0.473 seconds
[2026-07-01T17:30:22.910+0000] {processor.py:161} INFO - Started process (PID=34261) to work on /opt/airflow/dags/dag_tomorrowio.py
[2026-07-01T17:30:22.913+0000] {processor.py:830} INFO - Processing file /opt/airflow/dags/dag_tomorrowio.py for tasks to queue
[2026-07-01T17:30:22.916+0000] {logging_mixin.py:188} INFO - [2026-07-01T17:30:22.915+0000] {dagbag.py:545} INFO - Filling up the DagBag from /opt/airflow/dags/dag_tomorrowio.py
[2026-07-01T17:30:23.320+0000] {processor.py:840} INFO - DAG(s) 'weather_tomorrowio_pipeline' retrieved from /opt/airflow/dags/dag_tomorrowio.py
[2026-07-01T17:30:23.339+0000] {logging_mixin.py:188} INFO - [2026-07-01T17:30:23.339+0000] {dag.py:3096} INFO - Sync 1 DAGs
[2026-07-01T17:30:23.350+0000] {logging_mixin.py:188} INFO - [2026-07-01T17:30:23.350+0000] {dag.py:3954} INFO - Setting next_dagrun for weather_tomorrowio_pipeline to 2026-07-01 17:00:00+00:00, run_after=2026-07-01 18:00:00+00:00
[2026-07-01T17:30:23.359+0000] {processor.py:183} INFO - Processing /opt/airflow/dags/dag_tomorrowio.py took 0.456 seconds
[2026-07-01T17:30:53.813+0000] {processor.py:161} INFO - Started process (PID=34299) to work on /opt/airflow/dags/dag_tomorrowio.py
[2026-07-01T17:30:53.814+0000] {processor.py:830} INFO - Processing file /opt/airflow/dags/dag_tomorrowio.py for tasks to queue
[2026-07-01T17:30:53.816+0000] {logging_mixin.py:188} INFO - [2026-07-01T17:30:53.815+0000] {dagbag.py:545} INFO - Filling up the DagBag from /opt/airflow/dags/dag_tomorrowio.py
[2026-07-01T17:30:54.022+0000] {processor.py:840} INFO - DAG(s) 'weather_tomorrowio_pipeline' retrieved from /opt/airflow/dags/dag_tomorrowio.py
[2026-07-01T17:30:54.034+0000] {logging_mixin.py:188} INFO - [2026-07-01T17:30:54.034+0000] {dag.py:3096} INFO - Sync 1 DAGs
[2026-07-01T17:30:54.042+0000] {logging_mixin.py:188} INFO - [2026-07-01T17:30:54.042+0000] {dag.py:3954} INFO - Setting next_dagrun for weather_tomorrowio_pipeline to 2026-07-01 17:00:00+00:00, run_after=2026-07-01 18:00:00+00:00
[2026-07-01T17:30:54.049+0000] {processor.py:183} INFO - Processing /opt/airflow/dags/dag_tomorrowio.py took 0.239 seconds
[2026-07-01T17:31:24.661+0000] {processor.py:161} INFO - Started process (PID=34335) to work on /opt/airflow/dags/dag_tomorrowio.py
[2026-07-01T17:31:24.665+0000] {processor.py:830} INFO - Processing file /opt/airflow/dags/dag_tomorrowio.py for tasks to queue
[2026-07-01T17:31:24.667+0000] {logging_mixin.py:188} INFO - [2026-07-01T17:31:24.667+0000] {dagbag.py:545} INFO - Filling up the DagBag from /opt/airflow/dags/dag_tomorrowio.py
[2026-07-01T17:31:25.102+0000] {processor.py:840} INFO - DAG(s) 'weather_tomorrowio_pipeline' retrieved from /opt/airflow/dags/dag_tomorrowio.py
[2026-07-01T17:31:25.116+0000] {logging_mixin.py:188} INFO - [2026-07-01T17:31:25.116+0000] {dag.py:3096} INFO - Sync 1 DAGs
[2026-07-01T17:31:25.124+0000] {logging_mixin.py:188} INFO - [2026-07-01T17:31:25.124+0000] {dag.py:3954} INFO - Setting next_dagrun for weather_tomorrowio_pipeline to 2026-07-01 17:00:00+00:00, run_after=2026-07-01 18:00:00+00:00
[2026-07-01T17:31:25.132+0000] {processor.py:183} INFO - Processing /opt/airflow/dags/dag_tomorrowio.py took 0.478 seconds
[2026-07-01T17:31:55.671+0000] {processor.py:161} INFO - Started process (PID=34373) to work on /opt/airflow/dags/dag_tomorrowio.py
[2026-07-01T17:31:55.673+0000] {processor.py:830} INFO - Processing file /opt/airflow/dags/dag_tomorrowio.py for tasks to queue
[2026-07-01T17:31:55.677+0000] {logging_mixin.py:188} INFO - [2026-07-01T17:31:55.676+0000] {dagbag.py:545} INFO - Filling up the DagBag from /opt/airflow/dags/dag_tomorrowio.py
[2026-07-01T17:31:56.091+0000] {processor.py:840} INFO - DAG(s) 'weather_tomorrowio_pipeline' retrieved from /opt/airflow/dags/dag_tomorrowio.py
[2026-07-01T17:31:56.106+0000] {logging_mixin.py:188} INFO - [2026-07-01T17:31:56.106+0000] {dag.py:3096} INFO - Sync 1 DAGs
[2026-07-01T17:31:56.114+0000] {logging_mixin.py:188} INFO - [2026-07-01T17:31:56.114+0000] {dag.py:3954} INFO - Setting next_dagrun for weather_tomorrowio_pipeline to 2026-07-01 17:00:00+00:00, run_after=2026-07-01 18:00:00+00:00
[2026-07-01T17:31:56.122+0000] {processor.py:183} INFO - Processing /opt/airflow/dags/dag_tomorrowio.py took 0.465 seconds
[2026-07-01T17:32:27.076+0000] {processor.py:161} INFO - Started process (PID=34409) to work on /opt/airflow/dags/dag_tomorrowio.py
[2026-07-01T17:32:27.078+0000] {processor.py:830} INFO - Processing file /opt/airflow/dags/dag_tomorrowio.py for tasks to queue
[2026-07-01T17:32:27.087+0000] {logging_mixin.py:188} INFO - [2026-07-01T17:32:27.083+0000] {dagbag.py:545} INFO - Filling up the DagBag from /opt/airflow/dags/dag_tomorrowio.py
[2026-07-01T17:32:27.548+0000] {processor.py:840} INFO - DAG(s) 'weather_tomorrowio_pipeline' retrieved from /opt/airflow/dags/dag_tomorrowio.py
[2026-07-01T17:32:27.563+0000] {logging_mixin.py:188} INFO - [2026-07-01T17:32:27.563+0000] {dag.py:3096} INFO - Sync 1 DAGs
[2026-07-01T17:32:27.571+0000] {logging_mixin.py:188} INFO - [2026-07-01T17:32:27.571+0000] {dag.py:3954} INFO - Setting next_dagrun for weather_tomorrowio_pipeline to 2026-07-01 17:00:00+00:00, run_after=2026-07-01 18:00:00+00:00
[2026-07-01T17:32:27.580+0000] {processor.py:183} INFO - Processing /opt/airflow/dags/dag_tomorrowio.py took 0.518 seconds
[2026-07-01T17:32:58.105+0000] {processor.py:161} INFO - Started process (PID=34447) to work on /opt/airflow/dags/dag_tomorrowio.py
[2026-07-01T17:32:58.107+0000] {processor.py:830} INFO - Processing file /opt/airflow/dags/dag_tomorrowio.py for tasks to queue
[2026-07-01T17:32:58.110+0000] {logging_mixin.py:188} INFO - [2026-07-01T17:32:58.110+0000] {dagbag.py:545} INFO - Filling up the DagBag from /opt/airflow/dags/dag_tomorrowio.py
[2026-07-01T17:32:58.366+0000] {processor.py:840} INFO - DAG(s) 'weather_tomorrowio_pipeline' retrieved from /opt/airflow/dags/dag_tomorrowio.py
[2026-07-01T17:32:58.378+0000] {logging_mixin.py:188} INFO - [2026-07-01T17:32:58.378+0000] {dag.py:3096} INFO - Sync 1 DAGs
[2026-07-01T17:32:58.387+0000] {logging_mixin.py:188} INFO - [2026-07-01T17:32:58.387+0000] {dag.py:3954} INFO - Setting next_dagrun for weather_tomorrowio_pipeline to 2026-07-01 17:00:00+00:00, run_after=2026-07-01 18:00:00+00:00
[2026-07-01T17:32:58.394+0000] {processor.py:183} INFO - Processing /opt/airflow/dags/dag_tomorrowio.py took 0.294 seconds
[2026-07-01T17:33:29.170+0000] {processor.py:161} INFO - Started process (PID=34484) to work on /opt/airflow/dags/dag_tomorrowio.py
[2026-07-01T17:33:29.172+0000] {processor.py:830} INFO - Processing file /opt/airflow/dags/dag_tomorrowio.py for tasks to queue
[2026-07-01T17:33:29.174+0000] {logging_mixin.py:188} INFO - [2026-07-01T17:33:29.174+0000] {dagbag.py:545} INFO - Filling up the DagBag from /opt/airflow/dags/dag_tomorrowio.py
[2026-07-01T17:33:29.587+0000] {processor.py:840} INFO - DAG(s) 'weather_tomorrowio_pipeline' retrieved from /opt/airflow/dags/dag_tomorrowio.py
[2026-07-01T17:33:29.599+0000] {logging_mixin.py:188} INFO - [2026-07-01T17:33:29.599+0000] {dag.py:3096} INFO - Sync 1 DAGs
[2026-07-01T17:33:29.608+0000] {logging_mixin.py:188} INFO - [2026-07-01T17:33:29.608+0000] {dag.py:3954} INFO - Setting next_dagrun for weather_tomorrowio_pipeline to 2026-07-01 17:00:00+00:00, run_after=2026-07-01 18:00:00+00:00
[2026-07-01T17:33:29.617+0000] {processor.py:183} INFO - Processing /opt/airflow/dags/dag_tomorrowio.py took 0.452 seconds
[2026-07-01T17:34:00.174+0000] {processor.py:161} INFO - Started process (PID=34520) to work on /opt/airflow/dags/dag_tomorrowio.py
[2026-07-01T17:34:00.177+0000] {processor.py:830} INFO - Processing file /opt/airflow/dags/dag_tomorrowio.py for tasks to queue
[2026-07-01T17:34:00.184+0000] {logging_mixin.py:188} INFO - [2026-07-01T17:34:00.183+0000] {dagbag.py:545} INFO - Filling up the DagBag from /opt/airflow/dags/dag_tomorrowio.py
[2026-07-01T17:34:00.653+0000] {processor.py:840} INFO - DAG(s) 'weather_tomorrowio_pipeline' retrieved from /opt/airflow/dags/dag_tomorrowio.py
[2026-07-01T17:34:00.673+0000] {logging_mixin.py:188} INFO - [2026-07-01T17:34:00.673+0000] {dag.py:3096} INFO - Sync 1 DAGs
[2026-07-01T17:34:00.684+0000] {logging_mixin.py:188} INFO - [2026-07-01T17:34:00.684+0000] {dag.py:3954} INFO - Setting next_dagrun for weather_tomorrowio_pipeline to 2026-07-01 17:00:00+00:00, run_after=2026-07-01 18:00:00+00:00
[2026-07-01T17:34:00.694+0000] {processor.py:183} INFO - Processing /opt/airflow/dags/dag_tomorrowio.py took 0.548 seconds
[2026-07-01T17:34:31.211+0000] {processor.py:161} INFO - Started process (PID=34556) to work on /opt/airflow/dags/dag_tomorrowio.py
[2026-07-01T17:34:31.212+0000] {processor.py:830} INFO - Processing file /opt/airflow/dags/dag_tomorrowio.py for tasks to queue
[2026-07-01T17:34:31.214+0000] {logging_mixin.py:188} INFO - [2026-07-01T17:34:31.214+0000] {dagbag.py:545} INFO - Filling up the DagBag from /opt/airflow/dags/dag_tomorrowio.py
[2026-07-01T17:34:31.683+0000] {processor.py:840} INFO - DAG(s) 'weather_tomorrowio_pipeline' retrieved from /opt/airflow/dags/dag_tomorrowio.py
[2026-07-01T17:34:31.702+0000] {logging_mixin.py:188} INFO - [2026-07-01T17:34:31.701+0000] {dag.py:3096} INFO - Sync 1 DAGs
[2026-07-01T17:34:31.710+0000] {logging_mixin.py:188} INFO - [2026-07-01T17:34:31.710+0000] {dag.py:3954} INFO - Setting next_dagrun for weather_tomorrowio_pipeline to 2026-07-01 17:00:00+00:00, run_after=2026-07-01 18:00:00+00:00
[2026-07-01T17:34:31.718+0000] {processor.py:183} INFO - Processing /opt/airflow/dags/dag_tomorrowio.py took 0.518 seconds
[2026-07-01T17:35:02.470+0000] {processor.py:161} INFO - Started process (PID=34594) to work on /opt/airflow/dags/dag_tomorrowio.py
[2026-07-01T17:35:02.473+0000] {processor.py:830} INFO - Processing file /opt/airflow/dags/dag_tomorrowio.py for tasks to queue
[2026-07-01T17:35:02.476+0000] {logging_mixin.py:188} INFO - [2026-07-01T17:35:02.475+0000] {dagbag.py:545} INFO - Filling up the DagBag from /opt/airflow/dags/dag_tomorrowio.py
[2026-07-01T17:35:02.934+0000] {processor.py:840} INFO - DAG(s) 'weather_tomorrowio_pipeline' retrieved from /opt/airflow/dags/dag_tomorrowio.py
[2026-07-01T17:35:02.952+0000] {logging_mixin.py:188} INFO - [2026-07-01T17:35:02.951+0000] {dag.py:3096} INFO - Sync 1 DAGs
[2026-07-01T17:35:02.965+0000] {logging_mixin.py:188} INFO - [2026-07-01T17:35:02.965+0000] {dag.py:3954} INFO - Setting next_dagrun for weather_tomorrowio_pipeline to 2026-07-01 17:00:00+00:00, run_after=2026-07-01 18:00:00+00:00
[2026-07-01T17:35:02.978+0000] {processor.py:183} INFO - Processing /opt/airflow/dags/dag_tomorrowio.py took 0.522 seconds
[2026-07-01T17:35:33.563+0000] {processor.py:161} INFO - Started process (PID=34632) to work on /opt/airflow/dags/dag_tomorrowio.py
[2026-07-01T17:35:33.564+0000] {processor.py:830} INFO - Processing file /opt/airflow/dags/dag_tomorrowio.py for tasks to queue
[2026-07-01T17:35:33.567+0000] {logging_mixin.py:188} INFO - [2026-07-01T17:35:33.566+0000] {dagbag.py:545} INFO - Filling up the DagBag from /opt/airflow/dags/dag_tomorrowio.py
[2026-07-01T17:35:33.911+0000] {processor.py:840} INFO - DAG(s) 'weather_tomorrowio_pipeline' retrieved from /opt/airflow/dags/dag_tomorrowio.py
[2026-07-01T17:35:33.928+0000] {logging_mixin.py:188} INFO - [2026-07-01T17:35:33.928+0000] {dag.py:3096} INFO - Sync 1 DAGs
[2026-07-01T17:35:33.940+0000] {logging_mixin.py:188} INFO - [2026-07-01T17:35:33.940+0000] {dag.py:3954} INFO - Setting next_dagrun for weather_tomorrowio_pipeline to 2026-07-01 17:00:00+00:00, run_after=2026-07-01 18:00:00+00:00
[2026-07-01T17:35:33.948+0000] {processor.py:183} INFO - Processing /opt/airflow/dags/dag_tomorrowio.py took 0.392 seconds
[2026-07-01T17:36:04.545+0000] {processor.py:161} INFO - Started process (PID=34668) to work on /opt/airflow/dags/dag_tomorrowio.py
[2026-07-01T17:36:04.553+0000] {processor.py:830} INFO - Processing file /opt/airflow/dags/dag_tomorrowio.py for tasks to queue
[2026-07-01T17:36:04.556+0000] {logging_mixin.py:188} INFO - [2026-07-01T17:36:04.555+0000] {dagbag.py:545} INFO - Filling up the DagBag from /opt/airflow/dags/dag_tomorrowio.py
[2026-07-01T17:36:05.008+0000] {processor.py:840} INFO - DAG(s) 'weather_tomorrowio_pipeline' retrieved from /opt/airflow/dags/dag_tomorrowio.py
[2026-07-01T17:36:05.023+0000] {logging_mixin.py:188} INFO - [2026-07-01T17:36:05.023+0000] {dag.py:3096} INFO - Sync 1 DAGs
[2026-07-01T17:36:05.033+0000] {logging_mixin.py:188} INFO - [2026-07-01T17:36:05.033+0000] {dag.py:3954} INFO - Setting next_dagrun for weather_tomorrowio_pipeline to 2026-07-01 17:00:00+00:00, run_after=2026-07-01 18:00:00+00:00
[2026-07-01T17:36:05.041+0000] {processor.py:183} INFO - Processing /opt/airflow/dags/dag_tomorrowio.py took 0.506 seconds
[2026-07-01T17:36:35.652+0000] {processor.py:161} INFO - Started process (PID=34706) to work on /opt/airflow/dags/dag_tomorrowio.py
[2026-07-01T17:36:35.655+0000] {processor.py:830} INFO - Processing file /opt/airflow/dags/dag_tomorrowio.py for tasks to queue
[2026-07-01T17:36:35.657+0000] {logging_mixin.py:188} INFO - [2026-07-01T17:36:35.657+0000] {dagbag.py:545} INFO - Filling up the DagBag from /opt/airflow/dags/dag_tomorrowio.py
[2026-07-01T17:36:36.174+0000] {processor.py:840} INFO - DAG(s) 'weather_tomorrowio_pipeline' retrieved from /opt/airflow/dags/dag_tomorrowio.py
[2026-07-01T17:36:36.191+0000] {logging_mixin.py:188} INFO - [2026-07-01T17:36:36.190+0000] {dag.py:3096} INFO - Sync 1 DAGs
[2026-07-01T17:36:36.199+0000] {logging_mixin.py:188} INFO - [2026-07-01T17:36:36.199+0000] {dag.py:3954} INFO - Setting next_dagrun for weather_tomorrowio_pipeline to 2026-07-01 17:00:00+00:00, run_after=2026-07-01 18:00:00+00:00
[2026-07-01T17:36:36.208+0000] {processor.py:183} INFO - Processing /opt/airflow/dags/dag_tomorrowio.py took 0.564 seconds
[2026-07-01T17:37:07.167+0000] {processor.py:161} INFO - Started process (PID=34764) to work on /opt/airflow/dags/dag_tomorrowio.py
[2026-07-01T17:37:07.168+0000] {processor.py:830} INFO - Processing file /opt/airflow/dags/dag_tomorrowio.py for tasks to queue
[2026-07-01T17:37:07.169+0000] {logging_mixin.py:188} INFO - [2026-07-01T17:37:07.169+0000] {dagbag.py:545} INFO - Filling up the DagBag from /opt/airflow/dags/dag_tomorrowio.py
[2026-07-01T17:37:07.414+0000] {processor.py:840} INFO - DAG(s) 'weather_tomorrowio_pipeline' retrieved from /opt/airflow/dags/dag_tomorrowio.py
[2026-07-01T17:37:07.423+0000] {logging_mixin.py:188} INFO - [2026-07-01T17:37:07.423+0000] {dag.py:3096} INFO - Sync 1 DAGs
[2026-07-01T17:37:07.430+0000] {logging_mixin.py:188} INFO - [2026-07-01T17:37:07.430+0000] {dag.py:3954} INFO - Setting next_dagrun for weather_tomorrowio_pipeline to 2026-07-01 17:00:00+00:00, run_after=2026-07-01 18:00:00+00:00
[2026-07-01T17:37:07.436+0000] {processor.py:183} INFO - Processing /opt/airflow/dags/dag_tomorrowio.py took 0.274 seconds
[2026-07-01T17:37:38.247+0000] {processor.py:161} INFO - Started process (PID=34801) to work on /opt/airflow/dags/dag_tomorrowio.py
[2026-07-01T17:37:38.248+0000] {processor.py:830} INFO - Processing file /opt/airflow/dags/dag_tomorrowio.py for tasks to queue
[2026-07-01T17:37:38.249+0000] {logging_mixin.py:188} INFO - [2026-07-01T17:37:38.249+0000] {dagbag.py:545} INFO - Filling up the DagBag from /opt/airflow/dags/dag_tomorrowio.py
[2026-07-01T17:37:38.555+0000] {processor.py:840} INFO - DAG(s) 'weather_tomorrowio_pipeline' retrieved from /opt/airflow/dags/dag_tomorrowio.py
[2026-07-01T17:37:38.565+0000] {logging_mixin.py:188} INFO - [2026-07-01T17:37:38.565+0000] {dag.py:3096} INFO - Sync 1 DAGs
[2026-07-01T17:37:38.575+0000] {logging_mixin.py:188} INFO - [2026-07-01T17:37:38.575+0000] {dag.py:3954} INFO - Setting next_dagrun for weather_tomorrowio_pipeline to 2026-07-01 17:00:00+00:00, run_after=2026-07-01 18:00:00+00:00
[2026-07-01T17:37:38.585+0000] {processor.py:183} INFO - Processing /opt/airflow/dags/dag_tomorrowio.py took 0.332 seconds
[2026-07-01T17:38:09.362+0000] {processor.py:161} INFO - Started process (PID=34838) to work on /opt/airflow/dags/dag_tomorrowio.py
[2026-07-01T17:38:09.364+0000] {processor.py:830} INFO - Processing file /opt/airflow/dags/dag_tomorrowio.py for tasks to queue
[2026-07-01T17:38:09.365+0000] {logging_mixin.py:188} INFO - [2026-07-01T17:38:09.364+0000] {dagbag.py:545} INFO - Filling up the DagBag from /opt/airflow/dags/dag_tomorrowio.py
[2026-07-01T17:38:09.642+0000] {processor.py:840} INFO - DAG(s) 'weather_tomorrowio_pipeline' retrieved from /opt/airflow/dags/dag_tomorrowio.py
[2026-07-01T17:38:09.650+0000] {logging_mixin.py:188} INFO - [2026-07-01T17:38:09.649+0000] {dag.py:3096} INFO - Sync 1 DAGs
[2026-07-01T17:38:09.657+0000] {logging_mixin.py:188} INFO - [2026-07-01T17:38:09.656+0000] {dag.py:3954} INFO - Setting next_dagrun for weather_tomorrowio_pipeline to 2026-07-01 17:00:00+00:00, run_after=2026-07-01 18:00:00+00:00
[2026-07-01T17:38:09.663+0000] {processor.py:183} INFO - Processing /opt/airflow/dags/dag_tomorrowio.py took 0.306 seconds
[2026-07-01T17:38:40.483+0000] {processor.py:161} INFO - Started process (PID=34875) to work on /opt/airflow/dags/dag_tomorrowio.py
[2026-07-01T17:38:40.484+0000] {processor.py:830} INFO - Processing file /opt/airflow/dags/dag_tomorrowio.py for tasks to queue
[2026-07-01T17:38:40.485+0000] {logging_mixin.py:188} INFO - [2026-07-01T17:38:40.485+0000] {dagbag.py:545} INFO - Filling up the DagBag from /opt/airflow/dags/dag_tomorrowio.py
[2026-07-01T17:38:40.827+0000] {processor.py:840} INFO - DAG(s) 'weather_tomorrowio_pipeline' retrieved from /opt/airflow/dags/dag_tomorrowio.py
[2026-07-01T17:38:40.835+0000] {logging_mixin.py:188} INFO - [2026-07-01T17:38:40.835+0000] {dag.py:3096} INFO - Sync 1 DAGs
[2026-07-01T17:38:40.843+0000] {logging_mixin.py:188} INFO - [2026-07-01T17:38:40.843+0000] {dag.py:3954} INFO - Setting next_dagrun for weather_tomorrowio_pipeline to 2026-07-01 17:00:00+00:00, run_after=2026-07-01 18:00:00+00:00
[2026-07-01T17:38:40.849+0000] {processor.py:183} INFO - Processing /opt/airflow/dags/dag_tomorrowio.py took 0.371 seconds
[2026-07-01T17:39:11.730+0000] {processor.py:161} INFO - Started process (PID=34912) to work on /opt/airflow/dags/dag_tomorrowio.py
[2026-07-01T17:39:11.731+0000] {processor.py:830} INFO - Processing file /opt/airflow/dags/dag_tomorrowio.py for tasks to queue
[2026-07-01T17:39:11.731+0000] {logging_mixin.py:188} INFO - [2026-07-01T17:39:11.731+0000] {dagbag.py:545} INFO - Filling up the DagBag from /opt/airflow/dags/dag_tomorrowio.py
[2026-07-01T17:39:12.010+0000] {processor.py:840} INFO - DAG(s) 'weather_tomorrowio_pipeline' retrieved from /opt/airflow/dags/dag_tomorrowio.py
[2026-07-01T17:39:12.021+0000] {logging_mixin.py:188} INFO - [2026-07-01T17:39:12.021+0000] {dag.py:3096} INFO - Sync 1 DAGs
[2026-07-01T17:39:12.030+0000] {logging_mixin.py:188} INFO - [2026-07-01T17:39:12.030+0000] {dag.py:3954} INFO - Setting next_dagrun for weather_tomorrowio_pipeline to 2026-07-01 17:00:00+00:00, run_after=2026-07-01 18:00:00+00:00
[2026-07-01T17:39:12.038+0000] {processor.py:183} INFO - Processing /opt/airflow/dags/dag_tomorrowio.py took 0.312 seconds
[2026-07-01T17:39:42.714+0000] {processor.py:161} INFO - Started process (PID=34949) to work on /opt/airflow/dags/dag_tomorrowio.py
[2026-07-01T17:39:42.715+0000] {processor.py:830} INFO - Processing file /opt/airflow/dags/dag_tomorrowio.py for tasks to queue
[2026-07-01T17:39:42.717+0000] {logging_mixin.py:188} INFO - [2026-07-01T17:39:42.716+0000] {dagbag.py:545} INFO - Filling up the DagBag from /opt/airflow/dags/dag_tomorrowio.py
[2026-07-01T17:39:43.025+0000] {processor.py:840} INFO - DAG(s) 'weather_tomorrowio_pipeline' retrieved from /opt/airflow/dags/dag_tomorrowio.py
[2026-07-01T17:39:43.037+0000] {logging_mixin.py:188} INFO - [2026-07-01T17:39:43.037+0000] {dag.py:3096} INFO - Sync 1 DAGs
[2026-07-01T17:39:43.048+0000] {logging_mixin.py:188} INFO - [2026-07-01T17:39:43.047+0000] {dag.py:3954} INFO - Setting next_dagrun for weather_tomorrowio_pipeline to 2026-07-01 17:00:00+00:00, run_after=2026-07-01 18:00:00+00:00
[2026-07-01T17:39:43.058+0000] {processor.py:183} INFO - Processing /opt/airflow/dags/dag_tomorrowio.py took 0.348 seconds
[2026-07-01T17:40:13.894+0000] {processor.py:161} INFO - Started process (PID=34986) to work on /opt/airflow/dags/dag_tomorrowio.py
[2026-07-01T17:40:13.894+0000] {processor.py:830} INFO - Processing file /opt/airflow/dags/dag_tomorrowio.py for tasks to queue
[2026-07-01T17:40:13.895+0000] {logging_mixin.py:188} INFO - [2026-07-01T17:40:13.895+0000] {dagbag.py:545} INFO - Filling up the DagBag from /opt/airflow/dags/dag_tomorrowio.py
[2026-07-01T17:40:14.218+0000] {processor.py:840} INFO - DAG(s) 'weather_tomorrowio_pipeline' retrieved from /opt/airflow/dags/dag_tomorrowio.py
[2026-07-01T17:40:14.229+0000] {logging_mixin.py:188} INFO - [2026-07-01T17:40:14.229+0000] {dag.py:3096} INFO - Sync 1 DAGs
[2026-07-01T17:40:14.238+0000] {logging_mixin.py:188} INFO - [2026-07-01T17:40:14.237+0000] {dag.py:3954} INFO - Setting next_dagrun for weather_tomorrowio_pipeline to 2026-07-01 17:00:00+00:00, run_after=2026-07-01 18:00:00+00:00
[2026-07-01T17:40:14.246+0000] {processor.py:183} INFO - Processing /opt/airflow/dags/dag_tomorrowio.py took 0.359 seconds
[2026-07-01T17:40:45.057+0000] {processor.py:161} INFO - Started process (PID=35023) to work on /opt/airflow/dags/dag_tomorrowio.py
[2026-07-01T17:40:45.058+0000] {processor.py:830} INFO - Processing file /opt/airflow/dags/dag_tomorrowio.py for tasks to queue
[2026-07-01T17:40:45.059+0000] {logging_mixin.py:188} INFO - [2026-07-01T17:40:45.059+0000] {dagbag.py:545} INFO - Filling up the DagBag from /opt/airflow/dags/dag_tomorrowio.py
[2026-07-01T17:40:45.366+0000] {processor.py:840} INFO - DAG(s) 'weather_tomorrowio_pipeline' retrieved from /opt/airflow/dags/dag_tomorrowio.py
[2026-07-01T17:40:45.376+0000] {logging_mixin.py:188} INFO - [2026-07-01T17:40:45.376+0000] {dag.py:3096} INFO - Sync 1 DAGs
[2026-07-01T17:40:45.384+0000] {logging_mixin.py:188} INFO - [2026-07-01T17:40:45.383+0000] {dag.py:3954} INFO - Setting next_dagrun for weather_tomorrowio_pipeline to 2026-07-01 17:00:00+00:00, run_after=2026-07-01 18:00:00+00:00
[2026-07-01T17:40:45.392+0000] {processor.py:183} INFO - Processing /opt/airflow/dags/dag_tomorrowio.py took 0.340 seconds
[2026-07-01T17:41:16.354+0000] {processor.py:161} INFO - Started process (PID=35060) to work on /opt/airflow/dags/dag_tomorrowio.py
[2026-07-01T17:41:16.355+0000] {processor.py:830} INFO - Processing file /opt/airflow/dags/dag_tomorrowio.py for tasks to queue
[2026-07-01T17:41:16.356+0000] {logging_mixin.py:188} INFO - [2026-07-01T17:41:16.355+0000] {dagbag.py:545} INFO - Filling up the DagBag from /opt/airflow/dags/dag_tomorrowio.py
[2026-07-01T17:41:16.670+0000] {processor.py:840} INFO - DAG(s) 'weather_tomorrowio_pipeline' retrieved from /opt/airflow/dags/dag_tomorrowio.py
[2026-07-01T17:41:16.682+0000] {logging_mixin.py:188} INFO - [2026-07-01T17:41:16.681+0000] {dag.py:3096} INFO - Sync 1 DAGs
[2026-07-01T17:41:16.693+0000] {logging_mixin.py:188} INFO - [2026-07-01T17:41:16.693+0000] {dag.py:3954} INFO - Setting next_dagrun for weather_tomorrowio_pipeline to 2026-07-01 17:00:00+00:00, run_after=2026-07-01 18:00:00+00:00
[2026-07-01T17:41:16.703+0000] {processor.py:183} INFO - Processing /opt/airflow/dags/dag_tomorrowio.py took 0.354 seconds
[2026-07-01T17:41:47.512+0000] {processor.py:161} INFO - Started process (PID=35097) to work on /opt/airflow/dags/dag_tomorrowio.py
[2026-07-01T17:41:47.513+0000] {processor.py:830} INFO - Processing file /opt/airflow/dags/dag_tomorrowio.py for tasks to queue
[2026-07-01T17:41:47.514+0000] {logging_mixin.py:188} INFO - [2026-07-01T17:41:47.514+0000] {dagbag.py:545} INFO - Filling up the DagBag from /opt/airflow/dags/dag_tomorrowio.py
[2026-07-01T17:41:47.774+0000] {processor.py:840} INFO - DAG(s) 'weather_tomorrowio_pipeline' retrieved from /opt/airflow/dags/dag_tomorrowio.py
[2026-07-01T17:41:47.784+0000] {logging_mixin.py:188} INFO - [2026-07-01T17:41:47.784+0000] {dag.py:3096} INFO - Sync 1 DAGs
[2026-07-01T17:41:47.793+0000] {logging_mixin.py:188} INFO - [2026-07-01T17:41:47.792+0000] {dag.py:3954} INFO - Setting next_dagrun for weather_tomorrowio_pipeline to 2026-07-01 17:00:00+00:00, run_after=2026-07-01 18:00:00+00:00
[2026-07-01T17:41:47.801+0000] {processor.py:183} INFO - Processing /opt/airflow/dags/dag_tomorrowio.py took 0.294 seconds
[2026-07-01T17:42:18.578+0000] {processor.py:161} INFO - Started process (PID=35134) to work on /opt/airflow/dags/dag_tomorrowio.py
[2026-07-01T17:42:18.579+0000] {processor.py:830} INFO - Processing file /opt/airflow/dags/dag_tomorrowio.py for tasks to queue
[2026-07-01T17:42:18.580+0000] {logging_mixin.py:188} INFO - [2026-07-01T17:42:18.580+0000] {dagbag.py:545} INFO - Filling up the DagBag from /opt/airflow/dags/dag_tomorrowio.py
[2026-07-01T17:42:18.902+0000] {processor.py:840} INFO - DAG(s) 'weather_tomorrowio_pipeline' retrieved from /opt/airflow/dags/dag_tomorrowio.py
[2026-07-01T17:42:18.914+0000] {logging_mixin.py:188} INFO - [2026-07-01T17:42:18.914+0000] {dag.py:3096} INFO - Sync 1 DAGs
[2026-07-01T17:42:18.923+0000] {logging_mixin.py:188} INFO - [2026-07-01T17:42:18.922+0000] {dag.py:3954} INFO - Setting next_dagrun for weather_tomorrowio_pipeline to 2026-07-01 17:00:00+00:00, run_after=2026-07-01 18:00:00+00:00
[2026-07-01T17:42:18.931+0000] {processor.py:183} INFO - Processing /opt/airflow/dags/dag_tomorrowio.py took 0.358 seconds
[2026-07-01T17:42:49.662+0000] {processor.py:161} INFO - Started process (PID=35171) to work on /opt/airflow/dags/dag_tomorrowio.py
[2026-07-01T17:42:49.664+0000] {processor.py:830} INFO - Processing file /opt/airflow/dags/dag_tomorrowio.py for tasks to queue
[2026-07-01T17:42:49.665+0000] {logging_mixin.py:188} INFO - [2026-07-01T17:42:49.664+0000] {dagbag.py:545} INFO - Filling up the DagBag from /opt/airflow/dags/dag_tomorrowio.py
[2026-07-01T17:42:49.986+0000] {processor.py:840} INFO - DAG(s) 'weather_tomorrowio_pipeline' retrieved from /opt/airflow/dags/dag_tomorrowio.py
[2026-07-01T17:42:49.995+0000] {logging_mixin.py:188} INFO - [2026-07-01T17:42:49.995+0000] {dag.py:3096} INFO - Sync 1 DAGs
[2026-07-01T17:42:50.004+0000] {logging_mixin.py:188} INFO - [2026-07-01T17:42:50.004+0000] {dag.py:3954} INFO - Setting next_dagrun for weather_tomorrowio_pipeline to 2026-07-01 17:00:00+00:00, run_after=2026-07-01 18:00:00+00:00
[2026-07-01T17:42:50.011+0000] {processor.py:183} INFO - Processing /opt/airflow/dags/dag_tomorrowio.py took 0.356 seconds
[2026-07-01T17:43:20.901+0000] {processor.py:161} INFO - Started process (PID=35207) to work on /opt/airflow/dags/dag_tomorrowio.py
[2026-07-01T17:43:20.903+0000] {processor.py:830} INFO - Processing file /opt/airflow/dags/dag_tomorrowio.py for tasks to queue
[2026-07-01T17:43:20.905+0000] {logging_mixin.py:188} INFO - [2026-07-01T17:43:20.905+0000] {dagbag.py:545} INFO - Filling up the DagBag from /opt/airflow/dags/dag_tomorrowio.py
[2026-07-01T17:43:21.435+0000] {processor.py:840} INFO - DAG(s) 'weather_tomorrowio_pipeline' retrieved from /opt/airflow/dags/dag_tomorrowio.py
[2026-07-01T17:43:21.460+0000] {logging_mixin.py:188} INFO - [2026-07-01T17:43:21.459+0000] {dag.py:3096} INFO - Sync 1 DAGs
[2026-07-01T17:43:21.473+0000] {logging_mixin.py:188} INFO - [2026-07-01T17:43:21.473+0000] {dag.py:3954} INFO - Setting next_dagrun for weather_tomorrowio_pipeline to 2026-07-01 17:00:00+00:00, run_after=2026-07-01 18:00:00+00:00
[2026-07-01T17:43:21.486+0000] {processor.py:183} INFO - Processing /opt/airflow/dags/dag_tomorrowio.py took 0.598 seconds
[2026-07-01T17:43:52.224+0000] {processor.py:161} INFO - Started process (PID=35244) to work on /opt/airflow/dags/dag_tomorrowio.py
[2026-07-01T17:43:52.226+0000] {processor.py:830} INFO - Processing file /opt/airflow/dags/dag_tomorrowio.py for tasks to queue
[2026-07-01T17:43:52.229+0000] {logging_mixin.py:188} INFO - [2026-07-01T17:43:52.228+0000] {dagbag.py:545} INFO - Filling up the DagBag from /opt/airflow/dags/dag_tomorrowio.py
[2026-07-01T17:43:52.662+0000] {processor.py:840} INFO - DAG(s) 'weather_tomorrowio_pipeline' retrieved from /opt/airflow/dags/dag_tomorrowio.py
[2026-07-01T17:43:52.681+0000] {logging_mixin.py:188} INFO - [2026-07-01T17:43:52.681+0000] {dag.py:3096} INFO - Sync 1 DAGs
[2026-07-01T17:43:52.694+0000] {logging_mixin.py:188} INFO - [2026-07-01T17:43:52.694+0000] {dag.py:3954} INFO - Setting next_dagrun for weather_tomorrowio_pipeline to 2026-07-01 17:00:00+00:00, run_after=2026-07-01 18:00:00+00:00
[2026-07-01T17:43:52.704+0000] {processor.py:183} INFO - Processing /opt/airflow/dags/dag_tomorrowio.py took 0.488 seconds
[2026-07-01T17:44:23.510+0000] {processor.py:161} INFO - Started process (PID=35281) to work on /opt/airflow/dags/dag_tomorrowio.py
[2026-07-01T17:44:23.512+0000] {processor.py:830} INFO - Processing file /opt/airflow/dags/dag_tomorrowio.py for tasks to queue
[2026-07-01T17:44:23.513+0000] {logging_mixin.py:188} INFO - [2026-07-01T17:44:23.513+0000] {dagbag.py:545} INFO - Filling up the DagBag from /opt/airflow/dags/dag_tomorrowio.py
[2026-07-01T17:44:23.977+0000] {processor.py:840} INFO - DAG(s) 'weather_tomorrowio_pipeline' retrieved from /opt/airflow/dags/dag_tomorrowio.py
[2026-07-01T17:44:23.990+0000] {logging_mixin.py:188} INFO - [2026-07-01T17:44:23.990+0000] {dag.py:3096} INFO - Sync 1 DAGs
[2026-07-01T17:44:24.003+0000] {logging_mixin.py:188} INFO - [2026-07-01T17:44:24.003+0000] {dag.py:3954} INFO - Setting next_dagrun for weather_tomorrowio_pipeline to 2026-07-01 17:00:00+00:00, run_after=2026-07-01 18:00:00+00:00
[2026-07-01T17:44:24.014+0000] {processor.py:183} INFO - Processing /opt/airflow/dags/dag_tomorrowio.py took 0.514 seconds
[2026-07-01T17:44:54.673+0000] {processor.py:161} INFO - Started process (PID=35318) to work on /opt/airflow/dags/dag_tomorrowio.py
[2026-07-01T17:44:54.676+0000] {processor.py:830} INFO - Processing file /opt/airflow/dags/dag_tomorrowio.py for tasks to queue
[2026-07-01T17:44:54.679+0000] {logging_mixin.py:188} INFO - [2026-07-01T17:44:54.679+0000] {dagbag.py:545} INFO - Filling up the DagBag from /opt/airflow/dags/dag_tomorrowio.py
[2026-07-01T17:44:55.184+0000] {processor.py:840} INFO - DAG(s) 'weather_tomorrowio_pipeline' retrieved from /opt/airflow/dags/dag_tomorrowio.py
[2026-07-01T17:44:55.202+0000] {logging_mixin.py:188} INFO - [2026-07-01T17:44:55.202+0000] {dag.py:3096} INFO - Sync 1 DAGs
[2026-07-01T17:44:55.213+0000] {logging_mixin.py:188} INFO - [2026-07-01T17:44:55.213+0000] {dag.py:3954} INFO - Setting next_dagrun for weather_tomorrowio_pipeline to 2026-07-01 17:00:00+00:00, run_after=2026-07-01 18:00:00+00:00
[2026-07-01T17:44:55.222+0000] {processor.py:183} INFO - Processing /opt/airflow/dags/dag_tomorrowio.py took 0.559 seconds
[2026-07-01T17:45:26.066+0000] {processor.py:161} INFO - Started process (PID=35355) to work on /opt/airflow/dags/dag_tomorrowio.py
[2026-07-01T17:45:26.069+0000] {processor.py:830} INFO - Processing file /opt/airflow/dags/dag_tomorrowio.py for tasks to queue
[2026-07-01T17:45:26.071+0000] {logging_mixin.py:188} INFO - [2026-07-01T17:45:26.070+0000] {dagbag.py:545} INFO - Filling up the DagBag from /opt/airflow/dags/dag_tomorrowio.py
[2026-07-01T17:45:26.604+0000] {processor.py:840} INFO - DAG(s) 'weather_tomorrowio_pipeline' retrieved from /opt/airflow/dags/dag_tomorrowio.py
[2026-07-01T17:45:26.623+0000] {logging_mixin.py:188} INFO - [2026-07-01T17:45:26.623+0000] {dag.py:3096} INFO - Sync 1 DAGs
[2026-07-01T17:45:26.636+0000] {logging_mixin.py:188} INFO - [2026-07-01T17:45:26.636+0000] {dag.py:3954} INFO - Setting next_dagrun for weather_tomorrowio_pipeline to 2026-07-01 17:00:00+00:00, run_after=2026-07-01 18:00:00+00:00
[2026-07-01T17:45:26.646+0000] {processor.py:183} INFO - Processing /opt/airflow/dags/dag_tomorrowio.py took 0.587 seconds
[2026-07-01T17:45:57.335+0000] {processor.py:161} INFO - Started process (PID=35391) to work on /opt/airflow/dags/dag_tomorrowio.py
[2026-07-01T17:45:57.338+0000] {processor.py:830} INFO - Processing file /opt/airflow/dags/dag_tomorrowio.py for tasks to queue
[2026-07-01T17:45:57.340+0000] {logging_mixin.py:188} INFO - [2026-07-01T17:45:57.340+0000] {dagbag.py:545} INFO - Filling up the DagBag from /opt/airflow/dags/dag_tomorrowio.py
[2026-07-01T17:45:57.894+0000] {processor.py:840} INFO - DAG(s) 'weather_tomorrowio_pipeline' retrieved from /opt/airflow/dags/dag_tomorrowio.py
[2026-07-01T17:45:57.910+0000] {logging_mixin.py:188} INFO - [2026-07-01T17:45:57.910+0000] {dag.py:3096} INFO - Sync 1 DAGs
[2026-07-01T17:45:57.922+0000] {logging_mixin.py:188} INFO - [2026-07-01T17:45:57.921+0000] {dag.py:3954} INFO - Setting next_dagrun for weather_tomorrowio_pipeline to 2026-07-01 17:00:00+00:00, run_after=2026-07-01 18:00:00+00:00
[2026-07-01T17:45:57.932+0000] {processor.py:183} INFO - Processing /opt/airflow/dags/dag_tomorrowio.py took 0.606 seconds
[2026-07-01T17:46:28.963+0000] {processor.py:161} INFO - Started process (PID=35428) to work on /opt/airflow/dags/dag_tomorrowio.py
[2026-07-01T17:46:28.969+0000] {processor.py:830} INFO - Processing file /opt/airflow/dags/dag_tomorrowio.py for tasks to queue
[2026-07-01T17:46:28.989+0000] {logging_mixin.py:188} INFO - [2026-07-01T17:46:28.988+0000] {dagbag.py:545} INFO - Filling up the DagBag from /opt/airflow/dags/dag_tomorrowio.py
[2026-07-01T17:46:29.664+0000] {processor.py:840} INFO - DAG(s) 'weather_tomorrowio_pipeline' retrieved from /opt/airflow/dags/dag_tomorrowio.py
[2026-07-01T17:46:29.691+0000] {logging_mixin.py:188} INFO - [2026-07-01T17:46:29.690+0000] {dag.py:3096} INFO - Sync 1 DAGs
[2026-07-01T17:46:29.706+0000] {logging_mixin.py:188} INFO - [2026-07-01T17:46:29.706+0000] {dag.py:3954} INFO - Setting next_dagrun for weather_tomorrowio_pipeline to 2026-07-01 17:00:00+00:00, run_after=2026-07-01 18:00:00+00:00
[2026-07-01T17:46:29.721+0000] {processor.py:183} INFO - Processing /opt/airflow/dags/dag_tomorrowio.py took 0.786 seconds
[2026-07-01T17:47:00.568+0000] {processor.py:161} INFO - Started process (PID=35465) to work on /opt/airflow/dags/dag_tomorrowio.py
[2026-07-01T17:47:00.571+0000] {processor.py:830} INFO - Processing file /opt/airflow/dags/dag_tomorrowio.py for tasks to queue
[2026-07-01T17:47:00.576+0000] {logging_mixin.py:188} INFO - [2026-07-01T17:47:00.576+0000] {dagbag.py:545} INFO - Filling up the DagBag from /opt/airflow/dags/dag_tomorrowio.py
[2026-07-01T17:47:01.845+0000] {processor.py:840} INFO - DAG(s) 'weather_tomorrowio_pipeline' retrieved from /opt/airflow/dags/dag_tomorrowio.py
[2026-07-01T17:47:01.887+0000] {logging_mixin.py:188} INFO - [2026-07-01T17:47:01.887+0000] {dag.py:3096} INFO - Sync 1 DAGs
[2026-07-01T17:47:01.913+0000] {logging_mixin.py:188} INFO - [2026-07-01T17:47:01.913+0000] {dag.py:3954} INFO - Setting next_dagrun for weather_tomorrowio_pipeline to 2026-07-01 17:00:00+00:00, run_after=2026-07-01 18:00:00+00:00
[2026-07-01T17:47:01.939+0000] {processor.py:183} INFO - Processing /opt/airflow/dags/dag_tomorrowio.py took 1.393 seconds
[2026-07-01T17:47:32.684+0000] {processor.py:161} INFO - Started process (PID=35503) to work on /opt/airflow/dags/dag_tomorrowio.py
[2026-07-01T17:47:32.687+0000] {processor.py:830} INFO - Processing file /opt/airflow/dags/dag_tomorrowio.py for tasks to queue
[2026-07-01T17:47:32.690+0000] {logging_mixin.py:188} INFO - [2026-07-01T17:47:32.690+0000] {dagbag.py:545} INFO - Filling up the DagBag from /opt/airflow/dags/dag_tomorrowio.py
[2026-07-01T17:47:33.244+0000] {processor.py:840} INFO - DAG(s) 'weather_tomorrowio_pipeline' retrieved from /opt/airflow/dags/dag_tomorrowio.py
[2026-07-01T17:47:33.265+0000] {logging_mixin.py:188} INFO - [2026-07-01T17:47:33.265+0000] {dag.py:3096} INFO - Sync 1 DAGs
[2026-07-01T17:47:33.278+0000] {logging_mixin.py:188} INFO - [2026-07-01T17:47:33.278+0000] {dag.py:3954} INFO - Setting next_dagrun for weather_tomorrowio_pipeline to 2026-07-01 17:00:00+00:00, run_after=2026-07-01 18:00:00+00:00
[2026-07-01T17:47:33.296+0000] {processor.py:183} INFO - Processing /opt/airflow/dags/dag_tomorrowio.py took 0.628 seconds
[2026-07-01T17:48:04.104+0000] {processor.py:161} INFO - Started process (PID=35540) to work on /opt/airflow/dags/dag_tomorrowio.py
[2026-07-01T17:48:04.106+0000] {processor.py:830} INFO - Processing file /opt/airflow/dags/dag_tomorrowio.py for tasks to queue
[2026-07-01T17:48:04.120+0000] {logging_mixin.py:188} INFO - [2026-07-01T17:48:04.114+0000] {dagbag.py:545} INFO - Filling up the DagBag from /opt/airflow/dags/dag_tomorrowio.py
[2026-07-01T17:48:04.641+0000] {processor.py:840} INFO - DAG(s) 'weather_tomorrowio_pipeline' retrieved from /opt/airflow/dags/dag_tomorrowio.py
[2026-07-01T17:48:04.657+0000] {logging_mixin.py:188} INFO - [2026-07-01T17:48:04.656+0000] {dag.py:3096} INFO - Sync 1 DAGs
[2026-07-01T17:48:04.668+0000] {logging_mixin.py:188} INFO - [2026-07-01T17:48:04.668+0000] {dag.py:3954} INFO - Setting next_dagrun for weather_tomorrowio_pipeline to 2026-07-01 17:00:00+00:00, run_after=2026-07-01 18:00:00+00:00
[2026-07-01T17:48:04.679+0000] {processor.py:183} INFO - Processing /opt/airflow/dags/dag_tomorrowio.py took 0.587 seconds
[2026-07-01T17:48:35.516+0000] {processor.py:161} INFO - Started process (PID=35577) to work on /opt/airflow/dags/dag_tomorrowio.py
[2026-07-01T17:48:35.519+0000] {processor.py:830} INFO - Processing file /opt/airflow/dags/dag_tomorrowio.py for tasks to queue
[2026-07-01T17:48:35.548+0000] {logging_mixin.py:188} INFO - [2026-07-01T17:48:35.547+0000] {dagbag.py:545} INFO - Filling up the DagBag from /opt/airflow/dags/dag_tomorrowio.py
[2026-07-01T17:48:36.097+0000] {processor.py:840} INFO - DAG(s) 'weather_tomorrowio_pipeline' retrieved from /opt/airflow/dags/dag_tomorrowio.py
[2026-07-01T17:48:36.122+0000] {logging_mixin.py:188} INFO - [2026-07-01T17:48:36.122+0000] {dag.py:3096} INFO - Sync 1 DAGs
[2026-07-01T17:48:36.137+0000] {logging_mixin.py:188} INFO - [2026-07-01T17:48:36.137+0000] {dag.py:3954} INFO - Setting next_dagrun for weather_tomorrowio_pipeline to 2026-07-01 17:00:00+00:00, run_after=2026-07-01 18:00:00+00:00
[2026-07-01T17:48:36.152+0000] {processor.py:183} INFO - Processing /opt/airflow/dags/dag_tomorrowio.py took 0.652 seconds
[2026-07-01T17:49:06.973+0000] {processor.py:161} INFO - Started process (PID=35614) to work on /opt/airflow/dags/dag_tomorrowio.py
[2026-07-01T17:49:06.976+0000] {processor.py:830} INFO - Processing file /opt/airflow/dags/dag_tomorrowio.py for tasks to queue
[2026-07-01T17:49:06.980+0000] {logging_mixin.py:188} INFO - [2026-07-01T17:49:06.980+0000] {dagbag.py:545} INFO - Filling up the DagBag from /opt/airflow/dags/dag_tomorrowio.py
[2026-07-01T17:49:07.554+0000] {processor.py:840} INFO - DAG(s) 'weather_tomorrowio_pipeline' retrieved from /opt/airflow/dags/dag_tomorrowio.py
[2026-07-01T17:49:07.579+0000] {logging_mixin.py:188} INFO - [2026-07-01T17:49:07.578+0000] {dag.py:3096} INFO - Sync 1 DAGs
[2026-07-01T17:49:07.591+0000] {logging_mixin.py:188} INFO - [2026-07-01T17:49:07.591+0000] {dag.py:3954} INFO - Setting next_dagrun for weather_tomorrowio_pipeline to 2026-07-01 17:00:00+00:00, run_after=2026-07-01 18:00:00+00:00
[2026-07-01T17:49:07.602+0000] {processor.py:183} INFO - Processing /opt/airflow/dags/dag_tomorrowio.py took 0.639 seconds
[2026-07-01T17:49:38.307+0000] {processor.py:161} INFO - Started process (PID=35651) to work on /opt/airflow/dags/dag_tomorrowio.py
[2026-07-01T17:49:38.309+0000] {processor.py:830} INFO - Processing file /opt/airflow/dags/dag_tomorrowio.py for tasks to queue
[2026-07-01T17:49:38.314+0000] {logging_mixin.py:188} INFO - [2026-07-01T17:49:38.314+0000] {dagbag.py:545} INFO - Filling up the DagBag from /opt/airflow/dags/dag_tomorrowio.py
[2026-07-01T17:49:39.032+0000] {processor.py:840} INFO - DAG(s) 'weather_tomorrowio_pipeline' retrieved from /opt/airflow/dags/dag_tomorrowio.py
[2026-07-01T17:49:39.057+0000] {logging_mixin.py:188} INFO - [2026-07-01T17:49:39.056+0000] {dag.py:3096} INFO - Sync 1 DAGs
[2026-07-01T17:49:39.071+0000] {logging_mixin.py:188} INFO - [2026-07-01T17:49:39.071+0000] {dag.py:3954} INFO - Setting next_dagrun for weather_tomorrowio_pipeline to 2026-07-01 17:00:00+00:00, run_after=2026-07-01 18:00:00+00:00
[2026-07-01T17:49:39.082+0000] {processor.py:183} INFO - Processing /opt/airflow/dags/dag_tomorrowio.py took 0.786 seconds
[2026-07-01T17:50:09.831+0000] {processor.py:161} INFO - Started process (PID=35688) to work on /opt/airflow/dags/dag_tomorrowio.py
[2026-07-01T17:50:09.834+0000] {processor.py:830} INFO - Processing file /opt/airflow/dags/dag_tomorrowio.py for tasks to queue
[2026-07-01T17:50:09.841+0000] {logging_mixin.py:188} INFO - [2026-07-01T17:50:09.841+0000] {dagbag.py:545} INFO - Filling up the DagBag from /opt/airflow/dags/dag_tomorrowio.py
[2026-07-01T17:50:10.452+0000] {processor.py:840} INFO - DAG(s) 'weather_tomorrowio_pipeline' retrieved from /opt/airflow/dags/dag_tomorrowio.py
[2026-07-01T17:50:10.471+0000] {logging_mixin.py:188} INFO - [2026-07-01T17:50:10.471+0000] {dag.py:3096} INFO - Sync 1 DAGs
[2026-07-01T17:50:10.482+0000] {logging_mixin.py:188} INFO - [2026-07-01T17:50:10.482+0000] {dag.py:3954} INFO - Setting next_dagrun for weather_tomorrowio_pipeline to 2026-07-01 17:00:00+00:00, run_after=2026-07-01 18:00:00+00:00
[2026-07-01T17:50:10.492+0000] {processor.py:183} INFO - Processing /opt/airflow/dags/dag_tomorrowio.py took 0.672 seconds
[2026-07-01T17:50:41.272+0000] {processor.py:161} INFO - Started process (PID=35724) to work on /opt/airflow/dags/dag_tomorrowio.py
[2026-07-01T17:50:41.273+0000] {processor.py:830} INFO - Processing file /opt/airflow/dags/dag_tomorrowio.py for tasks to queue
[2026-07-01T17:50:41.276+0000] {logging_mixin.py:188} INFO - [2026-07-01T17:50:41.275+0000] {dagbag.py:545} INFO - Filling up the DagBag from /opt/airflow/dags/dag_tomorrowio.py
[2026-07-01T17:50:41.859+0000] {processor.py:840} INFO - DAG(s) 'weather_tomorrowio_pipeline' retrieved from /opt/airflow/dags/dag_tomorrowio.py
[2026-07-01T17:50:41.881+0000] {logging_mixin.py:188} INFO - [2026-07-01T17:50:41.881+0000] {dag.py:3096} INFO - Sync 1 DAGs
[2026-07-01T17:50:41.892+0000] {logging_mixin.py:188} INFO - [2026-07-01T17:50:41.892+0000] {dag.py:3954} INFO - Setting next_dagrun for weather_tomorrowio_pipeline to 2026-07-01 17:00:00+00:00, run_after=2026-07-01 18:00:00+00:00
[2026-07-01T17:50:41.904+0000] {processor.py:183} INFO - Processing /opt/airflow/dags/dag_tomorrowio.py took 0.644 seconds
[2026-07-01T17:51:12.772+0000] {processor.py:161} INFO - Started process (PID=35762) to work on /opt/airflow/dags/dag_tomorrowio.py
[2026-07-01T17:51:12.774+0000] {processor.py:830} INFO - Processing file /opt/airflow/dags/dag_tomorrowio.py for tasks to queue
[2026-07-01T17:51:12.779+0000] {logging_mixin.py:188} INFO - [2026-07-01T17:51:12.779+0000] {dagbag.py:545} INFO - Filling up the DagBag from /opt/airflow/dags/dag_tomorrowio.py
[2026-07-01T17:51:13.421+0000] {processor.py:840} INFO - DAG(s) 'weather_tomorrowio_pipeline' retrieved from /opt/airflow/dags/dag_tomorrowio.py
[2026-07-01T17:51:13.443+0000] {logging_mixin.py:188} INFO - [2026-07-01T17:51:13.443+0000] {dag.py:3096} INFO - Sync 1 DAGs
[2026-07-01T17:51:13.454+0000] {logging_mixin.py:188} INFO - [2026-07-01T17:51:13.454+0000] {dag.py:3954} INFO - Setting next_dagrun for weather_tomorrowio_pipeline to 2026-07-01 17:00:00+00:00, run_after=2026-07-01 18:00:00+00:00
[2026-07-01T17:51:13.464+0000] {processor.py:183} INFO - Processing /opt/airflow/dags/dag_tomorrowio.py took 0.707 seconds
[2026-07-01T17:51:44.263+0000] {processor.py:161} INFO - Started process (PID=35799) to work on /opt/airflow/dags/dag_tomorrowio.py
[2026-07-01T17:51:44.265+0000] {processor.py:830} INFO - Processing file /opt/airflow/dags/dag_tomorrowio.py for tasks to queue
[2026-07-01T17:51:44.270+0000] {logging_mixin.py:188} INFO - [2026-07-01T17:51:44.269+0000] {dagbag.py:545} INFO - Filling up the DagBag from /opt/airflow/dags/dag_tomorrowio.py
[2026-07-01T17:51:44.837+0000] {processor.py:840} INFO - DAG(s) 'weather_tomorrowio_pipeline' retrieved from /opt/airflow/dags/dag_tomorrowio.py
[2026-07-01T17:51:44.859+0000] {logging_mixin.py:188} INFO - [2026-07-01T17:51:44.859+0000] {dag.py:3096} INFO - Sync 1 DAGs
[2026-07-01T17:51:44.872+0000] {logging_mixin.py:188} INFO - [2026-07-01T17:51:44.872+0000] {dag.py:3954} INFO - Setting next_dagrun for weather_tomorrowio_pipeline to 2026-07-01 17:00:00+00:00, run_after=2026-07-01 18:00:00+00:00
[2026-07-01T17:51:44.884+0000] {processor.py:183} INFO - Processing /opt/airflow/dags/dag_tomorrowio.py took 0.634 seconds
[2026-07-01T17:52:15.654+0000] {processor.py:161} INFO - Started process (PID=35836) to work on /opt/airflow/dags/dag_tomorrowio.py
[2026-07-01T17:52:15.656+0000] {processor.py:830} INFO - Processing file /opt/airflow/dags/dag_tomorrowio.py for tasks to queue
[2026-07-01T17:52:15.666+0000] {logging_mixin.py:188} INFO - [2026-07-01T17:52:15.665+0000] {dagbag.py:545} INFO - Filling up the DagBag from /opt/airflow/dags/dag_tomorrowio.py
[2026-07-01T17:52:16.280+0000] {processor.py:840} INFO - DAG(s) 'weather_tomorrowio_pipeline' retrieved from /opt/airflow/dags/dag_tomorrowio.py
[2026-07-01T17:52:16.303+0000] {logging_mixin.py:188} INFO - [2026-07-01T17:52:16.302+0000] {dag.py:3096} INFO - Sync 1 DAGs
[2026-07-01T17:52:16.319+0000] {logging_mixin.py:188} INFO - [2026-07-01T17:52:16.319+0000] {dag.py:3954} INFO - Setting next_dagrun for weather_tomorrowio_pipeline to 2026-07-01 17:00:00+00:00, run_after=2026-07-01 18:00:00+00:00
[2026-07-01T17:52:16.334+0000] {processor.py:183} INFO - Processing /opt/airflow/dags/dag_tomorrowio.py took 0.696 seconds
[2026-07-01T17:52:46.999+0000] {processor.py:161} INFO - Started process (PID=35873) to work on /opt/airflow/dags/dag_tomorrowio.py
[2026-07-01T17:52:47.003+0000] {processor.py:830} INFO - Processing file /opt/airflow/dags/dag_tomorrowio.py for tasks to queue
[2026-07-01T17:52:47.006+0000] {logging_mixin.py:188} INFO - [2026-07-01T17:52:47.006+0000] {dagbag.py:545} INFO - Filling up the DagBag from /opt/airflow/dags/dag_tomorrowio.py
[2026-07-01T17:52:47.539+0000] {processor.py:840} INFO - DAG(s) 'weather_tomorrowio_pipeline' retrieved from /opt/airflow/dags/dag_tomorrowio.py
[2026-07-01T17:52:47.563+0000] {logging_mixin.py:188} INFO - [2026-07-01T17:52:47.562+0000] {dag.py:3096} INFO - Sync 1 DAGs
[2026-07-01T17:52:47.578+0000] {logging_mixin.py:188} INFO - [2026-07-01T17:52:47.578+0000] {dag.py:3954} INFO - Setting next_dagrun for weather_tomorrowio_pipeline to 2026-07-01 17:00:00+00:00, run_after=2026-07-01 18:00:00+00:00
[2026-07-01T17:52:47.593+0000] {processor.py:183} INFO - Processing /opt/airflow/dags/dag_tomorrowio.py took 0.607 seconds
[2026-07-01T17:53:18.089+0000] {processor.py:161} INFO - Started process (PID=35909) to work on /opt/airflow/dags/dag_tomorrowio.py
[2026-07-01T17:53:18.090+0000] {processor.py:830} INFO - Processing file /opt/airflow/dags/dag_tomorrowio.py for tasks to queue
[2026-07-01T17:53:18.096+0000] {logging_mixin.py:188} INFO - [2026-07-01T17:53:18.095+0000] {dagbag.py:545} INFO - Filling up the DagBag from /opt/airflow/dags/dag_tomorrowio.py
[2026-07-01T17:53:18.773+0000] {processor.py:840} INFO - DAG(s) 'weather_tomorrowio_pipeline' retrieved from /opt/airflow/dags/dag_tomorrowio.py
[2026-07-01T17:53:18.794+0000] {logging_mixin.py:188} INFO - [2026-07-01T17:53:18.794+0000] {dag.py:3096} INFO - Sync 1 DAGs
[2026-07-01T17:53:18.805+0000] {logging_mixin.py:188} INFO - [2026-07-01T17:53:18.805+0000] {dag.py:3954} INFO - Setting next_dagrun for weather_tomorrowio_pipeline to 2026-07-01 17:00:00+00:00, run_after=2026-07-01 18:00:00+00:00
[2026-07-01T17:53:18.816+0000] {processor.py:183} INFO - Processing /opt/airflow/dags/dag_tomorrowio.py took 0.742 seconds
[2026-07-01T17:53:49.449+0000] {processor.py:161} INFO - Started process (PID=35947) to work on /opt/airflow/dags/dag_tomorrowio.py
[2026-07-01T17:53:49.452+0000] {processor.py:830} INFO - Processing file /opt/airflow/dags/dag_tomorrowio.py for tasks to queue
[2026-07-01T17:53:49.457+0000] {logging_mixin.py:188} INFO - [2026-07-01T17:53:49.455+0000] {dagbag.py:545} INFO - Filling up the DagBag from /opt/airflow/dags/dag_tomorrowio.py
[2026-07-01T17:53:50.045+0000] {processor.py:840} INFO - DAG(s) 'weather_tomorrowio_pipeline' retrieved from /opt/airflow/dags/dag_tomorrowio.py
[2026-07-01T17:53:50.073+0000] {logging_mixin.py:188} INFO - [2026-07-01T17:53:50.073+0000] {dag.py:3096} INFO - Sync 1 DAGs
[2026-07-01T17:53:50.094+0000] {logging_mixin.py:188} INFO - [2026-07-01T17:53:50.094+0000] {dag.py:3954} INFO - Setting next_dagrun for weather_tomorrowio_pipeline to 2026-07-01 17:00:00+00:00, run_after=2026-07-01 18:00:00+00:00
[2026-07-01T17:53:50.106+0000] {processor.py:183} INFO - Processing /opt/airflow/dags/dag_tomorrowio.py took 0.675 seconds
[2026-07-01T17:54:21.031+0000] {processor.py:161} INFO - Started process (PID=35984) to work on /opt/airflow/dags/dag_tomorrowio.py
[2026-07-01T17:54:21.033+0000] {processor.py:830} INFO - Processing file /opt/airflow/dags/dag_tomorrowio.py for tasks to queue
[2026-07-01T17:54:21.038+0000] {logging_mixin.py:188} INFO - [2026-07-01T17:54:21.037+0000] {dagbag.py:545} INFO - Filling up the DagBag from /opt/airflow/dags/dag_tomorrowio.py
[2026-07-01T17:54:21.627+0000] {processor.py:840} INFO - DAG(s) 'weather_tomorrowio_pipeline' retrieved from /opt/airflow/dags/dag_tomorrowio.py
[2026-07-01T17:54:21.649+0000] {logging_mixin.py:188} INFO - [2026-07-01T17:54:21.649+0000] {dag.py:3096} INFO - Sync 1 DAGs
[2026-07-01T17:54:21.665+0000] {logging_mixin.py:188} INFO - [2026-07-01T17:54:21.665+0000] {dag.py:3954} INFO - Setting next_dagrun for weather_tomorrowio_pipeline to 2026-07-01 17:00:00+00:00, run_after=2026-07-01 18:00:00+00:00
[2026-07-01T17:54:21.681+0000] {processor.py:183} INFO - Processing /opt/airflow/dags/dag_tomorrowio.py took 0.658 seconds
[2026-07-01T17:54:52.292+0000] {processor.py:161} INFO - Started process (PID=36020) to work on /opt/airflow/dags/dag_tomorrowio.py
[2026-07-01T17:54:52.296+0000] {processor.py:830} INFO - Processing file /opt/airflow/dags/dag_tomorrowio.py for tasks to queue
[2026-07-01T17:54:52.299+0000] {logging_mixin.py:188} INFO - [2026-07-01T17:54:52.299+0000] {dagbag.py:545} INFO - Filling up the DagBag from /opt/airflow/dags/dag_tomorrowio.py
[2026-07-01T17:54:52.882+0000] {processor.py:840} INFO - DAG(s) 'weather_tomorrowio_pipeline' retrieved from /opt/airflow/dags/dag_tomorrowio.py
[2026-07-01T17:54:52.903+0000] {logging_mixin.py:188} INFO - [2026-07-01T17:54:52.903+0000] {dag.py:3096} INFO - Sync 1 DAGs
[2026-07-01T17:54:52.916+0000] {logging_mixin.py:188} INFO - [2026-07-01T17:54:52.915+0000] {dag.py:3954} INFO - Setting next_dagrun for weather_tomorrowio_pipeline to 2026-07-01 17:00:00+00:00, run_after=2026-07-01 18:00:00+00:00
[2026-07-01T17:54:52.926+0000] {processor.py:183} INFO - Processing /opt/airflow/dags/dag_tomorrowio.py took 0.650 seconds
[2026-07-01T17:55:23.179+0000] {processor.py:161} INFO - Started process (PID=36058) to work on /opt/airflow/dags/dag_tomorrowio.py
[2026-07-01T17:55:23.182+0000] {processor.py:830} INFO - Processing file /opt/airflow/dags/dag_tomorrowio.py for tasks to queue
[2026-07-01T17:55:23.189+0000] {logging_mixin.py:188} INFO - [2026-07-01T17:55:23.188+0000] {dagbag.py:545} INFO - Filling up the DagBag from /opt/airflow/dags/dag_tomorrowio.py
[2026-07-01T17:55:23.755+0000] {processor.py:840} INFO - DAG(s) 'weather_tomorrowio_pipeline' retrieved from /opt/airflow/dags/dag_tomorrowio.py
[2026-07-01T17:55:23.778+0000] {logging_mixin.py:188} INFO - [2026-07-01T17:55:23.777+0000] {dag.py:3096} INFO - Sync 1 DAGs
[2026-07-01T17:55:23.793+0000] {logging_mixin.py:188} INFO - [2026-07-01T17:55:23.793+0000] {dag.py:3954} INFO - Setting next_dagrun for weather_tomorrowio_pipeline to 2026-07-01 17:00:00+00:00, run_after=2026-07-01 18:00:00+00:00
[2026-07-01T17:55:23.804+0000] {processor.py:183} INFO - Processing /opt/airflow/dags/dag_tomorrowio.py took 0.639 seconds
[2026-07-01T17:55:54.406+0000] {processor.py:161} INFO - Started process (PID=36094) to work on /opt/airflow/dags/dag_tomorrowio.py
[2026-07-01T17:55:54.409+0000] {processor.py:830} INFO - Processing file /opt/airflow/dags/dag_tomorrowio.py for tasks to queue
[2026-07-01T17:55:54.412+0000] {logging_mixin.py:188} INFO - [2026-07-01T17:55:54.411+0000] {dagbag.py:545} INFO - Filling up the DagBag from /opt/airflow/dags/dag_tomorrowio.py
[2026-07-01T17:55:55.031+0000] {processor.py:840} INFO - DAG(s) 'weather_tomorrowio_pipeline' retrieved from /opt/airflow/dags/dag_tomorrowio.py
[2026-07-01T17:55:55.063+0000] {logging_mixin.py:188} INFO - [2026-07-01T17:55:55.062+0000] {dag.py:3096} INFO - Sync 1 DAGs
[2026-07-01T17:55:55.078+0000] {logging_mixin.py:188} INFO - [2026-07-01T17:55:55.078+0000] {dag.py:3954} INFO - Setting next_dagrun for weather_tomorrowio_pipeline to 2026-07-01 17:00:00+00:00, run_after=2026-07-01 18:00:00+00:00
[2026-07-01T17:55:55.089+0000] {processor.py:183} INFO - Processing /opt/airflow/dags/dag_tomorrowio.py took 0.697 seconds
[2026-07-01T17:56:25.822+0000] {processor.py:161} INFO - Started process (PID=36132) to work on /opt/airflow/dags/dag_tomorrowio.py
[2026-07-01T17:56:25.825+0000] {processor.py:830} INFO - Processing file /opt/airflow/dags/dag_tomorrowio.py for tasks to queue
[2026-07-01T17:56:25.831+0000] {logging_mixin.py:188} INFO - [2026-07-01T17:56:25.831+0000] {dagbag.py:545} INFO - Filling up the DagBag from /opt/airflow/dags/dag_tomorrowio.py
[2026-07-01T17:56:26.426+0000] {processor.py:840} INFO - DAG(s) 'weather_tomorrowio_pipeline' retrieved from /opt/airflow/dags/dag_tomorrowio.py
[2026-07-01T17:56:26.451+0000] {logging_mixin.py:188} INFO - [2026-07-01T17:56:26.451+0000] {dag.py:3096} INFO - Sync 1 DAGs
[2026-07-01T17:56:26.469+0000] {logging_mixin.py:188} INFO - [2026-07-01T17:56:26.469+0000] {dag.py:3954} INFO - Setting next_dagrun for weather_tomorrowio_pipeline to 2026-07-01 17:00:00+00:00, run_after=2026-07-01 18:00:00+00:00
[2026-07-01T17:56:26.480+0000] {processor.py:183} INFO - Processing /opt/airflow/dags/dag_tomorrowio.py took 0.672 seconds
[2026-07-01T17:56:57.111+0000] {processor.py:161} INFO - Started process (PID=36169) to work on /opt/airflow/dags/dag_tomorrowio.py
[2026-07-01T17:56:57.115+0000] {processor.py:830} INFO - Processing file /opt/airflow/dags/dag_tomorrowio.py for tasks to queue
[2026-07-01T17:56:57.124+0000] {logging_mixin.py:188} INFO - [2026-07-01T17:56:57.123+0000] {dagbag.py:545} INFO - Filling up the DagBag from /opt/airflow/dags/dag_tomorrowio.py
[2026-07-01T17:56:57.698+0000] {processor.py:840} INFO - DAG(s) 'weather_tomorrowio_pipeline' retrieved from /opt/airflow/dags/dag_tomorrowio.py
[2026-07-01T17:56:57.723+0000] {logging_mixin.py:188} INFO - [2026-07-01T17:56:57.723+0000] {dag.py:3096} INFO - Sync 1 DAGs
[2026-07-01T17:56:57.736+0000] {logging_mixin.py:188} INFO - [2026-07-01T17:56:57.735+0000] {dag.py:3954} INFO - Setting next_dagrun for weather_tomorrowio_pipeline to 2026-07-01 17:00:00+00:00, run_after=2026-07-01 18:00:00+00:00
[2026-07-01T17:56:57.751+0000] {processor.py:183} INFO - Processing /opt/airflow/dags/dag_tomorrowio.py took 0.656 seconds
[2026-07-01T17:57:28.393+0000] {processor.py:161} INFO - Started process (PID=36206) to work on /opt/airflow/dags/dag_tomorrowio.py
[2026-07-01T17:57:28.396+0000] {processor.py:830} INFO - Processing file /opt/airflow/dags/dag_tomorrowio.py for tasks to queue
[2026-07-01T17:57:28.403+0000] {logging_mixin.py:188} INFO - [2026-07-01T17:57:28.402+0000] {dagbag.py:545} INFO - Filling up the DagBag from /opt/airflow/dags/dag_tomorrowio.py
[2026-07-01T17:57:28.982+0000] {processor.py:840} INFO - DAG(s) 'weather_tomorrowio_pipeline' retrieved from /opt/airflow/dags/dag_tomorrowio.py
[2026-07-01T17:57:28.997+0000] {logging_mixin.py:188} INFO - [2026-07-01T17:57:28.997+0000] {dag.py:3096} INFO - Sync 1 DAGs
[2026-07-01T17:57:29.014+0000] {logging_mixin.py:188} INFO - [2026-07-01T17:57:29.014+0000] {dag.py:3954} INFO - Setting next_dagrun for weather_tomorrowio_pipeline to 2026-07-01 17:00:00+00:00, run_after=2026-07-01 18:00:00+00:00
[2026-07-01T17:57:29.032+0000] {processor.py:183} INFO - Processing /opt/airflow/dags/dag_tomorrowio.py took 0.651 seconds
[2026-07-01T17:57:59.640+0000] {processor.py:161} INFO - Started process (PID=36242) to work on /opt/airflow/dags/dag_tomorrowio.py
[2026-07-01T17:57:59.644+0000] {processor.py:830} INFO - Processing file /opt/airflow/dags/dag_tomorrowio.py for tasks to queue
[2026-07-01T17:57:59.656+0000] {logging_mixin.py:188} INFO - [2026-07-01T17:57:59.652+0000] {dagbag.py:545} INFO - Filling up the DagBag from /opt/airflow/dags/dag_tomorrowio.py
[2026-07-01T17:58:01.198+0000] {processor.py:840} INFO - DAG(s) 'weather_tomorrowio_pipeline' retrieved from /opt/airflow/dags/dag_tomorrowio.py
[2026-07-01T17:58:01.223+0000] {logging_mixin.py:188} INFO - [2026-07-01T17:58:01.223+0000] {dag.py:3096} INFO - Sync 1 DAGs
[2026-07-01T17:58:01.242+0000] {logging_mixin.py:188} INFO - [2026-07-01T17:58:01.241+0000] {dag.py:3954} INFO - Setting next_dagrun for weather_tomorrowio_pipeline to 2026-07-01 17:00:00+00:00, run_after=2026-07-01 18:00:00+00:00
[2026-07-01T17:58:01.255+0000] {processor.py:183} INFO - Processing /opt/airflow/dags/dag_tomorrowio.py took 1.632 seconds
[2026-07-01T17:58:31.967+0000] {processor.py:161} INFO - Started process (PID=36280) to work on /opt/airflow/dags/dag_tomorrowio.py
[2026-07-01T17:58:31.974+0000] {processor.py:830} INFO - Processing file /opt/airflow/dags/dag_tomorrowio.py for tasks to queue
[2026-07-01T17:58:31.984+0000] {logging_mixin.py:188} INFO - [2026-07-01T17:58:31.983+0000] {dagbag.py:545} INFO - Filling up the DagBag from /opt/airflow/dags/dag_tomorrowio.py
[2026-07-01T17:58:32.604+0000] {processor.py:840} INFO - DAG(s) 'weather_tomorrowio_pipeline' retrieved from /opt/airflow/dags/dag_tomorrowio.py
[2026-07-01T17:58:32.625+0000] {logging_mixin.py:188} INFO - [2026-07-01T17:58:32.624+0000] {dag.py:3096} INFO - Sync 1 DAGs
[2026-07-01T17:58:32.641+0000] {logging_mixin.py:188} INFO - [2026-07-01T17:58:32.641+0000] {dag.py:3954} INFO - Setting next_dagrun for weather_tomorrowio_pipeline to 2026-07-01 17:00:00+00:00, run_after=2026-07-01 18:00:00+00:00
[2026-07-01T17:58:32.658+0000] {processor.py:183} INFO - Processing /opt/airflow/dags/dag_tomorrowio.py took 0.713 seconds
[2026-07-01T17:59:03.554+0000] {processor.py:161} INFO - Started process (PID=36316) to work on /opt/airflow/dags/dag_tomorrowio.py
[2026-07-01T17:59:03.556+0000] {processor.py:830} INFO - Processing file /opt/airflow/dags/dag_tomorrowio.py for tasks to queue
[2026-07-01T17:59:03.563+0000] {logging_mixin.py:188} INFO - [2026-07-01T17:59:03.562+0000] {dagbag.py:545} INFO - Filling up the DagBag from /opt/airflow/dags/dag_tomorrowio.py
[2026-07-01T17:59:04.209+0000] {processor.py:840} INFO - DAG(s) 'weather_tomorrowio_pipeline' retrieved from /opt/airflow/dags/dag_tomorrowio.py
[2026-07-01T17:59:04.246+0000] {logging_mixin.py:188} INFO - [2026-07-01T17:59:04.246+0000] {dag.py:3096} INFO - Sync 1 DAGs
[2026-07-01T17:59:04.261+0000] {logging_mixin.py:188} INFO - [2026-07-01T17:59:04.260+0000] {dag.py:3954} INFO - Setting next_dagrun for weather_tomorrowio_pipeline to 2026-07-01 17:00:00+00:00, run_after=2026-07-01 18:00:00+00:00
[2026-07-01T17:59:04.278+0000] {processor.py:183} INFO - Processing /opt/airflow/dags/dag_tomorrowio.py took 0.737 seconds
[2026-07-01T17:59:35.159+0000] {processor.py:161} INFO - Started process (PID=36365) to work on /opt/airflow/dags/dag_tomorrowio.py
[2026-07-01T17:59:35.160+0000] {processor.py:830} INFO - Processing file /opt/airflow/dags/dag_tomorrowio.py for tasks to queue
[2026-07-01T17:59:35.161+0000] {logging_mixin.py:188} INFO - [2026-07-01T17:59:35.161+0000] {dagbag.py:545} INFO - Filling up the DagBag from /opt/airflow/dags/dag_tomorrowio.py
[2026-07-01T17:59:35.522+0000] {processor.py:840} INFO - DAG(s) 'weather_tomorrowio_pipeline' retrieved from /opt/airflow/dags/dag_tomorrowio.py
[2026-07-01T17:59:35.537+0000] {logging_mixin.py:188} INFO - [2026-07-01T17:59:35.536+0000] {dag.py:3096} INFO - Sync 1 DAGs
[2026-07-01T17:59:35.550+0000] {logging_mixin.py:188} INFO - [2026-07-01T17:59:35.550+0000] {dag.py:3954} INFO - Setting next_dagrun for weather_tomorrowio_pipeline to 2026-07-01 17:00:00+00:00, run_after=2026-07-01 18:00:00+00:00
[2026-07-01T17:59:35.567+0000] {processor.py:183} INFO - Processing /opt/airflow/dags/dag_tomorrowio.py took 0.419 seconds
[2026-07-01T18:00:06.432+0000] {processor.py:161} INFO - Started process (PID=36559) to work on /opt/airflow/dags/dag_tomorrowio.py
[2026-07-01T18:00:06.437+0000] {processor.py:830} INFO - Processing file /opt/airflow/dags/dag_tomorrowio.py for tasks to queue
[2026-07-01T18:00:06.451+0000] {logging_mixin.py:188} INFO - [2026-07-01T18:00:06.451+0000] {dagbag.py:545} INFO - Filling up the DagBag from /opt/airflow/dags/dag_tomorrowio.py
[2026-07-01T18:00:07.845+0000] {processor.py:840} INFO - DAG(s) 'weather_tomorrowio_pipeline' retrieved from /opt/airflow/dags/dag_tomorrowio.py
[2026-07-01T18:00:07.872+0000] {logging_mixin.py:188} INFO - [2026-07-01T18:00:07.871+0000] {dag.py:3096} INFO - Sync 1 DAGs
[2026-07-01T18:00:07.886+0000] {logging_mixin.py:188} INFO - [2026-07-01T18:00:07.886+0000] {dag.py:3954} INFO - Setting next_dagrun for weather_tomorrowio_pipeline to 2026-07-01 18:00:00+00:00, run_after=2026-07-01 19:00:00+00:00
[2026-07-01T18:00:07.919+0000] {processor.py:183} INFO - Processing /opt/airflow/dags/dag_tomorrowio.py took 1.502 seconds
[2026-07-01T18:00:38.532+0000] {processor.py:161} INFO - Started process (PID=37027) to work on /opt/airflow/dags/dag_tomorrowio.py
[2026-07-01T18:00:38.533+0000] {processor.py:830} INFO - Processing file /opt/airflow/dags/dag_tomorrowio.py for tasks to queue
[2026-07-01T18:00:38.534+0000] {logging_mixin.py:188} INFO - [2026-07-01T18:00:38.534+0000] {dagbag.py:545} INFO - Filling up the DagBag from /opt/airflow/dags/dag_tomorrowio.py
[2026-07-01T18:00:38.830+0000] {processor.py:840} INFO - DAG(s) 'weather_tomorrowio_pipeline' retrieved from /opt/airflow/dags/dag_tomorrowio.py
[2026-07-01T18:00:38.847+0000] {logging_mixin.py:188} INFO - [2026-07-01T18:00:38.847+0000] {dag.py:3096} INFO - Sync 1 DAGs
[2026-07-01T18:00:38.862+0000] {logging_mixin.py:188} INFO - [2026-07-01T18:00:38.862+0000] {dag.py:3954} INFO - Setting next_dagrun for weather_tomorrowio_pipeline to 2026-07-01 18:00:00+00:00, run_after=2026-07-01 19:00:00+00:00
[2026-07-01T18:00:38.873+0000] {processor.py:183} INFO - Processing /opt/airflow/dags/dag_tomorrowio.py took 0.349 seconds
[2026-07-01T18:01:09.790+0000] {processor.py:161} INFO - Started process (PID=37062) to work on /opt/airflow/dags/dag_tomorrowio.py
[2026-07-01T18:01:09.791+0000] {processor.py:830} INFO - Processing file /opt/airflow/dags/dag_tomorrowio.py for tasks to queue
[2026-07-01T18:01:09.793+0000] {logging_mixin.py:188} INFO - [2026-07-01T18:01:09.793+0000] {dagbag.py:545} INFO - Filling up the DagBag from /opt/airflow/dags/dag_tomorrowio.py
[2026-07-01T18:01:10.355+0000] {processor.py:840} INFO - DAG(s) 'weather_tomorrowio_pipeline' retrieved from /opt/airflow/dags/dag_tomorrowio.py
[2026-07-01T18:01:10.383+0000] {logging_mixin.py:188} INFO - [2026-07-01T18:01:10.383+0000] {dag.py:3096} INFO - Sync 1 DAGs
[2026-07-01T18:01:10.397+0000] {logging_mixin.py:188} INFO - [2026-07-01T18:01:10.397+0000] {dag.py:3954} INFO - Setting next_dagrun for weather_tomorrowio_pipeline to 2026-07-01 18:00:00+00:00, run_after=2026-07-01 19:00:00+00:00
[2026-07-01T18:01:10.414+0000] {processor.py:183} INFO - Processing /opt/airflow/dags/dag_tomorrowio.py took 0.637 seconds
[2026-07-01T18:01:41.150+0000] {processor.py:161} INFO - Started process (PID=37100) to work on /opt/airflow/dags/dag_tomorrowio.py
[2026-07-01T18:01:41.152+0000] {processor.py:830} INFO - Processing file /opt/airflow/dags/dag_tomorrowio.py for tasks to queue
[2026-07-01T18:01:41.155+0000] {logging_mixin.py:188} INFO - [2026-07-01T18:01:41.155+0000] {dagbag.py:545} INFO - Filling up the DagBag from /opt/airflow/dags/dag_tomorrowio.py
[2026-07-01T18:01:41.638+0000] {processor.py:840} INFO - DAG(s) 'weather_tomorrowio_pipeline' retrieved from /opt/airflow/dags/dag_tomorrowio.py
[2026-07-01T18:01:41.656+0000] {logging_mixin.py:188} INFO - [2026-07-01T18:01:41.655+0000] {dag.py:3096} INFO - Sync 1 DAGs
[2026-07-01T18:01:41.666+0000] {logging_mixin.py:188} INFO - [2026-07-01T18:01:41.666+0000] {dag.py:3954} INFO - Setting next_dagrun for weather_tomorrowio_pipeline to 2026-07-01 18:00:00+00:00, run_after=2026-07-01 19:00:00+00:00
[2026-07-01T18:01:41.675+0000] {processor.py:183} INFO - Processing /opt/airflow/dags/dag_tomorrowio.py took 0.551 seconds
[2026-07-01T18:02:12.471+0000] {processor.py:161} INFO - Started process (PID=37137) to work on /opt/airflow/dags/dag_tomorrowio.py
[2026-07-01T18:02:12.472+0000] {processor.py:830} INFO - Processing file /opt/airflow/dags/dag_tomorrowio.py for tasks to queue
[2026-07-01T18:02:12.474+0000] {logging_mixin.py:188} INFO - [2026-07-01T18:02:12.474+0000] {dagbag.py:545} INFO - Filling up the DagBag from /opt/airflow/dags/dag_tomorrowio.py
[2026-07-01T18:02:13.007+0000] {processor.py:840} INFO - DAG(s) 'weather_tomorrowio_pipeline' retrieved from /opt/airflow/dags/dag_tomorrowio.py
[2026-07-01T18:02:13.030+0000] {logging_mixin.py:188} INFO - [2026-07-01T18:02:13.030+0000] {dag.py:3096} INFO - Sync 1 DAGs
[2026-07-01T18:02:13.044+0000] {logging_mixin.py:188} INFO - [2026-07-01T18:02:13.044+0000] {dag.py:3954} INFO - Setting next_dagrun for weather_tomorrowio_pipeline to 2026-07-01 18:00:00+00:00, run_after=2026-07-01 19:00:00+00:00
[2026-07-01T18:02:13.056+0000] {processor.py:183} INFO - Processing /opt/airflow/dags/dag_tomorrowio.py took 0.598 seconds
[2026-07-01T18:02:43.884+0000] {processor.py:161} INFO - Started process (PID=37174) to work on /opt/airflow/dags/dag_tomorrowio.py
[2026-07-01T18:02:43.887+0000] {processor.py:830} INFO - Processing file /opt/airflow/dags/dag_tomorrowio.py for tasks to queue
[2026-07-01T18:02:43.888+0000] {logging_mixin.py:188} INFO - [2026-07-01T18:02:43.888+0000] {dagbag.py:545} INFO - Filling up the DagBag from /opt/airflow/dags/dag_tomorrowio.py
[2026-07-01T18:02:44.426+0000] {processor.py:840} INFO - DAG(s) 'weather_tomorrowio_pipeline' retrieved from /opt/airflow/dags/dag_tomorrowio.py
[2026-07-01T18:02:44.439+0000] {logging_mixin.py:188} INFO - [2026-07-01T18:02:44.439+0000] {dag.py:3096} INFO - Sync 1 DAGs
[2026-07-01T18:02:44.450+0000] {logging_mixin.py:188} INFO - [2026-07-01T18:02:44.450+0000] {dag.py:3954} INFO - Setting next_dagrun for weather_tomorrowio_pipeline to 2026-07-01 18:00:00+00:00, run_after=2026-07-01 19:00:00+00:00
[2026-07-01T18:02:44.459+0000] {processor.py:183} INFO - Processing /opt/airflow/dags/dag_tomorrowio.py took 0.581 seconds
[2026-07-01T18:03:15.265+0000] {processor.py:161} INFO - Started process (PID=37211) to work on /opt/airflow/dags/dag_tomorrowio.py
[2026-07-01T18:03:15.267+0000] {processor.py:830} INFO - Processing file /opt/airflow/dags/dag_tomorrowio.py for tasks to queue
[2026-07-01T18:03:15.269+0000] {logging_mixin.py:188} INFO - [2026-07-01T18:03:15.269+0000] {dagbag.py:545} INFO - Filling up the DagBag from /opt/airflow/dags/dag_tomorrowio.py
[2026-07-01T18:03:15.741+0000] {processor.py:840} INFO - DAG(s) 'weather_tomorrowio_pipeline' retrieved from /opt/airflow/dags/dag_tomorrowio.py
[2026-07-01T18:03:15.756+0000] {logging_mixin.py:188} INFO - [2026-07-01T18:03:15.756+0000] {dag.py:3096} INFO - Sync 1 DAGs
[2026-07-01T18:03:15.768+0000] {logging_mixin.py:188} INFO - [2026-07-01T18:03:15.768+0000] {dag.py:3954} INFO - Setting next_dagrun for weather_tomorrowio_pipeline to 2026-07-01 18:00:00+00:00, run_after=2026-07-01 19:00:00+00:00
[2026-07-01T18:03:15.779+0000] {processor.py:183} INFO - Processing /opt/airflow/dags/dag_tomorrowio.py took 0.542 seconds
[2026-07-01T18:03:46.462+0000] {processor.py:161} INFO - Started process (PID=37248) to work on /opt/airflow/dags/dag_tomorrowio.py
[2026-07-01T18:03:46.463+0000] {processor.py:830} INFO - Processing file /opt/airflow/dags/dag_tomorrowio.py for tasks to queue
[2026-07-01T18:03:46.468+0000] {logging_mixin.py:188} INFO - [2026-07-01T18:03:46.467+0000] {dagbag.py:545} INFO - Filling up the DagBag from /opt/airflow/dags/dag_tomorrowio.py
[2026-07-01T18:03:46.984+0000] {processor.py:840} INFO - DAG(s) 'weather_tomorrowio_pipeline' retrieved from /opt/airflow/dags/dag_tomorrowio.py
[2026-07-01T18:03:47.006+0000] {logging_mixin.py:188} INFO - [2026-07-01T18:03:47.005+0000] {dag.py:3096} INFO - Sync 1 DAGs
[2026-07-01T18:03:47.019+0000] {logging_mixin.py:188} INFO - [2026-07-01T18:03:47.019+0000] {dag.py:3954} INFO - Setting next_dagrun for weather_tomorrowio_pipeline to 2026-07-01 18:00:00+00:00, run_after=2026-07-01 19:00:00+00:00
[2026-07-01T18:03:47.037+0000] {processor.py:183} INFO - Processing /opt/airflow/dags/dag_tomorrowio.py took 0.585 seconds
[2026-07-01T18:04:17.767+0000] {processor.py:161} INFO - Started process (PID=37285) to work on /opt/airflow/dags/dag_tomorrowio.py
[2026-07-01T18:04:17.771+0000] {processor.py:830} INFO - Processing file /opt/airflow/dags/dag_tomorrowio.py for tasks to queue
[2026-07-01T18:04:17.773+0000] {logging_mixin.py:188} INFO - [2026-07-01T18:04:17.773+0000] {dagbag.py:545} INFO - Filling up the DagBag from /opt/airflow/dags/dag_tomorrowio.py
[2026-07-01T18:04:18.254+0000] {processor.py:840} INFO - DAG(s) 'weather_tomorrowio_pipeline' retrieved from /opt/airflow/dags/dag_tomorrowio.py
[2026-07-01T18:04:18.274+0000] {logging_mixin.py:188} INFO - [2026-07-01T18:04:18.274+0000] {dag.py:3096} INFO - Sync 1 DAGs
[2026-07-01T18:04:18.285+0000] {logging_mixin.py:188} INFO - [2026-07-01T18:04:18.285+0000] {dag.py:3954} INFO - Setting next_dagrun for weather_tomorrowio_pipeline to 2026-07-01 18:00:00+00:00, run_after=2026-07-01 19:00:00+00:00
[2026-07-01T18:04:18.299+0000] {processor.py:183} INFO - Processing /opt/airflow/dags/dag_tomorrowio.py took 0.540 seconds
[2026-07-01T18:04:48.948+0000] {processor.py:161} INFO - Started process (PID=37322) to work on /opt/airflow/dags/dag_tomorrowio.py
[2026-07-01T18:04:48.950+0000] {processor.py:830} INFO - Processing file /opt/airflow/dags/dag_tomorrowio.py for tasks to queue
[2026-07-01T18:04:48.952+0000] {logging_mixin.py:188} INFO - [2026-07-01T18:04:48.952+0000] {dagbag.py:545} INFO - Filling up the DagBag from /opt/airflow/dags/dag_tomorrowio.py
[2026-07-01T18:04:49.433+0000] {processor.py:840} INFO - DAG(s) 'weather_tomorrowio_pipeline' retrieved from /opt/airflow/dags/dag_tomorrowio.py
[2026-07-01T18:04:49.451+0000] {logging_mixin.py:188} INFO - [2026-07-01T18:04:49.451+0000] {dag.py:3096} INFO - Sync 1 DAGs
[2026-07-01T18:04:49.461+0000] {logging_mixin.py:188} INFO - [2026-07-01T18:04:49.461+0000] {dag.py:3954} INFO - Setting next_dagrun for weather_tomorrowio_pipeline to 2026-07-01 18:00:00+00:00, run_after=2026-07-01 19:00:00+00:00
[2026-07-01T18:04:49.472+0000] {processor.py:183} INFO - Processing /opt/airflow/dags/dag_tomorrowio.py took 0.530 seconds
[2026-07-01T18:05:20.286+0000] {processor.py:161} INFO - Started process (PID=37359) to work on /opt/airflow/dags/dag_tomorrowio.py
[2026-07-01T18:05:20.289+0000] {processor.py:830} INFO - Processing file /opt/airflow/dags/dag_tomorrowio.py for tasks to queue
[2026-07-01T18:05:20.293+0000] {logging_mixin.py:188} INFO - [2026-07-01T18:05:20.292+0000] {dagbag.py:545} INFO - Filling up the DagBag from /opt/airflow/dags/dag_tomorrowio.py
[2026-07-01T18:05:20.844+0000] {processor.py:840} INFO - DAG(s) 'weather_tomorrowio_pipeline' retrieved from /opt/airflow/dags/dag_tomorrowio.py
[2026-07-01T18:05:20.861+0000] {logging_mixin.py:188} INFO - [2026-07-01T18:05:20.861+0000] {dag.py:3096} INFO - Sync 1 DAGs
[2026-07-01T18:05:20.875+0000] {logging_mixin.py:188} INFO - [2026-07-01T18:05:20.875+0000] {dag.py:3954} INFO - Setting next_dagrun for weather_tomorrowio_pipeline to 2026-07-01 18:00:00+00:00, run_after=2026-07-01 19:00:00+00:00
[2026-07-01T18:05:20.888+0000] {processor.py:183} INFO - Processing /opt/airflow/dags/dag_tomorrowio.py took 0.612 seconds
[2026-07-01T18:05:51.631+0000] {processor.py:161} INFO - Started process (PID=37394) to work on /opt/airflow/dags/dag_tomorrowio.py
[2026-07-01T18:05:51.634+0000] {processor.py:830} INFO - Processing file /opt/airflow/dags/dag_tomorrowio.py for tasks to queue
[2026-07-01T18:05:51.637+0000] {logging_mixin.py:188} INFO - [2026-07-01T18:05:51.637+0000] {dagbag.py:545} INFO - Filling up the DagBag from /opt/airflow/dags/dag_tomorrowio.py
[2026-07-01T18:05:52.136+0000] {processor.py:840} INFO - DAG(s) 'weather_tomorrowio_pipeline' retrieved from /opt/airflow/dags/dag_tomorrowio.py
[2026-07-01T18:05:52.159+0000] {logging_mixin.py:188} INFO - [2026-07-01T18:05:52.159+0000] {dag.py:3096} INFO - Sync 1 DAGs
[2026-07-01T18:05:52.169+0000] {logging_mixin.py:188} INFO - [2026-07-01T18:05:52.169+0000] {dag.py:3954} INFO - Setting next_dagrun for weather_tomorrowio_pipeline to 2026-07-01 18:00:00+00:00, run_after=2026-07-01 19:00:00+00:00
[2026-07-01T18:05:52.186+0000] {processor.py:183} INFO - Processing /opt/airflow/dags/dag_tomorrowio.py took 0.561 seconds
[2026-07-01T18:06:23.042+0000] {processor.py:161} INFO - Started process (PID=37433) to work on /opt/airflow/dags/dag_tomorrowio.py
[2026-07-01T18:06:23.044+0000] {processor.py:830} INFO - Processing file /opt/airflow/dags/dag_tomorrowio.py for tasks to queue
[2026-07-01T18:06:23.046+0000] {logging_mixin.py:188} INFO - [2026-07-01T18:06:23.046+0000] {dagbag.py:545} INFO - Filling up the DagBag from /opt/airflow/dags/dag_tomorrowio.py
[2026-07-01T18:06:23.557+0000] {processor.py:840} INFO - DAG(s) 'weather_tomorrowio_pipeline' retrieved from /opt/airflow/dags/dag_tomorrowio.py
[2026-07-01T18:06:23.584+0000] {logging_mixin.py:188} INFO - [2026-07-01T18:06:23.584+0000] {dag.py:3096} INFO - Sync 1 DAGs
[2026-07-01T18:06:23.599+0000] {logging_mixin.py:188} INFO - [2026-07-01T18:06:23.599+0000] {dag.py:3954} INFO - Setting next_dagrun for weather_tomorrowio_pipeline to 2026-07-01 18:00:00+00:00, run_after=2026-07-01 19:00:00+00:00
[2026-07-01T18:06:23.612+0000] {processor.py:183} INFO - Processing /opt/airflow/dags/dag_tomorrowio.py took 0.580 seconds
[2026-07-01T18:06:54.331+0000] {processor.py:161} INFO - Started process (PID=37470) to work on /opt/airflow/dags/dag_tomorrowio.py
[2026-07-01T18:06:54.333+0000] {processor.py:830} INFO - Processing file /opt/airflow/dags/dag_tomorrowio.py for tasks to queue
[2026-07-01T18:06:54.336+0000] {logging_mixin.py:188} INFO - [2026-07-01T18:06:54.335+0000] {dagbag.py:545} INFO - Filling up the DagBag from /opt/airflow/dags/dag_tomorrowio.py
[2026-07-01T18:06:54.837+0000] {processor.py:840} INFO - DAG(s) 'weather_tomorrowio_pipeline' retrieved from /opt/airflow/dags/dag_tomorrowio.py
[2026-07-01T18:06:54.859+0000] {logging_mixin.py:188} INFO - [2026-07-01T18:06:54.859+0000] {dag.py:3096} INFO - Sync 1 DAGs
[2026-07-01T18:06:54.874+0000] {logging_mixin.py:188} INFO - [2026-07-01T18:06:54.873+0000] {dag.py:3954} INFO - Setting next_dagrun for weather_tomorrowio_pipeline to 2026-07-01 18:00:00+00:00, run_after=2026-07-01 19:00:00+00:00
[2026-07-01T18:06:54.887+0000] {processor.py:183} INFO - Processing /opt/airflow/dags/dag_tomorrowio.py took 0.562 seconds
[2026-07-01T18:07:25.851+0000] {processor.py:161} INFO - Started process (PID=37506) to work on /opt/airflow/dags/dag_tomorrowio.py
[2026-07-01T18:07:25.856+0000] {processor.py:830} INFO - Processing file /opt/airflow/dags/dag_tomorrowio.py for tasks to queue
[2026-07-01T18:07:25.863+0000] {logging_mixin.py:188} INFO - [2026-07-01T18:07:25.860+0000] {dagbag.py:545} INFO - Filling up the DagBag from /opt/airflow/dags/dag_tomorrowio.py
[2026-07-01T18:07:26.618+0000] {processor.py:840} INFO - DAG(s) 'weather_tomorrowio_pipeline' retrieved from /opt/airflow/dags/dag_tomorrowio.py
[2026-07-01T18:07:26.663+0000] {logging_mixin.py:188} INFO - [2026-07-01T18:07:26.663+0000] {dag.py:3096} INFO - Sync 1 DAGs
[2026-07-01T18:07:26.716+0000] {logging_mixin.py:188} INFO - [2026-07-01T18:07:26.716+0000] {dag.py:3954} INFO - Setting next_dagrun for weather_tomorrowio_pipeline to 2026-07-01 18:00:00+00:00, run_after=2026-07-01 19:00:00+00:00
[2026-07-01T18:07:26.735+0000] {processor.py:183} INFO - Processing /opt/airflow/dags/dag_tomorrowio.py took 0.911 seconds
[2026-07-01T18:07:57.499+0000] {processor.py:161} INFO - Started process (PID=37544) to work on /opt/airflow/dags/dag_tomorrowio.py
[2026-07-01T18:07:57.502+0000] {processor.py:830} INFO - Processing file /opt/airflow/dags/dag_tomorrowio.py for tasks to queue
[2026-07-01T18:07:57.505+0000] {logging_mixin.py:188} INFO - [2026-07-01T18:07:57.505+0000] {dagbag.py:545} INFO - Filling up the DagBag from /opt/airflow/dags/dag_tomorrowio.py
[2026-07-01T18:07:57.956+0000] {processor.py:840} INFO - DAG(s) 'weather_tomorrowio_pipeline' retrieved from /opt/airflow/dags/dag_tomorrowio.py
[2026-07-01T18:07:57.984+0000] {logging_mixin.py:188} INFO - [2026-07-01T18:07:57.983+0000] {dag.py:3096} INFO - Sync 1 DAGs
[2026-07-01T18:07:58.031+0000] {logging_mixin.py:188} INFO - [2026-07-01T18:07:58.030+0000] {dag.py:3954} INFO - Setting next_dagrun for weather_tomorrowio_pipeline to 2026-07-01 18:00:00+00:00, run_after=2026-07-01 19:00:00+00:00
[2026-07-01T18:07:58.055+0000] {processor.py:183} INFO - Processing /opt/airflow/dags/dag_tomorrowio.py took 0.573 seconds
[2026-07-01T18:08:28.873+0000] {processor.py:161} INFO - Started process (PID=37580) to work on /opt/airflow/dags/dag_tomorrowio.py
[2026-07-01T18:08:28.875+0000] {processor.py:830} INFO - Processing file /opt/airflow/dags/dag_tomorrowio.py for tasks to queue
[2026-07-01T18:08:28.885+0000] {logging_mixin.py:188} INFO - [2026-07-01T18:08:28.883+0000] {dagbag.py:545} INFO - Filling up the DagBag from /opt/airflow/dags/dag_tomorrowio.py
[2026-07-01T18:08:29.519+0000] {processor.py:840} INFO - DAG(s) 'weather_tomorrowio_pipeline' retrieved from /opt/airflow/dags/dag_tomorrowio.py
[2026-07-01T18:08:29.549+0000] {logging_mixin.py:188} INFO - [2026-07-01T18:08:29.548+0000] {dag.py:3096} INFO - Sync 1 DAGs
[2026-07-01T18:08:29.564+0000] {logging_mixin.py:188} INFO - [2026-07-01T18:08:29.564+0000] {dag.py:3954} INFO - Setting next_dagrun for weather_tomorrowio_pipeline to 2026-07-01 18:00:00+00:00, run_after=2026-07-01 19:00:00+00:00
[2026-07-01T18:08:29.580+0000] {processor.py:183} INFO - Processing /opt/airflow/dags/dag_tomorrowio.py took 0.721 seconds
[2026-07-01T18:09:00.438+0000] {processor.py:161} INFO - Started process (PID=37617) to work on /opt/airflow/dags/dag_tomorrowio.py
[2026-07-01T18:09:00.443+0000] {processor.py:830} INFO - Processing file /opt/airflow/dags/dag_tomorrowio.py for tasks to queue
[2026-07-01T18:09:00.447+0000] {logging_mixin.py:188} INFO - [2026-07-01T18:09:00.446+0000] {dagbag.py:545} INFO - Filling up the DagBag from /opt/airflow/dags/dag_tomorrowio.py
[2026-07-01T18:09:01.079+0000] {processor.py:840} INFO - DAG(s) 'weather_tomorrowio_pipeline' retrieved from /opt/airflow/dags/dag_tomorrowio.py
[2026-07-01T18:09:01.105+0000] {logging_mixin.py:188} INFO - [2026-07-01T18:09:01.104+0000] {dag.py:3096} INFO - Sync 1 DAGs
[2026-07-01T18:09:01.119+0000] {logging_mixin.py:188} INFO - [2026-07-01T18:09:01.118+0000] {dag.py:3954} INFO - Setting next_dagrun for weather_tomorrowio_pipeline to 2026-07-01 18:00:00+00:00, run_after=2026-07-01 19:00:00+00:00
[2026-07-01T18:09:01.131+0000] {processor.py:183} INFO - Processing /opt/airflow/dags/dag_tomorrowio.py took 0.705 seconds
[2026-07-01T18:09:31.988+0000] {processor.py:161} INFO - Started process (PID=37655) to work on /opt/airflow/dags/dag_tomorrowio.py
[2026-07-01T18:09:31.990+0000] {processor.py:830} INFO - Processing file /opt/airflow/dags/dag_tomorrowio.py for tasks to queue
[2026-07-01T18:09:32.003+0000] {logging_mixin.py:188} INFO - [2026-07-01T18:09:31.998+0000] {dagbag.py:545} INFO - Filling up the DagBag from /opt/airflow/dags/dag_tomorrowio.py
[2026-07-01T18:09:32.528+0000] {processor.py:840} INFO - DAG(s) 'weather_tomorrowio_pipeline' retrieved from /opt/airflow/dags/dag_tomorrowio.py
[2026-07-01T18:09:32.545+0000] {logging_mixin.py:188} INFO - [2026-07-01T18:09:32.545+0000] {dag.py:3096} INFO - Sync 1 DAGs
[2026-07-01T18:09:32.556+0000] {logging_mixin.py:188} INFO - [2026-07-01T18:09:32.556+0000] {dag.py:3954} INFO - Setting next_dagrun for weather_tomorrowio_pipeline to 2026-07-01 18:00:00+00:00, run_after=2026-07-01 19:00:00+00:00
[2026-07-01T18:09:32.567+0000] {processor.py:183} INFO - Processing /opt/airflow/dags/dag_tomorrowio.py took 0.592 seconds
[2026-07-01T18:10:03.312+0000] {processor.py:161} INFO - Started process (PID=37691) to work on /opt/airflow/dags/dag_tomorrowio.py
[2026-07-01T18:10:03.315+0000] {processor.py:830} INFO - Processing file /opt/airflow/dags/dag_tomorrowio.py for tasks to queue
[2026-07-01T18:10:03.328+0000] {logging_mixin.py:188} INFO - [2026-07-01T18:10:03.323+0000] {dagbag.py:545} INFO - Filling up the DagBag from /opt/airflow/dags/dag_tomorrowio.py
[2026-07-01T18:10:03.876+0000] {processor.py:840} INFO - DAG(s) 'weather_tomorrowio_pipeline' retrieved from /opt/airflow/dags/dag_tomorrowio.py
[2026-07-01T18:10:03.897+0000] {logging_mixin.py:188} INFO - [2026-07-01T18:10:03.897+0000] {dag.py:3096} INFO - Sync 1 DAGs
[2026-07-01T18:10:03.911+0000] {logging_mixin.py:188} INFO - [2026-07-01T18:10:03.911+0000] {dag.py:3954} INFO - Setting next_dagrun for weather_tomorrowio_pipeline to 2026-07-01 18:00:00+00:00, run_after=2026-07-01 19:00:00+00:00
[2026-07-01T18:10:03.921+0000] {processor.py:183} INFO - Processing /opt/airflow/dags/dag_tomorrowio.py took 0.621 seconds
[2026-07-01T18:10:34.677+0000] {processor.py:161} INFO - Started process (PID=37728) to work on /opt/airflow/dags/dag_tomorrowio.py
[2026-07-01T18:10:34.679+0000] {processor.py:830} INFO - Processing file /opt/airflow/dags/dag_tomorrowio.py for tasks to queue
[2026-07-01T18:10:34.683+0000] {logging_mixin.py:188} INFO - [2026-07-01T18:10:34.683+0000] {dagbag.py:545} INFO - Filling up the DagBag from /opt/airflow/dags/dag_tomorrowio.py
[2026-07-01T18:10:35.204+0000] {processor.py:840} INFO - DAG(s) 'weather_tomorrowio_pipeline' retrieved from /opt/airflow/dags/dag_tomorrowio.py
[2026-07-01T18:10:35.228+0000] {logging_mixin.py:188} INFO - [2026-07-01T18:10:35.228+0000] {dag.py:3096} INFO - Sync 1 DAGs
[2026-07-01T18:10:35.239+0000] {logging_mixin.py:188} INFO - [2026-07-01T18:10:35.239+0000] {dag.py:3954} INFO - Setting next_dagrun for weather_tomorrowio_pipeline to 2026-07-01 18:00:00+00:00, run_after=2026-07-01 19:00:00+00:00
[2026-07-01T18:10:35.252+0000] {processor.py:183} INFO - Processing /opt/airflow/dags/dag_tomorrowio.py took 0.586 seconds
[2026-07-01T18:11:06.066+0000] {processor.py:161} INFO - Started process (PID=37765) to work on /opt/airflow/dags/dag_tomorrowio.py
[2026-07-01T18:11:06.070+0000] {processor.py:830} INFO - Processing file /opt/airflow/dags/dag_tomorrowio.py for tasks to queue
[2026-07-01T18:11:06.077+0000] {logging_mixin.py:188} INFO - [2026-07-01T18:11:06.075+0000] {dagbag.py:545} INFO - Filling up the DagBag from /opt/airflow/dags/dag_tomorrowio.py
[2026-07-01T18:11:06.661+0000] {processor.py:840} INFO - DAG(s) 'weather_tomorrowio_pipeline' retrieved from /opt/airflow/dags/dag_tomorrowio.py
[2026-07-01T18:11:06.688+0000] {logging_mixin.py:188} INFO - [2026-07-01T18:11:06.688+0000] {dag.py:3096} INFO - Sync 1 DAGs
[2026-07-01T18:11:06.703+0000] {logging_mixin.py:188} INFO - [2026-07-01T18:11:06.703+0000] {dag.py:3954} INFO - Setting next_dagrun for weather_tomorrowio_pipeline to 2026-07-01 18:00:00+00:00, run_after=2026-07-01 19:00:00+00:00
[2026-07-01T18:11:06.717+0000] {processor.py:183} INFO - Processing /opt/airflow/dags/dag_tomorrowio.py took 0.666 seconds
[2026-07-01T18:11:37.395+0000] {processor.py:161} INFO - Started process (PID=37802) to work on /opt/airflow/dags/dag_tomorrowio.py
[2026-07-01T18:11:37.399+0000] {processor.py:830} INFO - Processing file /opt/airflow/dags/dag_tomorrowio.py for tasks to queue
[2026-07-01T18:11:37.404+0000] {logging_mixin.py:188} INFO - [2026-07-01T18:11:37.404+0000] {dagbag.py:545} INFO - Filling up the DagBag from /opt/airflow/dags/dag_tomorrowio.py
[2026-07-01T18:11:37.981+0000] {processor.py:840} INFO - DAG(s) 'weather_tomorrowio_pipeline' retrieved from /opt/airflow/dags/dag_tomorrowio.py
[2026-07-01T18:11:37.998+0000] {logging_mixin.py:188} INFO - [2026-07-01T18:11:37.998+0000] {dag.py:3096} INFO - Sync 1 DAGs
[2026-07-01T18:11:38.017+0000] {logging_mixin.py:188} INFO - [2026-07-01T18:11:38.017+0000] {dag.py:3954} INFO - Setting next_dagrun for weather_tomorrowio_pipeline to 2026-07-01 18:00:00+00:00, run_after=2026-07-01 19:00:00+00:00
[2026-07-01T18:11:38.030+0000] {processor.py:183} INFO - Processing /opt/airflow/dags/dag_tomorrowio.py took 0.648 seconds
[2026-07-01T18:12:08.795+0000] {processor.py:161} INFO - Started process (PID=37840) to work on /opt/airflow/dags/dag_tomorrowio.py
[2026-07-01T18:12:08.806+0000] {processor.py:830} INFO - Processing file /opt/airflow/dags/dag_tomorrowio.py for tasks to queue
[2026-07-01T18:12:08.816+0000] {logging_mixin.py:188} INFO - [2026-07-01T18:12:08.815+0000] {dagbag.py:545} INFO - Filling up the DagBag from /opt/airflow/dags/dag_tomorrowio.py
[2026-07-01T18:12:09.427+0000] {processor.py:840} INFO - DAG(s) 'weather_tomorrowio_pipeline' retrieved from /opt/airflow/dags/dag_tomorrowio.py
[2026-07-01T18:12:09.446+0000] {logging_mixin.py:188} INFO - [2026-07-01T18:12:09.445+0000] {dag.py:3096} INFO - Sync 1 DAGs
[2026-07-01T18:12:09.471+0000] {logging_mixin.py:188} INFO - [2026-07-01T18:12:09.471+0000] {dag.py:3954} INFO - Setting next_dagrun for weather_tomorrowio_pipeline to 2026-07-01 18:00:00+00:00, run_after=2026-07-01 19:00:00+00:00
[2026-07-01T18:12:09.484+0000] {processor.py:183} INFO - Processing /opt/airflow/dags/dag_tomorrowio.py took 0.701 seconds
[2026-07-01T18:12:40.210+0000] {processor.py:161} INFO - Started process (PID=37877) to work on /opt/airflow/dags/dag_tomorrowio.py
[2026-07-01T18:12:40.211+0000] {processor.py:830} INFO - Processing file /opt/airflow/dags/dag_tomorrowio.py for tasks to queue
[2026-07-01T18:12:40.213+0000] {logging_mixin.py:188} INFO - [2026-07-01T18:12:40.213+0000] {dagbag.py:545} INFO - Filling up the DagBag from /opt/airflow/dags/dag_tomorrowio.py
[2026-07-01T18:12:40.805+0000] {processor.py:840} INFO - DAG(s) 'weather_tomorrowio_pipeline' retrieved from /opt/airflow/dags/dag_tomorrowio.py
[2026-07-01T18:12:40.824+0000] {logging_mixin.py:188} INFO - [2026-07-01T18:12:40.824+0000] {dag.py:3096} INFO - Sync 1 DAGs
[2026-07-01T18:12:40.837+0000] {logging_mixin.py:188} INFO - [2026-07-01T18:12:40.837+0000] {dag.py:3954} INFO - Setting next_dagrun for weather_tomorrowio_pipeline to 2026-07-01 18:00:00+00:00, run_after=2026-07-01 19:00:00+00:00
[2026-07-01T18:12:40.849+0000] {processor.py:183} INFO - Processing /opt/airflow/dags/dag_tomorrowio.py took 0.647 seconds
[2026-07-01T18:13:11.656+0000] {processor.py:161} INFO - Started process (PID=37914) to work on /opt/airflow/dags/dag_tomorrowio.py
[2026-07-01T18:13:11.659+0000] {processor.py:830} INFO - Processing file /opt/airflow/dags/dag_tomorrowio.py for tasks to queue
[2026-07-01T18:13:11.663+0000] {logging_mixin.py:188} INFO - [2026-07-01T18:13:11.663+0000] {dagbag.py:545} INFO - Filling up the DagBag from /opt/airflow/dags/dag_tomorrowio.py
[2026-07-01T18:13:12.250+0000] {processor.py:840} INFO - DAG(s) 'weather_tomorrowio_pipeline' retrieved from /opt/airflow/dags/dag_tomorrowio.py
[2026-07-01T18:13:12.290+0000] {logging_mixin.py:188} INFO - [2026-07-01T18:13:12.290+0000] {dag.py:3096} INFO - Sync 1 DAGs
[2026-07-01T18:13:12.306+0000] {logging_mixin.py:188} INFO - [2026-07-01T18:13:12.306+0000] {dag.py:3954} INFO - Setting next_dagrun for weather_tomorrowio_pipeline to 2026-07-01 18:00:00+00:00, run_after=2026-07-01 19:00:00+00:00
[2026-07-01T18:13:12.319+0000] {processor.py:183} INFO - Processing /opt/airflow/dags/dag_tomorrowio.py took 0.676 seconds
[2026-07-01T18:13:43.149+0000] {processor.py:161} INFO - Started process (PID=37951) to work on /opt/airflow/dags/dag_tomorrowio.py
[2026-07-01T18:13:43.152+0000] {processor.py:830} INFO - Processing file /opt/airflow/dags/dag_tomorrowio.py for tasks to queue
[2026-07-01T18:13:43.154+0000] {logging_mixin.py:188} INFO - [2026-07-01T18:13:43.154+0000] {dagbag.py:545} INFO - Filling up the DagBag from /opt/airflow/dags/dag_tomorrowio.py
[2026-07-01T18:13:43.696+0000] {processor.py:840} INFO - DAG(s) 'weather_tomorrowio_pipeline' retrieved from /opt/airflow/dags/dag_tomorrowio.py
[2026-07-01T18:13:43.719+0000] {logging_mixin.py:188} INFO - [2026-07-01T18:13:43.718+0000] {dag.py:3096} INFO - Sync 1 DAGs
[2026-07-01T18:13:43.731+0000] {logging_mixin.py:188} INFO - [2026-07-01T18:13:43.730+0000] {dag.py:3954} INFO - Setting next_dagrun for weather_tomorrowio_pipeline to 2026-07-01 18:00:00+00:00, run_after=2026-07-01 19:00:00+00:00
[2026-07-01T18:13:43.742+0000] {processor.py:183} INFO - Processing /opt/airflow/dags/dag_tomorrowio.py took 0.611 seconds
[2026-07-01T18:14:14.532+0000] {processor.py:161} INFO - Started process (PID=37988) to work on /opt/airflow/dags/dag_tomorrowio.py
[2026-07-01T18:14:14.535+0000] {processor.py:830} INFO - Processing file /opt/airflow/dags/dag_tomorrowio.py for tasks to queue
[2026-07-01T18:14:14.541+0000] {logging_mixin.py:188} INFO - [2026-07-01T18:14:14.540+0000] {dagbag.py:545} INFO - Filling up the DagBag from /opt/airflow/dags/dag_tomorrowio.py
[2026-07-01T18:14:15.144+0000] {processor.py:840} INFO - DAG(s) 'weather_tomorrowio_pipeline' retrieved from /opt/airflow/dags/dag_tomorrowio.py
[2026-07-01T18:14:15.173+0000] {logging_mixin.py:188} INFO - [2026-07-01T18:14:15.173+0000] {dag.py:3096} INFO - Sync 1 DAGs
[2026-07-01T18:14:15.190+0000] {logging_mixin.py:188} INFO - [2026-07-01T18:14:15.190+0000] {dag.py:3954} INFO - Setting next_dagrun for weather_tomorrowio_pipeline to 2026-07-01 18:00:00+00:00, run_after=2026-07-01 19:00:00+00:00
[2026-07-01T18:14:15.215+0000] {processor.py:183} INFO - Processing /opt/airflow/dags/dag_tomorrowio.py took 0.695 seconds
[2026-07-01T18:14:45.833+0000] {processor.py:161} INFO - Started process (PID=38024) to work on /opt/airflow/dags/dag_tomorrowio.py
[2026-07-01T18:14:45.840+0000] {processor.py:830} INFO - Processing file /opt/airflow/dags/dag_tomorrowio.py for tasks to queue
[2026-07-01T18:14:45.846+0000] {logging_mixin.py:188} INFO - [2026-07-01T18:14:45.846+0000] {dagbag.py:545} INFO - Filling up the DagBag from /opt/airflow/dags/dag_tomorrowio.py
[2026-07-01T18:14:46.404+0000] {processor.py:840} INFO - DAG(s) 'weather_tomorrowio_pipeline' retrieved from /opt/airflow/dags/dag_tomorrowio.py
[2026-07-01T18:14:46.424+0000] {logging_mixin.py:188} INFO - [2026-07-01T18:14:46.424+0000] {dag.py:3096} INFO - Sync 1 DAGs
[2026-07-01T18:14:46.442+0000] {logging_mixin.py:188} INFO - [2026-07-01T18:14:46.442+0000] {dag.py:3954} INFO - Setting next_dagrun for weather_tomorrowio_pipeline to 2026-07-01 18:00:00+00:00, run_after=2026-07-01 19:00:00+00:00
[2026-07-01T18:14:46.453+0000] {processor.py:183} INFO - Processing /opt/airflow/dags/dag_tomorrowio.py took 0.638 seconds
[2026-07-01T18:15:17.162+0000] {processor.py:161} INFO - Started process (PID=38061) to work on /opt/airflow/dags/dag_tomorrowio.py
[2026-07-01T18:15:17.164+0000] {processor.py:830} INFO - Processing file /opt/airflow/dags/dag_tomorrowio.py for tasks to queue
[2026-07-01T18:15:17.170+0000] {logging_mixin.py:188} INFO - [2026-07-01T18:15:17.169+0000] {dagbag.py:545} INFO - Filling up the DagBag from /opt/airflow/dags/dag_tomorrowio.py
[2026-07-01T18:15:17.765+0000] {processor.py:840} INFO - DAG(s) 'weather_tomorrowio_pipeline' retrieved from /opt/airflow/dags/dag_tomorrowio.py
[2026-07-01T18:15:17.781+0000] {logging_mixin.py:188} INFO - [2026-07-01T18:15:17.781+0000] {dag.py:3096} INFO - Sync 1 DAGs
[2026-07-01T18:15:17.796+0000] {logging_mixin.py:188} INFO - [2026-07-01T18:15:17.796+0000] {dag.py:3954} INFO - Setting next_dagrun for weather_tomorrowio_pipeline to 2026-07-01 18:00:00+00:00, run_after=2026-07-01 19:00:00+00:00
[2026-07-01T18:15:17.818+0000] {processor.py:183} INFO - Processing /opt/airflow/dags/dag_tomorrowio.py took 0.665 seconds
[2026-07-01T18:15:48.398+0000] {processor.py:161} INFO - Started process (PID=38099) to work on /opt/airflow/dags/dag_tomorrowio.py
[2026-07-01T18:15:48.401+0000] {processor.py:830} INFO - Processing file /opt/airflow/dags/dag_tomorrowio.py for tasks to queue
[2026-07-01T18:15:48.405+0000] {logging_mixin.py:188} INFO - [2026-07-01T18:15:48.404+0000] {dagbag.py:545} INFO - Filling up the DagBag from /opt/airflow/dags/dag_tomorrowio.py
[2026-07-01T18:15:48.936+0000] {processor.py:840} INFO - DAG(s) 'weather_tomorrowio_pipeline' retrieved from /opt/airflow/dags/dag_tomorrowio.py
[2026-07-01T18:15:48.962+0000] {logging_mixin.py:188} INFO - [2026-07-01T18:15:48.962+0000] {dag.py:3096} INFO - Sync 1 DAGs
[2026-07-01T18:15:48.973+0000] {logging_mixin.py:188} INFO - [2026-07-01T18:15:48.973+0000] {dag.py:3954} INFO - Setting next_dagrun for weather_tomorrowio_pipeline to 2026-07-01 18:00:00+00:00, run_after=2026-07-01 19:00:00+00:00
[2026-07-01T18:15:48.985+0000] {processor.py:183} INFO - Processing /opt/airflow/dags/dag_tomorrowio.py took 0.610 seconds
[2026-07-01T18:16:19.676+0000] {processor.py:161} INFO - Started process (PID=38135) to work on /opt/airflow/dags/dag_tomorrowio.py
[2026-07-01T18:16:19.679+0000] {processor.py:830} INFO - Processing file /opt/airflow/dags/dag_tomorrowio.py for tasks to queue
[2026-07-01T18:16:19.685+0000] {logging_mixin.py:188} INFO - [2026-07-01T18:16:19.683+0000] {dagbag.py:545} INFO - Filling up the DagBag from /opt/airflow/dags/dag_tomorrowio.py
[2026-07-01T18:16:20.324+0000] {processor.py:840} INFO - DAG(s) 'weather_tomorrowio_pipeline' retrieved from /opt/airflow/dags/dag_tomorrowio.py
[2026-07-01T18:16:20.355+0000] {logging_mixin.py:188} INFO - [2026-07-01T18:16:20.355+0000] {dag.py:3096} INFO - Sync 1 DAGs
[2026-07-01T18:16:20.369+0000] {logging_mixin.py:188} INFO - [2026-07-01T18:16:20.369+0000] {dag.py:3954} INFO - Setting next_dagrun for weather_tomorrowio_pipeline to 2026-07-01 18:00:00+00:00, run_after=2026-07-01 19:00:00+00:00
[2026-07-01T18:16:20.379+0000] {processor.py:183} INFO - Processing /opt/airflow/dags/dag_tomorrowio.py took 0.713 seconds
[2026-07-01T18:16:50.915+0000] {processor.py:161} INFO - Started process (PID=38172) to work on /opt/airflow/dags/dag_tomorrowio.py
[2026-07-01T18:16:50.918+0000] {processor.py:830} INFO - Processing file /opt/airflow/dags/dag_tomorrowio.py for tasks to queue
[2026-07-01T18:16:50.920+0000] {logging_mixin.py:188} INFO - [2026-07-01T18:16:50.920+0000] {dagbag.py:545} INFO - Filling up the DagBag from /opt/airflow/dags/dag_tomorrowio.py
[2026-07-01T18:16:51.447+0000] {processor.py:840} INFO - DAG(s) 'weather_tomorrowio_pipeline' retrieved from /opt/airflow/dags/dag_tomorrowio.py
[2026-07-01T18:16:51.465+0000] {logging_mixin.py:188} INFO - [2026-07-01T18:16:51.464+0000] {dag.py:3096} INFO - Sync 1 DAGs
[2026-07-01T18:16:51.476+0000] {logging_mixin.py:188} INFO - [2026-07-01T18:16:51.476+0000] {dag.py:3954} INFO - Setting next_dagrun for weather_tomorrowio_pipeline to 2026-07-01 18:00:00+00:00, run_after=2026-07-01 19:00:00+00:00
[2026-07-01T18:16:51.491+0000] {processor.py:183} INFO - Processing /opt/airflow/dags/dag_tomorrowio.py took 0.584 seconds
[2026-07-01T18:17:22.114+0000] {processor.py:161} INFO - Started process (PID=38209) to work on /opt/airflow/dags/dag_tomorrowio.py
[2026-07-01T18:17:22.116+0000] {processor.py:830} INFO - Processing file /opt/airflow/dags/dag_tomorrowio.py for tasks to queue
[2026-07-01T18:17:22.122+0000] {logging_mixin.py:188} INFO - [2026-07-01T18:17:22.121+0000] {dagbag.py:545} INFO - Filling up the DagBag from /opt/airflow/dags/dag_tomorrowio.py
[2026-07-01T18:17:22.702+0000] {processor.py:840} INFO - DAG(s) 'weather_tomorrowio_pipeline' retrieved from /opt/airflow/dags/dag_tomorrowio.py
[2026-07-01T18:17:22.719+0000] {logging_mixin.py:188} INFO - [2026-07-01T18:17:22.718+0000] {dag.py:3096} INFO - Sync 1 DAGs
[2026-07-01T18:17:22.729+0000] {logging_mixin.py:188} INFO - [2026-07-01T18:17:22.729+0000] {dag.py:3954} INFO - Setting next_dagrun for weather_tomorrowio_pipeline to 2026-07-01 18:00:00+00:00, run_after=2026-07-01 19:00:00+00:00
[2026-07-01T18:17:22.741+0000] {processor.py:183} INFO - Processing /opt/airflow/dags/dag_tomorrowio.py took 0.637 seconds
[2026-07-01T18:17:53.763+0000] {processor.py:161} INFO - Started process (PID=38268) to work on /opt/airflow/dags/dag_tomorrowio.py
[2026-07-01T18:17:53.763+0000] {processor.py:830} INFO - Processing file /opt/airflow/dags/dag_tomorrowio.py for tasks to queue
[2026-07-01T18:17:53.764+0000] {logging_mixin.py:188} INFO - [2026-07-01T18:17:53.764+0000] {dagbag.py:545} INFO - Filling up the DagBag from /opt/airflow/dags/dag_tomorrowio.py
[2026-07-01T18:17:54.060+0000] {processor.py:840} INFO - DAG(s) 'weather_tomorrowio_pipeline' retrieved from /opt/airflow/dags/dag_tomorrowio.py
[2026-07-01T18:17:54.070+0000] {logging_mixin.py:188} INFO - [2026-07-01T18:17:54.069+0000] {dag.py:3096} INFO - Sync 1 DAGs
[2026-07-01T18:17:54.079+0000] {logging_mixin.py:188} INFO - [2026-07-01T18:17:54.079+0000] {dag.py:3954} INFO - Setting next_dagrun for weather_tomorrowio_pipeline to 2026-07-01 18:00:00+00:00, run_after=2026-07-01 19:00:00+00:00
[2026-07-01T18:17:54.087+0000] {processor.py:183} INFO - Processing /opt/airflow/dags/dag_tomorrowio.py took 0.329 seconds
[2026-07-01T18:18:24.860+0000] {processor.py:161} INFO - Started process (PID=38305) to work on /opt/airflow/dags/dag_tomorrowio.py
[2026-07-01T18:18:24.861+0000] {processor.py:830} INFO - Processing file /opt/airflow/dags/dag_tomorrowio.py for tasks to queue
[2026-07-01T18:18:24.863+0000] {logging_mixin.py:188} INFO - [2026-07-01T18:18:24.863+0000] {dagbag.py:545} INFO - Filling up the DagBag from /opt/airflow/dags/dag_tomorrowio.py
[2026-07-01T18:18:25.147+0000] {processor.py:840} INFO - DAG(s) 'weather_tomorrowio_pipeline' retrieved from /opt/airflow/dags/dag_tomorrowio.py
[2026-07-01T18:18:25.157+0000] {logging_mixin.py:188} INFO - [2026-07-01T18:18:25.157+0000] {dag.py:3096} INFO - Sync 1 DAGs
[2026-07-01T18:18:25.167+0000] {logging_mixin.py:188} INFO - [2026-07-01T18:18:25.166+0000] {dag.py:3954} INFO - Setting next_dagrun for weather_tomorrowio_pipeline to 2026-07-01 18:00:00+00:00, run_after=2026-07-01 19:00:00+00:00
[2026-07-01T18:18:25.177+0000] {processor.py:183} INFO - Processing /opt/airflow/dags/dag_tomorrowio.py took 0.322 seconds
[2026-07-01T18:18:55.974+0000] {processor.py:161} INFO - Started process (PID=38342) to work on /opt/airflow/dags/dag_tomorrowio.py
[2026-07-01T18:18:55.976+0000] {processor.py:830} INFO - Processing file /opt/airflow/dags/dag_tomorrowio.py for tasks to queue
[2026-07-01T18:18:55.977+0000] {logging_mixin.py:188} INFO - [2026-07-01T18:18:55.977+0000] {dagbag.py:545} INFO - Filling up the DagBag from /opt/airflow/dags/dag_tomorrowio.py
[2026-07-01T18:18:56.292+0000] {processor.py:840} INFO - DAG(s) 'weather_tomorrowio_pipeline' retrieved from /opt/airflow/dags/dag_tomorrowio.py
[2026-07-01T18:18:56.305+0000] {logging_mixin.py:188} INFO - [2026-07-01T18:18:56.305+0000] {dag.py:3096} INFO - Sync 1 DAGs
[2026-07-01T18:18:56.314+0000] {logging_mixin.py:188} INFO - [2026-07-01T18:18:56.314+0000] {dag.py:3954} INFO - Setting next_dagrun for weather_tomorrowio_pipeline to 2026-07-01 18:00:00+00:00, run_after=2026-07-01 19:00:00+00:00
[2026-07-01T18:18:56.323+0000] {processor.py:183} INFO - Processing /opt/airflow/dags/dag_tomorrowio.py took 0.358 seconds
[2026-07-01T18:19:27.190+0000] {processor.py:161} INFO - Started process (PID=38379) to work on /opt/airflow/dags/dag_tomorrowio.py
[2026-07-01T18:19:27.191+0000] {processor.py:830} INFO - Processing file /opt/airflow/dags/dag_tomorrowio.py for tasks to queue
[2026-07-01T18:19:27.192+0000] {logging_mixin.py:188} INFO - [2026-07-01T18:19:27.192+0000] {dagbag.py:545} INFO - Filling up the DagBag from /opt/airflow/dags/dag_tomorrowio.py
[2026-07-01T18:19:27.473+0000] {processor.py:840} INFO - DAG(s) 'weather_tomorrowio_pipeline' retrieved from /opt/airflow/dags/dag_tomorrowio.py
[2026-07-01T18:19:27.484+0000] {logging_mixin.py:188} INFO - [2026-07-01T18:19:27.483+0000] {dag.py:3096} INFO - Sync 1 DAGs
[2026-07-01T18:19:27.494+0000] {logging_mixin.py:188} INFO - [2026-07-01T18:19:27.494+0000] {dag.py:3954} INFO - Setting next_dagrun for weather_tomorrowio_pipeline to 2026-07-01 18:00:00+00:00, run_after=2026-07-01 19:00:00+00:00
[2026-07-01T18:19:27.502+0000] {processor.py:183} INFO - Processing /opt/airflow/dags/dag_tomorrowio.py took 0.316 seconds
[2026-07-01T18:19:58.336+0000] {processor.py:161} INFO - Started process (PID=38416) to work on /opt/airflow/dags/dag_tomorrowio.py
[2026-07-01T18:19:58.337+0000] {processor.py:830} INFO - Processing file /opt/airflow/dags/dag_tomorrowio.py for tasks to queue
[2026-07-01T18:19:58.337+0000] {logging_mixin.py:188} INFO - [2026-07-01T18:19:58.337+0000] {dagbag.py:545} INFO - Filling up the DagBag from /opt/airflow/dags/dag_tomorrowio.py
[2026-07-01T18:19:58.646+0000] {processor.py:840} INFO - DAG(s) 'weather_tomorrowio_pipeline' retrieved from /opt/airflow/dags/dag_tomorrowio.py
[2026-07-01T18:19:58.657+0000] {logging_mixin.py:188} INFO - [2026-07-01T18:19:58.657+0000] {dag.py:3096} INFO - Sync 1 DAGs
[2026-07-01T18:19:58.665+0000] {logging_mixin.py:188} INFO - [2026-07-01T18:19:58.665+0000] {dag.py:3954} INFO - Setting next_dagrun for weather_tomorrowio_pipeline to 2026-07-01 18:00:00+00:00, run_after=2026-07-01 19:00:00+00:00
[2026-07-01T18:19:58.675+0000] {processor.py:183} INFO - Processing /opt/airflow/dags/dag_tomorrowio.py took 0.345 seconds
[2026-07-01T18:20:29.491+0000] {processor.py:161} INFO - Started process (PID=38453) to work on /opt/airflow/dags/dag_tomorrowio.py
[2026-07-01T18:20:29.492+0000] {processor.py:830} INFO - Processing file /opt/airflow/dags/dag_tomorrowio.py for tasks to queue
[2026-07-01T18:20:29.494+0000] {logging_mixin.py:188} INFO - [2026-07-01T18:20:29.494+0000] {dagbag.py:545} INFO - Filling up the DagBag from /opt/airflow/dags/dag_tomorrowio.py
[2026-07-01T18:20:29.800+0000] {processor.py:840} INFO - DAG(s) 'weather_tomorrowio_pipeline' retrieved from /opt/airflow/dags/dag_tomorrowio.py
[2026-07-01T18:20:29.811+0000] {logging_mixin.py:188} INFO - [2026-07-01T18:20:29.811+0000] {dag.py:3096} INFO - Sync 1 DAGs
[2026-07-01T18:20:29.821+0000] {logging_mixin.py:188} INFO - [2026-07-01T18:20:29.821+0000] {dag.py:3954} INFO - Setting next_dagrun for weather_tomorrowio_pipeline to 2026-07-01 18:00:00+00:00, run_after=2026-07-01 19:00:00+00:00
[2026-07-01T18:20:29.831+0000] {processor.py:183} INFO - Processing /opt/airflow/dags/dag_tomorrowio.py took 0.344 seconds
[2026-07-01T18:21:00.557+0000] {processor.py:161} INFO - Started process (PID=38489) to work on /opt/airflow/dags/dag_tomorrowio.py
[2026-07-01T18:21:00.559+0000] {processor.py:830} INFO - Processing file /opt/airflow/dags/dag_tomorrowio.py for tasks to queue
[2026-07-01T18:21:00.563+0000] {logging_mixin.py:188} INFO - [2026-07-01T18:21:00.563+0000] {dagbag.py:545} INFO - Filling up the DagBag from /opt/airflow/dags/dag_tomorrowio.py
[2026-07-01T18:21:02.078+0000] {processor.py:840} INFO - DAG(s) 'weather_tomorrowio_pipeline' retrieved from /opt/airflow/dags/dag_tomorrowio.py
[2026-07-01T18:21:02.148+0000] {logging_mixin.py:188} INFO - [2026-07-01T18:21:02.148+0000] {dag.py:3096} INFO - Sync 1 DAGs
[2026-07-01T18:21:02.180+0000] {logging_mixin.py:188} INFO - [2026-07-01T18:21:02.179+0000] {dag.py:3954} INFO - Setting next_dagrun for weather_tomorrowio_pipeline to 2026-07-01 18:00:00+00:00, run_after=2026-07-01 19:00:00+00:00
[2026-07-01T18:21:02.197+0000] {processor.py:183} INFO - Processing /opt/airflow/dags/dag_tomorrowio.py took 1.657 seconds
[2026-07-01T18:21:32.922+0000] {processor.py:161} INFO - Started process (PID=38526) to work on /opt/airflow/dags/dag_tomorrowio.py
[2026-07-01T18:21:32.924+0000] {processor.py:830} INFO - Processing file /opt/airflow/dags/dag_tomorrowio.py for tasks to queue
[2026-07-01T18:21:32.926+0000] {logging_mixin.py:188} INFO - [2026-07-01T18:21:32.924+0000] {dagbag.py:545} INFO - Filling up the DagBag from /opt/airflow/dags/dag_tomorrowio.py
[2026-07-01T18:21:33.424+0000] {processor.py:840} INFO - DAG(s) 'weather_tomorrowio_pipeline' retrieved from /opt/airflow/dags/dag_tomorrowio.py
[2026-07-01T18:21:33.444+0000] {logging_mixin.py:188} INFO - [2026-07-01T18:21:33.444+0000] {dag.py:3096} INFO - Sync 1 DAGs
[2026-07-01T18:21:33.455+0000] {logging_mixin.py:188} INFO - [2026-07-01T18:21:33.455+0000] {dag.py:3954} INFO - Setting next_dagrun for weather_tomorrowio_pipeline to 2026-07-01 18:00:00+00:00, run_after=2026-07-01 19:00:00+00:00
[2026-07-01T18:21:33.466+0000] {processor.py:183} INFO - Processing /opt/airflow/dags/dag_tomorrowio.py took 0.551 seconds
[2026-07-01T18:22:04.356+0000] {processor.py:161} INFO - Started process (PID=38563) to work on /opt/airflow/dags/dag_tomorrowio.py
[2026-07-01T18:22:04.360+0000] {processor.py:830} INFO - Processing file /opt/airflow/dags/dag_tomorrowio.py for tasks to queue
[2026-07-01T18:22:04.363+0000] {logging_mixin.py:188} INFO - [2026-07-01T18:22:04.362+0000] {dagbag.py:545} INFO - Filling up the DagBag from /opt/airflow/dags/dag_tomorrowio.py
[2026-07-01T18:22:04.847+0000] {processor.py:840} INFO - DAG(s) 'weather_tomorrowio_pipeline' retrieved from /opt/airflow/dags/dag_tomorrowio.py
[2026-07-01T18:22:04.875+0000] {logging_mixin.py:188} INFO - [2026-07-01T18:22:04.875+0000] {dag.py:3096} INFO - Sync 1 DAGs
[2026-07-01T18:22:04.889+0000] {logging_mixin.py:188} INFO - [2026-07-01T18:22:04.889+0000] {dag.py:3954} INFO - Setting next_dagrun for weather_tomorrowio_pipeline to 2026-07-01 18:00:00+00:00, run_after=2026-07-01 19:00:00+00:00
[2026-07-01T18:22:04.900+0000] {processor.py:183} INFO - Processing /opt/airflow/dags/dag_tomorrowio.py took 0.559 seconds
[2026-07-01T18:22:35.633+0000] {processor.py:161} INFO - Started process (PID=38598) to work on /opt/airflow/dags/dag_tomorrowio.py
[2026-07-01T18:22:35.635+0000] {processor.py:830} INFO - Processing file /opt/airflow/dags/dag_tomorrowio.py for tasks to queue
[2026-07-01T18:22:35.638+0000] {logging_mixin.py:188} INFO - [2026-07-01T18:22:35.637+0000] {dagbag.py:545} INFO - Filling up the DagBag from /opt/airflow/dags/dag_tomorrowio.py
[2026-07-01T18:22:36.115+0000] {processor.py:840} INFO - DAG(s) 'weather_tomorrowio_pipeline' retrieved from /opt/airflow/dags/dag_tomorrowio.py
[2026-07-01T18:22:36.130+0000] {logging_mixin.py:188} INFO - [2026-07-01T18:22:36.130+0000] {dag.py:3096} INFO - Sync 1 DAGs
[2026-07-01T18:22:36.147+0000] {logging_mixin.py:188} INFO - [2026-07-01T18:22:36.147+0000] {dag.py:3954} INFO - Setting next_dagrun for weather_tomorrowio_pipeline to 2026-07-01 18:00:00+00:00, run_after=2026-07-01 19:00:00+00:00
[2026-07-01T18:22:36.157+0000] {processor.py:183} INFO - Processing /opt/airflow/dags/dag_tomorrowio.py took 0.534 seconds
[2026-07-01T18:23:07.056+0000] {processor.py:161} INFO - Started process (PID=38637) to work on /opt/airflow/dags/dag_tomorrowio.py
[2026-07-01T18:23:07.062+0000] {processor.py:830} INFO - Processing file /opt/airflow/dags/dag_tomorrowio.py for tasks to queue
[2026-07-01T18:23:07.074+0000] {logging_mixin.py:188} INFO - [2026-07-01T18:23:07.074+0000] {dagbag.py:545} INFO - Filling up the DagBag from /opt/airflow/dags/dag_tomorrowio.py
[2026-07-01T18:23:07.646+0000] {processor.py:840} INFO - DAG(s) 'weather_tomorrowio_pipeline' retrieved from /opt/airflow/dags/dag_tomorrowio.py
[2026-07-01T18:23:07.665+0000] {logging_mixin.py:188} INFO - [2026-07-01T18:23:07.665+0000] {dag.py:3096} INFO - Sync 1 DAGs
[2026-07-01T18:23:07.682+0000] {logging_mixin.py:188} INFO - [2026-07-01T18:23:07.682+0000] {dag.py:3954} INFO - Setting next_dagrun for weather_tomorrowio_pipeline to 2026-07-01 18:00:00+00:00, run_after=2026-07-01 19:00:00+00:00
[2026-07-01T18:23:07.699+0000] {processor.py:183} INFO - Processing /opt/airflow/dags/dag_tomorrowio.py took 0.661 seconds
[2026-07-01T18:23:38.469+0000] {processor.py:161} INFO - Started process (PID=38674) to work on /opt/airflow/dags/dag_tomorrowio.py
[2026-07-01T18:23:38.471+0000] {processor.py:830} INFO - Processing file /opt/airflow/dags/dag_tomorrowio.py for tasks to queue
[2026-07-01T18:23:38.473+0000] {logging_mixin.py:188} INFO - [2026-07-01T18:23:38.473+0000] {dagbag.py:545} INFO - Filling up the DagBag from /opt/airflow/dags/dag_tomorrowio.py
[2026-07-01T18:23:38.940+0000] {processor.py:840} INFO - DAG(s) 'weather_tomorrowio_pipeline' retrieved from /opt/airflow/dags/dag_tomorrowio.py
[2026-07-01T18:23:38.962+0000] {logging_mixin.py:188} INFO - [2026-07-01T18:23:38.962+0000] {dag.py:3096} INFO - Sync 1 DAGs
[2026-07-01T18:23:38.973+0000] {logging_mixin.py:188} INFO - [2026-07-01T18:23:38.973+0000] {dag.py:3954} INFO - Setting next_dagrun for weather_tomorrowio_pipeline to 2026-07-01 18:00:00+00:00, run_after=2026-07-01 19:00:00+00:00
[2026-07-01T18:23:38.990+0000] {processor.py:183} INFO - Processing /opt/airflow/dags/dag_tomorrowio.py took 0.526 seconds
[2026-07-01T18:24:09.827+0000] {processor.py:161} INFO - Started process (PID=38711) to work on /opt/airflow/dags/dag_tomorrowio.py
[2026-07-01T18:24:09.828+0000] {processor.py:830} INFO - Processing file /opt/airflow/dags/dag_tomorrowio.py for tasks to queue
[2026-07-01T18:24:09.830+0000] {logging_mixin.py:188} INFO - [2026-07-01T18:24:09.830+0000] {dagbag.py:545} INFO - Filling up the DagBag from /opt/airflow/dags/dag_tomorrowio.py
[2026-07-01T18:24:10.314+0000] {processor.py:840} INFO - DAG(s) 'weather_tomorrowio_pipeline' retrieved from /opt/airflow/dags/dag_tomorrowio.py
[2026-07-01T18:24:10.341+0000] {logging_mixin.py:188} INFO - [2026-07-01T18:24:10.341+0000] {dag.py:3096} INFO - Sync 1 DAGs
[2026-07-01T18:24:10.354+0000] {logging_mixin.py:188} INFO - [2026-07-01T18:24:10.354+0000] {dag.py:3954} INFO - Setting next_dagrun for weather_tomorrowio_pipeline to 2026-07-01 18:00:00+00:00, run_after=2026-07-01 19:00:00+00:00
[2026-07-01T18:24:10.364+0000] {processor.py:183} INFO - Processing /opt/airflow/dags/dag_tomorrowio.py took 0.544 seconds
[2026-07-01T18:24:40.965+0000] {processor.py:161} INFO - Started process (PID=38748) to work on /opt/airflow/dags/dag_tomorrowio.py
[2026-07-01T18:24:40.967+0000] {processor.py:830} INFO - Processing file /opt/airflow/dags/dag_tomorrowio.py for tasks to queue
[2026-07-01T18:24:40.969+0000] {logging_mixin.py:188} INFO - [2026-07-01T18:24:40.969+0000] {dagbag.py:545} INFO - Filling up the DagBag from /opt/airflow/dags/dag_tomorrowio.py
[2026-07-01T18:24:41.373+0000] {processor.py:840} INFO - DAG(s) 'weather_tomorrowio_pipeline' retrieved from /opt/airflow/dags/dag_tomorrowio.py
[2026-07-01T18:24:41.392+0000] {logging_mixin.py:188} INFO - [2026-07-01T18:24:41.391+0000] {dag.py:3096} INFO - Sync 1 DAGs
[2026-07-01T18:24:41.401+0000] {logging_mixin.py:188} INFO - [2026-07-01T18:24:41.401+0000] {dag.py:3954} INFO - Setting next_dagrun for weather_tomorrowio_pipeline to 2026-07-01 18:00:00+00:00, run_after=2026-07-01 19:00:00+00:00
[2026-07-01T18:24:41.410+0000] {processor.py:183} INFO - Processing /opt/airflow/dags/dag_tomorrowio.py took 0.452 seconds
[2026-07-01T18:25:12.115+0000] {processor.py:161} INFO - Started process (PID=38784) to work on /opt/airflow/dags/dag_tomorrowio.py
[2026-07-01T18:25:12.118+0000] {processor.py:830} INFO - Processing file /opt/airflow/dags/dag_tomorrowio.py for tasks to queue
[2026-07-01T18:25:12.120+0000] {logging_mixin.py:188} INFO - [2026-07-01T18:25:12.120+0000] {dagbag.py:545} INFO - Filling up the DagBag from /opt/airflow/dags/dag_tomorrowio.py
[2026-07-01T18:25:12.592+0000] {processor.py:840} INFO - DAG(s) 'weather_tomorrowio_pipeline' retrieved from /opt/airflow/dags/dag_tomorrowio.py
[2026-07-01T18:25:12.628+0000] {logging_mixin.py:188} INFO - [2026-07-01T18:25:12.628+0000] {dag.py:3096} INFO - Sync 1 DAGs
[2026-07-01T18:25:12.648+0000] {logging_mixin.py:188} INFO - [2026-07-01T18:25:12.648+0000] {dag.py:3954} INFO - Setting next_dagrun for weather_tomorrowio_pipeline to 2026-07-01 18:00:00+00:00, run_after=2026-07-01 19:00:00+00:00
[2026-07-01T18:25:12.661+0000] {processor.py:183} INFO - Processing /opt/airflow/dags/dag_tomorrowio.py took 0.554 seconds
[2026-07-01T18:25:43.502+0000] {processor.py:161} INFO - Started process (PID=38820) to work on /opt/airflow/dags/dag_tomorrowio.py
[2026-07-01T18:25:43.504+0000] {processor.py:830} INFO - Processing file /opt/airflow/dags/dag_tomorrowio.py for tasks to queue
[2026-07-01T18:25:43.509+0000] {logging_mixin.py:188} INFO - [2026-07-01T18:25:43.508+0000] {dagbag.py:545} INFO - Filling up the DagBag from /opt/airflow/dags/dag_tomorrowio.py
[2026-07-01T18:25:43.938+0000] {processor.py:840} INFO - DAG(s) 'weather_tomorrowio_pipeline' retrieved from /opt/airflow/dags/dag_tomorrowio.py
[2026-07-01T18:25:43.954+0000] {logging_mixin.py:188} INFO - [2026-07-01T18:25:43.954+0000] {dag.py:3096} INFO - Sync 1 DAGs
[2026-07-01T18:25:43.963+0000] {logging_mixin.py:188} INFO - [2026-07-01T18:25:43.963+0000] {dag.py:3954} INFO - Setting next_dagrun for weather_tomorrowio_pipeline to 2026-07-01 18:00:00+00:00, run_after=2026-07-01 19:00:00+00:00
[2026-07-01T18:25:43.971+0000] {processor.py:183} INFO - Processing /opt/airflow/dags/dag_tomorrowio.py took 0.476 seconds
[2026-07-01T18:26:15.000+0000] {processor.py:161} INFO - Started process (PID=38858) to work on /opt/airflow/dags/dag_tomorrowio.py
[2026-07-01T18:26:15.027+0000] {processor.py:830} INFO - Processing file /opt/airflow/dags/dag_tomorrowio.py for tasks to queue
[2026-07-01T18:26:15.045+0000] {logging_mixin.py:188} INFO - [2026-07-01T18:26:15.043+0000] {dagbag.py:545} INFO - Filling up the DagBag from /opt/airflow/dags/dag_tomorrowio.py
[2026-07-01T18:26:15.967+0000] {processor.py:840} INFO - DAG(s) 'weather_tomorrowio_pipeline' retrieved from /opt/airflow/dags/dag_tomorrowio.py
[2026-07-01T18:26:16.073+0000] {logging_mixin.py:188} INFO - [2026-07-01T18:26:16.073+0000] {dag.py:3096} INFO - Sync 1 DAGs
[2026-07-01T18:26:16.098+0000] {logging_mixin.py:188} INFO - [2026-07-01T18:26:16.098+0000] {dag.py:3954} INFO - Setting next_dagrun for weather_tomorrowio_pipeline to 2026-07-01 18:00:00+00:00, run_after=2026-07-01 19:00:00+00:00
[2026-07-01T18:26:16.121+0000] {processor.py:183} INFO - Processing /opt/airflow/dags/dag_tomorrowio.py took 1.250 seconds
[2026-07-01T18:26:47.053+0000] {processor.py:161} INFO - Started process (PID=38896) to work on /opt/airflow/dags/dag_tomorrowio.py
[2026-07-01T18:26:47.054+0000] {processor.py:830} INFO - Processing file /opt/airflow/dags/dag_tomorrowio.py for tasks to queue
[2026-07-01T18:26:47.055+0000] {logging_mixin.py:188} INFO - [2026-07-01T18:26:47.055+0000] {dagbag.py:545} INFO - Filling up the DagBag from /opt/airflow/dags/dag_tomorrowio.py
[2026-07-01T18:26:47.436+0000] {processor.py:840} INFO - DAG(s) 'weather_tomorrowio_pipeline' retrieved from /opt/airflow/dags/dag_tomorrowio.py
[2026-07-01T18:26:47.449+0000] {logging_mixin.py:188} INFO - [2026-07-01T18:26:47.449+0000] {dag.py:3096} INFO - Sync 1 DAGs
[2026-07-01T18:26:47.459+0000] {logging_mixin.py:188} INFO - [2026-07-01T18:26:47.459+0000] {dag.py:3954} INFO - Setting next_dagrun for weather_tomorrowio_pipeline to 2026-07-01 18:00:00+00:00, run_after=2026-07-01 19:00:00+00:00
[2026-07-01T18:26:47.467+0000] {processor.py:183} INFO - Processing /opt/airflow/dags/dag_tomorrowio.py took 0.424 seconds
[2026-07-01T19:32:50.807+0000] {processor.py:161} INFO - Started process (PID=38956) to work on /opt/airflow/dags/dag_tomorrowio.py
[2026-07-01T19:32:50.812+0000] {processor.py:830} INFO - Processing file /opt/airflow/dags/dag_tomorrowio.py for tasks to queue
[2026-07-01T19:32:50.813+0000] {logging_mixin.py:188} INFO - [2026-07-01T19:32:50.813+0000] {dagbag.py:545} INFO - Filling up the DagBag from /opt/airflow/dags/dag_tomorrowio.py
[2026-07-01T19:32:51.232+0000] {processor.py:840} INFO - DAG(s) 'weather_tomorrowio_pipeline' retrieved from /opt/airflow/dags/dag_tomorrowio.py
[2026-07-01T19:32:51.242+0000] {logging_mixin.py:188} INFO - [2026-07-01T19:32:51.241+0000] {dag.py:3096} INFO - Sync 1 DAGs
[2026-07-01T19:32:51.250+0000] {logging_mixin.py:188} INFO - [2026-07-01T19:32:51.250+0000] {dag.py:3954} INFO - Setting next_dagrun for weather_tomorrowio_pipeline to 2026-07-01 19:00:00+00:00, run_after=2026-07-01 20:00:00+00:00
[2026-07-01T19:32:51.257+0000] {processor.py:183} INFO - Processing /opt/airflow/dags/dag_tomorrowio.py took 0.457 seconds
[2026-07-01T20:42:43.739+0000] {processor.py:161} INFO - Started process (PID=39560) to work on /opt/airflow/dags/dag_tomorrowio.py
[2026-07-01T20:42:43.740+0000] {processor.py:830} INFO - Processing file /opt/airflow/dags/dag_tomorrowio.py for tasks to queue
[2026-07-01T20:42:43.745+0000] {logging_mixin.py:188} INFO - [2026-07-01T20:42:43.744+0000] {dagbag.py:545} INFO - Filling up the DagBag from /opt/airflow/dags/dag_tomorrowio.py
[2026-07-01T20:42:44.028+0000] {processor.py:840} INFO - DAG(s) 'weather_tomorrowio_pipeline' retrieved from /opt/airflow/dags/dag_tomorrowio.py
[2026-07-01T20:42:44.037+0000] {logging_mixin.py:188} INFO - [2026-07-01T20:42:44.037+0000] {dag.py:3096} INFO - Sync 1 DAGs
[2026-07-01T20:42:44.045+0000] {logging_mixin.py:188} INFO - [2026-07-01T20:42:44.045+0000] {dag.py:3954} INFO - Setting next_dagrun for weather_tomorrowio_pipeline to 2026-07-01 20:00:00+00:00, run_after=2026-07-01 21:00:00+00:00
[2026-07-01T20:42:44.052+0000] {processor.py:183} INFO - Processing /opt/airflow/dags/dag_tomorrowio.py took 0.319 seconds
[2026-07-01T22:22:24.006+0000] {processor.py:161} INFO - Started process (PID=40169) to work on /opt/airflow/dags/dag_tomorrowio.py
[2026-07-01T22:22:24.007+0000] {processor.py:830} INFO - Processing file /opt/airflow/dags/dag_tomorrowio.py for tasks to queue
[2026-07-01T22:22:24.008+0000] {logging_mixin.py:188} INFO - [2026-07-01T22:22:24.008+0000] {dagbag.py:545} INFO - Filling up the DagBag from /opt/airflow/dags/dag_tomorrowio.py
[2026-07-01T22:22:24.341+0000] {processor.py:840} INFO - DAG(s) 'weather_tomorrowio_pipeline' retrieved from /opt/airflow/dags/dag_tomorrowio.py
[2026-07-01T22:22:24.351+0000] {logging_mixin.py:188} INFO - [2026-07-01T22:22:24.351+0000] {dag.py:3096} INFO - Sync 1 DAGs
[2026-07-01T22:22:24.361+0000] {logging_mixin.py:188} INFO - [2026-07-01T22:22:24.361+0000] {dag.py:3954} INFO - Setting next_dagrun for weather_tomorrowio_pipeline to 2026-07-01 22:00:00+00:00, run_after=2026-07-01 23:00:00+00:00
[2026-07-01T22:22:24.374+0000] {processor.py:183} INFO - Processing /opt/airflow/dags/dag_tomorrowio.py took 0.372 seconds
[2026-07-01T23:47:03.051+0000] {processor.py:161} INFO - Started process (PID=40795) to work on /opt/airflow/dags/dag_tomorrowio.py
[2026-07-01T23:47:03.053+0000] {processor.py:830} INFO - Processing file /opt/airflow/dags/dag_tomorrowio.py for tasks to queue
[2026-07-01T23:47:03.056+0000] {logging_mixin.py:188} INFO - [2026-07-01T23:47:03.056+0000] {dagbag.py:545} INFO - Filling up the DagBag from /opt/airflow/dags/dag_tomorrowio.py
[2026-07-01T23:47:03.373+0000] {processor.py:840} INFO - DAG(s) 'weather_tomorrowio_pipeline' retrieved from /opt/airflow/dags/dag_tomorrowio.py
[2026-07-01T23:47:03.382+0000] {logging_mixin.py:188} INFO - [2026-07-01T23:47:03.382+0000] {dag.py:3096} INFO - Sync 1 DAGs
[2026-07-01T23:47:03.391+0000] {logging_mixin.py:188} INFO - [2026-07-01T23:47:03.390+0000] {dag.py:3954} INFO - Setting next_dagrun for weather_tomorrowio_pipeline to 2026-07-01 22:00:00+00:00, run_after=2026-07-01 23:00:00+00:00
[2026-07-01T23:47:03.398+0000] {processor.py:183} INFO - Processing /opt/airflow/dags/dag_tomorrowio.py took 0.357 seconds
