[2026-07-01T00:00:34.946+0000] {processor.py:161} INFO - Started process (PID=27997) to work on /opt/airflow/dags/dag_shipment_sim.py
[2026-07-01T00:00:34.948+0000] {processor.py:830} INFO - Processing file /opt/airflow/dags/dag_shipment_sim.py for tasks to queue
[2026-07-01T00:00:34.949+0000] {logging_mixin.py:188} INFO - [2026-07-01T00:00:34.949+0000] {dagbag.py:545} INFO - Filling up the DagBag from /opt/airflow/dags/dag_shipment_sim.py
[2026-07-01T00:00:34.989+0000] {processor.py:840} INFO - DAG(s) 'dag_shipment_sim' retrieved from /opt/airflow/dags/dag_shipment_sim.py
[2026-07-01T00:00:35.049+0000] {logging_mixin.py:188} INFO - [2026-07-01T00:00:35.049+0000] {dag.py:3096} INFO - Sync 1 DAGs
[2026-07-01T00:00:35.069+0000] {logging_mixin.py:188} INFO - [2026-07-01T00:00:35.069+0000] {dag.py:3954} INFO - Setting next_dagrun for dag_shipment_sim to 2026-07-01 00:00:00+00:00, run_after=2026-07-01 01:00:00+00:00
[2026-07-01T00:00:35.094+0000] {processor.py:183} INFO - Processing /opt/airflow/dags/dag_shipment_sim.py took 0.160 seconds
[2026-07-01T00:01:06.030+0000] {processor.py:161} INFO - Started process (PID=28076) to work on /opt/airflow/dags/dag_shipment_sim.py
[2026-07-01T00:01:06.032+0000] {processor.py:830} INFO - Processing file /opt/airflow/dags/dag_shipment_sim.py for tasks to queue
[2026-07-01T00:01:06.033+0000] {logging_mixin.py:188} INFO - [2026-07-01T00:01:06.033+0000] {dagbag.py:545} INFO - Filling up the DagBag from /opt/airflow/dags/dag_shipment_sim.py
[2026-07-01T00:01:06.076+0000] {processor.py:840} INFO - DAG(s) 'dag_shipment_sim' retrieved from /opt/airflow/dags/dag_shipment_sim.py
[2026-07-01T00:01:06.095+0000] {logging_mixin.py:188} INFO - [2026-07-01T00:01:06.095+0000] {dag.py:3096} INFO - Sync 1 DAGs
[2026-07-01T00:01:06.108+0000] {logging_mixin.py:188} INFO - [2026-07-01T00:01:06.108+0000] {dag.py:3954} INFO - Setting next_dagrun for dag_shipment_sim to 2026-07-01 00:00:00+00:00, run_after=2026-07-01 01:00:00+00:00
[2026-07-01T00:01:06.119+0000] {processor.py:183} INFO - Processing /opt/airflow/dags/dag_shipment_sim.py took 0.098 seconds
[2026-07-01T00:17:01.243+0000] {processor.py:161} INFO - Started process (PID=28109) to work on /opt/airflow/dags/dag_shipment_sim.py
[2026-07-01T00:17:01.244+0000] {processor.py:830} INFO - Processing file /opt/airflow/dags/dag_shipment_sim.py for tasks to queue
[2026-07-01T00:17:01.245+0000] {logging_mixin.py:188} INFO - [2026-07-01T00:17:01.245+0000] {dagbag.py:545} INFO - Filling up the DagBag from /opt/airflow/dags/dag_shipment_sim.py
[2026-07-01T00:17:01.284+0000] {processor.py:840} INFO - DAG(s) 'dag_shipment_sim' retrieved from /opt/airflow/dags/dag_shipment_sim.py
[2026-07-01T00:17:01.316+0000] {logging_mixin.py:188} INFO - [2026-07-01T00:17:01.316+0000] {dag.py:3096} INFO - Sync 1 DAGs
[2026-07-01T00:17:01.340+0000] {logging_mixin.py:188} INFO - [2026-07-01T00:17:01.340+0000] {dag.py:3954} INFO - Setting next_dagrun for dag_shipment_sim to 2026-07-01 00:00:00+00:00, run_after=2026-07-01 01:00:00+00:00
[2026-07-01T00:17:01.358+0000] {processor.py:183} INFO - Processing /opt/airflow/dags/dag_shipment_sim.py took 0.123 seconds
[2026-07-01T00:17:32.316+0000] {processor.py:161} INFO - Started process (PID=28146) to work on /opt/airflow/dags/dag_shipment_sim.py
[2026-07-01T00:17:32.318+0000] {processor.py:830} INFO - Processing file /opt/airflow/dags/dag_shipment_sim.py for tasks to queue
[2026-07-01T00:17:32.320+0000] {logging_mixin.py:188} INFO - [2026-07-01T00:17:32.320+0000] {dagbag.py:545} INFO - Filling up the DagBag from /opt/airflow/dags/dag_shipment_sim.py
[2026-07-01T00:17:32.361+0000] {processor.py:840} INFO - DAG(s) 'dag_shipment_sim' retrieved from /opt/airflow/dags/dag_shipment_sim.py
[2026-07-01T00:17:32.401+0000] {logging_mixin.py:188} INFO - [2026-07-01T00:17:32.401+0000] {dag.py:3096} INFO - Sync 1 DAGs
[2026-07-01T00:17:32.432+0000] {logging_mixin.py:188} INFO - [2026-07-01T00:17:32.431+0000] {dag.py:3954} INFO - Setting next_dagrun for dag_shipment_sim to 2026-07-01 00:00:00+00:00, run_after=2026-07-01 01:00:00+00:00
[2026-07-01T00:17:32.613+0000] {processor.py:183} INFO - Processing /opt/airflow/dags/dag_shipment_sim.py took 0.315 seconds
[2026-07-01T00:31:34.939+0000] {processor.py:161} INFO - Started process (PID=28179) to work on /opt/airflow/dags/dag_shipment_sim.py
[2026-07-01T00:31:34.940+0000] {processor.py:830} INFO - Processing file /opt/airflow/dags/dag_shipment_sim.py for tasks to queue
[2026-07-01T00:31:34.943+0000] {logging_mixin.py:188} INFO - [2026-07-01T00:31:34.941+0000] {dagbag.py:545} INFO - Filling up the DagBag from /opt/airflow/dags/dag_shipment_sim.py
[2026-07-01T00:31:34.968+0000] {processor.py:840} INFO - DAG(s) 'dag_shipment_sim' retrieved from /opt/airflow/dags/dag_shipment_sim.py
[2026-07-01T00:31:34.994+0000] {logging_mixin.py:188} INFO - [2026-07-01T00:31:34.994+0000] {dag.py:3096} INFO - Sync 1 DAGs
[2026-07-01T00:31:35.011+0000] {logging_mixin.py:188} INFO - [2026-07-01T00:31:35.011+0000] {dag.py:3954} INFO - Setting next_dagrun for dag_shipment_sim to 2026-07-01 00:00:00+00:00, run_after=2026-07-01 01:00:00+00:00
[2026-07-01T00:31:35.024+0000] {processor.py:183} INFO - Processing /opt/airflow/dags/dag_shipment_sim.py took 0.092 seconds
[2026-07-01T00:48:42.111+0000] {processor.py:161} INFO - Started process (PID=28212) to work on /opt/airflow/dags/dag_shipment_sim.py
[2026-07-01T00:48:42.113+0000] {processor.py:830} INFO - Processing file /opt/airflow/dags/dag_shipment_sim.py for tasks to queue
[2026-07-01T00:48:42.116+0000] {logging_mixin.py:188} INFO - [2026-07-01T00:48:42.115+0000] {dagbag.py:545} INFO - Filling up the DagBag from /opt/airflow/dags/dag_shipment_sim.py
[2026-07-01T00:48:42.166+0000] {processor.py:840} INFO - DAG(s) 'dag_shipment_sim' retrieved from /opt/airflow/dags/dag_shipment_sim.py
[2026-07-01T00:48:42.197+0000] {logging_mixin.py:188} INFO - [2026-07-01T00:48:42.197+0000] {dag.py:3096} INFO - Sync 1 DAGs
[2026-07-01T00:48:42.223+0000] {logging_mixin.py:188} INFO - [2026-07-01T00:48:42.223+0000] {dag.py:3954} INFO - Setting next_dagrun for dag_shipment_sim to 2026-07-01 00:00:00+00:00, run_after=2026-07-01 01:00:00+00:00
[2026-07-01T00:48:42.260+0000] {processor.py:183} INFO - Processing /opt/airflow/dags/dag_shipment_sim.py took 0.160 seconds
[2026-07-01T00:49:13.118+0000] {processor.py:161} INFO - Started process (PID=28245) to work on /opt/airflow/dags/dag_shipment_sim.py
[2026-07-01T00:49:13.120+0000] {processor.py:830} INFO - Processing file /opt/airflow/dags/dag_shipment_sim.py for tasks to queue
[2026-07-01T00:49:13.122+0000] {logging_mixin.py:188} INFO - [2026-07-01T00:49:13.121+0000] {dagbag.py:545} INFO - Filling up the DagBag from /opt/airflow/dags/dag_shipment_sim.py
[2026-07-01T00:49:13.148+0000] {processor.py:840} INFO - DAG(s) 'dag_shipment_sim' retrieved from /opt/airflow/dags/dag_shipment_sim.py
[2026-07-01T00:49:13.172+0000] {logging_mixin.py:188} INFO - [2026-07-01T00:49:13.172+0000] {dag.py:3096} INFO - Sync 1 DAGs
[2026-07-01T00:49:13.190+0000] {logging_mixin.py:188} INFO - [2026-07-01T00:49:13.190+0000] {dag.py:3954} INFO - Setting next_dagrun for dag_shipment_sim to 2026-07-01 00:00:00+00:00, run_after=2026-07-01 01:00:00+00:00
[2026-07-01T00:49:13.202+0000] {processor.py:183} INFO - Processing /opt/airflow/dags/dag_shipment_sim.py took 0.092 seconds
[2026-07-01T01:05:54.300+0000] {processor.py:161} INFO - Started process (PID=28278) to work on /opt/airflow/dags/dag_shipment_sim.py
[2026-07-01T01:05:54.302+0000] {processor.py:830} INFO - Processing file /opt/airflow/dags/dag_shipment_sim.py for tasks to queue
[2026-07-01T01:05:54.303+0000] {logging_mixin.py:188} INFO - [2026-07-01T01:05:54.302+0000] {dagbag.py:545} INFO - Filling up the DagBag from /opt/airflow/dags/dag_shipment_sim.py
[2026-07-01T01:05:54.338+0000] {processor.py:840} INFO - DAG(s) 'dag_shipment_sim' retrieved from /opt/airflow/dags/dag_shipment_sim.py
[2026-07-01T01:05:54.373+0000] {logging_mixin.py:188} INFO - [2026-07-01T01:05:54.373+0000] {dag.py:3096} INFO - Sync 1 DAGs
[2026-07-01T01:05:54.392+0000] {logging_mixin.py:188} INFO - [2026-07-01T01:05:54.392+0000] {dag.py:3954} INFO - Setting next_dagrun for dag_shipment_sim to 2026-07-01 01:00:00+00:00, run_after=2026-07-01 02:00:00+00:00
[2026-07-01T01:05:54.417+0000] {processor.py:183} INFO - Processing /opt/airflow/dags/dag_shipment_sim.py took 0.129 seconds
[2026-07-01T01:06:25.166+0000] {processor.py:161} INFO - Started process (PID=28328) to work on /opt/airflow/dags/dag_shipment_sim.py
[2026-07-01T01:06:25.167+0000] {processor.py:830} INFO - Processing file /opt/airflow/dags/dag_shipment_sim.py for tasks to queue
[2026-07-01T01:06:25.167+0000] {logging_mixin.py:188} INFO - [2026-07-01T01:06:25.167+0000] {dagbag.py:545} INFO - Filling up the DagBag from /opt/airflow/dags/dag_shipment_sim.py
[2026-07-01T01:06:25.181+0000] {processor.py:840} INFO - DAG(s) 'dag_shipment_sim' retrieved from /opt/airflow/dags/dag_shipment_sim.py
[2026-07-01T01:06:25.199+0000] {logging_mixin.py:188} INFO - [2026-07-01T01:06:25.199+0000] {dag.py:3096} INFO - Sync 1 DAGs
[2026-07-01T01:06:25.208+0000] {logging_mixin.py:188} INFO - [2026-07-01T01:06:25.208+0000] {dag.py:3954} INFO - Setting next_dagrun for dag_shipment_sim to 2026-07-01 01:00:00+00:00, run_after=2026-07-01 02:00:00+00:00
[2026-07-01T01:06:25.280+0000] {processor.py:183} INFO - Processing /opt/airflow/dags/dag_shipment_sim.py took 0.117 seconds
[2026-07-01T01:22:23.675+0000] {processor.py:161} INFO - Started process (PID=28364) to work on /opt/airflow/dags/dag_shipment_sim.py
[2026-07-01T01:22:23.677+0000] {processor.py:830} INFO - Processing file /opt/airflow/dags/dag_shipment_sim.py for tasks to queue
[2026-07-01T01:22:23.677+0000] {logging_mixin.py:188} INFO - [2026-07-01T01:22:23.677+0000] {dagbag.py:545} INFO - Filling up the DagBag from /opt/airflow/dags/dag_shipment_sim.py
[2026-07-01T01:22:23.702+0000] {processor.py:840} INFO - DAG(s) 'dag_shipment_sim' retrieved from /opt/airflow/dags/dag_shipment_sim.py
[2026-07-01T01:22:23.724+0000] {logging_mixin.py:188} INFO - [2026-07-01T01:22:23.724+0000] {dag.py:3096} INFO - Sync 1 DAGs
[2026-07-01T01:22:23.741+0000] {logging_mixin.py:188} INFO - [2026-07-01T01:22:23.741+0000] {dag.py:3954} INFO - Setting next_dagrun for dag_shipment_sim to 2026-07-01 01:00:00+00:00, run_after=2026-07-01 02:00:00+00:00
[2026-07-01T01:22:23.754+0000] {processor.py:183} INFO - Processing /opt/airflow/dags/dag_shipment_sim.py took 0.087 seconds
[2026-07-01T01:32:08.826+0000] {processor.py:161} INFO - Started process (PID=28398) to work on /opt/airflow/dags/dag_shipment_sim.py
[2026-07-01T01:32:08.829+0000] {processor.py:830} INFO - Processing file /opt/airflow/dags/dag_shipment_sim.py for tasks to queue
[2026-07-01T01:32:08.832+0000] {logging_mixin.py:188} INFO - [2026-07-01T01:32:08.829+0000] {dagbag.py:545} INFO - Filling up the DagBag from /opt/airflow/dags/dag_shipment_sim.py
[2026-07-01T01:32:08.880+0000] {processor.py:840} INFO - DAG(s) 'dag_shipment_sim' retrieved from /opt/airflow/dags/dag_shipment_sim.py
[2026-07-01T01:32:08.936+0000] {logging_mixin.py:188} INFO - [2026-07-01T01:32:08.935+0000] {dag.py:3096} INFO - Sync 1 DAGs
[2026-07-01T01:32:08.964+0000] {logging_mixin.py:188} INFO - [2026-07-01T01:32:08.964+0000] {dag.py:3954} INFO - Setting next_dagrun for dag_shipment_sim to 2026-07-01 01:00:00+00:00, run_after=2026-07-01 02:00:00+00:00
[2026-07-01T01:32:08.985+0000] {processor.py:183} INFO - Processing /opt/airflow/dags/dag_shipment_sim.py took 0.178 seconds
[2026-07-01T01:32:39.204+0000] {processor.py:161} INFO - Started process (PID=28431) to work on /opt/airflow/dags/dag_shipment_sim.py
[2026-07-01T01:32:39.206+0000] {processor.py:830} INFO - Processing file /opt/airflow/dags/dag_shipment_sim.py for tasks to queue
[2026-07-01T01:32:39.207+0000] {logging_mixin.py:188} INFO - [2026-07-01T01:32:39.207+0000] {dagbag.py:545} INFO - Filling up the DagBag from /opt/airflow/dags/dag_shipment_sim.py
[2026-07-01T01:32:39.232+0000] {processor.py:840} INFO - DAG(s) 'dag_shipment_sim' retrieved from /opt/airflow/dags/dag_shipment_sim.py
[2026-07-01T01:32:39.261+0000] {logging_mixin.py:188} INFO - [2026-07-01T01:32:39.261+0000] {dag.py:3096} INFO - Sync 1 DAGs
[2026-07-01T01:32:39.280+0000] {logging_mixin.py:188} INFO - [2026-07-01T01:32:39.280+0000] {dag.py:3954} INFO - Setting next_dagrun for dag_shipment_sim to 2026-07-01 01:00:00+00:00, run_after=2026-07-01 02:00:00+00:00
[2026-07-01T01:32:39.299+0000] {processor.py:183} INFO - Processing /opt/airflow/dags/dag_shipment_sim.py took 0.105 seconds
[2026-07-01T01:48:30.558+0000] {processor.py:161} INFO - Started process (PID=28464) to work on /opt/airflow/dags/dag_shipment_sim.py
[2026-07-01T01:48:30.559+0000] {processor.py:830} INFO - Processing file /opt/airflow/dags/dag_shipment_sim.py for tasks to queue
[2026-07-01T01:48:30.560+0000] {logging_mixin.py:188} INFO - [2026-07-01T01:48:30.560+0000] {dagbag.py:545} INFO - Filling up the DagBag from /opt/airflow/dags/dag_shipment_sim.py
[2026-07-01T01:48:30.602+0000] {processor.py:840} INFO - DAG(s) 'dag_shipment_sim' retrieved from /opt/airflow/dags/dag_shipment_sim.py
[2026-07-01T01:48:30.638+0000] {logging_mixin.py:188} INFO - [2026-07-01T01:48:30.638+0000] {dag.py:3096} INFO - Sync 1 DAGs
[2026-07-01T01:48:30.660+0000] {logging_mixin.py:188} INFO - [2026-07-01T01:48:30.660+0000] {dag.py:3954} INFO - Setting next_dagrun for dag_shipment_sim to 2026-07-01 01:00:00+00:00, run_after=2026-07-01 02:00:00+00:00
[2026-07-01T01:48:30.683+0000] {processor.py:183} INFO - Processing /opt/airflow/dags/dag_shipment_sim.py took 0.133 seconds
[2026-07-01T01:49:01.576+0000] {processor.py:161} INFO - Started process (PID=28497) to work on /opt/airflow/dags/dag_shipment_sim.py
[2026-07-01T01:49:01.577+0000] {processor.py:830} INFO - Processing file /opt/airflow/dags/dag_shipment_sim.py for tasks to queue
[2026-07-01T01:49:01.578+0000] {logging_mixin.py:188} INFO - [2026-07-01T01:49:01.578+0000] {dagbag.py:545} INFO - Filling up the DagBag from /opt/airflow/dags/dag_shipment_sim.py
[2026-07-01T01:49:01.608+0000] {processor.py:840} INFO - DAG(s) 'dag_shipment_sim' retrieved from /opt/airflow/dags/dag_shipment_sim.py
[2026-07-01T01:49:01.630+0000] {logging_mixin.py:188} INFO - [2026-07-01T01:49:01.630+0000] {dag.py:3096} INFO - Sync 1 DAGs
[2026-07-01T01:49:01.645+0000] {logging_mixin.py:188} INFO - [2026-07-01T01:49:01.645+0000] {dag.py:3954} INFO - Setting next_dagrun for dag_shipment_sim to 2026-07-01 01:00:00+00:00, run_after=2026-07-01 02:00:00+00:00
[2026-07-01T01:49:01.791+0000] {processor.py:183} INFO - Processing /opt/airflow/dags/dag_shipment_sim.py took 0.224 seconds
[2026-07-01T02:05:09.205+0000] {processor.py:161} INFO - Started process (PID=28530) to work on /opt/airflow/dags/dag_shipment_sim.py
[2026-07-01T02:05:09.207+0000] {processor.py:830} INFO - Processing file /opt/airflow/dags/dag_shipment_sim.py for tasks to queue
[2026-07-01T02:05:09.210+0000] {logging_mixin.py:188} INFO - [2026-07-01T02:05:09.209+0000] {dagbag.py:545} INFO - Filling up the DagBag from /opt/airflow/dags/dag_shipment_sim.py
[2026-07-01T02:05:09.244+0000] {processor.py:840} INFO - DAG(s) 'dag_shipment_sim' retrieved from /opt/airflow/dags/dag_shipment_sim.py
[2026-07-01T02:05:09.284+0000] {logging_mixin.py:188} INFO - [2026-07-01T02:05:09.284+0000] {dag.py:3096} INFO - Sync 1 DAGs
[2026-07-01T02:05:09.458+0000] {logging_mixin.py:188} INFO - [2026-07-01T02:05:09.458+0000] {dag.py:3954} INFO - Setting next_dagrun for dag_shipment_sim to 2026-07-01 01:00:00+00:00, run_after=2026-07-01 02:00:00+00:00
[2026-07-01T02:05:09.466+0000] {processor.py:183} INFO - Processing /opt/airflow/dags/dag_shipment_sim.py took 0.274 seconds
[2026-07-01T02:05:40.284+0000] {processor.py:161} INFO - Started process (PID=28580) to work on /opt/airflow/dags/dag_shipment_sim.py
[2026-07-01T02:05:40.289+0000] {processor.py:830} INFO - Processing file /opt/airflow/dags/dag_shipment_sim.py for tasks to queue
[2026-07-01T02:05:40.292+0000] {logging_mixin.py:188} INFO - [2026-07-01T02:05:40.291+0000] {dagbag.py:545} INFO - Filling up the DagBag from /opt/airflow/dags/dag_shipment_sim.py
[2026-07-01T02:05:40.320+0000] {processor.py:840} INFO - DAG(s) 'dag_shipment_sim' retrieved from /opt/airflow/dags/dag_shipment_sim.py
[2026-07-01T02:05:40.345+0000] {logging_mixin.py:188} INFO - [2026-07-01T02:05:40.345+0000] {dag.py:3096} INFO - Sync 1 DAGs
[2026-07-01T02:05:40.357+0000] {logging_mixin.py:188} INFO - [2026-07-01T02:05:40.357+0000] {dag.py:3954} INFO - Setting next_dagrun for dag_shipment_sim to 2026-07-01 02:00:00+00:00, run_after=2026-07-01 03:00:00+00:00
[2026-07-01T02:05:40.371+0000] {processor.py:183} INFO - Processing /opt/airflow/dags/dag_shipment_sim.py took 0.099 seconds
[2026-07-01T02:22:12.426+0000] {processor.py:161} INFO - Started process (PID=28613) to work on /opt/airflow/dags/dag_shipment_sim.py
[2026-07-01T02:22:12.427+0000] {processor.py:830} INFO - Processing file /opt/airflow/dags/dag_shipment_sim.py for tasks to queue
[2026-07-01T02:22:12.428+0000] {logging_mixin.py:188} INFO - [2026-07-01T02:22:12.428+0000] {dagbag.py:545} INFO - Filling up the DagBag from /opt/airflow/dags/dag_shipment_sim.py
[2026-07-01T02:22:12.456+0000] {processor.py:840} INFO - DAG(s) 'dag_shipment_sim' retrieved from /opt/airflow/dags/dag_shipment_sim.py
[2026-07-01T02:22:12.481+0000] {logging_mixin.py:188} INFO - [2026-07-01T02:22:12.481+0000] {dag.py:3096} INFO - Sync 1 DAGs
[2026-07-01T02:22:12.497+0000] {logging_mixin.py:188} INFO - [2026-07-01T02:22:12.497+0000] {dag.py:3954} INFO - Setting next_dagrun for dag_shipment_sim to 2026-07-01 02:00:00+00:00, run_after=2026-07-01 03:00:00+00:00
[2026-07-01T02:22:12.510+0000] {processor.py:183} INFO - Processing /opt/airflow/dags/dag_shipment_sim.py took 0.090 seconds
[2026-07-01T02:22:43.364+0000] {processor.py:161} INFO - Started process (PID=28650) to work on /opt/airflow/dags/dag_shipment_sim.py
[2026-07-01T02:22:43.365+0000] {processor.py:830} INFO - Processing file /opt/airflow/dags/dag_shipment_sim.py for tasks to queue
[2026-07-01T02:22:43.366+0000] {logging_mixin.py:188} INFO - [2026-07-01T02:22:43.366+0000] {dagbag.py:545} INFO - Filling up the DagBag from /opt/airflow/dags/dag_shipment_sim.py
[2026-07-01T02:22:43.403+0000] {processor.py:840} INFO - DAG(s) 'dag_shipment_sim' retrieved from /opt/airflow/dags/dag_shipment_sim.py
[2026-07-01T02:22:43.428+0000] {logging_mixin.py:188} INFO - [2026-07-01T02:22:43.428+0000] {dag.py:3096} INFO - Sync 1 DAGs
[2026-07-01T02:22:43.448+0000] {logging_mixin.py:188} INFO - [2026-07-01T02:22:43.448+0000] {dag.py:3954} INFO - Setting next_dagrun for dag_shipment_sim to 2026-07-01 02:00:00+00:00, run_after=2026-07-01 03:00:00+00:00
[2026-07-01T02:22:43.459+0000] {processor.py:183} INFO - Processing /opt/airflow/dags/dag_shipment_sim.py took 0.109 seconds
[2026-07-01T02:23:14.406+0000] {processor.py:161} INFO - Started process (PID=28683) to work on /opt/airflow/dags/dag_shipment_sim.py
[2026-07-01T02:23:14.408+0000] {processor.py:830} INFO - Processing file /opt/airflow/dags/dag_shipment_sim.py for tasks to queue
[2026-07-01T02:23:14.412+0000] {logging_mixin.py:188} INFO - [2026-07-01T02:23:14.410+0000] {dagbag.py:545} INFO - Filling up the DagBag from /opt/airflow/dags/dag_shipment_sim.py
[2026-07-01T02:23:14.500+0000] {processor.py:840} INFO - DAG(s) 'dag_shipment_sim' retrieved from /opt/airflow/dags/dag_shipment_sim.py
[2026-07-01T02:23:14.572+0000] {logging_mixin.py:188} INFO - [2026-07-01T02:23:14.572+0000] {dag.py:3096} INFO - Sync 1 DAGs
[2026-07-01T02:23:14.638+0000] {logging_mixin.py:188} INFO - [2026-07-01T02:23:14.638+0000] {dag.py:3954} INFO - Setting next_dagrun for dag_shipment_sim to 2026-07-01 02:00:00+00:00, run_after=2026-07-01 03:00:00+00:00
[2026-07-01T02:23:14.702+0000] {processor.py:183} INFO - Processing /opt/airflow/dags/dag_shipment_sim.py took 0.315 seconds
[2026-07-01T02:23:44.921+0000] {processor.py:161} INFO - Started process (PID=28716) to work on /opt/airflow/dags/dag_shipment_sim.py
[2026-07-01T02:23:44.922+0000] {processor.py:830} INFO - Processing file /opt/airflow/dags/dag_shipment_sim.py for tasks to queue
[2026-07-01T02:23:44.923+0000] {logging_mixin.py:188} INFO - [2026-07-01T02:23:44.922+0000] {dagbag.py:545} INFO - Filling up the DagBag from /opt/airflow/dags/dag_shipment_sim.py
[2026-07-01T02:23:44.945+0000] {processor.py:840} INFO - DAG(s) 'dag_shipment_sim' retrieved from /opt/airflow/dags/dag_shipment_sim.py
[2026-07-01T02:23:44.971+0000] {logging_mixin.py:188} INFO - [2026-07-01T02:23:44.971+0000] {dag.py:3096} INFO - Sync 1 DAGs
[2026-07-01T02:23:44.985+0000] {logging_mixin.py:188} INFO - [2026-07-01T02:23:44.985+0000] {dag.py:3954} INFO - Setting next_dagrun for dag_shipment_sim to 2026-07-01 02:00:00+00:00, run_after=2026-07-01 03:00:00+00:00
[2026-07-01T02:23:45.145+0000] {processor.py:183} INFO - Processing /opt/airflow/dags/dag_shipment_sim.py took 0.231 seconds
[2026-07-01T02:24:15.964+0000] {processor.py:161} INFO - Started process (PID=28749) to work on /opt/airflow/dags/dag_shipment_sim.py
[2026-07-01T02:24:15.965+0000] {processor.py:830} INFO - Processing file /opt/airflow/dags/dag_shipment_sim.py for tasks to queue
[2026-07-01T02:24:15.966+0000] {logging_mixin.py:188} INFO - [2026-07-01T02:24:15.966+0000] {dagbag.py:545} INFO - Filling up the DagBag from /opt/airflow/dags/dag_shipment_sim.py
[2026-07-01T02:24:16.001+0000] {processor.py:840} INFO - DAG(s) 'dag_shipment_sim' retrieved from /opt/airflow/dags/dag_shipment_sim.py
[2026-07-01T02:24:16.036+0000] {logging_mixin.py:188} INFO - [2026-07-01T02:24:16.036+0000] {dag.py:3096} INFO - Sync 1 DAGs
[2026-07-01T02:24:16.051+0000] {logging_mixin.py:188} INFO - [2026-07-01T02:24:16.051+0000] {dag.py:3954} INFO - Setting next_dagrun for dag_shipment_sim to 2026-07-01 02:00:00+00:00, run_after=2026-07-01 03:00:00+00:00
[2026-07-01T02:24:16.072+0000] {processor.py:183} INFO - Processing /opt/airflow/dags/dag_shipment_sim.py took 0.121 seconds
[2026-07-01T02:24:46.997+0000] {processor.py:161} INFO - Started process (PID=28782) to work on /opt/airflow/dags/dag_shipment_sim.py
[2026-07-01T02:24:46.998+0000] {processor.py:830} INFO - Processing file /opt/airflow/dags/dag_shipment_sim.py for tasks to queue
[2026-07-01T02:24:47.000+0000] {logging_mixin.py:188} INFO - [2026-07-01T02:24:46.999+0000] {dagbag.py:545} INFO - Filling up the DagBag from /opt/airflow/dags/dag_shipment_sim.py
[2026-07-01T02:24:47.050+0000] {processor.py:840} INFO - DAG(s) 'dag_shipment_sim' retrieved from /opt/airflow/dags/dag_shipment_sim.py
[2026-07-01T02:24:47.085+0000] {logging_mixin.py:188} INFO - [2026-07-01T02:24:47.084+0000] {dag.py:3096} INFO - Sync 1 DAGs
[2026-07-01T02:24:47.104+0000] {logging_mixin.py:188} INFO - [2026-07-01T02:24:47.104+0000] {dag.py:3954} INFO - Setting next_dagrun for dag_shipment_sim to 2026-07-01 02:00:00+00:00, run_after=2026-07-01 03:00:00+00:00
[2026-07-01T02:24:47.127+0000] {processor.py:183} INFO - Processing /opt/airflow/dags/dag_shipment_sim.py took 0.150 seconds
[2026-07-01T02:25:18.149+0000] {processor.py:161} INFO - Started process (PID=28815) to work on /opt/airflow/dags/dag_shipment_sim.py
[2026-07-01T02:25:18.153+0000] {processor.py:830} INFO - Processing file /opt/airflow/dags/dag_shipment_sim.py for tasks to queue
[2026-07-01T02:25:18.154+0000] {logging_mixin.py:188} INFO - [2026-07-01T02:25:18.153+0000] {dagbag.py:545} INFO - Filling up the DagBag from /opt/airflow/dags/dag_shipment_sim.py
[2026-07-01T02:25:18.188+0000] {processor.py:840} INFO - DAG(s) 'dag_shipment_sim' retrieved from /opt/airflow/dags/dag_shipment_sim.py
[2026-07-01T02:25:18.214+0000] {logging_mixin.py:188} INFO - [2026-07-01T02:25:18.214+0000] {dag.py:3096} INFO - Sync 1 DAGs
[2026-07-01T02:25:18.240+0000] {logging_mixin.py:188} INFO - [2026-07-01T02:25:18.239+0000] {dag.py:3954} INFO - Setting next_dagrun for dag_shipment_sim to 2026-07-01 02:00:00+00:00, run_after=2026-07-01 03:00:00+00:00
[2026-07-01T02:25:18.269+0000] {processor.py:183} INFO - Processing /opt/airflow/dags/dag_shipment_sim.py took 0.135 seconds
[2026-07-01T02:25:49.042+0000] {processor.py:161} INFO - Started process (PID=28848) to work on /opt/airflow/dags/dag_shipment_sim.py
[2026-07-01T02:25:49.042+0000] {processor.py:830} INFO - Processing file /opt/airflow/dags/dag_shipment_sim.py for tasks to queue
[2026-07-01T02:25:49.043+0000] {logging_mixin.py:188} INFO - [2026-07-01T02:25:49.043+0000] {dagbag.py:545} INFO - Filling up the DagBag from /opt/airflow/dags/dag_shipment_sim.py
[2026-07-01T02:25:49.059+0000] {processor.py:840} INFO - DAG(s) 'dag_shipment_sim' retrieved from /opt/airflow/dags/dag_shipment_sim.py
[2026-07-01T02:25:49.078+0000] {logging_mixin.py:188} INFO - [2026-07-01T02:25:49.078+0000] {dag.py:3096} INFO - Sync 1 DAGs
[2026-07-01T02:25:49.088+0000] {logging_mixin.py:188} INFO - [2026-07-01T02:25:49.088+0000] {dag.py:3954} INFO - Setting next_dagrun for dag_shipment_sim to 2026-07-01 02:00:00+00:00, run_after=2026-07-01 03:00:00+00:00
[2026-07-01T02:25:49.097+0000] {processor.py:183} INFO - Processing /opt/airflow/dags/dag_shipment_sim.py took 0.061 seconds
[2026-07-01T02:26:20.011+0000] {processor.py:161} INFO - Started process (PID=28881) to work on /opt/airflow/dags/dag_shipment_sim.py
[2026-07-01T02:26:20.012+0000] {processor.py:830} INFO - Processing file /opt/airflow/dags/dag_shipment_sim.py for tasks to queue
[2026-07-01T02:26:20.013+0000] {logging_mixin.py:188} INFO - [2026-07-01T02:26:20.013+0000] {dagbag.py:545} INFO - Filling up the DagBag from /opt/airflow/dags/dag_shipment_sim.py
[2026-07-01T02:26:20.042+0000] {processor.py:840} INFO - DAG(s) 'dag_shipment_sim' retrieved from /opt/airflow/dags/dag_shipment_sim.py
[2026-07-01T02:26:20.067+0000] {logging_mixin.py:188} INFO - [2026-07-01T02:26:20.067+0000] {dag.py:3096} INFO - Sync 1 DAGs
[2026-07-01T02:26:20.083+0000] {logging_mixin.py:188} INFO - [2026-07-01T02:26:20.083+0000] {dag.py:3954} INFO - Setting next_dagrun for dag_shipment_sim to 2026-07-01 02:00:00+00:00, run_after=2026-07-01 03:00:00+00:00
[2026-07-01T02:26:20.262+0000] {processor.py:183} INFO - Processing /opt/airflow/dags/dag_shipment_sim.py took 0.260 seconds
[2026-07-01T02:26:50.985+0000] {processor.py:161} INFO - Started process (PID=28914) to work on /opt/airflow/dags/dag_shipment_sim.py
[2026-07-01T02:26:50.986+0000] {processor.py:830} INFO - Processing file /opt/airflow/dags/dag_shipment_sim.py for tasks to queue
[2026-07-01T02:26:50.987+0000] {logging_mixin.py:188} INFO - [2026-07-01T02:26:50.987+0000] {dagbag.py:545} INFO - Filling up the DagBag from /opt/airflow/dags/dag_shipment_sim.py
[2026-07-01T02:26:51.012+0000] {processor.py:840} INFO - DAG(s) 'dag_shipment_sim' retrieved from /opt/airflow/dags/dag_shipment_sim.py
[2026-07-01T02:26:51.031+0000] {logging_mixin.py:188} INFO - [2026-07-01T02:26:51.030+0000] {dag.py:3096} INFO - Sync 1 DAGs
[2026-07-01T02:26:51.044+0000] {logging_mixin.py:188} INFO - [2026-07-01T02:26:51.044+0000] {dag.py:3954} INFO - Setting next_dagrun for dag_shipment_sim to 2026-07-01 02:00:00+00:00, run_after=2026-07-01 03:00:00+00:00
[2026-07-01T02:26:51.054+0000] {processor.py:183} INFO - Processing /opt/airflow/dags/dag_shipment_sim.py took 0.076 seconds
[2026-07-01T02:27:22.080+0000] {processor.py:161} INFO - Started process (PID=28947) to work on /opt/airflow/dags/dag_shipment_sim.py
[2026-07-01T02:27:22.082+0000] {processor.py:830} INFO - Processing file /opt/airflow/dags/dag_shipment_sim.py for tasks to queue
[2026-07-01T02:27:22.083+0000] {logging_mixin.py:188} INFO - [2026-07-01T02:27:22.083+0000] {dagbag.py:545} INFO - Filling up the DagBag from /opt/airflow/dags/dag_shipment_sim.py
[2026-07-01T02:27:22.105+0000] {processor.py:840} INFO - DAG(s) 'dag_shipment_sim' retrieved from /opt/airflow/dags/dag_shipment_sim.py
[2026-07-01T02:27:22.134+0000] {logging_mixin.py:188} INFO - [2026-07-01T02:27:22.134+0000] {dag.py:3096} INFO - Sync 1 DAGs
[2026-07-01T02:27:22.153+0000] {logging_mixin.py:188} INFO - [2026-07-01T02:27:22.153+0000] {dag.py:3954} INFO - Setting next_dagrun for dag_shipment_sim to 2026-07-01 02:00:00+00:00, run_after=2026-07-01 03:00:00+00:00
[2026-07-01T02:27:22.164+0000] {processor.py:183} INFO - Processing /opt/airflow/dags/dag_shipment_sim.py took 0.093 seconds
[2026-07-01T02:27:53.039+0000] {processor.py:161} INFO - Started process (PID=28980) to work on /opt/airflow/dags/dag_shipment_sim.py
[2026-07-01T02:27:53.040+0000] {processor.py:830} INFO - Processing file /opt/airflow/dags/dag_shipment_sim.py for tasks to queue
[2026-07-01T02:27:53.042+0000] {logging_mixin.py:188} INFO - [2026-07-01T02:27:53.041+0000] {dagbag.py:545} INFO - Filling up the DagBag from /opt/airflow/dags/dag_shipment_sim.py
[2026-07-01T02:27:53.064+0000] {processor.py:840} INFO - DAG(s) 'dag_shipment_sim' retrieved from /opt/airflow/dags/dag_shipment_sim.py
[2026-07-01T02:27:53.086+0000] {logging_mixin.py:188} INFO - [2026-07-01T02:27:53.086+0000] {dag.py:3096} INFO - Sync 1 DAGs
[2026-07-01T02:27:53.098+0000] {logging_mixin.py:188} INFO - [2026-07-01T02:27:53.098+0000] {dag.py:3954} INFO - Setting next_dagrun for dag_shipment_sim to 2026-07-01 02:00:00+00:00, run_after=2026-07-01 03:00:00+00:00
[2026-07-01T02:27:53.109+0000] {processor.py:183} INFO - Processing /opt/airflow/dags/dag_shipment_sim.py took 0.078 seconds
[2026-07-01T02:28:24.020+0000] {processor.py:161} INFO - Started process (PID=29013) to work on /opt/airflow/dags/dag_shipment_sim.py
[2026-07-01T02:28:24.022+0000] {processor.py:830} INFO - Processing file /opt/airflow/dags/dag_shipment_sim.py for tasks to queue
[2026-07-01T02:28:24.023+0000] {logging_mixin.py:188} INFO - [2026-07-01T02:28:24.022+0000] {dagbag.py:545} INFO - Filling up the DagBag from /opt/airflow/dags/dag_shipment_sim.py
[2026-07-01T02:28:24.050+0000] {processor.py:840} INFO - DAG(s) 'dag_shipment_sim' retrieved from /opt/airflow/dags/dag_shipment_sim.py
[2026-07-01T02:28:24.070+0000] {logging_mixin.py:188} INFO - [2026-07-01T02:28:24.069+0000] {dag.py:3096} INFO - Sync 1 DAGs
[2026-07-01T02:28:24.090+0000] {logging_mixin.py:188} INFO - [2026-07-01T02:28:24.090+0000] {dag.py:3954} INFO - Setting next_dagrun for dag_shipment_sim to 2026-07-01 02:00:00+00:00, run_after=2026-07-01 03:00:00+00:00
[2026-07-01T02:28:24.100+0000] {processor.py:183} INFO - Processing /opt/airflow/dags/dag_shipment_sim.py took 0.094 seconds
[2026-07-01T02:28:55.056+0000] {processor.py:161} INFO - Started process (PID=29046) to work on /opt/airflow/dags/dag_shipment_sim.py
[2026-07-01T02:28:55.057+0000] {processor.py:830} INFO - Processing file /opt/airflow/dags/dag_shipment_sim.py for tasks to queue
[2026-07-01T02:28:55.059+0000] {logging_mixin.py:188} INFO - [2026-07-01T02:28:55.058+0000] {dagbag.py:545} INFO - Filling up the DagBag from /opt/airflow/dags/dag_shipment_sim.py
[2026-07-01T02:28:55.080+0000] {processor.py:840} INFO - DAG(s) 'dag_shipment_sim' retrieved from /opt/airflow/dags/dag_shipment_sim.py
[2026-07-01T02:28:55.099+0000] {logging_mixin.py:188} INFO - [2026-07-01T02:28:55.098+0000] {dag.py:3096} INFO - Sync 1 DAGs
[2026-07-01T02:28:55.111+0000] {logging_mixin.py:188} INFO - [2026-07-01T02:28:55.111+0000] {dag.py:3954} INFO - Setting next_dagrun for dag_shipment_sim to 2026-07-01 02:00:00+00:00, run_after=2026-07-01 03:00:00+00:00
[2026-07-01T02:28:55.227+0000] {processor.py:183} INFO - Processing /opt/airflow/dags/dag_shipment_sim.py took 0.183 seconds
[2026-07-01T02:33:22.659+0000] {processor.py:161} INFO - Started process (PID=29079) to work on /opt/airflow/dags/dag_shipment_sim.py
[2026-07-01T02:33:22.660+0000] {processor.py:830} INFO - Processing file /opt/airflow/dags/dag_shipment_sim.py for tasks to queue
[2026-07-01T02:33:22.661+0000] {logging_mixin.py:188} INFO - [2026-07-01T02:33:22.661+0000] {dagbag.py:545} INFO - Filling up the DagBag from /opt/airflow/dags/dag_shipment_sim.py
[2026-07-01T02:33:22.690+0000] {processor.py:840} INFO - DAG(s) 'dag_shipment_sim' retrieved from /opt/airflow/dags/dag_shipment_sim.py
[2026-07-01T02:33:22.712+0000] {logging_mixin.py:188} INFO - [2026-07-01T02:33:22.712+0000] {dag.py:3096} INFO - Sync 1 DAGs
[2026-07-01T02:33:22.863+0000] {logging_mixin.py:188} INFO - [2026-07-01T02:33:22.863+0000] {dag.py:3954} INFO - Setting next_dagrun for dag_shipment_sim to 2026-07-01 02:00:00+00:00, run_after=2026-07-01 03:00:00+00:00
[2026-07-01T02:33:22.873+0000] {processor.py:183} INFO - Processing /opt/airflow/dags/dag_shipment_sim.py took 0.226 seconds
[2026-07-01T02:33:53.752+0000] {processor.py:161} INFO - Started process (PID=29112) to work on /opt/airflow/dags/dag_shipment_sim.py
[2026-07-01T02:33:53.754+0000] {processor.py:830} INFO - Processing file /opt/airflow/dags/dag_shipment_sim.py for tasks to queue
[2026-07-01T02:33:53.756+0000] {logging_mixin.py:188} INFO - [2026-07-01T02:33:53.756+0000] {dagbag.py:545} INFO - Filling up the DagBag from /opt/airflow/dags/dag_shipment_sim.py
[2026-07-01T02:33:53.793+0000] {processor.py:840} INFO - DAG(s) 'dag_shipment_sim' retrieved from /opt/airflow/dags/dag_shipment_sim.py
[2026-07-01T02:33:53.825+0000] {logging_mixin.py:188} INFO - [2026-07-01T02:33:53.825+0000] {dag.py:3096} INFO - Sync 1 DAGs
[2026-07-01T02:33:53.841+0000] {logging_mixin.py:188} INFO - [2026-07-01T02:33:53.840+0000] {dag.py:3954} INFO - Setting next_dagrun for dag_shipment_sim to 2026-07-01 02:00:00+00:00, run_after=2026-07-01 03:00:00+00:00
[2026-07-01T02:33:53.853+0000] {processor.py:183} INFO - Processing /opt/airflow/dags/dag_shipment_sim.py took 0.109 seconds
[2026-07-01T02:43:56.429+0000] {processor.py:161} INFO - Started process (PID=29145) to work on /opt/airflow/dags/dag_shipment_sim.py
[2026-07-01T02:43:56.431+0000] {processor.py:830} INFO - Processing file /opt/airflow/dags/dag_shipment_sim.py for tasks to queue
[2026-07-01T02:43:56.433+0000] {logging_mixin.py:188} INFO - [2026-07-01T02:43:56.432+0000] {dagbag.py:545} INFO - Filling up the DagBag from /opt/airflow/dags/dag_shipment_sim.py
[2026-07-01T02:43:56.464+0000] {processor.py:840} INFO - DAG(s) 'dag_shipment_sim' retrieved from /opt/airflow/dags/dag_shipment_sim.py
[2026-07-01T02:43:56.495+0000] {logging_mixin.py:188} INFO - [2026-07-01T02:43:56.495+0000] {dag.py:3096} INFO - Sync 1 DAGs
[2026-07-01T02:43:56.513+0000] {logging_mixin.py:188} INFO - [2026-07-01T02:43:56.513+0000] {dag.py:3954} INFO - Setting next_dagrun for dag_shipment_sim to 2026-07-01 02:00:00+00:00, run_after=2026-07-01 03:00:00+00:00
[2026-07-01T02:43:56.528+0000] {processor.py:183} INFO - Processing /opt/airflow/dags/dag_shipment_sim.py took 0.109 seconds
[2026-07-01T02:57:59.887+0000] {processor.py:161} INFO - Started process (PID=29178) to work on /opt/airflow/dags/dag_shipment_sim.py
[2026-07-01T02:57:59.888+0000] {processor.py:830} INFO - Processing file /opt/airflow/dags/dag_shipment_sim.py for tasks to queue
[2026-07-01T02:57:59.889+0000] {logging_mixin.py:188} INFO - [2026-07-01T02:57:59.889+0000] {dagbag.py:545} INFO - Filling up the DagBag from /opt/airflow/dags/dag_shipment_sim.py
[2026-07-01T02:57:59.914+0000] {processor.py:840} INFO - DAG(s) 'dag_shipment_sim' retrieved from /opt/airflow/dags/dag_shipment_sim.py
[2026-07-01T02:57:59.940+0000] {logging_mixin.py:188} INFO - [2026-07-01T02:57:59.940+0000] {dag.py:3096} INFO - Sync 1 DAGs
[2026-07-01T02:57:59.966+0000] {logging_mixin.py:188} INFO - [2026-07-01T02:57:59.966+0000] {dag.py:3954} INFO - Setting next_dagrun for dag_shipment_sim to 2026-07-01 02:00:00+00:00, run_after=2026-07-01 03:00:00+00:00
[2026-07-01T02:57:59.987+0000] {processor.py:183} INFO - Processing /opt/airflow/dags/dag_shipment_sim.py took 0.109 seconds
[2026-07-01T02:58:30.510+0000] {processor.py:161} INFO - Started process (PID=29211) to work on /opt/airflow/dags/dag_shipment_sim.py
[2026-07-01T02:58:30.516+0000] {processor.py:830} INFO - Processing file /opt/airflow/dags/dag_shipment_sim.py for tasks to queue
[2026-07-01T02:58:30.525+0000] {logging_mixin.py:188} INFO - [2026-07-01T02:58:30.523+0000] {dagbag.py:545} INFO - Filling up the DagBag from /opt/airflow/dags/dag_shipment_sim.py
[2026-07-01T02:58:30.735+0000] {processor.py:840} INFO - DAG(s) 'dag_shipment_sim' retrieved from /opt/airflow/dags/dag_shipment_sim.py
[2026-07-01T02:58:30.971+0000] {logging_mixin.py:188} INFO - [2026-07-01T02:58:30.971+0000] {dag.py:3096} INFO - Sync 1 DAGs
[2026-07-01T02:58:31.076+0000] {logging_mixin.py:188} INFO - [2026-07-01T02:58:31.076+0000] {dag.py:3954} INFO - Setting next_dagrun for dag_shipment_sim to 2026-07-01 02:00:00+00:00, run_after=2026-07-01 03:00:00+00:00
[2026-07-01T02:58:31.122+0000] {processor.py:183} INFO - Processing /opt/airflow/dags/dag_shipment_sim.py took 0.695 seconds
[2026-07-01T02:59:01.645+0000] {processor.py:161} INFO - Started process (PID=29244) to work on /opt/airflow/dags/dag_shipment_sim.py
[2026-07-01T02:59:01.646+0000] {processor.py:830} INFO - Processing file /opt/airflow/dags/dag_shipment_sim.py for tasks to queue
[2026-07-01T02:59:01.647+0000] {logging_mixin.py:188} INFO - [2026-07-01T02:59:01.647+0000] {dagbag.py:545} INFO - Filling up the DagBag from /opt/airflow/dags/dag_shipment_sim.py
[2026-07-01T02:59:01.662+0000] {processor.py:840} INFO - DAG(s) 'dag_shipment_sim' retrieved from /opt/airflow/dags/dag_shipment_sim.py
[2026-07-01T02:59:01.676+0000] {logging_mixin.py:188} INFO - [2026-07-01T02:59:01.675+0000] {dag.py:3096} INFO - Sync 1 DAGs
[2026-07-01T02:59:01.687+0000] {logging_mixin.py:188} INFO - [2026-07-01T02:59:01.687+0000] {dag.py:3954} INFO - Setting next_dagrun for dag_shipment_sim to 2026-07-01 02:00:00+00:00, run_after=2026-07-01 03:00:00+00:00
[2026-07-01T02:59:01.773+0000] {processor.py:183} INFO - Processing /opt/airflow/dags/dag_shipment_sim.py took 0.135 seconds
[2026-07-01T02:59:32.538+0000] {processor.py:161} INFO - Started process (PID=29277) to work on /opt/airflow/dags/dag_shipment_sim.py
[2026-07-01T02:59:32.540+0000] {processor.py:830} INFO - Processing file /opt/airflow/dags/dag_shipment_sim.py for tasks to queue
[2026-07-01T02:59:32.541+0000] {logging_mixin.py:188} INFO - [2026-07-01T02:59:32.541+0000] {dagbag.py:545} INFO - Filling up the DagBag from /opt/airflow/dags/dag_shipment_sim.py
[2026-07-01T02:59:32.575+0000] {processor.py:840} INFO - DAG(s) 'dag_shipment_sim' retrieved from /opt/airflow/dags/dag_shipment_sim.py
[2026-07-01T02:59:32.608+0000] {logging_mixin.py:188} INFO - [2026-07-01T02:59:32.608+0000] {dag.py:3096} INFO - Sync 1 DAGs
[2026-07-01T02:59:32.842+0000] {logging_mixin.py:188} INFO - [2026-07-01T02:59:32.842+0000] {dag.py:3954} INFO - Setting next_dagrun for dag_shipment_sim to 2026-07-01 02:00:00+00:00, run_after=2026-07-01 03:00:00+00:00
[2026-07-01T02:59:32.852+0000] {processor.py:183} INFO - Processing /opt/airflow/dags/dag_shipment_sim.py took 0.328 seconds
[2026-07-01T03:00:03.136+0000] {processor.py:161} INFO - Started process (PID=29326) to work on /opt/airflow/dags/dag_shipment_sim.py
[2026-07-01T03:00:03.137+0000] {processor.py:830} INFO - Processing file /opt/airflow/dags/dag_shipment_sim.py for tasks to queue
[2026-07-01T03:00:03.138+0000] {logging_mixin.py:188} INFO - [2026-07-01T03:00:03.138+0000] {dagbag.py:545} INFO - Filling up the DagBag from /opt/airflow/dags/dag_shipment_sim.py
[2026-07-01T03:00:03.149+0000] {processor.py:840} INFO - DAG(s) 'dag_shipment_sim' retrieved from /opt/airflow/dags/dag_shipment_sim.py
[2026-07-01T03:00:03.163+0000] {logging_mixin.py:188} INFO - [2026-07-01T03:00:03.163+0000] {dag.py:3096} INFO - Sync 1 DAGs
[2026-07-01T03:00:03.173+0000] {logging_mixin.py:188} INFO - [2026-07-01T03:00:03.173+0000] {dag.py:3954} INFO - Setting next_dagrun for dag_shipment_sim to 2026-07-01 03:00:00+00:00, run_after=2026-07-01 04:00:00+00:00
[2026-07-01T03:00:03.182+0000] {processor.py:183} INFO - Processing /opt/airflow/dags/dag_shipment_sim.py took 0.052 seconds
[2026-07-01T03:00:33.310+0000] {processor.py:161} INFO - Started process (PID=29360) to work on /opt/airflow/dags/dag_shipment_sim.py
[2026-07-01T03:00:33.311+0000] {processor.py:830} INFO - Processing file /opt/airflow/dags/dag_shipment_sim.py for tasks to queue
[2026-07-01T03:00:33.312+0000] {logging_mixin.py:188} INFO - [2026-07-01T03:00:33.312+0000] {dagbag.py:545} INFO - Filling up the DagBag from /opt/airflow/dags/dag_shipment_sim.py
[2026-07-01T03:00:33.339+0000] {processor.py:840} INFO - DAG(s) 'dag_shipment_sim' retrieved from /opt/airflow/dags/dag_shipment_sim.py
[2026-07-01T03:00:33.362+0000] {logging_mixin.py:188} INFO - [2026-07-01T03:00:33.362+0000] {dag.py:3096} INFO - Sync 1 DAGs
[2026-07-01T03:00:33.378+0000] {logging_mixin.py:188} INFO - [2026-07-01T03:00:33.378+0000] {dag.py:3954} INFO - Setting next_dagrun for dag_shipment_sim to 2026-07-01 03:00:00+00:00, run_after=2026-07-01 04:00:00+00:00
[2026-07-01T03:00:33.393+0000] {processor.py:183} INFO - Processing /opt/airflow/dags/dag_shipment_sim.py took 0.098 seconds
[2026-07-01T03:01:03.602+0000] {processor.py:161} INFO - Started process (PID=29393) to work on /opt/airflow/dags/dag_shipment_sim.py
[2026-07-01T03:01:03.603+0000] {processor.py:830} INFO - Processing file /opt/airflow/dags/dag_shipment_sim.py for tasks to queue
[2026-07-01T03:01:03.605+0000] {logging_mixin.py:188} INFO - [2026-07-01T03:01:03.604+0000] {dagbag.py:545} INFO - Filling up the DagBag from /opt/airflow/dags/dag_shipment_sim.py
[2026-07-01T03:01:03.628+0000] {processor.py:840} INFO - DAG(s) 'dag_shipment_sim' retrieved from /opt/airflow/dags/dag_shipment_sim.py
[2026-07-01T03:01:03.651+0000] {logging_mixin.py:188} INFO - [2026-07-01T03:01:03.651+0000] {dag.py:3096} INFO - Sync 1 DAGs
[2026-07-01T03:01:03.668+0000] {logging_mixin.py:188} INFO - [2026-07-01T03:01:03.668+0000] {dag.py:3954} INFO - Setting next_dagrun for dag_shipment_sim to 2026-07-01 03:00:00+00:00, run_after=2026-07-01 04:00:00+00:00
[2026-07-01T03:01:03.683+0000] {processor.py:183} INFO - Processing /opt/airflow/dags/dag_shipment_sim.py took 0.091 seconds
[2026-07-01T03:01:33.845+0000] {processor.py:161} INFO - Started process (PID=29426) to work on /opt/airflow/dags/dag_shipment_sim.py
[2026-07-01T03:01:33.848+0000] {processor.py:830} INFO - Processing file /opt/airflow/dags/dag_shipment_sim.py for tasks to queue
[2026-07-01T03:01:33.849+0000] {logging_mixin.py:188} INFO - [2026-07-01T03:01:33.848+0000] {dagbag.py:545} INFO - Filling up the DagBag from /opt/airflow/dags/dag_shipment_sim.py
[2026-07-01T03:01:33.875+0000] {processor.py:840} INFO - DAG(s) 'dag_shipment_sim' retrieved from /opt/airflow/dags/dag_shipment_sim.py
[2026-07-01T03:01:33.909+0000] {logging_mixin.py:188} INFO - [2026-07-01T03:01:33.909+0000] {dag.py:3096} INFO - Sync 1 DAGs
[2026-07-01T03:01:33.925+0000] {logging_mixin.py:188} INFO - [2026-07-01T03:01:33.925+0000] {dag.py:3954} INFO - Setting next_dagrun for dag_shipment_sim to 2026-07-01 03:00:00+00:00, run_after=2026-07-01 04:00:00+00:00
[2026-07-01T03:01:34.107+0000] {processor.py:183} INFO - Processing /opt/airflow/dags/dag_shipment_sim.py took 0.273 seconds
[2026-07-01T03:02:04.795+0000] {processor.py:161} INFO - Started process (PID=29466) to work on /opt/airflow/dags/dag_shipment_sim.py
[2026-07-01T03:02:04.799+0000] {processor.py:830} INFO - Processing file /opt/airflow/dags/dag_shipment_sim.py for tasks to queue
[2026-07-01T03:02:04.801+0000] {logging_mixin.py:188} INFO - [2026-07-01T03:02:04.800+0000] {dagbag.py:545} INFO - Filling up the DagBag from /opt/airflow/dags/dag_shipment_sim.py
[2026-07-01T03:02:04.842+0000] {processor.py:840} INFO - DAG(s) 'dag_shipment_sim' retrieved from /opt/airflow/dags/dag_shipment_sim.py
[2026-07-01T03:02:04.900+0000] {logging_mixin.py:188} INFO - [2026-07-01T03:02:04.900+0000] {dag.py:3096} INFO - Sync 1 DAGs
[2026-07-01T03:02:05.142+0000] {logging_mixin.py:188} INFO - [2026-07-01T03:02:05.142+0000] {dag.py:3954} INFO - Setting next_dagrun for dag_shipment_sim to 2026-07-01 03:00:00+00:00, run_after=2026-07-01 04:00:00+00:00
[2026-07-01T03:02:05.154+0000] {processor.py:183} INFO - Processing /opt/airflow/dags/dag_shipment_sim.py took 0.375 seconds
[2026-07-01T03:02:35.743+0000] {processor.py:161} INFO - Started process (PID=29499) to work on /opt/airflow/dags/dag_shipment_sim.py
[2026-07-01T03:02:35.745+0000] {processor.py:830} INFO - Processing file /opt/airflow/dags/dag_shipment_sim.py for tasks to queue
[2026-07-01T03:02:35.746+0000] {logging_mixin.py:188} INFO - [2026-07-01T03:02:35.745+0000] {dagbag.py:545} INFO - Filling up the DagBag from /opt/airflow/dags/dag_shipment_sim.py
[2026-07-01T03:02:35.781+0000] {processor.py:840} INFO - DAG(s) 'dag_shipment_sim' retrieved from /opt/airflow/dags/dag_shipment_sim.py
[2026-07-01T03:02:35.804+0000] {logging_mixin.py:188} INFO - [2026-07-01T03:02:35.804+0000] {dag.py:3096} INFO - Sync 1 DAGs
[2026-07-01T03:02:35.818+0000] {logging_mixin.py:188} INFO - [2026-07-01T03:02:35.818+0000] {dag.py:3954} INFO - Setting next_dagrun for dag_shipment_sim to 2026-07-01 03:00:00+00:00, run_after=2026-07-01 04:00:00+00:00
[2026-07-01T03:02:35.834+0000] {processor.py:183} INFO - Processing /opt/airflow/dags/dag_shipment_sim.py took 0.102 seconds
[2026-07-01T03:03:06.014+0000] {processor.py:161} INFO - Started process (PID=29532) to work on /opt/airflow/dags/dag_shipment_sim.py
[2026-07-01T03:03:06.015+0000] {processor.py:830} INFO - Processing file /opt/airflow/dags/dag_shipment_sim.py for tasks to queue
[2026-07-01T03:03:06.016+0000] {logging_mixin.py:188} INFO - [2026-07-01T03:03:06.015+0000] {dagbag.py:545} INFO - Filling up the DagBag from /opt/airflow/dags/dag_shipment_sim.py
[2026-07-01T03:03:06.029+0000] {processor.py:840} INFO - DAG(s) 'dag_shipment_sim' retrieved from /opt/airflow/dags/dag_shipment_sim.py
[2026-07-01T03:03:06.047+0000] {logging_mixin.py:188} INFO - [2026-07-01T03:03:06.047+0000] {dag.py:3096} INFO - Sync 1 DAGs
[2026-07-01T03:03:06.058+0000] {logging_mixin.py:188} INFO - [2026-07-01T03:03:06.058+0000] {dag.py:3954} INFO - Setting next_dagrun for dag_shipment_sim to 2026-07-01 03:00:00+00:00, run_after=2026-07-01 04:00:00+00:00
[2026-07-01T03:03:06.067+0000] {processor.py:183} INFO - Processing /opt/airflow/dags/dag_shipment_sim.py took 0.062 seconds
[2026-07-01T03:03:36.749+0000] {processor.py:161} INFO - Started process (PID=29565) to work on /opt/airflow/dags/dag_shipment_sim.py
[2026-07-01T03:03:36.750+0000] {processor.py:830} INFO - Processing file /opt/airflow/dags/dag_shipment_sim.py for tasks to queue
[2026-07-01T03:03:36.751+0000] {logging_mixin.py:188} INFO - [2026-07-01T03:03:36.751+0000] {dagbag.py:545} INFO - Filling up the DagBag from /opt/airflow/dags/dag_shipment_sim.py
[2026-07-01T03:03:36.786+0000] {processor.py:840} INFO - DAG(s) 'dag_shipment_sim' retrieved from /opt/airflow/dags/dag_shipment_sim.py
[2026-07-01T03:03:36.807+0000] {logging_mixin.py:188} INFO - [2026-07-01T03:03:36.806+0000] {dag.py:3096} INFO - Sync 1 DAGs
[2026-07-01T03:03:36.819+0000] {logging_mixin.py:188} INFO - [2026-07-01T03:03:36.819+0000] {dag.py:3954} INFO - Setting next_dagrun for dag_shipment_sim to 2026-07-01 03:00:00+00:00, run_after=2026-07-01 04:00:00+00:00
[2026-07-01T03:03:36.834+0000] {processor.py:183} INFO - Processing /opt/airflow/dags/dag_shipment_sim.py took 0.093 seconds
[2026-07-01T03:04:07.580+0000] {processor.py:161} INFO - Started process (PID=29598) to work on /opt/airflow/dags/dag_shipment_sim.py
[2026-07-01T03:04:07.581+0000] {processor.py:830} INFO - Processing file /opt/airflow/dags/dag_shipment_sim.py for tasks to queue
[2026-07-01T03:04:07.582+0000] {logging_mixin.py:188} INFO - [2026-07-01T03:04:07.581+0000] {dagbag.py:545} INFO - Filling up the DagBag from /opt/airflow/dags/dag_shipment_sim.py
[2026-07-01T03:04:07.597+0000] {processor.py:840} INFO - DAG(s) 'dag_shipment_sim' retrieved from /opt/airflow/dags/dag_shipment_sim.py
[2026-07-01T03:04:07.612+0000] {logging_mixin.py:188} INFO - [2026-07-01T03:04:07.612+0000] {dag.py:3096} INFO - Sync 1 DAGs
[2026-07-01T03:04:07.622+0000] {logging_mixin.py:188} INFO - [2026-07-01T03:04:07.622+0000] {dag.py:3954} INFO - Setting next_dagrun for dag_shipment_sim to 2026-07-01 03:00:00+00:00, run_after=2026-07-01 04:00:00+00:00
[2026-07-01T03:04:07.720+0000] {processor.py:183} INFO - Processing /opt/airflow/dags/dag_shipment_sim.py took 0.146 seconds
[2026-07-01T03:04:38.409+0000] {processor.py:161} INFO - Started process (PID=29631) to work on /opt/airflow/dags/dag_shipment_sim.py
[2026-07-01T03:04:38.415+0000] {processor.py:830} INFO - Processing file /opt/airflow/dags/dag_shipment_sim.py for tasks to queue
[2026-07-01T03:04:38.417+0000] {logging_mixin.py:188} INFO - [2026-07-01T03:04:38.416+0000] {dagbag.py:545} INFO - Filling up the DagBag from /opt/airflow/dags/dag_shipment_sim.py
[2026-07-01T03:04:38.465+0000] {processor.py:840} INFO - DAG(s) 'dag_shipment_sim' retrieved from /opt/airflow/dags/dag_shipment_sim.py
[2026-07-01T03:04:38.514+0000] {logging_mixin.py:188} INFO - [2026-07-01T03:04:38.514+0000] {dag.py:3096} INFO - Sync 1 DAGs
[2026-07-01T03:04:38.739+0000] {logging_mixin.py:188} INFO - [2026-07-01T03:04:38.739+0000] {dag.py:3954} INFO - Setting next_dagrun for dag_shipment_sim to 2026-07-01 03:00:00+00:00, run_after=2026-07-01 04:00:00+00:00
[2026-07-01T03:04:38.747+0000] {processor.py:183} INFO - Processing /opt/airflow/dags/dag_shipment_sim.py took 0.367 seconds
[2026-07-01T03:05:09.262+0000] {processor.py:161} INFO - Started process (PID=29668) to work on /opt/airflow/dags/dag_shipment_sim.py
[2026-07-01T03:05:09.264+0000] {processor.py:830} INFO - Processing file /opt/airflow/dags/dag_shipment_sim.py for tasks to queue
[2026-07-01T03:05:09.265+0000] {logging_mixin.py:188} INFO - [2026-07-01T03:05:09.264+0000] {dagbag.py:545} INFO - Filling up the DagBag from /opt/airflow/dags/dag_shipment_sim.py
[2026-07-01T03:05:09.288+0000] {processor.py:840} INFO - DAG(s) 'dag_shipment_sim' retrieved from /opt/airflow/dags/dag_shipment_sim.py
[2026-07-01T03:05:09.305+0000] {logging_mixin.py:188} INFO - [2026-07-01T03:05:09.305+0000] {dag.py:3096} INFO - Sync 1 DAGs
[2026-07-01T03:05:09.316+0000] {logging_mixin.py:188} INFO - [2026-07-01T03:05:09.315+0000] {dag.py:3954} INFO - Setting next_dagrun for dag_shipment_sim to 2026-07-01 03:00:00+00:00, run_after=2026-07-01 04:00:00+00:00
[2026-07-01T03:05:09.325+0000] {processor.py:183} INFO - Processing /opt/airflow/dags/dag_shipment_sim.py took 0.073 seconds
[2026-07-01T03:05:39.458+0000] {processor.py:161} INFO - Started process (PID=29701) to work on /opt/airflow/dags/dag_shipment_sim.py
[2026-07-01T03:05:39.461+0000] {processor.py:830} INFO - Processing file /opt/airflow/dags/dag_shipment_sim.py for tasks to queue
[2026-07-01T03:05:39.463+0000] {logging_mixin.py:188} INFO - [2026-07-01T03:05:39.462+0000] {dagbag.py:545} INFO - Filling up the DagBag from /opt/airflow/dags/dag_shipment_sim.py
[2026-07-01T03:05:39.499+0000] {processor.py:840} INFO - DAG(s) 'dag_shipment_sim' retrieved from /opt/airflow/dags/dag_shipment_sim.py
[2026-07-01T03:05:39.551+0000] {logging_mixin.py:188} INFO - [2026-07-01T03:05:39.551+0000] {dag.py:3096} INFO - Sync 1 DAGs
[2026-07-01T03:05:39.578+0000] {logging_mixin.py:188} INFO - [2026-07-01T03:05:39.578+0000] {dag.py:3954} INFO - Setting next_dagrun for dag_shipment_sim to 2026-07-01 03:00:00+00:00, run_after=2026-07-01 04:00:00+00:00
[2026-07-01T03:05:39.600+0000] {processor.py:183} INFO - Processing /opt/airflow/dags/dag_shipment_sim.py took 0.166 seconds
[2026-07-01T03:06:10.413+0000] {processor.py:161} INFO - Started process (PID=29734) to work on /opt/airflow/dags/dag_shipment_sim.py
[2026-07-01T03:06:10.417+0000] {processor.py:830} INFO - Processing file /opt/airflow/dags/dag_shipment_sim.py for tasks to queue
[2026-07-01T03:06:10.418+0000] {logging_mixin.py:188} INFO - [2026-07-01T03:06:10.418+0000] {dagbag.py:545} INFO - Filling up the DagBag from /opt/airflow/dags/dag_shipment_sim.py
[2026-07-01T03:06:10.448+0000] {processor.py:840} INFO - DAG(s) 'dag_shipment_sim' retrieved from /opt/airflow/dags/dag_shipment_sim.py
[2026-07-01T03:06:10.486+0000] {logging_mixin.py:188} INFO - [2026-07-01T03:06:10.486+0000] {dag.py:3096} INFO - Sync 1 DAGs
[2026-07-01T03:06:10.506+0000] {logging_mixin.py:188} INFO - [2026-07-01T03:06:10.506+0000] {dag.py:3954} INFO - Setting next_dagrun for dag_shipment_sim to 2026-07-01 03:00:00+00:00, run_after=2026-07-01 04:00:00+00:00
[2026-07-01T03:06:10.518+0000] {processor.py:183} INFO - Processing /opt/airflow/dags/dag_shipment_sim.py took 0.123 seconds
[2026-07-01T03:06:40.614+0000] {processor.py:161} INFO - Started process (PID=29767) to work on /opt/airflow/dags/dag_shipment_sim.py
[2026-07-01T03:06:40.616+0000] {processor.py:830} INFO - Processing file /opt/airflow/dags/dag_shipment_sim.py for tasks to queue
[2026-07-01T03:06:40.617+0000] {logging_mixin.py:188} INFO - [2026-07-01T03:06:40.617+0000] {dagbag.py:545} INFO - Filling up the DagBag from /opt/airflow/dags/dag_shipment_sim.py
[2026-07-01T03:06:40.642+0000] {processor.py:840} INFO - DAG(s) 'dag_shipment_sim' retrieved from /opt/airflow/dags/dag_shipment_sim.py
[2026-07-01T03:06:40.664+0000] {logging_mixin.py:188} INFO - [2026-07-01T03:06:40.664+0000] {dag.py:3096} INFO - Sync 1 DAGs
[2026-07-01T03:06:40.685+0000] {logging_mixin.py:188} INFO - [2026-07-01T03:06:40.685+0000] {dag.py:3954} INFO - Setting next_dagrun for dag_shipment_sim to 2026-07-01 03:00:00+00:00, run_after=2026-07-01 04:00:00+00:00
[2026-07-01T03:06:40.869+0000] {processor.py:183} INFO - Processing /opt/airflow/dags/dag_shipment_sim.py took 0.266 seconds
[2026-07-01T03:07:11.255+0000] {processor.py:161} INFO - Started process (PID=29804) to work on /opt/airflow/dags/dag_shipment_sim.py
[2026-07-01T03:07:11.257+0000] {processor.py:830} INFO - Processing file /opt/airflow/dags/dag_shipment_sim.py for tasks to queue
[2026-07-01T03:07:11.258+0000] {logging_mixin.py:188} INFO - [2026-07-01T03:07:11.258+0000] {dagbag.py:545} INFO - Filling up the DagBag from /opt/airflow/dags/dag_shipment_sim.py
[2026-07-01T03:07:11.281+0000] {processor.py:840} INFO - DAG(s) 'dag_shipment_sim' retrieved from /opt/airflow/dags/dag_shipment_sim.py
[2026-07-01T03:07:11.306+0000] {logging_mixin.py:188} INFO - [2026-07-01T03:07:11.306+0000] {dag.py:3096} INFO - Sync 1 DAGs
[2026-07-01T03:07:11.485+0000] {logging_mixin.py:188} INFO - [2026-07-01T03:07:11.485+0000] {dag.py:3954} INFO - Setting next_dagrun for dag_shipment_sim to 2026-07-01 03:00:00+00:00, run_after=2026-07-01 04:00:00+00:00
[2026-07-01T03:07:11.493+0000] {processor.py:183} INFO - Processing /opt/airflow/dags/dag_shipment_sim.py took 0.249 seconds
[2026-07-01T03:10:32.717+0000] {processor.py:161} INFO - Started process (PID=211) to work on /opt/airflow/dags/dag_shipment_sim.py
[2026-07-01T03:10:32.718+0000] {processor.py:830} INFO - Processing file /opt/airflow/dags/dag_shipment_sim.py for tasks to queue
[2026-07-01T03:10:32.721+0000] {logging_mixin.py:188} INFO - [2026-07-01T03:10:32.720+0000] {dagbag.py:545} INFO - Filling up the DagBag from /opt/airflow/dags/dag_shipment_sim.py
[2026-07-01T03:10:32.746+0000] {processor.py:840} INFO - DAG(s) 'dag_shipment_sim' retrieved from /opt/airflow/dags/dag_shipment_sim.py
[2026-07-01T03:10:32.931+0000] {logging_mixin.py:188} INFO - [2026-07-01T03:10:32.931+0000] {dag.py:3096} INFO - Sync 1 DAGs
[2026-07-01T03:10:32.945+0000] {logging_mixin.py:188} INFO - [2026-07-01T03:10:32.945+0000] {dag.py:3954} INFO - Setting next_dagrun for dag_shipment_sim to 2026-07-01 02:00:00+00:00, run_after=2026-07-01 03:00:00+00:00
[2026-07-01T03:10:32.955+0000] {processor.py:183} INFO - Processing /opt/airflow/dags/dag_shipment_sim.py took 0.242 seconds
[2026-07-01T03:11:03.842+0000] {processor.py:161} INFO - Started process (PID=316) to work on /opt/airflow/dags/dag_shipment_sim.py
[2026-07-01T03:11:03.844+0000] {processor.py:830} INFO - Processing file /opt/airflow/dags/dag_shipment_sim.py for tasks to queue
[2026-07-01T03:11:03.845+0000] {logging_mixin.py:188} INFO - [2026-07-01T03:11:03.845+0000] {dagbag.py:545} INFO - Filling up the DagBag from /opt/airflow/dags/dag_shipment_sim.py
[2026-07-01T03:11:03.864+0000] {processor.py:840} INFO - DAG(s) 'dag_shipment_sim' retrieved from /opt/airflow/dags/dag_shipment_sim.py
[2026-07-01T03:11:03.898+0000] {logging_mixin.py:188} INFO - [2026-07-01T03:11:03.897+0000] {dag.py:3096} INFO - Sync 1 DAGs
[2026-07-01T03:11:03.922+0000] {logging_mixin.py:188} INFO - [2026-07-01T03:11:03.922+0000] {dag.py:3954} INFO - Setting next_dagrun for dag_shipment_sim to 2026-07-01 03:00:00+00:00, run_after=2026-07-01 04:00:00+00:00
[2026-07-01T03:11:03.935+0000] {processor.py:183} INFO - Processing /opt/airflow/dags/dag_shipment_sim.py took 0.098 seconds
[2026-07-01T03:11:34.699+0000] {processor.py:161} INFO - Started process (PID=349) to work on /opt/airflow/dags/dag_shipment_sim.py
[2026-07-01T03:11:34.700+0000] {processor.py:830} INFO - Processing file /opt/airflow/dags/dag_shipment_sim.py for tasks to queue
[2026-07-01T03:11:34.702+0000] {logging_mixin.py:188} INFO - [2026-07-01T03:11:34.702+0000] {dagbag.py:545} INFO - Filling up the DagBag from /opt/airflow/dags/dag_shipment_sim.py
[2026-07-01T03:11:34.729+0000] {processor.py:840} INFO - DAG(s) 'dag_shipment_sim' retrieved from /opt/airflow/dags/dag_shipment_sim.py
[2026-07-01T03:11:34.756+0000] {logging_mixin.py:188} INFO - [2026-07-01T03:11:34.756+0000] {dag.py:3096} INFO - Sync 1 DAGs
[2026-07-01T03:11:34.781+0000] {logging_mixin.py:188} INFO - [2026-07-01T03:11:34.781+0000] {dag.py:3954} INFO - Setting next_dagrun for dag_shipment_sim to 2026-07-01 03:00:00+00:00, run_after=2026-07-01 04:00:00+00:00
[2026-07-01T03:11:34.795+0000] {processor.py:183} INFO - Processing /opt/airflow/dags/dag_shipment_sim.py took 0.103 seconds
[2026-07-01T03:12:05.642+0000] {processor.py:161} INFO - Started process (PID=382) to work on /opt/airflow/dags/dag_shipment_sim.py
[2026-07-01T03:12:05.643+0000] {processor.py:830} INFO - Processing file /opt/airflow/dags/dag_shipment_sim.py for tasks to queue
[2026-07-01T03:12:05.644+0000] {logging_mixin.py:188} INFO - [2026-07-01T03:12:05.643+0000] {dagbag.py:545} INFO - Filling up the DagBag from /opt/airflow/dags/dag_shipment_sim.py
[2026-07-01T03:12:05.659+0000] {processor.py:840} INFO - DAG(s) 'dag_shipment_sim' retrieved from /opt/airflow/dags/dag_shipment_sim.py
[2026-07-01T03:12:05.682+0000] {logging_mixin.py:188} INFO - [2026-07-01T03:12:05.682+0000] {dag.py:3096} INFO - Sync 1 DAGs
[2026-07-01T03:12:05.706+0000] {logging_mixin.py:188} INFO - [2026-07-01T03:12:05.705+0000] {dag.py:3954} INFO - Setting next_dagrun for dag_shipment_sim to 2026-07-01 03:00:00+00:00, run_after=2026-07-01 04:00:00+00:00
[2026-07-01T03:12:05.718+0000] {processor.py:183} INFO - Processing /opt/airflow/dags/dag_shipment_sim.py took 0.086 seconds
[2026-07-01T03:12:36.756+0000] {processor.py:161} INFO - Started process (PID=415) to work on /opt/airflow/dags/dag_shipment_sim.py
[2026-07-01T03:12:36.767+0000] {processor.py:830} INFO - Processing file /opt/airflow/dags/dag_shipment_sim.py for tasks to queue
[2026-07-01T03:12:36.890+0000] {logging_mixin.py:188} INFO - [2026-07-01T03:12:36.888+0000] {dagbag.py:545} INFO - Filling up the DagBag from /opt/airflow/dags/dag_shipment_sim.py
[2026-07-01T03:12:36.932+0000] {logging_mixin.py:188} INFO - [2026-07-01T03:12:36.928+0000] {dagbag.py:355} ERROR - Failed to import: /opt/airflow/dags/dag_shipment_sim.py
Traceback (most recent call last):
  File "/home/airflow/.local/lib/python3.12/site-packages/airflow/models/dagbag.py", line 351, in parse
    loader.exec_module(new_module)
  File "<frozen importlib._bootstrap_external>", line 995, in exec_module
  File "<frozen importlib._bootstrap>", line 488, in _call_with_frames_removed
  File "/opt/airflow/dags/dag_shipment_sim.py", line 5, in <module>
    from pipeline_datasets import postgres_dataset
ImportError: cannot import name 'postgres_dataset' from 'pipeline_datasets' (/opt/airflow/dags/pipeline_datasets.py)
[2026-07-01T03:12:36.933+0000] {processor.py:842} WARNING - No viable dags retrieved from /opt/airflow/dags/dag_shipment_sim.py
[2026-07-01T03:12:36.970+0000] {processor.py:183} INFO - Processing /opt/airflow/dags/dag_shipment_sim.py took 0.232 seconds
[2026-07-01T03:13:07.854+0000] {processor.py:161} INFO - Started process (PID=448) to work on /opt/airflow/dags/dag_shipment_sim.py
[2026-07-01T03:13:07.855+0000] {processor.py:830} INFO - Processing file /opt/airflow/dags/dag_shipment_sim.py for tasks to queue
[2026-07-01T03:13:07.857+0000] {logging_mixin.py:188} INFO - [2026-07-01T03:13:07.856+0000] {dagbag.py:545} INFO - Filling up the DagBag from /opt/airflow/dags/dag_shipment_sim.py
[2026-07-01T03:13:07.864+0000] {logging_mixin.py:188} INFO - [2026-07-01T03:13:07.863+0000] {dagbag.py:355} ERROR - Failed to import: /opt/airflow/dags/dag_shipment_sim.py
Traceback (most recent call last):
  File "/home/airflow/.local/lib/python3.12/site-packages/airflow/models/dagbag.py", line 351, in parse
    loader.exec_module(new_module)
  File "<frozen importlib._bootstrap_external>", line 995, in exec_module
  File "<frozen importlib._bootstrap>", line 488, in _call_with_frames_removed
  File "/opt/airflow/dags/dag_shipment_sim.py", line 5, in <module>
    from pipeline_datasets import postgres_dataset
ImportError: cannot import name 'postgres_dataset' from 'pipeline_datasets' (/opt/airflow/dags/pipeline_datasets.py)
[2026-07-01T03:13:07.864+0000] {processor.py:842} WARNING - No viable dags retrieved from /opt/airflow/dags/dag_shipment_sim.py
[2026-07-01T03:13:07.886+0000] {processor.py:183} INFO - Processing /opt/airflow/dags/dag_shipment_sim.py took 0.040 seconds
[2026-07-01T03:13:38.286+0000] {processor.py:161} INFO - Started process (PID=487) to work on /opt/airflow/dags/dag_shipment_sim.py
[2026-07-01T03:13:38.287+0000] {processor.py:830} INFO - Processing file /opt/airflow/dags/dag_shipment_sim.py for tasks to queue
[2026-07-01T03:13:38.289+0000] {logging_mixin.py:188} INFO - [2026-07-01T03:13:38.288+0000] {dagbag.py:545} INFO - Filling up the DagBag from /opt/airflow/dags/dag_shipment_sim.py
[2026-07-01T03:13:38.296+0000] {logging_mixin.py:188} INFO - [2026-07-01T03:13:38.294+0000] {dagbag.py:355} ERROR - Failed to import: /opt/airflow/dags/dag_shipment_sim.py
Traceback (most recent call last):
  File "/home/airflow/.local/lib/python3.12/site-packages/airflow/models/dagbag.py", line 351, in parse
    loader.exec_module(new_module)
  File "<frozen importlib._bootstrap_external>", line 995, in exec_module
  File "<frozen importlib._bootstrap>", line 488, in _call_with_frames_removed
  File "/opt/airflow/dags/dag_shipment_sim.py", line 5, in <module>
    from pipeline_datasets import postgres_dataset
ImportError: cannot import name 'postgres_dataset' from 'pipeline_datasets' (/opt/airflow/dags/pipeline_datasets.py)
[2026-07-01T03:13:38.296+0000] {processor.py:842} WARNING - No viable dags retrieved from /opt/airflow/dags/dag_shipment_sim.py
[2026-07-01T03:13:38.322+0000] {processor.py:183} INFO - Processing /opt/airflow/dags/dag_shipment_sim.py took 0.043 seconds
[2026-07-01T03:14:08.581+0000] {processor.py:161} INFO - Started process (PID=520) to work on /opt/airflow/dags/dag_shipment_sim.py
[2026-07-01T03:14:08.583+0000] {processor.py:830} INFO - Processing file /opt/airflow/dags/dag_shipment_sim.py for tasks to queue
[2026-07-01T03:14:08.584+0000] {logging_mixin.py:188} INFO - [2026-07-01T03:14:08.584+0000] {dagbag.py:545} INFO - Filling up the DagBag from /opt/airflow/dags/dag_shipment_sim.py
[2026-07-01T03:14:08.594+0000] {logging_mixin.py:188} INFO - [2026-07-01T03:14:08.592+0000] {dagbag.py:355} ERROR - Failed to import: /opt/airflow/dags/dag_shipment_sim.py
Traceback (most recent call last):
  File "/home/airflow/.local/lib/python3.12/site-packages/airflow/models/dagbag.py", line 351, in parse
    loader.exec_module(new_module)
  File "<frozen importlib._bootstrap_external>", line 995, in exec_module
  File "<frozen importlib._bootstrap>", line 488, in _call_with_frames_removed
  File "/opt/airflow/dags/dag_shipment_sim.py", line 5, in <module>
    from pipeline_datasets import postgres_dataset
ImportError: cannot import name 'postgres_dataset' from 'pipeline_datasets' (/opt/airflow/dags/pipeline_datasets.py)
[2026-07-01T03:14:08.594+0000] {processor.py:842} WARNING - No viable dags retrieved from /opt/airflow/dags/dag_shipment_sim.py
[2026-07-01T03:14:08.619+0000] {processor.py:183} INFO - Processing /opt/airflow/dags/dag_shipment_sim.py took 0.049 seconds
[2026-07-01T03:14:38.858+0000] {processor.py:161} INFO - Started process (PID=553) to work on /opt/airflow/dags/dag_shipment_sim.py
[2026-07-01T03:14:38.860+0000] {processor.py:830} INFO - Processing file /opt/airflow/dags/dag_shipment_sim.py for tasks to queue
[2026-07-01T03:14:38.861+0000] {logging_mixin.py:188} INFO - [2026-07-01T03:14:38.861+0000] {dagbag.py:545} INFO - Filling up the DagBag from /opt/airflow/dags/dag_shipment_sim.py
[2026-07-01T03:14:38.872+0000] {logging_mixin.py:188} INFO - [2026-07-01T03:14:38.870+0000] {dagbag.py:355} ERROR - Failed to import: /opt/airflow/dags/dag_shipment_sim.py
Traceback (most recent call last):
  File "/home/airflow/.local/lib/python3.12/site-packages/airflow/models/dagbag.py", line 351, in parse
    loader.exec_module(new_module)
  File "<frozen importlib._bootstrap_external>", line 995, in exec_module
  File "<frozen importlib._bootstrap>", line 488, in _call_with_frames_removed
  File "/opt/airflow/dags/dag_shipment_sim.py", line 5, in <module>
    from pipeline_datasets import postgres_dataset
ImportError: cannot import name 'postgres_dataset' from 'pipeline_datasets' (/opt/airflow/dags/pipeline_datasets.py)
[2026-07-01T03:14:38.873+0000] {processor.py:842} WARNING - No viable dags retrieved from /opt/airflow/dags/dag_shipment_sim.py
[2026-07-01T03:14:38.906+0000] {processor.py:183} INFO - Processing /opt/airflow/dags/dag_shipment_sim.py took 0.064 seconds
[2026-07-01T03:15:09.179+0000] {processor.py:161} INFO - Started process (PID=586) to work on /opt/airflow/dags/dag_shipment_sim.py
[2026-07-01T03:15:09.180+0000] {processor.py:830} INFO - Processing file /opt/airflow/dags/dag_shipment_sim.py for tasks to queue
[2026-07-01T03:15:09.182+0000] {logging_mixin.py:188} INFO - [2026-07-01T03:15:09.181+0000] {dagbag.py:545} INFO - Filling up the DagBag from /opt/airflow/dags/dag_shipment_sim.py
[2026-07-01T03:15:09.191+0000] {logging_mixin.py:188} INFO - [2026-07-01T03:15:09.189+0000] {dagbag.py:355} ERROR - Failed to import: /opt/airflow/dags/dag_shipment_sim.py
Traceback (most recent call last):
  File "/home/airflow/.local/lib/python3.12/site-packages/airflow/models/dagbag.py", line 351, in parse
    loader.exec_module(new_module)
  File "<frozen importlib._bootstrap_external>", line 995, in exec_module
  File "<frozen importlib._bootstrap>", line 488, in _call_with_frames_removed
  File "/opt/airflow/dags/dag_shipment_sim.py", line 5, in <module>
    from pipeline_datasets import postgres_dataset
ImportError: cannot import name 'postgres_dataset' from 'pipeline_datasets' (/opt/airflow/dags/pipeline_datasets.py)
[2026-07-01T03:15:09.191+0000] {processor.py:842} WARNING - No viable dags retrieved from /opt/airflow/dags/dag_shipment_sim.py
[2026-07-01T03:15:09.211+0000] {processor.py:183} INFO - Processing /opt/airflow/dags/dag_shipment_sim.py took 0.043 seconds
[2026-07-01T03:15:39.245+0000] {processor.py:161} INFO - Started process (PID=624) to work on /opt/airflow/dags/dag_shipment_sim.py
[2026-07-01T03:15:39.258+0000] {processor.py:830} INFO - Processing file /opt/airflow/dags/dag_shipment_sim.py for tasks to queue
[2026-07-01T03:15:39.259+0000] {logging_mixin.py:188} INFO - [2026-07-01T03:15:39.259+0000] {dagbag.py:545} INFO - Filling up the DagBag from /opt/airflow/dags/dag_shipment_sim.py
[2026-07-01T03:15:39.265+0000] {logging_mixin.py:188} INFO - [2026-07-01T03:15:39.264+0000] {dagbag.py:355} ERROR - Failed to import: /opt/airflow/dags/dag_shipment_sim.py
Traceback (most recent call last):
  File "/home/airflow/.local/lib/python3.12/site-packages/airflow/models/dagbag.py", line 351, in parse
    loader.exec_module(new_module)
  File "<frozen importlib._bootstrap_external>", line 995, in exec_module
  File "<frozen importlib._bootstrap>", line 488, in _call_with_frames_removed
  File "/opt/airflow/dags/dag_shipment_sim.py", line 5, in <module>
    from pipeline_datasets import postgres_dataset
ImportError: cannot import name 'postgres_dataset' from 'pipeline_datasets' (/opt/airflow/dags/pipeline_datasets.py)
[2026-07-01T03:15:39.266+0000] {processor.py:842} WARNING - No viable dags retrieved from /opt/airflow/dags/dag_shipment_sim.py
[2026-07-01T03:15:39.291+0000] {processor.py:183} INFO - Processing /opt/airflow/dags/dag_shipment_sim.py took 0.054 seconds
[2026-07-01T03:16:09.374+0000] {processor.py:161} INFO - Started process (PID=686) to work on /opt/airflow/dags/dag_shipment_sim.py
[2026-07-01T03:16:09.376+0000] {processor.py:830} INFO - Processing file /opt/airflow/dags/dag_shipment_sim.py for tasks to queue
[2026-07-01T03:16:09.377+0000] {logging_mixin.py:188} INFO - [2026-07-01T03:16:09.377+0000] {dagbag.py:545} INFO - Filling up the DagBag from /opt/airflow/dags/dag_shipment_sim.py
[2026-07-01T03:16:09.386+0000] {logging_mixin.py:188} INFO - [2026-07-01T03:16:09.383+0000] {dagbag.py:355} ERROR - Failed to import: /opt/airflow/dags/dag_shipment_sim.py
Traceback (most recent call last):
  File "/home/airflow/.local/lib/python3.12/site-packages/airflow/models/dagbag.py", line 351, in parse
    loader.exec_module(new_module)
  File "<frozen importlib._bootstrap_external>", line 995, in exec_module
  File "<frozen importlib._bootstrap>", line 488, in _call_with_frames_removed
  File "/opt/airflow/dags/dag_shipment_sim.py", line 5, in <module>
    from pipeline_datasets import postgres_dataset
ImportError: cannot import name 'postgres_dataset' from 'pipeline_datasets' (/opt/airflow/dags/pipeline_datasets.py)
[2026-07-01T03:16:09.387+0000] {processor.py:842} WARNING - No viable dags retrieved from /opt/airflow/dags/dag_shipment_sim.py
[2026-07-01T03:16:09.416+0000] {processor.py:183} INFO - Processing /opt/airflow/dags/dag_shipment_sim.py took 0.052 seconds
[2026-07-01T03:16:39.519+0000] {processor.py:161} INFO - Started process (PID=724) to work on /opt/airflow/dags/dag_shipment_sim.py
[2026-07-01T03:16:39.520+0000] {processor.py:830} INFO - Processing file /opt/airflow/dags/dag_shipment_sim.py for tasks to queue
[2026-07-01T03:16:39.521+0000] {logging_mixin.py:188} INFO - [2026-07-01T03:16:39.521+0000] {dagbag.py:545} INFO - Filling up the DagBag from /opt/airflow/dags/dag_shipment_sim.py
[2026-07-01T03:16:39.528+0000] {logging_mixin.py:188} INFO - [2026-07-01T03:16:39.527+0000] {dagbag.py:355} ERROR - Failed to import: /opt/airflow/dags/dag_shipment_sim.py
Traceback (most recent call last):
  File "/home/airflow/.local/lib/python3.12/site-packages/airflow/models/dagbag.py", line 351, in parse
    loader.exec_module(new_module)
  File "<frozen importlib._bootstrap_external>", line 995, in exec_module
  File "<frozen importlib._bootstrap>", line 488, in _call_with_frames_removed
  File "/opt/airflow/dags/dag_shipment_sim.py", line 5, in <module>
    from pipeline_datasets import postgres_dataset
ImportError: cannot import name 'postgres_dataset' from 'pipeline_datasets' (/opt/airflow/dags/pipeline_datasets.py)
[2026-07-01T03:16:39.529+0000] {processor.py:842} WARNING - No viable dags retrieved from /opt/airflow/dags/dag_shipment_sim.py
[2026-07-01T03:16:39.551+0000] {processor.py:183} INFO - Processing /opt/airflow/dags/dag_shipment_sim.py took 0.039 seconds
[2026-07-01T03:17:10.317+0000] {processor.py:161} INFO - Started process (PID=767) to work on /opt/airflow/dags/dag_shipment_sim.py
[2026-07-01T03:17:10.335+0000] {processor.py:830} INFO - Processing file /opt/airflow/dags/dag_shipment_sim.py for tasks to queue
[2026-07-01T03:17:10.340+0000] {logging_mixin.py:188} INFO - [2026-07-01T03:17:10.337+0000] {dagbag.py:545} INFO - Filling up the DagBag from /opt/airflow/dags/dag_shipment_sim.py
[2026-07-01T03:17:10.360+0000] {logging_mixin.py:188} INFO - [2026-07-01T03:17:10.354+0000] {dagbag.py:355} ERROR - Failed to import: /opt/airflow/dags/dag_shipment_sim.py
Traceback (most recent call last):
  File "/home/airflow/.local/lib/python3.12/site-packages/airflow/models/dagbag.py", line 351, in parse
    loader.exec_module(new_module)
  File "<frozen importlib._bootstrap_external>", line 995, in exec_module
  File "<frozen importlib._bootstrap>", line 488, in _call_with_frames_removed
  File "/opt/airflow/dags/dag_shipment_sim.py", line 5, in <module>
    from pipeline_datasets import postgres_dataset
ImportError: cannot import name 'postgres_dataset' from 'pipeline_datasets' (/opt/airflow/dags/pipeline_datasets.py)
[2026-07-01T03:17:10.362+0000] {processor.py:842} WARNING - No viable dags retrieved from /opt/airflow/dags/dag_shipment_sim.py
[2026-07-01T03:17:10.403+0000] {processor.py:183} INFO - Processing /opt/airflow/dags/dag_shipment_sim.py took 0.175 seconds
[2026-07-01T03:17:40.596+0000] {processor.py:161} INFO - Started process (PID=805) to work on /opt/airflow/dags/dag_shipment_sim.py
[2026-07-01T03:17:40.598+0000] {processor.py:830} INFO - Processing file /opt/airflow/dags/dag_shipment_sim.py for tasks to queue
[2026-07-01T03:17:40.598+0000] {logging_mixin.py:188} INFO - [2026-07-01T03:17:40.598+0000] {dagbag.py:545} INFO - Filling up the DagBag from /opt/airflow/dags/dag_shipment_sim.py
[2026-07-01T03:17:40.605+0000] {logging_mixin.py:188} INFO - [2026-07-01T03:17:40.603+0000] {dagbag.py:355} ERROR - Failed to import: /opt/airflow/dags/dag_shipment_sim.py
Traceback (most recent call last):
  File "/home/airflow/.local/lib/python3.12/site-packages/airflow/models/dagbag.py", line 351, in parse
    loader.exec_module(new_module)
  File "<frozen importlib._bootstrap_external>", line 995, in exec_module
  File "<frozen importlib._bootstrap>", line 488, in _call_with_frames_removed
  File "/opt/airflow/dags/dag_shipment_sim.py", line 5, in <module>
    from pipeline_datasets import postgres_dataset
ImportError: cannot import name 'postgres_dataset' from 'pipeline_datasets' (/opt/airflow/dags/pipeline_datasets.py)
[2026-07-01T03:17:40.605+0000] {processor.py:842} WARNING - No viable dags retrieved from /opt/airflow/dags/dag_shipment_sim.py
[2026-07-01T03:17:40.624+0000] {processor.py:183} INFO - Processing /opt/airflow/dags/dag_shipment_sim.py took 0.035 seconds
[2026-07-01T03:18:11.031+0000] {processor.py:161} INFO - Started process (PID=843) to work on /opt/airflow/dags/dag_shipment_sim.py
[2026-07-01T03:18:11.032+0000] {processor.py:830} INFO - Processing file /opt/airflow/dags/dag_shipment_sim.py for tasks to queue
[2026-07-01T03:18:11.033+0000] {logging_mixin.py:188} INFO - [2026-07-01T03:18:11.032+0000] {dagbag.py:545} INFO - Filling up the DagBag from /opt/airflow/dags/dag_shipment_sim.py
[2026-07-01T03:18:11.038+0000] {logging_mixin.py:188} INFO - [2026-07-01T03:18:11.037+0000] {dagbag.py:355} ERROR - Failed to import: /opt/airflow/dags/dag_shipment_sim.py
Traceback (most recent call last):
  File "/home/airflow/.local/lib/python3.12/site-packages/airflow/models/dagbag.py", line 351, in parse
    loader.exec_module(new_module)
  File "<frozen importlib._bootstrap_external>", line 995, in exec_module
  File "<frozen importlib._bootstrap>", line 488, in _call_with_frames_removed
  File "/opt/airflow/dags/dag_shipment_sim.py", line 5, in <module>
    from pipeline_datasets import postgres_dataset
ImportError: cannot import name 'postgres_dataset' from 'pipeline_datasets' (/opt/airflow/dags/pipeline_datasets.py)
[2026-07-01T03:18:11.039+0000] {processor.py:842} WARNING - No viable dags retrieved from /opt/airflow/dags/dag_shipment_sim.py
[2026-07-01T03:18:11.050+0000] {processor.py:183} INFO - Processing /opt/airflow/dags/dag_shipment_sim.py took 0.025 seconds
[2026-07-01T03:18:41.613+0000] {processor.py:161} INFO - Started process (PID=881) to work on /opt/airflow/dags/dag_shipment_sim.py
[2026-07-01T03:18:41.615+0000] {processor.py:830} INFO - Processing file /opt/airflow/dags/dag_shipment_sim.py for tasks to queue
[2026-07-01T03:18:41.619+0000] {logging_mixin.py:188} INFO - [2026-07-01T03:18:41.617+0000] {dagbag.py:545} INFO - Filling up the DagBag from /opt/airflow/dags/dag_shipment_sim.py
[2026-07-01T03:18:41.629+0000] {logging_mixin.py:188} INFO - [2026-07-01T03:18:41.628+0000] {dagbag.py:355} ERROR - Failed to import: /opt/airflow/dags/dag_shipment_sim.py
Traceback (most recent call last):
  File "/home/airflow/.local/lib/python3.12/site-packages/airflow/models/dagbag.py", line 351, in parse
    loader.exec_module(new_module)
  File "<frozen importlib._bootstrap_external>", line 995, in exec_module
  File "<frozen importlib._bootstrap>", line 488, in _call_with_frames_removed
  File "/opt/airflow/dags/dag_shipment_sim.py", line 5, in <module>
    from pipeline_datasets import postgres_dataset
ImportError: cannot import name 'postgres_dataset' from 'pipeline_datasets' (/opt/airflow/dags/pipeline_datasets.py)
[2026-07-01T03:18:41.630+0000] {processor.py:842} WARNING - No viable dags retrieved from /opt/airflow/dags/dag_shipment_sim.py
[2026-07-01T03:18:41.656+0000] {processor.py:183} INFO - Processing /opt/airflow/dags/dag_shipment_sim.py took 0.053 seconds
[2026-07-01T03:19:12.058+0000] {processor.py:161} INFO - Started process (PID=919) to work on /opt/airflow/dags/dag_shipment_sim.py
[2026-07-01T03:19:12.059+0000] {processor.py:830} INFO - Processing file /opt/airflow/dags/dag_shipment_sim.py for tasks to queue
[2026-07-01T03:19:12.060+0000] {logging_mixin.py:188} INFO - [2026-07-01T03:19:12.059+0000] {dagbag.py:545} INFO - Filling up the DagBag from /opt/airflow/dags/dag_shipment_sim.py
[2026-07-01T03:19:12.066+0000] {logging_mixin.py:188} INFO - [2026-07-01T03:19:12.065+0000] {dagbag.py:355} ERROR - Failed to import: /opt/airflow/dags/dag_shipment_sim.py
Traceback (most recent call last):
  File "/home/airflow/.local/lib/python3.12/site-packages/airflow/models/dagbag.py", line 351, in parse
    loader.exec_module(new_module)
  File "<frozen importlib._bootstrap_external>", line 995, in exec_module
  File "<frozen importlib._bootstrap>", line 488, in _call_with_frames_removed
  File "/opt/airflow/dags/dag_shipment_sim.py", line 5, in <module>
    from pipeline_datasets import postgres_dataset
ImportError: cannot import name 'postgres_dataset' from 'pipeline_datasets' (/opt/airflow/dags/pipeline_datasets.py)
[2026-07-01T03:19:12.067+0000] {processor.py:842} WARNING - No viable dags retrieved from /opt/airflow/dags/dag_shipment_sim.py
[2026-07-01T03:19:12.078+0000] {processor.py:183} INFO - Processing /opt/airflow/dags/dag_shipment_sim.py took 0.028 seconds
[2026-07-01T03:19:42.879+0000] {processor.py:161} INFO - Started process (PID=957) to work on /opt/airflow/dags/dag_shipment_sim.py
[2026-07-01T03:19:42.881+0000] {processor.py:830} INFO - Processing file /opt/airflow/dags/dag_shipment_sim.py for tasks to queue
[2026-07-01T03:19:42.882+0000] {logging_mixin.py:188} INFO - [2026-07-01T03:19:42.881+0000] {dagbag.py:545} INFO - Filling up the DagBag from /opt/airflow/dags/dag_shipment_sim.py
[2026-07-01T03:19:42.887+0000] {logging_mixin.py:188} INFO - [2026-07-01T03:19:42.886+0000] {dagbag.py:355} ERROR - Failed to import: /opt/airflow/dags/dag_shipment_sim.py
Traceback (most recent call last):
  File "/home/airflow/.local/lib/python3.12/site-packages/airflow/models/dagbag.py", line 351, in parse
    loader.exec_module(new_module)
  File "<frozen importlib._bootstrap_external>", line 995, in exec_module
  File "<frozen importlib._bootstrap>", line 488, in _call_with_frames_removed
  File "/opt/airflow/dags/dag_shipment_sim.py", line 5, in <module>
    from pipeline_datasets import postgres_dataset
ImportError: cannot import name 'postgres_dataset' from 'pipeline_datasets' (/opt/airflow/dags/pipeline_datasets.py)
[2026-07-01T03:19:42.888+0000] {processor.py:842} WARNING - No viable dags retrieved from /opt/airflow/dags/dag_shipment_sim.py
[2026-07-01T03:19:42.900+0000] {processor.py:183} INFO - Processing /opt/airflow/dags/dag_shipment_sim.py took 0.026 seconds
[2026-07-01T03:20:13.314+0000] {processor.py:161} INFO - Started process (PID=995) to work on /opt/airflow/dags/dag_shipment_sim.py
[2026-07-01T03:20:13.316+0000] {processor.py:830} INFO - Processing file /opt/airflow/dags/dag_shipment_sim.py for tasks to queue
[2026-07-01T03:20:13.317+0000] {logging_mixin.py:188} INFO - [2026-07-01T03:20:13.317+0000] {dagbag.py:545} INFO - Filling up the DagBag from /opt/airflow/dags/dag_shipment_sim.py
[2026-07-01T03:20:13.322+0000] {logging_mixin.py:188} INFO - [2026-07-01T03:20:13.321+0000] {dagbag.py:355} ERROR - Failed to import: /opt/airflow/dags/dag_shipment_sim.py
Traceback (most recent call last):
  File "/home/airflow/.local/lib/python3.12/site-packages/airflow/models/dagbag.py", line 351, in parse
    loader.exec_module(new_module)
  File "<frozen importlib._bootstrap_external>", line 995, in exec_module
  File "<frozen importlib._bootstrap>", line 488, in _call_with_frames_removed
  File "/opt/airflow/dags/dag_shipment_sim.py", line 5, in <module>
    from pipeline_datasets import postgres_dataset
ImportError: cannot import name 'postgres_dataset' from 'pipeline_datasets' (/opt/airflow/dags/pipeline_datasets.py)
[2026-07-01T03:20:13.323+0000] {processor.py:842} WARNING - No viable dags retrieved from /opt/airflow/dags/dag_shipment_sim.py
[2026-07-01T03:20:13.335+0000] {processor.py:183} INFO - Processing /opt/airflow/dags/dag_shipment_sim.py took 0.035 seconds
[2026-07-01T03:20:43.412+0000] {processor.py:161} INFO - Started process (PID=1038) to work on /opt/airflow/dags/dag_shipment_sim.py
[2026-07-01T03:20:43.414+0000] {processor.py:830} INFO - Processing file /opt/airflow/dags/dag_shipment_sim.py for tasks to queue
[2026-07-01T03:20:43.415+0000] {logging_mixin.py:188} INFO - [2026-07-01T03:20:43.415+0000] {dagbag.py:545} INFO - Filling up the DagBag from /opt/airflow/dags/dag_shipment_sim.py
[2026-07-01T03:20:43.429+0000] {logging_mixin.py:188} INFO - [2026-07-01T03:20:43.427+0000] {dagbag.py:355} ERROR - Failed to import: /opt/airflow/dags/dag_shipment_sim.py
Traceback (most recent call last):
  File "/home/airflow/.local/lib/python3.12/site-packages/airflow/models/dagbag.py", line 351, in parse
    loader.exec_module(new_module)
  File "<frozen importlib._bootstrap_external>", line 995, in exec_module
  File "<frozen importlib._bootstrap>", line 488, in _call_with_frames_removed
  File "/opt/airflow/dags/dag_shipment_sim.py", line 5, in <module>
    from pipeline_datasets import postgres_dataset
ImportError: cannot import name 'postgres_dataset' from 'pipeline_datasets' (/opt/airflow/dags/pipeline_datasets.py)
[2026-07-01T03:20:43.429+0000] {processor.py:842} WARNING - No viable dags retrieved from /opt/airflow/dags/dag_shipment_sim.py
[2026-07-01T03:20:43.452+0000] {processor.py:183} INFO - Processing /opt/airflow/dags/dag_shipment_sim.py took 0.046 seconds
[2026-07-01T03:21:13.858+0000] {processor.py:161} INFO - Started process (PID=1081) to work on /opt/airflow/dags/dag_shipment_sim.py
[2026-07-01T03:21:13.860+0000] {processor.py:830} INFO - Processing file /opt/airflow/dags/dag_shipment_sim.py for tasks to queue
[2026-07-01T03:21:13.860+0000] {logging_mixin.py:188} INFO - [2026-07-01T03:21:13.860+0000] {dagbag.py:545} INFO - Filling up the DagBag from /opt/airflow/dags/dag_shipment_sim.py
[2026-07-01T03:21:13.868+0000] {logging_mixin.py:188} INFO - [2026-07-01T03:21:13.866+0000] {dagbag.py:355} ERROR - Failed to import: /opt/airflow/dags/dag_shipment_sim.py
Traceback (most recent call last):
  File "/home/airflow/.local/lib/python3.12/site-packages/airflow/models/dagbag.py", line 351, in parse
    loader.exec_module(new_module)
  File "<frozen importlib._bootstrap_external>", line 995, in exec_module
  File "<frozen importlib._bootstrap>", line 488, in _call_with_frames_removed
  File "/opt/airflow/dags/dag_shipment_sim.py", line 5, in <module>
    from pipeline_datasets import postgres_dataset
ImportError: cannot import name 'postgres_dataset' from 'pipeline_datasets' (/opt/airflow/dags/pipeline_datasets.py)
[2026-07-01T03:21:13.869+0000] {processor.py:842} WARNING - No viable dags retrieved from /opt/airflow/dags/dag_shipment_sim.py
[2026-07-01T03:21:13.879+0000] {processor.py:183} INFO - Processing /opt/airflow/dags/dag_shipment_sim.py took 0.029 seconds
[2026-07-01T03:21:44.581+0000] {processor.py:161} INFO - Started process (PID=1130) to work on /opt/airflow/dags/dag_shipment_sim.py
[2026-07-01T03:21:44.583+0000] {processor.py:830} INFO - Processing file /opt/airflow/dags/dag_shipment_sim.py for tasks to queue
[2026-07-01T03:21:44.584+0000] {logging_mixin.py:188} INFO - [2026-07-01T03:21:44.583+0000] {dagbag.py:545} INFO - Filling up the DagBag from /opt/airflow/dags/dag_shipment_sim.py
[2026-07-01T03:21:44.589+0000] {logging_mixin.py:188} INFO - [2026-07-01T03:21:44.588+0000] {dagbag.py:355} ERROR - Failed to import: /opt/airflow/dags/dag_shipment_sim.py
Traceback (most recent call last):
  File "/home/airflow/.local/lib/python3.12/site-packages/airflow/models/dagbag.py", line 351, in parse
    loader.exec_module(new_module)
  File "<frozen importlib._bootstrap_external>", line 995, in exec_module
  File "<frozen importlib._bootstrap>", line 488, in _call_with_frames_removed
  File "/opt/airflow/dags/dag_shipment_sim.py", line 5, in <module>
    from pipeline_datasets import postgres_dataset
ImportError: cannot import name 'postgres_dataset' from 'pipeline_datasets' (/opt/airflow/dags/pipeline_datasets.py)
[2026-07-01T03:21:44.590+0000] {processor.py:842} WARNING - No viable dags retrieved from /opt/airflow/dags/dag_shipment_sim.py
[2026-07-01T03:21:44.604+0000] {processor.py:183} INFO - Processing /opt/airflow/dags/dag_shipment_sim.py took 0.029 seconds
[2026-07-01T03:22:15.086+0000] {processor.py:161} INFO - Started process (PID=1173) to work on /opt/airflow/dags/dag_shipment_sim.py
[2026-07-01T03:22:15.087+0000] {processor.py:830} INFO - Processing file /opt/airflow/dags/dag_shipment_sim.py for tasks to queue
[2026-07-01T03:22:15.088+0000] {logging_mixin.py:188} INFO - [2026-07-01T03:22:15.087+0000] {dagbag.py:545} INFO - Filling up the DagBag from /opt/airflow/dags/dag_shipment_sim.py
[2026-07-01T03:22:15.092+0000] {logging_mixin.py:188} INFO - [2026-07-01T03:22:15.091+0000] {dagbag.py:355} ERROR - Failed to import: /opt/airflow/dags/dag_shipment_sim.py
Traceback (most recent call last):
  File "/home/airflow/.local/lib/python3.12/site-packages/airflow/models/dagbag.py", line 351, in parse
    loader.exec_module(new_module)
  File "<frozen importlib._bootstrap_external>", line 995, in exec_module
  File "<frozen importlib._bootstrap>", line 488, in _call_with_frames_removed
  File "/opt/airflow/dags/dag_shipment_sim.py", line 5, in <module>
    from pipeline_datasets import postgres_dataset
ImportError: cannot import name 'postgres_dataset' from 'pipeline_datasets' (/opt/airflow/dags/pipeline_datasets.py)
[2026-07-01T03:22:15.092+0000] {processor.py:842} WARNING - No viable dags retrieved from /opt/airflow/dags/dag_shipment_sim.py
[2026-07-01T03:22:15.102+0000] {processor.py:183} INFO - Processing /opt/airflow/dags/dag_shipment_sim.py took 0.020 seconds
[2026-07-01T03:22:45.646+0000] {processor.py:161} INFO - Started process (PID=1216) to work on /opt/airflow/dags/dag_shipment_sim.py
[2026-07-01T03:22:45.647+0000] {processor.py:830} INFO - Processing file /opt/airflow/dags/dag_shipment_sim.py for tasks to queue
[2026-07-01T03:22:45.648+0000] {logging_mixin.py:188} INFO - [2026-07-01T03:22:45.648+0000] {dagbag.py:545} INFO - Filling up the DagBag from /opt/airflow/dags/dag_shipment_sim.py
[2026-07-01T03:22:45.653+0000] {logging_mixin.py:188} INFO - [2026-07-01T03:22:45.652+0000] {dagbag.py:355} ERROR - Failed to import: /opt/airflow/dags/dag_shipment_sim.py
Traceback (most recent call last):
  File "/home/airflow/.local/lib/python3.12/site-packages/airflow/models/dagbag.py", line 351, in parse
    loader.exec_module(new_module)
  File "<frozen importlib._bootstrap_external>", line 995, in exec_module
  File "<frozen importlib._bootstrap>", line 488, in _call_with_frames_removed
  File "/opt/airflow/dags/dag_shipment_sim.py", line 5, in <module>
    from pipeline_datasets import postgres_dataset
ImportError: cannot import name 'postgres_dataset' from 'pipeline_datasets' (/opt/airflow/dags/pipeline_datasets.py)
[2026-07-01T03:22:45.654+0000] {processor.py:842} WARNING - No viable dags retrieved from /opt/airflow/dags/dag_shipment_sim.py
[2026-07-01T03:22:45.666+0000] {processor.py:183} INFO - Processing /opt/airflow/dags/dag_shipment_sim.py took 0.026 seconds
[2026-07-01T03:23:16.180+0000] {processor.py:161} INFO - Started process (PID=1259) to work on /opt/airflow/dags/dag_shipment_sim.py
[2026-07-01T03:23:16.182+0000] {processor.py:830} INFO - Processing file /opt/airflow/dags/dag_shipment_sim.py for tasks to queue
[2026-07-01T03:23:16.182+0000] {logging_mixin.py:188} INFO - [2026-07-01T03:23:16.182+0000] {dagbag.py:545} INFO - Filling up the DagBag from /opt/airflow/dags/dag_shipment_sim.py
[2026-07-01T03:23:16.189+0000] {logging_mixin.py:188} INFO - [2026-07-01T03:23:16.188+0000] {dagbag.py:355} ERROR - Failed to import: /opt/airflow/dags/dag_shipment_sim.py
Traceback (most recent call last):
  File "/home/airflow/.local/lib/python3.12/site-packages/airflow/models/dagbag.py", line 351, in parse
    loader.exec_module(new_module)
  File "<frozen importlib._bootstrap_external>", line 995, in exec_module
  File "<frozen importlib._bootstrap>", line 488, in _call_with_frames_removed
  File "/opt/airflow/dags/dag_shipment_sim.py", line 5, in <module>
    from pipeline_datasets import postgres_dataset
ImportError: cannot import name 'postgres_dataset' from 'pipeline_datasets' (/opt/airflow/dags/pipeline_datasets.py)
[2026-07-01T03:23:16.190+0000] {processor.py:842} WARNING - No viable dags retrieved from /opt/airflow/dags/dag_shipment_sim.py
[2026-07-01T03:23:16.203+0000] {processor.py:183} INFO - Processing /opt/airflow/dags/dag_shipment_sim.py took 0.029 seconds
[2026-07-01T03:23:46.462+0000] {processor.py:161} INFO - Started process (PID=1302) to work on /opt/airflow/dags/dag_shipment_sim.py
[2026-07-01T03:23:46.463+0000] {processor.py:830} INFO - Processing file /opt/airflow/dags/dag_shipment_sim.py for tasks to queue
[2026-07-01T03:23:46.464+0000] {logging_mixin.py:188} INFO - [2026-07-01T03:23:46.464+0000] {dagbag.py:545} INFO - Filling up the DagBag from /opt/airflow/dags/dag_shipment_sim.py
[2026-07-01T03:23:46.470+0000] {logging_mixin.py:188} INFO - [2026-07-01T03:23:46.469+0000] {dagbag.py:355} ERROR - Failed to import: /opt/airflow/dags/dag_shipment_sim.py
Traceback (most recent call last):
  File "/home/airflow/.local/lib/python3.12/site-packages/airflow/models/dagbag.py", line 351, in parse
    loader.exec_module(new_module)
  File "<frozen importlib._bootstrap_external>", line 995, in exec_module
  File "<frozen importlib._bootstrap>", line 488, in _call_with_frames_removed
  File "/opt/airflow/dags/dag_shipment_sim.py", line 5, in <module>
    from pipeline_datasets import postgres_dataset
ImportError: cannot import name 'postgres_dataset' from 'pipeline_datasets' (/opt/airflow/dags/pipeline_datasets.py)
[2026-07-01T03:23:46.471+0000] {processor.py:842} WARNING - No viable dags retrieved from /opt/airflow/dags/dag_shipment_sim.py
[2026-07-01T03:23:46.482+0000] {processor.py:183} INFO - Processing /opt/airflow/dags/dag_shipment_sim.py took 0.026 seconds
[2026-07-01T03:24:17.080+0000] {processor.py:161} INFO - Started process (PID=1345) to work on /opt/airflow/dags/dag_shipment_sim.py
[2026-07-01T03:24:17.081+0000] {processor.py:830} INFO - Processing file /opt/airflow/dags/dag_shipment_sim.py for tasks to queue
[2026-07-01T03:24:17.082+0000] {logging_mixin.py:188} INFO - [2026-07-01T03:24:17.082+0000] {dagbag.py:545} INFO - Filling up the DagBag from /opt/airflow/dags/dag_shipment_sim.py
[2026-07-01T03:24:17.088+0000] {logging_mixin.py:188} INFO - [2026-07-01T03:24:17.087+0000] {dagbag.py:355} ERROR - Failed to import: /opt/airflow/dags/dag_shipment_sim.py
Traceback (most recent call last):
  File "/home/airflow/.local/lib/python3.12/site-packages/airflow/models/dagbag.py", line 351, in parse
    loader.exec_module(new_module)
  File "<frozen importlib._bootstrap_external>", line 995, in exec_module
  File "<frozen importlib._bootstrap>", line 488, in _call_with_frames_removed
  File "/opt/airflow/dags/dag_shipment_sim.py", line 5, in <module>
    from pipeline_datasets import postgres_dataset
ImportError: cannot import name 'postgres_dataset' from 'pipeline_datasets' (/opt/airflow/dags/pipeline_datasets.py)
[2026-07-01T03:24:17.089+0000] {processor.py:842} WARNING - No viable dags retrieved from /opt/airflow/dags/dag_shipment_sim.py
[2026-07-01T03:24:17.099+0000] {processor.py:183} INFO - Processing /opt/airflow/dags/dag_shipment_sim.py took 0.023 seconds
[2026-07-01T03:24:47.688+0000] {processor.py:161} INFO - Started process (PID=1388) to work on /opt/airflow/dags/dag_shipment_sim.py
[2026-07-01T03:24:47.690+0000] {processor.py:830} INFO - Processing file /opt/airflow/dags/dag_shipment_sim.py for tasks to queue
[2026-07-01T03:24:47.691+0000] {logging_mixin.py:188} INFO - [2026-07-01T03:24:47.691+0000] {dagbag.py:545} INFO - Filling up the DagBag from /opt/airflow/dags/dag_shipment_sim.py
[2026-07-01T03:24:47.697+0000] {logging_mixin.py:188} INFO - [2026-07-01T03:24:47.696+0000] {dagbag.py:355} ERROR - Failed to import: /opt/airflow/dags/dag_shipment_sim.py
Traceback (most recent call last):
  File "/home/airflow/.local/lib/python3.12/site-packages/airflow/models/dagbag.py", line 351, in parse
    loader.exec_module(new_module)
  File "<frozen importlib._bootstrap_external>", line 995, in exec_module
  File "<frozen importlib._bootstrap>", line 488, in _call_with_frames_removed
  File "/opt/airflow/dags/dag_shipment_sim.py", line 5, in <module>
    from pipeline_datasets import postgres_dataset
ImportError: cannot import name 'postgres_dataset' from 'pipeline_datasets' (/opt/airflow/dags/pipeline_datasets.py)
[2026-07-01T03:24:47.698+0000] {processor.py:842} WARNING - No viable dags retrieved from /opt/airflow/dags/dag_shipment_sim.py
[2026-07-01T03:24:47.712+0000] {processor.py:183} INFO - Processing /opt/airflow/dags/dag_shipment_sim.py took 0.029 seconds
[2026-07-01T03:25:14.651+0000] {processor.py:161} INFO - Started process (PID=1420) to work on /opt/airflow/dags/dag_shipment_sim.py
[2026-07-01T03:25:14.652+0000] {processor.py:830} INFO - Processing file /opt/airflow/dags/dag_shipment_sim.py for tasks to queue
[2026-07-01T03:25:14.652+0000] {logging_mixin.py:188} INFO - [2026-07-01T03:25:14.652+0000] {dagbag.py:545} INFO - Filling up the DagBag from /opt/airflow/dags/dag_shipment_sim.py
[2026-07-01T03:25:14.672+0000] {logging_mixin.py:188} INFO - [2026-07-01T03:25:14.669+0000] {dagbag.py:355} ERROR - Failed to import: /opt/airflow/dags/dag_shipment_sim.py
Traceback (most recent call last):
  File "/home/airflow/.local/lib/python3.12/site-packages/airflow/models/dagbag.py", line 351, in parse
    loader.exec_module(new_module)
  File "<frozen importlib._bootstrap_external>", line 995, in exec_module
  File "<frozen importlib._bootstrap>", line 488, in _call_with_frames_removed
  File "/opt/airflow/dags/dag_shipment_sim.py", line 54, in <module>
    outlets=[postgres_dataset] # Signals the ingestion DAG to run next
             ^^^^^^^^^^^^^^^^
NameError: name 'postgres_dataset' is not defined
[2026-07-01T03:25:14.675+0000] {processor.py:842} WARNING - No viable dags retrieved from /opt/airflow/dags/dag_shipment_sim.py
[2026-07-01T03:25:14.692+0000] {processor.py:183} INFO - Processing /opt/airflow/dags/dag_shipment_sim.py took 0.048 seconds
[2026-07-01T03:25:32.070+0000] {processor.py:161} INFO - Started process (PID=1441) to work on /opt/airflow/dags/dag_shipment_sim.py
[2026-07-01T03:25:32.074+0000] {processor.py:830} INFO - Processing file /opt/airflow/dags/dag_shipment_sim.py for tasks to queue
[2026-07-01T03:25:32.075+0000] {logging_mixin.py:188} INFO - [2026-07-01T03:25:32.075+0000] {dagbag.py:545} INFO - Filling up the DagBag from /opt/airflow/dags/dag_shipment_sim.py
[2026-07-01T03:25:32.121+0000] {processor.py:840} INFO - DAG(s) 'dag_shipment_sim' retrieved from /opt/airflow/dags/dag_shipment_sim.py
[2026-07-01T03:25:32.438+0000] {logging_mixin.py:188} INFO - [2026-07-01T03:25:32.438+0000] {dag.py:3096} INFO - Sync 1 DAGs
[2026-07-01T03:25:32.932+0000] {logging_mixin.py:188} INFO - [2026-07-01T03:25:32.930+0000] {dag.py:3954} INFO - Setting next_dagrun for dag_shipment_sim to 2026-07-01 03:00:00+00:00, run_after=2026-07-01 04:00:00+00:00
[2026-07-01T03:25:32.981+0000] {processor.py:183} INFO - Processing /opt/airflow/dags/dag_shipment_sim.py took 0.927 seconds
[2026-07-01T03:26:03.728+0000] {processor.py:161} INFO - Started process (PID=1496) to work on /opt/airflow/dags/dag_shipment_sim.py
[2026-07-01T03:26:03.730+0000] {processor.py:830} INFO - Processing file /opt/airflow/dags/dag_shipment_sim.py for tasks to queue
[2026-07-01T03:26:03.731+0000] {logging_mixin.py:188} INFO - [2026-07-01T03:26:03.730+0000] {dagbag.py:545} INFO - Filling up the DagBag from /opt/airflow/dags/dag_shipment_sim.py
[2026-07-01T03:26:03.749+0000] {processor.py:840} INFO - DAG(s) 'dag_shipment_sim' retrieved from /opt/airflow/dags/dag_shipment_sim.py
[2026-07-01T03:26:03.766+0000] {logging_mixin.py:188} INFO - [2026-07-01T03:26:03.765+0000] {dag.py:3096} INFO - Sync 1 DAGs
[2026-07-01T03:26:03.775+0000] {logging_mixin.py:188} INFO - [2026-07-01T03:26:03.775+0000] {dag.py:3954} INFO - Setting next_dagrun for dag_shipment_sim to 2026-07-01 03:00:00+00:00, run_after=2026-07-01 04:00:00+00:00
[2026-07-01T03:26:03.784+0000] {processor.py:183} INFO - Processing /opt/airflow/dags/dag_shipment_sim.py took 0.067 seconds
[2026-07-01T03:26:34.176+0000] {processor.py:161} INFO - Started process (PID=1539) to work on /opt/airflow/dags/dag_shipment_sim.py
[2026-07-01T03:26:34.177+0000] {processor.py:830} INFO - Processing file /opt/airflow/dags/dag_shipment_sim.py for tasks to queue
[2026-07-01T03:26:34.183+0000] {logging_mixin.py:188} INFO - [2026-07-01T03:26:34.179+0000] {dagbag.py:545} INFO - Filling up the DagBag from /opt/airflow/dags/dag_shipment_sim.py
[2026-07-01T03:26:34.206+0000] {processor.py:840} INFO - DAG(s) 'dag_shipment_sim' retrieved from /opt/airflow/dags/dag_shipment_sim.py
[2026-07-01T03:26:34.230+0000] {logging_mixin.py:188} INFO - [2026-07-01T03:26:34.230+0000] {dag.py:3096} INFO - Sync 1 DAGs
[2026-07-01T03:26:34.241+0000] {logging_mixin.py:188} INFO - [2026-07-01T03:26:34.241+0000] {dag.py:3954} INFO - Setting next_dagrun for dag_shipment_sim to 2026-07-01 03:00:00+00:00, run_after=2026-07-01 04:00:00+00:00
[2026-07-01T03:26:34.261+0000] {processor.py:183} INFO - Processing /opt/airflow/dags/dag_shipment_sim.py took 0.092 seconds
[2026-07-01T03:27:04.837+0000] {processor.py:161} INFO - Started process (PID=1582) to work on /opt/airflow/dags/dag_shipment_sim.py
[2026-07-01T03:27:04.838+0000] {processor.py:830} INFO - Processing file /opt/airflow/dags/dag_shipment_sim.py for tasks to queue
[2026-07-01T03:27:04.839+0000] {logging_mixin.py:188} INFO - [2026-07-01T03:27:04.839+0000] {dagbag.py:545} INFO - Filling up the DagBag from /opt/airflow/dags/dag_shipment_sim.py
[2026-07-01T03:27:04.852+0000] {processor.py:840} INFO - DAG(s) 'dag_shipment_sim' retrieved from /opt/airflow/dags/dag_shipment_sim.py
[2026-07-01T03:27:04.867+0000] {logging_mixin.py:188} INFO - [2026-07-01T03:27:04.867+0000] {dag.py:3096} INFO - Sync 1 DAGs
[2026-07-01T03:27:04.878+0000] {logging_mixin.py:188} INFO - [2026-07-01T03:27:04.878+0000] {dag.py:3954} INFO - Setting next_dagrun for dag_shipment_sim to 2026-07-01 03:00:00+00:00, run_after=2026-07-01 04:00:00+00:00
[2026-07-01T03:27:04.889+0000] {processor.py:183} INFO - Processing /opt/airflow/dags/dag_shipment_sim.py took 0.058 seconds
[2026-07-01T03:27:35.176+0000] {processor.py:161} INFO - Started process (PID=1630) to work on /opt/airflow/dags/dag_shipment_sim.py
[2026-07-01T03:27:35.177+0000] {processor.py:830} INFO - Processing file /opt/airflow/dags/dag_shipment_sim.py for tasks to queue
[2026-07-01T03:27:35.178+0000] {logging_mixin.py:188} INFO - [2026-07-01T03:27:35.177+0000] {dagbag.py:545} INFO - Filling up the DagBag from /opt/airflow/dags/dag_shipment_sim.py
[2026-07-01T03:27:35.186+0000] {processor.py:840} INFO - DAG(s) 'dag_shipment_sim' retrieved from /opt/airflow/dags/dag_shipment_sim.py
[2026-07-01T03:27:35.199+0000] {logging_mixin.py:188} INFO - [2026-07-01T03:27:35.199+0000] {dag.py:3096} INFO - Sync 1 DAGs
[2026-07-01T03:27:35.208+0000] {logging_mixin.py:188} INFO - [2026-07-01T03:27:35.208+0000] {dag.py:3954} INFO - Setting next_dagrun for dag_shipment_sim to 2026-07-01 03:00:00+00:00, run_after=2026-07-01 04:00:00+00:00
[2026-07-01T03:27:35.216+0000] {processor.py:183} INFO - Processing /opt/airflow/dags/dag_shipment_sim.py took 0.043 seconds
[2026-07-01T03:28:05.466+0000] {processor.py:161} INFO - Started process (PID=1675) to work on /opt/airflow/dags/dag_shipment_sim.py
[2026-07-01T03:28:05.468+0000] {processor.py:830} INFO - Processing file /opt/airflow/dags/dag_shipment_sim.py for tasks to queue
[2026-07-01T03:28:05.469+0000] {logging_mixin.py:188} INFO - [2026-07-01T03:28:05.469+0000] {dagbag.py:545} INFO - Filling up the DagBag from /opt/airflow/dags/dag_shipment_sim.py
[2026-07-01T03:28:05.483+0000] {processor.py:840} INFO - DAG(s) 'dag_shipment_sim' retrieved from /opt/airflow/dags/dag_shipment_sim.py
[2026-07-01T03:28:05.498+0000] {logging_mixin.py:188} INFO - [2026-07-01T03:28:05.497+0000] {dag.py:3096} INFO - Sync 1 DAGs
[2026-07-01T03:28:05.507+0000] {logging_mixin.py:188} INFO - [2026-07-01T03:28:05.507+0000] {dag.py:3954} INFO - Setting next_dagrun for dag_shipment_sim to 2026-07-01 03:00:00+00:00, run_after=2026-07-01 04:00:00+00:00
[2026-07-01T03:28:05.515+0000] {processor.py:183} INFO - Processing /opt/airflow/dags/dag_shipment_sim.py took 0.054 seconds
[2026-07-01T03:28:36.441+0000] {processor.py:161} INFO - Started process (PID=1714) to work on /opt/airflow/dags/dag_shipment_sim.py
[2026-07-01T03:28:36.443+0000] {processor.py:830} INFO - Processing file /opt/airflow/dags/dag_shipment_sim.py for tasks to queue
[2026-07-01T03:28:36.444+0000] {logging_mixin.py:188} INFO - [2026-07-01T03:28:36.444+0000] {dagbag.py:545} INFO - Filling up the DagBag from /opt/airflow/dags/dag_shipment_sim.py
[2026-07-01T03:28:36.492+0000] {processor.py:840} INFO - DAG(s) 'dag_shipment_sim' retrieved from /opt/airflow/dags/dag_shipment_sim.py
[2026-07-01T03:28:36.542+0000] {logging_mixin.py:188} INFO - [2026-07-01T03:28:36.542+0000] {dag.py:3096} INFO - Sync 1 DAGs
[2026-07-01T03:28:36.575+0000] {logging_mixin.py:188} INFO - [2026-07-01T03:28:36.574+0000] {dag.py:3954} INFO - Setting next_dagrun for dag_shipment_sim to 2026-07-01 03:00:00+00:00, run_after=2026-07-01 04:00:00+00:00
[2026-07-01T03:28:36.597+0000] {processor.py:183} INFO - Processing /opt/airflow/dags/dag_shipment_sim.py took 0.169 seconds
[2026-07-01T03:29:06.823+0000] {processor.py:161} INFO - Started process (PID=1831) to work on /opt/airflow/dags/dag_shipment_sim.py
[2026-07-01T03:29:06.827+0000] {processor.py:830} INFO - Processing file /opt/airflow/dags/dag_shipment_sim.py for tasks to queue
[2026-07-01T03:29:06.829+0000] {logging_mixin.py:188} INFO - [2026-07-01T03:29:06.828+0000] {dagbag.py:545} INFO - Filling up the DagBag from /opt/airflow/dags/dag_shipment_sim.py
[2026-07-01T03:29:06.938+0000] {processor.py:840} INFO - DAG(s) 'dag_shipment_sim' retrieved from /opt/airflow/dags/dag_shipment_sim.py
[2026-07-01T03:29:07.081+0000] {logging_mixin.py:188} INFO - [2026-07-01T03:29:07.081+0000] {dag.py:3096} INFO - Sync 1 DAGs
[2026-07-01T03:29:07.148+0000] {logging_mixin.py:188} INFO - [2026-07-01T03:29:07.147+0000] {dag.py:3954} INFO - Setting next_dagrun for dag_shipment_sim to 2026-07-01 03:00:00+00:00, run_after=2026-07-01 04:00:00+00:00
[2026-07-01T03:29:07.248+0000] {processor.py:183} INFO - Processing /opt/airflow/dags/dag_shipment_sim.py took 0.457 seconds
[2026-07-01T03:29:38.183+0000] {processor.py:161} INFO - Started process (PID=1874) to work on /opt/airflow/dags/dag_shipment_sim.py
[2026-07-01T03:29:38.191+0000] {processor.py:830} INFO - Processing file /opt/airflow/dags/dag_shipment_sim.py for tasks to queue
[2026-07-01T03:29:38.192+0000] {logging_mixin.py:188} INFO - [2026-07-01T03:29:38.191+0000] {dagbag.py:545} INFO - Filling up the DagBag from /opt/airflow/dags/dag_shipment_sim.py
[2026-07-01T03:29:38.219+0000] {processor.py:840} INFO - DAG(s) 'dag_shipment_sim' retrieved from /opt/airflow/dags/dag_shipment_sim.py
[2026-07-01T03:29:38.263+0000] {logging_mixin.py:188} INFO - [2026-07-01T03:29:38.262+0000] {dag.py:3096} INFO - Sync 1 DAGs
[2026-07-01T03:29:38.281+0000] {logging_mixin.py:188} INFO - [2026-07-01T03:29:38.281+0000] {dag.py:3954} INFO - Setting next_dagrun for dag_shipment_sim to 2026-07-01 03:00:00+00:00, run_after=2026-07-01 04:00:00+00:00
[2026-07-01T03:29:38.292+0000] {processor.py:183} INFO - Processing /opt/airflow/dags/dag_shipment_sim.py took 0.125 seconds
[2026-07-01T03:30:09.195+0000] {processor.py:161} INFO - Started process (PID=1916) to work on /opt/airflow/dags/dag_shipment_sim.py
[2026-07-01T03:30:09.197+0000] {processor.py:830} INFO - Processing file /opt/airflow/dags/dag_shipment_sim.py for tasks to queue
[2026-07-01T03:30:09.198+0000] {logging_mixin.py:188} INFO - [2026-07-01T03:30:09.198+0000] {dagbag.py:545} INFO - Filling up the DagBag from /opt/airflow/dags/dag_shipment_sim.py
[2026-07-01T03:30:09.222+0000] {processor.py:840} INFO - DAG(s) 'dag_shipment_sim' retrieved from /opt/airflow/dags/dag_shipment_sim.py
[2026-07-01T03:30:09.249+0000] {logging_mixin.py:188} INFO - [2026-07-01T03:30:09.249+0000] {dag.py:3096} INFO - Sync 1 DAGs
[2026-07-01T03:30:09.315+0000] {logging_mixin.py:188} INFO - [2026-07-01T03:30:09.314+0000] {dag.py:3954} INFO - Setting next_dagrun for dag_shipment_sim to 2026-07-01 03:00:00+00:00, run_after=2026-07-01 04:00:00+00:00
[2026-07-01T03:30:09.341+0000] {processor.py:183} INFO - Processing /opt/airflow/dags/dag_shipment_sim.py took 0.169 seconds
[2026-07-01T03:30:39.810+0000] {processor.py:161} INFO - Started process (PID=1958) to work on /opt/airflow/dags/dag_shipment_sim.py
[2026-07-01T03:30:39.811+0000] {processor.py:830} INFO - Processing file /opt/airflow/dags/dag_shipment_sim.py for tasks to queue
[2026-07-01T03:30:39.812+0000] {logging_mixin.py:188} INFO - [2026-07-01T03:30:39.812+0000] {dagbag.py:545} INFO - Filling up the DagBag from /opt/airflow/dags/dag_shipment_sim.py
[2026-07-01T03:30:39.829+0000] {processor.py:840} INFO - DAG(s) 'dag_shipment_sim' retrieved from /opt/airflow/dags/dag_shipment_sim.py
[2026-07-01T03:30:39.847+0000] {logging_mixin.py:188} INFO - [2026-07-01T03:30:39.846+0000] {dag.py:3096} INFO - Sync 1 DAGs
[2026-07-01T03:30:39.858+0000] {logging_mixin.py:188} INFO - [2026-07-01T03:30:39.858+0000] {dag.py:3954} INFO - Setting next_dagrun for dag_shipment_sim to 2026-07-01 03:00:00+00:00, run_after=2026-07-01 04:00:00+00:00
[2026-07-01T03:30:39.867+0000] {processor.py:183} INFO - Processing /opt/airflow/dags/dag_shipment_sim.py took 0.061 seconds
[2026-07-01T03:31:10.100+0000] {processor.py:161} INFO - Started process (PID=1995) to work on /opt/airflow/dags/dag_shipment_sim.py
[2026-07-01T03:31:10.101+0000] {processor.py:830} INFO - Processing file /opt/airflow/dags/dag_shipment_sim.py for tasks to queue
[2026-07-01T03:31:10.103+0000] {logging_mixin.py:188} INFO - [2026-07-01T03:31:10.102+0000] {dagbag.py:545} INFO - Filling up the DagBag from /opt/airflow/dags/dag_shipment_sim.py
[2026-07-01T03:31:10.130+0000] {processor.py:840} INFO - DAG(s) 'dag_shipment_sim' retrieved from /opt/airflow/dags/dag_shipment_sim.py
[2026-07-01T03:31:10.173+0000] {logging_mixin.py:188} INFO - [2026-07-01T03:31:10.172+0000] {dag.py:3096} INFO - Sync 1 DAGs
[2026-07-01T03:31:10.192+0000] {logging_mixin.py:188} INFO - [2026-07-01T03:31:10.192+0000] {dag.py:3954} INFO - Setting next_dagrun for dag_shipment_sim to 2026-07-01 03:00:00+00:00, run_after=2026-07-01 04:00:00+00:00
[2026-07-01T03:31:10.203+0000] {processor.py:183} INFO - Processing /opt/airflow/dags/dag_shipment_sim.py took 0.113 seconds
[2026-07-01T03:31:40.344+0000] {processor.py:161} INFO - Started process (PID=2032) to work on /opt/airflow/dags/dag_shipment_sim.py
[2026-07-01T03:31:40.348+0000] {processor.py:830} INFO - Processing file /opt/airflow/dags/dag_shipment_sim.py for tasks to queue
[2026-07-01T03:31:40.350+0000] {logging_mixin.py:188} INFO - [2026-07-01T03:31:40.350+0000] {dagbag.py:545} INFO - Filling up the DagBag from /opt/airflow/dags/dag_shipment_sim.py
[2026-07-01T03:31:40.366+0000] {processor.py:840} INFO - DAG(s) 'dag_shipment_sim' retrieved from /opt/airflow/dags/dag_shipment_sim.py
[2026-07-01T03:31:40.399+0000] {logging_mixin.py:188} INFO - [2026-07-01T03:31:40.399+0000] {dag.py:3096} INFO - Sync 1 DAGs
[2026-07-01T03:31:40.416+0000] {logging_mixin.py:188} INFO - [2026-07-01T03:31:40.416+0000] {dag.py:3954} INFO - Setting next_dagrun for dag_shipment_sim to 2026-07-01 03:00:00+00:00, run_after=2026-07-01 04:00:00+00:00
[2026-07-01T03:31:40.426+0000] {processor.py:183} INFO - Processing /opt/airflow/dags/dag_shipment_sim.py took 0.091 seconds
[2026-07-01T03:32:10.970+0000] {processor.py:161} INFO - Started process (PID=2074) to work on /opt/airflow/dags/dag_shipment_sim.py
[2026-07-01T03:32:10.972+0000] {processor.py:830} INFO - Processing file /opt/airflow/dags/dag_shipment_sim.py for tasks to queue
[2026-07-01T03:32:10.973+0000] {logging_mixin.py:188} INFO - [2026-07-01T03:32:10.972+0000] {dagbag.py:545} INFO - Filling up the DagBag from /opt/airflow/dags/dag_shipment_sim.py
[2026-07-01T03:32:10.987+0000] {processor.py:840} INFO - DAG(s) 'dag_shipment_sim' retrieved from /opt/airflow/dags/dag_shipment_sim.py
[2026-07-01T03:32:11.005+0000] {logging_mixin.py:188} INFO - [2026-07-01T03:32:11.005+0000] {dag.py:3096} INFO - Sync 1 DAGs
[2026-07-01T03:32:11.024+0000] {logging_mixin.py:188} INFO - [2026-07-01T03:32:11.024+0000] {dag.py:3954} INFO - Setting next_dagrun for dag_shipment_sim to 2026-07-01 03:00:00+00:00, run_after=2026-07-01 04:00:00+00:00
[2026-07-01T03:32:11.036+0000] {processor.py:183} INFO - Processing /opt/airflow/dags/dag_shipment_sim.py took 0.072 seconds
[2026-07-01T03:32:41.695+0000] {processor.py:161} INFO - Started process (PID=2121) to work on /opt/airflow/dags/dag_shipment_sim.py
[2026-07-01T03:32:41.697+0000] {processor.py:830} INFO - Processing file /opt/airflow/dags/dag_shipment_sim.py for tasks to queue
[2026-07-01T03:32:41.699+0000] {logging_mixin.py:188} INFO - [2026-07-01T03:32:41.698+0000] {dagbag.py:545} INFO - Filling up the DagBag from /opt/airflow/dags/dag_shipment_sim.py
[2026-07-01T03:32:41.747+0000] {processor.py:840} INFO - DAG(s) 'dag_shipment_sim' retrieved from /opt/airflow/dags/dag_shipment_sim.py
[2026-07-01T03:32:41.787+0000] {logging_mixin.py:188} INFO - [2026-07-01T03:32:41.786+0000] {dag.py:3096} INFO - Sync 1 DAGs
[2026-07-01T03:32:41.832+0000] {logging_mixin.py:188} INFO - [2026-07-01T03:32:41.832+0000] {dag.py:3954} INFO - Setting next_dagrun for dag_shipment_sim to 2026-07-01 03:00:00+00:00, run_after=2026-07-01 04:00:00+00:00
[2026-07-01T03:32:41.860+0000] {processor.py:183} INFO - Processing /opt/airflow/dags/dag_shipment_sim.py took 0.175 seconds
[2026-07-01T03:33:12.148+0000] {processor.py:161} INFO - Started process (PID=2210) to work on /opt/airflow/dags/dag_shipment_sim.py
[2026-07-01T03:33:12.150+0000] {processor.py:830} INFO - Processing file /opt/airflow/dags/dag_shipment_sim.py for tasks to queue
[2026-07-01T03:33:12.151+0000] {logging_mixin.py:188} INFO - [2026-07-01T03:33:12.151+0000] {dagbag.py:545} INFO - Filling up the DagBag from /opt/airflow/dags/dag_shipment_sim.py
[2026-07-01T03:33:12.168+0000] {processor.py:840} INFO - DAG(s) 'dag_shipment_sim' retrieved from /opt/airflow/dags/dag_shipment_sim.py
[2026-07-01T03:33:12.187+0000] {logging_mixin.py:188} INFO - [2026-07-01T03:33:12.186+0000] {dag.py:3096} INFO - Sync 1 DAGs
[2026-07-01T03:33:12.201+0000] {logging_mixin.py:188} INFO - [2026-07-01T03:33:12.201+0000] {dag.py:3954} INFO - Setting next_dagrun for dag_shipment_sim to 2026-07-01 03:00:00+00:00, run_after=2026-07-01 04:00:00+00:00
[2026-07-01T03:33:12.212+0000] {processor.py:183} INFO - Processing /opt/airflow/dags/dag_shipment_sim.py took 0.070 seconds
[2026-07-01T03:33:42.851+0000] {processor.py:161} INFO - Started process (PID=2299) to work on /opt/airflow/dags/dag_shipment_sim.py
[2026-07-01T03:33:42.853+0000] {processor.py:830} INFO - Processing file /opt/airflow/dags/dag_shipment_sim.py for tasks to queue
[2026-07-01T03:33:42.854+0000] {logging_mixin.py:188} INFO - [2026-07-01T03:33:42.854+0000] {dagbag.py:545} INFO - Filling up the DagBag from /opt/airflow/dags/dag_shipment_sim.py
[2026-07-01T03:33:42.909+0000] {processor.py:840} INFO - DAG(s) 'dag_shipment_sim' retrieved from /opt/airflow/dags/dag_shipment_sim.py
[2026-07-01T03:33:42.975+0000] {logging_mixin.py:188} INFO - [2026-07-01T03:33:42.975+0000] {dag.py:3096} INFO - Sync 1 DAGs
[2026-07-01T03:33:43.000+0000] {logging_mixin.py:188} INFO - [2026-07-01T03:33:42.999+0000] {dag.py:3954} INFO - Setting next_dagrun for dag_shipment_sim to 2026-07-01 03:00:00+00:00, run_after=2026-07-01 04:00:00+00:00
[2026-07-01T03:33:43.014+0000] {processor.py:183} INFO - Processing /opt/airflow/dags/dag_shipment_sim.py took 0.181 seconds
[2026-07-01T03:34:13.369+0000] {processor.py:161} INFO - Started process (PID=2336) to work on /opt/airflow/dags/dag_shipment_sim.py
[2026-07-01T03:34:13.370+0000] {processor.py:830} INFO - Processing file /opt/airflow/dags/dag_shipment_sim.py for tasks to queue
[2026-07-01T03:34:13.371+0000] {logging_mixin.py:188} INFO - [2026-07-01T03:34:13.371+0000] {dagbag.py:545} INFO - Filling up the DagBag from /opt/airflow/dags/dag_shipment_sim.py
[2026-07-01T03:34:13.385+0000] {processor.py:840} INFO - DAG(s) 'dag_shipment_sim' retrieved from /opt/airflow/dags/dag_shipment_sim.py
[2026-07-01T03:34:13.399+0000] {logging_mixin.py:188} INFO - [2026-07-01T03:34:13.399+0000] {dag.py:3096} INFO - Sync 1 DAGs
[2026-07-01T03:34:13.410+0000] {logging_mixin.py:188} INFO - [2026-07-01T03:34:13.410+0000] {dag.py:3954} INFO - Setting next_dagrun for dag_shipment_sim to 2026-07-01 03:00:00+00:00, run_after=2026-07-01 04:00:00+00:00
[2026-07-01T03:34:13.419+0000] {processor.py:183} INFO - Processing /opt/airflow/dags/dag_shipment_sim.py took 0.057 seconds
[2026-07-01T03:34:44.025+0000] {processor.py:161} INFO - Started process (PID=2373) to work on /opt/airflow/dags/dag_shipment_sim.py
[2026-07-01T03:34:44.036+0000] {processor.py:830} INFO - Processing file /opt/airflow/dags/dag_shipment_sim.py for tasks to queue
[2026-07-01T03:34:44.054+0000] {logging_mixin.py:188} INFO - [2026-07-01T03:34:44.050+0000] {dagbag.py:545} INFO - Filling up the DagBag from /opt/airflow/dags/dag_shipment_sim.py
[2026-07-01T03:34:44.123+0000] {processor.py:840} INFO - DAG(s) 'dag_shipment_sim' retrieved from /opt/airflow/dags/dag_shipment_sim.py
[2026-07-01T03:34:44.156+0000] {logging_mixin.py:188} INFO - [2026-07-01T03:34:44.156+0000] {dag.py:3096} INFO - Sync 1 DAGs
[2026-07-01T03:34:44.172+0000] {logging_mixin.py:188} INFO - [2026-07-01T03:34:44.172+0000] {dag.py:3954} INFO - Setting next_dagrun for dag_shipment_sim to 2026-07-01 03:00:00+00:00, run_after=2026-07-01 04:00:00+00:00
[2026-07-01T03:34:44.189+0000] {processor.py:183} INFO - Processing /opt/airflow/dags/dag_shipment_sim.py took 0.217 seconds
[2026-07-01T03:35:15.036+0000] {processor.py:161} INFO - Started process (PID=2410) to work on /opt/airflow/dags/dag_shipment_sim.py
[2026-07-01T03:35:15.038+0000] {processor.py:830} INFO - Processing file /opt/airflow/dags/dag_shipment_sim.py for tasks to queue
[2026-07-01T03:35:15.039+0000] {logging_mixin.py:188} INFO - [2026-07-01T03:35:15.039+0000] {dagbag.py:545} INFO - Filling up the DagBag from /opt/airflow/dags/dag_shipment_sim.py
[2026-07-01T03:35:15.053+0000] {processor.py:840} INFO - DAG(s) 'dag_shipment_sim' retrieved from /opt/airflow/dags/dag_shipment_sim.py
[2026-07-01T03:35:15.067+0000] {logging_mixin.py:188} INFO - [2026-07-01T03:35:15.067+0000] {dag.py:3096} INFO - Sync 1 DAGs
[2026-07-01T03:35:15.078+0000] {logging_mixin.py:188} INFO - [2026-07-01T03:35:15.078+0000] {dag.py:3954} INFO - Setting next_dagrun for dag_shipment_sim to 2026-07-01 03:00:00+00:00, run_after=2026-07-01 04:00:00+00:00
[2026-07-01T03:35:15.086+0000] {processor.py:183} INFO - Processing /opt/airflow/dags/dag_shipment_sim.py took 0.057 seconds
[2026-07-01T03:35:45.401+0000] {processor.py:161} INFO - Started process (PID=2452) to work on /opt/airflow/dags/dag_shipment_sim.py
[2026-07-01T03:35:45.404+0000] {processor.py:830} INFO - Processing file /opt/airflow/dags/dag_shipment_sim.py for tasks to queue
[2026-07-01T03:35:45.408+0000] {logging_mixin.py:188} INFO - [2026-07-01T03:35:45.406+0000] {dagbag.py:545} INFO - Filling up the DagBag from /opt/airflow/dags/dag_shipment_sim.py
[2026-07-01T03:35:45.446+0000] {processor.py:840} INFO - DAG(s) 'dag_shipment_sim' retrieved from /opt/airflow/dags/dag_shipment_sim.py
[2026-07-01T03:35:45.485+0000] {logging_mixin.py:188} INFO - [2026-07-01T03:35:45.485+0000] {dag.py:3096} INFO - Sync 1 DAGs
[2026-07-01T03:35:45.514+0000] {logging_mixin.py:188} INFO - [2026-07-01T03:35:45.513+0000] {dag.py:3954} INFO - Setting next_dagrun for dag_shipment_sim to 2026-07-01 03:00:00+00:00, run_after=2026-07-01 04:00:00+00:00
[2026-07-01T03:35:45.539+0000] {processor.py:183} INFO - Processing /opt/airflow/dags/dag_shipment_sim.py took 0.153 seconds
[2026-07-01T03:36:15.903+0000] {processor.py:161} INFO - Started process (PID=2489) to work on /opt/airflow/dags/dag_shipment_sim.py
[2026-07-01T03:36:15.907+0000] {processor.py:830} INFO - Processing file /opt/airflow/dags/dag_shipment_sim.py for tasks to queue
[2026-07-01T03:36:15.908+0000] {logging_mixin.py:188} INFO - [2026-07-01T03:36:15.908+0000] {dagbag.py:545} INFO - Filling up the DagBag from /opt/airflow/dags/dag_shipment_sim.py
[2026-07-01T03:36:15.933+0000] {processor.py:840} INFO - DAG(s) 'dag_shipment_sim' retrieved from /opt/airflow/dags/dag_shipment_sim.py
[2026-07-01T03:36:15.967+0000] {logging_mixin.py:188} INFO - [2026-07-01T03:36:15.967+0000] {dag.py:3096} INFO - Sync 1 DAGs
[2026-07-01T03:36:15.986+0000] {logging_mixin.py:188} INFO - [2026-07-01T03:36:15.986+0000] {dag.py:3954} INFO - Setting next_dagrun for dag_shipment_sim to 2026-07-01 03:00:00+00:00, run_after=2026-07-01 04:00:00+00:00
[2026-07-01T03:36:16.001+0000] {processor.py:183} INFO - Processing /opt/airflow/dags/dag_shipment_sim.py took 0.107 seconds
[2026-07-01T03:36:46.107+0000] {processor.py:161} INFO - Started process (PID=2526) to work on /opt/airflow/dags/dag_shipment_sim.py
[2026-07-01T03:36:46.109+0000] {processor.py:830} INFO - Processing file /opt/airflow/dags/dag_shipment_sim.py for tasks to queue
[2026-07-01T03:36:46.110+0000] {logging_mixin.py:188} INFO - [2026-07-01T03:36:46.109+0000] {dagbag.py:545} INFO - Filling up the DagBag from /opt/airflow/dags/dag_shipment_sim.py
[2026-07-01T03:36:46.138+0000] {processor.py:840} INFO - DAG(s) 'dag_shipment_sim' retrieved from /opt/airflow/dags/dag_shipment_sim.py
[2026-07-01T03:36:46.173+0000] {logging_mixin.py:188} INFO - [2026-07-01T03:36:46.173+0000] {dag.py:3096} INFO - Sync 1 DAGs
[2026-07-01T03:36:46.198+0000] {logging_mixin.py:188} INFO - [2026-07-01T03:36:46.198+0000] {dag.py:3954} INFO - Setting next_dagrun for dag_shipment_sim to 2026-07-01 03:00:00+00:00, run_after=2026-07-01 04:00:00+00:00
[2026-07-01T03:36:46.209+0000] {processor.py:183} INFO - Processing /opt/airflow/dags/dag_shipment_sim.py took 0.117 seconds
[2026-07-01T03:37:16.381+0000] {processor.py:161} INFO - Started process (PID=2573) to work on /opt/airflow/dags/dag_shipment_sim.py
[2026-07-01T03:37:16.386+0000] {processor.py:830} INFO - Processing file /opt/airflow/dags/dag_shipment_sim.py for tasks to queue
[2026-07-01T03:37:16.390+0000] {logging_mixin.py:188} INFO - [2026-07-01T03:37:16.388+0000] {dagbag.py:545} INFO - Filling up the DagBag from /opt/airflow/dags/dag_shipment_sim.py
[2026-07-01T03:37:16.444+0000] {processor.py:840} INFO - DAG(s) 'dag_shipment_sim' retrieved from /opt/airflow/dags/dag_shipment_sim.py
[2026-07-01T03:37:16.482+0000] {logging_mixin.py:188} INFO - [2026-07-01T03:37:16.482+0000] {dag.py:3096} INFO - Sync 1 DAGs
[2026-07-01T03:37:16.505+0000] {logging_mixin.py:188} INFO - [2026-07-01T03:37:16.505+0000] {dag.py:3954} INFO - Setting next_dagrun for dag_shipment_sim to 2026-07-01 03:00:00+00:00, run_after=2026-07-01 04:00:00+00:00
[2026-07-01T03:37:16.521+0000] {processor.py:183} INFO - Processing /opt/airflow/dags/dag_shipment_sim.py took 0.161 seconds
[2026-07-01T03:37:47.379+0000] {processor.py:161} INFO - Started process (PID=2662) to work on /opt/airflow/dags/dag_shipment_sim.py
[2026-07-01T03:37:47.381+0000] {processor.py:830} INFO - Processing file /opt/airflow/dags/dag_shipment_sim.py for tasks to queue
[2026-07-01T03:37:47.381+0000] {logging_mixin.py:188} INFO - [2026-07-01T03:37:47.381+0000] {dagbag.py:545} INFO - Filling up the DagBag from /opt/airflow/dags/dag_shipment_sim.py
[2026-07-01T03:37:47.400+0000] {processor.py:840} INFO - DAG(s) 'dag_shipment_sim' retrieved from /opt/airflow/dags/dag_shipment_sim.py
[2026-07-01T03:37:47.419+0000] {logging_mixin.py:188} INFO - [2026-07-01T03:37:47.419+0000] {dag.py:3096} INFO - Sync 1 DAGs
[2026-07-01T03:37:47.433+0000] {logging_mixin.py:188} INFO - [2026-07-01T03:37:47.433+0000] {dag.py:3954} INFO - Setting next_dagrun for dag_shipment_sim to 2026-07-01 03:00:00+00:00, run_after=2026-07-01 04:00:00+00:00
[2026-07-01T03:37:47.445+0000] {processor.py:183} INFO - Processing /opt/airflow/dags/dag_shipment_sim.py took 0.075 seconds
[2026-07-01T03:38:18.214+0000] {processor.py:161} INFO - Started process (PID=2699) to work on /opt/airflow/dags/dag_shipment_sim.py
[2026-07-01T03:38:18.216+0000] {processor.py:830} INFO - Processing file /opt/airflow/dags/dag_shipment_sim.py for tasks to queue
[2026-07-01T03:38:18.217+0000] {logging_mixin.py:188} INFO - [2026-07-01T03:38:18.217+0000] {dagbag.py:545} INFO - Filling up the DagBag from /opt/airflow/dags/dag_shipment_sim.py
[2026-07-01T03:38:18.242+0000] {processor.py:840} INFO - DAG(s) 'dag_shipment_sim' retrieved from /opt/airflow/dags/dag_shipment_sim.py
[2026-07-01T03:38:18.269+0000] {logging_mixin.py:188} INFO - [2026-07-01T03:38:18.269+0000] {dag.py:3096} INFO - Sync 1 DAGs
[2026-07-01T03:38:18.285+0000] {logging_mixin.py:188} INFO - [2026-07-01T03:38:18.285+0000] {dag.py:3954} INFO - Setting next_dagrun for dag_shipment_sim to 2026-07-01 03:00:00+00:00, run_after=2026-07-01 04:00:00+00:00
[2026-07-01T03:38:18.307+0000] {processor.py:183} INFO - Processing /opt/airflow/dags/dag_shipment_sim.py took 0.098 seconds
[2026-07-01T03:38:48.967+0000] {processor.py:161} INFO - Started process (PID=2736) to work on /opt/airflow/dags/dag_shipment_sim.py
[2026-07-01T03:38:48.970+0000] {processor.py:830} INFO - Processing file /opt/airflow/dags/dag_shipment_sim.py for tasks to queue
[2026-07-01T03:38:48.971+0000] {logging_mixin.py:188} INFO - [2026-07-01T03:38:48.970+0000] {dagbag.py:545} INFO - Filling up the DagBag from /opt/airflow/dags/dag_shipment_sim.py
[2026-07-01T03:38:48.996+0000] {processor.py:840} INFO - DAG(s) 'dag_shipment_sim' retrieved from /opt/airflow/dags/dag_shipment_sim.py
[2026-07-01T03:38:49.026+0000] {logging_mixin.py:188} INFO - [2026-07-01T03:38:49.026+0000] {dag.py:3096} INFO - Sync 1 DAGs
[2026-07-01T03:38:49.045+0000] {logging_mixin.py:188} INFO - [2026-07-01T03:38:49.044+0000] {dag.py:3954} INFO - Setting next_dagrun for dag_shipment_sim to 2026-07-01 03:00:00+00:00, run_after=2026-07-01 04:00:00+00:00
[2026-07-01T03:38:49.058+0000] {processor.py:183} INFO - Processing /opt/airflow/dags/dag_shipment_sim.py took 0.102 seconds
[2026-07-01T03:39:19.491+0000] {processor.py:161} INFO - Started process (PID=2773) to work on /opt/airflow/dags/dag_shipment_sim.py
[2026-07-01T03:39:19.493+0000] {processor.py:830} INFO - Processing file /opt/airflow/dags/dag_shipment_sim.py for tasks to queue
[2026-07-01T03:39:19.494+0000] {logging_mixin.py:188} INFO - [2026-07-01T03:39:19.494+0000] {dagbag.py:545} INFO - Filling up the DagBag from /opt/airflow/dags/dag_shipment_sim.py
[2026-07-01T03:39:19.513+0000] {processor.py:840} INFO - DAG(s) 'dag_shipment_sim' retrieved from /opt/airflow/dags/dag_shipment_sim.py
[2026-07-01T03:39:19.533+0000] {logging_mixin.py:188} INFO - [2026-07-01T03:39:19.532+0000] {dag.py:3096} INFO - Sync 1 DAGs
[2026-07-01T03:39:19.544+0000] {logging_mixin.py:188} INFO - [2026-07-01T03:39:19.544+0000] {dag.py:3954} INFO - Setting next_dagrun for dag_shipment_sim to 2026-07-01 03:00:00+00:00, run_after=2026-07-01 04:00:00+00:00
[2026-07-01T03:39:19.553+0000] {processor.py:183} INFO - Processing /opt/airflow/dags/dag_shipment_sim.py took 0.071 seconds
[2026-07-01T03:39:50.259+0000] {processor.py:161} INFO - Started process (PID=2810) to work on /opt/airflow/dags/dag_shipment_sim.py
[2026-07-01T03:39:50.264+0000] {processor.py:830} INFO - Processing file /opt/airflow/dags/dag_shipment_sim.py for tasks to queue
[2026-07-01T03:39:50.266+0000] {logging_mixin.py:188} INFO - [2026-07-01T03:39:50.265+0000] {dagbag.py:545} INFO - Filling up the DagBag from /opt/airflow/dags/dag_shipment_sim.py
[2026-07-01T03:39:50.316+0000] {processor.py:840} INFO - DAG(s) 'dag_shipment_sim' retrieved from /opt/airflow/dags/dag_shipment_sim.py
[2026-07-01T03:39:50.363+0000] {logging_mixin.py:188} INFO - [2026-07-01T03:39:50.363+0000] {dag.py:3096} INFO - Sync 1 DAGs
[2026-07-01T03:39:50.389+0000] {logging_mixin.py:188} INFO - [2026-07-01T03:39:50.389+0000] {dag.py:3954} INFO - Setting next_dagrun for dag_shipment_sim to 2026-07-01 03:00:00+00:00, run_after=2026-07-01 04:00:00+00:00
[2026-07-01T03:39:50.406+0000] {processor.py:183} INFO - Processing /opt/airflow/dags/dag_shipment_sim.py took 0.159 seconds
[2026-07-01T03:40:20.687+0000] {processor.py:161} INFO - Started process (PID=2847) to work on /opt/airflow/dags/dag_shipment_sim.py
[2026-07-01T03:40:20.689+0000] {processor.py:830} INFO - Processing file /opt/airflow/dags/dag_shipment_sim.py for tasks to queue
[2026-07-01T03:40:20.691+0000] {logging_mixin.py:188} INFO - [2026-07-01T03:40:20.690+0000] {dagbag.py:545} INFO - Filling up the DagBag from /opt/airflow/dags/dag_shipment_sim.py
[2026-07-01T03:40:20.733+0000] {processor.py:840} INFO - DAG(s) 'dag_shipment_sim' retrieved from /opt/airflow/dags/dag_shipment_sim.py
[2026-07-01T03:40:20.776+0000] {logging_mixin.py:188} INFO - [2026-07-01T03:40:20.775+0000] {dag.py:3096} INFO - Sync 1 DAGs
[2026-07-01T03:40:20.804+0000] {logging_mixin.py:188} INFO - [2026-07-01T03:40:20.804+0000] {dag.py:3954} INFO - Setting next_dagrun for dag_shipment_sim to 2026-07-01 03:00:00+00:00, run_after=2026-07-01 04:00:00+00:00
[2026-07-01T03:40:20.830+0000] {processor.py:183} INFO - Processing /opt/airflow/dags/dag_shipment_sim.py took 0.160 seconds
[2026-07-01T03:40:51.311+0000] {processor.py:161} INFO - Started process (PID=2894) to work on /opt/airflow/dags/dag_shipment_sim.py
[2026-07-01T03:40:51.313+0000] {processor.py:830} INFO - Processing file /opt/airflow/dags/dag_shipment_sim.py for tasks to queue
[2026-07-01T03:40:51.314+0000] {logging_mixin.py:188} INFO - [2026-07-01T03:40:51.313+0000] {dagbag.py:545} INFO - Filling up the DagBag from /opt/airflow/dags/dag_shipment_sim.py
[2026-07-01T03:40:51.328+0000] {processor.py:840} INFO - DAG(s) 'dag_shipment_sim' retrieved from /opt/airflow/dags/dag_shipment_sim.py
[2026-07-01T03:40:51.342+0000] {logging_mixin.py:188} INFO - [2026-07-01T03:40:51.342+0000] {dag.py:3096} INFO - Sync 1 DAGs
[2026-07-01T03:40:51.353+0000] {logging_mixin.py:188} INFO - [2026-07-01T03:40:51.353+0000] {dag.py:3954} INFO - Setting next_dagrun for dag_shipment_sim to 2026-07-01 03:00:00+00:00, run_after=2026-07-01 04:00:00+00:00
[2026-07-01T03:40:51.361+0000] {processor.py:183} INFO - Processing /opt/airflow/dags/dag_shipment_sim.py took 0.060 seconds
[2026-07-01T03:41:21.944+0000] {processor.py:161} INFO - Started process (PID=2988) to work on /opt/airflow/dags/dag_shipment_sim.py
[2026-07-01T03:41:21.945+0000] {processor.py:830} INFO - Processing file /opt/airflow/dags/dag_shipment_sim.py for tasks to queue
[2026-07-01T03:41:21.946+0000] {logging_mixin.py:188} INFO - [2026-07-01T03:41:21.945+0000] {dagbag.py:545} INFO - Filling up the DagBag from /opt/airflow/dags/dag_shipment_sim.py
[2026-07-01T03:41:21.961+0000] {processor.py:840} INFO - DAG(s) 'dag_shipment_sim' retrieved from /opt/airflow/dags/dag_shipment_sim.py
[2026-07-01T03:41:21.976+0000] {logging_mixin.py:188} INFO - [2026-07-01T03:41:21.976+0000] {dag.py:3096} INFO - Sync 1 DAGs
[2026-07-01T03:41:21.986+0000] {logging_mixin.py:188} INFO - [2026-07-01T03:41:21.986+0000] {dag.py:3954} INFO - Setting next_dagrun for dag_shipment_sim to 2026-07-01 03:00:00+00:00, run_after=2026-07-01 04:00:00+00:00
[2026-07-01T03:41:21.994+0000] {processor.py:183} INFO - Processing /opt/airflow/dags/dag_shipment_sim.py took 0.056 seconds
[2026-07-01T03:41:52.533+0000] {processor.py:161} INFO - Started process (PID=3025) to work on /opt/airflow/dags/dag_shipment_sim.py
[2026-07-01T03:41:52.536+0000] {processor.py:830} INFO - Processing file /opt/airflow/dags/dag_shipment_sim.py for tasks to queue
[2026-07-01T03:41:52.538+0000] {logging_mixin.py:188} INFO - [2026-07-01T03:41:52.537+0000] {dagbag.py:545} INFO - Filling up the DagBag from /opt/airflow/dags/dag_shipment_sim.py
[2026-07-01T03:41:52.574+0000] {processor.py:840} INFO - DAG(s) 'dag_shipment_sim' retrieved from /opt/airflow/dags/dag_shipment_sim.py
[2026-07-01T03:41:52.616+0000] {logging_mixin.py:188} INFO - [2026-07-01T03:41:52.616+0000] {dag.py:3096} INFO - Sync 1 DAGs
[2026-07-01T03:41:52.643+0000] {logging_mixin.py:188} INFO - [2026-07-01T03:41:52.643+0000] {dag.py:3954} INFO - Setting next_dagrun for dag_shipment_sim to 2026-07-01 03:00:00+00:00, run_after=2026-07-01 04:00:00+00:00
[2026-07-01T03:41:52.678+0000] {processor.py:183} INFO - Processing /opt/airflow/dags/dag_shipment_sim.py took 0.159 seconds
[2026-07-01T03:46:42.111+0000] {processor.py:161} INFO - Started process (PID=221) to work on /opt/airflow/dags/dag_shipment_sim.py
[2026-07-01T03:46:42.112+0000] {processor.py:830} INFO - Processing file /opt/airflow/dags/dag_shipment_sim.py for tasks to queue
[2026-07-01T03:46:42.114+0000] {logging_mixin.py:188} INFO - [2026-07-01T03:46:42.114+0000] {dagbag.py:545} INFO - Filling up the DagBag from /opt/airflow/dags/dag_shipment_sim.py
[2026-07-01T03:46:42.128+0000] {processor.py:840} INFO - DAG(s) 'dag_shipment_sim' retrieved from /opt/airflow/dags/dag_shipment_sim.py
[2026-07-01T03:46:42.186+0000] {logging_mixin.py:188} INFO - [2026-07-01T03:46:42.186+0000] {dag.py:3096} INFO - Sync 1 DAGs
[2026-07-01T03:46:42.199+0000] {logging_mixin.py:188} INFO - [2026-07-01T03:46:42.198+0000] {dag.py:3954} INFO - Setting next_dagrun for dag_shipment_sim to 2026-07-01 02:00:00+00:00, run_after=2026-07-01 03:00:00+00:00
[2026-07-01T03:46:42.217+0000] {processor.py:183} INFO - Processing /opt/airflow/dags/dag_shipment_sim.py took 0.109 seconds
[2026-07-01T03:47:12.558+0000] {processor.py:161} INFO - Started process (PID=563) to work on /opt/airflow/dags/dag_shipment_sim.py
[2026-07-01T03:47:12.558+0000] {processor.py:830} INFO - Processing file /opt/airflow/dags/dag_shipment_sim.py for tasks to queue
[2026-07-01T03:47:12.559+0000] {logging_mixin.py:188} INFO - [2026-07-01T03:47:12.559+0000] {dagbag.py:545} INFO - Filling up the DagBag from /opt/airflow/dags/dag_shipment_sim.py
[2026-07-01T03:47:12.576+0000] {processor.py:840} INFO - DAG(s) 'dag_shipment_sim' retrieved from /opt/airflow/dags/dag_shipment_sim.py
[2026-07-01T03:47:12.591+0000] {logging_mixin.py:188} INFO - [2026-07-01T03:47:12.591+0000] {dag.py:3096} INFO - Sync 1 DAGs
[2026-07-01T03:47:12.605+0000] {logging_mixin.py:188} INFO - [2026-07-01T03:47:12.605+0000] {dag.py:3954} INFO - Setting next_dagrun for dag_shipment_sim to 2026-07-01 03:00:00+00:00, run_after=2026-07-01 04:00:00+00:00
[2026-07-01T03:47:12.618+0000] {processor.py:183} INFO - Processing /opt/airflow/dags/dag_shipment_sim.py took 0.064 seconds
[2026-07-01T03:47:43.466+0000] {processor.py:161} INFO - Started process (PID=644) to work on /opt/airflow/dags/dag_shipment_sim.py
[2026-07-01T03:47:43.467+0000] {processor.py:830} INFO - Processing file /opt/airflow/dags/dag_shipment_sim.py for tasks to queue
[2026-07-01T03:47:43.468+0000] {logging_mixin.py:188} INFO - [2026-07-01T03:47:43.468+0000] {dagbag.py:545} INFO - Filling up the DagBag from /opt/airflow/dags/dag_shipment_sim.py
[2026-07-01T03:47:43.476+0000] {processor.py:840} INFO - DAG(s) 'dag_shipment_sim' retrieved from /opt/airflow/dags/dag_shipment_sim.py
[2026-07-01T03:47:43.486+0000] {logging_mixin.py:188} INFO - [2026-07-01T03:47:43.486+0000] {dag.py:3096} INFO - Sync 1 DAGs
[2026-07-01T03:47:43.494+0000] {logging_mixin.py:188} INFO - [2026-07-01T03:47:43.494+0000] {dag.py:3954} INFO - Setting next_dagrun for dag_shipment_sim to 2026-07-01 03:00:00+00:00, run_after=2026-07-01 04:00:00+00:00
[2026-07-01T03:47:43.502+0000] {processor.py:183} INFO - Processing /opt/airflow/dags/dag_shipment_sim.py took 0.039 seconds
[2026-07-01T03:48:14.388+0000] {processor.py:161} INFO - Started process (PID=681) to work on /opt/airflow/dags/dag_shipment_sim.py
[2026-07-01T03:48:14.389+0000] {processor.py:830} INFO - Processing file /opt/airflow/dags/dag_shipment_sim.py for tasks to queue
[2026-07-01T03:48:14.389+0000] {logging_mixin.py:188} INFO - [2026-07-01T03:48:14.389+0000] {dagbag.py:545} INFO - Filling up the DagBag from /opt/airflow/dags/dag_shipment_sim.py
[2026-07-01T03:48:14.397+0000] {processor.py:840} INFO - DAG(s) 'dag_shipment_sim' retrieved from /opt/airflow/dags/dag_shipment_sim.py
[2026-07-01T03:48:14.407+0000] {logging_mixin.py:188} INFO - [2026-07-01T03:48:14.407+0000] {dag.py:3096} INFO - Sync 1 DAGs
[2026-07-01T03:48:14.416+0000] {logging_mixin.py:188} INFO - [2026-07-01T03:48:14.416+0000] {dag.py:3954} INFO - Setting next_dagrun for dag_shipment_sim to 2026-07-01 03:00:00+00:00, run_after=2026-07-01 04:00:00+00:00
[2026-07-01T03:48:14.426+0000] {processor.py:183} INFO - Processing /opt/airflow/dags/dag_shipment_sim.py took 0.040 seconds
[2026-07-01T03:48:45.408+0000] {processor.py:161} INFO - Started process (PID=718) to work on /opt/airflow/dags/dag_shipment_sim.py
[2026-07-01T03:48:45.409+0000] {processor.py:830} INFO - Processing file /opt/airflow/dags/dag_shipment_sim.py for tasks to queue
[2026-07-01T03:48:45.410+0000] {logging_mixin.py:188} INFO - [2026-07-01T03:48:45.409+0000] {dagbag.py:545} INFO - Filling up the DagBag from /opt/airflow/dags/dag_shipment_sim.py
[2026-07-01T03:48:45.417+0000] {processor.py:840} INFO - DAG(s) 'dag_shipment_sim' retrieved from /opt/airflow/dags/dag_shipment_sim.py
[2026-07-01T03:48:45.427+0000] {logging_mixin.py:188} INFO - [2026-07-01T03:48:45.427+0000] {dag.py:3096} INFO - Sync 1 DAGs
[2026-07-01T03:48:45.435+0000] {logging_mixin.py:188} INFO - [2026-07-01T03:48:45.435+0000] {dag.py:3954} INFO - Setting next_dagrun for dag_shipment_sim to 2026-07-01 03:00:00+00:00, run_after=2026-07-01 04:00:00+00:00
[2026-07-01T03:48:45.442+0000] {processor.py:183} INFO - Processing /opt/airflow/dags/dag_shipment_sim.py took 0.037 seconds
[2026-07-01T03:49:16.298+0000] {processor.py:161} INFO - Started process (PID=755) to work on /opt/airflow/dags/dag_shipment_sim.py
[2026-07-01T03:49:16.299+0000] {processor.py:830} INFO - Processing file /opt/airflow/dags/dag_shipment_sim.py for tasks to queue
[2026-07-01T03:49:16.300+0000] {logging_mixin.py:188} INFO - [2026-07-01T03:49:16.300+0000] {dagbag.py:545} INFO - Filling up the DagBag from /opt/airflow/dags/dag_shipment_sim.py
[2026-07-01T03:49:16.309+0000] {processor.py:840} INFO - DAG(s) 'dag_shipment_sim' retrieved from /opt/airflow/dags/dag_shipment_sim.py
[2026-07-01T03:49:16.321+0000] {logging_mixin.py:188} INFO - [2026-07-01T03:49:16.321+0000] {dag.py:3096} INFO - Sync 1 DAGs
[2026-07-01T03:49:16.330+0000] {logging_mixin.py:188} INFO - [2026-07-01T03:49:16.330+0000] {dag.py:3954} INFO - Setting next_dagrun for dag_shipment_sim to 2026-07-01 03:00:00+00:00, run_after=2026-07-01 04:00:00+00:00
[2026-07-01T03:49:16.338+0000] {processor.py:183} INFO - Processing /opt/airflow/dags/dag_shipment_sim.py took 0.042 seconds
[2026-07-01T03:49:47.282+0000] {processor.py:161} INFO - Started process (PID=792) to work on /opt/airflow/dags/dag_shipment_sim.py
[2026-07-01T03:49:47.283+0000] {processor.py:830} INFO - Processing file /opt/airflow/dags/dag_shipment_sim.py for tasks to queue
[2026-07-01T03:49:47.284+0000] {logging_mixin.py:188} INFO - [2026-07-01T03:49:47.284+0000] {dagbag.py:545} INFO - Filling up the DagBag from /opt/airflow/dags/dag_shipment_sim.py
[2026-07-01T03:49:47.296+0000] {processor.py:840} INFO - DAG(s) 'dag_shipment_sim' retrieved from /opt/airflow/dags/dag_shipment_sim.py
[2026-07-01T03:49:47.307+0000] {logging_mixin.py:188} INFO - [2026-07-01T03:49:47.307+0000] {dag.py:3096} INFO - Sync 1 DAGs
[2026-07-01T03:49:47.316+0000] {logging_mixin.py:188} INFO - [2026-07-01T03:49:47.315+0000] {dag.py:3954} INFO - Setting next_dagrun for dag_shipment_sim to 2026-07-01 03:00:00+00:00, run_after=2026-07-01 04:00:00+00:00
[2026-07-01T03:49:47.324+0000] {processor.py:183} INFO - Processing /opt/airflow/dags/dag_shipment_sim.py took 0.044 seconds
[2026-07-01T03:50:18.232+0000] {processor.py:161} INFO - Started process (PID=829) to work on /opt/airflow/dags/dag_shipment_sim.py
[2026-07-01T03:50:18.233+0000] {processor.py:830} INFO - Processing file /opt/airflow/dags/dag_shipment_sim.py for tasks to queue
[2026-07-01T03:50:18.234+0000] {logging_mixin.py:188} INFO - [2026-07-01T03:50:18.233+0000] {dagbag.py:545} INFO - Filling up the DagBag from /opt/airflow/dags/dag_shipment_sim.py
[2026-07-01T03:50:18.241+0000] {processor.py:840} INFO - DAG(s) 'dag_shipment_sim' retrieved from /opt/airflow/dags/dag_shipment_sim.py
[2026-07-01T03:50:18.252+0000] {logging_mixin.py:188} INFO - [2026-07-01T03:50:18.252+0000] {dag.py:3096} INFO - Sync 1 DAGs
[2026-07-01T03:50:18.261+0000] {logging_mixin.py:188} INFO - [2026-07-01T03:50:18.261+0000] {dag.py:3954} INFO - Setting next_dagrun for dag_shipment_sim to 2026-07-01 03:00:00+00:00, run_after=2026-07-01 04:00:00+00:00
[2026-07-01T03:50:18.268+0000] {processor.py:183} INFO - Processing /opt/airflow/dags/dag_shipment_sim.py took 0.038 seconds
[2026-07-01T03:50:49.228+0000] {processor.py:161} INFO - Started process (PID=866) to work on /opt/airflow/dags/dag_shipment_sim.py
[2026-07-01T03:50:49.228+0000] {processor.py:830} INFO - Processing file /opt/airflow/dags/dag_shipment_sim.py for tasks to queue
[2026-07-01T03:50:49.229+0000] {logging_mixin.py:188} INFO - [2026-07-01T03:50:49.229+0000] {dagbag.py:545} INFO - Filling up the DagBag from /opt/airflow/dags/dag_shipment_sim.py
[2026-07-01T03:50:49.239+0000] {processor.py:840} INFO - DAG(s) 'dag_shipment_sim' retrieved from /opt/airflow/dags/dag_shipment_sim.py
[2026-07-01T03:50:49.253+0000] {logging_mixin.py:188} INFO - [2026-07-01T03:50:49.253+0000] {dag.py:3096} INFO - Sync 1 DAGs
[2026-07-01T03:50:49.263+0000] {logging_mixin.py:188} INFO - [2026-07-01T03:50:49.263+0000] {dag.py:3954} INFO - Setting next_dagrun for dag_shipment_sim to 2026-07-01 03:00:00+00:00, run_after=2026-07-01 04:00:00+00:00
[2026-07-01T03:50:49.271+0000] {processor.py:183} INFO - Processing /opt/airflow/dags/dag_shipment_sim.py took 0.046 seconds
[2026-07-01T03:51:20.225+0000] {processor.py:161} INFO - Started process (PID=903) to work on /opt/airflow/dags/dag_shipment_sim.py
[2026-07-01T03:51:20.226+0000] {processor.py:830} INFO - Processing file /opt/airflow/dags/dag_shipment_sim.py for tasks to queue
[2026-07-01T03:51:20.227+0000] {logging_mixin.py:188} INFO - [2026-07-01T03:51:20.227+0000] {dagbag.py:545} INFO - Filling up the DagBag from /opt/airflow/dags/dag_shipment_sim.py
[2026-07-01T03:51:20.242+0000] {processor.py:840} INFO - DAG(s) 'dag_shipment_sim' retrieved from /opt/airflow/dags/dag_shipment_sim.py
[2026-07-01T03:51:20.257+0000] {logging_mixin.py:188} INFO - [2026-07-01T03:51:20.257+0000] {dag.py:3096} INFO - Sync 1 DAGs
[2026-07-01T03:51:20.270+0000] {logging_mixin.py:188} INFO - [2026-07-01T03:51:20.270+0000] {dag.py:3954} INFO - Setting next_dagrun for dag_shipment_sim to 2026-07-01 03:00:00+00:00, run_after=2026-07-01 04:00:00+00:00
[2026-07-01T03:51:20.282+0000] {processor.py:183} INFO - Processing /opt/airflow/dags/dag_shipment_sim.py took 0.061 seconds
[2026-07-01T03:51:51.144+0000] {processor.py:161} INFO - Started process (PID=940) to work on /opt/airflow/dags/dag_shipment_sim.py
[2026-07-01T03:51:51.144+0000] {processor.py:830} INFO - Processing file /opt/airflow/dags/dag_shipment_sim.py for tasks to queue
[2026-07-01T03:51:51.145+0000] {logging_mixin.py:188} INFO - [2026-07-01T03:51:51.145+0000] {dagbag.py:545} INFO - Filling up the DagBag from /opt/airflow/dags/dag_shipment_sim.py
[2026-07-01T03:51:51.153+0000] {processor.py:840} INFO - DAG(s) 'dag_shipment_sim' retrieved from /opt/airflow/dags/dag_shipment_sim.py
[2026-07-01T03:51:51.167+0000] {logging_mixin.py:188} INFO - [2026-07-01T03:51:51.166+0000] {dag.py:3096} INFO - Sync 1 DAGs
[2026-07-01T03:51:51.175+0000] {logging_mixin.py:188} INFO - [2026-07-01T03:51:51.175+0000] {dag.py:3954} INFO - Setting next_dagrun for dag_shipment_sim to 2026-07-01 03:00:00+00:00, run_after=2026-07-01 04:00:00+00:00
[2026-07-01T03:51:51.182+0000] {processor.py:183} INFO - Processing /opt/airflow/dags/dag_shipment_sim.py took 0.041 seconds
[2026-07-01T03:52:22.079+0000] {processor.py:161} INFO - Started process (PID=977) to work on /opt/airflow/dags/dag_shipment_sim.py
[2026-07-01T03:52:22.080+0000] {processor.py:830} INFO - Processing file /opt/airflow/dags/dag_shipment_sim.py for tasks to queue
[2026-07-01T03:52:22.081+0000] {logging_mixin.py:188} INFO - [2026-07-01T03:52:22.080+0000] {dagbag.py:545} INFO - Filling up the DagBag from /opt/airflow/dags/dag_shipment_sim.py
[2026-07-01T03:52:22.089+0000] {processor.py:840} INFO - DAG(s) 'dag_shipment_sim' retrieved from /opt/airflow/dags/dag_shipment_sim.py
[2026-07-01T03:52:22.100+0000] {logging_mixin.py:188} INFO - [2026-07-01T03:52:22.100+0000] {dag.py:3096} INFO - Sync 1 DAGs
[2026-07-01T03:52:22.110+0000] {logging_mixin.py:188} INFO - [2026-07-01T03:52:22.110+0000] {dag.py:3954} INFO - Setting next_dagrun for dag_shipment_sim to 2026-07-01 03:00:00+00:00, run_after=2026-07-01 04:00:00+00:00
[2026-07-01T03:52:22.117+0000] {processor.py:183} INFO - Processing /opt/airflow/dags/dag_shipment_sim.py took 0.041 seconds
[2026-07-01T03:52:53.075+0000] {processor.py:161} INFO - Started process (PID=1014) to work on /opt/airflow/dags/dag_shipment_sim.py
[2026-07-01T03:52:53.075+0000] {processor.py:830} INFO - Processing file /opt/airflow/dags/dag_shipment_sim.py for tasks to queue
[2026-07-01T03:52:53.076+0000] {logging_mixin.py:188} INFO - [2026-07-01T03:52:53.076+0000] {dagbag.py:545} INFO - Filling up the DagBag from /opt/airflow/dags/dag_shipment_sim.py
[2026-07-01T03:52:53.085+0000] {processor.py:840} INFO - DAG(s) 'dag_shipment_sim' retrieved from /opt/airflow/dags/dag_shipment_sim.py
[2026-07-01T03:52:53.099+0000] {logging_mixin.py:188} INFO - [2026-07-01T03:52:53.099+0000] {dag.py:3096} INFO - Sync 1 DAGs
[2026-07-01T03:52:53.107+0000] {logging_mixin.py:188} INFO - [2026-07-01T03:52:53.107+0000] {dag.py:3954} INFO - Setting next_dagrun for dag_shipment_sim to 2026-07-01 03:00:00+00:00, run_after=2026-07-01 04:00:00+00:00
[2026-07-01T03:52:53.114+0000] {processor.py:183} INFO - Processing /opt/airflow/dags/dag_shipment_sim.py took 0.042 seconds
[2026-07-01T03:53:24.107+0000] {processor.py:161} INFO - Started process (PID=1118) to work on /opt/airflow/dags/dag_shipment_sim.py
[2026-07-01T03:53:24.108+0000] {processor.py:830} INFO - Processing file /opt/airflow/dags/dag_shipment_sim.py for tasks to queue
[2026-07-01T03:53:24.109+0000] {logging_mixin.py:188} INFO - [2026-07-01T03:53:24.109+0000] {dagbag.py:545} INFO - Filling up the DagBag from /opt/airflow/dags/dag_shipment_sim.py
[2026-07-01T03:53:24.119+0000] {processor.py:840} INFO - DAG(s) 'dag_shipment_sim' retrieved from /opt/airflow/dags/dag_shipment_sim.py
[2026-07-01T03:53:24.131+0000] {logging_mixin.py:188} INFO - [2026-07-01T03:53:24.131+0000] {dag.py:3096} INFO - Sync 1 DAGs
[2026-07-01T03:53:24.142+0000] {logging_mixin.py:188} INFO - [2026-07-01T03:53:24.142+0000] {dag.py:3954} INFO - Setting next_dagrun for dag_shipment_sim to 2026-07-01 03:00:00+00:00, run_after=2026-07-01 04:00:00+00:00
[2026-07-01T03:53:24.152+0000] {processor.py:183} INFO - Processing /opt/airflow/dags/dag_shipment_sim.py took 0.048 seconds
[2026-07-01T03:53:55.062+0000] {processor.py:161} INFO - Started process (PID=1314) to work on /opt/airflow/dags/dag_shipment_sim.py
[2026-07-01T03:53:55.063+0000] {processor.py:830} INFO - Processing file /opt/airflow/dags/dag_shipment_sim.py for tasks to queue
[2026-07-01T03:53:55.063+0000] {logging_mixin.py:188} INFO - [2026-07-01T03:53:55.063+0000] {dagbag.py:545} INFO - Filling up the DagBag from /opt/airflow/dags/dag_shipment_sim.py
[2026-07-01T03:53:55.071+0000] {processor.py:840} INFO - DAG(s) 'dag_shipment_sim' retrieved from /opt/airflow/dags/dag_shipment_sim.py
[2026-07-01T03:53:55.080+0000] {logging_mixin.py:188} INFO - [2026-07-01T03:53:55.080+0000] {dag.py:3096} INFO - Sync 1 DAGs
[2026-07-01T03:53:55.089+0000] {logging_mixin.py:188} INFO - [2026-07-01T03:53:55.089+0000] {dag.py:3954} INFO - Setting next_dagrun for dag_shipment_sim to 2026-07-01 03:00:00+00:00, run_after=2026-07-01 04:00:00+00:00
[2026-07-01T03:53:55.096+0000] {processor.py:183} INFO - Processing /opt/airflow/dags/dag_shipment_sim.py took 0.037 seconds
[2026-07-01T03:54:26.024+0000] {processor.py:161} INFO - Started process (PID=1351) to work on /opt/airflow/dags/dag_shipment_sim.py
[2026-07-01T03:54:26.025+0000] {processor.py:830} INFO - Processing file /opt/airflow/dags/dag_shipment_sim.py for tasks to queue
[2026-07-01T03:54:26.025+0000] {logging_mixin.py:188} INFO - [2026-07-01T03:54:26.025+0000] {dagbag.py:545} INFO - Filling up the DagBag from /opt/airflow/dags/dag_shipment_sim.py
[2026-07-01T03:54:26.036+0000] {processor.py:840} INFO - DAG(s) 'dag_shipment_sim' retrieved from /opt/airflow/dags/dag_shipment_sim.py
[2026-07-01T03:54:26.046+0000] {logging_mixin.py:188} INFO - [2026-07-01T03:54:26.046+0000] {dag.py:3096} INFO - Sync 1 DAGs
[2026-07-01T03:54:26.054+0000] {logging_mixin.py:188} INFO - [2026-07-01T03:54:26.054+0000] {dag.py:3954} INFO - Setting next_dagrun for dag_shipment_sim to 2026-07-01 03:00:00+00:00, run_after=2026-07-01 04:00:00+00:00
[2026-07-01T03:54:26.061+0000] {processor.py:183} INFO - Processing /opt/airflow/dags/dag_shipment_sim.py took 0.041 seconds
[2026-07-01T03:54:57.050+0000] {processor.py:161} INFO - Started process (PID=1755) to work on /opt/airflow/dags/dag_shipment_sim.py
[2026-07-01T03:54:57.051+0000] {processor.py:830} INFO - Processing file /opt/airflow/dags/dag_shipment_sim.py for tasks to queue
[2026-07-01T03:54:57.052+0000] {logging_mixin.py:188} INFO - [2026-07-01T03:54:57.052+0000] {dagbag.py:545} INFO - Filling up the DagBag from /opt/airflow/dags/dag_shipment_sim.py
[2026-07-01T03:54:57.060+0000] {processor.py:840} INFO - DAG(s) 'dag_shipment_sim' retrieved from /opt/airflow/dags/dag_shipment_sim.py
[2026-07-01T03:54:57.069+0000] {logging_mixin.py:188} INFO - [2026-07-01T03:54:57.069+0000] {dag.py:3096} INFO - Sync 1 DAGs
[2026-07-01T03:54:57.077+0000] {logging_mixin.py:188} INFO - [2026-07-01T03:54:57.077+0000] {dag.py:3954} INFO - Setting next_dagrun for dag_shipment_sim to 2026-07-01 03:00:00+00:00, run_after=2026-07-01 04:00:00+00:00
[2026-07-01T03:54:57.084+0000] {processor.py:183} INFO - Processing /opt/airflow/dags/dag_shipment_sim.py took 0.036 seconds
[2026-07-01T03:55:27.943+0000] {processor.py:161} INFO - Started process (PID=1792) to work on /opt/airflow/dags/dag_shipment_sim.py
[2026-07-01T03:55:27.944+0000] {processor.py:830} INFO - Processing file /opt/airflow/dags/dag_shipment_sim.py for tasks to queue
[2026-07-01T03:55:27.945+0000] {logging_mixin.py:188} INFO - [2026-07-01T03:55:27.945+0000] {dagbag.py:545} INFO - Filling up the DagBag from /opt/airflow/dags/dag_shipment_sim.py
[2026-07-01T03:55:27.955+0000] {processor.py:840} INFO - DAG(s) 'dag_shipment_sim' retrieved from /opt/airflow/dags/dag_shipment_sim.py
[2026-07-01T03:55:27.968+0000] {logging_mixin.py:188} INFO - [2026-07-01T03:55:27.968+0000] {dag.py:3096} INFO - Sync 1 DAGs
[2026-07-01T03:55:27.977+0000] {logging_mixin.py:188} INFO - [2026-07-01T03:55:27.977+0000] {dag.py:3954} INFO - Setting next_dagrun for dag_shipment_sim to 2026-07-01 03:00:00+00:00, run_after=2026-07-01 04:00:00+00:00
[2026-07-01T03:55:27.985+0000] {processor.py:183} INFO - Processing /opt/airflow/dags/dag_shipment_sim.py took 0.046 seconds
[2026-07-01T03:55:58.834+0000] {processor.py:161} INFO - Started process (PID=1829) to work on /opt/airflow/dags/dag_shipment_sim.py
[2026-07-01T03:55:58.834+0000] {processor.py:830} INFO - Processing file /opt/airflow/dags/dag_shipment_sim.py for tasks to queue
[2026-07-01T03:55:58.835+0000] {logging_mixin.py:188} INFO - [2026-07-01T03:55:58.835+0000] {dagbag.py:545} INFO - Filling up the DagBag from /opt/airflow/dags/dag_shipment_sim.py
[2026-07-01T03:55:58.843+0000] {processor.py:840} INFO - DAG(s) 'dag_shipment_sim' retrieved from /opt/airflow/dags/dag_shipment_sim.py
[2026-07-01T03:55:58.854+0000] {logging_mixin.py:188} INFO - [2026-07-01T03:55:58.854+0000] {dag.py:3096} INFO - Sync 1 DAGs
[2026-07-01T03:55:58.862+0000] {logging_mixin.py:188} INFO - [2026-07-01T03:55:58.862+0000] {dag.py:3954} INFO - Setting next_dagrun for dag_shipment_sim to 2026-07-01 03:00:00+00:00, run_after=2026-07-01 04:00:00+00:00
[2026-07-01T03:55:58.869+0000] {processor.py:183} INFO - Processing /opt/airflow/dags/dag_shipment_sim.py took 0.037 seconds
[2026-07-01T03:56:29.901+0000] {processor.py:161} INFO - Started process (PID=1866) to work on /opt/airflow/dags/dag_shipment_sim.py
[2026-07-01T03:56:29.902+0000] {processor.py:830} INFO - Processing file /opt/airflow/dags/dag_shipment_sim.py for tasks to queue
[2026-07-01T03:56:29.903+0000] {logging_mixin.py:188} INFO - [2026-07-01T03:56:29.902+0000] {dagbag.py:545} INFO - Filling up the DagBag from /opt/airflow/dags/dag_shipment_sim.py
[2026-07-01T03:56:29.911+0000] {processor.py:840} INFO - DAG(s) 'dag_shipment_sim' retrieved from /opt/airflow/dags/dag_shipment_sim.py
[2026-07-01T03:56:29.920+0000] {logging_mixin.py:188} INFO - [2026-07-01T03:56:29.920+0000] {dag.py:3096} INFO - Sync 1 DAGs
[2026-07-01T03:56:29.928+0000] {logging_mixin.py:188} INFO - [2026-07-01T03:56:29.928+0000] {dag.py:3954} INFO - Setting next_dagrun for dag_shipment_sim to 2026-07-01 03:00:00+00:00, run_after=2026-07-01 04:00:00+00:00
[2026-07-01T03:56:29.935+0000] {processor.py:183} INFO - Processing /opt/airflow/dags/dag_shipment_sim.py took 0.037 seconds
[2026-07-01T03:57:01.114+0000] {processor.py:161} INFO - Started process (PID=1903) to work on /opt/airflow/dags/dag_shipment_sim.py
[2026-07-01T03:57:01.115+0000] {processor.py:830} INFO - Processing file /opt/airflow/dags/dag_shipment_sim.py for tasks to queue
[2026-07-01T03:57:01.116+0000] {logging_mixin.py:188} INFO - [2026-07-01T03:57:01.115+0000] {dagbag.py:545} INFO - Filling up the DagBag from /opt/airflow/dags/dag_shipment_sim.py
[2026-07-01T03:57:01.125+0000] {processor.py:840} INFO - DAG(s) 'dag_shipment_sim' retrieved from /opt/airflow/dags/dag_shipment_sim.py
[2026-07-01T03:57:01.139+0000] {logging_mixin.py:188} INFO - [2026-07-01T03:57:01.139+0000] {dag.py:3096} INFO - Sync 1 DAGs
[2026-07-01T03:57:01.153+0000] {logging_mixin.py:188} INFO - [2026-07-01T03:57:01.153+0000] {dag.py:3954} INFO - Setting next_dagrun for dag_shipment_sim to 2026-07-01 03:00:00+00:00, run_after=2026-07-01 04:00:00+00:00
[2026-07-01T03:57:01.164+0000] {processor.py:183} INFO - Processing /opt/airflow/dags/dag_shipment_sim.py took 0.054 seconds
[2026-07-01T03:57:32.155+0000] {processor.py:161} INFO - Started process (PID=1940) to work on /opt/airflow/dags/dag_shipment_sim.py
[2026-07-01T03:57:32.157+0000] {processor.py:830} INFO - Processing file /opt/airflow/dags/dag_shipment_sim.py for tasks to queue
[2026-07-01T03:57:32.160+0000] {logging_mixin.py:188} INFO - [2026-07-01T03:57:32.159+0000] {dagbag.py:545} INFO - Filling up the DagBag from /opt/airflow/dags/dag_shipment_sim.py
[2026-07-01T03:57:32.191+0000] {processor.py:840} INFO - DAG(s) 'dag_shipment_sim' retrieved from /opt/airflow/dags/dag_shipment_sim.py
[2026-07-01T03:57:32.220+0000] {logging_mixin.py:188} INFO - [2026-07-01T03:57:32.220+0000] {dag.py:3096} INFO - Sync 1 DAGs
[2026-07-01T03:57:32.245+0000] {logging_mixin.py:188} INFO - [2026-07-01T03:57:32.245+0000] {dag.py:3954} INFO - Setting next_dagrun for dag_shipment_sim to 2026-07-01 03:00:00+00:00, run_after=2026-07-01 04:00:00+00:00
[2026-07-01T03:57:32.259+0000] {processor.py:183} INFO - Processing /opt/airflow/dags/dag_shipment_sim.py took 0.122 seconds
[2026-07-01T03:58:02.517+0000] {processor.py:161} INFO - Started process (PID=1977) to work on /opt/airflow/dags/dag_shipment_sim.py
[2026-07-01T03:58:02.518+0000] {processor.py:830} INFO - Processing file /opt/airflow/dags/dag_shipment_sim.py for tasks to queue
[2026-07-01T03:58:02.520+0000] {logging_mixin.py:188} INFO - [2026-07-01T03:58:02.520+0000] {dagbag.py:545} INFO - Filling up the DagBag from /opt/airflow/dags/dag_shipment_sim.py
[2026-07-01T03:58:02.534+0000] {processor.py:840} INFO - DAG(s) 'dag_shipment_sim' retrieved from /opt/airflow/dags/dag_shipment_sim.py
[2026-07-01T03:58:02.551+0000] {logging_mixin.py:188} INFO - [2026-07-01T03:58:02.551+0000] {dag.py:3096} INFO - Sync 1 DAGs
[2026-07-01T03:58:02.563+0000] {logging_mixin.py:188} INFO - [2026-07-01T03:58:02.563+0000] {dag.py:3954} INFO - Setting next_dagrun for dag_shipment_sim to 2026-07-01 03:00:00+00:00, run_after=2026-07-01 04:00:00+00:00
[2026-07-01T03:58:02.572+0000] {processor.py:183} INFO - Processing /opt/airflow/dags/dag_shipment_sim.py took 0.060 seconds
[2026-07-01T03:58:33.509+0000] {processor.py:161} INFO - Started process (PID=2014) to work on /opt/airflow/dags/dag_shipment_sim.py
[2026-07-01T03:58:33.510+0000] {processor.py:830} INFO - Processing file /opt/airflow/dags/dag_shipment_sim.py for tasks to queue
[2026-07-01T03:58:33.511+0000] {logging_mixin.py:188} INFO - [2026-07-01T03:58:33.511+0000] {dagbag.py:545} INFO - Filling up the DagBag from /opt/airflow/dags/dag_shipment_sim.py
[2026-07-01T03:58:33.519+0000] {processor.py:840} INFO - DAG(s) 'dag_shipment_sim' retrieved from /opt/airflow/dags/dag_shipment_sim.py
[2026-07-01T03:58:33.531+0000] {logging_mixin.py:188} INFO - [2026-07-01T03:58:33.531+0000] {dag.py:3096} INFO - Sync 1 DAGs
[2026-07-01T03:58:33.541+0000] {logging_mixin.py:188} INFO - [2026-07-01T03:58:33.541+0000] {dag.py:3954} INFO - Setting next_dagrun for dag_shipment_sim to 2026-07-01 03:00:00+00:00, run_after=2026-07-01 04:00:00+00:00
[2026-07-01T03:58:33.549+0000] {processor.py:183} INFO - Processing /opt/airflow/dags/dag_shipment_sim.py took 0.043 seconds
[2026-07-01T03:59:04.231+0000] {processor.py:161} INFO - Started process (PID=2051) to work on /opt/airflow/dags/dag_shipment_sim.py
[2026-07-01T03:59:04.232+0000] {processor.py:830} INFO - Processing file /opt/airflow/dags/dag_shipment_sim.py for tasks to queue
[2026-07-01T03:59:04.248+0000] {logging_mixin.py:188} INFO - [2026-07-01T03:59:04.248+0000] {dagbag.py:545} INFO - Filling up the DagBag from /opt/airflow/dags/dag_shipment_sim.py
[2026-07-01T03:59:04.259+0000] {processor.py:840} INFO - DAG(s) 'dag_shipment_sim' retrieved from /opt/airflow/dags/dag_shipment_sim.py
[2026-07-01T03:59:04.273+0000] {logging_mixin.py:188} INFO - [2026-07-01T03:59:04.273+0000] {dag.py:3096} INFO - Sync 1 DAGs
[2026-07-01T03:59:04.282+0000] {logging_mixin.py:188} INFO - [2026-07-01T03:59:04.282+0000] {dag.py:3954} INFO - Setting next_dagrun for dag_shipment_sim to 2026-07-01 03:00:00+00:00, run_after=2026-07-01 04:00:00+00:00
[2026-07-01T03:59:04.291+0000] {processor.py:183} INFO - Processing /opt/airflow/dags/dag_shipment_sim.py took 0.064 seconds
[2026-07-01T03:59:35.018+0000] {processor.py:161} INFO - Started process (PID=2088) to work on /opt/airflow/dags/dag_shipment_sim.py
[2026-07-01T03:59:35.019+0000] {processor.py:830} INFO - Processing file /opt/airflow/dags/dag_shipment_sim.py for tasks to queue
[2026-07-01T03:59:35.020+0000] {logging_mixin.py:188} INFO - [2026-07-01T03:59:35.020+0000] {dagbag.py:545} INFO - Filling up the DagBag from /opt/airflow/dags/dag_shipment_sim.py
[2026-07-01T03:59:35.030+0000] {processor.py:840} INFO - DAG(s) 'dag_shipment_sim' retrieved from /opt/airflow/dags/dag_shipment_sim.py
[2026-07-01T03:59:35.041+0000] {logging_mixin.py:188} INFO - [2026-07-01T03:59:35.041+0000] {dag.py:3096} INFO - Sync 1 DAGs
[2026-07-01T03:59:35.051+0000] {logging_mixin.py:188} INFO - [2026-07-01T03:59:35.051+0000] {dag.py:3954} INFO - Setting next_dagrun for dag_shipment_sim to 2026-07-01 03:00:00+00:00, run_after=2026-07-01 04:00:00+00:00
[2026-07-01T03:59:35.059+0000] {processor.py:183} INFO - Processing /opt/airflow/dags/dag_shipment_sim.py took 0.044 seconds
[2026-07-01T04:00:05.861+0000] {processor.py:161} INFO - Started process (PID=2288) to work on /opt/airflow/dags/dag_shipment_sim.py
[2026-07-01T04:00:05.863+0000] {processor.py:830} INFO - Processing file /opt/airflow/dags/dag_shipment_sim.py for tasks to queue
[2026-07-01T04:00:05.864+0000] {logging_mixin.py:188} INFO - [2026-07-01T04:00:05.864+0000] {dagbag.py:545} INFO - Filling up the DagBag from /opt/airflow/dags/dag_shipment_sim.py
[2026-07-01T04:00:05.882+0000] {processor.py:840} INFO - DAG(s) 'dag_shipment_sim' retrieved from /opt/airflow/dags/dag_shipment_sim.py
[2026-07-01T04:00:05.908+0000] {logging_mixin.py:188} INFO - [2026-07-01T04:00:05.908+0000] {dag.py:3096} INFO - Sync 1 DAGs
[2026-07-01T04:00:05.928+0000] {logging_mixin.py:188} INFO - [2026-07-01T04:00:05.928+0000] {dag.py:3954} INFO - Setting next_dagrun for dag_shipment_sim to 2026-07-01 04:00:00+00:00, run_after=2026-07-01 05:00:00+00:00
[2026-07-01T04:00:05.941+0000] {processor.py:183} INFO - Processing /opt/airflow/dags/dag_shipment_sim.py took 0.090 seconds
[2026-07-01T04:00:36.706+0000] {processor.py:161} INFO - Started process (PID=2370) to work on /opt/airflow/dags/dag_shipment_sim.py
[2026-07-01T04:00:36.707+0000] {processor.py:830} INFO - Processing file /opt/airflow/dags/dag_shipment_sim.py for tasks to queue
[2026-07-01T04:00:36.707+0000] {logging_mixin.py:188} INFO - [2026-07-01T04:00:36.707+0000] {dagbag.py:545} INFO - Filling up the DagBag from /opt/airflow/dags/dag_shipment_sim.py
[2026-07-01T04:00:36.724+0000] {processor.py:840} INFO - DAG(s) 'dag_shipment_sim' retrieved from /opt/airflow/dags/dag_shipment_sim.py
[2026-07-01T04:00:36.735+0000] {logging_mixin.py:188} INFO - [2026-07-01T04:00:36.735+0000] {dag.py:3096} INFO - Sync 1 DAGs
[2026-07-01T04:00:36.744+0000] {logging_mixin.py:188} INFO - [2026-07-01T04:00:36.743+0000] {dag.py:3954} INFO - Setting next_dagrun for dag_shipment_sim to 2026-07-01 04:00:00+00:00, run_after=2026-07-01 05:00:00+00:00
[2026-07-01T04:00:36.751+0000] {processor.py:183} INFO - Processing /opt/airflow/dags/dag_shipment_sim.py took 0.047 seconds
[2026-07-01T04:01:07.616+0000] {processor.py:161} INFO - Started process (PID=2407) to work on /opt/airflow/dags/dag_shipment_sim.py
[2026-07-01T04:01:07.617+0000] {processor.py:830} INFO - Processing file /opt/airflow/dags/dag_shipment_sim.py for tasks to queue
[2026-07-01T04:01:07.617+0000] {logging_mixin.py:188} INFO - [2026-07-01T04:01:07.617+0000] {dagbag.py:545} INFO - Filling up the DagBag from /opt/airflow/dags/dag_shipment_sim.py
[2026-07-01T04:01:07.627+0000] {processor.py:840} INFO - DAG(s) 'dag_shipment_sim' retrieved from /opt/airflow/dags/dag_shipment_sim.py
[2026-07-01T04:01:07.639+0000] {logging_mixin.py:188} INFO - [2026-07-01T04:01:07.639+0000] {dag.py:3096} INFO - Sync 1 DAGs
[2026-07-01T04:01:07.648+0000] {logging_mixin.py:188} INFO - [2026-07-01T04:01:07.648+0000] {dag.py:3954} INFO - Setting next_dagrun for dag_shipment_sim to 2026-07-01 04:00:00+00:00, run_after=2026-07-01 05:00:00+00:00
[2026-07-01T04:01:07.656+0000] {processor.py:183} INFO - Processing /opt/airflow/dags/dag_shipment_sim.py took 0.045 seconds
[2026-07-01T04:01:37.898+0000] {processor.py:161} INFO - Started process (PID=2444) to work on /opt/airflow/dags/dag_shipment_sim.py
[2026-07-01T04:01:37.899+0000] {processor.py:830} INFO - Processing file /opt/airflow/dags/dag_shipment_sim.py for tasks to queue
[2026-07-01T04:01:37.900+0000] {logging_mixin.py:188} INFO - [2026-07-01T04:01:37.900+0000] {dagbag.py:545} INFO - Filling up the DagBag from /opt/airflow/dags/dag_shipment_sim.py
[2026-07-01T04:01:37.912+0000] {processor.py:840} INFO - DAG(s) 'dag_shipment_sim' retrieved from /opt/airflow/dags/dag_shipment_sim.py
[2026-07-01T04:01:37.930+0000] {logging_mixin.py:188} INFO - [2026-07-01T04:01:37.930+0000] {dag.py:3096} INFO - Sync 1 DAGs
[2026-07-01T04:01:37.944+0000] {logging_mixin.py:188} INFO - [2026-07-01T04:01:37.943+0000] {dag.py:3954} INFO - Setting next_dagrun for dag_shipment_sim to 2026-07-01 04:00:00+00:00, run_after=2026-07-01 05:00:00+00:00
[2026-07-01T04:01:37.955+0000] {processor.py:183} INFO - Processing /opt/airflow/dags/dag_shipment_sim.py took 0.062 seconds
[2026-07-01T04:02:08.528+0000] {processor.py:161} INFO - Started process (PID=2761) to work on /opt/airflow/dags/dag_shipment_sim.py
[2026-07-01T04:02:08.528+0000] {processor.py:830} INFO - Processing file /opt/airflow/dags/dag_shipment_sim.py for tasks to queue
[2026-07-01T04:02:08.529+0000] {logging_mixin.py:188} INFO - [2026-07-01T04:02:08.529+0000] {dagbag.py:545} INFO - Filling up the DagBag from /opt/airflow/dags/dag_shipment_sim.py
[2026-07-01T04:02:08.536+0000] {processor.py:840} INFO - DAG(s) 'dag_shipment_sim' retrieved from /opt/airflow/dags/dag_shipment_sim.py
[2026-07-01T04:02:08.545+0000] {logging_mixin.py:188} INFO - [2026-07-01T04:02:08.545+0000] {dag.py:3096} INFO - Sync 1 DAGs
[2026-07-01T04:02:08.552+0000] {logging_mixin.py:188} INFO - [2026-07-01T04:02:08.552+0000] {dag.py:3954} INFO - Setting next_dagrun for dag_shipment_sim to 2026-07-01 04:00:00+00:00, run_after=2026-07-01 05:00:00+00:00
[2026-07-01T04:02:08.560+0000] {processor.py:183} INFO - Processing /opt/airflow/dags/dag_shipment_sim.py took 0.035 seconds
[2026-07-01T04:02:39.161+0000] {processor.py:161} INFO - Started process (PID=3179) to work on /opt/airflow/dags/dag_shipment_sim.py
[2026-07-01T04:02:39.162+0000] {processor.py:830} INFO - Processing file /opt/airflow/dags/dag_shipment_sim.py for tasks to queue
[2026-07-01T04:02:39.163+0000] {logging_mixin.py:188} INFO - [2026-07-01T04:02:39.163+0000] {dagbag.py:545} INFO - Filling up the DagBag from /opt/airflow/dags/dag_shipment_sim.py
[2026-07-01T04:02:39.172+0000] {processor.py:840} INFO - DAG(s) 'dag_shipment_sim' retrieved from /opt/airflow/dags/dag_shipment_sim.py
[2026-07-01T04:02:39.183+0000] {logging_mixin.py:188} INFO - [2026-07-01T04:02:39.183+0000] {dag.py:3096} INFO - Sync 1 DAGs
[2026-07-01T04:02:39.193+0000] {logging_mixin.py:188} INFO - [2026-07-01T04:02:39.193+0000] {dag.py:3954} INFO - Setting next_dagrun for dag_shipment_sim to 2026-07-01 04:00:00+00:00, run_after=2026-07-01 05:00:00+00:00
[2026-07-01T04:02:39.200+0000] {processor.py:183} INFO - Processing /opt/airflow/dags/dag_shipment_sim.py took 0.043 seconds
[2026-07-01T04:03:10.166+0000] {processor.py:161} INFO - Started process (PID=3216) to work on /opt/airflow/dags/dag_shipment_sim.py
[2026-07-01T04:03:10.167+0000] {processor.py:830} INFO - Processing file /opt/airflow/dags/dag_shipment_sim.py for tasks to queue
[2026-07-01T04:03:10.168+0000] {logging_mixin.py:188} INFO - [2026-07-01T04:03:10.168+0000] {dagbag.py:545} INFO - Filling up the DagBag from /opt/airflow/dags/dag_shipment_sim.py
[2026-07-01T04:03:10.177+0000] {processor.py:840} INFO - DAG(s) 'dag_shipment_sim' retrieved from /opt/airflow/dags/dag_shipment_sim.py
[2026-07-01T04:03:10.189+0000] {logging_mixin.py:188} INFO - [2026-07-01T04:03:10.189+0000] {dag.py:3096} INFO - Sync 1 DAGs
[2026-07-01T04:03:10.197+0000] {logging_mixin.py:188} INFO - [2026-07-01T04:03:10.197+0000] {dag.py:3954} INFO - Setting next_dagrun for dag_shipment_sim to 2026-07-01 04:00:00+00:00, run_after=2026-07-01 05:00:00+00:00
[2026-07-01T04:03:10.205+0000] {processor.py:183} INFO - Processing /opt/airflow/dags/dag_shipment_sim.py took 0.052 seconds
[2026-07-01T04:03:41.113+0000] {processor.py:161} INFO - Started process (PID=3253) to work on /opt/airflow/dags/dag_shipment_sim.py
[2026-07-01T04:03:41.114+0000] {processor.py:830} INFO - Processing file /opt/airflow/dags/dag_shipment_sim.py for tasks to queue
[2026-07-01T04:03:41.115+0000] {logging_mixin.py:188} INFO - [2026-07-01T04:03:41.115+0000] {dagbag.py:545} INFO - Filling up the DagBag from /opt/airflow/dags/dag_shipment_sim.py
[2026-07-01T04:03:41.139+0000] {processor.py:840} INFO - DAG(s) 'dag_shipment_sim' retrieved from /opt/airflow/dags/dag_shipment_sim.py
[2026-07-01T04:03:41.152+0000] {logging_mixin.py:188} INFO - [2026-07-01T04:03:41.152+0000] {dag.py:3096} INFO - Sync 1 DAGs
[2026-07-01T04:03:41.162+0000] {logging_mixin.py:188} INFO - [2026-07-01T04:03:41.162+0000] {dag.py:3954} INFO - Setting next_dagrun for dag_shipment_sim to 2026-07-01 04:00:00+00:00, run_after=2026-07-01 05:00:00+00:00
[2026-07-01T04:03:41.171+0000] {processor.py:183} INFO - Processing /opt/airflow/dags/dag_shipment_sim.py took 0.061 seconds
[2026-07-01T04:04:11.950+0000] {processor.py:161} INFO - Started process (PID=3290) to work on /opt/airflow/dags/dag_shipment_sim.py
[2026-07-01T04:04:11.950+0000] {processor.py:830} INFO - Processing file /opt/airflow/dags/dag_shipment_sim.py for tasks to queue
[2026-07-01T04:04:11.951+0000] {logging_mixin.py:188} INFO - [2026-07-01T04:04:11.951+0000] {dagbag.py:545} INFO - Filling up the DagBag from /opt/airflow/dags/dag_shipment_sim.py
[2026-07-01T04:04:11.962+0000] {processor.py:840} INFO - DAG(s) 'dag_shipment_sim' retrieved from /opt/airflow/dags/dag_shipment_sim.py
[2026-07-01T04:04:11.972+0000] {logging_mixin.py:188} INFO - [2026-07-01T04:04:11.972+0000] {dag.py:3096} INFO - Sync 1 DAGs
[2026-07-01T04:04:11.980+0000] {logging_mixin.py:188} INFO - [2026-07-01T04:04:11.980+0000] {dag.py:3954} INFO - Setting next_dagrun for dag_shipment_sim to 2026-07-01 04:00:00+00:00, run_after=2026-07-01 05:00:00+00:00
[2026-07-01T04:04:11.987+0000] {processor.py:183} INFO - Processing /opt/airflow/dags/dag_shipment_sim.py took 0.041 seconds
[2026-07-01T04:04:42.908+0000] {processor.py:161} INFO - Started process (PID=3327) to work on /opt/airflow/dags/dag_shipment_sim.py
[2026-07-01T04:04:42.909+0000] {processor.py:830} INFO - Processing file /opt/airflow/dags/dag_shipment_sim.py for tasks to queue
[2026-07-01T04:04:42.910+0000] {logging_mixin.py:188} INFO - [2026-07-01T04:04:42.910+0000] {dagbag.py:545} INFO - Filling up the DagBag from /opt/airflow/dags/dag_shipment_sim.py
[2026-07-01T04:04:42.921+0000] {processor.py:840} INFO - DAG(s) 'dag_shipment_sim' retrieved from /opt/airflow/dags/dag_shipment_sim.py
[2026-07-01T04:04:42.937+0000] {logging_mixin.py:188} INFO - [2026-07-01T04:04:42.937+0000] {dag.py:3096} INFO - Sync 1 DAGs
[2026-07-01T04:04:42.947+0000] {logging_mixin.py:188} INFO - [2026-07-01T04:04:42.947+0000] {dag.py:3954} INFO - Setting next_dagrun for dag_shipment_sim to 2026-07-01 04:00:00+00:00, run_after=2026-07-01 05:00:00+00:00
[2026-07-01T04:04:42.957+0000] {processor.py:183} INFO - Processing /opt/airflow/dags/dag_shipment_sim.py took 0.052 seconds
[2026-07-01T04:05:13.886+0000] {processor.py:161} INFO - Started process (PID=3364) to work on /opt/airflow/dags/dag_shipment_sim.py
[2026-07-01T04:05:13.887+0000] {processor.py:830} INFO - Processing file /opt/airflow/dags/dag_shipment_sim.py for tasks to queue
[2026-07-01T04:05:13.888+0000] {logging_mixin.py:188} INFO - [2026-07-01T04:05:13.888+0000] {dagbag.py:545} INFO - Filling up the DagBag from /opt/airflow/dags/dag_shipment_sim.py
[2026-07-01T04:05:13.896+0000] {processor.py:840} INFO - DAG(s) 'dag_shipment_sim' retrieved from /opt/airflow/dags/dag_shipment_sim.py
[2026-07-01T04:05:13.910+0000] {logging_mixin.py:188} INFO - [2026-07-01T04:05:13.910+0000] {dag.py:3096} INFO - Sync 1 DAGs
[2026-07-01T04:05:13.920+0000] {logging_mixin.py:188} INFO - [2026-07-01T04:05:13.919+0000] {dag.py:3954} INFO - Setting next_dagrun for dag_shipment_sim to 2026-07-01 04:00:00+00:00, run_after=2026-07-01 05:00:00+00:00
[2026-07-01T04:05:13.927+0000] {processor.py:183} INFO - Processing /opt/airflow/dags/dag_shipment_sim.py took 0.044 seconds
[2026-07-01T04:05:44.806+0000] {processor.py:161} INFO - Started process (PID=3401) to work on /opt/airflow/dags/dag_shipment_sim.py
[2026-07-01T04:05:44.807+0000] {processor.py:830} INFO - Processing file /opt/airflow/dags/dag_shipment_sim.py for tasks to queue
[2026-07-01T04:05:44.808+0000] {logging_mixin.py:188} INFO - [2026-07-01T04:05:44.808+0000] {dagbag.py:545} INFO - Filling up the DagBag from /opt/airflow/dags/dag_shipment_sim.py
[2026-07-01T04:05:44.818+0000] {processor.py:840} INFO - DAG(s) 'dag_shipment_sim' retrieved from /opt/airflow/dags/dag_shipment_sim.py
[2026-07-01T04:05:44.830+0000] {logging_mixin.py:188} INFO - [2026-07-01T04:05:44.830+0000] {dag.py:3096} INFO - Sync 1 DAGs
[2026-07-01T04:05:44.841+0000] {logging_mixin.py:188} INFO - [2026-07-01T04:05:44.841+0000] {dag.py:3954} INFO - Setting next_dagrun for dag_shipment_sim to 2026-07-01 04:00:00+00:00, run_after=2026-07-01 05:00:00+00:00
[2026-07-01T04:05:44.852+0000] {processor.py:183} INFO - Processing /opt/airflow/dags/dag_shipment_sim.py took 0.049 seconds
[2026-07-01T04:06:15.182+0000] {processor.py:161} INFO - Started process (PID=3438) to work on /opt/airflow/dags/dag_shipment_sim.py
[2026-07-01T04:06:15.183+0000] {processor.py:830} INFO - Processing file /opt/airflow/dags/dag_shipment_sim.py for tasks to queue
[2026-07-01T04:06:15.184+0000] {logging_mixin.py:188} INFO - [2026-07-01T04:06:15.184+0000] {dagbag.py:545} INFO - Filling up the DagBag from /opt/airflow/dags/dag_shipment_sim.py
[2026-07-01T04:06:15.197+0000] {processor.py:840} INFO - DAG(s) 'dag_shipment_sim' retrieved from /opt/airflow/dags/dag_shipment_sim.py
[2026-07-01T04:06:15.218+0000] {logging_mixin.py:188} INFO - [2026-07-01T04:06:15.217+0000] {dag.py:3096} INFO - Sync 1 DAGs
[2026-07-01T04:06:15.235+0000] {logging_mixin.py:188} INFO - [2026-07-01T04:06:15.235+0000] {dag.py:3954} INFO - Setting next_dagrun for dag_shipment_sim to 2026-07-01 04:00:00+00:00, run_after=2026-07-01 05:00:00+00:00
[2026-07-01T04:06:15.252+0000] {processor.py:183} INFO - Processing /opt/airflow/dags/dag_shipment_sim.py took 0.077 seconds
[2026-07-01T04:06:45.979+0000] {processor.py:161} INFO - Started process (PID=3559) to work on /opt/airflow/dags/dag_shipment_sim.py
[2026-07-01T04:06:45.980+0000] {processor.py:830} INFO - Processing file /opt/airflow/dags/dag_shipment_sim.py for tasks to queue
[2026-07-01T04:06:45.985+0000] {logging_mixin.py:188} INFO - [2026-07-01T04:06:45.985+0000] {dagbag.py:545} INFO - Filling up the DagBag from /opt/airflow/dags/dag_shipment_sim.py
[2026-07-01T04:06:46.005+0000] {processor.py:840} INFO - DAG(s) 'dag_shipment_sim' retrieved from /opt/airflow/dags/dag_shipment_sim.py
[2026-07-01T04:06:46.029+0000] {logging_mixin.py:188} INFO - [2026-07-01T04:06:46.028+0000] {dag.py:3096} INFO - Sync 1 DAGs
[2026-07-01T04:06:46.070+0000] {logging_mixin.py:188} INFO - [2026-07-01T04:06:46.069+0000] {dag.py:3954} INFO - Setting next_dagrun for dag_shipment_sim to 2026-07-01 04:00:00+00:00, run_after=2026-07-01 05:00:00+00:00
[2026-07-01T04:06:46.095+0000] {processor.py:183} INFO - Processing /opt/airflow/dags/dag_shipment_sim.py took 0.123 seconds
[2026-07-01T04:07:16.240+0000] {processor.py:161} INFO - Started process (PID=4307) to work on /opt/airflow/dags/dag_shipment_sim.py
[2026-07-01T04:07:16.241+0000] {processor.py:830} INFO - Processing file /opt/airflow/dags/dag_shipment_sim.py for tasks to queue
[2026-07-01T04:07:16.242+0000] {logging_mixin.py:188} INFO - [2026-07-01T04:07:16.241+0000] {dagbag.py:545} INFO - Filling up the DagBag from /opt/airflow/dags/dag_shipment_sim.py
[2026-07-01T04:07:16.256+0000] {processor.py:840} INFO - DAG(s) 'dag_shipment_sim' retrieved from /opt/airflow/dags/dag_shipment_sim.py
[2026-07-01T04:07:16.271+0000] {logging_mixin.py:188} INFO - [2026-07-01T04:07:16.270+0000] {dag.py:3096} INFO - Sync 1 DAGs
[2026-07-01T04:07:16.285+0000] {logging_mixin.py:188} INFO - [2026-07-01T04:07:16.284+0000] {dag.py:3954} INFO - Setting next_dagrun for dag_shipment_sim to 2026-07-01 04:00:00+00:00, run_after=2026-07-01 05:00:00+00:00
[2026-07-01T04:07:16.296+0000] {processor.py:183} INFO - Processing /opt/airflow/dags/dag_shipment_sim.py took 0.061 seconds
[2026-07-01T04:07:46.507+0000] {processor.py:161} INFO - Started process (PID=4344) to work on /opt/airflow/dags/dag_shipment_sim.py
[2026-07-01T04:07:46.508+0000] {processor.py:830} INFO - Processing file /opt/airflow/dags/dag_shipment_sim.py for tasks to queue
[2026-07-01T04:07:46.509+0000] {logging_mixin.py:188} INFO - [2026-07-01T04:07:46.508+0000] {dagbag.py:545} INFO - Filling up the DagBag from /opt/airflow/dags/dag_shipment_sim.py
[2026-07-01T04:07:46.520+0000] {processor.py:840} INFO - DAG(s) 'dag_shipment_sim' retrieved from /opt/airflow/dags/dag_shipment_sim.py
[2026-07-01T04:07:46.531+0000] {logging_mixin.py:188} INFO - [2026-07-01T04:07:46.531+0000] {dag.py:3096} INFO - Sync 1 DAGs
[2026-07-01T04:07:46.540+0000] {logging_mixin.py:188} INFO - [2026-07-01T04:07:46.540+0000] {dag.py:3954} INFO - Setting next_dagrun for dag_shipment_sim to 2026-07-01 04:00:00+00:00, run_after=2026-07-01 05:00:00+00:00
[2026-07-01T04:07:46.548+0000] {processor.py:183} INFO - Processing /opt/airflow/dags/dag_shipment_sim.py took 0.046 seconds
[2026-07-01T04:08:17.413+0000] {processor.py:161} INFO - Started process (PID=4381) to work on /opt/airflow/dags/dag_shipment_sim.py
[2026-07-01T04:08:17.413+0000] {processor.py:830} INFO - Processing file /opt/airflow/dags/dag_shipment_sim.py for tasks to queue
[2026-07-01T04:08:17.414+0000] {logging_mixin.py:188} INFO - [2026-07-01T04:08:17.414+0000] {dagbag.py:545} INFO - Filling up the DagBag from /opt/airflow/dags/dag_shipment_sim.py
[2026-07-01T04:08:17.422+0000] {processor.py:840} INFO - DAG(s) 'dag_shipment_sim' retrieved from /opt/airflow/dags/dag_shipment_sim.py
[2026-07-01T04:08:17.431+0000] {logging_mixin.py:188} INFO - [2026-07-01T04:08:17.431+0000] {dag.py:3096} INFO - Sync 1 DAGs
[2026-07-01T04:08:17.439+0000] {logging_mixin.py:188} INFO - [2026-07-01T04:08:17.439+0000] {dag.py:3954} INFO - Setting next_dagrun for dag_shipment_sim to 2026-07-01 04:00:00+00:00, run_after=2026-07-01 05:00:00+00:00
[2026-07-01T04:08:17.446+0000] {processor.py:183} INFO - Processing /opt/airflow/dags/dag_shipment_sim.py took 0.036 seconds
[2026-07-01T04:08:48.336+0000] {processor.py:161} INFO - Started process (PID=4418) to work on /opt/airflow/dags/dag_shipment_sim.py
[2026-07-01T04:08:48.337+0000] {processor.py:830} INFO - Processing file /opt/airflow/dags/dag_shipment_sim.py for tasks to queue
[2026-07-01T04:08:48.337+0000] {logging_mixin.py:188} INFO - [2026-07-01T04:08:48.337+0000] {dagbag.py:545} INFO - Filling up the DagBag from /opt/airflow/dags/dag_shipment_sim.py
[2026-07-01T04:08:48.344+0000] {processor.py:840} INFO - DAG(s) 'dag_shipment_sim' retrieved from /opt/airflow/dags/dag_shipment_sim.py
[2026-07-01T04:08:48.354+0000] {logging_mixin.py:188} INFO - [2026-07-01T04:08:48.354+0000] {dag.py:3096} INFO - Sync 1 DAGs
[2026-07-01T04:08:48.363+0000] {logging_mixin.py:188} INFO - [2026-07-01T04:08:48.363+0000] {dag.py:3954} INFO - Setting next_dagrun for dag_shipment_sim to 2026-07-01 04:00:00+00:00, run_after=2026-07-01 05:00:00+00:00
[2026-07-01T04:08:48.369+0000] {processor.py:183} INFO - Processing /opt/airflow/dags/dag_shipment_sim.py took 0.038 seconds
[2026-07-01T04:09:19.138+0000] {processor.py:161} INFO - Started process (PID=4455) to work on /opt/airflow/dags/dag_shipment_sim.py
[2026-07-01T04:09:19.139+0000] {processor.py:830} INFO - Processing file /opt/airflow/dags/dag_shipment_sim.py for tasks to queue
[2026-07-01T04:09:19.140+0000] {logging_mixin.py:188} INFO - [2026-07-01T04:09:19.140+0000] {dagbag.py:545} INFO - Filling up the DagBag from /opt/airflow/dags/dag_shipment_sim.py
[2026-07-01T04:09:19.152+0000] {processor.py:840} INFO - DAG(s) 'dag_shipment_sim' retrieved from /opt/airflow/dags/dag_shipment_sim.py
[2026-07-01T04:09:19.164+0000] {logging_mixin.py:188} INFO - [2026-07-01T04:09:19.164+0000] {dag.py:3096} INFO - Sync 1 DAGs
[2026-07-01T04:09:19.172+0000] {logging_mixin.py:188} INFO - [2026-07-01T04:09:19.172+0000] {dag.py:3954} INFO - Setting next_dagrun for dag_shipment_sim to 2026-07-01 04:00:00+00:00, run_after=2026-07-01 05:00:00+00:00
[2026-07-01T04:09:19.180+0000] {processor.py:183} INFO - Processing /opt/airflow/dags/dag_shipment_sim.py took 0.045 seconds
[2026-07-01T04:09:50.124+0000] {processor.py:161} INFO - Started process (PID=4492) to work on /opt/airflow/dags/dag_shipment_sim.py
[2026-07-01T04:09:50.125+0000] {processor.py:830} INFO - Processing file /opt/airflow/dags/dag_shipment_sim.py for tasks to queue
[2026-07-01T04:09:50.126+0000] {logging_mixin.py:188} INFO - [2026-07-01T04:09:50.126+0000] {dagbag.py:545} INFO - Filling up the DagBag from /opt/airflow/dags/dag_shipment_sim.py
[2026-07-01T04:09:50.136+0000] {processor.py:840} INFO - DAG(s) 'dag_shipment_sim' retrieved from /opt/airflow/dags/dag_shipment_sim.py
[2026-07-01T04:09:50.153+0000] {logging_mixin.py:188} INFO - [2026-07-01T04:09:50.153+0000] {dag.py:3096} INFO - Sync 1 DAGs
[2026-07-01T04:09:50.163+0000] {logging_mixin.py:188} INFO - [2026-07-01T04:09:50.163+0000] {dag.py:3954} INFO - Setting next_dagrun for dag_shipment_sim to 2026-07-01 04:00:00+00:00, run_after=2026-07-01 05:00:00+00:00
[2026-07-01T04:09:50.172+0000] {processor.py:183} INFO - Processing /opt/airflow/dags/dag_shipment_sim.py took 0.053 seconds
[2026-07-01T04:10:20.938+0000] {processor.py:161} INFO - Started process (PID=4529) to work on /opt/airflow/dags/dag_shipment_sim.py
[2026-07-01T04:10:20.939+0000] {processor.py:830} INFO - Processing file /opt/airflow/dags/dag_shipment_sim.py for tasks to queue
[2026-07-01T04:10:20.940+0000] {logging_mixin.py:188} INFO - [2026-07-01T04:10:20.940+0000] {dagbag.py:545} INFO - Filling up the DagBag from /opt/airflow/dags/dag_shipment_sim.py
[2026-07-01T04:10:20.947+0000] {processor.py:840} INFO - DAG(s) 'dag_shipment_sim' retrieved from /opt/airflow/dags/dag_shipment_sim.py
[2026-07-01T04:10:20.959+0000] {logging_mixin.py:188} INFO - [2026-07-01T04:10:20.959+0000] {dag.py:3096} INFO - Sync 1 DAGs
[2026-07-01T04:10:20.968+0000] {logging_mixin.py:188} INFO - [2026-07-01T04:10:20.968+0000] {dag.py:3954} INFO - Setting next_dagrun for dag_shipment_sim to 2026-07-01 04:00:00+00:00, run_after=2026-07-01 05:00:00+00:00
[2026-07-01T04:10:20.976+0000] {processor.py:183} INFO - Processing /opt/airflow/dags/dag_shipment_sim.py took 0.043 seconds
[2026-07-01T04:10:51.582+0000] {processor.py:161} INFO - Started process (PID=4566) to work on /opt/airflow/dags/dag_shipment_sim.py
[2026-07-01T04:10:51.584+0000] {processor.py:830} INFO - Processing file /opt/airflow/dags/dag_shipment_sim.py for tasks to queue
[2026-07-01T04:10:51.585+0000] {logging_mixin.py:188} INFO - [2026-07-01T04:10:51.584+0000] {dagbag.py:545} INFO - Filling up the DagBag from /opt/airflow/dags/dag_shipment_sim.py
[2026-07-01T04:10:51.592+0000] {processor.py:840} INFO - DAG(s) 'dag_shipment_sim' retrieved from /opt/airflow/dags/dag_shipment_sim.py
[2026-07-01T04:10:51.602+0000] {logging_mixin.py:188} INFO - [2026-07-01T04:10:51.602+0000] {dag.py:3096} INFO - Sync 1 DAGs
[2026-07-01T04:10:51.610+0000] {logging_mixin.py:188} INFO - [2026-07-01T04:10:51.610+0000] {dag.py:3954} INFO - Setting next_dagrun for dag_shipment_sim to 2026-07-01 04:00:00+00:00, run_after=2026-07-01 05:00:00+00:00
[2026-07-01T04:10:51.617+0000] {processor.py:183} INFO - Processing /opt/airflow/dags/dag_shipment_sim.py took 0.041 seconds
[2026-07-01T04:11:22.427+0000] {processor.py:161} INFO - Started process (PID=4603) to work on /opt/airflow/dags/dag_shipment_sim.py
[2026-07-01T04:11:22.428+0000] {processor.py:830} INFO - Processing file /opt/airflow/dags/dag_shipment_sim.py for tasks to queue
[2026-07-01T04:11:22.429+0000] {logging_mixin.py:188} INFO - [2026-07-01T04:11:22.429+0000] {dagbag.py:545} INFO - Filling up the DagBag from /opt/airflow/dags/dag_shipment_sim.py
[2026-07-01T04:11:22.436+0000] {processor.py:840} INFO - DAG(s) 'dag_shipment_sim' retrieved from /opt/airflow/dags/dag_shipment_sim.py
[2026-07-01T04:11:22.445+0000] {logging_mixin.py:188} INFO - [2026-07-01T04:11:22.445+0000] {dag.py:3096} INFO - Sync 1 DAGs
[2026-07-01T04:11:22.453+0000] {logging_mixin.py:188} INFO - [2026-07-01T04:11:22.453+0000] {dag.py:3954} INFO - Setting next_dagrun for dag_shipment_sim to 2026-07-01 04:00:00+00:00, run_after=2026-07-01 05:00:00+00:00
[2026-07-01T04:11:22.459+0000] {processor.py:183} INFO - Processing /opt/airflow/dags/dag_shipment_sim.py took 0.037 seconds
[2026-07-01T04:11:53.437+0000] {processor.py:161} INFO - Started process (PID=4640) to work on /opt/airflow/dags/dag_shipment_sim.py
[2026-07-01T04:11:53.438+0000] {processor.py:830} INFO - Processing file /opt/airflow/dags/dag_shipment_sim.py for tasks to queue
[2026-07-01T04:11:53.438+0000] {logging_mixin.py:188} INFO - [2026-07-01T04:11:53.438+0000] {dagbag.py:545} INFO - Filling up the DagBag from /opt/airflow/dags/dag_shipment_sim.py
[2026-07-01T04:11:53.446+0000] {processor.py:840} INFO - DAG(s) 'dag_shipment_sim' retrieved from /opt/airflow/dags/dag_shipment_sim.py
[2026-07-01T04:11:53.456+0000] {logging_mixin.py:188} INFO - [2026-07-01T04:11:53.456+0000] {dag.py:3096} INFO - Sync 1 DAGs
[2026-07-01T04:11:53.464+0000] {logging_mixin.py:188} INFO - [2026-07-01T04:11:53.464+0000] {dag.py:3954} INFO - Setting next_dagrun for dag_shipment_sim to 2026-07-01 04:00:00+00:00, run_after=2026-07-01 05:00:00+00:00
[2026-07-01T04:11:53.472+0000] {processor.py:183} INFO - Processing /opt/airflow/dags/dag_shipment_sim.py took 0.038 seconds
[2026-07-01T04:12:24.436+0000] {processor.py:161} INFO - Started process (PID=4677) to work on /opt/airflow/dags/dag_shipment_sim.py
[2026-07-01T04:12:24.437+0000] {processor.py:830} INFO - Processing file /opt/airflow/dags/dag_shipment_sim.py for tasks to queue
[2026-07-01T04:12:24.438+0000] {logging_mixin.py:188} INFO - [2026-07-01T04:12:24.438+0000] {dagbag.py:545} INFO - Filling up the DagBag from /opt/airflow/dags/dag_shipment_sim.py
[2026-07-01T04:12:24.447+0000] {processor.py:840} INFO - DAG(s) 'dag_shipment_sim' retrieved from /opt/airflow/dags/dag_shipment_sim.py
[2026-07-01T04:12:24.463+0000] {logging_mixin.py:188} INFO - [2026-07-01T04:12:24.463+0000] {dag.py:3096} INFO - Sync 1 DAGs
[2026-07-01T04:12:24.474+0000] {logging_mixin.py:188} INFO - [2026-07-01T04:12:24.473+0000] {dag.py:3954} INFO - Setting next_dagrun for dag_shipment_sim to 2026-07-01 04:00:00+00:00, run_after=2026-07-01 05:00:00+00:00
[2026-07-01T04:12:24.482+0000] {processor.py:183} INFO - Processing /opt/airflow/dags/dag_shipment_sim.py took 0.049 seconds
[2026-07-01T04:12:55.142+0000] {processor.py:161} INFO - Started process (PID=4714) to work on /opt/airflow/dags/dag_shipment_sim.py
[2026-07-01T04:12:55.142+0000] {processor.py:830} INFO - Processing file /opt/airflow/dags/dag_shipment_sim.py for tasks to queue
[2026-07-01T04:12:55.143+0000] {logging_mixin.py:188} INFO - [2026-07-01T04:12:55.143+0000] {dagbag.py:545} INFO - Filling up the DagBag from /opt/airflow/dags/dag_shipment_sim.py
[2026-07-01T04:12:55.151+0000] {processor.py:840} INFO - DAG(s) 'dag_shipment_sim' retrieved from /opt/airflow/dags/dag_shipment_sim.py
[2026-07-01T04:12:55.161+0000] {logging_mixin.py:188} INFO - [2026-07-01T04:12:55.161+0000] {dag.py:3096} INFO - Sync 1 DAGs
[2026-07-01T04:12:55.169+0000] {logging_mixin.py:188} INFO - [2026-07-01T04:12:55.169+0000] {dag.py:3954} INFO - Setting next_dagrun for dag_shipment_sim to 2026-07-01 04:00:00+00:00, run_after=2026-07-01 05:00:00+00:00
[2026-07-01T04:12:55.176+0000] {processor.py:183} INFO - Processing /opt/airflow/dags/dag_shipment_sim.py took 0.037 seconds
[2026-07-01T04:13:25.748+0000] {processor.py:161} INFO - Started process (PID=4751) to work on /opt/airflow/dags/dag_shipment_sim.py
[2026-07-01T04:13:25.749+0000] {processor.py:830} INFO - Processing file /opt/airflow/dags/dag_shipment_sim.py for tasks to queue
[2026-07-01T04:13:25.750+0000] {logging_mixin.py:188} INFO - [2026-07-01T04:13:25.750+0000] {dagbag.py:545} INFO - Filling up the DagBag from /opt/airflow/dags/dag_shipment_sim.py
[2026-07-01T04:13:25.757+0000] {processor.py:840} INFO - DAG(s) 'dag_shipment_sim' retrieved from /opt/airflow/dags/dag_shipment_sim.py
[2026-07-01T04:13:25.766+0000] {logging_mixin.py:188} INFO - [2026-07-01T04:13:25.766+0000] {dag.py:3096} INFO - Sync 1 DAGs
[2026-07-01T04:13:25.774+0000] {logging_mixin.py:188} INFO - [2026-07-01T04:13:25.774+0000] {dag.py:3954} INFO - Setting next_dagrun for dag_shipment_sim to 2026-07-01 04:00:00+00:00, run_after=2026-07-01 05:00:00+00:00
[2026-07-01T04:13:25.781+0000] {processor.py:183} INFO - Processing /opt/airflow/dags/dag_shipment_sim.py took 0.035 seconds
[2026-07-01T04:13:56.132+0000] {processor.py:161} INFO - Started process (PID=4788) to work on /opt/airflow/dags/dag_shipment_sim.py
[2026-07-01T04:13:56.133+0000] {processor.py:830} INFO - Processing file /opt/airflow/dags/dag_shipment_sim.py for tasks to queue
[2026-07-01T04:13:56.134+0000] {logging_mixin.py:188} INFO - [2026-07-01T04:13:56.134+0000] {dagbag.py:545} INFO - Filling up the DagBag from /opt/airflow/dags/dag_shipment_sim.py
[2026-07-01T04:13:56.144+0000] {processor.py:840} INFO - DAG(s) 'dag_shipment_sim' retrieved from /opt/airflow/dags/dag_shipment_sim.py
[2026-07-01T04:13:56.157+0000] {logging_mixin.py:188} INFO - [2026-07-01T04:13:56.157+0000] {dag.py:3096} INFO - Sync 1 DAGs
[2026-07-01T04:13:56.168+0000] {logging_mixin.py:188} INFO - [2026-07-01T04:13:56.167+0000] {dag.py:3954} INFO - Setting next_dagrun for dag_shipment_sim to 2026-07-01 04:00:00+00:00, run_after=2026-07-01 05:00:00+00:00
[2026-07-01T04:13:56.179+0000] {processor.py:183} INFO - Processing /opt/airflow/dags/dag_shipment_sim.py took 0.051 seconds
[2026-07-01T04:14:26.498+0000] {processor.py:161} INFO - Started process (PID=4825) to work on /opt/airflow/dags/dag_shipment_sim.py
[2026-07-01T04:14:26.499+0000] {processor.py:830} INFO - Processing file /opt/airflow/dags/dag_shipment_sim.py for tasks to queue
[2026-07-01T04:14:26.499+0000] {logging_mixin.py:188} INFO - [2026-07-01T04:14:26.499+0000] {dagbag.py:545} INFO - Filling up the DagBag from /opt/airflow/dags/dag_shipment_sim.py
[2026-07-01T04:14:26.507+0000] {processor.py:840} INFO - DAG(s) 'dag_shipment_sim' retrieved from /opt/airflow/dags/dag_shipment_sim.py
[2026-07-01T04:14:26.519+0000] {logging_mixin.py:188} INFO - [2026-07-01T04:14:26.519+0000] {dag.py:3096} INFO - Sync 1 DAGs
[2026-07-01T04:14:26.528+0000] {logging_mixin.py:188} INFO - [2026-07-01T04:14:26.528+0000] {dag.py:3954} INFO - Setting next_dagrun for dag_shipment_sim to 2026-07-01 04:00:00+00:00, run_after=2026-07-01 05:00:00+00:00
[2026-07-01T04:14:26.535+0000] {processor.py:183} INFO - Processing /opt/airflow/dags/dag_shipment_sim.py took 0.048 seconds
[2026-07-01T04:14:57.430+0000] {processor.py:161} INFO - Started process (PID=4862) to work on /opt/airflow/dags/dag_shipment_sim.py
[2026-07-01T04:14:57.430+0000] {processor.py:830} INFO - Processing file /opt/airflow/dags/dag_shipment_sim.py for tasks to queue
[2026-07-01T04:14:57.431+0000] {logging_mixin.py:188} INFO - [2026-07-01T04:14:57.431+0000] {dagbag.py:545} INFO - Filling up the DagBag from /opt/airflow/dags/dag_shipment_sim.py
[2026-07-01T04:14:57.440+0000] {processor.py:840} INFO - DAG(s) 'dag_shipment_sim' retrieved from /opt/airflow/dags/dag_shipment_sim.py
[2026-07-01T04:14:57.451+0000] {logging_mixin.py:188} INFO - [2026-07-01T04:14:57.451+0000] {dag.py:3096} INFO - Sync 1 DAGs
[2026-07-01T04:14:57.459+0000] {logging_mixin.py:188} INFO - [2026-07-01T04:14:57.459+0000] {dag.py:3954} INFO - Setting next_dagrun for dag_shipment_sim to 2026-07-01 04:00:00+00:00, run_after=2026-07-01 05:00:00+00:00
[2026-07-01T04:14:57.466+0000] {processor.py:183} INFO - Processing /opt/airflow/dags/dag_shipment_sim.py took 0.050 seconds
[2026-07-01T04:15:28.171+0000] {processor.py:161} INFO - Started process (PID=4899) to work on /opt/airflow/dags/dag_shipment_sim.py
[2026-07-01T04:15:28.171+0000] {processor.py:830} INFO - Processing file /opt/airflow/dags/dag_shipment_sim.py for tasks to queue
[2026-07-01T04:15:28.172+0000] {logging_mixin.py:188} INFO - [2026-07-01T04:15:28.172+0000] {dagbag.py:545} INFO - Filling up the DagBag from /opt/airflow/dags/dag_shipment_sim.py
[2026-07-01T04:15:28.180+0000] {processor.py:840} INFO - DAG(s) 'dag_shipment_sim' retrieved from /opt/airflow/dags/dag_shipment_sim.py
[2026-07-01T04:15:28.190+0000] {logging_mixin.py:188} INFO - [2026-07-01T04:15:28.190+0000] {dag.py:3096} INFO - Sync 1 DAGs
[2026-07-01T04:15:28.199+0000] {logging_mixin.py:188} INFO - [2026-07-01T04:15:28.199+0000] {dag.py:3954} INFO - Setting next_dagrun for dag_shipment_sim to 2026-07-01 04:00:00+00:00, run_after=2026-07-01 05:00:00+00:00
[2026-07-01T04:15:28.205+0000] {processor.py:183} INFO - Processing /opt/airflow/dags/dag_shipment_sim.py took 0.038 seconds
[2026-07-01T04:15:58.834+0000] {processor.py:161} INFO - Started process (PID=4936) to work on /opt/airflow/dags/dag_shipment_sim.py
[2026-07-01T04:15:58.838+0000] {processor.py:830} INFO - Processing file /opt/airflow/dags/dag_shipment_sim.py for tasks to queue
[2026-07-01T04:15:58.839+0000] {logging_mixin.py:188} INFO - [2026-07-01T04:15:58.839+0000] {dagbag.py:545} INFO - Filling up the DagBag from /opt/airflow/dags/dag_shipment_sim.py
[2026-07-01T04:15:58.854+0000] {processor.py:840} INFO - DAG(s) 'dag_shipment_sim' retrieved from /opt/airflow/dags/dag_shipment_sim.py
[2026-07-01T04:15:58.867+0000] {logging_mixin.py:188} INFO - [2026-07-01T04:15:58.867+0000] {dag.py:3096} INFO - Sync 1 DAGs
[2026-07-01T04:15:58.878+0000] {logging_mixin.py:188} INFO - [2026-07-01T04:15:58.878+0000] {dag.py:3954} INFO - Setting next_dagrun for dag_shipment_sim to 2026-07-01 04:00:00+00:00, run_after=2026-07-01 05:00:00+00:00
[2026-07-01T04:15:58.888+0000] {processor.py:183} INFO - Processing /opt/airflow/dags/dag_shipment_sim.py took 0.061 seconds
[2026-07-01T04:16:29.410+0000] {processor.py:161} INFO - Started process (PID=4973) to work on /opt/airflow/dags/dag_shipment_sim.py
[2026-07-01T04:16:29.411+0000] {processor.py:830} INFO - Processing file /opt/airflow/dags/dag_shipment_sim.py for tasks to queue
[2026-07-01T04:16:29.412+0000] {logging_mixin.py:188} INFO - [2026-07-01T04:16:29.411+0000] {dagbag.py:545} INFO - Filling up the DagBag from /opt/airflow/dags/dag_shipment_sim.py
[2026-07-01T04:16:29.418+0000] {processor.py:840} INFO - DAG(s) 'dag_shipment_sim' retrieved from /opt/airflow/dags/dag_shipment_sim.py
[2026-07-01T04:16:29.428+0000] {logging_mixin.py:188} INFO - [2026-07-01T04:16:29.428+0000] {dag.py:3096} INFO - Sync 1 DAGs
[2026-07-01T04:16:29.436+0000] {logging_mixin.py:188} INFO - [2026-07-01T04:16:29.436+0000] {dag.py:3954} INFO - Setting next_dagrun for dag_shipment_sim to 2026-07-01 04:00:00+00:00, run_after=2026-07-01 05:00:00+00:00
[2026-07-01T04:16:29.442+0000] {processor.py:183} INFO - Processing /opt/airflow/dags/dag_shipment_sim.py took 0.035 seconds
[2026-07-01T04:17:00.047+0000] {processor.py:161} INFO - Started process (PID=5010) to work on /opt/airflow/dags/dag_shipment_sim.py
[2026-07-01T04:17:00.048+0000] {processor.py:830} INFO - Processing file /opt/airflow/dags/dag_shipment_sim.py for tasks to queue
[2026-07-01T04:17:00.049+0000] {logging_mixin.py:188} INFO - [2026-07-01T04:17:00.049+0000] {dagbag.py:545} INFO - Filling up the DagBag from /opt/airflow/dags/dag_shipment_sim.py
[2026-07-01T04:17:00.064+0000] {processor.py:840} INFO - DAG(s) 'dag_shipment_sim' retrieved from /opt/airflow/dags/dag_shipment_sim.py
[2026-07-01T04:17:00.082+0000] {logging_mixin.py:188} INFO - [2026-07-01T04:17:00.082+0000] {dag.py:3096} INFO - Sync 1 DAGs
[2026-07-01T04:17:00.091+0000] {logging_mixin.py:188} INFO - [2026-07-01T04:17:00.091+0000] {dag.py:3954} INFO - Setting next_dagrun for dag_shipment_sim to 2026-07-01 04:00:00+00:00, run_after=2026-07-01 05:00:00+00:00
[2026-07-01T04:17:00.100+0000] {processor.py:183} INFO - Processing /opt/airflow/dags/dag_shipment_sim.py took 0.055 seconds
[2026-07-01T04:17:31.048+0000] {processor.py:161} INFO - Started process (PID=5047) to work on /opt/airflow/dags/dag_shipment_sim.py
[2026-07-01T04:17:31.049+0000] {processor.py:830} INFO - Processing file /opt/airflow/dags/dag_shipment_sim.py for tasks to queue
[2026-07-01T04:17:31.049+0000] {logging_mixin.py:188} INFO - [2026-07-01T04:17:31.049+0000] {dagbag.py:545} INFO - Filling up the DagBag from /opt/airflow/dags/dag_shipment_sim.py
[2026-07-01T04:17:31.067+0000] {processor.py:840} INFO - DAG(s) 'dag_shipment_sim' retrieved from /opt/airflow/dags/dag_shipment_sim.py
[2026-07-01T04:17:31.082+0000] {logging_mixin.py:188} INFO - [2026-07-01T04:17:31.082+0000] {dag.py:3096} INFO - Sync 1 DAGs
[2026-07-01T04:17:31.091+0000] {logging_mixin.py:188} INFO - [2026-07-01T04:17:31.091+0000] {dag.py:3954} INFO - Setting next_dagrun for dag_shipment_sim to 2026-07-01 04:00:00+00:00, run_after=2026-07-01 05:00:00+00:00
[2026-07-01T04:17:31.098+0000] {processor.py:183} INFO - Processing /opt/airflow/dags/dag_shipment_sim.py took 0.053 seconds
[2026-07-01T04:18:01.648+0000] {processor.py:161} INFO - Started process (PID=5084) to work on /opt/airflow/dags/dag_shipment_sim.py
[2026-07-01T04:18:01.649+0000] {processor.py:830} INFO - Processing file /opt/airflow/dags/dag_shipment_sim.py for tasks to queue
[2026-07-01T04:18:01.649+0000] {logging_mixin.py:188} INFO - [2026-07-01T04:18:01.649+0000] {dagbag.py:545} INFO - Filling up the DagBag from /opt/airflow/dags/dag_shipment_sim.py
[2026-07-01T04:18:01.657+0000] {processor.py:840} INFO - DAG(s) 'dag_shipment_sim' retrieved from /opt/airflow/dags/dag_shipment_sim.py
[2026-07-01T04:18:01.668+0000] {logging_mixin.py:188} INFO - [2026-07-01T04:18:01.668+0000] {dag.py:3096} INFO - Sync 1 DAGs
[2026-07-01T04:18:01.677+0000] {logging_mixin.py:188} INFO - [2026-07-01T04:18:01.676+0000] {dag.py:3954} INFO - Setting next_dagrun for dag_shipment_sim to 2026-07-01 04:00:00+00:00, run_after=2026-07-01 05:00:00+00:00
[2026-07-01T04:18:01.683+0000] {processor.py:183} INFO - Processing /opt/airflow/dags/dag_shipment_sim.py took 0.041 seconds
[2026-07-01T04:18:32.636+0000] {processor.py:161} INFO - Started process (PID=5121) to work on /opt/airflow/dags/dag_shipment_sim.py
[2026-07-01T04:18:32.637+0000] {processor.py:830} INFO - Processing file /opt/airflow/dags/dag_shipment_sim.py for tasks to queue
[2026-07-01T04:18:32.638+0000] {logging_mixin.py:188} INFO - [2026-07-01T04:18:32.638+0000] {dagbag.py:545} INFO - Filling up the DagBag from /opt/airflow/dags/dag_shipment_sim.py
[2026-07-01T04:18:32.647+0000] {processor.py:840} INFO - DAG(s) 'dag_shipment_sim' retrieved from /opt/airflow/dags/dag_shipment_sim.py
[2026-07-01T04:18:32.671+0000] {logging_mixin.py:188} INFO - [2026-07-01T04:18:32.671+0000] {dag.py:3096} INFO - Sync 1 DAGs
[2026-07-01T04:18:32.683+0000] {logging_mixin.py:188} INFO - [2026-07-01T04:18:32.683+0000] {dag.py:3954} INFO - Setting next_dagrun for dag_shipment_sim to 2026-07-01 04:00:00+00:00, run_after=2026-07-01 05:00:00+00:00
[2026-07-01T04:18:32.691+0000] {processor.py:183} INFO - Processing /opt/airflow/dags/dag_shipment_sim.py took 0.059 seconds
[2026-07-01T04:19:03.543+0000] {processor.py:161} INFO - Started process (PID=5158) to work on /opt/airflow/dags/dag_shipment_sim.py
[2026-07-01T04:19:03.544+0000] {processor.py:830} INFO - Processing file /opt/airflow/dags/dag_shipment_sim.py for tasks to queue
[2026-07-01T04:19:03.545+0000] {logging_mixin.py:188} INFO - [2026-07-01T04:19:03.544+0000] {dagbag.py:545} INFO - Filling up the DagBag from /opt/airflow/dags/dag_shipment_sim.py
[2026-07-01T04:19:03.552+0000] {processor.py:840} INFO - DAG(s) 'dag_shipment_sim' retrieved from /opt/airflow/dags/dag_shipment_sim.py
[2026-07-01T04:19:03.561+0000] {logging_mixin.py:188} INFO - [2026-07-01T04:19:03.561+0000] {dag.py:3096} INFO - Sync 1 DAGs
[2026-07-01T04:19:03.569+0000] {logging_mixin.py:188} INFO - [2026-07-01T04:19:03.569+0000] {dag.py:3954} INFO - Setting next_dagrun for dag_shipment_sim to 2026-07-01 04:00:00+00:00, run_after=2026-07-01 05:00:00+00:00
[2026-07-01T04:19:03.576+0000] {processor.py:183} INFO - Processing /opt/airflow/dags/dag_shipment_sim.py took 0.036 seconds
[2026-07-01T04:19:34.539+0000] {processor.py:161} INFO - Started process (PID=5195) to work on /opt/airflow/dags/dag_shipment_sim.py
[2026-07-01T04:19:34.539+0000] {processor.py:830} INFO - Processing file /opt/airflow/dags/dag_shipment_sim.py for tasks to queue
[2026-07-01T04:19:34.540+0000] {logging_mixin.py:188} INFO - [2026-07-01T04:19:34.540+0000] {dagbag.py:545} INFO - Filling up the DagBag from /opt/airflow/dags/dag_shipment_sim.py
[2026-07-01T04:19:34.556+0000] {processor.py:840} INFO - DAG(s) 'dag_shipment_sim' retrieved from /opt/airflow/dags/dag_shipment_sim.py
[2026-07-01T04:19:34.571+0000] {logging_mixin.py:188} INFO - [2026-07-01T04:19:34.571+0000] {dag.py:3096} INFO - Sync 1 DAGs
[2026-07-01T04:19:34.585+0000] {logging_mixin.py:188} INFO - [2026-07-01T04:19:34.585+0000] {dag.py:3954} INFO - Setting next_dagrun for dag_shipment_sim to 2026-07-01 04:00:00+00:00, run_after=2026-07-01 05:00:00+00:00
[2026-07-01T04:19:34.596+0000] {processor.py:183} INFO - Processing /opt/airflow/dags/dag_shipment_sim.py took 0.071 seconds
[2026-07-01T04:20:05.336+0000] {processor.py:161} INFO - Started process (PID=5232) to work on /opt/airflow/dags/dag_shipment_sim.py
[2026-07-01T04:20:05.337+0000] {processor.py:830} INFO - Processing file /opt/airflow/dags/dag_shipment_sim.py for tasks to queue
[2026-07-01T04:20:05.338+0000] {logging_mixin.py:188} INFO - [2026-07-01T04:20:05.338+0000] {dagbag.py:545} INFO - Filling up the DagBag from /opt/airflow/dags/dag_shipment_sim.py
[2026-07-01T04:20:05.346+0000] {processor.py:840} INFO - DAG(s) 'dag_shipment_sim' retrieved from /opt/airflow/dags/dag_shipment_sim.py
[2026-07-01T04:20:05.357+0000] {logging_mixin.py:188} INFO - [2026-07-01T04:20:05.356+0000] {dag.py:3096} INFO - Sync 1 DAGs
[2026-07-01T04:20:05.364+0000] {logging_mixin.py:188} INFO - [2026-07-01T04:20:05.364+0000] {dag.py:3954} INFO - Setting next_dagrun for dag_shipment_sim to 2026-07-01 04:00:00+00:00, run_after=2026-07-01 05:00:00+00:00
[2026-07-01T04:20:05.371+0000] {processor.py:183} INFO - Processing /opt/airflow/dags/dag_shipment_sim.py took 0.038 seconds
[2026-07-01T04:20:36.201+0000] {processor.py:161} INFO - Started process (PID=5269) to work on /opt/airflow/dags/dag_shipment_sim.py
[2026-07-01T04:20:36.201+0000] {processor.py:830} INFO - Processing file /opt/airflow/dags/dag_shipment_sim.py for tasks to queue
[2026-07-01T04:20:36.202+0000] {logging_mixin.py:188} INFO - [2026-07-01T04:20:36.202+0000] {dagbag.py:545} INFO - Filling up the DagBag from /opt/airflow/dags/dag_shipment_sim.py
[2026-07-01T04:20:36.213+0000] {processor.py:840} INFO - DAG(s) 'dag_shipment_sim' retrieved from /opt/airflow/dags/dag_shipment_sim.py
[2026-07-01T04:20:36.223+0000] {logging_mixin.py:188} INFO - [2026-07-01T04:20:36.223+0000] {dag.py:3096} INFO - Sync 1 DAGs
[2026-07-01T04:20:36.231+0000] {logging_mixin.py:188} INFO - [2026-07-01T04:20:36.231+0000] {dag.py:3954} INFO - Setting next_dagrun for dag_shipment_sim to 2026-07-01 04:00:00+00:00, run_after=2026-07-01 05:00:00+00:00
[2026-07-01T04:20:36.238+0000] {processor.py:183} INFO - Processing /opt/airflow/dags/dag_shipment_sim.py took 0.040 seconds
[2026-07-01T04:21:07.082+0000] {processor.py:161} INFO - Started process (PID=5306) to work on /opt/airflow/dags/dag_shipment_sim.py
[2026-07-01T04:21:07.083+0000] {processor.py:830} INFO - Processing file /opt/airflow/dags/dag_shipment_sim.py for tasks to queue
[2026-07-01T04:21:07.084+0000] {logging_mixin.py:188} INFO - [2026-07-01T04:21:07.084+0000] {dagbag.py:545} INFO - Filling up the DagBag from /opt/airflow/dags/dag_shipment_sim.py
[2026-07-01T04:21:07.091+0000] {processor.py:840} INFO - DAG(s) 'dag_shipment_sim' retrieved from /opt/airflow/dags/dag_shipment_sim.py
[2026-07-01T04:21:07.100+0000] {logging_mixin.py:188} INFO - [2026-07-01T04:21:07.100+0000] {dag.py:3096} INFO - Sync 1 DAGs
[2026-07-01T04:21:07.107+0000] {logging_mixin.py:188} INFO - [2026-07-01T04:21:07.107+0000] {dag.py:3954} INFO - Setting next_dagrun for dag_shipment_sim to 2026-07-01 04:00:00+00:00, run_after=2026-07-01 05:00:00+00:00
[2026-07-01T04:21:07.114+0000] {processor.py:183} INFO - Processing /opt/airflow/dags/dag_shipment_sim.py took 0.035 seconds
[2026-07-01T04:21:37.986+0000] {processor.py:161} INFO - Started process (PID=5343) to work on /opt/airflow/dags/dag_shipment_sim.py
[2026-07-01T04:21:37.986+0000] {processor.py:830} INFO - Processing file /opt/airflow/dags/dag_shipment_sim.py for tasks to queue
[2026-07-01T04:21:37.987+0000] {logging_mixin.py:188} INFO - [2026-07-01T04:21:37.987+0000] {dagbag.py:545} INFO - Filling up the DagBag from /opt/airflow/dags/dag_shipment_sim.py
[2026-07-01T04:21:37.994+0000] {processor.py:840} INFO - DAG(s) 'dag_shipment_sim' retrieved from /opt/airflow/dags/dag_shipment_sim.py
[2026-07-01T04:21:38.004+0000] {logging_mixin.py:188} INFO - [2026-07-01T04:21:38.004+0000] {dag.py:3096} INFO - Sync 1 DAGs
[2026-07-01T04:21:38.012+0000] {logging_mixin.py:188} INFO - [2026-07-01T04:21:38.012+0000] {dag.py:3954} INFO - Setting next_dagrun for dag_shipment_sim to 2026-07-01 04:00:00+00:00, run_after=2026-07-01 05:00:00+00:00
[2026-07-01T04:21:38.020+0000] {processor.py:183} INFO - Processing /opt/airflow/dags/dag_shipment_sim.py took 0.046 seconds
[2026-07-01T04:22:08.893+0000] {processor.py:161} INFO - Started process (PID=5380) to work on /opt/airflow/dags/dag_shipment_sim.py
[2026-07-01T04:22:08.894+0000] {processor.py:830} INFO - Processing file /opt/airflow/dags/dag_shipment_sim.py for tasks to queue
[2026-07-01T04:22:08.895+0000] {logging_mixin.py:188} INFO - [2026-07-01T04:22:08.895+0000] {dagbag.py:545} INFO - Filling up the DagBag from /opt/airflow/dags/dag_shipment_sim.py
[2026-07-01T04:22:08.909+0000] {processor.py:840} INFO - DAG(s) 'dag_shipment_sim' retrieved from /opt/airflow/dags/dag_shipment_sim.py
[2026-07-01T04:22:08.918+0000] {logging_mixin.py:188} INFO - [2026-07-01T04:22:08.918+0000] {dag.py:3096} INFO - Sync 1 DAGs
[2026-07-01T04:22:08.927+0000] {logging_mixin.py:188} INFO - [2026-07-01T04:22:08.927+0000] {dag.py:3954} INFO - Setting next_dagrun for dag_shipment_sim to 2026-07-01 04:00:00+00:00, run_after=2026-07-01 05:00:00+00:00
[2026-07-01T04:22:08.935+0000] {processor.py:183} INFO - Processing /opt/airflow/dags/dag_shipment_sim.py took 0.044 seconds
[2026-07-01T04:22:39.501+0000] {processor.py:161} INFO - Started process (PID=5417) to work on /opt/airflow/dags/dag_shipment_sim.py
[2026-07-01T04:22:39.502+0000] {processor.py:830} INFO - Processing file /opt/airflow/dags/dag_shipment_sim.py for tasks to queue
[2026-07-01T04:22:39.502+0000] {logging_mixin.py:188} INFO - [2026-07-01T04:22:39.502+0000] {dagbag.py:545} INFO - Filling up the DagBag from /opt/airflow/dags/dag_shipment_sim.py
[2026-07-01T04:22:39.513+0000] {processor.py:840} INFO - DAG(s) 'dag_shipment_sim' retrieved from /opt/airflow/dags/dag_shipment_sim.py
[2026-07-01T04:22:39.524+0000] {logging_mixin.py:188} INFO - [2026-07-01T04:22:39.524+0000] {dag.py:3096} INFO - Sync 1 DAGs
[2026-07-01T04:22:39.532+0000] {logging_mixin.py:188} INFO - [2026-07-01T04:22:39.532+0000] {dag.py:3954} INFO - Setting next_dagrun for dag_shipment_sim to 2026-07-01 04:00:00+00:00, run_after=2026-07-01 05:00:00+00:00
[2026-07-01T04:22:39.539+0000] {processor.py:183} INFO - Processing /opt/airflow/dags/dag_shipment_sim.py took 0.042 seconds
[2026-07-01T04:23:10.511+0000] {processor.py:161} INFO - Started process (PID=5454) to work on /opt/airflow/dags/dag_shipment_sim.py
[2026-07-01T04:23:10.512+0000] {processor.py:830} INFO - Processing file /opt/airflow/dags/dag_shipment_sim.py for tasks to queue
[2026-07-01T04:23:10.513+0000] {logging_mixin.py:188} INFO - [2026-07-01T04:23:10.513+0000] {dagbag.py:545} INFO - Filling up the DagBag from /opt/airflow/dags/dag_shipment_sim.py
[2026-07-01T04:23:10.520+0000] {processor.py:840} INFO - DAG(s) 'dag_shipment_sim' retrieved from /opt/airflow/dags/dag_shipment_sim.py
[2026-07-01T04:23:10.530+0000] {logging_mixin.py:188} INFO - [2026-07-01T04:23:10.530+0000] {dag.py:3096} INFO - Sync 1 DAGs
[2026-07-01T04:23:10.538+0000] {logging_mixin.py:188} INFO - [2026-07-01T04:23:10.538+0000] {dag.py:3954} INFO - Setting next_dagrun for dag_shipment_sim to 2026-07-01 04:00:00+00:00, run_after=2026-07-01 05:00:00+00:00
[2026-07-01T04:23:10.547+0000] {processor.py:183} INFO - Processing /opt/airflow/dags/dag_shipment_sim.py took 0.039 seconds
[2026-07-01T04:23:41.522+0000] {processor.py:161} INFO - Started process (PID=5491) to work on /opt/airflow/dags/dag_shipment_sim.py
[2026-07-01T04:23:41.523+0000] {processor.py:830} INFO - Processing file /opt/airflow/dags/dag_shipment_sim.py for tasks to queue
[2026-07-01T04:23:41.524+0000] {logging_mixin.py:188} INFO - [2026-07-01T04:23:41.524+0000] {dagbag.py:545} INFO - Filling up the DagBag from /opt/airflow/dags/dag_shipment_sim.py
[2026-07-01T04:23:41.531+0000] {processor.py:840} INFO - DAG(s) 'dag_shipment_sim' retrieved from /opt/airflow/dags/dag_shipment_sim.py
[2026-07-01T04:23:41.541+0000] {logging_mixin.py:188} INFO - [2026-07-01T04:23:41.540+0000] {dag.py:3096} INFO - Sync 1 DAGs
[2026-07-01T04:23:41.550+0000] {logging_mixin.py:188} INFO - [2026-07-01T04:23:41.550+0000] {dag.py:3954} INFO - Setting next_dagrun for dag_shipment_sim to 2026-07-01 04:00:00+00:00, run_after=2026-07-01 05:00:00+00:00
[2026-07-01T04:23:41.557+0000] {processor.py:183} INFO - Processing /opt/airflow/dags/dag_shipment_sim.py took 0.042 seconds
[2026-07-01T04:24:12.321+0000] {processor.py:161} INFO - Started process (PID=5528) to work on /opt/airflow/dags/dag_shipment_sim.py
[2026-07-01T04:24:12.321+0000] {processor.py:830} INFO - Processing file /opt/airflow/dags/dag_shipment_sim.py for tasks to queue
[2026-07-01T04:24:12.322+0000] {logging_mixin.py:188} INFO - [2026-07-01T04:24:12.322+0000] {dagbag.py:545} INFO - Filling up the DagBag from /opt/airflow/dags/dag_shipment_sim.py
[2026-07-01T04:24:12.329+0000] {processor.py:840} INFO - DAG(s) 'dag_shipment_sim' retrieved from /opt/airflow/dags/dag_shipment_sim.py
[2026-07-01T04:24:12.339+0000] {logging_mixin.py:188} INFO - [2026-07-01T04:24:12.339+0000] {dag.py:3096} INFO - Sync 1 DAGs
[2026-07-01T04:24:12.347+0000] {logging_mixin.py:188} INFO - [2026-07-01T04:24:12.347+0000] {dag.py:3954} INFO - Setting next_dagrun for dag_shipment_sim to 2026-07-01 04:00:00+00:00, run_after=2026-07-01 05:00:00+00:00
[2026-07-01T04:24:12.354+0000] {processor.py:183} INFO - Processing /opt/airflow/dags/dag_shipment_sim.py took 0.045 seconds
[2026-07-01T04:24:42.996+0000] {processor.py:161} INFO - Started process (PID=5565) to work on /opt/airflow/dags/dag_shipment_sim.py
[2026-07-01T04:24:42.997+0000] {processor.py:830} INFO - Processing file /opt/airflow/dags/dag_shipment_sim.py for tasks to queue
[2026-07-01T04:24:42.998+0000] {logging_mixin.py:188} INFO - [2026-07-01T04:24:42.998+0000] {dagbag.py:545} INFO - Filling up the DagBag from /opt/airflow/dags/dag_shipment_sim.py
[2026-07-01T04:24:43.005+0000] {processor.py:840} INFO - DAG(s) 'dag_shipment_sim' retrieved from /opt/airflow/dags/dag_shipment_sim.py
[2026-07-01T04:24:43.017+0000] {logging_mixin.py:188} INFO - [2026-07-01T04:24:43.017+0000] {dag.py:3096} INFO - Sync 1 DAGs
[2026-07-01T04:24:43.030+0000] {logging_mixin.py:188} INFO - [2026-07-01T04:24:43.029+0000] {dag.py:3954} INFO - Setting next_dagrun for dag_shipment_sim to 2026-07-01 04:00:00+00:00, run_after=2026-07-01 05:00:00+00:00
[2026-07-01T04:24:43.038+0000] {processor.py:183} INFO - Processing /opt/airflow/dags/dag_shipment_sim.py took 0.046 seconds
[2026-07-01T04:25:13.616+0000] {processor.py:161} INFO - Started process (PID=5612) to work on /opt/airflow/dags/dag_shipment_sim.py
[2026-07-01T04:25:13.617+0000] {processor.py:830} INFO - Processing file /opt/airflow/dags/dag_shipment_sim.py for tasks to queue
[2026-07-01T04:25:13.618+0000] {logging_mixin.py:188} INFO - [2026-07-01T04:25:13.617+0000] {dagbag.py:545} INFO - Filling up the DagBag from /opt/airflow/dags/dag_shipment_sim.py
[2026-07-01T04:25:13.625+0000] {processor.py:840} INFO - DAG(s) 'dag_shipment_sim' retrieved from /opt/airflow/dags/dag_shipment_sim.py
[2026-07-01T04:25:13.636+0000] {logging_mixin.py:188} INFO - [2026-07-01T04:25:13.636+0000] {dag.py:3096} INFO - Sync 1 DAGs
[2026-07-01T04:25:13.645+0000] {logging_mixin.py:188} INFO - [2026-07-01T04:25:13.645+0000] {dag.py:3954} INFO - Setting next_dagrun for dag_shipment_sim to 2026-07-01 04:00:00+00:00, run_after=2026-07-01 05:00:00+00:00
[2026-07-01T04:25:13.653+0000] {processor.py:183} INFO - Processing /opt/airflow/dags/dag_shipment_sim.py took 0.043 seconds
[2026-07-01T04:25:44.396+0000] {processor.py:161} INFO - Started process (PID=5649) to work on /opt/airflow/dags/dag_shipment_sim.py
[2026-07-01T04:25:44.396+0000] {processor.py:830} INFO - Processing file /opt/airflow/dags/dag_shipment_sim.py for tasks to queue
[2026-07-01T04:25:44.397+0000] {logging_mixin.py:188} INFO - [2026-07-01T04:25:44.397+0000] {dagbag.py:545} INFO - Filling up the DagBag from /opt/airflow/dags/dag_shipment_sim.py
[2026-07-01T04:25:44.404+0000] {processor.py:840} INFO - DAG(s) 'dag_shipment_sim' retrieved from /opt/airflow/dags/dag_shipment_sim.py
[2026-07-01T04:25:44.413+0000] {logging_mixin.py:188} INFO - [2026-07-01T04:25:44.413+0000] {dag.py:3096} INFO - Sync 1 DAGs
[2026-07-01T04:25:44.421+0000] {logging_mixin.py:188} INFO - [2026-07-01T04:25:44.421+0000] {dag.py:3954} INFO - Setting next_dagrun for dag_shipment_sim to 2026-07-01 04:00:00+00:00, run_after=2026-07-01 05:00:00+00:00
[2026-07-01T04:25:44.427+0000] {processor.py:183} INFO - Processing /opt/airflow/dags/dag_shipment_sim.py took 0.037 seconds
[2026-07-01T04:26:15.055+0000] {processor.py:161} INFO - Started process (PID=5686) to work on /opt/airflow/dags/dag_shipment_sim.py
[2026-07-01T04:26:15.055+0000] {processor.py:830} INFO - Processing file /opt/airflow/dags/dag_shipment_sim.py for tasks to queue
[2026-07-01T04:26:15.056+0000] {logging_mixin.py:188} INFO - [2026-07-01T04:26:15.056+0000] {dagbag.py:545} INFO - Filling up the DagBag from /opt/airflow/dags/dag_shipment_sim.py
[2026-07-01T04:26:15.064+0000] {processor.py:840} INFO - DAG(s) 'dag_shipment_sim' retrieved from /opt/airflow/dags/dag_shipment_sim.py
[2026-07-01T04:26:15.073+0000] {logging_mixin.py:188} INFO - [2026-07-01T04:26:15.073+0000] {dag.py:3096} INFO - Sync 1 DAGs
[2026-07-01T04:26:15.081+0000] {logging_mixin.py:188} INFO - [2026-07-01T04:26:15.081+0000] {dag.py:3954} INFO - Setting next_dagrun for dag_shipment_sim to 2026-07-01 04:00:00+00:00, run_after=2026-07-01 05:00:00+00:00
[2026-07-01T04:26:15.088+0000] {processor.py:183} INFO - Processing /opt/airflow/dags/dag_shipment_sim.py took 0.036 seconds
[2026-07-01T04:26:45.858+0000] {processor.py:161} INFO - Started process (PID=5723) to work on /opt/airflow/dags/dag_shipment_sim.py
[2026-07-01T04:26:45.859+0000] {processor.py:830} INFO - Processing file /opt/airflow/dags/dag_shipment_sim.py for tasks to queue
[2026-07-01T04:26:45.860+0000] {logging_mixin.py:188} INFO - [2026-07-01T04:26:45.860+0000] {dagbag.py:545} INFO - Filling up the DagBag from /opt/airflow/dags/dag_shipment_sim.py
[2026-07-01T04:26:45.871+0000] {processor.py:840} INFO - DAG(s) 'dag_shipment_sim' retrieved from /opt/airflow/dags/dag_shipment_sim.py
[2026-07-01T04:26:45.883+0000] {logging_mixin.py:188} INFO - [2026-07-01T04:26:45.883+0000] {dag.py:3096} INFO - Sync 1 DAGs
[2026-07-01T04:26:45.892+0000] {logging_mixin.py:188} INFO - [2026-07-01T04:26:45.891+0000] {dag.py:3954} INFO - Setting next_dagrun for dag_shipment_sim to 2026-07-01 04:00:00+00:00, run_after=2026-07-01 05:00:00+00:00
[2026-07-01T04:26:45.898+0000] {processor.py:183} INFO - Processing /opt/airflow/dags/dag_shipment_sim.py took 0.043 seconds
[2026-07-01T04:27:16.394+0000] {processor.py:161} INFO - Started process (PID=5760) to work on /opt/airflow/dags/dag_shipment_sim.py
[2026-07-01T04:27:16.395+0000] {processor.py:830} INFO - Processing file /opt/airflow/dags/dag_shipment_sim.py for tasks to queue
[2026-07-01T04:27:16.396+0000] {logging_mixin.py:188} INFO - [2026-07-01T04:27:16.396+0000] {dagbag.py:545} INFO - Filling up the DagBag from /opt/airflow/dags/dag_shipment_sim.py
[2026-07-01T04:27:16.406+0000] {processor.py:840} INFO - DAG(s) 'dag_shipment_sim' retrieved from /opt/airflow/dags/dag_shipment_sim.py
[2026-07-01T04:27:16.423+0000] {logging_mixin.py:188} INFO - [2026-07-01T04:27:16.423+0000] {dag.py:3096} INFO - Sync 1 DAGs
[2026-07-01T04:27:16.432+0000] {logging_mixin.py:188} INFO - [2026-07-01T04:27:16.432+0000] {dag.py:3954} INFO - Setting next_dagrun for dag_shipment_sim to 2026-07-01 04:00:00+00:00, run_after=2026-07-01 05:00:00+00:00
[2026-07-01T04:27:16.439+0000] {processor.py:183} INFO - Processing /opt/airflow/dags/dag_shipment_sim.py took 0.048 seconds
[2026-07-01T04:27:46.589+0000] {processor.py:161} INFO - Started process (PID=5795) to work on /opt/airflow/dags/dag_shipment_sim.py
[2026-07-01T04:27:46.590+0000] {processor.py:830} INFO - Processing file /opt/airflow/dags/dag_shipment_sim.py for tasks to queue
[2026-07-01T04:27:46.591+0000] {logging_mixin.py:188} INFO - [2026-07-01T04:27:46.591+0000] {dagbag.py:545} INFO - Filling up the DagBag from /opt/airflow/dags/dag_shipment_sim.py
[2026-07-01T04:27:46.603+0000] {processor.py:840} INFO - DAG(s) 'dag_shipment_sim' retrieved from /opt/airflow/dags/dag_shipment_sim.py
[2026-07-01T04:27:46.623+0000] {logging_mixin.py:188} INFO - [2026-07-01T04:27:46.622+0000] {dag.py:3096} INFO - Sync 1 DAGs
[2026-07-01T04:27:46.636+0000] {logging_mixin.py:188} INFO - [2026-07-01T04:27:46.636+0000] {dag.py:3954} INFO - Setting next_dagrun for dag_shipment_sim to 2026-07-01 04:00:00+00:00, run_after=2026-07-01 05:00:00+00:00
[2026-07-01T04:27:46.645+0000] {processor.py:183} INFO - Processing /opt/airflow/dags/dag_shipment_sim.py took 0.071 seconds
[2026-07-01T04:28:17.123+0000] {processor.py:161} INFO - Started process (PID=5834) to work on /opt/airflow/dags/dag_shipment_sim.py
[2026-07-01T04:28:17.124+0000] {processor.py:830} INFO - Processing file /opt/airflow/dags/dag_shipment_sim.py for tasks to queue
[2026-07-01T04:28:17.125+0000] {logging_mixin.py:188} INFO - [2026-07-01T04:28:17.124+0000] {dagbag.py:545} INFO - Filling up the DagBag from /opt/airflow/dags/dag_shipment_sim.py
[2026-07-01T04:28:17.132+0000] {processor.py:840} INFO - DAG(s) 'dag_shipment_sim' retrieved from /opt/airflow/dags/dag_shipment_sim.py
[2026-07-01T04:28:17.142+0000] {logging_mixin.py:188} INFO - [2026-07-01T04:28:17.142+0000] {dag.py:3096} INFO - Sync 1 DAGs
[2026-07-01T04:28:17.150+0000] {logging_mixin.py:188} INFO - [2026-07-01T04:28:17.150+0000] {dag.py:3954} INFO - Setting next_dagrun for dag_shipment_sim to 2026-07-01 04:00:00+00:00, run_after=2026-07-01 05:00:00+00:00
[2026-07-01T04:28:17.158+0000] {processor.py:183} INFO - Processing /opt/airflow/dags/dag_shipment_sim.py took 0.039 seconds
[2026-07-01T04:28:48.035+0000] {processor.py:161} INFO - Started process (PID=5871) to work on /opt/airflow/dags/dag_shipment_sim.py
[2026-07-01T04:28:48.036+0000] {processor.py:830} INFO - Processing file /opt/airflow/dags/dag_shipment_sim.py for tasks to queue
[2026-07-01T04:28:48.037+0000] {logging_mixin.py:188} INFO - [2026-07-01T04:28:48.037+0000] {dagbag.py:545} INFO - Filling up the DagBag from /opt/airflow/dags/dag_shipment_sim.py
[2026-07-01T04:28:48.044+0000] {processor.py:840} INFO - DAG(s) 'dag_shipment_sim' retrieved from /opt/airflow/dags/dag_shipment_sim.py
[2026-07-01T04:28:48.054+0000] {logging_mixin.py:188} INFO - [2026-07-01T04:28:48.053+0000] {dag.py:3096} INFO - Sync 1 DAGs
[2026-07-01T04:28:48.063+0000] {logging_mixin.py:188} INFO - [2026-07-01T04:28:48.063+0000] {dag.py:3954} INFO - Setting next_dagrun for dag_shipment_sim to 2026-07-01 04:00:00+00:00, run_after=2026-07-01 05:00:00+00:00
[2026-07-01T04:28:48.070+0000] {processor.py:183} INFO - Processing /opt/airflow/dags/dag_shipment_sim.py took 0.038 seconds
[2026-07-01T04:29:18.803+0000] {processor.py:161} INFO - Started process (PID=5908) to work on /opt/airflow/dags/dag_shipment_sim.py
[2026-07-01T04:29:18.803+0000] {processor.py:830} INFO - Processing file /opt/airflow/dags/dag_shipment_sim.py for tasks to queue
[2026-07-01T04:29:18.804+0000] {logging_mixin.py:188} INFO - [2026-07-01T04:29:18.804+0000] {dagbag.py:545} INFO - Filling up the DagBag from /opt/airflow/dags/dag_shipment_sim.py
[2026-07-01T04:29:18.812+0000] {processor.py:840} INFO - DAG(s) 'dag_shipment_sim' retrieved from /opt/airflow/dags/dag_shipment_sim.py
[2026-07-01T04:29:18.823+0000] {logging_mixin.py:188} INFO - [2026-07-01T04:29:18.823+0000] {dag.py:3096} INFO - Sync 1 DAGs
[2026-07-01T04:29:18.832+0000] {logging_mixin.py:188} INFO - [2026-07-01T04:29:18.832+0000] {dag.py:3954} INFO - Setting next_dagrun for dag_shipment_sim to 2026-07-01 04:00:00+00:00, run_after=2026-07-01 05:00:00+00:00
[2026-07-01T04:29:18.839+0000] {processor.py:183} INFO - Processing /opt/airflow/dags/dag_shipment_sim.py took 0.039 seconds
[2026-07-01T04:29:49.782+0000] {processor.py:161} INFO - Started process (PID=5945) to work on /opt/airflow/dags/dag_shipment_sim.py
[2026-07-01T04:29:49.784+0000] {processor.py:830} INFO - Processing file /opt/airflow/dags/dag_shipment_sim.py for tasks to queue
[2026-07-01T04:29:49.785+0000] {logging_mixin.py:188} INFO - [2026-07-01T04:29:49.784+0000] {dagbag.py:545} INFO - Filling up the DagBag from /opt/airflow/dags/dag_shipment_sim.py
[2026-07-01T04:29:49.798+0000] {processor.py:840} INFO - DAG(s) 'dag_shipment_sim' retrieved from /opt/airflow/dags/dag_shipment_sim.py
[2026-07-01T04:29:49.815+0000] {logging_mixin.py:188} INFO - [2026-07-01T04:29:49.815+0000] {dag.py:3096} INFO - Sync 1 DAGs
[2026-07-01T04:29:49.826+0000] {logging_mixin.py:188} INFO - [2026-07-01T04:29:49.826+0000] {dag.py:3954} INFO - Setting next_dagrun for dag_shipment_sim to 2026-07-01 04:00:00+00:00, run_after=2026-07-01 05:00:00+00:00
[2026-07-01T04:29:49.837+0000] {processor.py:183} INFO - Processing /opt/airflow/dags/dag_shipment_sim.py took 0.060 seconds
[2026-07-01T04:30:20.320+0000] {processor.py:161} INFO - Started process (PID=5982) to work on /opt/airflow/dags/dag_shipment_sim.py
[2026-07-01T04:30:20.321+0000] {processor.py:830} INFO - Processing file /opt/airflow/dags/dag_shipment_sim.py for tasks to queue
[2026-07-01T04:30:20.322+0000] {logging_mixin.py:188} INFO - [2026-07-01T04:30:20.321+0000] {dagbag.py:545} INFO - Filling up the DagBag from /opt/airflow/dags/dag_shipment_sim.py
[2026-07-01T04:30:20.329+0000] {processor.py:840} INFO - DAG(s) 'dag_shipment_sim' retrieved from /opt/airflow/dags/dag_shipment_sim.py
[2026-07-01T04:30:20.338+0000] {logging_mixin.py:188} INFO - [2026-07-01T04:30:20.338+0000] {dag.py:3096} INFO - Sync 1 DAGs
[2026-07-01T04:30:20.346+0000] {logging_mixin.py:188} INFO - [2026-07-01T04:30:20.346+0000] {dag.py:3954} INFO - Setting next_dagrun for dag_shipment_sim to 2026-07-01 04:00:00+00:00, run_after=2026-07-01 05:00:00+00:00
[2026-07-01T04:30:20.353+0000] {processor.py:183} INFO - Processing /opt/airflow/dags/dag_shipment_sim.py took 0.037 seconds
[2026-07-01T04:30:51.162+0000] {processor.py:161} INFO - Started process (PID=6019) to work on /opt/airflow/dags/dag_shipment_sim.py
[2026-07-01T04:30:51.163+0000] {processor.py:830} INFO - Processing file /opt/airflow/dags/dag_shipment_sim.py for tasks to queue
[2026-07-01T04:30:51.164+0000] {logging_mixin.py:188} INFO - [2026-07-01T04:30:51.163+0000] {dagbag.py:545} INFO - Filling up the DagBag from /opt/airflow/dags/dag_shipment_sim.py
[2026-07-01T04:30:51.172+0000] {processor.py:840} INFO - DAG(s) 'dag_shipment_sim' retrieved from /opt/airflow/dags/dag_shipment_sim.py
[2026-07-01T04:30:51.182+0000] {logging_mixin.py:188} INFO - [2026-07-01T04:30:51.182+0000] {dag.py:3096} INFO - Sync 1 DAGs
[2026-07-01T04:30:51.194+0000] {logging_mixin.py:188} INFO - [2026-07-01T04:30:51.194+0000] {dag.py:3954} INFO - Setting next_dagrun for dag_shipment_sim to 2026-07-01 04:00:00+00:00, run_after=2026-07-01 05:00:00+00:00
[2026-07-01T04:30:51.203+0000] {processor.py:183} INFO - Processing /opt/airflow/dags/dag_shipment_sim.py took 0.047 seconds
[2026-07-01T04:31:21.285+0000] {processor.py:161} INFO - Started process (PID=6056) to work on /opt/airflow/dags/dag_shipment_sim.py
[2026-07-01T04:31:21.286+0000] {processor.py:830} INFO - Processing file /opt/airflow/dags/dag_shipment_sim.py for tasks to queue
[2026-07-01T04:31:21.287+0000] {logging_mixin.py:188} INFO - [2026-07-01T04:31:21.287+0000] {dagbag.py:545} INFO - Filling up the DagBag from /opt/airflow/dags/dag_shipment_sim.py
[2026-07-01T04:31:21.294+0000] {processor.py:840} INFO - DAG(s) 'dag_shipment_sim' retrieved from /opt/airflow/dags/dag_shipment_sim.py
[2026-07-01T04:31:21.304+0000] {logging_mixin.py:188} INFO - [2026-07-01T04:31:21.304+0000] {dag.py:3096} INFO - Sync 1 DAGs
[2026-07-01T04:31:21.313+0000] {logging_mixin.py:188} INFO - [2026-07-01T04:31:21.313+0000] {dag.py:3954} INFO - Setting next_dagrun for dag_shipment_sim to 2026-07-01 04:00:00+00:00, run_after=2026-07-01 05:00:00+00:00
[2026-07-01T04:31:21.322+0000] {processor.py:183} INFO - Processing /opt/airflow/dags/dag_shipment_sim.py took 0.040 seconds
[2026-07-01T04:31:51.606+0000] {processor.py:161} INFO - Started process (PID=6093) to work on /opt/airflow/dags/dag_shipment_sim.py
[2026-07-01T04:31:51.606+0000] {processor.py:830} INFO - Processing file /opt/airflow/dags/dag_shipment_sim.py for tasks to queue
[2026-07-01T04:31:51.607+0000] {logging_mixin.py:188} INFO - [2026-07-01T04:31:51.607+0000] {dagbag.py:545} INFO - Filling up the DagBag from /opt/airflow/dags/dag_shipment_sim.py
[2026-07-01T04:31:51.615+0000] {processor.py:840} INFO - DAG(s) 'dag_shipment_sim' retrieved from /opt/airflow/dags/dag_shipment_sim.py
[2026-07-01T04:31:51.624+0000] {logging_mixin.py:188} INFO - [2026-07-01T04:31:51.624+0000] {dag.py:3096} INFO - Sync 1 DAGs
[2026-07-01T04:31:51.631+0000] {logging_mixin.py:188} INFO - [2026-07-01T04:31:51.631+0000] {dag.py:3954} INFO - Setting next_dagrun for dag_shipment_sim to 2026-07-01 04:00:00+00:00, run_after=2026-07-01 05:00:00+00:00
[2026-07-01T04:31:51.638+0000] {processor.py:183} INFO - Processing /opt/airflow/dags/dag_shipment_sim.py took 0.037 seconds
[2026-07-01T04:32:22.370+0000] {processor.py:161} INFO - Started process (PID=6130) to work on /opt/airflow/dags/dag_shipment_sim.py
[2026-07-01T04:32:22.370+0000] {processor.py:830} INFO - Processing file /opt/airflow/dags/dag_shipment_sim.py for tasks to queue
[2026-07-01T04:32:22.371+0000] {logging_mixin.py:188} INFO - [2026-07-01T04:32:22.371+0000] {dagbag.py:545} INFO - Filling up the DagBag from /opt/airflow/dags/dag_shipment_sim.py
[2026-07-01T04:32:22.379+0000] {processor.py:840} INFO - DAG(s) 'dag_shipment_sim' retrieved from /opt/airflow/dags/dag_shipment_sim.py
[2026-07-01T04:32:22.390+0000] {logging_mixin.py:188} INFO - [2026-07-01T04:32:22.390+0000] {dag.py:3096} INFO - Sync 1 DAGs
[2026-07-01T04:32:22.399+0000] {logging_mixin.py:188} INFO - [2026-07-01T04:32:22.399+0000] {dag.py:3954} INFO - Setting next_dagrun for dag_shipment_sim to 2026-07-01 04:00:00+00:00, run_after=2026-07-01 05:00:00+00:00
[2026-07-01T04:32:22.406+0000] {processor.py:183} INFO - Processing /opt/airflow/dags/dag_shipment_sim.py took 0.040 seconds
[2026-07-01T04:32:52.952+0000] {processor.py:161} INFO - Started process (PID=6167) to work on /opt/airflow/dags/dag_shipment_sim.py
[2026-07-01T04:32:52.953+0000] {processor.py:830} INFO - Processing file /opt/airflow/dags/dag_shipment_sim.py for tasks to queue
[2026-07-01T04:32:52.954+0000] {logging_mixin.py:188} INFO - [2026-07-01T04:32:52.954+0000] {dagbag.py:545} INFO - Filling up the DagBag from /opt/airflow/dags/dag_shipment_sim.py
[2026-07-01T04:32:52.963+0000] {processor.py:840} INFO - DAG(s) 'dag_shipment_sim' retrieved from /opt/airflow/dags/dag_shipment_sim.py
[2026-07-01T04:32:52.976+0000] {logging_mixin.py:188} INFO - [2026-07-01T04:32:52.976+0000] {dag.py:3096} INFO - Sync 1 DAGs
[2026-07-01T04:32:52.984+0000] {logging_mixin.py:188} INFO - [2026-07-01T04:32:52.984+0000] {dag.py:3954} INFO - Setting next_dagrun for dag_shipment_sim to 2026-07-01 04:00:00+00:00, run_after=2026-07-01 05:00:00+00:00
[2026-07-01T04:32:52.991+0000] {processor.py:183} INFO - Processing /opt/airflow/dags/dag_shipment_sim.py took 0.044 seconds
[2026-07-01T04:33:23.482+0000] {processor.py:161} INFO - Started process (PID=6204) to work on /opt/airflow/dags/dag_shipment_sim.py
[2026-07-01T04:33:23.482+0000] {processor.py:830} INFO - Processing file /opt/airflow/dags/dag_shipment_sim.py for tasks to queue
[2026-07-01T04:33:23.483+0000] {logging_mixin.py:188} INFO - [2026-07-01T04:33:23.483+0000] {dagbag.py:545} INFO - Filling up the DagBag from /opt/airflow/dags/dag_shipment_sim.py
[2026-07-01T04:33:23.490+0000] {processor.py:840} INFO - DAG(s) 'dag_shipment_sim' retrieved from /opt/airflow/dags/dag_shipment_sim.py
[2026-07-01T04:33:23.499+0000] {logging_mixin.py:188} INFO - [2026-07-01T04:33:23.499+0000] {dag.py:3096} INFO - Sync 1 DAGs
[2026-07-01T04:33:23.507+0000] {logging_mixin.py:188} INFO - [2026-07-01T04:33:23.507+0000] {dag.py:3954} INFO - Setting next_dagrun for dag_shipment_sim to 2026-07-01 04:00:00+00:00, run_after=2026-07-01 05:00:00+00:00
[2026-07-01T04:33:23.514+0000] {processor.py:183} INFO - Processing /opt/airflow/dags/dag_shipment_sim.py took 0.035 seconds
[2026-07-01T04:33:54.178+0000] {processor.py:161} INFO - Started process (PID=6241) to work on /opt/airflow/dags/dag_shipment_sim.py
[2026-07-01T04:33:54.180+0000] {processor.py:830} INFO - Processing file /opt/airflow/dags/dag_shipment_sim.py for tasks to queue
[2026-07-01T04:33:54.181+0000] {logging_mixin.py:188} INFO - [2026-07-01T04:33:54.181+0000] {dagbag.py:545} INFO - Filling up the DagBag from /opt/airflow/dags/dag_shipment_sim.py
[2026-07-01T04:33:54.196+0000] {processor.py:840} INFO - DAG(s) 'dag_shipment_sim' retrieved from /opt/airflow/dags/dag_shipment_sim.py
[2026-07-01T04:33:54.214+0000] {logging_mixin.py:188} INFO - [2026-07-01T04:33:54.214+0000] {dag.py:3096} INFO - Sync 1 DAGs
[2026-07-01T04:33:54.224+0000] {logging_mixin.py:188} INFO - [2026-07-01T04:33:54.224+0000] {dag.py:3954} INFO - Setting next_dagrun for dag_shipment_sim to 2026-07-01 04:00:00+00:00, run_after=2026-07-01 05:00:00+00:00
[2026-07-01T04:33:54.232+0000] {processor.py:183} INFO - Processing /opt/airflow/dags/dag_shipment_sim.py took 0.061 seconds
[2026-07-01T04:34:25.075+0000] {processor.py:161} INFO - Started process (PID=6277) to work on /opt/airflow/dags/dag_shipment_sim.py
[2026-07-01T04:34:25.076+0000] {processor.py:830} INFO - Processing file /opt/airflow/dags/dag_shipment_sim.py for tasks to queue
[2026-07-01T04:34:25.077+0000] {logging_mixin.py:188} INFO - [2026-07-01T04:34:25.077+0000] {dagbag.py:545} INFO - Filling up the DagBag from /opt/airflow/dags/dag_shipment_sim.py
[2026-07-01T04:34:25.093+0000] {processor.py:840} INFO - DAG(s) 'dag_shipment_sim' retrieved from /opt/airflow/dags/dag_shipment_sim.py
[2026-07-01T04:34:25.111+0000] {logging_mixin.py:188} INFO - [2026-07-01T04:34:25.111+0000] {dag.py:3096} INFO - Sync 1 DAGs
[2026-07-01T04:34:25.120+0000] {logging_mixin.py:188} INFO - [2026-07-01T04:34:25.120+0000] {dag.py:3954} INFO - Setting next_dagrun for dag_shipment_sim to 2026-07-01 04:00:00+00:00, run_after=2026-07-01 05:00:00+00:00
[2026-07-01T04:34:25.127+0000] {processor.py:183} INFO - Processing /opt/airflow/dags/dag_shipment_sim.py took 0.069 seconds
[2026-07-01T04:34:56.023+0000] {processor.py:161} INFO - Started process (PID=6315) to work on /opt/airflow/dags/dag_shipment_sim.py
[2026-07-01T04:34:56.024+0000] {processor.py:830} INFO - Processing file /opt/airflow/dags/dag_shipment_sim.py for tasks to queue
[2026-07-01T04:34:56.026+0000] {logging_mixin.py:188} INFO - [2026-07-01T04:34:56.025+0000] {dagbag.py:545} INFO - Filling up the DagBag from /opt/airflow/dags/dag_shipment_sim.py
[2026-07-01T04:34:56.034+0000] {processor.py:840} INFO - DAG(s) 'dag_shipment_sim' retrieved from /opt/airflow/dags/dag_shipment_sim.py
[2026-07-01T04:34:56.047+0000] {logging_mixin.py:188} INFO - [2026-07-01T04:34:56.047+0000] {dag.py:3096} INFO - Sync 1 DAGs
[2026-07-01T04:34:56.056+0000] {logging_mixin.py:188} INFO - [2026-07-01T04:34:56.056+0000] {dag.py:3954} INFO - Setting next_dagrun for dag_shipment_sim to 2026-07-01 04:00:00+00:00, run_after=2026-07-01 05:00:00+00:00
[2026-07-01T04:34:56.065+0000] {processor.py:183} INFO - Processing /opt/airflow/dags/dag_shipment_sim.py took 0.048 seconds
[2026-07-01T04:35:27.035+0000] {processor.py:161} INFO - Started process (PID=6350) to work on /opt/airflow/dags/dag_shipment_sim.py
[2026-07-01T04:35:27.037+0000] {processor.py:830} INFO - Processing file /opt/airflow/dags/dag_shipment_sim.py for tasks to queue
[2026-07-01T04:35:27.039+0000] {logging_mixin.py:188} INFO - [2026-07-01T04:35:27.039+0000] {dagbag.py:545} INFO - Filling up the DagBag from /opt/airflow/dags/dag_shipment_sim.py
[2026-07-01T04:35:27.053+0000] {processor.py:840} INFO - DAG(s) 'dag_shipment_sim' retrieved from /opt/airflow/dags/dag_shipment_sim.py
[2026-07-01T04:35:27.077+0000] {logging_mixin.py:188} INFO - [2026-07-01T04:35:27.077+0000] {dag.py:3096} INFO - Sync 1 DAGs
[2026-07-01T04:35:27.096+0000] {logging_mixin.py:188} INFO - [2026-07-01T04:35:27.095+0000] {dag.py:3954} INFO - Setting next_dagrun for dag_shipment_sim to 2026-07-01 04:00:00+00:00, run_after=2026-07-01 05:00:00+00:00
[2026-07-01T04:35:27.109+0000] {processor.py:183} INFO - Processing /opt/airflow/dags/dag_shipment_sim.py took 0.079 seconds
[2026-07-01T04:35:57.305+0000] {processor.py:161} INFO - Started process (PID=6387) to work on /opt/airflow/dags/dag_shipment_sim.py
[2026-07-01T04:35:57.306+0000] {processor.py:830} INFO - Processing file /opt/airflow/dags/dag_shipment_sim.py for tasks to queue
[2026-07-01T04:35:57.308+0000] {logging_mixin.py:188} INFO - [2026-07-01T04:35:57.308+0000] {dagbag.py:545} INFO - Filling up the DagBag from /opt/airflow/dags/dag_shipment_sim.py
[2026-07-01T04:35:57.318+0000] {processor.py:840} INFO - DAG(s) 'dag_shipment_sim' retrieved from /opt/airflow/dags/dag_shipment_sim.py
[2026-07-01T04:35:57.333+0000] {logging_mixin.py:188} INFO - [2026-07-01T04:35:57.333+0000] {dag.py:3096} INFO - Sync 1 DAGs
[2026-07-01T04:35:57.345+0000] {logging_mixin.py:188} INFO - [2026-07-01T04:35:57.345+0000] {dag.py:3954} INFO - Setting next_dagrun for dag_shipment_sim to 2026-07-01 04:00:00+00:00, run_after=2026-07-01 05:00:00+00:00
[2026-07-01T04:35:57.352+0000] {processor.py:183} INFO - Processing /opt/airflow/dags/dag_shipment_sim.py took 0.055 seconds
[2026-07-01T04:36:27.862+0000] {processor.py:161} INFO - Started process (PID=6426) to work on /opt/airflow/dags/dag_shipment_sim.py
[2026-07-01T04:36:27.863+0000] {processor.py:830} INFO - Processing file /opt/airflow/dags/dag_shipment_sim.py for tasks to queue
[2026-07-01T04:36:27.864+0000] {logging_mixin.py:188} INFO - [2026-07-01T04:36:27.863+0000] {dagbag.py:545} INFO - Filling up the DagBag from /opt/airflow/dags/dag_shipment_sim.py
[2026-07-01T04:36:27.872+0000] {processor.py:840} INFO - DAG(s) 'dag_shipment_sim' retrieved from /opt/airflow/dags/dag_shipment_sim.py
[2026-07-01T04:36:27.881+0000] {logging_mixin.py:188} INFO - [2026-07-01T04:36:27.881+0000] {dag.py:3096} INFO - Sync 1 DAGs
[2026-07-01T04:36:27.890+0000] {logging_mixin.py:188} INFO - [2026-07-01T04:36:27.890+0000] {dag.py:3954} INFO - Setting next_dagrun for dag_shipment_sim to 2026-07-01 04:00:00+00:00, run_after=2026-07-01 05:00:00+00:00
[2026-07-01T04:36:27.898+0000] {processor.py:183} INFO - Processing /opt/airflow/dags/dag_shipment_sim.py took 0.040 seconds
[2026-07-01T04:36:58.007+0000] {processor.py:161} INFO - Started process (PID=6463) to work on /opt/airflow/dags/dag_shipment_sim.py
[2026-07-01T04:36:58.008+0000] {processor.py:830} INFO - Processing file /opt/airflow/dags/dag_shipment_sim.py for tasks to queue
[2026-07-01T04:36:58.010+0000] {logging_mixin.py:188} INFO - [2026-07-01T04:36:58.010+0000] {dagbag.py:545} INFO - Filling up the DagBag from /opt/airflow/dags/dag_shipment_sim.py
[2026-07-01T04:36:58.021+0000] {processor.py:840} INFO - DAG(s) 'dag_shipment_sim' retrieved from /opt/airflow/dags/dag_shipment_sim.py
[2026-07-01T04:36:58.034+0000] {logging_mixin.py:188} INFO - [2026-07-01T04:36:58.034+0000] {dag.py:3096} INFO - Sync 1 DAGs
[2026-07-01T04:36:58.042+0000] {logging_mixin.py:188} INFO - [2026-07-01T04:36:58.042+0000] {dag.py:3954} INFO - Setting next_dagrun for dag_shipment_sim to 2026-07-01 04:00:00+00:00, run_after=2026-07-01 05:00:00+00:00
[2026-07-01T04:36:58.050+0000] {processor.py:183} INFO - Processing /opt/airflow/dags/dag_shipment_sim.py took 0.048 seconds
[2026-07-01T04:37:28.940+0000] {processor.py:161} INFO - Started process (PID=6500) to work on /opt/airflow/dags/dag_shipment_sim.py
[2026-07-01T04:37:28.941+0000] {processor.py:830} INFO - Processing file /opt/airflow/dags/dag_shipment_sim.py for tasks to queue
[2026-07-01T04:37:28.941+0000] {logging_mixin.py:188} INFO - [2026-07-01T04:37:28.941+0000] {dagbag.py:545} INFO - Filling up the DagBag from /opt/airflow/dags/dag_shipment_sim.py
[2026-07-01T04:37:28.949+0000] {processor.py:840} INFO - DAG(s) 'dag_shipment_sim' retrieved from /opt/airflow/dags/dag_shipment_sim.py
[2026-07-01T04:37:28.966+0000] {logging_mixin.py:188} INFO - [2026-07-01T04:37:28.966+0000] {dag.py:3096} INFO - Sync 1 DAGs
[2026-07-01T04:37:28.974+0000] {logging_mixin.py:188} INFO - [2026-07-01T04:37:28.974+0000] {dag.py:3954} INFO - Setting next_dagrun for dag_shipment_sim to 2026-07-01 04:00:00+00:00, run_after=2026-07-01 05:00:00+00:00
[2026-07-01T04:37:28.980+0000] {processor.py:183} INFO - Processing /opt/airflow/dags/dag_shipment_sim.py took 0.042 seconds
[2026-07-01T04:37:59.058+0000] {processor.py:161} INFO - Started process (PID=6537) to work on /opt/airflow/dags/dag_shipment_sim.py
[2026-07-01T04:37:59.059+0000] {processor.py:830} INFO - Processing file /opt/airflow/dags/dag_shipment_sim.py for tasks to queue
[2026-07-01T04:37:59.060+0000] {logging_mixin.py:188} INFO - [2026-07-01T04:37:59.059+0000] {dagbag.py:545} INFO - Filling up the DagBag from /opt/airflow/dags/dag_shipment_sim.py
[2026-07-01T04:37:59.067+0000] {processor.py:840} INFO - DAG(s) 'dag_shipment_sim' retrieved from /opt/airflow/dags/dag_shipment_sim.py
[2026-07-01T04:37:59.076+0000] {logging_mixin.py:188} INFO - [2026-07-01T04:37:59.076+0000] {dag.py:3096} INFO - Sync 1 DAGs
[2026-07-01T04:37:59.083+0000] {logging_mixin.py:188} INFO - [2026-07-01T04:37:59.083+0000] {dag.py:3954} INFO - Setting next_dagrun for dag_shipment_sim to 2026-07-01 04:00:00+00:00, run_after=2026-07-01 05:00:00+00:00
[2026-07-01T04:37:59.090+0000] {processor.py:183} INFO - Processing /opt/airflow/dags/dag_shipment_sim.py took 0.035 seconds
[2026-07-01T04:38:29.311+0000] {processor.py:161} INFO - Started process (PID=6574) to work on /opt/airflow/dags/dag_shipment_sim.py
[2026-07-01T04:38:29.312+0000] {processor.py:830} INFO - Processing file /opt/airflow/dags/dag_shipment_sim.py for tasks to queue
[2026-07-01T04:38:29.313+0000] {logging_mixin.py:188} INFO - [2026-07-01T04:38:29.312+0000] {dagbag.py:545} INFO - Filling up the DagBag from /opt/airflow/dags/dag_shipment_sim.py
[2026-07-01T04:38:29.323+0000] {processor.py:840} INFO - DAG(s) 'dag_shipment_sim' retrieved from /opt/airflow/dags/dag_shipment_sim.py
[2026-07-01T04:38:29.334+0000] {logging_mixin.py:188} INFO - [2026-07-01T04:38:29.334+0000] {dag.py:3096} INFO - Sync 1 DAGs
[2026-07-01T04:38:29.342+0000] {logging_mixin.py:188} INFO - [2026-07-01T04:38:29.342+0000] {dag.py:3954} INFO - Setting next_dagrun for dag_shipment_sim to 2026-07-01 04:00:00+00:00, run_after=2026-07-01 05:00:00+00:00
[2026-07-01T04:38:29.350+0000] {processor.py:183} INFO - Processing /opt/airflow/dags/dag_shipment_sim.py took 0.043 seconds
[2026-07-01T04:38:59.617+0000] {processor.py:161} INFO - Started process (PID=6611) to work on /opt/airflow/dags/dag_shipment_sim.py
[2026-07-01T04:38:59.618+0000] {processor.py:830} INFO - Processing file /opt/airflow/dags/dag_shipment_sim.py for tasks to queue
[2026-07-01T04:38:59.619+0000] {logging_mixin.py:188} INFO - [2026-07-01T04:38:59.619+0000] {dagbag.py:545} INFO - Filling up the DagBag from /opt/airflow/dags/dag_shipment_sim.py
[2026-07-01T04:38:59.630+0000] {processor.py:840} INFO - DAG(s) 'dag_shipment_sim' retrieved from /opt/airflow/dags/dag_shipment_sim.py
[2026-07-01T04:38:59.645+0000] {logging_mixin.py:188} INFO - [2026-07-01T04:38:59.645+0000] {dag.py:3096} INFO - Sync 1 DAGs
[2026-07-01T04:38:59.658+0000] {logging_mixin.py:188} INFO - [2026-07-01T04:38:59.658+0000] {dag.py:3954} INFO - Setting next_dagrun for dag_shipment_sim to 2026-07-01 04:00:00+00:00, run_after=2026-07-01 05:00:00+00:00
[2026-07-01T04:38:59.667+0000] {processor.py:183} INFO - Processing /opt/airflow/dags/dag_shipment_sim.py took 0.053 seconds
[2026-07-01T04:39:29.795+0000] {processor.py:161} INFO - Started process (PID=6648) to work on /opt/airflow/dags/dag_shipment_sim.py
[2026-07-01T04:39:29.796+0000] {processor.py:830} INFO - Processing file /opt/airflow/dags/dag_shipment_sim.py for tasks to queue
[2026-07-01T04:39:29.797+0000] {logging_mixin.py:188} INFO - [2026-07-01T04:39:29.797+0000] {dagbag.py:545} INFO - Filling up the DagBag from /opt/airflow/dags/dag_shipment_sim.py
[2026-07-01T04:39:29.804+0000] {processor.py:840} INFO - DAG(s) 'dag_shipment_sim' retrieved from /opt/airflow/dags/dag_shipment_sim.py
[2026-07-01T04:39:29.814+0000] {logging_mixin.py:188} INFO - [2026-07-01T04:39:29.814+0000] {dag.py:3096} INFO - Sync 1 DAGs
[2026-07-01T04:39:29.822+0000] {logging_mixin.py:188} INFO - [2026-07-01T04:39:29.822+0000] {dag.py:3954} INFO - Setting next_dagrun for dag_shipment_sim to 2026-07-01 04:00:00+00:00, run_after=2026-07-01 05:00:00+00:00
[2026-07-01T04:39:29.828+0000] {processor.py:183} INFO - Processing /opt/airflow/dags/dag_shipment_sim.py took 0.038 seconds
[2026-07-01T04:40:00.695+0000] {processor.py:161} INFO - Started process (PID=6685) to work on /opt/airflow/dags/dag_shipment_sim.py
[2026-07-01T04:40:00.696+0000] {processor.py:830} INFO - Processing file /opt/airflow/dags/dag_shipment_sim.py for tasks to queue
[2026-07-01T04:40:00.696+0000] {logging_mixin.py:188} INFO - [2026-07-01T04:40:00.696+0000] {dagbag.py:545} INFO - Filling up the DagBag from /opt/airflow/dags/dag_shipment_sim.py
[2026-07-01T04:40:00.703+0000] {processor.py:840} INFO - DAG(s) 'dag_shipment_sim' retrieved from /opt/airflow/dags/dag_shipment_sim.py
[2026-07-01T04:40:00.712+0000] {logging_mixin.py:188} INFO - [2026-07-01T04:40:00.712+0000] {dag.py:3096} INFO - Sync 1 DAGs
[2026-07-01T04:40:00.719+0000] {logging_mixin.py:188} INFO - [2026-07-01T04:40:00.719+0000] {dag.py:3954} INFO - Setting next_dagrun for dag_shipment_sim to 2026-07-01 04:00:00+00:00, run_after=2026-07-01 05:00:00+00:00
[2026-07-01T04:40:00.726+0000] {processor.py:183} INFO - Processing /opt/airflow/dags/dag_shipment_sim.py took 0.033 seconds
[2026-07-01T04:40:31.678+0000] {processor.py:161} INFO - Started process (PID=6722) to work on /opt/airflow/dags/dag_shipment_sim.py
[2026-07-01T04:40:31.679+0000] {processor.py:830} INFO - Processing file /opt/airflow/dags/dag_shipment_sim.py for tasks to queue
[2026-07-01T04:40:31.680+0000] {logging_mixin.py:188} INFO - [2026-07-01T04:40:31.680+0000] {dagbag.py:545} INFO - Filling up the DagBag from /opt/airflow/dags/dag_shipment_sim.py
[2026-07-01T04:40:31.692+0000] {processor.py:840} INFO - DAG(s) 'dag_shipment_sim' retrieved from /opt/airflow/dags/dag_shipment_sim.py
[2026-07-01T04:40:31.735+0000] {logging_mixin.py:188} INFO - [2026-07-01T04:40:31.735+0000] {dag.py:3096} INFO - Sync 1 DAGs
[2026-07-01T04:40:31.761+0000] {logging_mixin.py:188} INFO - [2026-07-01T04:40:31.761+0000] {dag.py:3954} INFO - Setting next_dagrun for dag_shipment_sim to 2026-07-01 04:00:00+00:00, run_after=2026-07-01 05:00:00+00:00
[2026-07-01T04:40:31.778+0000] {processor.py:183} INFO - Processing /opt/airflow/dags/dag_shipment_sim.py took 0.104 seconds
[2026-07-01T04:41:01.927+0000] {processor.py:161} INFO - Started process (PID=6759) to work on /opt/airflow/dags/dag_shipment_sim.py
[2026-07-01T04:41:01.928+0000] {processor.py:830} INFO - Processing file /opt/airflow/dags/dag_shipment_sim.py for tasks to queue
[2026-07-01T04:41:01.928+0000] {logging_mixin.py:188} INFO - [2026-07-01T04:41:01.928+0000] {dagbag.py:545} INFO - Filling up the DagBag from /opt/airflow/dags/dag_shipment_sim.py
[2026-07-01T04:41:01.937+0000] {processor.py:840} INFO - DAG(s) 'dag_shipment_sim' retrieved from /opt/airflow/dags/dag_shipment_sim.py
[2026-07-01T04:41:01.949+0000] {logging_mixin.py:188} INFO - [2026-07-01T04:41:01.949+0000] {dag.py:3096} INFO - Sync 1 DAGs
[2026-07-01T04:41:01.961+0000] {logging_mixin.py:188} INFO - [2026-07-01T04:41:01.961+0000] {dag.py:3954} INFO - Setting next_dagrun for dag_shipment_sim to 2026-07-01 04:00:00+00:00, run_after=2026-07-01 05:00:00+00:00
[2026-07-01T04:41:01.970+0000] {processor.py:183} INFO - Processing /opt/airflow/dags/dag_shipment_sim.py took 0.058 seconds
[2026-07-01T04:41:33.084+0000] {processor.py:161} INFO - Started process (PID=6796) to work on /opt/airflow/dags/dag_shipment_sim.py
[2026-07-01T04:41:33.085+0000] {processor.py:830} INFO - Processing file /opt/airflow/dags/dag_shipment_sim.py for tasks to queue
[2026-07-01T04:41:33.086+0000] {logging_mixin.py:188} INFO - [2026-07-01T04:41:33.085+0000] {dagbag.py:545} INFO - Filling up the DagBag from /opt/airflow/dags/dag_shipment_sim.py
[2026-07-01T04:41:33.104+0000] {processor.py:840} INFO - DAG(s) 'dag_shipment_sim' retrieved from /opt/airflow/dags/dag_shipment_sim.py
[2026-07-01T04:41:33.116+0000] {logging_mixin.py:188} INFO - [2026-07-01T04:41:33.116+0000] {dag.py:3096} INFO - Sync 1 DAGs
[2026-07-01T04:41:33.128+0000] {logging_mixin.py:188} INFO - [2026-07-01T04:41:33.128+0000] {dag.py:3954} INFO - Setting next_dagrun for dag_shipment_sim to 2026-07-01 04:00:00+00:00, run_after=2026-07-01 05:00:00+00:00
[2026-07-01T04:41:33.147+0000] {processor.py:183} INFO - Processing /opt/airflow/dags/dag_shipment_sim.py took 0.065 seconds
[2026-07-01T04:42:03.219+0000] {processor.py:161} INFO - Started process (PID=6838) to work on /opt/airflow/dags/dag_shipment_sim.py
[2026-07-01T04:42:03.219+0000] {processor.py:830} INFO - Processing file /opt/airflow/dags/dag_shipment_sim.py for tasks to queue
[2026-07-01T04:42:03.220+0000] {logging_mixin.py:188} INFO - [2026-07-01T04:42:03.220+0000] {dagbag.py:545} INFO - Filling up the DagBag from /opt/airflow/dags/dag_shipment_sim.py
[2026-07-01T04:42:03.226+0000] {processor.py:840} INFO - DAG(s) 'dag_shipment_sim' retrieved from /opt/airflow/dags/dag_shipment_sim.py
[2026-07-01T04:42:03.236+0000] {logging_mixin.py:188} INFO - [2026-07-01T04:42:03.236+0000] {dag.py:3096} INFO - Sync 1 DAGs
[2026-07-01T04:42:03.243+0000] {logging_mixin.py:188} INFO - [2026-07-01T04:42:03.243+0000] {dag.py:3954} INFO - Setting next_dagrun for dag_shipment_sim to 2026-07-01 04:00:00+00:00, run_after=2026-07-01 05:00:00+00:00
[2026-07-01T04:42:03.250+0000] {processor.py:183} INFO - Processing /opt/airflow/dags/dag_shipment_sim.py took 0.034 seconds
[2026-07-01T04:42:34.263+0000] {processor.py:161} INFO - Started process (PID=6869) to work on /opt/airflow/dags/dag_shipment_sim.py
[2026-07-01T04:42:34.264+0000] {processor.py:830} INFO - Processing file /opt/airflow/dags/dag_shipment_sim.py for tasks to queue
[2026-07-01T04:42:34.265+0000] {logging_mixin.py:188} INFO - [2026-07-01T04:42:34.265+0000] {dagbag.py:545} INFO - Filling up the DagBag from /opt/airflow/dags/dag_shipment_sim.py
[2026-07-01T04:42:34.275+0000] {processor.py:840} INFO - DAG(s) 'dag_shipment_sim' retrieved from /opt/airflow/dags/dag_shipment_sim.py
[2026-07-01T04:42:34.295+0000] {logging_mixin.py:188} INFO - [2026-07-01T04:42:34.295+0000] {dag.py:3096} INFO - Sync 1 DAGs
[2026-07-01T04:42:34.303+0000] {logging_mixin.py:188} INFO - [2026-07-01T04:42:34.303+0000] {dag.py:3954} INFO - Setting next_dagrun for dag_shipment_sim to 2026-07-01 04:00:00+00:00, run_after=2026-07-01 05:00:00+00:00
[2026-07-01T04:42:34.310+0000] {processor.py:183} INFO - Processing /opt/airflow/dags/dag_shipment_sim.py took 0.056 seconds
[2026-07-01T04:43:04.423+0000] {processor.py:161} INFO - Started process (PID=6912) to work on /opt/airflow/dags/dag_shipment_sim.py
[2026-07-01T04:43:04.424+0000] {processor.py:830} INFO - Processing file /opt/airflow/dags/dag_shipment_sim.py for tasks to queue
[2026-07-01T04:43:04.424+0000] {logging_mixin.py:188} INFO - [2026-07-01T04:43:04.424+0000] {dagbag.py:545} INFO - Filling up the DagBag from /opt/airflow/dags/dag_shipment_sim.py
[2026-07-01T04:43:04.431+0000] {processor.py:840} INFO - DAG(s) 'dag_shipment_sim' retrieved from /opt/airflow/dags/dag_shipment_sim.py
[2026-07-01T04:43:04.440+0000] {logging_mixin.py:188} INFO - [2026-07-01T04:43:04.440+0000] {dag.py:3096} INFO - Sync 1 DAGs
[2026-07-01T04:43:04.447+0000] {logging_mixin.py:188} INFO - [2026-07-01T04:43:04.447+0000] {dag.py:3954} INFO - Setting next_dagrun for dag_shipment_sim to 2026-07-01 04:00:00+00:00, run_after=2026-07-01 05:00:00+00:00
[2026-07-01T04:43:04.454+0000] {processor.py:183} INFO - Processing /opt/airflow/dags/dag_shipment_sim.py took 0.033 seconds
[2026-07-01T04:43:34.621+0000] {processor.py:161} INFO - Started process (PID=6944) to work on /opt/airflow/dags/dag_shipment_sim.py
[2026-07-01T04:43:34.624+0000] {processor.py:830} INFO - Processing file /opt/airflow/dags/dag_shipment_sim.py for tasks to queue
[2026-07-01T04:43:34.624+0000] {logging_mixin.py:188} INFO - [2026-07-01T04:43:34.624+0000] {dagbag.py:545} INFO - Filling up the DagBag from /opt/airflow/dags/dag_shipment_sim.py
[2026-07-01T04:43:34.639+0000] {processor.py:840} INFO - DAG(s) 'dag_shipment_sim' retrieved from /opt/airflow/dags/dag_shipment_sim.py
[2026-07-01T04:43:34.657+0000] {logging_mixin.py:188} INFO - [2026-07-01T04:43:34.657+0000] {dag.py:3096} INFO - Sync 1 DAGs
[2026-07-01T04:43:34.665+0000] {logging_mixin.py:188} INFO - [2026-07-01T04:43:34.665+0000] {dag.py:3954} INFO - Setting next_dagrun for dag_shipment_sim to 2026-07-01 04:00:00+00:00, run_after=2026-07-01 05:00:00+00:00
[2026-07-01T04:43:34.673+0000] {processor.py:183} INFO - Processing /opt/airflow/dags/dag_shipment_sim.py took 0.059 seconds
[2026-07-01T04:44:05.726+0000] {processor.py:161} INFO - Started process (PID=6986) to work on /opt/airflow/dags/dag_shipment_sim.py
[2026-07-01T04:44:05.727+0000] {processor.py:830} INFO - Processing file /opt/airflow/dags/dag_shipment_sim.py for tasks to queue
[2026-07-01T04:44:05.727+0000] {logging_mixin.py:188} INFO - [2026-07-01T04:44:05.727+0000] {dagbag.py:545} INFO - Filling up the DagBag from /opt/airflow/dags/dag_shipment_sim.py
[2026-07-01T04:44:05.736+0000] {processor.py:840} INFO - DAG(s) 'dag_shipment_sim' retrieved from /opt/airflow/dags/dag_shipment_sim.py
[2026-07-01T04:44:05.748+0000] {logging_mixin.py:188} INFO - [2026-07-01T04:44:05.748+0000] {dag.py:3096} INFO - Sync 1 DAGs
[2026-07-01T04:44:05.758+0000] {logging_mixin.py:188} INFO - [2026-07-01T04:44:05.758+0000] {dag.py:3954} INFO - Setting next_dagrun for dag_shipment_sim to 2026-07-01 04:00:00+00:00, run_after=2026-07-01 05:00:00+00:00
[2026-07-01T04:44:05.767+0000] {processor.py:183} INFO - Processing /opt/airflow/dags/dag_shipment_sim.py took 0.044 seconds
[2026-07-01T04:44:36.037+0000] {processor.py:161} INFO - Started process (PID=7035) to work on /opt/airflow/dags/dag_shipment_sim.py
[2026-07-01T04:44:36.038+0000] {processor.py:830} INFO - Processing file /opt/airflow/dags/dag_shipment_sim.py for tasks to queue
[2026-07-01T04:44:36.039+0000] {logging_mixin.py:188} INFO - [2026-07-01T04:44:36.038+0000] {dagbag.py:545} INFO - Filling up the DagBag from /opt/airflow/dags/dag_shipment_sim.py
[2026-07-01T04:44:36.047+0000] {processor.py:840} INFO - DAG(s) 'dag_shipment_sim' retrieved from /opt/airflow/dags/dag_shipment_sim.py
[2026-07-01T04:44:36.059+0000] {logging_mixin.py:188} INFO - [2026-07-01T04:44:36.059+0000] {dag.py:3096} INFO - Sync 1 DAGs
[2026-07-01T04:44:36.069+0000] {logging_mixin.py:188} INFO - [2026-07-01T04:44:36.069+0000] {dag.py:3954} INFO - Setting next_dagrun for dag_shipment_sim to 2026-07-01 04:00:00+00:00, run_after=2026-07-01 05:00:00+00:00
[2026-07-01T04:44:36.079+0000] {processor.py:183} INFO - Processing /opt/airflow/dags/dag_shipment_sim.py took 0.044 seconds
[2026-07-01T04:45:06.354+0000] {processor.py:161} INFO - Started process (PID=7078) to work on /opt/airflow/dags/dag_shipment_sim.py
[2026-07-01T04:45:06.355+0000] {processor.py:830} INFO - Processing file /opt/airflow/dags/dag_shipment_sim.py for tasks to queue
[2026-07-01T04:45:06.355+0000] {logging_mixin.py:188} INFO - [2026-07-01T04:45:06.355+0000] {dagbag.py:545} INFO - Filling up the DagBag from /opt/airflow/dags/dag_shipment_sim.py
[2026-07-01T04:45:06.362+0000] {processor.py:840} INFO - DAG(s) 'dag_shipment_sim' retrieved from /opt/airflow/dags/dag_shipment_sim.py
[2026-07-01T04:45:06.372+0000] {logging_mixin.py:188} INFO - [2026-07-01T04:45:06.372+0000] {dag.py:3096} INFO - Sync 1 DAGs
[2026-07-01T04:45:06.380+0000] {logging_mixin.py:188} INFO - [2026-07-01T04:45:06.380+0000] {dag.py:3954} INFO - Setting next_dagrun for dag_shipment_sim to 2026-07-01 04:00:00+00:00, run_after=2026-07-01 05:00:00+00:00
[2026-07-01T04:45:06.387+0000] {processor.py:183} INFO - Processing /opt/airflow/dags/dag_shipment_sim.py took 0.035 seconds
[2026-07-01T04:45:36.782+0000] {processor.py:161} INFO - Started process (PID=7113) to work on /opt/airflow/dags/dag_shipment_sim.py
[2026-07-01T04:45:36.783+0000] {processor.py:830} INFO - Processing file /opt/airflow/dags/dag_shipment_sim.py for tasks to queue
[2026-07-01T04:45:36.784+0000] {logging_mixin.py:188} INFO - [2026-07-01T04:45:36.784+0000] {dagbag.py:545} INFO - Filling up the DagBag from /opt/airflow/dags/dag_shipment_sim.py
[2026-07-01T04:45:36.795+0000] {processor.py:840} INFO - DAG(s) 'dag_shipment_sim' retrieved from /opt/airflow/dags/dag_shipment_sim.py
[2026-07-01T04:45:36.813+0000] {logging_mixin.py:188} INFO - [2026-07-01T04:45:36.813+0000] {dag.py:3096} INFO - Sync 1 DAGs
[2026-07-01T04:45:36.826+0000] {logging_mixin.py:188} INFO - [2026-07-01T04:45:36.826+0000] {dag.py:3954} INFO - Setting next_dagrun for dag_shipment_sim to 2026-07-01 04:00:00+00:00, run_after=2026-07-01 05:00:00+00:00
[2026-07-01T04:45:36.836+0000] {processor.py:183} INFO - Processing /opt/airflow/dags/dag_shipment_sim.py took 0.058 seconds
[2026-07-01T04:46:07.090+0000] {processor.py:161} INFO - Started process (PID=7152) to work on /opt/airflow/dags/dag_shipment_sim.py
[2026-07-01T04:46:07.091+0000] {processor.py:830} INFO - Processing file /opt/airflow/dags/dag_shipment_sim.py for tasks to queue
[2026-07-01T04:46:07.092+0000] {logging_mixin.py:188} INFO - [2026-07-01T04:46:07.092+0000] {dagbag.py:545} INFO - Filling up the DagBag from /opt/airflow/dags/dag_shipment_sim.py
[2026-07-01T04:46:07.100+0000] {processor.py:840} INFO - DAG(s) 'dag_shipment_sim' retrieved from /opt/airflow/dags/dag_shipment_sim.py
[2026-07-01T04:46:07.111+0000] {logging_mixin.py:188} INFO - [2026-07-01T04:46:07.111+0000] {dag.py:3096} INFO - Sync 1 DAGs
[2026-07-01T04:46:07.119+0000] {logging_mixin.py:188} INFO - [2026-07-01T04:46:07.119+0000] {dag.py:3954} INFO - Setting next_dagrun for dag_shipment_sim to 2026-07-01 04:00:00+00:00, run_after=2026-07-01 05:00:00+00:00
[2026-07-01T04:46:07.126+0000] {processor.py:183} INFO - Processing /opt/airflow/dags/dag_shipment_sim.py took 0.042 seconds
[2026-07-01T04:46:37.896+0000] {processor.py:161} INFO - Started process (PID=7189) to work on /opt/airflow/dags/dag_shipment_sim.py
[2026-07-01T04:46:37.898+0000] {processor.py:830} INFO - Processing file /opt/airflow/dags/dag_shipment_sim.py for tasks to queue
[2026-07-01T04:46:37.899+0000] {logging_mixin.py:188} INFO - [2026-07-01T04:46:37.899+0000] {dagbag.py:545} INFO - Filling up the DagBag from /opt/airflow/dags/dag_shipment_sim.py
[2026-07-01T04:46:37.910+0000] {processor.py:840} INFO - DAG(s) 'dag_shipment_sim' retrieved from /opt/airflow/dags/dag_shipment_sim.py
[2026-07-01T04:46:37.929+0000] {logging_mixin.py:188} INFO - [2026-07-01T04:46:37.929+0000] {dag.py:3096} INFO - Sync 1 DAGs
[2026-07-01T04:46:37.965+0000] {logging_mixin.py:188} INFO - [2026-07-01T04:46:37.964+0000] {dag.py:3954} INFO - Setting next_dagrun for dag_shipment_sim to 2026-07-01 04:00:00+00:00, run_after=2026-07-01 05:00:00+00:00
[2026-07-01T04:46:37.982+0000] {processor.py:183} INFO - Processing /opt/airflow/dags/dag_shipment_sim.py took 0.092 seconds
[2026-07-01T04:47:08.712+0000] {processor.py:161} INFO - Started process (PID=7226) to work on /opt/airflow/dags/dag_shipment_sim.py
[2026-07-01T04:47:08.713+0000] {processor.py:830} INFO - Processing file /opt/airflow/dags/dag_shipment_sim.py for tasks to queue
[2026-07-01T04:47:08.715+0000] {logging_mixin.py:188} INFO - [2026-07-01T04:47:08.714+0000] {dagbag.py:545} INFO - Filling up the DagBag from /opt/airflow/dags/dag_shipment_sim.py
[2026-07-01T04:47:08.725+0000] {processor.py:840} INFO - DAG(s) 'dag_shipment_sim' retrieved from /opt/airflow/dags/dag_shipment_sim.py
[2026-07-01T04:47:08.737+0000] {logging_mixin.py:188} INFO - [2026-07-01T04:47:08.737+0000] {dag.py:3096} INFO - Sync 1 DAGs
[2026-07-01T04:47:08.749+0000] {logging_mixin.py:188} INFO - [2026-07-01T04:47:08.749+0000] {dag.py:3954} INFO - Setting next_dagrun for dag_shipment_sim to 2026-07-01 04:00:00+00:00, run_after=2026-07-01 05:00:00+00:00
[2026-07-01T04:47:08.758+0000] {processor.py:183} INFO - Processing /opt/airflow/dags/dag_shipment_sim.py took 0.059 seconds
[2026-07-01T04:47:38.907+0000] {processor.py:161} INFO - Started process (PID=7263) to work on /opt/airflow/dags/dag_shipment_sim.py
[2026-07-01T04:47:38.909+0000] {processor.py:830} INFO - Processing file /opt/airflow/dags/dag_shipment_sim.py for tasks to queue
[2026-07-01T04:47:38.911+0000] {logging_mixin.py:188} INFO - [2026-07-01T04:47:38.910+0000] {dagbag.py:545} INFO - Filling up the DagBag from /opt/airflow/dags/dag_shipment_sim.py
[2026-07-01T04:47:38.921+0000] {processor.py:840} INFO - DAG(s) 'dag_shipment_sim' retrieved from /opt/airflow/dags/dag_shipment_sim.py
[2026-07-01T04:47:38.932+0000] {logging_mixin.py:188} INFO - [2026-07-01T04:47:38.932+0000] {dag.py:3096} INFO - Sync 1 DAGs
[2026-07-01T04:47:38.940+0000] {logging_mixin.py:188} INFO - [2026-07-01T04:47:38.940+0000] {dag.py:3954} INFO - Setting next_dagrun for dag_shipment_sim to 2026-07-01 04:00:00+00:00, run_after=2026-07-01 05:00:00+00:00
[2026-07-01T04:47:38.947+0000] {processor.py:183} INFO - Processing /opt/airflow/dags/dag_shipment_sim.py took 0.044 seconds
[2026-07-01T04:48:09.017+0000] {processor.py:161} INFO - Started process (PID=7300) to work on /opt/airflow/dags/dag_shipment_sim.py
[2026-07-01T04:48:09.018+0000] {processor.py:830} INFO - Processing file /opt/airflow/dags/dag_shipment_sim.py for tasks to queue
[2026-07-01T04:48:09.018+0000] {logging_mixin.py:188} INFO - [2026-07-01T04:48:09.018+0000] {dagbag.py:545} INFO - Filling up the DagBag from /opt/airflow/dags/dag_shipment_sim.py
[2026-07-01T04:48:09.025+0000] {processor.py:840} INFO - DAG(s) 'dag_shipment_sim' retrieved from /opt/airflow/dags/dag_shipment_sim.py
[2026-07-01T04:48:09.035+0000] {logging_mixin.py:188} INFO - [2026-07-01T04:48:09.035+0000] {dag.py:3096} INFO - Sync 1 DAGs
[2026-07-01T04:48:09.043+0000] {logging_mixin.py:188} INFO - [2026-07-01T04:48:09.042+0000] {dag.py:3954} INFO - Setting next_dagrun for dag_shipment_sim to 2026-07-01 04:00:00+00:00, run_after=2026-07-01 05:00:00+00:00
[2026-07-01T04:48:09.049+0000] {processor.py:183} INFO - Processing /opt/airflow/dags/dag_shipment_sim.py took 0.035 seconds
[2026-07-01T04:48:39.600+0000] {processor.py:161} INFO - Started process (PID=7337) to work on /opt/airflow/dags/dag_shipment_sim.py
[2026-07-01T04:48:39.600+0000] {processor.py:830} INFO - Processing file /opt/airflow/dags/dag_shipment_sim.py for tasks to queue
[2026-07-01T04:48:39.601+0000] {logging_mixin.py:188} INFO - [2026-07-01T04:48:39.601+0000] {dagbag.py:545} INFO - Filling up the DagBag from /opt/airflow/dags/dag_shipment_sim.py
[2026-07-01T04:48:39.611+0000] {processor.py:840} INFO - DAG(s) 'dag_shipment_sim' retrieved from /opt/airflow/dags/dag_shipment_sim.py
[2026-07-01T04:48:39.625+0000] {logging_mixin.py:188} INFO - [2026-07-01T04:48:39.625+0000] {dag.py:3096} INFO - Sync 1 DAGs
[2026-07-01T04:48:39.633+0000] {logging_mixin.py:188} INFO - [2026-07-01T04:48:39.633+0000] {dag.py:3954} INFO - Setting next_dagrun for dag_shipment_sim to 2026-07-01 04:00:00+00:00, run_after=2026-07-01 05:00:00+00:00
[2026-07-01T04:48:39.641+0000] {processor.py:183} INFO - Processing /opt/airflow/dags/dag_shipment_sim.py took 0.045 seconds
[2026-07-01T04:50:01.547+0000] {processor.py:161} INFO - Started process (PID=7366) to work on /opt/airflow/dags/dag_shipment_sim.py
[2026-07-01T04:50:01.548+0000] {processor.py:830} INFO - Processing file /opt/airflow/dags/dag_shipment_sim.py for tasks to queue
[2026-07-01T04:50:01.548+0000] {logging_mixin.py:188} INFO - [2026-07-01T04:50:01.548+0000] {dagbag.py:545} INFO - Filling up the DagBag from /opt/airflow/dags/dag_shipment_sim.py
[2026-07-01T04:50:01.556+0000] {processor.py:840} INFO - DAG(s) 'dag_shipment_sim' retrieved from /opt/airflow/dags/dag_shipment_sim.py
[2026-07-01T04:50:01.569+0000] {logging_mixin.py:188} INFO - [2026-07-01T04:50:01.568+0000] {dag.py:3096} INFO - Sync 1 DAGs
[2026-07-01T04:50:01.578+0000] {logging_mixin.py:188} INFO - [2026-07-01T04:50:01.578+0000] {dag.py:3954} INFO - Setting next_dagrun for dag_shipment_sim to 2026-07-01 04:00:00+00:00, run_after=2026-07-01 05:00:00+00:00
[2026-07-01T04:50:01.587+0000] {processor.py:183} INFO - Processing /opt/airflow/dags/dag_shipment_sim.py took 0.047 seconds
[2026-07-01T05:04:28.065+0000] {processor.py:161} INFO - Started process (PID=7406) to work on /opt/airflow/dags/dag_shipment_sim.py
[2026-07-01T05:04:28.066+0000] {processor.py:830} INFO - Processing file /opt/airflow/dags/dag_shipment_sim.py for tasks to queue
[2026-07-01T05:04:28.067+0000] {logging_mixin.py:188} INFO - [2026-07-01T05:04:28.067+0000] {dagbag.py:545} INFO - Filling up the DagBag from /opt/airflow/dags/dag_shipment_sim.py
[2026-07-01T05:04:28.081+0000] {processor.py:840} INFO - DAG(s) 'dag_shipment_sim' retrieved from /opt/airflow/dags/dag_shipment_sim.py
[2026-07-01T05:04:28.110+0000] {logging_mixin.py:188} INFO - [2026-07-01T05:04:28.110+0000] {dag.py:3096} INFO - Sync 1 DAGs
[2026-07-01T05:04:28.127+0000] {logging_mixin.py:188} INFO - [2026-07-01T05:04:28.127+0000] {dag.py:3954} INFO - Setting next_dagrun for dag_shipment_sim to 2026-07-01 05:00:00+00:00, run_after=2026-07-01 06:00:00+00:00
[2026-07-01T05:04:28.139+0000] {processor.py:183} INFO - Processing /opt/airflow/dags/dag_shipment_sim.py took 0.078 seconds
[2026-07-01T05:24:31.807+0000] {processor.py:161} INFO - Started process (PID=8032) to work on /opt/airflow/dags/dag_shipment_sim.py
[2026-07-01T05:24:31.809+0000] {processor.py:830} INFO - Processing file /opt/airflow/dags/dag_shipment_sim.py for tasks to queue
[2026-07-01T05:24:31.810+0000] {logging_mixin.py:188} INFO - [2026-07-01T05:24:31.810+0000] {dagbag.py:545} INFO - Filling up the DagBag from /opt/airflow/dags/dag_shipment_sim.py
[2026-07-01T05:24:31.828+0000] {processor.py:840} INFO - DAG(s) 'dag_shipment_sim' retrieved from /opt/airflow/dags/dag_shipment_sim.py
[2026-07-01T05:24:31.855+0000] {logging_mixin.py:188} INFO - [2026-07-01T05:24:31.855+0000] {dag.py:3096} INFO - Sync 1 DAGs
[2026-07-01T05:24:31.887+0000] {logging_mixin.py:188} INFO - [2026-07-01T05:24:31.886+0000] {dag.py:3954} INFO - Setting next_dagrun for dag_shipment_sim to 2026-07-01 05:00:00+00:00, run_after=2026-07-01 06:00:00+00:00
[2026-07-01T05:24:31.916+0000] {processor.py:183} INFO - Processing /opt/airflow/dags/dag_shipment_sim.py took 0.114 seconds
[2026-07-01T05:29:24.290+0000] {processor.py:161} INFO - Started process (PID=8069) to work on /opt/airflow/dags/dag_shipment_sim.py
[2026-07-01T05:29:24.290+0000] {processor.py:830} INFO - Processing file /opt/airflow/dags/dag_shipment_sim.py for tasks to queue
[2026-07-01T05:29:24.291+0000] {logging_mixin.py:188} INFO - [2026-07-01T05:29:24.291+0000] {dagbag.py:545} INFO - Filling up the DagBag from /opt/airflow/dags/dag_shipment_sim.py
[2026-07-01T05:29:24.303+0000] {processor.py:840} INFO - DAG(s) 'dag_shipment_sim' retrieved from /opt/airflow/dags/dag_shipment_sim.py
[2026-07-01T05:29:24.319+0000] {logging_mixin.py:188} INFO - [2026-07-01T05:29:24.319+0000] {dag.py:3096} INFO - Sync 1 DAGs
[2026-07-01T05:29:24.332+0000] {logging_mixin.py:188} INFO - [2026-07-01T05:29:24.332+0000] {dag.py:3954} INFO - Setting next_dagrun for dag_shipment_sim to 2026-07-01 05:00:00+00:00, run_after=2026-07-01 06:00:00+00:00
[2026-07-01T05:29:24.345+0000] {processor.py:183} INFO - Processing /opt/airflow/dags/dag_shipment_sim.py took 0.059 seconds
[2026-07-01T05:45:16.093+0000] {processor.py:161} INFO - Started process (PID=8110) to work on /opt/airflow/dags/dag_shipment_sim.py
[2026-07-01T05:45:16.094+0000] {processor.py:830} INFO - Processing file /opt/airflow/dags/dag_shipment_sim.py for tasks to queue
[2026-07-01T05:45:16.095+0000] {logging_mixin.py:188} INFO - [2026-07-01T05:45:16.095+0000] {dagbag.py:545} INFO - Filling up the DagBag from /opt/airflow/dags/dag_shipment_sim.py
[2026-07-01T05:45:16.102+0000] {processor.py:840} INFO - DAG(s) 'dag_shipment_sim' retrieved from /opt/airflow/dags/dag_shipment_sim.py
[2026-07-01T05:45:16.114+0000] {logging_mixin.py:188} INFO - [2026-07-01T05:45:16.114+0000] {dag.py:3096} INFO - Sync 1 DAGs
[2026-07-01T05:45:16.124+0000] {logging_mixin.py:188} INFO - [2026-07-01T05:45:16.124+0000] {dag.py:3954} INFO - Setting next_dagrun for dag_shipment_sim to 2026-07-01 05:00:00+00:00, run_after=2026-07-01 06:00:00+00:00
[2026-07-01T05:45:16.134+0000] {processor.py:183} INFO - Processing /opt/airflow/dags/dag_shipment_sim.py took 0.043 seconds
[2026-07-01T05:51:11.068+0000] {processor.py:161} INFO - Started process (PID=8176) to work on /opt/airflow/dags/dag_shipment_sim.py
[2026-07-01T05:51:11.074+0000] {processor.py:830} INFO - Processing file /opt/airflow/dags/dag_shipment_sim.py for tasks to queue
[2026-07-01T05:51:11.082+0000] {logging_mixin.py:188} INFO - [2026-07-01T05:51:11.082+0000] {dagbag.py:545} INFO - Filling up the DagBag from /opt/airflow/dags/dag_shipment_sim.py
[2026-07-01T05:51:11.098+0000] {processor.py:840} INFO - DAG(s) 'dag_shipment_sim' retrieved from /opt/airflow/dags/dag_shipment_sim.py
[2026-07-01T05:51:11.117+0000] {logging_mixin.py:188} INFO - [2026-07-01T05:51:11.117+0000] {dag.py:3096} INFO - Sync 1 DAGs
[2026-07-01T05:51:11.132+0000] {logging_mixin.py:188} INFO - [2026-07-01T05:51:11.131+0000] {dag.py:3954} INFO - Setting next_dagrun for dag_shipment_sim to 2026-07-01 05:00:00+00:00, run_after=2026-07-01 06:00:00+00:00
[2026-07-01T05:51:11.150+0000] {processor.py:183} INFO - Processing /opt/airflow/dags/dag_shipment_sim.py took 0.097 seconds
[2026-07-01T05:53:47.764+0000] {processor.py:161} INFO - Started process (PID=8213) to work on /opt/airflow/dags/dag_shipment_sim.py
[2026-07-01T05:53:47.764+0000] {processor.py:830} INFO - Processing file /opt/airflow/dags/dag_shipment_sim.py for tasks to queue
[2026-07-01T05:53:47.765+0000] {logging_mixin.py:188} INFO - [2026-07-01T05:53:47.765+0000] {dagbag.py:545} INFO - Filling up the DagBag from /opt/airflow/dags/dag_shipment_sim.py
[2026-07-01T05:53:47.774+0000] {processor.py:840} INFO - DAG(s) 'dag_shipment_sim' retrieved from /opt/airflow/dags/dag_shipment_sim.py
[2026-07-01T05:53:47.785+0000] {logging_mixin.py:188} INFO - [2026-07-01T05:53:47.785+0000] {dag.py:3096} INFO - Sync 1 DAGs
[2026-07-01T05:53:47.796+0000] {logging_mixin.py:188} INFO - [2026-07-01T05:53:47.796+0000] {dag.py:3954} INFO - Setting next_dagrun for dag_shipment_sim to 2026-07-01 05:00:00+00:00, run_after=2026-07-01 06:00:00+00:00
[2026-07-01T05:53:47.805+0000] {processor.py:183} INFO - Processing /opt/airflow/dags/dag_shipment_sim.py took 0.045 seconds
[2026-07-01T06:49:44.774+0000] {processor.py:161} INFO - Started process (PID=8253) to work on /opt/airflow/dags/dag_shipment_sim.py
[2026-07-01T06:49:44.777+0000] {processor.py:830} INFO - Processing file /opt/airflow/dags/dag_shipment_sim.py for tasks to queue
[2026-07-01T06:49:44.780+0000] {logging_mixin.py:188} INFO - [2026-07-01T06:49:44.779+0000] {dagbag.py:545} INFO - Filling up the DagBag from /opt/airflow/dags/dag_shipment_sim.py
[2026-07-01T06:49:44.826+0000] {processor.py:840} INFO - DAG(s) 'dag_shipment_sim' retrieved from /opt/airflow/dags/dag_shipment_sim.py
[2026-07-01T06:49:44.936+0000] {logging_mixin.py:188} INFO - [2026-07-01T06:49:44.935+0000] {dag.py:3096} INFO - Sync 1 DAGs
[2026-07-01T06:49:45.078+0000] {logging_mixin.py:188} INFO - [2026-07-01T06:49:45.077+0000] {dag.py:3954} INFO - Setting next_dagrun for dag_shipment_sim to 2026-07-01 06:00:00+00:00, run_after=2026-07-01 07:00:00+00:00
[2026-07-01T06:49:45.147+0000] {processor.py:183} INFO - Processing /opt/airflow/dags/dag_shipment_sim.py took 0.390 seconds
[2026-07-01T07:53:00.872+0000] {processor.py:161} INFO - Started process (PID=8848) to work on /opt/airflow/dags/dag_shipment_sim.py
[2026-07-01T07:53:00.872+0000] {processor.py:830} INFO - Processing file /opt/airflow/dags/dag_shipment_sim.py for tasks to queue
[2026-07-01T07:53:00.873+0000] {logging_mixin.py:188} INFO - [2026-07-01T07:53:00.873+0000] {dagbag.py:545} INFO - Filling up the DagBag from /opt/airflow/dags/dag_shipment_sim.py
[2026-07-01T07:53:00.886+0000] {processor.py:840} INFO - DAG(s) 'dag_shipment_sim' retrieved from /opt/airflow/dags/dag_shipment_sim.py
[2026-07-01T07:53:00.911+0000] {logging_mixin.py:188} INFO - [2026-07-01T07:53:00.911+0000] {dag.py:3096} INFO - Sync 1 DAGs
[2026-07-01T07:53:00.926+0000] {logging_mixin.py:188} INFO - [2026-07-01T07:53:00.926+0000] {dag.py:3954} INFO - Setting next_dagrun for dag_shipment_sim to 2026-07-01 06:00:00+00:00, run_after=2026-07-01 07:00:00+00:00
[2026-07-01T07:53:00.938+0000] {processor.py:183} INFO - Processing /opt/airflow/dags/dag_shipment_sim.py took 0.069 seconds
[2026-07-01T08:51:48.405+0000] {processor.py:161} INFO - Started process (PID=9438) to work on /opt/airflow/dags/dag_shipment_sim.py
[2026-07-01T08:51:48.407+0000] {processor.py:830} INFO - Processing file /opt/airflow/dags/dag_shipment_sim.py for tasks to queue
[2026-07-01T08:51:48.409+0000] {logging_mixin.py:188} INFO - [2026-07-01T08:51:48.409+0000] {dagbag.py:545} INFO - Filling up the DagBag from /opt/airflow/dags/dag_shipment_sim.py
[2026-07-01T08:51:48.430+0000] {processor.py:840} INFO - DAG(s) 'dag_shipment_sim' retrieved from /opt/airflow/dags/dag_shipment_sim.py
[2026-07-01T08:51:48.457+0000] {logging_mixin.py:188} INFO - [2026-07-01T08:51:48.457+0000] {dag.py:3096} INFO - Sync 1 DAGs
[2026-07-01T08:51:48.478+0000] {logging_mixin.py:188} INFO - [2026-07-01T08:51:48.478+0000] {dag.py:3954} INFO - Setting next_dagrun for dag_shipment_sim to 2026-07-01 08:00:00+00:00, run_after=2026-07-01 09:00:00+00:00
[2026-07-01T08:51:48.510+0000] {processor.py:183} INFO - Processing /opt/airflow/dags/dag_shipment_sim.py took 0.112 seconds
[2026-07-01T10:25:07.787+0000] {processor.py:161} INFO - Started process (PID=10015) to work on /opt/airflow/dags/dag_shipment_sim.py
[2026-07-01T10:25:07.790+0000] {processor.py:830} INFO - Processing file /opt/airflow/dags/dag_shipment_sim.py for tasks to queue
[2026-07-01T10:25:07.792+0000] {logging_mixin.py:188} INFO - [2026-07-01T10:25:07.792+0000] {dagbag.py:545} INFO - Filling up the DagBag from /opt/airflow/dags/dag_shipment_sim.py
[2026-07-01T10:25:07.802+0000] {processor.py:840} INFO - DAG(s) 'dag_shipment_sim' retrieved from /opt/airflow/dags/dag_shipment_sim.py
[2026-07-01T10:25:07.817+0000] {logging_mixin.py:188} INFO - [2026-07-01T10:25:07.817+0000] {dag.py:3096} INFO - Sync 1 DAGs
[2026-07-01T10:25:07.836+0000] {logging_mixin.py:188} INFO - [2026-07-01T10:25:07.836+0000] {dag.py:3954} INFO - Setting next_dagrun for dag_shipment_sim to 2026-07-01 09:00:00+00:00, run_after=2026-07-01 10:00:00+00:00
[2026-07-01T10:25:07.849+0000] {processor.py:183} INFO - Processing /opt/airflow/dags/dag_shipment_sim.py took 0.065 seconds
[2026-07-01T11:41:46.046+0000] {processor.py:161} INFO - Started process (PID=10625) to work on /opt/airflow/dags/dag_shipment_sim.py
[2026-07-01T11:41:46.047+0000] {processor.py:830} INFO - Processing file /opt/airflow/dags/dag_shipment_sim.py for tasks to queue
[2026-07-01T11:41:46.048+0000] {logging_mixin.py:188} INFO - [2026-07-01T11:41:46.048+0000] {dagbag.py:545} INFO - Filling up the DagBag from /opt/airflow/dags/dag_shipment_sim.py
[2026-07-01T11:41:46.070+0000] {processor.py:840} INFO - DAG(s) 'dag_shipment_sim' retrieved from /opt/airflow/dags/dag_shipment_sim.py
[2026-07-01T11:41:46.125+0000] {logging_mixin.py:188} INFO - [2026-07-01T11:41:46.124+0000] {dag.py:3096} INFO - Sync 1 DAGs
[2026-07-01T11:41:46.165+0000] {logging_mixin.py:188} INFO - [2026-07-01T11:41:46.164+0000] {dag.py:3954} INFO - Setting next_dagrun for dag_shipment_sim to 2026-07-01 11:00:00+00:00, run_after=2026-07-01 12:00:00+00:00
[2026-07-01T11:41:46.188+0000] {processor.py:183} INFO - Processing /opt/airflow/dags/dag_shipment_sim.py took 0.156 seconds
[2026-07-01T12:30:43.178+0000] {processor.py:161} INFO - Started process (PID=11246) to work on /opt/airflow/dags/dag_shipment_sim.py
[2026-07-01T12:30:43.178+0000] {processor.py:830} INFO - Processing file /opt/airflow/dags/dag_shipment_sim.py for tasks to queue
[2026-07-01T12:30:43.180+0000] {logging_mixin.py:188} INFO - [2026-07-01T12:30:43.180+0000] {dagbag.py:545} INFO - Filling up the DagBag from /opt/airflow/dags/dag_shipment_sim.py
[2026-07-01T12:30:43.187+0000] {processor.py:840} INFO - DAG(s) 'dag_shipment_sim' retrieved from /opt/airflow/dags/dag_shipment_sim.py
[2026-07-01T12:30:43.202+0000] {logging_mixin.py:188} INFO - [2026-07-01T12:30:43.202+0000] {dag.py:3096} INFO - Sync 1 DAGs
[2026-07-01T12:30:43.217+0000] {logging_mixin.py:188} INFO - [2026-07-01T12:30:43.217+0000] {dag.py:3954} INFO - Setting next_dagrun for dag_shipment_sim to 2026-07-01 12:00:00+00:00, run_after=2026-07-01 13:00:00+00:00
[2026-07-01T12:30:43.227+0000] {processor.py:183} INFO - Processing /opt/airflow/dags/dag_shipment_sim.py took 0.052 seconds
[2026-07-01T12:58:02.605+0000] {processor.py:161} INFO - Started process (PID=11882) to work on /opt/airflow/dags/dag_shipment_sim.py
[2026-07-01T12:58:02.606+0000] {processor.py:830} INFO - Processing file /opt/airflow/dags/dag_shipment_sim.py for tasks to queue
[2026-07-01T12:58:02.607+0000] {logging_mixin.py:188} INFO - [2026-07-01T12:58:02.607+0000] {dagbag.py:545} INFO - Filling up the DagBag from /opt/airflow/dags/dag_shipment_sim.py
[2026-07-01T12:58:02.627+0000] {processor.py:840} INFO - DAG(s) 'dag_shipment_sim' retrieved from /opt/airflow/dags/dag_shipment_sim.py
[2026-07-01T12:58:02.642+0000] {logging_mixin.py:188} INFO - [2026-07-01T12:58:02.642+0000] {dag.py:3096} INFO - Sync 1 DAGs
[2026-07-01T12:58:02.704+0000] {logging_mixin.py:188} INFO - [2026-07-01T12:58:02.703+0000] {dag.py:3954} INFO - Setting next_dagrun for dag_shipment_sim to 2026-07-01 12:00:00+00:00, run_after=2026-07-01 13:00:00+00:00
[2026-07-01T12:58:02.757+0000] {processor.py:183} INFO - Processing /opt/airflow/dags/dag_shipment_sim.py took 0.156 seconds
[2026-07-01T12:58:33.510+0000] {processor.py:161} INFO - Started process (PID=11916) to work on /opt/airflow/dags/dag_shipment_sim.py
[2026-07-01T12:58:33.511+0000] {processor.py:830} INFO - Processing file /opt/airflow/dags/dag_shipment_sim.py for tasks to queue
[2026-07-01T12:58:33.512+0000] {logging_mixin.py:188} INFO - [2026-07-01T12:58:33.512+0000] {dagbag.py:545} INFO - Filling up the DagBag from /opt/airflow/dags/dag_shipment_sim.py
[2026-07-01T12:58:33.529+0000] {processor.py:840} INFO - DAG(s) 'dag_shipment_sim' retrieved from /opt/airflow/dags/dag_shipment_sim.py
[2026-07-01T12:58:33.555+0000] {logging_mixin.py:188} INFO - [2026-07-01T12:58:33.555+0000] {dag.py:3096} INFO - Sync 1 DAGs
[2026-07-01T12:58:33.572+0000] {logging_mixin.py:188} INFO - [2026-07-01T12:58:33.571+0000] {dag.py:3954} INFO - Setting next_dagrun for dag_shipment_sim to 2026-07-01 12:00:00+00:00, run_after=2026-07-01 13:00:00+00:00
[2026-07-01T12:58:33.582+0000] {processor.py:183} INFO - Processing /opt/airflow/dags/dag_shipment_sim.py took 0.075 seconds
[2026-07-01T12:59:04.011+0000] {processor.py:161} INFO - Started process (PID=11953) to work on /opt/airflow/dags/dag_shipment_sim.py
[2026-07-01T12:59:04.012+0000] {processor.py:830} INFO - Processing file /opt/airflow/dags/dag_shipment_sim.py for tasks to queue
[2026-07-01T12:59:04.013+0000] {logging_mixin.py:188} INFO - [2026-07-01T12:59:04.013+0000] {dagbag.py:545} INFO - Filling up the DagBag from /opt/airflow/dags/dag_shipment_sim.py
[2026-07-01T12:59:04.021+0000] {processor.py:840} INFO - DAG(s) 'dag_shipment_sim' retrieved from /opt/airflow/dags/dag_shipment_sim.py
[2026-07-01T12:59:04.032+0000] {logging_mixin.py:188} INFO - [2026-07-01T12:59:04.032+0000] {dag.py:3096} INFO - Sync 1 DAGs
[2026-07-01T12:59:04.042+0000] {logging_mixin.py:188} INFO - [2026-07-01T12:59:04.042+0000] {dag.py:3954} INFO - Setting next_dagrun for dag_shipment_sim to 2026-07-01 12:00:00+00:00, run_after=2026-07-01 13:00:00+00:00
[2026-07-01T12:59:04.050+0000] {processor.py:183} INFO - Processing /opt/airflow/dags/dag_shipment_sim.py took 0.041 seconds
[2026-07-01T12:59:34.453+0000] {processor.py:161} INFO - Started process (PID=11990) to work on /opt/airflow/dags/dag_shipment_sim.py
[2026-07-01T12:59:34.453+0000] {processor.py:830} INFO - Processing file /opt/airflow/dags/dag_shipment_sim.py for tasks to queue
[2026-07-01T12:59:34.454+0000] {logging_mixin.py:188} INFO - [2026-07-01T12:59:34.454+0000] {dagbag.py:545} INFO - Filling up the DagBag from /opt/airflow/dags/dag_shipment_sim.py
[2026-07-01T12:59:34.464+0000] {processor.py:840} INFO - DAG(s) 'dag_shipment_sim' retrieved from /opt/airflow/dags/dag_shipment_sim.py
[2026-07-01T12:59:34.476+0000] {logging_mixin.py:188} INFO - [2026-07-01T12:59:34.476+0000] {dag.py:3096} INFO - Sync 1 DAGs
[2026-07-01T12:59:34.486+0000] {logging_mixin.py:188} INFO - [2026-07-01T12:59:34.486+0000] {dag.py:3954} INFO - Setting next_dagrun for dag_shipment_sim to 2026-07-01 12:00:00+00:00, run_after=2026-07-01 13:00:00+00:00
[2026-07-01T12:59:34.496+0000] {processor.py:183} INFO - Processing /opt/airflow/dags/dag_shipment_sim.py took 0.047 seconds
[2026-07-01T13:00:05.066+0000] {processor.py:161} INFO - Started process (PID=12170) to work on /opt/airflow/dags/dag_shipment_sim.py
[2026-07-01T13:00:05.067+0000] {processor.py:830} INFO - Processing file /opt/airflow/dags/dag_shipment_sim.py for tasks to queue
[2026-07-01T13:00:05.068+0000] {logging_mixin.py:188} INFO - [2026-07-01T13:00:05.068+0000] {dagbag.py:545} INFO - Filling up the DagBag from /opt/airflow/dags/dag_shipment_sim.py
[2026-07-01T13:00:05.082+0000] {processor.py:840} INFO - DAG(s) 'dag_shipment_sim' retrieved from /opt/airflow/dags/dag_shipment_sim.py
[2026-07-01T13:00:05.130+0000] {logging_mixin.py:188} INFO - [2026-07-01T13:00:05.130+0000] {dag.py:3096} INFO - Sync 1 DAGs
[2026-07-01T13:00:05.162+0000] {logging_mixin.py:188} INFO - [2026-07-01T13:00:05.162+0000] {dag.py:3954} INFO - Setting next_dagrun for dag_shipment_sim to 2026-07-01 13:00:00+00:00, run_after=2026-07-01 14:00:00+00:00
[2026-07-01T13:00:05.186+0000] {processor.py:183} INFO - Processing /opt/airflow/dags/dag_shipment_sim.py took 0.124 seconds
[2026-07-01T13:00:35.488+0000] {processor.py:161} INFO - Started process (PID=12646) to work on /opt/airflow/dags/dag_shipment_sim.py
[2026-07-01T13:00:35.489+0000] {processor.py:830} INFO - Processing file /opt/airflow/dags/dag_shipment_sim.py for tasks to queue
[2026-07-01T13:00:35.489+0000] {logging_mixin.py:188} INFO - [2026-07-01T13:00:35.489+0000] {dagbag.py:545} INFO - Filling up the DagBag from /opt/airflow/dags/dag_shipment_sim.py
[2026-07-01T13:00:35.496+0000] {processor.py:840} INFO - DAG(s) 'dag_shipment_sim' retrieved from /opt/airflow/dags/dag_shipment_sim.py
[2026-07-01T13:00:35.505+0000] {logging_mixin.py:188} INFO - [2026-07-01T13:00:35.505+0000] {dag.py:3096} INFO - Sync 1 DAGs
[2026-07-01T13:00:35.514+0000] {logging_mixin.py:188} INFO - [2026-07-01T13:00:35.513+0000] {dag.py:3954} INFO - Setting next_dagrun for dag_shipment_sim to 2026-07-01 13:00:00+00:00, run_after=2026-07-01 14:00:00+00:00
[2026-07-01T13:00:35.520+0000] {processor.py:183} INFO - Processing /opt/airflow/dags/dag_shipment_sim.py took 0.035 seconds
[2026-07-01T13:01:06.740+0000] {processor.py:161} INFO - Started process (PID=12683) to work on /opt/airflow/dags/dag_shipment_sim.py
[2026-07-01T13:01:06.742+0000] {processor.py:830} INFO - Processing file /opt/airflow/dags/dag_shipment_sim.py for tasks to queue
[2026-07-01T13:01:06.743+0000] {logging_mixin.py:188} INFO - [2026-07-01T13:01:06.743+0000] {dagbag.py:545} INFO - Filling up the DagBag from /opt/airflow/dags/dag_shipment_sim.py
[2026-07-01T13:01:06.752+0000] {processor.py:840} INFO - DAG(s) 'dag_shipment_sim' retrieved from /opt/airflow/dags/dag_shipment_sim.py
[2026-07-01T13:01:06.766+0000] {logging_mixin.py:188} INFO - [2026-07-01T13:01:06.766+0000] {dag.py:3096} INFO - Sync 1 DAGs
[2026-07-01T13:01:06.776+0000] {logging_mixin.py:188} INFO - [2026-07-01T13:01:06.776+0000] {dag.py:3954} INFO - Setting next_dagrun for dag_shipment_sim to 2026-07-01 13:00:00+00:00, run_after=2026-07-01 14:00:00+00:00
[2026-07-01T13:01:06.784+0000] {processor.py:183} INFO - Processing /opt/airflow/dags/dag_shipment_sim.py took 0.047 seconds
[2026-07-01T13:01:36.922+0000] {processor.py:161} INFO - Started process (PID=12718) to work on /opt/airflow/dags/dag_shipment_sim.py
[2026-07-01T13:01:36.923+0000] {processor.py:830} INFO - Processing file /opt/airflow/dags/dag_shipment_sim.py for tasks to queue
[2026-07-01T13:01:36.926+0000] {logging_mixin.py:188} INFO - [2026-07-01T13:01:36.926+0000] {dagbag.py:545} INFO - Filling up the DagBag from /opt/airflow/dags/dag_shipment_sim.py
[2026-07-01T13:01:36.946+0000] {processor.py:840} INFO - DAG(s) 'dag_shipment_sim' retrieved from /opt/airflow/dags/dag_shipment_sim.py
[2026-07-01T13:01:36.966+0000] {logging_mixin.py:188} INFO - [2026-07-01T13:01:36.966+0000] {dag.py:3096} INFO - Sync 1 DAGs
[2026-07-01T13:01:36.980+0000] {logging_mixin.py:188} INFO - [2026-07-01T13:01:36.979+0000] {dag.py:3954} INFO - Setting next_dagrun for dag_shipment_sim to 2026-07-01 13:00:00+00:00, run_after=2026-07-01 14:00:00+00:00
[2026-07-01T13:01:36.991+0000] {processor.py:183} INFO - Processing /opt/airflow/dags/dag_shipment_sim.py took 0.073 seconds
[2026-07-01T13:02:07.298+0000] {processor.py:161} INFO - Started process (PID=12753) to work on /opt/airflow/dags/dag_shipment_sim.py
[2026-07-01T13:02:07.299+0000] {processor.py:830} INFO - Processing file /opt/airflow/dags/dag_shipment_sim.py for tasks to queue
[2026-07-01T13:02:07.302+0000] {logging_mixin.py:188} INFO - [2026-07-01T13:02:07.302+0000] {dagbag.py:545} INFO - Filling up the DagBag from /opt/airflow/dags/dag_shipment_sim.py
[2026-07-01T13:02:07.317+0000] {processor.py:840} INFO - DAG(s) 'dag_shipment_sim' retrieved from /opt/airflow/dags/dag_shipment_sim.py
[2026-07-01T13:02:07.334+0000] {logging_mixin.py:188} INFO - [2026-07-01T13:02:07.334+0000] {dag.py:3096} INFO - Sync 1 DAGs
[2026-07-01T13:02:07.364+0000] {logging_mixin.py:188} INFO - [2026-07-01T13:02:07.364+0000] {dag.py:3954} INFO - Setting next_dagrun for dag_shipment_sim to 2026-07-01 13:00:00+00:00, run_after=2026-07-01 14:00:00+00:00
[2026-07-01T13:02:07.380+0000] {processor.py:183} INFO - Processing /opt/airflow/dags/dag_shipment_sim.py took 0.089 seconds
[2026-07-01T13:02:38.705+0000] {processor.py:161} INFO - Started process (PID=12794) to work on /opt/airflow/dags/dag_shipment_sim.py
[2026-07-01T13:02:38.708+0000] {processor.py:830} INFO - Processing file /opt/airflow/dags/dag_shipment_sim.py for tasks to queue
[2026-07-01T13:02:38.711+0000] {logging_mixin.py:188} INFO - [2026-07-01T13:02:38.711+0000] {dagbag.py:545} INFO - Filling up the DagBag from /opt/airflow/dags/dag_shipment_sim.py
[2026-07-01T13:02:38.753+0000] {processor.py:840} INFO - DAG(s) 'dag_shipment_sim' retrieved from /opt/airflow/dags/dag_shipment_sim.py
[2026-07-01T13:02:38.798+0000] {logging_mixin.py:188} INFO - [2026-07-01T13:02:38.797+0000] {dag.py:3096} INFO - Sync 1 DAGs
[2026-07-01T13:02:38.846+0000] {logging_mixin.py:188} INFO - [2026-07-01T13:02:38.845+0000] {dag.py:3954} INFO - Setting next_dagrun for dag_shipment_sim to 2026-07-01 13:00:00+00:00, run_after=2026-07-01 14:00:00+00:00
[2026-07-01T13:02:38.896+0000] {processor.py:183} INFO - Processing /opt/airflow/dags/dag_shipment_sim.py took 0.206 seconds
[2026-07-01T13:03:09.317+0000] {processor.py:161} INFO - Started process (PID=12831) to work on /opt/airflow/dags/dag_shipment_sim.py
[2026-07-01T13:03:09.319+0000] {processor.py:830} INFO - Processing file /opt/airflow/dags/dag_shipment_sim.py for tasks to queue
[2026-07-01T13:03:09.321+0000] {logging_mixin.py:188} INFO - [2026-07-01T13:03:09.321+0000] {dagbag.py:545} INFO - Filling up the DagBag from /opt/airflow/dags/dag_shipment_sim.py
[2026-07-01T13:03:09.374+0000] {processor.py:840} INFO - DAG(s) 'dag_shipment_sim' retrieved from /opt/airflow/dags/dag_shipment_sim.py
[2026-07-01T13:03:09.435+0000] {logging_mixin.py:188} INFO - [2026-07-01T13:03:09.435+0000] {dag.py:3096} INFO - Sync 1 DAGs
[2026-07-01T13:03:09.487+0000] {logging_mixin.py:188} INFO - [2026-07-01T13:03:09.487+0000] {dag.py:3954} INFO - Setting next_dagrun for dag_shipment_sim to 2026-07-01 13:00:00+00:00, run_after=2026-07-01 14:00:00+00:00
[2026-07-01T13:03:09.543+0000] {processor.py:183} INFO - Processing /opt/airflow/dags/dag_shipment_sim.py took 0.240 seconds
[2026-07-01T13:03:39.709+0000] {processor.py:161} INFO - Started process (PID=12866) to work on /opt/airflow/dags/dag_shipment_sim.py
[2026-07-01T13:03:39.715+0000] {processor.py:830} INFO - Processing file /opt/airflow/dags/dag_shipment_sim.py for tasks to queue
[2026-07-01T13:03:39.723+0000] {logging_mixin.py:188} INFO - [2026-07-01T13:03:39.721+0000] {dagbag.py:545} INFO - Filling up the DagBag from /opt/airflow/dags/dag_shipment_sim.py
[2026-07-01T13:03:39.806+0000] {processor.py:840} INFO - DAG(s) 'dag_shipment_sim' retrieved from /opt/airflow/dags/dag_shipment_sim.py
[2026-07-01T13:03:39.900+0000] {logging_mixin.py:188} INFO - [2026-07-01T13:03:39.898+0000] {dag.py:3096} INFO - Sync 1 DAGs
[2026-07-01T13:03:39.968+0000] {logging_mixin.py:188} INFO - [2026-07-01T13:03:39.968+0000] {dag.py:3954} INFO - Setting next_dagrun for dag_shipment_sim to 2026-07-01 13:00:00+00:00, run_after=2026-07-01 14:00:00+00:00
[2026-07-01T13:03:40.080+0000] {processor.py:183} INFO - Processing /opt/airflow/dags/dag_shipment_sim.py took 0.400 seconds
[2026-07-01T13:04:11.111+0000] {processor.py:161} INFO - Started process (PID=12903) to work on /opt/airflow/dags/dag_shipment_sim.py
[2026-07-01T13:04:11.115+0000] {processor.py:830} INFO - Processing file /opt/airflow/dags/dag_shipment_sim.py for tasks to queue
[2026-07-01T13:04:11.132+0000] {logging_mixin.py:188} INFO - [2026-07-01T13:04:11.123+0000] {dagbag.py:545} INFO - Filling up the DagBag from /opt/airflow/dags/dag_shipment_sim.py
[2026-07-01T13:04:11.219+0000] {processor.py:840} INFO - DAG(s) 'dag_shipment_sim' retrieved from /opt/airflow/dags/dag_shipment_sim.py
[2026-07-01T13:04:11.332+0000] {logging_mixin.py:188} INFO - [2026-07-01T13:04:11.331+0000] {dag.py:3096} INFO - Sync 1 DAGs
[2026-07-01T13:04:11.478+0000] {logging_mixin.py:188} INFO - [2026-07-01T13:04:11.475+0000] {dag.py:3954} INFO - Setting next_dagrun for dag_shipment_sim to 2026-07-01 13:00:00+00:00, run_after=2026-07-01 14:00:00+00:00
[2026-07-01T13:04:11.826+0000] {processor.py:183} INFO - Processing /opt/airflow/dags/dag_shipment_sim.py took 0.751 seconds
[2026-07-01T13:04:42.290+0000] {processor.py:161} INFO - Started process (PID=12942) to work on /opt/airflow/dags/dag_shipment_sim.py
[2026-07-01T13:04:42.292+0000] {processor.py:830} INFO - Processing file /opt/airflow/dags/dag_shipment_sim.py for tasks to queue
[2026-07-01T13:04:42.295+0000] {logging_mixin.py:188} INFO - [2026-07-01T13:04:42.295+0000] {dagbag.py:545} INFO - Filling up the DagBag from /opt/airflow/dags/dag_shipment_sim.py
[2026-07-01T13:04:42.334+0000] {processor.py:840} INFO - DAG(s) 'dag_shipment_sim' retrieved from /opt/airflow/dags/dag_shipment_sim.py
[2026-07-01T13:04:42.383+0000] {logging_mixin.py:188} INFO - [2026-07-01T13:04:42.382+0000] {dag.py:3096} INFO - Sync 1 DAGs
[2026-07-01T13:04:42.436+0000] {logging_mixin.py:188} INFO - [2026-07-01T13:04:42.435+0000] {dag.py:3954} INFO - Setting next_dagrun for dag_shipment_sim to 2026-07-01 13:00:00+00:00, run_after=2026-07-01 14:00:00+00:00
[2026-07-01T13:04:42.499+0000] {processor.py:183} INFO - Processing /opt/airflow/dags/dag_shipment_sim.py took 0.227 seconds
[2026-07-01T13:05:14.760+0000] {processor.py:161} INFO - Started process (PID=12977) to work on /opt/airflow/dags/dag_shipment_sim.py
[2026-07-01T13:05:14.765+0000] {processor.py:830} INFO - Processing file /opt/airflow/dags/dag_shipment_sim.py for tasks to queue
[2026-07-01T13:05:14.772+0000] {logging_mixin.py:188} INFO - [2026-07-01T13:05:14.771+0000] {dagbag.py:545} INFO - Filling up the DagBag from /opt/airflow/dags/dag_shipment_sim.py
[2026-07-01T13:05:14.848+0000] {processor.py:840} INFO - DAG(s) 'dag_shipment_sim' retrieved from /opt/airflow/dags/dag_shipment_sim.py
[2026-07-01T13:05:15.031+0000] {logging_mixin.py:188} INFO - [2026-07-01T13:05:15.029+0000] {dag.py:3096} INFO - Sync 1 DAGs
[2026-07-01T13:05:15.155+0000] {logging_mixin.py:188} INFO - [2026-07-01T13:05:15.154+0000] {dag.py:3954} INFO - Setting next_dagrun for dag_shipment_sim to 2026-07-01 13:00:00+00:00, run_after=2026-07-01 14:00:00+00:00
[2026-07-01T13:05:15.265+0000] {processor.py:183} INFO - Processing /opt/airflow/dags/dag_shipment_sim.py took 0.529 seconds
[2026-07-01T13:05:46.536+0000] {processor.py:161} INFO - Started process (PID=13014) to work on /opt/airflow/dags/dag_shipment_sim.py
[2026-07-01T13:05:46.540+0000] {processor.py:830} INFO - Processing file /opt/airflow/dags/dag_shipment_sim.py for tasks to queue
[2026-07-01T13:05:46.548+0000] {logging_mixin.py:188} INFO - [2026-07-01T13:05:46.547+0000] {dagbag.py:545} INFO - Filling up the DagBag from /opt/airflow/dags/dag_shipment_sim.py
[2026-07-01T13:05:46.622+0000] {processor.py:840} INFO - DAG(s) 'dag_shipment_sim' retrieved from /opt/airflow/dags/dag_shipment_sim.py
[2026-07-01T13:05:46.733+0000] {logging_mixin.py:188} INFO - [2026-07-01T13:05:46.731+0000] {dag.py:3096} INFO - Sync 1 DAGs
[2026-07-01T13:05:46.829+0000] {logging_mixin.py:188} INFO - [2026-07-01T13:05:46.828+0000] {dag.py:3954} INFO - Setting next_dagrun for dag_shipment_sim to 2026-07-01 13:00:00+00:00, run_after=2026-07-01 14:00:00+00:00
[2026-07-01T13:05:46.989+0000] {processor.py:183} INFO - Processing /opt/airflow/dags/dag_shipment_sim.py took 0.472 seconds
[2026-07-01T13:06:17.447+0000] {processor.py:161} INFO - Started process (PID=13045) to work on /opt/airflow/dags/dag_shipment_sim.py
[2026-07-01T13:06:17.457+0000] {processor.py:830} INFO - Processing file /opt/airflow/dags/dag_shipment_sim.py for tasks to queue
[2026-07-01T13:06:17.462+0000] {logging_mixin.py:188} INFO - [2026-07-01T13:06:17.461+0000] {dagbag.py:545} INFO - Filling up the DagBag from /opt/airflow/dags/dag_shipment_sim.py
[2026-07-01T13:06:17.513+0000] {processor.py:840} INFO - DAG(s) 'dag_shipment_sim' retrieved from /opt/airflow/dags/dag_shipment_sim.py
[2026-07-01T13:06:17.583+0000] {logging_mixin.py:188} INFO - [2026-07-01T13:06:17.582+0000] {dag.py:3096} INFO - Sync 1 DAGs
[2026-07-01T13:06:17.667+0000] {logging_mixin.py:188} INFO - [2026-07-01T13:06:17.666+0000] {dag.py:3954} INFO - Setting next_dagrun for dag_shipment_sim to 2026-07-01 13:00:00+00:00, run_after=2026-07-01 14:00:00+00:00
[2026-07-01T13:06:17.744+0000] {processor.py:183} INFO - Processing /opt/airflow/dags/dag_shipment_sim.py took 0.337 seconds
[2026-07-01T13:06:48.474+0000] {processor.py:161} INFO - Started process (PID=13076) to work on /opt/airflow/dags/dag_shipment_sim.py
[2026-07-01T13:06:48.483+0000] {processor.py:830} INFO - Processing file /opt/airflow/dags/dag_shipment_sim.py for tasks to queue
[2026-07-01T13:06:48.501+0000] {logging_mixin.py:188} INFO - [2026-07-01T13:06:48.499+0000] {dagbag.py:545} INFO - Filling up the DagBag from /opt/airflow/dags/dag_shipment_sim.py
[2026-07-01T13:06:48.617+0000] {processor.py:840} INFO - DAG(s) 'dag_shipment_sim' retrieved from /opt/airflow/dags/dag_shipment_sim.py
[2026-07-01T13:06:48.760+0000] {logging_mixin.py:188} INFO - [2026-07-01T13:06:48.759+0000] {dag.py:3096} INFO - Sync 1 DAGs
[2026-07-01T13:06:48.864+0000] {logging_mixin.py:188} INFO - [2026-07-01T13:06:48.864+0000] {dag.py:3954} INFO - Setting next_dagrun for dag_shipment_sim to 2026-07-01 13:00:00+00:00, run_after=2026-07-01 14:00:00+00:00
[2026-07-01T13:06:48.972+0000] {processor.py:183} INFO - Processing /opt/airflow/dags/dag_shipment_sim.py took 0.528 seconds
[2026-07-01T13:07:19.556+0000] {processor.py:161} INFO - Started process (PID=13115) to work on /opt/airflow/dags/dag_shipment_sim.py
[2026-07-01T13:07:19.563+0000] {processor.py:830} INFO - Processing file /opt/airflow/dags/dag_shipment_sim.py for tasks to queue
[2026-07-01T13:07:19.568+0000] {logging_mixin.py:188} INFO - [2026-07-01T13:07:19.567+0000] {dagbag.py:545} INFO - Filling up the DagBag from /opt/airflow/dags/dag_shipment_sim.py
[2026-07-01T13:07:19.660+0000] {processor.py:840} INFO - DAG(s) 'dag_shipment_sim' retrieved from /opt/airflow/dags/dag_shipment_sim.py
[2026-07-01T13:07:19.815+0000] {logging_mixin.py:188} INFO - [2026-07-01T13:07:19.814+0000] {dag.py:3096} INFO - Sync 1 DAGs
[2026-07-01T13:07:19.940+0000] {logging_mixin.py:188} INFO - [2026-07-01T13:07:19.939+0000] {dag.py:3954} INFO - Setting next_dagrun for dag_shipment_sim to 2026-07-01 13:00:00+00:00, run_after=2026-07-01 14:00:00+00:00
[2026-07-01T13:07:20.024+0000] {processor.py:183} INFO - Processing /opt/airflow/dags/dag_shipment_sim.py took 0.511 seconds
[2026-07-01T13:07:51.066+0000] {processor.py:161} INFO - Started process (PID=13157) to work on /opt/airflow/dags/dag_shipment_sim.py
[2026-07-01T13:07:51.070+0000] {processor.py:830} INFO - Processing file /opt/airflow/dags/dag_shipment_sim.py for tasks to queue
[2026-07-01T13:07:51.080+0000] {logging_mixin.py:188} INFO - [2026-07-01T13:07:51.078+0000] {dagbag.py:545} INFO - Filling up the DagBag from /opt/airflow/dags/dag_shipment_sim.py
[2026-07-01T13:07:51.186+0000] {processor.py:840} INFO - DAG(s) 'dag_shipment_sim' retrieved from /opt/airflow/dags/dag_shipment_sim.py
[2026-07-01T13:07:51.301+0000] {logging_mixin.py:188} INFO - [2026-07-01T13:07:51.300+0000] {dag.py:3096} INFO - Sync 1 DAGs
[2026-07-01T13:07:51.390+0000] {logging_mixin.py:188} INFO - [2026-07-01T13:07:51.389+0000] {dag.py:3954} INFO - Setting next_dagrun for dag_shipment_sim to 2026-07-01 13:00:00+00:00, run_after=2026-07-01 14:00:00+00:00
[2026-07-01T13:07:51.499+0000] {processor.py:183} INFO - Processing /opt/airflow/dags/dag_shipment_sim.py took 0.474 seconds
[2026-07-01T13:08:21.872+0000] {processor.py:161} INFO - Started process (PID=13194) to work on /opt/airflow/dags/dag_shipment_sim.py
[2026-07-01T13:08:21.876+0000] {processor.py:830} INFO - Processing file /opt/airflow/dags/dag_shipment_sim.py for tasks to queue
[2026-07-01T13:08:21.885+0000] {logging_mixin.py:188} INFO - [2026-07-01T13:08:21.884+0000] {dagbag.py:545} INFO - Filling up the DagBag from /opt/airflow/dags/dag_shipment_sim.py
[2026-07-01T13:08:21.966+0000] {processor.py:840} INFO - DAG(s) 'dag_shipment_sim' retrieved from /opt/airflow/dags/dag_shipment_sim.py
[2026-07-01T13:08:22.042+0000] {logging_mixin.py:188} INFO - [2026-07-01T13:08:22.041+0000] {dag.py:3096} INFO - Sync 1 DAGs
[2026-07-01T13:08:22.092+0000] {logging_mixin.py:188} INFO - [2026-07-01T13:08:22.091+0000] {dag.py:3954} INFO - Setting next_dagrun for dag_shipment_sim to 2026-07-01 13:00:00+00:00, run_after=2026-07-01 14:00:00+00:00
[2026-07-01T13:08:22.146+0000] {processor.py:183} INFO - Processing /opt/airflow/dags/dag_shipment_sim.py took 0.306 seconds
[2026-07-01T13:08:52.531+0000] {processor.py:161} INFO - Started process (PID=13231) to work on /opt/airflow/dags/dag_shipment_sim.py
[2026-07-01T13:08:52.536+0000] {processor.py:830} INFO - Processing file /opt/airflow/dags/dag_shipment_sim.py for tasks to queue
[2026-07-01T13:08:52.549+0000] {logging_mixin.py:188} INFO - [2026-07-01T13:08:52.548+0000] {dagbag.py:545} INFO - Filling up the DagBag from /opt/airflow/dags/dag_shipment_sim.py
[2026-07-01T13:08:52.610+0000] {processor.py:840} INFO - DAG(s) 'dag_shipment_sim' retrieved from /opt/airflow/dags/dag_shipment_sim.py
[2026-07-01T13:08:52.688+0000] {logging_mixin.py:188} INFO - [2026-07-01T13:08:52.687+0000] {dag.py:3096} INFO - Sync 1 DAGs
[2026-07-01T13:08:52.769+0000] {logging_mixin.py:188} INFO - [2026-07-01T13:08:52.769+0000] {dag.py:3954} INFO - Setting next_dagrun for dag_shipment_sim to 2026-07-01 13:00:00+00:00, run_after=2026-07-01 14:00:00+00:00
[2026-07-01T13:08:52.827+0000] {processor.py:183} INFO - Processing /opt/airflow/dags/dag_shipment_sim.py took 0.315 seconds
[2026-07-01T13:09:23.506+0000] {processor.py:161} INFO - Started process (PID=13268) to work on /opt/airflow/dags/dag_shipment_sim.py
[2026-07-01T13:09:23.511+0000] {processor.py:830} INFO - Processing file /opt/airflow/dags/dag_shipment_sim.py for tasks to queue
[2026-07-01T13:09:23.516+0000] {logging_mixin.py:188} INFO - [2026-07-01T13:09:23.515+0000] {dagbag.py:545} INFO - Filling up the DagBag from /opt/airflow/dags/dag_shipment_sim.py
[2026-07-01T13:09:23.602+0000] {processor.py:840} INFO - DAG(s) 'dag_shipment_sim' retrieved from /opt/airflow/dags/dag_shipment_sim.py
[2026-07-01T13:09:23.702+0000] {logging_mixin.py:188} INFO - [2026-07-01T13:09:23.702+0000] {dag.py:3096} INFO - Sync 1 DAGs
[2026-07-01T13:09:23.757+0000] {logging_mixin.py:188} INFO - [2026-07-01T13:09:23.757+0000] {dag.py:3954} INFO - Setting next_dagrun for dag_shipment_sim to 2026-07-01 13:00:00+00:00, run_after=2026-07-01 14:00:00+00:00
[2026-07-01T13:09:23.799+0000] {processor.py:183} INFO - Processing /opt/airflow/dags/dag_shipment_sim.py took 0.327 seconds
[2026-07-01T13:09:56.330+0000] {processor.py:161} INFO - Started process (PID=13298) to work on /opt/airflow/dags/dag_shipment_sim.py
[2026-07-01T13:09:56.337+0000] {processor.py:830} INFO - Processing file /opt/airflow/dags/dag_shipment_sim.py for tasks to queue
[2026-07-01T13:09:56.345+0000] {logging_mixin.py:188} INFO - [2026-07-01T13:09:56.342+0000] {dagbag.py:545} INFO - Filling up the DagBag from /opt/airflow/dags/dag_shipment_sim.py
[2026-07-01T13:09:56.481+0000] {processor.py:840} INFO - DAG(s) 'dag_shipment_sim' retrieved from /opt/airflow/dags/dag_shipment_sim.py
[2026-07-01T13:09:56.637+0000] {logging_mixin.py:188} INFO - [2026-07-01T13:09:56.636+0000] {dag.py:3096} INFO - Sync 1 DAGs
[2026-07-01T13:09:56.758+0000] {logging_mixin.py:188} INFO - [2026-07-01T13:09:56.757+0000] {dag.py:3954} INFO - Setting next_dagrun for dag_shipment_sim to 2026-07-01 13:00:00+00:00, run_after=2026-07-01 14:00:00+00:00
[2026-07-01T13:09:56.881+0000] {processor.py:183} INFO - Processing /opt/airflow/dags/dag_shipment_sim.py took 0.593 seconds
[2026-07-01T13:10:27.609+0000] {processor.py:161} INFO - Started process (PID=13331) to work on /opt/airflow/dags/dag_shipment_sim.py
[2026-07-01T13:10:27.615+0000] {processor.py:830} INFO - Processing file /opt/airflow/dags/dag_shipment_sim.py for tasks to queue
[2026-07-01T13:10:27.626+0000] {logging_mixin.py:188} INFO - [2026-07-01T13:10:27.624+0000] {dagbag.py:545} INFO - Filling up the DagBag from /opt/airflow/dags/dag_shipment_sim.py
[2026-07-01T13:10:27.755+0000] {processor.py:840} INFO - DAG(s) 'dag_shipment_sim' retrieved from /opt/airflow/dags/dag_shipment_sim.py
[2026-07-01T13:10:27.853+0000] {logging_mixin.py:188} INFO - [2026-07-01T13:10:27.852+0000] {dag.py:3096} INFO - Sync 1 DAGs
[2026-07-01T13:10:27.965+0000] {logging_mixin.py:188} INFO - [2026-07-01T13:10:27.964+0000] {dag.py:3954} INFO - Setting next_dagrun for dag_shipment_sim to 2026-07-01 13:00:00+00:00, run_after=2026-07-01 14:00:00+00:00
[2026-07-01T13:10:28.030+0000] {processor.py:183} INFO - Processing /opt/airflow/dags/dag_shipment_sim.py took 0.456 seconds
[2026-07-01T13:10:58.583+0000] {processor.py:161} INFO - Started process (PID=13368) to work on /opt/airflow/dags/dag_shipment_sim.py
[2026-07-01T13:10:58.588+0000] {processor.py:830} INFO - Processing file /opt/airflow/dags/dag_shipment_sim.py for tasks to queue
[2026-07-01T13:10:58.597+0000] {logging_mixin.py:188} INFO - [2026-07-01T13:10:58.594+0000] {dagbag.py:545} INFO - Filling up the DagBag from /opt/airflow/dags/dag_shipment_sim.py
[2026-07-01T13:10:58.710+0000] {processor.py:840} INFO - DAG(s) 'dag_shipment_sim' retrieved from /opt/airflow/dags/dag_shipment_sim.py
[2026-07-01T13:10:58.832+0000] {logging_mixin.py:188} INFO - [2026-07-01T13:10:58.831+0000] {dag.py:3096} INFO - Sync 1 DAGs
[2026-07-01T13:10:59.035+0000] {logging_mixin.py:188} INFO - [2026-07-01T13:10:59.034+0000] {dag.py:3954} INFO - Setting next_dagrun for dag_shipment_sim to 2026-07-01 13:00:00+00:00, run_after=2026-07-01 14:00:00+00:00
[2026-07-01T13:10:59.121+0000] {processor.py:183} INFO - Processing /opt/airflow/dags/dag_shipment_sim.py took 0.584 seconds
[2026-07-01T13:11:29.209+0000] {processor.py:161} INFO - Started process (PID=13410) to work on /opt/airflow/dags/dag_shipment_sim.py
[2026-07-01T13:11:29.213+0000] {processor.py:830} INFO - Processing file /opt/airflow/dags/dag_shipment_sim.py for tasks to queue
[2026-07-01T13:11:29.218+0000] {logging_mixin.py:188} INFO - [2026-07-01T13:11:29.217+0000] {dagbag.py:545} INFO - Filling up the DagBag from /opt/airflow/dags/dag_shipment_sim.py
[2026-07-01T13:11:29.270+0000] {processor.py:840} INFO - DAG(s) 'dag_shipment_sim' retrieved from /opt/airflow/dags/dag_shipment_sim.py
[2026-07-01T13:11:29.351+0000] {logging_mixin.py:188} INFO - [2026-07-01T13:11:29.351+0000] {dag.py:3096} INFO - Sync 1 DAGs
[2026-07-01T13:11:29.405+0000] {logging_mixin.py:188} INFO - [2026-07-01T13:11:29.404+0000] {dag.py:3954} INFO - Setting next_dagrun for dag_shipment_sim to 2026-07-01 13:00:00+00:00, run_after=2026-07-01 14:00:00+00:00
[2026-07-01T13:11:29.447+0000] {processor.py:183} INFO - Processing /opt/airflow/dags/dag_shipment_sim.py took 0.264 seconds
[2026-07-01T13:12:00.210+0000] {processor.py:161} INFO - Started process (PID=13445) to work on /opt/airflow/dags/dag_shipment_sim.py
[2026-07-01T13:12:00.224+0000] {processor.py:830} INFO - Processing file /opt/airflow/dags/dag_shipment_sim.py for tasks to queue
[2026-07-01T13:12:00.230+0000] {logging_mixin.py:188} INFO - [2026-07-01T13:12:00.229+0000] {dagbag.py:545} INFO - Filling up the DagBag from /opt/airflow/dags/dag_shipment_sim.py
[2026-07-01T13:12:00.301+0000] {processor.py:840} INFO - DAG(s) 'dag_shipment_sim' retrieved from /opt/airflow/dags/dag_shipment_sim.py
[2026-07-01T13:12:00.383+0000] {logging_mixin.py:188} INFO - [2026-07-01T13:12:00.382+0000] {dag.py:3096} INFO - Sync 1 DAGs
[2026-07-01T13:12:00.448+0000] {logging_mixin.py:188} INFO - [2026-07-01T13:12:00.447+0000] {dag.py:3954} INFO - Setting next_dagrun for dag_shipment_sim to 2026-07-01 13:00:00+00:00, run_after=2026-07-01 14:00:00+00:00
[2026-07-01T13:12:00.526+0000] {processor.py:183} INFO - Processing /opt/airflow/dags/dag_shipment_sim.py took 0.337 seconds
[2026-07-01T13:12:31.158+0000] {processor.py:161} INFO - Started process (PID=13473) to work on /opt/airflow/dags/dag_shipment_sim.py
[2026-07-01T13:12:31.160+0000] {processor.py:830} INFO - Processing file /opt/airflow/dags/dag_shipment_sim.py for tasks to queue
[2026-07-01T13:12:31.162+0000] {logging_mixin.py:188} INFO - [2026-07-01T13:12:31.161+0000] {dagbag.py:545} INFO - Filling up the DagBag from /opt/airflow/dags/dag_shipment_sim.py
[2026-07-01T13:12:31.213+0000] {processor.py:840} INFO - DAG(s) 'dag_shipment_sim' retrieved from /opt/airflow/dags/dag_shipment_sim.py
[2026-07-01T13:12:31.268+0000] {logging_mixin.py:188} INFO - [2026-07-01T13:12:31.268+0000] {dag.py:3096} INFO - Sync 1 DAGs
[2026-07-01T13:12:31.361+0000] {logging_mixin.py:188} INFO - [2026-07-01T13:12:31.359+0000] {dag.py:3954} INFO - Setting next_dagrun for dag_shipment_sim to 2026-07-01 13:00:00+00:00, run_after=2026-07-01 14:00:00+00:00
[2026-07-01T13:12:31.394+0000] {processor.py:183} INFO - Processing /opt/airflow/dags/dag_shipment_sim.py took 0.251 seconds
[2026-07-01T13:13:02.339+0000] {processor.py:161} INFO - Started process (PID=13515) to work on /opt/airflow/dags/dag_shipment_sim.py
[2026-07-01T13:13:02.340+0000] {processor.py:830} INFO - Processing file /opt/airflow/dags/dag_shipment_sim.py for tasks to queue
[2026-07-01T13:13:02.342+0000] {logging_mixin.py:188} INFO - [2026-07-01T13:13:02.341+0000] {dagbag.py:545} INFO - Filling up the DagBag from /opt/airflow/dags/dag_shipment_sim.py
[2026-07-01T13:13:02.354+0000] {processor.py:840} INFO - DAG(s) 'dag_shipment_sim' retrieved from /opt/airflow/dags/dag_shipment_sim.py
[2026-07-01T13:13:02.380+0000] {logging_mixin.py:188} INFO - [2026-07-01T13:13:02.380+0000] {dag.py:3096} INFO - Sync 1 DAGs
[2026-07-01T13:13:02.408+0000] {logging_mixin.py:188} INFO - [2026-07-01T13:13:02.407+0000] {dag.py:3954} INFO - Setting next_dagrun for dag_shipment_sim to 2026-07-01 13:00:00+00:00, run_after=2026-07-01 14:00:00+00:00
[2026-07-01T13:13:02.425+0000] {processor.py:183} INFO - Processing /opt/airflow/dags/dag_shipment_sim.py took 0.092 seconds
[2026-07-01T13:13:32.542+0000] {processor.py:161} INFO - Started process (PID=13552) to work on /opt/airflow/dags/dag_shipment_sim.py
[2026-07-01T13:13:32.542+0000] {processor.py:830} INFO - Processing file /opt/airflow/dags/dag_shipment_sim.py for tasks to queue
[2026-07-01T13:13:32.543+0000] {logging_mixin.py:188} INFO - [2026-07-01T13:13:32.543+0000] {dagbag.py:545} INFO - Filling up the DagBag from /opt/airflow/dags/dag_shipment_sim.py
[2026-07-01T13:13:32.555+0000] {processor.py:840} INFO - DAG(s) 'dag_shipment_sim' retrieved from /opt/airflow/dags/dag_shipment_sim.py
[2026-07-01T13:13:32.570+0000] {logging_mixin.py:188} INFO - [2026-07-01T13:13:32.569+0000] {dag.py:3096} INFO - Sync 1 DAGs
[2026-07-01T13:13:32.584+0000] {logging_mixin.py:188} INFO - [2026-07-01T13:13:32.584+0000] {dag.py:3954} INFO - Setting next_dagrun for dag_shipment_sim to 2026-07-01 13:00:00+00:00, run_after=2026-07-01 14:00:00+00:00
[2026-07-01T13:13:32.596+0000] {processor.py:183} INFO - Processing /opt/airflow/dags/dag_shipment_sim.py took 0.062 seconds
[2026-07-01T13:14:02.675+0000] {processor.py:161} INFO - Started process (PID=13589) to work on /opt/airflow/dags/dag_shipment_sim.py
[2026-07-01T13:14:02.676+0000] {processor.py:830} INFO - Processing file /opt/airflow/dags/dag_shipment_sim.py for tasks to queue
[2026-07-01T13:14:02.677+0000] {logging_mixin.py:188} INFO - [2026-07-01T13:14:02.677+0000] {dagbag.py:545} INFO - Filling up the DagBag from /opt/airflow/dags/dag_shipment_sim.py
[2026-07-01T13:14:02.695+0000] {processor.py:840} INFO - DAG(s) 'dag_shipment_sim' retrieved from /opt/airflow/dags/dag_shipment_sim.py
[2026-07-01T13:14:02.713+0000] {logging_mixin.py:188} INFO - [2026-07-01T13:14:02.713+0000] {dag.py:3096} INFO - Sync 1 DAGs
[2026-07-01T13:14:02.724+0000] {logging_mixin.py:188} INFO - [2026-07-01T13:14:02.724+0000] {dag.py:3954} INFO - Setting next_dagrun for dag_shipment_sim to 2026-07-01 13:00:00+00:00, run_after=2026-07-01 14:00:00+00:00
[2026-07-01T13:14:02.737+0000] {processor.py:183} INFO - Processing /opt/airflow/dags/dag_shipment_sim.py took 0.066 seconds
[2026-07-01T13:14:33.460+0000] {processor.py:161} INFO - Started process (PID=13626) to work on /opt/airflow/dags/dag_shipment_sim.py
[2026-07-01T13:14:33.461+0000] {processor.py:830} INFO - Processing file /opt/airflow/dags/dag_shipment_sim.py for tasks to queue
[2026-07-01T13:14:33.462+0000] {logging_mixin.py:188} INFO - [2026-07-01T13:14:33.462+0000] {dagbag.py:545} INFO - Filling up the DagBag from /opt/airflow/dags/dag_shipment_sim.py
[2026-07-01T13:14:33.476+0000] {processor.py:840} INFO - DAG(s) 'dag_shipment_sim' retrieved from /opt/airflow/dags/dag_shipment_sim.py
[2026-07-01T13:14:33.491+0000] {logging_mixin.py:188} INFO - [2026-07-01T13:14:33.491+0000] {dag.py:3096} INFO - Sync 1 DAGs
[2026-07-01T13:14:33.502+0000] {logging_mixin.py:188} INFO - [2026-07-01T13:14:33.502+0000] {dag.py:3954} INFO - Setting next_dagrun for dag_shipment_sim to 2026-07-01 13:00:00+00:00, run_after=2026-07-01 14:00:00+00:00
[2026-07-01T13:14:33.512+0000] {processor.py:183} INFO - Processing /opt/airflow/dags/dag_shipment_sim.py took 0.057 seconds
[2026-07-01T13:15:04.316+0000] {processor.py:161} INFO - Started process (PID=13663) to work on /opt/airflow/dags/dag_shipment_sim.py
[2026-07-01T13:15:04.317+0000] {processor.py:830} INFO - Processing file /opt/airflow/dags/dag_shipment_sim.py for tasks to queue
[2026-07-01T13:15:04.318+0000] {logging_mixin.py:188} INFO - [2026-07-01T13:15:04.318+0000] {dagbag.py:545} INFO - Filling up the DagBag from /opt/airflow/dags/dag_shipment_sim.py
[2026-07-01T13:15:04.332+0000] {processor.py:840} INFO - DAG(s) 'dag_shipment_sim' retrieved from /opt/airflow/dags/dag_shipment_sim.py
[2026-07-01T13:15:04.346+0000] {logging_mixin.py:188} INFO - [2026-07-01T13:15:04.345+0000] {dag.py:3096} INFO - Sync 1 DAGs
[2026-07-01T13:15:04.355+0000] {logging_mixin.py:188} INFO - [2026-07-01T13:15:04.355+0000] {dag.py:3954} INFO - Setting next_dagrun for dag_shipment_sim to 2026-07-01 13:00:00+00:00, run_after=2026-07-01 14:00:00+00:00
[2026-07-01T13:15:04.364+0000] {processor.py:183} INFO - Processing /opt/airflow/dags/dag_shipment_sim.py took 0.055 seconds
[2026-07-01T13:15:34.638+0000] {processor.py:161} INFO - Started process (PID=13700) to work on /opt/airflow/dags/dag_shipment_sim.py
[2026-07-01T13:15:34.640+0000] {processor.py:830} INFO - Processing file /opt/airflow/dags/dag_shipment_sim.py for tasks to queue
[2026-07-01T13:15:34.642+0000] {logging_mixin.py:188} INFO - [2026-07-01T13:15:34.642+0000] {dagbag.py:545} INFO - Filling up the DagBag from /opt/airflow/dags/dag_shipment_sim.py
[2026-07-01T13:15:34.659+0000] {processor.py:840} INFO - DAG(s) 'dag_shipment_sim' retrieved from /opt/airflow/dags/dag_shipment_sim.py
[2026-07-01T13:15:34.678+0000] {logging_mixin.py:188} INFO - [2026-07-01T13:15:34.678+0000] {dag.py:3096} INFO - Sync 1 DAGs
[2026-07-01T13:15:34.692+0000] {logging_mixin.py:188} INFO - [2026-07-01T13:15:34.692+0000] {dag.py:3954} INFO - Setting next_dagrun for dag_shipment_sim to 2026-07-01 13:00:00+00:00, run_after=2026-07-01 14:00:00+00:00
[2026-07-01T13:15:34.704+0000] {processor.py:183} INFO - Processing /opt/airflow/dags/dag_shipment_sim.py took 0.071 seconds
[2026-07-01T13:16:05.344+0000] {processor.py:161} INFO - Started process (PID=13737) to work on /opt/airflow/dags/dag_shipment_sim.py
[2026-07-01T13:16:05.346+0000] {processor.py:830} INFO - Processing file /opt/airflow/dags/dag_shipment_sim.py for tasks to queue
[2026-07-01T13:16:05.347+0000] {logging_mixin.py:188} INFO - [2026-07-01T13:16:05.347+0000] {dagbag.py:545} INFO - Filling up the DagBag from /opt/airflow/dags/dag_shipment_sim.py
[2026-07-01T13:16:05.361+0000] {processor.py:840} INFO - DAG(s) 'dag_shipment_sim' retrieved from /opt/airflow/dags/dag_shipment_sim.py
[2026-07-01T13:16:05.381+0000] {logging_mixin.py:188} INFO - [2026-07-01T13:16:05.381+0000] {dag.py:3096} INFO - Sync 1 DAGs
[2026-07-01T13:16:05.394+0000] {logging_mixin.py:188} INFO - [2026-07-01T13:16:05.394+0000] {dag.py:3954} INFO - Setting next_dagrun for dag_shipment_sim to 2026-07-01 13:00:00+00:00, run_after=2026-07-01 14:00:00+00:00
[2026-07-01T13:16:05.404+0000] {processor.py:183} INFO - Processing /opt/airflow/dags/dag_shipment_sim.py took 0.065 seconds
[2026-07-01T13:16:35.737+0000] {processor.py:161} INFO - Started process (PID=13774) to work on /opt/airflow/dags/dag_shipment_sim.py
[2026-07-01T13:16:35.738+0000] {processor.py:830} INFO - Processing file /opt/airflow/dags/dag_shipment_sim.py for tasks to queue
[2026-07-01T13:16:35.739+0000] {logging_mixin.py:188} INFO - [2026-07-01T13:16:35.739+0000] {dagbag.py:545} INFO - Filling up the DagBag from /opt/airflow/dags/dag_shipment_sim.py
[2026-07-01T13:16:35.751+0000] {processor.py:840} INFO - DAG(s) 'dag_shipment_sim' retrieved from /opt/airflow/dags/dag_shipment_sim.py
[2026-07-01T13:16:35.771+0000] {logging_mixin.py:188} INFO - [2026-07-01T13:16:35.771+0000] {dag.py:3096} INFO - Sync 1 DAGs
[2026-07-01T13:16:35.785+0000] {logging_mixin.py:188} INFO - [2026-07-01T13:16:35.785+0000] {dag.py:3954} INFO - Setting next_dagrun for dag_shipment_sim to 2026-07-01 13:00:00+00:00, run_after=2026-07-01 14:00:00+00:00
[2026-07-01T13:16:35.797+0000] {processor.py:183} INFO - Processing /opt/airflow/dags/dag_shipment_sim.py took 0.072 seconds
[2026-07-01T13:17:06.335+0000] {processor.py:161} INFO - Started process (PID=13811) to work on /opt/airflow/dags/dag_shipment_sim.py
[2026-07-01T13:17:06.336+0000] {processor.py:830} INFO - Processing file /opt/airflow/dags/dag_shipment_sim.py for tasks to queue
[2026-07-01T13:17:06.339+0000] {logging_mixin.py:188} INFO - [2026-07-01T13:17:06.338+0000] {dagbag.py:545} INFO - Filling up the DagBag from /opt/airflow/dags/dag_shipment_sim.py
[2026-07-01T13:17:06.359+0000] {processor.py:840} INFO - DAG(s) 'dag_shipment_sim' retrieved from /opt/airflow/dags/dag_shipment_sim.py
[2026-07-01T13:17:06.380+0000] {logging_mixin.py:188} INFO - [2026-07-01T13:17:06.380+0000] {dag.py:3096} INFO - Sync 1 DAGs
[2026-07-01T13:17:06.396+0000] {logging_mixin.py:188} INFO - [2026-07-01T13:17:06.395+0000] {dag.py:3954} INFO - Setting next_dagrun for dag_shipment_sim to 2026-07-01 13:00:00+00:00, run_after=2026-07-01 14:00:00+00:00
[2026-07-01T13:17:06.411+0000] {processor.py:183} INFO - Processing /opt/airflow/dags/dag_shipment_sim.py took 0.082 seconds
[2026-07-01T13:17:37.053+0000] {processor.py:161} INFO - Started process (PID=13848) to work on /opt/airflow/dags/dag_shipment_sim.py
[2026-07-01T13:17:37.055+0000] {processor.py:830} INFO - Processing file /opt/airflow/dags/dag_shipment_sim.py for tasks to queue
[2026-07-01T13:17:37.056+0000] {logging_mixin.py:188} INFO - [2026-07-01T13:17:37.056+0000] {dagbag.py:545} INFO - Filling up the DagBag from /opt/airflow/dags/dag_shipment_sim.py
[2026-07-01T13:17:37.069+0000] {processor.py:840} INFO - DAG(s) 'dag_shipment_sim' retrieved from /opt/airflow/dags/dag_shipment_sim.py
[2026-07-01T13:17:37.087+0000] {logging_mixin.py:188} INFO - [2026-07-01T13:17:37.087+0000] {dag.py:3096} INFO - Sync 1 DAGs
[2026-07-01T13:17:37.103+0000] {logging_mixin.py:188} INFO - [2026-07-01T13:17:37.103+0000] {dag.py:3954} INFO - Setting next_dagrun for dag_shipment_sim to 2026-07-01 13:00:00+00:00, run_after=2026-07-01 14:00:00+00:00
[2026-07-01T13:17:37.117+0000] {processor.py:183} INFO - Processing /opt/airflow/dags/dag_shipment_sim.py took 0.069 seconds
[2026-07-01T13:18:07.347+0000] {processor.py:161} INFO - Started process (PID=13885) to work on /opt/airflow/dags/dag_shipment_sim.py
[2026-07-01T13:18:07.348+0000] {processor.py:830} INFO - Processing file /opt/airflow/dags/dag_shipment_sim.py for tasks to queue
[2026-07-01T13:18:07.349+0000] {logging_mixin.py:188} INFO - [2026-07-01T13:18:07.349+0000] {dagbag.py:545} INFO - Filling up the DagBag from /opt/airflow/dags/dag_shipment_sim.py
[2026-07-01T13:18:07.358+0000] {processor.py:840} INFO - DAG(s) 'dag_shipment_sim' retrieved from /opt/airflow/dags/dag_shipment_sim.py
[2026-07-01T13:18:07.372+0000] {logging_mixin.py:188} INFO - [2026-07-01T13:18:07.372+0000] {dag.py:3096} INFO - Sync 1 DAGs
[2026-07-01T13:18:07.384+0000] {logging_mixin.py:188} INFO - [2026-07-01T13:18:07.384+0000] {dag.py:3954} INFO - Setting next_dagrun for dag_shipment_sim to 2026-07-01 13:00:00+00:00, run_after=2026-07-01 14:00:00+00:00
[2026-07-01T13:18:07.394+0000] {processor.py:183} INFO - Processing /opt/airflow/dags/dag_shipment_sim.py took 0.050 seconds
[2026-07-01T13:18:37.973+0000] {processor.py:161} INFO - Started process (PID=13915) to work on /opt/airflow/dags/dag_shipment_sim.py
[2026-07-01T13:18:37.976+0000] {processor.py:830} INFO - Processing file /opt/airflow/dags/dag_shipment_sim.py for tasks to queue
[2026-07-01T13:18:37.977+0000] {logging_mixin.py:188} INFO - [2026-07-01T13:18:37.977+0000] {dagbag.py:545} INFO - Filling up the DagBag from /opt/airflow/dags/dag_shipment_sim.py
[2026-07-01T13:18:37.993+0000] {processor.py:840} INFO - DAG(s) 'dag_shipment_sim' retrieved from /opt/airflow/dags/dag_shipment_sim.py
[2026-07-01T13:18:38.022+0000] {logging_mixin.py:188} INFO - [2026-07-01T13:18:38.022+0000] {dag.py:3096} INFO - Sync 1 DAGs
[2026-07-01T13:18:38.040+0000] {logging_mixin.py:188} INFO - [2026-07-01T13:18:38.039+0000] {dag.py:3954} INFO - Setting next_dagrun for dag_shipment_sim to 2026-07-01 13:00:00+00:00, run_after=2026-07-01 14:00:00+00:00
[2026-07-01T13:18:38.059+0000] {processor.py:183} INFO - Processing /opt/airflow/dags/dag_shipment_sim.py took 0.090 seconds
[2026-07-01T13:19:08.813+0000] {processor.py:161} INFO - Started process (PID=13954) to work on /opt/airflow/dags/dag_shipment_sim.py
[2026-07-01T13:19:08.814+0000] {processor.py:830} INFO - Processing file /opt/airflow/dags/dag_shipment_sim.py for tasks to queue
[2026-07-01T13:19:08.815+0000] {logging_mixin.py:188} INFO - [2026-07-01T13:19:08.815+0000] {dagbag.py:545} INFO - Filling up the DagBag from /opt/airflow/dags/dag_shipment_sim.py
[2026-07-01T13:19:08.831+0000] {processor.py:840} INFO - DAG(s) 'dag_shipment_sim' retrieved from /opt/airflow/dags/dag_shipment_sim.py
[2026-07-01T13:19:08.848+0000] {logging_mixin.py:188} INFO - [2026-07-01T13:19:08.847+0000] {dag.py:3096} INFO - Sync 1 DAGs
[2026-07-01T13:19:08.859+0000] {logging_mixin.py:188} INFO - [2026-07-01T13:19:08.859+0000] {dag.py:3954} INFO - Setting next_dagrun for dag_shipment_sim to 2026-07-01 13:00:00+00:00, run_after=2026-07-01 14:00:00+00:00
[2026-07-01T13:19:08.871+0000] {processor.py:183} INFO - Processing /opt/airflow/dags/dag_shipment_sim.py took 0.062 seconds
[2026-07-01T13:19:39.343+0000] {processor.py:161} INFO - Started process (PID=13989) to work on /opt/airflow/dags/dag_shipment_sim.py
[2026-07-01T13:19:39.349+0000] {processor.py:830} INFO - Processing file /opt/airflow/dags/dag_shipment_sim.py for tasks to queue
[2026-07-01T13:19:39.352+0000] {logging_mixin.py:188} INFO - [2026-07-01T13:19:39.352+0000] {dagbag.py:545} INFO - Filling up the DagBag from /opt/airflow/dags/dag_shipment_sim.py
[2026-07-01T13:19:39.365+0000] {processor.py:840} INFO - DAG(s) 'dag_shipment_sim' retrieved from /opt/airflow/dags/dag_shipment_sim.py
[2026-07-01T13:19:39.390+0000] {logging_mixin.py:188} INFO - [2026-07-01T13:19:39.388+0000] {dag.py:3096} INFO - Sync 1 DAGs
[2026-07-01T13:19:39.403+0000] {logging_mixin.py:188} INFO - [2026-07-01T13:19:39.403+0000] {dag.py:3954} INFO - Setting next_dagrun for dag_shipment_sim to 2026-07-01 13:00:00+00:00, run_after=2026-07-01 14:00:00+00:00
[2026-07-01T13:19:39.421+0000] {processor.py:183} INFO - Processing /opt/airflow/dags/dag_shipment_sim.py took 0.083 seconds
[2026-07-01T13:20:10.528+0000] {processor.py:161} INFO - Started process (PID=14026) to work on /opt/airflow/dags/dag_shipment_sim.py
[2026-07-01T13:20:10.532+0000] {processor.py:830} INFO - Processing file /opt/airflow/dags/dag_shipment_sim.py for tasks to queue
[2026-07-01T13:20:10.544+0000] {logging_mixin.py:188} INFO - [2026-07-01T13:20:10.542+0000] {dagbag.py:545} INFO - Filling up the DagBag from /opt/airflow/dags/dag_shipment_sim.py
[2026-07-01T13:20:10.630+0000] {processor.py:840} INFO - DAG(s) 'dag_shipment_sim' retrieved from /opt/airflow/dags/dag_shipment_sim.py
[2026-07-01T13:20:10.728+0000] {logging_mixin.py:188} INFO - [2026-07-01T13:20:10.728+0000] {dag.py:3096} INFO - Sync 1 DAGs
[2026-07-01T13:20:10.784+0000] {logging_mixin.py:188} INFO - [2026-07-01T13:20:10.783+0000] {dag.py:3954} INFO - Setting next_dagrun for dag_shipment_sim to 2026-07-01 13:00:00+00:00, run_after=2026-07-01 14:00:00+00:00
[2026-07-01T13:20:10.863+0000] {processor.py:183} INFO - Processing /opt/airflow/dags/dag_shipment_sim.py took 0.356 seconds
[2026-07-01T13:20:40.946+0000] {processor.py:161} INFO - Started process (PID=14063) to work on /opt/airflow/dags/dag_shipment_sim.py
[2026-07-01T13:20:40.948+0000] {processor.py:830} INFO - Processing file /opt/airflow/dags/dag_shipment_sim.py for tasks to queue
[2026-07-01T13:20:40.950+0000] {logging_mixin.py:188} INFO - [2026-07-01T13:20:40.950+0000] {dagbag.py:545} INFO - Filling up the DagBag from /opt/airflow/dags/dag_shipment_sim.py
[2026-07-01T13:20:40.968+0000] {processor.py:840} INFO - DAG(s) 'dag_shipment_sim' retrieved from /opt/airflow/dags/dag_shipment_sim.py
[2026-07-01T13:20:40.992+0000] {logging_mixin.py:188} INFO - [2026-07-01T13:20:40.992+0000] {dag.py:3096} INFO - Sync 1 DAGs
[2026-07-01T13:20:41.008+0000] {logging_mixin.py:188} INFO - [2026-07-01T13:20:41.008+0000] {dag.py:3954} INFO - Setting next_dagrun for dag_shipment_sim to 2026-07-01 13:00:00+00:00, run_after=2026-07-01 14:00:00+00:00
[2026-07-01T13:20:41.021+0000] {processor.py:183} INFO - Processing /opt/airflow/dags/dag_shipment_sim.py took 0.080 seconds
[2026-07-01T13:21:11.982+0000] {processor.py:161} INFO - Started process (PID=14100) to work on /opt/airflow/dags/dag_shipment_sim.py
[2026-07-01T13:21:11.988+0000] {processor.py:830} INFO - Processing file /opt/airflow/dags/dag_shipment_sim.py for tasks to queue
[2026-07-01T13:21:11.998+0000] {logging_mixin.py:188} INFO - [2026-07-01T13:21:11.996+0000] {dagbag.py:545} INFO - Filling up the DagBag from /opt/airflow/dags/dag_shipment_sim.py
[2026-07-01T13:21:12.087+0000] {processor.py:840} INFO - DAG(s) 'dag_shipment_sim' retrieved from /opt/airflow/dags/dag_shipment_sim.py
[2026-07-01T13:21:12.210+0000] {logging_mixin.py:188} INFO - [2026-07-01T13:21:12.206+0000] {dag.py:3096} INFO - Sync 1 DAGs
[2026-07-01T13:21:12.318+0000] {logging_mixin.py:188} INFO - [2026-07-01T13:21:12.318+0000] {dag.py:3954} INFO - Setting next_dagrun for dag_shipment_sim to 2026-07-01 13:00:00+00:00, run_after=2026-07-01 14:00:00+00:00
[2026-07-01T13:21:12.422+0000] {processor.py:183} INFO - Processing /opt/airflow/dags/dag_shipment_sim.py took 0.468 seconds
[2026-07-01T13:21:43.988+0000] {processor.py:161} INFO - Started process (PID=14137) to work on /opt/airflow/dags/dag_shipment_sim.py
[2026-07-01T13:21:43.991+0000] {processor.py:830} INFO - Processing file /opt/airflow/dags/dag_shipment_sim.py for tasks to queue
[2026-07-01T13:21:44.009+0000] {logging_mixin.py:188} INFO - [2026-07-01T13:21:44.007+0000] {dagbag.py:545} INFO - Filling up the DagBag from /opt/airflow/dags/dag_shipment_sim.py
[2026-07-01T13:21:44.115+0000] {processor.py:840} INFO - DAG(s) 'dag_shipment_sim' retrieved from /opt/airflow/dags/dag_shipment_sim.py
[2026-07-01T13:21:44.310+0000] {logging_mixin.py:188} INFO - [2026-07-01T13:21:44.308+0000] {dag.py:3096} INFO - Sync 1 DAGs
[2026-07-01T13:21:44.446+0000] {logging_mixin.py:188} INFO - [2026-07-01T13:21:44.445+0000] {dag.py:3954} INFO - Setting next_dagrun for dag_shipment_sim to 2026-07-01 13:00:00+00:00, run_after=2026-07-01 14:00:00+00:00
[2026-07-01T13:21:44.532+0000] {processor.py:183} INFO - Processing /opt/airflow/dags/dag_shipment_sim.py took 0.561 seconds
[2026-07-01T13:22:14.691+0000] {processor.py:161} INFO - Started process (PID=14168) to work on /opt/airflow/dags/dag_shipment_sim.py
[2026-07-01T13:22:14.693+0000] {processor.py:830} INFO - Processing file /opt/airflow/dags/dag_shipment_sim.py for tasks to queue
[2026-07-01T13:22:14.695+0000] {logging_mixin.py:188} INFO - [2026-07-01T13:22:14.695+0000] {dagbag.py:545} INFO - Filling up the DagBag from /opt/airflow/dags/dag_shipment_sim.py
[2026-07-01T13:22:14.716+0000] {processor.py:840} INFO - DAG(s) 'dag_shipment_sim' retrieved from /opt/airflow/dags/dag_shipment_sim.py
[2026-07-01T13:22:14.742+0000] {logging_mixin.py:188} INFO - [2026-07-01T13:22:14.742+0000] {dag.py:3096} INFO - Sync 1 DAGs
[2026-07-01T13:22:14.774+0000] {logging_mixin.py:188} INFO - [2026-07-01T13:22:14.773+0000] {dag.py:3954} INFO - Setting next_dagrun for dag_shipment_sim to 2026-07-01 13:00:00+00:00, run_after=2026-07-01 14:00:00+00:00
[2026-07-01T13:22:14.795+0000] {processor.py:183} INFO - Processing /opt/airflow/dags/dag_shipment_sim.py took 0.108 seconds
[2026-07-01T13:22:45.157+0000] {processor.py:161} INFO - Started process (PID=14205) to work on /opt/airflow/dags/dag_shipment_sim.py
[2026-07-01T13:22:45.159+0000] {processor.py:830} INFO - Processing file /opt/airflow/dags/dag_shipment_sim.py for tasks to queue
[2026-07-01T13:22:45.161+0000] {logging_mixin.py:188} INFO - [2026-07-01T13:22:45.161+0000] {dagbag.py:545} INFO - Filling up the DagBag from /opt/airflow/dags/dag_shipment_sim.py
[2026-07-01T13:22:45.181+0000] {processor.py:840} INFO - DAG(s) 'dag_shipment_sim' retrieved from /opt/airflow/dags/dag_shipment_sim.py
[2026-07-01T13:22:45.197+0000] {logging_mixin.py:188} INFO - [2026-07-01T13:22:45.197+0000] {dag.py:3096} INFO - Sync 1 DAGs
[2026-07-01T13:22:45.222+0000] {logging_mixin.py:188} INFO - [2026-07-01T13:22:45.222+0000] {dag.py:3954} INFO - Setting next_dagrun for dag_shipment_sim to 2026-07-01 13:00:00+00:00, run_after=2026-07-01 14:00:00+00:00
[2026-07-01T13:22:45.241+0000] {processor.py:183} INFO - Processing /opt/airflow/dags/dag_shipment_sim.py took 0.089 seconds
[2026-07-01T13:23:15.644+0000] {processor.py:161} INFO - Started process (PID=14242) to work on /opt/airflow/dags/dag_shipment_sim.py
[2026-07-01T13:23:15.645+0000] {processor.py:830} INFO - Processing file /opt/airflow/dags/dag_shipment_sim.py for tasks to queue
[2026-07-01T13:23:15.647+0000] {logging_mixin.py:188} INFO - [2026-07-01T13:23:15.646+0000] {dagbag.py:545} INFO - Filling up the DagBag from /opt/airflow/dags/dag_shipment_sim.py
[2026-07-01T13:23:15.671+0000] {processor.py:840} INFO - DAG(s) 'dag_shipment_sim' retrieved from /opt/airflow/dags/dag_shipment_sim.py
[2026-07-01T13:23:15.696+0000] {logging_mixin.py:188} INFO - [2026-07-01T13:23:15.695+0000] {dag.py:3096} INFO - Sync 1 DAGs
[2026-07-01T13:23:15.723+0000] {logging_mixin.py:188} INFO - [2026-07-01T13:23:15.723+0000] {dag.py:3954} INFO - Setting next_dagrun for dag_shipment_sim to 2026-07-01 13:00:00+00:00, run_after=2026-07-01 14:00:00+00:00
[2026-07-01T13:23:15.736+0000] {processor.py:183} INFO - Processing /opt/airflow/dags/dag_shipment_sim.py took 0.101 seconds
[2026-07-01T13:23:46.099+0000] {processor.py:161} INFO - Started process (PID=14279) to work on /opt/airflow/dags/dag_shipment_sim.py
[2026-07-01T13:23:46.101+0000] {processor.py:830} INFO - Processing file /opt/airflow/dags/dag_shipment_sim.py for tasks to queue
[2026-07-01T13:23:46.104+0000] {logging_mixin.py:188} INFO - [2026-07-01T13:23:46.104+0000] {dagbag.py:545} INFO - Filling up the DagBag from /opt/airflow/dags/dag_shipment_sim.py
[2026-07-01T13:23:46.125+0000] {processor.py:840} INFO - DAG(s) 'dag_shipment_sim' retrieved from /opt/airflow/dags/dag_shipment_sim.py
[2026-07-01T13:23:46.153+0000] {logging_mixin.py:188} INFO - [2026-07-01T13:23:46.153+0000] {dag.py:3096} INFO - Sync 1 DAGs
[2026-07-01T13:23:46.177+0000] {logging_mixin.py:188} INFO - [2026-07-01T13:23:46.176+0000] {dag.py:3954} INFO - Setting next_dagrun for dag_shipment_sim to 2026-07-01 13:00:00+00:00, run_after=2026-07-01 14:00:00+00:00
[2026-07-01T13:23:46.192+0000] {processor.py:183} INFO - Processing /opt/airflow/dags/dag_shipment_sim.py took 0.103 seconds
[2026-07-01T13:24:16.448+0000] {processor.py:161} INFO - Started process (PID=14316) to work on /opt/airflow/dags/dag_shipment_sim.py
[2026-07-01T13:24:16.451+0000] {processor.py:830} INFO - Processing file /opt/airflow/dags/dag_shipment_sim.py for tasks to queue
[2026-07-01T13:24:16.452+0000] {logging_mixin.py:188} INFO - [2026-07-01T13:24:16.452+0000] {dagbag.py:545} INFO - Filling up the DagBag from /opt/airflow/dags/dag_shipment_sim.py
[2026-07-01T13:24:16.490+0000] {processor.py:840} INFO - DAG(s) 'dag_shipment_sim' retrieved from /opt/airflow/dags/dag_shipment_sim.py
[2026-07-01T13:24:16.521+0000] {logging_mixin.py:188} INFO - [2026-07-01T13:24:16.521+0000] {dag.py:3096} INFO - Sync 1 DAGs
[2026-07-01T13:24:16.542+0000] {logging_mixin.py:188} INFO - [2026-07-01T13:24:16.542+0000] {dag.py:3954} INFO - Setting next_dagrun for dag_shipment_sim to 2026-07-01 13:00:00+00:00, run_after=2026-07-01 14:00:00+00:00
[2026-07-01T13:24:16.554+0000] {processor.py:183} INFO - Processing /opt/airflow/dags/dag_shipment_sim.py took 0.126 seconds
[2026-07-01T13:24:46.935+0000] {processor.py:161} INFO - Started process (PID=14353) to work on /opt/airflow/dags/dag_shipment_sim.py
[2026-07-01T13:24:46.937+0000] {processor.py:830} INFO - Processing file /opt/airflow/dags/dag_shipment_sim.py for tasks to queue
[2026-07-01T13:24:46.939+0000] {logging_mixin.py:188} INFO - [2026-07-01T13:24:46.939+0000] {dagbag.py:545} INFO - Filling up the DagBag from /opt/airflow/dags/dag_shipment_sim.py
[2026-07-01T13:24:46.953+0000] {processor.py:840} INFO - DAG(s) 'dag_shipment_sim' retrieved from /opt/airflow/dags/dag_shipment_sim.py
[2026-07-01T13:24:46.984+0000] {logging_mixin.py:188} INFO - [2026-07-01T13:24:46.984+0000] {dag.py:3096} INFO - Sync 1 DAGs
[2026-07-01T13:24:47.000+0000] {logging_mixin.py:188} INFO - [2026-07-01T13:24:47.000+0000] {dag.py:3954} INFO - Setting next_dagrun for dag_shipment_sim to 2026-07-01 13:00:00+00:00, run_after=2026-07-01 14:00:00+00:00
[2026-07-01T13:24:47.019+0000] {processor.py:183} INFO - Processing /opt/airflow/dags/dag_shipment_sim.py took 0.098 seconds
[2026-07-01T13:25:17.197+0000] {processor.py:161} INFO - Started process (PID=14390) to work on /opt/airflow/dags/dag_shipment_sim.py
[2026-07-01T13:25:17.198+0000] {processor.py:830} INFO - Processing file /opt/airflow/dags/dag_shipment_sim.py for tasks to queue
[2026-07-01T13:25:17.201+0000] {logging_mixin.py:188} INFO - [2026-07-01T13:25:17.201+0000] {dagbag.py:545} INFO - Filling up the DagBag from /opt/airflow/dags/dag_shipment_sim.py
[2026-07-01T13:25:17.223+0000] {processor.py:840} INFO - DAG(s) 'dag_shipment_sim' retrieved from /opt/airflow/dags/dag_shipment_sim.py
[2026-07-01T13:25:17.241+0000] {logging_mixin.py:188} INFO - [2026-07-01T13:25:17.241+0000] {dag.py:3096} INFO - Sync 1 DAGs
[2026-07-01T13:25:17.253+0000] {logging_mixin.py:188} INFO - [2026-07-01T13:25:17.253+0000] {dag.py:3954} INFO - Setting next_dagrun for dag_shipment_sim to 2026-07-01 13:00:00+00:00, run_after=2026-07-01 14:00:00+00:00
[2026-07-01T13:25:17.274+0000] {processor.py:183} INFO - Processing /opt/airflow/dags/dag_shipment_sim.py took 0.087 seconds
[2026-07-01T13:25:47.361+0000] {processor.py:161} INFO - Started process (PID=14427) to work on /opt/airflow/dags/dag_shipment_sim.py
[2026-07-01T13:25:47.364+0000] {processor.py:830} INFO - Processing file /opt/airflow/dags/dag_shipment_sim.py for tasks to queue
[2026-07-01T13:25:47.365+0000] {logging_mixin.py:188} INFO - [2026-07-01T13:25:47.365+0000] {dagbag.py:545} INFO - Filling up the DagBag from /opt/airflow/dags/dag_shipment_sim.py
[2026-07-01T13:25:47.385+0000] {processor.py:840} INFO - DAG(s) 'dag_shipment_sim' retrieved from /opt/airflow/dags/dag_shipment_sim.py
[2026-07-01T13:25:47.406+0000] {logging_mixin.py:188} INFO - [2026-07-01T13:25:47.406+0000] {dag.py:3096} INFO - Sync 1 DAGs
[2026-07-01T13:25:47.420+0000] {logging_mixin.py:188} INFO - [2026-07-01T13:25:47.420+0000] {dag.py:3954} INFO - Setting next_dagrun for dag_shipment_sim to 2026-07-01 13:00:00+00:00, run_after=2026-07-01 14:00:00+00:00
[2026-07-01T13:25:47.438+0000] {processor.py:183} INFO - Processing /opt/airflow/dags/dag_shipment_sim.py took 0.083 seconds
[2026-07-01T13:26:17.872+0000] {processor.py:161} INFO - Started process (PID=14464) to work on /opt/airflow/dags/dag_shipment_sim.py
[2026-07-01T13:26:17.874+0000] {processor.py:830} INFO - Processing file /opt/airflow/dags/dag_shipment_sim.py for tasks to queue
[2026-07-01T13:26:17.875+0000] {logging_mixin.py:188} INFO - [2026-07-01T13:26:17.875+0000] {dagbag.py:545} INFO - Filling up the DagBag from /opt/airflow/dags/dag_shipment_sim.py
[2026-07-01T13:26:17.897+0000] {processor.py:840} INFO - DAG(s) 'dag_shipment_sim' retrieved from /opt/airflow/dags/dag_shipment_sim.py
[2026-07-01T13:26:17.920+0000] {logging_mixin.py:188} INFO - [2026-07-01T13:26:17.920+0000] {dag.py:3096} INFO - Sync 1 DAGs
[2026-07-01T13:26:17.938+0000] {logging_mixin.py:188} INFO - [2026-07-01T13:26:17.938+0000] {dag.py:3954} INFO - Setting next_dagrun for dag_shipment_sim to 2026-07-01 13:00:00+00:00, run_after=2026-07-01 14:00:00+00:00
[2026-07-01T13:26:17.954+0000] {processor.py:183} INFO - Processing /opt/airflow/dags/dag_shipment_sim.py took 0.088 seconds
[2026-07-01T13:26:48.759+0000] {processor.py:161} INFO - Started process (PID=14501) to work on /opt/airflow/dags/dag_shipment_sim.py
[2026-07-01T13:26:48.760+0000] {processor.py:830} INFO - Processing file /opt/airflow/dags/dag_shipment_sim.py for tasks to queue
[2026-07-01T13:26:48.763+0000] {logging_mixin.py:188} INFO - [2026-07-01T13:26:48.762+0000] {dagbag.py:545} INFO - Filling up the DagBag from /opt/airflow/dags/dag_shipment_sim.py
[2026-07-01T13:26:48.783+0000] {processor.py:840} INFO - DAG(s) 'dag_shipment_sim' retrieved from /opt/airflow/dags/dag_shipment_sim.py
[2026-07-01T13:26:48.808+0000] {logging_mixin.py:188} INFO - [2026-07-01T13:26:48.808+0000] {dag.py:3096} INFO - Sync 1 DAGs
[2026-07-01T13:26:48.825+0000] {logging_mixin.py:188} INFO - [2026-07-01T13:26:48.825+0000] {dag.py:3954} INFO - Setting next_dagrun for dag_shipment_sim to 2026-07-01 13:00:00+00:00, run_after=2026-07-01 14:00:00+00:00
[2026-07-01T13:26:48.849+0000] {processor.py:183} INFO - Processing /opt/airflow/dags/dag_shipment_sim.py took 0.095 seconds
[2026-07-01T13:27:19.037+0000] {processor.py:161} INFO - Started process (PID=14540) to work on /opt/airflow/dags/dag_shipment_sim.py
[2026-07-01T13:27:19.038+0000] {processor.py:830} INFO - Processing file /opt/airflow/dags/dag_shipment_sim.py for tasks to queue
[2026-07-01T13:27:19.039+0000] {logging_mixin.py:188} INFO - [2026-07-01T13:27:19.039+0000] {dagbag.py:545} INFO - Filling up the DagBag from /opt/airflow/dags/dag_shipment_sim.py
[2026-07-01T13:27:19.048+0000] {processor.py:840} INFO - DAG(s) 'dag_shipment_sim' retrieved from /opt/airflow/dags/dag_shipment_sim.py
[2026-07-01T13:27:19.061+0000] {logging_mixin.py:188} INFO - [2026-07-01T13:27:19.060+0000] {dag.py:3096} INFO - Sync 1 DAGs
[2026-07-01T13:27:19.071+0000] {logging_mixin.py:188} INFO - [2026-07-01T13:27:19.070+0000] {dag.py:3954} INFO - Setting next_dagrun for dag_shipment_sim to 2026-07-01 13:00:00+00:00, run_after=2026-07-01 14:00:00+00:00
[2026-07-01T13:27:19.080+0000] {processor.py:183} INFO - Processing /opt/airflow/dags/dag_shipment_sim.py took 0.047 seconds
[2026-07-01T13:27:49.515+0000] {processor.py:161} INFO - Started process (PID=14575) to work on /opt/airflow/dags/dag_shipment_sim.py
[2026-07-01T13:27:49.516+0000] {processor.py:830} INFO - Processing file /opt/airflow/dags/dag_shipment_sim.py for tasks to queue
[2026-07-01T13:27:49.519+0000] {logging_mixin.py:188} INFO - [2026-07-01T13:27:49.519+0000] {dagbag.py:545} INFO - Filling up the DagBag from /opt/airflow/dags/dag_shipment_sim.py
[2026-07-01T13:27:49.535+0000] {processor.py:840} INFO - DAG(s) 'dag_shipment_sim' retrieved from /opt/airflow/dags/dag_shipment_sim.py
[2026-07-01T13:27:49.560+0000] {logging_mixin.py:188} INFO - [2026-07-01T13:27:49.560+0000] {dag.py:3096} INFO - Sync 1 DAGs
[2026-07-01T13:27:49.576+0000] {logging_mixin.py:188} INFO - [2026-07-01T13:27:49.576+0000] {dag.py:3954} INFO - Setting next_dagrun for dag_shipment_sim to 2026-07-01 13:00:00+00:00, run_after=2026-07-01 14:00:00+00:00
[2026-07-01T13:27:49.591+0000] {processor.py:183} INFO - Processing /opt/airflow/dags/dag_shipment_sim.py took 0.080 seconds
[2026-07-01T13:28:20.468+0000] {processor.py:161} INFO - Started process (PID=14614) to work on /opt/airflow/dags/dag_shipment_sim.py
[2026-07-01T13:28:20.469+0000] {processor.py:830} INFO - Processing file /opt/airflow/dags/dag_shipment_sim.py for tasks to queue
[2026-07-01T13:28:20.470+0000] {logging_mixin.py:188} INFO - [2026-07-01T13:28:20.470+0000] {dagbag.py:545} INFO - Filling up the DagBag from /opt/airflow/dags/dag_shipment_sim.py
[2026-07-01T13:28:20.478+0000] {processor.py:840} INFO - DAG(s) 'dag_shipment_sim' retrieved from /opt/airflow/dags/dag_shipment_sim.py
[2026-07-01T13:28:20.489+0000] {logging_mixin.py:188} INFO - [2026-07-01T13:28:20.489+0000] {dag.py:3096} INFO - Sync 1 DAGs
[2026-07-01T13:28:20.501+0000] {logging_mixin.py:188} INFO - [2026-07-01T13:28:20.501+0000] {dag.py:3954} INFO - Setting next_dagrun for dag_shipment_sim to 2026-07-01 13:00:00+00:00, run_after=2026-07-01 14:00:00+00:00
[2026-07-01T13:28:20.514+0000] {processor.py:183} INFO - Processing /opt/airflow/dags/dag_shipment_sim.py took 0.049 seconds
[2026-07-01T13:28:51.060+0000] {processor.py:161} INFO - Started process (PID=14651) to work on /opt/airflow/dags/dag_shipment_sim.py
[2026-07-01T13:28:51.061+0000] {processor.py:830} INFO - Processing file /opt/airflow/dags/dag_shipment_sim.py for tasks to queue
[2026-07-01T13:28:51.062+0000] {logging_mixin.py:188} INFO - [2026-07-01T13:28:51.062+0000] {dagbag.py:545} INFO - Filling up the DagBag from /opt/airflow/dags/dag_shipment_sim.py
[2026-07-01T13:28:51.071+0000] {processor.py:840} INFO - DAG(s) 'dag_shipment_sim' retrieved from /opt/airflow/dags/dag_shipment_sim.py
[2026-07-01T13:28:51.084+0000] {logging_mixin.py:188} INFO - [2026-07-01T13:28:51.084+0000] {dag.py:3096} INFO - Sync 1 DAGs
[2026-07-01T13:28:51.097+0000] {logging_mixin.py:188} INFO - [2026-07-01T13:28:51.096+0000] {dag.py:3954} INFO - Setting next_dagrun for dag_shipment_sim to 2026-07-01 13:00:00+00:00, run_after=2026-07-01 14:00:00+00:00
[2026-07-01T13:28:51.107+0000] {processor.py:183} INFO - Processing /opt/airflow/dags/dag_shipment_sim.py took 0.050 seconds
[2026-07-01T13:29:21.749+0000] {processor.py:161} INFO - Started process (PID=14686) to work on /opt/airflow/dags/dag_shipment_sim.py
[2026-07-01T13:29:21.754+0000] {processor.py:830} INFO - Processing file /opt/airflow/dags/dag_shipment_sim.py for tasks to queue
[2026-07-01T13:29:21.760+0000] {logging_mixin.py:188} INFO - [2026-07-01T13:29:21.760+0000] {dagbag.py:545} INFO - Filling up the DagBag from /opt/airflow/dags/dag_shipment_sim.py
[2026-07-01T13:29:21.772+0000] {processor.py:840} INFO - DAG(s) 'dag_shipment_sim' retrieved from /opt/airflow/dags/dag_shipment_sim.py
[2026-07-01T13:29:21.790+0000] {logging_mixin.py:188} INFO - [2026-07-01T13:29:21.790+0000] {dag.py:3096} INFO - Sync 1 DAGs
[2026-07-01T13:29:21.805+0000] {logging_mixin.py:188} INFO - [2026-07-01T13:29:21.805+0000] {dag.py:3954} INFO - Setting next_dagrun for dag_shipment_sim to 2026-07-01 13:00:00+00:00, run_after=2026-07-01 14:00:00+00:00
[2026-07-01T13:29:21.821+0000] {processor.py:183} INFO - Processing /opt/airflow/dags/dag_shipment_sim.py took 0.081 seconds
[2026-07-01T13:29:52.235+0000] {processor.py:161} INFO - Started process (PID=14725) to work on /opt/airflow/dags/dag_shipment_sim.py
[2026-07-01T13:29:52.236+0000] {processor.py:830} INFO - Processing file /opt/airflow/dags/dag_shipment_sim.py for tasks to queue
[2026-07-01T13:29:52.237+0000] {logging_mixin.py:188} INFO - [2026-07-01T13:29:52.237+0000] {dagbag.py:545} INFO - Filling up the DagBag from /opt/airflow/dags/dag_shipment_sim.py
[2026-07-01T13:29:52.247+0000] {processor.py:840} INFO - DAG(s) 'dag_shipment_sim' retrieved from /opt/airflow/dags/dag_shipment_sim.py
[2026-07-01T13:29:52.259+0000] {logging_mixin.py:188} INFO - [2026-07-01T13:29:52.259+0000] {dag.py:3096} INFO - Sync 1 DAGs
[2026-07-01T13:29:52.269+0000] {logging_mixin.py:188} INFO - [2026-07-01T13:29:52.269+0000] {dag.py:3954} INFO - Setting next_dagrun for dag_shipment_sim to 2026-07-01 13:00:00+00:00, run_after=2026-07-01 14:00:00+00:00
[2026-07-01T13:29:52.278+0000] {processor.py:183} INFO - Processing /opt/airflow/dags/dag_shipment_sim.py took 0.049 seconds
[2026-07-01T13:30:23.085+0000] {processor.py:161} INFO - Started process (PID=14762) to work on /opt/airflow/dags/dag_shipment_sim.py
[2026-07-01T13:30:23.085+0000] {processor.py:830} INFO - Processing file /opt/airflow/dags/dag_shipment_sim.py for tasks to queue
[2026-07-01T13:30:23.086+0000] {logging_mixin.py:188} INFO - [2026-07-01T13:30:23.086+0000] {dagbag.py:545} INFO - Filling up the DagBag from /opt/airflow/dags/dag_shipment_sim.py
[2026-07-01T13:30:23.097+0000] {processor.py:840} INFO - DAG(s) 'dag_shipment_sim' retrieved from /opt/airflow/dags/dag_shipment_sim.py
[2026-07-01T13:30:23.109+0000] {logging_mixin.py:188} INFO - [2026-07-01T13:30:23.109+0000] {dag.py:3096} INFO - Sync 1 DAGs
[2026-07-01T13:30:23.119+0000] {logging_mixin.py:188} INFO - [2026-07-01T13:30:23.118+0000] {dag.py:3954} INFO - Setting next_dagrun for dag_shipment_sim to 2026-07-01 13:00:00+00:00, run_after=2026-07-01 14:00:00+00:00
[2026-07-01T13:30:23.126+0000] {processor.py:183} INFO - Processing /opt/airflow/dags/dag_shipment_sim.py took 0.045 seconds
[2026-07-01T13:30:53.755+0000] {processor.py:161} INFO - Started process (PID=14799) to work on /opt/airflow/dags/dag_shipment_sim.py
[2026-07-01T13:30:53.756+0000] {processor.py:830} INFO - Processing file /opt/airflow/dags/dag_shipment_sim.py for tasks to queue
[2026-07-01T13:30:53.757+0000] {logging_mixin.py:188} INFO - [2026-07-01T13:30:53.757+0000] {dagbag.py:545} INFO - Filling up the DagBag from /opt/airflow/dags/dag_shipment_sim.py
[2026-07-01T13:30:53.767+0000] {processor.py:840} INFO - DAG(s) 'dag_shipment_sim' retrieved from /opt/airflow/dags/dag_shipment_sim.py
[2026-07-01T13:30:53.780+0000] {logging_mixin.py:188} INFO - [2026-07-01T13:30:53.780+0000] {dag.py:3096} INFO - Sync 1 DAGs
[2026-07-01T13:30:53.791+0000] {logging_mixin.py:188} INFO - [2026-07-01T13:30:53.790+0000] {dag.py:3954} INFO - Setting next_dagrun for dag_shipment_sim to 2026-07-01 13:00:00+00:00, run_after=2026-07-01 14:00:00+00:00
[2026-07-01T13:30:53.800+0000] {processor.py:183} INFO - Processing /opt/airflow/dags/dag_shipment_sim.py took 0.049 seconds
[2026-07-01T13:31:24.161+0000] {processor.py:161} INFO - Started process (PID=14836) to work on /opt/airflow/dags/dag_shipment_sim.py
[2026-07-01T13:31:24.162+0000] {processor.py:830} INFO - Processing file /opt/airflow/dags/dag_shipment_sim.py for tasks to queue
[2026-07-01T13:31:24.162+0000] {logging_mixin.py:188} INFO - [2026-07-01T13:31:24.162+0000] {dagbag.py:545} INFO - Filling up the DagBag from /opt/airflow/dags/dag_shipment_sim.py
[2026-07-01T13:31:24.173+0000] {processor.py:840} INFO - DAG(s) 'dag_shipment_sim' retrieved from /opt/airflow/dags/dag_shipment_sim.py
[2026-07-01T13:31:24.186+0000] {logging_mixin.py:188} INFO - [2026-07-01T13:31:24.186+0000] {dag.py:3096} INFO - Sync 1 DAGs
[2026-07-01T13:31:24.196+0000] {logging_mixin.py:188} INFO - [2026-07-01T13:31:24.196+0000] {dag.py:3954} INFO - Setting next_dagrun for dag_shipment_sim to 2026-07-01 13:00:00+00:00, run_after=2026-07-01 14:00:00+00:00
[2026-07-01T13:31:24.206+0000] {processor.py:183} INFO - Processing /opt/airflow/dags/dag_shipment_sim.py took 0.049 seconds
[2026-07-01T13:31:54.920+0000] {processor.py:161} INFO - Started process (PID=14873) to work on /opt/airflow/dags/dag_shipment_sim.py
[2026-07-01T13:31:54.921+0000] {processor.py:830} INFO - Processing file /opt/airflow/dags/dag_shipment_sim.py for tasks to queue
[2026-07-01T13:31:54.922+0000] {logging_mixin.py:188} INFO - [2026-07-01T13:31:54.922+0000] {dagbag.py:545} INFO - Filling up the DagBag from /opt/airflow/dags/dag_shipment_sim.py
[2026-07-01T13:31:54.934+0000] {processor.py:840} INFO - DAG(s) 'dag_shipment_sim' retrieved from /opt/airflow/dags/dag_shipment_sim.py
[2026-07-01T13:31:54.949+0000] {logging_mixin.py:188} INFO - [2026-07-01T13:31:54.949+0000] {dag.py:3096} INFO - Sync 1 DAGs
[2026-07-01T13:31:54.962+0000] {logging_mixin.py:188} INFO - [2026-07-01T13:31:54.962+0000] {dag.py:3954} INFO - Setting next_dagrun for dag_shipment_sim to 2026-07-01 13:00:00+00:00, run_after=2026-07-01 14:00:00+00:00
[2026-07-01T13:31:54.975+0000] {processor.py:183} INFO - Processing /opt/airflow/dags/dag_shipment_sim.py took 0.062 seconds
[2026-07-01T13:32:26.620+0000] {processor.py:161} INFO - Started process (PID=14910) to work on /opt/airflow/dags/dag_shipment_sim.py
[2026-07-01T13:32:26.624+0000] {processor.py:830} INFO - Processing file /opt/airflow/dags/dag_shipment_sim.py for tasks to queue
[2026-07-01T13:32:26.629+0000] {logging_mixin.py:188} INFO - [2026-07-01T13:32:26.629+0000] {dagbag.py:545} INFO - Filling up the DagBag from /opt/airflow/dags/dag_shipment_sim.py
[2026-07-01T13:32:26.668+0000] {processor.py:840} INFO - DAG(s) 'dag_shipment_sim' retrieved from /opt/airflow/dags/dag_shipment_sim.py
[2026-07-01T13:32:26.738+0000] {logging_mixin.py:188} INFO - [2026-07-01T13:32:26.737+0000] {dag.py:3096} INFO - Sync 1 DAGs
[2026-07-01T13:32:26.787+0000] {logging_mixin.py:188} INFO - [2026-07-01T13:32:26.787+0000] {dag.py:3954} INFO - Setting next_dagrun for dag_shipment_sim to 2026-07-01 13:00:00+00:00, run_after=2026-07-01 14:00:00+00:00
[2026-07-01T13:32:26.837+0000] {processor.py:183} INFO - Processing /opt/airflow/dags/dag_shipment_sim.py took 0.246 seconds
[2026-07-01T13:32:57.969+0000] {processor.py:161} INFO - Started process (PID=14947) to work on /opt/airflow/dags/dag_shipment_sim.py
[2026-07-01T13:32:57.972+0000] {processor.py:830} INFO - Processing file /opt/airflow/dags/dag_shipment_sim.py for tasks to queue
[2026-07-01T13:32:57.976+0000] {logging_mixin.py:188} INFO - [2026-07-01T13:32:57.975+0000] {dagbag.py:545} INFO - Filling up the DagBag from /opt/airflow/dags/dag_shipment_sim.py
[2026-07-01T13:32:58.023+0000] {processor.py:840} INFO - DAG(s) 'dag_shipment_sim' retrieved from /opt/airflow/dags/dag_shipment_sim.py
[2026-07-01T13:32:58.129+0000] {logging_mixin.py:188} INFO - [2026-07-01T13:32:58.127+0000] {dag.py:3096} INFO - Sync 1 DAGs
[2026-07-01T13:32:58.213+0000] {logging_mixin.py:188} INFO - [2026-07-01T13:32:58.212+0000] {dag.py:3954} INFO - Setting next_dagrun for dag_shipment_sim to 2026-07-01 13:00:00+00:00, run_after=2026-07-01 14:00:00+00:00
[2026-07-01T13:32:58.269+0000] {processor.py:183} INFO - Processing /opt/airflow/dags/dag_shipment_sim.py took 0.314 seconds
[2026-07-01T13:33:29.795+0000] {processor.py:161} INFO - Started process (PID=14984) to work on /opt/airflow/dags/dag_shipment_sim.py
[2026-07-01T13:33:29.797+0000] {processor.py:830} INFO - Processing file /opt/airflow/dags/dag_shipment_sim.py for tasks to queue
[2026-07-01T13:33:29.800+0000] {logging_mixin.py:188} INFO - [2026-07-01T13:33:29.799+0000] {dagbag.py:545} INFO - Filling up the DagBag from /opt/airflow/dags/dag_shipment_sim.py
[2026-07-01T13:33:29.870+0000] {processor.py:840} INFO - DAG(s) 'dag_shipment_sim' retrieved from /opt/airflow/dags/dag_shipment_sim.py
[2026-07-01T13:33:29.931+0000] {logging_mixin.py:188} INFO - [2026-07-01T13:33:29.930+0000] {dag.py:3096} INFO - Sync 1 DAGs
[2026-07-01T13:33:29.984+0000] {logging_mixin.py:188} INFO - [2026-07-01T13:33:29.984+0000] {dag.py:3954} INFO - Setting next_dagrun for dag_shipment_sim to 2026-07-01 13:00:00+00:00, run_after=2026-07-01 14:00:00+00:00
[2026-07-01T13:33:30.035+0000] {processor.py:183} INFO - Processing /opt/airflow/dags/dag_shipment_sim.py took 0.250 seconds
[2026-07-01T13:34:02.641+0000] {processor.py:161} INFO - Started process (PID=15019) to work on /opt/airflow/dags/dag_shipment_sim.py
[2026-07-01T13:34:02.652+0000] {processor.py:830} INFO - Processing file /opt/airflow/dags/dag_shipment_sim.py for tasks to queue
[2026-07-01T13:34:02.666+0000] {logging_mixin.py:188} INFO - [2026-07-01T13:34:02.664+0000] {dagbag.py:545} INFO - Filling up the DagBag from /opt/airflow/dags/dag_shipment_sim.py
[2026-07-01T13:34:02.727+0000] {processor.py:840} INFO - DAG(s) 'dag_shipment_sim' retrieved from /opt/airflow/dags/dag_shipment_sim.py
[2026-07-01T13:34:02.838+0000] {logging_mixin.py:188} INFO - [2026-07-01T13:34:02.837+0000] {dag.py:3096} INFO - Sync 1 DAGs
[2026-07-01T13:34:02.965+0000] {logging_mixin.py:188} INFO - [2026-07-01T13:34:02.964+0000] {dag.py:3954} INFO - Setting next_dagrun for dag_shipment_sim to 2026-07-01 13:00:00+00:00, run_after=2026-07-01 14:00:00+00:00
[2026-07-01T13:34:03.107+0000] {processor.py:183} INFO - Processing /opt/airflow/dags/dag_shipment_sim.py took 0.510 seconds
[2026-07-01T13:34:34.288+0000] {processor.py:161} INFO - Started process (PID=15056) to work on /opt/airflow/dags/dag_shipment_sim.py
[2026-07-01T13:34:34.297+0000] {processor.py:830} INFO - Processing file /opt/airflow/dags/dag_shipment_sim.py for tasks to queue
[2026-07-01T13:34:34.305+0000] {logging_mixin.py:188} INFO - [2026-07-01T13:34:34.304+0000] {dagbag.py:545} INFO - Filling up the DagBag from /opt/airflow/dags/dag_shipment_sim.py
[2026-07-01T13:34:34.379+0000] {processor.py:840} INFO - DAG(s) 'dag_shipment_sim' retrieved from /opt/airflow/dags/dag_shipment_sim.py
[2026-07-01T13:34:34.463+0000] {logging_mixin.py:188} INFO - [2026-07-01T13:34:34.462+0000] {dag.py:3096} INFO - Sync 1 DAGs
[2026-07-01T13:34:34.533+0000] {logging_mixin.py:188} INFO - [2026-07-01T13:34:34.532+0000] {dag.py:3954} INFO - Setting next_dagrun for dag_shipment_sim to 2026-07-01 13:00:00+00:00, run_after=2026-07-01 14:00:00+00:00
[2026-07-01T13:34:34.645+0000] {processor.py:183} INFO - Processing /opt/airflow/dags/dag_shipment_sim.py took 0.409 seconds
[2026-07-01T13:35:05.010+0000] {processor.py:161} INFO - Started process (PID=15087) to work on /opt/airflow/dags/dag_shipment_sim.py
[2026-07-01T13:35:05.012+0000] {processor.py:830} INFO - Processing file /opt/airflow/dags/dag_shipment_sim.py for tasks to queue
[2026-07-01T13:35:05.021+0000] {logging_mixin.py:188} INFO - [2026-07-01T13:35:05.015+0000] {dagbag.py:545} INFO - Filling up the DagBag from /opt/airflow/dags/dag_shipment_sim.py
[2026-07-01T13:35:05.089+0000] {processor.py:840} INFO - DAG(s) 'dag_shipment_sim' retrieved from /opt/airflow/dags/dag_shipment_sim.py
[2026-07-01T13:35:05.173+0000] {logging_mixin.py:188} INFO - [2026-07-01T13:35:05.172+0000] {dag.py:3096} INFO - Sync 1 DAGs
[2026-07-01T13:35:05.276+0000] {logging_mixin.py:188} INFO - [2026-07-01T13:35:05.274+0000] {dag.py:3954} INFO - Setting next_dagrun for dag_shipment_sim to 2026-07-01 13:00:00+00:00, run_after=2026-07-01 14:00:00+00:00
[2026-07-01T13:35:05.350+0000] {processor.py:183} INFO - Processing /opt/airflow/dags/dag_shipment_sim.py took 0.351 seconds
[2026-07-01T13:35:35.577+0000] {processor.py:161} INFO - Started process (PID=15124) to work on /opt/airflow/dags/dag_shipment_sim.py
[2026-07-01T13:35:35.579+0000] {processor.py:830} INFO - Processing file /opt/airflow/dags/dag_shipment_sim.py for tasks to queue
[2026-07-01T13:35:35.581+0000] {logging_mixin.py:188} INFO - [2026-07-01T13:35:35.581+0000] {dagbag.py:545} INFO - Filling up the DagBag from /opt/airflow/dags/dag_shipment_sim.py
[2026-07-01T13:35:35.602+0000] {processor.py:840} INFO - DAG(s) 'dag_shipment_sim' retrieved from /opt/airflow/dags/dag_shipment_sim.py
[2026-07-01T13:35:35.626+0000] {logging_mixin.py:188} INFO - [2026-07-01T13:35:35.626+0000] {dag.py:3096} INFO - Sync 1 DAGs
[2026-07-01T13:35:35.650+0000] {logging_mixin.py:188} INFO - [2026-07-01T13:35:35.650+0000] {dag.py:3954} INFO - Setting next_dagrun for dag_shipment_sim to 2026-07-01 13:00:00+00:00, run_after=2026-07-01 14:00:00+00:00
[2026-07-01T13:35:35.672+0000] {processor.py:183} INFO - Processing /opt/airflow/dags/dag_shipment_sim.py took 0.103 seconds
[2026-07-01T13:36:07.405+0000] {processor.py:161} INFO - Started process (PID=15161) to work on /opt/airflow/dags/dag_shipment_sim.py
[2026-07-01T13:36:07.421+0000] {processor.py:830} INFO - Processing file /opt/airflow/dags/dag_shipment_sim.py for tasks to queue
[2026-07-01T13:36:07.447+0000] {logging_mixin.py:188} INFO - [2026-07-01T13:36:07.446+0000] {dagbag.py:545} INFO - Filling up the DagBag from /opt/airflow/dags/dag_shipment_sim.py
[2026-07-01T13:36:07.515+0000] {processor.py:840} INFO - DAG(s) 'dag_shipment_sim' retrieved from /opt/airflow/dags/dag_shipment_sim.py
[2026-07-01T13:36:07.628+0000] {logging_mixin.py:188} INFO - [2026-07-01T13:36:07.627+0000] {dag.py:3096} INFO - Sync 1 DAGs
[2026-07-01T13:36:07.719+0000] {logging_mixin.py:188} INFO - [2026-07-01T13:36:07.719+0000] {dag.py:3954} INFO - Setting next_dagrun for dag_shipment_sim to 2026-07-01 13:00:00+00:00, run_after=2026-07-01 14:00:00+00:00
[2026-07-01T13:36:07.806+0000] {processor.py:183} INFO - Processing /opt/airflow/dags/dag_shipment_sim.py took 0.445 seconds
[2026-07-01T13:36:38.110+0000] {processor.py:161} INFO - Started process (PID=15192) to work on /opt/airflow/dags/dag_shipment_sim.py
[2026-07-01T13:36:38.116+0000] {processor.py:830} INFO - Processing file /opt/airflow/dags/dag_shipment_sim.py for tasks to queue
[2026-07-01T13:36:38.127+0000] {logging_mixin.py:188} INFO - [2026-07-01T13:36:38.124+0000] {dagbag.py:545} INFO - Filling up the DagBag from /opt/airflow/dags/dag_shipment_sim.py
[2026-07-01T13:36:38.252+0000] {processor.py:840} INFO - DAG(s) 'dag_shipment_sim' retrieved from /opt/airflow/dags/dag_shipment_sim.py
[2026-07-01T13:36:38.375+0000] {logging_mixin.py:188} INFO - [2026-07-01T13:36:38.374+0000] {dag.py:3096} INFO - Sync 1 DAGs
[2026-07-01T13:36:38.454+0000] {logging_mixin.py:188} INFO - [2026-07-01T13:36:38.452+0000] {dag.py:3954} INFO - Setting next_dagrun for dag_shipment_sim to 2026-07-01 13:00:00+00:00, run_after=2026-07-01 14:00:00+00:00
[2026-07-01T13:36:38.521+0000] {processor.py:183} INFO - Processing /opt/airflow/dags/dag_shipment_sim.py took 0.445 seconds
[2026-07-01T13:37:08.981+0000] {processor.py:161} INFO - Started process (PID=15231) to work on /opt/airflow/dags/dag_shipment_sim.py
[2026-07-01T13:37:08.985+0000] {processor.py:830} INFO - Processing file /opt/airflow/dags/dag_shipment_sim.py for tasks to queue
[2026-07-01T13:37:08.991+0000] {logging_mixin.py:188} INFO - [2026-07-01T13:37:08.990+0000] {dagbag.py:545} INFO - Filling up the DagBag from /opt/airflow/dags/dag_shipment_sim.py
[2026-07-01T13:37:09.037+0000] {processor.py:840} INFO - DAG(s) 'dag_shipment_sim' retrieved from /opt/airflow/dags/dag_shipment_sim.py
[2026-07-01T13:37:09.107+0000] {logging_mixin.py:188} INFO - [2026-07-01T13:37:09.106+0000] {dag.py:3096} INFO - Sync 1 DAGs
[2026-07-01T13:37:09.177+0000] {logging_mixin.py:188} INFO - [2026-07-01T13:37:09.177+0000] {dag.py:3954} INFO - Setting next_dagrun for dag_shipment_sim to 2026-07-01 13:00:00+00:00, run_after=2026-07-01 14:00:00+00:00
[2026-07-01T13:37:09.241+0000] {processor.py:183} INFO - Processing /opt/airflow/dags/dag_shipment_sim.py took 0.285 seconds
[2026-07-01T13:37:39.864+0000] {processor.py:161} INFO - Started process (PID=15268) to work on /opt/airflow/dags/dag_shipment_sim.py
[2026-07-01T13:37:39.868+0000] {processor.py:830} INFO - Processing file /opt/airflow/dags/dag_shipment_sim.py for tasks to queue
[2026-07-01T13:37:39.877+0000] {logging_mixin.py:188} INFO - [2026-07-01T13:37:39.875+0000] {dagbag.py:545} INFO - Filling up the DagBag from /opt/airflow/dags/dag_shipment_sim.py
[2026-07-01T13:37:39.946+0000] {processor.py:840} INFO - DAG(s) 'dag_shipment_sim' retrieved from /opt/airflow/dags/dag_shipment_sim.py
[2026-07-01T13:37:40.015+0000] {logging_mixin.py:188} INFO - [2026-07-01T13:37:40.014+0000] {dag.py:3096} INFO - Sync 1 DAGs
[2026-07-01T13:37:40.070+0000] {logging_mixin.py:188} INFO - [2026-07-01T13:37:40.070+0000] {dag.py:3954} INFO - Setting next_dagrun for dag_shipment_sim to 2026-07-01 13:00:00+00:00, run_after=2026-07-01 14:00:00+00:00
[2026-07-01T13:37:40.133+0000] {processor.py:183} INFO - Processing /opt/airflow/dags/dag_shipment_sim.py took 0.287 seconds
[2026-07-01T13:38:10.924+0000] {processor.py:161} INFO - Started process (PID=15305) to work on /opt/airflow/dags/dag_shipment_sim.py
[2026-07-01T13:38:10.925+0000] {processor.py:830} INFO - Processing file /opt/airflow/dags/dag_shipment_sim.py for tasks to queue
[2026-07-01T13:38:10.929+0000] {logging_mixin.py:188} INFO - [2026-07-01T13:38:10.928+0000] {dagbag.py:545} INFO - Filling up the DagBag from /opt/airflow/dags/dag_shipment_sim.py
[2026-07-01T13:38:10.962+0000] {processor.py:840} INFO - DAG(s) 'dag_shipment_sim' retrieved from /opt/airflow/dags/dag_shipment_sim.py
[2026-07-01T13:38:11.022+0000] {logging_mixin.py:188} INFO - [2026-07-01T13:38:11.021+0000] {dag.py:3096} INFO - Sync 1 DAGs
[2026-07-01T13:38:11.095+0000] {logging_mixin.py:188} INFO - [2026-07-01T13:38:11.095+0000] {dag.py:3954} INFO - Setting next_dagrun for dag_shipment_sim to 2026-07-01 13:00:00+00:00, run_after=2026-07-01 14:00:00+00:00
[2026-07-01T13:38:11.194+0000] {processor.py:183} INFO - Processing /opt/airflow/dags/dag_shipment_sim.py took 0.284 seconds
[2026-07-01T13:38:41.901+0000] {processor.py:161} INFO - Started process (PID=15342) to work on /opt/airflow/dags/dag_shipment_sim.py
[2026-07-01T13:38:41.902+0000] {processor.py:830} INFO - Processing file /opt/airflow/dags/dag_shipment_sim.py for tasks to queue
[2026-07-01T13:38:41.903+0000] {logging_mixin.py:188} INFO - [2026-07-01T13:38:41.903+0000] {dagbag.py:545} INFO - Filling up the DagBag from /opt/airflow/dags/dag_shipment_sim.py
[2026-07-01T13:38:41.915+0000] {processor.py:840} INFO - DAG(s) 'dag_shipment_sim' retrieved from /opt/airflow/dags/dag_shipment_sim.py
[2026-07-01T13:38:41.931+0000] {logging_mixin.py:188} INFO - [2026-07-01T13:38:41.931+0000] {dag.py:3096} INFO - Sync 1 DAGs
[2026-07-01T13:38:41.943+0000] {logging_mixin.py:188} INFO - [2026-07-01T13:38:41.943+0000] {dag.py:3954} INFO - Setting next_dagrun for dag_shipment_sim to 2026-07-01 13:00:00+00:00, run_after=2026-07-01 14:00:00+00:00
[2026-07-01T13:38:41.953+0000] {processor.py:183} INFO - Processing /opt/airflow/dags/dag_shipment_sim.py took 0.062 seconds
[2026-07-01T13:39:12.523+0000] {processor.py:161} INFO - Started process (PID=15379) to work on /opt/airflow/dags/dag_shipment_sim.py
[2026-07-01T13:39:12.524+0000] {processor.py:830} INFO - Processing file /opt/airflow/dags/dag_shipment_sim.py for tasks to queue
[2026-07-01T13:39:12.525+0000] {logging_mixin.py:188} INFO - [2026-07-01T13:39:12.525+0000] {dagbag.py:545} INFO - Filling up the DagBag from /opt/airflow/dags/dag_shipment_sim.py
[2026-07-01T13:39:12.533+0000] {processor.py:840} INFO - DAG(s) 'dag_shipment_sim' retrieved from /opt/airflow/dags/dag_shipment_sim.py
[2026-07-01T13:39:12.544+0000] {logging_mixin.py:188} INFO - [2026-07-01T13:39:12.544+0000] {dag.py:3096} INFO - Sync 1 DAGs
[2026-07-01T13:39:12.553+0000] {logging_mixin.py:188} INFO - [2026-07-01T13:39:12.553+0000] {dag.py:3954} INFO - Setting next_dagrun for dag_shipment_sim to 2026-07-01 13:00:00+00:00, run_after=2026-07-01 14:00:00+00:00
[2026-07-01T13:39:12.561+0000] {processor.py:183} INFO - Processing /opt/airflow/dags/dag_shipment_sim.py took 0.040 seconds
[2026-07-01T13:39:43.185+0000] {processor.py:161} INFO - Started process (PID=15416) to work on /opt/airflow/dags/dag_shipment_sim.py
[2026-07-01T13:39:43.186+0000] {processor.py:830} INFO - Processing file /opt/airflow/dags/dag_shipment_sim.py for tasks to queue
[2026-07-01T13:39:43.187+0000] {logging_mixin.py:188} INFO - [2026-07-01T13:39:43.186+0000] {dagbag.py:545} INFO - Filling up the DagBag from /opt/airflow/dags/dag_shipment_sim.py
[2026-07-01T13:39:43.200+0000] {processor.py:840} INFO - DAG(s) 'dag_shipment_sim' retrieved from /opt/airflow/dags/dag_shipment_sim.py
[2026-07-01T13:39:43.221+0000] {logging_mixin.py:188} INFO - [2026-07-01T13:39:43.221+0000] {dag.py:3096} INFO - Sync 1 DAGs
[2026-07-01T13:39:43.233+0000] {logging_mixin.py:188} INFO - [2026-07-01T13:39:43.233+0000] {dag.py:3954} INFO - Setting next_dagrun for dag_shipment_sim to 2026-07-01 13:00:00+00:00, run_after=2026-07-01 14:00:00+00:00
[2026-07-01T13:39:43.244+0000] {processor.py:183} INFO - Processing /opt/airflow/dags/dag_shipment_sim.py took 0.066 seconds
[2026-07-01T13:40:13.503+0000] {processor.py:161} INFO - Started process (PID=15453) to work on /opt/airflow/dags/dag_shipment_sim.py
[2026-07-01T13:40:13.504+0000] {processor.py:830} INFO - Processing file /opt/airflow/dags/dag_shipment_sim.py for tasks to queue
[2026-07-01T13:40:13.505+0000] {logging_mixin.py:188} INFO - [2026-07-01T13:40:13.505+0000] {dagbag.py:545} INFO - Filling up the DagBag from /opt/airflow/dags/dag_shipment_sim.py
[2026-07-01T13:40:13.515+0000] {processor.py:840} INFO - DAG(s) 'dag_shipment_sim' retrieved from /opt/airflow/dags/dag_shipment_sim.py
[2026-07-01T13:40:13.529+0000] {logging_mixin.py:188} INFO - [2026-07-01T13:40:13.529+0000] {dag.py:3096} INFO - Sync 1 DAGs
[2026-07-01T13:40:13.541+0000] {logging_mixin.py:188} INFO - [2026-07-01T13:40:13.541+0000] {dag.py:3954} INFO - Setting next_dagrun for dag_shipment_sim to 2026-07-01 13:00:00+00:00, run_after=2026-07-01 14:00:00+00:00
[2026-07-01T13:40:13.550+0000] {processor.py:183} INFO - Processing /opt/airflow/dags/dag_shipment_sim.py took 0.053 seconds
[2026-07-01T13:40:44.053+0000] {processor.py:161} INFO - Started process (PID=15490) to work on /opt/airflow/dags/dag_shipment_sim.py
[2026-07-01T13:40:44.054+0000] {processor.py:830} INFO - Processing file /opt/airflow/dags/dag_shipment_sim.py for tasks to queue
[2026-07-01T13:40:44.055+0000] {logging_mixin.py:188} INFO - [2026-07-01T13:40:44.055+0000] {dagbag.py:545} INFO - Filling up the DagBag from /opt/airflow/dags/dag_shipment_sim.py
[2026-07-01T13:40:44.065+0000] {processor.py:840} INFO - DAG(s) 'dag_shipment_sim' retrieved from /opt/airflow/dags/dag_shipment_sim.py
[2026-07-01T13:40:44.080+0000] {logging_mixin.py:188} INFO - [2026-07-01T13:40:44.079+0000] {dag.py:3096} INFO - Sync 1 DAGs
[2026-07-01T13:40:44.091+0000] {logging_mixin.py:188} INFO - [2026-07-01T13:40:44.091+0000] {dag.py:3954} INFO - Setting next_dagrun for dag_shipment_sim to 2026-07-01 13:00:00+00:00, run_after=2026-07-01 14:00:00+00:00
[2026-07-01T13:40:44.103+0000] {processor.py:183} INFO - Processing /opt/airflow/dags/dag_shipment_sim.py took 0.056 seconds
[2026-07-01T13:41:14.249+0000] {processor.py:161} INFO - Started process (PID=15527) to work on /opt/airflow/dags/dag_shipment_sim.py
[2026-07-01T13:41:14.250+0000] {processor.py:830} INFO - Processing file /opt/airflow/dags/dag_shipment_sim.py for tasks to queue
[2026-07-01T13:41:14.253+0000] {logging_mixin.py:188} INFO - [2026-07-01T13:41:14.252+0000] {dagbag.py:545} INFO - Filling up the DagBag from /opt/airflow/dags/dag_shipment_sim.py
[2026-07-01T13:41:14.265+0000] {processor.py:840} INFO - DAG(s) 'dag_shipment_sim' retrieved from /opt/airflow/dags/dag_shipment_sim.py
[2026-07-01T13:41:14.282+0000] {logging_mixin.py:188} INFO - [2026-07-01T13:41:14.281+0000] {dag.py:3096} INFO - Sync 1 DAGs
[2026-07-01T13:41:14.295+0000] {logging_mixin.py:188} INFO - [2026-07-01T13:41:14.295+0000] {dag.py:3954} INFO - Setting next_dagrun for dag_shipment_sim to 2026-07-01 13:00:00+00:00, run_after=2026-07-01 14:00:00+00:00
[2026-07-01T13:41:14.306+0000] {processor.py:183} INFO - Processing /opt/airflow/dags/dag_shipment_sim.py took 0.065 seconds
[2026-07-01T13:41:45.050+0000] {processor.py:161} INFO - Started process (PID=15564) to work on /opt/airflow/dags/dag_shipment_sim.py
[2026-07-01T13:41:45.052+0000] {processor.py:830} INFO - Processing file /opt/airflow/dags/dag_shipment_sim.py for tasks to queue
[2026-07-01T13:41:45.053+0000] {logging_mixin.py:188} INFO - [2026-07-01T13:41:45.053+0000] {dagbag.py:545} INFO - Filling up the DagBag from /opt/airflow/dags/dag_shipment_sim.py
[2026-07-01T13:41:45.065+0000] {processor.py:840} INFO - DAG(s) 'dag_shipment_sim' retrieved from /opt/airflow/dags/dag_shipment_sim.py
[2026-07-01T13:41:45.089+0000] {logging_mixin.py:188} INFO - [2026-07-01T13:41:45.089+0000] {dag.py:3096} INFO - Sync 1 DAGs
[2026-07-01T13:41:45.103+0000] {logging_mixin.py:188} INFO - [2026-07-01T13:41:45.102+0000] {dag.py:3954} INFO - Setting next_dagrun for dag_shipment_sim to 2026-07-01 13:00:00+00:00, run_after=2026-07-01 14:00:00+00:00
[2026-07-01T13:41:45.113+0000] {processor.py:183} INFO - Processing /opt/airflow/dags/dag_shipment_sim.py took 0.084 seconds
[2026-07-01T13:42:15.179+0000] {processor.py:161} INFO - Started process (PID=15601) to work on /opt/airflow/dags/dag_shipment_sim.py
[2026-07-01T13:42:15.180+0000] {processor.py:830} INFO - Processing file /opt/airflow/dags/dag_shipment_sim.py for tasks to queue
[2026-07-01T13:42:15.181+0000] {logging_mixin.py:188} INFO - [2026-07-01T13:42:15.181+0000] {dagbag.py:545} INFO - Filling up the DagBag from /opt/airflow/dags/dag_shipment_sim.py
[2026-07-01T13:42:15.189+0000] {processor.py:840} INFO - DAG(s) 'dag_shipment_sim' retrieved from /opt/airflow/dags/dag_shipment_sim.py
[2026-07-01T13:42:15.203+0000] {logging_mixin.py:188} INFO - [2026-07-01T13:42:15.203+0000] {dag.py:3096} INFO - Sync 1 DAGs
[2026-07-01T13:42:15.214+0000] {logging_mixin.py:188} INFO - [2026-07-01T13:42:15.214+0000] {dag.py:3954} INFO - Setting next_dagrun for dag_shipment_sim to 2026-07-01 13:00:00+00:00, run_after=2026-07-01 14:00:00+00:00
[2026-07-01T13:42:15.223+0000] {processor.py:183} INFO - Processing /opt/airflow/dags/dag_shipment_sim.py took 0.050 seconds
[2026-07-01T13:42:45.826+0000] {processor.py:161} INFO - Started process (PID=15638) to work on /opt/airflow/dags/dag_shipment_sim.py
[2026-07-01T13:42:45.828+0000] {processor.py:830} INFO - Processing file /opt/airflow/dags/dag_shipment_sim.py for tasks to queue
[2026-07-01T13:42:45.830+0000] {logging_mixin.py:188} INFO - [2026-07-01T13:42:45.829+0000] {dagbag.py:545} INFO - Filling up the DagBag from /opt/airflow/dags/dag_shipment_sim.py
[2026-07-01T13:42:45.847+0000] {processor.py:840} INFO - DAG(s) 'dag_shipment_sim' retrieved from /opt/airflow/dags/dag_shipment_sim.py
[2026-07-01T13:42:45.880+0000] {logging_mixin.py:188} INFO - [2026-07-01T13:42:45.880+0000] {dag.py:3096} INFO - Sync 1 DAGs
[2026-07-01T13:42:45.895+0000] {logging_mixin.py:188} INFO - [2026-07-01T13:42:45.895+0000] {dag.py:3954} INFO - Setting next_dagrun for dag_shipment_sim to 2026-07-01 13:00:00+00:00, run_after=2026-07-01 14:00:00+00:00
[2026-07-01T13:42:45.906+0000] {processor.py:183} INFO - Processing /opt/airflow/dags/dag_shipment_sim.py took 0.085 seconds
[2026-07-01T13:43:16.687+0000] {processor.py:161} INFO - Started process (PID=15673) to work on /opt/airflow/dags/dag_shipment_sim.py
[2026-07-01T13:43:16.687+0000] {processor.py:830} INFO - Processing file /opt/airflow/dags/dag_shipment_sim.py for tasks to queue
[2026-07-01T13:43:16.690+0000] {logging_mixin.py:188} INFO - [2026-07-01T13:43:16.690+0000] {dagbag.py:545} INFO - Filling up the DagBag from /opt/airflow/dags/dag_shipment_sim.py
[2026-07-01T13:43:16.708+0000] {processor.py:840} INFO - DAG(s) 'dag_shipment_sim' retrieved from /opt/airflow/dags/dag_shipment_sim.py
[2026-07-01T13:43:16.737+0000] {logging_mixin.py:188} INFO - [2026-07-01T13:43:16.737+0000] {dag.py:3096} INFO - Sync 1 DAGs
[2026-07-01T13:43:16.755+0000] {logging_mixin.py:188} INFO - [2026-07-01T13:43:16.755+0000] {dag.py:3954} INFO - Setting next_dagrun for dag_shipment_sim to 2026-07-01 13:00:00+00:00, run_after=2026-07-01 14:00:00+00:00
[2026-07-01T13:43:16.770+0000] {processor.py:183} INFO - Processing /opt/airflow/dags/dag_shipment_sim.py took 0.088 seconds
[2026-07-01T13:43:48.035+0000] {processor.py:161} INFO - Started process (PID=15712) to work on /opt/airflow/dags/dag_shipment_sim.py
[2026-07-01T13:43:48.040+0000] {processor.py:830} INFO - Processing file /opt/airflow/dags/dag_shipment_sim.py for tasks to queue
[2026-07-01T13:43:48.044+0000] {logging_mixin.py:188} INFO - [2026-07-01T13:43:48.043+0000] {dagbag.py:545} INFO - Filling up the DagBag from /opt/airflow/dags/dag_shipment_sim.py
[2026-07-01T13:43:48.097+0000] {processor.py:840} INFO - DAG(s) 'dag_shipment_sim' retrieved from /opt/airflow/dags/dag_shipment_sim.py
[2026-07-01T13:43:48.167+0000] {logging_mixin.py:188} INFO - [2026-07-01T13:43:48.166+0000] {dag.py:3096} INFO - Sync 1 DAGs
[2026-07-01T13:43:48.224+0000] {logging_mixin.py:188} INFO - [2026-07-01T13:43:48.223+0000] {dag.py:3954} INFO - Setting next_dagrun for dag_shipment_sim to 2026-07-01 13:00:00+00:00, run_after=2026-07-01 14:00:00+00:00
[2026-07-01T13:43:48.282+0000] {processor.py:183} INFO - Processing /opt/airflow/dags/dag_shipment_sim.py took 0.263 seconds
[2026-07-01T13:44:19.305+0000] {processor.py:161} INFO - Started process (PID=15749) to work on /opt/airflow/dags/dag_shipment_sim.py
[2026-07-01T13:44:19.308+0000] {processor.py:830} INFO - Processing file /opt/airflow/dags/dag_shipment_sim.py for tasks to queue
[2026-07-01T13:44:19.312+0000] {logging_mixin.py:188} INFO - [2026-07-01T13:44:19.311+0000] {dagbag.py:545} INFO - Filling up the DagBag from /opt/airflow/dags/dag_shipment_sim.py
[2026-07-01T13:44:19.382+0000] {processor.py:840} INFO - DAG(s) 'dag_shipment_sim' retrieved from /opt/airflow/dags/dag_shipment_sim.py
[2026-07-01T13:44:19.460+0000] {logging_mixin.py:188} INFO - [2026-07-01T13:44:19.460+0000] {dag.py:3096} INFO - Sync 1 DAGs
[2026-07-01T13:44:19.516+0000] {logging_mixin.py:188} INFO - [2026-07-01T13:44:19.516+0000] {dag.py:3954} INFO - Setting next_dagrun for dag_shipment_sim to 2026-07-01 13:00:00+00:00, run_after=2026-07-01 14:00:00+00:00
[2026-07-01T13:44:19.566+0000] {processor.py:183} INFO - Processing /opt/airflow/dags/dag_shipment_sim.py took 0.277 seconds
[2026-07-01T13:44:50.457+0000] {processor.py:161} INFO - Started process (PID=15786) to work on /opt/airflow/dags/dag_shipment_sim.py
[2026-07-01T13:44:50.458+0000] {processor.py:830} INFO - Processing file /opt/airflow/dags/dag_shipment_sim.py for tasks to queue
[2026-07-01T13:44:50.459+0000] {logging_mixin.py:188} INFO - [2026-07-01T13:44:50.459+0000] {dagbag.py:545} INFO - Filling up the DagBag from /opt/airflow/dags/dag_shipment_sim.py
[2026-07-01T13:44:50.484+0000] {processor.py:840} INFO - DAG(s) 'dag_shipment_sim' retrieved from /opt/airflow/dags/dag_shipment_sim.py
[2026-07-01T13:44:50.514+0000] {logging_mixin.py:188} INFO - [2026-07-01T13:44:50.513+0000] {dag.py:3096} INFO - Sync 1 DAGs
[2026-07-01T13:44:50.535+0000] {logging_mixin.py:188} INFO - [2026-07-01T13:44:50.535+0000] {dag.py:3954} INFO - Setting next_dagrun for dag_shipment_sim to 2026-07-01 13:00:00+00:00, run_after=2026-07-01 14:00:00+00:00
[2026-07-01T13:44:50.550+0000] {processor.py:183} INFO - Processing /opt/airflow/dags/dag_shipment_sim.py took 0.101 seconds
[2026-07-01T13:45:20.874+0000] {processor.py:161} INFO - Started process (PID=15823) to work on /opt/airflow/dags/dag_shipment_sim.py
[2026-07-01T13:45:20.876+0000] {processor.py:830} INFO - Processing file /opt/airflow/dags/dag_shipment_sim.py for tasks to queue
[2026-07-01T13:45:20.878+0000] {logging_mixin.py:188} INFO - [2026-07-01T13:45:20.878+0000] {dagbag.py:545} INFO - Filling up the DagBag from /opt/airflow/dags/dag_shipment_sim.py
[2026-07-01T13:45:20.907+0000] {processor.py:840} INFO - DAG(s) 'dag_shipment_sim' retrieved from /opt/airflow/dags/dag_shipment_sim.py
[2026-07-01T13:45:20.931+0000] {logging_mixin.py:188} INFO - [2026-07-01T13:45:20.930+0000] {dag.py:3096} INFO - Sync 1 DAGs
[2026-07-01T13:45:20.944+0000] {logging_mixin.py:188} INFO - [2026-07-01T13:45:20.944+0000] {dag.py:3954} INFO - Setting next_dagrun for dag_shipment_sim to 2026-07-01 13:00:00+00:00, run_after=2026-07-01 14:00:00+00:00
[2026-07-01T13:45:20.956+0000] {processor.py:183} INFO - Processing /opt/airflow/dags/dag_shipment_sim.py took 0.092 seconds
[2026-07-01T13:45:51.248+0000] {processor.py:161} INFO - Started process (PID=15860) to work on /opt/airflow/dags/dag_shipment_sim.py
[2026-07-01T13:45:51.250+0000] {processor.py:830} INFO - Processing file /opt/airflow/dags/dag_shipment_sim.py for tasks to queue
[2026-07-01T13:45:51.253+0000] {logging_mixin.py:188} INFO - [2026-07-01T13:45:51.253+0000] {dagbag.py:545} INFO - Filling up the DagBag from /opt/airflow/dags/dag_shipment_sim.py
[2026-07-01T13:45:51.272+0000] {processor.py:840} INFO - DAG(s) 'dag_shipment_sim' retrieved from /opt/airflow/dags/dag_shipment_sim.py
[2026-07-01T13:45:51.295+0000] {logging_mixin.py:188} INFO - [2026-07-01T13:45:51.295+0000] {dag.py:3096} INFO - Sync 1 DAGs
[2026-07-01T13:45:51.309+0000] {logging_mixin.py:188} INFO - [2026-07-01T13:45:51.308+0000] {dag.py:3954} INFO - Setting next_dagrun for dag_shipment_sim to 2026-07-01 13:00:00+00:00, run_after=2026-07-01 14:00:00+00:00
[2026-07-01T13:45:51.320+0000] {processor.py:183} INFO - Processing /opt/airflow/dags/dag_shipment_sim.py took 0.078 seconds
[2026-07-01T13:46:21.542+0000] {processor.py:161} INFO - Started process (PID=15897) to work on /opt/airflow/dags/dag_shipment_sim.py
[2026-07-01T13:46:21.544+0000] {processor.py:830} INFO - Processing file /opt/airflow/dags/dag_shipment_sim.py for tasks to queue
[2026-07-01T13:46:21.546+0000] {logging_mixin.py:188} INFO - [2026-07-01T13:46:21.545+0000] {dagbag.py:545} INFO - Filling up the DagBag from /opt/airflow/dags/dag_shipment_sim.py
[2026-07-01T13:46:21.562+0000] {processor.py:840} INFO - DAG(s) 'dag_shipment_sim' retrieved from /opt/airflow/dags/dag_shipment_sim.py
[2026-07-01T13:46:21.587+0000] {logging_mixin.py:188} INFO - [2026-07-01T13:46:21.587+0000] {dag.py:3096} INFO - Sync 1 DAGs
[2026-07-01T13:46:21.600+0000] {logging_mixin.py:188} INFO - [2026-07-01T13:46:21.600+0000] {dag.py:3954} INFO - Setting next_dagrun for dag_shipment_sim to 2026-07-01 13:00:00+00:00, run_after=2026-07-01 14:00:00+00:00
[2026-07-01T13:46:21.613+0000] {processor.py:183} INFO - Processing /opt/airflow/dags/dag_shipment_sim.py took 0.076 seconds
[2026-07-01T13:46:51.651+0000] {processor.py:161} INFO - Started process (PID=15934) to work on /opt/airflow/dags/dag_shipment_sim.py
[2026-07-01T13:46:51.652+0000] {processor.py:830} INFO - Processing file /opt/airflow/dags/dag_shipment_sim.py for tasks to queue
[2026-07-01T13:46:51.653+0000] {logging_mixin.py:188} INFO - [2026-07-01T13:46:51.653+0000] {dagbag.py:545} INFO - Filling up the DagBag from /opt/airflow/dags/dag_shipment_sim.py
[2026-07-01T13:46:51.664+0000] {processor.py:840} INFO - DAG(s) 'dag_shipment_sim' retrieved from /opt/airflow/dags/dag_shipment_sim.py
[2026-07-01T13:46:51.681+0000] {logging_mixin.py:188} INFO - [2026-07-01T13:46:51.681+0000] {dag.py:3096} INFO - Sync 1 DAGs
[2026-07-01T13:46:51.694+0000] {logging_mixin.py:188} INFO - [2026-07-01T13:46:51.694+0000] {dag.py:3954} INFO - Setting next_dagrun for dag_shipment_sim to 2026-07-01 13:00:00+00:00, run_after=2026-07-01 14:00:00+00:00
[2026-07-01T13:46:51.706+0000] {processor.py:183} INFO - Processing /opt/airflow/dags/dag_shipment_sim.py took 0.059 seconds
[2026-07-01T13:47:21.976+0000] {processor.py:161} INFO - Started process (PID=15971) to work on /opt/airflow/dags/dag_shipment_sim.py
[2026-07-01T13:47:21.977+0000] {processor.py:830} INFO - Processing file /opt/airflow/dags/dag_shipment_sim.py for tasks to queue
[2026-07-01T13:47:21.979+0000] {logging_mixin.py:188} INFO - [2026-07-01T13:47:21.979+0000] {dagbag.py:545} INFO - Filling up the DagBag from /opt/airflow/dags/dag_shipment_sim.py
[2026-07-01T13:47:21.991+0000] {processor.py:840} INFO - DAG(s) 'dag_shipment_sim' retrieved from /opt/airflow/dags/dag_shipment_sim.py
[2026-07-01T13:47:22.008+0000] {logging_mixin.py:188} INFO - [2026-07-01T13:47:22.008+0000] {dag.py:3096} INFO - Sync 1 DAGs
[2026-07-01T13:47:22.021+0000] {logging_mixin.py:188} INFO - [2026-07-01T13:47:22.021+0000] {dag.py:3954} INFO - Setting next_dagrun for dag_shipment_sim to 2026-07-01 13:00:00+00:00, run_after=2026-07-01 14:00:00+00:00
[2026-07-01T13:47:22.032+0000] {processor.py:183} INFO - Processing /opt/airflow/dags/dag_shipment_sim.py took 0.060 seconds
[2026-07-01T13:47:52.305+0000] {processor.py:161} INFO - Started process (PID=16006) to work on /opt/airflow/dags/dag_shipment_sim.py
[2026-07-01T13:47:52.306+0000] {processor.py:830} INFO - Processing file /opt/airflow/dags/dag_shipment_sim.py for tasks to queue
[2026-07-01T13:47:52.307+0000] {logging_mixin.py:188} INFO - [2026-07-01T13:47:52.307+0000] {dagbag.py:545} INFO - Filling up the DagBag from /opt/airflow/dags/dag_shipment_sim.py
[2026-07-01T13:47:52.317+0000] {processor.py:840} INFO - DAG(s) 'dag_shipment_sim' retrieved from /opt/airflow/dags/dag_shipment_sim.py
[2026-07-01T13:47:52.332+0000] {logging_mixin.py:188} INFO - [2026-07-01T13:47:52.332+0000] {dag.py:3096} INFO - Sync 1 DAGs
[2026-07-01T13:47:52.344+0000] {logging_mixin.py:188} INFO - [2026-07-01T13:47:52.343+0000] {dag.py:3954} INFO - Setting next_dagrun for dag_shipment_sim to 2026-07-01 13:00:00+00:00, run_after=2026-07-01 14:00:00+00:00
[2026-07-01T13:47:52.357+0000] {processor.py:183} INFO - Processing /opt/airflow/dags/dag_shipment_sim.py took 0.055 seconds
[2026-07-01T13:48:23.232+0000] {processor.py:161} INFO - Started process (PID=16037) to work on /opt/airflow/dags/dag_shipment_sim.py
[2026-07-01T13:48:23.233+0000] {processor.py:830} INFO - Processing file /opt/airflow/dags/dag_shipment_sim.py for tasks to queue
[2026-07-01T13:48:23.234+0000] {logging_mixin.py:188} INFO - [2026-07-01T13:48:23.234+0000] {dagbag.py:545} INFO - Filling up the DagBag from /opt/airflow/dags/dag_shipment_sim.py
[2026-07-01T13:48:23.244+0000] {processor.py:840} INFO - DAG(s) 'dag_shipment_sim' retrieved from /opt/airflow/dags/dag_shipment_sim.py
[2026-07-01T13:48:23.260+0000] {logging_mixin.py:188} INFO - [2026-07-01T13:48:23.260+0000] {dag.py:3096} INFO - Sync 1 DAGs
[2026-07-01T13:48:23.275+0000] {logging_mixin.py:188} INFO - [2026-07-01T13:48:23.275+0000] {dag.py:3954} INFO - Setting next_dagrun for dag_shipment_sim to 2026-07-01 13:00:00+00:00, run_after=2026-07-01 14:00:00+00:00
[2026-07-01T13:48:23.287+0000] {processor.py:183} INFO - Processing /opt/airflow/dags/dag_shipment_sim.py took 0.063 seconds
[2026-07-01T13:48:53.457+0000] {processor.py:161} INFO - Started process (PID=16070) to work on /opt/airflow/dags/dag_shipment_sim.py
[2026-07-01T13:48:53.458+0000] {processor.py:830} INFO - Processing file /opt/airflow/dags/dag_shipment_sim.py for tasks to queue
[2026-07-01T13:48:53.459+0000] {logging_mixin.py:188} INFO - [2026-07-01T13:48:53.459+0000] {dagbag.py:545} INFO - Filling up the DagBag from /opt/airflow/dags/dag_shipment_sim.py
[2026-07-01T13:48:53.470+0000] {processor.py:840} INFO - DAG(s) 'dag_shipment_sim' retrieved from /opt/airflow/dags/dag_shipment_sim.py
[2026-07-01T13:48:53.487+0000] {logging_mixin.py:188} INFO - [2026-07-01T13:48:53.486+0000] {dag.py:3096} INFO - Sync 1 DAGs
[2026-07-01T13:48:53.499+0000] {logging_mixin.py:188} INFO - [2026-07-01T13:48:53.499+0000] {dag.py:3954} INFO - Setting next_dagrun for dag_shipment_sim to 2026-07-01 13:00:00+00:00, run_after=2026-07-01 14:00:00+00:00
[2026-07-01T13:48:53.509+0000] {processor.py:183} INFO - Processing /opt/airflow/dags/dag_shipment_sim.py took 0.074 seconds
[2026-07-01T13:49:23.701+0000] {processor.py:161} INFO - Started process (PID=16107) to work on /opt/airflow/dags/dag_shipment_sim.py
[2026-07-01T13:49:23.702+0000] {processor.py:830} INFO - Processing file /opt/airflow/dags/dag_shipment_sim.py for tasks to queue
[2026-07-01T13:49:23.703+0000] {logging_mixin.py:188} INFO - [2026-07-01T13:49:23.703+0000] {dagbag.py:545} INFO - Filling up the DagBag from /opt/airflow/dags/dag_shipment_sim.py
[2026-07-01T13:49:23.715+0000] {processor.py:840} INFO - DAG(s) 'dag_shipment_sim' retrieved from /opt/airflow/dags/dag_shipment_sim.py
[2026-07-01T13:49:23.731+0000] {logging_mixin.py:188} INFO - [2026-07-01T13:49:23.731+0000] {dag.py:3096} INFO - Sync 1 DAGs
[2026-07-01T13:49:23.743+0000] {logging_mixin.py:188} INFO - [2026-07-01T13:49:23.743+0000] {dag.py:3954} INFO - Setting next_dagrun for dag_shipment_sim to 2026-07-01 13:00:00+00:00, run_after=2026-07-01 14:00:00+00:00
[2026-07-01T13:49:23.753+0000] {processor.py:183} INFO - Processing /opt/airflow/dags/dag_shipment_sim.py took 0.058 seconds
[2026-07-01T13:49:53.999+0000] {processor.py:161} INFO - Started process (PID=16144) to work on /opt/airflow/dags/dag_shipment_sim.py
[2026-07-01T13:49:54.001+0000] {processor.py:830} INFO - Processing file /opt/airflow/dags/dag_shipment_sim.py for tasks to queue
[2026-07-01T13:49:54.001+0000] {logging_mixin.py:188} INFO - [2026-07-01T13:49:54.001+0000] {dagbag.py:545} INFO - Filling up the DagBag from /opt/airflow/dags/dag_shipment_sim.py
[2026-07-01T13:49:54.013+0000] {processor.py:840} INFO - DAG(s) 'dag_shipment_sim' retrieved from /opt/airflow/dags/dag_shipment_sim.py
[2026-07-01T13:49:54.030+0000] {logging_mixin.py:188} INFO - [2026-07-01T13:49:54.030+0000] {dag.py:3096} INFO - Sync 1 DAGs
[2026-07-01T13:49:54.043+0000] {logging_mixin.py:188} INFO - [2026-07-01T13:49:54.043+0000] {dag.py:3954} INFO - Setting next_dagrun for dag_shipment_sim to 2026-07-01 13:00:00+00:00, run_after=2026-07-01 14:00:00+00:00
[2026-07-01T13:49:54.053+0000] {processor.py:183} INFO - Processing /opt/airflow/dags/dag_shipment_sim.py took 0.061 seconds
[2026-07-01T13:50:24.286+0000] {processor.py:161} INFO - Started process (PID=16181) to work on /opt/airflow/dags/dag_shipment_sim.py
[2026-07-01T13:50:24.287+0000] {processor.py:830} INFO - Processing file /opt/airflow/dags/dag_shipment_sim.py for tasks to queue
[2026-07-01T13:50:24.288+0000] {logging_mixin.py:188} INFO - [2026-07-01T13:50:24.288+0000] {dagbag.py:545} INFO - Filling up the DagBag from /opt/airflow/dags/dag_shipment_sim.py
[2026-07-01T13:50:24.297+0000] {processor.py:840} INFO - DAG(s) 'dag_shipment_sim' retrieved from /opt/airflow/dags/dag_shipment_sim.py
[2026-07-01T13:50:24.310+0000] {logging_mixin.py:188} INFO - [2026-07-01T13:50:24.310+0000] {dag.py:3096} INFO - Sync 1 DAGs
[2026-07-01T13:50:24.320+0000] {logging_mixin.py:188} INFO - [2026-07-01T13:50:24.320+0000] {dag.py:3954} INFO - Setting next_dagrun for dag_shipment_sim to 2026-07-01 13:00:00+00:00, run_after=2026-07-01 14:00:00+00:00
[2026-07-01T13:50:24.329+0000] {processor.py:183} INFO - Processing /opt/airflow/dags/dag_shipment_sim.py took 0.049 seconds
[2026-07-01T13:50:54.545+0000] {processor.py:161} INFO - Started process (PID=16218) to work on /opt/airflow/dags/dag_shipment_sim.py
[2026-07-01T13:50:54.545+0000] {processor.py:830} INFO - Processing file /opt/airflow/dags/dag_shipment_sim.py for tasks to queue
[2026-07-01T13:50:54.547+0000] {logging_mixin.py:188} INFO - [2026-07-01T13:50:54.547+0000] {dagbag.py:545} INFO - Filling up the DagBag from /opt/airflow/dags/dag_shipment_sim.py
[2026-07-01T13:50:54.556+0000] {processor.py:840} INFO - DAG(s) 'dag_shipment_sim' retrieved from /opt/airflow/dags/dag_shipment_sim.py
[2026-07-01T13:50:54.570+0000] {logging_mixin.py:188} INFO - [2026-07-01T13:50:54.570+0000] {dag.py:3096} INFO - Sync 1 DAGs
[2026-07-01T13:50:54.580+0000] {logging_mixin.py:188} INFO - [2026-07-01T13:50:54.580+0000] {dag.py:3954} INFO - Setting next_dagrun for dag_shipment_sim to 2026-07-01 13:00:00+00:00, run_after=2026-07-01 14:00:00+00:00
[2026-07-01T13:50:54.590+0000] {processor.py:183} INFO - Processing /opt/airflow/dags/dag_shipment_sim.py took 0.049 seconds
[2026-07-01T13:51:25.428+0000] {processor.py:161} INFO - Started process (PID=16255) to work on /opt/airflow/dags/dag_shipment_sim.py
[2026-07-01T13:51:25.429+0000] {processor.py:830} INFO - Processing file /opt/airflow/dags/dag_shipment_sim.py for tasks to queue
[2026-07-01T13:51:25.430+0000] {logging_mixin.py:188} INFO - [2026-07-01T13:51:25.430+0000] {dagbag.py:545} INFO - Filling up the DagBag from /opt/airflow/dags/dag_shipment_sim.py
[2026-07-01T13:51:25.441+0000] {processor.py:840} INFO - DAG(s) 'dag_shipment_sim' retrieved from /opt/airflow/dags/dag_shipment_sim.py
[2026-07-01T13:51:25.456+0000] {logging_mixin.py:188} INFO - [2026-07-01T13:51:25.456+0000] {dag.py:3096} INFO - Sync 1 DAGs
[2026-07-01T13:51:25.469+0000] {logging_mixin.py:188} INFO - [2026-07-01T13:51:25.469+0000] {dag.py:3954} INFO - Setting next_dagrun for dag_shipment_sim to 2026-07-01 13:00:00+00:00, run_after=2026-07-01 14:00:00+00:00
[2026-07-01T13:51:25.478+0000] {processor.py:183} INFO - Processing /opt/airflow/dags/dag_shipment_sim.py took 0.055 seconds
[2026-07-01T13:51:55.750+0000] {processor.py:161} INFO - Started process (PID=16292) to work on /opt/airflow/dags/dag_shipment_sim.py
[2026-07-01T13:51:55.751+0000] {processor.py:830} INFO - Processing file /opt/airflow/dags/dag_shipment_sim.py for tasks to queue
[2026-07-01T13:51:55.751+0000] {logging_mixin.py:188} INFO - [2026-07-01T13:51:55.751+0000] {dagbag.py:545} INFO - Filling up the DagBag from /opt/airflow/dags/dag_shipment_sim.py
[2026-07-01T13:51:55.762+0000] {processor.py:840} INFO - DAG(s) 'dag_shipment_sim' retrieved from /opt/airflow/dags/dag_shipment_sim.py
[2026-07-01T13:51:55.775+0000] {logging_mixin.py:188} INFO - [2026-07-01T13:51:55.775+0000] {dag.py:3096} INFO - Sync 1 DAGs
[2026-07-01T13:51:55.786+0000] {logging_mixin.py:188} INFO - [2026-07-01T13:51:55.786+0000] {dag.py:3954} INFO - Setting next_dagrun for dag_shipment_sim to 2026-07-01 13:00:00+00:00, run_after=2026-07-01 14:00:00+00:00
[2026-07-01T13:51:55.797+0000] {processor.py:183} INFO - Processing /opt/airflow/dags/dag_shipment_sim.py took 0.051 seconds
[2026-07-01T13:52:26.242+0000] {processor.py:161} INFO - Started process (PID=16329) to work on /opt/airflow/dags/dag_shipment_sim.py
[2026-07-01T13:52:26.242+0000] {processor.py:830} INFO - Processing file /opt/airflow/dags/dag_shipment_sim.py for tasks to queue
[2026-07-01T13:52:26.243+0000] {logging_mixin.py:188} INFO - [2026-07-01T13:52:26.243+0000] {dagbag.py:545} INFO - Filling up the DagBag from /opt/airflow/dags/dag_shipment_sim.py
[2026-07-01T13:52:26.252+0000] {processor.py:840} INFO - DAG(s) 'dag_shipment_sim' retrieved from /opt/airflow/dags/dag_shipment_sim.py
[2026-07-01T13:52:26.265+0000] {logging_mixin.py:188} INFO - [2026-07-01T13:52:26.265+0000] {dag.py:3096} INFO - Sync 1 DAGs
[2026-07-01T13:52:26.276+0000] {logging_mixin.py:188} INFO - [2026-07-01T13:52:26.275+0000] {dag.py:3954} INFO - Setting next_dagrun for dag_shipment_sim to 2026-07-01 13:00:00+00:00, run_after=2026-07-01 14:00:00+00:00
[2026-07-01T13:52:26.285+0000] {processor.py:183} INFO - Processing /opt/airflow/dags/dag_shipment_sim.py took 0.047 seconds
[2026-07-01T13:52:56.421+0000] {processor.py:161} INFO - Started process (PID=16364) to work on /opt/airflow/dags/dag_shipment_sim.py
[2026-07-01T13:52:56.424+0000] {processor.py:830} INFO - Processing file /opt/airflow/dags/dag_shipment_sim.py for tasks to queue
[2026-07-01T13:52:56.427+0000] {logging_mixin.py:188} INFO - [2026-07-01T13:52:56.427+0000] {dagbag.py:545} INFO - Filling up the DagBag from /opt/airflow/dags/dag_shipment_sim.py
[2026-07-01T13:52:56.447+0000] {processor.py:840} INFO - DAG(s) 'dag_shipment_sim' retrieved from /opt/airflow/dags/dag_shipment_sim.py
[2026-07-01T13:52:56.470+0000] {logging_mixin.py:188} INFO - [2026-07-01T13:52:56.469+0000] {dag.py:3096} INFO - Sync 1 DAGs
[2026-07-01T13:52:56.487+0000] {logging_mixin.py:188} INFO - [2026-07-01T13:52:56.487+0000] {dag.py:3954} INFO - Setting next_dagrun for dag_shipment_sim to 2026-07-01 13:00:00+00:00, run_after=2026-07-01 14:00:00+00:00
[2026-07-01T13:52:56.501+0000] {processor.py:183} INFO - Processing /opt/airflow/dags/dag_shipment_sim.py took 0.087 seconds
[2026-07-01T13:53:27.135+0000] {processor.py:161} INFO - Started process (PID=16403) to work on /opt/airflow/dags/dag_shipment_sim.py
[2026-07-01T13:53:27.136+0000] {processor.py:830} INFO - Processing file /opt/airflow/dags/dag_shipment_sim.py for tasks to queue
[2026-07-01T13:53:27.137+0000] {logging_mixin.py:188} INFO - [2026-07-01T13:53:27.136+0000] {dagbag.py:545} INFO - Filling up the DagBag from /opt/airflow/dags/dag_shipment_sim.py
[2026-07-01T13:53:27.145+0000] {processor.py:840} INFO - DAG(s) 'dag_shipment_sim' retrieved from /opt/airflow/dags/dag_shipment_sim.py
[2026-07-01T13:53:27.160+0000] {logging_mixin.py:188} INFO - [2026-07-01T13:53:27.160+0000] {dag.py:3096} INFO - Sync 1 DAGs
[2026-07-01T13:53:27.171+0000] {logging_mixin.py:188} INFO - [2026-07-01T13:53:27.171+0000] {dag.py:3954} INFO - Setting next_dagrun for dag_shipment_sim to 2026-07-01 13:00:00+00:00, run_after=2026-07-01 14:00:00+00:00
[2026-07-01T13:53:27.184+0000] {processor.py:183} INFO - Processing /opt/airflow/dags/dag_shipment_sim.py took 0.054 seconds
[2026-07-01T13:53:57.550+0000] {processor.py:161} INFO - Started process (PID=16440) to work on /opt/airflow/dags/dag_shipment_sim.py
[2026-07-01T13:53:57.551+0000] {processor.py:830} INFO - Processing file /opt/airflow/dags/dag_shipment_sim.py for tasks to queue
[2026-07-01T13:53:57.552+0000] {logging_mixin.py:188} INFO - [2026-07-01T13:53:57.552+0000] {dagbag.py:545} INFO - Filling up the DagBag from /opt/airflow/dags/dag_shipment_sim.py
[2026-07-01T13:53:57.564+0000] {processor.py:840} INFO - DAG(s) 'dag_shipment_sim' retrieved from /opt/airflow/dags/dag_shipment_sim.py
[2026-07-01T13:53:57.577+0000] {logging_mixin.py:188} INFO - [2026-07-01T13:53:57.577+0000] {dag.py:3096} INFO - Sync 1 DAGs
[2026-07-01T13:53:57.587+0000] {logging_mixin.py:188} INFO - [2026-07-01T13:53:57.587+0000] {dag.py:3954} INFO - Setting next_dagrun for dag_shipment_sim to 2026-07-01 13:00:00+00:00, run_after=2026-07-01 14:00:00+00:00
[2026-07-01T13:53:57.596+0000] {processor.py:183} INFO - Processing /opt/airflow/dags/dag_shipment_sim.py took 0.063 seconds
[2026-07-01T13:54:28.070+0000] {processor.py:161} INFO - Started process (PID=16477) to work on /opt/airflow/dags/dag_shipment_sim.py
[2026-07-01T13:54:28.071+0000] {processor.py:830} INFO - Processing file /opt/airflow/dags/dag_shipment_sim.py for tasks to queue
[2026-07-01T13:54:28.071+0000] {logging_mixin.py:188} INFO - [2026-07-01T13:54:28.071+0000] {dagbag.py:545} INFO - Filling up the DagBag from /opt/airflow/dags/dag_shipment_sim.py
[2026-07-01T13:54:28.080+0000] {processor.py:840} INFO - DAG(s) 'dag_shipment_sim' retrieved from /opt/airflow/dags/dag_shipment_sim.py
[2026-07-01T13:54:28.092+0000] {logging_mixin.py:188} INFO - [2026-07-01T13:54:28.092+0000] {dag.py:3096} INFO - Sync 1 DAGs
[2026-07-01T13:54:28.105+0000] {logging_mixin.py:188} INFO - [2026-07-01T13:54:28.105+0000] {dag.py:3954} INFO - Setting next_dagrun for dag_shipment_sim to 2026-07-01 13:00:00+00:00, run_after=2026-07-01 14:00:00+00:00
[2026-07-01T13:54:28.115+0000] {processor.py:183} INFO - Processing /opt/airflow/dags/dag_shipment_sim.py took 0.048 seconds
[2026-07-01T13:54:58.577+0000] {processor.py:161} INFO - Started process (PID=16514) to work on /opt/airflow/dags/dag_shipment_sim.py
[2026-07-01T13:54:58.582+0000] {processor.py:830} INFO - Processing file /opt/airflow/dags/dag_shipment_sim.py for tasks to queue
[2026-07-01T13:54:58.584+0000] {logging_mixin.py:188} INFO - [2026-07-01T13:54:58.584+0000] {dagbag.py:545} INFO - Filling up the DagBag from /opt/airflow/dags/dag_shipment_sim.py
[2026-07-01T13:54:58.609+0000] {processor.py:840} INFO - DAG(s) 'dag_shipment_sim' retrieved from /opt/airflow/dags/dag_shipment_sim.py
[2026-07-01T13:54:58.637+0000] {logging_mixin.py:188} INFO - [2026-07-01T13:54:58.637+0000] {dag.py:3096} INFO - Sync 1 DAGs
[2026-07-01T13:54:58.663+0000] {logging_mixin.py:188} INFO - [2026-07-01T13:54:58.662+0000] {dag.py:3954} INFO - Setting next_dagrun for dag_shipment_sim to 2026-07-01 13:00:00+00:00, run_after=2026-07-01 14:00:00+00:00
[2026-07-01T13:54:58.673+0000] {processor.py:183} INFO - Processing /opt/airflow/dags/dag_shipment_sim.py took 0.103 seconds
[2026-07-01T13:55:28.947+0000] {processor.py:161} INFO - Started process (PID=16551) to work on /opt/airflow/dags/dag_shipment_sim.py
[2026-07-01T13:55:28.948+0000] {processor.py:830} INFO - Processing file /opt/airflow/dags/dag_shipment_sim.py for tasks to queue
[2026-07-01T13:55:28.949+0000] {logging_mixin.py:188} INFO - [2026-07-01T13:55:28.949+0000] {dagbag.py:545} INFO - Filling up the DagBag from /opt/airflow/dags/dag_shipment_sim.py
[2026-07-01T13:55:28.960+0000] {processor.py:840} INFO - DAG(s) 'dag_shipment_sim' retrieved from /opt/airflow/dags/dag_shipment_sim.py
[2026-07-01T13:55:28.974+0000] {logging_mixin.py:188} INFO - [2026-07-01T13:55:28.974+0000] {dag.py:3096} INFO - Sync 1 DAGs
[2026-07-01T13:55:28.985+0000] {logging_mixin.py:188} INFO - [2026-07-01T13:55:28.985+0000] {dag.py:3954} INFO - Setting next_dagrun for dag_shipment_sim to 2026-07-01 13:00:00+00:00, run_after=2026-07-01 14:00:00+00:00
[2026-07-01T13:55:28.994+0000] {processor.py:183} INFO - Processing /opt/airflow/dags/dag_shipment_sim.py took 0.052 seconds
[2026-07-01T13:55:59.835+0000] {processor.py:161} INFO - Started process (PID=16588) to work on /opt/airflow/dags/dag_shipment_sim.py
[2026-07-01T13:55:59.836+0000] {processor.py:830} INFO - Processing file /opt/airflow/dags/dag_shipment_sim.py for tasks to queue
[2026-07-01T13:55:59.837+0000] {logging_mixin.py:188} INFO - [2026-07-01T13:55:59.837+0000] {dagbag.py:545} INFO - Filling up the DagBag from /opt/airflow/dags/dag_shipment_sim.py
[2026-07-01T13:55:59.849+0000] {processor.py:840} INFO - DAG(s) 'dag_shipment_sim' retrieved from /opt/airflow/dags/dag_shipment_sim.py
[2026-07-01T13:55:59.864+0000] {logging_mixin.py:188} INFO - [2026-07-01T13:55:59.864+0000] {dag.py:3096} INFO - Sync 1 DAGs
[2026-07-01T13:55:59.875+0000] {logging_mixin.py:188} INFO - [2026-07-01T13:55:59.875+0000] {dag.py:3954} INFO - Setting next_dagrun for dag_shipment_sim to 2026-07-01 13:00:00+00:00, run_after=2026-07-01 14:00:00+00:00
[2026-07-01T13:55:59.884+0000] {processor.py:183} INFO - Processing /opt/airflow/dags/dag_shipment_sim.py took 0.058 seconds
[2026-07-01T13:56:30.342+0000] {processor.py:161} INFO - Started process (PID=16625) to work on /opt/airflow/dags/dag_shipment_sim.py
[2026-07-01T13:56:30.342+0000] {processor.py:830} INFO - Processing file /opt/airflow/dags/dag_shipment_sim.py for tasks to queue
[2026-07-01T13:56:30.344+0000] {logging_mixin.py:188} INFO - [2026-07-01T13:56:30.344+0000] {dagbag.py:545} INFO - Filling up the DagBag from /opt/airflow/dags/dag_shipment_sim.py
[2026-07-01T13:56:30.354+0000] {processor.py:840} INFO - DAG(s) 'dag_shipment_sim' retrieved from /opt/airflow/dags/dag_shipment_sim.py
[2026-07-01T13:56:30.367+0000] {logging_mixin.py:188} INFO - [2026-07-01T13:56:30.367+0000] {dag.py:3096} INFO - Sync 1 DAGs
[2026-07-01T13:56:30.377+0000] {logging_mixin.py:188} INFO - [2026-07-01T13:56:30.377+0000] {dag.py:3954} INFO - Setting next_dagrun for dag_shipment_sim to 2026-07-01 13:00:00+00:00, run_after=2026-07-01 14:00:00+00:00
[2026-07-01T13:56:30.386+0000] {processor.py:183} INFO - Processing /opt/airflow/dags/dag_shipment_sim.py took 0.050 seconds
[2026-07-01T13:57:00.690+0000] {processor.py:161} INFO - Started process (PID=16662) to work on /opt/airflow/dags/dag_shipment_sim.py
[2026-07-01T13:57:00.691+0000] {processor.py:830} INFO - Processing file /opt/airflow/dags/dag_shipment_sim.py for tasks to queue
[2026-07-01T13:57:00.691+0000] {logging_mixin.py:188} INFO - [2026-07-01T13:57:00.691+0000] {dagbag.py:545} INFO - Filling up the DagBag from /opt/airflow/dags/dag_shipment_sim.py
[2026-07-01T13:57:00.701+0000] {processor.py:840} INFO - DAG(s) 'dag_shipment_sim' retrieved from /opt/airflow/dags/dag_shipment_sim.py
[2026-07-01T13:57:00.712+0000] {logging_mixin.py:188} INFO - [2026-07-01T13:57:00.712+0000] {dag.py:3096} INFO - Sync 1 DAGs
[2026-07-01T13:57:00.724+0000] {logging_mixin.py:188} INFO - [2026-07-01T13:57:00.724+0000] {dag.py:3954} INFO - Setting next_dagrun for dag_shipment_sim to 2026-07-01 13:00:00+00:00, run_after=2026-07-01 14:00:00+00:00
[2026-07-01T13:57:00.735+0000] {processor.py:183} INFO - Processing /opt/airflow/dags/dag_shipment_sim.py took 0.051 seconds
[2026-07-01T13:57:31.823+0000] {processor.py:161} INFO - Started process (PID=16699) to work on /opt/airflow/dags/dag_shipment_sim.py
[2026-07-01T13:57:31.825+0000] {processor.py:830} INFO - Processing file /opt/airflow/dags/dag_shipment_sim.py for tasks to queue
[2026-07-01T13:57:31.827+0000] {logging_mixin.py:188} INFO - [2026-07-01T13:57:31.827+0000] {dagbag.py:545} INFO - Filling up the DagBag from /opt/airflow/dags/dag_shipment_sim.py
[2026-07-01T13:57:31.853+0000] {processor.py:840} INFO - DAG(s) 'dag_shipment_sim' retrieved from /opt/airflow/dags/dag_shipment_sim.py
[2026-07-01T13:57:31.882+0000] {logging_mixin.py:188} INFO - [2026-07-01T13:57:31.881+0000] {dag.py:3096} INFO - Sync 1 DAGs
[2026-07-01T13:57:31.894+0000] {logging_mixin.py:188} INFO - [2026-07-01T13:57:31.894+0000] {dag.py:3954} INFO - Setting next_dagrun for dag_shipment_sim to 2026-07-01 13:00:00+00:00, run_after=2026-07-01 14:00:00+00:00
[2026-07-01T13:57:31.905+0000] {processor.py:183} INFO - Processing /opt/airflow/dags/dag_shipment_sim.py took 0.088 seconds
[2026-07-01T13:58:02.808+0000] {processor.py:161} INFO - Started process (PID=16734) to work on /opt/airflow/dags/dag_shipment_sim.py
[2026-07-01T13:58:02.812+0000] {processor.py:830} INFO - Processing file /opt/airflow/dags/dag_shipment_sim.py for tasks to queue
[2026-07-01T13:58:02.819+0000] {logging_mixin.py:188} INFO - [2026-07-01T13:58:02.817+0000] {dagbag.py:545} INFO - Filling up the DagBag from /opt/airflow/dags/dag_shipment_sim.py
[2026-07-01T13:58:02.950+0000] {processor.py:840} INFO - DAG(s) 'dag_shipment_sim' retrieved from /opt/airflow/dags/dag_shipment_sim.py
[2026-07-01T13:58:03.079+0000] {logging_mixin.py:188} INFO - [2026-07-01T13:58:03.078+0000] {dag.py:3096} INFO - Sync 1 DAGs
[2026-07-01T13:58:03.182+0000] {logging_mixin.py:188} INFO - [2026-07-01T13:58:03.181+0000] {dag.py:3954} INFO - Setting next_dagrun for dag_shipment_sim to 2026-07-01 13:00:00+00:00, run_after=2026-07-01 14:00:00+00:00
[2026-07-01T13:58:03.248+0000] {processor.py:183} INFO - Processing /opt/airflow/dags/dag_shipment_sim.py took 0.458 seconds
[2026-07-01T13:58:34.020+0000] {processor.py:161} INFO - Started process (PID=16773) to work on /opt/airflow/dags/dag_shipment_sim.py
[2026-07-01T13:58:34.023+0000] {processor.py:830} INFO - Processing file /opt/airflow/dags/dag_shipment_sim.py for tasks to queue
[2026-07-01T13:58:34.026+0000] {logging_mixin.py:188} INFO - [2026-07-01T13:58:34.026+0000] {dagbag.py:545} INFO - Filling up the DagBag from /opt/airflow/dags/dag_shipment_sim.py
[2026-07-01T13:58:34.088+0000] {processor.py:840} INFO - DAG(s) 'dag_shipment_sim' retrieved from /opt/airflow/dags/dag_shipment_sim.py
[2026-07-01T13:58:34.162+0000] {logging_mixin.py:188} INFO - [2026-07-01T13:58:34.161+0000] {dag.py:3096} INFO - Sync 1 DAGs
[2026-07-01T13:58:34.225+0000] {logging_mixin.py:188} INFO - [2026-07-01T13:58:34.224+0000] {dag.py:3954} INFO - Setting next_dagrun for dag_shipment_sim to 2026-07-01 13:00:00+00:00, run_after=2026-07-01 14:00:00+00:00
[2026-07-01T13:58:34.280+0000] {processor.py:183} INFO - Processing /opt/airflow/dags/dag_shipment_sim.py took 0.281 seconds
[2026-07-01T13:59:05.388+0000] {processor.py:161} INFO - Started process (PID=16808) to work on /opt/airflow/dags/dag_shipment_sim.py
[2026-07-01T13:59:05.391+0000] {processor.py:830} INFO - Processing file /opt/airflow/dags/dag_shipment_sim.py for tasks to queue
[2026-07-01T13:59:05.404+0000] {logging_mixin.py:188} INFO - [2026-07-01T13:59:05.398+0000] {dagbag.py:545} INFO - Filling up the DagBag from /opt/airflow/dags/dag_shipment_sim.py
[2026-07-01T13:59:05.472+0000] {processor.py:840} INFO - DAG(s) 'dag_shipment_sim' retrieved from /opt/airflow/dags/dag_shipment_sim.py
[2026-07-01T13:59:05.549+0000] {logging_mixin.py:188} INFO - [2026-07-01T13:59:05.548+0000] {dag.py:3096} INFO - Sync 1 DAGs
[2026-07-01T13:59:05.659+0000] {logging_mixin.py:188} INFO - [2026-07-01T13:59:05.659+0000] {dag.py:3954} INFO - Setting next_dagrun for dag_shipment_sim to 2026-07-01 13:00:00+00:00, run_after=2026-07-01 14:00:00+00:00
[2026-07-01T13:59:05.732+0000] {processor.py:183} INFO - Processing /opt/airflow/dags/dag_shipment_sim.py took 0.364 seconds
[2026-07-01T13:59:40.097+0000] {processor.py:161} INFO - Started process (PID=16845) to work on /opt/airflow/dags/dag_shipment_sim.py
[2026-07-01T13:59:40.100+0000] {processor.py:830} INFO - Processing file /opt/airflow/dags/dag_shipment_sim.py for tasks to queue
[2026-07-01T13:59:40.106+0000] {logging_mixin.py:188} INFO - [2026-07-01T13:59:40.105+0000] {dagbag.py:545} INFO - Filling up the DagBag from /opt/airflow/dags/dag_shipment_sim.py
[2026-07-01T13:59:40.220+0000] {processor.py:840} INFO - DAG(s) 'dag_shipment_sim' retrieved from /opt/airflow/dags/dag_shipment_sim.py
[2026-07-01T13:59:40.382+0000] {logging_mixin.py:188} INFO - [2026-07-01T13:59:40.381+0000] {dag.py:3096} INFO - Sync 1 DAGs
[2026-07-01T13:59:41.319+0000] {logging_mixin.py:188} INFO - [2026-07-01T13:59:41.314+0000] {dag.py:3954} INFO - Setting next_dagrun for dag_shipment_sim to 2026-07-01 13:00:00+00:00, run_after=2026-07-01 14:00:00+00:00
[2026-07-01T13:59:41.558+0000] {processor.py:183} INFO - Processing /opt/airflow/dags/dag_shipment_sim.py took 1.480 seconds
[2026-07-01T14:00:20.359+0000] {processor.py:161} INFO - Started process (PID=17020) to work on /opt/airflow/dags/dag_shipment_sim.py
[2026-07-01T14:00:20.370+0000] {processor.py:830} INFO - Processing file /opt/airflow/dags/dag_shipment_sim.py for tasks to queue
[2026-07-01T14:00:20.395+0000] {logging_mixin.py:188} INFO - [2026-07-01T14:00:20.391+0000] {dagbag.py:545} INFO - Filling up the DagBag from /opt/airflow/dags/dag_shipment_sim.py
[2026-07-01T14:00:20.613+0000] {processor.py:840} INFO - DAG(s) 'dag_shipment_sim' retrieved from /opt/airflow/dags/dag_shipment_sim.py
[2026-07-01T14:00:20.873+0000] {logging_mixin.py:188} INFO - [2026-07-01T14:00:20.869+0000] {dag.py:3096} INFO - Sync 1 DAGs
[2026-07-01T14:00:21.166+0000] {logging_mixin.py:188} INFO - [2026-07-01T14:00:21.163+0000] {dag.py:3954} INFO - Setting next_dagrun for dag_shipment_sim to 2026-07-01 14:00:00+00:00, run_after=2026-07-01 15:00:00+00:00
[2026-07-01T14:00:21.412+0000] {processor.py:183} INFO - Processing /opt/airflow/dags/dag_shipment_sim.py took 1.136 seconds
[2026-07-01T14:00:59.051+0000] {processor.py:161} INFO - Started process (PID=17225) to work on /opt/airflow/dags/dag_shipment_sim.py
[2026-07-01T14:00:59.066+0000] {processor.py:830} INFO - Processing file /opt/airflow/dags/dag_shipment_sim.py for tasks to queue
[2026-07-01T14:00:59.077+0000] {logging_mixin.py:188} INFO - [2026-07-01T14:00:59.074+0000] {dagbag.py:545} INFO - Filling up the DagBag from /opt/airflow/dags/dag_shipment_sim.py
[2026-07-01T14:00:59.427+0000] {processor.py:840} INFO - DAG(s) 'dag_shipment_sim' retrieved from /opt/airflow/dags/dag_shipment_sim.py
[2026-07-01T14:00:59.855+0000] {logging_mixin.py:188} INFO - [2026-07-01T14:00:59.855+0000] {dag.py:3096} INFO - Sync 1 DAGs
[2026-07-01T14:01:00.175+0000] {logging_mixin.py:188} INFO - [2026-07-01T14:01:00.161+0000] {dag.py:3954} INFO - Setting next_dagrun for dag_shipment_sim to 2026-07-01 14:00:00+00:00, run_after=2026-07-01 15:00:00+00:00
[2026-07-01T14:01:00.323+0000] {processor.py:183} INFO - Processing /opt/airflow/dags/dag_shipment_sim.py took 1.329 seconds
[2026-07-01T14:01:46.193+0000] {processor.py:161} INFO - Started process (PID=17448) to work on /opt/airflow/dags/dag_shipment_sim.py
[2026-07-01T14:01:46.340+0000] {processor.py:830} INFO - Processing file /opt/airflow/dags/dag_shipment_sim.py for tasks to queue
[2026-07-01T14:01:46.447+0000] {logging_mixin.py:188} INFO - [2026-07-01T14:01:46.443+0000] {dagbag.py:545} INFO - Filling up the DagBag from /opt/airflow/dags/dag_shipment_sim.py
[2026-07-01T14:01:46.858+0000] {processor.py:840} INFO - DAG(s) 'dag_shipment_sim' retrieved from /opt/airflow/dags/dag_shipment_sim.py
[2026-07-01T14:01:47.083+0000] {logging_mixin.py:188} INFO - [2026-07-01T14:01:47.082+0000] {dag.py:3096} INFO - Sync 1 DAGs
[2026-07-01T14:01:47.210+0000] {logging_mixin.py:188} INFO - [2026-07-01T14:01:47.208+0000] {dag.py:3954} INFO - Setting next_dagrun for dag_shipment_sim to 2026-07-01 14:00:00+00:00, run_after=2026-07-01 15:00:00+00:00
[2026-07-01T14:01:47.315+0000] {processor.py:183} INFO - Processing /opt/airflow/dags/dag_shipment_sim.py took 2.518 seconds
[2026-07-01T14:02:17.503+0000] {processor.py:161} INFO - Started process (PID=17604) to work on /opt/airflow/dags/dag_shipment_sim.py
[2026-07-01T14:02:17.510+0000] {processor.py:830} INFO - Processing file /opt/airflow/dags/dag_shipment_sim.py for tasks to queue
[2026-07-01T14:02:17.517+0000] {logging_mixin.py:188} INFO - [2026-07-01T14:02:17.516+0000] {dagbag.py:545} INFO - Filling up the DagBag from /opt/airflow/dags/dag_shipment_sim.py
[2026-07-01T14:02:17.622+0000] {processor.py:840} INFO - DAG(s) 'dag_shipment_sim' retrieved from /opt/airflow/dags/dag_shipment_sim.py
[2026-07-01T14:02:17.756+0000] {logging_mixin.py:188} INFO - [2026-07-01T14:02:17.754+0000] {dag.py:3096} INFO - Sync 1 DAGs
[2026-07-01T14:02:17.876+0000] {logging_mixin.py:188} INFO - [2026-07-01T14:02:17.876+0000] {dag.py:3954} INFO - Setting next_dagrun for dag_shipment_sim to 2026-07-01 14:00:00+00:00, run_after=2026-07-01 15:00:00+00:00
[2026-07-01T14:02:18.033+0000] {processor.py:183} INFO - Processing /opt/airflow/dags/dag_shipment_sim.py took 0.560 seconds
[2026-07-01T14:02:48.613+0000] {processor.py:161} INFO - Started process (PID=17658) to work on /opt/airflow/dags/dag_shipment_sim.py
[2026-07-01T14:02:48.617+0000] {processor.py:830} INFO - Processing file /opt/airflow/dags/dag_shipment_sim.py for tasks to queue
[2026-07-01T14:02:48.627+0000] {logging_mixin.py:188} INFO - [2026-07-01T14:02:48.625+0000] {dagbag.py:545} INFO - Filling up the DagBag from /opt/airflow/dags/dag_shipment_sim.py
[2026-07-01T14:02:48.700+0000] {processor.py:840} INFO - DAG(s) 'dag_shipment_sim' retrieved from /opt/airflow/dags/dag_shipment_sim.py
[2026-07-01T14:02:48.774+0000] {logging_mixin.py:188} INFO - [2026-07-01T14:02:48.773+0000] {dag.py:3096} INFO - Sync 1 DAGs
[2026-07-01T14:02:48.846+0000] {logging_mixin.py:188} INFO - [2026-07-01T14:02:48.845+0000] {dag.py:3954} INFO - Setting next_dagrun for dag_shipment_sim to 2026-07-01 14:00:00+00:00, run_after=2026-07-01 15:00:00+00:00
[2026-07-01T14:02:48.904+0000] {processor.py:183} INFO - Processing /opt/airflow/dags/dag_shipment_sim.py took 0.314 seconds
[2026-07-01T14:03:19.138+0000] {processor.py:161} INFO - Started process (PID=17685) to work on /opt/airflow/dags/dag_shipment_sim.py
[2026-07-01T14:03:19.142+0000] {processor.py:830} INFO - Processing file /opt/airflow/dags/dag_shipment_sim.py for tasks to queue
[2026-07-01T14:03:19.145+0000] {logging_mixin.py:188} INFO - [2026-07-01T14:03:19.144+0000] {dagbag.py:545} INFO - Filling up the DagBag from /opt/airflow/dags/dag_shipment_sim.py
[2026-07-01T14:03:19.203+0000] {processor.py:840} INFO - DAG(s) 'dag_shipment_sim' retrieved from /opt/airflow/dags/dag_shipment_sim.py
[2026-07-01T14:03:19.305+0000] {logging_mixin.py:188} INFO - [2026-07-01T14:03:19.304+0000] {dag.py:3096} INFO - Sync 1 DAGs
[2026-07-01T14:03:19.372+0000] {logging_mixin.py:188} INFO - [2026-07-01T14:03:19.371+0000] {dag.py:3954} INFO - Setting next_dagrun for dag_shipment_sim to 2026-07-01 14:00:00+00:00, run_after=2026-07-01 15:00:00+00:00
[2026-07-01T14:03:19.430+0000] {processor.py:183} INFO - Processing /opt/airflow/dags/dag_shipment_sim.py took 0.319 seconds
[2026-07-01T14:03:49.619+0000] {processor.py:161} INFO - Started process (PID=17722) to work on /opt/airflow/dags/dag_shipment_sim.py
[2026-07-01T14:03:49.623+0000] {processor.py:830} INFO - Processing file /opt/airflow/dags/dag_shipment_sim.py for tasks to queue
[2026-07-01T14:03:49.630+0000] {logging_mixin.py:188} INFO - [2026-07-01T14:03:49.629+0000] {dagbag.py:545} INFO - Filling up the DagBag from /opt/airflow/dags/dag_shipment_sim.py
[2026-07-01T14:03:49.727+0000] {processor.py:840} INFO - DAG(s) 'dag_shipment_sim' retrieved from /opt/airflow/dags/dag_shipment_sim.py
[2026-07-01T14:03:49.794+0000] {logging_mixin.py:188} INFO - [2026-07-01T14:03:49.793+0000] {dag.py:3096} INFO - Sync 1 DAGs
[2026-07-01T14:03:49.868+0000] {logging_mixin.py:188} INFO - [2026-07-01T14:03:49.867+0000] {dag.py:3954} INFO - Setting next_dagrun for dag_shipment_sim to 2026-07-01 14:00:00+00:00, run_after=2026-07-01 15:00:00+00:00
[2026-07-01T14:03:49.940+0000] {processor.py:183} INFO - Processing /opt/airflow/dags/dag_shipment_sim.py took 0.361 seconds
[2026-07-01T14:04:20.486+0000] {processor.py:161} INFO - Started process (PID=17759) to work on /opt/airflow/dags/dag_shipment_sim.py
[2026-07-01T14:04:20.488+0000] {processor.py:830} INFO - Processing file /opt/airflow/dags/dag_shipment_sim.py for tasks to queue
[2026-07-01T14:04:20.496+0000] {logging_mixin.py:188} INFO - [2026-07-01T14:04:20.495+0000] {dagbag.py:545} INFO - Filling up the DagBag from /opt/airflow/dags/dag_shipment_sim.py
[2026-07-01T14:04:20.568+0000] {processor.py:840} INFO - DAG(s) 'dag_shipment_sim' retrieved from /opt/airflow/dags/dag_shipment_sim.py
[2026-07-01T14:04:20.628+0000] {logging_mixin.py:188} INFO - [2026-07-01T14:04:20.627+0000] {dag.py:3096} INFO - Sync 1 DAGs
[2026-07-01T14:04:20.691+0000] {logging_mixin.py:188} INFO - [2026-07-01T14:04:20.691+0000] {dag.py:3954} INFO - Setting next_dagrun for dag_shipment_sim to 2026-07-01 14:00:00+00:00, run_after=2026-07-01 15:00:00+00:00
[2026-07-01T14:04:20.741+0000] {processor.py:183} INFO - Processing /opt/airflow/dags/dag_shipment_sim.py took 0.293 seconds
[2026-07-01T14:04:51.101+0000] {processor.py:161} INFO - Started process (PID=17796) to work on /opt/airflow/dags/dag_shipment_sim.py
[2026-07-01T14:04:51.109+0000] {processor.py:830} INFO - Processing file /opt/airflow/dags/dag_shipment_sim.py for tasks to queue
[2026-07-01T14:04:51.115+0000] {logging_mixin.py:188} INFO - [2026-07-01T14:04:51.114+0000] {dagbag.py:545} INFO - Filling up the DagBag from /opt/airflow/dags/dag_shipment_sim.py
[2026-07-01T14:04:51.202+0000] {processor.py:840} INFO - DAG(s) 'dag_shipment_sim' retrieved from /opt/airflow/dags/dag_shipment_sim.py
[2026-07-01T14:04:51.276+0000] {logging_mixin.py:188} INFO - [2026-07-01T14:04:51.275+0000] {dag.py:3096} INFO - Sync 1 DAGs
[2026-07-01T14:04:51.339+0000] {logging_mixin.py:188} INFO - [2026-07-01T14:04:51.339+0000] {dag.py:3954} INFO - Setting next_dagrun for dag_shipment_sim to 2026-07-01 14:00:00+00:00, run_after=2026-07-01 15:00:00+00:00
[2026-07-01T14:04:51.459+0000] {processor.py:183} INFO - Processing /opt/airflow/dags/dag_shipment_sim.py took 0.375 seconds
[2026-07-01T14:05:22.175+0000] {processor.py:161} INFO - Started process (PID=17838) to work on /opt/airflow/dags/dag_shipment_sim.py
[2026-07-01T14:05:22.178+0000] {processor.py:830} INFO - Processing file /opt/airflow/dags/dag_shipment_sim.py for tasks to queue
[2026-07-01T14:05:22.184+0000] {logging_mixin.py:188} INFO - [2026-07-01T14:05:22.183+0000] {dagbag.py:545} INFO - Filling up the DagBag from /opt/airflow/dags/dag_shipment_sim.py
[2026-07-01T14:05:22.235+0000] {processor.py:840} INFO - DAG(s) 'dag_shipment_sim' retrieved from /opt/airflow/dags/dag_shipment_sim.py
[2026-07-01T14:05:22.296+0000] {logging_mixin.py:188} INFO - [2026-07-01T14:05:22.296+0000] {dag.py:3096} INFO - Sync 1 DAGs
[2026-07-01T14:05:22.350+0000] {logging_mixin.py:188} INFO - [2026-07-01T14:05:22.349+0000] {dag.py:3954} INFO - Setting next_dagrun for dag_shipment_sim to 2026-07-01 14:00:00+00:00, run_after=2026-07-01 15:00:00+00:00
[2026-07-01T14:05:22.405+0000] {processor.py:183} INFO - Processing /opt/airflow/dags/dag_shipment_sim.py took 0.256 seconds
[2026-07-01T14:05:53.631+0000] {processor.py:161} INFO - Started process (PID=17870) to work on /opt/airflow/dags/dag_shipment_sim.py
[2026-07-01T14:05:53.634+0000] {processor.py:830} INFO - Processing file /opt/airflow/dags/dag_shipment_sim.py for tasks to queue
[2026-07-01T14:05:53.638+0000] {logging_mixin.py:188} INFO - [2026-07-01T14:05:53.637+0000] {dagbag.py:545} INFO - Filling up the DagBag from /opt/airflow/dags/dag_shipment_sim.py
[2026-07-01T14:05:53.741+0000] {processor.py:840} INFO - DAG(s) 'dag_shipment_sim' retrieved from /opt/airflow/dags/dag_shipment_sim.py
[2026-07-01T14:05:53.980+0000] {logging_mixin.py:188} INFO - [2026-07-01T14:05:53.978+0000] {dag.py:3096} INFO - Sync 1 DAGs
[2026-07-01T14:05:54.167+0000] {logging_mixin.py:188} INFO - [2026-07-01T14:05:54.165+0000] {dag.py:3954} INFO - Setting next_dagrun for dag_shipment_sim to 2026-07-01 14:00:00+00:00, run_after=2026-07-01 15:00:00+00:00
[2026-07-01T14:05:54.293+0000] {processor.py:183} INFO - Processing /opt/airflow/dags/dag_shipment_sim.py took 0.679 seconds
[2026-07-01T14:06:25.207+0000] {processor.py:161} INFO - Started process (PID=17915) to work on /opt/airflow/dags/dag_shipment_sim.py
[2026-07-01T14:06:25.211+0000] {processor.py:830} INFO - Processing file /opt/airflow/dags/dag_shipment_sim.py for tasks to queue
[2026-07-01T14:06:25.215+0000] {logging_mixin.py:188} INFO - [2026-07-01T14:06:25.214+0000] {dagbag.py:545} INFO - Filling up the DagBag from /opt/airflow/dags/dag_shipment_sim.py
[2026-07-01T14:06:25.353+0000] {processor.py:840} INFO - DAG(s) 'dag_shipment_sim' retrieved from /opt/airflow/dags/dag_shipment_sim.py
[2026-07-01T14:06:25.526+0000] {logging_mixin.py:188} INFO - [2026-07-01T14:06:25.525+0000] {dag.py:3096} INFO - Sync 1 DAGs
[2026-07-01T14:06:25.636+0000] {logging_mixin.py:188} INFO - [2026-07-01T14:06:25.636+0000] {dag.py:3954} INFO - Setting next_dagrun for dag_shipment_sim to 2026-07-01 14:00:00+00:00, run_after=2026-07-01 15:00:00+00:00
[2026-07-01T14:06:25.722+0000] {processor.py:183} INFO - Processing /opt/airflow/dags/dag_shipment_sim.py took 0.545 seconds
[2026-07-01T14:06:56.759+0000] {processor.py:161} INFO - Started process (PID=17947) to work on /opt/airflow/dags/dag_shipment_sim.py
[2026-07-01T14:06:56.761+0000] {processor.py:830} INFO - Processing file /opt/airflow/dags/dag_shipment_sim.py for tasks to queue
[2026-07-01T14:06:56.769+0000] {logging_mixin.py:188} INFO - [2026-07-01T14:06:56.766+0000] {dagbag.py:545} INFO - Filling up the DagBag from /opt/airflow/dags/dag_shipment_sim.py
[2026-07-01T14:06:56.908+0000] {processor.py:840} INFO - DAG(s) 'dag_shipment_sim' retrieved from /opt/airflow/dags/dag_shipment_sim.py
[2026-07-01T14:06:57.082+0000] {logging_mixin.py:188} INFO - [2026-07-01T14:06:57.081+0000] {dag.py:3096} INFO - Sync 1 DAGs
[2026-07-01T14:06:57.175+0000] {logging_mixin.py:188} INFO - [2026-07-01T14:06:57.174+0000] {dag.py:3954} INFO - Setting next_dagrun for dag_shipment_sim to 2026-07-01 14:00:00+00:00, run_after=2026-07-01 15:00:00+00:00
[2026-07-01T14:06:57.334+0000] {processor.py:183} INFO - Processing /opt/airflow/dags/dag_shipment_sim.py took 0.589 seconds
[2026-07-01T14:07:28.266+0000] {processor.py:161} INFO - Started process (PID=17986) to work on /opt/airflow/dags/dag_shipment_sim.py
[2026-07-01T14:07:28.269+0000] {processor.py:830} INFO - Processing file /opt/airflow/dags/dag_shipment_sim.py for tasks to queue
[2026-07-01T14:07:28.277+0000] {logging_mixin.py:188} INFO - [2026-07-01T14:07:28.275+0000] {dagbag.py:545} INFO - Filling up the DagBag from /opt/airflow/dags/dag_shipment_sim.py
[2026-07-01T14:07:28.358+0000] {processor.py:840} INFO - DAG(s) 'dag_shipment_sim' retrieved from /opt/airflow/dags/dag_shipment_sim.py
[2026-07-01T14:07:28.439+0000] {logging_mixin.py:188} INFO - [2026-07-01T14:07:28.437+0000] {dag.py:3096} INFO - Sync 1 DAGs
[2026-07-01T14:07:28.520+0000] {logging_mixin.py:188} INFO - [2026-07-01T14:07:28.520+0000] {dag.py:3954} INFO - Setting next_dagrun for dag_shipment_sim to 2026-07-01 14:00:00+00:00, run_after=2026-07-01 15:00:00+00:00
[2026-07-01T14:07:28.587+0000] {processor.py:183} INFO - Processing /opt/airflow/dags/dag_shipment_sim.py took 0.357 seconds
[2026-07-01T14:08:01.122+0000] {processor.py:161} INFO - Started process (PID=18021) to work on /opt/airflow/dags/dag_shipment_sim.py
[2026-07-01T14:08:01.128+0000] {processor.py:830} INFO - Processing file /opt/airflow/dags/dag_shipment_sim.py for tasks to queue
[2026-07-01T14:08:01.143+0000] {logging_mixin.py:188} INFO - [2026-07-01T14:08:01.138+0000] {dagbag.py:545} INFO - Filling up the DagBag from /opt/airflow/dags/dag_shipment_sim.py
[2026-07-01T14:08:01.216+0000] {processor.py:840} INFO - DAG(s) 'dag_shipment_sim' retrieved from /opt/airflow/dags/dag_shipment_sim.py
[2026-07-01T14:08:01.290+0000] {logging_mixin.py:188} INFO - [2026-07-01T14:08:01.290+0000] {dag.py:3096} INFO - Sync 1 DAGs
[2026-07-01T14:08:01.357+0000] {logging_mixin.py:188} INFO - [2026-07-01T14:08:01.356+0000] {dag.py:3954} INFO - Setting next_dagrun for dag_shipment_sim to 2026-07-01 14:00:00+00:00, run_after=2026-07-01 15:00:00+00:00
[2026-07-01T14:08:01.428+0000] {processor.py:183} INFO - Processing /opt/airflow/dags/dag_shipment_sim.py took 0.326 seconds
[2026-07-01T14:08:38.138+0000] {processor.py:161} INFO - Started process (PID=18058) to work on /opt/airflow/dags/dag_shipment_sim.py
[2026-07-01T14:08:38.146+0000] {processor.py:830} INFO - Processing file /opt/airflow/dags/dag_shipment_sim.py for tasks to queue
[2026-07-01T14:08:38.149+0000] {logging_mixin.py:188} INFO - [2026-07-01T14:08:38.149+0000] {dagbag.py:545} INFO - Filling up the DagBag from /opt/airflow/dags/dag_shipment_sim.py
[2026-07-01T14:08:38.218+0000] {processor.py:840} INFO - DAG(s) 'dag_shipment_sim' retrieved from /opt/airflow/dags/dag_shipment_sim.py
[2026-07-01T14:08:38.318+0000] {logging_mixin.py:188} INFO - [2026-07-01T14:08:38.316+0000] {dag.py:3096} INFO - Sync 1 DAGs
[2026-07-01T14:08:38.404+0000] {logging_mixin.py:188} INFO - [2026-07-01T14:08:38.402+0000] {dag.py:3954} INFO - Setting next_dagrun for dag_shipment_sim to 2026-07-01 14:00:00+00:00, run_after=2026-07-01 15:00:00+00:00
[2026-07-01T14:08:38.477+0000] {processor.py:183} INFO - Processing /opt/airflow/dags/dag_shipment_sim.py took 0.366 seconds
[2026-07-01T14:09:08.562+0000] {processor.py:161} INFO - Started process (PID=18095) to work on /opt/airflow/dags/dag_shipment_sim.py
[2026-07-01T14:09:08.563+0000] {processor.py:830} INFO - Processing file /opt/airflow/dags/dag_shipment_sim.py for tasks to queue
[2026-07-01T14:09:08.564+0000] {logging_mixin.py:188} INFO - [2026-07-01T14:09:08.564+0000] {dagbag.py:545} INFO - Filling up the DagBag from /opt/airflow/dags/dag_shipment_sim.py
[2026-07-01T14:09:08.579+0000] {processor.py:840} INFO - DAG(s) 'dag_shipment_sim' retrieved from /opt/airflow/dags/dag_shipment_sim.py
[2026-07-01T14:09:08.603+0000] {logging_mixin.py:188} INFO - [2026-07-01T14:09:08.603+0000] {dag.py:3096} INFO - Sync 1 DAGs
[2026-07-01T14:09:08.613+0000] {logging_mixin.py:188} INFO - [2026-07-01T14:09:08.613+0000] {dag.py:3954} INFO - Setting next_dagrun for dag_shipment_sim to 2026-07-01 14:00:00+00:00, run_after=2026-07-01 15:00:00+00:00
[2026-07-01T14:09:08.624+0000] {processor.py:183} INFO - Processing /opt/airflow/dags/dag_shipment_sim.py took 0.065 seconds
[2026-07-01T14:09:38.867+0000] {processor.py:161} INFO - Started process (PID=18132) to work on /opt/airflow/dags/dag_shipment_sim.py
[2026-07-01T14:09:38.867+0000] {processor.py:830} INFO - Processing file /opt/airflow/dags/dag_shipment_sim.py for tasks to queue
[2026-07-01T14:09:38.868+0000] {logging_mixin.py:188} INFO - [2026-07-01T14:09:38.868+0000] {dagbag.py:545} INFO - Filling up the DagBag from /opt/airflow/dags/dag_shipment_sim.py
[2026-07-01T14:09:38.877+0000] {processor.py:840} INFO - DAG(s) 'dag_shipment_sim' retrieved from /opt/airflow/dags/dag_shipment_sim.py
[2026-07-01T14:09:38.888+0000] {logging_mixin.py:188} INFO - [2026-07-01T14:09:38.888+0000] {dag.py:3096} INFO - Sync 1 DAGs
[2026-07-01T14:09:38.897+0000] {logging_mixin.py:188} INFO - [2026-07-01T14:09:38.897+0000] {dag.py:3954} INFO - Setting next_dagrun for dag_shipment_sim to 2026-07-01 14:00:00+00:00, run_after=2026-07-01 15:00:00+00:00
[2026-07-01T14:09:38.908+0000] {processor.py:183} INFO - Processing /opt/airflow/dags/dag_shipment_sim.py took 0.044 seconds
[2026-07-01T14:10:09.664+0000] {processor.py:161} INFO - Started process (PID=18163) to work on /opt/airflow/dags/dag_shipment_sim.py
[2026-07-01T14:10:09.666+0000] {processor.py:830} INFO - Processing file /opt/airflow/dags/dag_shipment_sim.py for tasks to queue
[2026-07-01T14:10:09.669+0000] {logging_mixin.py:188} INFO - [2026-07-01T14:10:09.668+0000] {dagbag.py:545} INFO - Filling up the DagBag from /opt/airflow/dags/dag_shipment_sim.py
[2026-07-01T14:10:09.685+0000] {processor.py:840} INFO - DAG(s) 'dag_shipment_sim' retrieved from /opt/airflow/dags/dag_shipment_sim.py
[2026-07-01T14:10:09.706+0000] {logging_mixin.py:188} INFO - [2026-07-01T14:10:09.706+0000] {dag.py:3096} INFO - Sync 1 DAGs
[2026-07-01T14:10:09.721+0000] {logging_mixin.py:188} INFO - [2026-07-01T14:10:09.721+0000] {dag.py:3954} INFO - Setting next_dagrun for dag_shipment_sim to 2026-07-01 14:00:00+00:00, run_after=2026-07-01 15:00:00+00:00
[2026-07-01T14:10:09.732+0000] {processor.py:183} INFO - Processing /opt/airflow/dags/dag_shipment_sim.py took 0.083 seconds
[2026-07-01T14:10:39.807+0000] {processor.py:161} INFO - Started process (PID=18194) to work on /opt/airflow/dags/dag_shipment_sim.py
[2026-07-01T14:10:39.808+0000] {processor.py:830} INFO - Processing file /opt/airflow/dags/dag_shipment_sim.py for tasks to queue
[2026-07-01T14:10:39.811+0000] {logging_mixin.py:188} INFO - [2026-07-01T14:10:39.810+0000] {dagbag.py:545} INFO - Filling up the DagBag from /opt/airflow/dags/dag_shipment_sim.py
[2026-07-01T14:10:39.824+0000] {processor.py:840} INFO - DAG(s) 'dag_shipment_sim' retrieved from /opt/airflow/dags/dag_shipment_sim.py
[2026-07-01T14:10:39.843+0000] {logging_mixin.py:188} INFO - [2026-07-01T14:10:39.843+0000] {dag.py:3096} INFO - Sync 1 DAGs
[2026-07-01T14:10:39.872+0000] {logging_mixin.py:188} INFO - [2026-07-01T14:10:39.872+0000] {dag.py:3954} INFO - Setting next_dagrun for dag_shipment_sim to 2026-07-01 14:00:00+00:00, run_after=2026-07-01 15:00:00+00:00
[2026-07-01T14:10:39.883+0000] {processor.py:183} INFO - Processing /opt/airflow/dags/dag_shipment_sim.py took 0.081 seconds
[2026-07-01T14:11:10.807+0000] {processor.py:161} INFO - Started process (PID=18233) to work on /opt/airflow/dags/dag_shipment_sim.py
[2026-07-01T14:11:10.809+0000] {processor.py:830} INFO - Processing file /opt/airflow/dags/dag_shipment_sim.py for tasks to queue
[2026-07-01T14:11:10.811+0000] {logging_mixin.py:188} INFO - [2026-07-01T14:11:10.811+0000] {dagbag.py:545} INFO - Filling up the DagBag from /opt/airflow/dags/dag_shipment_sim.py
[2026-07-01T14:11:10.838+0000] {processor.py:840} INFO - DAG(s) 'dag_shipment_sim' retrieved from /opt/airflow/dags/dag_shipment_sim.py
[2026-07-01T14:11:10.887+0000] {logging_mixin.py:188} INFO - [2026-07-01T14:11:10.886+0000] {dag.py:3096} INFO - Sync 1 DAGs
[2026-07-01T14:11:10.921+0000] {logging_mixin.py:188} INFO - [2026-07-01T14:11:10.920+0000] {dag.py:3954} INFO - Setting next_dagrun for dag_shipment_sim to 2026-07-01 14:00:00+00:00, run_after=2026-07-01 15:00:00+00:00
[2026-07-01T14:11:10.950+0000] {processor.py:183} INFO - Processing /opt/airflow/dags/dag_shipment_sim.py took 0.150 seconds
[2026-07-01T14:11:41.526+0000] {processor.py:161} INFO - Started process (PID=18270) to work on /opt/airflow/dags/dag_shipment_sim.py
[2026-07-01T14:11:41.528+0000] {processor.py:830} INFO - Processing file /opt/airflow/dags/dag_shipment_sim.py for tasks to queue
[2026-07-01T14:11:41.533+0000] {logging_mixin.py:188} INFO - [2026-07-01T14:11:41.532+0000] {dagbag.py:545} INFO - Filling up the DagBag from /opt/airflow/dags/dag_shipment_sim.py
[2026-07-01T14:11:41.587+0000] {processor.py:840} INFO - DAG(s) 'dag_shipment_sim' retrieved from /opt/airflow/dags/dag_shipment_sim.py
[2026-07-01T14:11:41.644+0000] {logging_mixin.py:188} INFO - [2026-07-01T14:11:41.643+0000] {dag.py:3096} INFO - Sync 1 DAGs
[2026-07-01T14:11:41.696+0000] {logging_mixin.py:188} INFO - [2026-07-01T14:11:41.696+0000] {dag.py:3954} INFO - Setting next_dagrun for dag_shipment_sim to 2026-07-01 14:00:00+00:00, run_after=2026-07-01 15:00:00+00:00
[2026-07-01T14:11:41.745+0000] {processor.py:183} INFO - Processing /opt/airflow/dags/dag_shipment_sim.py took 0.230 seconds
[2026-07-01T14:12:12.033+0000] {processor.py:161} INFO - Started process (PID=18307) to work on /opt/airflow/dags/dag_shipment_sim.py
[2026-07-01T14:12:12.037+0000] {processor.py:830} INFO - Processing file /opt/airflow/dags/dag_shipment_sim.py for tasks to queue
[2026-07-01T14:12:12.041+0000] {logging_mixin.py:188} INFO - [2026-07-01T14:12:12.040+0000] {dagbag.py:545} INFO - Filling up the DagBag from /opt/airflow/dags/dag_shipment_sim.py
[2026-07-01T14:12:12.086+0000] {processor.py:840} INFO - DAG(s) 'dag_shipment_sim' retrieved from /opt/airflow/dags/dag_shipment_sim.py
[2026-07-01T14:12:12.156+0000] {logging_mixin.py:188} INFO - [2026-07-01T14:12:12.156+0000] {dag.py:3096} INFO - Sync 1 DAGs
[2026-07-01T14:12:12.217+0000] {logging_mixin.py:188} INFO - [2026-07-01T14:12:12.216+0000] {dag.py:3954} INFO - Setting next_dagrun for dag_shipment_sim to 2026-07-01 14:00:00+00:00, run_after=2026-07-01 15:00:00+00:00
[2026-07-01T14:12:12.273+0000] {processor.py:183} INFO - Processing /opt/airflow/dags/dag_shipment_sim.py took 0.255 seconds
[2026-07-01T14:12:42.420+0000] {processor.py:161} INFO - Started process (PID=18344) to work on /opt/airflow/dags/dag_shipment_sim.py
[2026-07-01T14:12:42.420+0000] {processor.py:830} INFO - Processing file /opt/airflow/dags/dag_shipment_sim.py for tasks to queue
[2026-07-01T14:12:42.421+0000] {logging_mixin.py:188} INFO - [2026-07-01T14:12:42.421+0000] {dagbag.py:545} INFO - Filling up the DagBag from /opt/airflow/dags/dag_shipment_sim.py
[2026-07-01T14:12:42.430+0000] {processor.py:840} INFO - DAG(s) 'dag_shipment_sim' retrieved from /opt/airflow/dags/dag_shipment_sim.py
[2026-07-01T14:12:42.442+0000] {logging_mixin.py:188} INFO - [2026-07-01T14:12:42.442+0000] {dag.py:3096} INFO - Sync 1 DAGs
[2026-07-01T14:12:42.451+0000] {logging_mixin.py:188} INFO - [2026-07-01T14:12:42.451+0000] {dag.py:3954} INFO - Setting next_dagrun for dag_shipment_sim to 2026-07-01 14:00:00+00:00, run_after=2026-07-01 15:00:00+00:00
[2026-07-01T14:12:42.459+0000] {processor.py:183} INFO - Processing /opt/airflow/dags/dag_shipment_sim.py took 0.045 seconds
[2026-07-01T14:13:12.691+0000] {processor.py:161} INFO - Started process (PID=18381) to work on /opt/airflow/dags/dag_shipment_sim.py
[2026-07-01T14:13:12.692+0000] {processor.py:830} INFO - Processing file /opt/airflow/dags/dag_shipment_sim.py for tasks to queue
[2026-07-01T14:13:12.693+0000] {logging_mixin.py:188} INFO - [2026-07-01T14:13:12.693+0000] {dagbag.py:545} INFO - Filling up the DagBag from /opt/airflow/dags/dag_shipment_sim.py
[2026-07-01T14:13:12.701+0000] {processor.py:840} INFO - DAG(s) 'dag_shipment_sim' retrieved from /opt/airflow/dags/dag_shipment_sim.py
[2026-07-01T14:13:12.711+0000] {logging_mixin.py:188} INFO - [2026-07-01T14:13:12.711+0000] {dag.py:3096} INFO - Sync 1 DAGs
[2026-07-01T14:13:12.720+0000] {logging_mixin.py:188} INFO - [2026-07-01T14:13:12.719+0000] {dag.py:3954} INFO - Setting next_dagrun for dag_shipment_sim to 2026-07-01 14:00:00+00:00, run_after=2026-07-01 15:00:00+00:00
[2026-07-01T14:13:12.726+0000] {processor.py:183} INFO - Processing /opt/airflow/dags/dag_shipment_sim.py took 0.042 seconds
[2026-07-01T14:13:42.962+0000] {processor.py:161} INFO - Started process (PID=18418) to work on /opt/airflow/dags/dag_shipment_sim.py
[2026-07-01T14:13:42.962+0000] {processor.py:830} INFO - Processing file /opt/airflow/dags/dag_shipment_sim.py for tasks to queue
[2026-07-01T14:13:42.964+0000] {logging_mixin.py:188} INFO - [2026-07-01T14:13:42.963+0000] {dagbag.py:545} INFO - Filling up the DagBag from /opt/airflow/dags/dag_shipment_sim.py
[2026-07-01T14:13:42.973+0000] {processor.py:840} INFO - DAG(s) 'dag_shipment_sim' retrieved from /opt/airflow/dags/dag_shipment_sim.py
[2026-07-01T14:13:42.985+0000] {logging_mixin.py:188} INFO - [2026-07-01T14:13:42.984+0000] {dag.py:3096} INFO - Sync 1 DAGs
[2026-07-01T14:13:42.994+0000] {logging_mixin.py:188} INFO - [2026-07-01T14:13:42.993+0000] {dag.py:3954} INFO - Setting next_dagrun for dag_shipment_sim to 2026-07-01 14:00:00+00:00, run_after=2026-07-01 15:00:00+00:00
[2026-07-01T14:13:43.001+0000] {processor.py:183} INFO - Processing /opt/airflow/dags/dag_shipment_sim.py took 0.043 seconds
[2026-07-01T14:14:13.523+0000] {processor.py:161} INFO - Started process (PID=18455) to work on /opt/airflow/dags/dag_shipment_sim.py
[2026-07-01T14:14:13.523+0000] {processor.py:830} INFO - Processing file /opt/airflow/dags/dag_shipment_sim.py for tasks to queue
[2026-07-01T14:14:13.524+0000] {logging_mixin.py:188} INFO - [2026-07-01T14:14:13.524+0000] {dagbag.py:545} INFO - Filling up the DagBag from /opt/airflow/dags/dag_shipment_sim.py
[2026-07-01T14:14:13.533+0000] {processor.py:840} INFO - DAG(s) 'dag_shipment_sim' retrieved from /opt/airflow/dags/dag_shipment_sim.py
[2026-07-01T14:14:13.544+0000] {logging_mixin.py:188} INFO - [2026-07-01T14:14:13.544+0000] {dag.py:3096} INFO - Sync 1 DAGs
[2026-07-01T14:14:13.557+0000] {logging_mixin.py:188} INFO - [2026-07-01T14:14:13.557+0000] {dag.py:3954} INFO - Setting next_dagrun for dag_shipment_sim to 2026-07-01 14:00:00+00:00, run_after=2026-07-01 15:00:00+00:00
[2026-07-01T14:14:13.566+0000] {processor.py:183} INFO - Processing /opt/airflow/dags/dag_shipment_sim.py took 0.046 seconds
[2026-07-01T14:14:43.984+0000] {processor.py:161} INFO - Started process (PID=18490) to work on /opt/airflow/dags/dag_shipment_sim.py
[2026-07-01T14:14:43.985+0000] {processor.py:830} INFO - Processing file /opt/airflow/dags/dag_shipment_sim.py for tasks to queue
[2026-07-01T14:14:43.986+0000] {logging_mixin.py:188} INFO - [2026-07-01T14:14:43.986+0000] {dagbag.py:545} INFO - Filling up the DagBag from /opt/airflow/dags/dag_shipment_sim.py
[2026-07-01T14:14:44.003+0000] {processor.py:840} INFO - DAG(s) 'dag_shipment_sim' retrieved from /opt/airflow/dags/dag_shipment_sim.py
[2026-07-01T14:14:44.025+0000] {logging_mixin.py:188} INFO - [2026-07-01T14:14:44.025+0000] {dag.py:3096} INFO - Sync 1 DAGs
[2026-07-01T14:14:44.037+0000] {logging_mixin.py:188} INFO - [2026-07-01T14:14:44.037+0000] {dag.py:3954} INFO - Setting next_dagrun for dag_shipment_sim to 2026-07-01 14:00:00+00:00, run_after=2026-07-01 15:00:00+00:00
[2026-07-01T14:14:44.046+0000] {processor.py:183} INFO - Processing /opt/airflow/dags/dag_shipment_sim.py took 0.069 seconds
[2026-07-01T14:15:14.551+0000] {processor.py:161} INFO - Started process (PID=18527) to work on /opt/airflow/dags/dag_shipment_sim.py
[2026-07-01T14:15:14.553+0000] {processor.py:830} INFO - Processing file /opt/airflow/dags/dag_shipment_sim.py for tasks to queue
[2026-07-01T14:15:14.555+0000] {logging_mixin.py:188} INFO - [2026-07-01T14:15:14.555+0000] {dagbag.py:545} INFO - Filling up the DagBag from /opt/airflow/dags/dag_shipment_sim.py
[2026-07-01T14:15:14.570+0000] {processor.py:840} INFO - DAG(s) 'dag_shipment_sim' retrieved from /opt/airflow/dags/dag_shipment_sim.py
[2026-07-01T14:15:14.587+0000] {logging_mixin.py:188} INFO - [2026-07-01T14:15:14.587+0000] {dag.py:3096} INFO - Sync 1 DAGs
[2026-07-01T14:15:14.605+0000] {logging_mixin.py:188} INFO - [2026-07-01T14:15:14.604+0000] {dag.py:3954} INFO - Setting next_dagrun for dag_shipment_sim to 2026-07-01 14:00:00+00:00, run_after=2026-07-01 15:00:00+00:00
[2026-07-01T14:15:14.615+0000] {processor.py:183} INFO - Processing /opt/airflow/dags/dag_shipment_sim.py took 0.067 seconds
[2026-07-01T14:15:45.785+0000] {processor.py:161} INFO - Started process (PID=18566) to work on /opt/airflow/dags/dag_shipment_sim.py
[2026-07-01T14:15:45.786+0000] {processor.py:830} INFO - Processing file /opt/airflow/dags/dag_shipment_sim.py for tasks to queue
[2026-07-01T14:15:45.787+0000] {logging_mixin.py:188} INFO - [2026-07-01T14:15:45.786+0000] {dagbag.py:545} INFO - Filling up the DagBag from /opt/airflow/dags/dag_shipment_sim.py
[2026-07-01T14:15:45.795+0000] {processor.py:840} INFO - DAG(s) 'dag_shipment_sim' retrieved from /opt/airflow/dags/dag_shipment_sim.py
[2026-07-01T14:15:45.806+0000] {logging_mixin.py:188} INFO - [2026-07-01T14:15:45.806+0000] {dag.py:3096} INFO - Sync 1 DAGs
[2026-07-01T14:15:45.815+0000] {logging_mixin.py:188} INFO - [2026-07-01T14:15:45.815+0000] {dag.py:3954} INFO - Setting next_dagrun for dag_shipment_sim to 2026-07-01 14:00:00+00:00, run_after=2026-07-01 15:00:00+00:00
[2026-07-01T14:15:45.822+0000] {processor.py:183} INFO - Processing /opt/airflow/dags/dag_shipment_sim.py took 0.052 seconds
[2026-07-01T14:16:16.380+0000] {processor.py:161} INFO - Started process (PID=18603) to work on /opt/airflow/dags/dag_shipment_sim.py
[2026-07-01T14:16:16.381+0000] {processor.py:830} INFO - Processing file /opt/airflow/dags/dag_shipment_sim.py for tasks to queue
[2026-07-01T14:16:16.381+0000] {logging_mixin.py:188} INFO - [2026-07-01T14:16:16.381+0000] {dagbag.py:545} INFO - Filling up the DagBag from /opt/airflow/dags/dag_shipment_sim.py
[2026-07-01T14:16:16.390+0000] {processor.py:840} INFO - DAG(s) 'dag_shipment_sim' retrieved from /opt/airflow/dags/dag_shipment_sim.py
[2026-07-01T14:16:16.404+0000] {logging_mixin.py:188} INFO - [2026-07-01T14:16:16.404+0000] {dag.py:3096} INFO - Sync 1 DAGs
[2026-07-01T14:16:16.417+0000] {logging_mixin.py:188} INFO - [2026-07-01T14:16:16.417+0000] {dag.py:3954} INFO - Setting next_dagrun for dag_shipment_sim to 2026-07-01 14:00:00+00:00, run_after=2026-07-01 15:00:00+00:00
[2026-07-01T14:16:16.426+0000] {processor.py:183} INFO - Processing /opt/airflow/dags/dag_shipment_sim.py took 0.052 seconds
[2026-07-01T14:16:46.902+0000] {processor.py:161} INFO - Started process (PID=18640) to work on /opt/airflow/dags/dag_shipment_sim.py
[2026-07-01T14:16:46.903+0000] {processor.py:830} INFO - Processing file /opt/airflow/dags/dag_shipment_sim.py for tasks to queue
[2026-07-01T14:16:46.903+0000] {logging_mixin.py:188} INFO - [2026-07-01T14:16:46.903+0000] {dagbag.py:545} INFO - Filling up the DagBag from /opt/airflow/dags/dag_shipment_sim.py
[2026-07-01T14:16:46.912+0000] {processor.py:840} INFO - DAG(s) 'dag_shipment_sim' retrieved from /opt/airflow/dags/dag_shipment_sim.py
[2026-07-01T14:16:46.925+0000] {logging_mixin.py:188} INFO - [2026-07-01T14:16:46.925+0000] {dag.py:3096} INFO - Sync 1 DAGs
[2026-07-01T14:16:46.935+0000] {logging_mixin.py:188} INFO - [2026-07-01T14:16:46.935+0000] {dag.py:3954} INFO - Setting next_dagrun for dag_shipment_sim to 2026-07-01 14:00:00+00:00, run_after=2026-07-01 15:00:00+00:00
[2026-07-01T14:16:46.943+0000] {processor.py:183} INFO - Processing /opt/airflow/dags/dag_shipment_sim.py took 0.047 seconds
[2026-07-01T14:17:17.407+0000] {processor.py:161} INFO - Started process (PID=18677) to work on /opt/airflow/dags/dag_shipment_sim.py
[2026-07-01T14:17:17.408+0000] {processor.py:830} INFO - Processing file /opt/airflow/dags/dag_shipment_sim.py for tasks to queue
[2026-07-01T14:17:17.408+0000] {logging_mixin.py:188} INFO - [2026-07-01T14:17:17.408+0000] {dagbag.py:545} INFO - Filling up the DagBag from /opt/airflow/dags/dag_shipment_sim.py
[2026-07-01T14:17:17.416+0000] {processor.py:840} INFO - DAG(s) 'dag_shipment_sim' retrieved from /opt/airflow/dags/dag_shipment_sim.py
[2026-07-01T14:17:17.426+0000] {logging_mixin.py:188} INFO - [2026-07-01T14:17:17.426+0000] {dag.py:3096} INFO - Sync 1 DAGs
[2026-07-01T14:17:17.434+0000] {logging_mixin.py:188} INFO - [2026-07-01T14:17:17.434+0000] {dag.py:3954} INFO - Setting next_dagrun for dag_shipment_sim to 2026-07-01 14:00:00+00:00, run_after=2026-07-01 15:00:00+00:00
[2026-07-01T14:17:17.441+0000] {processor.py:183} INFO - Processing /opt/airflow/dags/dag_shipment_sim.py took 0.040 seconds
[2026-07-01T14:17:47.634+0000] {processor.py:161} INFO - Started process (PID=18714) to work on /opt/airflow/dags/dag_shipment_sim.py
[2026-07-01T14:17:47.635+0000] {processor.py:830} INFO - Processing file /opt/airflow/dags/dag_shipment_sim.py for tasks to queue
[2026-07-01T14:17:47.636+0000] {logging_mixin.py:188} INFO - [2026-07-01T14:17:47.636+0000] {dagbag.py:545} INFO - Filling up the DagBag from /opt/airflow/dags/dag_shipment_sim.py
[2026-07-01T14:17:47.644+0000] {processor.py:840} INFO - DAG(s) 'dag_shipment_sim' retrieved from /opt/airflow/dags/dag_shipment_sim.py
[2026-07-01T14:17:47.655+0000] {logging_mixin.py:188} INFO - [2026-07-01T14:17:47.654+0000] {dag.py:3096} INFO - Sync 1 DAGs
[2026-07-01T14:17:47.665+0000] {logging_mixin.py:188} INFO - [2026-07-01T14:17:47.664+0000] {dag.py:3954} INFO - Setting next_dagrun for dag_shipment_sim to 2026-07-01 14:00:00+00:00, run_after=2026-07-01 15:00:00+00:00
[2026-07-01T14:17:47.673+0000] {processor.py:183} INFO - Processing /opt/airflow/dags/dag_shipment_sim.py took 0.044 seconds
[2026-07-01T14:18:18.311+0000] {processor.py:161} INFO - Started process (PID=18751) to work on /opt/airflow/dags/dag_shipment_sim.py
[2026-07-01T14:18:18.312+0000] {processor.py:830} INFO - Processing file /opt/airflow/dags/dag_shipment_sim.py for tasks to queue
[2026-07-01T14:18:18.313+0000] {logging_mixin.py:188} INFO - [2026-07-01T14:18:18.312+0000] {dagbag.py:545} INFO - Filling up the DagBag from /opt/airflow/dags/dag_shipment_sim.py
[2026-07-01T14:18:18.323+0000] {processor.py:840} INFO - DAG(s) 'dag_shipment_sim' retrieved from /opt/airflow/dags/dag_shipment_sim.py
[2026-07-01T14:18:18.336+0000] {logging_mixin.py:188} INFO - [2026-07-01T14:18:18.336+0000] {dag.py:3096} INFO - Sync 1 DAGs
[2026-07-01T14:18:18.345+0000] {logging_mixin.py:188} INFO - [2026-07-01T14:18:18.345+0000] {dag.py:3954} INFO - Setting next_dagrun for dag_shipment_sim to 2026-07-01 14:00:00+00:00, run_after=2026-07-01 15:00:00+00:00
[2026-07-01T14:18:18.353+0000] {processor.py:183} INFO - Processing /opt/airflow/dags/dag_shipment_sim.py took 0.045 seconds
[2026-07-01T14:18:48.545+0000] {processor.py:161} INFO - Started process (PID=18788) to work on /opt/airflow/dags/dag_shipment_sim.py
[2026-07-01T14:18:48.545+0000] {processor.py:830} INFO - Processing file /opt/airflow/dags/dag_shipment_sim.py for tasks to queue
[2026-07-01T14:18:48.546+0000] {logging_mixin.py:188} INFO - [2026-07-01T14:18:48.546+0000] {dagbag.py:545} INFO - Filling up the DagBag from /opt/airflow/dags/dag_shipment_sim.py
[2026-07-01T14:18:48.555+0000] {processor.py:840} INFO - DAG(s) 'dag_shipment_sim' retrieved from /opt/airflow/dags/dag_shipment_sim.py
[2026-07-01T14:18:48.567+0000] {logging_mixin.py:188} INFO - [2026-07-01T14:18:48.566+0000] {dag.py:3096} INFO - Sync 1 DAGs
[2026-07-01T14:18:48.576+0000] {logging_mixin.py:188} INFO - [2026-07-01T14:18:48.576+0000] {dag.py:3954} INFO - Setting next_dagrun for dag_shipment_sim to 2026-07-01 14:00:00+00:00, run_after=2026-07-01 15:00:00+00:00
[2026-07-01T14:18:48.584+0000] {processor.py:183} INFO - Processing /opt/airflow/dags/dag_shipment_sim.py took 0.043 seconds
[2026-07-01T14:19:19.007+0000] {processor.py:161} INFO - Started process (PID=18825) to work on /opt/airflow/dags/dag_shipment_sim.py
[2026-07-01T14:19:19.007+0000] {processor.py:830} INFO - Processing file /opt/airflow/dags/dag_shipment_sim.py for tasks to queue
[2026-07-01T14:19:19.009+0000] {logging_mixin.py:188} INFO - [2026-07-01T14:19:19.008+0000] {dagbag.py:545} INFO - Filling up the DagBag from /opt/airflow/dags/dag_shipment_sim.py
[2026-07-01T14:19:19.016+0000] {processor.py:840} INFO - DAG(s) 'dag_shipment_sim' retrieved from /opt/airflow/dags/dag_shipment_sim.py
[2026-07-01T14:19:19.029+0000] {logging_mixin.py:188} INFO - [2026-07-01T14:19:19.029+0000] {dag.py:3096} INFO - Sync 1 DAGs
[2026-07-01T14:19:19.038+0000] {logging_mixin.py:188} INFO - [2026-07-01T14:19:19.037+0000] {dag.py:3954} INFO - Setting next_dagrun for dag_shipment_sim to 2026-07-01 14:00:00+00:00, run_after=2026-07-01 15:00:00+00:00
[2026-07-01T14:19:19.045+0000] {processor.py:183} INFO - Processing /opt/airflow/dags/dag_shipment_sim.py took 0.042 seconds
[2026-07-01T14:19:49.239+0000] {processor.py:161} INFO - Started process (PID=18860) to work on /opt/airflow/dags/dag_shipment_sim.py
[2026-07-01T14:19:49.242+0000] {processor.py:830} INFO - Processing file /opt/airflow/dags/dag_shipment_sim.py for tasks to queue
[2026-07-01T14:19:49.243+0000] {logging_mixin.py:188} INFO - [2026-07-01T14:19:49.243+0000] {dagbag.py:545} INFO - Filling up the DagBag from /opt/airflow/dags/dag_shipment_sim.py
[2026-07-01T14:19:49.256+0000] {processor.py:840} INFO - DAG(s) 'dag_shipment_sim' retrieved from /opt/airflow/dags/dag_shipment_sim.py
[2026-07-01T14:19:49.274+0000] {logging_mixin.py:188} INFO - [2026-07-01T14:19:49.273+0000] {dag.py:3096} INFO - Sync 1 DAGs
[2026-07-01T14:19:49.293+0000] {logging_mixin.py:188} INFO - [2026-07-01T14:19:49.293+0000] {dag.py:3954} INFO - Setting next_dagrun for dag_shipment_sim to 2026-07-01 14:00:00+00:00, run_after=2026-07-01 15:00:00+00:00
[2026-07-01T14:19:49.306+0000] {processor.py:183} INFO - Processing /opt/airflow/dags/dag_shipment_sim.py took 0.071 seconds
[2026-07-01T14:20:19.620+0000] {processor.py:161} INFO - Started process (PID=18899) to work on /opt/airflow/dags/dag_shipment_sim.py
[2026-07-01T14:20:19.620+0000] {processor.py:830} INFO - Processing file /opt/airflow/dags/dag_shipment_sim.py for tasks to queue
[2026-07-01T14:20:19.621+0000] {logging_mixin.py:188} INFO - [2026-07-01T14:20:19.621+0000] {dagbag.py:545} INFO - Filling up the DagBag from /opt/airflow/dags/dag_shipment_sim.py
[2026-07-01T14:20:19.629+0000] {processor.py:840} INFO - DAG(s) 'dag_shipment_sim' retrieved from /opt/airflow/dags/dag_shipment_sim.py
[2026-07-01T14:20:19.642+0000] {logging_mixin.py:188} INFO - [2026-07-01T14:20:19.642+0000] {dag.py:3096} INFO - Sync 1 DAGs
[2026-07-01T14:20:19.652+0000] {logging_mixin.py:188} INFO - [2026-07-01T14:20:19.652+0000] {dag.py:3954} INFO - Setting next_dagrun for dag_shipment_sim to 2026-07-01 14:00:00+00:00, run_after=2026-07-01 15:00:00+00:00
[2026-07-01T14:20:19.661+0000] {processor.py:183} INFO - Processing /opt/airflow/dags/dag_shipment_sim.py took 0.045 seconds
[2026-07-01T14:20:49.890+0000] {processor.py:161} INFO - Started process (PID=18936) to work on /opt/airflow/dags/dag_shipment_sim.py
[2026-07-01T14:20:49.891+0000] {processor.py:830} INFO - Processing file /opt/airflow/dags/dag_shipment_sim.py for tasks to queue
[2026-07-01T14:20:49.892+0000] {logging_mixin.py:188} INFO - [2026-07-01T14:20:49.892+0000] {dagbag.py:545} INFO - Filling up the DagBag from /opt/airflow/dags/dag_shipment_sim.py
[2026-07-01T14:20:49.901+0000] {processor.py:840} INFO - DAG(s) 'dag_shipment_sim' retrieved from /opt/airflow/dags/dag_shipment_sim.py
[2026-07-01T14:20:49.914+0000] {logging_mixin.py:188} INFO - [2026-07-01T14:20:49.914+0000] {dag.py:3096} INFO - Sync 1 DAGs
[2026-07-01T14:20:49.923+0000] {logging_mixin.py:188} INFO - [2026-07-01T14:20:49.923+0000] {dag.py:3954} INFO - Setting next_dagrun for dag_shipment_sim to 2026-07-01 14:00:00+00:00, run_after=2026-07-01 15:00:00+00:00
[2026-07-01T14:20:49.931+0000] {processor.py:183} INFO - Processing /opt/airflow/dags/dag_shipment_sim.py took 0.047 seconds
[2026-07-01T14:21:20.336+0000] {processor.py:161} INFO - Started process (PID=18973) to work on /opt/airflow/dags/dag_shipment_sim.py
[2026-07-01T14:21:20.337+0000] {processor.py:830} INFO - Processing file /opt/airflow/dags/dag_shipment_sim.py for tasks to queue
[2026-07-01T14:21:20.338+0000] {logging_mixin.py:188} INFO - [2026-07-01T14:21:20.338+0000] {dagbag.py:545} INFO - Filling up the DagBag from /opt/airflow/dags/dag_shipment_sim.py
[2026-07-01T14:21:20.348+0000] {processor.py:840} INFO - DAG(s) 'dag_shipment_sim' retrieved from /opt/airflow/dags/dag_shipment_sim.py
[2026-07-01T14:21:20.360+0000] {logging_mixin.py:188} INFO - [2026-07-01T14:21:20.360+0000] {dag.py:3096} INFO - Sync 1 DAGs
[2026-07-01T14:21:20.370+0000] {logging_mixin.py:188} INFO - [2026-07-01T14:21:20.370+0000] {dag.py:3954} INFO - Setting next_dagrun for dag_shipment_sim to 2026-07-01 14:00:00+00:00, run_after=2026-07-01 15:00:00+00:00
[2026-07-01T14:21:20.379+0000] {processor.py:183} INFO - Processing /opt/airflow/dags/dag_shipment_sim.py took 0.046 seconds
[2026-07-01T14:21:50.591+0000] {processor.py:161} INFO - Started process (PID=19010) to work on /opt/airflow/dags/dag_shipment_sim.py
[2026-07-01T14:21:50.591+0000] {processor.py:830} INFO - Processing file /opt/airflow/dags/dag_shipment_sim.py for tasks to queue
[2026-07-01T14:21:50.593+0000] {logging_mixin.py:188} INFO - [2026-07-01T14:21:50.592+0000] {dagbag.py:545} INFO - Filling up the DagBag from /opt/airflow/dags/dag_shipment_sim.py
[2026-07-01T14:21:50.600+0000] {processor.py:840} INFO - DAG(s) 'dag_shipment_sim' retrieved from /opt/airflow/dags/dag_shipment_sim.py
[2026-07-01T14:21:50.611+0000] {logging_mixin.py:188} INFO - [2026-07-01T14:21:50.611+0000] {dag.py:3096} INFO - Sync 1 DAGs
[2026-07-01T14:21:50.619+0000] {logging_mixin.py:188} INFO - [2026-07-01T14:21:50.619+0000] {dag.py:3954} INFO - Setting next_dagrun for dag_shipment_sim to 2026-07-01 14:00:00+00:00, run_after=2026-07-01 15:00:00+00:00
[2026-07-01T14:21:50.626+0000] {processor.py:183} INFO - Processing /opt/airflow/dags/dag_shipment_sim.py took 0.039 seconds
[2026-07-01T14:22:20.915+0000] {processor.py:161} INFO - Started process (PID=19047) to work on /opt/airflow/dags/dag_shipment_sim.py
[2026-07-01T14:22:20.915+0000] {processor.py:830} INFO - Processing file /opt/airflow/dags/dag_shipment_sim.py for tasks to queue
[2026-07-01T14:22:20.916+0000] {logging_mixin.py:188} INFO - [2026-07-01T14:22:20.916+0000] {dagbag.py:545} INFO - Filling up the DagBag from /opt/airflow/dags/dag_shipment_sim.py
[2026-07-01T14:22:20.923+0000] {processor.py:840} INFO - DAG(s) 'dag_shipment_sim' retrieved from /opt/airflow/dags/dag_shipment_sim.py
[2026-07-01T14:22:20.933+0000] {logging_mixin.py:188} INFO - [2026-07-01T14:22:20.933+0000] {dag.py:3096} INFO - Sync 1 DAGs
[2026-07-01T14:22:20.941+0000] {logging_mixin.py:188} INFO - [2026-07-01T14:22:20.941+0000] {dag.py:3954} INFO - Setting next_dagrun for dag_shipment_sim to 2026-07-01 14:00:00+00:00, run_after=2026-07-01 15:00:00+00:00
[2026-07-01T14:22:20.948+0000] {processor.py:183} INFO - Processing /opt/airflow/dags/dag_shipment_sim.py took 0.035 seconds
[2026-07-01T14:22:51.258+0000] {processor.py:161} INFO - Started process (PID=19084) to work on /opt/airflow/dags/dag_shipment_sim.py
[2026-07-01T14:22:51.259+0000] {processor.py:830} INFO - Processing file /opt/airflow/dags/dag_shipment_sim.py for tasks to queue
[2026-07-01T14:22:51.261+0000] {logging_mixin.py:188} INFO - [2026-07-01T14:22:51.261+0000] {dagbag.py:545} INFO - Filling up the DagBag from /opt/airflow/dags/dag_shipment_sim.py
[2026-07-01T14:22:51.271+0000] {processor.py:840} INFO - DAG(s) 'dag_shipment_sim' retrieved from /opt/airflow/dags/dag_shipment_sim.py
[2026-07-01T14:22:51.286+0000] {logging_mixin.py:188} INFO - [2026-07-01T14:22:51.286+0000] {dag.py:3096} INFO - Sync 1 DAGs
[2026-07-01T14:22:51.298+0000] {logging_mixin.py:188} INFO - [2026-07-01T14:22:51.298+0000] {dag.py:3954} INFO - Setting next_dagrun for dag_shipment_sim to 2026-07-01 14:00:00+00:00, run_after=2026-07-01 15:00:00+00:00
[2026-07-01T14:22:51.309+0000] {processor.py:183} INFO - Processing /opt/airflow/dags/dag_shipment_sim.py took 0.055 seconds
[2026-07-01T14:23:21.556+0000] {processor.py:161} INFO - Started process (PID=19119) to work on /opt/airflow/dags/dag_shipment_sim.py
[2026-07-01T14:23:21.557+0000] {processor.py:830} INFO - Processing file /opt/airflow/dags/dag_shipment_sim.py for tasks to queue
[2026-07-01T14:23:21.559+0000] {logging_mixin.py:188} INFO - [2026-07-01T14:23:21.558+0000] {dagbag.py:545} INFO - Filling up the DagBag from /opt/airflow/dags/dag_shipment_sim.py
[2026-07-01T14:23:21.572+0000] {processor.py:840} INFO - DAG(s) 'dag_shipment_sim' retrieved from /opt/airflow/dags/dag_shipment_sim.py
[2026-07-01T14:23:21.585+0000] {logging_mixin.py:188} INFO - [2026-07-01T14:23:21.585+0000] {dag.py:3096} INFO - Sync 1 DAGs
[2026-07-01T14:23:21.593+0000] {logging_mixin.py:188} INFO - [2026-07-01T14:23:21.593+0000] {dag.py:3954} INFO - Setting next_dagrun for dag_shipment_sim to 2026-07-01 14:00:00+00:00, run_after=2026-07-01 15:00:00+00:00
[2026-07-01T14:23:21.601+0000] {processor.py:183} INFO - Processing /opt/airflow/dags/dag_shipment_sim.py took 0.048 seconds
[2026-07-01T14:23:52.303+0000] {processor.py:161} INFO - Started process (PID=19145) to work on /opt/airflow/dags/dag_shipment_sim.py
[2026-07-01T14:23:52.306+0000] {processor.py:830} INFO - Processing file /opt/airflow/dags/dag_shipment_sim.py for tasks to queue
[2026-07-01T14:23:52.307+0000] {logging_mixin.py:188} INFO - [2026-07-01T14:23:52.307+0000] {dagbag.py:545} INFO - Filling up the DagBag from /opt/airflow/dags/dag_shipment_sim.py
[2026-07-01T14:23:52.315+0000] {processor.py:840} INFO - DAG(s) 'dag_shipment_sim' retrieved from /opt/airflow/dags/dag_shipment_sim.py
[2026-07-01T14:23:52.330+0000] {logging_mixin.py:188} INFO - [2026-07-01T14:23:52.330+0000] {dag.py:3096} INFO - Sync 1 DAGs
[2026-07-01T14:23:52.344+0000] {logging_mixin.py:188} INFO - [2026-07-01T14:23:52.343+0000] {dag.py:3954} INFO - Setting next_dagrun for dag_shipment_sim to 2026-07-01 14:00:00+00:00, run_after=2026-07-01 15:00:00+00:00
[2026-07-01T14:23:52.354+0000] {processor.py:183} INFO - Processing /opt/airflow/dags/dag_shipment_sim.py took 0.060 seconds
[2026-07-01T14:24:22.903+0000] {processor.py:161} INFO - Started process (PID=19181) to work on /opt/airflow/dags/dag_shipment_sim.py
[2026-07-01T14:24:22.904+0000] {processor.py:830} INFO - Processing file /opt/airflow/dags/dag_shipment_sim.py for tasks to queue
[2026-07-01T14:24:22.906+0000] {logging_mixin.py:188} INFO - [2026-07-01T14:24:22.906+0000] {dagbag.py:545} INFO - Filling up the DagBag from /opt/airflow/dags/dag_shipment_sim.py
[2026-07-01T14:24:22.920+0000] {processor.py:840} INFO - DAG(s) 'dag_shipment_sim' retrieved from /opt/airflow/dags/dag_shipment_sim.py
[2026-07-01T14:24:22.935+0000] {logging_mixin.py:188} INFO - [2026-07-01T14:24:22.935+0000] {dag.py:3096} INFO - Sync 1 DAGs
[2026-07-01T14:24:22.954+0000] {logging_mixin.py:188} INFO - [2026-07-01T14:24:22.954+0000] {dag.py:3954} INFO - Setting next_dagrun for dag_shipment_sim to 2026-07-01 14:00:00+00:00, run_after=2026-07-01 15:00:00+00:00
[2026-07-01T14:24:22.973+0000] {processor.py:183} INFO - Processing /opt/airflow/dags/dag_shipment_sim.py took 0.075 seconds
[2026-07-01T14:24:54.191+0000] {processor.py:161} INFO - Started process (PID=19219) to work on /opt/airflow/dags/dag_shipment_sim.py
[2026-07-01T14:24:54.191+0000] {processor.py:830} INFO - Processing file /opt/airflow/dags/dag_shipment_sim.py for tasks to queue
[2026-07-01T14:24:54.192+0000] {logging_mixin.py:188} INFO - [2026-07-01T14:24:54.192+0000] {dagbag.py:545} INFO - Filling up the DagBag from /opt/airflow/dags/dag_shipment_sim.py
[2026-07-01T14:24:54.207+0000] {processor.py:840} INFO - DAG(s) 'dag_shipment_sim' retrieved from /opt/airflow/dags/dag_shipment_sim.py
[2026-07-01T14:24:54.226+0000] {logging_mixin.py:188} INFO - [2026-07-01T14:24:54.226+0000] {dag.py:3096} INFO - Sync 1 DAGs
[2026-07-01T14:24:54.242+0000] {logging_mixin.py:188} INFO - [2026-07-01T14:24:54.241+0000] {dag.py:3954} INFO - Setting next_dagrun for dag_shipment_sim to 2026-07-01 14:00:00+00:00, run_after=2026-07-01 15:00:00+00:00
[2026-07-01T14:24:54.252+0000] {processor.py:183} INFO - Processing /opt/airflow/dags/dag_shipment_sim.py took 0.069 seconds
[2026-07-01T14:25:25.387+0000] {processor.py:161} INFO - Started process (PID=19256) to work on /opt/airflow/dags/dag_shipment_sim.py
[2026-07-01T14:25:25.393+0000] {processor.py:830} INFO - Processing file /opt/airflow/dags/dag_shipment_sim.py for tasks to queue
[2026-07-01T14:25:25.394+0000] {logging_mixin.py:188} INFO - [2026-07-01T14:25:25.394+0000] {dagbag.py:545} INFO - Filling up the DagBag from /opt/airflow/dags/dag_shipment_sim.py
[2026-07-01T14:25:25.410+0000] {processor.py:840} INFO - DAG(s) 'dag_shipment_sim' retrieved from /opt/airflow/dags/dag_shipment_sim.py
[2026-07-01T14:25:25.429+0000] {logging_mixin.py:188} INFO - [2026-07-01T14:25:25.428+0000] {dag.py:3096} INFO - Sync 1 DAGs
[2026-07-01T14:25:25.444+0000] {logging_mixin.py:188} INFO - [2026-07-01T14:25:25.444+0000] {dag.py:3954} INFO - Setting next_dagrun for dag_shipment_sim to 2026-07-01 14:00:00+00:00, run_after=2026-07-01 15:00:00+00:00
[2026-07-01T14:25:25.458+0000] {processor.py:183} INFO - Processing /opt/airflow/dags/dag_shipment_sim.py took 0.085 seconds
[2026-07-01T14:25:56.469+0000] {processor.py:161} INFO - Started process (PID=19293) to work on /opt/airflow/dags/dag_shipment_sim.py
[2026-07-01T14:25:56.470+0000] {processor.py:830} INFO - Processing file /opt/airflow/dags/dag_shipment_sim.py for tasks to queue
[2026-07-01T14:25:56.471+0000] {logging_mixin.py:188} INFO - [2026-07-01T14:25:56.470+0000] {dagbag.py:545} INFO - Filling up the DagBag from /opt/airflow/dags/dag_shipment_sim.py
[2026-07-01T14:25:56.482+0000] {processor.py:840} INFO - DAG(s) 'dag_shipment_sim' retrieved from /opt/airflow/dags/dag_shipment_sim.py
[2026-07-01T14:25:56.500+0000] {logging_mixin.py:188} INFO - [2026-07-01T14:25:56.500+0000] {dag.py:3096} INFO - Sync 1 DAGs
[2026-07-01T14:25:56.520+0000] {logging_mixin.py:188} INFO - [2026-07-01T14:25:56.520+0000] {dag.py:3954} INFO - Setting next_dagrun for dag_shipment_sim to 2026-07-01 14:00:00+00:00, run_after=2026-07-01 15:00:00+00:00
[2026-07-01T14:25:56.533+0000] {processor.py:183} INFO - Processing /opt/airflow/dags/dag_shipment_sim.py took 0.070 seconds
[2026-07-01T14:26:27.386+0000] {processor.py:161} INFO - Started process (PID=19326) to work on /opt/airflow/dags/dag_shipment_sim.py
[2026-07-01T14:26:27.388+0000] {processor.py:830} INFO - Processing file /opt/airflow/dags/dag_shipment_sim.py for tasks to queue
[2026-07-01T14:26:27.391+0000] {logging_mixin.py:188} INFO - [2026-07-01T14:26:27.390+0000] {dagbag.py:545} INFO - Filling up the DagBag from /opt/airflow/dags/dag_shipment_sim.py
[2026-07-01T14:26:27.427+0000] {processor.py:840} INFO - DAG(s) 'dag_shipment_sim' retrieved from /opt/airflow/dags/dag_shipment_sim.py
[2026-07-01T14:26:27.483+0000] {logging_mixin.py:188} INFO - [2026-07-01T14:26:27.483+0000] {dag.py:3096} INFO - Sync 1 DAGs
[2026-07-01T14:26:27.534+0000] {logging_mixin.py:188} INFO - [2026-07-01T14:26:27.533+0000] {dag.py:3954} INFO - Setting next_dagrun for dag_shipment_sim to 2026-07-01 14:00:00+00:00, run_after=2026-07-01 15:00:00+00:00
[2026-07-01T14:26:27.575+0000] {processor.py:183} INFO - Processing /opt/airflow/dags/dag_shipment_sim.py took 0.200 seconds
[2026-07-01T14:26:57.919+0000] {processor.py:161} INFO - Started process (PID=19363) to work on /opt/airflow/dags/dag_shipment_sim.py
[2026-07-01T14:26:57.920+0000] {processor.py:830} INFO - Processing file /opt/airflow/dags/dag_shipment_sim.py for tasks to queue
[2026-07-01T14:26:57.920+0000] {logging_mixin.py:188} INFO - [2026-07-01T14:26:57.920+0000] {dagbag.py:545} INFO - Filling up the DagBag from /opt/airflow/dags/dag_shipment_sim.py
[2026-07-01T14:26:57.929+0000] {processor.py:840} INFO - DAG(s) 'dag_shipment_sim' retrieved from /opt/airflow/dags/dag_shipment_sim.py
[2026-07-01T14:26:57.938+0000] {logging_mixin.py:188} INFO - [2026-07-01T14:26:57.938+0000] {dag.py:3096} INFO - Sync 1 DAGs
[2026-07-01T14:26:57.946+0000] {logging_mixin.py:188} INFO - [2026-07-01T14:26:57.946+0000] {dag.py:3954} INFO - Setting next_dagrun for dag_shipment_sim to 2026-07-01 14:00:00+00:00, run_after=2026-07-01 15:00:00+00:00
[2026-07-01T14:26:57.953+0000] {processor.py:183} INFO - Processing /opt/airflow/dags/dag_shipment_sim.py took 0.036 seconds
[2026-07-01T14:27:28.612+0000] {processor.py:161} INFO - Started process (PID=19400) to work on /opt/airflow/dags/dag_shipment_sim.py
[2026-07-01T14:27:28.613+0000] {processor.py:830} INFO - Processing file /opt/airflow/dags/dag_shipment_sim.py for tasks to queue
[2026-07-01T14:27:28.613+0000] {logging_mixin.py:188} INFO - [2026-07-01T14:27:28.613+0000] {dagbag.py:545} INFO - Filling up the DagBag from /opt/airflow/dags/dag_shipment_sim.py
[2026-07-01T14:27:28.622+0000] {processor.py:840} INFO - DAG(s) 'dag_shipment_sim' retrieved from /opt/airflow/dags/dag_shipment_sim.py
[2026-07-01T14:27:28.634+0000] {logging_mixin.py:188} INFO - [2026-07-01T14:27:28.634+0000] {dag.py:3096} INFO - Sync 1 DAGs
[2026-07-01T14:27:28.643+0000] {logging_mixin.py:188} INFO - [2026-07-01T14:27:28.643+0000] {dag.py:3954} INFO - Setting next_dagrun for dag_shipment_sim to 2026-07-01 14:00:00+00:00, run_after=2026-07-01 15:00:00+00:00
[2026-07-01T14:27:28.651+0000] {processor.py:183} INFO - Processing /opt/airflow/dags/dag_shipment_sim.py took 0.045 seconds
[2026-07-01T14:27:59.944+0000] {processor.py:161} INFO - Started process (PID=19435) to work on /opt/airflow/dags/dag_shipment_sim.py
[2026-07-01T14:27:59.947+0000] {processor.py:830} INFO - Processing file /opt/airflow/dags/dag_shipment_sim.py for tasks to queue
[2026-07-01T14:27:59.953+0000] {logging_mixin.py:188} INFO - [2026-07-01T14:27:59.951+0000] {dagbag.py:545} INFO - Filling up the DagBag from /opt/airflow/dags/dag_shipment_sim.py
[2026-07-01T14:28:00.007+0000] {processor.py:840} INFO - DAG(s) 'dag_shipment_sim' retrieved from /opt/airflow/dags/dag_shipment_sim.py
[2026-07-01T14:28:00.089+0000] {logging_mixin.py:188} INFO - [2026-07-01T14:28:00.087+0000] {dag.py:3096} INFO - Sync 1 DAGs
[2026-07-01T14:28:00.148+0000] {logging_mixin.py:188} INFO - [2026-07-01T14:28:00.148+0000] {dag.py:3954} INFO - Setting next_dagrun for dag_shipment_sim to 2026-07-01 14:00:00+00:00, run_after=2026-07-01 15:00:00+00:00
[2026-07-01T14:28:00.179+0000] {processor.py:183} INFO - Processing /opt/airflow/dags/dag_shipment_sim.py took 0.249 seconds
[2026-07-01T14:28:30.587+0000] {processor.py:161} INFO - Started process (PID=19474) to work on /opt/airflow/dags/dag_shipment_sim.py
[2026-07-01T14:28:30.587+0000] {processor.py:830} INFO - Processing file /opt/airflow/dags/dag_shipment_sim.py for tasks to queue
[2026-07-01T14:28:30.588+0000] {logging_mixin.py:188} INFO - [2026-07-01T14:28:30.588+0000] {dagbag.py:545} INFO - Filling up the DagBag from /opt/airflow/dags/dag_shipment_sim.py
[2026-07-01T14:28:30.597+0000] {processor.py:840} INFO - DAG(s) 'dag_shipment_sim' retrieved from /opt/airflow/dags/dag_shipment_sim.py
[2026-07-01T14:28:30.608+0000] {logging_mixin.py:188} INFO - [2026-07-01T14:28:30.608+0000] {dag.py:3096} INFO - Sync 1 DAGs
[2026-07-01T14:28:30.616+0000] {logging_mixin.py:188} INFO - [2026-07-01T14:28:30.616+0000] {dag.py:3954} INFO - Setting next_dagrun for dag_shipment_sim to 2026-07-01 14:00:00+00:00, run_after=2026-07-01 15:00:00+00:00
[2026-07-01T14:28:30.623+0000] {processor.py:183} INFO - Processing /opt/airflow/dags/dag_shipment_sim.py took 0.041 seconds
[2026-07-01T14:29:00.980+0000] {processor.py:161} INFO - Started process (PID=19511) to work on /opt/airflow/dags/dag_shipment_sim.py
[2026-07-01T14:29:00.981+0000] {processor.py:830} INFO - Processing file /opt/airflow/dags/dag_shipment_sim.py for tasks to queue
[2026-07-01T14:29:00.982+0000] {logging_mixin.py:188} INFO - [2026-07-01T14:29:00.982+0000] {dagbag.py:545} INFO - Filling up the DagBag from /opt/airflow/dags/dag_shipment_sim.py
[2026-07-01T14:29:00.991+0000] {processor.py:840} INFO - DAG(s) 'dag_shipment_sim' retrieved from /opt/airflow/dags/dag_shipment_sim.py
[2026-07-01T14:29:01.003+0000] {logging_mixin.py:188} INFO - [2026-07-01T14:29:01.003+0000] {dag.py:3096} INFO - Sync 1 DAGs
[2026-07-01T14:29:01.013+0000] {logging_mixin.py:188} INFO - [2026-07-01T14:29:01.013+0000] {dag.py:3954} INFO - Setting next_dagrun for dag_shipment_sim to 2026-07-01 14:00:00+00:00, run_after=2026-07-01 15:00:00+00:00
[2026-07-01T14:29:01.022+0000] {processor.py:183} INFO - Processing /opt/airflow/dags/dag_shipment_sim.py took 0.049 seconds
[2026-07-01T14:29:31.175+0000] {processor.py:161} INFO - Started process (PID=19548) to work on /opt/airflow/dags/dag_shipment_sim.py
[2026-07-01T14:29:31.176+0000] {processor.py:830} INFO - Processing file /opt/airflow/dags/dag_shipment_sim.py for tasks to queue
[2026-07-01T14:29:31.177+0000] {logging_mixin.py:188} INFO - [2026-07-01T14:29:31.177+0000] {dagbag.py:545} INFO - Filling up the DagBag from /opt/airflow/dags/dag_shipment_sim.py
[2026-07-01T14:29:31.185+0000] {processor.py:840} INFO - DAG(s) 'dag_shipment_sim' retrieved from /opt/airflow/dags/dag_shipment_sim.py
[2026-07-01T14:29:31.195+0000] {logging_mixin.py:188} INFO - [2026-07-01T14:29:31.195+0000] {dag.py:3096} INFO - Sync 1 DAGs
[2026-07-01T14:29:31.204+0000] {logging_mixin.py:188} INFO - [2026-07-01T14:29:31.204+0000] {dag.py:3954} INFO - Setting next_dagrun for dag_shipment_sim to 2026-07-01 14:00:00+00:00, run_after=2026-07-01 15:00:00+00:00
[2026-07-01T14:29:31.212+0000] {processor.py:183} INFO - Processing /opt/airflow/dags/dag_shipment_sim.py took 0.040 seconds
[2026-07-01T14:30:01.418+0000] {processor.py:161} INFO - Started process (PID=19585) to work on /opt/airflow/dags/dag_shipment_sim.py
[2026-07-01T14:30:01.419+0000] {processor.py:830} INFO - Processing file /opt/airflow/dags/dag_shipment_sim.py for tasks to queue
[2026-07-01T14:30:01.420+0000] {logging_mixin.py:188} INFO - [2026-07-01T14:30:01.420+0000] {dagbag.py:545} INFO - Filling up the DagBag from /opt/airflow/dags/dag_shipment_sim.py
[2026-07-01T14:30:01.429+0000] {processor.py:840} INFO - DAG(s) 'dag_shipment_sim' retrieved from /opt/airflow/dags/dag_shipment_sim.py
[2026-07-01T14:30:01.445+0000] {logging_mixin.py:188} INFO - [2026-07-01T14:30:01.445+0000] {dag.py:3096} INFO - Sync 1 DAGs
[2026-07-01T14:30:01.456+0000] {logging_mixin.py:188} INFO - [2026-07-01T14:30:01.456+0000] {dag.py:3954} INFO - Setting next_dagrun for dag_shipment_sim to 2026-07-01 14:00:00+00:00, run_after=2026-07-01 15:00:00+00:00
[2026-07-01T14:30:01.463+0000] {processor.py:183} INFO - Processing /opt/airflow/dags/dag_shipment_sim.py took 0.048 seconds
[2026-07-01T14:30:31.746+0000] {processor.py:161} INFO - Started process (PID=19622) to work on /opt/airflow/dags/dag_shipment_sim.py
[2026-07-01T14:30:31.747+0000] {processor.py:830} INFO - Processing file /opt/airflow/dags/dag_shipment_sim.py for tasks to queue
[2026-07-01T14:30:31.748+0000] {logging_mixin.py:188} INFO - [2026-07-01T14:30:31.748+0000] {dagbag.py:545} INFO - Filling up the DagBag from /opt/airflow/dags/dag_shipment_sim.py
[2026-07-01T14:30:31.756+0000] {processor.py:840} INFO - DAG(s) 'dag_shipment_sim' retrieved from /opt/airflow/dags/dag_shipment_sim.py
[2026-07-01T14:30:31.766+0000] {logging_mixin.py:188} INFO - [2026-07-01T14:30:31.766+0000] {dag.py:3096} INFO - Sync 1 DAGs
[2026-07-01T14:30:31.775+0000] {logging_mixin.py:188} INFO - [2026-07-01T14:30:31.775+0000] {dag.py:3954} INFO - Setting next_dagrun for dag_shipment_sim to 2026-07-01 14:00:00+00:00, run_after=2026-07-01 15:00:00+00:00
[2026-07-01T14:30:31.782+0000] {processor.py:183} INFO - Processing /opt/airflow/dags/dag_shipment_sim.py took 0.039 seconds
[2026-07-01T14:31:01.958+0000] {processor.py:161} INFO - Started process (PID=19659) to work on /opt/airflow/dags/dag_shipment_sim.py
[2026-07-01T14:31:01.959+0000] {processor.py:830} INFO - Processing file /opt/airflow/dags/dag_shipment_sim.py for tasks to queue
[2026-07-01T14:31:01.959+0000] {logging_mixin.py:188} INFO - [2026-07-01T14:31:01.959+0000] {dagbag.py:545} INFO - Filling up the DagBag from /opt/airflow/dags/dag_shipment_sim.py
[2026-07-01T14:31:01.967+0000] {processor.py:840} INFO - DAG(s) 'dag_shipment_sim' retrieved from /opt/airflow/dags/dag_shipment_sim.py
[2026-07-01T14:31:01.978+0000] {logging_mixin.py:188} INFO - [2026-07-01T14:31:01.978+0000] {dag.py:3096} INFO - Sync 1 DAGs
[2026-07-01T14:31:01.989+0000] {logging_mixin.py:188} INFO - [2026-07-01T14:31:01.989+0000] {dag.py:3954} INFO - Setting next_dagrun for dag_shipment_sim to 2026-07-01 14:00:00+00:00, run_after=2026-07-01 15:00:00+00:00
[2026-07-01T14:31:01.999+0000] {processor.py:183} INFO - Processing /opt/airflow/dags/dag_shipment_sim.py took 0.054 seconds
[2026-07-01T14:31:33.035+0000] {processor.py:161} INFO - Started process (PID=19696) to work on /opt/airflow/dags/dag_shipment_sim.py
[2026-07-01T14:31:33.036+0000] {processor.py:830} INFO - Processing file /opt/airflow/dags/dag_shipment_sim.py for tasks to queue
[2026-07-01T14:31:33.037+0000] {logging_mixin.py:188} INFO - [2026-07-01T14:31:33.037+0000] {dagbag.py:545} INFO - Filling up the DagBag from /opt/airflow/dags/dag_shipment_sim.py
[2026-07-01T14:31:33.044+0000] {processor.py:840} INFO - DAG(s) 'dag_shipment_sim' retrieved from /opt/airflow/dags/dag_shipment_sim.py
[2026-07-01T14:31:33.054+0000] {logging_mixin.py:188} INFO - [2026-07-01T14:31:33.054+0000] {dag.py:3096} INFO - Sync 1 DAGs
[2026-07-01T14:31:33.061+0000] {logging_mixin.py:188} INFO - [2026-07-01T14:31:33.061+0000] {dag.py:3954} INFO - Setting next_dagrun for dag_shipment_sim to 2026-07-01 14:00:00+00:00, run_after=2026-07-01 15:00:00+00:00
[2026-07-01T14:31:33.069+0000] {processor.py:183} INFO - Processing /opt/airflow/dags/dag_shipment_sim.py took 0.036 seconds
[2026-07-01T14:32:04.198+0000] {processor.py:161} INFO - Started process (PID=19733) to work on /opt/airflow/dags/dag_shipment_sim.py
[2026-07-01T14:32:04.199+0000] {processor.py:830} INFO - Processing file /opt/airflow/dags/dag_shipment_sim.py for tasks to queue
[2026-07-01T14:32:04.200+0000] {logging_mixin.py:188} INFO - [2026-07-01T14:32:04.200+0000] {dagbag.py:545} INFO - Filling up the DagBag from /opt/airflow/dags/dag_shipment_sim.py
[2026-07-01T14:32:04.207+0000] {processor.py:840} INFO - DAG(s) 'dag_shipment_sim' retrieved from /opt/airflow/dags/dag_shipment_sim.py
[2026-07-01T14:32:04.216+0000] {logging_mixin.py:188} INFO - [2026-07-01T14:32:04.216+0000] {dag.py:3096} INFO - Sync 1 DAGs
[2026-07-01T14:32:04.224+0000] {logging_mixin.py:188} INFO - [2026-07-01T14:32:04.224+0000] {dag.py:3954} INFO - Setting next_dagrun for dag_shipment_sim to 2026-07-01 14:00:00+00:00, run_after=2026-07-01 15:00:00+00:00
[2026-07-01T14:32:04.232+0000] {processor.py:183} INFO - Processing /opt/airflow/dags/dag_shipment_sim.py took 0.036 seconds
[2026-07-01T14:32:35.291+0000] {processor.py:161} INFO - Started process (PID=19770) to work on /opt/airflow/dags/dag_shipment_sim.py
[2026-07-01T14:32:35.292+0000] {processor.py:830} INFO - Processing file /opt/airflow/dags/dag_shipment_sim.py for tasks to queue
[2026-07-01T14:32:35.293+0000] {logging_mixin.py:188} INFO - [2026-07-01T14:32:35.293+0000] {dagbag.py:545} INFO - Filling up the DagBag from /opt/airflow/dags/dag_shipment_sim.py
[2026-07-01T14:32:35.300+0000] {processor.py:840} INFO - DAG(s) 'dag_shipment_sim' retrieved from /opt/airflow/dags/dag_shipment_sim.py
[2026-07-01T14:32:35.309+0000] {logging_mixin.py:188} INFO - [2026-07-01T14:32:35.309+0000] {dag.py:3096} INFO - Sync 1 DAGs
[2026-07-01T14:32:35.317+0000] {logging_mixin.py:188} INFO - [2026-07-01T14:32:35.317+0000] {dag.py:3954} INFO - Setting next_dagrun for dag_shipment_sim to 2026-07-01 14:00:00+00:00, run_after=2026-07-01 15:00:00+00:00
[2026-07-01T14:32:35.324+0000] {processor.py:183} INFO - Processing /opt/airflow/dags/dag_shipment_sim.py took 0.037 seconds
[2026-07-01T14:33:05.491+0000] {processor.py:161} INFO - Started process (PID=19807) to work on /opt/airflow/dags/dag_shipment_sim.py
[2026-07-01T14:33:05.491+0000] {processor.py:830} INFO - Processing file /opt/airflow/dags/dag_shipment_sim.py for tasks to queue
[2026-07-01T14:33:05.492+0000] {logging_mixin.py:188} INFO - [2026-07-01T14:33:05.492+0000] {dagbag.py:545} INFO - Filling up the DagBag from /opt/airflow/dags/dag_shipment_sim.py
[2026-07-01T14:33:05.500+0000] {processor.py:840} INFO - DAG(s) 'dag_shipment_sim' retrieved from /opt/airflow/dags/dag_shipment_sim.py
[2026-07-01T14:33:05.510+0000] {logging_mixin.py:188} INFO - [2026-07-01T14:33:05.510+0000] {dag.py:3096} INFO - Sync 1 DAGs
[2026-07-01T14:33:05.518+0000] {logging_mixin.py:188} INFO - [2026-07-01T14:33:05.518+0000] {dag.py:3954} INFO - Setting next_dagrun for dag_shipment_sim to 2026-07-01 14:00:00+00:00, run_after=2026-07-01 15:00:00+00:00
[2026-07-01T14:33:05.525+0000] {processor.py:183} INFO - Processing /opt/airflow/dags/dag_shipment_sim.py took 0.036 seconds
[2026-07-01T14:33:35.659+0000] {processor.py:161} INFO - Started process (PID=19844) to work on /opt/airflow/dags/dag_shipment_sim.py
[2026-07-01T14:33:35.660+0000] {processor.py:830} INFO - Processing file /opt/airflow/dags/dag_shipment_sim.py for tasks to queue
[2026-07-01T14:33:35.661+0000] {logging_mixin.py:188} INFO - [2026-07-01T14:33:35.661+0000] {dagbag.py:545} INFO - Filling up the DagBag from /opt/airflow/dags/dag_shipment_sim.py
[2026-07-01T14:33:35.675+0000] {processor.py:840} INFO - DAG(s) 'dag_shipment_sim' retrieved from /opt/airflow/dags/dag_shipment_sim.py
[2026-07-01T14:33:35.684+0000] {logging_mixin.py:188} INFO - [2026-07-01T14:33:35.684+0000] {dag.py:3096} INFO - Sync 1 DAGs
[2026-07-01T14:33:35.692+0000] {logging_mixin.py:188} INFO - [2026-07-01T14:33:35.692+0000] {dag.py:3954} INFO - Setting next_dagrun for dag_shipment_sim to 2026-07-01 14:00:00+00:00, run_after=2026-07-01 15:00:00+00:00
[2026-07-01T14:33:35.699+0000] {processor.py:183} INFO - Processing /opt/airflow/dags/dag_shipment_sim.py took 0.043 seconds
[2026-07-01T14:34:05.896+0000] {processor.py:161} INFO - Started process (PID=19879) to work on /opt/airflow/dags/dag_shipment_sim.py
[2026-07-01T14:34:05.899+0000] {processor.py:830} INFO - Processing file /opt/airflow/dags/dag_shipment_sim.py for tasks to queue
[2026-07-01T14:34:05.901+0000] {logging_mixin.py:188} INFO - [2026-07-01T14:34:05.901+0000] {dagbag.py:545} INFO - Filling up the DagBag from /opt/airflow/dags/dag_shipment_sim.py
[2026-07-01T14:34:05.914+0000] {processor.py:840} INFO - DAG(s) 'dag_shipment_sim' retrieved from /opt/airflow/dags/dag_shipment_sim.py
[2026-07-01T14:34:05.927+0000] {logging_mixin.py:188} INFO - [2026-07-01T14:34:05.927+0000] {dag.py:3096} INFO - Sync 1 DAGs
[2026-07-01T14:34:05.941+0000] {logging_mixin.py:188} INFO - [2026-07-01T14:34:05.941+0000] {dag.py:3954} INFO - Setting next_dagrun for dag_shipment_sim to 2026-07-01 14:00:00+00:00, run_after=2026-07-01 15:00:00+00:00
[2026-07-01T14:34:05.951+0000] {processor.py:183} INFO - Processing /opt/airflow/dags/dag_shipment_sim.py took 0.064 seconds
[2026-07-01T14:34:36.060+0000] {processor.py:161} INFO - Started process (PID=19918) to work on /opt/airflow/dags/dag_shipment_sim.py
[2026-07-01T14:34:36.060+0000] {processor.py:830} INFO - Processing file /opt/airflow/dags/dag_shipment_sim.py for tasks to queue
[2026-07-01T14:34:36.061+0000] {logging_mixin.py:188} INFO - [2026-07-01T14:34:36.061+0000] {dagbag.py:545} INFO - Filling up the DagBag from /opt/airflow/dags/dag_shipment_sim.py
[2026-07-01T14:34:36.068+0000] {processor.py:840} INFO - DAG(s) 'dag_shipment_sim' retrieved from /opt/airflow/dags/dag_shipment_sim.py
[2026-07-01T14:34:36.078+0000] {logging_mixin.py:188} INFO - [2026-07-01T14:34:36.078+0000] {dag.py:3096} INFO - Sync 1 DAGs
[2026-07-01T14:34:36.086+0000] {logging_mixin.py:188} INFO - [2026-07-01T14:34:36.086+0000] {dag.py:3954} INFO - Setting next_dagrun for dag_shipment_sim to 2026-07-01 14:00:00+00:00, run_after=2026-07-01 15:00:00+00:00
[2026-07-01T14:34:36.093+0000] {processor.py:183} INFO - Processing /opt/airflow/dags/dag_shipment_sim.py took 0.036 seconds
[2026-07-01T14:35:06.357+0000] {processor.py:161} INFO - Started process (PID=19955) to work on /opt/airflow/dags/dag_shipment_sim.py
[2026-07-01T14:35:06.359+0000] {processor.py:830} INFO - Processing file /opt/airflow/dags/dag_shipment_sim.py for tasks to queue
[2026-07-01T14:35:06.360+0000] {logging_mixin.py:188} INFO - [2026-07-01T14:35:06.359+0000] {dagbag.py:545} INFO - Filling up the DagBag from /opt/airflow/dags/dag_shipment_sim.py
[2026-07-01T14:35:06.374+0000] {processor.py:840} INFO - DAG(s) 'dag_shipment_sim' retrieved from /opt/airflow/dags/dag_shipment_sim.py
[2026-07-01T14:35:06.390+0000] {logging_mixin.py:188} INFO - [2026-07-01T14:35:06.390+0000] {dag.py:3096} INFO - Sync 1 DAGs
[2026-07-01T14:35:06.401+0000] {logging_mixin.py:188} INFO - [2026-07-01T14:35:06.401+0000] {dag.py:3954} INFO - Setting next_dagrun for dag_shipment_sim to 2026-07-01 14:00:00+00:00, run_after=2026-07-01 15:00:00+00:00
[2026-07-01T14:35:06.411+0000] {processor.py:183} INFO - Processing /opt/airflow/dags/dag_shipment_sim.py took 0.065 seconds
[2026-07-01T14:35:36.999+0000] {processor.py:161} INFO - Started process (PID=19992) to work on /opt/airflow/dags/dag_shipment_sim.py
[2026-07-01T14:35:37.000+0000] {processor.py:830} INFO - Processing file /opt/airflow/dags/dag_shipment_sim.py for tasks to queue
[2026-07-01T14:35:37.001+0000] {logging_mixin.py:188} INFO - [2026-07-01T14:35:37.001+0000] {dagbag.py:545} INFO - Filling up the DagBag from /opt/airflow/dags/dag_shipment_sim.py
[2026-07-01T14:35:37.016+0000] {processor.py:840} INFO - DAG(s) 'dag_shipment_sim' retrieved from /opt/airflow/dags/dag_shipment_sim.py
[2026-07-01T14:35:37.030+0000] {logging_mixin.py:188} INFO - [2026-07-01T14:35:37.029+0000] {dag.py:3096} INFO - Sync 1 DAGs
[2026-07-01T14:35:37.041+0000] {logging_mixin.py:188} INFO - [2026-07-01T14:35:37.041+0000] {dag.py:3954} INFO - Setting next_dagrun for dag_shipment_sim to 2026-07-01 14:00:00+00:00, run_after=2026-07-01 15:00:00+00:00
[2026-07-01T14:35:37.050+0000] {processor.py:183} INFO - Processing /opt/airflow/dags/dag_shipment_sim.py took 0.057 seconds
[2026-07-01T14:36:07.549+0000] {processor.py:161} INFO - Started process (PID=20029) to work on /opt/airflow/dags/dag_shipment_sim.py
[2026-07-01T14:36:07.551+0000] {processor.py:830} INFO - Processing file /opt/airflow/dags/dag_shipment_sim.py for tasks to queue
[2026-07-01T14:36:07.551+0000] {logging_mixin.py:188} INFO - [2026-07-01T14:36:07.551+0000] {dagbag.py:545} INFO - Filling up the DagBag from /opt/airflow/dags/dag_shipment_sim.py
[2026-07-01T14:36:07.564+0000] {processor.py:840} INFO - DAG(s) 'dag_shipment_sim' retrieved from /opt/airflow/dags/dag_shipment_sim.py
[2026-07-01T14:36:07.579+0000] {logging_mixin.py:188} INFO - [2026-07-01T14:36:07.579+0000] {dag.py:3096} INFO - Sync 1 DAGs
[2026-07-01T14:36:07.595+0000] {logging_mixin.py:188} INFO - [2026-07-01T14:36:07.595+0000] {dag.py:3954} INFO - Setting next_dagrun for dag_shipment_sim to 2026-07-01 14:00:00+00:00, run_after=2026-07-01 15:00:00+00:00
[2026-07-01T14:36:07.607+0000] {processor.py:183} INFO - Processing /opt/airflow/dags/dag_shipment_sim.py took 0.067 seconds
[2026-07-01T14:36:37.995+0000] {processor.py:161} INFO - Started process (PID=20066) to work on /opt/airflow/dags/dag_shipment_sim.py
[2026-07-01T14:36:37.996+0000] {processor.py:830} INFO - Processing file /opt/airflow/dags/dag_shipment_sim.py for tasks to queue
[2026-07-01T14:36:37.997+0000] {logging_mixin.py:188} INFO - [2026-07-01T14:36:37.997+0000] {dagbag.py:545} INFO - Filling up the DagBag from /opt/airflow/dags/dag_shipment_sim.py
[2026-07-01T14:36:38.008+0000] {processor.py:840} INFO - DAG(s) 'dag_shipment_sim' retrieved from /opt/airflow/dags/dag_shipment_sim.py
[2026-07-01T14:36:38.020+0000] {logging_mixin.py:188} INFO - [2026-07-01T14:36:38.020+0000] {dag.py:3096} INFO - Sync 1 DAGs
[2026-07-01T14:36:38.034+0000] {logging_mixin.py:188} INFO - [2026-07-01T14:36:38.034+0000] {dag.py:3954} INFO - Setting next_dagrun for dag_shipment_sim to 2026-07-01 14:00:00+00:00, run_after=2026-07-01 15:00:00+00:00
[2026-07-01T14:36:38.046+0000] {processor.py:183} INFO - Processing /opt/airflow/dags/dag_shipment_sim.py took 0.054 seconds
[2026-07-01T14:37:08.411+0000] {processor.py:161} INFO - Started process (PID=20101) to work on /opt/airflow/dags/dag_shipment_sim.py
[2026-07-01T14:37:08.413+0000] {processor.py:830} INFO - Processing file /opt/airflow/dags/dag_shipment_sim.py for tasks to queue
[2026-07-01T14:37:08.415+0000] {logging_mixin.py:188} INFO - [2026-07-01T14:37:08.414+0000] {dagbag.py:545} INFO - Filling up the DagBag from /opt/airflow/dags/dag_shipment_sim.py
[2026-07-01T14:37:08.431+0000] {processor.py:840} INFO - DAG(s) 'dag_shipment_sim' retrieved from /opt/airflow/dags/dag_shipment_sim.py
[2026-07-01T14:37:08.449+0000] {logging_mixin.py:188} INFO - [2026-07-01T14:37:08.449+0000] {dag.py:3096} INFO - Sync 1 DAGs
[2026-07-01T14:37:08.466+0000] {logging_mixin.py:188} INFO - [2026-07-01T14:37:08.466+0000] {dag.py:3954} INFO - Setting next_dagrun for dag_shipment_sim to 2026-07-01 14:00:00+00:00, run_after=2026-07-01 15:00:00+00:00
[2026-07-01T14:37:08.481+0000] {processor.py:183} INFO - Processing /opt/airflow/dags/dag_shipment_sim.py took 0.076 seconds
[2026-07-01T14:37:38.972+0000] {processor.py:161} INFO - Started process (PID=20140) to work on /opt/airflow/dags/dag_shipment_sim.py
[2026-07-01T14:37:38.972+0000] {processor.py:830} INFO - Processing file /opt/airflow/dags/dag_shipment_sim.py for tasks to queue
[2026-07-01T14:37:38.973+0000] {logging_mixin.py:188} INFO - [2026-07-01T14:37:38.973+0000] {dagbag.py:545} INFO - Filling up the DagBag from /opt/airflow/dags/dag_shipment_sim.py
[2026-07-01T14:37:38.995+0000] {processor.py:840} INFO - DAG(s) 'dag_shipment_sim' retrieved from /opt/airflow/dags/dag_shipment_sim.py
[2026-07-01T14:37:39.010+0000] {logging_mixin.py:188} INFO - [2026-07-01T14:37:39.010+0000] {dag.py:3096} INFO - Sync 1 DAGs
[2026-07-01T14:37:39.023+0000] {logging_mixin.py:188} INFO - [2026-07-01T14:37:39.023+0000] {dag.py:3954} INFO - Setting next_dagrun for dag_shipment_sim to 2026-07-01 14:00:00+00:00, run_after=2026-07-01 15:00:00+00:00
[2026-07-01T14:37:39.041+0000] {processor.py:183} INFO - Processing /opt/airflow/dags/dag_shipment_sim.py took 0.073 seconds
[2026-07-01T14:38:09.143+0000] {processor.py:161} INFO - Started process (PID=20177) to work on /opt/airflow/dags/dag_shipment_sim.py
[2026-07-01T14:38:09.143+0000] {processor.py:830} INFO - Processing file /opt/airflow/dags/dag_shipment_sim.py for tasks to queue
[2026-07-01T14:38:09.144+0000] {logging_mixin.py:188} INFO - [2026-07-01T14:38:09.144+0000] {dagbag.py:545} INFO - Filling up the DagBag from /opt/airflow/dags/dag_shipment_sim.py
[2026-07-01T14:38:09.159+0000] {processor.py:840} INFO - DAG(s) 'dag_shipment_sim' retrieved from /opt/airflow/dags/dag_shipment_sim.py
[2026-07-01T14:38:09.173+0000] {logging_mixin.py:188} INFO - [2026-07-01T14:38:09.173+0000] {dag.py:3096} INFO - Sync 1 DAGs
[2026-07-01T14:38:09.186+0000] {logging_mixin.py:188} INFO - [2026-07-01T14:38:09.186+0000] {dag.py:3954} INFO - Setting next_dagrun for dag_shipment_sim to 2026-07-01 14:00:00+00:00, run_after=2026-07-01 15:00:00+00:00
[2026-07-01T14:38:09.197+0000] {processor.py:183} INFO - Processing /opt/airflow/dags/dag_shipment_sim.py took 0.057 seconds
[2026-07-01T14:38:39.303+0000] {processor.py:161} INFO - Started process (PID=20214) to work on /opt/airflow/dags/dag_shipment_sim.py
[2026-07-01T14:38:39.304+0000] {processor.py:830} INFO - Processing file /opt/airflow/dags/dag_shipment_sim.py for tasks to queue
[2026-07-01T14:38:39.305+0000] {logging_mixin.py:188} INFO - [2026-07-01T14:38:39.305+0000] {dagbag.py:545} INFO - Filling up the DagBag from /opt/airflow/dags/dag_shipment_sim.py
[2026-07-01T14:38:39.315+0000] {processor.py:840} INFO - DAG(s) 'dag_shipment_sim' retrieved from /opt/airflow/dags/dag_shipment_sim.py
[2026-07-01T14:38:39.329+0000] {logging_mixin.py:188} INFO - [2026-07-01T14:38:39.329+0000] {dag.py:3096} INFO - Sync 1 DAGs
[2026-07-01T14:38:39.340+0000] {logging_mixin.py:188} INFO - [2026-07-01T14:38:39.340+0000] {dag.py:3954} INFO - Setting next_dagrun for dag_shipment_sim to 2026-07-01 14:00:00+00:00, run_after=2026-07-01 15:00:00+00:00
[2026-07-01T14:38:39.351+0000] {processor.py:183} INFO - Processing /opt/airflow/dags/dag_shipment_sim.py took 0.051 seconds
[2026-07-01T14:39:10.031+0000] {processor.py:161} INFO - Started process (PID=20251) to work on /opt/airflow/dags/dag_shipment_sim.py
[2026-07-01T14:39:10.032+0000] {processor.py:830} INFO - Processing file /opt/airflow/dags/dag_shipment_sim.py for tasks to queue
[2026-07-01T14:39:10.033+0000] {logging_mixin.py:188} INFO - [2026-07-01T14:39:10.033+0000] {dagbag.py:545} INFO - Filling up the DagBag from /opt/airflow/dags/dag_shipment_sim.py
[2026-07-01T14:39:10.042+0000] {processor.py:840} INFO - DAG(s) 'dag_shipment_sim' retrieved from /opt/airflow/dags/dag_shipment_sim.py
[2026-07-01T14:39:10.054+0000] {logging_mixin.py:188} INFO - [2026-07-01T14:39:10.054+0000] {dag.py:3096} INFO - Sync 1 DAGs
[2026-07-01T14:39:10.064+0000] {logging_mixin.py:188} INFO - [2026-07-01T14:39:10.064+0000] {dag.py:3954} INFO - Setting next_dagrun for dag_shipment_sim to 2026-07-01 14:00:00+00:00, run_after=2026-07-01 15:00:00+00:00
[2026-07-01T14:39:10.071+0000] {processor.py:183} INFO - Processing /opt/airflow/dags/dag_shipment_sim.py took 0.055 seconds
[2026-07-01T14:39:40.289+0000] {processor.py:161} INFO - Started process (PID=20288) to work on /opt/airflow/dags/dag_shipment_sim.py
[2026-07-01T14:39:40.290+0000] {processor.py:830} INFO - Processing file /opt/airflow/dags/dag_shipment_sim.py for tasks to queue
[2026-07-01T14:39:40.291+0000] {logging_mixin.py:188} INFO - [2026-07-01T14:39:40.291+0000] {dagbag.py:545} INFO - Filling up the DagBag from /opt/airflow/dags/dag_shipment_sim.py
[2026-07-01T14:39:40.301+0000] {processor.py:840} INFO - DAG(s) 'dag_shipment_sim' retrieved from /opt/airflow/dags/dag_shipment_sim.py
[2026-07-01T14:39:40.313+0000] {logging_mixin.py:188} INFO - [2026-07-01T14:39:40.313+0000] {dag.py:3096} INFO - Sync 1 DAGs
[2026-07-01T14:39:40.325+0000] {logging_mixin.py:188} INFO - [2026-07-01T14:39:40.325+0000] {dag.py:3954} INFO - Setting next_dagrun for dag_shipment_sim to 2026-07-01 14:00:00+00:00, run_after=2026-07-01 15:00:00+00:00
[2026-07-01T14:39:40.337+0000] {processor.py:183} INFO - Processing /opt/airflow/dags/dag_shipment_sim.py took 0.052 seconds
[2026-07-01T14:40:10.834+0000] {processor.py:161} INFO - Started process (PID=20325) to work on /opt/airflow/dags/dag_shipment_sim.py
[2026-07-01T14:40:10.835+0000] {processor.py:830} INFO - Processing file /opt/airflow/dags/dag_shipment_sim.py for tasks to queue
[2026-07-01T14:40:10.836+0000] {logging_mixin.py:188} INFO - [2026-07-01T14:40:10.835+0000] {dagbag.py:545} INFO - Filling up the DagBag from /opt/airflow/dags/dag_shipment_sim.py
[2026-07-01T14:40:10.844+0000] {processor.py:840} INFO - DAG(s) 'dag_shipment_sim' retrieved from /opt/airflow/dags/dag_shipment_sim.py
[2026-07-01T14:40:10.855+0000] {logging_mixin.py:188} INFO - [2026-07-01T14:40:10.855+0000] {dag.py:3096} INFO - Sync 1 DAGs
[2026-07-01T14:40:10.864+0000] {logging_mixin.py:188} INFO - [2026-07-01T14:40:10.864+0000] {dag.py:3954} INFO - Setting next_dagrun for dag_shipment_sim to 2026-07-01 14:00:00+00:00, run_after=2026-07-01 15:00:00+00:00
[2026-07-01T14:40:10.872+0000] {processor.py:183} INFO - Processing /opt/airflow/dags/dag_shipment_sim.py took 0.040 seconds
[2026-07-01T14:40:41.036+0000] {processor.py:161} INFO - Started process (PID=20362) to work on /opt/airflow/dags/dag_shipment_sim.py
[2026-07-01T14:40:41.037+0000] {processor.py:830} INFO - Processing file /opt/airflow/dags/dag_shipment_sim.py for tasks to queue
[2026-07-01T14:40:41.038+0000] {logging_mixin.py:188} INFO - [2026-07-01T14:40:41.038+0000] {dagbag.py:545} INFO - Filling up the DagBag from /opt/airflow/dags/dag_shipment_sim.py
[2026-07-01T14:40:41.048+0000] {processor.py:840} INFO - DAG(s) 'dag_shipment_sim' retrieved from /opt/airflow/dags/dag_shipment_sim.py
[2026-07-01T14:40:41.064+0000] {logging_mixin.py:188} INFO - [2026-07-01T14:40:41.064+0000] {dag.py:3096} INFO - Sync 1 DAGs
[2026-07-01T14:40:41.077+0000] {logging_mixin.py:188} INFO - [2026-07-01T14:40:41.077+0000] {dag.py:3954} INFO - Setting next_dagrun for dag_shipment_sim to 2026-07-01 14:00:00+00:00, run_after=2026-07-01 15:00:00+00:00
[2026-07-01T14:40:41.090+0000] {processor.py:183} INFO - Processing /opt/airflow/dags/dag_shipment_sim.py took 0.058 seconds
[2026-07-01T14:41:11.289+0000] {processor.py:161} INFO - Started process (PID=20399) to work on /opt/airflow/dags/dag_shipment_sim.py
[2026-07-01T14:41:11.290+0000] {processor.py:830} INFO - Processing file /opt/airflow/dags/dag_shipment_sim.py for tasks to queue
[2026-07-01T14:41:11.291+0000] {logging_mixin.py:188} INFO - [2026-07-01T14:41:11.290+0000] {dagbag.py:545} INFO - Filling up the DagBag from /opt/airflow/dags/dag_shipment_sim.py
[2026-07-01T14:41:11.300+0000] {processor.py:840} INFO - DAG(s) 'dag_shipment_sim' retrieved from /opt/airflow/dags/dag_shipment_sim.py
[2026-07-01T14:41:11.313+0000] {logging_mixin.py:188} INFO - [2026-07-01T14:41:11.312+0000] {dag.py:3096} INFO - Sync 1 DAGs
[2026-07-01T14:41:11.323+0000] {logging_mixin.py:188} INFO - [2026-07-01T14:41:11.323+0000] {dag.py:3954} INFO - Setting next_dagrun for dag_shipment_sim to 2026-07-01 14:00:00+00:00, run_after=2026-07-01 15:00:00+00:00
[2026-07-01T14:41:11.331+0000] {processor.py:183} INFO - Processing /opt/airflow/dags/dag_shipment_sim.py took 0.045 seconds
[2026-07-01T14:41:41.366+0000] {processor.py:161} INFO - Started process (PID=20436) to work on /opt/airflow/dags/dag_shipment_sim.py
[2026-07-01T14:41:41.366+0000] {processor.py:830} INFO - Processing file /opt/airflow/dags/dag_shipment_sim.py for tasks to queue
[2026-07-01T14:41:41.367+0000] {logging_mixin.py:188} INFO - [2026-07-01T14:41:41.367+0000] {dagbag.py:545} INFO - Filling up the DagBag from /opt/airflow/dags/dag_shipment_sim.py
[2026-07-01T14:41:41.374+0000] {processor.py:840} INFO - DAG(s) 'dag_shipment_sim' retrieved from /opt/airflow/dags/dag_shipment_sim.py
[2026-07-01T14:41:41.383+0000] {logging_mixin.py:188} INFO - [2026-07-01T14:41:41.383+0000] {dag.py:3096} INFO - Sync 1 DAGs
[2026-07-01T14:41:41.390+0000] {logging_mixin.py:188} INFO - [2026-07-01T14:41:41.390+0000] {dag.py:3954} INFO - Setting next_dagrun for dag_shipment_sim to 2026-07-01 14:00:00+00:00, run_after=2026-07-01 15:00:00+00:00
[2026-07-01T14:41:41.397+0000] {processor.py:183} INFO - Processing /opt/airflow/dags/dag_shipment_sim.py took 0.034 seconds
[2026-07-01T14:42:11.634+0000] {processor.py:161} INFO - Started process (PID=20473) to work on /opt/airflow/dags/dag_shipment_sim.py
[2026-07-01T14:42:11.635+0000] {processor.py:830} INFO - Processing file /opt/airflow/dags/dag_shipment_sim.py for tasks to queue
[2026-07-01T14:42:11.637+0000] {logging_mixin.py:188} INFO - [2026-07-01T14:42:11.637+0000] {dagbag.py:545} INFO - Filling up the DagBag from /opt/airflow/dags/dag_shipment_sim.py
[2026-07-01T14:42:11.647+0000] {processor.py:840} INFO - DAG(s) 'dag_shipment_sim' retrieved from /opt/airflow/dags/dag_shipment_sim.py
[2026-07-01T14:42:11.662+0000] {logging_mixin.py:188} INFO - [2026-07-01T14:42:11.662+0000] {dag.py:3096} INFO - Sync 1 DAGs
[2026-07-01T14:42:11.674+0000] {logging_mixin.py:188} INFO - [2026-07-01T14:42:11.674+0000] {dag.py:3954} INFO - Setting next_dagrun for dag_shipment_sim to 2026-07-01 14:00:00+00:00, run_after=2026-07-01 15:00:00+00:00
[2026-07-01T14:42:11.687+0000] {processor.py:183} INFO - Processing /opt/airflow/dags/dag_shipment_sim.py took 0.056 seconds
[2026-07-01T14:42:41.759+0000] {processor.py:161} INFO - Started process (PID=20508) to work on /opt/airflow/dags/dag_shipment_sim.py
[2026-07-01T14:42:41.761+0000] {processor.py:830} INFO - Processing file /opt/airflow/dags/dag_shipment_sim.py for tasks to queue
[2026-07-01T14:42:41.762+0000] {logging_mixin.py:188} INFO - [2026-07-01T14:42:41.762+0000] {dagbag.py:545} INFO - Filling up the DagBag from /opt/airflow/dags/dag_shipment_sim.py
[2026-07-01T14:42:41.770+0000] {processor.py:840} INFO - DAG(s) 'dag_shipment_sim' retrieved from /opt/airflow/dags/dag_shipment_sim.py
[2026-07-01T14:42:41.787+0000] {logging_mixin.py:188} INFO - [2026-07-01T14:42:41.786+0000] {dag.py:3096} INFO - Sync 1 DAGs
[2026-07-01T14:42:41.795+0000] {logging_mixin.py:188} INFO - [2026-07-01T14:42:41.795+0000] {dag.py:3954} INFO - Setting next_dagrun for dag_shipment_sim to 2026-07-01 14:00:00+00:00, run_after=2026-07-01 15:00:00+00:00
[2026-07-01T14:42:41.802+0000] {processor.py:183} INFO - Processing /opt/airflow/dags/dag_shipment_sim.py took 0.045 seconds
[2026-07-01T14:43:12.593+0000] {processor.py:161} INFO - Started process (PID=20534) to work on /opt/airflow/dags/dag_shipment_sim.py
[2026-07-01T14:43:12.596+0000] {processor.py:830} INFO - Processing file /opt/airflow/dags/dag_shipment_sim.py for tasks to queue
[2026-07-01T14:43:12.597+0000] {logging_mixin.py:188} INFO - [2026-07-01T14:43:12.597+0000] {dagbag.py:545} INFO - Filling up the DagBag from /opt/airflow/dags/dag_shipment_sim.py
[2026-07-01T14:43:12.607+0000] {processor.py:840} INFO - DAG(s) 'dag_shipment_sim' retrieved from /opt/airflow/dags/dag_shipment_sim.py
[2026-07-01T14:43:12.623+0000] {logging_mixin.py:188} INFO - [2026-07-01T14:43:12.623+0000] {dag.py:3096} INFO - Sync 1 DAGs
[2026-07-01T14:43:12.638+0000] {logging_mixin.py:188} INFO - [2026-07-01T14:43:12.638+0000] {dag.py:3954} INFO - Setting next_dagrun for dag_shipment_sim to 2026-07-01 14:00:00+00:00, run_after=2026-07-01 15:00:00+00:00
[2026-07-01T14:43:12.651+0000] {processor.py:183} INFO - Processing /opt/airflow/dags/dag_shipment_sim.py took 0.067 seconds
[2026-07-01T14:43:43.654+0000] {processor.py:161} INFO - Started process (PID=20571) to work on /opt/airflow/dags/dag_shipment_sim.py
[2026-07-01T14:43:43.655+0000] {processor.py:830} INFO - Processing file /opt/airflow/dags/dag_shipment_sim.py for tasks to queue
[2026-07-01T14:43:43.655+0000] {logging_mixin.py:188} INFO - [2026-07-01T14:43:43.655+0000] {dagbag.py:545} INFO - Filling up the DagBag from /opt/airflow/dags/dag_shipment_sim.py
[2026-07-01T14:43:43.665+0000] {processor.py:840} INFO - DAG(s) 'dag_shipment_sim' retrieved from /opt/airflow/dags/dag_shipment_sim.py
[2026-07-01T14:43:43.679+0000] {logging_mixin.py:188} INFO - [2026-07-01T14:43:43.679+0000] {dag.py:3096} INFO - Sync 1 DAGs
[2026-07-01T14:43:43.692+0000] {logging_mixin.py:188} INFO - [2026-07-01T14:43:43.692+0000] {dag.py:3954} INFO - Setting next_dagrun for dag_shipment_sim to 2026-07-01 14:00:00+00:00, run_after=2026-07-01 15:00:00+00:00
[2026-07-01T14:43:43.702+0000] {processor.py:183} INFO - Processing /opt/airflow/dags/dag_shipment_sim.py took 0.062 seconds
[2026-07-01T14:44:14.835+0000] {processor.py:161} INFO - Started process (PID=20608) to work on /opt/airflow/dags/dag_shipment_sim.py
[2026-07-01T14:44:14.837+0000] {processor.py:830} INFO - Processing file /opt/airflow/dags/dag_shipment_sim.py for tasks to queue
[2026-07-01T14:44:14.838+0000] {logging_mixin.py:188} INFO - [2026-07-01T14:44:14.837+0000] {dagbag.py:545} INFO - Filling up the DagBag from /opt/airflow/dags/dag_shipment_sim.py
[2026-07-01T14:44:14.848+0000] {processor.py:840} INFO - DAG(s) 'dag_shipment_sim' retrieved from /opt/airflow/dags/dag_shipment_sim.py
[2026-07-01T14:44:14.871+0000] {logging_mixin.py:188} INFO - [2026-07-01T14:44:14.871+0000] {dag.py:3096} INFO - Sync 1 DAGs
[2026-07-01T14:44:14.886+0000] {logging_mixin.py:188} INFO - [2026-07-01T14:44:14.885+0000] {dag.py:3954} INFO - Setting next_dagrun for dag_shipment_sim to 2026-07-01 14:00:00+00:00, run_after=2026-07-01 15:00:00+00:00
[2026-07-01T14:44:14.897+0000] {processor.py:183} INFO - Processing /opt/airflow/dags/dag_shipment_sim.py took 0.069 seconds
[2026-07-01T14:44:45.883+0000] {processor.py:161} INFO - Started process (PID=20645) to work on /opt/airflow/dags/dag_shipment_sim.py
[2026-07-01T14:44:45.885+0000] {processor.py:830} INFO - Processing file /opt/airflow/dags/dag_shipment_sim.py for tasks to queue
[2026-07-01T14:44:45.887+0000] {logging_mixin.py:188} INFO - [2026-07-01T14:44:45.887+0000] {dagbag.py:545} INFO - Filling up the DagBag from /opt/airflow/dags/dag_shipment_sim.py
[2026-07-01T14:44:45.900+0000] {processor.py:840} INFO - DAG(s) 'dag_shipment_sim' retrieved from /opt/airflow/dags/dag_shipment_sim.py
[2026-07-01T14:44:45.923+0000] {logging_mixin.py:188} INFO - [2026-07-01T14:44:45.923+0000] {dag.py:3096} INFO - Sync 1 DAGs
[2026-07-01T14:44:45.944+0000] {logging_mixin.py:188} INFO - [2026-07-01T14:44:45.944+0000] {dag.py:3954} INFO - Setting next_dagrun for dag_shipment_sim to 2026-07-01 14:00:00+00:00, run_after=2026-07-01 15:00:00+00:00
[2026-07-01T14:44:45.962+0000] {processor.py:183} INFO - Processing /opt/airflow/dags/dag_shipment_sim.py took 0.090 seconds
[2026-07-01T14:45:17.107+0000] {processor.py:161} INFO - Started process (PID=20682) to work on /opt/airflow/dags/dag_shipment_sim.py
[2026-07-01T14:45:17.111+0000] {processor.py:830} INFO - Processing file /opt/airflow/dags/dag_shipment_sim.py for tasks to queue
[2026-07-01T14:45:17.112+0000] {logging_mixin.py:188} INFO - [2026-07-01T14:45:17.111+0000] {dagbag.py:545} INFO - Filling up the DagBag from /opt/airflow/dags/dag_shipment_sim.py
[2026-07-01T14:45:17.122+0000] {processor.py:840} INFO - DAG(s) 'dag_shipment_sim' retrieved from /opt/airflow/dags/dag_shipment_sim.py
[2026-07-01T14:45:17.143+0000] {logging_mixin.py:188} INFO - [2026-07-01T14:45:17.142+0000] {dag.py:3096} INFO - Sync 1 DAGs
[2026-07-01T14:45:17.161+0000] {logging_mixin.py:188} INFO - [2026-07-01T14:45:17.161+0000] {dag.py:3954} INFO - Setting next_dagrun for dag_shipment_sim to 2026-07-01 14:00:00+00:00, run_after=2026-07-01 15:00:00+00:00
[2026-07-01T14:45:17.177+0000] {processor.py:183} INFO - Processing /opt/airflow/dags/dag_shipment_sim.py took 0.077 seconds
[2026-07-01T14:45:48.205+0000] {processor.py:161} INFO - Started process (PID=20719) to work on /opt/airflow/dags/dag_shipment_sim.py
[2026-07-01T14:45:48.207+0000] {processor.py:830} INFO - Processing file /opt/airflow/dags/dag_shipment_sim.py for tasks to queue
[2026-07-01T14:45:48.207+0000] {logging_mixin.py:188} INFO - [2026-07-01T14:45:48.207+0000] {dagbag.py:545} INFO - Filling up the DagBag from /opt/airflow/dags/dag_shipment_sim.py
[2026-07-01T14:45:48.222+0000] {processor.py:840} INFO - DAG(s) 'dag_shipment_sim' retrieved from /opt/airflow/dags/dag_shipment_sim.py
[2026-07-01T14:45:48.252+0000] {logging_mixin.py:188} INFO - [2026-07-01T14:45:48.252+0000] {dag.py:3096} INFO - Sync 1 DAGs
[2026-07-01T14:45:48.273+0000] {logging_mixin.py:188} INFO - [2026-07-01T14:45:48.273+0000] {dag.py:3954} INFO - Setting next_dagrun for dag_shipment_sim to 2026-07-01 14:00:00+00:00, run_after=2026-07-01 15:00:00+00:00
[2026-07-01T14:45:48.296+0000] {processor.py:183} INFO - Processing /opt/airflow/dags/dag_shipment_sim.py took 0.106 seconds
[2026-07-01T14:46:18.429+0000] {processor.py:161} INFO - Started process (PID=20752) to work on /opt/airflow/dags/dag_shipment_sim.py
[2026-07-01T14:46:18.430+0000] {processor.py:830} INFO - Processing file /opt/airflow/dags/dag_shipment_sim.py for tasks to queue
[2026-07-01T14:46:18.431+0000] {logging_mixin.py:188} INFO - [2026-07-01T14:46:18.431+0000] {dagbag.py:545} INFO - Filling up the DagBag from /opt/airflow/dags/dag_shipment_sim.py
[2026-07-01T14:46:18.441+0000] {processor.py:840} INFO - DAG(s) 'dag_shipment_sim' retrieved from /opt/airflow/dags/dag_shipment_sim.py
[2026-07-01T14:46:18.456+0000] {logging_mixin.py:188} INFO - [2026-07-01T14:46:18.456+0000] {dag.py:3096} INFO - Sync 1 DAGs
[2026-07-01T14:46:18.467+0000] {logging_mixin.py:188} INFO - [2026-07-01T14:46:18.467+0000] {dag.py:3954} INFO - Setting next_dagrun for dag_shipment_sim to 2026-07-01 14:00:00+00:00, run_after=2026-07-01 15:00:00+00:00
[2026-07-01T14:46:18.475+0000] {processor.py:183} INFO - Processing /opt/airflow/dags/dag_shipment_sim.py took 0.051 seconds
[2026-07-01T14:46:48.710+0000] {processor.py:161} INFO - Started process (PID=20789) to work on /opt/airflow/dags/dag_shipment_sim.py
[2026-07-01T14:46:48.712+0000] {processor.py:830} INFO - Processing file /opt/airflow/dags/dag_shipment_sim.py for tasks to queue
[2026-07-01T14:46:48.713+0000] {logging_mixin.py:188} INFO - [2026-07-01T14:46:48.713+0000] {dagbag.py:545} INFO - Filling up the DagBag from /opt/airflow/dags/dag_shipment_sim.py
[2026-07-01T14:46:48.734+0000] {processor.py:840} INFO - DAG(s) 'dag_shipment_sim' retrieved from /opt/airflow/dags/dag_shipment_sim.py
[2026-07-01T14:46:48.752+0000] {logging_mixin.py:188} INFO - [2026-07-01T14:46:48.752+0000] {dag.py:3096} INFO - Sync 1 DAGs
[2026-07-01T14:46:48.764+0000] {logging_mixin.py:188} INFO - [2026-07-01T14:46:48.764+0000] {dag.py:3954} INFO - Setting next_dagrun for dag_shipment_sim to 2026-07-01 14:00:00+00:00, run_after=2026-07-01 15:00:00+00:00
[2026-07-01T14:46:48.774+0000] {processor.py:183} INFO - Processing /opt/airflow/dags/dag_shipment_sim.py took 0.067 seconds
[2026-07-01T14:47:19.116+0000] {processor.py:161} INFO - Started process (PID=20826) to work on /opt/airflow/dags/dag_shipment_sim.py
[2026-07-01T14:47:19.117+0000] {processor.py:830} INFO - Processing file /opt/airflow/dags/dag_shipment_sim.py for tasks to queue
[2026-07-01T14:47:19.118+0000] {logging_mixin.py:188} INFO - [2026-07-01T14:47:19.118+0000] {dagbag.py:545} INFO - Filling up the DagBag from /opt/airflow/dags/dag_shipment_sim.py
[2026-07-01T14:47:19.129+0000] {processor.py:840} INFO - DAG(s) 'dag_shipment_sim' retrieved from /opt/airflow/dags/dag_shipment_sim.py
[2026-07-01T14:47:19.144+0000] {logging_mixin.py:188} INFO - [2026-07-01T14:47:19.143+0000] {dag.py:3096} INFO - Sync 1 DAGs
[2026-07-01T14:47:19.157+0000] {logging_mixin.py:188} INFO - [2026-07-01T14:47:19.157+0000] {dag.py:3954} INFO - Setting next_dagrun for dag_shipment_sim to 2026-07-01 14:00:00+00:00, run_after=2026-07-01 15:00:00+00:00
[2026-07-01T14:47:19.169+0000] {processor.py:183} INFO - Processing /opt/airflow/dags/dag_shipment_sim.py took 0.056 seconds
[2026-07-01T14:47:49.698+0000] {processor.py:161} INFO - Started process (PID=20863) to work on /opt/airflow/dags/dag_shipment_sim.py
[2026-07-01T14:47:49.699+0000] {processor.py:830} INFO - Processing file /opt/airflow/dags/dag_shipment_sim.py for tasks to queue
[2026-07-01T14:47:49.700+0000] {logging_mixin.py:188} INFO - [2026-07-01T14:47:49.700+0000] {dagbag.py:545} INFO - Filling up the DagBag from /opt/airflow/dags/dag_shipment_sim.py
[2026-07-01T14:47:49.710+0000] {processor.py:840} INFO - DAG(s) 'dag_shipment_sim' retrieved from /opt/airflow/dags/dag_shipment_sim.py
[2026-07-01T14:47:49.722+0000] {logging_mixin.py:188} INFO - [2026-07-01T14:47:49.722+0000] {dag.py:3096} INFO - Sync 1 DAGs
[2026-07-01T14:47:49.732+0000] {logging_mixin.py:188} INFO - [2026-07-01T14:47:49.732+0000] {dag.py:3954} INFO - Setting next_dagrun for dag_shipment_sim to 2026-07-01 14:00:00+00:00, run_after=2026-07-01 15:00:00+00:00
[2026-07-01T14:47:49.741+0000] {processor.py:183} INFO - Processing /opt/airflow/dags/dag_shipment_sim.py took 0.049 seconds
[2026-07-01T14:48:20.163+0000] {processor.py:161} INFO - Started process (PID=20900) to work on /opt/airflow/dags/dag_shipment_sim.py
[2026-07-01T14:48:20.163+0000] {processor.py:830} INFO - Processing file /opt/airflow/dags/dag_shipment_sim.py for tasks to queue
[2026-07-01T14:48:20.164+0000] {logging_mixin.py:188} INFO - [2026-07-01T14:48:20.164+0000] {dagbag.py:545} INFO - Filling up the DagBag from /opt/airflow/dags/dag_shipment_sim.py
[2026-07-01T14:48:20.173+0000] {processor.py:840} INFO - DAG(s) 'dag_shipment_sim' retrieved from /opt/airflow/dags/dag_shipment_sim.py
[2026-07-01T14:48:20.187+0000] {logging_mixin.py:188} INFO - [2026-07-01T14:48:20.186+0000] {dag.py:3096} INFO - Sync 1 DAGs
[2026-07-01T14:48:20.198+0000] {logging_mixin.py:188} INFO - [2026-07-01T14:48:20.198+0000] {dag.py:3954} INFO - Setting next_dagrun for dag_shipment_sim to 2026-07-01 14:00:00+00:00, run_after=2026-07-01 15:00:00+00:00
[2026-07-01T14:48:20.206+0000] {processor.py:183} INFO - Processing /opt/airflow/dags/dag_shipment_sim.py took 0.046 seconds
[2026-07-01T14:48:50.713+0000] {processor.py:161} INFO - Started process (PID=20937) to work on /opt/airflow/dags/dag_shipment_sim.py
[2026-07-01T14:48:50.713+0000] {processor.py:830} INFO - Processing file /opt/airflow/dags/dag_shipment_sim.py for tasks to queue
[2026-07-01T14:48:50.714+0000] {logging_mixin.py:188} INFO - [2026-07-01T14:48:50.714+0000] {dagbag.py:545} INFO - Filling up the DagBag from /opt/airflow/dags/dag_shipment_sim.py
[2026-07-01T14:48:50.723+0000] {processor.py:840} INFO - DAG(s) 'dag_shipment_sim' retrieved from /opt/airflow/dags/dag_shipment_sim.py
[2026-07-01T14:48:50.736+0000] {logging_mixin.py:188} INFO - [2026-07-01T14:48:50.735+0000] {dag.py:3096} INFO - Sync 1 DAGs
[2026-07-01T14:48:50.746+0000] {logging_mixin.py:188} INFO - [2026-07-01T14:48:50.746+0000] {dag.py:3954} INFO - Setting next_dagrun for dag_shipment_sim to 2026-07-01 14:00:00+00:00, run_after=2026-07-01 15:00:00+00:00
[2026-07-01T14:48:50.756+0000] {processor.py:183} INFO - Processing /opt/airflow/dags/dag_shipment_sim.py took 0.048 seconds
[2026-07-01T14:49:21.128+0000] {processor.py:161} INFO - Started process (PID=20974) to work on /opt/airflow/dags/dag_shipment_sim.py
[2026-07-01T14:49:21.129+0000] {processor.py:830} INFO - Processing file /opt/airflow/dags/dag_shipment_sim.py for tasks to queue
[2026-07-01T14:49:21.130+0000] {logging_mixin.py:188} INFO - [2026-07-01T14:49:21.130+0000] {dagbag.py:545} INFO - Filling up the DagBag from /opt/airflow/dags/dag_shipment_sim.py
[2026-07-01T14:49:21.141+0000] {processor.py:840} INFO - DAG(s) 'dag_shipment_sim' retrieved from /opt/airflow/dags/dag_shipment_sim.py
[2026-07-01T14:49:21.156+0000] {logging_mixin.py:188} INFO - [2026-07-01T14:49:21.156+0000] {dag.py:3096} INFO - Sync 1 DAGs
[2026-07-01T14:49:21.170+0000] {logging_mixin.py:188} INFO - [2026-07-01T14:49:21.170+0000] {dag.py:3954} INFO - Setting next_dagrun for dag_shipment_sim to 2026-07-01 14:00:00+00:00, run_after=2026-07-01 15:00:00+00:00
[2026-07-01T14:49:21.184+0000] {processor.py:183} INFO - Processing /opt/airflow/dags/dag_shipment_sim.py took 0.065 seconds
[2026-07-01T14:49:51.689+0000] {processor.py:161} INFO - Started process (PID=21011) to work on /opt/airflow/dags/dag_shipment_sim.py
[2026-07-01T14:49:51.689+0000] {processor.py:830} INFO - Processing file /opt/airflow/dags/dag_shipment_sim.py for tasks to queue
[2026-07-01T14:49:51.690+0000] {logging_mixin.py:188} INFO - [2026-07-01T14:49:51.690+0000] {dagbag.py:545} INFO - Filling up the DagBag from /opt/airflow/dags/dag_shipment_sim.py
[2026-07-01T14:49:51.699+0000] {processor.py:840} INFO - DAG(s) 'dag_shipment_sim' retrieved from /opt/airflow/dags/dag_shipment_sim.py
[2026-07-01T14:49:51.712+0000] {logging_mixin.py:188} INFO - [2026-07-01T14:49:51.712+0000] {dag.py:3096} INFO - Sync 1 DAGs
[2026-07-01T14:49:51.723+0000] {logging_mixin.py:188} INFO - [2026-07-01T14:49:51.723+0000] {dag.py:3954} INFO - Setting next_dagrun for dag_shipment_sim to 2026-07-01 14:00:00+00:00, run_after=2026-07-01 15:00:00+00:00
[2026-07-01T14:49:51.734+0000] {processor.py:183} INFO - Processing /opt/airflow/dags/dag_shipment_sim.py took 0.049 seconds
[2026-07-01T14:50:22.053+0000] {processor.py:161} INFO - Started process (PID=21048) to work on /opt/airflow/dags/dag_shipment_sim.py
[2026-07-01T14:50:22.054+0000] {processor.py:830} INFO - Processing file /opt/airflow/dags/dag_shipment_sim.py for tasks to queue
[2026-07-01T14:50:22.056+0000] {logging_mixin.py:188} INFO - [2026-07-01T14:50:22.056+0000] {dagbag.py:545} INFO - Filling up the DagBag from /opt/airflow/dags/dag_shipment_sim.py
[2026-07-01T14:50:22.065+0000] {processor.py:840} INFO - DAG(s) 'dag_shipment_sim' retrieved from /opt/airflow/dags/dag_shipment_sim.py
[2026-07-01T14:50:22.079+0000] {logging_mixin.py:188} INFO - [2026-07-01T14:50:22.079+0000] {dag.py:3096} INFO - Sync 1 DAGs
[2026-07-01T14:50:22.090+0000] {logging_mixin.py:188} INFO - [2026-07-01T14:50:22.090+0000] {dag.py:3954} INFO - Setting next_dagrun for dag_shipment_sim to 2026-07-01 14:00:00+00:00, run_after=2026-07-01 15:00:00+00:00
[2026-07-01T14:50:22.099+0000] {processor.py:183} INFO - Processing /opt/airflow/dags/dag_shipment_sim.py took 0.060 seconds
[2026-07-01T14:50:52.312+0000] {processor.py:161} INFO - Started process (PID=21085) to work on /opt/airflow/dags/dag_shipment_sim.py
[2026-07-01T14:50:52.313+0000] {processor.py:830} INFO - Processing file /opt/airflow/dags/dag_shipment_sim.py for tasks to queue
[2026-07-01T14:50:52.315+0000] {logging_mixin.py:188} INFO - [2026-07-01T14:50:52.315+0000] {dagbag.py:545} INFO - Filling up the DagBag from /opt/airflow/dags/dag_shipment_sim.py
[2026-07-01T14:50:52.324+0000] {processor.py:840} INFO - DAG(s) 'dag_shipment_sim' retrieved from /opt/airflow/dags/dag_shipment_sim.py
[2026-07-01T14:50:52.336+0000] {logging_mixin.py:188} INFO - [2026-07-01T14:50:52.335+0000] {dag.py:3096} INFO - Sync 1 DAGs
[2026-07-01T14:50:52.347+0000] {logging_mixin.py:188} INFO - [2026-07-01T14:50:52.347+0000] {dag.py:3954} INFO - Setting next_dagrun for dag_shipment_sim to 2026-07-01 14:00:00+00:00, run_after=2026-07-01 15:00:00+00:00
[2026-07-01T14:50:52.361+0000] {processor.py:183} INFO - Processing /opt/airflow/dags/dag_shipment_sim.py took 0.054 seconds
[2026-07-01T14:51:23.025+0000] {processor.py:161} INFO - Started process (PID=21122) to work on /opt/airflow/dags/dag_shipment_sim.py
[2026-07-01T14:51:23.026+0000] {processor.py:830} INFO - Processing file /opt/airflow/dags/dag_shipment_sim.py for tasks to queue
[2026-07-01T14:51:23.027+0000] {logging_mixin.py:188} INFO - [2026-07-01T14:51:23.027+0000] {dagbag.py:545} INFO - Filling up the DagBag from /opt/airflow/dags/dag_shipment_sim.py
[2026-07-01T14:51:23.036+0000] {processor.py:840} INFO - DAG(s) 'dag_shipment_sim' retrieved from /opt/airflow/dags/dag_shipment_sim.py
[2026-07-01T14:51:23.050+0000] {logging_mixin.py:188} INFO - [2026-07-01T14:51:23.050+0000] {dag.py:3096} INFO - Sync 1 DAGs
[2026-07-01T14:51:23.060+0000] {logging_mixin.py:188} INFO - [2026-07-01T14:51:23.060+0000] {dag.py:3954} INFO - Setting next_dagrun for dag_shipment_sim to 2026-07-01 14:00:00+00:00, run_after=2026-07-01 15:00:00+00:00
[2026-07-01T14:51:23.069+0000] {processor.py:183} INFO - Processing /opt/airflow/dags/dag_shipment_sim.py took 0.057 seconds
[2026-07-01T14:51:54.256+0000] {processor.py:161} INFO - Started process (PID=21159) to work on /opt/airflow/dags/dag_shipment_sim.py
[2026-07-01T14:51:54.257+0000] {processor.py:830} INFO - Processing file /opt/airflow/dags/dag_shipment_sim.py for tasks to queue
[2026-07-01T14:51:54.258+0000] {logging_mixin.py:188} INFO - [2026-07-01T14:51:54.257+0000] {dagbag.py:545} INFO - Filling up the DagBag from /opt/airflow/dags/dag_shipment_sim.py
[2026-07-01T14:51:54.268+0000] {processor.py:840} INFO - DAG(s) 'dag_shipment_sim' retrieved from /opt/airflow/dags/dag_shipment_sim.py
[2026-07-01T14:51:54.282+0000] {logging_mixin.py:188} INFO - [2026-07-01T14:51:54.282+0000] {dag.py:3096} INFO - Sync 1 DAGs
[2026-07-01T14:51:54.294+0000] {logging_mixin.py:188} INFO - [2026-07-01T14:51:54.294+0000] {dag.py:3954} INFO - Setting next_dagrun for dag_shipment_sim to 2026-07-01 14:00:00+00:00, run_after=2026-07-01 15:00:00+00:00
[2026-07-01T14:51:54.305+0000] {processor.py:183} INFO - Processing /opt/airflow/dags/dag_shipment_sim.py took 0.054 seconds
[2026-07-01T14:52:24.784+0000] {processor.py:161} INFO - Started process (PID=21196) to work on /opt/airflow/dags/dag_shipment_sim.py
[2026-07-01T14:52:24.784+0000] {processor.py:830} INFO - Processing file /opt/airflow/dags/dag_shipment_sim.py for tasks to queue
[2026-07-01T14:52:24.785+0000] {logging_mixin.py:188} INFO - [2026-07-01T14:52:24.785+0000] {dagbag.py:545} INFO - Filling up the DagBag from /opt/airflow/dags/dag_shipment_sim.py
[2026-07-01T14:52:24.794+0000] {processor.py:840} INFO - DAG(s) 'dag_shipment_sim' retrieved from /opt/airflow/dags/dag_shipment_sim.py
[2026-07-01T14:52:24.804+0000] {logging_mixin.py:188} INFO - [2026-07-01T14:52:24.804+0000] {dag.py:3096} INFO - Sync 1 DAGs
[2026-07-01T14:52:24.813+0000] {logging_mixin.py:188} INFO - [2026-07-01T14:52:24.812+0000] {dag.py:3954} INFO - Setting next_dagrun for dag_shipment_sim to 2026-07-01 14:00:00+00:00, run_after=2026-07-01 15:00:00+00:00
[2026-07-01T14:52:24.820+0000] {processor.py:183} INFO - Processing /opt/airflow/dags/dag_shipment_sim.py took 0.039 seconds
[2026-07-01T14:52:55.067+0000] {processor.py:161} INFO - Started process (PID=21233) to work on /opt/airflow/dags/dag_shipment_sim.py
[2026-07-01T14:52:55.067+0000] {processor.py:830} INFO - Processing file /opt/airflow/dags/dag_shipment_sim.py for tasks to queue
[2026-07-01T14:52:55.068+0000] {logging_mixin.py:188} INFO - [2026-07-01T14:52:55.068+0000] {dagbag.py:545} INFO - Filling up the DagBag from /opt/airflow/dags/dag_shipment_sim.py
[2026-07-01T14:52:55.077+0000] {processor.py:840} INFO - DAG(s) 'dag_shipment_sim' retrieved from /opt/airflow/dags/dag_shipment_sim.py
[2026-07-01T14:52:55.094+0000] {logging_mixin.py:188} INFO - [2026-07-01T14:52:55.093+0000] {dag.py:3096} INFO - Sync 1 DAGs
[2026-07-01T14:52:55.103+0000] {logging_mixin.py:188} INFO - [2026-07-01T14:52:55.103+0000] {dag.py:3954} INFO - Setting next_dagrun for dag_shipment_sim to 2026-07-01 14:00:00+00:00, run_after=2026-07-01 15:00:00+00:00
[2026-07-01T14:52:55.112+0000] {processor.py:183} INFO - Processing /opt/airflow/dags/dag_shipment_sim.py took 0.051 seconds
[2026-07-01T14:53:25.440+0000] {processor.py:161} INFO - Started process (PID=21270) to work on /opt/airflow/dags/dag_shipment_sim.py
[2026-07-01T14:53:25.440+0000] {processor.py:830} INFO - Processing file /opt/airflow/dags/dag_shipment_sim.py for tasks to queue
[2026-07-01T14:53:25.441+0000] {logging_mixin.py:188} INFO - [2026-07-01T14:53:25.441+0000] {dagbag.py:545} INFO - Filling up the DagBag from /opt/airflow/dags/dag_shipment_sim.py
[2026-07-01T14:53:25.450+0000] {processor.py:840} INFO - DAG(s) 'dag_shipment_sim' retrieved from /opt/airflow/dags/dag_shipment_sim.py
[2026-07-01T14:53:25.462+0000] {logging_mixin.py:188} INFO - [2026-07-01T14:53:25.462+0000] {dag.py:3096} INFO - Sync 1 DAGs
[2026-07-01T14:53:25.473+0000] {logging_mixin.py:188} INFO - [2026-07-01T14:53:25.473+0000] {dag.py:3954} INFO - Setting next_dagrun for dag_shipment_sim to 2026-07-01 14:00:00+00:00, run_after=2026-07-01 15:00:00+00:00
[2026-07-01T14:53:25.482+0000] {processor.py:183} INFO - Processing /opt/airflow/dags/dag_shipment_sim.py took 0.053 seconds
[2026-07-01T14:53:55.779+0000] {processor.py:161} INFO - Started process (PID=21307) to work on /opt/airflow/dags/dag_shipment_sim.py
[2026-07-01T14:53:55.779+0000] {processor.py:830} INFO - Processing file /opt/airflow/dags/dag_shipment_sim.py for tasks to queue
[2026-07-01T14:53:55.780+0000] {logging_mixin.py:188} INFO - [2026-07-01T14:53:55.780+0000] {dagbag.py:545} INFO - Filling up the DagBag from /opt/airflow/dags/dag_shipment_sim.py
[2026-07-01T14:53:55.789+0000] {processor.py:840} INFO - DAG(s) 'dag_shipment_sim' retrieved from /opt/airflow/dags/dag_shipment_sim.py
[2026-07-01T14:53:55.800+0000] {logging_mixin.py:188} INFO - [2026-07-01T14:53:55.800+0000] {dag.py:3096} INFO - Sync 1 DAGs
[2026-07-01T14:53:55.810+0000] {logging_mixin.py:188} INFO - [2026-07-01T14:53:55.810+0000] {dag.py:3954} INFO - Setting next_dagrun for dag_shipment_sim to 2026-07-01 14:00:00+00:00, run_after=2026-07-01 15:00:00+00:00
[2026-07-01T14:53:55.820+0000] {processor.py:183} INFO - Processing /opt/airflow/dags/dag_shipment_sim.py took 0.044 seconds
[2026-07-01T14:54:26.254+0000] {processor.py:161} INFO - Started process (PID=21344) to work on /opt/airflow/dags/dag_shipment_sim.py
[2026-07-01T14:54:26.255+0000] {processor.py:830} INFO - Processing file /opt/airflow/dags/dag_shipment_sim.py for tasks to queue
[2026-07-01T14:54:26.256+0000] {logging_mixin.py:188} INFO - [2026-07-01T14:54:26.256+0000] {dagbag.py:545} INFO - Filling up the DagBag from /opt/airflow/dags/dag_shipment_sim.py
[2026-07-01T14:54:26.270+0000] {processor.py:840} INFO - DAG(s) 'dag_shipment_sim' retrieved from /opt/airflow/dags/dag_shipment_sim.py
[2026-07-01T14:54:26.283+0000] {logging_mixin.py:188} INFO - [2026-07-01T14:54:26.283+0000] {dag.py:3096} INFO - Sync 1 DAGs
[2026-07-01T14:54:26.296+0000] {logging_mixin.py:188} INFO - [2026-07-01T14:54:26.296+0000] {dag.py:3954} INFO - Setting next_dagrun for dag_shipment_sim to 2026-07-01 14:00:00+00:00, run_after=2026-07-01 15:00:00+00:00
[2026-07-01T14:54:26.313+0000] {processor.py:183} INFO - Processing /opt/airflow/dags/dag_shipment_sim.py took 0.062 seconds
[2026-07-01T14:54:56.453+0000] {processor.py:161} INFO - Started process (PID=21381) to work on /opt/airflow/dags/dag_shipment_sim.py
[2026-07-01T14:54:56.454+0000] {processor.py:830} INFO - Processing file /opt/airflow/dags/dag_shipment_sim.py for tasks to queue
[2026-07-01T14:54:56.455+0000] {logging_mixin.py:188} INFO - [2026-07-01T14:54:56.455+0000] {dagbag.py:545} INFO - Filling up the DagBag from /opt/airflow/dags/dag_shipment_sim.py
[2026-07-01T14:54:56.463+0000] {processor.py:840} INFO - DAG(s) 'dag_shipment_sim' retrieved from /opt/airflow/dags/dag_shipment_sim.py
[2026-07-01T14:54:56.474+0000] {logging_mixin.py:188} INFO - [2026-07-01T14:54:56.474+0000] {dag.py:3096} INFO - Sync 1 DAGs
[2026-07-01T14:54:56.484+0000] {logging_mixin.py:188} INFO - [2026-07-01T14:54:56.484+0000] {dag.py:3954} INFO - Setting next_dagrun for dag_shipment_sim to 2026-07-01 14:00:00+00:00, run_after=2026-07-01 15:00:00+00:00
[2026-07-01T14:54:56.493+0000] {processor.py:183} INFO - Processing /opt/airflow/dags/dag_shipment_sim.py took 0.043 seconds
[2026-07-01T14:55:26.863+0000] {processor.py:161} INFO - Started process (PID=21418) to work on /opt/airflow/dags/dag_shipment_sim.py
[2026-07-01T14:55:26.864+0000] {processor.py:830} INFO - Processing file /opt/airflow/dags/dag_shipment_sim.py for tasks to queue
[2026-07-01T14:55:26.866+0000] {logging_mixin.py:188} INFO - [2026-07-01T14:55:26.865+0000] {dagbag.py:545} INFO - Filling up the DagBag from /opt/airflow/dags/dag_shipment_sim.py
[2026-07-01T14:55:26.878+0000] {processor.py:840} INFO - DAG(s) 'dag_shipment_sim' retrieved from /opt/airflow/dags/dag_shipment_sim.py
[2026-07-01T14:55:26.889+0000] {logging_mixin.py:188} INFO - [2026-07-01T14:55:26.889+0000] {dag.py:3096} INFO - Sync 1 DAGs
[2026-07-01T14:55:26.898+0000] {logging_mixin.py:188} INFO - [2026-07-01T14:55:26.898+0000] {dag.py:3954} INFO - Setting next_dagrun for dag_shipment_sim to 2026-07-01 14:00:00+00:00, run_after=2026-07-01 15:00:00+00:00
[2026-07-01T14:55:26.908+0000] {processor.py:183} INFO - Processing /opt/airflow/dags/dag_shipment_sim.py took 0.053 seconds
[2026-07-01T14:55:58.183+0000] {processor.py:161} INFO - Started process (PID=21455) to work on /opt/airflow/dags/dag_shipment_sim.py
[2026-07-01T14:55:58.184+0000] {processor.py:830} INFO - Processing file /opt/airflow/dags/dag_shipment_sim.py for tasks to queue
[2026-07-01T14:55:58.185+0000] {logging_mixin.py:188} INFO - [2026-07-01T14:55:58.185+0000] {dagbag.py:545} INFO - Filling up the DagBag from /opt/airflow/dags/dag_shipment_sim.py
[2026-07-01T14:55:58.193+0000] {processor.py:840} INFO - DAG(s) 'dag_shipment_sim' retrieved from /opt/airflow/dags/dag_shipment_sim.py
[2026-07-01T14:55:58.205+0000] {logging_mixin.py:188} INFO - [2026-07-01T14:55:58.205+0000] {dag.py:3096} INFO - Sync 1 DAGs
[2026-07-01T14:55:58.215+0000] {logging_mixin.py:188} INFO - [2026-07-01T14:55:58.215+0000] {dag.py:3954} INFO - Setting next_dagrun for dag_shipment_sim to 2026-07-01 14:00:00+00:00, run_after=2026-07-01 15:00:00+00:00
[2026-07-01T14:55:58.223+0000] {processor.py:183} INFO - Processing /opt/airflow/dags/dag_shipment_sim.py took 0.043 seconds
[2026-07-01T14:56:28.406+0000] {processor.py:161} INFO - Started process (PID=21492) to work on /opt/airflow/dags/dag_shipment_sim.py
[2026-07-01T14:56:28.407+0000] {processor.py:830} INFO - Processing file /opt/airflow/dags/dag_shipment_sim.py for tasks to queue
[2026-07-01T14:56:28.408+0000] {logging_mixin.py:188} INFO - [2026-07-01T14:56:28.408+0000] {dagbag.py:545} INFO - Filling up the DagBag from /opt/airflow/dags/dag_shipment_sim.py
[2026-07-01T14:56:28.422+0000] {processor.py:840} INFO - DAG(s) 'dag_shipment_sim' retrieved from /opt/airflow/dags/dag_shipment_sim.py
[2026-07-01T14:56:28.433+0000] {logging_mixin.py:188} INFO - [2026-07-01T14:56:28.433+0000] {dag.py:3096} INFO - Sync 1 DAGs
[2026-07-01T14:56:28.443+0000] {logging_mixin.py:188} INFO - [2026-07-01T14:56:28.443+0000] {dag.py:3954} INFO - Setting next_dagrun for dag_shipment_sim to 2026-07-01 14:00:00+00:00, run_after=2026-07-01 15:00:00+00:00
[2026-07-01T14:56:28.451+0000] {processor.py:183} INFO - Processing /opt/airflow/dags/dag_shipment_sim.py took 0.048 seconds
[2026-07-01T14:56:58.798+0000] {processor.py:161} INFO - Started process (PID=21529) to work on /opt/airflow/dags/dag_shipment_sim.py
[2026-07-01T14:56:58.799+0000] {processor.py:830} INFO - Processing file /opt/airflow/dags/dag_shipment_sim.py for tasks to queue
[2026-07-01T14:56:58.800+0000] {logging_mixin.py:188} INFO - [2026-07-01T14:56:58.800+0000] {dagbag.py:545} INFO - Filling up the DagBag from /opt/airflow/dags/dag_shipment_sim.py
[2026-07-01T14:56:58.808+0000] {processor.py:840} INFO - DAG(s) 'dag_shipment_sim' retrieved from /opt/airflow/dags/dag_shipment_sim.py
[2026-07-01T14:56:58.818+0000] {logging_mixin.py:188} INFO - [2026-07-01T14:56:58.818+0000] {dag.py:3096} INFO - Sync 1 DAGs
[2026-07-01T14:56:58.826+0000] {logging_mixin.py:188} INFO - [2026-07-01T14:56:58.826+0000] {dag.py:3954} INFO - Setting next_dagrun for dag_shipment_sim to 2026-07-01 14:00:00+00:00, run_after=2026-07-01 15:00:00+00:00
[2026-07-01T14:56:58.834+0000] {processor.py:183} INFO - Processing /opt/airflow/dags/dag_shipment_sim.py took 0.041 seconds
[2026-07-01T14:57:29.169+0000] {processor.py:161} INFO - Started process (PID=21566) to work on /opt/airflow/dags/dag_shipment_sim.py
[2026-07-01T14:57:29.170+0000] {processor.py:830} INFO - Processing file /opt/airflow/dags/dag_shipment_sim.py for tasks to queue
[2026-07-01T14:57:29.171+0000] {logging_mixin.py:188} INFO - [2026-07-01T14:57:29.170+0000] {dagbag.py:545} INFO - Filling up the DagBag from /opt/airflow/dags/dag_shipment_sim.py
[2026-07-01T14:57:29.179+0000] {processor.py:840} INFO - DAG(s) 'dag_shipment_sim' retrieved from /opt/airflow/dags/dag_shipment_sim.py
[2026-07-01T14:57:29.192+0000] {logging_mixin.py:188} INFO - [2026-07-01T14:57:29.192+0000] {dag.py:3096} INFO - Sync 1 DAGs
[2026-07-01T14:57:29.204+0000] {logging_mixin.py:188} INFO - [2026-07-01T14:57:29.204+0000] {dag.py:3954} INFO - Setting next_dagrun for dag_shipment_sim to 2026-07-01 14:00:00+00:00, run_after=2026-07-01 15:00:00+00:00
[2026-07-01T14:57:29.215+0000] {processor.py:183} INFO - Processing /opt/airflow/dags/dag_shipment_sim.py took 0.048 seconds
[2026-07-01T14:57:59.808+0000] {processor.py:161} INFO - Started process (PID=21601) to work on /opt/airflow/dags/dag_shipment_sim.py
[2026-07-01T14:57:59.812+0000] {processor.py:830} INFO - Processing file /opt/airflow/dags/dag_shipment_sim.py for tasks to queue
[2026-07-01T14:57:59.816+0000] {logging_mixin.py:188} INFO - [2026-07-01T14:57:59.815+0000] {dagbag.py:545} INFO - Filling up the DagBag from /opt/airflow/dags/dag_shipment_sim.py
[2026-07-01T14:57:59.865+0000] {processor.py:840} INFO - DAG(s) 'dag_shipment_sim' retrieved from /opt/airflow/dags/dag_shipment_sim.py
[2026-07-01T14:57:59.911+0000] {logging_mixin.py:188} INFO - [2026-07-01T14:57:59.911+0000] {dag.py:3096} INFO - Sync 1 DAGs
[2026-07-01T14:57:59.950+0000] {logging_mixin.py:188} INFO - [2026-07-01T14:57:59.950+0000] {dag.py:3954} INFO - Setting next_dagrun for dag_shipment_sim to 2026-07-01 14:00:00+00:00, run_after=2026-07-01 15:00:00+00:00
[2026-07-01T14:57:59.976+0000] {processor.py:183} INFO - Processing /opt/airflow/dags/dag_shipment_sim.py took 0.179 seconds
[2026-07-01T14:58:30.424+0000] {processor.py:161} INFO - Started process (PID=21640) to work on /opt/airflow/dags/dag_shipment_sim.py
[2026-07-01T14:58:30.424+0000] {processor.py:830} INFO - Processing file /opt/airflow/dags/dag_shipment_sim.py for tasks to queue
[2026-07-01T14:58:30.425+0000] {logging_mixin.py:188} INFO - [2026-07-01T14:58:30.425+0000] {dagbag.py:545} INFO - Filling up the DagBag from /opt/airflow/dags/dag_shipment_sim.py
[2026-07-01T14:58:30.434+0000] {processor.py:840} INFO - DAG(s) 'dag_shipment_sim' retrieved from /opt/airflow/dags/dag_shipment_sim.py
[2026-07-01T14:58:30.446+0000] {logging_mixin.py:188} INFO - [2026-07-01T14:58:30.446+0000] {dag.py:3096} INFO - Sync 1 DAGs
[2026-07-01T14:58:30.457+0000] {logging_mixin.py:188} INFO - [2026-07-01T14:58:30.457+0000] {dag.py:3954} INFO - Setting next_dagrun for dag_shipment_sim to 2026-07-01 14:00:00+00:00, run_after=2026-07-01 15:00:00+00:00
[2026-07-01T14:58:30.466+0000] {processor.py:183} INFO - Processing /opt/airflow/dags/dag_shipment_sim.py took 0.045 seconds
[2026-07-01T14:59:00.813+0000] {processor.py:161} INFO - Started process (PID=21677) to work on /opt/airflow/dags/dag_shipment_sim.py
[2026-07-01T14:59:00.814+0000] {processor.py:830} INFO - Processing file /opt/airflow/dags/dag_shipment_sim.py for tasks to queue
[2026-07-01T14:59:00.815+0000] {logging_mixin.py:188} INFO - [2026-07-01T14:59:00.815+0000] {dagbag.py:545} INFO - Filling up the DagBag from /opt/airflow/dags/dag_shipment_sim.py
[2026-07-01T14:59:00.828+0000] {processor.py:840} INFO - DAG(s) 'dag_shipment_sim' retrieved from /opt/airflow/dags/dag_shipment_sim.py
[2026-07-01T14:59:00.841+0000] {logging_mixin.py:188} INFO - [2026-07-01T14:59:00.841+0000] {dag.py:3096} INFO - Sync 1 DAGs
[2026-07-01T14:59:00.850+0000] {logging_mixin.py:188} INFO - [2026-07-01T14:59:00.850+0000] {dag.py:3954} INFO - Setting next_dagrun for dag_shipment_sim to 2026-07-01 14:00:00+00:00, run_after=2026-07-01 15:00:00+00:00
[2026-07-01T14:59:00.858+0000] {processor.py:183} INFO - Processing /opt/airflow/dags/dag_shipment_sim.py took 0.048 seconds
[2026-07-01T14:59:31.142+0000] {processor.py:161} INFO - Started process (PID=21714) to work on /opt/airflow/dags/dag_shipment_sim.py
[2026-07-01T14:59:31.146+0000] {processor.py:830} INFO - Processing file /opt/airflow/dags/dag_shipment_sim.py for tasks to queue
[2026-07-01T14:59:31.147+0000] {logging_mixin.py:188} INFO - [2026-07-01T14:59:31.147+0000] {dagbag.py:545} INFO - Filling up the DagBag from /opt/airflow/dags/dag_shipment_sim.py
[2026-07-01T14:59:31.156+0000] {processor.py:840} INFO - DAG(s) 'dag_shipment_sim' retrieved from /opt/airflow/dags/dag_shipment_sim.py
[2026-07-01T14:59:31.169+0000] {logging_mixin.py:188} INFO - [2026-07-01T14:59:31.169+0000] {dag.py:3096} INFO - Sync 1 DAGs
[2026-07-01T14:59:31.181+0000] {logging_mixin.py:188} INFO - [2026-07-01T14:59:31.180+0000] {dag.py:3954} INFO - Setting next_dagrun for dag_shipment_sim to 2026-07-01 14:00:00+00:00, run_after=2026-07-01 15:00:00+00:00
[2026-07-01T14:59:31.190+0000] {processor.py:183} INFO - Processing /opt/airflow/dags/dag_shipment_sim.py took 0.057 seconds
[2026-07-01T15:00:01.438+0000] {processor.py:161} INFO - Started process (PID=21755) to work on /opt/airflow/dags/dag_shipment_sim.py
[2026-07-01T15:00:01.439+0000] {processor.py:830} INFO - Processing file /opt/airflow/dags/dag_shipment_sim.py for tasks to queue
[2026-07-01T15:00:01.441+0000] {logging_mixin.py:188} INFO - [2026-07-01T15:00:01.440+0000] {dagbag.py:545} INFO - Filling up the DagBag from /opt/airflow/dags/dag_shipment_sim.py
[2026-07-01T15:00:01.451+0000] {processor.py:840} INFO - DAG(s) 'dag_shipment_sim' retrieved from /opt/airflow/dags/dag_shipment_sim.py
[2026-07-01T15:00:01.465+0000] {logging_mixin.py:188} INFO - [2026-07-01T15:00:01.465+0000] {dag.py:3096} INFO - Sync 1 DAGs
[2026-07-01T15:00:01.477+0000] {logging_mixin.py:188} INFO - [2026-07-01T15:00:01.477+0000] {dag.py:3954} INFO - Setting next_dagrun for dag_shipment_sim to 2026-07-01 15:00:00+00:00, run_after=2026-07-01 16:00:00+00:00
[2026-07-01T15:00:01.493+0000] {processor.py:183} INFO - Processing /opt/airflow/dags/dag_shipment_sim.py took 0.067 seconds
[2026-07-01T15:00:31.821+0000] {processor.py:161} INFO - Started process (PID=22370) to work on /opt/airflow/dags/dag_shipment_sim.py
[2026-07-01T15:00:31.822+0000] {processor.py:830} INFO - Processing file /opt/airflow/dags/dag_shipment_sim.py for tasks to queue
[2026-07-01T15:00:31.825+0000] {logging_mixin.py:188} INFO - [2026-07-01T15:00:31.824+0000] {dagbag.py:545} INFO - Filling up the DagBag from /opt/airflow/dags/dag_shipment_sim.py
[2026-07-01T15:00:31.870+0000] {processor.py:840} INFO - DAG(s) 'dag_shipment_sim' retrieved from /opt/airflow/dags/dag_shipment_sim.py
[2026-07-01T15:00:31.958+0000] {logging_mixin.py:188} INFO - [2026-07-01T15:00:31.955+0000] {dag.py:3096} INFO - Sync 1 DAGs
[2026-07-01T15:00:32.087+0000] {logging_mixin.py:188} INFO - [2026-07-01T15:00:32.087+0000] {dag.py:3954} INFO - Setting next_dagrun for dag_shipment_sim to 2026-07-01 15:00:00+00:00, run_after=2026-07-01 16:00:00+00:00
[2026-07-01T15:00:32.114+0000] {processor.py:183} INFO - Processing /opt/airflow/dags/dag_shipment_sim.py took 0.301 seconds
[2026-07-01T15:01:02.907+0000] {processor.py:161} INFO - Started process (PID=22407) to work on /opt/airflow/dags/dag_shipment_sim.py
[2026-07-01T15:01:02.909+0000] {processor.py:830} INFO - Processing file /opt/airflow/dags/dag_shipment_sim.py for tasks to queue
[2026-07-01T15:01:02.911+0000] {logging_mixin.py:188} INFO - [2026-07-01T15:01:02.911+0000] {dagbag.py:545} INFO - Filling up the DagBag from /opt/airflow/dags/dag_shipment_sim.py
[2026-07-01T15:01:02.935+0000] {processor.py:840} INFO - DAG(s) 'dag_shipment_sim' retrieved from /opt/airflow/dags/dag_shipment_sim.py
[2026-07-01T15:01:02.976+0000] {logging_mixin.py:188} INFO - [2026-07-01T15:01:02.976+0000] {dag.py:3096} INFO - Sync 1 DAGs
[2026-07-01T15:01:02.994+0000] {logging_mixin.py:188} INFO - [2026-07-01T15:01:02.994+0000] {dag.py:3954} INFO - Setting next_dagrun for dag_shipment_sim to 2026-07-01 15:00:00+00:00, run_after=2026-07-01 16:00:00+00:00
[2026-07-01T15:01:03.018+0000] {processor.py:183} INFO - Processing /opt/airflow/dags/dag_shipment_sim.py took 0.118 seconds
[2026-07-01T15:01:34.303+0000] {processor.py:161} INFO - Started process (PID=22444) to work on /opt/airflow/dags/dag_shipment_sim.py
[2026-07-01T15:01:34.304+0000] {processor.py:830} INFO - Processing file /opt/airflow/dags/dag_shipment_sim.py for tasks to queue
[2026-07-01T15:01:34.308+0000] {logging_mixin.py:188} INFO - [2026-07-01T15:01:34.307+0000] {dagbag.py:545} INFO - Filling up the DagBag from /opt/airflow/dags/dag_shipment_sim.py
[2026-07-01T15:01:34.329+0000] {processor.py:840} INFO - DAG(s) 'dag_shipment_sim' retrieved from /opt/airflow/dags/dag_shipment_sim.py
[2026-07-01T15:01:34.351+0000] {logging_mixin.py:188} INFO - [2026-07-01T15:01:34.351+0000] {dag.py:3096} INFO - Sync 1 DAGs
[2026-07-01T15:01:34.370+0000] {logging_mixin.py:188} INFO - [2026-07-01T15:01:34.370+0000] {dag.py:3954} INFO - Setting next_dagrun for dag_shipment_sim to 2026-07-01 15:00:00+00:00, run_after=2026-07-01 16:00:00+00:00
[2026-07-01T15:01:34.389+0000] {processor.py:183} INFO - Processing /opt/airflow/dags/dag_shipment_sim.py took 0.091 seconds
[2026-07-01T15:02:05.307+0000] {processor.py:161} INFO - Started process (PID=22475) to work on /opt/airflow/dags/dag_shipment_sim.py
[2026-07-01T15:02:05.308+0000] {processor.py:830} INFO - Processing file /opt/airflow/dags/dag_shipment_sim.py for tasks to queue
[2026-07-01T15:02:05.309+0000] {logging_mixin.py:188} INFO - [2026-07-01T15:02:05.309+0000] {dagbag.py:545} INFO - Filling up the DagBag from /opt/airflow/dags/dag_shipment_sim.py
[2026-07-01T15:02:05.319+0000] {processor.py:840} INFO - DAG(s) 'dag_shipment_sim' retrieved from /opt/airflow/dags/dag_shipment_sim.py
[2026-07-01T15:02:05.335+0000] {logging_mixin.py:188} INFO - [2026-07-01T15:02:05.335+0000] {dag.py:3096} INFO - Sync 1 DAGs
[2026-07-01T15:02:05.347+0000] {logging_mixin.py:188} INFO - [2026-07-01T15:02:05.347+0000] {dag.py:3954} INFO - Setting next_dagrun for dag_shipment_sim to 2026-07-01 15:00:00+00:00, run_after=2026-07-01 16:00:00+00:00
[2026-07-01T15:02:05.356+0000] {processor.py:183} INFO - Processing /opt/airflow/dags/dag_shipment_sim.py took 0.068 seconds
[2026-07-01T15:02:35.400+0000] {processor.py:161} INFO - Started process (PID=22506) to work on /opt/airflow/dags/dag_shipment_sim.py
[2026-07-01T15:02:35.401+0000] {processor.py:830} INFO - Processing file /opt/airflow/dags/dag_shipment_sim.py for tasks to queue
[2026-07-01T15:02:35.402+0000] {logging_mixin.py:188} INFO - [2026-07-01T15:02:35.402+0000] {dagbag.py:545} INFO - Filling up the DagBag from /opt/airflow/dags/dag_shipment_sim.py
[2026-07-01T15:02:35.417+0000] {processor.py:840} INFO - DAG(s) 'dag_shipment_sim' retrieved from /opt/airflow/dags/dag_shipment_sim.py
[2026-07-01T15:02:35.448+0000] {logging_mixin.py:188} INFO - [2026-07-01T15:02:35.448+0000] {dag.py:3096} INFO - Sync 1 DAGs
[2026-07-01T15:02:35.467+0000] {logging_mixin.py:188} INFO - [2026-07-01T15:02:35.467+0000] {dag.py:3954} INFO - Setting next_dagrun for dag_shipment_sim to 2026-07-01 15:00:00+00:00, run_after=2026-07-01 16:00:00+00:00
[2026-07-01T15:02:35.479+0000] {processor.py:183} INFO - Processing /opt/airflow/dags/dag_shipment_sim.py took 0.085 seconds
[2026-07-01T15:03:05.737+0000] {processor.py:161} INFO - Started process (PID=22545) to work on /opt/airflow/dags/dag_shipment_sim.py
[2026-07-01T15:03:05.739+0000] {processor.py:830} INFO - Processing file /opt/airflow/dags/dag_shipment_sim.py for tasks to queue
[2026-07-01T15:03:05.739+0000] {logging_mixin.py:188} INFO - [2026-07-01T15:03:05.739+0000] {dagbag.py:545} INFO - Filling up the DagBag from /opt/airflow/dags/dag_shipment_sim.py
[2026-07-01T15:03:05.749+0000] {processor.py:840} INFO - DAG(s) 'dag_shipment_sim' retrieved from /opt/airflow/dags/dag_shipment_sim.py
[2026-07-01T15:03:05.761+0000] {logging_mixin.py:188} INFO - [2026-07-01T15:03:05.761+0000] {dag.py:3096} INFO - Sync 1 DAGs
[2026-07-01T15:03:05.772+0000] {logging_mixin.py:188} INFO - [2026-07-01T15:03:05.772+0000] {dag.py:3954} INFO - Setting next_dagrun for dag_shipment_sim to 2026-07-01 15:00:00+00:00, run_after=2026-07-01 16:00:00+00:00
[2026-07-01T15:03:05.781+0000] {processor.py:183} INFO - Processing /opt/airflow/dags/dag_shipment_sim.py took 0.055 seconds
[2026-07-01T15:03:35.949+0000] {processor.py:161} INFO - Started process (PID=22582) to work on /opt/airflow/dags/dag_shipment_sim.py
[2026-07-01T15:03:35.950+0000] {processor.py:830} INFO - Processing file /opt/airflow/dags/dag_shipment_sim.py for tasks to queue
[2026-07-01T15:03:35.951+0000] {logging_mixin.py:188} INFO - [2026-07-01T15:03:35.950+0000] {dagbag.py:545} INFO - Filling up the DagBag from /opt/airflow/dags/dag_shipment_sim.py
[2026-07-01T15:03:35.961+0000] {processor.py:840} INFO - DAG(s) 'dag_shipment_sim' retrieved from /opt/airflow/dags/dag_shipment_sim.py
[2026-07-01T15:03:35.973+0000] {logging_mixin.py:188} INFO - [2026-07-01T15:03:35.973+0000] {dag.py:3096} INFO - Sync 1 DAGs
[2026-07-01T15:03:35.984+0000] {logging_mixin.py:188} INFO - [2026-07-01T15:03:35.984+0000] {dag.py:3954} INFO - Setting next_dagrun for dag_shipment_sim to 2026-07-01 15:00:00+00:00, run_after=2026-07-01 16:00:00+00:00
[2026-07-01T15:03:35.996+0000] {processor.py:183} INFO - Processing /opt/airflow/dags/dag_shipment_sim.py took 0.052 seconds
[2026-07-01T15:04:06.209+0000] {processor.py:161} INFO - Started process (PID=22619) to work on /opt/airflow/dags/dag_shipment_sim.py
[2026-07-01T15:04:06.210+0000] {processor.py:830} INFO - Processing file /opt/airflow/dags/dag_shipment_sim.py for tasks to queue
[2026-07-01T15:04:06.211+0000] {logging_mixin.py:188} INFO - [2026-07-01T15:04:06.210+0000] {dagbag.py:545} INFO - Filling up the DagBag from /opt/airflow/dags/dag_shipment_sim.py
[2026-07-01T15:04:06.218+0000] {processor.py:840} INFO - DAG(s) 'dag_shipment_sim' retrieved from /opt/airflow/dags/dag_shipment_sim.py
[2026-07-01T15:04:06.228+0000] {logging_mixin.py:188} INFO - [2026-07-01T15:04:06.228+0000] {dag.py:3096} INFO - Sync 1 DAGs
[2026-07-01T15:04:06.237+0000] {logging_mixin.py:188} INFO - [2026-07-01T15:04:06.237+0000] {dag.py:3954} INFO - Setting next_dagrun for dag_shipment_sim to 2026-07-01 15:00:00+00:00, run_after=2026-07-01 16:00:00+00:00
[2026-07-01T15:04:06.244+0000] {processor.py:183} INFO - Processing /opt/airflow/dags/dag_shipment_sim.py took 0.037 seconds
[2026-07-01T15:04:36.431+0000] {processor.py:161} INFO - Started process (PID=22656) to work on /opt/airflow/dags/dag_shipment_sim.py
[2026-07-01T15:04:36.432+0000] {processor.py:830} INFO - Processing file /opt/airflow/dags/dag_shipment_sim.py for tasks to queue
[2026-07-01T15:04:36.433+0000] {logging_mixin.py:188} INFO - [2026-07-01T15:04:36.433+0000] {dagbag.py:545} INFO - Filling up the DagBag from /opt/airflow/dags/dag_shipment_sim.py
[2026-07-01T15:04:36.442+0000] {processor.py:840} INFO - DAG(s) 'dag_shipment_sim' retrieved from /opt/airflow/dags/dag_shipment_sim.py
[2026-07-01T15:04:36.452+0000] {logging_mixin.py:188} INFO - [2026-07-01T15:04:36.452+0000] {dag.py:3096} INFO - Sync 1 DAGs
[2026-07-01T15:04:36.464+0000] {logging_mixin.py:188} INFO - [2026-07-01T15:04:36.464+0000] {dag.py:3954} INFO - Setting next_dagrun for dag_shipment_sim to 2026-07-01 15:00:00+00:00, run_after=2026-07-01 16:00:00+00:00
[2026-07-01T15:04:36.472+0000] {processor.py:183} INFO - Processing /opt/airflow/dags/dag_shipment_sim.py took 0.045 seconds
[2026-07-01T15:05:06.646+0000] {processor.py:161} INFO - Started process (PID=22693) to work on /opt/airflow/dags/dag_shipment_sim.py
[2026-07-01T15:05:06.647+0000] {processor.py:830} INFO - Processing file /opt/airflow/dags/dag_shipment_sim.py for tasks to queue
[2026-07-01T15:05:06.647+0000] {logging_mixin.py:188} INFO - [2026-07-01T15:05:06.647+0000] {dagbag.py:545} INFO - Filling up the DagBag from /opt/airflow/dags/dag_shipment_sim.py
[2026-07-01T15:05:06.655+0000] {processor.py:840} INFO - DAG(s) 'dag_shipment_sim' retrieved from /opt/airflow/dags/dag_shipment_sim.py
[2026-07-01T15:05:06.664+0000] {logging_mixin.py:188} INFO - [2026-07-01T15:05:06.664+0000] {dag.py:3096} INFO - Sync 1 DAGs
[2026-07-01T15:05:06.673+0000] {logging_mixin.py:188} INFO - [2026-07-01T15:05:06.672+0000] {dag.py:3954} INFO - Setting next_dagrun for dag_shipment_sim to 2026-07-01 15:00:00+00:00, run_after=2026-07-01 16:00:00+00:00
[2026-07-01T15:05:06.680+0000] {processor.py:183} INFO - Processing /opt/airflow/dags/dag_shipment_sim.py took 0.040 seconds
[2026-07-01T15:05:37.017+0000] {processor.py:161} INFO - Started process (PID=22730) to work on /opt/airflow/dags/dag_shipment_sim.py
[2026-07-01T15:05:37.018+0000] {processor.py:830} INFO - Processing file /opt/airflow/dags/dag_shipment_sim.py for tasks to queue
[2026-07-01T15:05:37.019+0000] {logging_mixin.py:188} INFO - [2026-07-01T15:05:37.019+0000] {dagbag.py:545} INFO - Filling up the DagBag from /opt/airflow/dags/dag_shipment_sim.py
[2026-07-01T15:05:37.028+0000] {processor.py:840} INFO - DAG(s) 'dag_shipment_sim' retrieved from /opt/airflow/dags/dag_shipment_sim.py
[2026-07-01T15:05:37.039+0000] {logging_mixin.py:188} INFO - [2026-07-01T15:05:37.039+0000] {dag.py:3096} INFO - Sync 1 DAGs
[2026-07-01T15:05:37.048+0000] {logging_mixin.py:188} INFO - [2026-07-01T15:05:37.048+0000] {dag.py:3954} INFO - Setting next_dagrun for dag_shipment_sim to 2026-07-01 15:00:00+00:00, run_after=2026-07-01 16:00:00+00:00
[2026-07-01T15:05:37.056+0000] {processor.py:183} INFO - Processing /opt/airflow/dags/dag_shipment_sim.py took 0.042 seconds
[2026-07-01T15:06:07.252+0000] {processor.py:161} INFO - Started process (PID=22767) to work on /opt/airflow/dags/dag_shipment_sim.py
[2026-07-01T15:06:07.253+0000] {processor.py:830} INFO - Processing file /opt/airflow/dags/dag_shipment_sim.py for tasks to queue
[2026-07-01T15:06:07.254+0000] {logging_mixin.py:188} INFO - [2026-07-01T15:06:07.254+0000] {dagbag.py:545} INFO - Filling up the DagBag from /opt/airflow/dags/dag_shipment_sim.py
[2026-07-01T15:06:07.262+0000] {processor.py:840} INFO - DAG(s) 'dag_shipment_sim' retrieved from /opt/airflow/dags/dag_shipment_sim.py
[2026-07-01T15:06:07.272+0000] {logging_mixin.py:188} INFO - [2026-07-01T15:06:07.272+0000] {dag.py:3096} INFO - Sync 1 DAGs
[2026-07-01T15:06:07.280+0000] {logging_mixin.py:188} INFO - [2026-07-01T15:06:07.280+0000] {dag.py:3954} INFO - Setting next_dagrun for dag_shipment_sim to 2026-07-01 15:00:00+00:00, run_after=2026-07-01 16:00:00+00:00
[2026-07-01T15:06:07.287+0000] {processor.py:183} INFO - Processing /opt/airflow/dags/dag_shipment_sim.py took 0.046 seconds
[2026-07-01T15:06:37.396+0000] {processor.py:161} INFO - Started process (PID=22804) to work on /opt/airflow/dags/dag_shipment_sim.py
[2026-07-01T15:06:37.397+0000] {processor.py:830} INFO - Processing file /opt/airflow/dags/dag_shipment_sim.py for tasks to queue
[2026-07-01T15:06:37.398+0000] {logging_mixin.py:188} INFO - [2026-07-01T15:06:37.398+0000] {dagbag.py:545} INFO - Filling up the DagBag from /opt/airflow/dags/dag_shipment_sim.py
[2026-07-01T15:06:37.405+0000] {processor.py:840} INFO - DAG(s) 'dag_shipment_sim' retrieved from /opt/airflow/dags/dag_shipment_sim.py
[2026-07-01T15:06:37.416+0000] {logging_mixin.py:188} INFO - [2026-07-01T15:06:37.416+0000] {dag.py:3096} INFO - Sync 1 DAGs
[2026-07-01T15:06:37.426+0000] {logging_mixin.py:188} INFO - [2026-07-01T15:06:37.426+0000] {dag.py:3954} INFO - Setting next_dagrun for dag_shipment_sim to 2026-07-01 15:00:00+00:00, run_after=2026-07-01 16:00:00+00:00
[2026-07-01T15:06:37.433+0000] {processor.py:183} INFO - Processing /opt/airflow/dags/dag_shipment_sim.py took 0.042 seconds
[2026-07-01T15:07:08.459+0000] {processor.py:161} INFO - Started process (PID=22841) to work on /opt/airflow/dags/dag_shipment_sim.py
[2026-07-01T15:07:08.459+0000] {processor.py:830} INFO - Processing file /opt/airflow/dags/dag_shipment_sim.py for tasks to queue
[2026-07-01T15:07:08.460+0000] {logging_mixin.py:188} INFO - [2026-07-01T15:07:08.460+0000] {dagbag.py:545} INFO - Filling up the DagBag from /opt/airflow/dags/dag_shipment_sim.py
[2026-07-01T15:07:08.468+0000] {processor.py:840} INFO - DAG(s) 'dag_shipment_sim' retrieved from /opt/airflow/dags/dag_shipment_sim.py
[2026-07-01T15:07:08.480+0000] {logging_mixin.py:188} INFO - [2026-07-01T15:07:08.480+0000] {dag.py:3096} INFO - Sync 1 DAGs
[2026-07-01T15:07:08.489+0000] {logging_mixin.py:188} INFO - [2026-07-01T15:07:08.489+0000] {dag.py:3954} INFO - Setting next_dagrun for dag_shipment_sim to 2026-07-01 15:00:00+00:00, run_after=2026-07-01 16:00:00+00:00
[2026-07-01T15:07:08.496+0000] {processor.py:183} INFO - Processing /opt/airflow/dags/dag_shipment_sim.py took 0.044 seconds
[2026-07-01T15:07:38.765+0000] {processor.py:161} INFO - Started process (PID=22878) to work on /opt/airflow/dags/dag_shipment_sim.py
[2026-07-01T15:07:38.766+0000] {processor.py:830} INFO - Processing file /opt/airflow/dags/dag_shipment_sim.py for tasks to queue
[2026-07-01T15:07:38.767+0000] {logging_mixin.py:188} INFO - [2026-07-01T15:07:38.767+0000] {dagbag.py:545} INFO - Filling up the DagBag from /opt/airflow/dags/dag_shipment_sim.py
[2026-07-01T15:07:38.776+0000] {processor.py:840} INFO - DAG(s) 'dag_shipment_sim' retrieved from /opt/airflow/dags/dag_shipment_sim.py
[2026-07-01T15:07:38.789+0000] {logging_mixin.py:188} INFO - [2026-07-01T15:07:38.788+0000] {dag.py:3096} INFO - Sync 1 DAGs
[2026-07-01T15:07:38.798+0000] {logging_mixin.py:188} INFO - [2026-07-01T15:07:38.798+0000] {dag.py:3954} INFO - Setting next_dagrun for dag_shipment_sim to 2026-07-01 15:00:00+00:00, run_after=2026-07-01 16:00:00+00:00
[2026-07-01T15:07:38.806+0000] {processor.py:183} INFO - Processing /opt/airflow/dags/dag_shipment_sim.py took 0.044 seconds
[2026-07-01T15:08:09.279+0000] {processor.py:161} INFO - Started process (PID=22915) to work on /opt/airflow/dags/dag_shipment_sim.py
[2026-07-01T15:08:09.281+0000] {processor.py:830} INFO - Processing file /opt/airflow/dags/dag_shipment_sim.py for tasks to queue
[2026-07-01T15:08:09.284+0000] {logging_mixin.py:188} INFO - [2026-07-01T15:08:09.283+0000] {dagbag.py:545} INFO - Filling up the DagBag from /opt/airflow/dags/dag_shipment_sim.py
[2026-07-01T15:08:09.300+0000] {processor.py:840} INFO - DAG(s) 'dag_shipment_sim' retrieved from /opt/airflow/dags/dag_shipment_sim.py
[2026-07-01T15:08:09.314+0000] {logging_mixin.py:188} INFO - [2026-07-01T15:08:09.314+0000] {dag.py:3096} INFO - Sync 1 DAGs
[2026-07-01T15:08:09.325+0000] {logging_mixin.py:188} INFO - [2026-07-01T15:08:09.324+0000] {dag.py:3954} INFO - Setting next_dagrun for dag_shipment_sim to 2026-07-01 15:00:00+00:00, run_after=2026-07-01 16:00:00+00:00
[2026-07-01T15:08:09.335+0000] {processor.py:183} INFO - Processing /opt/airflow/dags/dag_shipment_sim.py took 0.067 seconds
[2026-07-01T15:08:39.415+0000] {processor.py:161} INFO - Started process (PID=22952) to work on /opt/airflow/dags/dag_shipment_sim.py
[2026-07-01T15:08:39.416+0000] {processor.py:830} INFO - Processing file /opt/airflow/dags/dag_shipment_sim.py for tasks to queue
[2026-07-01T15:08:39.417+0000] {logging_mixin.py:188} INFO - [2026-07-01T15:08:39.417+0000] {dagbag.py:545} INFO - Filling up the DagBag from /opt/airflow/dags/dag_shipment_sim.py
[2026-07-01T15:08:39.430+0000] {processor.py:840} INFO - DAG(s) 'dag_shipment_sim' retrieved from /opt/airflow/dags/dag_shipment_sim.py
[2026-07-01T15:08:39.444+0000] {logging_mixin.py:188} INFO - [2026-07-01T15:08:39.444+0000] {dag.py:3096} INFO - Sync 1 DAGs
[2026-07-01T15:08:39.457+0000] {logging_mixin.py:188} INFO - [2026-07-01T15:08:39.457+0000] {dag.py:3954} INFO - Setting next_dagrun for dag_shipment_sim to 2026-07-01 15:00:00+00:00, run_after=2026-07-01 16:00:00+00:00
[2026-07-01T15:08:39.468+0000] {processor.py:183} INFO - Processing /opt/airflow/dags/dag_shipment_sim.py took 0.056 seconds
[2026-07-01T15:09:09.667+0000] {processor.py:161} INFO - Started process (PID=22987) to work on /opt/airflow/dags/dag_shipment_sim.py
[2026-07-01T15:09:09.668+0000] {processor.py:830} INFO - Processing file /opt/airflow/dags/dag_shipment_sim.py for tasks to queue
[2026-07-01T15:09:09.671+0000] {logging_mixin.py:188} INFO - [2026-07-01T15:09:09.670+0000] {dagbag.py:545} INFO - Filling up the DagBag from /opt/airflow/dags/dag_shipment_sim.py
[2026-07-01T15:09:09.685+0000] {processor.py:840} INFO - DAG(s) 'dag_shipment_sim' retrieved from /opt/airflow/dags/dag_shipment_sim.py
[2026-07-01T15:09:09.704+0000] {logging_mixin.py:188} INFO - [2026-07-01T15:09:09.703+0000] {dag.py:3096} INFO - Sync 1 DAGs
[2026-07-01T15:09:09.715+0000] {logging_mixin.py:188} INFO - [2026-07-01T15:09:09.715+0000] {dag.py:3954} INFO - Setting next_dagrun for dag_shipment_sim to 2026-07-01 15:00:00+00:00, run_after=2026-07-01 16:00:00+00:00
[2026-07-01T15:09:09.723+0000] {processor.py:183} INFO - Processing /opt/airflow/dags/dag_shipment_sim.py took 0.062 seconds
[2026-07-01T15:09:39.777+0000] {processor.py:161} INFO - Started process (PID=23024) to work on /opt/airflow/dags/dag_shipment_sim.py
[2026-07-01T15:09:39.779+0000] {processor.py:830} INFO - Processing file /opt/airflow/dags/dag_shipment_sim.py for tasks to queue
[2026-07-01T15:09:39.780+0000] {logging_mixin.py:188} INFO - [2026-07-01T15:09:39.780+0000] {dagbag.py:545} INFO - Filling up the DagBag from /opt/airflow/dags/dag_shipment_sim.py
[2026-07-01T15:09:39.792+0000] {processor.py:840} INFO - DAG(s) 'dag_shipment_sim' retrieved from /opt/airflow/dags/dag_shipment_sim.py
[2026-07-01T15:09:39.810+0000] {logging_mixin.py:188} INFO - [2026-07-01T15:09:39.810+0000] {dag.py:3096} INFO - Sync 1 DAGs
[2026-07-01T15:09:39.820+0000] {logging_mixin.py:188} INFO - [2026-07-01T15:09:39.819+0000] {dag.py:3954} INFO - Setting next_dagrun for dag_shipment_sim to 2026-07-01 15:00:00+00:00, run_after=2026-07-01 16:00:00+00:00
[2026-07-01T15:09:39.827+0000] {processor.py:183} INFO - Processing /opt/airflow/dags/dag_shipment_sim.py took 0.054 seconds
[2026-07-01T15:10:09.991+0000] {processor.py:161} INFO - Started process (PID=23063) to work on /opt/airflow/dags/dag_shipment_sim.py
[2026-07-01T15:10:09.992+0000] {processor.py:830} INFO - Processing file /opt/airflow/dags/dag_shipment_sim.py for tasks to queue
[2026-07-01T15:10:09.993+0000] {logging_mixin.py:188} INFO - [2026-07-01T15:10:09.993+0000] {dagbag.py:545} INFO - Filling up the DagBag from /opt/airflow/dags/dag_shipment_sim.py
[2026-07-01T15:10:10.003+0000] {processor.py:840} INFO - DAG(s) 'dag_shipment_sim' retrieved from /opt/airflow/dags/dag_shipment_sim.py
[2026-07-01T15:10:10.014+0000] {logging_mixin.py:188} INFO - [2026-07-01T15:10:10.014+0000] {dag.py:3096} INFO - Sync 1 DAGs
[2026-07-01T15:10:10.022+0000] {logging_mixin.py:188} INFO - [2026-07-01T15:10:10.022+0000] {dag.py:3954} INFO - Setting next_dagrun for dag_shipment_sim to 2026-07-01 15:00:00+00:00, run_after=2026-07-01 16:00:00+00:00
[2026-07-01T15:10:10.029+0000] {processor.py:183} INFO - Processing /opt/airflow/dags/dag_shipment_sim.py took 0.044 seconds
[2026-07-01T15:10:41.078+0000] {processor.py:161} INFO - Started process (PID=23100) to work on /opt/airflow/dags/dag_shipment_sim.py
[2026-07-01T15:10:41.079+0000] {processor.py:830} INFO - Processing file /opt/airflow/dags/dag_shipment_sim.py for tasks to queue
[2026-07-01T15:10:41.080+0000] {logging_mixin.py:188} INFO - [2026-07-01T15:10:41.080+0000] {dagbag.py:545} INFO - Filling up the DagBag from /opt/airflow/dags/dag_shipment_sim.py
[2026-07-01T15:10:41.088+0000] {processor.py:840} INFO - DAG(s) 'dag_shipment_sim' retrieved from /opt/airflow/dags/dag_shipment_sim.py
[2026-07-01T15:10:41.098+0000] {logging_mixin.py:188} INFO - [2026-07-01T15:10:41.098+0000] {dag.py:3096} INFO - Sync 1 DAGs
[2026-07-01T15:10:41.107+0000] {logging_mixin.py:188} INFO - [2026-07-01T15:10:41.106+0000] {dag.py:3954} INFO - Setting next_dagrun for dag_shipment_sim to 2026-07-01 15:00:00+00:00, run_after=2026-07-01 16:00:00+00:00
[2026-07-01T15:10:41.113+0000] {processor.py:183} INFO - Processing /opt/airflow/dags/dag_shipment_sim.py took 0.038 seconds
[2026-07-01T15:11:11.367+0000] {processor.py:161} INFO - Started process (PID=23137) to work on /opt/airflow/dags/dag_shipment_sim.py
[2026-07-01T15:11:11.368+0000] {processor.py:830} INFO - Processing file /opt/airflow/dags/dag_shipment_sim.py for tasks to queue
[2026-07-01T15:11:11.368+0000] {logging_mixin.py:188} INFO - [2026-07-01T15:11:11.368+0000] {dagbag.py:545} INFO - Filling up the DagBag from /opt/airflow/dags/dag_shipment_sim.py
[2026-07-01T15:11:11.376+0000] {processor.py:840} INFO - DAG(s) 'dag_shipment_sim' retrieved from /opt/airflow/dags/dag_shipment_sim.py
[2026-07-01T15:11:11.385+0000] {logging_mixin.py:188} INFO - [2026-07-01T15:11:11.385+0000] {dag.py:3096} INFO - Sync 1 DAGs
[2026-07-01T15:11:11.393+0000] {logging_mixin.py:188} INFO - [2026-07-01T15:11:11.393+0000] {dag.py:3954} INFO - Setting next_dagrun for dag_shipment_sim to 2026-07-01 15:00:00+00:00, run_after=2026-07-01 16:00:00+00:00
[2026-07-01T15:11:11.400+0000] {processor.py:183} INFO - Processing /opt/airflow/dags/dag_shipment_sim.py took 0.036 seconds
[2026-07-01T15:11:42.459+0000] {processor.py:161} INFO - Started process (PID=23174) to work on /opt/airflow/dags/dag_shipment_sim.py
[2026-07-01T15:11:42.459+0000] {processor.py:830} INFO - Processing file /opt/airflow/dags/dag_shipment_sim.py for tasks to queue
[2026-07-01T15:11:42.460+0000] {logging_mixin.py:188} INFO - [2026-07-01T15:11:42.460+0000] {dagbag.py:545} INFO - Filling up the DagBag from /opt/airflow/dags/dag_shipment_sim.py
[2026-07-01T15:11:42.467+0000] {processor.py:840} INFO - DAG(s) 'dag_shipment_sim' retrieved from /opt/airflow/dags/dag_shipment_sim.py
[2026-07-01T15:11:42.476+0000] {logging_mixin.py:188} INFO - [2026-07-01T15:11:42.476+0000] {dag.py:3096} INFO - Sync 1 DAGs
[2026-07-01T15:11:42.484+0000] {logging_mixin.py:188} INFO - [2026-07-01T15:11:42.484+0000] {dag.py:3954} INFO - Setting next_dagrun for dag_shipment_sim to 2026-07-01 15:00:00+00:00, run_after=2026-07-01 16:00:00+00:00
[2026-07-01T15:11:42.491+0000] {processor.py:183} INFO - Processing /opt/airflow/dags/dag_shipment_sim.py took 0.035 seconds
[2026-07-01T15:12:13.171+0000] {processor.py:161} INFO - Started process (PID=23211) to work on /opt/airflow/dags/dag_shipment_sim.py
[2026-07-01T15:12:13.174+0000] {processor.py:830} INFO - Processing file /opt/airflow/dags/dag_shipment_sim.py for tasks to queue
[2026-07-01T15:12:13.175+0000] {logging_mixin.py:188} INFO - [2026-07-01T15:12:13.175+0000] {dagbag.py:545} INFO - Filling up the DagBag from /opt/airflow/dags/dag_shipment_sim.py
[2026-07-01T15:12:13.183+0000] {processor.py:840} INFO - DAG(s) 'dag_shipment_sim' retrieved from /opt/airflow/dags/dag_shipment_sim.py
[2026-07-01T15:12:13.195+0000] {logging_mixin.py:188} INFO - [2026-07-01T15:12:13.195+0000] {dag.py:3096} INFO - Sync 1 DAGs
[2026-07-01T15:12:13.203+0000] {logging_mixin.py:188} INFO - [2026-07-01T15:12:13.203+0000] {dag.py:3954} INFO - Setting next_dagrun for dag_shipment_sim to 2026-07-01 15:00:00+00:00, run_after=2026-07-01 16:00:00+00:00
[2026-07-01T15:12:13.210+0000] {processor.py:183} INFO - Processing /opt/airflow/dags/dag_shipment_sim.py took 0.048 seconds
[2026-07-01T15:12:44.481+0000] {processor.py:161} INFO - Started process (PID=23248) to work on /opt/airflow/dags/dag_shipment_sim.py
[2026-07-01T15:12:44.482+0000] {processor.py:830} INFO - Processing file /opt/airflow/dags/dag_shipment_sim.py for tasks to queue
[2026-07-01T15:12:44.483+0000] {logging_mixin.py:188} INFO - [2026-07-01T15:12:44.482+0000] {dagbag.py:545} INFO - Filling up the DagBag from /opt/airflow/dags/dag_shipment_sim.py
[2026-07-01T15:12:44.499+0000] {processor.py:840} INFO - DAG(s) 'dag_shipment_sim' retrieved from /opt/airflow/dags/dag_shipment_sim.py
[2026-07-01T15:12:44.511+0000] {logging_mixin.py:188} INFO - [2026-07-01T15:12:44.511+0000] {dag.py:3096} INFO - Sync 1 DAGs
[2026-07-01T15:12:44.521+0000] {logging_mixin.py:188} INFO - [2026-07-01T15:12:44.521+0000] {dag.py:3954} INFO - Setting next_dagrun for dag_shipment_sim to 2026-07-01 15:00:00+00:00, run_after=2026-07-01 16:00:00+00:00
[2026-07-01T15:12:44.530+0000] {processor.py:183} INFO - Processing /opt/airflow/dags/dag_shipment_sim.py took 0.055 seconds
[2026-07-01T15:13:15.024+0000] {processor.py:161} INFO - Started process (PID=23285) to work on /opt/airflow/dags/dag_shipment_sim.py
[2026-07-01T15:13:15.025+0000] {processor.py:830} INFO - Processing file /opt/airflow/dags/dag_shipment_sim.py for tasks to queue
[2026-07-01T15:13:15.027+0000] {logging_mixin.py:188} INFO - [2026-07-01T15:13:15.027+0000] {dagbag.py:545} INFO - Filling up the DagBag from /opt/airflow/dags/dag_shipment_sim.py
[2026-07-01T15:13:15.045+0000] {processor.py:840} INFO - DAG(s) 'dag_shipment_sim' retrieved from /opt/airflow/dags/dag_shipment_sim.py
[2026-07-01T15:13:15.064+0000] {logging_mixin.py:188} INFO - [2026-07-01T15:13:15.064+0000] {dag.py:3096} INFO - Sync 1 DAGs
[2026-07-01T15:13:15.076+0000] {logging_mixin.py:188} INFO - [2026-07-01T15:13:15.076+0000] {dag.py:3954} INFO - Setting next_dagrun for dag_shipment_sim to 2026-07-01 15:00:00+00:00, run_after=2026-07-01 16:00:00+00:00
[2026-07-01T15:13:15.089+0000] {processor.py:183} INFO - Processing /opt/airflow/dags/dag_shipment_sim.py took 0.072 seconds
[2026-07-01T15:13:46.029+0000] {processor.py:161} INFO - Started process (PID=23320) to work on /opt/airflow/dags/dag_shipment_sim.py
[2026-07-01T15:13:46.030+0000] {processor.py:830} INFO - Processing file /opt/airflow/dags/dag_shipment_sim.py for tasks to queue
[2026-07-01T15:13:46.032+0000] {logging_mixin.py:188} INFO - [2026-07-01T15:13:46.032+0000] {dagbag.py:545} INFO - Filling up the DagBag from /opt/airflow/dags/dag_shipment_sim.py
[2026-07-01T15:13:46.047+0000] {processor.py:840} INFO - DAG(s) 'dag_shipment_sim' retrieved from /opt/airflow/dags/dag_shipment_sim.py
[2026-07-01T15:13:46.066+0000] {logging_mixin.py:188} INFO - [2026-07-01T15:13:46.065+0000] {dag.py:3096} INFO - Sync 1 DAGs
[2026-07-01T15:13:46.080+0000] {logging_mixin.py:188} INFO - [2026-07-01T15:13:46.080+0000] {dag.py:3954} INFO - Setting next_dagrun for dag_shipment_sim to 2026-07-01 15:00:00+00:00, run_after=2026-07-01 16:00:00+00:00
[2026-07-01T15:13:46.093+0000] {processor.py:183} INFO - Processing /opt/airflow/dags/dag_shipment_sim.py took 0.068 seconds
[2026-07-01T15:14:16.275+0000] {processor.py:161} INFO - Started process (PID=23357) to work on /opt/airflow/dags/dag_shipment_sim.py
[2026-07-01T15:14:16.276+0000] {processor.py:830} INFO - Processing file /opt/airflow/dags/dag_shipment_sim.py for tasks to queue
[2026-07-01T15:14:16.278+0000] {logging_mixin.py:188} INFO - [2026-07-01T15:14:16.278+0000] {dagbag.py:545} INFO - Filling up the DagBag from /opt/airflow/dags/dag_shipment_sim.py
[2026-07-01T15:14:16.294+0000] {processor.py:840} INFO - DAG(s) 'dag_shipment_sim' retrieved from /opt/airflow/dags/dag_shipment_sim.py
[2026-07-01T15:14:16.312+0000] {logging_mixin.py:188} INFO - [2026-07-01T15:14:16.312+0000] {dag.py:3096} INFO - Sync 1 DAGs
[2026-07-01T15:14:16.339+0000] {logging_mixin.py:188} INFO - [2026-07-01T15:14:16.339+0000] {dag.py:3954} INFO - Setting next_dagrun for dag_shipment_sim to 2026-07-01 15:00:00+00:00, run_after=2026-07-01 16:00:00+00:00
[2026-07-01T15:14:16.353+0000] {processor.py:183} INFO - Processing /opt/airflow/dags/dag_shipment_sim.py took 0.082 seconds
[2026-07-01T15:14:46.465+0000] {processor.py:161} INFO - Started process (PID=23396) to work on /opt/airflow/dags/dag_shipment_sim.py
[2026-07-01T15:14:46.466+0000] {processor.py:830} INFO - Processing file /opt/airflow/dags/dag_shipment_sim.py for tasks to queue
[2026-07-01T15:14:46.466+0000] {logging_mixin.py:188} INFO - [2026-07-01T15:14:46.466+0000] {dagbag.py:545} INFO - Filling up the DagBag from /opt/airflow/dags/dag_shipment_sim.py
[2026-07-01T15:14:46.475+0000] {processor.py:840} INFO - DAG(s) 'dag_shipment_sim' retrieved from /opt/airflow/dags/dag_shipment_sim.py
[2026-07-01T15:14:46.485+0000] {logging_mixin.py:188} INFO - [2026-07-01T15:14:46.485+0000] {dag.py:3096} INFO - Sync 1 DAGs
[2026-07-01T15:14:46.493+0000] {logging_mixin.py:188} INFO - [2026-07-01T15:14:46.493+0000] {dag.py:3954} INFO - Setting next_dagrun for dag_shipment_sim to 2026-07-01 15:00:00+00:00, run_after=2026-07-01 16:00:00+00:00
[2026-07-01T15:14:46.502+0000] {processor.py:183} INFO - Processing /opt/airflow/dags/dag_shipment_sim.py took 0.039 seconds
[2026-07-01T15:15:16.768+0000] {processor.py:161} INFO - Started process (PID=23433) to work on /opt/airflow/dags/dag_shipment_sim.py
[2026-07-01T15:15:16.769+0000] {processor.py:830} INFO - Processing file /opt/airflow/dags/dag_shipment_sim.py for tasks to queue
[2026-07-01T15:15:16.769+0000] {logging_mixin.py:188} INFO - [2026-07-01T15:15:16.769+0000] {dagbag.py:545} INFO - Filling up the DagBag from /opt/airflow/dags/dag_shipment_sim.py
[2026-07-01T15:15:16.777+0000] {processor.py:840} INFO - DAG(s) 'dag_shipment_sim' retrieved from /opt/airflow/dags/dag_shipment_sim.py
[2026-07-01T15:15:16.787+0000] {logging_mixin.py:188} INFO - [2026-07-01T15:15:16.787+0000] {dag.py:3096} INFO - Sync 1 DAGs
[2026-07-01T15:15:16.795+0000] {logging_mixin.py:188} INFO - [2026-07-01T15:15:16.795+0000] {dag.py:3954} INFO - Setting next_dagrun for dag_shipment_sim to 2026-07-01 15:00:00+00:00, run_after=2026-07-01 16:00:00+00:00
[2026-07-01T15:15:16.803+0000] {processor.py:183} INFO - Processing /opt/airflow/dags/dag_shipment_sim.py took 0.043 seconds
[2026-07-01T15:15:47.909+0000] {processor.py:161} INFO - Started process (PID=23468) to work on /opt/airflow/dags/dag_shipment_sim.py
[2026-07-01T15:15:47.911+0000] {processor.py:830} INFO - Processing file /opt/airflow/dags/dag_shipment_sim.py for tasks to queue
[2026-07-01T15:15:47.913+0000] {logging_mixin.py:188} INFO - [2026-07-01T15:15:47.912+0000] {dagbag.py:545} INFO - Filling up the DagBag from /opt/airflow/dags/dag_shipment_sim.py
[2026-07-01T15:15:47.930+0000] {processor.py:840} INFO - DAG(s) 'dag_shipment_sim' retrieved from /opt/airflow/dags/dag_shipment_sim.py
[2026-07-01T15:15:47.950+0000] {logging_mixin.py:188} INFO - [2026-07-01T15:15:47.950+0000] {dag.py:3096} INFO - Sync 1 DAGs
[2026-07-01T15:15:47.969+0000] {logging_mixin.py:188} INFO - [2026-07-01T15:15:47.969+0000] {dag.py:3954} INFO - Setting next_dagrun for dag_shipment_sim to 2026-07-01 15:00:00+00:00, run_after=2026-07-01 16:00:00+00:00
[2026-07-01T15:15:47.979+0000] {processor.py:183} INFO - Processing /opt/airflow/dags/dag_shipment_sim.py took 0.074 seconds
[2026-07-01T15:16:18.520+0000] {processor.py:161} INFO - Started process (PID=23507) to work on /opt/airflow/dags/dag_shipment_sim.py
[2026-07-01T15:16:18.521+0000] {processor.py:830} INFO - Processing file /opt/airflow/dags/dag_shipment_sim.py for tasks to queue
[2026-07-01T15:16:18.523+0000] {logging_mixin.py:188} INFO - [2026-07-01T15:16:18.523+0000] {dagbag.py:545} INFO - Filling up the DagBag from /opt/airflow/dags/dag_shipment_sim.py
[2026-07-01T15:16:18.541+0000] {processor.py:840} INFO - DAG(s) 'dag_shipment_sim' retrieved from /opt/airflow/dags/dag_shipment_sim.py
[2026-07-01T15:16:18.553+0000] {logging_mixin.py:188} INFO - [2026-07-01T15:16:18.553+0000] {dag.py:3096} INFO - Sync 1 DAGs
[2026-07-01T15:16:18.562+0000] {logging_mixin.py:188} INFO - [2026-07-01T15:16:18.562+0000] {dag.py:3954} INFO - Setting next_dagrun for dag_shipment_sim to 2026-07-01 15:00:00+00:00, run_after=2026-07-01 16:00:00+00:00
[2026-07-01T15:16:18.570+0000] {processor.py:183} INFO - Processing /opt/airflow/dags/dag_shipment_sim.py took 0.060 seconds
[2026-07-01T15:16:48.901+0000] {processor.py:161} INFO - Started process (PID=23544) to work on /opt/airflow/dags/dag_shipment_sim.py
[2026-07-01T15:16:48.902+0000] {processor.py:830} INFO - Processing file /opt/airflow/dags/dag_shipment_sim.py for tasks to queue
[2026-07-01T15:16:48.903+0000] {logging_mixin.py:188} INFO - [2026-07-01T15:16:48.903+0000] {dagbag.py:545} INFO - Filling up the DagBag from /opt/airflow/dags/dag_shipment_sim.py
[2026-07-01T15:16:48.912+0000] {processor.py:840} INFO - DAG(s) 'dag_shipment_sim' retrieved from /opt/airflow/dags/dag_shipment_sim.py
[2026-07-01T15:16:48.923+0000] {logging_mixin.py:188} INFO - [2026-07-01T15:16:48.923+0000] {dag.py:3096} INFO - Sync 1 DAGs
[2026-07-01T15:16:48.934+0000] {logging_mixin.py:188} INFO - [2026-07-01T15:16:48.934+0000] {dag.py:3954} INFO - Setting next_dagrun for dag_shipment_sim to 2026-07-01 15:00:00+00:00, run_after=2026-07-01 16:00:00+00:00
[2026-07-01T15:16:48.944+0000] {processor.py:183} INFO - Processing /opt/airflow/dags/dag_shipment_sim.py took 0.046 seconds
[2026-07-01T15:17:19.983+0000] {processor.py:161} INFO - Started process (PID=23581) to work on /opt/airflow/dags/dag_shipment_sim.py
[2026-07-01T15:17:19.984+0000] {processor.py:830} INFO - Processing file /opt/airflow/dags/dag_shipment_sim.py for tasks to queue
[2026-07-01T15:17:19.984+0000] {logging_mixin.py:188} INFO - [2026-07-01T15:17:19.984+0000] {dagbag.py:545} INFO - Filling up the DagBag from /opt/airflow/dags/dag_shipment_sim.py
[2026-07-01T15:17:19.992+0000] {processor.py:840} INFO - DAG(s) 'dag_shipment_sim' retrieved from /opt/airflow/dags/dag_shipment_sim.py
[2026-07-01T15:17:20.001+0000] {logging_mixin.py:188} INFO - [2026-07-01T15:17:20.001+0000] {dag.py:3096} INFO - Sync 1 DAGs
[2026-07-01T15:17:20.009+0000] {logging_mixin.py:188} INFO - [2026-07-01T15:17:20.009+0000] {dag.py:3954} INFO - Setting next_dagrun for dag_shipment_sim to 2026-07-01 15:00:00+00:00, run_after=2026-07-01 16:00:00+00:00
[2026-07-01T15:17:20.016+0000] {processor.py:183} INFO - Processing /opt/airflow/dags/dag_shipment_sim.py took 0.035 seconds
[2026-07-01T15:17:50.774+0000] {processor.py:161} INFO - Started process (PID=23618) to work on /opt/airflow/dags/dag_shipment_sim.py
[2026-07-01T15:17:50.774+0000] {processor.py:830} INFO - Processing file /opt/airflow/dags/dag_shipment_sim.py for tasks to queue
[2026-07-01T15:17:50.775+0000] {logging_mixin.py:188} INFO - [2026-07-01T15:17:50.775+0000] {dagbag.py:545} INFO - Filling up the DagBag from /opt/airflow/dags/dag_shipment_sim.py
[2026-07-01T15:17:50.781+0000] {processor.py:840} INFO - DAG(s) 'dag_shipment_sim' retrieved from /opt/airflow/dags/dag_shipment_sim.py
[2026-07-01T15:17:50.790+0000] {logging_mixin.py:188} INFO - [2026-07-01T15:17:50.790+0000] {dag.py:3096} INFO - Sync 1 DAGs
[2026-07-01T15:17:50.798+0000] {logging_mixin.py:188} INFO - [2026-07-01T15:17:50.798+0000] {dag.py:3954} INFO - Setting next_dagrun for dag_shipment_sim to 2026-07-01 15:00:00+00:00, run_after=2026-07-01 16:00:00+00:00
[2026-07-01T15:17:50.804+0000] {processor.py:183} INFO - Processing /opt/airflow/dags/dag_shipment_sim.py took 0.033 seconds
[2026-07-01T15:18:21.862+0000] {processor.py:161} INFO - Started process (PID=23655) to work on /opt/airflow/dags/dag_shipment_sim.py
[2026-07-01T15:18:21.863+0000] {processor.py:830} INFO - Processing file /opt/airflow/dags/dag_shipment_sim.py for tasks to queue
[2026-07-01T15:18:21.864+0000] {logging_mixin.py:188} INFO - [2026-07-01T15:18:21.864+0000] {dagbag.py:545} INFO - Filling up the DagBag from /opt/airflow/dags/dag_shipment_sim.py
[2026-07-01T15:18:21.870+0000] {processor.py:840} INFO - DAG(s) 'dag_shipment_sim' retrieved from /opt/airflow/dags/dag_shipment_sim.py
[2026-07-01T15:18:21.884+0000] {logging_mixin.py:188} INFO - [2026-07-01T15:18:21.884+0000] {dag.py:3096} INFO - Sync 1 DAGs
[2026-07-01T15:18:21.894+0000] {logging_mixin.py:188} INFO - [2026-07-01T15:18:21.894+0000] {dag.py:3954} INFO - Setting next_dagrun for dag_shipment_sim to 2026-07-01 15:00:00+00:00, run_after=2026-07-01 16:00:00+00:00
[2026-07-01T15:18:21.901+0000] {processor.py:183} INFO - Processing /opt/airflow/dags/dag_shipment_sim.py took 0.041 seconds
[2026-07-01T15:18:52.655+0000] {processor.py:161} INFO - Started process (PID=23692) to work on /opt/airflow/dags/dag_shipment_sim.py
[2026-07-01T15:18:52.656+0000] {processor.py:830} INFO - Processing file /opt/airflow/dags/dag_shipment_sim.py for tasks to queue
[2026-07-01T15:18:52.657+0000] {logging_mixin.py:188} INFO - [2026-07-01T15:18:52.657+0000] {dagbag.py:545} INFO - Filling up the DagBag from /opt/airflow/dags/dag_shipment_sim.py
[2026-07-01T15:18:52.666+0000] {processor.py:840} INFO - DAG(s) 'dag_shipment_sim' retrieved from /opt/airflow/dags/dag_shipment_sim.py
[2026-07-01T15:18:52.676+0000] {logging_mixin.py:188} INFO - [2026-07-01T15:18:52.676+0000] {dag.py:3096} INFO - Sync 1 DAGs
[2026-07-01T15:18:52.685+0000] {logging_mixin.py:188} INFO - [2026-07-01T15:18:52.684+0000] {dag.py:3954} INFO - Setting next_dagrun for dag_shipment_sim to 2026-07-01 15:00:00+00:00, run_after=2026-07-01 16:00:00+00:00
[2026-07-01T15:18:52.691+0000] {processor.py:183} INFO - Processing /opt/airflow/dags/dag_shipment_sim.py took 0.039 seconds
[2026-07-01T15:19:23.665+0000] {processor.py:161} INFO - Started process (PID=23729) to work on /opt/airflow/dags/dag_shipment_sim.py
[2026-07-01T15:19:23.665+0000] {processor.py:830} INFO - Processing file /opt/airflow/dags/dag_shipment_sim.py for tasks to queue
[2026-07-01T15:19:23.666+0000] {logging_mixin.py:188} INFO - [2026-07-01T15:19:23.666+0000] {dagbag.py:545} INFO - Filling up the DagBag from /opt/airflow/dags/dag_shipment_sim.py
[2026-07-01T15:19:23.673+0000] {processor.py:840} INFO - DAG(s) 'dag_shipment_sim' retrieved from /opt/airflow/dags/dag_shipment_sim.py
[2026-07-01T15:19:23.682+0000] {logging_mixin.py:188} INFO - [2026-07-01T15:19:23.682+0000] {dag.py:3096} INFO - Sync 1 DAGs
[2026-07-01T15:19:23.689+0000] {logging_mixin.py:188} INFO - [2026-07-01T15:19:23.689+0000] {dag.py:3954} INFO - Setting next_dagrun for dag_shipment_sim to 2026-07-01 15:00:00+00:00, run_after=2026-07-01 16:00:00+00:00
[2026-07-01T15:19:23.697+0000] {processor.py:183} INFO - Processing /opt/airflow/dags/dag_shipment_sim.py took 0.034 seconds
[2026-07-01T15:19:54.580+0000] {processor.py:161} INFO - Started process (PID=23766) to work on /opt/airflow/dags/dag_shipment_sim.py
[2026-07-01T15:19:54.581+0000] {processor.py:830} INFO - Processing file /opt/airflow/dags/dag_shipment_sim.py for tasks to queue
[2026-07-01T15:19:54.582+0000] {logging_mixin.py:188} INFO - [2026-07-01T15:19:54.582+0000] {dagbag.py:545} INFO - Filling up the DagBag from /opt/airflow/dags/dag_shipment_sim.py
[2026-07-01T15:19:54.590+0000] {processor.py:840} INFO - DAG(s) 'dag_shipment_sim' retrieved from /opt/airflow/dags/dag_shipment_sim.py
[2026-07-01T15:19:54.600+0000] {logging_mixin.py:188} INFO - [2026-07-01T15:19:54.600+0000] {dag.py:3096} INFO - Sync 1 DAGs
[2026-07-01T15:19:54.609+0000] {logging_mixin.py:188} INFO - [2026-07-01T15:19:54.609+0000] {dag.py:3954} INFO - Setting next_dagrun for dag_shipment_sim to 2026-07-01 15:00:00+00:00, run_after=2026-07-01 16:00:00+00:00
[2026-07-01T15:19:54.616+0000] {processor.py:183} INFO - Processing /opt/airflow/dags/dag_shipment_sim.py took 0.039 seconds
[2026-07-01T15:20:25.645+0000] {processor.py:161} INFO - Started process (PID=23803) to work on /opt/airflow/dags/dag_shipment_sim.py
[2026-07-01T15:20:25.646+0000] {processor.py:830} INFO - Processing file /opt/airflow/dags/dag_shipment_sim.py for tasks to queue
[2026-07-01T15:20:25.646+0000] {logging_mixin.py:188} INFO - [2026-07-01T15:20:25.646+0000] {dagbag.py:545} INFO - Filling up the DagBag from /opt/airflow/dags/dag_shipment_sim.py
[2026-07-01T15:20:25.653+0000] {processor.py:840} INFO - DAG(s) 'dag_shipment_sim' retrieved from /opt/airflow/dags/dag_shipment_sim.py
[2026-07-01T15:20:25.663+0000] {logging_mixin.py:188} INFO - [2026-07-01T15:20:25.663+0000] {dag.py:3096} INFO - Sync 1 DAGs
[2026-07-01T15:20:25.671+0000] {logging_mixin.py:188} INFO - [2026-07-01T15:20:25.671+0000] {dag.py:3954} INFO - Setting next_dagrun for dag_shipment_sim to 2026-07-01 15:00:00+00:00, run_after=2026-07-01 16:00:00+00:00
[2026-07-01T15:20:25.678+0000] {processor.py:183} INFO - Processing /opt/airflow/dags/dag_shipment_sim.py took 0.035 seconds
[2026-07-01T15:20:56.710+0000] {processor.py:161} INFO - Started process (PID=23840) to work on /opt/airflow/dags/dag_shipment_sim.py
[2026-07-01T15:20:56.711+0000] {processor.py:830} INFO - Processing file /opt/airflow/dags/dag_shipment_sim.py for tasks to queue
[2026-07-01T15:20:56.712+0000] {logging_mixin.py:188} INFO - [2026-07-01T15:20:56.712+0000] {dagbag.py:545} INFO - Filling up the DagBag from /opt/airflow/dags/dag_shipment_sim.py
[2026-07-01T15:20:56.721+0000] {processor.py:840} INFO - DAG(s) 'dag_shipment_sim' retrieved from /opt/airflow/dags/dag_shipment_sim.py
[2026-07-01T15:20:56.738+0000] {logging_mixin.py:188} INFO - [2026-07-01T15:20:56.738+0000] {dag.py:3096} INFO - Sync 1 DAGs
[2026-07-01T15:20:56.746+0000] {logging_mixin.py:188} INFO - [2026-07-01T15:20:56.746+0000] {dag.py:3954} INFO - Setting next_dagrun for dag_shipment_sim to 2026-07-01 15:00:00+00:00, run_after=2026-07-01 16:00:00+00:00
[2026-07-01T15:20:56.753+0000] {processor.py:183} INFO - Processing /opt/airflow/dags/dag_shipment_sim.py took 0.047 seconds
[2026-07-01T15:21:27.783+0000] {processor.py:161} INFO - Started process (PID=23877) to work on /opt/airflow/dags/dag_shipment_sim.py
[2026-07-01T15:21:27.784+0000] {processor.py:830} INFO - Processing file /opt/airflow/dags/dag_shipment_sim.py for tasks to queue
[2026-07-01T15:21:27.785+0000] {logging_mixin.py:188} INFO - [2026-07-01T15:21:27.785+0000] {dagbag.py:545} INFO - Filling up the DagBag from /opt/airflow/dags/dag_shipment_sim.py
[2026-07-01T15:21:27.791+0000] {processor.py:840} INFO - DAG(s) 'dag_shipment_sim' retrieved from /opt/airflow/dags/dag_shipment_sim.py
[2026-07-01T15:21:27.801+0000] {logging_mixin.py:188} INFO - [2026-07-01T15:21:27.800+0000] {dag.py:3096} INFO - Sync 1 DAGs
[2026-07-01T15:21:27.808+0000] {logging_mixin.py:188} INFO - [2026-07-01T15:21:27.808+0000] {dag.py:3954} INFO - Setting next_dagrun for dag_shipment_sim to 2026-07-01 15:00:00+00:00, run_after=2026-07-01 16:00:00+00:00
[2026-07-01T15:21:27.815+0000] {processor.py:183} INFO - Processing /opt/airflow/dags/dag_shipment_sim.py took 0.034 seconds
[2026-07-01T15:21:57.940+0000] {processor.py:161} INFO - Started process (PID=23914) to work on /opt/airflow/dags/dag_shipment_sim.py
[2026-07-01T15:21:57.941+0000] {processor.py:830} INFO - Processing file /opt/airflow/dags/dag_shipment_sim.py for tasks to queue
[2026-07-01T15:21:57.942+0000] {logging_mixin.py:188} INFO - [2026-07-01T15:21:57.942+0000] {dagbag.py:545} INFO - Filling up the DagBag from /opt/airflow/dags/dag_shipment_sim.py
[2026-07-01T15:21:57.949+0000] {processor.py:840} INFO - DAG(s) 'dag_shipment_sim' retrieved from /opt/airflow/dags/dag_shipment_sim.py
[2026-07-01T15:21:57.961+0000] {logging_mixin.py:188} INFO - [2026-07-01T15:21:57.961+0000] {dag.py:3096} INFO - Sync 1 DAGs
[2026-07-01T15:21:57.970+0000] {logging_mixin.py:188} INFO - [2026-07-01T15:21:57.970+0000] {dag.py:3954} INFO - Setting next_dagrun for dag_shipment_sim to 2026-07-01 15:00:00+00:00, run_after=2026-07-01 16:00:00+00:00
[2026-07-01T15:21:57.978+0000] {processor.py:183} INFO - Processing /opt/airflow/dags/dag_shipment_sim.py took 0.040 seconds
[2026-07-01T15:22:28.097+0000] {processor.py:161} INFO - Started process (PID=23951) to work on /opt/airflow/dags/dag_shipment_sim.py
[2026-07-01T15:22:28.097+0000] {processor.py:830} INFO - Processing file /opt/airflow/dags/dag_shipment_sim.py for tasks to queue
[2026-07-01T15:22:28.098+0000] {logging_mixin.py:188} INFO - [2026-07-01T15:22:28.098+0000] {dagbag.py:545} INFO - Filling up the DagBag from /opt/airflow/dags/dag_shipment_sim.py
[2026-07-01T15:22:28.104+0000] {processor.py:840} INFO - DAG(s) 'dag_shipment_sim' retrieved from /opt/airflow/dags/dag_shipment_sim.py
[2026-07-01T15:22:28.114+0000] {logging_mixin.py:188} INFO - [2026-07-01T15:22:28.113+0000] {dag.py:3096} INFO - Sync 1 DAGs
[2026-07-01T15:22:28.121+0000] {logging_mixin.py:188} INFO - [2026-07-01T15:22:28.121+0000] {dag.py:3954} INFO - Setting next_dagrun for dag_shipment_sim to 2026-07-01 15:00:00+00:00, run_after=2026-07-01 16:00:00+00:00
[2026-07-01T15:22:28.128+0000] {processor.py:183} INFO - Processing /opt/airflow/dags/dag_shipment_sim.py took 0.034 seconds
[2026-07-01T15:22:58.465+0000] {processor.py:161} INFO - Started process (PID=23988) to work on /opt/airflow/dags/dag_shipment_sim.py
[2026-07-01T15:22:58.466+0000] {processor.py:830} INFO - Processing file /opt/airflow/dags/dag_shipment_sim.py for tasks to queue
[2026-07-01T15:22:58.467+0000] {logging_mixin.py:188} INFO - [2026-07-01T15:22:58.467+0000] {dagbag.py:545} INFO - Filling up the DagBag from /opt/airflow/dags/dag_shipment_sim.py
[2026-07-01T15:22:58.476+0000] {processor.py:840} INFO - DAG(s) 'dag_shipment_sim' retrieved from /opt/airflow/dags/dag_shipment_sim.py
[2026-07-01T15:22:58.495+0000] {logging_mixin.py:188} INFO - [2026-07-01T15:22:58.495+0000] {dag.py:3096} INFO - Sync 1 DAGs
[2026-07-01T15:22:58.506+0000] {logging_mixin.py:188} INFO - [2026-07-01T15:22:58.505+0000] {dag.py:3954} INFO - Setting next_dagrun for dag_shipment_sim to 2026-07-01 15:00:00+00:00, run_after=2026-07-01 16:00:00+00:00
[2026-07-01T15:22:58.515+0000] {processor.py:183} INFO - Processing /opt/airflow/dags/dag_shipment_sim.py took 0.053 seconds
[2026-07-01T15:23:29.449+0000] {processor.py:161} INFO - Started process (PID=24025) to work on /opt/airflow/dags/dag_shipment_sim.py
[2026-07-01T15:23:29.450+0000] {processor.py:830} INFO - Processing file /opt/airflow/dags/dag_shipment_sim.py for tasks to queue
[2026-07-01T15:23:29.451+0000] {logging_mixin.py:188} INFO - [2026-07-01T15:23:29.451+0000] {dagbag.py:545} INFO - Filling up the DagBag from /opt/airflow/dags/dag_shipment_sim.py
[2026-07-01T15:23:29.460+0000] {processor.py:840} INFO - DAG(s) 'dag_shipment_sim' retrieved from /opt/airflow/dags/dag_shipment_sim.py
[2026-07-01T15:23:29.473+0000] {logging_mixin.py:188} INFO - [2026-07-01T15:23:29.473+0000] {dag.py:3096} INFO - Sync 1 DAGs
[2026-07-01T15:23:29.482+0000] {logging_mixin.py:188} INFO - [2026-07-01T15:23:29.482+0000] {dag.py:3954} INFO - Setting next_dagrun for dag_shipment_sim to 2026-07-01 15:00:00+00:00, run_after=2026-07-01 16:00:00+00:00
[2026-07-01T15:23:29.490+0000] {processor.py:183} INFO - Processing /opt/airflow/dags/dag_shipment_sim.py took 0.044 seconds
[2026-07-01T15:24:00.826+0000] {processor.py:161} INFO - Started process (PID=24062) to work on /opt/airflow/dags/dag_shipment_sim.py
[2026-07-01T15:24:00.827+0000] {processor.py:830} INFO - Processing file /opt/airflow/dags/dag_shipment_sim.py for tasks to queue
[2026-07-01T15:24:00.828+0000] {logging_mixin.py:188} INFO - [2026-07-01T15:24:00.828+0000] {dagbag.py:545} INFO - Filling up the DagBag from /opt/airflow/dags/dag_shipment_sim.py
[2026-07-01T15:24:00.838+0000] {processor.py:840} INFO - DAG(s) 'dag_shipment_sim' retrieved from /opt/airflow/dags/dag_shipment_sim.py
[2026-07-01T15:24:00.853+0000] {logging_mixin.py:188} INFO - [2026-07-01T15:24:00.853+0000] {dag.py:3096} INFO - Sync 1 DAGs
[2026-07-01T15:24:00.867+0000] {logging_mixin.py:188} INFO - [2026-07-01T15:24:00.867+0000] {dag.py:3954} INFO - Setting next_dagrun for dag_shipment_sim to 2026-07-01 15:00:00+00:00, run_after=2026-07-01 16:00:00+00:00
[2026-07-01T15:24:00.880+0000] {processor.py:183} INFO - Processing /opt/airflow/dags/dag_shipment_sim.py took 0.062 seconds
[2026-07-01T15:24:30.986+0000] {processor.py:161} INFO - Started process (PID=24099) to work on /opt/airflow/dags/dag_shipment_sim.py
[2026-07-01T15:24:30.987+0000] {processor.py:830} INFO - Processing file /opt/airflow/dags/dag_shipment_sim.py for tasks to queue
[2026-07-01T15:24:30.988+0000] {logging_mixin.py:188} INFO - [2026-07-01T15:24:30.988+0000] {dagbag.py:545} INFO - Filling up the DagBag from /opt/airflow/dags/dag_shipment_sim.py
[2026-07-01T15:24:30.999+0000] {processor.py:840} INFO - DAG(s) 'dag_shipment_sim' retrieved from /opt/airflow/dags/dag_shipment_sim.py
[2026-07-01T15:24:31.012+0000] {logging_mixin.py:188} INFO - [2026-07-01T15:24:31.012+0000] {dag.py:3096} INFO - Sync 1 DAGs
[2026-07-01T15:24:31.025+0000] {logging_mixin.py:188} INFO - [2026-07-01T15:24:31.025+0000] {dag.py:3954} INFO - Setting next_dagrun for dag_shipment_sim to 2026-07-01 15:00:00+00:00, run_after=2026-07-01 16:00:00+00:00
[2026-07-01T15:24:31.039+0000] {processor.py:183} INFO - Processing /opt/airflow/dags/dag_shipment_sim.py took 0.055 seconds
[2026-07-01T15:25:02.112+0000] {processor.py:161} INFO - Started process (PID=24136) to work on /opt/airflow/dags/dag_shipment_sim.py
[2026-07-01T15:25:02.114+0000] {processor.py:830} INFO - Processing file /opt/airflow/dags/dag_shipment_sim.py for tasks to queue
[2026-07-01T15:25:02.115+0000] {logging_mixin.py:188} INFO - [2026-07-01T15:25:02.115+0000] {dagbag.py:545} INFO - Filling up the DagBag from /opt/airflow/dags/dag_shipment_sim.py
[2026-07-01T15:25:02.125+0000] {processor.py:840} INFO - DAG(s) 'dag_shipment_sim' retrieved from /opt/airflow/dags/dag_shipment_sim.py
[2026-07-01T15:25:02.139+0000] {logging_mixin.py:188} INFO - [2026-07-01T15:25:02.139+0000] {dag.py:3096} INFO - Sync 1 DAGs
[2026-07-01T15:25:02.150+0000] {logging_mixin.py:188} INFO - [2026-07-01T15:25:02.150+0000] {dag.py:3954} INFO - Setting next_dagrun for dag_shipment_sim to 2026-07-01 15:00:00+00:00, run_after=2026-07-01 16:00:00+00:00
[2026-07-01T15:25:02.159+0000] {processor.py:183} INFO - Processing /opt/airflow/dags/dag_shipment_sim.py took 0.060 seconds
[2026-07-01T15:25:32.211+0000] {processor.py:161} INFO - Started process (PID=24171) to work on /opt/airflow/dags/dag_shipment_sim.py
[2026-07-01T15:25:32.213+0000] {processor.py:830} INFO - Processing file /opt/airflow/dags/dag_shipment_sim.py for tasks to queue
[2026-07-01T15:25:32.214+0000] {logging_mixin.py:188} INFO - [2026-07-01T15:25:32.214+0000] {dagbag.py:545} INFO - Filling up the DagBag from /opt/airflow/dags/dag_shipment_sim.py
[2026-07-01T15:25:32.223+0000] {processor.py:840} INFO - DAG(s) 'dag_shipment_sim' retrieved from /opt/airflow/dags/dag_shipment_sim.py
[2026-07-01T15:25:32.234+0000] {logging_mixin.py:188} INFO - [2026-07-01T15:25:32.234+0000] {dag.py:3096} INFO - Sync 1 DAGs
[2026-07-01T15:25:32.243+0000] {logging_mixin.py:188} INFO - [2026-07-01T15:25:32.243+0000] {dag.py:3954} INFO - Setting next_dagrun for dag_shipment_sim to 2026-07-01 15:00:00+00:00, run_after=2026-07-01 16:00:00+00:00
[2026-07-01T15:25:32.250+0000] {processor.py:183} INFO - Processing /opt/airflow/dags/dag_shipment_sim.py took 0.041 seconds
[2026-07-01T15:26:03.051+0000] {processor.py:161} INFO - Started process (PID=24197) to work on /opt/airflow/dags/dag_shipment_sim.py
[2026-07-01T15:26:03.052+0000] {processor.py:830} INFO - Processing file /opt/airflow/dags/dag_shipment_sim.py for tasks to queue
[2026-07-01T15:26:03.053+0000] {logging_mixin.py:188} INFO - [2026-07-01T15:26:03.053+0000] {dagbag.py:545} INFO - Filling up the DagBag from /opt/airflow/dags/dag_shipment_sim.py
[2026-07-01T15:26:03.062+0000] {processor.py:840} INFO - DAG(s) 'dag_shipment_sim' retrieved from /opt/airflow/dags/dag_shipment_sim.py
[2026-07-01T15:26:03.078+0000] {logging_mixin.py:188} INFO - [2026-07-01T15:26:03.078+0000] {dag.py:3096} INFO - Sync 1 DAGs
[2026-07-01T15:26:03.091+0000] {logging_mixin.py:188} INFO - [2026-07-01T15:26:03.091+0000] {dag.py:3954} INFO - Setting next_dagrun for dag_shipment_sim to 2026-07-01 15:00:00+00:00, run_after=2026-07-01 16:00:00+00:00
[2026-07-01T15:26:03.100+0000] {processor.py:183} INFO - Processing /opt/airflow/dags/dag_shipment_sim.py took 0.064 seconds
[2026-07-01T15:26:34.106+0000] {processor.py:161} INFO - Started process (PID=24234) to work on /opt/airflow/dags/dag_shipment_sim.py
[2026-07-01T15:26:34.107+0000] {processor.py:830} INFO - Processing file /opt/airflow/dags/dag_shipment_sim.py for tasks to queue
[2026-07-01T15:26:34.108+0000] {logging_mixin.py:188} INFO - [2026-07-01T15:26:34.108+0000] {dagbag.py:545} INFO - Filling up the DagBag from /opt/airflow/dags/dag_shipment_sim.py
[2026-07-01T15:26:34.117+0000] {processor.py:840} INFO - DAG(s) 'dag_shipment_sim' retrieved from /opt/airflow/dags/dag_shipment_sim.py
[2026-07-01T15:26:34.131+0000] {logging_mixin.py:188} INFO - [2026-07-01T15:26:34.131+0000] {dag.py:3096} INFO - Sync 1 DAGs
[2026-07-01T15:26:34.144+0000] {logging_mixin.py:188} INFO - [2026-07-01T15:26:34.144+0000] {dag.py:3954} INFO - Setting next_dagrun for dag_shipment_sim to 2026-07-01 15:00:00+00:00, run_after=2026-07-01 16:00:00+00:00
[2026-07-01T15:26:34.156+0000] {processor.py:183} INFO - Processing /opt/airflow/dags/dag_shipment_sim.py took 0.055 seconds
[2026-07-01T15:27:05.356+0000] {processor.py:161} INFO - Started process (PID=24271) to work on /opt/airflow/dags/dag_shipment_sim.py
[2026-07-01T15:27:05.358+0000] {processor.py:830} INFO - Processing file /opt/airflow/dags/dag_shipment_sim.py for tasks to queue
[2026-07-01T15:27:05.359+0000] {logging_mixin.py:188} INFO - [2026-07-01T15:27:05.359+0000] {dagbag.py:545} INFO - Filling up the DagBag from /opt/airflow/dags/dag_shipment_sim.py
[2026-07-01T15:27:05.370+0000] {processor.py:840} INFO - DAG(s) 'dag_shipment_sim' retrieved from /opt/airflow/dags/dag_shipment_sim.py
[2026-07-01T15:27:05.393+0000] {logging_mixin.py:188} INFO - [2026-07-01T15:27:05.392+0000] {dag.py:3096} INFO - Sync 1 DAGs
[2026-07-01T15:27:05.405+0000] {logging_mixin.py:188} INFO - [2026-07-01T15:27:05.405+0000] {dag.py:3954} INFO - Setting next_dagrun for dag_shipment_sim to 2026-07-01 15:00:00+00:00, run_after=2026-07-01 16:00:00+00:00
[2026-07-01T15:27:05.417+0000] {processor.py:183} INFO - Processing /opt/airflow/dags/dag_shipment_sim.py took 0.071 seconds
[2026-07-01T15:27:36.289+0000] {processor.py:161} INFO - Started process (PID=24308) to work on /opt/airflow/dags/dag_shipment_sim.py
[2026-07-01T15:27:36.290+0000] {processor.py:830} INFO - Processing file /opt/airflow/dags/dag_shipment_sim.py for tasks to queue
[2026-07-01T15:27:36.291+0000] {logging_mixin.py:188} INFO - [2026-07-01T15:27:36.291+0000] {dagbag.py:545} INFO - Filling up the DagBag from /opt/airflow/dags/dag_shipment_sim.py
[2026-07-01T15:27:36.298+0000] {processor.py:840} INFO - DAG(s) 'dag_shipment_sim' retrieved from /opt/airflow/dags/dag_shipment_sim.py
[2026-07-01T15:27:36.311+0000] {logging_mixin.py:188} INFO - [2026-07-01T15:27:36.311+0000] {dag.py:3096} INFO - Sync 1 DAGs
[2026-07-01T15:27:36.321+0000] {logging_mixin.py:188} INFO - [2026-07-01T15:27:36.321+0000] {dag.py:3954} INFO - Setting next_dagrun for dag_shipment_sim to 2026-07-01 15:00:00+00:00, run_after=2026-07-01 16:00:00+00:00
[2026-07-01T15:27:36.333+0000] {processor.py:183} INFO - Processing /opt/airflow/dags/dag_shipment_sim.py took 0.049 seconds
[2026-07-01T15:28:07.371+0000] {processor.py:161} INFO - Started process (PID=24345) to work on /opt/airflow/dags/dag_shipment_sim.py
[2026-07-01T15:28:07.372+0000] {processor.py:830} INFO - Processing file /opt/airflow/dags/dag_shipment_sim.py for tasks to queue
[2026-07-01T15:28:07.373+0000] {logging_mixin.py:188} INFO - [2026-07-01T15:28:07.373+0000] {dagbag.py:545} INFO - Filling up the DagBag from /opt/airflow/dags/dag_shipment_sim.py
[2026-07-01T15:28:07.385+0000] {processor.py:840} INFO - DAG(s) 'dag_shipment_sim' retrieved from /opt/airflow/dags/dag_shipment_sim.py
[2026-07-01T15:28:07.400+0000] {logging_mixin.py:188} INFO - [2026-07-01T15:28:07.400+0000] {dag.py:3096} INFO - Sync 1 DAGs
[2026-07-01T15:28:07.415+0000] {logging_mixin.py:188} INFO - [2026-07-01T15:28:07.415+0000] {dag.py:3954} INFO - Setting next_dagrun for dag_shipment_sim to 2026-07-01 15:00:00+00:00, run_after=2026-07-01 16:00:00+00:00
[2026-07-01T15:28:07.427+0000] {processor.py:183} INFO - Processing /opt/airflow/dags/dag_shipment_sim.py took 0.065 seconds
[2026-07-01T15:28:38.551+0000] {processor.py:161} INFO - Started process (PID=24382) to work on /opt/airflow/dags/dag_shipment_sim.py
[2026-07-01T15:28:38.552+0000] {processor.py:830} INFO - Processing file /opt/airflow/dags/dag_shipment_sim.py for tasks to queue
[2026-07-01T15:28:38.553+0000] {logging_mixin.py:188} INFO - [2026-07-01T15:28:38.553+0000] {dagbag.py:545} INFO - Filling up the DagBag from /opt/airflow/dags/dag_shipment_sim.py
[2026-07-01T15:28:38.560+0000] {processor.py:840} INFO - DAG(s) 'dag_shipment_sim' retrieved from /opt/airflow/dags/dag_shipment_sim.py
[2026-07-01T15:28:38.573+0000] {logging_mixin.py:188} INFO - [2026-07-01T15:28:38.573+0000] {dag.py:3096} INFO - Sync 1 DAGs
[2026-07-01T15:28:38.584+0000] {logging_mixin.py:188} INFO - [2026-07-01T15:28:38.584+0000] {dag.py:3954} INFO - Setting next_dagrun for dag_shipment_sim to 2026-07-01 15:00:00+00:00, run_after=2026-07-01 16:00:00+00:00
[2026-07-01T15:28:38.593+0000] {processor.py:183} INFO - Processing /opt/airflow/dags/dag_shipment_sim.py took 0.048 seconds
[2026-07-01T15:29:09.660+0000] {processor.py:161} INFO - Started process (PID=24419) to work on /opt/airflow/dags/dag_shipment_sim.py
[2026-07-01T15:29:09.661+0000] {processor.py:830} INFO - Processing file /opt/airflow/dags/dag_shipment_sim.py for tasks to queue
[2026-07-01T15:29:09.662+0000] {logging_mixin.py:188} INFO - [2026-07-01T15:29:09.662+0000] {dagbag.py:545} INFO - Filling up the DagBag from /opt/airflow/dags/dag_shipment_sim.py
[2026-07-01T15:29:09.672+0000] {processor.py:840} INFO - DAG(s) 'dag_shipment_sim' retrieved from /opt/airflow/dags/dag_shipment_sim.py
[2026-07-01T15:29:09.688+0000] {logging_mixin.py:188} INFO - [2026-07-01T15:29:09.688+0000] {dag.py:3096} INFO - Sync 1 DAGs
[2026-07-01T15:29:09.702+0000] {logging_mixin.py:188} INFO - [2026-07-01T15:29:09.702+0000] {dag.py:3954} INFO - Setting next_dagrun for dag_shipment_sim to 2026-07-01 15:00:00+00:00, run_after=2026-07-01 16:00:00+00:00
[2026-07-01T15:29:09.713+0000] {processor.py:183} INFO - Processing /opt/airflow/dags/dag_shipment_sim.py took 0.069 seconds
[2026-07-01T15:29:40.669+0000] {processor.py:161} INFO - Started process (PID=24456) to work on /opt/airflow/dags/dag_shipment_sim.py
[2026-07-01T15:29:40.671+0000] {processor.py:830} INFO - Processing file /opt/airflow/dags/dag_shipment_sim.py for tasks to queue
[2026-07-01T15:29:40.671+0000] {logging_mixin.py:188} INFO - [2026-07-01T15:29:40.671+0000] {dagbag.py:545} INFO - Filling up the DagBag from /opt/airflow/dags/dag_shipment_sim.py
[2026-07-01T15:29:40.681+0000] {processor.py:840} INFO - DAG(s) 'dag_shipment_sim' retrieved from /opt/airflow/dags/dag_shipment_sim.py
[2026-07-01T15:29:40.693+0000] {logging_mixin.py:188} INFO - [2026-07-01T15:29:40.693+0000] {dag.py:3096} INFO - Sync 1 DAGs
[2026-07-01T15:29:40.703+0000] {logging_mixin.py:188} INFO - [2026-07-01T15:29:40.703+0000] {dag.py:3954} INFO - Setting next_dagrun for dag_shipment_sim to 2026-07-01 15:00:00+00:00, run_after=2026-07-01 16:00:00+00:00
[2026-07-01T15:29:40.713+0000] {processor.py:183} INFO - Processing /opt/airflow/dags/dag_shipment_sim.py took 0.055 seconds
[2026-07-01T15:30:11.867+0000] {processor.py:161} INFO - Started process (PID=24493) to work on /opt/airflow/dags/dag_shipment_sim.py
[2026-07-01T15:30:11.869+0000] {processor.py:830} INFO - Processing file /opt/airflow/dags/dag_shipment_sim.py for tasks to queue
[2026-07-01T15:30:11.871+0000] {logging_mixin.py:188} INFO - [2026-07-01T15:30:11.870+0000] {dagbag.py:545} INFO - Filling up the DagBag from /opt/airflow/dags/dag_shipment_sim.py
[2026-07-01T15:30:11.881+0000] {processor.py:840} INFO - DAG(s) 'dag_shipment_sim' retrieved from /opt/airflow/dags/dag_shipment_sim.py
[2026-07-01T15:30:11.897+0000] {logging_mixin.py:188} INFO - [2026-07-01T15:30:11.897+0000] {dag.py:3096} INFO - Sync 1 DAGs
[2026-07-01T15:30:11.910+0000] {logging_mixin.py:188} INFO - [2026-07-01T15:30:11.910+0000] {dag.py:3954} INFO - Setting next_dagrun for dag_shipment_sim to 2026-07-01 15:00:00+00:00, run_after=2026-07-01 16:00:00+00:00
[2026-07-01T15:30:11.921+0000] {processor.py:183} INFO - Processing /opt/airflow/dags/dag_shipment_sim.py took 0.066 seconds
[2026-07-01T15:30:43.065+0000] {processor.py:161} INFO - Started process (PID=24530) to work on /opt/airflow/dags/dag_shipment_sim.py
[2026-07-01T15:30:43.068+0000] {processor.py:830} INFO - Processing file /opt/airflow/dags/dag_shipment_sim.py for tasks to queue
[2026-07-01T15:30:43.069+0000] {logging_mixin.py:188} INFO - [2026-07-01T15:30:43.068+0000] {dagbag.py:545} INFO - Filling up the DagBag from /opt/airflow/dags/dag_shipment_sim.py
[2026-07-01T15:30:43.080+0000] {processor.py:840} INFO - DAG(s) 'dag_shipment_sim' retrieved from /opt/airflow/dags/dag_shipment_sim.py
[2026-07-01T15:30:43.098+0000] {logging_mixin.py:188} INFO - [2026-07-01T15:30:43.098+0000] {dag.py:3096} INFO - Sync 1 DAGs
[2026-07-01T15:30:43.112+0000] {logging_mixin.py:188} INFO - [2026-07-01T15:30:43.112+0000] {dag.py:3954} INFO - Setting next_dagrun for dag_shipment_sim to 2026-07-01 15:00:00+00:00, run_after=2026-07-01 16:00:00+00:00
[2026-07-01T15:30:43.123+0000] {processor.py:183} INFO - Processing /opt/airflow/dags/dag_shipment_sim.py took 0.070 seconds
[2026-07-01T15:31:13.226+0000] {processor.py:161} INFO - Started process (PID=24563) to work on /opt/airflow/dags/dag_shipment_sim.py
[2026-07-01T15:31:13.227+0000] {processor.py:830} INFO - Processing file /opt/airflow/dags/dag_shipment_sim.py for tasks to queue
[2026-07-01T15:31:13.228+0000] {logging_mixin.py:188} INFO - [2026-07-01T15:31:13.228+0000] {dagbag.py:545} INFO - Filling up the DagBag from /opt/airflow/dags/dag_shipment_sim.py
[2026-07-01T15:31:13.236+0000] {processor.py:840} INFO - DAG(s) 'dag_shipment_sim' retrieved from /opt/airflow/dags/dag_shipment_sim.py
[2026-07-01T15:31:13.248+0000] {logging_mixin.py:188} INFO - [2026-07-01T15:31:13.247+0000] {dag.py:3096} INFO - Sync 1 DAGs
[2026-07-01T15:31:13.257+0000] {logging_mixin.py:188} INFO - [2026-07-01T15:31:13.257+0000] {dag.py:3954} INFO - Setting next_dagrun for dag_shipment_sim to 2026-07-01 15:00:00+00:00, run_after=2026-07-01 16:00:00+00:00
[2026-07-01T15:31:13.265+0000] {processor.py:183} INFO - Processing /opt/airflow/dags/dag_shipment_sim.py took 0.042 seconds
[2026-07-01T15:31:43.461+0000] {processor.py:161} INFO - Started process (PID=24598) to work on /opt/airflow/dags/dag_shipment_sim.py
[2026-07-01T15:31:43.461+0000] {processor.py:830} INFO - Processing file /opt/airflow/dags/dag_shipment_sim.py for tasks to queue
[2026-07-01T15:31:43.462+0000] {logging_mixin.py:188} INFO - [2026-07-01T15:31:43.462+0000] {dagbag.py:545} INFO - Filling up the DagBag from /opt/airflow/dags/dag_shipment_sim.py
[2026-07-01T15:31:43.470+0000] {processor.py:840} INFO - DAG(s) 'dag_shipment_sim' retrieved from /opt/airflow/dags/dag_shipment_sim.py
[2026-07-01T15:31:43.480+0000] {logging_mixin.py:188} INFO - [2026-07-01T15:31:43.480+0000] {dag.py:3096} INFO - Sync 1 DAGs
[2026-07-01T15:31:43.488+0000] {logging_mixin.py:188} INFO - [2026-07-01T15:31:43.488+0000] {dag.py:3954} INFO - Setting next_dagrun for dag_shipment_sim to 2026-07-01 15:00:00+00:00, run_after=2026-07-01 16:00:00+00:00
[2026-07-01T15:31:43.496+0000] {processor.py:183} INFO - Processing /opt/airflow/dags/dag_shipment_sim.py took 0.038 seconds
[2026-07-01T15:32:13.867+0000] {processor.py:161} INFO - Started process (PID=24637) to work on /opt/airflow/dags/dag_shipment_sim.py
[2026-07-01T15:32:13.868+0000] {processor.py:830} INFO - Processing file /opt/airflow/dags/dag_shipment_sim.py for tasks to queue
[2026-07-01T15:32:13.869+0000] {logging_mixin.py:188} INFO - [2026-07-01T15:32:13.869+0000] {dagbag.py:545} INFO - Filling up the DagBag from /opt/airflow/dags/dag_shipment_sim.py
[2026-07-01T15:32:13.879+0000] {processor.py:840} INFO - DAG(s) 'dag_shipment_sim' retrieved from /opt/airflow/dags/dag_shipment_sim.py
[2026-07-01T15:32:13.891+0000] {logging_mixin.py:188} INFO - [2026-07-01T15:32:13.891+0000] {dag.py:3096} INFO - Sync 1 DAGs
[2026-07-01T15:32:13.900+0000] {logging_mixin.py:188} INFO - [2026-07-01T15:32:13.900+0000] {dag.py:3954} INFO - Setting next_dagrun for dag_shipment_sim to 2026-07-01 15:00:00+00:00, run_after=2026-07-01 16:00:00+00:00
[2026-07-01T15:32:13.908+0000] {processor.py:183} INFO - Processing /opt/airflow/dags/dag_shipment_sim.py took 0.045 seconds
[2026-07-01T15:32:44.226+0000] {processor.py:161} INFO - Started process (PID=24674) to work on /opt/airflow/dags/dag_shipment_sim.py
[2026-07-01T15:32:44.227+0000] {processor.py:830} INFO - Processing file /opt/airflow/dags/dag_shipment_sim.py for tasks to queue
[2026-07-01T15:32:44.228+0000] {logging_mixin.py:188} INFO - [2026-07-01T15:32:44.228+0000] {dagbag.py:545} INFO - Filling up the DagBag from /opt/airflow/dags/dag_shipment_sim.py
[2026-07-01T15:32:44.236+0000] {processor.py:840} INFO - DAG(s) 'dag_shipment_sim' retrieved from /opt/airflow/dags/dag_shipment_sim.py
[2026-07-01T15:32:44.246+0000] {logging_mixin.py:188} INFO - [2026-07-01T15:32:44.246+0000] {dag.py:3096} INFO - Sync 1 DAGs
[2026-07-01T15:32:44.255+0000] {logging_mixin.py:188} INFO - [2026-07-01T15:32:44.255+0000] {dag.py:3954} INFO - Setting next_dagrun for dag_shipment_sim to 2026-07-01 15:00:00+00:00, run_after=2026-07-01 16:00:00+00:00
[2026-07-01T15:32:44.263+0000] {processor.py:183} INFO - Processing /opt/airflow/dags/dag_shipment_sim.py took 0.040 seconds
[2026-07-01T15:33:15.388+0000] {processor.py:161} INFO - Started process (PID=24711) to work on /opt/airflow/dags/dag_shipment_sim.py
[2026-07-01T15:33:15.389+0000] {processor.py:830} INFO - Processing file /opt/airflow/dags/dag_shipment_sim.py for tasks to queue
[2026-07-01T15:33:15.389+0000] {logging_mixin.py:188} INFO - [2026-07-01T15:33:15.389+0000] {dagbag.py:545} INFO - Filling up the DagBag from /opt/airflow/dags/dag_shipment_sim.py
[2026-07-01T15:33:15.397+0000] {processor.py:840} INFO - DAG(s) 'dag_shipment_sim' retrieved from /opt/airflow/dags/dag_shipment_sim.py
[2026-07-01T15:33:15.407+0000] {logging_mixin.py:188} INFO - [2026-07-01T15:33:15.406+0000] {dag.py:3096} INFO - Sync 1 DAGs
[2026-07-01T15:33:15.414+0000] {logging_mixin.py:188} INFO - [2026-07-01T15:33:15.414+0000] {dag.py:3954} INFO - Setting next_dagrun for dag_shipment_sim to 2026-07-01 15:00:00+00:00, run_after=2026-07-01 16:00:00+00:00
[2026-07-01T15:33:15.422+0000] {processor.py:183} INFO - Processing /opt/airflow/dags/dag_shipment_sim.py took 0.037 seconds
[2026-07-01T15:33:46.552+0000] {processor.py:161} INFO - Started process (PID=24748) to work on /opt/airflow/dags/dag_shipment_sim.py
[2026-07-01T15:33:46.553+0000] {processor.py:830} INFO - Processing file /opt/airflow/dags/dag_shipment_sim.py for tasks to queue
[2026-07-01T15:33:46.553+0000] {logging_mixin.py:188} INFO - [2026-07-01T15:33:46.553+0000] {dagbag.py:545} INFO - Filling up the DagBag from /opt/airflow/dags/dag_shipment_sim.py
[2026-07-01T15:33:46.565+0000] {processor.py:840} INFO - DAG(s) 'dag_shipment_sim' retrieved from /opt/airflow/dags/dag_shipment_sim.py
[2026-07-01T15:33:46.576+0000] {logging_mixin.py:188} INFO - [2026-07-01T15:33:46.576+0000] {dag.py:3096} INFO - Sync 1 DAGs
[2026-07-01T15:33:46.584+0000] {logging_mixin.py:188} INFO - [2026-07-01T15:33:46.584+0000] {dag.py:3954} INFO - Setting next_dagrun for dag_shipment_sim to 2026-07-01 15:00:00+00:00, run_after=2026-07-01 16:00:00+00:00
[2026-07-01T15:33:46.591+0000] {processor.py:183} INFO - Processing /opt/airflow/dags/dag_shipment_sim.py took 0.043 seconds
[2026-07-01T15:34:17.107+0000] {processor.py:161} INFO - Started process (PID=24785) to work on /opt/airflow/dags/dag_shipment_sim.py
[2026-07-01T15:34:17.108+0000] {processor.py:830} INFO - Processing file /opt/airflow/dags/dag_shipment_sim.py for tasks to queue
[2026-07-01T15:34:17.109+0000] {logging_mixin.py:188} INFO - [2026-07-01T15:34:17.109+0000] {dagbag.py:545} INFO - Filling up the DagBag from /opt/airflow/dags/dag_shipment_sim.py
[2026-07-01T15:34:17.129+0000] {processor.py:840} INFO - DAG(s) 'dag_shipment_sim' retrieved from /opt/airflow/dags/dag_shipment_sim.py
[2026-07-01T15:34:17.164+0000] {logging_mixin.py:188} INFO - [2026-07-01T15:34:17.164+0000] {dag.py:3096} INFO - Sync 1 DAGs
[2026-07-01T15:34:17.179+0000] {logging_mixin.py:188} INFO - [2026-07-01T15:34:17.178+0000] {dag.py:3954} INFO - Setting next_dagrun for dag_shipment_sim to 2026-07-01 15:00:00+00:00, run_after=2026-07-01 16:00:00+00:00
[2026-07-01T15:34:17.193+0000] {processor.py:183} INFO - Processing /opt/airflow/dags/dag_shipment_sim.py took 0.096 seconds
[2026-07-01T15:34:47.734+0000] {processor.py:161} INFO - Started process (PID=24822) to work on /opt/airflow/dags/dag_shipment_sim.py
[2026-07-01T15:34:47.735+0000] {processor.py:830} INFO - Processing file /opt/airflow/dags/dag_shipment_sim.py for tasks to queue
[2026-07-01T15:34:47.736+0000] {logging_mixin.py:188} INFO - [2026-07-01T15:34:47.736+0000] {dagbag.py:545} INFO - Filling up the DagBag from /opt/airflow/dags/dag_shipment_sim.py
[2026-07-01T15:34:47.746+0000] {processor.py:840} INFO - DAG(s) 'dag_shipment_sim' retrieved from /opt/airflow/dags/dag_shipment_sim.py
[2026-07-01T15:34:47.758+0000] {logging_mixin.py:188} INFO - [2026-07-01T15:34:47.758+0000] {dag.py:3096} INFO - Sync 1 DAGs
[2026-07-01T15:34:47.768+0000] {logging_mixin.py:188} INFO - [2026-07-01T15:34:47.768+0000] {dag.py:3954} INFO - Setting next_dagrun for dag_shipment_sim to 2026-07-01 15:00:00+00:00, run_after=2026-07-01 16:00:00+00:00
[2026-07-01T15:34:47.778+0000] {processor.py:183} INFO - Processing /opt/airflow/dags/dag_shipment_sim.py took 0.049 seconds
[2026-07-01T15:35:18.006+0000] {processor.py:161} INFO - Started process (PID=24859) to work on /opt/airflow/dags/dag_shipment_sim.py
[2026-07-01T15:35:18.008+0000] {processor.py:830} INFO - Processing file /opt/airflow/dags/dag_shipment_sim.py for tasks to queue
[2026-07-01T15:35:18.009+0000] {logging_mixin.py:188} INFO - [2026-07-01T15:35:18.008+0000] {dagbag.py:545} INFO - Filling up the DagBag from /opt/airflow/dags/dag_shipment_sim.py
[2026-07-01T15:35:18.018+0000] {processor.py:840} INFO - DAG(s) 'dag_shipment_sim' retrieved from /opt/airflow/dags/dag_shipment_sim.py
[2026-07-01T15:35:18.033+0000] {logging_mixin.py:188} INFO - [2026-07-01T15:35:18.033+0000] {dag.py:3096} INFO - Sync 1 DAGs
[2026-07-01T15:35:18.046+0000] {logging_mixin.py:188} INFO - [2026-07-01T15:35:18.046+0000] {dag.py:3954} INFO - Setting next_dagrun for dag_shipment_sim to 2026-07-01 15:00:00+00:00, run_after=2026-07-01 16:00:00+00:00
[2026-07-01T15:35:18.054+0000] {processor.py:183} INFO - Processing /opt/airflow/dags/dag_shipment_sim.py took 0.056 seconds
[2026-07-01T15:35:49.105+0000] {processor.py:161} INFO - Started process (PID=24894) to work on /opt/airflow/dags/dag_shipment_sim.py
[2026-07-01T15:35:49.105+0000] {processor.py:830} INFO - Processing file /opt/airflow/dags/dag_shipment_sim.py for tasks to queue
[2026-07-01T15:35:49.107+0000] {logging_mixin.py:188} INFO - [2026-07-01T15:35:49.106+0000] {dagbag.py:545} INFO - Filling up the DagBag from /opt/airflow/dags/dag_shipment_sim.py
[2026-07-01T15:35:49.125+0000] {processor.py:840} INFO - DAG(s) 'dag_shipment_sim' retrieved from /opt/airflow/dags/dag_shipment_sim.py
[2026-07-01T15:35:49.144+0000] {logging_mixin.py:188} INFO - [2026-07-01T15:35:49.144+0000] {dag.py:3096} INFO - Sync 1 DAGs
[2026-07-01T15:35:49.166+0000] {logging_mixin.py:188} INFO - [2026-07-01T15:35:49.166+0000] {dag.py:3954} INFO - Setting next_dagrun for dag_shipment_sim to 2026-07-01 15:00:00+00:00, run_after=2026-07-01 16:00:00+00:00
[2026-07-01T15:35:49.177+0000] {processor.py:183} INFO - Processing /opt/airflow/dags/dag_shipment_sim.py took 0.074 seconds
[2026-07-01T15:36:20.410+0000] {processor.py:161} INFO - Started process (PID=24933) to work on /opt/airflow/dags/dag_shipment_sim.py
[2026-07-01T15:36:20.411+0000] {processor.py:830} INFO - Processing file /opt/airflow/dags/dag_shipment_sim.py for tasks to queue
[2026-07-01T15:36:20.412+0000] {logging_mixin.py:188} INFO - [2026-07-01T15:36:20.411+0000] {dagbag.py:545} INFO - Filling up the DagBag from /opt/airflow/dags/dag_shipment_sim.py
[2026-07-01T15:36:20.420+0000] {processor.py:840} INFO - DAG(s) 'dag_shipment_sim' retrieved from /opt/airflow/dags/dag_shipment_sim.py
[2026-07-01T15:36:20.430+0000] {logging_mixin.py:188} INFO - [2026-07-01T15:36:20.430+0000] {dag.py:3096} INFO - Sync 1 DAGs
[2026-07-01T15:36:20.438+0000] {logging_mixin.py:188} INFO - [2026-07-01T15:36:20.438+0000] {dag.py:3954} INFO - Setting next_dagrun for dag_shipment_sim to 2026-07-01 15:00:00+00:00, run_after=2026-07-01 16:00:00+00:00
[2026-07-01T15:36:20.445+0000] {processor.py:183} INFO - Processing /opt/airflow/dags/dag_shipment_sim.py took 0.037 seconds
[2026-07-01T15:36:50.552+0000] {processor.py:161} INFO - Started process (PID=24970) to work on /opt/airflow/dags/dag_shipment_sim.py
[2026-07-01T15:36:50.553+0000] {processor.py:830} INFO - Processing file /opt/airflow/dags/dag_shipment_sim.py for tasks to queue
[2026-07-01T15:36:50.554+0000] {logging_mixin.py:188} INFO - [2026-07-01T15:36:50.554+0000] {dagbag.py:545} INFO - Filling up the DagBag from /opt/airflow/dags/dag_shipment_sim.py
[2026-07-01T15:36:50.564+0000] {processor.py:840} INFO - DAG(s) 'dag_shipment_sim' retrieved from /opt/airflow/dags/dag_shipment_sim.py
[2026-07-01T15:36:50.577+0000] {logging_mixin.py:188} INFO - [2026-07-01T15:36:50.577+0000] {dag.py:3096} INFO - Sync 1 DAGs
[2026-07-01T15:36:50.586+0000] {logging_mixin.py:188} INFO - [2026-07-01T15:36:50.586+0000] {dag.py:3954} INFO - Setting next_dagrun for dag_shipment_sim to 2026-07-01 15:00:00+00:00, run_after=2026-07-01 16:00:00+00:00
[2026-07-01T15:36:50.593+0000] {processor.py:183} INFO - Processing /opt/airflow/dags/dag_shipment_sim.py took 0.044 seconds
[2026-07-01T15:37:21.669+0000] {processor.py:161} INFO - Started process (PID=25007) to work on /opt/airflow/dags/dag_shipment_sim.py
[2026-07-01T15:37:21.670+0000] {processor.py:830} INFO - Processing file /opt/airflow/dags/dag_shipment_sim.py for tasks to queue
[2026-07-01T15:37:21.670+0000] {logging_mixin.py:188} INFO - [2026-07-01T15:37:21.670+0000] {dagbag.py:545} INFO - Filling up the DagBag from /opt/airflow/dags/dag_shipment_sim.py
[2026-07-01T15:37:21.678+0000] {processor.py:840} INFO - DAG(s) 'dag_shipment_sim' retrieved from /opt/airflow/dags/dag_shipment_sim.py
[2026-07-01T15:37:21.689+0000] {logging_mixin.py:188} INFO - [2026-07-01T15:37:21.689+0000] {dag.py:3096} INFO - Sync 1 DAGs
[2026-07-01T15:37:21.697+0000] {logging_mixin.py:188} INFO - [2026-07-01T15:37:21.697+0000] {dag.py:3954} INFO - Setting next_dagrun for dag_shipment_sim to 2026-07-01 15:00:00+00:00, run_after=2026-07-01 16:00:00+00:00
[2026-07-01T15:37:21.704+0000] {processor.py:183} INFO - Processing /opt/airflow/dags/dag_shipment_sim.py took 0.048 seconds
[2026-07-01T15:37:52.818+0000] {processor.py:161} INFO - Started process (PID=25044) to work on /opt/airflow/dags/dag_shipment_sim.py
[2026-07-01T15:37:52.819+0000] {processor.py:830} INFO - Processing file /opt/airflow/dags/dag_shipment_sim.py for tasks to queue
[2026-07-01T15:37:52.819+0000] {logging_mixin.py:188} INFO - [2026-07-01T15:37:52.819+0000] {dagbag.py:545} INFO - Filling up the DagBag from /opt/airflow/dags/dag_shipment_sim.py
[2026-07-01T15:37:52.827+0000] {processor.py:840} INFO - DAG(s) 'dag_shipment_sim' retrieved from /opt/airflow/dags/dag_shipment_sim.py
[2026-07-01T15:37:52.837+0000] {logging_mixin.py:188} INFO - [2026-07-01T15:37:52.837+0000] {dag.py:3096} INFO - Sync 1 DAGs
[2026-07-01T15:37:52.845+0000] {logging_mixin.py:188} INFO - [2026-07-01T15:37:52.845+0000] {dag.py:3954} INFO - Setting next_dagrun for dag_shipment_sim to 2026-07-01 15:00:00+00:00, run_after=2026-07-01 16:00:00+00:00
[2026-07-01T15:37:52.853+0000] {processor.py:183} INFO - Processing /opt/airflow/dags/dag_shipment_sim.py took 0.038 seconds
[2026-07-01T15:38:23.344+0000] {processor.py:161} INFO - Started process (PID=25081) to work on /opt/airflow/dags/dag_shipment_sim.py
[2026-07-01T15:38:23.347+0000] {processor.py:830} INFO - Processing file /opt/airflow/dags/dag_shipment_sim.py for tasks to queue
[2026-07-01T15:38:23.348+0000] {logging_mixin.py:188} INFO - [2026-07-01T15:38:23.347+0000] {dagbag.py:545} INFO - Filling up the DagBag from /opt/airflow/dags/dag_shipment_sim.py
[2026-07-01T15:38:23.357+0000] {processor.py:840} INFO - DAG(s) 'dag_shipment_sim' retrieved from /opt/airflow/dags/dag_shipment_sim.py
[2026-07-01T15:38:23.368+0000] {logging_mixin.py:188} INFO - [2026-07-01T15:38:23.368+0000] {dag.py:3096} INFO - Sync 1 DAGs
[2026-07-01T15:38:23.377+0000] {logging_mixin.py:188} INFO - [2026-07-01T15:38:23.377+0000] {dag.py:3954} INFO - Setting next_dagrun for dag_shipment_sim to 2026-07-01 15:00:00+00:00, run_after=2026-07-01 16:00:00+00:00
[2026-07-01T15:38:23.383+0000] {processor.py:183} INFO - Processing /opt/airflow/dags/dag_shipment_sim.py took 0.045 seconds
[2026-07-01T15:38:54.525+0000] {processor.py:161} INFO - Started process (PID=25118) to work on /opt/airflow/dags/dag_shipment_sim.py
[2026-07-01T15:38:54.526+0000] {processor.py:830} INFO - Processing file /opt/airflow/dags/dag_shipment_sim.py for tasks to queue
[2026-07-01T15:38:54.527+0000] {logging_mixin.py:188} INFO - [2026-07-01T15:38:54.527+0000] {dagbag.py:545} INFO - Filling up the DagBag from /opt/airflow/dags/dag_shipment_sim.py
[2026-07-01T15:38:54.534+0000] {processor.py:840} INFO - DAG(s) 'dag_shipment_sim' retrieved from /opt/airflow/dags/dag_shipment_sim.py
[2026-07-01T15:38:54.544+0000] {logging_mixin.py:188} INFO - [2026-07-01T15:38:54.544+0000] {dag.py:3096} INFO - Sync 1 DAGs
[2026-07-01T15:38:54.551+0000] {logging_mixin.py:188} INFO - [2026-07-01T15:38:54.551+0000] {dag.py:3954} INFO - Setting next_dagrun for dag_shipment_sim to 2026-07-01 15:00:00+00:00, run_after=2026-07-01 16:00:00+00:00
[2026-07-01T15:38:54.559+0000] {processor.py:183} INFO - Processing /opt/airflow/dags/dag_shipment_sim.py took 0.036 seconds
[2026-07-01T15:39:24.954+0000] {processor.py:161} INFO - Started process (PID=25155) to work on /opt/airflow/dags/dag_shipment_sim.py
[2026-07-01T15:39:24.954+0000] {processor.py:830} INFO - Processing file /opt/airflow/dags/dag_shipment_sim.py for tasks to queue
[2026-07-01T15:39:24.955+0000] {logging_mixin.py:188} INFO - [2026-07-01T15:39:24.955+0000] {dagbag.py:545} INFO - Filling up the DagBag from /opt/airflow/dags/dag_shipment_sim.py
[2026-07-01T15:39:24.962+0000] {processor.py:840} INFO - DAG(s) 'dag_shipment_sim' retrieved from /opt/airflow/dags/dag_shipment_sim.py
[2026-07-01T15:39:24.972+0000] {logging_mixin.py:188} INFO - [2026-07-01T15:39:24.972+0000] {dag.py:3096} INFO - Sync 1 DAGs
[2026-07-01T15:39:24.981+0000] {logging_mixin.py:188} INFO - [2026-07-01T15:39:24.980+0000] {dag.py:3954} INFO - Setting next_dagrun for dag_shipment_sim to 2026-07-01 15:00:00+00:00, run_after=2026-07-01 16:00:00+00:00
[2026-07-01T15:39:24.987+0000] {processor.py:183} INFO - Processing /opt/airflow/dags/dag_shipment_sim.py took 0.036 seconds
[2026-07-01T15:39:55.194+0000] {processor.py:161} INFO - Started process (PID=25192) to work on /opt/airflow/dags/dag_shipment_sim.py
[2026-07-01T15:39:55.195+0000] {processor.py:830} INFO - Processing file /opt/airflow/dags/dag_shipment_sim.py for tasks to queue
[2026-07-01T15:39:55.196+0000] {logging_mixin.py:188} INFO - [2026-07-01T15:39:55.196+0000] {dagbag.py:545} INFO - Filling up the DagBag from /opt/airflow/dags/dag_shipment_sim.py
[2026-07-01T15:39:55.204+0000] {processor.py:840} INFO - DAG(s) 'dag_shipment_sim' retrieved from /opt/airflow/dags/dag_shipment_sim.py
[2026-07-01T15:39:55.215+0000] {logging_mixin.py:188} INFO - [2026-07-01T15:39:55.215+0000] {dag.py:3096} INFO - Sync 1 DAGs
[2026-07-01T15:39:55.223+0000] {logging_mixin.py:188} INFO - [2026-07-01T15:39:55.223+0000] {dag.py:3954} INFO - Setting next_dagrun for dag_shipment_sim to 2026-07-01 15:00:00+00:00, run_after=2026-07-01 16:00:00+00:00
[2026-07-01T15:39:55.230+0000] {processor.py:183} INFO - Processing /opt/airflow/dags/dag_shipment_sim.py took 0.043 seconds
[2026-07-01T15:40:25.573+0000] {processor.py:161} INFO - Started process (PID=25229) to work on /opt/airflow/dags/dag_shipment_sim.py
[2026-07-01T15:40:25.574+0000] {processor.py:830} INFO - Processing file /opt/airflow/dags/dag_shipment_sim.py for tasks to queue
[2026-07-01T15:40:25.574+0000] {logging_mixin.py:188} INFO - [2026-07-01T15:40:25.574+0000] {dagbag.py:545} INFO - Filling up the DagBag from /opt/airflow/dags/dag_shipment_sim.py
[2026-07-01T15:40:25.582+0000] {processor.py:840} INFO - DAG(s) 'dag_shipment_sim' retrieved from /opt/airflow/dags/dag_shipment_sim.py
[2026-07-01T15:40:25.593+0000] {logging_mixin.py:188} INFO - [2026-07-01T15:40:25.593+0000] {dag.py:3096} INFO - Sync 1 DAGs
[2026-07-01T15:40:25.601+0000] {logging_mixin.py:188} INFO - [2026-07-01T15:40:25.601+0000] {dag.py:3954} INFO - Setting next_dagrun for dag_shipment_sim to 2026-07-01 15:00:00+00:00, run_after=2026-07-01 16:00:00+00:00
[2026-07-01T15:40:25.608+0000] {processor.py:183} INFO - Processing /opt/airflow/dags/dag_shipment_sim.py took 0.037 seconds
[2026-07-01T15:40:56.611+0000] {processor.py:161} INFO - Started process (PID=25266) to work on /opt/airflow/dags/dag_shipment_sim.py
[2026-07-01T15:40:56.612+0000] {processor.py:830} INFO - Processing file /opt/airflow/dags/dag_shipment_sim.py for tasks to queue
[2026-07-01T15:40:56.613+0000] {logging_mixin.py:188} INFO - [2026-07-01T15:40:56.613+0000] {dagbag.py:545} INFO - Filling up the DagBag from /opt/airflow/dags/dag_shipment_sim.py
[2026-07-01T15:40:56.620+0000] {processor.py:840} INFO - DAG(s) 'dag_shipment_sim' retrieved from /opt/airflow/dags/dag_shipment_sim.py
[2026-07-01T15:40:56.630+0000] {logging_mixin.py:188} INFO - [2026-07-01T15:40:56.630+0000] {dag.py:3096} INFO - Sync 1 DAGs
[2026-07-01T15:40:56.638+0000] {logging_mixin.py:188} INFO - [2026-07-01T15:40:56.638+0000] {dag.py:3954} INFO - Setting next_dagrun for dag_shipment_sim to 2026-07-01 15:00:00+00:00, run_after=2026-07-01 16:00:00+00:00
[2026-07-01T15:40:56.645+0000] {processor.py:183} INFO - Processing /opt/airflow/dags/dag_shipment_sim.py took 0.037 seconds
[2026-07-01T15:41:26.738+0000] {processor.py:161} INFO - Started process (PID=25303) to work on /opt/airflow/dags/dag_shipment_sim.py
[2026-07-01T15:41:26.739+0000] {processor.py:830} INFO - Processing file /opt/airflow/dags/dag_shipment_sim.py for tasks to queue
[2026-07-01T15:41:26.739+0000] {logging_mixin.py:188} INFO - [2026-07-01T15:41:26.739+0000] {dagbag.py:545} INFO - Filling up the DagBag from /opt/airflow/dags/dag_shipment_sim.py
[2026-07-01T15:41:26.747+0000] {processor.py:840} INFO - DAG(s) 'dag_shipment_sim' retrieved from /opt/airflow/dags/dag_shipment_sim.py
[2026-07-01T15:41:26.756+0000] {logging_mixin.py:188} INFO - [2026-07-01T15:41:26.755+0000] {dag.py:3096} INFO - Sync 1 DAGs
[2026-07-01T15:41:26.763+0000] {logging_mixin.py:188} INFO - [2026-07-01T15:41:26.763+0000] {dag.py:3954} INFO - Setting next_dagrun for dag_shipment_sim to 2026-07-01 15:00:00+00:00, run_after=2026-07-01 16:00:00+00:00
[2026-07-01T15:41:26.770+0000] {processor.py:183} INFO - Processing /opt/airflow/dags/dag_shipment_sim.py took 0.034 seconds
[2026-07-01T15:41:57.911+0000] {processor.py:161} INFO - Started process (PID=25340) to work on /opt/airflow/dags/dag_shipment_sim.py
[2026-07-01T15:41:57.911+0000] {processor.py:830} INFO - Processing file /opt/airflow/dags/dag_shipment_sim.py for tasks to queue
[2026-07-01T15:41:57.912+0000] {logging_mixin.py:188} INFO - [2026-07-01T15:41:57.912+0000] {dagbag.py:545} INFO - Filling up the DagBag from /opt/airflow/dags/dag_shipment_sim.py
[2026-07-01T15:41:57.920+0000] {processor.py:840} INFO - DAG(s) 'dag_shipment_sim' retrieved from /opt/airflow/dags/dag_shipment_sim.py
[2026-07-01T15:41:57.929+0000] {logging_mixin.py:188} INFO - [2026-07-01T15:41:57.929+0000] {dag.py:3096} INFO - Sync 1 DAGs
[2026-07-01T15:41:57.938+0000] {logging_mixin.py:188} INFO - [2026-07-01T15:41:57.938+0000] {dag.py:3954} INFO - Setting next_dagrun for dag_shipment_sim to 2026-07-01 15:00:00+00:00, run_after=2026-07-01 16:00:00+00:00
[2026-07-01T15:41:57.946+0000] {processor.py:183} INFO - Processing /opt/airflow/dags/dag_shipment_sim.py took 0.039 seconds
[2026-07-01T15:42:27.958+0000] {processor.py:161} INFO - Started process (PID=25377) to work on /opt/airflow/dags/dag_shipment_sim.py
[2026-07-01T15:42:27.959+0000] {processor.py:830} INFO - Processing file /opt/airflow/dags/dag_shipment_sim.py for tasks to queue
[2026-07-01T15:42:27.959+0000] {logging_mixin.py:188} INFO - [2026-07-01T15:42:27.959+0000] {dagbag.py:545} INFO - Filling up the DagBag from /opt/airflow/dags/dag_shipment_sim.py
[2026-07-01T15:42:27.966+0000] {processor.py:840} INFO - DAG(s) 'dag_shipment_sim' retrieved from /opt/airflow/dags/dag_shipment_sim.py
[2026-07-01T15:42:27.975+0000] {logging_mixin.py:188} INFO - [2026-07-01T15:42:27.975+0000] {dag.py:3096} INFO - Sync 1 DAGs
[2026-07-01T15:42:27.983+0000] {logging_mixin.py:188} INFO - [2026-07-01T15:42:27.983+0000] {dag.py:3954} INFO - Setting next_dagrun for dag_shipment_sim to 2026-07-01 15:00:00+00:00, run_after=2026-07-01 16:00:00+00:00
[2026-07-01T15:42:27.990+0000] {processor.py:183} INFO - Processing /opt/airflow/dags/dag_shipment_sim.py took 0.034 seconds
[2026-07-01T15:42:58.357+0000] {processor.py:161} INFO - Started process (PID=25414) to work on /opt/airflow/dags/dag_shipment_sim.py
[2026-07-01T15:42:58.358+0000] {processor.py:830} INFO - Processing file /opt/airflow/dags/dag_shipment_sim.py for tasks to queue
[2026-07-01T15:42:58.359+0000] {logging_mixin.py:188} INFO - [2026-07-01T15:42:58.359+0000] {dagbag.py:545} INFO - Filling up the DagBag from /opt/airflow/dags/dag_shipment_sim.py
[2026-07-01T15:42:58.366+0000] {processor.py:840} INFO - DAG(s) 'dag_shipment_sim' retrieved from /opt/airflow/dags/dag_shipment_sim.py
[2026-07-01T15:42:58.376+0000] {logging_mixin.py:188} INFO - [2026-07-01T15:42:58.376+0000] {dag.py:3096} INFO - Sync 1 DAGs
[2026-07-01T15:42:58.384+0000] {logging_mixin.py:188} INFO - [2026-07-01T15:42:58.384+0000] {dag.py:3954} INFO - Setting next_dagrun for dag_shipment_sim to 2026-07-01 15:00:00+00:00, run_after=2026-07-01 16:00:00+00:00
[2026-07-01T15:42:58.391+0000] {processor.py:183} INFO - Processing /opt/airflow/dags/dag_shipment_sim.py took 0.036 seconds
[2026-07-01T15:43:28.962+0000] {processor.py:161} INFO - Started process (PID=25451) to work on /opt/airflow/dags/dag_shipment_sim.py
[2026-07-01T15:43:28.962+0000] {processor.py:830} INFO - Processing file /opt/airflow/dags/dag_shipment_sim.py for tasks to queue
[2026-07-01T15:43:28.963+0000] {logging_mixin.py:188} INFO - [2026-07-01T15:43:28.963+0000] {dagbag.py:545} INFO - Filling up the DagBag from /opt/airflow/dags/dag_shipment_sim.py
[2026-07-01T15:43:28.970+0000] {processor.py:840} INFO - DAG(s) 'dag_shipment_sim' retrieved from /opt/airflow/dags/dag_shipment_sim.py
[2026-07-01T15:43:28.979+0000] {logging_mixin.py:188} INFO - [2026-07-01T15:43:28.979+0000] {dag.py:3096} INFO - Sync 1 DAGs
[2026-07-01T15:43:28.987+0000] {logging_mixin.py:188} INFO - [2026-07-01T15:43:28.987+0000] {dag.py:3954} INFO - Setting next_dagrun for dag_shipment_sim to 2026-07-01 15:00:00+00:00, run_after=2026-07-01 16:00:00+00:00
[2026-07-01T15:43:28.994+0000] {processor.py:183} INFO - Processing /opt/airflow/dags/dag_shipment_sim.py took 0.040 seconds
[2026-07-01T15:43:59.636+0000] {processor.py:161} INFO - Started process (PID=25488) to work on /opt/airflow/dags/dag_shipment_sim.py
[2026-07-01T15:43:59.638+0000] {processor.py:830} INFO - Processing file /opt/airflow/dags/dag_shipment_sim.py for tasks to queue
[2026-07-01T15:43:59.639+0000] {logging_mixin.py:188} INFO - [2026-07-01T15:43:59.639+0000] {dagbag.py:545} INFO - Filling up the DagBag from /opt/airflow/dags/dag_shipment_sim.py
[2026-07-01T15:43:59.656+0000] {processor.py:840} INFO - DAG(s) 'dag_shipment_sim' retrieved from /opt/airflow/dags/dag_shipment_sim.py
[2026-07-01T15:43:59.671+0000] {logging_mixin.py:188} INFO - [2026-07-01T15:43:59.671+0000] {dag.py:3096} INFO - Sync 1 DAGs
[2026-07-01T15:43:59.686+0000] {logging_mixin.py:188} INFO - [2026-07-01T15:43:59.686+0000] {dag.py:3954} INFO - Setting next_dagrun for dag_shipment_sim to 2026-07-01 15:00:00+00:00, run_after=2026-07-01 16:00:00+00:00
[2026-07-01T15:43:59.700+0000] {processor.py:183} INFO - Processing /opt/airflow/dags/dag_shipment_sim.py took 0.075 seconds
[2026-07-01T15:44:29.941+0000] {processor.py:161} INFO - Started process (PID=25525) to work on /opt/airflow/dags/dag_shipment_sim.py
[2026-07-01T15:44:29.943+0000] {processor.py:830} INFO - Processing file /opt/airflow/dags/dag_shipment_sim.py for tasks to queue
[2026-07-01T15:44:29.944+0000] {logging_mixin.py:188} INFO - [2026-07-01T15:44:29.943+0000] {dagbag.py:545} INFO - Filling up the DagBag from /opt/airflow/dags/dag_shipment_sim.py
[2026-07-01T15:44:29.953+0000] {processor.py:840} INFO - DAG(s) 'dag_shipment_sim' retrieved from /opt/airflow/dags/dag_shipment_sim.py
[2026-07-01T15:44:29.968+0000] {logging_mixin.py:188} INFO - [2026-07-01T15:44:29.968+0000] {dag.py:3096} INFO - Sync 1 DAGs
[2026-07-01T15:44:29.978+0000] {logging_mixin.py:188} INFO - [2026-07-01T15:44:29.978+0000] {dag.py:3954} INFO - Setting next_dagrun for dag_shipment_sim to 2026-07-01 15:00:00+00:00, run_after=2026-07-01 16:00:00+00:00
[2026-07-01T15:44:29.987+0000] {processor.py:183} INFO - Processing /opt/airflow/dags/dag_shipment_sim.py took 0.064 seconds
[2026-07-01T15:45:00.363+0000] {processor.py:161} INFO - Started process (PID=25562) to work on /opt/airflow/dags/dag_shipment_sim.py
[2026-07-01T15:45:00.364+0000] {processor.py:830} INFO - Processing file /opt/airflow/dags/dag_shipment_sim.py for tasks to queue
[2026-07-01T15:45:00.365+0000] {logging_mixin.py:188} INFO - [2026-07-01T15:45:00.365+0000] {dagbag.py:545} INFO - Filling up the DagBag from /opt/airflow/dags/dag_shipment_sim.py
[2026-07-01T15:45:00.383+0000] {processor.py:840} INFO - DAG(s) 'dag_shipment_sim' retrieved from /opt/airflow/dags/dag_shipment_sim.py
[2026-07-01T15:45:00.410+0000] {logging_mixin.py:188} INFO - [2026-07-01T15:45:00.409+0000] {dag.py:3096} INFO - Sync 1 DAGs
[2026-07-01T15:45:00.426+0000] {logging_mixin.py:188} INFO - [2026-07-01T15:45:00.426+0000] {dag.py:3954} INFO - Setting next_dagrun for dag_shipment_sim to 2026-07-01 15:00:00+00:00, run_after=2026-07-01 16:00:00+00:00
[2026-07-01T15:45:00.448+0000] {processor.py:183} INFO - Processing /opt/airflow/dags/dag_shipment_sim.py took 0.089 seconds
[2026-07-01T15:45:30.538+0000] {processor.py:161} INFO - Started process (PID=25599) to work on /opt/airflow/dags/dag_shipment_sim.py
[2026-07-01T15:45:30.539+0000] {processor.py:830} INFO - Processing file /opt/airflow/dags/dag_shipment_sim.py for tasks to queue
[2026-07-01T15:45:30.540+0000] {logging_mixin.py:188} INFO - [2026-07-01T15:45:30.540+0000] {dagbag.py:545} INFO - Filling up the DagBag from /opt/airflow/dags/dag_shipment_sim.py
[2026-07-01T15:45:30.547+0000] {processor.py:840} INFO - DAG(s) 'dag_shipment_sim' retrieved from /opt/airflow/dags/dag_shipment_sim.py
[2026-07-01T15:45:30.557+0000] {logging_mixin.py:188} INFO - [2026-07-01T15:45:30.556+0000] {dag.py:3096} INFO - Sync 1 DAGs
[2026-07-01T15:45:30.564+0000] {logging_mixin.py:188} INFO - [2026-07-01T15:45:30.564+0000] {dag.py:3954} INFO - Setting next_dagrun for dag_shipment_sim to 2026-07-01 15:00:00+00:00, run_after=2026-07-01 16:00:00+00:00
[2026-07-01T15:45:30.571+0000] {processor.py:183} INFO - Processing /opt/airflow/dags/dag_shipment_sim.py took 0.040 seconds
[2026-07-01T15:46:01.600+0000] {processor.py:161} INFO - Started process (PID=25634) to work on /opt/airflow/dags/dag_shipment_sim.py
[2026-07-01T15:46:01.601+0000] {processor.py:830} INFO - Processing file /opt/airflow/dags/dag_shipment_sim.py for tasks to queue
[2026-07-01T15:46:01.601+0000] {logging_mixin.py:188} INFO - [2026-07-01T15:46:01.601+0000] {dagbag.py:545} INFO - Filling up the DagBag from /opt/airflow/dags/dag_shipment_sim.py
[2026-07-01T15:46:01.616+0000] {processor.py:840} INFO - DAG(s) 'dag_shipment_sim' retrieved from /opt/airflow/dags/dag_shipment_sim.py
[2026-07-01T15:46:01.633+0000] {logging_mixin.py:188} INFO - [2026-07-01T15:46:01.633+0000] {dag.py:3096} INFO - Sync 1 DAGs
[2026-07-01T15:46:01.647+0000] {logging_mixin.py:188} INFO - [2026-07-01T15:46:01.647+0000] {dag.py:3954} INFO - Setting next_dagrun for dag_shipment_sim to 2026-07-01 15:00:00+00:00, run_after=2026-07-01 16:00:00+00:00
[2026-07-01T15:46:01.668+0000] {processor.py:183} INFO - Processing /opt/airflow/dags/dag_shipment_sim.py took 0.071 seconds
[2026-07-01T15:46:32.735+0000] {processor.py:161} INFO - Started process (PID=25673) to work on /opt/airflow/dags/dag_shipment_sim.py
[2026-07-01T15:46:32.736+0000] {processor.py:830} INFO - Processing file /opt/airflow/dags/dag_shipment_sim.py for tasks to queue
[2026-07-01T15:46:32.736+0000] {logging_mixin.py:188} INFO - [2026-07-01T15:46:32.736+0000] {dagbag.py:545} INFO - Filling up the DagBag from /opt/airflow/dags/dag_shipment_sim.py
[2026-07-01T15:46:32.743+0000] {processor.py:840} INFO - DAG(s) 'dag_shipment_sim' retrieved from /opt/airflow/dags/dag_shipment_sim.py
[2026-07-01T15:46:32.753+0000] {logging_mixin.py:188} INFO - [2026-07-01T15:46:32.753+0000] {dag.py:3096} INFO - Sync 1 DAGs
[2026-07-01T15:46:32.762+0000] {logging_mixin.py:188} INFO - [2026-07-01T15:46:32.762+0000] {dag.py:3954} INFO - Setting next_dagrun for dag_shipment_sim to 2026-07-01 15:00:00+00:00, run_after=2026-07-01 16:00:00+00:00
[2026-07-01T15:46:32.772+0000] {processor.py:183} INFO - Processing /opt/airflow/dags/dag_shipment_sim.py took 0.039 seconds
[2026-07-01T15:47:03.909+0000] {processor.py:161} INFO - Started process (PID=25710) to work on /opt/airflow/dags/dag_shipment_sim.py
[2026-07-01T15:47:03.910+0000] {processor.py:830} INFO - Processing file /opt/airflow/dags/dag_shipment_sim.py for tasks to queue
[2026-07-01T15:47:03.910+0000] {logging_mixin.py:188} INFO - [2026-07-01T15:47:03.910+0000] {dagbag.py:545} INFO - Filling up the DagBag from /opt/airflow/dags/dag_shipment_sim.py
[2026-07-01T15:47:03.918+0000] {processor.py:840} INFO - DAG(s) 'dag_shipment_sim' retrieved from /opt/airflow/dags/dag_shipment_sim.py
[2026-07-01T15:47:03.930+0000] {logging_mixin.py:188} INFO - [2026-07-01T15:47:03.930+0000] {dag.py:3096} INFO - Sync 1 DAGs
[2026-07-01T15:47:03.940+0000] {logging_mixin.py:188} INFO - [2026-07-01T15:47:03.940+0000] {dag.py:3954} INFO - Setting next_dagrun for dag_shipment_sim to 2026-07-01 15:00:00+00:00, run_after=2026-07-01 16:00:00+00:00
[2026-07-01T15:47:03.948+0000] {processor.py:183} INFO - Processing /opt/airflow/dags/dag_shipment_sim.py took 0.042 seconds
[2026-07-01T15:47:34.076+0000] {processor.py:161} INFO - Started process (PID=25747) to work on /opt/airflow/dags/dag_shipment_sim.py
[2026-07-01T15:47:34.077+0000] {processor.py:830} INFO - Processing file /opt/airflow/dags/dag_shipment_sim.py for tasks to queue
[2026-07-01T15:47:34.078+0000] {logging_mixin.py:188} INFO - [2026-07-01T15:47:34.078+0000] {dagbag.py:545} INFO - Filling up the DagBag from /opt/airflow/dags/dag_shipment_sim.py
[2026-07-01T15:47:34.085+0000] {processor.py:840} INFO - DAG(s) 'dag_shipment_sim' retrieved from /opt/airflow/dags/dag_shipment_sim.py
[2026-07-01T15:47:34.097+0000] {logging_mixin.py:188} INFO - [2026-07-01T15:47:34.097+0000] {dag.py:3096} INFO - Sync 1 DAGs
[2026-07-01T15:47:34.106+0000] {logging_mixin.py:188} INFO - [2026-07-01T15:47:34.106+0000] {dag.py:3954} INFO - Setting next_dagrun for dag_shipment_sim to 2026-07-01 15:00:00+00:00, run_after=2026-07-01 16:00:00+00:00
[2026-07-01T15:47:34.113+0000] {processor.py:183} INFO - Processing /opt/airflow/dags/dag_shipment_sim.py took 0.039 seconds
[2026-07-01T15:48:05.224+0000] {processor.py:161} INFO - Started process (PID=25784) to work on /opt/airflow/dags/dag_shipment_sim.py
[2026-07-01T15:48:05.225+0000] {processor.py:830} INFO - Processing file /opt/airflow/dags/dag_shipment_sim.py for tasks to queue
[2026-07-01T15:48:05.226+0000] {logging_mixin.py:188} INFO - [2026-07-01T15:48:05.226+0000] {dagbag.py:545} INFO - Filling up the DagBag from /opt/airflow/dags/dag_shipment_sim.py
[2026-07-01T15:48:05.234+0000] {processor.py:840} INFO - DAG(s) 'dag_shipment_sim' retrieved from /opt/airflow/dags/dag_shipment_sim.py
[2026-07-01T15:48:05.249+0000] {logging_mixin.py:188} INFO - [2026-07-01T15:48:05.248+0000] {dag.py:3096} INFO - Sync 1 DAGs
[2026-07-01T15:48:05.257+0000] {logging_mixin.py:188} INFO - [2026-07-01T15:48:05.257+0000] {dag.py:3954} INFO - Setting next_dagrun for dag_shipment_sim to 2026-07-01 15:00:00+00:00, run_after=2026-07-01 16:00:00+00:00
[2026-07-01T15:48:05.263+0000] {processor.py:183} INFO - Processing /opt/airflow/dags/dag_shipment_sim.py took 0.046 seconds
[2026-07-01T15:48:35.432+0000] {processor.py:161} INFO - Started process (PID=25821) to work on /opt/airflow/dags/dag_shipment_sim.py
[2026-07-01T15:48:35.433+0000] {processor.py:830} INFO - Processing file /opt/airflow/dags/dag_shipment_sim.py for tasks to queue
[2026-07-01T15:48:35.433+0000] {logging_mixin.py:188} INFO - [2026-07-01T15:48:35.433+0000] {dagbag.py:545} INFO - Filling up the DagBag from /opt/airflow/dags/dag_shipment_sim.py
[2026-07-01T15:48:35.440+0000] {processor.py:840} INFO - DAG(s) 'dag_shipment_sim' retrieved from /opt/airflow/dags/dag_shipment_sim.py
[2026-07-01T15:48:35.449+0000] {logging_mixin.py:188} INFO - [2026-07-01T15:48:35.449+0000] {dag.py:3096} INFO - Sync 1 DAGs
[2026-07-01T15:48:35.457+0000] {logging_mixin.py:188} INFO - [2026-07-01T15:48:35.457+0000] {dag.py:3954} INFO - Setting next_dagrun for dag_shipment_sim to 2026-07-01 15:00:00+00:00, run_after=2026-07-01 16:00:00+00:00
[2026-07-01T15:48:35.464+0000] {processor.py:183} INFO - Processing /opt/airflow/dags/dag_shipment_sim.py took 0.034 seconds
[2026-07-01T15:49:06.484+0000] {processor.py:161} INFO - Started process (PID=25858) to work on /opt/airflow/dags/dag_shipment_sim.py
[2026-07-01T15:49:06.485+0000] {processor.py:830} INFO - Processing file /opt/airflow/dags/dag_shipment_sim.py for tasks to queue
[2026-07-01T15:49:06.485+0000] {logging_mixin.py:188} INFO - [2026-07-01T15:49:06.485+0000] {dagbag.py:545} INFO - Filling up the DagBag from /opt/airflow/dags/dag_shipment_sim.py
[2026-07-01T15:49:06.498+0000] {processor.py:840} INFO - DAG(s) 'dag_shipment_sim' retrieved from /opt/airflow/dags/dag_shipment_sim.py
[2026-07-01T15:49:06.507+0000] {logging_mixin.py:188} INFO - [2026-07-01T15:49:06.507+0000] {dag.py:3096} INFO - Sync 1 DAGs
[2026-07-01T15:49:06.516+0000] {logging_mixin.py:188} INFO - [2026-07-01T15:49:06.515+0000] {dag.py:3954} INFO - Setting next_dagrun for dag_shipment_sim to 2026-07-01 15:00:00+00:00, run_after=2026-07-01 16:00:00+00:00
[2026-07-01T15:49:06.523+0000] {processor.py:183} INFO - Processing /opt/airflow/dags/dag_shipment_sim.py took 0.041 seconds
[2026-07-01T15:49:36.681+0000] {processor.py:161} INFO - Started process (PID=25895) to work on /opt/airflow/dags/dag_shipment_sim.py
[2026-07-01T15:49:36.681+0000] {processor.py:830} INFO - Processing file /opt/airflow/dags/dag_shipment_sim.py for tasks to queue
[2026-07-01T15:49:36.682+0000] {logging_mixin.py:188} INFO - [2026-07-01T15:49:36.682+0000] {dagbag.py:545} INFO - Filling up the DagBag from /opt/airflow/dags/dag_shipment_sim.py
[2026-07-01T15:49:36.689+0000] {processor.py:840} INFO - DAG(s) 'dag_shipment_sim' retrieved from /opt/airflow/dags/dag_shipment_sim.py
[2026-07-01T15:49:36.699+0000] {logging_mixin.py:188} INFO - [2026-07-01T15:49:36.698+0000] {dag.py:3096} INFO - Sync 1 DAGs
[2026-07-01T15:49:36.706+0000] {logging_mixin.py:188} INFO - [2026-07-01T15:49:36.706+0000] {dag.py:3954} INFO - Setting next_dagrun for dag_shipment_sim to 2026-07-01 15:00:00+00:00, run_after=2026-07-01 16:00:00+00:00
[2026-07-01T15:49:36.713+0000] {processor.py:183} INFO - Processing /opt/airflow/dags/dag_shipment_sim.py took 0.035 seconds
[2026-07-01T15:50:07.085+0000] {processor.py:161} INFO - Started process (PID=25930) to work on /opt/airflow/dags/dag_shipment_sim.py
[2026-07-01T15:50:07.086+0000] {processor.py:830} INFO - Processing file /opt/airflow/dags/dag_shipment_sim.py for tasks to queue
[2026-07-01T15:50:07.087+0000] {logging_mixin.py:188} INFO - [2026-07-01T15:50:07.087+0000] {dagbag.py:545} INFO - Filling up the DagBag from /opt/airflow/dags/dag_shipment_sim.py
[2026-07-01T15:50:07.103+0000] {processor.py:840} INFO - DAG(s) 'dag_shipment_sim' retrieved from /opt/airflow/dags/dag_shipment_sim.py
[2026-07-01T15:50:07.131+0000] {logging_mixin.py:188} INFO - [2026-07-01T15:50:07.131+0000] {dag.py:3096} INFO - Sync 1 DAGs
[2026-07-01T15:50:07.148+0000] {logging_mixin.py:188} INFO - [2026-07-01T15:50:07.148+0000] {dag.py:3954} INFO - Setting next_dagrun for dag_shipment_sim to 2026-07-01 15:00:00+00:00, run_after=2026-07-01 16:00:00+00:00
[2026-07-01T15:50:07.157+0000] {processor.py:183} INFO - Processing /opt/airflow/dags/dag_shipment_sim.py took 0.079 seconds
[2026-07-01T15:50:37.229+0000] {processor.py:161} INFO - Started process (PID=25969) to work on /opt/airflow/dags/dag_shipment_sim.py
[2026-07-01T15:50:37.230+0000] {processor.py:830} INFO - Processing file /opt/airflow/dags/dag_shipment_sim.py for tasks to queue
[2026-07-01T15:50:37.230+0000] {logging_mixin.py:188} INFO - [2026-07-01T15:50:37.230+0000] {dagbag.py:545} INFO - Filling up the DagBag from /opt/airflow/dags/dag_shipment_sim.py
[2026-07-01T15:50:37.237+0000] {processor.py:840} INFO - DAG(s) 'dag_shipment_sim' retrieved from /opt/airflow/dags/dag_shipment_sim.py
[2026-07-01T15:50:37.247+0000] {logging_mixin.py:188} INFO - [2026-07-01T15:50:37.247+0000] {dag.py:3096} INFO - Sync 1 DAGs
[2026-07-01T15:50:37.255+0000] {logging_mixin.py:188} INFO - [2026-07-01T15:50:37.254+0000] {dag.py:3954} INFO - Setting next_dagrun for dag_shipment_sim to 2026-07-01 15:00:00+00:00, run_after=2026-07-01 16:00:00+00:00
[2026-07-01T15:50:37.261+0000] {processor.py:183} INFO - Processing /opt/airflow/dags/dag_shipment_sim.py took 0.035 seconds
[2026-07-01T15:51:07.517+0000] {processor.py:161} INFO - Started process (PID=26006) to work on /opt/airflow/dags/dag_shipment_sim.py
[2026-07-01T15:51:07.517+0000] {processor.py:830} INFO - Processing file /opt/airflow/dags/dag_shipment_sim.py for tasks to queue
[2026-07-01T15:51:07.518+0000] {logging_mixin.py:188} INFO - [2026-07-01T15:51:07.518+0000] {dagbag.py:545} INFO - Filling up the DagBag from /opt/airflow/dags/dag_shipment_sim.py
[2026-07-01T15:51:07.526+0000] {processor.py:840} INFO - DAG(s) 'dag_shipment_sim' retrieved from /opt/airflow/dags/dag_shipment_sim.py
[2026-07-01T15:51:07.536+0000] {logging_mixin.py:188} INFO - [2026-07-01T15:51:07.536+0000] {dag.py:3096} INFO - Sync 1 DAGs
[2026-07-01T15:51:07.543+0000] {logging_mixin.py:188} INFO - [2026-07-01T15:51:07.543+0000] {dag.py:3954} INFO - Setting next_dagrun for dag_shipment_sim to 2026-07-01 15:00:00+00:00, run_after=2026-07-01 16:00:00+00:00
[2026-07-01T15:51:07.550+0000] {processor.py:183} INFO - Processing /opt/airflow/dags/dag_shipment_sim.py took 0.037 seconds
[2026-07-01T15:51:38.547+0000] {processor.py:161} INFO - Started process (PID=26041) to work on /opt/airflow/dags/dag_shipment_sim.py
[2026-07-01T15:51:38.547+0000] {processor.py:830} INFO - Processing file /opt/airflow/dags/dag_shipment_sim.py for tasks to queue
[2026-07-01T15:51:38.548+0000] {logging_mixin.py:188} INFO - [2026-07-01T15:51:38.548+0000] {dagbag.py:545} INFO - Filling up the DagBag from /opt/airflow/dags/dag_shipment_sim.py
[2026-07-01T15:51:38.560+0000] {processor.py:840} INFO - DAG(s) 'dag_shipment_sim' retrieved from /opt/airflow/dags/dag_shipment_sim.py
[2026-07-01T15:51:38.574+0000] {logging_mixin.py:188} INFO - [2026-07-01T15:51:38.573+0000] {dag.py:3096} INFO - Sync 1 DAGs
[2026-07-01T15:51:38.585+0000] {logging_mixin.py:188} INFO - [2026-07-01T15:51:38.585+0000] {dag.py:3954} INFO - Setting next_dagrun for dag_shipment_sim to 2026-07-01 15:00:00+00:00, run_after=2026-07-01 16:00:00+00:00
[2026-07-01T15:51:38.594+0000] {processor.py:183} INFO - Processing /opt/airflow/dags/dag_shipment_sim.py took 0.050 seconds
[2026-07-01T15:52:09.622+0000] {processor.py:161} INFO - Started process (PID=26080) to work on /opt/airflow/dags/dag_shipment_sim.py
[2026-07-01T15:52:09.622+0000] {processor.py:830} INFO - Processing file /opt/airflow/dags/dag_shipment_sim.py for tasks to queue
[2026-07-01T15:52:09.623+0000] {logging_mixin.py:188} INFO - [2026-07-01T15:52:09.623+0000] {dagbag.py:545} INFO - Filling up the DagBag from /opt/airflow/dags/dag_shipment_sim.py
[2026-07-01T15:52:09.630+0000] {processor.py:840} INFO - DAG(s) 'dag_shipment_sim' retrieved from /opt/airflow/dags/dag_shipment_sim.py
[2026-07-01T15:52:09.640+0000] {logging_mixin.py:188} INFO - [2026-07-01T15:52:09.640+0000] {dag.py:3096} INFO - Sync 1 DAGs
[2026-07-01T15:52:09.648+0000] {logging_mixin.py:188} INFO - [2026-07-01T15:52:09.647+0000] {dag.py:3954} INFO - Setting next_dagrun for dag_shipment_sim to 2026-07-01 15:00:00+00:00, run_after=2026-07-01 16:00:00+00:00
[2026-07-01T15:52:09.655+0000] {processor.py:183} INFO - Processing /opt/airflow/dags/dag_shipment_sim.py took 0.036 seconds
[2026-07-01T15:52:40.720+0000] {processor.py:161} INFO - Started process (PID=26117) to work on /opt/airflow/dags/dag_shipment_sim.py
[2026-07-01T15:52:40.721+0000] {processor.py:830} INFO - Processing file /opt/airflow/dags/dag_shipment_sim.py for tasks to queue
[2026-07-01T15:52:40.721+0000] {logging_mixin.py:188} INFO - [2026-07-01T15:52:40.721+0000] {dagbag.py:545} INFO - Filling up the DagBag from /opt/airflow/dags/dag_shipment_sim.py
[2026-07-01T15:52:40.728+0000] {processor.py:840} INFO - DAG(s) 'dag_shipment_sim' retrieved from /opt/airflow/dags/dag_shipment_sim.py
[2026-07-01T15:52:40.737+0000] {logging_mixin.py:188} INFO - [2026-07-01T15:52:40.737+0000] {dag.py:3096} INFO - Sync 1 DAGs
[2026-07-01T15:52:40.745+0000] {logging_mixin.py:188} INFO - [2026-07-01T15:52:40.744+0000] {dag.py:3954} INFO - Setting next_dagrun for dag_shipment_sim to 2026-07-01 15:00:00+00:00, run_after=2026-07-01 16:00:00+00:00
[2026-07-01T15:52:40.752+0000] {processor.py:183} INFO - Processing /opt/airflow/dags/dag_shipment_sim.py took 0.034 seconds
[2026-07-01T15:53:11.074+0000] {processor.py:161} INFO - Started process (PID=26154) to work on /opt/airflow/dags/dag_shipment_sim.py
[2026-07-01T15:53:11.074+0000] {processor.py:830} INFO - Processing file /opt/airflow/dags/dag_shipment_sim.py for tasks to queue
[2026-07-01T15:53:11.075+0000] {logging_mixin.py:188} INFO - [2026-07-01T15:53:11.075+0000] {dagbag.py:545} INFO - Filling up the DagBag from /opt/airflow/dags/dag_shipment_sim.py
[2026-07-01T15:53:11.081+0000] {processor.py:840} INFO - DAG(s) 'dag_shipment_sim' retrieved from /opt/airflow/dags/dag_shipment_sim.py
[2026-07-01T15:53:11.091+0000] {logging_mixin.py:188} INFO - [2026-07-01T15:53:11.091+0000] {dag.py:3096} INFO - Sync 1 DAGs
[2026-07-01T15:53:11.098+0000] {logging_mixin.py:188} INFO - [2026-07-01T15:53:11.098+0000] {dag.py:3954} INFO - Setting next_dagrun for dag_shipment_sim to 2026-07-01 15:00:00+00:00, run_after=2026-07-01 16:00:00+00:00
[2026-07-01T15:53:11.105+0000] {processor.py:183} INFO - Processing /opt/airflow/dags/dag_shipment_sim.py took 0.034 seconds
[2026-07-01T15:53:42.195+0000] {processor.py:161} INFO - Started process (PID=26191) to work on /opt/airflow/dags/dag_shipment_sim.py
[2026-07-01T15:53:42.195+0000] {processor.py:830} INFO - Processing file /opt/airflow/dags/dag_shipment_sim.py for tasks to queue
[2026-07-01T15:53:42.196+0000] {logging_mixin.py:188} INFO - [2026-07-01T15:53:42.196+0000] {dagbag.py:545} INFO - Filling up the DagBag from /opt/airflow/dags/dag_shipment_sim.py
[2026-07-01T15:53:42.205+0000] {processor.py:840} INFO - DAG(s) 'dag_shipment_sim' retrieved from /opt/airflow/dags/dag_shipment_sim.py
[2026-07-01T15:53:42.217+0000] {logging_mixin.py:188} INFO - [2026-07-01T15:53:42.217+0000] {dag.py:3096} INFO - Sync 1 DAGs
[2026-07-01T15:53:42.226+0000] {logging_mixin.py:188} INFO - [2026-07-01T15:53:42.226+0000] {dag.py:3954} INFO - Setting next_dagrun for dag_shipment_sim to 2026-07-01 15:00:00+00:00, run_after=2026-07-01 16:00:00+00:00
[2026-07-01T15:53:42.234+0000] {processor.py:183} INFO - Processing /opt/airflow/dags/dag_shipment_sim.py took 0.043 seconds
[2026-07-01T15:54:12.281+0000] {processor.py:161} INFO - Started process (PID=26228) to work on /opt/airflow/dags/dag_shipment_sim.py
[2026-07-01T15:54:12.282+0000] {processor.py:830} INFO - Processing file /opt/airflow/dags/dag_shipment_sim.py for tasks to queue
[2026-07-01T15:54:12.282+0000] {logging_mixin.py:188} INFO - [2026-07-01T15:54:12.282+0000] {dagbag.py:545} INFO - Filling up the DagBag from /opt/airflow/dags/dag_shipment_sim.py
[2026-07-01T15:54:12.289+0000] {processor.py:840} INFO - DAG(s) 'dag_shipment_sim' retrieved from /opt/airflow/dags/dag_shipment_sim.py
[2026-07-01T15:54:12.298+0000] {logging_mixin.py:188} INFO - [2026-07-01T15:54:12.298+0000] {dag.py:3096} INFO - Sync 1 DAGs
[2026-07-01T15:54:12.305+0000] {logging_mixin.py:188} INFO - [2026-07-01T15:54:12.305+0000] {dag.py:3954} INFO - Setting next_dagrun for dag_shipment_sim to 2026-07-01 15:00:00+00:00, run_after=2026-07-01 16:00:00+00:00
[2026-07-01T15:54:12.312+0000] {processor.py:183} INFO - Processing /opt/airflow/dags/dag_shipment_sim.py took 0.033 seconds
[2026-07-01T15:54:42.390+0000] {processor.py:161} INFO - Started process (PID=26265) to work on /opt/airflow/dags/dag_shipment_sim.py
[2026-07-01T15:54:42.390+0000] {processor.py:830} INFO - Processing file /opt/airflow/dags/dag_shipment_sim.py for tasks to queue
[2026-07-01T15:54:42.391+0000] {logging_mixin.py:188} INFO - [2026-07-01T15:54:42.390+0000] {dagbag.py:545} INFO - Filling up the DagBag from /opt/airflow/dags/dag_shipment_sim.py
[2026-07-01T15:54:42.397+0000] {processor.py:840} INFO - DAG(s) 'dag_shipment_sim' retrieved from /opt/airflow/dags/dag_shipment_sim.py
[2026-07-01T15:54:42.406+0000] {logging_mixin.py:188} INFO - [2026-07-01T15:54:42.406+0000] {dag.py:3096} INFO - Sync 1 DAGs
[2026-07-01T15:54:42.414+0000] {logging_mixin.py:188} INFO - [2026-07-01T15:54:42.414+0000] {dag.py:3954} INFO - Setting next_dagrun for dag_shipment_sim to 2026-07-01 15:00:00+00:00, run_after=2026-07-01 16:00:00+00:00
[2026-07-01T15:54:42.420+0000] {processor.py:183} INFO - Processing /opt/airflow/dags/dag_shipment_sim.py took 0.033 seconds
[2026-07-01T15:55:12.518+0000] {processor.py:161} INFO - Started process (PID=26302) to work on /opt/airflow/dags/dag_shipment_sim.py
[2026-07-01T15:55:12.518+0000] {processor.py:830} INFO - Processing file /opt/airflow/dags/dag_shipment_sim.py for tasks to queue
[2026-07-01T15:55:12.519+0000] {logging_mixin.py:188} INFO - [2026-07-01T15:55:12.519+0000] {dagbag.py:545} INFO - Filling up the DagBag from /opt/airflow/dags/dag_shipment_sim.py
[2026-07-01T15:55:12.526+0000] {processor.py:840} INFO - DAG(s) 'dag_shipment_sim' retrieved from /opt/airflow/dags/dag_shipment_sim.py
[2026-07-01T15:55:12.535+0000] {logging_mixin.py:188} INFO - [2026-07-01T15:55:12.535+0000] {dag.py:3096} INFO - Sync 1 DAGs
[2026-07-01T15:55:12.543+0000] {logging_mixin.py:188} INFO - [2026-07-01T15:55:12.542+0000] {dag.py:3954} INFO - Setting next_dagrun for dag_shipment_sim to 2026-07-01 15:00:00+00:00, run_after=2026-07-01 16:00:00+00:00
[2026-07-01T15:55:12.549+0000] {processor.py:183} INFO - Processing /opt/airflow/dags/dag_shipment_sim.py took 0.034 seconds
[2026-07-01T15:55:43.597+0000] {processor.py:161} INFO - Started process (PID=26339) to work on /opt/airflow/dags/dag_shipment_sim.py
[2026-07-01T15:55:43.598+0000] {processor.py:830} INFO - Processing file /opt/airflow/dags/dag_shipment_sim.py for tasks to queue
[2026-07-01T15:55:43.598+0000] {logging_mixin.py:188} INFO - [2026-07-01T15:55:43.598+0000] {dagbag.py:545} INFO - Filling up the DagBag from /opt/airflow/dags/dag_shipment_sim.py
[2026-07-01T15:55:43.605+0000] {processor.py:840} INFO - DAG(s) 'dag_shipment_sim' retrieved from /opt/airflow/dags/dag_shipment_sim.py
[2026-07-01T15:55:43.614+0000] {logging_mixin.py:188} INFO - [2026-07-01T15:55:43.614+0000] {dag.py:3096} INFO - Sync 1 DAGs
[2026-07-01T15:55:43.622+0000] {logging_mixin.py:188} INFO - [2026-07-01T15:55:43.621+0000] {dag.py:3954} INFO - Setting next_dagrun for dag_shipment_sim to 2026-07-01 15:00:00+00:00, run_after=2026-07-01 16:00:00+00:00
[2026-07-01T15:55:43.629+0000] {processor.py:183} INFO - Processing /opt/airflow/dags/dag_shipment_sim.py took 0.033 seconds
[2026-07-01T15:56:14.671+0000] {processor.py:161} INFO - Started process (PID=26376) to work on /opt/airflow/dags/dag_shipment_sim.py
[2026-07-01T15:56:14.672+0000] {processor.py:830} INFO - Processing file /opt/airflow/dags/dag_shipment_sim.py for tasks to queue
[2026-07-01T15:56:14.673+0000] {logging_mixin.py:188} INFO - [2026-07-01T15:56:14.673+0000] {dagbag.py:545} INFO - Filling up the DagBag from /opt/airflow/dags/dag_shipment_sim.py
[2026-07-01T15:56:14.680+0000] {processor.py:840} INFO - DAG(s) 'dag_shipment_sim' retrieved from /opt/airflow/dags/dag_shipment_sim.py
[2026-07-01T15:56:14.690+0000] {logging_mixin.py:188} INFO - [2026-07-01T15:56:14.690+0000] {dag.py:3096} INFO - Sync 1 DAGs
[2026-07-01T15:56:14.697+0000] {logging_mixin.py:188} INFO - [2026-07-01T15:56:14.697+0000] {dag.py:3954} INFO - Setting next_dagrun for dag_shipment_sim to 2026-07-01 15:00:00+00:00, run_after=2026-07-01 16:00:00+00:00
[2026-07-01T15:56:14.704+0000] {processor.py:183} INFO - Processing /opt/airflow/dags/dag_shipment_sim.py took 0.036 seconds
[2026-07-01T15:56:45.665+0000] {processor.py:161} INFO - Started process (PID=26411) to work on /opt/airflow/dags/dag_shipment_sim.py
[2026-07-01T15:56:45.666+0000] {processor.py:830} INFO - Processing file /opt/airflow/dags/dag_shipment_sim.py for tasks to queue
[2026-07-01T15:56:45.667+0000] {logging_mixin.py:188} INFO - [2026-07-01T15:56:45.667+0000] {dagbag.py:545} INFO - Filling up the DagBag from /opt/airflow/dags/dag_shipment_sim.py
[2026-07-01T15:56:45.677+0000] {processor.py:840} INFO - DAG(s) 'dag_shipment_sim' retrieved from /opt/airflow/dags/dag_shipment_sim.py
[2026-07-01T15:56:45.693+0000] {logging_mixin.py:188} INFO - [2026-07-01T15:56:45.693+0000] {dag.py:3096} INFO - Sync 1 DAGs
[2026-07-01T15:56:45.701+0000] {logging_mixin.py:188} INFO - [2026-07-01T15:56:45.701+0000] {dag.py:3954} INFO - Setting next_dagrun for dag_shipment_sim to 2026-07-01 15:00:00+00:00, run_after=2026-07-01 16:00:00+00:00
[2026-07-01T15:56:45.711+0000] {processor.py:183} INFO - Processing /opt/airflow/dags/dag_shipment_sim.py took 0.049 seconds
[2026-07-01T15:57:15.864+0000] {processor.py:161} INFO - Started process (PID=26450) to work on /opt/airflow/dags/dag_shipment_sim.py
[2026-07-01T15:57:15.865+0000] {processor.py:830} INFO - Processing file /opt/airflow/dags/dag_shipment_sim.py for tasks to queue
[2026-07-01T15:57:15.865+0000] {logging_mixin.py:188} INFO - [2026-07-01T15:57:15.865+0000] {dagbag.py:545} INFO - Filling up the DagBag from /opt/airflow/dags/dag_shipment_sim.py
[2026-07-01T15:57:15.874+0000] {processor.py:840} INFO - DAG(s) 'dag_shipment_sim' retrieved from /opt/airflow/dags/dag_shipment_sim.py
[2026-07-01T15:57:15.885+0000] {logging_mixin.py:188} INFO - [2026-07-01T15:57:15.885+0000] {dag.py:3096} INFO - Sync 1 DAGs
[2026-07-01T15:57:15.894+0000] {logging_mixin.py:188} INFO - [2026-07-01T15:57:15.894+0000] {dag.py:3954} INFO - Setting next_dagrun for dag_shipment_sim to 2026-07-01 15:00:00+00:00, run_after=2026-07-01 16:00:00+00:00
[2026-07-01T15:57:15.901+0000] {processor.py:183} INFO - Processing /opt/airflow/dags/dag_shipment_sim.py took 0.039 seconds
[2026-07-01T15:57:46.032+0000] {processor.py:161} INFO - Started process (PID=26485) to work on /opt/airflow/dags/dag_shipment_sim.py
[2026-07-01T15:57:46.032+0000] {processor.py:830} INFO - Processing file /opt/airflow/dags/dag_shipment_sim.py for tasks to queue
[2026-07-01T15:57:46.033+0000] {logging_mixin.py:188} INFO - [2026-07-01T15:57:46.033+0000] {dagbag.py:545} INFO - Filling up the DagBag from /opt/airflow/dags/dag_shipment_sim.py
[2026-07-01T15:57:46.043+0000] {processor.py:840} INFO - DAG(s) 'dag_shipment_sim' retrieved from /opt/airflow/dags/dag_shipment_sim.py
[2026-07-01T15:57:46.061+0000] {logging_mixin.py:188} INFO - [2026-07-01T15:57:46.060+0000] {dag.py:3096} INFO - Sync 1 DAGs
[2026-07-01T15:57:46.069+0000] {logging_mixin.py:188} INFO - [2026-07-01T15:57:46.069+0000] {dag.py:3954} INFO - Setting next_dagrun for dag_shipment_sim to 2026-07-01 15:00:00+00:00, run_after=2026-07-01 16:00:00+00:00
[2026-07-01T15:57:46.076+0000] {processor.py:183} INFO - Processing /opt/airflow/dags/dag_shipment_sim.py took 0.047 seconds
[2026-07-01T15:58:16.890+0000] {processor.py:161} INFO - Started process (PID=26511) to work on /opt/airflow/dags/dag_shipment_sim.py
[2026-07-01T15:58:16.891+0000] {processor.py:830} INFO - Processing file /opt/airflow/dags/dag_shipment_sim.py for tasks to queue
[2026-07-01T15:58:16.893+0000] {logging_mixin.py:188} INFO - [2026-07-01T15:58:16.893+0000] {dagbag.py:545} INFO - Filling up the DagBag from /opt/airflow/dags/dag_shipment_sim.py
[2026-07-01T15:58:16.901+0000] {processor.py:840} INFO - DAG(s) 'dag_shipment_sim' retrieved from /opt/airflow/dags/dag_shipment_sim.py
[2026-07-01T15:58:16.918+0000] {logging_mixin.py:188} INFO - [2026-07-01T15:58:16.918+0000] {dag.py:3096} INFO - Sync 1 DAGs
[2026-07-01T15:58:16.930+0000] {logging_mixin.py:188} INFO - [2026-07-01T15:58:16.930+0000] {dag.py:3954} INFO - Setting next_dagrun for dag_shipment_sim to 2026-07-01 15:00:00+00:00, run_after=2026-07-01 16:00:00+00:00
[2026-07-01T15:58:16.942+0000] {processor.py:183} INFO - Processing /opt/airflow/dags/dag_shipment_sim.py took 0.060 seconds
[2026-07-01T15:58:47.816+0000] {processor.py:161} INFO - Started process (PID=26548) to work on /opt/airflow/dags/dag_shipment_sim.py
[2026-07-01T15:58:47.817+0000] {processor.py:830} INFO - Processing file /opt/airflow/dags/dag_shipment_sim.py for tasks to queue
[2026-07-01T15:58:47.818+0000] {logging_mixin.py:188} INFO - [2026-07-01T15:58:47.818+0000] {dagbag.py:545} INFO - Filling up the DagBag from /opt/airflow/dags/dag_shipment_sim.py
[2026-07-01T15:58:47.829+0000] {processor.py:840} INFO - DAG(s) 'dag_shipment_sim' retrieved from /opt/airflow/dags/dag_shipment_sim.py
[2026-07-01T15:58:47.845+0000] {logging_mixin.py:188} INFO - [2026-07-01T15:58:47.845+0000] {dag.py:3096} INFO - Sync 1 DAGs
[2026-07-01T15:58:47.859+0000] {logging_mixin.py:188} INFO - [2026-07-01T15:58:47.858+0000] {dag.py:3954} INFO - Setting next_dagrun for dag_shipment_sim to 2026-07-01 15:00:00+00:00, run_after=2026-07-01 16:00:00+00:00
[2026-07-01T15:58:47.869+0000] {processor.py:183} INFO - Processing /opt/airflow/dags/dag_shipment_sim.py took 0.059 seconds
[2026-07-01T15:59:19.002+0000] {processor.py:161} INFO - Started process (PID=26585) to work on /opt/airflow/dags/dag_shipment_sim.py
[2026-07-01T15:59:19.003+0000] {processor.py:830} INFO - Processing file /opt/airflow/dags/dag_shipment_sim.py for tasks to queue
[2026-07-01T15:59:19.004+0000] {logging_mixin.py:188} INFO - [2026-07-01T15:59:19.004+0000] {dagbag.py:545} INFO - Filling up the DagBag from /opt/airflow/dags/dag_shipment_sim.py
[2026-07-01T15:59:19.018+0000] {processor.py:840} INFO - DAG(s) 'dag_shipment_sim' retrieved from /opt/airflow/dags/dag_shipment_sim.py
[2026-07-01T15:59:19.038+0000] {logging_mixin.py:188} INFO - [2026-07-01T15:59:19.037+0000] {dag.py:3096} INFO - Sync 1 DAGs
[2026-07-01T15:59:19.050+0000] {logging_mixin.py:188} INFO - [2026-07-01T15:59:19.050+0000] {dag.py:3954} INFO - Setting next_dagrun for dag_shipment_sim to 2026-07-01 15:00:00+00:00, run_after=2026-07-01 16:00:00+00:00
[2026-07-01T15:59:19.063+0000] {processor.py:183} INFO - Processing /opt/airflow/dags/dag_shipment_sim.py took 0.071 seconds
[2026-07-01T15:59:50.075+0000] {processor.py:161} INFO - Started process (PID=26622) to work on /opt/airflow/dags/dag_shipment_sim.py
[2026-07-01T15:59:50.078+0000] {processor.py:830} INFO - Processing file /opt/airflow/dags/dag_shipment_sim.py for tasks to queue
[2026-07-01T15:59:50.082+0000] {logging_mixin.py:188} INFO - [2026-07-01T15:59:50.082+0000] {dagbag.py:545} INFO - Filling up the DagBag from /opt/airflow/dags/dag_shipment_sim.py
[2026-07-01T15:59:50.107+0000] {processor.py:840} INFO - DAG(s) 'dag_shipment_sim' retrieved from /opt/airflow/dags/dag_shipment_sim.py
[2026-07-01T15:59:50.136+0000] {logging_mixin.py:188} INFO - [2026-07-01T15:59:50.136+0000] {dag.py:3096} INFO - Sync 1 DAGs
[2026-07-01T15:59:50.156+0000] {logging_mixin.py:188} INFO - [2026-07-01T15:59:50.156+0000] {dag.py:3954} INFO - Setting next_dagrun for dag_shipment_sim to 2026-07-01 15:00:00+00:00, run_after=2026-07-01 16:00:00+00:00
[2026-07-01T15:59:50.181+0000] {processor.py:183} INFO - Processing /opt/airflow/dags/dag_shipment_sim.py took 0.118 seconds
[2026-07-01T16:00:21.029+0000] {processor.py:161} INFO - Started process (PID=27234) to work on /opt/airflow/dags/dag_shipment_sim.py
[2026-07-01T16:00:21.030+0000] {processor.py:830} INFO - Processing file /opt/airflow/dags/dag_shipment_sim.py for tasks to queue
[2026-07-01T16:00:21.031+0000] {logging_mixin.py:188} INFO - [2026-07-01T16:00:21.031+0000] {dagbag.py:545} INFO - Filling up the DagBag from /opt/airflow/dags/dag_shipment_sim.py
[2026-07-01T16:00:21.040+0000] {processor.py:840} INFO - DAG(s) 'dag_shipment_sim' retrieved from /opt/airflow/dags/dag_shipment_sim.py
[2026-07-01T16:00:21.053+0000] {logging_mixin.py:188} INFO - [2026-07-01T16:00:21.053+0000] {dag.py:3096} INFO - Sync 1 DAGs
[2026-07-01T16:00:21.065+0000] {logging_mixin.py:188} INFO - [2026-07-01T16:00:21.065+0000] {dag.py:3954} INFO - Setting next_dagrun for dag_shipment_sim to 2026-07-01 16:00:00+00:00, run_after=2026-07-01 17:00:00+00:00
[2026-07-01T16:00:21.074+0000] {processor.py:183} INFO - Processing /opt/airflow/dags/dag_shipment_sim.py took 0.048 seconds
[2026-07-01T16:00:51.998+0000] {processor.py:161} INFO - Started process (PID=27276) to work on /opt/airflow/dags/dag_shipment_sim.py
[2026-07-01T16:00:51.999+0000] {processor.py:830} INFO - Processing file /opt/airflow/dags/dag_shipment_sim.py for tasks to queue
[2026-07-01T16:00:52.000+0000] {logging_mixin.py:188} INFO - [2026-07-01T16:00:52.000+0000] {dagbag.py:545} INFO - Filling up the DagBag from /opt/airflow/dags/dag_shipment_sim.py
[2026-07-01T16:00:52.011+0000] {processor.py:840} INFO - DAG(s) 'dag_shipment_sim' retrieved from /opt/airflow/dags/dag_shipment_sim.py
[2026-07-01T16:00:52.026+0000] {logging_mixin.py:188} INFO - [2026-07-01T16:00:52.025+0000] {dag.py:3096} INFO - Sync 1 DAGs
[2026-07-01T16:00:52.038+0000] {logging_mixin.py:188} INFO - [2026-07-01T16:00:52.037+0000] {dag.py:3954} INFO - Setting next_dagrun for dag_shipment_sim to 2026-07-01 16:00:00+00:00, run_after=2026-07-01 17:00:00+00:00
[2026-07-01T16:00:52.048+0000] {processor.py:183} INFO - Processing /opt/airflow/dags/dag_shipment_sim.py took 0.059 seconds
[2026-07-01T16:01:23.012+0000] {processor.py:161} INFO - Started process (PID=27313) to work on /opt/airflow/dags/dag_shipment_sim.py
[2026-07-01T16:01:23.015+0000] {processor.py:830} INFO - Processing file /opt/airflow/dags/dag_shipment_sim.py for tasks to queue
[2026-07-01T16:01:23.016+0000] {logging_mixin.py:188} INFO - [2026-07-01T16:01:23.015+0000] {dagbag.py:545} INFO - Filling up the DagBag from /opt/airflow/dags/dag_shipment_sim.py
[2026-07-01T16:01:23.025+0000] {processor.py:840} INFO - DAG(s) 'dag_shipment_sim' retrieved from /opt/airflow/dags/dag_shipment_sim.py
[2026-07-01T16:01:23.043+0000] {logging_mixin.py:188} INFO - [2026-07-01T16:01:23.042+0000] {dag.py:3096} INFO - Sync 1 DAGs
[2026-07-01T16:01:23.055+0000] {logging_mixin.py:188} INFO - [2026-07-01T16:01:23.055+0000] {dag.py:3954} INFO - Setting next_dagrun for dag_shipment_sim to 2026-07-01 16:00:00+00:00, run_after=2026-07-01 17:00:00+00:00
[2026-07-01T16:01:23.065+0000] {processor.py:183} INFO - Processing /opt/airflow/dags/dag_shipment_sim.py took 0.061 seconds
[2026-07-01T16:01:54.010+0000] {processor.py:161} INFO - Started process (PID=27350) to work on /opt/airflow/dags/dag_shipment_sim.py
[2026-07-01T16:01:54.011+0000] {processor.py:830} INFO - Processing file /opt/airflow/dags/dag_shipment_sim.py for tasks to queue
[2026-07-01T16:01:54.011+0000] {logging_mixin.py:188} INFO - [2026-07-01T16:01:54.011+0000] {dagbag.py:545} INFO - Filling up the DagBag from /opt/airflow/dags/dag_shipment_sim.py
[2026-07-01T16:01:54.020+0000] {processor.py:840} INFO - DAG(s) 'dag_shipment_sim' retrieved from /opt/airflow/dags/dag_shipment_sim.py
[2026-07-01T16:01:54.038+0000] {logging_mixin.py:188} INFO - [2026-07-01T16:01:54.038+0000] {dag.py:3096} INFO - Sync 1 DAGs
[2026-07-01T16:01:54.051+0000] {logging_mixin.py:188} INFO - [2026-07-01T16:01:54.051+0000] {dag.py:3954} INFO - Setting next_dagrun for dag_shipment_sim to 2026-07-01 16:00:00+00:00, run_after=2026-07-01 17:00:00+00:00
[2026-07-01T16:01:54.062+0000] {processor.py:183} INFO - Processing /opt/airflow/dags/dag_shipment_sim.py took 0.061 seconds
[2026-07-01T16:02:25.010+0000] {processor.py:161} INFO - Started process (PID=27387) to work on /opt/airflow/dags/dag_shipment_sim.py
[2026-07-01T16:02:25.011+0000] {processor.py:830} INFO - Processing file /opt/airflow/dags/dag_shipment_sim.py for tasks to queue
[2026-07-01T16:02:25.012+0000] {logging_mixin.py:188} INFO - [2026-07-01T16:02:25.012+0000] {dagbag.py:545} INFO - Filling up the DagBag from /opt/airflow/dags/dag_shipment_sim.py
[2026-07-01T16:02:25.021+0000] {processor.py:840} INFO - DAG(s) 'dag_shipment_sim' retrieved from /opt/airflow/dags/dag_shipment_sim.py
[2026-07-01T16:02:25.037+0000] {logging_mixin.py:188} INFO - [2026-07-01T16:02:25.037+0000] {dag.py:3096} INFO - Sync 1 DAGs
[2026-07-01T16:02:25.050+0000] {logging_mixin.py:188} INFO - [2026-07-01T16:02:25.050+0000] {dag.py:3954} INFO - Setting next_dagrun for dag_shipment_sim to 2026-07-01 16:00:00+00:00, run_after=2026-07-01 17:00:00+00:00
[2026-07-01T16:02:25.061+0000] {processor.py:183} INFO - Processing /opt/airflow/dags/dag_shipment_sim.py took 0.060 seconds
[2026-07-01T16:02:55.980+0000] {processor.py:161} INFO - Started process (PID=27424) to work on /opt/airflow/dags/dag_shipment_sim.py
[2026-07-01T16:02:55.981+0000] {processor.py:830} INFO - Processing file /opt/airflow/dags/dag_shipment_sim.py for tasks to queue
[2026-07-01T16:02:55.982+0000] {logging_mixin.py:188} INFO - [2026-07-01T16:02:55.982+0000] {dagbag.py:545} INFO - Filling up the DagBag from /opt/airflow/dags/dag_shipment_sim.py
[2026-07-01T16:02:55.994+0000] {processor.py:840} INFO - DAG(s) 'dag_shipment_sim' retrieved from /opt/airflow/dags/dag_shipment_sim.py
[2026-07-01T16:02:56.009+0000] {logging_mixin.py:188} INFO - [2026-07-01T16:02:56.009+0000] {dag.py:3096} INFO - Sync 1 DAGs
[2026-07-01T16:02:56.021+0000] {logging_mixin.py:188} INFO - [2026-07-01T16:02:56.021+0000] {dag.py:3954} INFO - Setting next_dagrun for dag_shipment_sim to 2026-07-01 16:00:00+00:00, run_after=2026-07-01 17:00:00+00:00
[2026-07-01T16:02:56.032+0000] {processor.py:183} INFO - Processing /opt/airflow/dags/dag_shipment_sim.py took 0.059 seconds
[2026-07-01T16:03:27.211+0000] {processor.py:161} INFO - Started process (PID=27461) to work on /opt/airflow/dags/dag_shipment_sim.py
[2026-07-01T16:03:27.212+0000] {processor.py:830} INFO - Processing file /opt/airflow/dags/dag_shipment_sim.py for tasks to queue
[2026-07-01T16:03:27.213+0000] {logging_mixin.py:188} INFO - [2026-07-01T16:03:27.213+0000] {dagbag.py:545} INFO - Filling up the DagBag from /opt/airflow/dags/dag_shipment_sim.py
[2026-07-01T16:03:27.222+0000] {processor.py:840} INFO - DAG(s) 'dag_shipment_sim' retrieved from /opt/airflow/dags/dag_shipment_sim.py
[2026-07-01T16:03:27.235+0000] {logging_mixin.py:188} INFO - [2026-07-01T16:03:27.234+0000] {dag.py:3096} INFO - Sync 1 DAGs
[2026-07-01T16:03:27.245+0000] {logging_mixin.py:188} INFO - [2026-07-01T16:03:27.245+0000] {dag.py:3954} INFO - Setting next_dagrun for dag_shipment_sim to 2026-07-01 16:00:00+00:00, run_after=2026-07-01 17:00:00+00:00
[2026-07-01T16:03:27.256+0000] {processor.py:183} INFO - Processing /opt/airflow/dags/dag_shipment_sim.py took 0.064 seconds
[2026-07-01T16:03:58.277+0000] {processor.py:161} INFO - Started process (PID=27498) to work on /opt/airflow/dags/dag_shipment_sim.py
[2026-07-01T16:03:58.278+0000] {processor.py:830} INFO - Processing file /opt/airflow/dags/dag_shipment_sim.py for tasks to queue
[2026-07-01T16:03:58.280+0000] {logging_mixin.py:188} INFO - [2026-07-01T16:03:58.279+0000] {dagbag.py:545} INFO - Filling up the DagBag from /opt/airflow/dags/dag_shipment_sim.py
[2026-07-01T16:03:58.290+0000] {processor.py:840} INFO - DAG(s) 'dag_shipment_sim' retrieved from /opt/airflow/dags/dag_shipment_sim.py
[2026-07-01T16:03:58.305+0000] {logging_mixin.py:188} INFO - [2026-07-01T16:03:58.305+0000] {dag.py:3096} INFO - Sync 1 DAGs
[2026-07-01T16:03:58.319+0000] {logging_mixin.py:188} INFO - [2026-07-01T16:03:58.319+0000] {dag.py:3954} INFO - Setting next_dagrun for dag_shipment_sim to 2026-07-01 16:00:00+00:00, run_after=2026-07-01 17:00:00+00:00
[2026-07-01T16:03:58.331+0000] {processor.py:183} INFO - Processing /opt/airflow/dags/dag_shipment_sim.py took 0.058 seconds
[2026-07-01T16:04:29.374+0000] {processor.py:161} INFO - Started process (PID=27535) to work on /opt/airflow/dags/dag_shipment_sim.py
[2026-07-01T16:04:29.377+0000] {processor.py:830} INFO - Processing file /opt/airflow/dags/dag_shipment_sim.py for tasks to queue
[2026-07-01T16:04:29.378+0000] {logging_mixin.py:188} INFO - [2026-07-01T16:04:29.377+0000] {dagbag.py:545} INFO - Filling up the DagBag from /opt/airflow/dags/dag_shipment_sim.py
[2026-07-01T16:04:29.388+0000] {processor.py:840} INFO - DAG(s) 'dag_shipment_sim' retrieved from /opt/airflow/dags/dag_shipment_sim.py
[2026-07-01T16:04:29.400+0000] {logging_mixin.py:188} INFO - [2026-07-01T16:04:29.400+0000] {dag.py:3096} INFO - Sync 1 DAGs
[2026-07-01T16:04:29.418+0000] {logging_mixin.py:188} INFO - [2026-07-01T16:04:29.418+0000] {dag.py:3954} INFO - Setting next_dagrun for dag_shipment_sim to 2026-07-01 16:00:00+00:00, run_after=2026-07-01 17:00:00+00:00
[2026-07-01T16:04:29.430+0000] {processor.py:183} INFO - Processing /opt/airflow/dags/dag_shipment_sim.py took 0.071 seconds
[2026-07-01T16:05:00.922+0000] {processor.py:161} INFO - Started process (PID=27572) to work on /opt/airflow/dags/dag_shipment_sim.py
[2026-07-01T16:05:00.924+0000] {processor.py:830} INFO - Processing file /opt/airflow/dags/dag_shipment_sim.py for tasks to queue
[2026-07-01T16:05:00.926+0000] {logging_mixin.py:188} INFO - [2026-07-01T16:05:00.925+0000] {dagbag.py:545} INFO - Filling up the DagBag from /opt/airflow/dags/dag_shipment_sim.py
[2026-07-01T16:05:00.954+0000] {processor.py:840} INFO - DAG(s) 'dag_shipment_sim' retrieved from /opt/airflow/dags/dag_shipment_sim.py
[2026-07-01T16:05:00.993+0000] {logging_mixin.py:188} INFO - [2026-07-01T16:05:00.992+0000] {dag.py:3096} INFO - Sync 1 DAGs
[2026-07-01T16:05:01.168+0000] {logging_mixin.py:188} INFO - [2026-07-01T16:05:01.167+0000] {dag.py:3954} INFO - Setting next_dagrun for dag_shipment_sim to 2026-07-01 16:00:00+00:00, run_after=2026-07-01 17:00:00+00:00
[2026-07-01T16:05:01.271+0000] {processor.py:183} INFO - Processing /opt/airflow/dags/dag_shipment_sim.py took 0.366 seconds
[2026-07-01T16:05:31.323+0000] {processor.py:161} INFO - Started process (PID=27605) to work on /opt/airflow/dags/dag_shipment_sim.py
[2026-07-01T16:05:31.324+0000] {processor.py:830} INFO - Processing file /opt/airflow/dags/dag_shipment_sim.py for tasks to queue
[2026-07-01T16:05:31.324+0000] {logging_mixin.py:188} INFO - [2026-07-01T16:05:31.324+0000] {dagbag.py:545} INFO - Filling up the DagBag from /opt/airflow/dags/dag_shipment_sim.py
[2026-07-01T16:05:31.333+0000] {processor.py:840} INFO - DAG(s) 'dag_shipment_sim' retrieved from /opt/airflow/dags/dag_shipment_sim.py
[2026-07-01T16:05:31.343+0000] {logging_mixin.py:188} INFO - [2026-07-01T16:05:31.343+0000] {dag.py:3096} INFO - Sync 1 DAGs
[2026-07-01T16:05:31.351+0000] {logging_mixin.py:188} INFO - [2026-07-01T16:05:31.351+0000] {dag.py:3954} INFO - Setting next_dagrun for dag_shipment_sim to 2026-07-01 16:00:00+00:00, run_after=2026-07-01 17:00:00+00:00
[2026-07-01T16:05:31.358+0000] {processor.py:183} INFO - Processing /opt/airflow/dags/dag_shipment_sim.py took 0.037 seconds
[2026-07-01T16:06:02.519+0000] {processor.py:161} INFO - Started process (PID=27642) to work on /opt/airflow/dags/dag_shipment_sim.py
[2026-07-01T16:06:02.520+0000] {processor.py:830} INFO - Processing file /opt/airflow/dags/dag_shipment_sim.py for tasks to queue
[2026-07-01T16:06:02.521+0000] {logging_mixin.py:188} INFO - [2026-07-01T16:06:02.521+0000] {dagbag.py:545} INFO - Filling up the DagBag from /opt/airflow/dags/dag_shipment_sim.py
[2026-07-01T16:06:02.530+0000] {processor.py:840} INFO - DAG(s) 'dag_shipment_sim' retrieved from /opt/airflow/dags/dag_shipment_sim.py
[2026-07-01T16:06:02.541+0000] {logging_mixin.py:188} INFO - [2026-07-01T16:06:02.541+0000] {dag.py:3096} INFO - Sync 1 DAGs
[2026-07-01T16:06:02.550+0000] {logging_mixin.py:188} INFO - [2026-07-01T16:06:02.550+0000] {dag.py:3954} INFO - Setting next_dagrun for dag_shipment_sim to 2026-07-01 16:00:00+00:00, run_after=2026-07-01 17:00:00+00:00
[2026-07-01T16:06:02.558+0000] {processor.py:183} INFO - Processing /opt/airflow/dags/dag_shipment_sim.py took 0.042 seconds
[2026-07-01T16:06:32.752+0000] {processor.py:161} INFO - Started process (PID=27679) to work on /opt/airflow/dags/dag_shipment_sim.py
[2026-07-01T16:06:32.753+0000] {processor.py:830} INFO - Processing file /opt/airflow/dags/dag_shipment_sim.py for tasks to queue
[2026-07-01T16:06:32.754+0000] {logging_mixin.py:188} INFO - [2026-07-01T16:06:32.754+0000] {dagbag.py:545} INFO - Filling up the DagBag from /opt/airflow/dags/dag_shipment_sim.py
[2026-07-01T16:06:32.763+0000] {processor.py:840} INFO - DAG(s) 'dag_shipment_sim' retrieved from /opt/airflow/dags/dag_shipment_sim.py
[2026-07-01T16:06:32.775+0000] {logging_mixin.py:188} INFO - [2026-07-01T16:06:32.775+0000] {dag.py:3096} INFO - Sync 1 DAGs
[2026-07-01T16:06:32.784+0000] {logging_mixin.py:188} INFO - [2026-07-01T16:06:32.784+0000] {dag.py:3954} INFO - Setting next_dagrun for dag_shipment_sim to 2026-07-01 16:00:00+00:00, run_after=2026-07-01 17:00:00+00:00
[2026-07-01T16:06:32.792+0000] {processor.py:183} INFO - Processing /opt/airflow/dags/dag_shipment_sim.py took 0.047 seconds
[2026-07-01T16:07:04.038+0000] {processor.py:161} INFO - Started process (PID=27716) to work on /opt/airflow/dags/dag_shipment_sim.py
[2026-07-01T16:07:04.039+0000] {processor.py:830} INFO - Processing file /opt/airflow/dags/dag_shipment_sim.py for tasks to queue
[2026-07-01T16:07:04.040+0000] {logging_mixin.py:188} INFO - [2026-07-01T16:07:04.040+0000] {dagbag.py:545} INFO - Filling up the DagBag from /opt/airflow/dags/dag_shipment_sim.py
[2026-07-01T16:07:04.051+0000] {processor.py:840} INFO - DAG(s) 'dag_shipment_sim' retrieved from /opt/airflow/dags/dag_shipment_sim.py
[2026-07-01T16:07:04.063+0000] {logging_mixin.py:188} INFO - [2026-07-01T16:07:04.063+0000] {dag.py:3096} INFO - Sync 1 DAGs
[2026-07-01T16:07:04.074+0000] {logging_mixin.py:188} INFO - [2026-07-01T16:07:04.074+0000] {dag.py:3954} INFO - Setting next_dagrun for dag_shipment_sim to 2026-07-01 16:00:00+00:00, run_after=2026-07-01 17:00:00+00:00
[2026-07-01T16:07:04.083+0000] {processor.py:183} INFO - Processing /opt/airflow/dags/dag_shipment_sim.py took 0.049 seconds
[2026-07-01T16:07:35.114+0000] {processor.py:161} INFO - Started process (PID=27753) to work on /opt/airflow/dags/dag_shipment_sim.py
[2026-07-01T16:07:35.115+0000] {processor.py:830} INFO - Processing file /opt/airflow/dags/dag_shipment_sim.py for tasks to queue
[2026-07-01T16:07:35.116+0000] {logging_mixin.py:188} INFO - [2026-07-01T16:07:35.115+0000] {dagbag.py:545} INFO - Filling up the DagBag from /opt/airflow/dags/dag_shipment_sim.py
[2026-07-01T16:07:35.123+0000] {processor.py:840} INFO - DAG(s) 'dag_shipment_sim' retrieved from /opt/airflow/dags/dag_shipment_sim.py
[2026-07-01T16:07:35.132+0000] {logging_mixin.py:188} INFO - [2026-07-01T16:07:35.132+0000] {dag.py:3096} INFO - Sync 1 DAGs
[2026-07-01T16:07:35.140+0000] {logging_mixin.py:188} INFO - [2026-07-01T16:07:35.140+0000] {dag.py:3954} INFO - Setting next_dagrun for dag_shipment_sim to 2026-07-01 16:00:00+00:00, run_after=2026-07-01 17:00:00+00:00
[2026-07-01T16:07:35.147+0000] {processor.py:183} INFO - Processing /opt/airflow/dags/dag_shipment_sim.py took 0.035 seconds
[2026-07-01T16:08:06.518+0000] {processor.py:161} INFO - Started process (PID=27790) to work on /opt/airflow/dags/dag_shipment_sim.py
[2026-07-01T16:08:06.519+0000] {processor.py:830} INFO - Processing file /opt/airflow/dags/dag_shipment_sim.py for tasks to queue
[2026-07-01T16:08:06.520+0000] {logging_mixin.py:188} INFO - [2026-07-01T16:08:06.519+0000] {dagbag.py:545} INFO - Filling up the DagBag from /opt/airflow/dags/dag_shipment_sim.py
[2026-07-01T16:08:06.528+0000] {processor.py:840} INFO - DAG(s) 'dag_shipment_sim' retrieved from /opt/airflow/dags/dag_shipment_sim.py
[2026-07-01T16:08:06.540+0000] {logging_mixin.py:188} INFO - [2026-07-01T16:08:06.540+0000] {dag.py:3096} INFO - Sync 1 DAGs
[2026-07-01T16:08:06.550+0000] {logging_mixin.py:188} INFO - [2026-07-01T16:08:06.550+0000] {dag.py:3954} INFO - Setting next_dagrun for dag_shipment_sim to 2026-07-01 16:00:00+00:00, run_after=2026-07-01 17:00:00+00:00
[2026-07-01T16:08:06.559+0000] {processor.py:183} INFO - Processing /opt/airflow/dags/dag_shipment_sim.py took 0.044 seconds
[2026-07-01T16:08:36.646+0000] {processor.py:161} INFO - Started process (PID=27827) to work on /opt/airflow/dags/dag_shipment_sim.py
[2026-07-01T16:08:36.647+0000] {processor.py:830} INFO - Processing file /opt/airflow/dags/dag_shipment_sim.py for tasks to queue
[2026-07-01T16:08:36.648+0000] {logging_mixin.py:188} INFO - [2026-07-01T16:08:36.647+0000] {dagbag.py:545} INFO - Filling up the DagBag from /opt/airflow/dags/dag_shipment_sim.py
[2026-07-01T16:08:36.655+0000] {processor.py:840} INFO - DAG(s) 'dag_shipment_sim' retrieved from /opt/airflow/dags/dag_shipment_sim.py
[2026-07-01T16:08:36.665+0000] {logging_mixin.py:188} INFO - [2026-07-01T16:08:36.665+0000] {dag.py:3096} INFO - Sync 1 DAGs
[2026-07-01T16:08:36.673+0000] {logging_mixin.py:188} INFO - [2026-07-01T16:08:36.672+0000] {dag.py:3954} INFO - Setting next_dagrun for dag_shipment_sim to 2026-07-01 16:00:00+00:00, run_after=2026-07-01 17:00:00+00:00
[2026-07-01T16:08:36.679+0000] {processor.py:183} INFO - Processing /opt/airflow/dags/dag_shipment_sim.py took 0.035 seconds
[2026-07-01T16:09:06.966+0000] {processor.py:161} INFO - Started process (PID=27864) to work on /opt/airflow/dags/dag_shipment_sim.py
[2026-07-01T16:09:06.967+0000] {processor.py:830} INFO - Processing file /opt/airflow/dags/dag_shipment_sim.py for tasks to queue
[2026-07-01T16:09:06.968+0000] {logging_mixin.py:188} INFO - [2026-07-01T16:09:06.968+0000] {dagbag.py:545} INFO - Filling up the DagBag from /opt/airflow/dags/dag_shipment_sim.py
[2026-07-01T16:09:06.982+0000] {processor.py:840} INFO - DAG(s) 'dag_shipment_sim' retrieved from /opt/airflow/dags/dag_shipment_sim.py
[2026-07-01T16:09:06.995+0000] {logging_mixin.py:188} INFO - [2026-07-01T16:09:06.995+0000] {dag.py:3096} INFO - Sync 1 DAGs
[2026-07-01T16:09:07.005+0000] {logging_mixin.py:188} INFO - [2026-07-01T16:09:07.005+0000] {dag.py:3954} INFO - Setting next_dagrun for dag_shipment_sim to 2026-07-01 16:00:00+00:00, run_after=2026-07-01 17:00:00+00:00
[2026-07-01T16:09:07.014+0000] {processor.py:183} INFO - Processing /opt/airflow/dags/dag_shipment_sim.py took 0.051 seconds
[2026-07-01T16:09:37.602+0000] {processor.py:161} INFO - Started process (PID=27901) to work on /opt/airflow/dags/dag_shipment_sim.py
[2026-07-01T16:09:37.603+0000] {processor.py:830} INFO - Processing file /opt/airflow/dags/dag_shipment_sim.py for tasks to queue
[2026-07-01T16:09:37.603+0000] {logging_mixin.py:188} INFO - [2026-07-01T16:09:37.603+0000] {dagbag.py:545} INFO - Filling up the DagBag from /opt/airflow/dags/dag_shipment_sim.py
[2026-07-01T16:09:37.610+0000] {processor.py:840} INFO - DAG(s) 'dag_shipment_sim' retrieved from /opt/airflow/dags/dag_shipment_sim.py
[2026-07-01T16:09:37.619+0000] {logging_mixin.py:188} INFO - [2026-07-01T16:09:37.619+0000] {dag.py:3096} INFO - Sync 1 DAGs
[2026-07-01T16:09:37.628+0000] {logging_mixin.py:188} INFO - [2026-07-01T16:09:37.627+0000] {dag.py:3954} INFO - Setting next_dagrun for dag_shipment_sim to 2026-07-01 16:00:00+00:00, run_after=2026-07-01 17:00:00+00:00
[2026-07-01T16:09:37.634+0000] {processor.py:183} INFO - Processing /opt/airflow/dags/dag_shipment_sim.py took 0.035 seconds
[2026-07-01T16:10:08.827+0000] {processor.py:161} INFO - Started process (PID=27938) to work on /opt/airflow/dags/dag_shipment_sim.py
[2026-07-01T16:10:08.827+0000] {processor.py:830} INFO - Processing file /opt/airflow/dags/dag_shipment_sim.py for tasks to queue
[2026-07-01T16:10:08.828+0000] {logging_mixin.py:188} INFO - [2026-07-01T16:10:08.828+0000] {dagbag.py:545} INFO - Filling up the DagBag from /opt/airflow/dags/dag_shipment_sim.py
[2026-07-01T16:10:08.838+0000] {processor.py:840} INFO - DAG(s) 'dag_shipment_sim' retrieved from /opt/airflow/dags/dag_shipment_sim.py
[2026-07-01T16:10:08.849+0000] {logging_mixin.py:188} INFO - [2026-07-01T16:10:08.849+0000] {dag.py:3096} INFO - Sync 1 DAGs
[2026-07-01T16:10:08.859+0000] {logging_mixin.py:188} INFO - [2026-07-01T16:10:08.859+0000] {dag.py:3954} INFO - Setting next_dagrun for dag_shipment_sim to 2026-07-01 16:00:00+00:00, run_after=2026-07-01 17:00:00+00:00
[2026-07-01T16:10:08.868+0000] {processor.py:183} INFO - Processing /opt/airflow/dags/dag_shipment_sim.py took 0.045 seconds
[2026-07-01T16:10:39.055+0000] {processor.py:161} INFO - Started process (PID=27975) to work on /opt/airflow/dags/dag_shipment_sim.py
[2026-07-01T16:10:39.056+0000] {processor.py:830} INFO - Processing file /opt/airflow/dags/dag_shipment_sim.py for tasks to queue
[2026-07-01T16:10:39.057+0000] {logging_mixin.py:188} INFO - [2026-07-01T16:10:39.057+0000] {dagbag.py:545} INFO - Filling up the DagBag from /opt/airflow/dags/dag_shipment_sim.py
[2026-07-01T16:10:39.071+0000] {processor.py:840} INFO - DAG(s) 'dag_shipment_sim' retrieved from /opt/airflow/dags/dag_shipment_sim.py
[2026-07-01T16:10:39.087+0000] {logging_mixin.py:188} INFO - [2026-07-01T16:10:39.087+0000] {dag.py:3096} INFO - Sync 1 DAGs
[2026-07-01T16:10:39.103+0000] {logging_mixin.py:188} INFO - [2026-07-01T16:10:39.103+0000] {dag.py:3954} INFO - Setting next_dagrun for dag_shipment_sim to 2026-07-01 16:00:00+00:00, run_after=2026-07-01 17:00:00+00:00
[2026-07-01T16:10:39.118+0000] {processor.py:183} INFO - Processing /opt/airflow/dags/dag_shipment_sim.py took 0.068 seconds
[2026-07-01T16:11:09.352+0000] {processor.py:161} INFO - Started process (PID=28012) to work on /opt/airflow/dags/dag_shipment_sim.py
[2026-07-01T16:11:09.353+0000] {processor.py:830} INFO - Processing file /opt/airflow/dags/dag_shipment_sim.py for tasks to queue
[2026-07-01T16:11:09.353+0000] {logging_mixin.py:188} INFO - [2026-07-01T16:11:09.353+0000] {dagbag.py:545} INFO - Filling up the DagBag from /opt/airflow/dags/dag_shipment_sim.py
[2026-07-01T16:11:09.361+0000] {processor.py:840} INFO - DAG(s) 'dag_shipment_sim' retrieved from /opt/airflow/dags/dag_shipment_sim.py
[2026-07-01T16:11:09.372+0000] {logging_mixin.py:188} INFO - [2026-07-01T16:11:09.371+0000] {dag.py:3096} INFO - Sync 1 DAGs
[2026-07-01T16:11:09.382+0000] {logging_mixin.py:188} INFO - [2026-07-01T16:11:09.381+0000] {dag.py:3954} INFO - Setting next_dagrun for dag_shipment_sim to 2026-07-01 16:00:00+00:00, run_after=2026-07-01 17:00:00+00:00
[2026-07-01T16:11:09.390+0000] {processor.py:183} INFO - Processing /opt/airflow/dags/dag_shipment_sim.py took 0.045 seconds
[2026-07-01T16:11:40.556+0000] {processor.py:161} INFO - Started process (PID=28049) to work on /opt/airflow/dags/dag_shipment_sim.py
[2026-07-01T16:11:40.557+0000] {processor.py:830} INFO - Processing file /opt/airflow/dags/dag_shipment_sim.py for tasks to queue
[2026-07-01T16:11:40.558+0000] {logging_mixin.py:188} INFO - [2026-07-01T16:11:40.557+0000] {dagbag.py:545} INFO - Filling up the DagBag from /opt/airflow/dags/dag_shipment_sim.py
[2026-07-01T16:11:40.567+0000] {processor.py:840} INFO - DAG(s) 'dag_shipment_sim' retrieved from /opt/airflow/dags/dag_shipment_sim.py
[2026-07-01T16:11:40.578+0000] {logging_mixin.py:188} INFO - [2026-07-01T16:11:40.578+0000] {dag.py:3096} INFO - Sync 1 DAGs
[2026-07-01T16:11:40.588+0000] {logging_mixin.py:188} INFO - [2026-07-01T16:11:40.588+0000] {dag.py:3954} INFO - Setting next_dagrun for dag_shipment_sim to 2026-07-01 16:00:00+00:00, run_after=2026-07-01 17:00:00+00:00
[2026-07-01T16:11:40.596+0000] {processor.py:183} INFO - Processing /opt/airflow/dags/dag_shipment_sim.py took 0.044 seconds
[2026-07-01T16:12:10.740+0000] {processor.py:161} INFO - Started process (PID=28086) to work on /opt/airflow/dags/dag_shipment_sim.py
[2026-07-01T16:12:10.740+0000] {processor.py:830} INFO - Processing file /opt/airflow/dags/dag_shipment_sim.py for tasks to queue
[2026-07-01T16:12:10.741+0000] {logging_mixin.py:188} INFO - [2026-07-01T16:12:10.741+0000] {dagbag.py:545} INFO - Filling up the DagBag from /opt/airflow/dags/dag_shipment_sim.py
[2026-07-01T16:12:10.748+0000] {processor.py:840} INFO - DAG(s) 'dag_shipment_sim' retrieved from /opt/airflow/dags/dag_shipment_sim.py
[2026-07-01T16:12:10.758+0000] {logging_mixin.py:188} INFO - [2026-07-01T16:12:10.758+0000] {dag.py:3096} INFO - Sync 1 DAGs
[2026-07-01T16:12:10.767+0000] {logging_mixin.py:188} INFO - [2026-07-01T16:12:10.767+0000] {dag.py:3954} INFO - Setting next_dagrun for dag_shipment_sim to 2026-07-01 16:00:00+00:00, run_after=2026-07-01 17:00:00+00:00
[2026-07-01T16:12:10.775+0000] {processor.py:183} INFO - Processing /opt/airflow/dags/dag_shipment_sim.py took 0.038 seconds
[2026-07-01T16:12:40.909+0000] {processor.py:161} INFO - Started process (PID=28123) to work on /opt/airflow/dags/dag_shipment_sim.py
[2026-07-01T16:12:40.910+0000] {processor.py:830} INFO - Processing file /opt/airflow/dags/dag_shipment_sim.py for tasks to queue
[2026-07-01T16:12:40.911+0000] {logging_mixin.py:188} INFO - [2026-07-01T16:12:40.910+0000] {dagbag.py:545} INFO - Filling up the DagBag from /opt/airflow/dags/dag_shipment_sim.py
[2026-07-01T16:12:40.918+0000] {processor.py:840} INFO - DAG(s) 'dag_shipment_sim' retrieved from /opt/airflow/dags/dag_shipment_sim.py
[2026-07-01T16:12:40.929+0000] {logging_mixin.py:188} INFO - [2026-07-01T16:12:40.929+0000] {dag.py:3096} INFO - Sync 1 DAGs
[2026-07-01T16:12:40.938+0000] {logging_mixin.py:188} INFO - [2026-07-01T16:12:40.938+0000] {dag.py:3954} INFO - Setting next_dagrun for dag_shipment_sim to 2026-07-01 16:00:00+00:00, run_after=2026-07-01 17:00:00+00:00
[2026-07-01T16:12:40.946+0000] {processor.py:183} INFO - Processing /opt/airflow/dags/dag_shipment_sim.py took 0.044 seconds
[2026-07-01T16:13:11.160+0000] {processor.py:161} INFO - Started process (PID=28160) to work on /opt/airflow/dags/dag_shipment_sim.py
[2026-07-01T16:13:11.161+0000] {processor.py:830} INFO - Processing file /opt/airflow/dags/dag_shipment_sim.py for tasks to queue
[2026-07-01T16:13:11.162+0000] {logging_mixin.py:188} INFO - [2026-07-01T16:13:11.162+0000] {dagbag.py:545} INFO - Filling up the DagBag from /opt/airflow/dags/dag_shipment_sim.py
[2026-07-01T16:13:11.169+0000] {processor.py:840} INFO - DAG(s) 'dag_shipment_sim' retrieved from /opt/airflow/dags/dag_shipment_sim.py
[2026-07-01T16:13:11.182+0000] {logging_mixin.py:188} INFO - [2026-07-01T16:13:11.182+0000] {dag.py:3096} INFO - Sync 1 DAGs
[2026-07-01T16:13:11.190+0000] {logging_mixin.py:188} INFO - [2026-07-01T16:13:11.190+0000] {dag.py:3954} INFO - Setting next_dagrun for dag_shipment_sim to 2026-07-01 16:00:00+00:00, run_after=2026-07-01 17:00:00+00:00
[2026-07-01T16:13:11.199+0000] {processor.py:183} INFO - Processing /opt/airflow/dags/dag_shipment_sim.py took 0.044 seconds
[2026-07-01T16:13:41.477+0000] {processor.py:161} INFO - Started process (PID=28197) to work on /opt/airflow/dags/dag_shipment_sim.py
[2026-07-01T16:13:41.478+0000] {processor.py:830} INFO - Processing file /opt/airflow/dags/dag_shipment_sim.py for tasks to queue
[2026-07-01T16:13:41.478+0000] {logging_mixin.py:188} INFO - [2026-07-01T16:13:41.478+0000] {dagbag.py:545} INFO - Filling up the DagBag from /opt/airflow/dags/dag_shipment_sim.py
[2026-07-01T16:13:41.486+0000] {processor.py:840} INFO - DAG(s) 'dag_shipment_sim' retrieved from /opt/airflow/dags/dag_shipment_sim.py
[2026-07-01T16:13:41.495+0000] {logging_mixin.py:188} INFO - [2026-07-01T16:13:41.495+0000] {dag.py:3096} INFO - Sync 1 DAGs
[2026-07-01T16:13:41.503+0000] {logging_mixin.py:188} INFO - [2026-07-01T16:13:41.503+0000] {dag.py:3954} INFO - Setting next_dagrun for dag_shipment_sim to 2026-07-01 16:00:00+00:00, run_after=2026-07-01 17:00:00+00:00
[2026-07-01T16:13:41.510+0000] {processor.py:183} INFO - Processing /opt/airflow/dags/dag_shipment_sim.py took 0.035 seconds
[2026-07-01T16:14:11.667+0000] {processor.py:161} INFO - Started process (PID=28234) to work on /opt/airflow/dags/dag_shipment_sim.py
[2026-07-01T16:14:11.667+0000] {processor.py:830} INFO - Processing file /opt/airflow/dags/dag_shipment_sim.py for tasks to queue
[2026-07-01T16:14:11.668+0000] {logging_mixin.py:188} INFO - [2026-07-01T16:14:11.668+0000] {dagbag.py:545} INFO - Filling up the DagBag from /opt/airflow/dags/dag_shipment_sim.py
[2026-07-01T16:14:11.678+0000] {processor.py:840} INFO - DAG(s) 'dag_shipment_sim' retrieved from /opt/airflow/dags/dag_shipment_sim.py
[2026-07-01T16:14:11.691+0000] {logging_mixin.py:188} INFO - [2026-07-01T16:14:11.691+0000] {dag.py:3096} INFO - Sync 1 DAGs
[2026-07-01T16:14:11.699+0000] {logging_mixin.py:188} INFO - [2026-07-01T16:14:11.699+0000] {dag.py:3954} INFO - Setting next_dagrun for dag_shipment_sim to 2026-07-01 16:00:00+00:00, run_after=2026-07-01 17:00:00+00:00
[2026-07-01T16:14:11.706+0000] {processor.py:183} INFO - Processing /opt/airflow/dags/dag_shipment_sim.py took 0.042 seconds
[2026-07-01T16:14:42.737+0000] {processor.py:161} INFO - Started process (PID=28271) to work on /opt/airflow/dags/dag_shipment_sim.py
[2026-07-01T16:14:42.738+0000] {processor.py:830} INFO - Processing file /opt/airflow/dags/dag_shipment_sim.py for tasks to queue
[2026-07-01T16:14:42.739+0000] {logging_mixin.py:188} INFO - [2026-07-01T16:14:42.739+0000] {dagbag.py:545} INFO - Filling up the DagBag from /opt/airflow/dags/dag_shipment_sim.py
[2026-07-01T16:14:42.746+0000] {processor.py:840} INFO - DAG(s) 'dag_shipment_sim' retrieved from /opt/airflow/dags/dag_shipment_sim.py
[2026-07-01T16:14:42.756+0000] {logging_mixin.py:188} INFO - [2026-07-01T16:14:42.756+0000] {dag.py:3096} INFO - Sync 1 DAGs
[2026-07-01T16:14:42.764+0000] {logging_mixin.py:188} INFO - [2026-07-01T16:14:42.764+0000] {dag.py:3954} INFO - Setting next_dagrun for dag_shipment_sim to 2026-07-01 16:00:00+00:00, run_after=2026-07-01 17:00:00+00:00
[2026-07-01T16:14:42.771+0000] {processor.py:183} INFO - Processing /opt/airflow/dags/dag_shipment_sim.py took 0.037 seconds
[2026-07-01T16:15:12.986+0000] {processor.py:161} INFO - Started process (PID=28308) to work on /opt/airflow/dags/dag_shipment_sim.py
[2026-07-01T16:15:12.987+0000] {processor.py:830} INFO - Processing file /opt/airflow/dags/dag_shipment_sim.py for tasks to queue
[2026-07-01T16:15:12.988+0000] {logging_mixin.py:188} INFO - [2026-07-01T16:15:12.988+0000] {dagbag.py:545} INFO - Filling up the DagBag from /opt/airflow/dags/dag_shipment_sim.py
[2026-07-01T16:15:12.995+0000] {processor.py:840} INFO - DAG(s) 'dag_shipment_sim' retrieved from /opt/airflow/dags/dag_shipment_sim.py
[2026-07-01T16:15:13.008+0000] {logging_mixin.py:188} INFO - [2026-07-01T16:15:13.008+0000] {dag.py:3096} INFO - Sync 1 DAGs
[2026-07-01T16:15:13.018+0000] {logging_mixin.py:188} INFO - [2026-07-01T16:15:13.018+0000] {dag.py:3954} INFO - Setting next_dagrun for dag_shipment_sim to 2026-07-01 16:00:00+00:00, run_after=2026-07-01 17:00:00+00:00
[2026-07-01T16:15:13.025+0000] {processor.py:183} INFO - Processing /opt/airflow/dags/dag_shipment_sim.py took 0.042 seconds
[2026-07-01T16:15:43.164+0000] {processor.py:161} INFO - Started process (PID=28345) to work on /opt/airflow/dags/dag_shipment_sim.py
[2026-07-01T16:15:43.165+0000] {processor.py:830} INFO - Processing file /opt/airflow/dags/dag_shipment_sim.py for tasks to queue
[2026-07-01T16:15:43.166+0000] {logging_mixin.py:188} INFO - [2026-07-01T16:15:43.166+0000] {dagbag.py:545} INFO - Filling up the DagBag from /opt/airflow/dags/dag_shipment_sim.py
[2026-07-01T16:15:43.173+0000] {processor.py:840} INFO - DAG(s) 'dag_shipment_sim' retrieved from /opt/airflow/dags/dag_shipment_sim.py
[2026-07-01T16:15:43.184+0000] {logging_mixin.py:188} INFO - [2026-07-01T16:15:43.183+0000] {dag.py:3096} INFO - Sync 1 DAGs
[2026-07-01T16:15:43.192+0000] {logging_mixin.py:188} INFO - [2026-07-01T16:15:43.192+0000] {dag.py:3954} INFO - Setting next_dagrun for dag_shipment_sim to 2026-07-01 16:00:00+00:00, run_after=2026-07-01 17:00:00+00:00
[2026-07-01T16:15:43.199+0000] {processor.py:183} INFO - Processing /opt/airflow/dags/dag_shipment_sim.py took 0.039 seconds
[2026-07-01T16:16:13.707+0000] {processor.py:161} INFO - Started process (PID=28382) to work on /opt/airflow/dags/dag_shipment_sim.py
[2026-07-01T16:16:13.707+0000] {processor.py:830} INFO - Processing file /opt/airflow/dags/dag_shipment_sim.py for tasks to queue
[2026-07-01T16:16:13.708+0000] {logging_mixin.py:188} INFO - [2026-07-01T16:16:13.708+0000] {dagbag.py:545} INFO - Filling up the DagBag from /opt/airflow/dags/dag_shipment_sim.py
[2026-07-01T16:16:13.715+0000] {processor.py:840} INFO - DAG(s) 'dag_shipment_sim' retrieved from /opt/airflow/dags/dag_shipment_sim.py
[2026-07-01T16:16:13.726+0000] {logging_mixin.py:188} INFO - [2026-07-01T16:16:13.725+0000] {dag.py:3096} INFO - Sync 1 DAGs
[2026-07-01T16:16:13.734+0000] {logging_mixin.py:188} INFO - [2026-07-01T16:16:13.733+0000] {dag.py:3954} INFO - Setting next_dagrun for dag_shipment_sim to 2026-07-01 16:00:00+00:00, run_after=2026-07-01 17:00:00+00:00
[2026-07-01T16:16:13.742+0000] {processor.py:183} INFO - Processing /opt/airflow/dags/dag_shipment_sim.py took 0.038 seconds
[2026-07-01T16:16:43.982+0000] {processor.py:161} INFO - Started process (PID=28419) to work on /opt/airflow/dags/dag_shipment_sim.py
[2026-07-01T16:16:43.983+0000] {processor.py:830} INFO - Processing file /opt/airflow/dags/dag_shipment_sim.py for tasks to queue
[2026-07-01T16:16:43.984+0000] {logging_mixin.py:188} INFO - [2026-07-01T16:16:43.984+0000] {dagbag.py:545} INFO - Filling up the DagBag from /opt/airflow/dags/dag_shipment_sim.py
[2026-07-01T16:16:43.991+0000] {processor.py:840} INFO - DAG(s) 'dag_shipment_sim' retrieved from /opt/airflow/dags/dag_shipment_sim.py
[2026-07-01T16:16:44.001+0000] {logging_mixin.py:188} INFO - [2026-07-01T16:16:44.001+0000] {dag.py:3096} INFO - Sync 1 DAGs
[2026-07-01T16:16:44.009+0000] {logging_mixin.py:188} INFO - [2026-07-01T16:16:44.009+0000] {dag.py:3954} INFO - Setting next_dagrun for dag_shipment_sim to 2026-07-01 16:00:00+00:00, run_after=2026-07-01 17:00:00+00:00
[2026-07-01T16:16:44.015+0000] {processor.py:183} INFO - Processing /opt/airflow/dags/dag_shipment_sim.py took 0.036 seconds
[2026-07-01T16:17:14.587+0000] {processor.py:161} INFO - Started process (PID=28456) to work on /opt/airflow/dags/dag_shipment_sim.py
[2026-07-01T16:17:14.588+0000] {processor.py:830} INFO - Processing file /opt/airflow/dags/dag_shipment_sim.py for tasks to queue
[2026-07-01T16:17:14.589+0000] {logging_mixin.py:188} INFO - [2026-07-01T16:17:14.588+0000] {dagbag.py:545} INFO - Filling up the DagBag from /opt/airflow/dags/dag_shipment_sim.py
[2026-07-01T16:17:14.604+0000] {processor.py:840} INFO - DAG(s) 'dag_shipment_sim' retrieved from /opt/airflow/dags/dag_shipment_sim.py
[2026-07-01T16:17:14.618+0000] {logging_mixin.py:188} INFO - [2026-07-01T16:17:14.618+0000] {dag.py:3096} INFO - Sync 1 DAGs
[2026-07-01T16:17:14.630+0000] {logging_mixin.py:188} INFO - [2026-07-01T16:17:14.629+0000] {dag.py:3954} INFO - Setting next_dagrun for dag_shipment_sim to 2026-07-01 16:00:00+00:00, run_after=2026-07-01 17:00:00+00:00
[2026-07-01T16:17:14.638+0000] {processor.py:183} INFO - Processing /opt/airflow/dags/dag_shipment_sim.py took 0.058 seconds
[2026-07-01T16:17:44.858+0000] {processor.py:161} INFO - Started process (PID=28493) to work on /opt/airflow/dags/dag_shipment_sim.py
[2026-07-01T16:17:44.859+0000] {processor.py:830} INFO - Processing file /opt/airflow/dags/dag_shipment_sim.py for tasks to queue
[2026-07-01T16:17:44.860+0000] {logging_mixin.py:188} INFO - [2026-07-01T16:17:44.859+0000] {dagbag.py:545} INFO - Filling up the DagBag from /opt/airflow/dags/dag_shipment_sim.py
[2026-07-01T16:17:44.867+0000] {processor.py:840} INFO - DAG(s) 'dag_shipment_sim' retrieved from /opt/airflow/dags/dag_shipment_sim.py
[2026-07-01T16:17:44.880+0000] {logging_mixin.py:188} INFO - [2026-07-01T16:17:44.879+0000] {dag.py:3096} INFO - Sync 1 DAGs
[2026-07-01T16:17:44.888+0000] {logging_mixin.py:188} INFO - [2026-07-01T16:17:44.888+0000] {dag.py:3954} INFO - Setting next_dagrun for dag_shipment_sim to 2026-07-01 16:00:00+00:00, run_after=2026-07-01 17:00:00+00:00
[2026-07-01T16:17:44.896+0000] {processor.py:183} INFO - Processing /opt/airflow/dags/dag_shipment_sim.py took 0.041 seconds
[2026-07-01T16:18:15.173+0000] {processor.py:161} INFO - Started process (PID=28530) to work on /opt/airflow/dags/dag_shipment_sim.py
[2026-07-01T16:18:15.174+0000] {processor.py:830} INFO - Processing file /opt/airflow/dags/dag_shipment_sim.py for tasks to queue
[2026-07-01T16:18:15.175+0000] {logging_mixin.py:188} INFO - [2026-07-01T16:18:15.174+0000] {dagbag.py:545} INFO - Filling up the DagBag from /opt/airflow/dags/dag_shipment_sim.py
[2026-07-01T16:18:15.182+0000] {processor.py:840} INFO - DAG(s) 'dag_shipment_sim' retrieved from /opt/airflow/dags/dag_shipment_sim.py
[2026-07-01T16:18:15.200+0000] {logging_mixin.py:188} INFO - [2026-07-01T16:18:15.200+0000] {dag.py:3096} INFO - Sync 1 DAGs
[2026-07-01T16:18:15.210+0000] {logging_mixin.py:188} INFO - [2026-07-01T16:18:15.210+0000] {dag.py:3954} INFO - Setting next_dagrun for dag_shipment_sim to 2026-07-01 16:00:00+00:00, run_after=2026-07-01 17:00:00+00:00
[2026-07-01T16:18:15.217+0000] {processor.py:183} INFO - Processing /opt/airflow/dags/dag_shipment_sim.py took 0.048 seconds
[2026-07-01T16:18:46.220+0000] {processor.py:161} INFO - Started process (PID=28567) to work on /opt/airflow/dags/dag_shipment_sim.py
[2026-07-01T16:18:46.221+0000] {processor.py:830} INFO - Processing file /opt/airflow/dags/dag_shipment_sim.py for tasks to queue
[2026-07-01T16:18:46.221+0000] {logging_mixin.py:188} INFO - [2026-07-01T16:18:46.221+0000] {dagbag.py:545} INFO - Filling up the DagBag from /opt/airflow/dags/dag_shipment_sim.py
[2026-07-01T16:18:46.228+0000] {processor.py:840} INFO - DAG(s) 'dag_shipment_sim' retrieved from /opt/airflow/dags/dag_shipment_sim.py
[2026-07-01T16:18:46.238+0000] {logging_mixin.py:188} INFO - [2026-07-01T16:18:46.238+0000] {dag.py:3096} INFO - Sync 1 DAGs
[2026-07-01T16:18:46.245+0000] {logging_mixin.py:188} INFO - [2026-07-01T16:18:46.245+0000] {dag.py:3954} INFO - Setting next_dagrun for dag_shipment_sim to 2026-07-01 16:00:00+00:00, run_after=2026-07-01 17:00:00+00:00
[2026-07-01T16:18:46.252+0000] {processor.py:183} INFO - Processing /opt/airflow/dags/dag_shipment_sim.py took 0.034 seconds
[2026-07-01T16:19:16.506+0000] {processor.py:161} INFO - Started process (PID=28604) to work on /opt/airflow/dags/dag_shipment_sim.py
[2026-07-01T16:19:16.507+0000] {processor.py:830} INFO - Processing file /opt/airflow/dags/dag_shipment_sim.py for tasks to queue
[2026-07-01T16:19:16.508+0000] {logging_mixin.py:188} INFO - [2026-07-01T16:19:16.508+0000] {dagbag.py:545} INFO - Filling up the DagBag from /opt/airflow/dags/dag_shipment_sim.py
[2026-07-01T16:19:16.515+0000] {processor.py:840} INFO - DAG(s) 'dag_shipment_sim' retrieved from /opt/airflow/dags/dag_shipment_sim.py
[2026-07-01T16:19:16.524+0000] {logging_mixin.py:188} INFO - [2026-07-01T16:19:16.524+0000] {dag.py:3096} INFO - Sync 1 DAGs
[2026-07-01T16:19:16.532+0000] {logging_mixin.py:188} INFO - [2026-07-01T16:19:16.532+0000] {dag.py:3954} INFO - Setting next_dagrun for dag_shipment_sim to 2026-07-01 16:00:00+00:00, run_after=2026-07-01 17:00:00+00:00
[2026-07-01T16:19:16.539+0000] {processor.py:183} INFO - Processing /opt/airflow/dags/dag_shipment_sim.py took 0.038 seconds
[2026-07-01T16:19:47.644+0000] {processor.py:161} INFO - Started process (PID=28641) to work on /opt/airflow/dags/dag_shipment_sim.py
[2026-07-01T16:19:47.645+0000] {processor.py:830} INFO - Processing file /opt/airflow/dags/dag_shipment_sim.py for tasks to queue
[2026-07-01T16:19:47.646+0000] {logging_mixin.py:188} INFO - [2026-07-01T16:19:47.645+0000] {dagbag.py:545} INFO - Filling up the DagBag from /opt/airflow/dags/dag_shipment_sim.py
[2026-07-01T16:19:47.656+0000] {processor.py:840} INFO - DAG(s) 'dag_shipment_sim' retrieved from /opt/airflow/dags/dag_shipment_sim.py
[2026-07-01T16:19:47.666+0000] {logging_mixin.py:188} INFO - [2026-07-01T16:19:47.666+0000] {dag.py:3096} INFO - Sync 1 DAGs
[2026-07-01T16:19:47.675+0000] {logging_mixin.py:188} INFO - [2026-07-01T16:19:47.675+0000] {dag.py:3954} INFO - Setting next_dagrun for dag_shipment_sim to 2026-07-01 16:00:00+00:00, run_after=2026-07-01 17:00:00+00:00
[2026-07-01T16:19:47.682+0000] {processor.py:183} INFO - Processing /opt/airflow/dags/dag_shipment_sim.py took 0.041 seconds
[2026-07-01T16:20:18.116+0000] {processor.py:161} INFO - Started process (PID=28676) to work on /opt/airflow/dags/dag_shipment_sim.py
[2026-07-01T16:20:18.117+0000] {processor.py:830} INFO - Processing file /opt/airflow/dags/dag_shipment_sim.py for tasks to queue
[2026-07-01T16:20:18.119+0000] {logging_mixin.py:188} INFO - [2026-07-01T16:20:18.119+0000] {dagbag.py:545} INFO - Filling up the DagBag from /opt/airflow/dags/dag_shipment_sim.py
[2026-07-01T16:20:18.138+0000] {processor.py:840} INFO - DAG(s) 'dag_shipment_sim' retrieved from /opt/airflow/dags/dag_shipment_sim.py
[2026-07-01T16:20:18.167+0000] {logging_mixin.py:188} INFO - [2026-07-01T16:20:18.167+0000] {dag.py:3096} INFO - Sync 1 DAGs
[2026-07-01T16:20:18.190+0000] {logging_mixin.py:188} INFO - [2026-07-01T16:20:18.190+0000] {dag.py:3954} INFO - Setting next_dagrun for dag_shipment_sim to 2026-07-01 16:00:00+00:00, run_after=2026-07-01 17:00:00+00:00
[2026-07-01T16:20:18.200+0000] {processor.py:183} INFO - Processing /opt/airflow/dags/dag_shipment_sim.py took 0.102 seconds
[2026-07-01T16:20:48.295+0000] {processor.py:161} INFO - Started process (PID=28715) to work on /opt/airflow/dags/dag_shipment_sim.py
[2026-07-01T16:20:48.296+0000] {processor.py:830} INFO - Processing file /opt/airflow/dags/dag_shipment_sim.py for tasks to queue
[2026-07-01T16:20:48.297+0000] {logging_mixin.py:188} INFO - [2026-07-01T16:20:48.296+0000] {dagbag.py:545} INFO - Filling up the DagBag from /opt/airflow/dags/dag_shipment_sim.py
[2026-07-01T16:20:48.304+0000] {processor.py:840} INFO - DAG(s) 'dag_shipment_sim' retrieved from /opt/airflow/dags/dag_shipment_sim.py
[2026-07-01T16:20:48.314+0000] {logging_mixin.py:188} INFO - [2026-07-01T16:20:48.314+0000] {dag.py:3096} INFO - Sync 1 DAGs
[2026-07-01T16:20:48.322+0000] {logging_mixin.py:188} INFO - [2026-07-01T16:20:48.322+0000] {dag.py:3954} INFO - Setting next_dagrun for dag_shipment_sim to 2026-07-01 16:00:00+00:00, run_after=2026-07-01 17:00:00+00:00
[2026-07-01T16:20:48.329+0000] {processor.py:183} INFO - Processing /opt/airflow/dags/dag_shipment_sim.py took 0.037 seconds
[2026-07-01T16:21:18.439+0000] {processor.py:161} INFO - Started process (PID=28752) to work on /opt/airflow/dags/dag_shipment_sim.py
[2026-07-01T16:21:18.440+0000] {processor.py:830} INFO - Processing file /opt/airflow/dags/dag_shipment_sim.py for tasks to queue
[2026-07-01T16:21:18.441+0000] {logging_mixin.py:188} INFO - [2026-07-01T16:21:18.441+0000] {dagbag.py:545} INFO - Filling up the DagBag from /opt/airflow/dags/dag_shipment_sim.py
[2026-07-01T16:21:18.450+0000] {processor.py:840} INFO - DAG(s) 'dag_shipment_sim' retrieved from /opt/airflow/dags/dag_shipment_sim.py
[2026-07-01T16:21:18.476+0000] {logging_mixin.py:188} INFO - [2026-07-01T16:21:18.476+0000] {dag.py:3096} INFO - Sync 1 DAGs
[2026-07-01T16:21:18.487+0000] {logging_mixin.py:188} INFO - [2026-07-01T16:21:18.487+0000] {dag.py:3954} INFO - Setting next_dagrun for dag_shipment_sim to 2026-07-01 16:00:00+00:00, run_after=2026-07-01 17:00:00+00:00
[2026-07-01T16:21:18.496+0000] {processor.py:183} INFO - Processing /opt/airflow/dags/dag_shipment_sim.py took 0.062 seconds
[2026-07-01T16:21:48.644+0000] {processor.py:161} INFO - Started process (PID=28787) to work on /opt/airflow/dags/dag_shipment_sim.py
[2026-07-01T16:21:48.644+0000] {processor.py:830} INFO - Processing file /opt/airflow/dags/dag_shipment_sim.py for tasks to queue
[2026-07-01T16:21:48.645+0000] {logging_mixin.py:188} INFO - [2026-07-01T16:21:48.645+0000] {dagbag.py:545} INFO - Filling up the DagBag from /opt/airflow/dags/dag_shipment_sim.py
[2026-07-01T16:21:48.657+0000] {processor.py:840} INFO - DAG(s) 'dag_shipment_sim' retrieved from /opt/airflow/dags/dag_shipment_sim.py
[2026-07-01T16:21:48.675+0000] {logging_mixin.py:188} INFO - [2026-07-01T16:21:48.674+0000] {dag.py:3096} INFO - Sync 1 DAGs
[2026-07-01T16:21:48.695+0000] {logging_mixin.py:188} INFO - [2026-07-01T16:21:48.695+0000] {dag.py:3954} INFO - Setting next_dagrun for dag_shipment_sim to 2026-07-01 16:00:00+00:00, run_after=2026-07-01 17:00:00+00:00
[2026-07-01T16:21:48.716+0000] {processor.py:183} INFO - Processing /opt/airflow/dags/dag_shipment_sim.py took 0.076 seconds
[2026-07-01T16:22:19.013+0000] {processor.py:161} INFO - Started process (PID=28826) to work on /opt/airflow/dags/dag_shipment_sim.py
[2026-07-01T16:22:19.014+0000] {processor.py:830} INFO - Processing file /opt/airflow/dags/dag_shipment_sim.py for tasks to queue
[2026-07-01T16:22:19.015+0000] {logging_mixin.py:188} INFO - [2026-07-01T16:22:19.015+0000] {dagbag.py:545} INFO - Filling up the DagBag from /opt/airflow/dags/dag_shipment_sim.py
[2026-07-01T16:22:19.023+0000] {processor.py:840} INFO - DAG(s) 'dag_shipment_sim' retrieved from /opt/airflow/dags/dag_shipment_sim.py
[2026-07-01T16:22:19.035+0000] {logging_mixin.py:188} INFO - [2026-07-01T16:22:19.035+0000] {dag.py:3096} INFO - Sync 1 DAGs
[2026-07-01T16:22:19.045+0000] {logging_mixin.py:188} INFO - [2026-07-01T16:22:19.044+0000] {dag.py:3954} INFO - Setting next_dagrun for dag_shipment_sim to 2026-07-01 16:00:00+00:00, run_after=2026-07-01 17:00:00+00:00
[2026-07-01T16:22:19.054+0000] {processor.py:183} INFO - Processing /opt/airflow/dags/dag_shipment_sim.py took 0.044 seconds
[2026-07-01T16:22:50.088+0000] {processor.py:161} INFO - Started process (PID=28863) to work on /opt/airflow/dags/dag_shipment_sim.py
[2026-07-01T16:22:50.088+0000] {processor.py:830} INFO - Processing file /opt/airflow/dags/dag_shipment_sim.py for tasks to queue
[2026-07-01T16:22:50.089+0000] {logging_mixin.py:188} INFO - [2026-07-01T16:22:50.089+0000] {dagbag.py:545} INFO - Filling up the DagBag from /opt/airflow/dags/dag_shipment_sim.py
[2026-07-01T16:22:50.096+0000] {processor.py:840} INFO - DAG(s) 'dag_shipment_sim' retrieved from /opt/airflow/dags/dag_shipment_sim.py
[2026-07-01T16:22:50.105+0000] {logging_mixin.py:188} INFO - [2026-07-01T16:22:50.105+0000] {dag.py:3096} INFO - Sync 1 DAGs
[2026-07-01T16:22:50.114+0000] {logging_mixin.py:188} INFO - [2026-07-01T16:22:50.113+0000] {dag.py:3954} INFO - Setting next_dagrun for dag_shipment_sim to 2026-07-01 16:00:00+00:00, run_after=2026-07-01 17:00:00+00:00
[2026-07-01T16:22:50.120+0000] {processor.py:183} INFO - Processing /opt/airflow/dags/dag_shipment_sim.py took 0.035 seconds
[2026-07-01T16:23:20.298+0000] {processor.py:161} INFO - Started process (PID=28900) to work on /opt/airflow/dags/dag_shipment_sim.py
[2026-07-01T16:23:20.298+0000] {processor.py:830} INFO - Processing file /opt/airflow/dags/dag_shipment_sim.py for tasks to queue
[2026-07-01T16:23:20.299+0000] {logging_mixin.py:188} INFO - [2026-07-01T16:23:20.299+0000] {dagbag.py:545} INFO - Filling up the DagBag from /opt/airflow/dags/dag_shipment_sim.py
[2026-07-01T16:23:20.306+0000] {processor.py:840} INFO - DAG(s) 'dag_shipment_sim' retrieved from /opt/airflow/dags/dag_shipment_sim.py
[2026-07-01T16:23:20.316+0000] {logging_mixin.py:188} INFO - [2026-07-01T16:23:20.315+0000] {dag.py:3096} INFO - Sync 1 DAGs
[2026-07-01T16:23:20.323+0000] {logging_mixin.py:188} INFO - [2026-07-01T16:23:20.323+0000] {dag.py:3954} INFO - Setting next_dagrun for dag_shipment_sim to 2026-07-01 16:00:00+00:00, run_after=2026-07-01 17:00:00+00:00
[2026-07-01T16:23:20.331+0000] {processor.py:183} INFO - Processing /opt/airflow/dags/dag_shipment_sim.py took 0.036 seconds
[2026-07-01T16:23:50.378+0000] {processor.py:161} INFO - Started process (PID=28937) to work on /opt/airflow/dags/dag_shipment_sim.py
[2026-07-01T16:23:50.379+0000] {processor.py:830} INFO - Processing file /opt/airflow/dags/dag_shipment_sim.py for tasks to queue
[2026-07-01T16:23:50.380+0000] {logging_mixin.py:188} INFO - [2026-07-01T16:23:50.379+0000] {dagbag.py:545} INFO - Filling up the DagBag from /opt/airflow/dags/dag_shipment_sim.py
[2026-07-01T16:23:50.386+0000] {processor.py:840} INFO - DAG(s) 'dag_shipment_sim' retrieved from /opt/airflow/dags/dag_shipment_sim.py
[2026-07-01T16:23:50.397+0000] {logging_mixin.py:188} INFO - [2026-07-01T16:23:50.397+0000] {dag.py:3096} INFO - Sync 1 DAGs
[2026-07-01T16:23:50.405+0000] {logging_mixin.py:188} INFO - [2026-07-01T16:23:50.405+0000] {dag.py:3954} INFO - Setting next_dagrun for dag_shipment_sim to 2026-07-01 16:00:00+00:00, run_after=2026-07-01 17:00:00+00:00
[2026-07-01T16:23:50.413+0000] {processor.py:183} INFO - Processing /opt/airflow/dags/dag_shipment_sim.py took 0.037 seconds
[2026-07-01T16:24:20.478+0000] {processor.py:161} INFO - Started process (PID=28974) to work on /opt/airflow/dags/dag_shipment_sim.py
[2026-07-01T16:24:20.479+0000] {processor.py:830} INFO - Processing file /opt/airflow/dags/dag_shipment_sim.py for tasks to queue
[2026-07-01T16:24:20.480+0000] {logging_mixin.py:188} INFO - [2026-07-01T16:24:20.480+0000] {dagbag.py:545} INFO - Filling up the DagBag from /opt/airflow/dags/dag_shipment_sim.py
[2026-07-01T16:24:20.488+0000] {processor.py:840} INFO - DAG(s) 'dag_shipment_sim' retrieved from /opt/airflow/dags/dag_shipment_sim.py
[2026-07-01T16:24:20.498+0000] {logging_mixin.py:188} INFO - [2026-07-01T16:24:20.498+0000] {dag.py:3096} INFO - Sync 1 DAGs
[2026-07-01T16:24:20.505+0000] {logging_mixin.py:188} INFO - [2026-07-01T16:24:20.505+0000] {dag.py:3954} INFO - Setting next_dagrun for dag_shipment_sim to 2026-07-01 16:00:00+00:00, run_after=2026-07-01 17:00:00+00:00
[2026-07-01T16:24:20.513+0000] {processor.py:183} INFO - Processing /opt/airflow/dags/dag_shipment_sim.py took 0.037 seconds
[2026-07-01T16:24:51.549+0000] {processor.py:161} INFO - Started process (PID=29011) to work on /opt/airflow/dags/dag_shipment_sim.py
[2026-07-01T16:24:51.550+0000] {processor.py:830} INFO - Processing file /opt/airflow/dags/dag_shipment_sim.py for tasks to queue
[2026-07-01T16:24:51.550+0000] {logging_mixin.py:188} INFO - [2026-07-01T16:24:51.550+0000] {dagbag.py:545} INFO - Filling up the DagBag from /opt/airflow/dags/dag_shipment_sim.py
[2026-07-01T16:24:51.557+0000] {processor.py:840} INFO - DAG(s) 'dag_shipment_sim' retrieved from /opt/airflow/dags/dag_shipment_sim.py
[2026-07-01T16:24:51.566+0000] {logging_mixin.py:188} INFO - [2026-07-01T16:24:51.566+0000] {dag.py:3096} INFO - Sync 1 DAGs
[2026-07-01T16:24:51.574+0000] {logging_mixin.py:188} INFO - [2026-07-01T16:24:51.574+0000] {dag.py:3954} INFO - Setting next_dagrun for dag_shipment_sim to 2026-07-01 16:00:00+00:00, run_after=2026-07-01 17:00:00+00:00
[2026-07-01T16:24:51.580+0000] {processor.py:183} INFO - Processing /opt/airflow/dags/dag_shipment_sim.py took 0.033 seconds
[2026-07-01T16:25:21.798+0000] {processor.py:161} INFO - Started process (PID=29048) to work on /opt/airflow/dags/dag_shipment_sim.py
[2026-07-01T16:25:21.799+0000] {processor.py:830} INFO - Processing file /opt/airflow/dags/dag_shipment_sim.py for tasks to queue
[2026-07-01T16:25:21.800+0000] {logging_mixin.py:188} INFO - [2026-07-01T16:25:21.799+0000] {dagbag.py:545} INFO - Filling up the DagBag from /opt/airflow/dags/dag_shipment_sim.py
[2026-07-01T16:25:21.808+0000] {processor.py:840} INFO - DAG(s) 'dag_shipment_sim' retrieved from /opt/airflow/dags/dag_shipment_sim.py
[2026-07-01T16:25:21.819+0000] {logging_mixin.py:188} INFO - [2026-07-01T16:25:21.819+0000] {dag.py:3096} INFO - Sync 1 DAGs
[2026-07-01T16:25:21.828+0000] {logging_mixin.py:188} INFO - [2026-07-01T16:25:21.828+0000] {dag.py:3954} INFO - Setting next_dagrun for dag_shipment_sim to 2026-07-01 16:00:00+00:00, run_after=2026-07-01 17:00:00+00:00
[2026-07-01T16:25:21.836+0000] {processor.py:183} INFO - Processing /opt/airflow/dags/dag_shipment_sim.py took 0.040 seconds
[2026-07-01T16:25:52.010+0000] {processor.py:161} INFO - Started process (PID=29083) to work on /opt/airflow/dags/dag_shipment_sim.py
[2026-07-01T16:25:52.011+0000] {processor.py:830} INFO - Processing file /opt/airflow/dags/dag_shipment_sim.py for tasks to queue
[2026-07-01T16:25:52.012+0000] {logging_mixin.py:188} INFO - [2026-07-01T16:25:52.012+0000] {dagbag.py:545} INFO - Filling up the DagBag from /opt/airflow/dags/dag_shipment_sim.py
[2026-07-01T16:25:52.025+0000] {processor.py:840} INFO - DAG(s) 'dag_shipment_sim' retrieved from /opt/airflow/dags/dag_shipment_sim.py
[2026-07-01T16:25:52.045+0000] {logging_mixin.py:188} INFO - [2026-07-01T16:25:52.045+0000] {dag.py:3096} INFO - Sync 1 DAGs
[2026-07-01T16:25:52.056+0000] {logging_mixin.py:188} INFO - [2026-07-01T16:25:52.056+0000] {dag.py:3954} INFO - Setting next_dagrun for dag_shipment_sim to 2026-07-01 16:00:00+00:00, run_after=2026-07-01 17:00:00+00:00
[2026-07-01T16:25:52.066+0000] {processor.py:183} INFO - Processing /opt/airflow/dags/dag_shipment_sim.py took 0.059 seconds
[2026-07-01T16:26:22.803+0000] {processor.py:161} INFO - Started process (PID=29109) to work on /opt/airflow/dags/dag_shipment_sim.py
[2026-07-01T16:26:22.804+0000] {processor.py:830} INFO - Processing file /opt/airflow/dags/dag_shipment_sim.py for tasks to queue
[2026-07-01T16:26:22.805+0000] {logging_mixin.py:188} INFO - [2026-07-01T16:26:22.805+0000] {dagbag.py:545} INFO - Filling up the DagBag from /opt/airflow/dags/dag_shipment_sim.py
[2026-07-01T16:26:22.813+0000] {processor.py:840} INFO - DAG(s) 'dag_shipment_sim' retrieved from /opt/airflow/dags/dag_shipment_sim.py
[2026-07-01T16:26:22.827+0000] {logging_mixin.py:188} INFO - [2026-07-01T16:26:22.827+0000] {dag.py:3096} INFO - Sync 1 DAGs
[2026-07-01T16:26:22.838+0000] {logging_mixin.py:188} INFO - [2026-07-01T16:26:22.838+0000] {dag.py:3954} INFO - Setting next_dagrun for dag_shipment_sim to 2026-07-01 16:00:00+00:00, run_after=2026-07-01 17:00:00+00:00
[2026-07-01T16:26:22.847+0000] {processor.py:183} INFO - Processing /opt/airflow/dags/dag_shipment_sim.py took 0.059 seconds
[2026-07-01T16:26:53.689+0000] {processor.py:161} INFO - Started process (PID=29146) to work on /opt/airflow/dags/dag_shipment_sim.py
[2026-07-01T16:26:53.690+0000] {processor.py:830} INFO - Processing file /opt/airflow/dags/dag_shipment_sim.py for tasks to queue
[2026-07-01T16:26:53.691+0000] {logging_mixin.py:188} INFO - [2026-07-01T16:26:53.691+0000] {dagbag.py:545} INFO - Filling up the DagBag from /opt/airflow/dags/dag_shipment_sim.py
[2026-07-01T16:26:53.700+0000] {processor.py:840} INFO - DAG(s) 'dag_shipment_sim' retrieved from /opt/airflow/dags/dag_shipment_sim.py
[2026-07-01T16:26:53.718+0000] {logging_mixin.py:188} INFO - [2026-07-01T16:26:53.718+0000] {dag.py:3096} INFO - Sync 1 DAGs
[2026-07-01T16:26:53.733+0000] {logging_mixin.py:188} INFO - [2026-07-01T16:26:53.733+0000] {dag.py:3954} INFO - Setting next_dagrun for dag_shipment_sim to 2026-07-01 16:00:00+00:00, run_after=2026-07-01 17:00:00+00:00
[2026-07-01T16:26:53.742+0000] {processor.py:183} INFO - Processing /opt/airflow/dags/dag_shipment_sim.py took 0.063 seconds
[2026-07-01T16:27:24.664+0000] {processor.py:161} INFO - Started process (PID=29183) to work on /opt/airflow/dags/dag_shipment_sim.py
[2026-07-01T16:27:24.665+0000] {processor.py:830} INFO - Processing file /opt/airflow/dags/dag_shipment_sim.py for tasks to queue
[2026-07-01T16:27:24.666+0000] {logging_mixin.py:188} INFO - [2026-07-01T16:27:24.666+0000] {dagbag.py:545} INFO - Filling up the DagBag from /opt/airflow/dags/dag_shipment_sim.py
[2026-07-01T16:27:24.678+0000] {processor.py:840} INFO - DAG(s) 'dag_shipment_sim' retrieved from /opt/airflow/dags/dag_shipment_sim.py
[2026-07-01T16:27:24.693+0000] {logging_mixin.py:188} INFO - [2026-07-01T16:27:24.693+0000] {dag.py:3096} INFO - Sync 1 DAGs
[2026-07-01T16:27:24.706+0000] {logging_mixin.py:188} INFO - [2026-07-01T16:27:24.705+0000] {dag.py:3954} INFO - Setting next_dagrun for dag_shipment_sim to 2026-07-01 16:00:00+00:00, run_after=2026-07-01 17:00:00+00:00
[2026-07-01T16:27:24.715+0000] {processor.py:183} INFO - Processing /opt/airflow/dags/dag_shipment_sim.py took 0.063 seconds
[2026-07-01T16:27:55.677+0000] {processor.py:161} INFO - Started process (PID=29220) to work on /opt/airflow/dags/dag_shipment_sim.py
[2026-07-01T16:27:55.678+0000] {processor.py:830} INFO - Processing file /opt/airflow/dags/dag_shipment_sim.py for tasks to queue
[2026-07-01T16:27:55.679+0000] {logging_mixin.py:188} INFO - [2026-07-01T16:27:55.679+0000] {dagbag.py:545} INFO - Filling up the DagBag from /opt/airflow/dags/dag_shipment_sim.py
[2026-07-01T16:27:55.690+0000] {processor.py:840} INFO - DAG(s) 'dag_shipment_sim' retrieved from /opt/airflow/dags/dag_shipment_sim.py
[2026-07-01T16:27:55.706+0000] {logging_mixin.py:188} INFO - [2026-07-01T16:27:55.706+0000] {dag.py:3096} INFO - Sync 1 DAGs
[2026-07-01T16:27:55.722+0000] {logging_mixin.py:188} INFO - [2026-07-01T16:27:55.722+0000] {dag.py:3954} INFO - Setting next_dagrun for dag_shipment_sim to 2026-07-01 16:00:00+00:00, run_after=2026-07-01 17:00:00+00:00
[2026-07-01T16:27:55.733+0000] {processor.py:183} INFO - Processing /opt/airflow/dags/dag_shipment_sim.py took 0.066 seconds
[2026-07-01T16:28:26.686+0000] {processor.py:161} INFO - Started process (PID=29257) to work on /opt/airflow/dags/dag_shipment_sim.py
[2026-07-01T16:28:26.687+0000] {processor.py:830} INFO - Processing file /opt/airflow/dags/dag_shipment_sim.py for tasks to queue
[2026-07-01T16:28:26.689+0000] {logging_mixin.py:188} INFO - [2026-07-01T16:28:26.689+0000] {dagbag.py:545} INFO - Filling up the DagBag from /opt/airflow/dags/dag_shipment_sim.py
[2026-07-01T16:28:26.698+0000] {processor.py:840} INFO - DAG(s) 'dag_shipment_sim' retrieved from /opt/airflow/dags/dag_shipment_sim.py
[2026-07-01T16:28:26.711+0000] {logging_mixin.py:188} INFO - [2026-07-01T16:28:26.711+0000] {dag.py:3096} INFO - Sync 1 DAGs
[2026-07-01T16:28:26.724+0000] {logging_mixin.py:188} INFO - [2026-07-01T16:28:26.724+0000] {dag.py:3954} INFO - Setting next_dagrun for dag_shipment_sim to 2026-07-01 16:00:00+00:00, run_after=2026-07-01 17:00:00+00:00
[2026-07-01T16:28:26.734+0000] {processor.py:183} INFO - Processing /opt/airflow/dags/dag_shipment_sim.py took 0.055 seconds
[2026-07-01T16:28:57.815+0000] {processor.py:161} INFO - Started process (PID=29294) to work on /opt/airflow/dags/dag_shipment_sim.py
[2026-07-01T16:28:57.817+0000] {processor.py:830} INFO - Processing file /opt/airflow/dags/dag_shipment_sim.py for tasks to queue
[2026-07-01T16:28:57.818+0000] {logging_mixin.py:188} INFO - [2026-07-01T16:28:57.818+0000] {dagbag.py:545} INFO - Filling up the DagBag from /opt/airflow/dags/dag_shipment_sim.py
[2026-07-01T16:28:57.830+0000] {processor.py:840} INFO - DAG(s) 'dag_shipment_sim' retrieved from /opt/airflow/dags/dag_shipment_sim.py
[2026-07-01T16:28:57.854+0000] {logging_mixin.py:188} INFO - [2026-07-01T16:28:57.854+0000] {dag.py:3096} INFO - Sync 1 DAGs
[2026-07-01T16:28:57.868+0000] {logging_mixin.py:188} INFO - [2026-07-01T16:28:57.868+0000] {dag.py:3954} INFO - Setting next_dagrun for dag_shipment_sim to 2026-07-01 16:00:00+00:00, run_after=2026-07-01 17:00:00+00:00
[2026-07-01T16:28:57.882+0000] {processor.py:183} INFO - Processing /opt/airflow/dags/dag_shipment_sim.py took 0.075 seconds
[2026-07-01T16:29:27.949+0000] {processor.py:161} INFO - Started process (PID=29327) to work on /opt/airflow/dags/dag_shipment_sim.py
[2026-07-01T16:29:27.950+0000] {processor.py:830} INFO - Processing file /opt/airflow/dags/dag_shipment_sim.py for tasks to queue
[2026-07-01T16:29:27.951+0000] {logging_mixin.py:188} INFO - [2026-07-01T16:29:27.950+0000] {dagbag.py:545} INFO - Filling up the DagBag from /opt/airflow/dags/dag_shipment_sim.py
[2026-07-01T16:29:27.959+0000] {processor.py:840} INFO - DAG(s) 'dag_shipment_sim' retrieved from /opt/airflow/dags/dag_shipment_sim.py
[2026-07-01T16:29:27.971+0000] {logging_mixin.py:188} INFO - [2026-07-01T16:29:27.971+0000] {dag.py:3096} INFO - Sync 1 DAGs
[2026-07-01T16:29:27.981+0000] {logging_mixin.py:188} INFO - [2026-07-01T16:29:27.981+0000] {dag.py:3954} INFO - Setting next_dagrun for dag_shipment_sim to 2026-07-01 16:00:00+00:00, run_after=2026-07-01 17:00:00+00:00
[2026-07-01T16:29:27.990+0000] {processor.py:183} INFO - Processing /opt/airflow/dags/dag_shipment_sim.py took 0.047 seconds
[2026-07-01T16:29:58.185+0000] {processor.py:161} INFO - Started process (PID=29364) to work on /opt/airflow/dags/dag_shipment_sim.py
[2026-07-01T16:29:58.188+0000] {processor.py:830} INFO - Processing file /opt/airflow/dags/dag_shipment_sim.py for tasks to queue
[2026-07-01T16:29:58.189+0000] {logging_mixin.py:188} INFO - [2026-07-01T16:29:58.189+0000] {dagbag.py:545} INFO - Filling up the DagBag from /opt/airflow/dags/dag_shipment_sim.py
[2026-07-01T16:29:58.198+0000] {processor.py:840} INFO - DAG(s) 'dag_shipment_sim' retrieved from /opt/airflow/dags/dag_shipment_sim.py
[2026-07-01T16:29:58.208+0000] {logging_mixin.py:188} INFO - [2026-07-01T16:29:58.208+0000] {dag.py:3096} INFO - Sync 1 DAGs
[2026-07-01T16:29:58.216+0000] {logging_mixin.py:188} INFO - [2026-07-01T16:29:58.216+0000] {dag.py:3954} INFO - Setting next_dagrun for dag_shipment_sim to 2026-07-01 16:00:00+00:00, run_after=2026-07-01 17:00:00+00:00
[2026-07-01T16:29:58.223+0000] {processor.py:183} INFO - Processing /opt/airflow/dags/dag_shipment_sim.py took 0.044 seconds
[2026-07-01T16:30:28.935+0000] {processor.py:161} INFO - Started process (PID=29401) to work on /opt/airflow/dags/dag_shipment_sim.py
[2026-07-01T16:30:28.936+0000] {processor.py:830} INFO - Processing file /opt/airflow/dags/dag_shipment_sim.py for tasks to queue
[2026-07-01T16:30:28.936+0000] {logging_mixin.py:188} INFO - [2026-07-01T16:30:28.936+0000] {dagbag.py:545} INFO - Filling up the DagBag from /opt/airflow/dags/dag_shipment_sim.py
[2026-07-01T16:30:28.946+0000] {processor.py:840} INFO - DAG(s) 'dag_shipment_sim' retrieved from /opt/airflow/dags/dag_shipment_sim.py
[2026-07-01T16:30:28.959+0000] {logging_mixin.py:188} INFO - [2026-07-01T16:30:28.959+0000] {dag.py:3096} INFO - Sync 1 DAGs
[2026-07-01T16:30:28.971+0000] {logging_mixin.py:188} INFO - [2026-07-01T16:30:28.970+0000] {dag.py:3954} INFO - Setting next_dagrun for dag_shipment_sim to 2026-07-01 16:00:00+00:00, run_after=2026-07-01 17:00:00+00:00
[2026-07-01T16:30:28.982+0000] {processor.py:183} INFO - Processing /opt/airflow/dags/dag_shipment_sim.py took 0.050 seconds
[2026-07-01T16:31:00.351+0000] {processor.py:161} INFO - Started process (PID=29438) to work on /opt/airflow/dags/dag_shipment_sim.py
[2026-07-01T16:31:00.352+0000] {processor.py:830} INFO - Processing file /opt/airflow/dags/dag_shipment_sim.py for tasks to queue
[2026-07-01T16:31:00.353+0000] {logging_mixin.py:188} INFO - [2026-07-01T16:31:00.353+0000] {dagbag.py:545} INFO - Filling up the DagBag from /opt/airflow/dags/dag_shipment_sim.py
[2026-07-01T16:31:00.363+0000] {processor.py:840} INFO - DAG(s) 'dag_shipment_sim' retrieved from /opt/airflow/dags/dag_shipment_sim.py
[2026-07-01T16:31:00.375+0000] {logging_mixin.py:188} INFO - [2026-07-01T16:31:00.375+0000] {dag.py:3096} INFO - Sync 1 DAGs
[2026-07-01T16:31:00.383+0000] {logging_mixin.py:188} INFO - [2026-07-01T16:31:00.383+0000] {dag.py:3954} INFO - Setting next_dagrun for dag_shipment_sim to 2026-07-01 16:00:00+00:00, run_after=2026-07-01 17:00:00+00:00
[2026-07-01T16:31:00.391+0000] {processor.py:183} INFO - Processing /opt/airflow/dags/dag_shipment_sim.py took 0.052 seconds
[2026-07-01T16:31:30.551+0000] {processor.py:161} INFO - Started process (PID=29475) to work on /opt/airflow/dags/dag_shipment_sim.py
[2026-07-01T16:31:30.552+0000] {processor.py:830} INFO - Processing file /opt/airflow/dags/dag_shipment_sim.py for tasks to queue
[2026-07-01T16:31:30.553+0000] {logging_mixin.py:188} INFO - [2026-07-01T16:31:30.552+0000] {dagbag.py:545} INFO - Filling up the DagBag from /opt/airflow/dags/dag_shipment_sim.py
[2026-07-01T16:31:30.560+0000] {processor.py:840} INFO - DAG(s) 'dag_shipment_sim' retrieved from /opt/airflow/dags/dag_shipment_sim.py
[2026-07-01T16:31:30.570+0000] {logging_mixin.py:188} INFO - [2026-07-01T16:31:30.570+0000] {dag.py:3096} INFO - Sync 1 DAGs
[2026-07-01T16:31:30.578+0000] {logging_mixin.py:188} INFO - [2026-07-01T16:31:30.578+0000] {dag.py:3954} INFO - Setting next_dagrun for dag_shipment_sim to 2026-07-01 16:00:00+00:00, run_after=2026-07-01 17:00:00+00:00
[2026-07-01T16:31:30.586+0000] {processor.py:183} INFO - Processing /opt/airflow/dags/dag_shipment_sim.py took 0.037 seconds
[2026-07-01T16:32:01.317+0000] {processor.py:161} INFO - Started process (PID=29512) to work on /opt/airflow/dags/dag_shipment_sim.py
[2026-07-01T16:32:01.318+0000] {processor.py:830} INFO - Processing file /opt/airflow/dags/dag_shipment_sim.py for tasks to queue
[2026-07-01T16:32:01.319+0000] {logging_mixin.py:188} INFO - [2026-07-01T16:32:01.319+0000] {dagbag.py:545} INFO - Filling up the DagBag from /opt/airflow/dags/dag_shipment_sim.py
[2026-07-01T16:32:01.328+0000] {processor.py:840} INFO - DAG(s) 'dag_shipment_sim' retrieved from /opt/airflow/dags/dag_shipment_sim.py
[2026-07-01T16:32:01.341+0000] {logging_mixin.py:188} INFO - [2026-07-01T16:32:01.341+0000] {dag.py:3096} INFO - Sync 1 DAGs
[2026-07-01T16:32:01.350+0000] {logging_mixin.py:188} INFO - [2026-07-01T16:32:01.350+0000] {dag.py:3954} INFO - Setting next_dagrun for dag_shipment_sim to 2026-07-01 16:00:00+00:00, run_after=2026-07-01 17:00:00+00:00
[2026-07-01T16:32:01.358+0000] {processor.py:183} INFO - Processing /opt/airflow/dags/dag_shipment_sim.py took 0.044 seconds
[2026-07-01T16:32:31.480+0000] {processor.py:161} INFO - Started process (PID=29549) to work on /opt/airflow/dags/dag_shipment_sim.py
[2026-07-01T16:32:31.480+0000] {processor.py:830} INFO - Processing file /opt/airflow/dags/dag_shipment_sim.py for tasks to queue
[2026-07-01T16:32:31.481+0000] {logging_mixin.py:188} INFO - [2026-07-01T16:32:31.481+0000] {dagbag.py:545} INFO - Filling up the DagBag from /opt/airflow/dags/dag_shipment_sim.py
[2026-07-01T16:32:31.488+0000] {processor.py:840} INFO - DAG(s) 'dag_shipment_sim' retrieved from /opt/airflow/dags/dag_shipment_sim.py
[2026-07-01T16:32:31.498+0000] {logging_mixin.py:188} INFO - [2026-07-01T16:32:31.498+0000] {dag.py:3096} INFO - Sync 1 DAGs
[2026-07-01T16:32:31.506+0000] {logging_mixin.py:188} INFO - [2026-07-01T16:32:31.506+0000] {dag.py:3954} INFO - Setting next_dagrun for dag_shipment_sim to 2026-07-01 16:00:00+00:00, run_after=2026-07-01 17:00:00+00:00
[2026-07-01T16:32:31.513+0000] {processor.py:183} INFO - Processing /opt/airflow/dags/dag_shipment_sim.py took 0.036 seconds
[2026-07-01T16:33:02.011+0000] {processor.py:161} INFO - Started process (PID=29586) to work on /opt/airflow/dags/dag_shipment_sim.py
[2026-07-01T16:33:02.014+0000] {processor.py:830} INFO - Processing file /opt/airflow/dags/dag_shipment_sim.py for tasks to queue
[2026-07-01T16:33:02.015+0000] {logging_mixin.py:188} INFO - [2026-07-01T16:33:02.015+0000] {dagbag.py:545} INFO - Filling up the DagBag from /opt/airflow/dags/dag_shipment_sim.py
[2026-07-01T16:33:02.026+0000] {processor.py:840} INFO - DAG(s) 'dag_shipment_sim' retrieved from /opt/airflow/dags/dag_shipment_sim.py
[2026-07-01T16:33:02.038+0000] {logging_mixin.py:188} INFO - [2026-07-01T16:33:02.038+0000] {dag.py:3096} INFO - Sync 1 DAGs
[2026-07-01T16:33:02.047+0000] {logging_mixin.py:188} INFO - [2026-07-01T16:33:02.047+0000] {dag.py:3954} INFO - Setting next_dagrun for dag_shipment_sim to 2026-07-01 16:00:00+00:00, run_after=2026-07-01 17:00:00+00:00
[2026-07-01T16:33:02.054+0000] {processor.py:183} INFO - Processing /opt/airflow/dags/dag_shipment_sim.py took 0.049 seconds
[2026-07-01T16:33:32.247+0000] {processor.py:161} INFO - Started process (PID=29623) to work on /opt/airflow/dags/dag_shipment_sim.py
[2026-07-01T16:33:32.248+0000] {processor.py:830} INFO - Processing file /opt/airflow/dags/dag_shipment_sim.py for tasks to queue
[2026-07-01T16:33:32.249+0000] {logging_mixin.py:188} INFO - [2026-07-01T16:33:32.249+0000] {dagbag.py:545} INFO - Filling up the DagBag from /opt/airflow/dags/dag_shipment_sim.py
[2026-07-01T16:33:32.257+0000] {processor.py:840} INFO - DAG(s) 'dag_shipment_sim' retrieved from /opt/airflow/dags/dag_shipment_sim.py
[2026-07-01T16:33:32.270+0000] {logging_mixin.py:188} INFO - [2026-07-01T16:33:32.270+0000] {dag.py:3096} INFO - Sync 1 DAGs
[2026-07-01T16:33:32.281+0000] {logging_mixin.py:188} INFO - [2026-07-01T16:33:32.281+0000] {dag.py:3954} INFO - Setting next_dagrun for dag_shipment_sim to 2026-07-01 16:00:00+00:00, run_after=2026-07-01 17:00:00+00:00
[2026-07-01T16:33:32.290+0000] {processor.py:183} INFO - Processing /opt/airflow/dags/dag_shipment_sim.py took 0.048 seconds
[2026-07-01T16:34:02.631+0000] {processor.py:161} INFO - Started process (PID=29660) to work on /opt/airflow/dags/dag_shipment_sim.py
[2026-07-01T16:34:02.633+0000] {processor.py:830} INFO - Processing file /opt/airflow/dags/dag_shipment_sim.py for tasks to queue
[2026-07-01T16:34:02.634+0000] {logging_mixin.py:188} INFO - [2026-07-01T16:34:02.634+0000] {dagbag.py:545} INFO - Filling up the DagBag from /opt/airflow/dags/dag_shipment_sim.py
[2026-07-01T16:34:02.647+0000] {processor.py:840} INFO - DAG(s) 'dag_shipment_sim' retrieved from /opt/airflow/dags/dag_shipment_sim.py
[2026-07-01T16:34:02.666+0000] {logging_mixin.py:188} INFO - [2026-07-01T16:34:02.666+0000] {dag.py:3096} INFO - Sync 1 DAGs
[2026-07-01T16:34:02.677+0000] {logging_mixin.py:188} INFO - [2026-07-01T16:34:02.677+0000] {dag.py:3954} INFO - Setting next_dagrun for dag_shipment_sim to 2026-07-01 16:00:00+00:00, run_after=2026-07-01 17:00:00+00:00
[2026-07-01T16:34:02.687+0000] {processor.py:183} INFO - Processing /opt/airflow/dags/dag_shipment_sim.py took 0.065 seconds
[2026-07-01T16:34:33.062+0000] {processor.py:161} INFO - Started process (PID=29697) to work on /opt/airflow/dags/dag_shipment_sim.py
[2026-07-01T16:34:33.063+0000] {processor.py:830} INFO - Processing file /opt/airflow/dags/dag_shipment_sim.py for tasks to queue
[2026-07-01T16:34:33.064+0000] {logging_mixin.py:188} INFO - [2026-07-01T16:34:33.064+0000] {dagbag.py:545} INFO - Filling up the DagBag from /opt/airflow/dags/dag_shipment_sim.py
[2026-07-01T16:34:33.073+0000] {processor.py:840} INFO - DAG(s) 'dag_shipment_sim' retrieved from /opt/airflow/dags/dag_shipment_sim.py
[2026-07-01T16:34:33.083+0000] {logging_mixin.py:188} INFO - [2026-07-01T16:34:33.083+0000] {dag.py:3096} INFO - Sync 1 DAGs
[2026-07-01T16:34:33.091+0000] {logging_mixin.py:188} INFO - [2026-07-01T16:34:33.091+0000] {dag.py:3954} INFO - Setting next_dagrun for dag_shipment_sim to 2026-07-01 16:00:00+00:00, run_after=2026-07-01 17:00:00+00:00
[2026-07-01T16:34:33.098+0000] {processor.py:183} INFO - Processing /opt/airflow/dags/dag_shipment_sim.py took 0.038 seconds
[2026-07-01T16:35:03.443+0000] {processor.py:161} INFO - Started process (PID=29734) to work on /opt/airflow/dags/dag_shipment_sim.py
[2026-07-01T16:35:03.444+0000] {processor.py:830} INFO - Processing file /opt/airflow/dags/dag_shipment_sim.py for tasks to queue
[2026-07-01T16:35:03.444+0000] {logging_mixin.py:188} INFO - [2026-07-01T16:35:03.444+0000] {dagbag.py:545} INFO - Filling up the DagBag from /opt/airflow/dags/dag_shipment_sim.py
[2026-07-01T16:35:03.452+0000] {processor.py:840} INFO - DAG(s) 'dag_shipment_sim' retrieved from /opt/airflow/dags/dag_shipment_sim.py
[2026-07-01T16:35:03.462+0000] {logging_mixin.py:188} INFO - [2026-07-01T16:35:03.462+0000] {dag.py:3096} INFO - Sync 1 DAGs
[2026-07-01T16:35:03.470+0000] {logging_mixin.py:188} INFO - [2026-07-01T16:35:03.470+0000] {dag.py:3954} INFO - Setting next_dagrun for dag_shipment_sim to 2026-07-01 16:00:00+00:00, run_after=2026-07-01 17:00:00+00:00
[2026-07-01T16:35:03.477+0000] {processor.py:183} INFO - Processing /opt/airflow/dags/dag_shipment_sim.py took 0.036 seconds
[2026-07-01T16:35:34.500+0000] {processor.py:161} INFO - Started process (PID=29771) to work on /opt/airflow/dags/dag_shipment_sim.py
[2026-07-01T16:35:34.501+0000] {processor.py:830} INFO - Processing file /opt/airflow/dags/dag_shipment_sim.py for tasks to queue
[2026-07-01T16:35:34.502+0000] {logging_mixin.py:188} INFO - [2026-07-01T16:35:34.502+0000] {dagbag.py:545} INFO - Filling up the DagBag from /opt/airflow/dags/dag_shipment_sim.py
[2026-07-01T16:35:34.510+0000] {processor.py:840} INFO - DAG(s) 'dag_shipment_sim' retrieved from /opt/airflow/dags/dag_shipment_sim.py
[2026-07-01T16:35:34.519+0000] {logging_mixin.py:188} INFO - [2026-07-01T16:35:34.519+0000] {dag.py:3096} INFO - Sync 1 DAGs
[2026-07-01T16:35:34.527+0000] {logging_mixin.py:188} INFO - [2026-07-01T16:35:34.527+0000] {dag.py:3954} INFO - Setting next_dagrun for dag_shipment_sim to 2026-07-01 16:00:00+00:00, run_after=2026-07-01 17:00:00+00:00
[2026-07-01T16:35:34.534+0000] {processor.py:183} INFO - Processing /opt/airflow/dags/dag_shipment_sim.py took 0.038 seconds
[2026-07-01T16:36:05.139+0000] {processor.py:161} INFO - Started process (PID=29806) to work on /opt/airflow/dags/dag_shipment_sim.py
[2026-07-01T16:36:05.140+0000] {processor.py:830} INFO - Processing file /opt/airflow/dags/dag_shipment_sim.py for tasks to queue
[2026-07-01T16:36:05.142+0000] {logging_mixin.py:188} INFO - [2026-07-01T16:36:05.142+0000] {dagbag.py:545} INFO - Filling up the DagBag from /opt/airflow/dags/dag_shipment_sim.py
[2026-07-01T16:36:05.160+0000] {processor.py:840} INFO - DAG(s) 'dag_shipment_sim' retrieved from /opt/airflow/dags/dag_shipment_sim.py
[2026-07-01T16:36:05.179+0000] {logging_mixin.py:188} INFO - [2026-07-01T16:36:05.179+0000] {dag.py:3096} INFO - Sync 1 DAGs
[2026-07-01T16:36:05.205+0000] {logging_mixin.py:188} INFO - [2026-07-01T16:36:05.204+0000] {dag.py:3954} INFO - Setting next_dagrun for dag_shipment_sim to 2026-07-01 16:00:00+00:00, run_after=2026-07-01 17:00:00+00:00
[2026-07-01T16:36:05.214+0000] {processor.py:183} INFO - Processing /opt/airflow/dags/dag_shipment_sim.py took 0.084 seconds
[2026-07-01T16:36:35.425+0000] {processor.py:161} INFO - Started process (PID=29845) to work on /opt/airflow/dags/dag_shipment_sim.py
[2026-07-01T16:36:35.426+0000] {processor.py:830} INFO - Processing file /opt/airflow/dags/dag_shipment_sim.py for tasks to queue
[2026-07-01T16:36:35.427+0000] {logging_mixin.py:188} INFO - [2026-07-01T16:36:35.427+0000] {dagbag.py:545} INFO - Filling up the DagBag from /opt/airflow/dags/dag_shipment_sim.py
[2026-07-01T16:36:35.434+0000] {processor.py:840} INFO - DAG(s) 'dag_shipment_sim' retrieved from /opt/airflow/dags/dag_shipment_sim.py
[2026-07-01T16:36:35.450+0000] {logging_mixin.py:188} INFO - [2026-07-01T16:36:35.449+0000] {dag.py:3096} INFO - Sync 1 DAGs
[2026-07-01T16:36:35.458+0000] {logging_mixin.py:188} INFO - [2026-07-01T16:36:35.458+0000] {dag.py:3954} INFO - Setting next_dagrun for dag_shipment_sim to 2026-07-01 16:00:00+00:00, run_after=2026-07-01 17:00:00+00:00
[2026-07-01T16:36:35.466+0000] {processor.py:183} INFO - Processing /opt/airflow/dags/dag_shipment_sim.py took 0.045 seconds
[2026-07-01T16:37:06.582+0000] {processor.py:161} INFO - Started process (PID=29882) to work on /opt/airflow/dags/dag_shipment_sim.py
[2026-07-01T16:37:06.583+0000] {processor.py:830} INFO - Processing file /opt/airflow/dags/dag_shipment_sim.py for tasks to queue
[2026-07-01T16:37:06.584+0000] {logging_mixin.py:188} INFO - [2026-07-01T16:37:06.583+0000] {dagbag.py:545} INFO - Filling up the DagBag from /opt/airflow/dags/dag_shipment_sim.py
[2026-07-01T16:37:06.591+0000] {processor.py:840} INFO - DAG(s) 'dag_shipment_sim' retrieved from /opt/airflow/dags/dag_shipment_sim.py
[2026-07-01T16:37:06.602+0000] {logging_mixin.py:188} INFO - [2026-07-01T16:37:06.602+0000] {dag.py:3096} INFO - Sync 1 DAGs
[2026-07-01T16:37:06.610+0000] {logging_mixin.py:188} INFO - [2026-07-01T16:37:06.610+0000] {dag.py:3954} INFO - Setting next_dagrun for dag_shipment_sim to 2026-07-01 16:00:00+00:00, run_after=2026-07-01 17:00:00+00:00
[2026-07-01T16:37:06.618+0000] {processor.py:183} INFO - Processing /opt/airflow/dags/dag_shipment_sim.py took 0.042 seconds
[2026-07-01T16:37:37.610+0000] {processor.py:161} INFO - Started process (PID=29919) to work on /opt/airflow/dags/dag_shipment_sim.py
[2026-07-01T16:37:37.611+0000] {processor.py:830} INFO - Processing file /opt/airflow/dags/dag_shipment_sim.py for tasks to queue
[2026-07-01T16:37:37.611+0000] {logging_mixin.py:188} INFO - [2026-07-01T16:37:37.611+0000] {dagbag.py:545} INFO - Filling up the DagBag from /opt/airflow/dags/dag_shipment_sim.py
[2026-07-01T16:37:37.618+0000] {processor.py:840} INFO - DAG(s) 'dag_shipment_sim' retrieved from /opt/airflow/dags/dag_shipment_sim.py
[2026-07-01T16:37:37.628+0000] {logging_mixin.py:188} INFO - [2026-07-01T16:37:37.628+0000] {dag.py:3096} INFO - Sync 1 DAGs
[2026-07-01T16:37:37.636+0000] {logging_mixin.py:188} INFO - [2026-07-01T16:37:37.636+0000] {dag.py:3954} INFO - Setting next_dagrun for dag_shipment_sim to 2026-07-01 16:00:00+00:00, run_after=2026-07-01 17:00:00+00:00
[2026-07-01T16:37:37.643+0000] {processor.py:183} INFO - Processing /opt/airflow/dags/dag_shipment_sim.py took 0.036 seconds
[2026-07-01T16:38:07.862+0000] {processor.py:161} INFO - Started process (PID=29956) to work on /opt/airflow/dags/dag_shipment_sim.py
[2026-07-01T16:38:07.862+0000] {processor.py:830} INFO - Processing file /opt/airflow/dags/dag_shipment_sim.py for tasks to queue
[2026-07-01T16:38:07.863+0000] {logging_mixin.py:188} INFO - [2026-07-01T16:38:07.863+0000] {dagbag.py:545} INFO - Filling up the DagBag from /opt/airflow/dags/dag_shipment_sim.py
[2026-07-01T16:38:07.871+0000] {processor.py:840} INFO - DAG(s) 'dag_shipment_sim' retrieved from /opt/airflow/dags/dag_shipment_sim.py
[2026-07-01T16:38:07.882+0000] {logging_mixin.py:188} INFO - [2026-07-01T16:38:07.882+0000] {dag.py:3096} INFO - Sync 1 DAGs
[2026-07-01T16:38:07.890+0000] {logging_mixin.py:188} INFO - [2026-07-01T16:38:07.890+0000] {dag.py:3954} INFO - Setting next_dagrun for dag_shipment_sim to 2026-07-01 16:00:00+00:00, run_after=2026-07-01 17:00:00+00:00
[2026-07-01T16:38:07.897+0000] {processor.py:183} INFO - Processing /opt/airflow/dags/dag_shipment_sim.py took 0.049 seconds
[2026-07-01T16:38:38.993+0000] {processor.py:161} INFO - Started process (PID=29993) to work on /opt/airflow/dags/dag_shipment_sim.py
[2026-07-01T16:38:38.994+0000] {processor.py:830} INFO - Processing file /opt/airflow/dags/dag_shipment_sim.py for tasks to queue
[2026-07-01T16:38:38.995+0000] {logging_mixin.py:188} INFO - [2026-07-01T16:38:38.994+0000] {dagbag.py:545} INFO - Filling up the DagBag from /opt/airflow/dags/dag_shipment_sim.py
[2026-07-01T16:38:39.002+0000] {processor.py:840} INFO - DAG(s) 'dag_shipment_sim' retrieved from /opt/airflow/dags/dag_shipment_sim.py
[2026-07-01T16:38:39.011+0000] {logging_mixin.py:188} INFO - [2026-07-01T16:38:39.011+0000] {dag.py:3096} INFO - Sync 1 DAGs
[2026-07-01T16:38:39.019+0000] {logging_mixin.py:188} INFO - [2026-07-01T16:38:39.019+0000] {dag.py:3954} INFO - Setting next_dagrun for dag_shipment_sim to 2026-07-01 16:00:00+00:00, run_after=2026-07-01 17:00:00+00:00
[2026-07-01T16:38:39.027+0000] {processor.py:183} INFO - Processing /opt/airflow/dags/dag_shipment_sim.py took 0.037 seconds
[2026-07-01T16:39:10.166+0000] {processor.py:161} INFO - Started process (PID=30030) to work on /opt/airflow/dags/dag_shipment_sim.py
[2026-07-01T16:39:10.166+0000] {processor.py:830} INFO - Processing file /opt/airflow/dags/dag_shipment_sim.py for tasks to queue
[2026-07-01T16:39:10.167+0000] {logging_mixin.py:188} INFO - [2026-07-01T16:39:10.167+0000] {dagbag.py:545} INFO - Filling up the DagBag from /opt/airflow/dags/dag_shipment_sim.py
[2026-07-01T16:39:10.177+0000] {processor.py:840} INFO - DAG(s) 'dag_shipment_sim' retrieved from /opt/airflow/dags/dag_shipment_sim.py
[2026-07-01T16:39:10.186+0000] {logging_mixin.py:188} INFO - [2026-07-01T16:39:10.186+0000] {dag.py:3096} INFO - Sync 1 DAGs
[2026-07-01T16:39:10.194+0000] {logging_mixin.py:188} INFO - [2026-07-01T16:39:10.194+0000] {dag.py:3954} INFO - Setting next_dagrun for dag_shipment_sim to 2026-07-01 16:00:00+00:00, run_after=2026-07-01 17:00:00+00:00
[2026-07-01T16:39:10.201+0000] {processor.py:183} INFO - Processing /opt/airflow/dags/dag_shipment_sim.py took 0.038 seconds
[2026-07-01T16:39:41.173+0000] {processor.py:161} INFO - Started process (PID=30065) to work on /opt/airflow/dags/dag_shipment_sim.py
[2026-07-01T16:39:41.174+0000] {processor.py:830} INFO - Processing file /opt/airflow/dags/dag_shipment_sim.py for tasks to queue
[2026-07-01T16:39:41.175+0000] {logging_mixin.py:188} INFO - [2026-07-01T16:39:41.175+0000] {dagbag.py:545} INFO - Filling up the DagBag from /opt/airflow/dags/dag_shipment_sim.py
[2026-07-01T16:39:41.190+0000] {processor.py:840} INFO - DAG(s) 'dag_shipment_sim' retrieved from /opt/airflow/dags/dag_shipment_sim.py
[2026-07-01T16:39:41.204+0000] {logging_mixin.py:188} INFO - [2026-07-01T16:39:41.204+0000] {dag.py:3096} INFO - Sync 1 DAGs
[2026-07-01T16:39:41.215+0000] {logging_mixin.py:188} INFO - [2026-07-01T16:39:41.215+0000] {dag.py:3954} INFO - Setting next_dagrun for dag_shipment_sim to 2026-07-01 16:00:00+00:00, run_after=2026-07-01 17:00:00+00:00
[2026-07-01T16:39:41.228+0000] {processor.py:183} INFO - Processing /opt/airflow/dags/dag_shipment_sim.py took 0.060 seconds
[2026-07-01T16:40:12.390+0000] {processor.py:161} INFO - Started process (PID=30104) to work on /opt/airflow/dags/dag_shipment_sim.py
[2026-07-01T16:40:12.391+0000] {processor.py:830} INFO - Processing file /opt/airflow/dags/dag_shipment_sim.py for tasks to queue
[2026-07-01T16:40:12.391+0000] {logging_mixin.py:188} INFO - [2026-07-01T16:40:12.391+0000] {dagbag.py:545} INFO - Filling up the DagBag from /opt/airflow/dags/dag_shipment_sim.py
[2026-07-01T16:40:12.399+0000] {processor.py:840} INFO - DAG(s) 'dag_shipment_sim' retrieved from /opt/airflow/dags/dag_shipment_sim.py
[2026-07-01T16:40:12.413+0000] {logging_mixin.py:188} INFO - [2026-07-01T16:40:12.412+0000] {dag.py:3096} INFO - Sync 1 DAGs
[2026-07-01T16:40:12.421+0000] {logging_mixin.py:188} INFO - [2026-07-01T16:40:12.421+0000] {dag.py:3954} INFO - Setting next_dagrun for dag_shipment_sim to 2026-07-01 16:00:00+00:00, run_after=2026-07-01 17:00:00+00:00
[2026-07-01T16:40:12.428+0000] {processor.py:183} INFO - Processing /opt/airflow/dags/dag_shipment_sim.py took 0.042 seconds
[2026-07-01T16:40:43.399+0000] {processor.py:161} INFO - Started process (PID=30141) to work on /opt/airflow/dags/dag_shipment_sim.py
[2026-07-01T16:40:43.399+0000] {processor.py:830} INFO - Processing file /opt/airflow/dags/dag_shipment_sim.py for tasks to queue
[2026-07-01T16:40:43.400+0000] {logging_mixin.py:188} INFO - [2026-07-01T16:40:43.400+0000] {dagbag.py:545} INFO - Filling up the DagBag from /opt/airflow/dags/dag_shipment_sim.py
[2026-07-01T16:40:43.407+0000] {processor.py:840} INFO - DAG(s) 'dag_shipment_sim' retrieved from /opt/airflow/dags/dag_shipment_sim.py
[2026-07-01T16:40:43.416+0000] {logging_mixin.py:188} INFO - [2026-07-01T16:40:43.416+0000] {dag.py:3096} INFO - Sync 1 DAGs
[2026-07-01T16:40:43.424+0000] {logging_mixin.py:188} INFO - [2026-07-01T16:40:43.424+0000] {dag.py:3954} INFO - Setting next_dagrun for dag_shipment_sim to 2026-07-01 16:00:00+00:00, run_after=2026-07-01 17:00:00+00:00
[2026-07-01T16:40:43.430+0000] {processor.py:183} INFO - Processing /opt/airflow/dags/dag_shipment_sim.py took 0.034 seconds
[2026-07-01T16:41:13.643+0000] {processor.py:161} INFO - Started process (PID=30178) to work on /opt/airflow/dags/dag_shipment_sim.py
[2026-07-01T16:41:13.644+0000] {processor.py:830} INFO - Processing file /opt/airflow/dags/dag_shipment_sim.py for tasks to queue
[2026-07-01T16:41:13.644+0000] {logging_mixin.py:188} INFO - [2026-07-01T16:41:13.644+0000] {dagbag.py:545} INFO - Filling up the DagBag from /opt/airflow/dags/dag_shipment_sim.py
[2026-07-01T16:41:13.653+0000] {processor.py:840} INFO - DAG(s) 'dag_shipment_sim' retrieved from /opt/airflow/dags/dag_shipment_sim.py
[2026-07-01T16:41:13.665+0000] {logging_mixin.py:188} INFO - [2026-07-01T16:41:13.665+0000] {dag.py:3096} INFO - Sync 1 DAGs
[2026-07-01T16:41:13.673+0000] {logging_mixin.py:188} INFO - [2026-07-01T16:41:13.673+0000] {dag.py:3954} INFO - Setting next_dagrun for dag_shipment_sim to 2026-07-01 16:00:00+00:00, run_after=2026-07-01 17:00:00+00:00
[2026-07-01T16:41:13.681+0000] {processor.py:183} INFO - Processing /opt/airflow/dags/dag_shipment_sim.py took 0.045 seconds
[2026-07-01T16:41:44.030+0000] {processor.py:161} INFO - Started process (PID=30215) to work on /opt/airflow/dags/dag_shipment_sim.py
[2026-07-01T16:41:44.031+0000] {processor.py:830} INFO - Processing file /opt/airflow/dags/dag_shipment_sim.py for tasks to queue
[2026-07-01T16:41:44.032+0000] {logging_mixin.py:188} INFO - [2026-07-01T16:41:44.032+0000] {dagbag.py:545} INFO - Filling up the DagBag from /opt/airflow/dags/dag_shipment_sim.py
[2026-07-01T16:41:44.043+0000] {processor.py:840} INFO - DAG(s) 'dag_shipment_sim' retrieved from /opt/airflow/dags/dag_shipment_sim.py
[2026-07-01T16:41:44.059+0000] {logging_mixin.py:188} INFO - [2026-07-01T16:41:44.059+0000] {dag.py:3096} INFO - Sync 1 DAGs
[2026-07-01T16:41:44.071+0000] {logging_mixin.py:188} INFO - [2026-07-01T16:41:44.071+0000] {dag.py:3954} INFO - Setting next_dagrun for dag_shipment_sim to 2026-07-01 16:00:00+00:00, run_after=2026-07-01 17:00:00+00:00
[2026-07-01T16:41:44.081+0000] {processor.py:183} INFO - Processing /opt/airflow/dags/dag_shipment_sim.py took 0.055 seconds
[2026-07-01T16:42:14.872+0000] {processor.py:161} INFO - Started process (PID=30252) to work on /opt/airflow/dags/dag_shipment_sim.py
[2026-07-01T16:42:14.872+0000] {processor.py:830} INFO - Processing file /opt/airflow/dags/dag_shipment_sim.py for tasks to queue
[2026-07-01T16:42:14.873+0000] {logging_mixin.py:188} INFO - [2026-07-01T16:42:14.873+0000] {dagbag.py:545} INFO - Filling up the DagBag from /opt/airflow/dags/dag_shipment_sim.py
[2026-07-01T16:42:14.881+0000] {processor.py:840} INFO - DAG(s) 'dag_shipment_sim' retrieved from /opt/airflow/dags/dag_shipment_sim.py
[2026-07-01T16:42:14.893+0000] {logging_mixin.py:188} INFO - [2026-07-01T16:42:14.893+0000] {dag.py:3096} INFO - Sync 1 DAGs
[2026-07-01T16:42:14.904+0000] {logging_mixin.py:188} INFO - [2026-07-01T16:42:14.904+0000] {dag.py:3954} INFO - Setting next_dagrun for dag_shipment_sim to 2026-07-01 16:00:00+00:00, run_after=2026-07-01 17:00:00+00:00
[2026-07-01T16:42:14.913+0000] {processor.py:183} INFO - Processing /opt/airflow/dags/dag_shipment_sim.py took 0.044 seconds
[2026-07-01T16:42:45.033+0000] {processor.py:161} INFO - Started process (PID=30289) to work on /opt/airflow/dags/dag_shipment_sim.py
[2026-07-01T16:42:45.034+0000] {processor.py:830} INFO - Processing file /opt/airflow/dags/dag_shipment_sim.py for tasks to queue
[2026-07-01T16:42:45.035+0000] {logging_mixin.py:188} INFO - [2026-07-01T16:42:45.034+0000] {dagbag.py:545} INFO - Filling up the DagBag from /opt/airflow/dags/dag_shipment_sim.py
[2026-07-01T16:42:45.043+0000] {processor.py:840} INFO - DAG(s) 'dag_shipment_sim' retrieved from /opt/airflow/dags/dag_shipment_sim.py
[2026-07-01T16:42:45.054+0000] {logging_mixin.py:188} INFO - [2026-07-01T16:42:45.054+0000] {dag.py:3096} INFO - Sync 1 DAGs
[2026-07-01T16:42:45.065+0000] {logging_mixin.py:188} INFO - [2026-07-01T16:42:45.064+0000] {dag.py:3954} INFO - Setting next_dagrun for dag_shipment_sim to 2026-07-01 16:00:00+00:00, run_after=2026-07-01 17:00:00+00:00
[2026-07-01T16:42:45.075+0000] {processor.py:183} INFO - Processing /opt/airflow/dags/dag_shipment_sim.py took 0.045 seconds
[2026-07-01T16:43:15.231+0000] {processor.py:161} INFO - Started process (PID=30326) to work on /opt/airflow/dags/dag_shipment_sim.py
[2026-07-01T16:43:15.232+0000] {processor.py:830} INFO - Processing file /opt/airflow/dags/dag_shipment_sim.py for tasks to queue
[2026-07-01T16:43:15.233+0000] {logging_mixin.py:188} INFO - [2026-07-01T16:43:15.233+0000] {dagbag.py:545} INFO - Filling up the DagBag from /opt/airflow/dags/dag_shipment_sim.py
[2026-07-01T16:43:15.246+0000] {processor.py:840} INFO - DAG(s) 'dag_shipment_sim' retrieved from /opt/airflow/dags/dag_shipment_sim.py
[2026-07-01T16:43:15.256+0000] {logging_mixin.py:188} INFO - [2026-07-01T16:43:15.256+0000] {dag.py:3096} INFO - Sync 1 DAGs
[2026-07-01T16:43:15.264+0000] {logging_mixin.py:188} INFO - [2026-07-01T16:43:15.264+0000] {dag.py:3954} INFO - Setting next_dagrun for dag_shipment_sim to 2026-07-01 16:00:00+00:00, run_after=2026-07-01 17:00:00+00:00
[2026-07-01T16:43:15.271+0000] {processor.py:183} INFO - Processing /opt/airflow/dags/dag_shipment_sim.py took 0.043 seconds
[2026-07-01T16:43:45.461+0000] {processor.py:161} INFO - Started process (PID=30363) to work on /opt/airflow/dags/dag_shipment_sim.py
[2026-07-01T16:43:45.462+0000] {processor.py:830} INFO - Processing file /opt/airflow/dags/dag_shipment_sim.py for tasks to queue
[2026-07-01T16:43:45.462+0000] {logging_mixin.py:188} INFO - [2026-07-01T16:43:45.462+0000] {dagbag.py:545} INFO - Filling up the DagBag from /opt/airflow/dags/dag_shipment_sim.py
[2026-07-01T16:43:45.470+0000] {processor.py:840} INFO - DAG(s) 'dag_shipment_sim' retrieved from /opt/airflow/dags/dag_shipment_sim.py
[2026-07-01T16:43:45.481+0000] {logging_mixin.py:188} INFO - [2026-07-01T16:43:45.481+0000] {dag.py:3096} INFO - Sync 1 DAGs
[2026-07-01T16:43:45.489+0000] {logging_mixin.py:188} INFO - [2026-07-01T16:43:45.489+0000] {dag.py:3954} INFO - Setting next_dagrun for dag_shipment_sim to 2026-07-01 16:00:00+00:00, run_after=2026-07-01 17:00:00+00:00
[2026-07-01T16:43:45.496+0000] {processor.py:183} INFO - Processing /opt/airflow/dags/dag_shipment_sim.py took 0.049 seconds
[2026-07-01T16:44:15.943+0000] {processor.py:161} INFO - Started process (PID=30400) to work on /opt/airflow/dags/dag_shipment_sim.py
[2026-07-01T16:44:15.944+0000] {processor.py:830} INFO - Processing file /opt/airflow/dags/dag_shipment_sim.py for tasks to queue
[2026-07-01T16:44:15.945+0000] {logging_mixin.py:188} INFO - [2026-07-01T16:44:15.945+0000] {dagbag.py:545} INFO - Filling up the DagBag from /opt/airflow/dags/dag_shipment_sim.py
[2026-07-01T16:44:15.954+0000] {processor.py:840} INFO - DAG(s) 'dag_shipment_sim' retrieved from /opt/airflow/dags/dag_shipment_sim.py
[2026-07-01T16:44:15.966+0000] {logging_mixin.py:188} INFO - [2026-07-01T16:44:15.966+0000] {dag.py:3096} INFO - Sync 1 DAGs
[2026-07-01T16:44:15.976+0000] {logging_mixin.py:188} INFO - [2026-07-01T16:44:15.976+0000] {dag.py:3954} INFO - Setting next_dagrun for dag_shipment_sim to 2026-07-01 16:00:00+00:00, run_after=2026-07-01 17:00:00+00:00
[2026-07-01T16:44:15.985+0000] {processor.py:183} INFO - Processing /opt/airflow/dags/dag_shipment_sim.py took 0.045 seconds
[2026-07-01T16:44:46.016+0000] {processor.py:161} INFO - Started process (PID=30437) to work on /opt/airflow/dags/dag_shipment_sim.py
[2026-07-01T16:44:46.017+0000] {processor.py:830} INFO - Processing file /opt/airflow/dags/dag_shipment_sim.py for tasks to queue
[2026-07-01T16:44:46.017+0000] {logging_mixin.py:188} INFO - [2026-07-01T16:44:46.017+0000] {dagbag.py:545} INFO - Filling up the DagBag from /opt/airflow/dags/dag_shipment_sim.py
[2026-07-01T16:44:46.024+0000] {processor.py:840} INFO - DAG(s) 'dag_shipment_sim' retrieved from /opt/airflow/dags/dag_shipment_sim.py
[2026-07-01T16:44:46.033+0000] {logging_mixin.py:188} INFO - [2026-07-01T16:44:46.033+0000] {dag.py:3096} INFO - Sync 1 DAGs
[2026-07-01T16:44:46.041+0000] {logging_mixin.py:188} INFO - [2026-07-01T16:44:46.041+0000] {dag.py:3954} INFO - Setting next_dagrun for dag_shipment_sim to 2026-07-01 16:00:00+00:00, run_after=2026-07-01 17:00:00+00:00
[2026-07-01T16:44:46.048+0000] {processor.py:183} INFO - Processing /opt/airflow/dags/dag_shipment_sim.py took 0.034 seconds
[2026-07-01T16:45:16.527+0000] {processor.py:161} INFO - Started process (PID=30474) to work on /opt/airflow/dags/dag_shipment_sim.py
[2026-07-01T16:45:16.528+0000] {processor.py:830} INFO - Processing file /opt/airflow/dags/dag_shipment_sim.py for tasks to queue
[2026-07-01T16:45:16.529+0000] {logging_mixin.py:188} INFO - [2026-07-01T16:45:16.529+0000] {dagbag.py:545} INFO - Filling up the DagBag from /opt/airflow/dags/dag_shipment_sim.py
[2026-07-01T16:45:16.537+0000] {processor.py:840} INFO - DAG(s) 'dag_shipment_sim' retrieved from /opt/airflow/dags/dag_shipment_sim.py
[2026-07-01T16:45:16.549+0000] {logging_mixin.py:188} INFO - [2026-07-01T16:45:16.549+0000] {dag.py:3096} INFO - Sync 1 DAGs
[2026-07-01T16:45:16.559+0000] {logging_mixin.py:188} INFO - [2026-07-01T16:45:16.559+0000] {dag.py:3954} INFO - Setting next_dagrun for dag_shipment_sim to 2026-07-01 16:00:00+00:00, run_after=2026-07-01 17:00:00+00:00
[2026-07-01T16:45:16.567+0000] {processor.py:183} INFO - Processing /opt/airflow/dags/dag_shipment_sim.py took 0.048 seconds
[2026-07-01T16:45:47.571+0000] {processor.py:161} INFO - Started process (PID=30511) to work on /opt/airflow/dags/dag_shipment_sim.py
[2026-07-01T16:45:47.572+0000] {processor.py:830} INFO - Processing file /opt/airflow/dags/dag_shipment_sim.py for tasks to queue
[2026-07-01T16:45:47.573+0000] {logging_mixin.py:188} INFO - [2026-07-01T16:45:47.572+0000] {dagbag.py:545} INFO - Filling up the DagBag from /opt/airflow/dags/dag_shipment_sim.py
[2026-07-01T16:45:47.580+0000] {processor.py:840} INFO - DAG(s) 'dag_shipment_sim' retrieved from /opt/airflow/dags/dag_shipment_sim.py
[2026-07-01T16:45:47.590+0000] {logging_mixin.py:188} INFO - [2026-07-01T16:45:47.590+0000] {dag.py:3096} INFO - Sync 1 DAGs
[2026-07-01T16:45:47.598+0000] {logging_mixin.py:188} INFO - [2026-07-01T16:45:47.598+0000] {dag.py:3954} INFO - Setting next_dagrun for dag_shipment_sim to 2026-07-01 16:00:00+00:00, run_after=2026-07-01 17:00:00+00:00
[2026-07-01T16:45:47.605+0000] {processor.py:183} INFO - Processing /opt/airflow/dags/dag_shipment_sim.py took 0.039 seconds
[2026-07-01T16:46:18.029+0000] {processor.py:161} INFO - Started process (PID=30548) to work on /opt/airflow/dags/dag_shipment_sim.py
[2026-07-01T16:46:18.030+0000] {processor.py:830} INFO - Processing file /opt/airflow/dags/dag_shipment_sim.py for tasks to queue
[2026-07-01T16:46:18.031+0000] {logging_mixin.py:188} INFO - [2026-07-01T16:46:18.031+0000] {dagbag.py:545} INFO - Filling up the DagBag from /opt/airflow/dags/dag_shipment_sim.py
[2026-07-01T16:46:18.039+0000] {processor.py:840} INFO - DAG(s) 'dag_shipment_sim' retrieved from /opt/airflow/dags/dag_shipment_sim.py
[2026-07-01T16:46:18.052+0000] {logging_mixin.py:188} INFO - [2026-07-01T16:46:18.051+0000] {dag.py:3096} INFO - Sync 1 DAGs
[2026-07-01T16:46:18.061+0000] {logging_mixin.py:188} INFO - [2026-07-01T16:46:18.061+0000] {dag.py:3954} INFO - Setting next_dagrun for dag_shipment_sim to 2026-07-01 16:00:00+00:00, run_after=2026-07-01 17:00:00+00:00
[2026-07-01T16:46:18.068+0000] {processor.py:183} INFO - Processing /opt/airflow/dags/dag_shipment_sim.py took 0.042 seconds
[2026-07-01T16:46:48.115+0000] {processor.py:161} INFO - Started process (PID=30585) to work on /opt/airflow/dags/dag_shipment_sim.py
[2026-07-01T16:46:48.116+0000] {processor.py:830} INFO - Processing file /opt/airflow/dags/dag_shipment_sim.py for tasks to queue
[2026-07-01T16:46:48.116+0000] {logging_mixin.py:188} INFO - [2026-07-01T16:46:48.116+0000] {dagbag.py:545} INFO - Filling up the DagBag from /opt/airflow/dags/dag_shipment_sim.py
[2026-07-01T16:46:48.123+0000] {processor.py:840} INFO - DAG(s) 'dag_shipment_sim' retrieved from /opt/airflow/dags/dag_shipment_sim.py
[2026-07-01T16:46:48.133+0000] {logging_mixin.py:188} INFO - [2026-07-01T16:46:48.133+0000] {dag.py:3096} INFO - Sync 1 DAGs
[2026-07-01T16:46:48.140+0000] {logging_mixin.py:188} INFO - [2026-07-01T16:46:48.140+0000] {dag.py:3954} INFO - Setting next_dagrun for dag_shipment_sim to 2026-07-01 16:00:00+00:00, run_after=2026-07-01 17:00:00+00:00
[2026-07-01T16:46:48.147+0000] {processor.py:183} INFO - Processing /opt/airflow/dags/dag_shipment_sim.py took 0.035 seconds
[2026-07-01T16:47:18.327+0000] {processor.py:161} INFO - Started process (PID=30622) to work on /opt/airflow/dags/dag_shipment_sim.py
[2026-07-01T16:47:18.328+0000] {processor.py:830} INFO - Processing file /opt/airflow/dags/dag_shipment_sim.py for tasks to queue
[2026-07-01T16:47:18.329+0000] {logging_mixin.py:188} INFO - [2026-07-01T16:47:18.329+0000] {dagbag.py:545} INFO - Filling up the DagBag from /opt/airflow/dags/dag_shipment_sim.py
[2026-07-01T16:47:18.337+0000] {processor.py:840} INFO - DAG(s) 'dag_shipment_sim' retrieved from /opt/airflow/dags/dag_shipment_sim.py
[2026-07-01T16:47:18.348+0000] {logging_mixin.py:188} INFO - [2026-07-01T16:47:18.348+0000] {dag.py:3096} INFO - Sync 1 DAGs
[2026-07-01T16:47:18.357+0000] {logging_mixin.py:188} INFO - [2026-07-01T16:47:18.357+0000] {dag.py:3954} INFO - Setting next_dagrun for dag_shipment_sim to 2026-07-01 16:00:00+00:00, run_after=2026-07-01 17:00:00+00:00
[2026-07-01T16:47:18.364+0000] {processor.py:183} INFO - Processing /opt/airflow/dags/dag_shipment_sim.py took 0.040 seconds
[2026-07-01T16:47:48.668+0000] {processor.py:161} INFO - Started process (PID=30659) to work on /opt/airflow/dags/dag_shipment_sim.py
[2026-07-01T16:47:48.669+0000] {processor.py:830} INFO - Processing file /opt/airflow/dags/dag_shipment_sim.py for tasks to queue
[2026-07-01T16:47:48.670+0000] {logging_mixin.py:188} INFO - [2026-07-01T16:47:48.670+0000] {dagbag.py:545} INFO - Filling up the DagBag from /opt/airflow/dags/dag_shipment_sim.py
[2026-07-01T16:47:48.681+0000] {processor.py:840} INFO - DAG(s) 'dag_shipment_sim' retrieved from /opt/airflow/dags/dag_shipment_sim.py
[2026-07-01T16:47:48.698+0000] {logging_mixin.py:188} INFO - [2026-07-01T16:47:48.697+0000] {dag.py:3096} INFO - Sync 1 DAGs
[2026-07-01T16:47:48.714+0000] {logging_mixin.py:188} INFO - [2026-07-01T16:47:48.714+0000] {dag.py:3954} INFO - Setting next_dagrun for dag_shipment_sim to 2026-07-01 16:00:00+00:00, run_after=2026-07-01 17:00:00+00:00
[2026-07-01T16:47:48.727+0000] {processor.py:183} INFO - Processing /opt/airflow/dags/dag_shipment_sim.py took 0.063 seconds
[2026-07-01T16:48:19.107+0000] {processor.py:161} INFO - Started process (PID=30696) to work on /opt/airflow/dags/dag_shipment_sim.py
[2026-07-01T16:48:19.108+0000] {processor.py:830} INFO - Processing file /opt/airflow/dags/dag_shipment_sim.py for tasks to queue
[2026-07-01T16:48:19.109+0000] {logging_mixin.py:188} INFO - [2026-07-01T16:48:19.109+0000] {dagbag.py:545} INFO - Filling up the DagBag from /opt/airflow/dags/dag_shipment_sim.py
[2026-07-01T16:48:19.116+0000] {processor.py:840} INFO - DAG(s) 'dag_shipment_sim' retrieved from /opt/airflow/dags/dag_shipment_sim.py
[2026-07-01T16:48:19.133+0000] {logging_mixin.py:188} INFO - [2026-07-01T16:48:19.133+0000] {dag.py:3096} INFO - Sync 1 DAGs
[2026-07-01T16:48:19.150+0000] {logging_mixin.py:188} INFO - [2026-07-01T16:48:19.150+0000] {dag.py:3954} INFO - Setting next_dagrun for dag_shipment_sim to 2026-07-01 16:00:00+00:00, run_after=2026-07-01 17:00:00+00:00
[2026-07-01T16:48:19.160+0000] {processor.py:183} INFO - Processing /opt/airflow/dags/dag_shipment_sim.py took 0.055 seconds
[2026-07-01T16:48:49.323+0000] {processor.py:161} INFO - Started process (PID=30733) to work on /opt/airflow/dags/dag_shipment_sim.py
[2026-07-01T16:48:49.324+0000] {processor.py:830} INFO - Processing file /opt/airflow/dags/dag_shipment_sim.py for tasks to queue
[2026-07-01T16:48:49.325+0000] {logging_mixin.py:188} INFO - [2026-07-01T16:48:49.325+0000] {dagbag.py:545} INFO - Filling up the DagBag from /opt/airflow/dags/dag_shipment_sim.py
[2026-07-01T16:48:49.334+0000] {processor.py:840} INFO - DAG(s) 'dag_shipment_sim' retrieved from /opt/airflow/dags/dag_shipment_sim.py
[2026-07-01T16:48:49.349+0000] {logging_mixin.py:188} INFO - [2026-07-01T16:48:49.348+0000] {dag.py:3096} INFO - Sync 1 DAGs
[2026-07-01T16:48:49.361+0000] {logging_mixin.py:188} INFO - [2026-07-01T16:48:49.361+0000] {dag.py:3954} INFO - Setting next_dagrun for dag_shipment_sim to 2026-07-01 16:00:00+00:00, run_after=2026-07-01 17:00:00+00:00
[2026-07-01T16:48:49.372+0000] {processor.py:183} INFO - Processing /opt/airflow/dags/dag_shipment_sim.py took 0.052 seconds
[2026-07-01T16:49:19.626+0000] {processor.py:161} INFO - Started process (PID=30768) to work on /opt/airflow/dags/dag_shipment_sim.py
[2026-07-01T16:49:19.627+0000] {processor.py:830} INFO - Processing file /opt/airflow/dags/dag_shipment_sim.py for tasks to queue
[2026-07-01T16:49:19.628+0000] {logging_mixin.py:188} INFO - [2026-07-01T16:49:19.628+0000] {dagbag.py:545} INFO - Filling up the DagBag from /opt/airflow/dags/dag_shipment_sim.py
[2026-07-01T16:49:19.635+0000] {processor.py:840} INFO - DAG(s) 'dag_shipment_sim' retrieved from /opt/airflow/dags/dag_shipment_sim.py
[2026-07-01T16:49:19.652+0000] {logging_mixin.py:188} INFO - [2026-07-01T16:49:19.652+0000] {dag.py:3096} INFO - Sync 1 DAGs
[2026-07-01T16:49:19.663+0000] {logging_mixin.py:188} INFO - [2026-07-01T16:49:19.663+0000] {dag.py:3954} INFO - Setting next_dagrun for dag_shipment_sim to 2026-07-01 16:00:00+00:00, run_after=2026-07-01 17:00:00+00:00
[2026-07-01T16:49:19.670+0000] {processor.py:183} INFO - Processing /opt/airflow/dags/dag_shipment_sim.py took 0.047 seconds
[2026-07-01T16:49:50.406+0000] {processor.py:161} INFO - Started process (PID=30794) to work on /opt/airflow/dags/dag_shipment_sim.py
[2026-07-01T16:49:50.407+0000] {processor.py:830} INFO - Processing file /opt/airflow/dags/dag_shipment_sim.py for tasks to queue
[2026-07-01T16:49:50.408+0000] {logging_mixin.py:188} INFO - [2026-07-01T16:49:50.408+0000] {dagbag.py:545} INFO - Filling up the DagBag from /opt/airflow/dags/dag_shipment_sim.py
[2026-07-01T16:49:50.419+0000] {processor.py:840} INFO - DAG(s) 'dag_shipment_sim' retrieved from /opt/airflow/dags/dag_shipment_sim.py
[2026-07-01T16:49:50.433+0000] {logging_mixin.py:188} INFO - [2026-07-01T16:49:50.433+0000] {dag.py:3096} INFO - Sync 1 DAGs
[2026-07-01T16:49:50.446+0000] {logging_mixin.py:188} INFO - [2026-07-01T16:49:50.446+0000] {dag.py:3954} INFO - Setting next_dagrun for dag_shipment_sim to 2026-07-01 16:00:00+00:00, run_after=2026-07-01 17:00:00+00:00
[2026-07-01T16:49:50.457+0000] {processor.py:183} INFO - Processing /opt/airflow/dags/dag_shipment_sim.py took 0.058 seconds
[2026-07-01T16:50:21.600+0000] {processor.py:161} INFO - Started process (PID=30831) to work on /opt/airflow/dags/dag_shipment_sim.py
[2026-07-01T16:50:21.602+0000] {processor.py:830} INFO - Processing file /opt/airflow/dags/dag_shipment_sim.py for tasks to queue
[2026-07-01T16:50:21.603+0000] {logging_mixin.py:188} INFO - [2026-07-01T16:50:21.603+0000] {dagbag.py:545} INFO - Filling up the DagBag from /opt/airflow/dags/dag_shipment_sim.py
[2026-07-01T16:50:21.615+0000] {processor.py:840} INFO - DAG(s) 'dag_shipment_sim' retrieved from /opt/airflow/dags/dag_shipment_sim.py
[2026-07-01T16:50:21.635+0000] {logging_mixin.py:188} INFO - [2026-07-01T16:50:21.635+0000] {dag.py:3096} INFO - Sync 1 DAGs
[2026-07-01T16:50:21.650+0000] {logging_mixin.py:188} INFO - [2026-07-01T16:50:21.650+0000] {dag.py:3954} INFO - Setting next_dagrun for dag_shipment_sim to 2026-07-01 16:00:00+00:00, run_after=2026-07-01 17:00:00+00:00
[2026-07-01T16:50:21.667+0000] {processor.py:183} INFO - Processing /opt/airflow/dags/dag_shipment_sim.py took 0.076 seconds
[2026-07-01T16:50:52.569+0000] {processor.py:161} INFO - Started process (PID=30868) to work on /opt/airflow/dags/dag_shipment_sim.py
[2026-07-01T16:50:52.570+0000] {processor.py:830} INFO - Processing file /opt/airflow/dags/dag_shipment_sim.py for tasks to queue
[2026-07-01T16:50:52.572+0000] {logging_mixin.py:188} INFO - [2026-07-01T16:50:52.572+0000] {dagbag.py:545} INFO - Filling up the DagBag from /opt/airflow/dags/dag_shipment_sim.py
[2026-07-01T16:50:52.582+0000] {processor.py:840} INFO - DAG(s) 'dag_shipment_sim' retrieved from /opt/airflow/dags/dag_shipment_sim.py
[2026-07-01T16:50:52.596+0000] {logging_mixin.py:188} INFO - [2026-07-01T16:50:52.595+0000] {dag.py:3096} INFO - Sync 1 DAGs
[2026-07-01T16:50:52.606+0000] {logging_mixin.py:188} INFO - [2026-07-01T16:50:52.606+0000] {dag.py:3954} INFO - Setting next_dagrun for dag_shipment_sim to 2026-07-01 16:00:00+00:00, run_after=2026-07-01 17:00:00+00:00
[2026-07-01T16:50:52.618+0000] {processor.py:183} INFO - Processing /opt/airflow/dags/dag_shipment_sim.py took 0.053 seconds
[2026-07-01T16:51:23.574+0000] {processor.py:161} INFO - Started process (PID=30905) to work on /opt/airflow/dags/dag_shipment_sim.py
[2026-07-01T16:51:23.575+0000] {processor.py:830} INFO - Processing file /opt/airflow/dags/dag_shipment_sim.py for tasks to queue
[2026-07-01T16:51:23.576+0000] {logging_mixin.py:188} INFO - [2026-07-01T16:51:23.576+0000] {dagbag.py:545} INFO - Filling up the DagBag from /opt/airflow/dags/dag_shipment_sim.py
[2026-07-01T16:51:23.586+0000] {processor.py:840} INFO - DAG(s) 'dag_shipment_sim' retrieved from /opt/airflow/dags/dag_shipment_sim.py
[2026-07-01T16:51:23.601+0000] {logging_mixin.py:188} INFO - [2026-07-01T16:51:23.601+0000] {dag.py:3096} INFO - Sync 1 DAGs
[2026-07-01T16:51:23.613+0000] {logging_mixin.py:188} INFO - [2026-07-01T16:51:23.613+0000] {dag.py:3954} INFO - Setting next_dagrun for dag_shipment_sim to 2026-07-01 16:00:00+00:00, run_after=2026-07-01 17:00:00+00:00
[2026-07-01T16:51:23.624+0000] {processor.py:183} INFO - Processing /opt/airflow/dags/dag_shipment_sim.py took 0.060 seconds
[2026-07-01T16:51:54.501+0000] {processor.py:161} INFO - Started process (PID=30942) to work on /opt/airflow/dags/dag_shipment_sim.py
[2026-07-01T16:51:54.502+0000] {processor.py:830} INFO - Processing file /opt/airflow/dags/dag_shipment_sim.py for tasks to queue
[2026-07-01T16:51:54.503+0000] {logging_mixin.py:188} INFO - [2026-07-01T16:51:54.503+0000] {dagbag.py:545} INFO - Filling up the DagBag from /opt/airflow/dags/dag_shipment_sim.py
[2026-07-01T16:51:54.513+0000] {processor.py:840} INFO - DAG(s) 'dag_shipment_sim' retrieved from /opt/airflow/dags/dag_shipment_sim.py
[2026-07-01T16:51:54.529+0000] {logging_mixin.py:188} INFO - [2026-07-01T16:51:54.529+0000] {dag.py:3096} INFO - Sync 1 DAGs
[2026-07-01T16:51:54.540+0000] {logging_mixin.py:188} INFO - [2026-07-01T16:51:54.540+0000] {dag.py:3954} INFO - Setting next_dagrun for dag_shipment_sim to 2026-07-01 16:00:00+00:00, run_after=2026-07-01 17:00:00+00:00
[2026-07-01T16:51:54.550+0000] {processor.py:183} INFO - Processing /opt/airflow/dags/dag_shipment_sim.py took 0.054 seconds
[2026-07-01T16:52:25.490+0000] {processor.py:161} INFO - Started process (PID=30979) to work on /opt/airflow/dags/dag_shipment_sim.py
[2026-07-01T16:52:25.491+0000] {processor.py:830} INFO - Processing file /opt/airflow/dags/dag_shipment_sim.py for tasks to queue
[2026-07-01T16:52:25.492+0000] {logging_mixin.py:188} INFO - [2026-07-01T16:52:25.492+0000] {dagbag.py:545} INFO - Filling up the DagBag from /opt/airflow/dags/dag_shipment_sim.py
[2026-07-01T16:52:25.502+0000] {processor.py:840} INFO - DAG(s) 'dag_shipment_sim' retrieved from /opt/airflow/dags/dag_shipment_sim.py
[2026-07-01T16:52:25.514+0000] {logging_mixin.py:188} INFO - [2026-07-01T16:52:25.514+0000] {dag.py:3096} INFO - Sync 1 DAGs
[2026-07-01T16:52:25.524+0000] {logging_mixin.py:188} INFO - [2026-07-01T16:52:25.524+0000] {dag.py:3954} INFO - Setting next_dagrun for dag_shipment_sim to 2026-07-01 16:00:00+00:00, run_after=2026-07-01 17:00:00+00:00
[2026-07-01T16:52:25.533+0000] {processor.py:183} INFO - Processing /opt/airflow/dags/dag_shipment_sim.py took 0.051 seconds
[2026-07-01T16:52:56.528+0000] {processor.py:161} INFO - Started process (PID=31016) to work on /opt/airflow/dags/dag_shipment_sim.py
[2026-07-01T16:52:56.529+0000] {processor.py:830} INFO - Processing file /opt/airflow/dags/dag_shipment_sim.py for tasks to queue
[2026-07-01T16:52:56.530+0000] {logging_mixin.py:188} INFO - [2026-07-01T16:52:56.529+0000] {dagbag.py:545} INFO - Filling up the DagBag from /opt/airflow/dags/dag_shipment_sim.py
[2026-07-01T16:52:56.538+0000] {processor.py:840} INFO - DAG(s) 'dag_shipment_sim' retrieved from /opt/airflow/dags/dag_shipment_sim.py
[2026-07-01T16:52:56.552+0000] {logging_mixin.py:188} INFO - [2026-07-01T16:52:56.552+0000] {dag.py:3096} INFO - Sync 1 DAGs
[2026-07-01T16:52:56.562+0000] {logging_mixin.py:188} INFO - [2026-07-01T16:52:56.562+0000] {dag.py:3954} INFO - Setting next_dagrun for dag_shipment_sim to 2026-07-01 16:00:00+00:00, run_after=2026-07-01 17:00:00+00:00
[2026-07-01T16:52:56.571+0000] {processor.py:183} INFO - Processing /opt/airflow/dags/dag_shipment_sim.py took 0.051 seconds
[2026-07-01T16:53:27.466+0000] {processor.py:161} INFO - Started process (PID=31053) to work on /opt/airflow/dags/dag_shipment_sim.py
[2026-07-01T16:53:27.468+0000] {processor.py:830} INFO - Processing file /opt/airflow/dags/dag_shipment_sim.py for tasks to queue
[2026-07-01T16:53:27.469+0000] {logging_mixin.py:188} INFO - [2026-07-01T16:53:27.468+0000] {dagbag.py:545} INFO - Filling up the DagBag from /opt/airflow/dags/dag_shipment_sim.py
[2026-07-01T16:53:27.480+0000] {processor.py:840} INFO - DAG(s) 'dag_shipment_sim' retrieved from /opt/airflow/dags/dag_shipment_sim.py
[2026-07-01T16:53:27.496+0000] {logging_mixin.py:188} INFO - [2026-07-01T16:53:27.496+0000] {dag.py:3096} INFO - Sync 1 DAGs
[2026-07-01T16:53:27.510+0000] {logging_mixin.py:188} INFO - [2026-07-01T16:53:27.510+0000] {dag.py:3954} INFO - Setting next_dagrun for dag_shipment_sim to 2026-07-01 16:00:00+00:00, run_after=2026-07-01 17:00:00+00:00
[2026-07-01T16:53:27.524+0000] {processor.py:183} INFO - Processing /opt/airflow/dags/dag_shipment_sim.py took 0.067 seconds
[2026-07-01T16:53:58.512+0000] {processor.py:161} INFO - Started process (PID=31090) to work on /opt/airflow/dags/dag_shipment_sim.py
[2026-07-01T16:53:58.513+0000] {processor.py:830} INFO - Processing file /opt/airflow/dags/dag_shipment_sim.py for tasks to queue
[2026-07-01T16:53:58.514+0000] {logging_mixin.py:188} INFO - [2026-07-01T16:53:58.514+0000] {dagbag.py:545} INFO - Filling up the DagBag from /opt/airflow/dags/dag_shipment_sim.py
[2026-07-01T16:53:58.526+0000] {processor.py:840} INFO - DAG(s) 'dag_shipment_sim' retrieved from /opt/airflow/dags/dag_shipment_sim.py
[2026-07-01T16:53:58.542+0000] {logging_mixin.py:188} INFO - [2026-07-01T16:53:58.541+0000] {dag.py:3096} INFO - Sync 1 DAGs
[2026-07-01T16:53:58.554+0000] {logging_mixin.py:188} INFO - [2026-07-01T16:53:58.553+0000] {dag.py:3954} INFO - Setting next_dagrun for dag_shipment_sim to 2026-07-01 16:00:00+00:00, run_after=2026-07-01 17:00:00+00:00
[2026-07-01T16:53:58.562+0000] {processor.py:183} INFO - Processing /opt/airflow/dags/dag_shipment_sim.py took 0.060 seconds
[2026-07-01T16:54:29.473+0000] {processor.py:161} INFO - Started process (PID=31127) to work on /opt/airflow/dags/dag_shipment_sim.py
[2026-07-01T16:54:29.474+0000] {processor.py:830} INFO - Processing file /opt/airflow/dags/dag_shipment_sim.py for tasks to queue
[2026-07-01T16:54:29.475+0000] {logging_mixin.py:188} INFO - [2026-07-01T16:54:29.475+0000] {dagbag.py:545} INFO - Filling up the DagBag from /opt/airflow/dags/dag_shipment_sim.py
[2026-07-01T16:54:29.488+0000] {processor.py:840} INFO - DAG(s) 'dag_shipment_sim' retrieved from /opt/airflow/dags/dag_shipment_sim.py
[2026-07-01T16:54:29.504+0000] {logging_mixin.py:188} INFO - [2026-07-01T16:54:29.503+0000] {dag.py:3096} INFO - Sync 1 DAGs
[2026-07-01T16:54:29.514+0000] {logging_mixin.py:188} INFO - [2026-07-01T16:54:29.514+0000] {dag.py:3954} INFO - Setting next_dagrun for dag_shipment_sim to 2026-07-01 16:00:00+00:00, run_after=2026-07-01 17:00:00+00:00
[2026-07-01T16:54:29.523+0000] {processor.py:183} INFO - Processing /opt/airflow/dags/dag_shipment_sim.py took 0.058 seconds
[2026-07-01T16:55:00.561+0000] {processor.py:161} INFO - Started process (PID=31164) to work on /opt/airflow/dags/dag_shipment_sim.py
[2026-07-01T16:55:00.565+0000] {processor.py:830} INFO - Processing file /opt/airflow/dags/dag_shipment_sim.py for tasks to queue
[2026-07-01T16:55:00.567+0000] {logging_mixin.py:188} INFO - [2026-07-01T16:55:00.566+0000] {dagbag.py:545} INFO - Filling up the DagBag from /opt/airflow/dags/dag_shipment_sim.py
[2026-07-01T16:55:00.577+0000] {processor.py:840} INFO - DAG(s) 'dag_shipment_sim' retrieved from /opt/airflow/dags/dag_shipment_sim.py
[2026-07-01T16:55:00.592+0000] {logging_mixin.py:188} INFO - [2026-07-01T16:55:00.592+0000] {dag.py:3096} INFO - Sync 1 DAGs
[2026-07-01T16:55:00.602+0000] {logging_mixin.py:188} INFO - [2026-07-01T16:55:00.602+0000] {dag.py:3954} INFO - Setting next_dagrun for dag_shipment_sim to 2026-07-01 16:00:00+00:00, run_after=2026-07-01 17:00:00+00:00
[2026-07-01T16:55:00.611+0000] {processor.py:183} INFO - Processing /opt/airflow/dags/dag_shipment_sim.py took 0.061 seconds
[2026-07-01T16:55:31.515+0000] {processor.py:161} INFO - Started process (PID=31201) to work on /opt/airflow/dags/dag_shipment_sim.py
[2026-07-01T16:55:31.516+0000] {processor.py:830} INFO - Processing file /opt/airflow/dags/dag_shipment_sim.py for tasks to queue
[2026-07-01T16:55:31.518+0000] {logging_mixin.py:188} INFO - [2026-07-01T16:55:31.517+0000] {dagbag.py:545} INFO - Filling up the DagBag from /opt/airflow/dags/dag_shipment_sim.py
[2026-07-01T16:55:31.527+0000] {processor.py:840} INFO - DAG(s) 'dag_shipment_sim' retrieved from /opt/airflow/dags/dag_shipment_sim.py
[2026-07-01T16:55:31.540+0000] {logging_mixin.py:188} INFO - [2026-07-01T16:55:31.539+0000] {dag.py:3096} INFO - Sync 1 DAGs
[2026-07-01T16:55:31.553+0000] {logging_mixin.py:188} INFO - [2026-07-01T16:55:31.553+0000] {dag.py:3954} INFO - Setting next_dagrun for dag_shipment_sim to 2026-07-01 16:00:00+00:00, run_after=2026-07-01 17:00:00+00:00
[2026-07-01T16:55:31.563+0000] {processor.py:183} INFO - Processing /opt/airflow/dags/dag_shipment_sim.py took 0.055 seconds
[2026-07-01T16:56:02.479+0000] {processor.py:161} INFO - Started process (PID=31238) to work on /opt/airflow/dags/dag_shipment_sim.py
[2026-07-01T16:56:02.481+0000] {processor.py:830} INFO - Processing file /opt/airflow/dags/dag_shipment_sim.py for tasks to queue
[2026-07-01T16:56:02.481+0000] {logging_mixin.py:188} INFO - [2026-07-01T16:56:02.481+0000] {dagbag.py:545} INFO - Filling up the DagBag from /opt/airflow/dags/dag_shipment_sim.py
[2026-07-01T16:56:02.491+0000] {processor.py:840} INFO - DAG(s) 'dag_shipment_sim' retrieved from /opt/airflow/dags/dag_shipment_sim.py
[2026-07-01T16:56:02.505+0000] {logging_mixin.py:188} INFO - [2026-07-01T16:56:02.505+0000] {dag.py:3096} INFO - Sync 1 DAGs
[2026-07-01T16:56:02.515+0000] {logging_mixin.py:188} INFO - [2026-07-01T16:56:02.515+0000] {dag.py:3954} INFO - Setting next_dagrun for dag_shipment_sim to 2026-07-01 16:00:00+00:00, run_after=2026-07-01 17:00:00+00:00
[2026-07-01T16:56:02.526+0000] {processor.py:183} INFO - Processing /opt/airflow/dags/dag_shipment_sim.py took 0.057 seconds
[2026-07-01T16:56:33.402+0000] {processor.py:161} INFO - Started process (PID=31275) to work on /opt/airflow/dags/dag_shipment_sim.py
[2026-07-01T16:56:33.403+0000] {processor.py:830} INFO - Processing file /opt/airflow/dags/dag_shipment_sim.py for tasks to queue
[2026-07-01T16:56:33.404+0000] {logging_mixin.py:188} INFO - [2026-07-01T16:56:33.404+0000] {dagbag.py:545} INFO - Filling up the DagBag from /opt/airflow/dags/dag_shipment_sim.py
[2026-07-01T16:56:33.413+0000] {processor.py:840} INFO - DAG(s) 'dag_shipment_sim' retrieved from /opt/airflow/dags/dag_shipment_sim.py
[2026-07-01T16:56:33.428+0000] {logging_mixin.py:188} INFO - [2026-07-01T16:56:33.428+0000] {dag.py:3096} INFO - Sync 1 DAGs
[2026-07-01T16:56:33.441+0000] {logging_mixin.py:188} INFO - [2026-07-01T16:56:33.441+0000] {dag.py:3954} INFO - Setting next_dagrun for dag_shipment_sim to 2026-07-01 16:00:00+00:00, run_after=2026-07-01 17:00:00+00:00
[2026-07-01T16:56:33.451+0000] {processor.py:183} INFO - Processing /opt/airflow/dags/dag_shipment_sim.py took 0.057 seconds
[2026-07-01T16:57:04.391+0000] {processor.py:161} INFO - Started process (PID=31312) to work on /opt/airflow/dags/dag_shipment_sim.py
[2026-07-01T16:57:04.392+0000] {processor.py:830} INFO - Processing file /opt/airflow/dags/dag_shipment_sim.py for tasks to queue
[2026-07-01T16:57:04.393+0000] {logging_mixin.py:188} INFO - [2026-07-01T16:57:04.393+0000] {dagbag.py:545} INFO - Filling up the DagBag from /opt/airflow/dags/dag_shipment_sim.py
[2026-07-01T16:57:04.402+0000] {processor.py:840} INFO - DAG(s) 'dag_shipment_sim' retrieved from /opt/airflow/dags/dag_shipment_sim.py
[2026-07-01T16:57:04.414+0000] {logging_mixin.py:188} INFO - [2026-07-01T16:57:04.414+0000] {dag.py:3096} INFO - Sync 1 DAGs
[2026-07-01T16:57:04.424+0000] {logging_mixin.py:188} INFO - [2026-07-01T16:57:04.424+0000] {dag.py:3954} INFO - Setting next_dagrun for dag_shipment_sim to 2026-07-01 16:00:00+00:00, run_after=2026-07-01 17:00:00+00:00
[2026-07-01T16:57:04.432+0000] {processor.py:183} INFO - Processing /opt/airflow/dags/dag_shipment_sim.py took 0.052 seconds
[2026-07-01T16:57:35.319+0000] {processor.py:161} INFO - Started process (PID=31349) to work on /opt/airflow/dags/dag_shipment_sim.py
[2026-07-01T16:57:35.321+0000] {processor.py:830} INFO - Processing file /opt/airflow/dags/dag_shipment_sim.py for tasks to queue
[2026-07-01T16:57:35.322+0000] {logging_mixin.py:188} INFO - [2026-07-01T16:57:35.322+0000] {dagbag.py:545} INFO - Filling up the DagBag from /opt/airflow/dags/dag_shipment_sim.py
[2026-07-01T16:57:35.330+0000] {processor.py:840} INFO - DAG(s) 'dag_shipment_sim' retrieved from /opt/airflow/dags/dag_shipment_sim.py
[2026-07-01T16:57:35.344+0000] {logging_mixin.py:188} INFO - [2026-07-01T16:57:35.344+0000] {dag.py:3096} INFO - Sync 1 DAGs
[2026-07-01T16:57:35.356+0000] {logging_mixin.py:188} INFO - [2026-07-01T16:57:35.355+0000] {dag.py:3954} INFO - Setting next_dagrun for dag_shipment_sim to 2026-07-01 16:00:00+00:00, run_after=2026-07-01 17:00:00+00:00
[2026-07-01T16:57:35.365+0000] {processor.py:183} INFO - Processing /opt/airflow/dags/dag_shipment_sim.py took 0.052 seconds
[2026-07-01T16:58:06.348+0000] {processor.py:161} INFO - Started process (PID=31386) to work on /opt/airflow/dags/dag_shipment_sim.py
[2026-07-01T16:58:06.349+0000] {processor.py:830} INFO - Processing file /opt/airflow/dags/dag_shipment_sim.py for tasks to queue
[2026-07-01T16:58:06.350+0000] {logging_mixin.py:188} INFO - [2026-07-01T16:58:06.350+0000] {dagbag.py:545} INFO - Filling up the DagBag from /opt/airflow/dags/dag_shipment_sim.py
[2026-07-01T16:58:06.359+0000] {processor.py:840} INFO - DAG(s) 'dag_shipment_sim' retrieved from /opt/airflow/dags/dag_shipment_sim.py
[2026-07-01T16:58:06.374+0000] {logging_mixin.py:188} INFO - [2026-07-01T16:58:06.374+0000] {dag.py:3096} INFO - Sync 1 DAGs
[2026-07-01T16:58:06.384+0000] {logging_mixin.py:188} INFO - [2026-07-01T16:58:06.384+0000] {dag.py:3954} INFO - Setting next_dagrun for dag_shipment_sim to 2026-07-01 16:00:00+00:00, run_after=2026-07-01 17:00:00+00:00
[2026-07-01T16:58:06.393+0000] {processor.py:183} INFO - Processing /opt/airflow/dags/dag_shipment_sim.py took 0.051 seconds
[2026-07-01T16:58:37.353+0000] {processor.py:161} INFO - Started process (PID=31423) to work on /opt/airflow/dags/dag_shipment_sim.py
[2026-07-01T16:58:37.356+0000] {processor.py:830} INFO - Processing file /opt/airflow/dags/dag_shipment_sim.py for tasks to queue
[2026-07-01T16:58:37.357+0000] {logging_mixin.py:188} INFO - [2026-07-01T16:58:37.357+0000] {dagbag.py:545} INFO - Filling up the DagBag from /opt/airflow/dags/dag_shipment_sim.py
[2026-07-01T16:58:37.371+0000] {processor.py:840} INFO - DAG(s) 'dag_shipment_sim' retrieved from /opt/airflow/dags/dag_shipment_sim.py
[2026-07-01T16:58:37.399+0000] {logging_mixin.py:188} INFO - [2026-07-01T16:58:37.398+0000] {dag.py:3096} INFO - Sync 1 DAGs
[2026-07-01T16:58:37.414+0000] {logging_mixin.py:188} INFO - [2026-07-01T16:58:37.413+0000] {dag.py:3954} INFO - Setting next_dagrun for dag_shipment_sim to 2026-07-01 16:00:00+00:00, run_after=2026-07-01 17:00:00+00:00
[2026-07-01T16:58:37.425+0000] {processor.py:183} INFO - Processing /opt/airflow/dags/dag_shipment_sim.py took 0.083 seconds
[2026-07-01T16:59:07.533+0000] {processor.py:161} INFO - Started process (PID=31456) to work on /opt/airflow/dags/dag_shipment_sim.py
[2026-07-01T16:59:07.534+0000] {processor.py:830} INFO - Processing file /opt/airflow/dags/dag_shipment_sim.py for tasks to queue
[2026-07-01T16:59:07.535+0000] {logging_mixin.py:188} INFO - [2026-07-01T16:59:07.535+0000] {dagbag.py:545} INFO - Filling up the DagBag from /opt/airflow/dags/dag_shipment_sim.py
[2026-07-01T16:59:07.544+0000] {processor.py:840} INFO - DAG(s) 'dag_shipment_sim' retrieved from /opt/airflow/dags/dag_shipment_sim.py
[2026-07-01T16:59:07.556+0000] {logging_mixin.py:188} INFO - [2026-07-01T16:59:07.555+0000] {dag.py:3096} INFO - Sync 1 DAGs
[2026-07-01T16:59:07.565+0000] {logging_mixin.py:188} INFO - [2026-07-01T16:59:07.565+0000] {dag.py:3954} INFO - Setting next_dagrun for dag_shipment_sim to 2026-07-01 16:00:00+00:00, run_after=2026-07-01 17:00:00+00:00
[2026-07-01T16:59:07.574+0000] {processor.py:183} INFO - Processing /opt/airflow/dags/dag_shipment_sim.py took 0.043 seconds
[2026-07-01T16:59:37.728+0000] {processor.py:161} INFO - Started process (PID=31493) to work on /opt/airflow/dags/dag_shipment_sim.py
[2026-07-01T16:59:37.728+0000] {processor.py:830} INFO - Processing file /opt/airflow/dags/dag_shipment_sim.py for tasks to queue
[2026-07-01T16:59:37.729+0000] {logging_mixin.py:188} INFO - [2026-07-01T16:59:37.729+0000] {dagbag.py:545} INFO - Filling up the DagBag from /opt/airflow/dags/dag_shipment_sim.py
[2026-07-01T16:59:37.737+0000] {processor.py:840} INFO - DAG(s) 'dag_shipment_sim' retrieved from /opt/airflow/dags/dag_shipment_sim.py
[2026-07-01T16:59:37.746+0000] {logging_mixin.py:188} INFO - [2026-07-01T16:59:37.746+0000] {dag.py:3096} INFO - Sync 1 DAGs
[2026-07-01T16:59:37.754+0000] {logging_mixin.py:188} INFO - [2026-07-01T16:59:37.754+0000] {dag.py:3954} INFO - Setting next_dagrun for dag_shipment_sim to 2026-07-01 16:00:00+00:00, run_after=2026-07-01 17:00:00+00:00
[2026-07-01T16:59:37.760+0000] {processor.py:183} INFO - Processing /opt/airflow/dags/dag_shipment_sim.py took 0.035 seconds
[2026-07-01T17:00:08.910+0000] {processor.py:161} INFO - Started process (PID=31811) to work on /opt/airflow/dags/dag_shipment_sim.py
[2026-07-01T17:00:08.911+0000] {processor.py:830} INFO - Processing file /opt/airflow/dags/dag_shipment_sim.py for tasks to queue
[2026-07-01T17:00:08.912+0000] {logging_mixin.py:188} INFO - [2026-07-01T17:00:08.912+0000] {dagbag.py:545} INFO - Filling up the DagBag from /opt/airflow/dags/dag_shipment_sim.py
[2026-07-01T17:00:08.925+0000] {processor.py:840} INFO - DAG(s) 'dag_shipment_sim' retrieved from /opt/airflow/dags/dag_shipment_sim.py
[2026-07-01T17:00:08.960+0000] {logging_mixin.py:188} INFO - [2026-07-01T17:00:08.959+0000] {dag.py:3096} INFO - Sync 1 DAGs
[2026-07-01T17:00:08.984+0000] {logging_mixin.py:188} INFO - [2026-07-01T17:00:08.984+0000] {dag.py:3954} INFO - Setting next_dagrun for dag_shipment_sim to 2026-07-01 17:00:00+00:00, run_after=2026-07-01 18:00:00+00:00
[2026-07-01T17:00:09.015+0000] {processor.py:183} INFO - Processing /opt/airflow/dags/dag_shipment_sim.py took 0.107 seconds
[2026-07-01T17:00:39.220+0000] {processor.py:161} INFO - Started process (PID=32145) to work on /opt/airflow/dags/dag_shipment_sim.py
[2026-07-01T17:00:39.220+0000] {processor.py:830} INFO - Processing file /opt/airflow/dags/dag_shipment_sim.py for tasks to queue
[2026-07-01T17:00:39.221+0000] {logging_mixin.py:188} INFO - [2026-07-01T17:00:39.221+0000] {dagbag.py:545} INFO - Filling up the DagBag from /opt/airflow/dags/dag_shipment_sim.py
[2026-07-01T17:00:39.228+0000] {processor.py:840} INFO - DAG(s) 'dag_shipment_sim' retrieved from /opt/airflow/dags/dag_shipment_sim.py
[2026-07-01T17:00:39.238+0000] {logging_mixin.py:188} INFO - [2026-07-01T17:00:39.238+0000] {dag.py:3096} INFO - Sync 1 DAGs
[2026-07-01T17:00:39.246+0000] {logging_mixin.py:188} INFO - [2026-07-01T17:00:39.246+0000] {dag.py:3954} INFO - Setting next_dagrun for dag_shipment_sim to 2026-07-01 17:00:00+00:00, run_after=2026-07-01 18:00:00+00:00
[2026-07-01T17:00:39.253+0000] {processor.py:183} INFO - Processing /opt/airflow/dags/dag_shipment_sim.py took 0.036 seconds
[2026-07-01T17:01:10.348+0000] {processor.py:161} INFO - Started process (PID=32182) to work on /opt/airflow/dags/dag_shipment_sim.py
[2026-07-01T17:01:10.349+0000] {processor.py:830} INFO - Processing file /opt/airflow/dags/dag_shipment_sim.py for tasks to queue
[2026-07-01T17:01:10.349+0000] {logging_mixin.py:188} INFO - [2026-07-01T17:01:10.349+0000] {dagbag.py:545} INFO - Filling up the DagBag from /opt/airflow/dags/dag_shipment_sim.py
[2026-07-01T17:01:10.358+0000] {processor.py:840} INFO - DAG(s) 'dag_shipment_sim' retrieved from /opt/airflow/dags/dag_shipment_sim.py
[2026-07-01T17:01:10.369+0000] {logging_mixin.py:188} INFO - [2026-07-01T17:01:10.368+0000] {dag.py:3096} INFO - Sync 1 DAGs
[2026-07-01T17:01:10.377+0000] {logging_mixin.py:188} INFO - [2026-07-01T17:01:10.377+0000] {dag.py:3954} INFO - Setting next_dagrun for dag_shipment_sim to 2026-07-01 17:00:00+00:00, run_after=2026-07-01 18:00:00+00:00
[2026-07-01T17:01:10.384+0000] {processor.py:183} INFO - Processing /opt/airflow/dags/dag_shipment_sim.py took 0.050 seconds
[2026-07-01T17:01:41.337+0000] {processor.py:161} INFO - Started process (PID=32219) to work on /opt/airflow/dags/dag_shipment_sim.py
[2026-07-01T17:01:41.338+0000] {processor.py:830} INFO - Processing file /opt/airflow/dags/dag_shipment_sim.py for tasks to queue
[2026-07-01T17:01:41.339+0000] {logging_mixin.py:188} INFO - [2026-07-01T17:01:41.338+0000] {dagbag.py:545} INFO - Filling up the DagBag from /opt/airflow/dags/dag_shipment_sim.py
[2026-07-01T17:01:41.347+0000] {processor.py:840} INFO - DAG(s) 'dag_shipment_sim' retrieved from /opt/airflow/dags/dag_shipment_sim.py
[2026-07-01T17:01:41.358+0000] {logging_mixin.py:188} INFO - [2026-07-01T17:01:41.357+0000] {dag.py:3096} INFO - Sync 1 DAGs
[2026-07-01T17:01:41.366+0000] {logging_mixin.py:188} INFO - [2026-07-01T17:01:41.366+0000] {dag.py:3954} INFO - Setting next_dagrun for dag_shipment_sim to 2026-07-01 17:00:00+00:00, run_after=2026-07-01 18:00:00+00:00
[2026-07-01T17:01:41.373+0000] {processor.py:183} INFO - Processing /opt/airflow/dags/dag_shipment_sim.py took 0.051 seconds
[2026-07-01T17:02:12.448+0000] {processor.py:161} INFO - Started process (PID=32256) to work on /opt/airflow/dags/dag_shipment_sim.py
[2026-07-01T17:02:12.449+0000] {processor.py:830} INFO - Processing file /opt/airflow/dags/dag_shipment_sim.py for tasks to queue
[2026-07-01T17:02:12.450+0000] {logging_mixin.py:188} INFO - [2026-07-01T17:02:12.450+0000] {dagbag.py:545} INFO - Filling up the DagBag from /opt/airflow/dags/dag_shipment_sim.py
[2026-07-01T17:02:12.457+0000] {processor.py:840} INFO - DAG(s) 'dag_shipment_sim' retrieved from /opt/airflow/dags/dag_shipment_sim.py
[2026-07-01T17:02:12.467+0000] {logging_mixin.py:188} INFO - [2026-07-01T17:02:12.467+0000] {dag.py:3096} INFO - Sync 1 DAGs
[2026-07-01T17:02:12.476+0000] {logging_mixin.py:188} INFO - [2026-07-01T17:02:12.476+0000] {dag.py:3954} INFO - Setting next_dagrun for dag_shipment_sim to 2026-07-01 17:00:00+00:00, run_after=2026-07-01 18:00:00+00:00
[2026-07-01T17:02:12.483+0000] {processor.py:183} INFO - Processing /opt/airflow/dags/dag_shipment_sim.py took 0.037 seconds
[2026-07-01T17:02:43.586+0000] {processor.py:161} INFO - Started process (PID=32293) to work on /opt/airflow/dags/dag_shipment_sim.py
[2026-07-01T17:02:43.586+0000] {processor.py:830} INFO - Processing file /opt/airflow/dags/dag_shipment_sim.py for tasks to queue
[2026-07-01T17:02:43.587+0000] {logging_mixin.py:188} INFO - [2026-07-01T17:02:43.587+0000] {dagbag.py:545} INFO - Filling up the DagBag from /opt/airflow/dags/dag_shipment_sim.py
[2026-07-01T17:02:43.595+0000] {processor.py:840} INFO - DAG(s) 'dag_shipment_sim' retrieved from /opt/airflow/dags/dag_shipment_sim.py
[2026-07-01T17:02:43.605+0000] {logging_mixin.py:188} INFO - [2026-07-01T17:02:43.605+0000] {dag.py:3096} INFO - Sync 1 DAGs
[2026-07-01T17:02:43.613+0000] {logging_mixin.py:188} INFO - [2026-07-01T17:02:43.613+0000] {dag.py:3954} INFO - Setting next_dagrun for dag_shipment_sim to 2026-07-01 17:00:00+00:00, run_after=2026-07-01 18:00:00+00:00
[2026-07-01T17:02:43.620+0000] {processor.py:183} INFO - Processing /opt/airflow/dags/dag_shipment_sim.py took 0.037 seconds
[2026-07-01T17:03:14.746+0000] {processor.py:161} INFO - Started process (PID=32330) to work on /opt/airflow/dags/dag_shipment_sim.py
[2026-07-01T17:03:14.747+0000] {processor.py:830} INFO - Processing file /opt/airflow/dags/dag_shipment_sim.py for tasks to queue
[2026-07-01T17:03:14.747+0000] {logging_mixin.py:188} INFO - [2026-07-01T17:03:14.747+0000] {dagbag.py:545} INFO - Filling up the DagBag from /opt/airflow/dags/dag_shipment_sim.py
[2026-07-01T17:03:14.755+0000] {processor.py:840} INFO - DAG(s) 'dag_shipment_sim' retrieved from /opt/airflow/dags/dag_shipment_sim.py
[2026-07-01T17:03:14.765+0000] {logging_mixin.py:188} INFO - [2026-07-01T17:03:14.765+0000] {dag.py:3096} INFO - Sync 1 DAGs
[2026-07-01T17:03:14.773+0000] {logging_mixin.py:188} INFO - [2026-07-01T17:03:14.773+0000] {dag.py:3954} INFO - Setting next_dagrun for dag_shipment_sim to 2026-07-01 17:00:00+00:00, run_after=2026-07-01 18:00:00+00:00
[2026-07-01T17:03:14.780+0000] {processor.py:183} INFO - Processing /opt/airflow/dags/dag_shipment_sim.py took 0.037 seconds
[2026-07-01T17:03:45.928+0000] {processor.py:161} INFO - Started process (PID=32367) to work on /opt/airflow/dags/dag_shipment_sim.py
[2026-07-01T17:03:45.928+0000] {processor.py:830} INFO - Processing file /opt/airflow/dags/dag_shipment_sim.py for tasks to queue
[2026-07-01T17:03:45.929+0000] {logging_mixin.py:188} INFO - [2026-07-01T17:03:45.929+0000] {dagbag.py:545} INFO - Filling up the DagBag from /opt/airflow/dags/dag_shipment_sim.py
[2026-07-01T17:03:45.936+0000] {processor.py:840} INFO - DAG(s) 'dag_shipment_sim' retrieved from /opt/airflow/dags/dag_shipment_sim.py
[2026-07-01T17:03:45.945+0000] {logging_mixin.py:188} INFO - [2026-07-01T17:03:45.945+0000] {dag.py:3096} INFO - Sync 1 DAGs
[2026-07-01T17:03:45.953+0000] {logging_mixin.py:188} INFO - [2026-07-01T17:03:45.953+0000] {dag.py:3954} INFO - Setting next_dagrun for dag_shipment_sim to 2026-07-01 17:00:00+00:00, run_after=2026-07-01 18:00:00+00:00
[2026-07-01T17:03:45.960+0000] {processor.py:183} INFO - Processing /opt/airflow/dags/dag_shipment_sim.py took 0.035 seconds
[2026-07-01T17:04:17.124+0000] {processor.py:161} INFO - Started process (PID=32404) to work on /opt/airflow/dags/dag_shipment_sim.py
[2026-07-01T17:04:17.125+0000] {processor.py:830} INFO - Processing file /opt/airflow/dags/dag_shipment_sim.py for tasks to queue
[2026-07-01T17:04:17.125+0000] {logging_mixin.py:188} INFO - [2026-07-01T17:04:17.125+0000] {dagbag.py:545} INFO - Filling up the DagBag from /opt/airflow/dags/dag_shipment_sim.py
[2026-07-01T17:04:17.134+0000] {processor.py:840} INFO - DAG(s) 'dag_shipment_sim' retrieved from /opt/airflow/dags/dag_shipment_sim.py
[2026-07-01T17:04:17.145+0000] {logging_mixin.py:188} INFO - [2026-07-01T17:04:17.145+0000] {dag.py:3096} INFO - Sync 1 DAGs
[2026-07-01T17:04:17.154+0000] {logging_mixin.py:188} INFO - [2026-07-01T17:04:17.154+0000] {dag.py:3954} INFO - Setting next_dagrun for dag_shipment_sim to 2026-07-01 17:00:00+00:00, run_after=2026-07-01 18:00:00+00:00
[2026-07-01T17:04:17.161+0000] {processor.py:183} INFO - Processing /opt/airflow/dags/dag_shipment_sim.py took 0.040 seconds
[2026-07-01T17:04:47.473+0000] {processor.py:161} INFO - Started process (PID=32441) to work on /opt/airflow/dags/dag_shipment_sim.py
[2026-07-01T17:04:47.474+0000] {processor.py:830} INFO - Processing file /opt/airflow/dags/dag_shipment_sim.py for tasks to queue
[2026-07-01T17:04:47.475+0000] {logging_mixin.py:188} INFO - [2026-07-01T17:04:47.475+0000] {dagbag.py:545} INFO - Filling up the DagBag from /opt/airflow/dags/dag_shipment_sim.py
[2026-07-01T17:04:47.482+0000] {processor.py:840} INFO - DAG(s) 'dag_shipment_sim' retrieved from /opt/airflow/dags/dag_shipment_sim.py
[2026-07-01T17:04:47.492+0000] {logging_mixin.py:188} INFO - [2026-07-01T17:04:47.492+0000] {dag.py:3096} INFO - Sync 1 DAGs
[2026-07-01T17:04:47.500+0000] {logging_mixin.py:188} INFO - [2026-07-01T17:04:47.500+0000] {dag.py:3954} INFO - Setting next_dagrun for dag_shipment_sim to 2026-07-01 17:00:00+00:00, run_after=2026-07-01 18:00:00+00:00
[2026-07-01T17:04:47.507+0000] {processor.py:183} INFO - Processing /opt/airflow/dags/dag_shipment_sim.py took 0.037 seconds
[2026-07-01T17:05:18.524+0000] {processor.py:161} INFO - Started process (PID=32478) to work on /opt/airflow/dags/dag_shipment_sim.py
[2026-07-01T17:05:18.525+0000] {processor.py:830} INFO - Processing file /opt/airflow/dags/dag_shipment_sim.py for tasks to queue
[2026-07-01T17:05:18.526+0000] {logging_mixin.py:188} INFO - [2026-07-01T17:05:18.525+0000] {dagbag.py:545} INFO - Filling up the DagBag from /opt/airflow/dags/dag_shipment_sim.py
[2026-07-01T17:05:18.537+0000] {processor.py:840} INFO - DAG(s) 'dag_shipment_sim' retrieved from /opt/airflow/dags/dag_shipment_sim.py
[2026-07-01T17:05:18.547+0000] {logging_mixin.py:188} INFO - [2026-07-01T17:05:18.547+0000] {dag.py:3096} INFO - Sync 1 DAGs
[2026-07-01T17:05:18.556+0000] {logging_mixin.py:188} INFO - [2026-07-01T17:05:18.555+0000] {dag.py:3954} INFO - Setting next_dagrun for dag_shipment_sim to 2026-07-01 17:00:00+00:00, run_after=2026-07-01 18:00:00+00:00
[2026-07-01T17:05:18.562+0000] {processor.py:183} INFO - Processing /opt/airflow/dags/dag_shipment_sim.py took 0.040 seconds
[2026-07-01T17:05:49.612+0000] {processor.py:161} INFO - Started process (PID=32515) to work on /opt/airflow/dags/dag_shipment_sim.py
[2026-07-01T17:05:49.613+0000] {processor.py:830} INFO - Processing file /opt/airflow/dags/dag_shipment_sim.py for tasks to queue
[2026-07-01T17:05:49.613+0000] {logging_mixin.py:188} INFO - [2026-07-01T17:05:49.613+0000] {dagbag.py:545} INFO - Filling up the DagBag from /opt/airflow/dags/dag_shipment_sim.py
[2026-07-01T17:05:49.621+0000] {processor.py:840} INFO - DAG(s) 'dag_shipment_sim' retrieved from /opt/airflow/dags/dag_shipment_sim.py
[2026-07-01T17:05:49.630+0000] {logging_mixin.py:188} INFO - [2026-07-01T17:05:49.630+0000] {dag.py:3096} INFO - Sync 1 DAGs
[2026-07-01T17:05:49.638+0000] {logging_mixin.py:188} INFO - [2026-07-01T17:05:49.638+0000] {dag.py:3954} INFO - Setting next_dagrun for dag_shipment_sim to 2026-07-01 17:00:00+00:00, run_after=2026-07-01 18:00:00+00:00
[2026-07-01T17:05:49.645+0000] {processor.py:183} INFO - Processing /opt/airflow/dags/dag_shipment_sim.py took 0.036 seconds
[2026-07-01T17:06:20.774+0000] {processor.py:161} INFO - Started process (PID=32552) to work on /opt/airflow/dags/dag_shipment_sim.py
[2026-07-01T17:06:20.775+0000] {processor.py:830} INFO - Processing file /opt/airflow/dags/dag_shipment_sim.py for tasks to queue
[2026-07-01T17:06:20.776+0000] {logging_mixin.py:188} INFO - [2026-07-01T17:06:20.776+0000] {dagbag.py:545} INFO - Filling up the DagBag from /opt/airflow/dags/dag_shipment_sim.py
[2026-07-01T17:06:20.784+0000] {processor.py:840} INFO - DAG(s) 'dag_shipment_sim' retrieved from /opt/airflow/dags/dag_shipment_sim.py
[2026-07-01T17:06:20.793+0000] {logging_mixin.py:188} INFO - [2026-07-01T17:06:20.793+0000] {dag.py:3096} INFO - Sync 1 DAGs
[2026-07-01T17:06:20.800+0000] {logging_mixin.py:188} INFO - [2026-07-01T17:06:20.800+0000] {dag.py:3954} INFO - Setting next_dagrun for dag_shipment_sim to 2026-07-01 17:00:00+00:00, run_after=2026-07-01 18:00:00+00:00
[2026-07-01T17:06:20.807+0000] {processor.py:183} INFO - Processing /opt/airflow/dags/dag_shipment_sim.py took 0.038 seconds
[2026-07-01T17:06:51.847+0000] {processor.py:161} INFO - Started process (PID=32589) to work on /opt/airflow/dags/dag_shipment_sim.py
[2026-07-01T17:06:51.848+0000] {processor.py:830} INFO - Processing file /opt/airflow/dags/dag_shipment_sim.py for tasks to queue
[2026-07-01T17:06:51.848+0000] {logging_mixin.py:188} INFO - [2026-07-01T17:06:51.848+0000] {dagbag.py:545} INFO - Filling up the DagBag from /opt/airflow/dags/dag_shipment_sim.py
[2026-07-01T17:06:51.863+0000] {processor.py:840} INFO - DAG(s) 'dag_shipment_sim' retrieved from /opt/airflow/dags/dag_shipment_sim.py
[2026-07-01T17:06:51.877+0000] {logging_mixin.py:188} INFO - [2026-07-01T17:06:51.877+0000] {dag.py:3096} INFO - Sync 1 DAGs
[2026-07-01T17:06:51.885+0000] {logging_mixin.py:188} INFO - [2026-07-01T17:06:51.885+0000] {dag.py:3954} INFO - Setting next_dagrun for dag_shipment_sim to 2026-07-01 17:00:00+00:00, run_after=2026-07-01 18:00:00+00:00
[2026-07-01T17:06:51.892+0000] {processor.py:183} INFO - Processing /opt/airflow/dags/dag_shipment_sim.py took 0.049 seconds
[2026-07-01T17:07:23.049+0000] {processor.py:161} INFO - Started process (PID=32626) to work on /opt/airflow/dags/dag_shipment_sim.py
[2026-07-01T17:07:23.049+0000] {processor.py:830} INFO - Processing file /opt/airflow/dags/dag_shipment_sim.py for tasks to queue
[2026-07-01T17:07:23.050+0000] {logging_mixin.py:188} INFO - [2026-07-01T17:07:23.050+0000] {dagbag.py:545} INFO - Filling up the DagBag from /opt/airflow/dags/dag_shipment_sim.py
[2026-07-01T17:07:23.058+0000] {processor.py:840} INFO - DAG(s) 'dag_shipment_sim' retrieved from /opt/airflow/dags/dag_shipment_sim.py
[2026-07-01T17:07:23.067+0000] {logging_mixin.py:188} INFO - [2026-07-01T17:07:23.067+0000] {dag.py:3096} INFO - Sync 1 DAGs
[2026-07-01T17:07:23.074+0000] {logging_mixin.py:188} INFO - [2026-07-01T17:07:23.074+0000] {dag.py:3954} INFO - Setting next_dagrun for dag_shipment_sim to 2026-07-01 17:00:00+00:00, run_after=2026-07-01 18:00:00+00:00
[2026-07-01T17:07:23.082+0000] {processor.py:183} INFO - Processing /opt/airflow/dags/dag_shipment_sim.py took 0.037 seconds
[2026-07-01T17:07:54.140+0000] {processor.py:161} INFO - Started process (PID=32663) to work on /opt/airflow/dags/dag_shipment_sim.py
[2026-07-01T17:07:54.140+0000] {processor.py:830} INFO - Processing file /opt/airflow/dags/dag_shipment_sim.py for tasks to queue
[2026-07-01T17:07:54.141+0000] {logging_mixin.py:188} INFO - [2026-07-01T17:07:54.141+0000] {dagbag.py:545} INFO - Filling up the DagBag from /opt/airflow/dags/dag_shipment_sim.py
[2026-07-01T17:07:54.148+0000] {processor.py:840} INFO - DAG(s) 'dag_shipment_sim' retrieved from /opt/airflow/dags/dag_shipment_sim.py
[2026-07-01T17:07:54.158+0000] {logging_mixin.py:188} INFO - [2026-07-01T17:07:54.158+0000] {dag.py:3096} INFO - Sync 1 DAGs
[2026-07-01T17:07:54.166+0000] {logging_mixin.py:188} INFO - [2026-07-01T17:07:54.166+0000] {dag.py:3954} INFO - Setting next_dagrun for dag_shipment_sim to 2026-07-01 17:00:00+00:00, run_after=2026-07-01 18:00:00+00:00
[2026-07-01T17:07:54.173+0000] {processor.py:183} INFO - Processing /opt/airflow/dags/dag_shipment_sim.py took 0.035 seconds
[2026-07-01T17:08:25.146+0000] {processor.py:161} INFO - Started process (PID=32700) to work on /opt/airflow/dags/dag_shipment_sim.py
[2026-07-01T17:08:25.146+0000] {processor.py:830} INFO - Processing file /opt/airflow/dags/dag_shipment_sim.py for tasks to queue
[2026-07-01T17:08:25.147+0000] {logging_mixin.py:188} INFO - [2026-07-01T17:08:25.147+0000] {dagbag.py:545} INFO - Filling up the DagBag from /opt/airflow/dags/dag_shipment_sim.py
[2026-07-01T17:08:25.156+0000] {processor.py:840} INFO - DAG(s) 'dag_shipment_sim' retrieved from /opt/airflow/dags/dag_shipment_sim.py
[2026-07-01T17:08:25.166+0000] {logging_mixin.py:188} INFO - [2026-07-01T17:08:25.166+0000] {dag.py:3096} INFO - Sync 1 DAGs
[2026-07-01T17:08:25.174+0000] {logging_mixin.py:188} INFO - [2026-07-01T17:08:25.174+0000] {dag.py:3954} INFO - Setting next_dagrun for dag_shipment_sim to 2026-07-01 17:00:00+00:00, run_after=2026-07-01 18:00:00+00:00
[2026-07-01T17:08:25.181+0000] {processor.py:183} INFO - Processing /opt/airflow/dags/dag_shipment_sim.py took 0.037 seconds
[2026-07-01T17:08:56.240+0000] {processor.py:161} INFO - Started process (PID=32737) to work on /opt/airflow/dags/dag_shipment_sim.py
[2026-07-01T17:08:56.241+0000] {processor.py:830} INFO - Processing file /opt/airflow/dags/dag_shipment_sim.py for tasks to queue
[2026-07-01T17:08:56.241+0000] {logging_mixin.py:188} INFO - [2026-07-01T17:08:56.241+0000] {dagbag.py:545} INFO - Filling up the DagBag from /opt/airflow/dags/dag_shipment_sim.py
[2026-07-01T17:08:56.249+0000] {processor.py:840} INFO - DAG(s) 'dag_shipment_sim' retrieved from /opt/airflow/dags/dag_shipment_sim.py
[2026-07-01T17:08:56.259+0000] {logging_mixin.py:188} INFO - [2026-07-01T17:08:56.259+0000] {dag.py:3096} INFO - Sync 1 DAGs
[2026-07-01T17:08:56.267+0000] {logging_mixin.py:188} INFO - [2026-07-01T17:08:56.267+0000] {dag.py:3954} INFO - Setting next_dagrun for dag_shipment_sim to 2026-07-01 17:00:00+00:00, run_after=2026-07-01 18:00:00+00:00
[2026-07-01T17:08:56.274+0000] {processor.py:183} INFO - Processing /opt/airflow/dags/dag_shipment_sim.py took 0.039 seconds
[2026-07-01T17:09:26.495+0000] {processor.py:161} INFO - Started process (PID=32774) to work on /opt/airflow/dags/dag_shipment_sim.py
[2026-07-01T17:09:26.496+0000] {processor.py:830} INFO - Processing file /opt/airflow/dags/dag_shipment_sim.py for tasks to queue
[2026-07-01T17:09:26.497+0000] {logging_mixin.py:188} INFO - [2026-07-01T17:09:26.497+0000] {dagbag.py:545} INFO - Filling up the DagBag from /opt/airflow/dags/dag_shipment_sim.py
[2026-07-01T17:09:26.506+0000] {processor.py:840} INFO - DAG(s) 'dag_shipment_sim' retrieved from /opt/airflow/dags/dag_shipment_sim.py
[2026-07-01T17:09:26.522+0000] {logging_mixin.py:188} INFO - [2026-07-01T17:09:26.522+0000] {dag.py:3096} INFO - Sync 1 DAGs
[2026-07-01T17:09:26.532+0000] {logging_mixin.py:188} INFO - [2026-07-01T17:09:26.532+0000] {dag.py:3954} INFO - Setting next_dagrun for dag_shipment_sim to 2026-07-01 17:00:00+00:00, run_after=2026-07-01 18:00:00+00:00
[2026-07-01T17:09:26.539+0000] {processor.py:183} INFO - Processing /opt/airflow/dags/dag_shipment_sim.py took 0.048 seconds
[2026-07-01T17:09:57.697+0000] {processor.py:161} INFO - Started process (PID=32811) to work on /opt/airflow/dags/dag_shipment_sim.py
[2026-07-01T17:09:57.698+0000] {processor.py:830} INFO - Processing file /opt/airflow/dags/dag_shipment_sim.py for tasks to queue
[2026-07-01T17:09:57.698+0000] {logging_mixin.py:188} INFO - [2026-07-01T17:09:57.698+0000] {dagbag.py:545} INFO - Filling up the DagBag from /opt/airflow/dags/dag_shipment_sim.py
[2026-07-01T17:09:57.711+0000] {processor.py:840} INFO - DAG(s) 'dag_shipment_sim' retrieved from /opt/airflow/dags/dag_shipment_sim.py
[2026-07-01T17:09:57.722+0000] {logging_mixin.py:188} INFO - [2026-07-01T17:09:57.721+0000] {dag.py:3096} INFO - Sync 1 DAGs
[2026-07-01T17:09:57.730+0000] {logging_mixin.py:188} INFO - [2026-07-01T17:09:57.730+0000] {dag.py:3954} INFO - Setting next_dagrun for dag_shipment_sim to 2026-07-01 17:00:00+00:00, run_after=2026-07-01 18:00:00+00:00
[2026-07-01T17:09:57.738+0000] {processor.py:183} INFO - Processing /opt/airflow/dags/dag_shipment_sim.py took 0.043 seconds
[2026-07-01T17:10:28.038+0000] {processor.py:161} INFO - Started process (PID=32848) to work on /opt/airflow/dags/dag_shipment_sim.py
[2026-07-01T17:10:28.040+0000] {processor.py:830} INFO - Processing file /opt/airflow/dags/dag_shipment_sim.py for tasks to queue
[2026-07-01T17:10:28.041+0000] {logging_mixin.py:188} INFO - [2026-07-01T17:10:28.041+0000] {dagbag.py:545} INFO - Filling up the DagBag from /opt/airflow/dags/dag_shipment_sim.py
[2026-07-01T17:10:28.051+0000] {processor.py:840} INFO - DAG(s) 'dag_shipment_sim' retrieved from /opt/airflow/dags/dag_shipment_sim.py
[2026-07-01T17:10:28.064+0000] {logging_mixin.py:188} INFO - [2026-07-01T17:10:28.064+0000] {dag.py:3096} INFO - Sync 1 DAGs
[2026-07-01T17:10:28.074+0000] {logging_mixin.py:188} INFO - [2026-07-01T17:10:28.074+0000] {dag.py:3954} INFO - Setting next_dagrun for dag_shipment_sim to 2026-07-01 17:00:00+00:00, run_after=2026-07-01 18:00:00+00:00
[2026-07-01T17:10:28.082+0000] {processor.py:183} INFO - Processing /opt/airflow/dags/dag_shipment_sim.py took 0.053 seconds
[2026-07-01T17:10:59.680+0000] {processor.py:161} INFO - Started process (PID=32883) to work on /opt/airflow/dags/dag_shipment_sim.py
[2026-07-01T17:10:59.686+0000] {processor.py:830} INFO - Processing file /opt/airflow/dags/dag_shipment_sim.py for tasks to queue
[2026-07-01T17:10:59.693+0000] {logging_mixin.py:188} INFO - [2026-07-01T17:10:59.693+0000] {dagbag.py:545} INFO - Filling up the DagBag from /opt/airflow/dags/dag_shipment_sim.py
[2026-07-01T17:10:59.718+0000] {processor.py:840} INFO - DAG(s) 'dag_shipment_sim' retrieved from /opt/airflow/dags/dag_shipment_sim.py
[2026-07-01T17:10:59.750+0000] {logging_mixin.py:188} INFO - [2026-07-01T17:10:59.750+0000] {dag.py:3096} INFO - Sync 1 DAGs
[2026-07-01T17:10:59.771+0000] {logging_mixin.py:188} INFO - [2026-07-01T17:10:59.771+0000] {dag.py:3954} INFO - Setting next_dagrun for dag_shipment_sim to 2026-07-01 17:00:00+00:00, run_after=2026-07-01 18:00:00+00:00
[2026-07-01T17:10:59.797+0000] {processor.py:183} INFO - Processing /opt/airflow/dags/dag_shipment_sim.py took 0.152 seconds
[2026-07-01T17:11:30.102+0000] {processor.py:161} INFO - Started process (PID=32922) to work on /opt/airflow/dags/dag_shipment_sim.py
[2026-07-01T17:11:30.102+0000] {processor.py:830} INFO - Processing file /opt/airflow/dags/dag_shipment_sim.py for tasks to queue
[2026-07-01T17:11:30.103+0000] {logging_mixin.py:188} INFO - [2026-07-01T17:11:30.103+0000] {dagbag.py:545} INFO - Filling up the DagBag from /opt/airflow/dags/dag_shipment_sim.py
[2026-07-01T17:11:30.111+0000] {processor.py:840} INFO - DAG(s) 'dag_shipment_sim' retrieved from /opt/airflow/dags/dag_shipment_sim.py
[2026-07-01T17:11:30.122+0000] {logging_mixin.py:188} INFO - [2026-07-01T17:11:30.122+0000] {dag.py:3096} INFO - Sync 1 DAGs
[2026-07-01T17:11:30.131+0000] {logging_mixin.py:188} INFO - [2026-07-01T17:11:30.131+0000] {dag.py:3954} INFO - Setting next_dagrun for dag_shipment_sim to 2026-07-01 17:00:00+00:00, run_after=2026-07-01 18:00:00+00:00
[2026-07-01T17:11:30.138+0000] {processor.py:183} INFO - Processing /opt/airflow/dags/dag_shipment_sim.py took 0.045 seconds
[2026-07-01T17:12:01.244+0000] {processor.py:161} INFO - Started process (PID=32959) to work on /opt/airflow/dags/dag_shipment_sim.py
[2026-07-01T17:12:01.245+0000] {processor.py:830} INFO - Processing file /opt/airflow/dags/dag_shipment_sim.py for tasks to queue
[2026-07-01T17:12:01.246+0000] {logging_mixin.py:188} INFO - [2026-07-01T17:12:01.246+0000] {dagbag.py:545} INFO - Filling up the DagBag from /opt/airflow/dags/dag_shipment_sim.py
[2026-07-01T17:12:01.256+0000] {processor.py:840} INFO - DAG(s) 'dag_shipment_sim' retrieved from /opt/airflow/dags/dag_shipment_sim.py
[2026-07-01T17:12:01.268+0000] {logging_mixin.py:188} INFO - [2026-07-01T17:12:01.267+0000] {dag.py:3096} INFO - Sync 1 DAGs
[2026-07-01T17:12:01.277+0000] {logging_mixin.py:188} INFO - [2026-07-01T17:12:01.277+0000] {dag.py:3954} INFO - Setting next_dagrun for dag_shipment_sim to 2026-07-01 17:00:00+00:00, run_after=2026-07-01 18:00:00+00:00
[2026-07-01T17:12:01.287+0000] {processor.py:183} INFO - Processing /opt/airflow/dags/dag_shipment_sim.py took 0.049 seconds
[2026-07-01T17:12:31.548+0000] {processor.py:161} INFO - Started process (PID=32996) to work on /opt/airflow/dags/dag_shipment_sim.py
[2026-07-01T17:12:31.550+0000] {processor.py:830} INFO - Processing file /opt/airflow/dags/dag_shipment_sim.py for tasks to queue
[2026-07-01T17:12:31.550+0000] {logging_mixin.py:188} INFO - [2026-07-01T17:12:31.550+0000] {dagbag.py:545} INFO - Filling up the DagBag from /opt/airflow/dags/dag_shipment_sim.py
[2026-07-01T17:12:31.559+0000] {processor.py:840} INFO - DAG(s) 'dag_shipment_sim' retrieved from /opt/airflow/dags/dag_shipment_sim.py
[2026-07-01T17:12:31.571+0000] {logging_mixin.py:188} INFO - [2026-07-01T17:12:31.571+0000] {dag.py:3096} INFO - Sync 1 DAGs
[2026-07-01T17:12:31.581+0000] {logging_mixin.py:188} INFO - [2026-07-01T17:12:31.581+0000] {dag.py:3954} INFO - Setting next_dagrun for dag_shipment_sim to 2026-07-01 17:00:00+00:00, run_after=2026-07-01 18:00:00+00:00
[2026-07-01T17:12:31.589+0000] {processor.py:183} INFO - Processing /opt/airflow/dags/dag_shipment_sim.py took 0.051 seconds
[2026-07-01T17:13:02.737+0000] {processor.py:161} INFO - Started process (PID=33033) to work on /opt/airflow/dags/dag_shipment_sim.py
[2026-07-01T17:13:02.738+0000] {processor.py:830} INFO - Processing file /opt/airflow/dags/dag_shipment_sim.py for tasks to queue
[2026-07-01T17:13:02.739+0000] {logging_mixin.py:188} INFO - [2026-07-01T17:13:02.739+0000] {dagbag.py:545} INFO - Filling up the DagBag from /opt/airflow/dags/dag_shipment_sim.py
[2026-07-01T17:13:02.747+0000] {processor.py:840} INFO - DAG(s) 'dag_shipment_sim' retrieved from /opt/airflow/dags/dag_shipment_sim.py
[2026-07-01T17:13:02.759+0000] {logging_mixin.py:188} INFO - [2026-07-01T17:13:02.758+0000] {dag.py:3096} INFO - Sync 1 DAGs
[2026-07-01T17:13:02.774+0000] {logging_mixin.py:188} INFO - [2026-07-01T17:13:02.774+0000] {dag.py:3954} INFO - Setting next_dagrun for dag_shipment_sim to 2026-07-01 17:00:00+00:00, run_after=2026-07-01 18:00:00+00:00
[2026-07-01T17:13:02.787+0000] {processor.py:183} INFO - Processing /opt/airflow/dags/dag_shipment_sim.py took 0.054 seconds
[2026-07-01T17:13:32.885+0000] {processor.py:161} INFO - Started process (PID=33070) to work on /opt/airflow/dags/dag_shipment_sim.py
[2026-07-01T17:13:32.886+0000] {processor.py:830} INFO - Processing file /opt/airflow/dags/dag_shipment_sim.py for tasks to queue
[2026-07-01T17:13:32.887+0000] {logging_mixin.py:188} INFO - [2026-07-01T17:13:32.887+0000] {dagbag.py:545} INFO - Filling up the DagBag from /opt/airflow/dags/dag_shipment_sim.py
[2026-07-01T17:13:32.896+0000] {processor.py:840} INFO - DAG(s) 'dag_shipment_sim' retrieved from /opt/airflow/dags/dag_shipment_sim.py
[2026-07-01T17:13:32.907+0000] {logging_mixin.py:188} INFO - [2026-07-01T17:13:32.907+0000] {dag.py:3096} INFO - Sync 1 DAGs
[2026-07-01T17:13:32.916+0000] {logging_mixin.py:188} INFO - [2026-07-01T17:13:32.916+0000] {dag.py:3954} INFO - Setting next_dagrun for dag_shipment_sim to 2026-07-01 17:00:00+00:00, run_after=2026-07-01 18:00:00+00:00
[2026-07-01T17:13:32.923+0000] {processor.py:183} INFO - Processing /opt/airflow/dags/dag_shipment_sim.py took 0.041 seconds
[2026-07-01T17:14:04.204+0000] {processor.py:161} INFO - Started process (PID=33107) to work on /opt/airflow/dags/dag_shipment_sim.py
[2026-07-01T17:14:04.205+0000] {processor.py:830} INFO - Processing file /opt/airflow/dags/dag_shipment_sim.py for tasks to queue
[2026-07-01T17:14:04.206+0000] {logging_mixin.py:188} INFO - [2026-07-01T17:14:04.206+0000] {dagbag.py:545} INFO - Filling up the DagBag from /opt/airflow/dags/dag_shipment_sim.py
[2026-07-01T17:14:04.218+0000] {processor.py:840} INFO - DAG(s) 'dag_shipment_sim' retrieved from /opt/airflow/dags/dag_shipment_sim.py
[2026-07-01T17:14:04.231+0000] {logging_mixin.py:188} INFO - [2026-07-01T17:14:04.231+0000] {dag.py:3096} INFO - Sync 1 DAGs
[2026-07-01T17:14:04.240+0000] {logging_mixin.py:188} INFO - [2026-07-01T17:14:04.240+0000] {dag.py:3954} INFO - Setting next_dagrun for dag_shipment_sim to 2026-07-01 17:00:00+00:00, run_after=2026-07-01 18:00:00+00:00
[2026-07-01T17:14:04.247+0000] {processor.py:183} INFO - Processing /opt/airflow/dags/dag_shipment_sim.py took 0.050 seconds
[2026-07-01T17:14:35.378+0000] {processor.py:161} INFO - Started process (PID=33144) to work on /opt/airflow/dags/dag_shipment_sim.py
[2026-07-01T17:14:35.379+0000] {processor.py:830} INFO - Processing file /opt/airflow/dags/dag_shipment_sim.py for tasks to queue
[2026-07-01T17:14:35.379+0000] {logging_mixin.py:188} INFO - [2026-07-01T17:14:35.379+0000] {dagbag.py:545} INFO - Filling up the DagBag from /opt/airflow/dags/dag_shipment_sim.py
[2026-07-01T17:14:35.389+0000] {processor.py:840} INFO - DAG(s) 'dag_shipment_sim' retrieved from /opt/airflow/dags/dag_shipment_sim.py
[2026-07-01T17:14:35.400+0000] {logging_mixin.py:188} INFO - [2026-07-01T17:14:35.400+0000] {dag.py:3096} INFO - Sync 1 DAGs
[2026-07-01T17:14:35.416+0000] {logging_mixin.py:188} INFO - [2026-07-01T17:14:35.416+0000] {dag.py:3954} INFO - Setting next_dagrun for dag_shipment_sim to 2026-07-01 17:00:00+00:00, run_after=2026-07-01 18:00:00+00:00
[2026-07-01T17:14:35.426+0000] {processor.py:183} INFO - Processing /opt/airflow/dags/dag_shipment_sim.py took 0.054 seconds
[2026-07-01T17:15:06.682+0000] {processor.py:161} INFO - Started process (PID=33181) to work on /opt/airflow/dags/dag_shipment_sim.py
[2026-07-01T17:15:06.683+0000] {processor.py:830} INFO - Processing file /opt/airflow/dags/dag_shipment_sim.py for tasks to queue
[2026-07-01T17:15:06.684+0000] {logging_mixin.py:188} INFO - [2026-07-01T17:15:06.684+0000] {dagbag.py:545} INFO - Filling up the DagBag from /opt/airflow/dags/dag_shipment_sim.py
[2026-07-01T17:15:06.693+0000] {processor.py:840} INFO - DAG(s) 'dag_shipment_sim' retrieved from /opt/airflow/dags/dag_shipment_sim.py
[2026-07-01T17:15:06.704+0000] {logging_mixin.py:188} INFO - [2026-07-01T17:15:06.703+0000] {dag.py:3096} INFO - Sync 1 DAGs
[2026-07-01T17:15:06.712+0000] {logging_mixin.py:188} INFO - [2026-07-01T17:15:06.712+0000] {dag.py:3954} INFO - Setting next_dagrun for dag_shipment_sim to 2026-07-01 17:00:00+00:00, run_after=2026-07-01 18:00:00+00:00
[2026-07-01T17:15:06.720+0000] {processor.py:183} INFO - Processing /opt/airflow/dags/dag_shipment_sim.py took 0.041 seconds
[2026-07-01T17:15:37.795+0000] {processor.py:161} INFO - Started process (PID=33218) to work on /opt/airflow/dags/dag_shipment_sim.py
[2026-07-01T17:15:37.795+0000] {processor.py:830} INFO - Processing file /opt/airflow/dags/dag_shipment_sim.py for tasks to queue
[2026-07-01T17:15:37.797+0000] {logging_mixin.py:188} INFO - [2026-07-01T17:15:37.796+0000] {dagbag.py:545} INFO - Filling up the DagBag from /opt/airflow/dags/dag_shipment_sim.py
[2026-07-01T17:15:37.805+0000] {processor.py:840} INFO - DAG(s) 'dag_shipment_sim' retrieved from /opt/airflow/dags/dag_shipment_sim.py
[2026-07-01T17:15:37.816+0000] {logging_mixin.py:188} INFO - [2026-07-01T17:15:37.816+0000] {dag.py:3096} INFO - Sync 1 DAGs
[2026-07-01T17:15:37.826+0000] {logging_mixin.py:188} INFO - [2026-07-01T17:15:37.826+0000] {dag.py:3954} INFO - Setting next_dagrun for dag_shipment_sim to 2026-07-01 17:00:00+00:00, run_after=2026-07-01 18:00:00+00:00
[2026-07-01T17:15:37.836+0000] {processor.py:183} INFO - Processing /opt/airflow/dags/dag_shipment_sim.py took 0.046 seconds
[2026-07-01T17:16:08.227+0000] {processor.py:161} INFO - Started process (PID=33255) to work on /opt/airflow/dags/dag_shipment_sim.py
[2026-07-01T17:16:08.228+0000] {processor.py:830} INFO - Processing file /opt/airflow/dags/dag_shipment_sim.py for tasks to queue
[2026-07-01T17:16:08.229+0000] {logging_mixin.py:188} INFO - [2026-07-01T17:16:08.229+0000] {dagbag.py:545} INFO - Filling up the DagBag from /opt/airflow/dags/dag_shipment_sim.py
[2026-07-01T17:16:08.241+0000] {processor.py:840} INFO - DAG(s) 'dag_shipment_sim' retrieved from /opt/airflow/dags/dag_shipment_sim.py
[2026-07-01T17:16:08.257+0000] {logging_mixin.py:188} INFO - [2026-07-01T17:16:08.257+0000] {dag.py:3096} INFO - Sync 1 DAGs
[2026-07-01T17:16:08.275+0000] {logging_mixin.py:188} INFO - [2026-07-01T17:16:08.275+0000] {dag.py:3954} INFO - Setting next_dagrun for dag_shipment_sim to 2026-07-01 17:00:00+00:00, run_after=2026-07-01 18:00:00+00:00
[2026-07-01T17:16:08.284+0000] {processor.py:183} INFO - Processing /opt/airflow/dags/dag_shipment_sim.py took 0.064 seconds
[2026-07-01T17:16:38.665+0000] {processor.py:161} INFO - Started process (PID=33292) to work on /opt/airflow/dags/dag_shipment_sim.py
[2026-07-01T17:16:38.666+0000] {processor.py:830} INFO - Processing file /opt/airflow/dags/dag_shipment_sim.py for tasks to queue
[2026-07-01T17:16:38.667+0000] {logging_mixin.py:188} INFO - [2026-07-01T17:16:38.667+0000] {dagbag.py:545} INFO - Filling up the DagBag from /opt/airflow/dags/dag_shipment_sim.py
[2026-07-01T17:16:38.676+0000] {processor.py:840} INFO - DAG(s) 'dag_shipment_sim' retrieved from /opt/airflow/dags/dag_shipment_sim.py
[2026-07-01T17:16:38.687+0000] {logging_mixin.py:188} INFO - [2026-07-01T17:16:38.687+0000] {dag.py:3096} INFO - Sync 1 DAGs
[2026-07-01T17:16:38.699+0000] {logging_mixin.py:188} INFO - [2026-07-01T17:16:38.699+0000] {dag.py:3954} INFO - Setting next_dagrun for dag_shipment_sim to 2026-07-01 17:00:00+00:00, run_after=2026-07-01 18:00:00+00:00
[2026-07-01T17:16:38.707+0000] {processor.py:183} INFO - Processing /opt/airflow/dags/dag_shipment_sim.py took 0.045 seconds
[2026-07-01T17:17:09.109+0000] {processor.py:161} INFO - Started process (PID=33329) to work on /opt/airflow/dags/dag_shipment_sim.py
[2026-07-01T17:17:09.110+0000] {processor.py:830} INFO - Processing file /opt/airflow/dags/dag_shipment_sim.py for tasks to queue
[2026-07-01T17:17:09.111+0000] {logging_mixin.py:188} INFO - [2026-07-01T17:17:09.110+0000] {dagbag.py:545} INFO - Filling up the DagBag from /opt/airflow/dags/dag_shipment_sim.py
[2026-07-01T17:17:09.122+0000] {processor.py:840} INFO - DAG(s) 'dag_shipment_sim' retrieved from /opt/airflow/dags/dag_shipment_sim.py
[2026-07-01T17:17:09.137+0000] {logging_mixin.py:188} INFO - [2026-07-01T17:17:09.137+0000] {dag.py:3096} INFO - Sync 1 DAGs
[2026-07-01T17:17:09.153+0000] {logging_mixin.py:188} INFO - [2026-07-01T17:17:09.153+0000] {dag.py:3954} INFO - Setting next_dagrun for dag_shipment_sim to 2026-07-01 17:00:00+00:00, run_after=2026-07-01 18:00:00+00:00
[2026-07-01T17:17:09.163+0000] {processor.py:183} INFO - Processing /opt/airflow/dags/dag_shipment_sim.py took 0.064 seconds
[2026-07-01T17:17:40.306+0000] {processor.py:161} INFO - Started process (PID=33366) to work on /opt/airflow/dags/dag_shipment_sim.py
[2026-07-01T17:17:40.307+0000] {processor.py:830} INFO - Processing file /opt/airflow/dags/dag_shipment_sim.py for tasks to queue
[2026-07-01T17:17:40.308+0000] {logging_mixin.py:188} INFO - [2026-07-01T17:17:40.307+0000] {dagbag.py:545} INFO - Filling up the DagBag from /opt/airflow/dags/dag_shipment_sim.py
[2026-07-01T17:17:40.315+0000] {processor.py:840} INFO - DAG(s) 'dag_shipment_sim' retrieved from /opt/airflow/dags/dag_shipment_sim.py
[2026-07-01T17:17:40.330+0000] {logging_mixin.py:188} INFO - [2026-07-01T17:17:40.330+0000] {dag.py:3096} INFO - Sync 1 DAGs
[2026-07-01T17:17:40.339+0000] {logging_mixin.py:188} INFO - [2026-07-01T17:17:40.339+0000] {dag.py:3954} INFO - Setting next_dagrun for dag_shipment_sim to 2026-07-01 17:00:00+00:00, run_after=2026-07-01 18:00:00+00:00
[2026-07-01T17:17:40.347+0000] {processor.py:183} INFO - Processing /opt/airflow/dags/dag_shipment_sim.py took 0.047 seconds
[2026-07-01T17:18:11.444+0000] {processor.py:161} INFO - Started process (PID=33403) to work on /opt/airflow/dags/dag_shipment_sim.py
[2026-07-01T17:18:11.444+0000] {processor.py:830} INFO - Processing file /opt/airflow/dags/dag_shipment_sim.py for tasks to queue
[2026-07-01T17:18:11.445+0000] {logging_mixin.py:188} INFO - [2026-07-01T17:18:11.445+0000] {dagbag.py:545} INFO - Filling up the DagBag from /opt/airflow/dags/dag_shipment_sim.py
[2026-07-01T17:18:11.454+0000] {processor.py:840} INFO - DAG(s) 'dag_shipment_sim' retrieved from /opt/airflow/dags/dag_shipment_sim.py
[2026-07-01T17:18:11.463+0000] {logging_mixin.py:188} INFO - [2026-07-01T17:18:11.463+0000] {dag.py:3096} INFO - Sync 1 DAGs
[2026-07-01T17:18:11.471+0000] {logging_mixin.py:188} INFO - [2026-07-01T17:18:11.471+0000] {dag.py:3954} INFO - Setting next_dagrun for dag_shipment_sim to 2026-07-01 17:00:00+00:00, run_after=2026-07-01 18:00:00+00:00
[2026-07-01T17:18:11.478+0000] {processor.py:183} INFO - Processing /opt/airflow/dags/dag_shipment_sim.py took 0.038 seconds
[2026-07-01T17:18:42.543+0000] {processor.py:161} INFO - Started process (PID=33440) to work on /opt/airflow/dags/dag_shipment_sim.py
[2026-07-01T17:18:42.544+0000] {processor.py:830} INFO - Processing file /opt/airflow/dags/dag_shipment_sim.py for tasks to queue
[2026-07-01T17:18:42.545+0000] {logging_mixin.py:188} INFO - [2026-07-01T17:18:42.544+0000] {dagbag.py:545} INFO - Filling up the DagBag from /opt/airflow/dags/dag_shipment_sim.py
[2026-07-01T17:18:42.554+0000] {processor.py:840} INFO - DAG(s) 'dag_shipment_sim' retrieved from /opt/airflow/dags/dag_shipment_sim.py
[2026-07-01T17:18:42.567+0000] {logging_mixin.py:188} INFO - [2026-07-01T17:18:42.567+0000] {dag.py:3096} INFO - Sync 1 DAGs
[2026-07-01T17:18:42.578+0000] {logging_mixin.py:188} INFO - [2026-07-01T17:18:42.578+0000] {dag.py:3954} INFO - Setting next_dagrun for dag_shipment_sim to 2026-07-01 17:00:00+00:00, run_after=2026-07-01 18:00:00+00:00
[2026-07-01T17:18:42.590+0000] {processor.py:183} INFO - Processing /opt/airflow/dags/dag_shipment_sim.py took 0.050 seconds
[2026-07-01T17:19:13.798+0000] {processor.py:161} INFO - Started process (PID=33477) to work on /opt/airflow/dags/dag_shipment_sim.py
[2026-07-01T17:19:13.800+0000] {processor.py:830} INFO - Processing file /opt/airflow/dags/dag_shipment_sim.py for tasks to queue
[2026-07-01T17:19:13.800+0000] {logging_mixin.py:188} INFO - [2026-07-01T17:19:13.800+0000] {dagbag.py:545} INFO - Filling up the DagBag from /opt/airflow/dags/dag_shipment_sim.py
[2026-07-01T17:19:13.810+0000] {processor.py:840} INFO - DAG(s) 'dag_shipment_sim' retrieved from /opt/airflow/dags/dag_shipment_sim.py
[2026-07-01T17:19:13.821+0000] {logging_mixin.py:188} INFO - [2026-07-01T17:19:13.821+0000] {dag.py:3096} INFO - Sync 1 DAGs
[2026-07-01T17:19:13.831+0000] {logging_mixin.py:188} INFO - [2026-07-01T17:19:13.831+0000] {dag.py:3954} INFO - Setting next_dagrun for dag_shipment_sim to 2026-07-01 17:00:00+00:00, run_after=2026-07-01 18:00:00+00:00
[2026-07-01T17:19:13.839+0000] {processor.py:183} INFO - Processing /opt/airflow/dags/dag_shipment_sim.py took 0.048 seconds
[2026-07-01T17:19:44.074+0000] {processor.py:161} INFO - Started process (PID=33514) to work on /opt/airflow/dags/dag_shipment_sim.py
[2026-07-01T17:19:44.075+0000] {processor.py:830} INFO - Processing file /opt/airflow/dags/dag_shipment_sim.py for tasks to queue
[2026-07-01T17:19:44.075+0000] {logging_mixin.py:188} INFO - [2026-07-01T17:19:44.075+0000] {dagbag.py:545} INFO - Filling up the DagBag from /opt/airflow/dags/dag_shipment_sim.py
[2026-07-01T17:19:44.085+0000] {processor.py:840} INFO - DAG(s) 'dag_shipment_sim' retrieved from /opt/airflow/dags/dag_shipment_sim.py
[2026-07-01T17:19:44.099+0000] {logging_mixin.py:188} INFO - [2026-07-01T17:19:44.098+0000] {dag.py:3096} INFO - Sync 1 DAGs
[2026-07-01T17:19:44.109+0000] {logging_mixin.py:188} INFO - [2026-07-01T17:19:44.109+0000] {dag.py:3954} INFO - Setting next_dagrun for dag_shipment_sim to 2026-07-01 17:00:00+00:00, run_after=2026-07-01 18:00:00+00:00
[2026-07-01T17:19:44.118+0000] {processor.py:183} INFO - Processing /opt/airflow/dags/dag_shipment_sim.py took 0.050 seconds
[2026-07-01T17:20:14.942+0000] {processor.py:161} INFO - Started process (PID=33551) to work on /opt/airflow/dags/dag_shipment_sim.py
[2026-07-01T17:20:14.943+0000] {processor.py:830} INFO - Processing file /opt/airflow/dags/dag_shipment_sim.py for tasks to queue
[2026-07-01T17:20:14.944+0000] {logging_mixin.py:188} INFO - [2026-07-01T17:20:14.944+0000] {dagbag.py:545} INFO - Filling up the DagBag from /opt/airflow/dags/dag_shipment_sim.py
[2026-07-01T17:20:14.957+0000] {processor.py:840} INFO - DAG(s) 'dag_shipment_sim' retrieved from /opt/airflow/dags/dag_shipment_sim.py
[2026-07-01T17:20:14.978+0000] {logging_mixin.py:188} INFO - [2026-07-01T17:20:14.978+0000] {dag.py:3096} INFO - Sync 1 DAGs
[2026-07-01T17:20:14.987+0000] {logging_mixin.py:188} INFO - [2026-07-01T17:20:14.987+0000] {dag.py:3954} INFO - Setting next_dagrun for dag_shipment_sim to 2026-07-01 17:00:00+00:00, run_after=2026-07-01 18:00:00+00:00
[2026-07-01T17:20:14.995+0000] {processor.py:183} INFO - Processing /opt/airflow/dags/dag_shipment_sim.py took 0.059 seconds
[2026-07-01T17:20:45.188+0000] {processor.py:161} INFO - Started process (PID=33588) to work on /opt/airflow/dags/dag_shipment_sim.py
[2026-07-01T17:20:45.192+0000] {processor.py:830} INFO - Processing file /opt/airflow/dags/dag_shipment_sim.py for tasks to queue
[2026-07-01T17:20:45.192+0000] {logging_mixin.py:188} INFO - [2026-07-01T17:20:45.192+0000] {dagbag.py:545} INFO - Filling up the DagBag from /opt/airflow/dags/dag_shipment_sim.py
[2026-07-01T17:20:45.204+0000] {processor.py:840} INFO - DAG(s) 'dag_shipment_sim' retrieved from /opt/airflow/dags/dag_shipment_sim.py
[2026-07-01T17:20:45.215+0000] {logging_mixin.py:188} INFO - [2026-07-01T17:20:45.215+0000] {dag.py:3096} INFO - Sync 1 DAGs
[2026-07-01T17:20:45.223+0000] {logging_mixin.py:188} INFO - [2026-07-01T17:20:45.223+0000] {dag.py:3954} INFO - Setting next_dagrun for dag_shipment_sim to 2026-07-01 17:00:00+00:00, run_after=2026-07-01 18:00:00+00:00
[2026-07-01T17:20:45.231+0000] {processor.py:183} INFO - Processing /opt/airflow/dags/dag_shipment_sim.py took 0.051 seconds
[2026-07-01T17:21:15.611+0000] {processor.py:161} INFO - Started process (PID=33625) to work on /opt/airflow/dags/dag_shipment_sim.py
[2026-07-01T17:21:15.611+0000] {processor.py:830} INFO - Processing file /opt/airflow/dags/dag_shipment_sim.py for tasks to queue
[2026-07-01T17:21:15.612+0000] {logging_mixin.py:188} INFO - [2026-07-01T17:21:15.612+0000] {dagbag.py:545} INFO - Filling up the DagBag from /opt/airflow/dags/dag_shipment_sim.py
[2026-07-01T17:21:15.621+0000] {processor.py:840} INFO - DAG(s) 'dag_shipment_sim' retrieved from /opt/airflow/dags/dag_shipment_sim.py
[2026-07-01T17:21:15.631+0000] {logging_mixin.py:188} INFO - [2026-07-01T17:21:15.631+0000] {dag.py:3096} INFO - Sync 1 DAGs
[2026-07-01T17:21:15.643+0000] {logging_mixin.py:188} INFO - [2026-07-01T17:21:15.643+0000] {dag.py:3954} INFO - Setting next_dagrun for dag_shipment_sim to 2026-07-01 17:00:00+00:00, run_after=2026-07-01 18:00:00+00:00
[2026-07-01T17:21:15.653+0000] {processor.py:183} INFO - Processing /opt/airflow/dags/dag_shipment_sim.py took 0.045 seconds
[2026-07-01T17:21:46.239+0000] {processor.py:161} INFO - Started process (PID=33662) to work on /opt/airflow/dags/dag_shipment_sim.py
[2026-07-01T17:21:46.240+0000] {processor.py:830} INFO - Processing file /opt/airflow/dags/dag_shipment_sim.py for tasks to queue
[2026-07-01T17:21:46.241+0000] {logging_mixin.py:188} INFO - [2026-07-01T17:21:46.241+0000] {dagbag.py:545} INFO - Filling up the DagBag from /opt/airflow/dags/dag_shipment_sim.py
[2026-07-01T17:21:46.250+0000] {processor.py:840} INFO - DAG(s) 'dag_shipment_sim' retrieved from /opt/airflow/dags/dag_shipment_sim.py
[2026-07-01T17:21:46.260+0000] {logging_mixin.py:188} INFO - [2026-07-01T17:21:46.260+0000] {dag.py:3096} INFO - Sync 1 DAGs
[2026-07-01T17:21:46.270+0000] {logging_mixin.py:188} INFO - [2026-07-01T17:21:46.269+0000] {dag.py:3954} INFO - Setting next_dagrun for dag_shipment_sim to 2026-07-01 17:00:00+00:00, run_after=2026-07-01 18:00:00+00:00
[2026-07-01T17:21:46.277+0000] {processor.py:183} INFO - Processing /opt/airflow/dags/dag_shipment_sim.py took 0.041 seconds
[2026-07-01T17:22:16.661+0000] {processor.py:161} INFO - Started process (PID=33699) to work on /opt/airflow/dags/dag_shipment_sim.py
[2026-07-01T17:22:16.661+0000] {processor.py:830} INFO - Processing file /opt/airflow/dags/dag_shipment_sim.py for tasks to queue
[2026-07-01T17:22:16.662+0000] {logging_mixin.py:188} INFO - [2026-07-01T17:22:16.662+0000] {dagbag.py:545} INFO - Filling up the DagBag from /opt/airflow/dags/dag_shipment_sim.py
[2026-07-01T17:22:16.670+0000] {processor.py:840} INFO - DAG(s) 'dag_shipment_sim' retrieved from /opt/airflow/dags/dag_shipment_sim.py
[2026-07-01T17:22:16.685+0000] {logging_mixin.py:188} INFO - [2026-07-01T17:22:16.685+0000] {dag.py:3096} INFO - Sync 1 DAGs
[2026-07-01T17:22:16.695+0000] {logging_mixin.py:188} INFO - [2026-07-01T17:22:16.695+0000] {dag.py:3954} INFO - Setting next_dagrun for dag_shipment_sim to 2026-07-01 17:00:00+00:00, run_after=2026-07-01 18:00:00+00:00
[2026-07-01T17:22:16.704+0000] {processor.py:183} INFO - Processing /opt/airflow/dags/dag_shipment_sim.py took 0.045 seconds
[2026-07-01T17:22:47.755+0000] {processor.py:161} INFO - Started process (PID=33736) to work on /opt/airflow/dags/dag_shipment_sim.py
[2026-07-01T17:22:47.756+0000] {processor.py:830} INFO - Processing file /opt/airflow/dags/dag_shipment_sim.py for tasks to queue
[2026-07-01T17:22:47.757+0000] {logging_mixin.py:188} INFO - [2026-07-01T17:22:47.757+0000] {dagbag.py:545} INFO - Filling up the DagBag from /opt/airflow/dags/dag_shipment_sim.py
[2026-07-01T17:22:47.765+0000] {processor.py:840} INFO - DAG(s) 'dag_shipment_sim' retrieved from /opt/airflow/dags/dag_shipment_sim.py
[2026-07-01T17:22:47.776+0000] {logging_mixin.py:188} INFO - [2026-07-01T17:22:47.776+0000] {dag.py:3096} INFO - Sync 1 DAGs
[2026-07-01T17:22:47.784+0000] {logging_mixin.py:188} INFO - [2026-07-01T17:22:47.784+0000] {dag.py:3954} INFO - Setting next_dagrun for dag_shipment_sim to 2026-07-01 17:00:00+00:00, run_after=2026-07-01 18:00:00+00:00
[2026-07-01T17:22:47.791+0000] {processor.py:183} INFO - Processing /opt/airflow/dags/dag_shipment_sim.py took 0.041 seconds
[2026-07-01T17:23:18.235+0000] {processor.py:161} INFO - Started process (PID=33773) to work on /opt/airflow/dags/dag_shipment_sim.py
[2026-07-01T17:23:18.237+0000] {processor.py:830} INFO - Processing file /opt/airflow/dags/dag_shipment_sim.py for tasks to queue
[2026-07-01T17:23:18.237+0000] {logging_mixin.py:188} INFO - [2026-07-01T17:23:18.237+0000] {dagbag.py:545} INFO - Filling up the DagBag from /opt/airflow/dags/dag_shipment_sim.py
[2026-07-01T17:23:18.247+0000] {processor.py:840} INFO - DAG(s) 'dag_shipment_sim' retrieved from /opt/airflow/dags/dag_shipment_sim.py
[2026-07-01T17:23:18.281+0000] {logging_mixin.py:188} INFO - [2026-07-01T17:23:18.281+0000] {dag.py:3096} INFO - Sync 1 DAGs
[2026-07-01T17:23:18.291+0000] {logging_mixin.py:188} INFO - [2026-07-01T17:23:18.290+0000] {dag.py:3954} INFO - Setting next_dagrun for dag_shipment_sim to 2026-07-01 17:00:00+00:00, run_after=2026-07-01 18:00:00+00:00
[2026-07-01T17:23:18.299+0000] {processor.py:183} INFO - Processing /opt/airflow/dags/dag_shipment_sim.py took 0.071 seconds
[2026-07-01T17:23:48.539+0000] {processor.py:161} INFO - Started process (PID=33810) to work on /opt/airflow/dags/dag_shipment_sim.py
[2026-07-01T17:23:48.539+0000] {processor.py:830} INFO - Processing file /opt/airflow/dags/dag_shipment_sim.py for tasks to queue
[2026-07-01T17:23:48.540+0000] {logging_mixin.py:188} INFO - [2026-07-01T17:23:48.540+0000] {dagbag.py:545} INFO - Filling up the DagBag from /opt/airflow/dags/dag_shipment_sim.py
[2026-07-01T17:23:48.548+0000] {processor.py:840} INFO - DAG(s) 'dag_shipment_sim' retrieved from /opt/airflow/dags/dag_shipment_sim.py
[2026-07-01T17:23:48.558+0000] {logging_mixin.py:188} INFO - [2026-07-01T17:23:48.558+0000] {dag.py:3096} INFO - Sync 1 DAGs
[2026-07-01T17:23:48.567+0000] {logging_mixin.py:188} INFO - [2026-07-01T17:23:48.567+0000] {dag.py:3954} INFO - Setting next_dagrun for dag_shipment_sim to 2026-07-01 17:00:00+00:00, run_after=2026-07-01 18:00:00+00:00
[2026-07-01T17:23:48.574+0000] {processor.py:183} INFO - Processing /opt/airflow/dags/dag_shipment_sim.py took 0.038 seconds
[2026-07-01T17:24:18.840+0000] {processor.py:161} INFO - Started process (PID=33847) to work on /opt/airflow/dags/dag_shipment_sim.py
[2026-07-01T17:24:18.841+0000] {processor.py:830} INFO - Processing file /opt/airflow/dags/dag_shipment_sim.py for tasks to queue
[2026-07-01T17:24:18.842+0000] {logging_mixin.py:188} INFO - [2026-07-01T17:24:18.842+0000] {dagbag.py:545} INFO - Filling up the DagBag from /opt/airflow/dags/dag_shipment_sim.py
[2026-07-01T17:24:18.849+0000] {processor.py:840} INFO - DAG(s) 'dag_shipment_sim' retrieved from /opt/airflow/dags/dag_shipment_sim.py
[2026-07-01T17:24:18.859+0000] {logging_mixin.py:188} INFO - [2026-07-01T17:24:18.859+0000] {dag.py:3096} INFO - Sync 1 DAGs
[2026-07-01T17:24:18.868+0000] {logging_mixin.py:188} INFO - [2026-07-01T17:24:18.868+0000] {dag.py:3954} INFO - Setting next_dagrun for dag_shipment_sim to 2026-07-01 17:00:00+00:00, run_after=2026-07-01 18:00:00+00:00
[2026-07-01T17:24:18.877+0000] {processor.py:183} INFO - Processing /opt/airflow/dags/dag_shipment_sim.py took 0.040 seconds
[2026-07-01T17:24:48.970+0000] {processor.py:161} INFO - Started process (PID=33884) to work on /opt/airflow/dags/dag_shipment_sim.py
[2026-07-01T17:24:48.971+0000] {processor.py:830} INFO - Processing file /opt/airflow/dags/dag_shipment_sim.py for tasks to queue
[2026-07-01T17:24:48.972+0000] {logging_mixin.py:188} INFO - [2026-07-01T17:24:48.971+0000] {dagbag.py:545} INFO - Filling up the DagBag from /opt/airflow/dags/dag_shipment_sim.py
[2026-07-01T17:24:48.979+0000] {processor.py:840} INFO - DAG(s) 'dag_shipment_sim' retrieved from /opt/airflow/dags/dag_shipment_sim.py
[2026-07-01T17:24:48.990+0000] {logging_mixin.py:188} INFO - [2026-07-01T17:24:48.990+0000] {dag.py:3096} INFO - Sync 1 DAGs
[2026-07-01T17:24:48.998+0000] {logging_mixin.py:188} INFO - [2026-07-01T17:24:48.998+0000] {dag.py:3954} INFO - Setting next_dagrun for dag_shipment_sim to 2026-07-01 17:00:00+00:00, run_after=2026-07-01 18:00:00+00:00
[2026-07-01T17:24:49.005+0000] {processor.py:183} INFO - Processing /opt/airflow/dags/dag_shipment_sim.py took 0.038 seconds
[2026-07-01T17:25:19.355+0000] {processor.py:161} INFO - Started process (PID=33921) to work on /opt/airflow/dags/dag_shipment_sim.py
[2026-07-01T17:25:19.355+0000] {processor.py:830} INFO - Processing file /opt/airflow/dags/dag_shipment_sim.py for tasks to queue
[2026-07-01T17:25:19.356+0000] {logging_mixin.py:188} INFO - [2026-07-01T17:25:19.356+0000] {dagbag.py:545} INFO - Filling up the DagBag from /opt/airflow/dags/dag_shipment_sim.py
[2026-07-01T17:25:19.364+0000] {processor.py:840} INFO - DAG(s) 'dag_shipment_sim' retrieved from /opt/airflow/dags/dag_shipment_sim.py
[2026-07-01T17:25:19.375+0000] {logging_mixin.py:188} INFO - [2026-07-01T17:25:19.375+0000] {dag.py:3096} INFO - Sync 1 DAGs
[2026-07-01T17:25:19.407+0000] {logging_mixin.py:188} INFO - [2026-07-01T17:25:19.407+0000] {dag.py:3954} INFO - Setting next_dagrun for dag_shipment_sim to 2026-07-01 17:00:00+00:00, run_after=2026-07-01 18:00:00+00:00
[2026-07-01T17:25:19.431+0000] {processor.py:183} INFO - Processing /opt/airflow/dags/dag_shipment_sim.py took 0.078 seconds
[2026-07-01T17:25:49.682+0000] {processor.py:161} INFO - Started process (PID=33958) to work on /opt/airflow/dags/dag_shipment_sim.py
[2026-07-01T17:25:49.683+0000] {processor.py:830} INFO - Processing file /opt/airflow/dags/dag_shipment_sim.py for tasks to queue
[2026-07-01T17:25:49.686+0000] {logging_mixin.py:188} INFO - [2026-07-01T17:25:49.685+0000] {dagbag.py:545} INFO - Filling up the DagBag from /opt/airflow/dags/dag_shipment_sim.py
[2026-07-01T17:25:49.700+0000] {processor.py:840} INFO - DAG(s) 'dag_shipment_sim' retrieved from /opt/airflow/dags/dag_shipment_sim.py
[2026-07-01T17:25:49.715+0000] {logging_mixin.py:188} INFO - [2026-07-01T17:25:49.715+0000] {dag.py:3096} INFO - Sync 1 DAGs
[2026-07-01T17:25:49.732+0000] {logging_mixin.py:188} INFO - [2026-07-01T17:25:49.732+0000] {dag.py:3954} INFO - Setting next_dagrun for dag_shipment_sim to 2026-07-01 17:00:00+00:00, run_after=2026-07-01 18:00:00+00:00
[2026-07-01T17:25:49.743+0000] {processor.py:183} INFO - Processing /opt/airflow/dags/dag_shipment_sim.py took 0.066 seconds
[2026-07-01T17:26:21.635+0000] {processor.py:161} INFO - Started process (PID=33993) to work on /opt/airflow/dags/dag_shipment_sim.py
[2026-07-01T17:26:21.639+0000] {processor.py:830} INFO - Processing file /opt/airflow/dags/dag_shipment_sim.py for tasks to queue
[2026-07-01T17:26:21.643+0000] {logging_mixin.py:188} INFO - [2026-07-01T17:26:21.641+0000] {dagbag.py:545} INFO - Filling up the DagBag from /opt/airflow/dags/dag_shipment_sim.py
[2026-07-01T17:26:21.663+0000] {processor.py:840} INFO - DAG(s) 'dag_shipment_sim' retrieved from /opt/airflow/dags/dag_shipment_sim.py
[2026-07-01T17:26:21.707+0000] {logging_mixin.py:188} INFO - [2026-07-01T17:26:21.707+0000] {dag.py:3096} INFO - Sync 1 DAGs
[2026-07-01T17:26:21.754+0000] {logging_mixin.py:188} INFO - [2026-07-01T17:26:21.754+0000] {dag.py:3954} INFO - Setting next_dagrun for dag_shipment_sim to 2026-07-01 17:00:00+00:00, run_after=2026-07-01 18:00:00+00:00
[2026-07-01T17:26:21.775+0000] {processor.py:183} INFO - Processing /opt/airflow/dags/dag_shipment_sim.py took 0.159 seconds
[2026-07-01T17:26:51.895+0000] {processor.py:161} INFO - Started process (PID=34032) to work on /opt/airflow/dags/dag_shipment_sim.py
[2026-07-01T17:26:51.897+0000] {processor.py:830} INFO - Processing file /opt/airflow/dags/dag_shipment_sim.py for tasks to queue
[2026-07-01T17:26:51.899+0000] {logging_mixin.py:188} INFO - [2026-07-01T17:26:51.898+0000] {dagbag.py:545} INFO - Filling up the DagBag from /opt/airflow/dags/dag_shipment_sim.py
[2026-07-01T17:26:51.917+0000] {processor.py:840} INFO - DAG(s) 'dag_shipment_sim' retrieved from /opt/airflow/dags/dag_shipment_sim.py
[2026-07-01T17:26:51.930+0000] {logging_mixin.py:188} INFO - [2026-07-01T17:26:51.930+0000] {dag.py:3096} INFO - Sync 1 DAGs
[2026-07-01T17:26:51.940+0000] {logging_mixin.py:188} INFO - [2026-07-01T17:26:51.940+0000] {dag.py:3954} INFO - Setting next_dagrun for dag_shipment_sim to 2026-07-01 17:00:00+00:00, run_after=2026-07-01 18:00:00+00:00
[2026-07-01T17:26:51.951+0000] {processor.py:183} INFO - Processing /opt/airflow/dags/dag_shipment_sim.py took 0.068 seconds
[2026-07-01T17:27:22.182+0000] {processor.py:161} INFO - Started process (PID=34069) to work on /opt/airflow/dags/dag_shipment_sim.py
[2026-07-01T17:27:22.183+0000] {processor.py:830} INFO - Processing file /opt/airflow/dags/dag_shipment_sim.py for tasks to queue
[2026-07-01T17:27:22.183+0000] {logging_mixin.py:188} INFO - [2026-07-01T17:27:22.183+0000] {dagbag.py:545} INFO - Filling up the DagBag from /opt/airflow/dags/dag_shipment_sim.py
[2026-07-01T17:27:22.190+0000] {processor.py:840} INFO - DAG(s) 'dag_shipment_sim' retrieved from /opt/airflow/dags/dag_shipment_sim.py
[2026-07-01T17:27:22.201+0000] {logging_mixin.py:188} INFO - [2026-07-01T17:27:22.201+0000] {dag.py:3096} INFO - Sync 1 DAGs
[2026-07-01T17:27:22.209+0000] {logging_mixin.py:188} INFO - [2026-07-01T17:27:22.209+0000] {dag.py:3954} INFO - Setting next_dagrun for dag_shipment_sim to 2026-07-01 17:00:00+00:00, run_after=2026-07-01 18:00:00+00:00
[2026-07-01T17:27:22.216+0000] {processor.py:183} INFO - Processing /opt/airflow/dags/dag_shipment_sim.py took 0.038 seconds
[2026-07-01T17:27:52.320+0000] {processor.py:161} INFO - Started process (PID=34106) to work on /opt/airflow/dags/dag_shipment_sim.py
[2026-07-01T17:27:52.321+0000] {processor.py:830} INFO - Processing file /opt/airflow/dags/dag_shipment_sim.py for tasks to queue
[2026-07-01T17:27:52.322+0000] {logging_mixin.py:188} INFO - [2026-07-01T17:27:52.322+0000] {dagbag.py:545} INFO - Filling up the DagBag from /opt/airflow/dags/dag_shipment_sim.py
[2026-07-01T17:27:52.328+0000] {processor.py:840} INFO - DAG(s) 'dag_shipment_sim' retrieved from /opt/airflow/dags/dag_shipment_sim.py
[2026-07-01T17:27:52.338+0000] {logging_mixin.py:188} INFO - [2026-07-01T17:27:52.338+0000] {dag.py:3096} INFO - Sync 1 DAGs
[2026-07-01T17:27:52.346+0000] {logging_mixin.py:188} INFO - [2026-07-01T17:27:52.346+0000] {dag.py:3954} INFO - Setting next_dagrun for dag_shipment_sim to 2026-07-01 17:00:00+00:00, run_after=2026-07-01 18:00:00+00:00
[2026-07-01T17:27:52.353+0000] {processor.py:183} INFO - Processing /opt/airflow/dags/dag_shipment_sim.py took 0.035 seconds
[2026-07-01T17:28:22.446+0000] {processor.py:161} INFO - Started process (PID=34143) to work on /opt/airflow/dags/dag_shipment_sim.py
[2026-07-01T17:28:22.446+0000] {processor.py:830} INFO - Processing file /opt/airflow/dags/dag_shipment_sim.py for tasks to queue
[2026-07-01T17:28:22.447+0000] {logging_mixin.py:188} INFO - [2026-07-01T17:28:22.447+0000] {dagbag.py:545} INFO - Filling up the DagBag from /opt/airflow/dags/dag_shipment_sim.py
[2026-07-01T17:28:22.454+0000] {processor.py:840} INFO - DAG(s) 'dag_shipment_sim' retrieved from /opt/airflow/dags/dag_shipment_sim.py
[2026-07-01T17:28:22.463+0000] {logging_mixin.py:188} INFO - [2026-07-01T17:28:22.463+0000] {dag.py:3096} INFO - Sync 1 DAGs
[2026-07-01T17:28:22.471+0000] {logging_mixin.py:188} INFO - [2026-07-01T17:28:22.471+0000] {dag.py:3954} INFO - Setting next_dagrun for dag_shipment_sim to 2026-07-01 17:00:00+00:00, run_after=2026-07-01 18:00:00+00:00
[2026-07-01T17:28:22.480+0000] {processor.py:183} INFO - Processing /opt/airflow/dags/dag_shipment_sim.py took 0.036 seconds
[2026-07-01T17:28:53.541+0000] {processor.py:161} INFO - Started process (PID=34180) to work on /opt/airflow/dags/dag_shipment_sim.py
[2026-07-01T17:28:53.542+0000] {processor.py:830} INFO - Processing file /opt/airflow/dags/dag_shipment_sim.py for tasks to queue
[2026-07-01T17:28:53.542+0000] {logging_mixin.py:188} INFO - [2026-07-01T17:28:53.542+0000] {dagbag.py:545} INFO - Filling up the DagBag from /opt/airflow/dags/dag_shipment_sim.py
[2026-07-01T17:28:53.549+0000] {processor.py:840} INFO - DAG(s) 'dag_shipment_sim' retrieved from /opt/airflow/dags/dag_shipment_sim.py
[2026-07-01T17:28:53.558+0000] {logging_mixin.py:188} INFO - [2026-07-01T17:28:53.558+0000] {dag.py:3096} INFO - Sync 1 DAGs
[2026-07-01T17:28:53.566+0000] {logging_mixin.py:188} INFO - [2026-07-01T17:28:53.566+0000] {dag.py:3954} INFO - Setting next_dagrun for dag_shipment_sim to 2026-07-01 17:00:00+00:00, run_after=2026-07-01 18:00:00+00:00
[2026-07-01T17:28:53.573+0000] {processor.py:183} INFO - Processing /opt/airflow/dags/dag_shipment_sim.py took 0.035 seconds
[2026-07-01T17:29:24.633+0000] {processor.py:161} INFO - Started process (PID=34217) to work on /opt/airflow/dags/dag_shipment_sim.py
[2026-07-01T17:29:24.633+0000] {processor.py:830} INFO - Processing file /opt/airflow/dags/dag_shipment_sim.py for tasks to queue
[2026-07-01T17:29:24.634+0000] {logging_mixin.py:188} INFO - [2026-07-01T17:29:24.634+0000] {dagbag.py:545} INFO - Filling up the DagBag from /opt/airflow/dags/dag_shipment_sim.py
[2026-07-01T17:29:24.641+0000] {processor.py:840} INFO - DAG(s) 'dag_shipment_sim' retrieved from /opt/airflow/dags/dag_shipment_sim.py
[2026-07-01T17:29:24.650+0000] {logging_mixin.py:188} INFO - [2026-07-01T17:29:24.650+0000] {dag.py:3096} INFO - Sync 1 DAGs
[2026-07-01T17:29:24.657+0000] {logging_mixin.py:188} INFO - [2026-07-01T17:29:24.657+0000] {dag.py:3954} INFO - Setting next_dagrun for dag_shipment_sim to 2026-07-01 17:00:00+00:00, run_after=2026-07-01 18:00:00+00:00
[2026-07-01T17:29:24.664+0000] {processor.py:183} INFO - Processing /opt/airflow/dags/dag_shipment_sim.py took 0.034 seconds
[2026-07-01T17:29:55.611+0000] {processor.py:161} INFO - Started process (PID=34254) to work on /opt/airflow/dags/dag_shipment_sim.py
[2026-07-01T17:29:55.611+0000] {processor.py:830} INFO - Processing file /opt/airflow/dags/dag_shipment_sim.py for tasks to queue
[2026-07-01T17:29:55.612+0000] {logging_mixin.py:188} INFO - [2026-07-01T17:29:55.612+0000] {dagbag.py:545} INFO - Filling up the DagBag from /opt/airflow/dags/dag_shipment_sim.py
[2026-07-01T17:29:55.620+0000] {processor.py:840} INFO - DAG(s) 'dag_shipment_sim' retrieved from /opt/airflow/dags/dag_shipment_sim.py
[2026-07-01T17:29:55.635+0000] {logging_mixin.py:188} INFO - [2026-07-01T17:29:55.635+0000] {dag.py:3096} INFO - Sync 1 DAGs
[2026-07-01T17:29:55.647+0000] {logging_mixin.py:188} INFO - [2026-07-01T17:29:55.646+0000] {dag.py:3954} INFO - Setting next_dagrun for dag_shipment_sim to 2026-07-01 17:00:00+00:00, run_after=2026-07-01 18:00:00+00:00
[2026-07-01T17:29:55.657+0000] {processor.py:183} INFO - Processing /opt/airflow/dags/dag_shipment_sim.py took 0.049 seconds
[2026-07-01T17:30:26.565+0000] {processor.py:161} INFO - Started process (PID=34291) to work on /opt/airflow/dags/dag_shipment_sim.py
[2026-07-01T17:30:26.565+0000] {processor.py:830} INFO - Processing file /opt/airflow/dags/dag_shipment_sim.py for tasks to queue
[2026-07-01T17:30:26.566+0000] {logging_mixin.py:188} INFO - [2026-07-01T17:30:26.566+0000] {dagbag.py:545} INFO - Filling up the DagBag from /opt/airflow/dags/dag_shipment_sim.py
[2026-07-01T17:30:26.573+0000] {processor.py:840} INFO - DAG(s) 'dag_shipment_sim' retrieved from /opt/airflow/dags/dag_shipment_sim.py
[2026-07-01T17:30:26.583+0000] {logging_mixin.py:188} INFO - [2026-07-01T17:30:26.583+0000] {dag.py:3096} INFO - Sync 1 DAGs
[2026-07-01T17:30:26.591+0000] {logging_mixin.py:188} INFO - [2026-07-01T17:30:26.591+0000] {dag.py:3954} INFO - Setting next_dagrun for dag_shipment_sim to 2026-07-01 17:00:00+00:00, run_after=2026-07-01 18:00:00+00:00
[2026-07-01T17:30:26.598+0000] {processor.py:183} INFO - Processing /opt/airflow/dags/dag_shipment_sim.py took 0.035 seconds
[2026-07-01T17:30:57.268+0000] {processor.py:161} INFO - Started process (PID=34328) to work on /opt/airflow/dags/dag_shipment_sim.py
[2026-07-01T17:30:57.269+0000] {processor.py:830} INFO - Processing file /opt/airflow/dags/dag_shipment_sim.py for tasks to queue
[2026-07-01T17:30:57.270+0000] {logging_mixin.py:188} INFO - [2026-07-01T17:30:57.270+0000] {dagbag.py:545} INFO - Filling up the DagBag from /opt/airflow/dags/dag_shipment_sim.py
[2026-07-01T17:30:57.276+0000] {processor.py:840} INFO - DAG(s) 'dag_shipment_sim' retrieved from /opt/airflow/dags/dag_shipment_sim.py
[2026-07-01T17:30:57.287+0000] {logging_mixin.py:188} INFO - [2026-07-01T17:30:57.286+0000] {dag.py:3096} INFO - Sync 1 DAGs
[2026-07-01T17:30:57.294+0000] {logging_mixin.py:188} INFO - [2026-07-01T17:30:57.294+0000] {dag.py:3954} INFO - Setting next_dagrun for dag_shipment_sim to 2026-07-01 17:00:00+00:00, run_after=2026-07-01 18:00:00+00:00
[2026-07-01T17:30:57.301+0000] {processor.py:183} INFO - Processing /opt/airflow/dags/dag_shipment_sim.py took 0.036 seconds
[2026-07-01T17:31:28.336+0000] {processor.py:161} INFO - Started process (PID=34365) to work on /opt/airflow/dags/dag_shipment_sim.py
[2026-07-01T17:31:28.336+0000] {processor.py:830} INFO - Processing file /opt/airflow/dags/dag_shipment_sim.py for tasks to queue
[2026-07-01T17:31:28.337+0000] {logging_mixin.py:188} INFO - [2026-07-01T17:31:28.337+0000] {dagbag.py:545} INFO - Filling up the DagBag from /opt/airflow/dags/dag_shipment_sim.py
[2026-07-01T17:31:28.344+0000] {processor.py:840} INFO - DAG(s) 'dag_shipment_sim' retrieved from /opt/airflow/dags/dag_shipment_sim.py
[2026-07-01T17:31:28.353+0000] {logging_mixin.py:188} INFO - [2026-07-01T17:31:28.352+0000] {dag.py:3096} INFO - Sync 1 DAGs
[2026-07-01T17:31:28.360+0000] {logging_mixin.py:188} INFO - [2026-07-01T17:31:28.360+0000] {dag.py:3954} INFO - Setting next_dagrun for dag_shipment_sim to 2026-07-01 17:00:00+00:00, run_after=2026-07-01 18:00:00+00:00
[2026-07-01T17:31:28.367+0000] {processor.py:183} INFO - Processing /opt/airflow/dags/dag_shipment_sim.py took 0.033 seconds
[2026-07-01T17:31:59.766+0000] {processor.py:161} INFO - Started process (PID=34402) to work on /opt/airflow/dags/dag_shipment_sim.py
[2026-07-01T17:31:59.767+0000] {processor.py:830} INFO - Processing file /opt/airflow/dags/dag_shipment_sim.py for tasks to queue
[2026-07-01T17:31:59.768+0000] {logging_mixin.py:188} INFO - [2026-07-01T17:31:59.768+0000] {dagbag.py:545} INFO - Filling up the DagBag from /opt/airflow/dags/dag_shipment_sim.py
[2026-07-01T17:31:59.795+0000] {processor.py:840} INFO - DAG(s) 'dag_shipment_sim' retrieved from /opt/airflow/dags/dag_shipment_sim.py
[2026-07-01T17:31:59.841+0000] {logging_mixin.py:188} INFO - [2026-07-01T17:31:59.841+0000] {dag.py:3096} INFO - Sync 1 DAGs
[2026-07-01T17:31:59.861+0000] {logging_mixin.py:188} INFO - [2026-07-01T17:31:59.860+0000] {dag.py:3954} INFO - Setting next_dagrun for dag_shipment_sim to 2026-07-01 17:00:00+00:00, run_after=2026-07-01 18:00:00+00:00
[2026-07-01T17:31:59.875+0000] {processor.py:183} INFO - Processing /opt/airflow/dags/dag_shipment_sim.py took 0.118 seconds
[2026-07-01T17:32:30.788+0000] {processor.py:161} INFO - Started process (PID=34439) to work on /opt/airflow/dags/dag_shipment_sim.py
[2026-07-01T17:32:30.789+0000] {processor.py:830} INFO - Processing file /opt/airflow/dags/dag_shipment_sim.py for tasks to queue
[2026-07-01T17:32:30.790+0000] {logging_mixin.py:188} INFO - [2026-07-01T17:32:30.790+0000] {dagbag.py:545} INFO - Filling up the DagBag from /opt/airflow/dags/dag_shipment_sim.py
[2026-07-01T17:32:30.797+0000] {processor.py:840} INFO - DAG(s) 'dag_shipment_sim' retrieved from /opt/airflow/dags/dag_shipment_sim.py
[2026-07-01T17:32:30.806+0000] {logging_mixin.py:188} INFO - [2026-07-01T17:32:30.806+0000] {dag.py:3096} INFO - Sync 1 DAGs
[2026-07-01T17:32:30.813+0000] {logging_mixin.py:188} INFO - [2026-07-01T17:32:30.813+0000] {dag.py:3954} INFO - Setting next_dagrun for dag_shipment_sim to 2026-07-01 17:00:00+00:00, run_after=2026-07-01 18:00:00+00:00
[2026-07-01T17:32:30.821+0000] {processor.py:183} INFO - Processing /opt/airflow/dags/dag_shipment_sim.py took 0.035 seconds
[2026-07-01T17:33:01.845+0000] {processor.py:161} INFO - Started process (PID=34476) to work on /opt/airflow/dags/dag_shipment_sim.py
[2026-07-01T17:33:01.845+0000] {processor.py:830} INFO - Processing file /opt/airflow/dags/dag_shipment_sim.py for tasks to queue
[2026-07-01T17:33:01.846+0000] {logging_mixin.py:188} INFO - [2026-07-01T17:33:01.846+0000] {dagbag.py:545} INFO - Filling up the DagBag from /opt/airflow/dags/dag_shipment_sim.py
[2026-07-01T17:33:01.854+0000] {processor.py:840} INFO - DAG(s) 'dag_shipment_sim' retrieved from /opt/airflow/dags/dag_shipment_sim.py
[2026-07-01T17:33:01.863+0000] {logging_mixin.py:188} INFO - [2026-07-01T17:33:01.863+0000] {dag.py:3096} INFO - Sync 1 DAGs
[2026-07-01T17:33:01.872+0000] {logging_mixin.py:188} INFO - [2026-07-01T17:33:01.871+0000] {dag.py:3954} INFO - Setting next_dagrun for dag_shipment_sim to 2026-07-01 17:00:00+00:00, run_after=2026-07-01 18:00:00+00:00
[2026-07-01T17:33:01.879+0000] {processor.py:183} INFO - Processing /opt/airflow/dags/dag_shipment_sim.py took 0.037 seconds
[2026-07-01T17:33:32.833+0000] {processor.py:161} INFO - Started process (PID=34513) to work on /opt/airflow/dags/dag_shipment_sim.py
[2026-07-01T17:33:32.833+0000] {processor.py:830} INFO - Processing file /opt/airflow/dags/dag_shipment_sim.py for tasks to queue
[2026-07-01T17:33:32.834+0000] {logging_mixin.py:188} INFO - [2026-07-01T17:33:32.834+0000] {dagbag.py:545} INFO - Filling up the DagBag from /opt/airflow/dags/dag_shipment_sim.py
[2026-07-01T17:33:32.841+0000] {processor.py:840} INFO - DAG(s) 'dag_shipment_sim' retrieved from /opt/airflow/dags/dag_shipment_sim.py
[2026-07-01T17:33:32.850+0000] {logging_mixin.py:188} INFO - [2026-07-01T17:33:32.850+0000] {dag.py:3096} INFO - Sync 1 DAGs
[2026-07-01T17:33:32.858+0000] {logging_mixin.py:188} INFO - [2026-07-01T17:33:32.858+0000] {dag.py:3954} INFO - Setting next_dagrun for dag_shipment_sim to 2026-07-01 17:00:00+00:00, run_after=2026-07-01 18:00:00+00:00
[2026-07-01T17:33:32.865+0000] {processor.py:183} INFO - Processing /opt/airflow/dags/dag_shipment_sim.py took 0.034 seconds
[2026-07-01T17:34:03.901+0000] {processor.py:161} INFO - Started process (PID=34550) to work on /opt/airflow/dags/dag_shipment_sim.py
[2026-07-01T17:34:03.901+0000] {processor.py:830} INFO - Processing file /opt/airflow/dags/dag_shipment_sim.py for tasks to queue
[2026-07-01T17:34:03.902+0000] {logging_mixin.py:188} INFO - [2026-07-01T17:34:03.902+0000] {dagbag.py:545} INFO - Filling up the DagBag from /opt/airflow/dags/dag_shipment_sim.py
[2026-07-01T17:34:03.909+0000] {processor.py:840} INFO - DAG(s) 'dag_shipment_sim' retrieved from /opt/airflow/dags/dag_shipment_sim.py
[2026-07-01T17:34:03.919+0000] {logging_mixin.py:188} INFO - [2026-07-01T17:34:03.919+0000] {dag.py:3096} INFO - Sync 1 DAGs
[2026-07-01T17:34:03.927+0000] {logging_mixin.py:188} INFO - [2026-07-01T17:34:03.927+0000] {dag.py:3954} INFO - Setting next_dagrun for dag_shipment_sim to 2026-07-01 17:00:00+00:00, run_after=2026-07-01 18:00:00+00:00
[2026-07-01T17:34:03.934+0000] {processor.py:183} INFO - Processing /opt/airflow/dags/dag_shipment_sim.py took 0.036 seconds
[2026-07-01T17:34:34.934+0000] {processor.py:161} INFO - Started process (PID=34587) to work on /opt/airflow/dags/dag_shipment_sim.py
[2026-07-01T17:34:34.934+0000] {processor.py:830} INFO - Processing file /opt/airflow/dags/dag_shipment_sim.py for tasks to queue
[2026-07-01T17:34:34.935+0000] {logging_mixin.py:188} INFO - [2026-07-01T17:34:34.935+0000] {dagbag.py:545} INFO - Filling up the DagBag from /opt/airflow/dags/dag_shipment_sim.py
[2026-07-01T17:34:34.943+0000] {processor.py:840} INFO - DAG(s) 'dag_shipment_sim' retrieved from /opt/airflow/dags/dag_shipment_sim.py
[2026-07-01T17:34:34.952+0000] {logging_mixin.py:188} INFO - [2026-07-01T17:34:34.952+0000] {dag.py:3096} INFO - Sync 1 DAGs
[2026-07-01T17:34:34.959+0000] {logging_mixin.py:188} INFO - [2026-07-01T17:34:34.959+0000] {dag.py:3954} INFO - Setting next_dagrun for dag_shipment_sim to 2026-07-01 17:00:00+00:00, run_after=2026-07-01 18:00:00+00:00
[2026-07-01T17:34:34.966+0000] {processor.py:183} INFO - Processing /opt/airflow/dags/dag_shipment_sim.py took 0.035 seconds
[2026-07-01T17:35:05.156+0000] {processor.py:161} INFO - Started process (PID=34624) to work on /opt/airflow/dags/dag_shipment_sim.py
[2026-07-01T17:35:05.156+0000] {processor.py:830} INFO - Processing file /opt/airflow/dags/dag_shipment_sim.py for tasks to queue
[2026-07-01T17:35:05.157+0000] {logging_mixin.py:188} INFO - [2026-07-01T17:35:05.157+0000] {dagbag.py:545} INFO - Filling up the DagBag from /opt/airflow/dags/dag_shipment_sim.py
[2026-07-01T17:35:05.163+0000] {processor.py:840} INFO - DAG(s) 'dag_shipment_sim' retrieved from /opt/airflow/dags/dag_shipment_sim.py
[2026-07-01T17:35:05.172+0000] {logging_mixin.py:188} INFO - [2026-07-01T17:35:05.172+0000] {dag.py:3096} INFO - Sync 1 DAGs
[2026-07-01T17:35:05.180+0000] {logging_mixin.py:188} INFO - [2026-07-01T17:35:05.180+0000] {dag.py:3954} INFO - Setting next_dagrun for dag_shipment_sim to 2026-07-01 17:00:00+00:00, run_after=2026-07-01 18:00:00+00:00
[2026-07-01T17:35:05.187+0000] {processor.py:183} INFO - Processing /opt/airflow/dags/dag_shipment_sim.py took 0.034 seconds
[2026-07-01T17:35:36.129+0000] {processor.py:161} INFO - Started process (PID=34661) to work on /opt/airflow/dags/dag_shipment_sim.py
[2026-07-01T17:35:36.129+0000] {processor.py:830} INFO - Processing file /opt/airflow/dags/dag_shipment_sim.py for tasks to queue
[2026-07-01T17:35:36.130+0000] {logging_mixin.py:188} INFO - [2026-07-01T17:35:36.130+0000] {dagbag.py:545} INFO - Filling up the DagBag from /opt/airflow/dags/dag_shipment_sim.py
[2026-07-01T17:35:36.136+0000] {processor.py:840} INFO - DAG(s) 'dag_shipment_sim' retrieved from /opt/airflow/dags/dag_shipment_sim.py
[2026-07-01T17:35:36.146+0000] {logging_mixin.py:188} INFO - [2026-07-01T17:35:36.146+0000] {dag.py:3096} INFO - Sync 1 DAGs
[2026-07-01T17:35:36.154+0000] {logging_mixin.py:188} INFO - [2026-07-01T17:35:36.153+0000] {dag.py:3954} INFO - Setting next_dagrun for dag_shipment_sim to 2026-07-01 17:00:00+00:00, run_after=2026-07-01 18:00:00+00:00
[2026-07-01T17:35:36.161+0000] {processor.py:183} INFO - Processing /opt/airflow/dags/dag_shipment_sim.py took 0.034 seconds
[2026-07-01T17:36:06.238+0000] {processor.py:161} INFO - Started process (PID=34698) to work on /opt/airflow/dags/dag_shipment_sim.py
[2026-07-01T17:36:06.239+0000] {processor.py:830} INFO - Processing file /opt/airflow/dags/dag_shipment_sim.py for tasks to queue
[2026-07-01T17:36:06.240+0000] {logging_mixin.py:188} INFO - [2026-07-01T17:36:06.239+0000] {dagbag.py:545} INFO - Filling up the DagBag from /opt/airflow/dags/dag_shipment_sim.py
[2026-07-01T17:36:06.247+0000] {processor.py:840} INFO - DAG(s) 'dag_shipment_sim' retrieved from /opt/airflow/dags/dag_shipment_sim.py
[2026-07-01T17:36:06.257+0000] {logging_mixin.py:188} INFO - [2026-07-01T17:36:06.257+0000] {dag.py:3096} INFO - Sync 1 DAGs
[2026-07-01T17:36:06.265+0000] {logging_mixin.py:188} INFO - [2026-07-01T17:36:06.265+0000] {dag.py:3954} INFO - Setting next_dagrun for dag_shipment_sim to 2026-07-01 17:00:00+00:00, run_after=2026-07-01 18:00:00+00:00
[2026-07-01T17:36:06.272+0000] {processor.py:183} INFO - Processing /opt/airflow/dags/dag_shipment_sim.py took 0.036 seconds
[2026-07-01T17:36:36.333+0000] {processor.py:161} INFO - Started process (PID=34733) to work on /opt/airflow/dags/dag_shipment_sim.py
[2026-07-01T17:36:36.333+0000] {processor.py:830} INFO - Processing file /opt/airflow/dags/dag_shipment_sim.py for tasks to queue
[2026-07-01T17:36:36.335+0000] {logging_mixin.py:188} INFO - [2026-07-01T17:36:36.335+0000] {dagbag.py:545} INFO - Filling up the DagBag from /opt/airflow/dags/dag_shipment_sim.py
[2026-07-01T17:36:36.349+0000] {processor.py:840} INFO - DAG(s) 'dag_shipment_sim' retrieved from /opt/airflow/dags/dag_shipment_sim.py
[2026-07-01T17:36:36.366+0000] {logging_mixin.py:188} INFO - [2026-07-01T17:36:36.366+0000] {dag.py:3096} INFO - Sync 1 DAGs
[2026-07-01T17:36:36.376+0000] {logging_mixin.py:188} INFO - [2026-07-01T17:36:36.376+0000] {dag.py:3954} INFO - Setting next_dagrun for dag_shipment_sim to 2026-07-01 17:00:00+00:00, run_after=2026-07-01 18:00:00+00:00
[2026-07-01T17:36:36.385+0000] {processor.py:183} INFO - Processing /opt/airflow/dags/dag_shipment_sim.py took 0.055 seconds
[2026-07-01T17:37:07.100+0000] {processor.py:161} INFO - Started process (PID=34759) to work on /opt/airflow/dags/dag_shipment_sim.py
[2026-07-01T17:37:07.102+0000] {processor.py:830} INFO - Processing file /opt/airflow/dags/dag_shipment_sim.py for tasks to queue
[2026-07-01T17:37:07.103+0000] {logging_mixin.py:188} INFO - [2026-07-01T17:37:07.102+0000] {dagbag.py:545} INFO - Filling up the DagBag from /opt/airflow/dags/dag_shipment_sim.py
[2026-07-01T17:37:07.113+0000] {processor.py:840} INFO - DAG(s) 'dag_shipment_sim' retrieved from /opt/airflow/dags/dag_shipment_sim.py
[2026-07-01T17:37:07.127+0000] {logging_mixin.py:188} INFO - [2026-07-01T17:37:07.127+0000] {dag.py:3096} INFO - Sync 1 DAGs
[2026-07-01T17:37:07.140+0000] {logging_mixin.py:188} INFO - [2026-07-01T17:37:07.140+0000] {dag.py:3954} INFO - Setting next_dagrun for dag_shipment_sim to 2026-07-01 17:00:00+00:00, run_after=2026-07-01 18:00:00+00:00
[2026-07-01T17:37:07.149+0000] {processor.py:183} INFO - Processing /opt/airflow/dags/dag_shipment_sim.py took 0.055 seconds
[2026-07-01T17:37:38.175+0000] {processor.py:161} INFO - Started process (PID=34796) to work on /opt/airflow/dags/dag_shipment_sim.py
[2026-07-01T17:37:38.176+0000] {processor.py:830} INFO - Processing file /opt/airflow/dags/dag_shipment_sim.py for tasks to queue
[2026-07-01T17:37:38.177+0000] {logging_mixin.py:188} INFO - [2026-07-01T17:37:38.177+0000] {dagbag.py:545} INFO - Filling up the DagBag from /opt/airflow/dags/dag_shipment_sim.py
[2026-07-01T17:37:38.189+0000] {processor.py:840} INFO - DAG(s) 'dag_shipment_sim' retrieved from /opt/airflow/dags/dag_shipment_sim.py
[2026-07-01T17:37:38.204+0000] {logging_mixin.py:188} INFO - [2026-07-01T17:37:38.204+0000] {dag.py:3096} INFO - Sync 1 DAGs
[2026-07-01T17:37:38.217+0000] {logging_mixin.py:188} INFO - [2026-07-01T17:37:38.217+0000] {dag.py:3954} INFO - Setting next_dagrun for dag_shipment_sim to 2026-07-01 17:00:00+00:00, run_after=2026-07-01 18:00:00+00:00
[2026-07-01T17:37:38.228+0000] {processor.py:183} INFO - Processing /opt/airflow/dags/dag_shipment_sim.py took 0.063 seconds
[2026-07-01T17:38:09.302+0000] {processor.py:161} INFO - Started process (PID=34833) to work on /opt/airflow/dags/dag_shipment_sim.py
[2026-07-01T17:38:09.303+0000] {processor.py:830} INFO - Processing file /opt/airflow/dags/dag_shipment_sim.py for tasks to queue
[2026-07-01T17:38:09.304+0000] {logging_mixin.py:188} INFO - [2026-07-01T17:38:09.304+0000] {dagbag.py:545} INFO - Filling up the DagBag from /opt/airflow/dags/dag_shipment_sim.py
[2026-07-01T17:38:09.313+0000] {processor.py:840} INFO - DAG(s) 'dag_shipment_sim' retrieved from /opt/airflow/dags/dag_shipment_sim.py
[2026-07-01T17:38:09.325+0000] {logging_mixin.py:188} INFO - [2026-07-01T17:38:09.325+0000] {dag.py:3096} INFO - Sync 1 DAGs
[2026-07-01T17:38:09.335+0000] {logging_mixin.py:188} INFO - [2026-07-01T17:38:09.334+0000] {dag.py:3954} INFO - Setting next_dagrun for dag_shipment_sim to 2026-07-01 17:00:00+00:00, run_after=2026-07-01 18:00:00+00:00
[2026-07-01T17:38:09.344+0000] {processor.py:183} INFO - Processing /opt/airflow/dags/dag_shipment_sim.py took 0.048 seconds
[2026-07-01T17:38:40.410+0000] {processor.py:161} INFO - Started process (PID=34870) to work on /opt/airflow/dags/dag_shipment_sim.py
[2026-07-01T17:38:40.411+0000] {processor.py:830} INFO - Processing file /opt/airflow/dags/dag_shipment_sim.py for tasks to queue
[2026-07-01T17:38:40.412+0000] {logging_mixin.py:188} INFO - [2026-07-01T17:38:40.412+0000] {dagbag.py:545} INFO - Filling up the DagBag from /opt/airflow/dags/dag_shipment_sim.py
[2026-07-01T17:38:40.424+0000] {processor.py:840} INFO - DAG(s) 'dag_shipment_sim' retrieved from /opt/airflow/dags/dag_shipment_sim.py
[2026-07-01T17:38:40.441+0000] {logging_mixin.py:188} INFO - [2026-07-01T17:38:40.440+0000] {dag.py:3096} INFO - Sync 1 DAGs
[2026-07-01T17:38:40.454+0000] {logging_mixin.py:188} INFO - [2026-07-01T17:38:40.453+0000] {dag.py:3954} INFO - Setting next_dagrun for dag_shipment_sim to 2026-07-01 17:00:00+00:00, run_after=2026-07-01 18:00:00+00:00
[2026-07-01T17:38:40.464+0000] {processor.py:183} INFO - Processing /opt/airflow/dags/dag_shipment_sim.py took 0.061 seconds
[2026-07-01T17:39:11.666+0000] {processor.py:161} INFO - Started process (PID=34907) to work on /opt/airflow/dags/dag_shipment_sim.py
[2026-07-01T17:39:11.667+0000] {processor.py:830} INFO - Processing file /opt/airflow/dags/dag_shipment_sim.py for tasks to queue
[2026-07-01T17:39:11.668+0000] {logging_mixin.py:188} INFO - [2026-07-01T17:39:11.668+0000] {dagbag.py:545} INFO - Filling up the DagBag from /opt/airflow/dags/dag_shipment_sim.py
[2026-07-01T17:39:11.678+0000] {processor.py:840} INFO - DAG(s) 'dag_shipment_sim' retrieved from /opt/airflow/dags/dag_shipment_sim.py
[2026-07-01T17:39:11.692+0000] {logging_mixin.py:188} INFO - [2026-07-01T17:39:11.692+0000] {dag.py:3096} INFO - Sync 1 DAGs
[2026-07-01T17:39:11.703+0000] {logging_mixin.py:188} INFO - [2026-07-01T17:39:11.703+0000] {dag.py:3954} INFO - Setting next_dagrun for dag_shipment_sim to 2026-07-01 17:00:00+00:00, run_after=2026-07-01 18:00:00+00:00
[2026-07-01T17:39:11.713+0000] {processor.py:183} INFO - Processing /opt/airflow/dags/dag_shipment_sim.py took 0.053 seconds
[2026-07-01T17:39:42.646+0000] {processor.py:161} INFO - Started process (PID=34944) to work on /opt/airflow/dags/dag_shipment_sim.py
[2026-07-01T17:39:42.647+0000] {processor.py:830} INFO - Processing file /opt/airflow/dags/dag_shipment_sim.py for tasks to queue
[2026-07-01T17:39:42.648+0000] {logging_mixin.py:188} INFO - [2026-07-01T17:39:42.648+0000] {dagbag.py:545} INFO - Filling up the DagBag from /opt/airflow/dags/dag_shipment_sim.py
[2026-07-01T17:39:42.659+0000] {processor.py:840} INFO - DAG(s) 'dag_shipment_sim' retrieved from /opt/airflow/dags/dag_shipment_sim.py
[2026-07-01T17:39:42.673+0000] {logging_mixin.py:188} INFO - [2026-07-01T17:39:42.673+0000] {dag.py:3096} INFO - Sync 1 DAGs
[2026-07-01T17:39:42.686+0000] {logging_mixin.py:188} INFO - [2026-07-01T17:39:42.686+0000] {dag.py:3954} INFO - Setting next_dagrun for dag_shipment_sim to 2026-07-01 17:00:00+00:00, run_after=2026-07-01 18:00:00+00:00
[2026-07-01T17:39:42.697+0000] {processor.py:183} INFO - Processing /opt/airflow/dags/dag_shipment_sim.py took 0.061 seconds
[2026-07-01T17:40:13.802+0000] {processor.py:161} INFO - Started process (PID=34981) to work on /opt/airflow/dags/dag_shipment_sim.py
[2026-07-01T17:40:13.805+0000] {processor.py:830} INFO - Processing file /opt/airflow/dags/dag_shipment_sim.py for tasks to queue
[2026-07-01T17:40:13.806+0000] {logging_mixin.py:188} INFO - [2026-07-01T17:40:13.806+0000] {dagbag.py:545} INFO - Filling up the DagBag from /opt/airflow/dags/dag_shipment_sim.py
[2026-07-01T17:40:13.821+0000] {processor.py:840} INFO - DAG(s) 'dag_shipment_sim' retrieved from /opt/airflow/dags/dag_shipment_sim.py
[2026-07-01T17:40:13.839+0000] {logging_mixin.py:188} INFO - [2026-07-01T17:40:13.839+0000] {dag.py:3096} INFO - Sync 1 DAGs
[2026-07-01T17:40:13.856+0000] {logging_mixin.py:188} INFO - [2026-07-01T17:40:13.855+0000] {dag.py:3954} INFO - Setting next_dagrun for dag_shipment_sim to 2026-07-01 17:00:00+00:00, run_after=2026-07-01 18:00:00+00:00
[2026-07-01T17:40:13.871+0000] {processor.py:183} INFO - Processing /opt/airflow/dags/dag_shipment_sim.py took 0.076 seconds
[2026-07-01T17:40:44.967+0000] {processor.py:161} INFO - Started process (PID=35018) to work on /opt/airflow/dags/dag_shipment_sim.py
[2026-07-01T17:40:44.968+0000] {processor.py:830} INFO - Processing file /opt/airflow/dags/dag_shipment_sim.py for tasks to queue
[2026-07-01T17:40:44.969+0000] {logging_mixin.py:188} INFO - [2026-07-01T17:40:44.969+0000] {dagbag.py:545} INFO - Filling up the DagBag from /opt/airflow/dags/dag_shipment_sim.py
[2026-07-01T17:40:44.988+0000] {processor.py:840} INFO - DAG(s) 'dag_shipment_sim' retrieved from /opt/airflow/dags/dag_shipment_sim.py
[2026-07-01T17:40:45.007+0000] {logging_mixin.py:188} INFO - [2026-07-01T17:40:45.007+0000] {dag.py:3096} INFO - Sync 1 DAGs
[2026-07-01T17:40:45.024+0000] {logging_mixin.py:188} INFO - [2026-07-01T17:40:45.023+0000] {dag.py:3954} INFO - Setting next_dagrun for dag_shipment_sim to 2026-07-01 17:00:00+00:00, run_after=2026-07-01 18:00:00+00:00
[2026-07-01T17:40:45.037+0000] {processor.py:183} INFO - Processing /opt/airflow/dags/dag_shipment_sim.py took 0.076 seconds
[2026-07-01T17:41:16.281+0000] {processor.py:161} INFO - Started process (PID=35055) to work on /opt/airflow/dags/dag_shipment_sim.py
[2026-07-01T17:41:16.282+0000] {processor.py:830} INFO - Processing file /opt/airflow/dags/dag_shipment_sim.py for tasks to queue
[2026-07-01T17:41:16.284+0000] {logging_mixin.py:188} INFO - [2026-07-01T17:41:16.284+0000] {dagbag.py:545} INFO - Filling up the DagBag from /opt/airflow/dags/dag_shipment_sim.py
[2026-07-01T17:41:16.295+0000] {processor.py:840} INFO - DAG(s) 'dag_shipment_sim' retrieved from /opt/airflow/dags/dag_shipment_sim.py
[2026-07-01T17:41:16.311+0000] {logging_mixin.py:188} INFO - [2026-07-01T17:41:16.311+0000] {dag.py:3096} INFO - Sync 1 DAGs
[2026-07-01T17:41:16.325+0000] {logging_mixin.py:188} INFO - [2026-07-01T17:41:16.325+0000] {dag.py:3954} INFO - Setting next_dagrun for dag_shipment_sim to 2026-07-01 17:00:00+00:00, run_after=2026-07-01 18:00:00+00:00
[2026-07-01T17:41:16.336+0000] {processor.py:183} INFO - Processing /opt/airflow/dags/dag_shipment_sim.py took 0.062 seconds
[2026-07-01T17:41:47.440+0000] {processor.py:161} INFO - Started process (PID=35092) to work on /opt/airflow/dags/dag_shipment_sim.py
[2026-07-01T17:41:47.442+0000] {processor.py:830} INFO - Processing file /opt/airflow/dags/dag_shipment_sim.py for tasks to queue
[2026-07-01T17:41:47.443+0000] {logging_mixin.py:188} INFO - [2026-07-01T17:41:47.443+0000] {dagbag.py:545} INFO - Filling up the DagBag from /opt/airflow/dags/dag_shipment_sim.py
[2026-07-01T17:41:47.454+0000] {processor.py:840} INFO - DAG(s) 'dag_shipment_sim' retrieved from /opt/airflow/dags/dag_shipment_sim.py
[2026-07-01T17:41:47.468+0000] {logging_mixin.py:188} INFO - [2026-07-01T17:41:47.468+0000] {dag.py:3096} INFO - Sync 1 DAGs
[2026-07-01T17:41:47.480+0000] {logging_mixin.py:188} INFO - [2026-07-01T17:41:47.480+0000] {dag.py:3954} INFO - Setting next_dagrun for dag_shipment_sim to 2026-07-01 17:00:00+00:00, run_after=2026-07-01 18:00:00+00:00
[2026-07-01T17:41:47.490+0000] {processor.py:183} INFO - Processing /opt/airflow/dags/dag_shipment_sim.py took 0.055 seconds
[2026-07-01T17:42:18.509+0000] {processor.py:161} INFO - Started process (PID=35129) to work on /opt/airflow/dags/dag_shipment_sim.py
[2026-07-01T17:42:18.510+0000] {processor.py:830} INFO - Processing file /opt/airflow/dags/dag_shipment_sim.py for tasks to queue
[2026-07-01T17:42:18.511+0000] {logging_mixin.py:188} INFO - [2026-07-01T17:42:18.511+0000] {dagbag.py:545} INFO - Filling up the DagBag from /opt/airflow/dags/dag_shipment_sim.py
[2026-07-01T17:42:18.521+0000] {processor.py:840} INFO - DAG(s) 'dag_shipment_sim' retrieved from /opt/airflow/dags/dag_shipment_sim.py
[2026-07-01T17:42:18.537+0000] {logging_mixin.py:188} INFO - [2026-07-01T17:42:18.537+0000] {dag.py:3096} INFO - Sync 1 DAGs
[2026-07-01T17:42:18.550+0000] {logging_mixin.py:188} INFO - [2026-07-01T17:42:18.550+0000] {dag.py:3954} INFO - Setting next_dagrun for dag_shipment_sim to 2026-07-01 17:00:00+00:00, run_after=2026-07-01 18:00:00+00:00
[2026-07-01T17:42:18.561+0000] {processor.py:183} INFO - Processing /opt/airflow/dags/dag_shipment_sim.py took 0.058 seconds
[2026-07-01T17:42:49.586+0000] {processor.py:161} INFO - Started process (PID=35166) to work on /opt/airflow/dags/dag_shipment_sim.py
[2026-07-01T17:42:49.587+0000] {processor.py:830} INFO - Processing file /opt/airflow/dags/dag_shipment_sim.py for tasks to queue
[2026-07-01T17:42:49.588+0000] {logging_mixin.py:188} INFO - [2026-07-01T17:42:49.588+0000] {dagbag.py:545} INFO - Filling up the DagBag from /opt/airflow/dags/dag_shipment_sim.py
[2026-07-01T17:42:49.597+0000] {processor.py:840} INFO - DAG(s) 'dag_shipment_sim' retrieved from /opt/airflow/dags/dag_shipment_sim.py
[2026-07-01T17:42:49.615+0000] {logging_mixin.py:188} INFO - [2026-07-01T17:42:49.615+0000] {dag.py:3096} INFO - Sync 1 DAGs
[2026-07-01T17:42:49.629+0000] {logging_mixin.py:188} INFO - [2026-07-01T17:42:49.629+0000] {dag.py:3954} INFO - Setting next_dagrun for dag_shipment_sim to 2026-07-01 17:00:00+00:00, run_after=2026-07-01 18:00:00+00:00
[2026-07-01T17:42:49.640+0000] {processor.py:183} INFO - Processing /opt/airflow/dags/dag_shipment_sim.py took 0.061 seconds
[2026-07-01T17:43:19.869+0000] {processor.py:161} INFO - Started process (PID=35199) to work on /opt/airflow/dags/dag_shipment_sim.py
[2026-07-01T17:43:19.870+0000] {processor.py:830} INFO - Processing file /opt/airflow/dags/dag_shipment_sim.py for tasks to queue
[2026-07-01T17:43:19.871+0000] {logging_mixin.py:188} INFO - [2026-07-01T17:43:19.871+0000] {dagbag.py:545} INFO - Filling up the DagBag from /opt/airflow/dags/dag_shipment_sim.py
[2026-07-01T17:43:19.880+0000] {processor.py:840} INFO - DAG(s) 'dag_shipment_sim' retrieved from /opt/airflow/dags/dag_shipment_sim.py
[2026-07-01T17:43:19.894+0000] {logging_mixin.py:188} INFO - [2026-07-01T17:43:19.894+0000] {dag.py:3096} INFO - Sync 1 DAGs
[2026-07-01T17:43:19.905+0000] {logging_mixin.py:188} INFO - [2026-07-01T17:43:19.904+0000] {dag.py:3954} INFO - Setting next_dagrun for dag_shipment_sim to 2026-07-01 17:00:00+00:00, run_after=2026-07-01 18:00:00+00:00
[2026-07-01T17:43:19.913+0000] {processor.py:183} INFO - Processing /opt/airflow/dags/dag_shipment_sim.py took 0.049 seconds
[2026-07-01T17:43:50.171+0000] {processor.py:161} INFO - Started process (PID=35236) to work on /opt/airflow/dags/dag_shipment_sim.py
[2026-07-01T17:43:50.173+0000] {processor.py:830} INFO - Processing file /opt/airflow/dags/dag_shipment_sim.py for tasks to queue
[2026-07-01T17:43:50.176+0000] {logging_mixin.py:188} INFO - [2026-07-01T17:43:50.176+0000] {dagbag.py:545} INFO - Filling up the DagBag from /opt/airflow/dags/dag_shipment_sim.py
[2026-07-01T17:43:50.185+0000] {processor.py:840} INFO - DAG(s) 'dag_shipment_sim' retrieved from /opt/airflow/dags/dag_shipment_sim.py
[2026-07-01T17:43:50.198+0000] {logging_mixin.py:188} INFO - [2026-07-01T17:43:50.198+0000] {dag.py:3096} INFO - Sync 1 DAGs
[2026-07-01T17:43:50.209+0000] {logging_mixin.py:188} INFO - [2026-07-01T17:43:50.209+0000] {dag.py:3954} INFO - Setting next_dagrun for dag_shipment_sim to 2026-07-01 17:00:00+00:00, run_after=2026-07-01 18:00:00+00:00
[2026-07-01T17:43:50.221+0000] {processor.py:183} INFO - Processing /opt/airflow/dags/dag_shipment_sim.py took 0.063 seconds
[2026-07-01T17:44:20.453+0000] {processor.py:161} INFO - Started process (PID=35273) to work on /opt/airflow/dags/dag_shipment_sim.py
[2026-07-01T17:44:20.454+0000] {processor.py:830} INFO - Processing file /opt/airflow/dags/dag_shipment_sim.py for tasks to queue
[2026-07-01T17:44:20.455+0000] {logging_mixin.py:188} INFO - [2026-07-01T17:44:20.455+0000] {dagbag.py:545} INFO - Filling up the DagBag from /opt/airflow/dags/dag_shipment_sim.py
[2026-07-01T17:44:20.464+0000] {processor.py:840} INFO - DAG(s) 'dag_shipment_sim' retrieved from /opt/airflow/dags/dag_shipment_sim.py
[2026-07-01T17:44:20.478+0000] {logging_mixin.py:188} INFO - [2026-07-01T17:44:20.478+0000] {dag.py:3096} INFO - Sync 1 DAGs
[2026-07-01T17:44:20.489+0000] {logging_mixin.py:188} INFO - [2026-07-01T17:44:20.488+0000] {dag.py:3954} INFO - Setting next_dagrun for dag_shipment_sim to 2026-07-01 17:00:00+00:00, run_after=2026-07-01 18:00:00+00:00
[2026-07-01T17:44:20.498+0000] {processor.py:183} INFO - Processing /opt/airflow/dags/dag_shipment_sim.py took 0.049 seconds
[2026-07-01T17:44:51.613+0000] {processor.py:161} INFO - Started process (PID=35310) to work on /opt/airflow/dags/dag_shipment_sim.py
[2026-07-01T17:44:51.613+0000] {processor.py:830} INFO - Processing file /opt/airflow/dags/dag_shipment_sim.py for tasks to queue
[2026-07-01T17:44:51.614+0000] {logging_mixin.py:188} INFO - [2026-07-01T17:44:51.614+0000] {dagbag.py:545} INFO - Filling up the DagBag from /opt/airflow/dags/dag_shipment_sim.py
[2026-07-01T17:44:51.624+0000] {processor.py:840} INFO - DAG(s) 'dag_shipment_sim' retrieved from /opt/airflow/dags/dag_shipment_sim.py
[2026-07-01T17:44:51.638+0000] {logging_mixin.py:188} INFO - [2026-07-01T17:44:51.638+0000] {dag.py:3096} INFO - Sync 1 DAGs
[2026-07-01T17:44:51.654+0000] {logging_mixin.py:188} INFO - [2026-07-01T17:44:51.654+0000] {dag.py:3954} INFO - Setting next_dagrun for dag_shipment_sim to 2026-07-01 17:00:00+00:00, run_after=2026-07-01 18:00:00+00:00
[2026-07-01T17:44:51.665+0000] {processor.py:183} INFO - Processing /opt/airflow/dags/dag_shipment_sim.py took 0.056 seconds
[2026-07-01T17:45:22.002+0000] {processor.py:161} INFO - Started process (PID=35347) to work on /opt/airflow/dags/dag_shipment_sim.py
[2026-07-01T17:45:22.002+0000] {processor.py:830} INFO - Processing file /opt/airflow/dags/dag_shipment_sim.py for tasks to queue
[2026-07-01T17:45:22.003+0000] {logging_mixin.py:188} INFO - [2026-07-01T17:45:22.003+0000] {dagbag.py:545} INFO - Filling up the DagBag from /opt/airflow/dags/dag_shipment_sim.py
[2026-07-01T17:45:22.012+0000] {processor.py:840} INFO - DAG(s) 'dag_shipment_sim' retrieved from /opt/airflow/dags/dag_shipment_sim.py
[2026-07-01T17:45:22.025+0000] {logging_mixin.py:188} INFO - [2026-07-01T17:45:22.024+0000] {dag.py:3096} INFO - Sync 1 DAGs
[2026-07-01T17:45:22.035+0000] {logging_mixin.py:188} INFO - [2026-07-01T17:45:22.035+0000] {dag.py:3954} INFO - Setting next_dagrun for dag_shipment_sim to 2026-07-01 17:00:00+00:00, run_after=2026-07-01 18:00:00+00:00
[2026-07-01T17:45:22.044+0000] {processor.py:183} INFO - Processing /opt/airflow/dags/dag_shipment_sim.py took 0.048 seconds
[2026-07-01T17:45:52.282+0000] {processor.py:161} INFO - Started process (PID=35384) to work on /opt/airflow/dags/dag_shipment_sim.py
[2026-07-01T17:45:52.283+0000] {processor.py:830} INFO - Processing file /opt/airflow/dags/dag_shipment_sim.py for tasks to queue
[2026-07-01T17:45:52.284+0000] {logging_mixin.py:188} INFO - [2026-07-01T17:45:52.284+0000] {dagbag.py:545} INFO - Filling up the DagBag from /opt/airflow/dags/dag_shipment_sim.py
[2026-07-01T17:45:52.296+0000] {processor.py:840} INFO - DAG(s) 'dag_shipment_sim' retrieved from /opt/airflow/dags/dag_shipment_sim.py
[2026-07-01T17:45:52.311+0000] {logging_mixin.py:188} INFO - [2026-07-01T17:45:52.311+0000] {dag.py:3096} INFO - Sync 1 DAGs
[2026-07-01T17:45:52.321+0000] {logging_mixin.py:188} INFO - [2026-07-01T17:45:52.321+0000] {dag.py:3954} INFO - Setting next_dagrun for dag_shipment_sim to 2026-07-01 17:00:00+00:00, run_after=2026-07-01 18:00:00+00:00
[2026-07-01T17:45:52.330+0000] {processor.py:183} INFO - Processing /opt/airflow/dags/dag_shipment_sim.py took 0.064 seconds
[2026-07-01T17:46:22.767+0000] {processor.py:161} INFO - Started process (PID=35421) to work on /opt/airflow/dags/dag_shipment_sim.py
[2026-07-01T17:46:22.769+0000] {processor.py:830} INFO - Processing file /opt/airflow/dags/dag_shipment_sim.py for tasks to queue
[2026-07-01T17:46:22.769+0000] {logging_mixin.py:188} INFO - [2026-07-01T17:46:22.769+0000] {dagbag.py:545} INFO - Filling up the DagBag from /opt/airflow/dags/dag_shipment_sim.py
[2026-07-01T17:46:22.819+0000] {processor.py:840} INFO - DAG(s) 'dag_shipment_sim' retrieved from /opt/airflow/dags/dag_shipment_sim.py
[2026-07-01T17:46:22.840+0000] {logging_mixin.py:188} INFO - [2026-07-01T17:46:22.840+0000] {dag.py:3096} INFO - Sync 1 DAGs
[2026-07-01T17:46:22.857+0000] {logging_mixin.py:188} INFO - [2026-07-01T17:46:22.857+0000] {dag.py:3954} INFO - Setting next_dagrun for dag_shipment_sim to 2026-07-01 17:00:00+00:00, run_after=2026-07-01 18:00:00+00:00
[2026-07-01T17:46:22.869+0000] {processor.py:183} INFO - Processing /opt/airflow/dags/dag_shipment_sim.py took 0.108 seconds
[2026-07-01T17:46:53.364+0000] {processor.py:161} INFO - Started process (PID=35458) to work on /opt/airflow/dags/dag_shipment_sim.py
[2026-07-01T17:46:53.365+0000] {processor.py:830} INFO - Processing file /opt/airflow/dags/dag_shipment_sim.py for tasks to queue
[2026-07-01T17:46:53.366+0000] {logging_mixin.py:188} INFO - [2026-07-01T17:46:53.366+0000] {dagbag.py:545} INFO - Filling up the DagBag from /opt/airflow/dags/dag_shipment_sim.py
[2026-07-01T17:46:53.376+0000] {processor.py:840} INFO - DAG(s) 'dag_shipment_sim' retrieved from /opt/airflow/dags/dag_shipment_sim.py
[2026-07-01T17:46:53.389+0000] {logging_mixin.py:188} INFO - [2026-07-01T17:46:53.389+0000] {dag.py:3096} INFO - Sync 1 DAGs
[2026-07-01T17:46:53.399+0000] {logging_mixin.py:188} INFO - [2026-07-01T17:46:53.399+0000] {dag.py:3954} INFO - Setting next_dagrun for dag_shipment_sim to 2026-07-01 17:00:00+00:00, run_after=2026-07-01 18:00:00+00:00
[2026-07-01T17:46:53.409+0000] {processor.py:183} INFO - Processing /opt/airflow/dags/dag_shipment_sim.py took 0.047 seconds
[2026-07-01T17:47:24.541+0000] {processor.py:161} INFO - Started process (PID=35495) to work on /opt/airflow/dags/dag_shipment_sim.py
[2026-07-01T17:47:24.542+0000] {processor.py:830} INFO - Processing file /opt/airflow/dags/dag_shipment_sim.py for tasks to queue
[2026-07-01T17:47:24.543+0000] {logging_mixin.py:188} INFO - [2026-07-01T17:47:24.543+0000] {dagbag.py:545} INFO - Filling up the DagBag from /opt/airflow/dags/dag_shipment_sim.py
[2026-07-01T17:47:24.553+0000] {processor.py:840} INFO - DAG(s) 'dag_shipment_sim' retrieved from /opt/airflow/dags/dag_shipment_sim.py
[2026-07-01T17:47:24.567+0000] {logging_mixin.py:188} INFO - [2026-07-01T17:47:24.566+0000] {dag.py:3096} INFO - Sync 1 DAGs
[2026-07-01T17:47:24.579+0000] {logging_mixin.py:188} INFO - [2026-07-01T17:47:24.579+0000] {dag.py:3954} INFO - Setting next_dagrun for dag_shipment_sim to 2026-07-01 17:00:00+00:00, run_after=2026-07-01 18:00:00+00:00
[2026-07-01T17:47:24.589+0000] {processor.py:183} INFO - Processing /opt/airflow/dags/dag_shipment_sim.py took 0.052 seconds
[2026-07-01T17:47:54.864+0000] {processor.py:161} INFO - Started process (PID=35532) to work on /opt/airflow/dags/dag_shipment_sim.py
[2026-07-01T17:47:54.865+0000] {processor.py:830} INFO - Processing file /opt/airflow/dags/dag_shipment_sim.py for tasks to queue
[2026-07-01T17:47:54.865+0000] {logging_mixin.py:188} INFO - [2026-07-01T17:47:54.865+0000] {dagbag.py:545} INFO - Filling up the DagBag from /opt/airflow/dags/dag_shipment_sim.py
[2026-07-01T17:47:54.874+0000] {processor.py:840} INFO - DAG(s) 'dag_shipment_sim' retrieved from /opt/airflow/dags/dag_shipment_sim.py
[2026-07-01T17:47:54.888+0000] {logging_mixin.py:188} INFO - [2026-07-01T17:47:54.888+0000] {dag.py:3096} INFO - Sync 1 DAGs
[2026-07-01T17:47:54.901+0000] {logging_mixin.py:188} INFO - [2026-07-01T17:47:54.901+0000] {dag.py:3954} INFO - Setting next_dagrun for dag_shipment_sim to 2026-07-01 17:00:00+00:00, run_after=2026-07-01 18:00:00+00:00
[2026-07-01T17:47:54.912+0000] {processor.py:183} INFO - Processing /opt/airflow/dags/dag_shipment_sim.py took 0.053 seconds
[2026-07-01T17:48:25.304+0000] {processor.py:161} INFO - Started process (PID=35569) to work on /opt/airflow/dags/dag_shipment_sim.py
[2026-07-01T17:48:25.306+0000] {processor.py:830} INFO - Processing file /opt/airflow/dags/dag_shipment_sim.py for tasks to queue
[2026-07-01T17:48:25.307+0000] {logging_mixin.py:188} INFO - [2026-07-01T17:48:25.306+0000] {dagbag.py:545} INFO - Filling up the DagBag from /opt/airflow/dags/dag_shipment_sim.py
[2026-07-01T17:48:25.317+0000] {processor.py:840} INFO - DAG(s) 'dag_shipment_sim' retrieved from /opt/airflow/dags/dag_shipment_sim.py
[2026-07-01T17:48:25.331+0000] {logging_mixin.py:188} INFO - [2026-07-01T17:48:25.331+0000] {dag.py:3096} INFO - Sync 1 DAGs
[2026-07-01T17:48:25.342+0000] {logging_mixin.py:188} INFO - [2026-07-01T17:48:25.341+0000] {dag.py:3954} INFO - Setting next_dagrun for dag_shipment_sim to 2026-07-01 17:00:00+00:00, run_after=2026-07-01 18:00:00+00:00
[2026-07-01T17:48:25.351+0000] {processor.py:183} INFO - Processing /opt/airflow/dags/dag_shipment_sim.py took 0.061 seconds
[2026-07-01T17:48:55.697+0000] {processor.py:161} INFO - Started process (PID=35606) to work on /opt/airflow/dags/dag_shipment_sim.py
[2026-07-01T17:48:55.699+0000] {processor.py:830} INFO - Processing file /opt/airflow/dags/dag_shipment_sim.py for tasks to queue
[2026-07-01T17:48:55.700+0000] {logging_mixin.py:188} INFO - [2026-07-01T17:48:55.700+0000] {dagbag.py:545} INFO - Filling up the DagBag from /opt/airflow/dags/dag_shipment_sim.py
[2026-07-01T17:48:55.713+0000] {processor.py:840} INFO - DAG(s) 'dag_shipment_sim' retrieved from /opt/airflow/dags/dag_shipment_sim.py
[2026-07-01T17:48:55.726+0000] {logging_mixin.py:188} INFO - [2026-07-01T17:48:55.725+0000] {dag.py:3096} INFO - Sync 1 DAGs
[2026-07-01T17:48:55.736+0000] {logging_mixin.py:188} INFO - [2026-07-01T17:48:55.736+0000] {dag.py:3954} INFO - Setting next_dagrun for dag_shipment_sim to 2026-07-01 17:00:00+00:00, run_after=2026-07-01 18:00:00+00:00
[2026-07-01T17:48:55.746+0000] {processor.py:183} INFO - Processing /opt/airflow/dags/dag_shipment_sim.py took 0.052 seconds
[2026-07-01T17:49:26.156+0000] {processor.py:161} INFO - Started process (PID=35643) to work on /opt/airflow/dags/dag_shipment_sim.py
[2026-07-01T17:49:26.157+0000] {processor.py:830} INFO - Processing file /opt/airflow/dags/dag_shipment_sim.py for tasks to queue
[2026-07-01T17:49:26.158+0000] {logging_mixin.py:188} INFO - [2026-07-01T17:49:26.158+0000] {dagbag.py:545} INFO - Filling up the DagBag from /opt/airflow/dags/dag_shipment_sim.py
[2026-07-01T17:49:26.169+0000] {processor.py:840} INFO - DAG(s) 'dag_shipment_sim' retrieved from /opt/airflow/dags/dag_shipment_sim.py
[2026-07-01T17:49:26.182+0000] {logging_mixin.py:188} INFO - [2026-07-01T17:49:26.182+0000] {dag.py:3096} INFO - Sync 1 DAGs
[2026-07-01T17:49:26.198+0000] {logging_mixin.py:188} INFO - [2026-07-01T17:49:26.198+0000] {dag.py:3954} INFO - Setting next_dagrun for dag_shipment_sim to 2026-07-01 17:00:00+00:00, run_after=2026-07-01 18:00:00+00:00
[2026-07-01T17:49:26.207+0000] {processor.py:183} INFO - Processing /opt/airflow/dags/dag_shipment_sim.py took 0.056 seconds
[2026-07-01T17:49:56.599+0000] {processor.py:161} INFO - Started process (PID=35680) to work on /opt/airflow/dags/dag_shipment_sim.py
[2026-07-01T17:49:56.600+0000] {processor.py:830} INFO - Processing file /opt/airflow/dags/dag_shipment_sim.py for tasks to queue
[2026-07-01T17:49:56.602+0000] {logging_mixin.py:188} INFO - [2026-07-01T17:49:56.602+0000] {dagbag.py:545} INFO - Filling up the DagBag from /opt/airflow/dags/dag_shipment_sim.py
[2026-07-01T17:49:56.612+0000] {processor.py:840} INFO - DAG(s) 'dag_shipment_sim' retrieved from /opt/airflow/dags/dag_shipment_sim.py
[2026-07-01T17:49:56.625+0000] {logging_mixin.py:188} INFO - [2026-07-01T17:49:56.625+0000] {dag.py:3096} INFO - Sync 1 DAGs
[2026-07-01T17:49:56.637+0000] {logging_mixin.py:188} INFO - [2026-07-01T17:49:56.637+0000] {dag.py:3954} INFO - Setting next_dagrun for dag_shipment_sim to 2026-07-01 17:00:00+00:00, run_after=2026-07-01 18:00:00+00:00
[2026-07-01T17:49:56.646+0000] {processor.py:183} INFO - Processing /opt/airflow/dags/dag_shipment_sim.py took 0.054 seconds
[2026-07-01T17:50:27.081+0000] {processor.py:161} INFO - Started process (PID=35717) to work on /opt/airflow/dags/dag_shipment_sim.py
[2026-07-01T17:50:27.082+0000] {processor.py:830} INFO - Processing file /opt/airflow/dags/dag_shipment_sim.py for tasks to queue
[2026-07-01T17:50:27.083+0000] {logging_mixin.py:188} INFO - [2026-07-01T17:50:27.083+0000] {dagbag.py:545} INFO - Filling up the DagBag from /opt/airflow/dags/dag_shipment_sim.py
[2026-07-01T17:50:27.098+0000] {processor.py:840} INFO - DAG(s) 'dag_shipment_sim' retrieved from /opt/airflow/dags/dag_shipment_sim.py
[2026-07-01T17:50:27.114+0000] {logging_mixin.py:188} INFO - [2026-07-01T17:50:27.114+0000] {dag.py:3096} INFO - Sync 1 DAGs
[2026-07-01T17:50:27.125+0000] {logging_mixin.py:188} INFO - [2026-07-01T17:50:27.125+0000] {dag.py:3954} INFO - Setting next_dagrun for dag_shipment_sim to 2026-07-01 17:00:00+00:00, run_after=2026-07-01 18:00:00+00:00
[2026-07-01T17:50:27.136+0000] {processor.py:183} INFO - Processing /opt/airflow/dags/dag_shipment_sim.py took 0.058 seconds
[2026-07-01T17:50:57.471+0000] {processor.py:161} INFO - Started process (PID=35754) to work on /opt/airflow/dags/dag_shipment_sim.py
[2026-07-01T17:50:57.472+0000] {processor.py:830} INFO - Processing file /opt/airflow/dags/dag_shipment_sim.py for tasks to queue
[2026-07-01T17:50:57.473+0000] {logging_mixin.py:188} INFO - [2026-07-01T17:50:57.472+0000] {dagbag.py:545} INFO - Filling up the DagBag from /opt/airflow/dags/dag_shipment_sim.py
[2026-07-01T17:50:57.482+0000] {processor.py:840} INFO - DAG(s) 'dag_shipment_sim' retrieved from /opt/airflow/dags/dag_shipment_sim.py
[2026-07-01T17:50:57.495+0000] {logging_mixin.py:188} INFO - [2026-07-01T17:50:57.494+0000] {dag.py:3096} INFO - Sync 1 DAGs
[2026-07-01T17:50:57.504+0000] {logging_mixin.py:188} INFO - [2026-07-01T17:50:57.504+0000] {dag.py:3954} INFO - Setting next_dagrun for dag_shipment_sim to 2026-07-01 17:00:00+00:00, run_after=2026-07-01 18:00:00+00:00
[2026-07-01T17:50:57.513+0000] {processor.py:183} INFO - Processing /opt/airflow/dags/dag_shipment_sim.py took 0.045 seconds
[2026-07-01T17:51:28.037+0000] {processor.py:161} INFO - Started process (PID=35791) to work on /opt/airflow/dags/dag_shipment_sim.py
[2026-07-01T17:51:28.038+0000] {processor.py:830} INFO - Processing file /opt/airflow/dags/dag_shipment_sim.py for tasks to queue
[2026-07-01T17:51:28.039+0000] {logging_mixin.py:188} INFO - [2026-07-01T17:51:28.039+0000] {dagbag.py:545} INFO - Filling up the DagBag from /opt/airflow/dags/dag_shipment_sim.py
[2026-07-01T17:51:28.048+0000] {processor.py:840} INFO - DAG(s) 'dag_shipment_sim' retrieved from /opt/airflow/dags/dag_shipment_sim.py
[2026-07-01T17:51:28.061+0000] {logging_mixin.py:188} INFO - [2026-07-01T17:51:28.061+0000] {dag.py:3096} INFO - Sync 1 DAGs
[2026-07-01T17:51:28.071+0000] {logging_mixin.py:188} INFO - [2026-07-01T17:51:28.071+0000] {dag.py:3954} INFO - Setting next_dagrun for dag_shipment_sim to 2026-07-01 17:00:00+00:00, run_after=2026-07-01 18:00:00+00:00
[2026-07-01T17:51:28.080+0000] {processor.py:183} INFO - Processing /opt/airflow/dags/dag_shipment_sim.py took 0.048 seconds
[2026-07-01T17:51:58.344+0000] {processor.py:161} INFO - Started process (PID=35828) to work on /opt/airflow/dags/dag_shipment_sim.py
[2026-07-01T17:51:58.345+0000] {processor.py:830} INFO - Processing file /opt/airflow/dags/dag_shipment_sim.py for tasks to queue
[2026-07-01T17:51:58.346+0000] {logging_mixin.py:188} INFO - [2026-07-01T17:51:58.346+0000] {dagbag.py:545} INFO - Filling up the DagBag from /opt/airflow/dags/dag_shipment_sim.py
[2026-07-01T17:51:58.356+0000] {processor.py:840} INFO - DAG(s) 'dag_shipment_sim' retrieved from /opt/airflow/dags/dag_shipment_sim.py
[2026-07-01T17:51:58.369+0000] {logging_mixin.py:188} INFO - [2026-07-01T17:51:58.368+0000] {dag.py:3096} INFO - Sync 1 DAGs
[2026-07-01T17:51:58.379+0000] {logging_mixin.py:188} INFO - [2026-07-01T17:51:58.379+0000] {dag.py:3954} INFO - Setting next_dagrun for dag_shipment_sim to 2026-07-01 17:00:00+00:00, run_after=2026-07-01 18:00:00+00:00
[2026-07-01T17:51:58.389+0000] {processor.py:183} INFO - Processing /opt/airflow/dags/dag_shipment_sim.py took 0.051 seconds
[2026-07-01T17:52:28.797+0000] {processor.py:161} INFO - Started process (PID=35865) to work on /opt/airflow/dags/dag_shipment_sim.py
[2026-07-01T17:52:28.798+0000] {processor.py:830} INFO - Processing file /opt/airflow/dags/dag_shipment_sim.py for tasks to queue
[2026-07-01T17:52:28.799+0000] {logging_mixin.py:188} INFO - [2026-07-01T17:52:28.799+0000] {dagbag.py:545} INFO - Filling up the DagBag from /opt/airflow/dags/dag_shipment_sim.py
[2026-07-01T17:52:28.809+0000] {processor.py:840} INFO - DAG(s) 'dag_shipment_sim' retrieved from /opt/airflow/dags/dag_shipment_sim.py
[2026-07-01T17:52:28.823+0000] {logging_mixin.py:188} INFO - [2026-07-01T17:52:28.823+0000] {dag.py:3096} INFO - Sync 1 DAGs
[2026-07-01T17:52:28.834+0000] {logging_mixin.py:188} INFO - [2026-07-01T17:52:28.834+0000] {dag.py:3954} INFO - Setting next_dagrun for dag_shipment_sim to 2026-07-01 17:00:00+00:00, run_after=2026-07-01 18:00:00+00:00
[2026-07-01T17:52:28.844+0000] {processor.py:183} INFO - Processing /opt/airflow/dags/dag_shipment_sim.py took 0.054 seconds
[2026-07-01T17:52:59.832+0000] {processor.py:161} INFO - Started process (PID=35902) to work on /opt/airflow/dags/dag_shipment_sim.py
[2026-07-01T17:52:59.837+0000] {processor.py:830} INFO - Processing file /opt/airflow/dags/dag_shipment_sim.py for tasks to queue
[2026-07-01T17:52:59.839+0000] {logging_mixin.py:188} INFO - [2026-07-01T17:52:59.839+0000] {dagbag.py:545} INFO - Filling up the DagBag from /opt/airflow/dags/dag_shipment_sim.py
[2026-07-01T17:52:59.886+0000] {processor.py:840} INFO - DAG(s) 'dag_shipment_sim' retrieved from /opt/airflow/dags/dag_shipment_sim.py
[2026-07-01T17:52:59.949+0000] {logging_mixin.py:188} INFO - [2026-07-01T17:52:59.949+0000] {dag.py:3096} INFO - Sync 1 DAGs
[2026-07-01T17:52:59.968+0000] {logging_mixin.py:188} INFO - [2026-07-01T17:52:59.968+0000] {dag.py:3954} INFO - Setting next_dagrun for dag_shipment_sim to 2026-07-01 17:00:00+00:00, run_after=2026-07-01 18:00:00+00:00
[2026-07-01T17:52:59.989+0000] {processor.py:183} INFO - Processing /opt/airflow/dags/dag_shipment_sim.py took 0.168 seconds
[2026-07-01T17:53:30.090+0000] {processor.py:161} INFO - Started process (PID=35937) to work on /opt/airflow/dags/dag_shipment_sim.py
[2026-07-01T17:53:30.091+0000] {processor.py:830} INFO - Processing file /opt/airflow/dags/dag_shipment_sim.py for tasks to queue
[2026-07-01T17:53:30.094+0000] {logging_mixin.py:188} INFO - [2026-07-01T17:53:30.094+0000] {dagbag.py:545} INFO - Filling up the DagBag from /opt/airflow/dags/dag_shipment_sim.py
[2026-07-01T17:53:30.116+0000] {processor.py:840} INFO - DAG(s) 'dag_shipment_sim' retrieved from /opt/airflow/dags/dag_shipment_sim.py
[2026-07-01T17:53:30.147+0000] {logging_mixin.py:188} INFO - [2026-07-01T17:53:30.147+0000] {dag.py:3096} INFO - Sync 1 DAGs
[2026-07-01T17:53:30.168+0000] {logging_mixin.py:188} INFO - [2026-07-01T17:53:30.167+0000] {dag.py:3954} INFO - Setting next_dagrun for dag_shipment_sim to 2026-07-01 17:00:00+00:00, run_after=2026-07-01 18:00:00+00:00
[2026-07-01T17:53:30.191+0000] {processor.py:183} INFO - Processing /opt/airflow/dags/dag_shipment_sim.py took 0.108 seconds
[2026-07-01T17:54:00.578+0000] {processor.py:161} INFO - Started process (PID=35974) to work on /opt/airflow/dags/dag_shipment_sim.py
[2026-07-01T17:54:00.580+0000] {processor.py:830} INFO - Processing file /opt/airflow/dags/dag_shipment_sim.py for tasks to queue
[2026-07-01T17:54:00.583+0000] {logging_mixin.py:188} INFO - [2026-07-01T17:54:00.583+0000] {dagbag.py:545} INFO - Filling up the DagBag from /opt/airflow/dags/dag_shipment_sim.py
[2026-07-01T17:54:00.639+0000] {processor.py:840} INFO - DAG(s) 'dag_shipment_sim' retrieved from /opt/airflow/dags/dag_shipment_sim.py
[2026-07-01T17:54:00.712+0000] {logging_mixin.py:188} INFO - [2026-07-01T17:54:00.712+0000] {dag.py:3096} INFO - Sync 1 DAGs
[2026-07-01T17:54:00.742+0000] {logging_mixin.py:188} INFO - [2026-07-01T17:54:00.742+0000] {dag.py:3954} INFO - Setting next_dagrun for dag_shipment_sim to 2026-07-01 17:00:00+00:00, run_after=2026-07-01 18:00:00+00:00
[2026-07-01T17:54:00.764+0000] {processor.py:183} INFO - Processing /opt/airflow/dags/dag_shipment_sim.py took 0.207 seconds
[2026-07-01T17:54:30.903+0000] {processor.py:161} INFO - Started process (PID=36011) to work on /opt/airflow/dags/dag_shipment_sim.py
[2026-07-01T17:54:30.905+0000] {processor.py:830} INFO - Processing file /opt/airflow/dags/dag_shipment_sim.py for tasks to queue
[2026-07-01T17:54:30.908+0000] {logging_mixin.py:188} INFO - [2026-07-01T17:54:30.907+0000] {dagbag.py:545} INFO - Filling up the DagBag from /opt/airflow/dags/dag_shipment_sim.py
[2026-07-01T17:54:30.939+0000] {processor.py:840} INFO - DAG(s) 'dag_shipment_sim' retrieved from /opt/airflow/dags/dag_shipment_sim.py
[2026-07-01T17:54:30.966+0000] {logging_mixin.py:188} INFO - [2026-07-01T17:54:30.966+0000] {dag.py:3096} INFO - Sync 1 DAGs
[2026-07-01T17:54:30.992+0000] {logging_mixin.py:188} INFO - [2026-07-01T17:54:30.991+0000] {dag.py:3954} INFO - Setting next_dagrun for dag_shipment_sim to 2026-07-01 17:00:00+00:00, run_after=2026-07-01 18:00:00+00:00
[2026-07-01T17:54:31.018+0000] {processor.py:183} INFO - Processing /opt/airflow/dags/dag_shipment_sim.py took 0.123 seconds
[2026-07-01T17:55:01.934+0000] {processor.py:161} INFO - Started process (PID=36048) to work on /opt/airflow/dags/dag_shipment_sim.py
[2026-07-01T17:55:01.937+0000] {processor.py:830} INFO - Processing file /opt/airflow/dags/dag_shipment_sim.py for tasks to queue
[2026-07-01T17:55:01.955+0000] {logging_mixin.py:188} INFO - [2026-07-01T17:55:01.953+0000] {dagbag.py:545} INFO - Filling up the DagBag from /opt/airflow/dags/dag_shipment_sim.py
[2026-07-01T17:55:01.999+0000] {processor.py:840} INFO - DAG(s) 'dag_shipment_sim' retrieved from /opt/airflow/dags/dag_shipment_sim.py
[2026-07-01T17:55:02.053+0000] {logging_mixin.py:188} INFO - [2026-07-01T17:55:02.053+0000] {dag.py:3096} INFO - Sync 1 DAGs
[2026-07-01T17:55:02.104+0000] {logging_mixin.py:188} INFO - [2026-07-01T17:55:02.104+0000] {dag.py:3954} INFO - Setting next_dagrun for dag_shipment_sim to 2026-07-01 17:00:00+00:00, run_after=2026-07-01 18:00:00+00:00
[2026-07-01T17:55:02.138+0000] {processor.py:183} INFO - Processing /opt/airflow/dags/dag_shipment_sim.py took 0.214 seconds
[2026-07-01T17:55:33.015+0000] {processor.py:161} INFO - Started process (PID=36085) to work on /opt/airflow/dags/dag_shipment_sim.py
[2026-07-01T17:55:33.017+0000] {processor.py:830} INFO - Processing file /opt/airflow/dags/dag_shipment_sim.py for tasks to queue
[2026-07-01T17:55:33.020+0000] {logging_mixin.py:188} INFO - [2026-07-01T17:55:33.019+0000] {dagbag.py:545} INFO - Filling up the DagBag from /opt/airflow/dags/dag_shipment_sim.py
[2026-07-01T17:55:33.043+0000] {processor.py:840} INFO - DAG(s) 'dag_shipment_sim' retrieved from /opt/airflow/dags/dag_shipment_sim.py
[2026-07-01T17:55:33.074+0000] {logging_mixin.py:188} INFO - [2026-07-01T17:55:33.074+0000] {dag.py:3096} INFO - Sync 1 DAGs
[2026-07-01T17:55:33.098+0000] {logging_mixin.py:188} INFO - [2026-07-01T17:55:33.098+0000] {dag.py:3954} INFO - Setting next_dagrun for dag_shipment_sim to 2026-07-01 17:00:00+00:00, run_after=2026-07-01 18:00:00+00:00
[2026-07-01T17:55:33.118+0000] {processor.py:183} INFO - Processing /opt/airflow/dags/dag_shipment_sim.py took 0.113 seconds
[2026-07-01T17:56:03.405+0000] {processor.py:161} INFO - Started process (PID=36122) to work on /opt/airflow/dags/dag_shipment_sim.py
[2026-07-01T17:56:03.406+0000] {processor.py:830} INFO - Processing file /opt/airflow/dags/dag_shipment_sim.py for tasks to queue
[2026-07-01T17:56:03.409+0000] {logging_mixin.py:188} INFO - [2026-07-01T17:56:03.408+0000] {dagbag.py:545} INFO - Filling up the DagBag from /opt/airflow/dags/dag_shipment_sim.py
[2026-07-01T17:56:03.434+0000] {processor.py:840} INFO - DAG(s) 'dag_shipment_sim' retrieved from /opt/airflow/dags/dag_shipment_sim.py
[2026-07-01T17:56:03.458+0000] {logging_mixin.py:188} INFO - [2026-07-01T17:56:03.457+0000] {dag.py:3096} INFO - Sync 1 DAGs
[2026-07-01T17:56:03.485+0000] {logging_mixin.py:188} INFO - [2026-07-01T17:56:03.484+0000] {dag.py:3954} INFO - Setting next_dagrun for dag_shipment_sim to 2026-07-01 17:00:00+00:00, run_after=2026-07-01 18:00:00+00:00
[2026-07-01T17:56:03.509+0000] {processor.py:183} INFO - Processing /opt/airflow/dags/dag_shipment_sim.py took 0.114 seconds
[2026-07-01T17:56:33.712+0000] {processor.py:161} INFO - Started process (PID=36159) to work on /opt/airflow/dags/dag_shipment_sim.py
[2026-07-01T17:56:33.714+0000] {processor.py:830} INFO - Processing file /opt/airflow/dags/dag_shipment_sim.py for tasks to queue
[2026-07-01T17:56:33.716+0000] {logging_mixin.py:188} INFO - [2026-07-01T17:56:33.716+0000] {dagbag.py:545} INFO - Filling up the DagBag from /opt/airflow/dags/dag_shipment_sim.py
[2026-07-01T17:56:33.740+0000] {processor.py:840} INFO - DAG(s) 'dag_shipment_sim' retrieved from /opt/airflow/dags/dag_shipment_sim.py
[2026-07-01T17:56:33.767+0000] {logging_mixin.py:188} INFO - [2026-07-01T17:56:33.767+0000] {dag.py:3096} INFO - Sync 1 DAGs
[2026-07-01T17:56:33.789+0000] {logging_mixin.py:188} INFO - [2026-07-01T17:56:33.789+0000] {dag.py:3954} INFO - Setting next_dagrun for dag_shipment_sim to 2026-07-01 17:00:00+00:00, run_after=2026-07-01 18:00:00+00:00
[2026-07-01T17:56:33.812+0000] {processor.py:183} INFO - Processing /opt/airflow/dags/dag_shipment_sim.py took 0.122 seconds
[2026-07-01T17:57:04.085+0000] {processor.py:161} INFO - Started process (PID=36196) to work on /opt/airflow/dags/dag_shipment_sim.py
[2026-07-01T17:57:04.088+0000] {processor.py:830} INFO - Processing file /opt/airflow/dags/dag_shipment_sim.py for tasks to queue
[2026-07-01T17:57:04.090+0000] {logging_mixin.py:188} INFO - [2026-07-01T17:57:04.090+0000] {dagbag.py:545} INFO - Filling up the DagBag from /opt/airflow/dags/dag_shipment_sim.py
[2026-07-01T17:57:04.117+0000] {processor.py:840} INFO - DAG(s) 'dag_shipment_sim' retrieved from /opt/airflow/dags/dag_shipment_sim.py
[2026-07-01T17:57:04.143+0000] {logging_mixin.py:188} INFO - [2026-07-01T17:57:04.142+0000] {dag.py:3096} INFO - Sync 1 DAGs
[2026-07-01T17:57:04.169+0000] {logging_mixin.py:188} INFO - [2026-07-01T17:57:04.168+0000] {dag.py:3954} INFO - Setting next_dagrun for dag_shipment_sim to 2026-07-01 17:00:00+00:00, run_after=2026-07-01 18:00:00+00:00
[2026-07-01T17:57:04.204+0000] {processor.py:183} INFO - Processing /opt/airflow/dags/dag_shipment_sim.py took 0.124 seconds
[2026-07-01T17:57:34.298+0000] {processor.py:161} INFO - Started process (PID=36233) to work on /opt/airflow/dags/dag_shipment_sim.py
[2026-07-01T17:57:34.300+0000] {processor.py:830} INFO - Processing file /opt/airflow/dags/dag_shipment_sim.py for tasks to queue
[2026-07-01T17:57:34.301+0000] {logging_mixin.py:188} INFO - [2026-07-01T17:57:34.301+0000] {dagbag.py:545} INFO - Filling up the DagBag from /opt/airflow/dags/dag_shipment_sim.py
[2026-07-01T17:57:34.320+0000] {processor.py:840} INFO - DAG(s) 'dag_shipment_sim' retrieved from /opt/airflow/dags/dag_shipment_sim.py
[2026-07-01T17:57:34.346+0000] {logging_mixin.py:188} INFO - [2026-07-01T17:57:34.346+0000] {dag.py:3096} INFO - Sync 1 DAGs
[2026-07-01T17:57:34.363+0000] {logging_mixin.py:188} INFO - [2026-07-01T17:57:34.362+0000] {dag.py:3954} INFO - Setting next_dagrun for dag_shipment_sim to 2026-07-01 17:00:00+00:00, run_after=2026-07-01 18:00:00+00:00
[2026-07-01T17:57:34.381+0000] {processor.py:183} INFO - Processing /opt/airflow/dags/dag_shipment_sim.py took 0.089 seconds
[2026-07-01T17:58:04.427+0000] {processor.py:161} INFO - Started process (PID=36270) to work on /opt/airflow/dags/dag_shipment_sim.py
[2026-07-01T17:58:04.429+0000] {processor.py:830} INFO - Processing file /opt/airflow/dags/dag_shipment_sim.py for tasks to queue
[2026-07-01T17:58:04.431+0000] {logging_mixin.py:188} INFO - [2026-07-01T17:58:04.431+0000] {dagbag.py:545} INFO - Filling up the DagBag from /opt/airflow/dags/dag_shipment_sim.py
[2026-07-01T17:58:04.452+0000] {processor.py:840} INFO - DAG(s) 'dag_shipment_sim' retrieved from /opt/airflow/dags/dag_shipment_sim.py
[2026-07-01T17:58:04.480+0000] {logging_mixin.py:188} INFO - [2026-07-01T17:58:04.480+0000] {dag.py:3096} INFO - Sync 1 DAGs
[2026-07-01T17:58:04.501+0000] {logging_mixin.py:188} INFO - [2026-07-01T17:58:04.501+0000] {dag.py:3954} INFO - Setting next_dagrun for dag_shipment_sim to 2026-07-01 17:00:00+00:00, run_after=2026-07-01 18:00:00+00:00
[2026-07-01T17:58:04.527+0000] {processor.py:183} INFO - Processing /opt/airflow/dags/dag_shipment_sim.py took 0.107 seconds
[2026-07-01T17:58:34.789+0000] {processor.py:161} INFO - Started process (PID=36307) to work on /opt/airflow/dags/dag_shipment_sim.py
[2026-07-01T17:58:34.790+0000] {processor.py:830} INFO - Processing file /opt/airflow/dags/dag_shipment_sim.py for tasks to queue
[2026-07-01T17:58:34.793+0000] {logging_mixin.py:188} INFO - [2026-07-01T17:58:34.792+0000] {dagbag.py:545} INFO - Filling up the DagBag from /opt/airflow/dags/dag_shipment_sim.py
[2026-07-01T17:58:34.819+0000] {processor.py:840} INFO - DAG(s) 'dag_shipment_sim' retrieved from /opt/airflow/dags/dag_shipment_sim.py
[2026-07-01T17:58:34.843+0000] {logging_mixin.py:188} INFO - [2026-07-01T17:58:34.843+0000] {dag.py:3096} INFO - Sync 1 DAGs
[2026-07-01T17:58:34.866+0000] {logging_mixin.py:188} INFO - [2026-07-01T17:58:34.866+0000] {dag.py:3954} INFO - Setting next_dagrun for dag_shipment_sim to 2026-07-01 17:00:00+00:00, run_after=2026-07-01 18:00:00+00:00
[2026-07-01T17:58:34.889+0000] {processor.py:183} INFO - Processing /opt/airflow/dags/dag_shipment_sim.py took 0.107 seconds
[2026-07-01T17:59:05.536+0000] {processor.py:161} INFO - Started process (PID=36343) to work on /opt/airflow/dags/dag_shipment_sim.py
[2026-07-01T17:59:05.539+0000] {processor.py:830} INFO - Processing file /opt/airflow/dags/dag_shipment_sim.py for tasks to queue
[2026-07-01T17:59:05.545+0000] {logging_mixin.py:188} INFO - [2026-07-01T17:59:05.544+0000] {dagbag.py:545} INFO - Filling up the DagBag from /opt/airflow/dags/dag_shipment_sim.py
[2026-07-01T17:59:05.590+0000] {processor.py:840} INFO - DAG(s) 'dag_shipment_sim' retrieved from /opt/airflow/dags/dag_shipment_sim.py
[2026-07-01T17:59:05.634+0000] {logging_mixin.py:188} INFO - [2026-07-01T17:59:05.634+0000] {dag.py:3096} INFO - Sync 1 DAGs
[2026-07-01T17:59:05.685+0000] {logging_mixin.py:188} INFO - [2026-07-01T17:59:05.685+0000] {dag.py:3954} INFO - Setting next_dagrun for dag_shipment_sim to 2026-07-01 17:00:00+00:00, run_after=2026-07-01 18:00:00+00:00
[2026-07-01T17:59:05.719+0000] {processor.py:183} INFO - Processing /opt/airflow/dags/dag_shipment_sim.py took 0.194 seconds
[2026-07-01T17:59:36.614+0000] {processor.py:161} INFO - Started process (PID=36381) to work on /opt/airflow/dags/dag_shipment_sim.py
[2026-07-01T17:59:36.615+0000] {processor.py:830} INFO - Processing file /opt/airflow/dags/dag_shipment_sim.py for tasks to queue
[2026-07-01T17:59:36.616+0000] {logging_mixin.py:188} INFO - [2026-07-01T17:59:36.616+0000] {dagbag.py:545} INFO - Filling up the DagBag from /opt/airflow/dags/dag_shipment_sim.py
[2026-07-01T17:59:36.632+0000] {processor.py:840} INFO - DAG(s) 'dag_shipment_sim' retrieved from /opt/airflow/dags/dag_shipment_sim.py
[2026-07-01T17:59:36.656+0000] {logging_mixin.py:188} INFO - [2026-07-01T17:59:36.656+0000] {dag.py:3096} INFO - Sync 1 DAGs
[2026-07-01T17:59:36.674+0000] {logging_mixin.py:188} INFO - [2026-07-01T17:59:36.674+0000] {dag.py:3954} INFO - Setting next_dagrun for dag_shipment_sim to 2026-07-01 17:00:00+00:00, run_after=2026-07-01 18:00:00+00:00
[2026-07-01T17:59:36.690+0000] {processor.py:183} INFO - Processing /opt/airflow/dags/dag_shipment_sim.py took 0.084 seconds
[2026-07-01T18:00:07.853+0000] {processor.py:161} INFO - Started process (PID=36617) to work on /opt/airflow/dags/dag_shipment_sim.py
[2026-07-01T18:00:07.855+0000] {processor.py:830} INFO - Processing file /opt/airflow/dags/dag_shipment_sim.py for tasks to queue
[2026-07-01T18:00:07.857+0000] {logging_mixin.py:188} INFO - [2026-07-01T18:00:07.857+0000] {dagbag.py:545} INFO - Filling up the DagBag from /opt/airflow/dags/dag_shipment_sim.py
[2026-07-01T18:00:07.876+0000] {processor.py:840} INFO - DAG(s) 'dag_shipment_sim' retrieved from /opt/airflow/dags/dag_shipment_sim.py
[2026-07-01T18:00:07.907+0000] {logging_mixin.py:188} INFO - [2026-07-01T18:00:07.907+0000] {dag.py:3096} INFO - Sync 1 DAGs
[2026-07-01T18:00:07.928+0000] {logging_mixin.py:188} INFO - [2026-07-01T18:00:07.928+0000] {dag.py:3954} INFO - Setting next_dagrun for dag_shipment_sim to 2026-07-01 18:00:00+00:00, run_after=2026-07-01 19:00:00+00:00
[2026-07-01T18:00:07.951+0000] {processor.py:183} INFO - Processing /opt/airflow/dags/dag_shipment_sim.py took 0.120 seconds
[2026-07-01T18:00:38.431+0000] {processor.py:161} INFO - Started process (PID=37022) to work on /opt/airflow/dags/dag_shipment_sim.py
[2026-07-01T18:00:38.432+0000] {processor.py:830} INFO - Processing file /opt/airflow/dags/dag_shipment_sim.py for tasks to queue
[2026-07-01T18:00:38.433+0000] {logging_mixin.py:188} INFO - [2026-07-01T18:00:38.433+0000] {dagbag.py:545} INFO - Filling up the DagBag from /opt/airflow/dags/dag_shipment_sim.py
[2026-07-01T18:00:38.445+0000] {processor.py:840} INFO - DAG(s) 'dag_shipment_sim' retrieved from /opt/airflow/dags/dag_shipment_sim.py
[2026-07-01T18:00:38.470+0000] {logging_mixin.py:188} INFO - [2026-07-01T18:00:38.469+0000] {dag.py:3096} INFO - Sync 1 DAGs
[2026-07-01T18:00:38.486+0000] {logging_mixin.py:188} INFO - [2026-07-01T18:00:38.485+0000] {dag.py:3954} INFO - Setting next_dagrun for dag_shipment_sim to 2026-07-01 18:00:00+00:00, run_after=2026-07-01 19:00:00+00:00
[2026-07-01T18:00:38.504+0000] {processor.py:183} INFO - Processing /opt/airflow/dags/dag_shipment_sim.py took 0.078 seconds
[2026-07-01T18:01:08.750+0000] {processor.py:161} INFO - Started process (PID=37055) to work on /opt/airflow/dags/dag_shipment_sim.py
[2026-07-01T18:01:08.751+0000] {processor.py:830} INFO - Processing file /opt/airflow/dags/dag_shipment_sim.py for tasks to queue
[2026-07-01T18:01:08.751+0000] {logging_mixin.py:188} INFO - [2026-07-01T18:01:08.751+0000] {dagbag.py:545} INFO - Filling up the DagBag from /opt/airflow/dags/dag_shipment_sim.py
[2026-07-01T18:01:08.762+0000] {processor.py:840} INFO - DAG(s) 'dag_shipment_sim' retrieved from /opt/airflow/dags/dag_shipment_sim.py
[2026-07-01T18:01:08.777+0000] {logging_mixin.py:188} INFO - [2026-07-01T18:01:08.777+0000] {dag.py:3096} INFO - Sync 1 DAGs
[2026-07-01T18:01:08.790+0000] {logging_mixin.py:188} INFO - [2026-07-01T18:01:08.790+0000] {dag.py:3954} INFO - Setting next_dagrun for dag_shipment_sim to 2026-07-01 18:00:00+00:00, run_after=2026-07-01 19:00:00+00:00
[2026-07-01T18:01:08.799+0000] {processor.py:183} INFO - Processing /opt/airflow/dags/dag_shipment_sim.py took 0.056 seconds
[2026-07-01T18:01:39.082+0000] {processor.py:161} INFO - Started process (PID=37092) to work on /opt/airflow/dags/dag_shipment_sim.py
[2026-07-01T18:01:39.083+0000] {processor.py:830} INFO - Processing file /opt/airflow/dags/dag_shipment_sim.py for tasks to queue
[2026-07-01T18:01:39.084+0000] {logging_mixin.py:188} INFO - [2026-07-01T18:01:39.084+0000] {dagbag.py:545} INFO - Filling up the DagBag from /opt/airflow/dags/dag_shipment_sim.py
[2026-07-01T18:01:39.093+0000] {processor.py:840} INFO - DAG(s) 'dag_shipment_sim' retrieved from /opt/airflow/dags/dag_shipment_sim.py
[2026-07-01T18:01:39.113+0000] {logging_mixin.py:188} INFO - [2026-07-01T18:01:39.113+0000] {dag.py:3096} INFO - Sync 1 DAGs
[2026-07-01T18:01:39.125+0000] {logging_mixin.py:188} INFO - [2026-07-01T18:01:39.125+0000] {dag.py:3954} INFO - Setting next_dagrun for dag_shipment_sim to 2026-07-01 18:00:00+00:00, run_after=2026-07-01 19:00:00+00:00
[2026-07-01T18:01:39.136+0000] {processor.py:183} INFO - Processing /opt/airflow/dags/dag_shipment_sim.py took 0.057 seconds
[2026-07-01T18:02:09.389+0000] {processor.py:161} INFO - Started process (PID=37129) to work on /opt/airflow/dags/dag_shipment_sim.py
[2026-07-01T18:02:09.391+0000] {processor.py:830} INFO - Processing file /opt/airflow/dags/dag_shipment_sim.py for tasks to queue
[2026-07-01T18:02:09.400+0000] {logging_mixin.py:188} INFO - [2026-07-01T18:02:09.400+0000] {dagbag.py:545} INFO - Filling up the DagBag from /opt/airflow/dags/dag_shipment_sim.py
[2026-07-01T18:02:09.410+0000] {processor.py:840} INFO - DAG(s) 'dag_shipment_sim' retrieved from /opt/airflow/dags/dag_shipment_sim.py
[2026-07-01T18:02:09.424+0000] {logging_mixin.py:188} INFO - [2026-07-01T18:02:09.424+0000] {dag.py:3096} INFO - Sync 1 DAGs
[2026-07-01T18:02:09.435+0000] {logging_mixin.py:188} INFO - [2026-07-01T18:02:09.434+0000] {dag.py:3954} INFO - Setting next_dagrun for dag_shipment_sim to 2026-07-01 18:00:00+00:00, run_after=2026-07-01 19:00:00+00:00
[2026-07-01T18:02:09.444+0000] {processor.py:183} INFO - Processing /opt/airflow/dags/dag_shipment_sim.py took 0.059 seconds
[2026-07-01T18:02:39.715+0000] {processor.py:161} INFO - Started process (PID=37164) to work on /opt/airflow/dags/dag_shipment_sim.py
[2026-07-01T18:02:39.716+0000] {processor.py:830} INFO - Processing file /opt/airflow/dags/dag_shipment_sim.py for tasks to queue
[2026-07-01T18:02:39.717+0000] {logging_mixin.py:188} INFO - [2026-07-01T18:02:39.717+0000] {dagbag.py:545} INFO - Filling up the DagBag from /opt/airflow/dags/dag_shipment_sim.py
[2026-07-01T18:02:39.737+0000] {processor.py:840} INFO - DAG(s) 'dag_shipment_sim' retrieved from /opt/airflow/dags/dag_shipment_sim.py
[2026-07-01T18:02:39.754+0000] {logging_mixin.py:188} INFO - [2026-07-01T18:02:39.754+0000] {dag.py:3096} INFO - Sync 1 DAGs
[2026-07-01T18:02:39.772+0000] {logging_mixin.py:188} INFO - [2026-07-01T18:02:39.772+0000] {dag.py:3954} INFO - Setting next_dagrun for dag_shipment_sim to 2026-07-01 18:00:00+00:00, run_after=2026-07-01 19:00:00+00:00
[2026-07-01T18:02:39.791+0000] {processor.py:183} INFO - Processing /opt/airflow/dags/dag_shipment_sim.py took 0.083 seconds
[2026-07-01T18:03:10.175+0000] {processor.py:161} INFO - Started process (PID=37203) to work on /opt/airflow/dags/dag_shipment_sim.py
[2026-07-01T18:03:10.176+0000] {processor.py:830} INFO - Processing file /opt/airflow/dags/dag_shipment_sim.py for tasks to queue
[2026-07-01T18:03:10.176+0000] {logging_mixin.py:188} INFO - [2026-07-01T18:03:10.176+0000] {dagbag.py:545} INFO - Filling up the DagBag from /opt/airflow/dags/dag_shipment_sim.py
[2026-07-01T18:03:10.186+0000] {processor.py:840} INFO - DAG(s) 'dag_shipment_sim' retrieved from /opt/airflow/dags/dag_shipment_sim.py
[2026-07-01T18:03:10.201+0000] {logging_mixin.py:188} INFO - [2026-07-01T18:03:10.201+0000] {dag.py:3096} INFO - Sync 1 DAGs
[2026-07-01T18:03:10.211+0000] {logging_mixin.py:188} INFO - [2026-07-01T18:03:10.211+0000] {dag.py:3954} INFO - Setting next_dagrun for dag_shipment_sim to 2026-07-01 18:00:00+00:00, run_after=2026-07-01 19:00:00+00:00
[2026-07-01T18:03:10.222+0000] {processor.py:183} INFO - Processing /opt/airflow/dags/dag_shipment_sim.py took 0.055 seconds
[2026-07-01T18:03:41.385+0000] {processor.py:161} INFO - Started process (PID=37240) to work on /opt/airflow/dags/dag_shipment_sim.py
[2026-07-01T18:03:41.385+0000] {processor.py:830} INFO - Processing file /opt/airflow/dags/dag_shipment_sim.py for tasks to queue
[2026-07-01T18:03:41.386+0000] {logging_mixin.py:188} INFO - [2026-07-01T18:03:41.386+0000] {dagbag.py:545} INFO - Filling up the DagBag from /opt/airflow/dags/dag_shipment_sim.py
[2026-07-01T18:03:41.395+0000] {processor.py:840} INFO - DAG(s) 'dag_shipment_sim' retrieved from /opt/airflow/dags/dag_shipment_sim.py
[2026-07-01T18:03:41.407+0000] {logging_mixin.py:188} INFO - [2026-07-01T18:03:41.407+0000] {dag.py:3096} INFO - Sync 1 DAGs
[2026-07-01T18:03:41.418+0000] {logging_mixin.py:188} INFO - [2026-07-01T18:03:41.418+0000] {dag.py:3954} INFO - Setting next_dagrun for dag_shipment_sim to 2026-07-01 18:00:00+00:00, run_after=2026-07-01 19:00:00+00:00
[2026-07-01T18:03:41.427+0000] {processor.py:183} INFO - Processing /opt/airflow/dags/dag_shipment_sim.py took 0.045 seconds
[2026-07-01T18:04:11.677+0000] {processor.py:161} INFO - Started process (PID=37277) to work on /opt/airflow/dags/dag_shipment_sim.py
[2026-07-01T18:04:11.683+0000] {processor.py:830} INFO - Processing file /opt/airflow/dags/dag_shipment_sim.py for tasks to queue
[2026-07-01T18:04:11.684+0000] {logging_mixin.py:188} INFO - [2026-07-01T18:04:11.683+0000] {dagbag.py:545} INFO - Filling up the DagBag from /opt/airflow/dags/dag_shipment_sim.py
[2026-07-01T18:04:11.696+0000] {processor.py:840} INFO - DAG(s) 'dag_shipment_sim' retrieved from /opt/airflow/dags/dag_shipment_sim.py
[2026-07-01T18:04:11.710+0000] {logging_mixin.py:188} INFO - [2026-07-01T18:04:11.710+0000] {dag.py:3096} INFO - Sync 1 DAGs
[2026-07-01T18:04:11.722+0000] {logging_mixin.py:188} INFO - [2026-07-01T18:04:11.722+0000] {dag.py:3954} INFO - Setting next_dagrun for dag_shipment_sim to 2026-07-01 18:00:00+00:00, run_after=2026-07-01 19:00:00+00:00
[2026-07-01T18:04:11.732+0000] {processor.py:183} INFO - Processing /opt/airflow/dags/dag_shipment_sim.py took 0.062 seconds
[2026-07-01T18:04:42.870+0000] {processor.py:161} INFO - Started process (PID=37314) to work on /opt/airflow/dags/dag_shipment_sim.py
[2026-07-01T18:04:42.872+0000] {processor.py:830} INFO - Processing file /opt/airflow/dags/dag_shipment_sim.py for tasks to queue
[2026-07-01T18:04:42.873+0000] {logging_mixin.py:188} INFO - [2026-07-01T18:04:42.873+0000] {dagbag.py:545} INFO - Filling up the DagBag from /opt/airflow/dags/dag_shipment_sim.py
[2026-07-01T18:04:42.882+0000] {processor.py:840} INFO - DAG(s) 'dag_shipment_sim' retrieved from /opt/airflow/dags/dag_shipment_sim.py
[2026-07-01T18:04:42.895+0000] {logging_mixin.py:188} INFO - [2026-07-01T18:04:42.894+0000] {dag.py:3096} INFO - Sync 1 DAGs
[2026-07-01T18:04:42.905+0000] {logging_mixin.py:188} INFO - [2026-07-01T18:04:42.905+0000] {dag.py:3954} INFO - Setting next_dagrun for dag_shipment_sim to 2026-07-01 18:00:00+00:00, run_after=2026-07-01 19:00:00+00:00
[2026-07-01T18:04:42.914+0000] {processor.py:183} INFO - Processing /opt/airflow/dags/dag_shipment_sim.py took 0.050 seconds
[2026-07-01T18:05:13.187+0000] {processor.py:161} INFO - Started process (PID=37351) to work on /opt/airflow/dags/dag_shipment_sim.py
[2026-07-01T18:05:13.188+0000] {processor.py:830} INFO - Processing file /opt/airflow/dags/dag_shipment_sim.py for tasks to queue
[2026-07-01T18:05:13.189+0000] {logging_mixin.py:188} INFO - [2026-07-01T18:05:13.189+0000] {dagbag.py:545} INFO - Filling up the DagBag from /opt/airflow/dags/dag_shipment_sim.py
[2026-07-01T18:05:13.199+0000] {processor.py:840} INFO - DAG(s) 'dag_shipment_sim' retrieved from /opt/airflow/dags/dag_shipment_sim.py
[2026-07-01T18:05:13.211+0000] {logging_mixin.py:188} INFO - [2026-07-01T18:05:13.211+0000] {dag.py:3096} INFO - Sync 1 DAGs
[2026-07-01T18:05:13.224+0000] {logging_mixin.py:188} INFO - [2026-07-01T18:05:13.224+0000] {dag.py:3954} INFO - Setting next_dagrun for dag_shipment_sim to 2026-07-01 18:00:00+00:00, run_after=2026-07-01 19:00:00+00:00
[2026-07-01T18:05:13.235+0000] {processor.py:183} INFO - Processing /opt/airflow/dags/dag_shipment_sim.py took 0.052 seconds
[2026-07-01T18:05:43.514+0000] {processor.py:161} INFO - Started process (PID=37388) to work on /opt/airflow/dags/dag_shipment_sim.py
[2026-07-01T18:05:43.516+0000] {processor.py:830} INFO - Processing file /opt/airflow/dags/dag_shipment_sim.py for tasks to queue
[2026-07-01T18:05:43.516+0000] {logging_mixin.py:188} INFO - [2026-07-01T18:05:43.516+0000] {dagbag.py:545} INFO - Filling up the DagBag from /opt/airflow/dags/dag_shipment_sim.py
[2026-07-01T18:05:43.527+0000] {processor.py:840} INFO - DAG(s) 'dag_shipment_sim' retrieved from /opt/airflow/dags/dag_shipment_sim.py
[2026-07-01T18:05:43.544+0000] {logging_mixin.py:188} INFO - [2026-07-01T18:05:43.544+0000] {dag.py:3096} INFO - Sync 1 DAGs
[2026-07-01T18:05:43.556+0000] {logging_mixin.py:188} INFO - [2026-07-01T18:05:43.556+0000] {dag.py:3954} INFO - Setting next_dagrun for dag_shipment_sim to 2026-07-01 18:00:00+00:00, run_after=2026-07-01 19:00:00+00:00
[2026-07-01T18:05:43.566+0000] {processor.py:183} INFO - Processing /opt/airflow/dags/dag_shipment_sim.py took 0.059 seconds
[2026-07-01T18:06:13.915+0000] {processor.py:161} INFO - Started process (PID=37425) to work on /opt/airflow/dags/dag_shipment_sim.py
[2026-07-01T18:06:13.916+0000] {processor.py:830} INFO - Processing file /opt/airflow/dags/dag_shipment_sim.py for tasks to queue
[2026-07-01T18:06:13.917+0000] {logging_mixin.py:188} INFO - [2026-07-01T18:06:13.917+0000] {dagbag.py:545} INFO - Filling up the DagBag from /opt/airflow/dags/dag_shipment_sim.py
[2026-07-01T18:06:13.927+0000] {processor.py:840} INFO - DAG(s) 'dag_shipment_sim' retrieved from /opt/airflow/dags/dag_shipment_sim.py
[2026-07-01T18:06:13.940+0000] {logging_mixin.py:188} INFO - [2026-07-01T18:06:13.940+0000] {dag.py:3096} INFO - Sync 1 DAGs
[2026-07-01T18:06:13.952+0000] {logging_mixin.py:188} INFO - [2026-07-01T18:06:13.952+0000] {dag.py:3954} INFO - Setting next_dagrun for dag_shipment_sim to 2026-07-01 18:00:00+00:00, run_after=2026-07-01 19:00:00+00:00
[2026-07-01T18:06:13.964+0000] {processor.py:183} INFO - Processing /opt/airflow/dags/dag_shipment_sim.py took 0.055 seconds
[2026-07-01T18:06:44.204+0000] {processor.py:161} INFO - Started process (PID=37462) to work on /opt/airflow/dags/dag_shipment_sim.py
[2026-07-01T18:06:44.205+0000] {processor.py:830} INFO - Processing file /opt/airflow/dags/dag_shipment_sim.py for tasks to queue
[2026-07-01T18:06:44.206+0000] {logging_mixin.py:188} INFO - [2026-07-01T18:06:44.206+0000] {dagbag.py:545} INFO - Filling up the DagBag from /opt/airflow/dags/dag_shipment_sim.py
[2026-07-01T18:06:44.216+0000] {processor.py:840} INFO - DAG(s) 'dag_shipment_sim' retrieved from /opt/airflow/dags/dag_shipment_sim.py
[2026-07-01T18:06:44.229+0000] {logging_mixin.py:188} INFO - [2026-07-01T18:06:44.229+0000] {dag.py:3096} INFO - Sync 1 DAGs
[2026-07-01T18:06:44.242+0000] {logging_mixin.py:188} INFO - [2026-07-01T18:06:44.242+0000] {dag.py:3954} INFO - Setting next_dagrun for dag_shipment_sim to 2026-07-01 18:00:00+00:00, run_after=2026-07-01 19:00:00+00:00
[2026-07-01T18:06:44.251+0000] {processor.py:183} INFO - Processing /opt/airflow/dags/dag_shipment_sim.py took 0.051 seconds
[2026-07-01T18:07:14.649+0000] {processor.py:161} INFO - Started process (PID=37499) to work on /opt/airflow/dags/dag_shipment_sim.py
[2026-07-01T18:07:14.650+0000] {processor.py:830} INFO - Processing file /opt/airflow/dags/dag_shipment_sim.py for tasks to queue
[2026-07-01T18:07:14.651+0000] {logging_mixin.py:188} INFO - [2026-07-01T18:07:14.651+0000] {dagbag.py:545} INFO - Filling up the DagBag from /opt/airflow/dags/dag_shipment_sim.py
[2026-07-01T18:07:14.661+0000] {processor.py:840} INFO - DAG(s) 'dag_shipment_sim' retrieved from /opt/airflow/dags/dag_shipment_sim.py
[2026-07-01T18:07:14.677+0000] {logging_mixin.py:188} INFO - [2026-07-01T18:07:14.677+0000] {dag.py:3096} INFO - Sync 1 DAGs
[2026-07-01T18:07:14.693+0000] {logging_mixin.py:188} INFO - [2026-07-01T18:07:14.693+0000] {dag.py:3954} INFO - Setting next_dagrun for dag_shipment_sim to 2026-07-01 18:00:00+00:00, run_after=2026-07-01 19:00:00+00:00
[2026-07-01T18:07:14.703+0000] {processor.py:183} INFO - Processing /opt/airflow/dags/dag_shipment_sim.py took 0.069 seconds
[2026-07-01T18:07:45.376+0000] {processor.py:161} INFO - Started process (PID=37536) to work on /opt/airflow/dags/dag_shipment_sim.py
[2026-07-01T18:07:45.378+0000] {processor.py:830} INFO - Processing file /opt/airflow/dags/dag_shipment_sim.py for tasks to queue
[2026-07-01T18:07:45.379+0000] {logging_mixin.py:188} INFO - [2026-07-01T18:07:45.378+0000] {dagbag.py:545} INFO - Filling up the DagBag from /opt/airflow/dags/dag_shipment_sim.py
[2026-07-01T18:07:45.390+0000] {processor.py:840} INFO - DAG(s) 'dag_shipment_sim' retrieved from /opt/airflow/dags/dag_shipment_sim.py
[2026-07-01T18:07:45.405+0000] {logging_mixin.py:188} INFO - [2026-07-01T18:07:45.405+0000] {dag.py:3096} INFO - Sync 1 DAGs
[2026-07-01T18:07:45.416+0000] {logging_mixin.py:188} INFO - [2026-07-01T18:07:45.416+0000] {dag.py:3954} INFO - Setting next_dagrun for dag_shipment_sim to 2026-07-01 18:00:00+00:00, run_after=2026-07-01 19:00:00+00:00
[2026-07-01T18:07:45.427+0000] {processor.py:183} INFO - Processing /opt/airflow/dags/dag_shipment_sim.py took 0.065 seconds
[2026-07-01T18:08:15.691+0000] {processor.py:161} INFO - Started process (PID=37573) to work on /opt/airflow/dags/dag_shipment_sim.py
[2026-07-01T18:08:15.693+0000] {processor.py:830} INFO - Processing file /opt/airflow/dags/dag_shipment_sim.py for tasks to queue
[2026-07-01T18:08:15.694+0000] {logging_mixin.py:188} INFO - [2026-07-01T18:08:15.694+0000] {dagbag.py:545} INFO - Filling up the DagBag from /opt/airflow/dags/dag_shipment_sim.py
[2026-07-01T18:08:15.703+0000] {processor.py:840} INFO - DAG(s) 'dag_shipment_sim' retrieved from /opt/airflow/dags/dag_shipment_sim.py
[2026-07-01T18:08:15.717+0000] {logging_mixin.py:188} INFO - [2026-07-01T18:08:15.716+0000] {dag.py:3096} INFO - Sync 1 DAGs
[2026-07-01T18:08:15.727+0000] {logging_mixin.py:188} INFO - [2026-07-01T18:08:15.726+0000] {dag.py:3954} INFO - Setting next_dagrun for dag_shipment_sim to 2026-07-01 18:00:00+00:00, run_after=2026-07-01 19:00:00+00:00
[2026-07-01T18:08:15.736+0000] {processor.py:183} INFO - Processing /opt/airflow/dags/dag_shipment_sim.py took 0.055 seconds
[2026-07-01T18:08:46.082+0000] {processor.py:161} INFO - Started process (PID=37610) to work on /opt/airflow/dags/dag_shipment_sim.py
[2026-07-01T18:08:46.083+0000] {processor.py:830} INFO - Processing file /opt/airflow/dags/dag_shipment_sim.py for tasks to queue
[2026-07-01T18:08:46.084+0000] {logging_mixin.py:188} INFO - [2026-07-01T18:08:46.084+0000] {dagbag.py:545} INFO - Filling up the DagBag from /opt/airflow/dags/dag_shipment_sim.py
[2026-07-01T18:08:46.093+0000] {processor.py:840} INFO - DAG(s) 'dag_shipment_sim' retrieved from /opt/airflow/dags/dag_shipment_sim.py
[2026-07-01T18:08:46.107+0000] {logging_mixin.py:188} INFO - [2026-07-01T18:08:46.107+0000] {dag.py:3096} INFO - Sync 1 DAGs
[2026-07-01T18:08:46.119+0000] {logging_mixin.py:188} INFO - [2026-07-01T18:08:46.119+0000] {dag.py:3954} INFO - Setting next_dagrun for dag_shipment_sim to 2026-07-01 18:00:00+00:00, run_after=2026-07-01 19:00:00+00:00
[2026-07-01T18:08:46.130+0000] {processor.py:183} INFO - Processing /opt/airflow/dags/dag_shipment_sim.py took 0.052 seconds
[2026-07-01T18:09:16.771+0000] {processor.py:161} INFO - Started process (PID=37647) to work on /opt/airflow/dags/dag_shipment_sim.py
[2026-07-01T18:09:16.772+0000] {processor.py:830} INFO - Processing file /opt/airflow/dags/dag_shipment_sim.py for tasks to queue
[2026-07-01T18:09:16.773+0000] {logging_mixin.py:188} INFO - [2026-07-01T18:09:16.772+0000] {dagbag.py:545} INFO - Filling up the DagBag from /opt/airflow/dags/dag_shipment_sim.py
[2026-07-01T18:09:16.782+0000] {processor.py:840} INFO - DAG(s) 'dag_shipment_sim' retrieved from /opt/airflow/dags/dag_shipment_sim.py
[2026-07-01T18:09:16.795+0000] {logging_mixin.py:188} INFO - [2026-07-01T18:09:16.795+0000] {dag.py:3096} INFO - Sync 1 DAGs
[2026-07-01T18:09:16.806+0000] {logging_mixin.py:188} INFO - [2026-07-01T18:09:16.806+0000] {dag.py:3954} INFO - Setting next_dagrun for dag_shipment_sim to 2026-07-01 18:00:00+00:00, run_after=2026-07-01 19:00:00+00:00
[2026-07-01T18:09:16.815+0000] {processor.py:183} INFO - Processing /opt/airflow/dags/dag_shipment_sim.py took 0.049 seconds
[2026-07-01T18:09:47.029+0000] {processor.py:161} INFO - Started process (PID=37684) to work on /opt/airflow/dags/dag_shipment_sim.py
[2026-07-01T18:09:47.033+0000] {processor.py:830} INFO - Processing file /opt/airflow/dags/dag_shipment_sim.py for tasks to queue
[2026-07-01T18:09:47.033+0000] {logging_mixin.py:188} INFO - [2026-07-01T18:09:47.033+0000] {dagbag.py:545} INFO - Filling up the DagBag from /opt/airflow/dags/dag_shipment_sim.py
[2026-07-01T18:09:47.044+0000] {processor.py:840} INFO - DAG(s) 'dag_shipment_sim' retrieved from /opt/airflow/dags/dag_shipment_sim.py
[2026-07-01T18:09:47.058+0000] {logging_mixin.py:188} INFO - [2026-07-01T18:09:47.058+0000] {dag.py:3096} INFO - Sync 1 DAGs
[2026-07-01T18:09:47.068+0000] {logging_mixin.py:188} INFO - [2026-07-01T18:09:47.068+0000] {dag.py:3954} INFO - Setting next_dagrun for dag_shipment_sim to 2026-07-01 18:00:00+00:00, run_after=2026-07-01 19:00:00+00:00
[2026-07-01T18:09:47.077+0000] {processor.py:183} INFO - Processing /opt/airflow/dags/dag_shipment_sim.py took 0.056 seconds
[2026-07-01T18:10:17.417+0000] {processor.py:161} INFO - Started process (PID=37721) to work on /opt/airflow/dags/dag_shipment_sim.py
[2026-07-01T18:10:17.417+0000] {processor.py:830} INFO - Processing file /opt/airflow/dags/dag_shipment_sim.py for tasks to queue
[2026-07-01T18:10:17.418+0000] {logging_mixin.py:188} INFO - [2026-07-01T18:10:17.418+0000] {dagbag.py:545} INFO - Filling up the DagBag from /opt/airflow/dags/dag_shipment_sim.py
[2026-07-01T18:10:17.428+0000] {processor.py:840} INFO - DAG(s) 'dag_shipment_sim' retrieved from /opt/airflow/dags/dag_shipment_sim.py
[2026-07-01T18:10:17.442+0000] {logging_mixin.py:188} INFO - [2026-07-01T18:10:17.442+0000] {dag.py:3096} INFO - Sync 1 DAGs
[2026-07-01T18:10:17.454+0000] {logging_mixin.py:188} INFO - [2026-07-01T18:10:17.453+0000] {dag.py:3954} INFO - Setting next_dagrun for dag_shipment_sim to 2026-07-01 18:00:00+00:00, run_after=2026-07-01 19:00:00+00:00
[2026-07-01T18:10:17.464+0000] {processor.py:183} INFO - Processing /opt/airflow/dags/dag_shipment_sim.py took 0.051 seconds
[2026-07-01T18:10:47.710+0000] {processor.py:161} INFO - Started process (PID=37758) to work on /opt/airflow/dags/dag_shipment_sim.py
[2026-07-01T18:10:47.711+0000] {processor.py:830} INFO - Processing file /opt/airflow/dags/dag_shipment_sim.py for tasks to queue
[2026-07-01T18:10:47.712+0000] {logging_mixin.py:188} INFO - [2026-07-01T18:10:47.712+0000] {dagbag.py:545} INFO - Filling up the DagBag from /opt/airflow/dags/dag_shipment_sim.py
[2026-07-01T18:10:47.722+0000] {processor.py:840} INFO - DAG(s) 'dag_shipment_sim' retrieved from /opt/airflow/dags/dag_shipment_sim.py
[2026-07-01T18:10:47.736+0000] {logging_mixin.py:188} INFO - [2026-07-01T18:10:47.736+0000] {dag.py:3096} INFO - Sync 1 DAGs
[2026-07-01T18:10:47.746+0000] {logging_mixin.py:188} INFO - [2026-07-01T18:10:47.746+0000] {dag.py:3954} INFO - Setting next_dagrun for dag_shipment_sim to 2026-07-01 18:00:00+00:00, run_after=2026-07-01 19:00:00+00:00
[2026-07-01T18:10:47.756+0000] {processor.py:183} INFO - Processing /opt/airflow/dags/dag_shipment_sim.py took 0.051 seconds
[2026-07-01T18:11:18.151+0000] {processor.py:161} INFO - Started process (PID=37795) to work on /opt/airflow/dags/dag_shipment_sim.py
[2026-07-01T18:11:18.155+0000] {processor.py:830} INFO - Processing file /opt/airflow/dags/dag_shipment_sim.py for tasks to queue
[2026-07-01T18:11:18.157+0000] {logging_mixin.py:188} INFO - [2026-07-01T18:11:18.156+0000] {dagbag.py:545} INFO - Filling up the DagBag from /opt/airflow/dags/dag_shipment_sim.py
[2026-07-01T18:11:18.169+0000] {processor.py:840} INFO - DAG(s) 'dag_shipment_sim' retrieved from /opt/airflow/dags/dag_shipment_sim.py
[2026-07-01T18:11:18.183+0000] {logging_mixin.py:188} INFO - [2026-07-01T18:11:18.182+0000] {dag.py:3096} INFO - Sync 1 DAGs
[2026-07-01T18:11:18.194+0000] {logging_mixin.py:188} INFO - [2026-07-01T18:11:18.194+0000] {dag.py:3954} INFO - Setting next_dagrun for dag_shipment_sim to 2026-07-01 18:00:00+00:00, run_after=2026-07-01 19:00:00+00:00
[2026-07-01T18:11:18.203+0000] {processor.py:183} INFO - Processing /opt/airflow/dags/dag_shipment_sim.py took 0.060 seconds
[2026-07-01T18:11:48.520+0000] {processor.py:161} INFO - Started process (PID=37832) to work on /opt/airflow/dags/dag_shipment_sim.py
[2026-07-01T18:11:48.521+0000] {processor.py:830} INFO - Processing file /opt/airflow/dags/dag_shipment_sim.py for tasks to queue
[2026-07-01T18:11:48.522+0000] {logging_mixin.py:188} INFO - [2026-07-01T18:11:48.521+0000] {dagbag.py:545} INFO - Filling up the DagBag from /opt/airflow/dags/dag_shipment_sim.py
[2026-07-01T18:11:48.531+0000] {processor.py:840} INFO - DAG(s) 'dag_shipment_sim' retrieved from /opt/airflow/dags/dag_shipment_sim.py
[2026-07-01T18:11:48.543+0000] {logging_mixin.py:188} INFO - [2026-07-01T18:11:48.543+0000] {dag.py:3096} INFO - Sync 1 DAGs
[2026-07-01T18:11:48.554+0000] {logging_mixin.py:188} INFO - [2026-07-01T18:11:48.553+0000] {dag.py:3954} INFO - Setting next_dagrun for dag_shipment_sim to 2026-07-01 18:00:00+00:00, run_after=2026-07-01 19:00:00+00:00
[2026-07-01T18:11:48.563+0000] {processor.py:183} INFO - Processing /opt/airflow/dags/dag_shipment_sim.py took 0.046 seconds
[2026-07-01T18:12:18.985+0000] {processor.py:161} INFO - Started process (PID=37869) to work on /opt/airflow/dags/dag_shipment_sim.py
[2026-07-01T18:12:18.986+0000] {processor.py:830} INFO - Processing file /opt/airflow/dags/dag_shipment_sim.py for tasks to queue
[2026-07-01T18:12:18.987+0000] {logging_mixin.py:188} INFO - [2026-07-01T18:12:18.986+0000] {dagbag.py:545} INFO - Filling up the DagBag from /opt/airflow/dags/dag_shipment_sim.py
[2026-07-01T18:12:18.995+0000] {processor.py:840} INFO - DAG(s) 'dag_shipment_sim' retrieved from /opt/airflow/dags/dag_shipment_sim.py
[2026-07-01T18:12:19.007+0000] {logging_mixin.py:188} INFO - [2026-07-01T18:12:19.007+0000] {dag.py:3096} INFO - Sync 1 DAGs
[2026-07-01T18:12:19.018+0000] {logging_mixin.py:188} INFO - [2026-07-01T18:12:19.018+0000] {dag.py:3954} INFO - Setting next_dagrun for dag_shipment_sim to 2026-07-01 18:00:00+00:00, run_after=2026-07-01 19:00:00+00:00
[2026-07-01T18:12:19.027+0000] {processor.py:183} INFO - Processing /opt/airflow/dags/dag_shipment_sim.py took 0.045 seconds
[2026-07-01T18:12:49.198+0000] {processor.py:161} INFO - Started process (PID=37906) to work on /opt/airflow/dags/dag_shipment_sim.py
[2026-07-01T18:12:49.200+0000] {processor.py:830} INFO - Processing file /opt/airflow/dags/dag_shipment_sim.py for tasks to queue
[2026-07-01T18:12:49.201+0000] {logging_mixin.py:188} INFO - [2026-07-01T18:12:49.201+0000] {dagbag.py:545} INFO - Filling up the DagBag from /opt/airflow/dags/dag_shipment_sim.py
[2026-07-01T18:12:49.211+0000] {processor.py:840} INFO - DAG(s) 'dag_shipment_sim' retrieved from /opt/airflow/dags/dag_shipment_sim.py
[2026-07-01T18:12:49.225+0000] {logging_mixin.py:188} INFO - [2026-07-01T18:12:49.225+0000] {dag.py:3096} INFO - Sync 1 DAGs
[2026-07-01T18:12:49.236+0000] {logging_mixin.py:188} INFO - [2026-07-01T18:12:49.236+0000] {dag.py:3954} INFO - Setting next_dagrun for dag_shipment_sim to 2026-07-01 18:00:00+00:00, run_after=2026-07-01 19:00:00+00:00
[2026-07-01T18:12:49.245+0000] {processor.py:183} INFO - Processing /opt/airflow/dags/dag_shipment_sim.py took 0.050 seconds
[2026-07-01T18:13:19.795+0000] {processor.py:161} INFO - Started process (PID=37943) to work on /opt/airflow/dags/dag_shipment_sim.py
[2026-07-01T18:13:19.795+0000] {processor.py:830} INFO - Processing file /opt/airflow/dags/dag_shipment_sim.py for tasks to queue
[2026-07-01T18:13:19.796+0000] {logging_mixin.py:188} INFO - [2026-07-01T18:13:19.796+0000] {dagbag.py:545} INFO - Filling up the DagBag from /opt/airflow/dags/dag_shipment_sim.py
[2026-07-01T18:13:19.806+0000] {processor.py:840} INFO - DAG(s) 'dag_shipment_sim' retrieved from /opt/airflow/dags/dag_shipment_sim.py
[2026-07-01T18:13:19.819+0000] {logging_mixin.py:188} INFO - [2026-07-01T18:13:19.819+0000] {dag.py:3096} INFO - Sync 1 DAGs
[2026-07-01T18:13:19.830+0000] {logging_mixin.py:188} INFO - [2026-07-01T18:13:19.830+0000] {dag.py:3954} INFO - Setting next_dagrun for dag_shipment_sim to 2026-07-01 18:00:00+00:00, run_after=2026-07-01 19:00:00+00:00
[2026-07-01T18:13:19.840+0000] {processor.py:183} INFO - Processing /opt/airflow/dags/dag_shipment_sim.py took 0.049 seconds
[2026-07-01T18:13:50.134+0000] {processor.py:161} INFO - Started process (PID=37980) to work on /opt/airflow/dags/dag_shipment_sim.py
[2026-07-01T18:13:50.135+0000] {processor.py:830} INFO - Processing file /opt/airflow/dags/dag_shipment_sim.py for tasks to queue
[2026-07-01T18:13:50.135+0000] {logging_mixin.py:188} INFO - [2026-07-01T18:13:50.135+0000] {dagbag.py:545} INFO - Filling up the DagBag from /opt/airflow/dags/dag_shipment_sim.py
[2026-07-01T18:13:50.146+0000] {processor.py:840} INFO - DAG(s) 'dag_shipment_sim' retrieved from /opt/airflow/dags/dag_shipment_sim.py
[2026-07-01T18:13:50.160+0000] {logging_mixin.py:188} INFO - [2026-07-01T18:13:50.160+0000] {dag.py:3096} INFO - Sync 1 DAGs
[2026-07-01T18:13:50.172+0000] {logging_mixin.py:188} INFO - [2026-07-01T18:13:50.172+0000] {dag.py:3954} INFO - Setting next_dagrun for dag_shipment_sim to 2026-07-01 18:00:00+00:00, run_after=2026-07-01 19:00:00+00:00
[2026-07-01T18:13:50.183+0000] {processor.py:183} INFO - Processing /opt/airflow/dags/dag_shipment_sim.py took 0.057 seconds
[2026-07-01T18:14:20.533+0000] {processor.py:161} INFO - Started process (PID=38017) to work on /opt/airflow/dags/dag_shipment_sim.py
[2026-07-01T18:14:20.534+0000] {processor.py:830} INFO - Processing file /opt/airflow/dags/dag_shipment_sim.py for tasks to queue
[2026-07-01T18:14:20.535+0000] {logging_mixin.py:188} INFO - [2026-07-01T18:14:20.535+0000] {dagbag.py:545} INFO - Filling up the DagBag from /opt/airflow/dags/dag_shipment_sim.py
[2026-07-01T18:14:20.545+0000] {processor.py:840} INFO - DAG(s) 'dag_shipment_sim' retrieved from /opt/airflow/dags/dag_shipment_sim.py
[2026-07-01T18:14:20.560+0000] {logging_mixin.py:188} INFO - [2026-07-01T18:14:20.560+0000] {dag.py:3096} INFO - Sync 1 DAGs
[2026-07-01T18:14:20.572+0000] {logging_mixin.py:188} INFO - [2026-07-01T18:14:20.572+0000] {dag.py:3954} INFO - Setting next_dagrun for dag_shipment_sim to 2026-07-01 18:00:00+00:00, run_after=2026-07-01 19:00:00+00:00
[2026-07-01T18:14:20.584+0000] {processor.py:183} INFO - Processing /opt/airflow/dags/dag_shipment_sim.py took 0.055 seconds
[2026-07-01T18:14:50.786+0000] {processor.py:161} INFO - Started process (PID=38054) to work on /opt/airflow/dags/dag_shipment_sim.py
[2026-07-01T18:14:50.787+0000] {processor.py:830} INFO - Processing file /opt/airflow/dags/dag_shipment_sim.py for tasks to queue
[2026-07-01T18:14:50.788+0000] {logging_mixin.py:188} INFO - [2026-07-01T18:14:50.788+0000] {dagbag.py:545} INFO - Filling up the DagBag from /opt/airflow/dags/dag_shipment_sim.py
[2026-07-01T18:14:50.801+0000] {processor.py:840} INFO - DAG(s) 'dag_shipment_sim' retrieved from /opt/airflow/dags/dag_shipment_sim.py
[2026-07-01T18:14:50.817+0000] {logging_mixin.py:188} INFO - [2026-07-01T18:14:50.816+0000] {dag.py:3096} INFO - Sync 1 DAGs
[2026-07-01T18:14:50.830+0000] {logging_mixin.py:188} INFO - [2026-07-01T18:14:50.830+0000] {dag.py:3954} INFO - Setting next_dagrun for dag_shipment_sim to 2026-07-01 18:00:00+00:00, run_after=2026-07-01 19:00:00+00:00
[2026-07-01T18:14:50.844+0000] {processor.py:183} INFO - Processing /opt/airflow/dags/dag_shipment_sim.py took 0.062 seconds
[2026-07-01T18:15:21.065+0000] {processor.py:161} INFO - Started process (PID=38091) to work on /opt/airflow/dags/dag_shipment_sim.py
[2026-07-01T18:15:21.066+0000] {processor.py:830} INFO - Processing file /opt/airflow/dags/dag_shipment_sim.py for tasks to queue
[2026-07-01T18:15:21.067+0000] {logging_mixin.py:188} INFO - [2026-07-01T18:15:21.067+0000] {dagbag.py:545} INFO - Filling up the DagBag from /opt/airflow/dags/dag_shipment_sim.py
[2026-07-01T18:15:21.076+0000] {processor.py:840} INFO - DAG(s) 'dag_shipment_sim' retrieved from /opt/airflow/dags/dag_shipment_sim.py
[2026-07-01T18:15:21.087+0000] {logging_mixin.py:188} INFO - [2026-07-01T18:15:21.087+0000] {dag.py:3096} INFO - Sync 1 DAGs
[2026-07-01T18:15:21.097+0000] {logging_mixin.py:188} INFO - [2026-07-01T18:15:21.097+0000] {dag.py:3954} INFO - Setting next_dagrun for dag_shipment_sim to 2026-07-01 18:00:00+00:00, run_after=2026-07-01 19:00:00+00:00
[2026-07-01T18:15:21.106+0000] {processor.py:183} INFO - Processing /opt/airflow/dags/dag_shipment_sim.py took 0.044 seconds
[2026-07-01T18:15:51.261+0000] {processor.py:161} INFO - Started process (PID=38128) to work on /opt/airflow/dags/dag_shipment_sim.py
[2026-07-01T18:15:51.262+0000] {processor.py:830} INFO - Processing file /opt/airflow/dags/dag_shipment_sim.py for tasks to queue
[2026-07-01T18:15:51.263+0000] {logging_mixin.py:188} INFO - [2026-07-01T18:15:51.263+0000] {dagbag.py:545} INFO - Filling up the DagBag from /opt/airflow/dags/dag_shipment_sim.py
[2026-07-01T18:15:51.272+0000] {processor.py:840} INFO - DAG(s) 'dag_shipment_sim' retrieved from /opt/airflow/dags/dag_shipment_sim.py
[2026-07-01T18:15:51.285+0000] {logging_mixin.py:188} INFO - [2026-07-01T18:15:51.284+0000] {dag.py:3096} INFO - Sync 1 DAGs
[2026-07-01T18:15:51.295+0000] {logging_mixin.py:188} INFO - [2026-07-01T18:15:51.295+0000] {dag.py:3954} INFO - Setting next_dagrun for dag_shipment_sim to 2026-07-01 18:00:00+00:00, run_after=2026-07-01 19:00:00+00:00
[2026-07-01T18:15:51.304+0000] {processor.py:183} INFO - Processing /opt/airflow/dags/dag_shipment_sim.py took 0.047 seconds
[2026-07-01T18:16:21.630+0000] {processor.py:161} INFO - Started process (PID=38165) to work on /opt/airflow/dags/dag_shipment_sim.py
[2026-07-01T18:16:21.630+0000] {processor.py:830} INFO - Processing file /opt/airflow/dags/dag_shipment_sim.py for tasks to queue
[2026-07-01T18:16:21.631+0000] {logging_mixin.py:188} INFO - [2026-07-01T18:16:21.631+0000] {dagbag.py:545} INFO - Filling up the DagBag from /opt/airflow/dags/dag_shipment_sim.py
[2026-07-01T18:16:21.640+0000] {processor.py:840} INFO - DAG(s) 'dag_shipment_sim' retrieved from /opt/airflow/dags/dag_shipment_sim.py
[2026-07-01T18:16:21.652+0000] {logging_mixin.py:188} INFO - [2026-07-01T18:16:21.652+0000] {dag.py:3096} INFO - Sync 1 DAGs
[2026-07-01T18:16:21.662+0000] {logging_mixin.py:188} INFO - [2026-07-01T18:16:21.662+0000] {dag.py:3954} INFO - Setting next_dagrun for dag_shipment_sim to 2026-07-01 18:00:00+00:00, run_after=2026-07-01 19:00:00+00:00
[2026-07-01T18:16:21.671+0000] {processor.py:183} INFO - Processing /opt/airflow/dags/dag_shipment_sim.py took 0.047 seconds
[2026-07-01T18:16:52.756+0000] {processor.py:161} INFO - Started process (PID=38202) to work on /opt/airflow/dags/dag_shipment_sim.py
[2026-07-01T18:16:52.757+0000] {processor.py:830} INFO - Processing file /opt/airflow/dags/dag_shipment_sim.py for tasks to queue
[2026-07-01T18:16:52.758+0000] {logging_mixin.py:188} INFO - [2026-07-01T18:16:52.757+0000] {dagbag.py:545} INFO - Filling up the DagBag from /opt/airflow/dags/dag_shipment_sim.py
[2026-07-01T18:16:52.769+0000] {processor.py:840} INFO - DAG(s) 'dag_shipment_sim' retrieved from /opt/airflow/dags/dag_shipment_sim.py
[2026-07-01T18:16:52.785+0000] {logging_mixin.py:188} INFO - [2026-07-01T18:16:52.784+0000] {dag.py:3096} INFO - Sync 1 DAGs
[2026-07-01T18:16:52.797+0000] {logging_mixin.py:188} INFO - [2026-07-01T18:16:52.796+0000] {dag.py:3954} INFO - Setting next_dagrun for dag_shipment_sim to 2026-07-01 18:00:00+00:00, run_after=2026-07-01 19:00:00+00:00
[2026-07-01T18:16:52.807+0000] {processor.py:183} INFO - Processing /opt/airflow/dags/dag_shipment_sim.py took 0.055 seconds
[2026-07-01T18:17:22.902+0000] {processor.py:161} INFO - Started process (PID=38237) to work on /opt/airflow/dags/dag_shipment_sim.py
[2026-07-01T18:17:22.903+0000] {processor.py:830} INFO - Processing file /opt/airflow/dags/dag_shipment_sim.py for tasks to queue
[2026-07-01T18:17:22.904+0000] {logging_mixin.py:188} INFO - [2026-07-01T18:17:22.904+0000] {dagbag.py:545} INFO - Filling up the DagBag from /opt/airflow/dags/dag_shipment_sim.py
[2026-07-01T18:17:22.916+0000] {processor.py:840} INFO - DAG(s) 'dag_shipment_sim' retrieved from /opt/airflow/dags/dag_shipment_sim.py
[2026-07-01T18:17:22.938+0000] {logging_mixin.py:188} INFO - [2026-07-01T18:17:22.938+0000] {dag.py:3096} INFO - Sync 1 DAGs
[2026-07-01T18:17:22.951+0000] {logging_mixin.py:188} INFO - [2026-07-01T18:17:22.950+0000] {dag.py:3954} INFO - Setting next_dagrun for dag_shipment_sim to 2026-07-01 18:00:00+00:00, run_after=2026-07-01 19:00:00+00:00
[2026-07-01T18:17:22.961+0000] {processor.py:183} INFO - Processing /opt/airflow/dags/dag_shipment_sim.py took 0.062 seconds
[2026-07-01T18:17:53.697+0000] {processor.py:161} INFO - Started process (PID=38263) to work on /opt/airflow/dags/dag_shipment_sim.py
[2026-07-01T18:17:53.698+0000] {processor.py:830} INFO - Processing file /opt/airflow/dags/dag_shipment_sim.py for tasks to queue
[2026-07-01T18:17:53.698+0000] {logging_mixin.py:188} INFO - [2026-07-01T18:17:53.698+0000] {dagbag.py:545} INFO - Filling up the DagBag from /opt/airflow/dags/dag_shipment_sim.py
[2026-07-01T18:17:53.709+0000] {processor.py:840} INFO - DAG(s) 'dag_shipment_sim' retrieved from /opt/airflow/dags/dag_shipment_sim.py
[2026-07-01T18:17:53.722+0000] {logging_mixin.py:188} INFO - [2026-07-01T18:17:53.722+0000] {dag.py:3096} INFO - Sync 1 DAGs
[2026-07-01T18:17:53.734+0000] {logging_mixin.py:188} INFO - [2026-07-01T18:17:53.734+0000] {dag.py:3954} INFO - Setting next_dagrun for dag_shipment_sim to 2026-07-01 18:00:00+00:00, run_after=2026-07-01 19:00:00+00:00
[2026-07-01T18:17:53.744+0000] {processor.py:183} INFO - Processing /opt/airflow/dags/dag_shipment_sim.py took 0.057 seconds
[2026-07-01T18:18:24.784+0000] {processor.py:161} INFO - Started process (PID=38300) to work on /opt/airflow/dags/dag_shipment_sim.py
[2026-07-01T18:18:24.786+0000] {processor.py:830} INFO - Processing file /opt/airflow/dags/dag_shipment_sim.py for tasks to queue
[2026-07-01T18:18:24.787+0000] {logging_mixin.py:188} INFO - [2026-07-01T18:18:24.787+0000] {dagbag.py:545} INFO - Filling up the DagBag from /opt/airflow/dags/dag_shipment_sim.py
[2026-07-01T18:18:24.797+0000] {processor.py:840} INFO - DAG(s) 'dag_shipment_sim' retrieved from /opt/airflow/dags/dag_shipment_sim.py
[2026-07-01T18:18:24.814+0000] {logging_mixin.py:188} INFO - [2026-07-01T18:18:24.813+0000] {dag.py:3096} INFO - Sync 1 DAGs
[2026-07-01T18:18:24.828+0000] {logging_mixin.py:188} INFO - [2026-07-01T18:18:24.828+0000] {dag.py:3954} INFO - Setting next_dagrun for dag_shipment_sim to 2026-07-01 18:00:00+00:00, run_after=2026-07-01 19:00:00+00:00
[2026-07-01T18:18:24.841+0000] {processor.py:183} INFO - Processing /opt/airflow/dags/dag_shipment_sim.py took 0.062 seconds
[2026-07-01T18:18:55.900+0000] {processor.py:161} INFO - Started process (PID=38337) to work on /opt/airflow/dags/dag_shipment_sim.py
[2026-07-01T18:18:55.901+0000] {processor.py:830} INFO - Processing file /opt/airflow/dags/dag_shipment_sim.py for tasks to queue
[2026-07-01T18:18:55.902+0000] {logging_mixin.py:188} INFO - [2026-07-01T18:18:55.902+0000] {dagbag.py:545} INFO - Filling up the DagBag from /opt/airflow/dags/dag_shipment_sim.py
[2026-07-01T18:18:55.912+0000] {processor.py:840} INFO - DAG(s) 'dag_shipment_sim' retrieved from /opt/airflow/dags/dag_shipment_sim.py
[2026-07-01T18:18:55.928+0000] {logging_mixin.py:188} INFO - [2026-07-01T18:18:55.928+0000] {dag.py:3096} INFO - Sync 1 DAGs
[2026-07-01T18:18:55.939+0000] {logging_mixin.py:188} INFO - [2026-07-01T18:18:55.939+0000] {dag.py:3954} INFO - Setting next_dagrun for dag_shipment_sim to 2026-07-01 18:00:00+00:00, run_after=2026-07-01 19:00:00+00:00
[2026-07-01T18:18:55.950+0000] {processor.py:183} INFO - Processing /opt/airflow/dags/dag_shipment_sim.py took 0.055 seconds
[2026-07-01T18:19:27.119+0000] {processor.py:161} INFO - Started process (PID=38374) to work on /opt/airflow/dags/dag_shipment_sim.py
[2026-07-01T18:19:27.120+0000] {processor.py:830} INFO - Processing file /opt/airflow/dags/dag_shipment_sim.py for tasks to queue
[2026-07-01T18:19:27.121+0000] {logging_mixin.py:188} INFO - [2026-07-01T18:19:27.121+0000] {dagbag.py:545} INFO - Filling up the DagBag from /opt/airflow/dags/dag_shipment_sim.py
[2026-07-01T18:19:27.131+0000] {processor.py:840} INFO - DAG(s) 'dag_shipment_sim' retrieved from /opt/airflow/dags/dag_shipment_sim.py
[2026-07-01T18:19:27.147+0000] {logging_mixin.py:188} INFO - [2026-07-01T18:19:27.147+0000] {dag.py:3096} INFO - Sync 1 DAGs
[2026-07-01T18:19:27.160+0000] {logging_mixin.py:188} INFO - [2026-07-01T18:19:27.160+0000] {dag.py:3954} INFO - Setting next_dagrun for dag_shipment_sim to 2026-07-01 18:00:00+00:00, run_after=2026-07-01 19:00:00+00:00
[2026-07-01T18:19:27.171+0000] {processor.py:183} INFO - Processing /opt/airflow/dags/dag_shipment_sim.py took 0.058 seconds
[2026-07-01T18:19:58.258+0000] {processor.py:161} INFO - Started process (PID=38411) to work on /opt/airflow/dags/dag_shipment_sim.py
[2026-07-01T18:19:58.259+0000] {processor.py:830} INFO - Processing file /opt/airflow/dags/dag_shipment_sim.py for tasks to queue
[2026-07-01T18:19:58.261+0000] {logging_mixin.py:188} INFO - [2026-07-01T18:19:58.260+0000] {dagbag.py:545} INFO - Filling up the DagBag from /opt/airflow/dags/dag_shipment_sim.py
[2026-07-01T18:19:58.272+0000] {processor.py:840} INFO - DAG(s) 'dag_shipment_sim' retrieved from /opt/airflow/dags/dag_shipment_sim.py
[2026-07-01T18:19:58.289+0000] {logging_mixin.py:188} INFO - [2026-07-01T18:19:58.289+0000] {dag.py:3096} INFO - Sync 1 DAGs
[2026-07-01T18:19:58.303+0000] {logging_mixin.py:188} INFO - [2026-07-01T18:19:58.303+0000] {dag.py:3954} INFO - Setting next_dagrun for dag_shipment_sim to 2026-07-01 18:00:00+00:00, run_after=2026-07-01 19:00:00+00:00
[2026-07-01T18:19:58.315+0000] {processor.py:183} INFO - Processing /opt/airflow/dags/dag_shipment_sim.py took 0.061 seconds
[2026-07-01T18:20:29.424+0000] {processor.py:161} INFO - Started process (PID=38448) to work on /opt/airflow/dags/dag_shipment_sim.py
[2026-07-01T18:20:29.425+0000] {processor.py:830} INFO - Processing file /opt/airflow/dags/dag_shipment_sim.py for tasks to queue
[2026-07-01T18:20:29.426+0000] {logging_mixin.py:188} INFO - [2026-07-01T18:20:29.426+0000] {dagbag.py:545} INFO - Filling up the DagBag from /opt/airflow/dags/dag_shipment_sim.py
[2026-07-01T18:20:29.436+0000] {processor.py:840} INFO - DAG(s) 'dag_shipment_sim' retrieved from /opt/airflow/dags/dag_shipment_sim.py
[2026-07-01T18:20:29.450+0000] {logging_mixin.py:188} INFO - [2026-07-01T18:20:29.449+0000] {dag.py:3096} INFO - Sync 1 DAGs
[2026-07-01T18:20:29.462+0000] {logging_mixin.py:188} INFO - [2026-07-01T18:20:29.462+0000] {dag.py:3954} INFO - Setting next_dagrun for dag_shipment_sim to 2026-07-01 18:00:00+00:00, run_after=2026-07-01 19:00:00+00:00
[2026-07-01T18:20:29.472+0000] {processor.py:183} INFO - Processing /opt/airflow/dags/dag_shipment_sim.py took 0.054 seconds
[2026-07-01T18:21:00.400+0000] {processor.py:161} INFO - Started process (PID=38481) to work on /opt/airflow/dags/dag_shipment_sim.py
[2026-07-01T18:21:00.402+0000] {processor.py:830} INFO - Processing file /opt/airflow/dags/dag_shipment_sim.py for tasks to queue
[2026-07-01T18:21:00.405+0000] {logging_mixin.py:188} INFO - [2026-07-01T18:21:00.404+0000] {dagbag.py:545} INFO - Filling up the DagBag from /opt/airflow/dags/dag_shipment_sim.py
[2026-07-01T18:21:00.429+0000] {processor.py:840} INFO - DAG(s) 'dag_shipment_sim' retrieved from /opt/airflow/dags/dag_shipment_sim.py
[2026-07-01T18:21:00.454+0000] {logging_mixin.py:188} INFO - [2026-07-01T18:21:00.454+0000] {dag.py:3096} INFO - Sync 1 DAGs
[2026-07-01T18:21:00.478+0000] {logging_mixin.py:188} INFO - [2026-07-01T18:21:00.478+0000] {dag.py:3954} INFO - Setting next_dagrun for dag_shipment_sim to 2026-07-01 18:00:00+00:00, run_after=2026-07-01 19:00:00+00:00
[2026-07-01T18:21:00.498+0000] {processor.py:183} INFO - Processing /opt/airflow/dags/dag_shipment_sim.py took 0.107 seconds
[2026-07-01T18:21:30.888+0000] {processor.py:161} INFO - Started process (PID=38518) to work on /opt/airflow/dags/dag_shipment_sim.py
[2026-07-01T18:21:30.889+0000] {processor.py:830} INFO - Processing file /opt/airflow/dags/dag_shipment_sim.py for tasks to queue
[2026-07-01T18:21:30.890+0000] {logging_mixin.py:188} INFO - [2026-07-01T18:21:30.890+0000] {dagbag.py:545} INFO - Filling up the DagBag from /opt/airflow/dags/dag_shipment_sim.py
[2026-07-01T18:21:30.903+0000] {processor.py:840} INFO - DAG(s) 'dag_shipment_sim' retrieved from /opt/airflow/dags/dag_shipment_sim.py
[2026-07-01T18:21:30.919+0000] {logging_mixin.py:188} INFO - [2026-07-01T18:21:30.919+0000] {dag.py:3096} INFO - Sync 1 DAGs
[2026-07-01T18:21:30.939+0000] {logging_mixin.py:188} INFO - [2026-07-01T18:21:30.939+0000] {dag.py:3954} INFO - Setting next_dagrun for dag_shipment_sim to 2026-07-01 18:00:00+00:00, run_after=2026-07-01 19:00:00+00:00
[2026-07-01T18:21:30.954+0000] {processor.py:183} INFO - Processing /opt/airflow/dags/dag_shipment_sim.py took 0.074 seconds
[2026-07-01T18:22:01.295+0000] {processor.py:161} INFO - Started process (PID=38555) to work on /opt/airflow/dags/dag_shipment_sim.py
[2026-07-01T18:22:01.296+0000] {processor.py:830} INFO - Processing file /opt/airflow/dags/dag_shipment_sim.py for tasks to queue
[2026-07-01T18:22:01.296+0000] {logging_mixin.py:188} INFO - [2026-07-01T18:22:01.296+0000] {dagbag.py:545} INFO - Filling up the DagBag from /opt/airflow/dags/dag_shipment_sim.py
[2026-07-01T18:22:01.308+0000] {processor.py:840} INFO - DAG(s) 'dag_shipment_sim' retrieved from /opt/airflow/dags/dag_shipment_sim.py
[2026-07-01T18:22:01.322+0000] {logging_mixin.py:188} INFO - [2026-07-01T18:22:01.322+0000] {dag.py:3096} INFO - Sync 1 DAGs
[2026-07-01T18:22:01.333+0000] {logging_mixin.py:188} INFO - [2026-07-01T18:22:01.333+0000] {dag.py:3954} INFO - Setting next_dagrun for dag_shipment_sim to 2026-07-01 18:00:00+00:00, run_after=2026-07-01 19:00:00+00:00
[2026-07-01T18:22:01.345+0000] {processor.py:183} INFO - Processing /opt/airflow/dags/dag_shipment_sim.py took 0.057 seconds
[2026-07-01T18:22:31.576+0000] {processor.py:161} INFO - Started process (PID=38592) to work on /opt/airflow/dags/dag_shipment_sim.py
[2026-07-01T18:22:31.577+0000] {processor.py:830} INFO - Processing file /opt/airflow/dags/dag_shipment_sim.py for tasks to queue
[2026-07-01T18:22:31.578+0000] {logging_mixin.py:188} INFO - [2026-07-01T18:22:31.578+0000] {dagbag.py:545} INFO - Filling up the DagBag from /opt/airflow/dags/dag_shipment_sim.py
[2026-07-01T18:22:31.587+0000] {processor.py:840} INFO - DAG(s) 'dag_shipment_sim' retrieved from /opt/airflow/dags/dag_shipment_sim.py
[2026-07-01T18:22:31.599+0000] {logging_mixin.py:188} INFO - [2026-07-01T18:22:31.599+0000] {dag.py:3096} INFO - Sync 1 DAGs
[2026-07-01T18:22:31.611+0000] {logging_mixin.py:188} INFO - [2026-07-01T18:22:31.610+0000] {dag.py:3954} INFO - Setting next_dagrun for dag_shipment_sim to 2026-07-01 18:00:00+00:00, run_after=2026-07-01 19:00:00+00:00
[2026-07-01T18:22:31.619+0000] {processor.py:183} INFO - Processing /opt/airflow/dags/dag_shipment_sim.py took 0.047 seconds
[2026-07-01T18:23:01.881+0000] {processor.py:161} INFO - Started process (PID=38629) to work on /opt/airflow/dags/dag_shipment_sim.py
[2026-07-01T18:23:01.882+0000] {processor.py:830} INFO - Processing file /opt/airflow/dags/dag_shipment_sim.py for tasks to queue
[2026-07-01T18:23:01.884+0000] {logging_mixin.py:188} INFO - [2026-07-01T18:23:01.883+0000] {dagbag.py:545} INFO - Filling up the DagBag from /opt/airflow/dags/dag_shipment_sim.py
[2026-07-01T18:23:01.904+0000] {processor.py:840} INFO - DAG(s) 'dag_shipment_sim' retrieved from /opt/airflow/dags/dag_shipment_sim.py
[2026-07-01T18:23:01.925+0000] {logging_mixin.py:188} INFO - [2026-07-01T18:23:01.925+0000] {dag.py:3096} INFO - Sync 1 DAGs
[2026-07-01T18:23:01.942+0000] {logging_mixin.py:188} INFO - [2026-07-01T18:23:01.942+0000] {dag.py:3954} INFO - Setting next_dagrun for dag_shipment_sim to 2026-07-01 18:00:00+00:00, run_after=2026-07-01 19:00:00+00:00
[2026-07-01T18:23:01.957+0000] {processor.py:183} INFO - Processing /opt/airflow/dags/dag_shipment_sim.py took 0.086 seconds
[2026-07-01T18:23:32.390+0000] {processor.py:161} INFO - Started process (PID=38666) to work on /opt/airflow/dags/dag_shipment_sim.py
[2026-07-01T18:23:32.390+0000] {processor.py:830} INFO - Processing file /opt/airflow/dags/dag_shipment_sim.py for tasks to queue
[2026-07-01T18:23:32.392+0000] {logging_mixin.py:188} INFO - [2026-07-01T18:23:32.391+0000] {dagbag.py:545} INFO - Filling up the DagBag from /opt/airflow/dags/dag_shipment_sim.py
[2026-07-01T18:23:32.403+0000] {processor.py:840} INFO - DAG(s) 'dag_shipment_sim' retrieved from /opt/airflow/dags/dag_shipment_sim.py
[2026-07-01T18:23:32.416+0000] {logging_mixin.py:188} INFO - [2026-07-01T18:23:32.416+0000] {dag.py:3096} INFO - Sync 1 DAGs
[2026-07-01T18:23:32.428+0000] {logging_mixin.py:188} INFO - [2026-07-01T18:23:32.428+0000] {dag.py:3954} INFO - Setting next_dagrun for dag_shipment_sim to 2026-07-01 18:00:00+00:00, run_after=2026-07-01 19:00:00+00:00
[2026-07-01T18:23:32.437+0000] {processor.py:183} INFO - Processing /opt/airflow/dags/dag_shipment_sim.py took 0.051 seconds
[2026-07-01T18:24:02.740+0000] {processor.py:161} INFO - Started process (PID=38703) to work on /opt/airflow/dags/dag_shipment_sim.py
[2026-07-01T18:24:02.744+0000] {processor.py:830} INFO - Processing file /opt/airflow/dags/dag_shipment_sim.py for tasks to queue
[2026-07-01T18:24:02.745+0000] {logging_mixin.py:188} INFO - [2026-07-01T18:24:02.745+0000] {dagbag.py:545} INFO - Filling up the DagBag from /opt/airflow/dags/dag_shipment_sim.py
[2026-07-01T18:24:02.757+0000] {processor.py:840} INFO - DAG(s) 'dag_shipment_sim' retrieved from /opt/airflow/dags/dag_shipment_sim.py
[2026-07-01T18:24:02.774+0000] {logging_mixin.py:188} INFO - [2026-07-01T18:24:02.773+0000] {dag.py:3096} INFO - Sync 1 DAGs
[2026-07-01T18:24:02.787+0000] {logging_mixin.py:188} INFO - [2026-07-01T18:24:02.787+0000] {dag.py:3954} INFO - Setting next_dagrun for dag_shipment_sim to 2026-07-01 18:00:00+00:00, run_after=2026-07-01 19:00:00+00:00
[2026-07-01T18:24:02.799+0000] {processor.py:183} INFO - Processing /opt/airflow/dags/dag_shipment_sim.py took 0.069 seconds
[2026-07-01T18:24:32.884+0000] {processor.py:161} INFO - Started process (PID=38740) to work on /opt/airflow/dags/dag_shipment_sim.py
[2026-07-01T18:24:32.884+0000] {processor.py:830} INFO - Processing file /opt/airflow/dags/dag_shipment_sim.py for tasks to queue
[2026-07-01T18:24:32.885+0000] {logging_mixin.py:188} INFO - [2026-07-01T18:24:32.885+0000] {dagbag.py:545} INFO - Filling up the DagBag from /opt/airflow/dags/dag_shipment_sim.py
[2026-07-01T18:24:32.893+0000] {processor.py:840} INFO - DAG(s) 'dag_shipment_sim' retrieved from /opt/airflow/dags/dag_shipment_sim.py
[2026-07-01T18:24:32.905+0000] {logging_mixin.py:188} INFO - [2026-07-01T18:24:32.905+0000] {dag.py:3096} INFO - Sync 1 DAGs
[2026-07-01T18:24:32.915+0000] {logging_mixin.py:188} INFO - [2026-07-01T18:24:32.915+0000] {dag.py:3954} INFO - Setting next_dagrun for dag_shipment_sim to 2026-07-01 18:00:00+00:00, run_after=2026-07-01 19:00:00+00:00
[2026-07-01T18:24:32.924+0000] {processor.py:183} INFO - Processing /opt/airflow/dags/dag_shipment_sim.py took 0.044 seconds
[2026-07-01T18:25:04.002+0000] {processor.py:161} INFO - Started process (PID=38777) to work on /opt/airflow/dags/dag_shipment_sim.py
[2026-07-01T18:25:04.002+0000] {processor.py:830} INFO - Processing file /opt/airflow/dags/dag_shipment_sim.py for tasks to queue
[2026-07-01T18:25:04.003+0000] {logging_mixin.py:188} INFO - [2026-07-01T18:25:04.003+0000] {dagbag.py:545} INFO - Filling up the DagBag from /opt/airflow/dags/dag_shipment_sim.py
[2026-07-01T18:25:04.012+0000] {processor.py:840} INFO - DAG(s) 'dag_shipment_sim' retrieved from /opt/airflow/dags/dag_shipment_sim.py
[2026-07-01T18:25:04.024+0000] {logging_mixin.py:188} INFO - [2026-07-01T18:25:04.023+0000] {dag.py:3096} INFO - Sync 1 DAGs
[2026-07-01T18:25:04.032+0000] {logging_mixin.py:188} INFO - [2026-07-01T18:25:04.032+0000] {dag.py:3954} INFO - Setting next_dagrun for dag_shipment_sim to 2026-07-01 18:00:00+00:00, run_after=2026-07-01 19:00:00+00:00
[2026-07-01T18:25:04.039+0000] {processor.py:183} INFO - Processing /opt/airflow/dags/dag_shipment_sim.py took 0.040 seconds
[2026-07-01T18:25:34.375+0000] {processor.py:161} INFO - Started process (PID=38814) to work on /opt/airflow/dags/dag_shipment_sim.py
[2026-07-01T18:25:34.376+0000] {processor.py:830} INFO - Processing file /opt/airflow/dags/dag_shipment_sim.py for tasks to queue
[2026-07-01T18:25:34.377+0000] {logging_mixin.py:188} INFO - [2026-07-01T18:25:34.377+0000] {dagbag.py:545} INFO - Filling up the DagBag from /opt/airflow/dags/dag_shipment_sim.py
[2026-07-01T18:25:34.387+0000] {processor.py:840} INFO - DAG(s) 'dag_shipment_sim' retrieved from /opt/airflow/dags/dag_shipment_sim.py
[2026-07-01T18:25:34.400+0000] {logging_mixin.py:188} INFO - [2026-07-01T18:25:34.399+0000] {dag.py:3096} INFO - Sync 1 DAGs
[2026-07-01T18:25:34.410+0000] {logging_mixin.py:188} INFO - [2026-07-01T18:25:34.409+0000] {dag.py:3954} INFO - Setting next_dagrun for dag_shipment_sim to 2026-07-01 18:00:00+00:00, run_after=2026-07-01 19:00:00+00:00
[2026-07-01T18:25:34.418+0000] {processor.py:183} INFO - Processing /opt/airflow/dags/dag_shipment_sim.py took 0.048 seconds
[2026-07-01T18:26:05.555+0000] {processor.py:161} INFO - Started process (PID=38851) to work on /opt/airflow/dags/dag_shipment_sim.py
[2026-07-01T18:26:05.556+0000] {processor.py:830} INFO - Processing file /opt/airflow/dags/dag_shipment_sim.py for tasks to queue
[2026-07-01T18:26:05.557+0000] {logging_mixin.py:188} INFO - [2026-07-01T18:26:05.557+0000] {dagbag.py:545} INFO - Filling up the DagBag from /opt/airflow/dags/dag_shipment_sim.py
[2026-07-01T18:26:05.565+0000] {processor.py:840} INFO - DAG(s) 'dag_shipment_sim' retrieved from /opt/airflow/dags/dag_shipment_sim.py
[2026-07-01T18:26:05.575+0000] {logging_mixin.py:188} INFO - [2026-07-01T18:26:05.575+0000] {dag.py:3096} INFO - Sync 1 DAGs
[2026-07-01T18:26:05.584+0000] {logging_mixin.py:188} INFO - [2026-07-01T18:26:05.583+0000] {dag.py:3954} INFO - Setting next_dagrun for dag_shipment_sim to 2026-07-01 18:00:00+00:00, run_after=2026-07-01 19:00:00+00:00
[2026-07-01T18:26:05.591+0000] {processor.py:183} INFO - Processing /opt/airflow/dags/dag_shipment_sim.py took 0.048 seconds
[2026-07-01T18:26:36.712+0000] {processor.py:161} INFO - Started process (PID=38888) to work on /opt/airflow/dags/dag_shipment_sim.py
[2026-07-01T18:26:36.713+0000] {processor.py:830} INFO - Processing file /opt/airflow/dags/dag_shipment_sim.py for tasks to queue
[2026-07-01T18:26:36.713+0000] {logging_mixin.py:188} INFO - [2026-07-01T18:26:36.713+0000] {dagbag.py:545} INFO - Filling up the DagBag from /opt/airflow/dags/dag_shipment_sim.py
[2026-07-01T18:26:36.722+0000] {processor.py:840} INFO - DAG(s) 'dag_shipment_sim' retrieved from /opt/airflow/dags/dag_shipment_sim.py
[2026-07-01T18:26:36.732+0000] {logging_mixin.py:188} INFO - [2026-07-01T18:26:36.732+0000] {dag.py:3096} INFO - Sync 1 DAGs
[2026-07-01T18:26:36.740+0000] {logging_mixin.py:188} INFO - [2026-07-01T18:26:36.740+0000] {dag.py:3954} INFO - Setting next_dagrun for dag_shipment_sim to 2026-07-01 18:00:00+00:00, run_after=2026-07-01 19:00:00+00:00
[2026-07-01T18:26:36.748+0000] {processor.py:183} INFO - Processing /opt/airflow/dags/dag_shipment_sim.py took 0.041 seconds
[2026-07-01T18:27:07.077+0000] {processor.py:161} INFO - Started process (PID=38925) to work on /opt/airflow/dags/dag_shipment_sim.py
[2026-07-01T18:27:07.077+0000] {processor.py:830} INFO - Processing file /opt/airflow/dags/dag_shipment_sim.py for tasks to queue
[2026-07-01T18:27:07.078+0000] {logging_mixin.py:188} INFO - [2026-07-01T18:27:07.078+0000] {dagbag.py:545} INFO - Filling up the DagBag from /opt/airflow/dags/dag_shipment_sim.py
[2026-07-01T18:27:07.091+0000] {processor.py:840} INFO - DAG(s) 'dag_shipment_sim' retrieved from /opt/airflow/dags/dag_shipment_sim.py
[2026-07-01T18:27:07.102+0000] {logging_mixin.py:188} INFO - [2026-07-01T18:27:07.102+0000] {dag.py:3096} INFO - Sync 1 DAGs
[2026-07-01T18:27:07.110+0000] {logging_mixin.py:188} INFO - [2026-07-01T18:27:07.110+0000] {dag.py:3954} INFO - Setting next_dagrun for dag_shipment_sim to 2026-07-01 18:00:00+00:00, run_after=2026-07-01 19:00:00+00:00
[2026-07-01T18:27:07.117+0000] {processor.py:183} INFO - Processing /opt/airflow/dags/dag_shipment_sim.py took 0.043 seconds
[2026-07-01T19:32:50.743+0000] {processor.py:161} INFO - Started process (PID=38950) to work on /opt/airflow/dags/dag_shipment_sim.py
[2026-07-01T19:32:50.744+0000] {processor.py:830} INFO - Processing file /opt/airflow/dags/dag_shipment_sim.py for tasks to queue
[2026-07-01T19:32:50.745+0000] {logging_mixin.py:188} INFO - [2026-07-01T19:32:50.745+0000] {dagbag.py:545} INFO - Filling up the DagBag from /opt/airflow/dags/dag_shipment_sim.py
[2026-07-01T19:32:50.754+0000] {processor.py:840} INFO - DAG(s) 'dag_shipment_sim' retrieved from /opt/airflow/dags/dag_shipment_sim.py
[2026-07-01T19:32:50.767+0000] {logging_mixin.py:188} INFO - [2026-07-01T19:32:50.767+0000] {dag.py:3096} INFO - Sync 1 DAGs
[2026-07-01T19:32:50.778+0000] {logging_mixin.py:188} INFO - [2026-07-01T19:32:50.778+0000] {dag.py:3954} INFO - Setting next_dagrun for dag_shipment_sim to 2026-07-01 19:00:00+00:00, run_after=2026-07-01 20:00:00+00:00
[2026-07-01T19:32:50.789+0000] {processor.py:183} INFO - Processing /opt/airflow/dags/dag_shipment_sim.py took 0.056 seconds
[2026-07-01T20:42:43.662+0000] {processor.py:161} INFO - Started process (PID=39555) to work on /opt/airflow/dags/dag_shipment_sim.py
[2026-07-01T20:42:43.663+0000] {processor.py:830} INFO - Processing file /opt/airflow/dags/dag_shipment_sim.py for tasks to queue
[2026-07-01T20:42:43.664+0000] {logging_mixin.py:188} INFO - [2026-07-01T20:42:43.664+0000] {dagbag.py:545} INFO - Filling up the DagBag from /opt/airflow/dags/dag_shipment_sim.py
[2026-07-01T20:42:43.678+0000] {processor.py:840} INFO - DAG(s) 'dag_shipment_sim' retrieved from /opt/airflow/dags/dag_shipment_sim.py
[2026-07-01T20:42:43.693+0000] {logging_mixin.py:188} INFO - [2026-07-01T20:42:43.693+0000] {dag.py:3096} INFO - Sync 1 DAGs
[2026-07-01T20:42:43.707+0000] {logging_mixin.py:188} INFO - [2026-07-01T20:42:43.707+0000] {dag.py:3954} INFO - Setting next_dagrun for dag_shipment_sim to 2026-07-01 20:00:00+00:00, run_after=2026-07-01 21:00:00+00:00
[2026-07-01T20:42:43.720+0000] {processor.py:183} INFO - Processing /opt/airflow/dags/dag_shipment_sim.py took 0.062 seconds
[2026-07-01T22:22:23.933+0000] {processor.py:161} INFO - Started process (PID=40164) to work on /opt/airflow/dags/dag_shipment_sim.py
[2026-07-01T22:22:23.934+0000] {processor.py:830} INFO - Processing file /opt/airflow/dags/dag_shipment_sim.py for tasks to queue
[2026-07-01T22:22:23.937+0000] {logging_mixin.py:188} INFO - [2026-07-01T22:22:23.936+0000] {dagbag.py:545} INFO - Filling up the DagBag from /opt/airflow/dags/dag_shipment_sim.py
[2026-07-01T22:22:23.947+0000] {processor.py:840} INFO - DAG(s) 'dag_shipment_sim' retrieved from /opt/airflow/dags/dag_shipment_sim.py
[2026-07-01T22:22:23.964+0000] {logging_mixin.py:188} INFO - [2026-07-01T22:22:23.964+0000] {dag.py:3096} INFO - Sync 1 DAGs
[2026-07-01T22:22:23.976+0000] {logging_mixin.py:188} INFO - [2026-07-01T22:22:23.976+0000] {dag.py:3954} INFO - Setting next_dagrun for dag_shipment_sim to 2026-07-01 21:00:00+00:00, run_after=2026-07-01 22:00:00+00:00
[2026-07-01T22:22:23.987+0000] {processor.py:183} INFO - Processing /opt/airflow/dags/dag_shipment_sim.py took 0.057 seconds
[2026-07-01T23:47:02.991+0000] {processor.py:161} INFO - Started process (PID=40790) to work on /opt/airflow/dags/dag_shipment_sim.py
[2026-07-01T23:47:02.992+0000] {processor.py:830} INFO - Processing file /opt/airflow/dags/dag_shipment_sim.py for tasks to queue
[2026-07-01T23:47:02.992+0000] {logging_mixin.py:188} INFO - [2026-07-01T23:47:02.992+0000] {dagbag.py:545} INFO - Filling up the DagBag from /opt/airflow/dags/dag_shipment_sim.py
[2026-07-01T23:47:03.001+0000] {processor.py:840} INFO - DAG(s) 'dag_shipment_sim' retrieved from /opt/airflow/dags/dag_shipment_sim.py
[2026-07-01T23:47:03.013+0000] {logging_mixin.py:188} INFO - [2026-07-01T23:47:03.013+0000] {dag.py:3096} INFO - Sync 1 DAGs
[2026-07-01T23:47:03.021+0000] {logging_mixin.py:188} INFO - [2026-07-01T23:47:03.021+0000] {dag.py:3954} INFO - Setting next_dagrun for dag_shipment_sim to 2026-07-01 22:00:00+00:00, run_after=2026-07-01 23:00:00+00:00
[2026-07-01T23:47:03.030+0000] {processor.py:183} INFO - Processing /opt/airflow/dags/dag_shipment_sim.py took 0.043 seconds
