[2026-07-03T00:02:49.038+0000] {processor.py:161} INFO - Started process (PID=97790) to work on /opt/airflow/dags/dag_gold_dbt.py
[2026-07-03T00:02:49.039+0000] {processor.py:830} INFO - Processing file /opt/airflow/dags/dag_gold_dbt.py for tasks to queue
[2026-07-03T00:02:49.041+0000] {logging_mixin.py:188} INFO - [2026-07-03T00:02:49.041+0000] {dagbag.py:545} INFO - Filling up the DagBag from /opt/airflow/dags/dag_gold_dbt.py
[2026-07-03T00:02:49.051+0000] {processor.py:840} INFO - DAG(s) 'gold_dbt_dag' retrieved from /opt/airflow/dags/dag_gold_dbt.py
[2026-07-03T00:02:49.065+0000] {logging_mixin.py:188} INFO - [2026-07-03T00:02:49.065+0000] {dag.py:3096} INFO - Sync 1 DAGs
[2026-07-03T00:02:49.078+0000] {logging_mixin.py:188} INFO - [2026-07-03T00:02:49.078+0000] {dag.py:3954} INFO - Setting next_dagrun for gold_dbt_dag to None, run_after=None
[2026-07-03T00:02:49.092+0000] {processor.py:183} INFO - Processing /opt/airflow/dags/dag_gold_dbt.py took 0.062 seconds
[2026-07-03T00:03:19.860+0000] {processor.py:161} INFO - Started process (PID=98393) to work on /opt/airflow/dags/dag_gold_dbt.py
[2026-07-03T00:03:19.862+0000] {processor.py:830} INFO - Processing file /opt/airflow/dags/dag_gold_dbt.py for tasks to queue
[2026-07-03T00:03:19.864+0000] {logging_mixin.py:188} INFO - [2026-07-03T00:03:19.863+0000] {dagbag.py:545} INFO - Filling up the DagBag from /opt/airflow/dags/dag_gold_dbt.py
[2026-07-03T00:03:19.876+0000] {processor.py:840} INFO - DAG(s) 'gold_dbt_dag' retrieved from /opt/airflow/dags/dag_gold_dbt.py
[2026-07-03T00:03:19.897+0000] {logging_mixin.py:188} INFO - [2026-07-03T00:03:19.897+0000] {dag.py:3096} INFO - Sync 1 DAGs
[2026-07-03T00:03:19.912+0000] {logging_mixin.py:188} INFO - [2026-07-03T00:03:19.912+0000] {dag.py:3954} INFO - Setting next_dagrun for gold_dbt_dag to None, run_after=None
[2026-07-03T00:03:19.926+0000] {processor.py:183} INFO - Processing /opt/airflow/dags/dag_gold_dbt.py took 0.070 seconds
[2026-07-03T00:20:02.469+0000] {processor.py:161} INFO - Started process (PID=98430) to work on /opt/airflow/dags/dag_gold_dbt.py
[2026-07-03T00:20:02.472+0000] {processor.py:830} INFO - Processing file /opt/airflow/dags/dag_gold_dbt.py for tasks to queue
[2026-07-03T00:20:02.474+0000] {logging_mixin.py:188} INFO - [2026-07-03T00:20:02.474+0000] {dagbag.py:545} INFO - Filling up the DagBag from /opt/airflow/dags/dag_gold_dbt.py
[2026-07-03T00:20:02.502+0000] {processor.py:840} INFO - DAG(s) 'gold_dbt_dag' retrieved from /opt/airflow/dags/dag_gold_dbt.py
[2026-07-03T00:20:02.536+0000] {logging_mixin.py:188} INFO - [2026-07-03T00:20:02.536+0000] {dag.py:3096} INFO - Sync 1 DAGs
[2026-07-03T00:20:02.562+0000] {logging_mixin.py:188} INFO - [2026-07-03T00:20:02.562+0000] {dag.py:3954} INFO - Setting next_dagrun for gold_dbt_dag to None, run_after=None
[2026-07-03T00:20:02.581+0000] {processor.py:183} INFO - Processing /opt/airflow/dags/dag_gold_dbt.py took 0.118 seconds
[2026-07-03T00:20:33.453+0000] {processor.py:161} INFO - Started process (PID=98466) to work on /opt/airflow/dags/dag_gold_dbt.py
[2026-07-03T00:20:33.455+0000] {processor.py:830} INFO - Processing file /opt/airflow/dags/dag_gold_dbt.py for tasks to queue
[2026-07-03T00:20:33.458+0000] {logging_mixin.py:188} INFO - [2026-07-03T00:20:33.457+0000] {dagbag.py:545} INFO - Filling up the DagBag from /opt/airflow/dags/dag_gold_dbt.py
[2026-07-03T00:20:33.475+0000] {processor.py:840} INFO - DAG(s) 'gold_dbt_dag' retrieved from /opt/airflow/dags/dag_gold_dbt.py
[2026-07-03T00:20:33.496+0000] {logging_mixin.py:188} INFO - [2026-07-03T00:20:33.496+0000] {dag.py:3096} INFO - Sync 1 DAGs
[2026-07-03T00:20:33.514+0000] {logging_mixin.py:188} INFO - [2026-07-03T00:20:33.514+0000] {dag.py:3954} INFO - Setting next_dagrun for gold_dbt_dag to None, run_after=None
[2026-07-03T00:20:33.528+0000] {processor.py:183} INFO - Processing /opt/airflow/dags/dag_gold_dbt.py took 0.080 seconds
[2026-07-03T00:36:01.359+0000] {processor.py:161} INFO - Started process (PID=98503) to work on /opt/airflow/dags/dag_gold_dbt.py
[2026-07-03T00:36:01.367+0000] {processor.py:830} INFO - Processing file /opt/airflow/dags/dag_gold_dbt.py for tasks to queue
[2026-07-03T00:36:01.368+0000] {logging_mixin.py:188} INFO - [2026-07-03T00:36:01.368+0000] {dagbag.py:545} INFO - Filling up the DagBag from /opt/airflow/dags/dag_gold_dbt.py
[2026-07-03T00:36:01.391+0000] {processor.py:840} INFO - DAG(s) 'gold_dbt_dag' retrieved from /opt/airflow/dags/dag_gold_dbt.py
[2026-07-03T00:36:01.428+0000] {logging_mixin.py:188} INFO - [2026-07-03T00:36:01.428+0000] {dag.py:3096} INFO - Sync 1 DAGs
[2026-07-03T00:36:01.450+0000] {logging_mixin.py:188} INFO - [2026-07-03T00:36:01.449+0000] {dag.py:3954} INFO - Setting next_dagrun for gold_dbt_dag to None, run_after=None
[2026-07-03T00:36:01.467+0000] {processor.py:183} INFO - Processing /opt/airflow/dags/dag_gold_dbt.py took 0.122 seconds
[2026-07-03T00:51:07.887+0000] {processor.py:161} INFO - Started process (PID=98541) to work on /opt/airflow/dags/dag_gold_dbt.py
[2026-07-03T00:51:07.889+0000] {processor.py:830} INFO - Processing file /opt/airflow/dags/dag_gold_dbt.py for tasks to queue
[2026-07-03T00:51:07.891+0000] {logging_mixin.py:188} INFO - [2026-07-03T00:51:07.891+0000] {dagbag.py:545} INFO - Filling up the DagBag from /opt/airflow/dags/dag_gold_dbt.py
[2026-07-03T00:51:07.911+0000] {processor.py:840} INFO - DAG(s) 'gold_dbt_dag' retrieved from /opt/airflow/dags/dag_gold_dbt.py
[2026-07-03T00:51:07.941+0000] {logging_mixin.py:188} INFO - [2026-07-03T00:51:07.941+0000] {dag.py:3096} INFO - Sync 1 DAGs
[2026-07-03T00:51:07.964+0000] {logging_mixin.py:188} INFO - [2026-07-03T00:51:07.964+0000] {dag.py:3954} INFO - Setting next_dagrun for gold_dbt_dag to None, run_after=None
[2026-07-03T00:51:07.985+0000] {processor.py:183} INFO - Processing /opt/airflow/dags/dag_gold_dbt.py took 0.103 seconds
[2026-07-03T00:51:38.963+0000] {processor.py:161} INFO - Started process (PID=98577) to work on /opt/airflow/dags/dag_gold_dbt.py
[2026-07-03T00:51:38.964+0000] {processor.py:830} INFO - Processing file /opt/airflow/dags/dag_gold_dbt.py for tasks to queue
[2026-07-03T00:51:38.966+0000] {logging_mixin.py:188} INFO - [2026-07-03T00:51:38.966+0000] {dagbag.py:545} INFO - Filling up the DagBag from /opt/airflow/dags/dag_gold_dbt.py
[2026-07-03T00:51:39.003+0000] {processor.py:840} INFO - DAG(s) 'gold_dbt_dag' retrieved from /opt/airflow/dags/dag_gold_dbt.py
[2026-07-03T00:51:39.032+0000] {logging_mixin.py:188} INFO - [2026-07-03T00:51:39.032+0000] {dag.py:3096} INFO - Sync 1 DAGs
[2026-07-03T00:51:39.061+0000] {logging_mixin.py:188} INFO - [2026-07-03T00:51:39.061+0000] {dag.py:3954} INFO - Setting next_dagrun for gold_dbt_dag to None, run_after=None
[2026-07-03T00:51:39.077+0000] {processor.py:183} INFO - Processing /opt/airflow/dags/dag_gold_dbt.py took 0.125 seconds
[2026-07-03T01:09:54.354+0000] {processor.py:161} INFO - Started process (PID=98613) to work on /opt/airflow/dags/dag_gold_dbt.py
[2026-07-03T01:09:54.356+0000] {processor.py:830} INFO - Processing file /opt/airflow/dags/dag_gold_dbt.py for tasks to queue
[2026-07-03T01:09:54.362+0000] {logging_mixin.py:188} INFO - [2026-07-03T01:09:54.360+0000] {dagbag.py:545} INFO - Filling up the DagBag from /opt/airflow/dags/dag_gold_dbt.py
[2026-07-03T01:09:54.376+0000] {processor.py:840} INFO - DAG(s) 'gold_dbt_dag' retrieved from /opt/airflow/dags/dag_gold_dbt.py
[2026-07-03T01:09:54.413+0000] {logging_mixin.py:188} INFO - [2026-07-03T01:09:54.412+0000] {dag.py:3096} INFO - Sync 1 DAGs
[2026-07-03T01:09:54.430+0000] {logging_mixin.py:188} INFO - [2026-07-03T01:09:54.430+0000] {dag.py:3954} INFO - Setting next_dagrun for gold_dbt_dag to None, run_after=None
[2026-07-03T01:09:54.444+0000] {processor.py:183} INFO - Processing /opt/airflow/dags/dag_gold_dbt.py took 0.100 seconds
[2026-07-03T01:10:25.395+0000] {processor.py:161} INFO - Started process (PID=99209) to work on /opt/airflow/dags/dag_gold_dbt.py
[2026-07-03T01:10:25.396+0000] {processor.py:830} INFO - Processing file /opt/airflow/dags/dag_gold_dbt.py for tasks to queue
[2026-07-03T01:10:25.398+0000] {logging_mixin.py:188} INFO - [2026-07-03T01:10:25.398+0000] {dagbag.py:545} INFO - Filling up the DagBag from /opt/airflow/dags/dag_gold_dbt.py
[2026-07-03T01:10:25.423+0000] {processor.py:840} INFO - DAG(s) 'gold_dbt_dag' retrieved from /opt/airflow/dags/dag_gold_dbt.py
[2026-07-03T01:10:25.462+0000] {logging_mixin.py:188} INFO - [2026-07-03T01:10:25.462+0000] {dag.py:3096} INFO - Sync 1 DAGs
[2026-07-03T01:10:25.482+0000] {logging_mixin.py:188} INFO - [2026-07-03T01:10:25.481+0000] {dag.py:3954} INFO - Setting next_dagrun for gold_dbt_dag to None, run_after=None
[2026-07-03T01:10:25.502+0000] {processor.py:183} INFO - Processing /opt/airflow/dags/dag_gold_dbt.py took 0.114 seconds
[2026-07-03T01:26:56.569+0000] {processor.py:161} INFO - Started process (PID=99247) to work on /opt/airflow/dags/dag_gold_dbt.py
[2026-07-03T01:26:56.571+0000] {processor.py:830} INFO - Processing file /opt/airflow/dags/dag_gold_dbt.py for tasks to queue
[2026-07-03T01:26:56.577+0000] {logging_mixin.py:188} INFO - [2026-07-03T01:26:56.576+0000] {dagbag.py:545} INFO - Filling up the DagBag from /opt/airflow/dags/dag_gold_dbt.py
[2026-07-03T01:26:56.620+0000] {processor.py:840} INFO - DAG(s) 'gold_dbt_dag' retrieved from /opt/airflow/dags/dag_gold_dbt.py
[2026-07-03T01:26:56.676+0000] {logging_mixin.py:188} INFO - [2026-07-03T01:26:56.676+0000] {dag.py:3096} INFO - Sync 1 DAGs
[2026-07-03T01:26:56.702+0000] {logging_mixin.py:188} INFO - [2026-07-03T01:26:56.702+0000] {dag.py:3954} INFO - Setting next_dagrun for gold_dbt_dag to None, run_after=None
[2026-07-03T01:26:56.718+0000] {processor.py:183} INFO - Processing /opt/airflow/dags/dag_gold_dbt.py took 0.156 seconds
[2026-07-03T01:27:27.713+0000] {processor.py:161} INFO - Started process (PID=99284) to work on /opt/airflow/dags/dag_gold_dbt.py
[2026-07-03T01:27:27.714+0000] {processor.py:830} INFO - Processing file /opt/airflow/dags/dag_gold_dbt.py for tasks to queue
[2026-07-03T01:27:27.718+0000] {logging_mixin.py:188} INFO - [2026-07-03T01:27:27.718+0000] {dagbag.py:545} INFO - Filling up the DagBag from /opt/airflow/dags/dag_gold_dbt.py
[2026-07-03T01:27:27.752+0000] {processor.py:840} INFO - DAG(s) 'gold_dbt_dag' retrieved from /opt/airflow/dags/dag_gold_dbt.py
[2026-07-03T01:27:27.782+0000] {logging_mixin.py:188} INFO - [2026-07-03T01:27:27.782+0000] {dag.py:3096} INFO - Sync 1 DAGs
[2026-07-03T01:27:27.806+0000] {logging_mixin.py:188} INFO - [2026-07-03T01:27:27.806+0000] {dag.py:3954} INFO - Setting next_dagrun for gold_dbt_dag to None, run_after=None
[2026-07-03T01:27:27.825+0000] {processor.py:183} INFO - Processing /opt/airflow/dags/dag_gold_dbt.py took 0.119 seconds
[2026-07-03T01:27:58.728+0000] {processor.py:161} INFO - Started process (PID=99320) to work on /opt/airflow/dags/dag_gold_dbt.py
[2026-07-03T01:27:58.730+0000] {processor.py:830} INFO - Processing file /opt/airflow/dags/dag_gold_dbt.py for tasks to queue
[2026-07-03T01:27:58.733+0000] {logging_mixin.py:188} INFO - [2026-07-03T01:27:58.732+0000] {dagbag.py:545} INFO - Filling up the DagBag from /opt/airflow/dags/dag_gold_dbt.py
[2026-07-03T01:27:58.768+0000] {processor.py:840} INFO - DAG(s) 'gold_dbt_dag' retrieved from /opt/airflow/dags/dag_gold_dbt.py
[2026-07-03T01:27:58.803+0000] {logging_mixin.py:188} INFO - [2026-07-03T01:27:58.803+0000] {dag.py:3096} INFO - Sync 1 DAGs
[2026-07-03T01:27:58.836+0000] {logging_mixin.py:188} INFO - [2026-07-03T01:27:58.835+0000] {dag.py:3954} INFO - Setting next_dagrun for gold_dbt_dag to None, run_after=None
[2026-07-03T01:27:58.864+0000] {processor.py:183} INFO - Processing /opt/airflow/dags/dag_gold_dbt.py took 0.148 seconds
[2026-07-03T01:28:29.789+0000] {processor.py:161} INFO - Started process (PID=99358) to work on /opt/airflow/dags/dag_gold_dbt.py
[2026-07-03T01:28:29.791+0000] {processor.py:830} INFO - Processing file /opt/airflow/dags/dag_gold_dbt.py for tasks to queue
[2026-07-03T01:28:29.794+0000] {logging_mixin.py:188} INFO - [2026-07-03T01:28:29.794+0000] {dagbag.py:545} INFO - Filling up the DagBag from /opt/airflow/dags/dag_gold_dbt.py
[2026-07-03T01:28:29.828+0000] {processor.py:840} INFO - DAG(s) 'gold_dbt_dag' retrieved from /opt/airflow/dags/dag_gold_dbt.py
[2026-07-03T01:28:29.871+0000] {logging_mixin.py:188} INFO - [2026-07-03T01:28:29.871+0000] {dag.py:3096} INFO - Sync 1 DAGs
[2026-07-03T01:28:29.889+0000] {logging_mixin.py:188} INFO - [2026-07-03T01:28:29.889+0000] {dag.py:3954} INFO - Setting next_dagrun for gold_dbt_dag to None, run_after=None
[2026-07-03T01:28:29.907+0000] {processor.py:183} INFO - Processing /opt/airflow/dags/dag_gold_dbt.py took 0.126 seconds
[2026-07-03T01:29:00.961+0000] {processor.py:161} INFO - Started process (PID=99393) to work on /opt/airflow/dags/dag_gold_dbt.py
[2026-07-03T01:29:00.963+0000] {processor.py:830} INFO - Processing file /opt/airflow/dags/dag_gold_dbt.py for tasks to queue
[2026-07-03T01:29:00.969+0000] {logging_mixin.py:188} INFO - [2026-07-03T01:29:00.968+0000] {dagbag.py:545} INFO - Filling up the DagBag from /opt/airflow/dags/dag_gold_dbt.py
[2026-07-03T01:29:01.006+0000] {processor.py:840} INFO - DAG(s) 'gold_dbt_dag' retrieved from /opt/airflow/dags/dag_gold_dbt.py
[2026-07-03T01:29:01.043+0000] {logging_mixin.py:188} INFO - [2026-07-03T01:29:01.043+0000] {dag.py:3096} INFO - Sync 1 DAGs
[2026-07-03T01:29:01.069+0000] {logging_mixin.py:188} INFO - [2026-07-03T01:29:01.069+0000] {dag.py:3954} INFO - Setting next_dagrun for gold_dbt_dag to None, run_after=None
[2026-07-03T01:29:01.092+0000] {processor.py:183} INFO - Processing /opt/airflow/dags/dag_gold_dbt.py took 0.144 seconds
[2026-07-03T01:29:31.220+0000] {processor.py:161} INFO - Started process (PID=99429) to work on /opt/airflow/dags/dag_gold_dbt.py
[2026-07-03T01:29:31.221+0000] {processor.py:830} INFO - Processing file /opt/airflow/dags/dag_gold_dbt.py for tasks to queue
[2026-07-03T01:29:31.225+0000] {logging_mixin.py:188} INFO - [2026-07-03T01:29:31.224+0000] {dagbag.py:545} INFO - Filling up the DagBag from /opt/airflow/dags/dag_gold_dbt.py
[2026-07-03T01:29:31.254+0000] {processor.py:840} INFO - DAG(s) 'gold_dbt_dag' retrieved from /opt/airflow/dags/dag_gold_dbt.py
[2026-07-03T01:29:31.299+0000] {logging_mixin.py:188} INFO - [2026-07-03T01:29:31.299+0000] {dag.py:3096} INFO - Sync 1 DAGs
[2026-07-03T01:29:31.316+0000] {logging_mixin.py:188} INFO - [2026-07-03T01:29:31.315+0000] {dag.py:3954} INFO - Setting next_dagrun for gold_dbt_dag to None, run_after=None
[2026-07-03T01:29:31.340+0000] {processor.py:183} INFO - Processing /opt/airflow/dags/dag_gold_dbt.py took 0.139 seconds
[2026-07-03T01:30:02.279+0000] {processor.py:161} INFO - Started process (PID=99466) to work on /opt/airflow/dags/dag_gold_dbt.py
[2026-07-03T01:30:02.280+0000] {processor.py:830} INFO - Processing file /opt/airflow/dags/dag_gold_dbt.py for tasks to queue
[2026-07-03T01:30:02.282+0000] {logging_mixin.py:188} INFO - [2026-07-03T01:30:02.282+0000] {dagbag.py:545} INFO - Filling up the DagBag from /opt/airflow/dags/dag_gold_dbt.py
[2026-07-03T01:30:02.293+0000] {processor.py:840} INFO - DAG(s) 'gold_dbt_dag' retrieved from /opt/airflow/dags/dag_gold_dbt.py
[2026-07-03T01:30:02.313+0000] {logging_mixin.py:188} INFO - [2026-07-03T01:30:02.313+0000] {dag.py:3096} INFO - Sync 1 DAGs
[2026-07-03T01:30:02.328+0000] {logging_mixin.py:188} INFO - [2026-07-03T01:30:02.328+0000] {dag.py:3954} INFO - Setting next_dagrun for gold_dbt_dag to None, run_after=None
[2026-07-03T01:30:02.341+0000] {processor.py:183} INFO - Processing /opt/airflow/dags/dag_gold_dbt.py took 0.070 seconds
[2026-07-03T01:30:32.483+0000] {processor.py:161} INFO - Started process (PID=99503) to work on /opt/airflow/dags/dag_gold_dbt.py
[2026-07-03T01:30:32.484+0000] {processor.py:830} INFO - Processing file /opt/airflow/dags/dag_gold_dbt.py for tasks to queue
[2026-07-03T01:30:32.491+0000] {logging_mixin.py:188} INFO - [2026-07-03T01:30:32.490+0000] {dagbag.py:545} INFO - Filling up the DagBag from /opt/airflow/dags/dag_gold_dbt.py
[2026-07-03T01:30:32.517+0000] {processor.py:840} INFO - DAG(s) 'gold_dbt_dag' retrieved from /opt/airflow/dags/dag_gold_dbt.py
[2026-07-03T01:30:32.553+0000] {logging_mixin.py:188} INFO - [2026-07-03T01:30:32.553+0000] {dag.py:3096} INFO - Sync 1 DAGs
[2026-07-03T01:30:32.582+0000] {logging_mixin.py:188} INFO - [2026-07-03T01:30:32.582+0000] {dag.py:3954} INFO - Setting next_dagrun for gold_dbt_dag to None, run_after=None
[2026-07-03T01:30:32.602+0000] {processor.py:183} INFO - Processing /opt/airflow/dags/dag_gold_dbt.py took 0.133 seconds
[2026-07-03T01:31:03.481+0000] {processor.py:161} INFO - Started process (PID=99540) to work on /opt/airflow/dags/dag_gold_dbt.py
[2026-07-03T01:31:03.484+0000] {processor.py:830} INFO - Processing file /opt/airflow/dags/dag_gold_dbt.py for tasks to queue
[2026-07-03T01:31:03.489+0000] {logging_mixin.py:188} INFO - [2026-07-03T01:31:03.488+0000] {dagbag.py:545} INFO - Filling up the DagBag from /opt/airflow/dags/dag_gold_dbt.py
[2026-07-03T01:31:03.576+0000] {processor.py:840} INFO - DAG(s) 'gold_dbt_dag' retrieved from /opt/airflow/dags/dag_gold_dbt.py
[2026-07-03T01:31:03.675+0000] {logging_mixin.py:188} INFO - [2026-07-03T01:31:03.674+0000] {dag.py:3096} INFO - Sync 1 DAGs
[2026-07-03T01:31:03.714+0000] {logging_mixin.py:188} INFO - [2026-07-03T01:31:03.713+0000] {dag.py:3954} INFO - Setting next_dagrun for gold_dbt_dag to None, run_after=None
[2026-07-03T01:31:03.752+0000] {processor.py:183} INFO - Processing /opt/airflow/dags/dag_gold_dbt.py took 0.283 seconds
[2026-07-03T01:31:34.639+0000] {processor.py:161} INFO - Started process (PID=99577) to work on /opt/airflow/dags/dag_gold_dbt.py
[2026-07-03T01:31:34.641+0000] {processor.py:830} INFO - Processing file /opt/airflow/dags/dag_gold_dbt.py for tasks to queue
[2026-07-03T01:31:34.644+0000] {logging_mixin.py:188} INFO - [2026-07-03T01:31:34.644+0000] {dagbag.py:545} INFO - Filling up the DagBag from /opt/airflow/dags/dag_gold_dbt.py
[2026-07-03T01:31:34.662+0000] {processor.py:840} INFO - DAG(s) 'gold_dbt_dag' retrieved from /opt/airflow/dags/dag_gold_dbt.py
[2026-07-03T01:31:34.689+0000] {logging_mixin.py:188} INFO - [2026-07-03T01:31:34.689+0000] {dag.py:3096} INFO - Sync 1 DAGs
[2026-07-03T01:31:34.713+0000] {logging_mixin.py:188} INFO - [2026-07-03T01:31:34.713+0000] {dag.py:3954} INFO - Setting next_dagrun for gold_dbt_dag to None, run_after=None
[2026-07-03T01:31:34.730+0000] {processor.py:183} INFO - Processing /opt/airflow/dags/dag_gold_dbt.py took 0.099 seconds
[2026-07-03T01:32:05.861+0000] {processor.py:161} INFO - Started process (PID=99614) to work on /opt/airflow/dags/dag_gold_dbt.py
[2026-07-03T01:32:05.863+0000] {processor.py:830} INFO - Processing file /opt/airflow/dags/dag_gold_dbt.py for tasks to queue
[2026-07-03T01:32:05.866+0000] {logging_mixin.py:188} INFO - [2026-07-03T01:32:05.866+0000] {dagbag.py:545} INFO - Filling up the DagBag from /opt/airflow/dags/dag_gold_dbt.py
[2026-07-03T01:32:05.897+0000] {processor.py:840} INFO - DAG(s) 'gold_dbt_dag' retrieved from /opt/airflow/dags/dag_gold_dbt.py
[2026-07-03T01:32:05.937+0000] {logging_mixin.py:188} INFO - [2026-07-03T01:32:05.936+0000] {dag.py:3096} INFO - Sync 1 DAGs
[2026-07-03T01:32:05.959+0000] {logging_mixin.py:188} INFO - [2026-07-03T01:32:05.958+0000] {dag.py:3954} INFO - Setting next_dagrun for gold_dbt_dag to None, run_after=None
[2026-07-03T01:32:05.982+0000] {processor.py:183} INFO - Processing /opt/airflow/dags/dag_gold_dbt.py took 0.145 seconds
[2026-07-03T01:32:36.848+0000] {processor.py:161} INFO - Started process (PID=99651) to work on /opt/airflow/dags/dag_gold_dbt.py
[2026-07-03T01:32:36.851+0000] {processor.py:830} INFO - Processing file /opt/airflow/dags/dag_gold_dbt.py for tasks to queue
[2026-07-03T01:32:36.855+0000] {logging_mixin.py:188} INFO - [2026-07-03T01:32:36.855+0000] {dagbag.py:545} INFO - Filling up the DagBag from /opt/airflow/dags/dag_gold_dbt.py
[2026-07-03T01:32:36.879+0000] {processor.py:840} INFO - DAG(s) 'gold_dbt_dag' retrieved from /opt/airflow/dags/dag_gold_dbt.py
[2026-07-03T01:32:36.919+0000] {logging_mixin.py:188} INFO - [2026-07-03T01:32:36.919+0000] {dag.py:3096} INFO - Sync 1 DAGs
[2026-07-03T01:32:36.942+0000] {logging_mixin.py:188} INFO - [2026-07-03T01:32:36.942+0000] {dag.py:3954} INFO - Setting next_dagrun for gold_dbt_dag to None, run_after=None
[2026-07-03T01:32:36.960+0000] {processor.py:183} INFO - Processing /opt/airflow/dags/dag_gold_dbt.py took 0.129 seconds
[2026-07-03T01:48:40.490+0000] {processor.py:161} INFO - Started process (PID=99690) to work on /opt/airflow/dags/dag_gold_dbt.py
[2026-07-03T01:48:40.491+0000] {processor.py:830} INFO - Processing file /opt/airflow/dags/dag_gold_dbt.py for tasks to queue
[2026-07-03T01:48:40.493+0000] {logging_mixin.py:188} INFO - [2026-07-03T01:48:40.493+0000] {dagbag.py:545} INFO - Filling up the DagBag from /opt/airflow/dags/dag_gold_dbt.py
[2026-07-03T01:48:40.517+0000] {processor.py:840} INFO - DAG(s) 'gold_dbt_dag' retrieved from /opt/airflow/dags/dag_gold_dbt.py
[2026-07-03T01:48:40.549+0000] {logging_mixin.py:188} INFO - [2026-07-03T01:48:40.549+0000] {dag.py:3096} INFO - Sync 1 DAGs
[2026-07-03T01:48:40.576+0000] {logging_mixin.py:188} INFO - [2026-07-03T01:48:40.576+0000] {dag.py:3954} INFO - Setting next_dagrun for gold_dbt_dag to None, run_after=None
[2026-07-03T01:48:40.600+0000] {processor.py:183} INFO - Processing /opt/airflow/dags/dag_gold_dbt.py took 0.116 seconds
[2026-07-03T01:49:11.584+0000] {processor.py:161} INFO - Started process (PID=99727) to work on /opt/airflow/dags/dag_gold_dbt.py
[2026-07-03T01:49:11.586+0000] {processor.py:830} INFO - Processing file /opt/airflow/dags/dag_gold_dbt.py for tasks to queue
[2026-07-03T01:49:11.593+0000] {logging_mixin.py:188} INFO - [2026-07-03T01:49:11.592+0000] {dagbag.py:545} INFO - Filling up the DagBag from /opt/airflow/dags/dag_gold_dbt.py
[2026-07-03T01:49:11.618+0000] {processor.py:840} INFO - DAG(s) 'gold_dbt_dag' retrieved from /opt/airflow/dags/dag_gold_dbt.py
[2026-07-03T01:49:11.658+0000] {logging_mixin.py:188} INFO - [2026-07-03T01:49:11.657+0000] {dag.py:3096} INFO - Sync 1 DAGs
[2026-07-03T01:49:11.680+0000] {logging_mixin.py:188} INFO - [2026-07-03T01:49:11.680+0000] {dag.py:3954} INFO - Setting next_dagrun for gold_dbt_dag to None, run_after=None
[2026-07-03T01:49:11.704+0000] {processor.py:183} INFO - Processing /opt/airflow/dags/dag_gold_dbt.py took 0.127 seconds
[2026-07-03T01:54:26.090+0000] {processor.py:161} INFO - Started process (PID=99765) to work on /opt/airflow/dags/dag_gold_dbt.py
[2026-07-03T01:54:26.092+0000] {processor.py:830} INFO - Processing file /opt/airflow/dags/dag_gold_dbt.py for tasks to queue
[2026-07-03T01:54:26.095+0000] {logging_mixin.py:188} INFO - [2026-07-03T01:54:26.094+0000] {dagbag.py:545} INFO - Filling up the DagBag from /opt/airflow/dags/dag_gold_dbt.py
[2026-07-03T01:54:26.111+0000] {processor.py:840} INFO - DAG(s) 'gold_dbt_dag' retrieved from /opt/airflow/dags/dag_gold_dbt.py
[2026-07-03T01:54:26.135+0000] {logging_mixin.py:188} INFO - [2026-07-03T01:54:26.135+0000] {dag.py:3096} INFO - Sync 1 DAGs
[2026-07-03T01:54:26.151+0000] {logging_mixin.py:188} INFO - [2026-07-03T01:54:26.151+0000] {dag.py:3954} INFO - Setting next_dagrun for gold_dbt_dag to None, run_after=None
[2026-07-03T01:54:26.169+0000] {processor.py:183} INFO - Processing /opt/airflow/dags/dag_gold_dbt.py took 0.085 seconds
[2026-07-03T02:04:59.511+0000] {processor.py:161} INFO - Started process (PID=99802) to work on /opt/airflow/dags/dag_gold_dbt.py
[2026-07-03T02:04:59.514+0000] {processor.py:830} INFO - Processing file /opt/airflow/dags/dag_gold_dbt.py for tasks to queue
[2026-07-03T02:04:59.517+0000] {logging_mixin.py:188} INFO - [2026-07-03T02:04:59.516+0000] {dagbag.py:545} INFO - Filling up the DagBag from /opt/airflow/dags/dag_gold_dbt.py
[2026-07-03T02:04:59.537+0000] {processor.py:840} INFO - DAG(s) 'gold_dbt_dag' retrieved from /opt/airflow/dags/dag_gold_dbt.py
[2026-07-03T02:04:59.569+0000] {logging_mixin.py:188} INFO - [2026-07-03T02:04:59.569+0000] {dag.py:3096} INFO - Sync 1 DAGs
[2026-07-03T02:04:59.591+0000] {logging_mixin.py:188} INFO - [2026-07-03T02:04:59.591+0000] {dag.py:3954} INFO - Setting next_dagrun for gold_dbt_dag to None, run_after=None
[2026-07-03T02:04:59.606+0000] {processor.py:183} INFO - Processing /opt/airflow/dags/dag_gold_dbt.py took 0.099 seconds
[2026-07-03T02:05:30.466+0000] {processor.py:161} INFO - Started process (PID=714) to work on /opt/airflow/dags/dag_gold_dbt.py
[2026-07-03T02:05:30.468+0000] {processor.py:830} INFO - Processing file /opt/airflow/dags/dag_gold_dbt.py for tasks to queue
[2026-07-03T02:05:30.471+0000] {logging_mixin.py:188} INFO - [2026-07-03T02:05:30.470+0000] {dagbag.py:545} INFO - Filling up the DagBag from /opt/airflow/dags/dag_gold_dbt.py
[2026-07-03T02:05:30.494+0000] {processor.py:840} INFO - DAG(s) 'gold_dbt_dag' retrieved from /opt/airflow/dags/dag_gold_dbt.py
[2026-07-03T02:05:30.524+0000] {logging_mixin.py:188} INFO - [2026-07-03T02:05:30.523+0000] {dag.py:3096} INFO - Sync 1 DAGs
[2026-07-03T02:05:30.543+0000] {logging_mixin.py:188} INFO - [2026-07-03T02:05:30.543+0000] {dag.py:3954} INFO - Setting next_dagrun for gold_dbt_dag to None, run_after=None
[2026-07-03T02:05:30.563+0000] {processor.py:183} INFO - Processing /opt/airflow/dags/dag_gold_dbt.py took 0.105 seconds
[2026-07-03T02:22:09.893+0000] {processor.py:161} INFO - Started process (PID=751) to work on /opt/airflow/dags/dag_gold_dbt.py
[2026-07-03T02:22:09.895+0000] {processor.py:830} INFO - Processing file /opt/airflow/dags/dag_gold_dbt.py for tasks to queue
[2026-07-03T02:22:09.899+0000] {logging_mixin.py:188} INFO - [2026-07-03T02:22:09.898+0000] {dagbag.py:545} INFO - Filling up the DagBag from /opt/airflow/dags/dag_gold_dbt.py
[2026-07-03T02:22:09.926+0000] {processor.py:840} INFO - DAG(s) 'gold_dbt_dag' retrieved from /opt/airflow/dags/dag_gold_dbt.py
[2026-07-03T02:22:09.957+0000] {logging_mixin.py:188} INFO - [2026-07-03T02:22:09.956+0000] {dag.py:3096} INFO - Sync 1 DAGs
[2026-07-03T02:22:09.986+0000] {logging_mixin.py:188} INFO - [2026-07-03T02:22:09.986+0000] {dag.py:3954} INFO - Setting next_dagrun for gold_dbt_dag to None, run_after=None
[2026-07-03T02:22:09.999+0000] {processor.py:183} INFO - Processing /opt/airflow/dags/dag_gold_dbt.py took 0.112 seconds
[2026-07-03T02:22:40.978+0000] {processor.py:161} INFO - Started process (PID=788) to work on /opt/airflow/dags/dag_gold_dbt.py
[2026-07-03T02:22:40.980+0000] {processor.py:830} INFO - Processing file /opt/airflow/dags/dag_gold_dbt.py for tasks to queue
[2026-07-03T02:22:40.982+0000] {logging_mixin.py:188} INFO - [2026-07-03T02:22:40.982+0000] {dagbag.py:545} INFO - Filling up the DagBag from /opt/airflow/dags/dag_gold_dbt.py
[2026-07-03T02:22:41.004+0000] {processor.py:840} INFO - DAG(s) 'gold_dbt_dag' retrieved from /opt/airflow/dags/dag_gold_dbt.py
[2026-07-03T02:22:41.025+0000] {logging_mixin.py:188} INFO - [2026-07-03T02:22:41.024+0000] {dag.py:3096} INFO - Sync 1 DAGs
[2026-07-03T02:22:41.045+0000] {logging_mixin.py:188} INFO - [2026-07-03T02:22:41.044+0000] {dag.py:3954} INFO - Setting next_dagrun for gold_dbt_dag to None, run_after=None
[2026-07-03T02:22:41.056+0000] {processor.py:183} INFO - Processing /opt/airflow/dags/dag_gold_dbt.py took 0.085 seconds
[2026-07-03T02:38:33.397+0000] {processor.py:161} INFO - Started process (PID=825) to work on /opt/airflow/dags/dag_gold_dbt.py
[2026-07-03T02:38:33.399+0000] {processor.py:830} INFO - Processing file /opt/airflow/dags/dag_gold_dbt.py for tasks to queue
[2026-07-03T02:38:33.404+0000] {logging_mixin.py:188} INFO - [2026-07-03T02:38:33.403+0000] {dagbag.py:545} INFO - Filling up the DagBag from /opt/airflow/dags/dag_gold_dbt.py
[2026-07-03T02:38:33.430+0000] {processor.py:840} INFO - DAG(s) 'gold_dbt_dag' retrieved from /opt/airflow/dags/dag_gold_dbt.py
[2026-07-03T02:38:33.471+0000] {logging_mixin.py:188} INFO - [2026-07-03T02:38:33.471+0000] {dag.py:3096} INFO - Sync 1 DAGs
[2026-07-03T02:38:33.495+0000] {logging_mixin.py:188} INFO - [2026-07-03T02:38:33.494+0000] {dag.py:3954} INFO - Setting next_dagrun for gold_dbt_dag to None, run_after=None
[2026-07-03T02:38:33.519+0000] {processor.py:183} INFO - Processing /opt/airflow/dags/dag_gold_dbt.py took 0.131 seconds
[2026-07-03T02:39:04.567+0000] {processor.py:161} INFO - Started process (PID=863) to work on /opt/airflow/dags/dag_gold_dbt.py
[2026-07-03T02:39:04.569+0000] {processor.py:830} INFO - Processing file /opt/airflow/dags/dag_gold_dbt.py for tasks to queue
[2026-07-03T02:39:04.572+0000] {logging_mixin.py:188} INFO - [2026-07-03T02:39:04.571+0000] {dagbag.py:545} INFO - Filling up the DagBag from /opt/airflow/dags/dag_gold_dbt.py
[2026-07-03T02:39:04.607+0000] {processor.py:840} INFO - DAG(s) 'gold_dbt_dag' retrieved from /opt/airflow/dags/dag_gold_dbt.py
[2026-07-03T02:39:04.641+0000] {logging_mixin.py:188} INFO - [2026-07-03T02:39:04.641+0000] {dag.py:3096} INFO - Sync 1 DAGs
[2026-07-03T02:39:04.663+0000] {logging_mixin.py:188} INFO - [2026-07-03T02:39:04.663+0000] {dag.py:3954} INFO - Setting next_dagrun for gold_dbt_dag to None, run_after=None
[2026-07-03T02:39:04.681+0000] {processor.py:183} INFO - Processing /opt/airflow/dags/dag_gold_dbt.py took 0.121 seconds
[2026-07-03T02:55:24.115+0000] {processor.py:161} INFO - Started process (PID=899) to work on /opt/airflow/dags/dag_gold_dbt.py
[2026-07-03T02:55:24.117+0000] {processor.py:830} INFO - Processing file /opt/airflow/dags/dag_gold_dbt.py for tasks to queue
[2026-07-03T02:55:24.120+0000] {logging_mixin.py:188} INFO - [2026-07-03T02:55:24.119+0000] {dagbag.py:545} INFO - Filling up the DagBag from /opt/airflow/dags/dag_gold_dbt.py
[2026-07-03T02:55:24.148+0000] {processor.py:840} INFO - DAG(s) 'gold_dbt_dag' retrieved from /opt/airflow/dags/dag_gold_dbt.py
[2026-07-03T02:55:24.179+0000] {logging_mixin.py:188} INFO - [2026-07-03T02:55:24.179+0000] {dag.py:3096} INFO - Sync 1 DAGs
[2026-07-03T02:55:24.204+0000] {logging_mixin.py:188} INFO - [2026-07-03T02:55:24.204+0000] {dag.py:3954} INFO - Setting next_dagrun for gold_dbt_dag to None, run_after=None
[2026-07-03T02:55:24.220+0000] {processor.py:183} INFO - Processing /opt/airflow/dags/dag_gold_dbt.py took 0.118 seconds
[2026-07-03T03:13:28.520+0000] {processor.py:161} INFO - Started process (PID=935) to work on /opt/airflow/dags/dag_gold_dbt.py
[2026-07-03T03:13:28.522+0000] {processor.py:830} INFO - Processing file /opt/airflow/dags/dag_gold_dbt.py for tasks to queue
[2026-07-03T03:13:28.525+0000] {logging_mixin.py:188} INFO - [2026-07-03T03:13:28.525+0000] {dagbag.py:545} INFO - Filling up the DagBag from /opt/airflow/dags/dag_gold_dbt.py
[2026-07-03T03:13:28.543+0000] {processor.py:840} INFO - DAG(s) 'gold_dbt_dag' retrieved from /opt/airflow/dags/dag_gold_dbt.py
[2026-07-03T03:13:28.595+0000] {logging_mixin.py:188} INFO - [2026-07-03T03:13:28.595+0000] {dag.py:3096} INFO - Sync 1 DAGs
[2026-07-03T03:13:28.626+0000] {logging_mixin.py:188} INFO - [2026-07-03T03:13:28.626+0000] {dag.py:3954} INFO - Setting next_dagrun for gold_dbt_dag to None, run_after=None
[2026-07-03T03:13:28.641+0000] {processor.py:183} INFO - Processing /opt/airflow/dags/dag_gold_dbt.py took 0.128 seconds
[2026-07-03T03:13:58.681+0000] {processor.py:161} INFO - Started process (PID=1544) to work on /opt/airflow/dags/dag_gold_dbt.py
[2026-07-03T03:13:58.682+0000] {processor.py:830} INFO - Processing file /opt/airflow/dags/dag_gold_dbt.py for tasks to queue
[2026-07-03T03:13:58.684+0000] {logging_mixin.py:188} INFO - [2026-07-03T03:13:58.684+0000] {dagbag.py:545} INFO - Filling up the DagBag from /opt/airflow/dags/dag_gold_dbt.py
[2026-07-03T03:13:58.707+0000] {processor.py:840} INFO - DAG(s) 'gold_dbt_dag' retrieved from /opt/airflow/dags/dag_gold_dbt.py
[2026-07-03T03:13:58.742+0000] {logging_mixin.py:188} INFO - [2026-07-03T03:13:58.741+0000] {dag.py:3096} INFO - Sync 1 DAGs
[2026-07-03T03:13:58.758+0000] {logging_mixin.py:188} INFO - [2026-07-03T03:13:58.758+0000] {dag.py:3954} INFO - Setting next_dagrun for gold_dbt_dag to None, run_after=None
[2026-07-03T03:13:58.768+0000] {processor.py:183} INFO - Processing /opt/airflow/dags/dag_gold_dbt.py took 0.101 seconds
[2026-07-03T03:30:04.909+0000] {processor.py:161} INFO - Started process (PID=1583) to work on /opt/airflow/dags/dag_gold_dbt.py
[2026-07-03T03:30:04.910+0000] {processor.py:830} INFO - Processing file /opt/airflow/dags/dag_gold_dbt.py for tasks to queue
[2026-07-03T03:30:04.914+0000] {logging_mixin.py:188} INFO - [2026-07-03T03:30:04.913+0000] {dagbag.py:545} INFO - Filling up the DagBag from /opt/airflow/dags/dag_gold_dbt.py
[2026-07-03T03:30:04.931+0000] {processor.py:840} INFO - DAG(s) 'gold_dbt_dag' retrieved from /opt/airflow/dags/dag_gold_dbt.py
[2026-07-03T03:30:04.952+0000] {logging_mixin.py:188} INFO - [2026-07-03T03:30:04.952+0000] {dag.py:3096} INFO - Sync 1 DAGs
[2026-07-03T03:30:04.972+0000] {logging_mixin.py:188} INFO - [2026-07-03T03:30:04.972+0000] {dag.py:3954} INFO - Setting next_dagrun for gold_dbt_dag to None, run_after=None
[2026-07-03T03:30:04.987+0000] {processor.py:183} INFO - Processing /opt/airflow/dags/dag_gold_dbt.py took 0.083 seconds
[2026-07-03T03:30:35.903+0000] {processor.py:161} INFO - Started process (PID=1620) to work on /opt/airflow/dags/dag_gold_dbt.py
[2026-07-03T03:30:35.905+0000] {processor.py:830} INFO - Processing file /opt/airflow/dags/dag_gold_dbt.py for tasks to queue
[2026-07-03T03:30:35.907+0000] {logging_mixin.py:188} INFO - [2026-07-03T03:30:35.907+0000] {dagbag.py:545} INFO - Filling up the DagBag from /opt/airflow/dags/dag_gold_dbt.py
[2026-07-03T03:30:35.929+0000] {processor.py:840} INFO - DAG(s) 'gold_dbt_dag' retrieved from /opt/airflow/dags/dag_gold_dbt.py
[2026-07-03T03:30:35.963+0000] {logging_mixin.py:188} INFO - [2026-07-03T03:30:35.962+0000] {dag.py:3096} INFO - Sync 1 DAGs
[2026-07-03T03:30:35.989+0000] {logging_mixin.py:188} INFO - [2026-07-03T03:30:35.988+0000] {dag.py:3954} INFO - Setting next_dagrun for gold_dbt_dag to None, run_after=None
[2026-07-03T03:30:36.007+0000] {processor.py:183} INFO - Processing /opt/airflow/dags/dag_gold_dbt.py took 0.110 seconds
[2026-07-03T03:47:04.261+0000] {processor.py:161} INFO - Started process (PID=1657) to work on /opt/airflow/dags/dag_gold_dbt.py
[2026-07-03T03:47:04.263+0000] {processor.py:830} INFO - Processing file /opt/airflow/dags/dag_gold_dbt.py for tasks to queue
[2026-07-03T03:47:04.265+0000] {logging_mixin.py:188} INFO - [2026-07-03T03:47:04.265+0000] {dagbag.py:545} INFO - Filling up the DagBag from /opt/airflow/dags/dag_gold_dbt.py
[2026-07-03T03:47:04.291+0000] {processor.py:840} INFO - DAG(s) 'gold_dbt_dag' retrieved from /opt/airflow/dags/dag_gold_dbt.py
[2026-07-03T03:47:04.326+0000] {logging_mixin.py:188} INFO - [2026-07-03T03:47:04.326+0000] {dag.py:3096} INFO - Sync 1 DAGs
[2026-07-03T03:47:04.346+0000] {logging_mixin.py:188} INFO - [2026-07-03T03:47:04.346+0000] {dag.py:3954} INFO - Setting next_dagrun for gold_dbt_dag to None, run_after=None
[2026-07-03T03:47:04.362+0000] {processor.py:183} INFO - Processing /opt/airflow/dags/dag_gold_dbt.py took 0.108 seconds
[2026-07-03T03:56:00.643+0000] {processor.py:161} INFO - Started process (PID=1694) to work on /opt/airflow/dags/dag_gold_dbt.py
[2026-07-03T03:56:00.645+0000] {processor.py:830} INFO - Processing file /opt/airflow/dags/dag_gold_dbt.py for tasks to queue
[2026-07-03T03:56:00.646+0000] {logging_mixin.py:188} INFO - [2026-07-03T03:56:00.646+0000] {dagbag.py:545} INFO - Filling up the DagBag from /opt/airflow/dags/dag_gold_dbt.py
[2026-07-03T03:56:00.676+0000] {processor.py:840} INFO - DAG(s) 'gold_dbt_dag' retrieved from /opt/airflow/dags/dag_gold_dbt.py
[2026-07-03T03:56:00.706+0000] {logging_mixin.py:188} INFO - [2026-07-03T03:56:00.706+0000] {dag.py:3096} INFO - Sync 1 DAGs
[2026-07-03T03:56:00.735+0000] {logging_mixin.py:188} INFO - [2026-07-03T03:56:00.735+0000] {dag.py:3954} INFO - Setting next_dagrun for gold_dbt_dag to None, run_after=None
[2026-07-03T03:56:00.755+0000] {processor.py:183} INFO - Processing /opt/airflow/dags/dag_gold_dbt.py took 0.123 seconds
[2026-07-03T03:56:31.699+0000] {processor.py:161} INFO - Started process (PID=1732) to work on /opt/airflow/dags/dag_gold_dbt.py
[2026-07-03T03:56:31.700+0000] {processor.py:830} INFO - Processing file /opt/airflow/dags/dag_gold_dbt.py for tasks to queue
[2026-07-03T03:56:31.704+0000] {logging_mixin.py:188} INFO - [2026-07-03T03:56:31.703+0000] {dagbag.py:545} INFO - Filling up the DagBag from /opt/airflow/dags/dag_gold_dbt.py
[2026-07-03T03:56:31.725+0000] {processor.py:840} INFO - DAG(s) 'gold_dbt_dag' retrieved from /opt/airflow/dags/dag_gold_dbt.py
[2026-07-03T03:56:31.751+0000] {logging_mixin.py:188} INFO - [2026-07-03T03:56:31.751+0000] {dag.py:3096} INFO - Sync 1 DAGs
[2026-07-03T03:56:31.775+0000] {logging_mixin.py:188} INFO - [2026-07-03T03:56:31.774+0000] {dag.py:3954} INFO - Setting next_dagrun for gold_dbt_dag to None, run_after=None
[2026-07-03T03:56:31.786+0000] {processor.py:183} INFO - Processing /opt/airflow/dags/dag_gold_dbt.py took 0.093 seconds
[2026-07-03T04:13:20.278+0000] {processor.py:161} INFO - Started process (PID=1768) to work on /opt/airflow/dags/dag_gold_dbt.py
[2026-07-03T04:13:20.280+0000] {processor.py:830} INFO - Processing file /opt/airflow/dags/dag_gold_dbt.py for tasks to queue
[2026-07-03T04:13:20.285+0000] {logging_mixin.py:188} INFO - [2026-07-03T04:13:20.285+0000] {dagbag.py:545} INFO - Filling up the DagBag from /opt/airflow/dags/dag_gold_dbt.py
[2026-07-03T04:13:20.307+0000] {processor.py:840} INFO - DAG(s) 'gold_dbt_dag' retrieved from /opt/airflow/dags/dag_gold_dbt.py
[2026-07-03T04:13:20.344+0000] {logging_mixin.py:188} INFO - [2026-07-03T04:13:20.344+0000] {dag.py:3096} INFO - Sync 1 DAGs
[2026-07-03T04:13:20.369+0000] {logging_mixin.py:188} INFO - [2026-07-03T04:13:20.369+0000] {dag.py:3954} INFO - Setting next_dagrun for gold_dbt_dag to None, run_after=None
[2026-07-03T04:13:20.393+0000] {processor.py:183} INFO - Processing /opt/airflow/dags/dag_gold_dbt.py took 0.122 seconds
[2026-07-03T04:30:25.678+0000] {processor.py:161} INFO - Started process (PID=2375) to work on /opt/airflow/dags/dag_gold_dbt.py
[2026-07-03T04:30:25.680+0000] {processor.py:830} INFO - Processing file /opt/airflow/dags/dag_gold_dbt.py for tasks to queue
[2026-07-03T04:30:25.683+0000] {logging_mixin.py:188} INFO - [2026-07-03T04:30:25.683+0000] {dagbag.py:545} INFO - Filling up the DagBag from /opt/airflow/dags/dag_gold_dbt.py
[2026-07-03T04:30:25.706+0000] {processor.py:840} INFO - DAG(s) 'gold_dbt_dag' retrieved from /opt/airflow/dags/dag_gold_dbt.py
[2026-07-03T04:30:25.750+0000] {logging_mixin.py:188} INFO - [2026-07-03T04:30:25.749+0000] {dag.py:3096} INFO - Sync 1 DAGs
[2026-07-03T04:30:25.785+0000] {logging_mixin.py:188} INFO - [2026-07-03T04:30:25.785+0000] {dag.py:3954} INFO - Setting next_dagrun for gold_dbt_dag to None, run_after=None
[2026-07-03T04:30:25.823+0000] {processor.py:183} INFO - Processing /opt/airflow/dags/dag_gold_dbt.py took 0.155 seconds
[2026-07-03T04:30:56.093+0000] {processor.py:161} INFO - Started process (PID=2409) to work on /opt/airflow/dags/dag_gold_dbt.py
[2026-07-03T04:30:56.094+0000] {processor.py:830} INFO - Processing file /opt/airflow/dags/dag_gold_dbt.py for tasks to queue
[2026-07-03T04:30:56.100+0000] {logging_mixin.py:188} INFO - [2026-07-03T04:30:56.098+0000] {dagbag.py:545} INFO - Filling up the DagBag from /opt/airflow/dags/dag_gold_dbt.py
[2026-07-03T04:30:56.126+0000] {processor.py:840} INFO - DAG(s) 'gold_dbt_dag' retrieved from /opt/airflow/dags/dag_gold_dbt.py
[2026-07-03T04:30:56.168+0000] {logging_mixin.py:188} INFO - [2026-07-03T04:30:56.168+0000] {dag.py:3096} INFO - Sync 1 DAGs
[2026-07-03T04:30:56.189+0000] {logging_mixin.py:188} INFO - [2026-07-03T04:30:56.189+0000] {dag.py:3954} INFO - Setting next_dagrun for gold_dbt_dag to None, run_after=None
[2026-07-03T04:30:56.211+0000] {processor.py:183} INFO - Processing /opt/airflow/dags/dag_gold_dbt.py took 0.128 seconds
[2026-07-03T04:46:34.568+0000] {processor.py:161} INFO - Started process (PID=2448) to work on /opt/airflow/dags/dag_gold_dbt.py
[2026-07-03T04:46:34.570+0000] {processor.py:830} INFO - Processing file /opt/airflow/dags/dag_gold_dbt.py for tasks to queue
[2026-07-03T04:46:34.573+0000] {logging_mixin.py:188} INFO - [2026-07-03T04:46:34.572+0000] {dagbag.py:545} INFO - Filling up the DagBag from /opt/airflow/dags/dag_gold_dbt.py
[2026-07-03T04:46:34.593+0000] {processor.py:840} INFO - DAG(s) 'gold_dbt_dag' retrieved from /opt/airflow/dags/dag_gold_dbt.py
[2026-07-03T04:46:34.629+0000] {logging_mixin.py:188} INFO - [2026-07-03T04:46:34.629+0000] {dag.py:3096} INFO - Sync 1 DAGs
[2026-07-03T04:46:34.650+0000] {logging_mixin.py:188} INFO - [2026-07-03T04:46:34.650+0000] {dag.py:3954} INFO - Setting next_dagrun for gold_dbt_dag to None, run_after=None
[2026-07-03T04:46:34.674+0000] {processor.py:183} INFO - Processing /opt/airflow/dags/dag_gold_dbt.py took 0.113 seconds
[2026-07-03T04:47:05.591+0000] {processor.py:161} INFO - Started process (PID=2485) to work on /opt/airflow/dags/dag_gold_dbt.py
[2026-07-03T04:47:05.592+0000] {processor.py:830} INFO - Processing file /opt/airflow/dags/dag_gold_dbt.py for tasks to queue
[2026-07-03T04:47:05.596+0000] {logging_mixin.py:188} INFO - [2026-07-03T04:47:05.595+0000] {dagbag.py:545} INFO - Filling up the DagBag from /opt/airflow/dags/dag_gold_dbt.py
[2026-07-03T04:47:05.619+0000] {processor.py:840} INFO - DAG(s) 'gold_dbt_dag' retrieved from /opt/airflow/dags/dag_gold_dbt.py
[2026-07-03T04:47:05.655+0000] {logging_mixin.py:188} INFO - [2026-07-03T04:47:05.654+0000] {dag.py:3096} INFO - Sync 1 DAGs
[2026-07-03T04:47:05.684+0000] {logging_mixin.py:188} INFO - [2026-07-03T04:47:05.683+0000] {dag.py:3954} INFO - Setting next_dagrun for gold_dbt_dag to None, run_after=None
[2026-07-03T04:47:05.704+0000] {processor.py:183} INFO - Processing /opt/airflow/dags/dag_gold_dbt.py took 0.119 seconds
[2026-07-03T04:57:20.952+0000] {processor.py:161} INFO - Started process (PID=2522) to work on /opt/airflow/dags/dag_gold_dbt.py
[2026-07-03T04:57:20.954+0000] {processor.py:830} INFO - Processing file /opt/airflow/dags/dag_gold_dbt.py for tasks to queue
[2026-07-03T04:57:20.956+0000] {logging_mixin.py:188} INFO - [2026-07-03T04:57:20.956+0000] {dagbag.py:545} INFO - Filling up the DagBag from /opt/airflow/dags/dag_gold_dbt.py
[2026-07-03T04:57:20.976+0000] {processor.py:840} INFO - DAG(s) 'gold_dbt_dag' retrieved from /opt/airflow/dags/dag_gold_dbt.py
[2026-07-03T04:57:21.014+0000] {logging_mixin.py:188} INFO - [2026-07-03T04:57:21.014+0000] {dag.py:3096} INFO - Sync 1 DAGs
[2026-07-03T04:57:21.043+0000] {logging_mixin.py:188} INFO - [2026-07-03T04:57:21.043+0000] {dag.py:3954} INFO - Setting next_dagrun for gold_dbt_dag to None, run_after=None
[2026-07-03T04:57:21.063+0000] {processor.py:183} INFO - Processing /opt/airflow/dags/dag_gold_dbt.py took 0.115 seconds
[2026-07-03T04:57:51.992+0000] {processor.py:161} INFO - Started process (PID=2558) to work on /opt/airflow/dags/dag_gold_dbt.py
[2026-07-03T04:57:51.994+0000] {processor.py:830} INFO - Processing file /opt/airflow/dags/dag_gold_dbt.py for tasks to queue
[2026-07-03T04:57:51.997+0000] {logging_mixin.py:188} INFO - [2026-07-03T04:57:51.997+0000] {dagbag.py:545} INFO - Filling up the DagBag from /opt/airflow/dags/dag_gold_dbt.py
[2026-07-03T04:57:52.031+0000] {processor.py:840} INFO - DAG(s) 'gold_dbt_dag' retrieved from /opt/airflow/dags/dag_gold_dbt.py
[2026-07-03T04:57:52.068+0000] {logging_mixin.py:188} INFO - [2026-07-03T04:57:52.068+0000] {dag.py:3096} INFO - Sync 1 DAGs
[2026-07-03T04:57:52.083+0000] {logging_mixin.py:188} INFO - [2026-07-03T04:57:52.083+0000] {dag.py:3954} INFO - Setting next_dagrun for gold_dbt_dag to None, run_after=None
[2026-07-03T04:57:52.098+0000] {processor.py:183} INFO - Processing /opt/airflow/dags/dag_gold_dbt.py took 0.113 seconds
[2026-07-03T05:15:45.866+0000] {processor.py:161} INFO - Started process (PID=2596) to work on /opt/airflow/dags/dag_gold_dbt.py
[2026-07-03T05:15:45.867+0000] {processor.py:830} INFO - Processing file /opt/airflow/dags/dag_gold_dbt.py for tasks to queue
[2026-07-03T05:15:45.870+0000] {logging_mixin.py:188} INFO - [2026-07-03T05:15:45.870+0000] {dagbag.py:545} INFO - Filling up the DagBag from /opt/airflow/dags/dag_gold_dbt.py
[2026-07-03T05:15:45.898+0000] {processor.py:840} INFO - DAG(s) 'gold_dbt_dag' retrieved from /opt/airflow/dags/dag_gold_dbt.py
[2026-07-03T05:15:45.939+0000] {logging_mixin.py:188} INFO - [2026-07-03T05:15:45.939+0000] {dag.py:3096} INFO - Sync 1 DAGs
[2026-07-03T05:15:45.973+0000] {logging_mixin.py:188} INFO - [2026-07-03T05:15:45.973+0000] {dag.py:3954} INFO - Setting next_dagrun for gold_dbt_dag to None, run_after=None
[2026-07-03T05:15:45.990+0000] {processor.py:183} INFO - Processing /opt/airflow/dags/dag_gold_dbt.py took 0.137 seconds
[2026-07-03T05:31:50.495+0000] {processor.py:161} INFO - Started process (PID=3194) to work on /opt/airflow/dags/dag_gold_dbt.py
[2026-07-03T05:31:50.496+0000] {processor.py:830} INFO - Processing file /opt/airflow/dags/dag_gold_dbt.py for tasks to queue
[2026-07-03T05:31:50.499+0000] {logging_mixin.py:188} INFO - [2026-07-03T05:31:50.499+0000] {dagbag.py:545} INFO - Filling up the DagBag from /opt/airflow/dags/dag_gold_dbt.py
[2026-07-03T05:31:50.517+0000] {processor.py:840} INFO - DAG(s) 'gold_dbt_dag' retrieved from /opt/airflow/dags/dag_gold_dbt.py
[2026-07-03T05:31:50.541+0000] {logging_mixin.py:188} INFO - [2026-07-03T05:31:50.541+0000] {dag.py:3096} INFO - Sync 1 DAGs
[2026-07-03T05:31:50.562+0000] {logging_mixin.py:188} INFO - [2026-07-03T05:31:50.562+0000] {dag.py:3954} INFO - Setting next_dagrun for gold_dbt_dag to None, run_after=None
[2026-07-03T05:31:50.578+0000] {processor.py:183} INFO - Processing /opt/airflow/dags/dag_gold_dbt.py took 0.089 seconds
[2026-07-03T05:32:21.443+0000] {processor.py:161} INFO - Started process (PID=3232) to work on /opt/airflow/dags/dag_gold_dbt.py
[2026-07-03T05:32:21.444+0000] {processor.py:830} INFO - Processing file /opt/airflow/dags/dag_gold_dbt.py for tasks to queue
[2026-07-03T05:32:21.446+0000] {logging_mixin.py:188} INFO - [2026-07-03T05:32:21.446+0000] {dagbag.py:545} INFO - Filling up the DagBag from /opt/airflow/dags/dag_gold_dbt.py
[2026-07-03T05:32:21.461+0000] {processor.py:840} INFO - DAG(s) 'gold_dbt_dag' retrieved from /opt/airflow/dags/dag_gold_dbt.py
[2026-07-03T05:32:21.479+0000] {logging_mixin.py:188} INFO - [2026-07-03T05:32:21.479+0000] {dag.py:3096} INFO - Sync 1 DAGs
[2026-07-03T05:32:21.494+0000] {logging_mixin.py:188} INFO - [2026-07-03T05:32:21.494+0000] {dag.py:3954} INFO - Setting next_dagrun for gold_dbt_dag to None, run_after=None
[2026-07-03T05:32:21.504+0000] {processor.py:183} INFO - Processing /opt/airflow/dags/dag_gold_dbt.py took 0.065 seconds
[2026-07-03T05:48:10.631+0000] {processor.py:161} INFO - Started process (PID=3269) to work on /opt/airflow/dags/dag_gold_dbt.py
[2026-07-03T05:48:10.632+0000] {processor.py:830} INFO - Processing file /opt/airflow/dags/dag_gold_dbt.py for tasks to queue
[2026-07-03T05:48:10.634+0000] {logging_mixin.py:188} INFO - [2026-07-03T05:48:10.634+0000] {dagbag.py:545} INFO - Filling up the DagBag from /opt/airflow/dags/dag_gold_dbt.py
[2026-07-03T05:48:10.653+0000] {processor.py:840} INFO - DAG(s) 'gold_dbt_dag' retrieved from /opt/airflow/dags/dag_gold_dbt.py
[2026-07-03T05:48:10.688+0000] {logging_mixin.py:188} INFO - [2026-07-03T05:48:10.688+0000] {dag.py:3096} INFO - Sync 1 DAGs
[2026-07-03T05:48:10.705+0000] {logging_mixin.py:188} INFO - [2026-07-03T05:48:10.705+0000] {dag.py:3954} INFO - Setting next_dagrun for gold_dbt_dag to None, run_after=None
[2026-07-03T05:48:10.721+0000] {processor.py:183} INFO - Processing /opt/airflow/dags/dag_gold_dbt.py took 0.096 seconds
[2026-07-03T05:57:56.209+0000] {processor.py:161} INFO - Started process (PID=3306) to work on /opt/airflow/dags/dag_gold_dbt.py
[2026-07-03T05:57:56.210+0000] {processor.py:830} INFO - Processing file /opt/airflow/dags/dag_gold_dbt.py for tasks to queue
[2026-07-03T05:57:56.213+0000] {logging_mixin.py:188} INFO - [2026-07-03T05:57:56.213+0000] {dagbag.py:545} INFO - Filling up the DagBag from /opt/airflow/dags/dag_gold_dbt.py
[2026-07-03T05:57:56.245+0000] {processor.py:840} INFO - DAG(s) 'gold_dbt_dag' retrieved from /opt/airflow/dags/dag_gold_dbt.py
[2026-07-03T05:57:56.302+0000] {logging_mixin.py:188} INFO - [2026-07-03T05:57:56.302+0000] {dag.py:3096} INFO - Sync 1 DAGs
[2026-07-03T05:57:56.326+0000] {logging_mixin.py:188} INFO - [2026-07-03T05:57:56.325+0000] {dag.py:3954} INFO - Setting next_dagrun for gold_dbt_dag to None, run_after=None
[2026-07-03T05:57:56.357+0000] {processor.py:183} INFO - Processing /opt/airflow/dags/dag_gold_dbt.py took 0.154 seconds
[2026-07-03T05:58:27.418+0000] {processor.py:161} INFO - Started process (PID=3341) to work on /opt/airflow/dags/dag_gold_dbt.py
[2026-07-03T05:58:27.419+0000] {processor.py:830} INFO - Processing file /opt/airflow/dags/dag_gold_dbt.py for tasks to queue
[2026-07-03T05:58:27.426+0000] {logging_mixin.py:188} INFO - [2026-07-03T05:58:27.426+0000] {dagbag.py:545} INFO - Filling up the DagBag from /opt/airflow/dags/dag_gold_dbt.py
[2026-07-03T05:58:27.447+0000] {processor.py:840} INFO - DAG(s) 'gold_dbt_dag' retrieved from /opt/airflow/dags/dag_gold_dbt.py
[2026-07-03T05:58:27.481+0000] {logging_mixin.py:188} INFO - [2026-07-03T05:58:27.481+0000] {dag.py:3096} INFO - Sync 1 DAGs
[2026-07-03T05:58:27.509+0000] {logging_mixin.py:188} INFO - [2026-07-03T05:58:27.509+0000] {dag.py:3954} INFO - Setting next_dagrun for gold_dbt_dag to None, run_after=None
[2026-07-03T05:58:27.521+0000] {processor.py:183} INFO - Processing /opt/airflow/dags/dag_gold_dbt.py took 0.116 seconds
[2026-07-03T06:14:14.546+0000] {processor.py:161} INFO - Started process (PID=3378) to work on /opt/airflow/dags/dag_gold_dbt.py
[2026-07-03T06:14:14.547+0000] {processor.py:830} INFO - Processing file /opt/airflow/dags/dag_gold_dbt.py for tasks to queue
[2026-07-03T06:14:14.550+0000] {logging_mixin.py:188} INFO - [2026-07-03T06:14:14.550+0000] {dagbag.py:545} INFO - Filling up the DagBag from /opt/airflow/dags/dag_gold_dbt.py
[2026-07-03T06:14:14.579+0000] {processor.py:840} INFO - DAG(s) 'gold_dbt_dag' retrieved from /opt/airflow/dags/dag_gold_dbt.py
[2026-07-03T06:14:14.607+0000] {logging_mixin.py:188} INFO - [2026-07-03T06:14:14.607+0000] {dag.py:3096} INFO - Sync 1 DAGs
[2026-07-03T06:14:14.630+0000] {logging_mixin.py:188} INFO - [2026-07-03T06:14:14.630+0000] {dag.py:3954} INFO - Setting next_dagrun for gold_dbt_dag to None, run_after=None
[2026-07-03T06:14:14.655+0000] {processor.py:183} INFO - Processing /opt/airflow/dags/dag_gold_dbt.py took 0.118 seconds
[2026-07-03T06:14:45.580+0000] {processor.py:161} INFO - Started process (PID=3984) to work on /opt/airflow/dags/dag_gold_dbt.py
[2026-07-03T06:14:45.581+0000] {processor.py:830} INFO - Processing file /opt/airflow/dags/dag_gold_dbt.py for tasks to queue
[2026-07-03T06:14:45.584+0000] {logging_mixin.py:188} INFO - [2026-07-03T06:14:45.584+0000] {dagbag.py:545} INFO - Filling up the DagBag from /opt/airflow/dags/dag_gold_dbt.py
[2026-07-03T06:14:45.601+0000] {processor.py:840} INFO - DAG(s) 'gold_dbt_dag' retrieved from /opt/airflow/dags/dag_gold_dbt.py
[2026-07-03T06:14:45.627+0000] {logging_mixin.py:188} INFO - [2026-07-03T06:14:45.627+0000] {dag.py:3096} INFO - Sync 1 DAGs
[2026-07-03T06:14:45.653+0000] {logging_mixin.py:188} INFO - [2026-07-03T06:14:45.652+0000] {dag.py:3954} INFO - Setting next_dagrun for gold_dbt_dag to None, run_after=None
[2026-07-03T06:14:45.667+0000] {processor.py:183} INFO - Processing /opt/airflow/dags/dag_gold_dbt.py took 0.097 seconds
[2026-07-03T06:30:55.930+0000] {processor.py:161} INFO - Started process (PID=4023) to work on /opt/airflow/dags/dag_gold_dbt.py
[2026-07-03T06:30:55.932+0000] {processor.py:830} INFO - Processing file /opt/airflow/dags/dag_gold_dbt.py for tasks to queue
[2026-07-03T06:30:55.935+0000] {logging_mixin.py:188} INFO - [2026-07-03T06:30:55.934+0000] {dagbag.py:545} INFO - Filling up the DagBag from /opt/airflow/dags/dag_gold_dbt.py
[2026-07-03T06:30:55.952+0000] {processor.py:840} INFO - DAG(s) 'gold_dbt_dag' retrieved from /opt/airflow/dags/dag_gold_dbt.py
[2026-07-03T06:30:55.993+0000] {logging_mixin.py:188} INFO - [2026-07-03T06:30:55.992+0000] {dag.py:3096} INFO - Sync 1 DAGs
[2026-07-03T06:30:56.013+0000] {logging_mixin.py:188} INFO - [2026-07-03T06:30:56.013+0000] {dag.py:3954} INFO - Setting next_dagrun for gold_dbt_dag to None, run_after=None
[2026-07-03T06:30:56.026+0000] {processor.py:183} INFO - Processing /opt/airflow/dags/dag_gold_dbt.py took 0.103 seconds
[2026-07-03T06:47:19.478+0000] {processor.py:161} INFO - Started process (PID=4060) to work on /opt/airflow/dags/dag_gold_dbt.py
[2026-07-03T06:47:19.480+0000] {processor.py:830} INFO - Processing file /opt/airflow/dags/dag_gold_dbt.py for tasks to queue
[2026-07-03T06:47:19.483+0000] {logging_mixin.py:188} INFO - [2026-07-03T06:47:19.482+0000] {dagbag.py:545} INFO - Filling up the DagBag from /opt/airflow/dags/dag_gold_dbt.py
[2026-07-03T06:47:19.512+0000] {processor.py:840} INFO - DAG(s) 'gold_dbt_dag' retrieved from /opt/airflow/dags/dag_gold_dbt.py
[2026-07-03T06:47:19.535+0000] {logging_mixin.py:188} INFO - [2026-07-03T06:47:19.535+0000] {dag.py:3096} INFO - Sync 1 DAGs
[2026-07-03T06:47:19.558+0000] {logging_mixin.py:188} INFO - [2026-07-03T06:47:19.558+0000] {dag.py:3954} INFO - Setting next_dagrun for gold_dbt_dag to None, run_after=None
[2026-07-03T06:47:19.572+0000] {processor.py:183} INFO - Processing /opt/airflow/dags/dag_gold_dbt.py took 0.104 seconds
[2026-07-03T06:47:50.596+0000] {processor.py:161} INFO - Started process (PID=4097) to work on /opt/airflow/dags/dag_gold_dbt.py
[2026-07-03T06:47:50.597+0000] {processor.py:830} INFO - Processing file /opt/airflow/dags/dag_gold_dbt.py for tasks to queue
[2026-07-03T06:47:50.601+0000] {logging_mixin.py:188} INFO - [2026-07-03T06:47:50.600+0000] {dagbag.py:545} INFO - Filling up the DagBag from /opt/airflow/dags/dag_gold_dbt.py
[2026-07-03T06:47:50.616+0000] {processor.py:840} INFO - DAG(s) 'gold_dbt_dag' retrieved from /opt/airflow/dags/dag_gold_dbt.py
[2026-07-03T06:47:50.638+0000] {logging_mixin.py:188} INFO - [2026-07-03T06:47:50.637+0000] {dag.py:3096} INFO - Sync 1 DAGs
[2026-07-03T06:47:50.652+0000] {logging_mixin.py:188} INFO - [2026-07-03T06:47:50.652+0000] {dag.py:3954} INFO - Setting next_dagrun for gold_dbt_dag to None, run_after=None
[2026-07-03T06:47:50.663+0000] {processor.py:183} INFO - Processing /opt/airflow/dags/dag_gold_dbt.py took 0.074 seconds
[2026-07-03T06:59:15.846+0000] {processor.py:161} INFO - Started process (PID=4134) to work on /opt/airflow/dags/dag_gold_dbt.py
[2026-07-03T06:59:15.847+0000] {processor.py:830} INFO - Processing file /opt/airflow/dags/dag_gold_dbt.py for tasks to queue
[2026-07-03T06:59:15.850+0000] {logging_mixin.py:188} INFO - [2026-07-03T06:59:15.849+0000] {dagbag.py:545} INFO - Filling up the DagBag from /opt/airflow/dags/dag_gold_dbt.py
[2026-07-03T06:59:15.882+0000] {processor.py:840} INFO - DAG(s) 'gold_dbt_dag' retrieved from /opt/airflow/dags/dag_gold_dbt.py
[2026-07-03T06:59:15.913+0000] {logging_mixin.py:188} INFO - [2026-07-03T06:59:15.913+0000] {dag.py:3096} INFO - Sync 1 DAGs
[2026-07-03T06:59:15.942+0000] {logging_mixin.py:188} INFO - [2026-07-03T06:59:15.942+0000] {dag.py:3954} INFO - Setting next_dagrun for gold_dbt_dag to None, run_after=None
[2026-07-03T06:59:15.959+0000] {processor.py:183} INFO - Processing /opt/airflow/dags/dag_gold_dbt.py took 0.120 seconds
[2026-07-03T06:59:46.845+0000] {processor.py:161} INFO - Started process (PID=4171) to work on /opt/airflow/dags/dag_gold_dbt.py
[2026-07-03T06:59:46.846+0000] {processor.py:830} INFO - Processing file /opt/airflow/dags/dag_gold_dbt.py for tasks to queue
[2026-07-03T06:59:46.850+0000] {logging_mixin.py:188} INFO - [2026-07-03T06:59:46.850+0000] {dagbag.py:545} INFO - Filling up the DagBag from /opt/airflow/dags/dag_gold_dbt.py
[2026-07-03T06:59:46.867+0000] {processor.py:840} INFO - DAG(s) 'gold_dbt_dag' retrieved from /opt/airflow/dags/dag_gold_dbt.py
[2026-07-03T06:59:46.897+0000] {logging_mixin.py:188} INFO - [2026-07-03T06:59:46.897+0000] {dag.py:3096} INFO - Sync 1 DAGs
[2026-07-03T06:59:46.916+0000] {logging_mixin.py:188} INFO - [2026-07-03T06:59:46.916+0000] {dag.py:3954} INFO - Setting next_dagrun for gold_dbt_dag to None, run_after=None
[2026-07-03T06:59:46.930+0000] {processor.py:183} INFO - Processing /opt/airflow/dags/dag_gold_dbt.py took 0.090 seconds
[2026-07-03T07:15:39.506+0000] {processor.py:161} INFO - Started process (PID=4779) to work on /opt/airflow/dags/dag_gold_dbt.py
[2026-07-03T07:15:39.507+0000] {processor.py:830} INFO - Processing file /opt/airflow/dags/dag_gold_dbt.py for tasks to queue
[2026-07-03T07:15:39.509+0000] {logging_mixin.py:188} INFO - [2026-07-03T07:15:39.509+0000] {dagbag.py:545} INFO - Filling up the DagBag from /opt/airflow/dags/dag_gold_dbt.py
[2026-07-03T07:15:39.525+0000] {processor.py:840} INFO - DAG(s) 'gold_dbt_dag' retrieved from /opt/airflow/dags/dag_gold_dbt.py
[2026-07-03T07:15:39.550+0000] {logging_mixin.py:188} INFO - [2026-07-03T07:15:39.549+0000] {dag.py:3096} INFO - Sync 1 DAGs
[2026-07-03T07:15:39.562+0000] {logging_mixin.py:188} INFO - [2026-07-03T07:15:39.562+0000] {dag.py:3954} INFO - Setting next_dagrun for gold_dbt_dag to None, run_after=None
[2026-07-03T07:15:39.573+0000] {processor.py:183} INFO - Processing /opt/airflow/dags/dag_gold_dbt.py took 0.074 seconds
[2026-07-03T07:32:22.824+0000] {processor.py:161} INFO - Started process (PID=4817) to work on /opt/airflow/dags/dag_gold_dbt.py
[2026-07-03T07:32:22.825+0000] {processor.py:830} INFO - Processing file /opt/airflow/dags/dag_gold_dbt.py for tasks to queue
[2026-07-03T07:32:22.831+0000] {logging_mixin.py:188} INFO - [2026-07-03T07:32:22.829+0000] {dagbag.py:545} INFO - Filling up the DagBag from /opt/airflow/dags/dag_gold_dbt.py
[2026-07-03T07:32:22.856+0000] {processor.py:840} INFO - DAG(s) 'gold_dbt_dag' retrieved from /opt/airflow/dags/dag_gold_dbt.py
[2026-07-03T07:32:22.890+0000] {logging_mixin.py:188} INFO - [2026-07-03T07:32:22.890+0000] {dag.py:3096} INFO - Sync 1 DAGs
[2026-07-03T07:32:22.911+0000] {logging_mixin.py:188} INFO - [2026-07-03T07:32:22.911+0000] {dag.py:3954} INFO - Setting next_dagrun for gold_dbt_dag to None, run_after=None
[2026-07-03T07:32:22.932+0000] {processor.py:183} INFO - Processing /opt/airflow/dags/dag_gold_dbt.py took 0.114 seconds
[2026-07-03T07:32:53.959+0000] {processor.py:161} INFO - Started process (PID=4854) to work on /opt/airflow/dags/dag_gold_dbt.py
[2026-07-03T07:32:53.961+0000] {processor.py:830} INFO - Processing file /opt/airflow/dags/dag_gold_dbt.py for tasks to queue
[2026-07-03T07:32:53.967+0000] {logging_mixin.py:188} INFO - [2026-07-03T07:32:53.966+0000] {dagbag.py:545} INFO - Filling up the DagBag from /opt/airflow/dags/dag_gold_dbt.py
[2026-07-03T07:32:53.992+0000] {processor.py:840} INFO - DAG(s) 'gold_dbt_dag' retrieved from /opt/airflow/dags/dag_gold_dbt.py
[2026-07-03T07:32:54.027+0000] {logging_mixin.py:188} INFO - [2026-07-03T07:32:54.027+0000] {dag.py:3096} INFO - Sync 1 DAGs
[2026-07-03T07:32:54.053+0000] {logging_mixin.py:188} INFO - [2026-07-03T07:32:54.052+0000] {dag.py:3954} INFO - Setting next_dagrun for gold_dbt_dag to None, run_after=None
[2026-07-03T07:32:54.065+0000] {processor.py:183} INFO - Processing /opt/airflow/dags/dag_gold_dbt.py took 0.114 seconds
[2026-07-03T07:50:07.286+0000] {processor.py:161} INFO - Started process (PID=4890) to work on /opt/airflow/dags/dag_gold_dbt.py
[2026-07-03T07:50:07.289+0000] {processor.py:830} INFO - Processing file /opt/airflow/dags/dag_gold_dbt.py for tasks to queue
[2026-07-03T07:50:07.293+0000] {logging_mixin.py:188} INFO - [2026-07-03T07:50:07.292+0000] {dagbag.py:545} INFO - Filling up the DagBag from /opt/airflow/dags/dag_gold_dbt.py
[2026-07-03T07:50:07.319+0000] {processor.py:840} INFO - DAG(s) 'gold_dbt_dag' retrieved from /opt/airflow/dags/dag_gold_dbt.py
[2026-07-03T07:50:07.345+0000] {logging_mixin.py:188} INFO - [2026-07-03T07:50:07.345+0000] {dag.py:3096} INFO - Sync 1 DAGs
[2026-07-03T07:50:07.363+0000] {logging_mixin.py:188} INFO - [2026-07-03T07:50:07.363+0000] {dag.py:3954} INFO - Setting next_dagrun for gold_dbt_dag to None, run_after=None
[2026-07-03T07:50:07.388+0000] {processor.py:183} INFO - Processing /opt/airflow/dags/dag_gold_dbt.py took 0.114 seconds
[2026-07-03T07:50:38.382+0000] {processor.py:161} INFO - Started process (PID=4928) to work on /opt/airflow/dags/dag_gold_dbt.py
[2026-07-03T07:50:38.384+0000] {processor.py:830} INFO - Processing file /opt/airflow/dags/dag_gold_dbt.py for tasks to queue
[2026-07-03T07:50:38.389+0000] {logging_mixin.py:188} INFO - [2026-07-03T07:50:38.388+0000] {dagbag.py:545} INFO - Filling up the DagBag from /opt/airflow/dags/dag_gold_dbt.py
[2026-07-03T07:50:38.426+0000] {processor.py:840} INFO - DAG(s) 'gold_dbt_dag' retrieved from /opt/airflow/dags/dag_gold_dbt.py
[2026-07-03T07:50:38.476+0000] {logging_mixin.py:188} INFO - [2026-07-03T07:50:38.476+0000] {dag.py:3096} INFO - Sync 1 DAGs
[2026-07-03T07:50:38.507+0000] {logging_mixin.py:188} INFO - [2026-07-03T07:50:38.507+0000] {dag.py:3954} INFO - Setting next_dagrun for gold_dbt_dag to None, run_after=None
[2026-07-03T07:50:38.528+0000] {processor.py:183} INFO - Processing /opt/airflow/dags/dag_gold_dbt.py took 0.153 seconds
[2026-07-03T08:00:21.999+0000] {processor.py:161} INFO - Started process (PID=4964) to work on /opt/airflow/dags/dag_gold_dbt.py
[2026-07-03T08:00:22.001+0000] {processor.py:830} INFO - Processing file /opt/airflow/dags/dag_gold_dbt.py for tasks to queue
[2026-07-03T08:00:22.003+0000] {logging_mixin.py:188} INFO - [2026-07-03T08:00:22.003+0000] {dagbag.py:545} INFO - Filling up the DagBag from /opt/airflow/dags/dag_gold_dbt.py
[2026-07-03T08:00:22.021+0000] {processor.py:840} INFO - DAG(s) 'gold_dbt_dag' retrieved from /opt/airflow/dags/dag_gold_dbt.py
[2026-07-03T08:00:22.050+0000] {logging_mixin.py:188} INFO - [2026-07-03T08:00:22.050+0000] {dag.py:3096} INFO - Sync 1 DAGs
[2026-07-03T08:00:22.075+0000] {logging_mixin.py:188} INFO - [2026-07-03T08:00:22.075+0000] {dag.py:3954} INFO - Setting next_dagrun for gold_dbt_dag to None, run_after=None
[2026-07-03T08:00:22.088+0000] {processor.py:183} INFO - Processing /opt/airflow/dags/dag_gold_dbt.py took 0.096 seconds
[2026-07-03T08:00:52.957+0000] {processor.py:161} INFO - Started process (PID=5564) to work on /opt/airflow/dags/dag_gold_dbt.py
[2026-07-03T08:00:52.959+0000] {processor.py:830} INFO - Processing file /opt/airflow/dags/dag_gold_dbt.py for tasks to queue
[2026-07-03T08:00:52.969+0000] {logging_mixin.py:188} INFO - [2026-07-03T08:00:52.968+0000] {dagbag.py:545} INFO - Filling up the DagBag from /opt/airflow/dags/dag_gold_dbt.py
[2026-07-03T08:00:52.984+0000] {processor.py:840} INFO - DAG(s) 'gold_dbt_dag' retrieved from /opt/airflow/dags/dag_gold_dbt.py
[2026-07-03T08:00:53.012+0000] {logging_mixin.py:188} INFO - [2026-07-03T08:00:53.012+0000] {dag.py:3096} INFO - Sync 1 DAGs
[2026-07-03T08:00:53.038+0000] {logging_mixin.py:188} INFO - [2026-07-03T08:00:53.038+0000] {dag.py:3954} INFO - Setting next_dagrun for gold_dbt_dag to None, run_after=None
[2026-07-03T08:00:53.051+0000] {processor.py:183} INFO - Processing /opt/airflow/dags/dag_gold_dbt.py took 0.104 seconds
[2026-07-03T08:17:22.709+0000] {processor.py:161} INFO - Started process (PID=5600) to work on /opt/airflow/dags/dag_gold_dbt.py
[2026-07-03T08:17:22.711+0000] {processor.py:830} INFO - Processing file /opt/airflow/dags/dag_gold_dbt.py for tasks to queue
[2026-07-03T08:17:22.714+0000] {logging_mixin.py:188} INFO - [2026-07-03T08:17:22.714+0000] {dagbag.py:545} INFO - Filling up the DagBag from /opt/airflow/dags/dag_gold_dbt.py
[2026-07-03T08:17:22.736+0000] {processor.py:840} INFO - DAG(s) 'gold_dbt_dag' retrieved from /opt/airflow/dags/dag_gold_dbt.py
[2026-07-03T08:17:22.773+0000] {logging_mixin.py:188} INFO - [2026-07-03T08:17:22.773+0000] {dag.py:3096} INFO - Sync 1 DAGs
[2026-07-03T08:17:22.793+0000] {logging_mixin.py:188} INFO - [2026-07-03T08:17:22.792+0000] {dag.py:3954} INFO - Setting next_dagrun for gold_dbt_dag to None, run_after=None
[2026-07-03T08:17:22.812+0000] {processor.py:183} INFO - Processing /opt/airflow/dags/dag_gold_dbt.py took 0.112 seconds
[2026-07-03T08:32:51.071+0000] {processor.py:161} INFO - Started process (PID=5638) to work on /opt/airflow/dags/dag_gold_dbt.py
[2026-07-03T08:32:51.073+0000] {processor.py:830} INFO - Processing file /opt/airflow/dags/dag_gold_dbt.py for tasks to queue
[2026-07-03T08:32:51.081+0000] {logging_mixin.py:188} INFO - [2026-07-03T08:32:51.079+0000] {dagbag.py:545} INFO - Filling up the DagBag from /opt/airflow/dags/dag_gold_dbt.py
[2026-07-03T08:32:51.122+0000] {processor.py:840} INFO - DAG(s) 'gold_dbt_dag' retrieved from /opt/airflow/dags/dag_gold_dbt.py
[2026-07-03T08:32:51.183+0000] {logging_mixin.py:188} INFO - [2026-07-03T08:32:51.182+0000] {dag.py:3096} INFO - Sync 1 DAGs
[2026-07-03T08:32:51.217+0000] {logging_mixin.py:188} INFO - [2026-07-03T08:32:51.216+0000] {dag.py:3954} INFO - Setting next_dagrun for gold_dbt_dag to None, run_after=None
[2026-07-03T08:32:51.240+0000] {processor.py:183} INFO - Processing /opt/airflow/dags/dag_gold_dbt.py took 0.183 seconds
[2026-07-03T08:33:22.255+0000] {processor.py:161} INFO - Started process (PID=5674) to work on /opt/airflow/dags/dag_gold_dbt.py
[2026-07-03T08:33:22.255+0000] {processor.py:830} INFO - Processing file /opt/airflow/dags/dag_gold_dbt.py for tasks to queue
[2026-07-03T08:33:22.258+0000] {logging_mixin.py:188} INFO - [2026-07-03T08:33:22.258+0000] {dagbag.py:545} INFO - Filling up the DagBag from /opt/airflow/dags/dag_gold_dbt.py
[2026-07-03T08:33:22.279+0000] {processor.py:840} INFO - DAG(s) 'gold_dbt_dag' retrieved from /opt/airflow/dags/dag_gold_dbt.py
[2026-07-03T08:33:22.300+0000] {logging_mixin.py:188} INFO - [2026-07-03T08:33:22.300+0000] {dag.py:3096} INFO - Sync 1 DAGs
[2026-07-03T08:33:22.314+0000] {logging_mixin.py:188} INFO - [2026-07-03T08:33:22.314+0000] {dag.py:3954} INFO - Setting next_dagrun for gold_dbt_dag to None, run_after=None
[2026-07-03T08:33:22.331+0000] {processor.py:183} INFO - Processing /opt/airflow/dags/dag_gold_dbt.py took 0.082 seconds
[2026-07-03T08:51:37.653+0000] {processor.py:161} INFO - Started process (PID=5711) to work on /opt/airflow/dags/dag_gold_dbt.py
[2026-07-03T08:51:37.654+0000] {processor.py:830} INFO - Processing file /opt/airflow/dags/dag_gold_dbt.py for tasks to queue
[2026-07-03T08:51:37.656+0000] {logging_mixin.py:188} INFO - [2026-07-03T08:51:37.656+0000] {dagbag.py:545} INFO - Filling up the DagBag from /opt/airflow/dags/dag_gold_dbt.py
[2026-07-03T08:51:37.680+0000] {processor.py:840} INFO - DAG(s) 'gold_dbt_dag' retrieved from /opt/airflow/dags/dag_gold_dbt.py
[2026-07-03T08:51:37.714+0000] {logging_mixin.py:188} INFO - [2026-07-03T08:51:37.714+0000] {dag.py:3096} INFO - Sync 1 DAGs
[2026-07-03T08:51:37.734+0000] {logging_mixin.py:188} INFO - [2026-07-03T08:51:37.734+0000] {dag.py:3954} INFO - Setting next_dagrun for gold_dbt_dag to None, run_after=None
[2026-07-03T08:51:37.750+0000] {processor.py:183} INFO - Processing /opt/airflow/dags/dag_gold_dbt.py took 0.108 seconds
[2026-07-03T09:00:57.067+0000] {processor.py:161} INFO - Started process (PID=5753) to work on /opt/airflow/dags/dag_gold_dbt.py
[2026-07-03T09:00:57.068+0000] {processor.py:830} INFO - Processing file /opt/airflow/dags/dag_gold_dbt.py for tasks to queue
[2026-07-03T09:00:57.070+0000] {logging_mixin.py:188} INFO - [2026-07-03T09:00:57.070+0000] {dagbag.py:545} INFO - Filling up the DagBag from /opt/airflow/dags/dag_gold_dbt.py
[2026-07-03T09:00:57.095+0000] {processor.py:840} INFO - DAG(s) 'gold_dbt_dag' retrieved from /opt/airflow/dags/dag_gold_dbt.py
[2026-07-03T09:00:57.120+0000] {logging_mixin.py:188} INFO - [2026-07-03T09:00:57.119+0000] {dag.py:3096} INFO - Sync 1 DAGs
[2026-07-03T09:00:57.133+0000] {logging_mixin.py:188} INFO - [2026-07-03T09:00:57.133+0000] {dag.py:3954} INFO - Setting next_dagrun for gold_dbt_dag to None, run_after=None
[2026-07-03T09:00:57.149+0000] {processor.py:183} INFO - Processing /opt/airflow/dags/dag_gold_dbt.py took 0.092 seconds
[2026-07-03T09:01:28.098+0000] {processor.py:161} INFO - Started process (PID=6344) to work on /opt/airflow/dags/dag_gold_dbt.py
[2026-07-03T09:01:28.099+0000] {processor.py:830} INFO - Processing file /opt/airflow/dags/dag_gold_dbt.py for tasks to queue
[2026-07-03T09:01:28.101+0000] {logging_mixin.py:188} INFO - [2026-07-03T09:01:28.100+0000] {dagbag.py:545} INFO - Filling up the DagBag from /opt/airflow/dags/dag_gold_dbt.py
[2026-07-03T09:01:28.118+0000] {processor.py:840} INFO - DAG(s) 'gold_dbt_dag' retrieved from /opt/airflow/dags/dag_gold_dbt.py
[2026-07-03T09:01:28.146+0000] {logging_mixin.py:188} INFO - [2026-07-03T09:01:28.146+0000] {dag.py:3096} INFO - Sync 1 DAGs
[2026-07-03T09:01:28.164+0000] {logging_mixin.py:188} INFO - [2026-07-03T09:01:28.164+0000] {dag.py:3954} INFO - Setting next_dagrun for gold_dbt_dag to None, run_after=None
[2026-07-03T09:01:28.182+0000] {processor.py:183} INFO - Processing /opt/airflow/dags/dag_gold_dbt.py took 0.089 seconds
[2026-07-03T09:01:59.060+0000] {processor.py:161} INFO - Started process (PID=6382) to work on /opt/airflow/dags/dag_gold_dbt.py
[2026-07-03T09:01:59.061+0000] {processor.py:830} INFO - Processing file /opt/airflow/dags/dag_gold_dbt.py for tasks to queue
[2026-07-03T09:01:59.065+0000] {logging_mixin.py:188} INFO - [2026-07-03T09:01:59.064+0000] {dagbag.py:545} INFO - Filling up the DagBag from /opt/airflow/dags/dag_gold_dbt.py
[2026-07-03T09:01:59.124+0000] {processor.py:840} INFO - DAG(s) 'gold_dbt_dag' retrieved from /opt/airflow/dags/dag_gold_dbt.py
[2026-07-03T09:01:59.173+0000] {logging_mixin.py:188} INFO - [2026-07-03T09:01:59.173+0000] {dag.py:3096} INFO - Sync 1 DAGs
[2026-07-03T09:01:59.210+0000] {logging_mixin.py:188} INFO - [2026-07-03T09:01:59.209+0000] {dag.py:3954} INFO - Setting next_dagrun for gold_dbt_dag to None, run_after=None
[2026-07-03T09:01:59.236+0000] {processor.py:183} INFO - Processing /opt/airflow/dags/dag_gold_dbt.py took 0.199 seconds
[2026-07-03T09:18:17.759+0000] {processor.py:161} INFO - Started process (PID=6418) to work on /opt/airflow/dags/dag_gold_dbt.py
[2026-07-03T09:18:17.763+0000] {processor.py:830} INFO - Processing file /opt/airflow/dags/dag_gold_dbt.py for tasks to queue
[2026-07-03T09:18:17.766+0000] {logging_mixin.py:188} INFO - [2026-07-03T09:18:17.766+0000] {dagbag.py:545} INFO - Filling up the DagBag from /opt/airflow/dags/dag_gold_dbt.py
[2026-07-03T09:18:17.796+0000] {processor.py:840} INFO - DAG(s) 'gold_dbt_dag' retrieved from /opt/airflow/dags/dag_gold_dbt.py
[2026-07-03T09:18:17.833+0000] {logging_mixin.py:188} INFO - [2026-07-03T09:18:17.832+0000] {dag.py:3096} INFO - Sync 1 DAGs
[2026-07-03T09:18:17.858+0000] {logging_mixin.py:188} INFO - [2026-07-03T09:18:17.858+0000] {dag.py:3954} INFO - Setting next_dagrun for gold_dbt_dag to None, run_after=None
[2026-07-03T09:18:17.879+0000] {processor.py:183} INFO - Processing /opt/airflow/dags/dag_gold_dbt.py took 0.127 seconds
[2026-07-03T09:35:02.016+0000] {processor.py:161} INFO - Started process (PID=6456) to work on /opt/airflow/dags/dag_gold_dbt.py
[2026-07-03T09:35:02.017+0000] {processor.py:830} INFO - Processing file /opt/airflow/dags/dag_gold_dbt.py for tasks to queue
[2026-07-03T09:35:02.021+0000] {logging_mixin.py:188} INFO - [2026-07-03T09:35:02.020+0000] {dagbag.py:545} INFO - Filling up the DagBag from /opt/airflow/dags/dag_gold_dbt.py
[2026-07-03T09:35:02.047+0000] {processor.py:840} INFO - DAG(s) 'gold_dbt_dag' retrieved from /opt/airflow/dags/dag_gold_dbt.py
[2026-07-03T09:35:02.075+0000] {logging_mixin.py:188} INFO - [2026-07-03T09:35:02.074+0000] {dag.py:3096} INFO - Sync 1 DAGs
[2026-07-03T09:35:02.099+0000] {logging_mixin.py:188} INFO - [2026-07-03T09:35:02.099+0000] {dag.py:3954} INFO - Setting next_dagrun for gold_dbt_dag to None, run_after=None
[2026-07-03T09:35:02.111+0000] {processor.py:183} INFO - Processing /opt/airflow/dags/dag_gold_dbt.py took 0.100 seconds
[2026-07-03T09:35:32.950+0000] {processor.py:161} INFO - Started process (PID=6493) to work on /opt/airflow/dags/dag_gold_dbt.py
[2026-07-03T09:35:32.952+0000] {processor.py:830} INFO - Processing file /opt/airflow/dags/dag_gold_dbt.py for tasks to queue
[2026-07-03T09:35:32.955+0000] {logging_mixin.py:188} INFO - [2026-07-03T09:35:32.954+0000] {dagbag.py:545} INFO - Filling up the DagBag from /opt/airflow/dags/dag_gold_dbt.py
[2026-07-03T09:35:32.979+0000] {processor.py:840} INFO - DAG(s) 'gold_dbt_dag' retrieved from /opt/airflow/dags/dag_gold_dbt.py
[2026-07-03T09:35:33.009+0000] {logging_mixin.py:188} INFO - [2026-07-03T09:35:33.009+0000] {dag.py:3096} INFO - Sync 1 DAGs
[2026-07-03T09:35:33.036+0000] {logging_mixin.py:188} INFO - [2026-07-03T09:35:33.036+0000] {dag.py:3954} INFO - Setting next_dagrun for gold_dbt_dag to None, run_after=None
[2026-07-03T09:35:33.052+0000] {processor.py:183} INFO - Processing /opt/airflow/dags/dag_gold_dbt.py took 0.110 seconds
[2026-07-03T09:51:37.352+0000] {processor.py:161} INFO - Started process (PID=6530) to work on /opt/airflow/dags/dag_gold_dbt.py
[2026-07-03T09:51:37.355+0000] {processor.py:830} INFO - Processing file /opt/airflow/dags/dag_gold_dbt.py for tasks to queue
[2026-07-03T09:51:37.358+0000] {logging_mixin.py:188} INFO - [2026-07-03T09:51:37.357+0000] {dagbag.py:545} INFO - Filling up the DagBag from /opt/airflow/dags/dag_gold_dbt.py
[2026-07-03T09:51:37.380+0000] {processor.py:840} INFO - DAG(s) 'gold_dbt_dag' retrieved from /opt/airflow/dags/dag_gold_dbt.py
[2026-07-03T09:51:37.421+0000] {logging_mixin.py:188} INFO - [2026-07-03T09:51:37.421+0000] {dag.py:3096} INFO - Sync 1 DAGs
[2026-07-03T09:51:37.447+0000] {logging_mixin.py:188} INFO - [2026-07-03T09:51:37.446+0000] {dag.py:3954} INFO - Setting next_dagrun for gold_dbt_dag to None, run_after=None
[2026-07-03T09:51:37.464+0000] {processor.py:183} INFO - Processing /opt/airflow/dags/dag_gold_dbt.py took 0.118 seconds
[2026-07-03T10:02:03.759+0000] {processor.py:161} INFO - Started process (PID=6567) to work on /opt/airflow/dags/dag_gold_dbt.py
[2026-07-03T10:02:03.760+0000] {processor.py:830} INFO - Processing file /opt/airflow/dags/dag_gold_dbt.py for tasks to queue
[2026-07-03T10:02:03.764+0000] {logging_mixin.py:188} INFO - [2026-07-03T10:02:03.764+0000] {dagbag.py:545} INFO - Filling up the DagBag from /opt/airflow/dags/dag_gold_dbt.py
[2026-07-03T10:02:03.791+0000] {processor.py:840} INFO - DAG(s) 'gold_dbt_dag' retrieved from /opt/airflow/dags/dag_gold_dbt.py
[2026-07-03T10:02:03.813+0000] {logging_mixin.py:188} INFO - [2026-07-03T10:02:03.812+0000] {dag.py:3096} INFO - Sync 1 DAGs
[2026-07-03T10:02:03.831+0000] {logging_mixin.py:188} INFO - [2026-07-03T10:02:03.831+0000] {dag.py:3954} INFO - Setting next_dagrun for gold_dbt_dag to None, run_after=None
[2026-07-03T10:02:03.851+0000] {processor.py:183} INFO - Processing /opt/airflow/dags/dag_gold_dbt.py took 0.097 seconds
[2026-07-03T10:02:34.766+0000] {processor.py:161} INFO - Started process (PID=7165) to work on /opt/airflow/dags/dag_gold_dbt.py
[2026-07-03T10:02:34.767+0000] {processor.py:830} INFO - Processing file /opt/airflow/dags/dag_gold_dbt.py for tasks to queue
[2026-07-03T10:02:34.769+0000] {logging_mixin.py:188} INFO - [2026-07-03T10:02:34.769+0000] {dagbag.py:545} INFO - Filling up the DagBag from /opt/airflow/dags/dag_gold_dbt.py
[2026-07-03T10:02:34.786+0000] {processor.py:840} INFO - DAG(s) 'gold_dbt_dag' retrieved from /opt/airflow/dags/dag_gold_dbt.py
[2026-07-03T10:02:34.805+0000] {logging_mixin.py:188} INFO - [2026-07-03T10:02:34.805+0000] {dag.py:3096} INFO - Sync 1 DAGs
[2026-07-03T10:02:34.825+0000] {logging_mixin.py:188} INFO - [2026-07-03T10:02:34.824+0000] {dag.py:3954} INFO - Setting next_dagrun for gold_dbt_dag to None, run_after=None
[2026-07-03T10:02:34.841+0000] {processor.py:183} INFO - Processing /opt/airflow/dags/dag_gold_dbt.py took 0.087 seconds
[2026-07-03T10:17:58.416+0000] {processor.py:161} INFO - Started process (PID=7201) to work on /opt/airflow/dags/dag_gold_dbt.py
[2026-07-03T10:17:58.417+0000] {processor.py:830} INFO - Processing file /opt/airflow/dags/dag_gold_dbt.py for tasks to queue
[2026-07-03T10:17:58.420+0000] {logging_mixin.py:188} INFO - [2026-07-03T10:17:58.420+0000] {dagbag.py:545} INFO - Filling up the DagBag from /opt/airflow/dags/dag_gold_dbt.py
[2026-07-03T10:17:58.447+0000] {processor.py:840} INFO - DAG(s) 'gold_dbt_dag' retrieved from /opt/airflow/dags/dag_gold_dbt.py
[2026-07-03T10:17:58.478+0000] {logging_mixin.py:188} INFO - [2026-07-03T10:17:58.477+0000] {dag.py:3096} INFO - Sync 1 DAGs
[2026-07-03T10:17:58.507+0000] {logging_mixin.py:188} INFO - [2026-07-03T10:17:58.507+0000] {dag.py:3954} INFO - Setting next_dagrun for gold_dbt_dag to None, run_after=None
[2026-07-03T10:17:58.524+0000] {processor.py:183} INFO - Processing /opt/airflow/dags/dag_gold_dbt.py took 0.114 seconds
[2026-07-03T10:18:29.421+0000] {processor.py:161} INFO - Started process (PID=7240) to work on /opt/airflow/dags/dag_gold_dbt.py
[2026-07-03T10:18:29.423+0000] {processor.py:830} INFO - Processing file /opt/airflow/dags/dag_gold_dbt.py for tasks to queue
[2026-07-03T10:18:29.426+0000] {logging_mixin.py:188} INFO - [2026-07-03T10:18:29.426+0000] {dagbag.py:545} INFO - Filling up the DagBag from /opt/airflow/dags/dag_gold_dbt.py
[2026-07-03T10:18:29.442+0000] {processor.py:840} INFO - DAG(s) 'gold_dbt_dag' retrieved from /opt/airflow/dags/dag_gold_dbt.py
[2026-07-03T10:18:29.462+0000] {logging_mixin.py:188} INFO - [2026-07-03T10:18:29.462+0000] {dag.py:3096} INFO - Sync 1 DAGs
[2026-07-03T10:18:29.483+0000] {logging_mixin.py:188} INFO - [2026-07-03T10:18:29.483+0000] {dag.py:3954} INFO - Setting next_dagrun for gold_dbt_dag to None, run_after=None
[2026-07-03T10:18:29.501+0000] {processor.py:183} INFO - Processing /opt/airflow/dags/dag_gold_dbt.py took 0.086 seconds
[2026-07-03T10:35:13.457+0000] {processor.py:161} INFO - Started process (PID=7276) to work on /opt/airflow/dags/dag_gold_dbt.py
[2026-07-03T10:35:13.458+0000] {processor.py:830} INFO - Processing file /opt/airflow/dags/dag_gold_dbt.py for tasks to queue
[2026-07-03T10:35:13.460+0000] {logging_mixin.py:188} INFO - [2026-07-03T10:35:13.460+0000] {dagbag.py:545} INFO - Filling up the DagBag from /opt/airflow/dags/dag_gold_dbt.py
[2026-07-03T10:35:13.483+0000] {processor.py:840} INFO - DAG(s) 'gold_dbt_dag' retrieved from /opt/airflow/dags/dag_gold_dbt.py
[2026-07-03T10:35:13.516+0000] {logging_mixin.py:188} INFO - [2026-07-03T10:35:13.516+0000] {dag.py:3096} INFO - Sync 1 DAGs
[2026-07-03T10:35:13.537+0000] {logging_mixin.py:188} INFO - [2026-07-03T10:35:13.537+0000] {dag.py:3954} INFO - Setting next_dagrun for gold_dbt_dag to None, run_after=None
[2026-07-03T10:35:13.553+0000] {processor.py:183} INFO - Processing /opt/airflow/dags/dag_gold_dbt.py took 0.099 seconds
[2026-07-03T10:50:50.695+0000] {processor.py:161} INFO - Started process (PID=7314) to work on /opt/airflow/dags/dag_gold_dbt.py
[2026-07-03T10:50:50.699+0000] {processor.py:830} INFO - Processing file /opt/airflow/dags/dag_gold_dbt.py for tasks to queue
[2026-07-03T10:50:50.708+0000] {logging_mixin.py:188} INFO - [2026-07-03T10:50:50.707+0000] {dagbag.py:545} INFO - Filling up the DagBag from /opt/airflow/dags/dag_gold_dbt.py
[2026-07-03T10:50:50.760+0000] {processor.py:840} INFO - DAG(s) 'gold_dbt_dag' retrieved from /opt/airflow/dags/dag_gold_dbt.py
[2026-07-03T10:50:50.807+0000] {logging_mixin.py:188} INFO - [2026-07-03T10:50:50.807+0000] {dag.py:3096} INFO - Sync 1 DAGs
[2026-07-03T10:50:50.836+0000] {logging_mixin.py:188} INFO - [2026-07-03T10:50:50.836+0000] {dag.py:3954} INFO - Setting next_dagrun for gold_dbt_dag to None, run_after=None
[2026-07-03T10:50:50.850+0000] {processor.py:183} INFO - Processing /opt/airflow/dags/dag_gold_dbt.py took 0.171 seconds
[2026-07-03T10:51:21.826+0000] {processor.py:161} INFO - Started process (PID=7350) to work on /opt/airflow/dags/dag_gold_dbt.py
[2026-07-03T10:51:21.828+0000] {processor.py:830} INFO - Processing file /opt/airflow/dags/dag_gold_dbt.py for tasks to queue
[2026-07-03T10:51:21.832+0000] {logging_mixin.py:188} INFO - [2026-07-03T10:51:21.831+0000] {dagbag.py:545} INFO - Filling up the DagBag from /opt/airflow/dags/dag_gold_dbt.py
[2026-07-03T10:51:21.854+0000] {processor.py:840} INFO - DAG(s) 'gold_dbt_dag' retrieved from /opt/airflow/dags/dag_gold_dbt.py
[2026-07-03T10:51:21.902+0000] {logging_mixin.py:188} INFO - [2026-07-03T10:51:21.902+0000] {dag.py:3096} INFO - Sync 1 DAGs
[2026-07-03T10:51:21.917+0000] {logging_mixin.py:188} INFO - [2026-07-03T10:51:21.917+0000] {dag.py:3954} INFO - Setting next_dagrun for gold_dbt_dag to None, run_after=None
[2026-07-03T10:51:21.937+0000] {processor.py:183} INFO - Processing /opt/airflow/dags/dag_gold_dbt.py took 0.118 seconds
[2026-07-03T10:51:52.784+0000] {processor.py:161} INFO - Started process (PID=7387) to work on /opt/airflow/dags/dag_gold_dbt.py
[2026-07-03T10:51:52.786+0000] {processor.py:830} INFO - Processing file /opt/airflow/dags/dag_gold_dbt.py for tasks to queue
[2026-07-03T10:51:52.794+0000] {logging_mixin.py:188} INFO - [2026-07-03T10:51:52.794+0000] {dagbag.py:545} INFO - Filling up the DagBag from /opt/airflow/dags/dag_gold_dbt.py
[2026-07-03T10:51:52.819+0000] {processor.py:840} INFO - DAG(s) 'gold_dbt_dag' retrieved from /opt/airflow/dags/dag_gold_dbt.py
[2026-07-03T10:51:52.855+0000] {logging_mixin.py:188} INFO - [2026-07-03T10:51:52.855+0000] {dag.py:3096} INFO - Sync 1 DAGs
[2026-07-03T10:51:52.880+0000] {logging_mixin.py:188} INFO - [2026-07-03T10:51:52.880+0000] {dag.py:3954} INFO - Setting next_dagrun for gold_dbt_dag to None, run_after=None
[2026-07-03T10:51:52.906+0000] {processor.py:183} INFO - Processing /opt/airflow/dags/dag_gold_dbt.py took 0.131 seconds
[2026-07-03T11:03:25.208+0000] {processor.py:161} INFO - Started process (PID=7425) to work on /opt/airflow/dags/dag_gold_dbt.py
[2026-07-03T11:03:25.211+0000] {processor.py:830} INFO - Processing file /opt/airflow/dags/dag_gold_dbt.py for tasks to queue
[2026-07-03T11:03:25.216+0000] {logging_mixin.py:188} INFO - [2026-07-03T11:03:25.214+0000] {dagbag.py:545} INFO - Filling up the DagBag from /opt/airflow/dags/dag_gold_dbt.py
[2026-07-03T11:03:25.247+0000] {processor.py:840} INFO - DAG(s) 'gold_dbt_dag' retrieved from /opt/airflow/dags/dag_gold_dbt.py
[2026-07-03T11:03:25.308+0000] {logging_mixin.py:188} INFO - [2026-07-03T11:03:25.308+0000] {dag.py:3096} INFO - Sync 1 DAGs
[2026-07-03T11:03:25.332+0000] {logging_mixin.py:188} INFO - [2026-07-03T11:03:25.332+0000] {dag.py:3954} INFO - Setting next_dagrun for gold_dbt_dag to None, run_after=None
[2026-07-03T11:03:25.346+0000] {processor.py:183} INFO - Processing /opt/airflow/dags/dag_gold_dbt.py took 0.153 seconds
[2026-07-03T11:03:56.413+0000] {processor.py:161} INFO - Started process (PID=8024) to work on /opt/airflow/dags/dag_gold_dbt.py
[2026-07-03T11:03:56.415+0000] {processor.py:830} INFO - Processing file /opt/airflow/dags/dag_gold_dbt.py for tasks to queue
[2026-07-03T11:03:56.417+0000] {logging_mixin.py:188} INFO - [2026-07-03T11:03:56.417+0000] {dagbag.py:545} INFO - Filling up the DagBag from /opt/airflow/dags/dag_gold_dbt.py
[2026-07-03T11:03:56.435+0000] {processor.py:840} INFO - DAG(s) 'gold_dbt_dag' retrieved from /opt/airflow/dags/dag_gold_dbt.py
[2026-07-03T11:03:56.462+0000] {logging_mixin.py:188} INFO - [2026-07-03T11:03:56.461+0000] {dag.py:3096} INFO - Sync 1 DAGs
[2026-07-03T11:03:56.477+0000] {logging_mixin.py:188} INFO - [2026-07-03T11:03:56.477+0000] {dag.py:3954} INFO - Setting next_dagrun for gold_dbt_dag to None, run_after=None
[2026-07-03T11:03:56.496+0000] {processor.py:183} INFO - Processing /opt/airflow/dags/dag_gold_dbt.py took 0.092 seconds
[2026-07-03T11:04:27.500+0000] {processor.py:161} INFO - Started process (PID=8059) to work on /opt/airflow/dags/dag_gold_dbt.py
[2026-07-03T11:04:27.503+0000] {processor.py:830} INFO - Processing file /opt/airflow/dags/dag_gold_dbt.py for tasks to queue
[2026-07-03T11:04:27.505+0000] {logging_mixin.py:188} INFO - [2026-07-03T11:04:27.505+0000] {dagbag.py:545} INFO - Filling up the DagBag from /opt/airflow/dags/dag_gold_dbt.py
[2026-07-03T11:04:27.537+0000] {processor.py:840} INFO - DAG(s) 'gold_dbt_dag' retrieved from /opt/airflow/dags/dag_gold_dbt.py
[2026-07-03T11:04:27.570+0000] {logging_mixin.py:188} INFO - [2026-07-03T11:04:27.570+0000] {dag.py:3096} INFO - Sync 1 DAGs
[2026-07-03T11:04:27.592+0000] {logging_mixin.py:188} INFO - [2026-07-03T11:04:27.592+0000] {dag.py:3954} INFO - Setting next_dagrun for gold_dbt_dag to None, run_after=None
[2026-07-03T11:04:27.613+0000] {processor.py:183} INFO - Processing /opt/airflow/dags/dag_gold_dbt.py took 0.121 seconds
[2026-07-03T11:04:58.554+0000] {processor.py:161} INFO - Started process (PID=8098) to work on /opt/airflow/dags/dag_gold_dbt.py
[2026-07-03T11:04:58.556+0000] {processor.py:830} INFO - Processing file /opt/airflow/dags/dag_gold_dbt.py for tasks to queue
[2026-07-03T11:04:58.559+0000] {logging_mixin.py:188} INFO - [2026-07-03T11:04:58.559+0000] {dagbag.py:545} INFO - Filling up the DagBag from /opt/airflow/dags/dag_gold_dbt.py
[2026-07-03T11:04:58.578+0000] {processor.py:840} INFO - DAG(s) 'gold_dbt_dag' retrieved from /opt/airflow/dags/dag_gold_dbt.py
[2026-07-03T11:04:58.598+0000] {logging_mixin.py:188} INFO - [2026-07-03T11:04:58.598+0000] {dag.py:3096} INFO - Sync 1 DAGs
[2026-07-03T11:04:58.611+0000] {logging_mixin.py:188} INFO - [2026-07-03T11:04:58.610+0000] {dag.py:3954} INFO - Setting next_dagrun for gold_dbt_dag to None, run_after=None
[2026-07-03T11:04:58.620+0000] {processor.py:183} INFO - Processing /opt/airflow/dags/dag_gold_dbt.py took 0.072 seconds
[2026-07-03T11:05:29.443+0000] {processor.py:161} INFO - Started process (PID=8134) to work on /opt/airflow/dags/dag_gold_dbt.py
[2026-07-03T11:05:29.447+0000] {processor.py:830} INFO - Processing file /opt/airflow/dags/dag_gold_dbt.py for tasks to queue
[2026-07-03T11:05:29.451+0000] {logging_mixin.py:188} INFO - [2026-07-03T11:05:29.450+0000] {dagbag.py:545} INFO - Filling up the DagBag from /opt/airflow/dags/dag_gold_dbt.py
[2026-07-03T11:05:29.480+0000] {processor.py:840} INFO - DAG(s) 'gold_dbt_dag' retrieved from /opt/airflow/dags/dag_gold_dbt.py
[2026-07-03T11:05:29.515+0000] {logging_mixin.py:188} INFO - [2026-07-03T11:05:29.515+0000] {dag.py:3096} INFO - Sync 1 DAGs
[2026-07-03T11:05:29.540+0000] {logging_mixin.py:188} INFO - [2026-07-03T11:05:29.540+0000] {dag.py:3954} INFO - Setting next_dagrun for gold_dbt_dag to None, run_after=None
[2026-07-03T11:05:29.562+0000] {processor.py:183} INFO - Processing /opt/airflow/dags/dag_gold_dbt.py took 0.133 seconds
[2026-07-03T11:06:00.465+0000] {processor.py:161} INFO - Started process (PID=8172) to work on /opt/airflow/dags/dag_gold_dbt.py
[2026-07-03T11:06:00.466+0000] {processor.py:830} INFO - Processing file /opt/airflow/dags/dag_gold_dbt.py for tasks to queue
[2026-07-03T11:06:00.469+0000] {logging_mixin.py:188} INFO - [2026-07-03T11:06:00.469+0000] {dagbag.py:545} INFO - Filling up the DagBag from /opt/airflow/dags/dag_gold_dbt.py
[2026-07-03T11:06:00.492+0000] {processor.py:840} INFO - DAG(s) 'gold_dbt_dag' retrieved from /opt/airflow/dags/dag_gold_dbt.py
[2026-07-03T11:06:00.521+0000] {logging_mixin.py:188} INFO - [2026-07-03T11:06:00.521+0000] {dag.py:3096} INFO - Sync 1 DAGs
[2026-07-03T11:06:00.535+0000] {logging_mixin.py:188} INFO - [2026-07-03T11:06:00.535+0000] {dag.py:3954} INFO - Setting next_dagrun for gold_dbt_dag to None, run_after=None
[2026-07-03T11:06:00.553+0000] {processor.py:183} INFO - Processing /opt/airflow/dags/dag_gold_dbt.py took 0.094 seconds
[2026-07-03T11:06:31.358+0000] {processor.py:161} INFO - Started process (PID=8208) to work on /opt/airflow/dags/dag_gold_dbt.py
[2026-07-03T11:06:31.361+0000] {processor.py:830} INFO - Processing file /opt/airflow/dags/dag_gold_dbt.py for tasks to queue
[2026-07-03T11:06:31.367+0000] {logging_mixin.py:188} INFO - [2026-07-03T11:06:31.365+0000] {dagbag.py:545} INFO - Filling up the DagBag from /opt/airflow/dags/dag_gold_dbt.py
[2026-07-03T11:06:31.400+0000] {processor.py:840} INFO - DAG(s) 'gold_dbt_dag' retrieved from /opt/airflow/dags/dag_gold_dbt.py
[2026-07-03T11:06:31.432+0000] {logging_mixin.py:188} INFO - [2026-07-03T11:06:31.432+0000] {dag.py:3096} INFO - Sync 1 DAGs
[2026-07-03T11:06:31.463+0000] {logging_mixin.py:188} INFO - [2026-07-03T11:06:31.462+0000] {dag.py:3954} INFO - Setting next_dagrun for gold_dbt_dag to None, run_after=None
[2026-07-03T11:06:31.485+0000] {processor.py:183} INFO - Processing /opt/airflow/dags/dag_gold_dbt.py took 0.133 seconds
[2026-07-03T11:07:02.500+0000] {processor.py:161} INFO - Started process (PID=8245) to work on /opt/airflow/dags/dag_gold_dbt.py
[2026-07-03T11:07:02.504+0000] {processor.py:830} INFO - Processing file /opt/airflow/dags/dag_gold_dbt.py for tasks to queue
[2026-07-03T11:07:02.518+0000] {logging_mixin.py:188} INFO - [2026-07-03T11:07:02.517+0000] {dagbag.py:545} INFO - Filling up the DagBag from /opt/airflow/dags/dag_gold_dbt.py
[2026-07-03T11:07:02.558+0000] {processor.py:840} INFO - DAG(s) 'gold_dbt_dag' retrieved from /opt/airflow/dags/dag_gold_dbt.py
[2026-07-03T11:07:02.622+0000] {logging_mixin.py:188} INFO - [2026-07-03T11:07:02.621+0000] {dag.py:3096} INFO - Sync 1 DAGs
[2026-07-03T11:07:02.658+0000] {logging_mixin.py:188} INFO - [2026-07-03T11:07:02.658+0000] {dag.py:3954} INFO - Setting next_dagrun for gold_dbt_dag to None, run_after=None
[2026-07-03T11:07:02.674+0000] {processor.py:183} INFO - Processing /opt/airflow/dags/dag_gold_dbt.py took 0.191 seconds
[2026-07-03T11:07:33.581+0000] {processor.py:161} INFO - Started process (PID=8282) to work on /opt/airflow/dags/dag_gold_dbt.py
[2026-07-03T11:07:33.583+0000] {processor.py:830} INFO - Processing file /opt/airflow/dags/dag_gold_dbt.py for tasks to queue
[2026-07-03T11:07:33.587+0000] {logging_mixin.py:188} INFO - [2026-07-03T11:07:33.587+0000] {dagbag.py:545} INFO - Filling up the DagBag from /opt/airflow/dags/dag_gold_dbt.py
[2026-07-03T11:07:33.604+0000] {processor.py:840} INFO - DAG(s) 'gold_dbt_dag' retrieved from /opt/airflow/dags/dag_gold_dbt.py
[2026-07-03T11:07:33.629+0000] {logging_mixin.py:188} INFO - [2026-07-03T11:07:33.629+0000] {dag.py:3096} INFO - Sync 1 DAGs
[2026-07-03T11:07:33.651+0000] {logging_mixin.py:188} INFO - [2026-07-03T11:07:33.651+0000] {dag.py:3954} INFO - Setting next_dagrun for gold_dbt_dag to None, run_after=None
[2026-07-03T11:07:33.664+0000] {processor.py:183} INFO - Processing /opt/airflow/dags/dag_gold_dbt.py took 0.093 seconds
[2026-07-03T11:08:04.565+0000] {processor.py:161} INFO - Started process (PID=8319) to work on /opt/airflow/dags/dag_gold_dbt.py
[2026-07-03T11:08:04.566+0000] {processor.py:830} INFO - Processing file /opt/airflow/dags/dag_gold_dbt.py for tasks to queue
[2026-07-03T11:08:04.572+0000] {logging_mixin.py:188} INFO - [2026-07-03T11:08:04.571+0000] {dagbag.py:545} INFO - Filling up the DagBag from /opt/airflow/dags/dag_gold_dbt.py
[2026-07-03T11:08:04.592+0000] {processor.py:840} INFO - DAG(s) 'gold_dbt_dag' retrieved from /opt/airflow/dags/dag_gold_dbt.py
[2026-07-03T11:08:04.632+0000] {logging_mixin.py:188} INFO - [2026-07-03T11:08:04.632+0000] {dag.py:3096} INFO - Sync 1 DAGs
[2026-07-03T11:08:04.664+0000] {logging_mixin.py:188} INFO - [2026-07-03T11:08:04.664+0000] {dag.py:3954} INFO - Setting next_dagrun for gold_dbt_dag to None, run_after=None
[2026-07-03T11:08:04.685+0000] {processor.py:183} INFO - Processing /opt/airflow/dags/dag_gold_dbt.py took 0.128 seconds
[2026-07-03T11:08:35.708+0000] {processor.py:161} INFO - Started process (PID=8355) to work on /opt/airflow/dags/dag_gold_dbt.py
[2026-07-03T11:08:35.708+0000] {processor.py:830} INFO - Processing file /opt/airflow/dags/dag_gold_dbt.py for tasks to queue
[2026-07-03T11:08:35.713+0000] {logging_mixin.py:188} INFO - [2026-07-03T11:08:35.712+0000] {dagbag.py:545} INFO - Filling up the DagBag from /opt/airflow/dags/dag_gold_dbt.py
[2026-07-03T11:08:35.735+0000] {processor.py:840} INFO - DAG(s) 'gold_dbt_dag' retrieved from /opt/airflow/dags/dag_gold_dbt.py
[2026-07-03T11:08:35.773+0000] {logging_mixin.py:188} INFO - [2026-07-03T11:08:35.773+0000] {dag.py:3096} INFO - Sync 1 DAGs
[2026-07-03T11:08:35.794+0000] {logging_mixin.py:188} INFO - [2026-07-03T11:08:35.794+0000] {dag.py:3954} INFO - Setting next_dagrun for gold_dbt_dag to None, run_after=None
[2026-07-03T11:08:35.821+0000] {processor.py:183} INFO - Processing /opt/airflow/dags/dag_gold_dbt.py took 0.132 seconds
[2026-07-03T11:09:06.833+0000] {processor.py:161} INFO - Started process (PID=8393) to work on /opt/airflow/dags/dag_gold_dbt.py
[2026-07-03T11:09:06.835+0000] {processor.py:830} INFO - Processing file /opt/airflow/dags/dag_gold_dbt.py for tasks to queue
[2026-07-03T11:09:06.839+0000] {logging_mixin.py:188} INFO - [2026-07-03T11:09:06.838+0000] {dagbag.py:545} INFO - Filling up the DagBag from /opt/airflow/dags/dag_gold_dbt.py
[2026-07-03T11:09:06.872+0000] {processor.py:840} INFO - DAG(s) 'gold_dbt_dag' retrieved from /opt/airflow/dags/dag_gold_dbt.py
[2026-07-03T11:09:06.906+0000] {logging_mixin.py:188} INFO - [2026-07-03T11:09:06.906+0000] {dag.py:3096} INFO - Sync 1 DAGs
[2026-07-03T11:09:06.935+0000] {logging_mixin.py:188} INFO - [2026-07-03T11:09:06.935+0000] {dag.py:3954} INFO - Setting next_dagrun for gold_dbt_dag to None, run_after=None
[2026-07-03T11:09:06.951+0000] {processor.py:183} INFO - Processing /opt/airflow/dags/dag_gold_dbt.py took 0.126 seconds
[2026-07-03T11:09:37.884+0000] {processor.py:161} INFO - Started process (PID=8431) to work on /opt/airflow/dags/dag_gold_dbt.py
[2026-07-03T11:09:37.885+0000] {processor.py:830} INFO - Processing file /opt/airflow/dags/dag_gold_dbt.py for tasks to queue
[2026-07-03T11:09:37.887+0000] {logging_mixin.py:188} INFO - [2026-07-03T11:09:37.887+0000] {dagbag.py:545} INFO - Filling up the DagBag from /opt/airflow/dags/dag_gold_dbt.py
[2026-07-03T11:09:37.907+0000] {processor.py:840} INFO - DAG(s) 'gold_dbt_dag' retrieved from /opt/airflow/dags/dag_gold_dbt.py
[2026-07-03T11:09:37.935+0000] {logging_mixin.py:188} INFO - [2026-07-03T11:09:37.935+0000] {dag.py:3096} INFO - Sync 1 DAGs
[2026-07-03T11:09:37.954+0000] {logging_mixin.py:188} INFO - [2026-07-03T11:09:37.954+0000] {dag.py:3954} INFO - Setting next_dagrun for gold_dbt_dag to None, run_after=None
[2026-07-03T11:09:37.971+0000] {processor.py:183} INFO - Processing /opt/airflow/dags/dag_gold_dbt.py took 0.095 seconds
[2026-07-03T11:10:08.790+0000] {processor.py:161} INFO - Started process (PID=8468) to work on /opt/airflow/dags/dag_gold_dbt.py
[2026-07-03T11:10:08.791+0000] {processor.py:830} INFO - Processing file /opt/airflow/dags/dag_gold_dbt.py for tasks to queue
[2026-07-03T11:10:08.793+0000] {logging_mixin.py:188} INFO - [2026-07-03T11:10:08.792+0000] {dagbag.py:545} INFO - Filling up the DagBag from /opt/airflow/dags/dag_gold_dbt.py
[2026-07-03T11:10:08.816+0000] {processor.py:840} INFO - DAG(s) 'gold_dbt_dag' retrieved from /opt/airflow/dags/dag_gold_dbt.py
[2026-07-03T11:10:08.853+0000] {logging_mixin.py:188} INFO - [2026-07-03T11:10:08.852+0000] {dag.py:3096} INFO - Sync 1 DAGs
[2026-07-03T11:10:08.876+0000] {logging_mixin.py:188} INFO - [2026-07-03T11:10:08.876+0000] {dag.py:3954} INFO - Setting next_dagrun for gold_dbt_dag to None, run_after=None
[2026-07-03T11:10:08.898+0000] {processor.py:183} INFO - Processing /opt/airflow/dags/dag_gold_dbt.py took 0.125 seconds
[2026-07-03T11:10:38.967+0000] {processor.py:161} INFO - Started process (PID=8502) to work on /opt/airflow/dags/dag_gold_dbt.py
[2026-07-03T11:10:38.969+0000] {processor.py:830} INFO - Processing file /opt/airflow/dags/dag_gold_dbt.py for tasks to queue
[2026-07-03T11:10:38.975+0000] {logging_mixin.py:188} INFO - [2026-07-03T11:10:38.974+0000] {dagbag.py:545} INFO - Filling up the DagBag from /opt/airflow/dags/dag_gold_dbt.py
[2026-07-03T11:10:39.003+0000] {processor.py:840} INFO - DAG(s) 'gold_dbt_dag' retrieved from /opt/airflow/dags/dag_gold_dbt.py
[2026-07-03T11:10:39.030+0000] {logging_mixin.py:188} INFO - [2026-07-03T11:10:39.029+0000] {dag.py:3096} INFO - Sync 1 DAGs
[2026-07-03T11:10:39.050+0000] {logging_mixin.py:188} INFO - [2026-07-03T11:10:39.050+0000] {dag.py:3954} INFO - Setting next_dagrun for gold_dbt_dag to None, run_after=None
[2026-07-03T11:10:39.064+0000] {processor.py:183} INFO - Processing /opt/airflow/dags/dag_gold_dbt.py took 0.105 seconds
[2026-07-03T11:11:10.127+0000] {processor.py:161} INFO - Started process (PID=8539) to work on /opt/airflow/dags/dag_gold_dbt.py
[2026-07-03T11:11:10.128+0000] {processor.py:830} INFO - Processing file /opt/airflow/dags/dag_gold_dbt.py for tasks to queue
[2026-07-03T11:11:10.133+0000] {logging_mixin.py:188} INFO - [2026-07-03T11:11:10.132+0000] {dagbag.py:545} INFO - Filling up the DagBag from /opt/airflow/dags/dag_gold_dbt.py
[2026-07-03T11:11:10.155+0000] {processor.py:840} INFO - DAG(s) 'gold_dbt_dag' retrieved from /opt/airflow/dags/dag_gold_dbt.py
[2026-07-03T11:11:10.195+0000] {logging_mixin.py:188} INFO - [2026-07-03T11:11:10.195+0000] {dag.py:3096} INFO - Sync 1 DAGs
[2026-07-03T11:11:10.220+0000] {logging_mixin.py:188} INFO - [2026-07-03T11:11:10.220+0000] {dag.py:3954} INFO - Setting next_dagrun for gold_dbt_dag to None, run_after=None
[2026-07-03T11:11:10.237+0000] {processor.py:183} INFO - Processing /opt/airflow/dags/dag_gold_dbt.py took 0.124 seconds
[2026-07-03T11:11:41.259+0000] {processor.py:161} INFO - Started process (PID=8576) to work on /opt/airflow/dags/dag_gold_dbt.py
[2026-07-03T11:11:41.261+0000] {processor.py:830} INFO - Processing file /opt/airflow/dags/dag_gold_dbt.py for tasks to queue
[2026-07-03T11:11:41.263+0000] {logging_mixin.py:188} INFO - [2026-07-03T11:11:41.263+0000] {dagbag.py:545} INFO - Filling up the DagBag from /opt/airflow/dags/dag_gold_dbt.py
[2026-07-03T11:11:41.286+0000] {processor.py:840} INFO - DAG(s) 'gold_dbt_dag' retrieved from /opt/airflow/dags/dag_gold_dbt.py
[2026-07-03T11:11:41.320+0000] {logging_mixin.py:188} INFO - [2026-07-03T11:11:41.320+0000] {dag.py:3096} INFO - Sync 1 DAGs
[2026-07-03T11:11:41.336+0000] {logging_mixin.py:188} INFO - [2026-07-03T11:11:41.335+0000] {dag.py:3954} INFO - Setting next_dagrun for gold_dbt_dag to None, run_after=None
[2026-07-03T11:11:41.352+0000] {processor.py:183} INFO - Processing /opt/airflow/dags/dag_gold_dbt.py took 0.108 seconds
[2026-07-03T11:12:12.336+0000] {processor.py:161} INFO - Started process (PID=8613) to work on /opt/airflow/dags/dag_gold_dbt.py
[2026-07-03T11:12:12.338+0000] {processor.py:830} INFO - Processing file /opt/airflow/dags/dag_gold_dbt.py for tasks to queue
[2026-07-03T11:12:12.344+0000] {logging_mixin.py:188} INFO - [2026-07-03T11:12:12.343+0000] {dagbag.py:545} INFO - Filling up the DagBag from /opt/airflow/dags/dag_gold_dbt.py
[2026-07-03T11:12:12.373+0000] {processor.py:840} INFO - DAG(s) 'gold_dbt_dag' retrieved from /opt/airflow/dags/dag_gold_dbt.py
[2026-07-03T11:12:12.418+0000] {logging_mixin.py:188} INFO - [2026-07-03T11:12:12.418+0000] {dag.py:3096} INFO - Sync 1 DAGs
[2026-07-03T11:12:12.435+0000] {logging_mixin.py:188} INFO - [2026-07-03T11:12:12.435+0000] {dag.py:3954} INFO - Setting next_dagrun for gold_dbt_dag to None, run_after=None
[2026-07-03T11:12:12.452+0000] {processor.py:183} INFO - Processing /opt/airflow/dags/dag_gold_dbt.py took 0.131 seconds
[2026-07-03T11:12:43.314+0000] {processor.py:161} INFO - Started process (PID=8650) to work on /opt/airflow/dags/dag_gold_dbt.py
[2026-07-03T11:12:43.315+0000] {processor.py:830} INFO - Processing file /opt/airflow/dags/dag_gold_dbt.py for tasks to queue
[2026-07-03T11:12:43.317+0000] {logging_mixin.py:188} INFO - [2026-07-03T11:12:43.317+0000] {dagbag.py:545} INFO - Filling up the DagBag from /opt/airflow/dags/dag_gold_dbt.py
[2026-07-03T11:12:43.340+0000] {processor.py:840} INFO - DAG(s) 'gold_dbt_dag' retrieved from /opt/airflow/dags/dag_gold_dbt.py
[2026-07-03T11:12:43.363+0000] {logging_mixin.py:188} INFO - [2026-07-03T11:12:43.363+0000] {dag.py:3096} INFO - Sync 1 DAGs
[2026-07-03T11:12:43.384+0000] {logging_mixin.py:188} INFO - [2026-07-03T11:12:43.384+0000] {dag.py:3954} INFO - Setting next_dagrun for gold_dbt_dag to None, run_after=None
[2026-07-03T11:12:43.401+0000] {processor.py:183} INFO - Processing /opt/airflow/dags/dag_gold_dbt.py took 0.095 seconds
[2026-07-03T11:13:14.255+0000] {processor.py:161} INFO - Started process (PID=8687) to work on /opt/airflow/dags/dag_gold_dbt.py
[2026-07-03T11:13:14.257+0000] {processor.py:830} INFO - Processing file /opt/airflow/dags/dag_gold_dbt.py for tasks to queue
[2026-07-03T11:13:14.261+0000] {logging_mixin.py:188} INFO - [2026-07-03T11:13:14.261+0000] {dagbag.py:545} INFO - Filling up the DagBag from /opt/airflow/dags/dag_gold_dbt.py
[2026-07-03T11:13:14.287+0000] {processor.py:840} INFO - DAG(s) 'gold_dbt_dag' retrieved from /opt/airflow/dags/dag_gold_dbt.py
[2026-07-03T11:13:14.326+0000] {logging_mixin.py:188} INFO - [2026-07-03T11:13:14.326+0000] {dag.py:3096} INFO - Sync 1 DAGs
[2026-07-03T11:13:14.353+0000] {logging_mixin.py:188} INFO - [2026-07-03T11:13:14.353+0000] {dag.py:3954} INFO - Setting next_dagrun for gold_dbt_dag to None, run_after=None
[2026-07-03T11:13:14.370+0000] {processor.py:183} INFO - Processing /opt/airflow/dags/dag_gold_dbt.py took 0.125 seconds
[2026-07-03T11:13:45.312+0000] {processor.py:161} INFO - Started process (PID=8724) to work on /opt/airflow/dags/dag_gold_dbt.py
[2026-07-03T11:13:45.314+0000] {processor.py:830} INFO - Processing file /opt/airflow/dags/dag_gold_dbt.py for tasks to queue
[2026-07-03T11:13:45.318+0000] {logging_mixin.py:188} INFO - [2026-07-03T11:13:45.317+0000] {dagbag.py:545} INFO - Filling up the DagBag from /opt/airflow/dags/dag_gold_dbt.py
[2026-07-03T11:13:45.337+0000] {processor.py:840} INFO - DAG(s) 'gold_dbt_dag' retrieved from /opt/airflow/dags/dag_gold_dbt.py
[2026-07-03T11:13:45.363+0000] {logging_mixin.py:188} INFO - [2026-07-03T11:13:45.363+0000] {dag.py:3096} INFO - Sync 1 DAGs
[2026-07-03T11:13:45.389+0000] {logging_mixin.py:188} INFO - [2026-07-03T11:13:45.388+0000] {dag.py:3954} INFO - Setting next_dagrun for gold_dbt_dag to None, run_after=None
[2026-07-03T11:13:45.407+0000] {processor.py:183} INFO - Processing /opt/airflow/dags/dag_gold_dbt.py took 0.112 seconds
[2026-07-03T11:14:16.381+0000] {processor.py:161} INFO - Started process (PID=8761) to work on /opt/airflow/dags/dag_gold_dbt.py
[2026-07-03T11:14:16.383+0000] {processor.py:830} INFO - Processing file /opt/airflow/dags/dag_gold_dbt.py for tasks to queue
[2026-07-03T11:14:16.387+0000] {logging_mixin.py:188} INFO - [2026-07-03T11:14:16.385+0000] {dagbag.py:545} INFO - Filling up the DagBag from /opt/airflow/dags/dag_gold_dbt.py
[2026-07-03T11:14:16.416+0000] {processor.py:840} INFO - DAG(s) 'gold_dbt_dag' retrieved from /opt/airflow/dags/dag_gold_dbt.py
[2026-07-03T11:14:16.455+0000] {logging_mixin.py:188} INFO - [2026-07-03T11:14:16.455+0000] {dag.py:3096} INFO - Sync 1 DAGs
[2026-07-03T11:14:16.483+0000] {logging_mixin.py:188} INFO - [2026-07-03T11:14:16.483+0000] {dag.py:3954} INFO - Setting next_dagrun for gold_dbt_dag to None, run_after=None
[2026-07-03T11:14:16.504+0000] {processor.py:183} INFO - Processing /opt/airflow/dags/dag_gold_dbt.py took 0.134 seconds
[2026-07-03T11:14:47.540+0000] {processor.py:161} INFO - Started process (PID=8798) to work on /opt/airflow/dags/dag_gold_dbt.py
[2026-07-03T11:14:47.542+0000] {processor.py:830} INFO - Processing file /opt/airflow/dags/dag_gold_dbt.py for tasks to queue
[2026-07-03T11:14:47.544+0000] {logging_mixin.py:188} INFO - [2026-07-03T11:14:47.544+0000] {dagbag.py:545} INFO - Filling up the DagBag from /opt/airflow/dags/dag_gold_dbt.py
[2026-07-03T11:14:47.566+0000] {processor.py:840} INFO - DAG(s) 'gold_dbt_dag' retrieved from /opt/airflow/dags/dag_gold_dbt.py
[2026-07-03T11:14:47.590+0000] {logging_mixin.py:188} INFO - [2026-07-03T11:14:47.589+0000] {dag.py:3096} INFO - Sync 1 DAGs
[2026-07-03T11:14:47.603+0000] {logging_mixin.py:188} INFO - [2026-07-03T11:14:47.603+0000] {dag.py:3954} INFO - Setting next_dagrun for gold_dbt_dag to None, run_after=None
[2026-07-03T11:14:47.616+0000] {processor.py:183} INFO - Processing /opt/airflow/dags/dag_gold_dbt.py took 0.092 seconds
[2026-07-03T11:15:18.417+0000] {processor.py:161} INFO - Started process (PID=8835) to work on /opt/airflow/dags/dag_gold_dbt.py
[2026-07-03T11:15:18.418+0000] {processor.py:830} INFO - Processing file /opt/airflow/dags/dag_gold_dbt.py for tasks to queue
[2026-07-03T11:15:18.426+0000] {logging_mixin.py:188} INFO - [2026-07-03T11:15:18.422+0000] {dagbag.py:545} INFO - Filling up the DagBag from /opt/airflow/dags/dag_gold_dbt.py
[2026-07-03T11:15:18.457+0000] {processor.py:840} INFO - DAG(s) 'gold_dbt_dag' retrieved from /opt/airflow/dags/dag_gold_dbt.py
[2026-07-03T11:15:18.505+0000] {logging_mixin.py:188} INFO - [2026-07-03T11:15:18.505+0000] {dag.py:3096} INFO - Sync 1 DAGs
[2026-07-03T11:15:18.525+0000] {logging_mixin.py:188} INFO - [2026-07-03T11:15:18.525+0000] {dag.py:3954} INFO - Setting next_dagrun for gold_dbt_dag to None, run_after=None
[2026-07-03T11:15:18.547+0000] {processor.py:183} INFO - Processing /opt/airflow/dags/dag_gold_dbt.py took 0.145 seconds
[2026-07-03T11:15:49.379+0000] {processor.py:161} INFO - Started process (PID=8872) to work on /opt/airflow/dags/dag_gold_dbt.py
[2026-07-03T11:15:49.381+0000] {processor.py:830} INFO - Processing file /opt/airflow/dags/dag_gold_dbt.py for tasks to queue
[2026-07-03T11:15:49.382+0000] {logging_mixin.py:188} INFO - [2026-07-03T11:15:49.382+0000] {dagbag.py:545} INFO - Filling up the DagBag from /opt/airflow/dags/dag_gold_dbt.py
[2026-07-03T11:15:49.399+0000] {processor.py:840} INFO - DAG(s) 'gold_dbt_dag' retrieved from /opt/airflow/dags/dag_gold_dbt.py
[2026-07-03T11:15:49.419+0000] {logging_mixin.py:188} INFO - [2026-07-03T11:15:49.418+0000] {dag.py:3096} INFO - Sync 1 DAGs
[2026-07-03T11:15:49.432+0000] {logging_mixin.py:188} INFO - [2026-07-03T11:15:49.432+0000] {dag.py:3954} INFO - Setting next_dagrun for gold_dbt_dag to None, run_after=None
[2026-07-03T11:15:49.443+0000] {processor.py:183} INFO - Processing /opt/airflow/dags/dag_gold_dbt.py took 0.071 seconds
[2026-07-03T11:16:20.310+0000] {processor.py:161} INFO - Started process (PID=8909) to work on /opt/airflow/dags/dag_gold_dbt.py
[2026-07-03T11:16:20.312+0000] {processor.py:830} INFO - Processing file /opt/airflow/dags/dag_gold_dbt.py for tasks to queue
[2026-07-03T11:16:20.316+0000] {logging_mixin.py:188} INFO - [2026-07-03T11:16:20.316+0000] {dagbag.py:545} INFO - Filling up the DagBag from /opt/airflow/dags/dag_gold_dbt.py
[2026-07-03T11:16:20.342+0000] {processor.py:840} INFO - DAG(s) 'gold_dbt_dag' retrieved from /opt/airflow/dags/dag_gold_dbt.py
[2026-07-03T11:16:20.380+0000] {logging_mixin.py:188} INFO - [2026-07-03T11:16:20.380+0000] {dag.py:3096} INFO - Sync 1 DAGs
[2026-07-03T11:16:20.400+0000] {logging_mixin.py:188} INFO - [2026-07-03T11:16:20.400+0000] {dag.py:3954} INFO - Setting next_dagrun for gold_dbt_dag to None, run_after=None
[2026-07-03T11:16:20.426+0000] {processor.py:183} INFO - Processing /opt/airflow/dags/dag_gold_dbt.py took 0.128 seconds
[2026-07-03T11:16:51.210+0000] {processor.py:161} INFO - Started process (PID=8946) to work on /opt/airflow/dags/dag_gold_dbt.py
[2026-07-03T11:16:51.211+0000] {processor.py:830} INFO - Processing file /opt/airflow/dags/dag_gold_dbt.py for tasks to queue
[2026-07-03T11:16:51.212+0000] {logging_mixin.py:188} INFO - [2026-07-03T11:16:51.212+0000] {dagbag.py:545} INFO - Filling up the DagBag from /opt/airflow/dags/dag_gold_dbt.py
[2026-07-03T11:16:51.226+0000] {processor.py:840} INFO - DAG(s) 'gold_dbt_dag' retrieved from /opt/airflow/dags/dag_gold_dbt.py
[2026-07-03T11:16:51.246+0000] {logging_mixin.py:188} INFO - [2026-07-03T11:16:51.246+0000] {dag.py:3096} INFO - Sync 1 DAGs
[2026-07-03T11:16:51.257+0000] {logging_mixin.py:188} INFO - [2026-07-03T11:16:51.257+0000] {dag.py:3954} INFO - Setting next_dagrun for gold_dbt_dag to None, run_after=None
[2026-07-03T11:16:51.270+0000] {processor.py:183} INFO - Processing /opt/airflow/dags/dag_gold_dbt.py took 0.066 seconds
[2026-07-03T11:17:22.068+0000] {processor.py:161} INFO - Started process (PID=8983) to work on /opt/airflow/dags/dag_gold_dbt.py
[2026-07-03T11:17:22.073+0000] {processor.py:830} INFO - Processing file /opt/airflow/dags/dag_gold_dbt.py for tasks to queue
[2026-07-03T11:17:22.088+0000] {logging_mixin.py:188} INFO - [2026-07-03T11:17:22.088+0000] {dagbag.py:545} INFO - Filling up the DagBag from /opt/airflow/dags/dag_gold_dbt.py
[2026-07-03T11:17:22.107+0000] {processor.py:840} INFO - DAG(s) 'gold_dbt_dag' retrieved from /opt/airflow/dags/dag_gold_dbt.py
[2026-07-03T11:17:22.141+0000] {logging_mixin.py:188} INFO - [2026-07-03T11:17:22.141+0000] {dag.py:3096} INFO - Sync 1 DAGs
[2026-07-03T11:17:22.164+0000] {logging_mixin.py:188} INFO - [2026-07-03T11:17:22.164+0000] {dag.py:3954} INFO - Setting next_dagrun for gold_dbt_dag to None, run_after=None
[2026-07-03T11:17:22.182+0000] {processor.py:183} INFO - Processing /opt/airflow/dags/dag_gold_dbt.py took 0.121 seconds
[2026-07-03T11:17:53.031+0000] {processor.py:161} INFO - Started process (PID=9020) to work on /opt/airflow/dags/dag_gold_dbt.py
[2026-07-03T11:17:53.032+0000] {processor.py:830} INFO - Processing file /opt/airflow/dags/dag_gold_dbt.py for tasks to queue
[2026-07-03T11:17:53.033+0000] {logging_mixin.py:188} INFO - [2026-07-03T11:17:53.032+0000] {dagbag.py:545} INFO - Filling up the DagBag from /opt/airflow/dags/dag_gold_dbt.py
[2026-07-03T11:17:53.044+0000] {processor.py:840} INFO - DAG(s) 'gold_dbt_dag' retrieved from /opt/airflow/dags/dag_gold_dbt.py
[2026-07-03T11:17:53.064+0000] {logging_mixin.py:188} INFO - [2026-07-03T11:17:53.064+0000] {dag.py:3096} INFO - Sync 1 DAGs
[2026-07-03T11:17:53.076+0000] {logging_mixin.py:188} INFO - [2026-07-03T11:17:53.076+0000] {dag.py:3954} INFO - Setting next_dagrun for gold_dbt_dag to None, run_after=None
[2026-07-03T11:17:53.088+0000] {processor.py:183} INFO - Processing /opt/airflow/dags/dag_gold_dbt.py took 0.061 seconds
[2026-07-03T11:18:23.978+0000] {processor.py:161} INFO - Started process (PID=9057) to work on /opt/airflow/dags/dag_gold_dbt.py
[2026-07-03T11:18:23.979+0000] {processor.py:830} INFO - Processing file /opt/airflow/dags/dag_gold_dbt.py for tasks to queue
[2026-07-03T11:18:23.984+0000] {logging_mixin.py:188} INFO - [2026-07-03T11:18:23.984+0000] {dagbag.py:545} INFO - Filling up the DagBag from /opt/airflow/dags/dag_gold_dbt.py
[2026-07-03T11:18:24.013+0000] {processor.py:840} INFO - DAG(s) 'gold_dbt_dag' retrieved from /opt/airflow/dags/dag_gold_dbt.py
[2026-07-03T11:18:24.050+0000] {logging_mixin.py:188} INFO - [2026-07-03T11:18:24.050+0000] {dag.py:3096} INFO - Sync 1 DAGs
[2026-07-03T11:18:24.080+0000] {logging_mixin.py:188} INFO - [2026-07-03T11:18:24.080+0000] {dag.py:3954} INFO - Setting next_dagrun for gold_dbt_dag to None, run_after=None
[2026-07-03T11:18:24.098+0000] {processor.py:183} INFO - Processing /opt/airflow/dags/dag_gold_dbt.py took 0.140 seconds
[2026-07-03T11:34:13.397+0000] {processor.py:161} INFO - Started process (PID=9096) to work on /opt/airflow/dags/dag_gold_dbt.py
[2026-07-03T11:34:13.398+0000] {processor.py:830} INFO - Processing file /opt/airflow/dags/dag_gold_dbt.py for tasks to queue
[2026-07-03T11:34:13.401+0000] {logging_mixin.py:188} INFO - [2026-07-03T11:34:13.400+0000] {dagbag.py:545} INFO - Filling up the DagBag from /opt/airflow/dags/dag_gold_dbt.py
[2026-07-03T11:34:13.432+0000] {processor.py:840} INFO - DAG(s) 'gold_dbt_dag' retrieved from /opt/airflow/dags/dag_gold_dbt.py
[2026-07-03T11:34:13.465+0000] {logging_mixin.py:188} INFO - [2026-07-03T11:34:13.465+0000] {dag.py:3096} INFO - Sync 1 DAGs
[2026-07-03T11:34:13.481+0000] {logging_mixin.py:188} INFO - [2026-07-03T11:34:13.481+0000] {dag.py:3954} INFO - Setting next_dagrun for gold_dbt_dag to None, run_after=None
[2026-07-03T11:34:13.504+0000] {processor.py:183} INFO - Processing /opt/airflow/dags/dag_gold_dbt.py took 0.118 seconds
[2026-07-03T11:34:44.551+0000] {processor.py:161} INFO - Started process (PID=9133) to work on /opt/airflow/dags/dag_gold_dbt.py
[2026-07-03T11:34:44.552+0000] {processor.py:830} INFO - Processing file /opt/airflow/dags/dag_gold_dbt.py for tasks to queue
[2026-07-03T11:34:44.554+0000] {logging_mixin.py:188} INFO - [2026-07-03T11:34:44.554+0000] {dagbag.py:545} INFO - Filling up the DagBag from /opt/airflow/dags/dag_gold_dbt.py
[2026-07-03T11:34:44.592+0000] {processor.py:840} INFO - DAG(s) 'gold_dbt_dag' retrieved from /opt/airflow/dags/dag_gold_dbt.py
[2026-07-03T11:34:44.641+0000] {logging_mixin.py:188} INFO - [2026-07-03T11:34:44.641+0000] {dag.py:3096} INFO - Sync 1 DAGs
[2026-07-03T11:34:44.668+0000] {logging_mixin.py:188} INFO - [2026-07-03T11:34:44.668+0000] {dag.py:3954} INFO - Setting next_dagrun for gold_dbt_dag to None, run_after=None
[2026-07-03T11:34:44.691+0000] {processor.py:183} INFO - Processing /opt/airflow/dags/dag_gold_dbt.py took 0.153 seconds
[2026-07-03T11:50:41.257+0000] {processor.py:161} INFO - Started process (PID=9170) to work on /opt/airflow/dags/dag_gold_dbt.py
[2026-07-03T11:50:41.258+0000] {processor.py:830} INFO - Processing file /opt/airflow/dags/dag_gold_dbt.py for tasks to queue
[2026-07-03T11:50:41.265+0000] {logging_mixin.py:188} INFO - [2026-07-03T11:50:41.264+0000] {dagbag.py:545} INFO - Filling up the DagBag from /opt/airflow/dags/dag_gold_dbt.py
[2026-07-03T11:50:41.282+0000] {processor.py:840} INFO - DAG(s) 'gold_dbt_dag' retrieved from /opt/airflow/dags/dag_gold_dbt.py
[2026-07-03T11:50:41.319+0000] {logging_mixin.py:188} INFO - [2026-07-03T11:50:41.319+0000] {dag.py:3096} INFO - Sync 1 DAGs
[2026-07-03T11:50:41.339+0000] {logging_mixin.py:188} INFO - [2026-07-03T11:50:41.339+0000] {dag.py:3954} INFO - Setting next_dagrun for gold_dbt_dag to None, run_after=None
[2026-07-03T11:50:41.354+0000] {processor.py:183} INFO - Processing /opt/airflow/dags/dag_gold_dbt.py took 0.104 seconds
[2026-07-03T12:04:07.599+0000] {processor.py:161} INFO - Started process (PID=9212) to work on /opt/airflow/dags/dag_gold_dbt.py
[2026-07-03T12:04:07.600+0000] {processor.py:830} INFO - Processing file /opt/airflow/dags/dag_gold_dbt.py for tasks to queue
[2026-07-03T12:04:07.602+0000] {logging_mixin.py:188} INFO - [2026-07-03T12:04:07.602+0000] {dagbag.py:545} INFO - Filling up the DagBag from /opt/airflow/dags/dag_gold_dbt.py
[2026-07-03T12:04:07.617+0000] {processor.py:840} INFO - DAG(s) 'gold_dbt_dag' retrieved from /opt/airflow/dags/dag_gold_dbt.py
[2026-07-03T12:04:07.651+0000] {logging_mixin.py:188} INFO - [2026-07-03T12:04:07.651+0000] {dag.py:3096} INFO - Sync 1 DAGs
[2026-07-03T12:04:07.664+0000] {logging_mixin.py:188} INFO - [2026-07-03T12:04:07.664+0000] {dag.py:3954} INFO - Setting next_dagrun for gold_dbt_dag to None, run_after=None
[2026-07-03T12:04:07.678+0000] {processor.py:183} INFO - Processing /opt/airflow/dags/dag_gold_dbt.py took 0.088 seconds
[2026-07-03T12:04:38.683+0000] {processor.py:161} INFO - Started process (PID=9819) to work on /opt/airflow/dags/dag_gold_dbt.py
[2026-07-03T12:04:38.686+0000] {processor.py:830} INFO - Processing file /opt/airflow/dags/dag_gold_dbt.py for tasks to queue
[2026-07-03T12:04:38.691+0000] {logging_mixin.py:188} INFO - [2026-07-03T12:04:38.691+0000] {dagbag.py:545} INFO - Filling up the DagBag from /opt/airflow/dags/dag_gold_dbt.py
[2026-07-03T12:04:38.717+0000] {processor.py:840} INFO - DAG(s) 'gold_dbt_dag' retrieved from /opt/airflow/dags/dag_gold_dbt.py
[2026-07-03T12:04:38.745+0000] {logging_mixin.py:188} INFO - [2026-07-03T12:04:38.745+0000] {dag.py:3096} INFO - Sync 1 DAGs
[2026-07-03T12:04:38.767+0000] {logging_mixin.py:188} INFO - [2026-07-03T12:04:38.767+0000] {dag.py:3954} INFO - Setting next_dagrun for gold_dbt_dag to None, run_after=None
[2026-07-03T12:04:38.779+0000] {processor.py:183} INFO - Processing /opt/airflow/dags/dag_gold_dbt.py took 0.104 seconds
[2026-07-03T12:20:13.324+0000] {processor.py:161} INFO - Started process (PID=9857) to work on /opt/airflow/dags/dag_gold_dbt.py
[2026-07-03T12:20:13.326+0000] {processor.py:830} INFO - Processing file /opt/airflow/dags/dag_gold_dbt.py for tasks to queue
[2026-07-03T12:20:13.329+0000] {logging_mixin.py:188} INFO - [2026-07-03T12:20:13.329+0000] {dagbag.py:545} INFO - Filling up the DagBag from /opt/airflow/dags/dag_gold_dbt.py
[2026-07-03T12:20:13.352+0000] {processor.py:840} INFO - DAG(s) 'gold_dbt_dag' retrieved from /opt/airflow/dags/dag_gold_dbt.py
[2026-07-03T12:20:13.385+0000] {logging_mixin.py:188} INFO - [2026-07-03T12:20:13.385+0000] {dag.py:3096} INFO - Sync 1 DAGs
[2026-07-03T12:20:13.404+0000] {logging_mixin.py:188} INFO - [2026-07-03T12:20:13.404+0000] {dag.py:3954} INFO - Setting next_dagrun for gold_dbt_dag to None, run_after=None
[2026-07-03T12:20:13.436+0000] {processor.py:183} INFO - Processing /opt/airflow/dags/dag_gold_dbt.py took 0.121 seconds
[2026-07-03T12:20:44.424+0000] {processor.py:161} INFO - Started process (PID=9892) to work on /opt/airflow/dags/dag_gold_dbt.py
[2026-07-03T12:20:44.425+0000] {processor.py:830} INFO - Processing file /opt/airflow/dags/dag_gold_dbt.py for tasks to queue
[2026-07-03T12:20:44.428+0000] {logging_mixin.py:188} INFO - [2026-07-03T12:20:44.428+0000] {dagbag.py:545} INFO - Filling up the DagBag from /opt/airflow/dags/dag_gold_dbt.py
[2026-07-03T12:20:44.456+0000] {processor.py:840} INFO - DAG(s) 'gold_dbt_dag' retrieved from /opt/airflow/dags/dag_gold_dbt.py
[2026-07-03T12:20:44.495+0000] {logging_mixin.py:188} INFO - [2026-07-03T12:20:44.495+0000] {dag.py:3096} INFO - Sync 1 DAGs
[2026-07-03T12:20:44.515+0000] {logging_mixin.py:188} INFO - [2026-07-03T12:20:44.515+0000] {dag.py:3954} INFO - Setting next_dagrun for gold_dbt_dag to None, run_after=None
[2026-07-03T12:20:44.540+0000] {processor.py:183} INFO - Processing /opt/airflow/dags/dag_gold_dbt.py took 0.142 seconds
[2026-07-03T12:38:24.988+0000] {processor.py:161} INFO - Started process (PID=9929) to work on /opt/airflow/dags/dag_gold_dbt.py
[2026-07-03T12:38:24.990+0000] {processor.py:830} INFO - Processing file /opt/airflow/dags/dag_gold_dbt.py for tasks to queue
[2026-07-03T12:38:24.994+0000] {logging_mixin.py:188} INFO - [2026-07-03T12:38:24.994+0000] {dagbag.py:545} INFO - Filling up the DagBag from /opt/airflow/dags/dag_gold_dbt.py
[2026-07-03T12:38:25.013+0000] {processor.py:840} INFO - DAG(s) 'gold_dbt_dag' retrieved from /opt/airflow/dags/dag_gold_dbt.py
[2026-07-03T12:38:25.049+0000] {logging_mixin.py:188} INFO - [2026-07-03T12:38:25.049+0000] {dag.py:3096} INFO - Sync 1 DAGs
[2026-07-03T12:38:25.082+0000] {logging_mixin.py:188} INFO - [2026-07-03T12:38:25.081+0000] {dag.py:3954} INFO - Setting next_dagrun for gold_dbt_dag to None, run_after=None
[2026-07-03T12:38:25.100+0000] {processor.py:183} INFO - Processing /opt/airflow/dags/dag_gold_dbt.py took 0.118 seconds
[2026-07-03T12:53:59.531+0000] {processor.py:161} INFO - Started process (PID=9968) to work on /opt/airflow/dags/dag_gold_dbt.py
[2026-07-03T12:53:59.532+0000] {processor.py:830} INFO - Processing file /opt/airflow/dags/dag_gold_dbt.py for tasks to queue
[2026-07-03T12:53:59.535+0000] {logging_mixin.py:188} INFO - [2026-07-03T12:53:59.535+0000] {dagbag.py:545} INFO - Filling up the DagBag from /opt/airflow/dags/dag_gold_dbt.py
[2026-07-03T12:53:59.560+0000] {processor.py:840} INFO - DAG(s) 'gold_dbt_dag' retrieved from /opt/airflow/dags/dag_gold_dbt.py
[2026-07-03T12:53:59.621+0000] {logging_mixin.py:188} INFO - [2026-07-03T12:53:59.620+0000] {dag.py:3096} INFO - Sync 1 DAGs
[2026-07-03T12:53:59.656+0000] {logging_mixin.py:188} INFO - [2026-07-03T12:53:59.656+0000] {dag.py:3954} INFO - Setting next_dagrun for gold_dbt_dag to None, run_after=None
[2026-07-03T12:53:59.683+0000] {processor.py:183} INFO - Processing /opt/airflow/dags/dag_gold_dbt.py took 0.159 seconds
[2026-07-03T12:54:30.655+0000] {processor.py:161} INFO - Started process (PID=10004) to work on /opt/airflow/dags/dag_gold_dbt.py
[2026-07-03T12:54:30.658+0000] {processor.py:830} INFO - Processing file /opt/airflow/dags/dag_gold_dbt.py for tasks to queue
[2026-07-03T12:54:30.662+0000] {logging_mixin.py:188} INFO - [2026-07-03T12:54:30.661+0000] {dagbag.py:545} INFO - Filling up the DagBag from /opt/airflow/dags/dag_gold_dbt.py
[2026-07-03T12:54:30.681+0000] {processor.py:840} INFO - DAG(s) 'gold_dbt_dag' retrieved from /opt/airflow/dags/dag_gold_dbt.py
[2026-07-03T12:54:30.716+0000] {logging_mixin.py:188} INFO - [2026-07-03T12:54:30.716+0000] {dag.py:3096} INFO - Sync 1 DAGs
[2026-07-03T12:54:30.740+0000] {logging_mixin.py:188} INFO - [2026-07-03T12:54:30.740+0000] {dag.py:3954} INFO - Setting next_dagrun for gold_dbt_dag to None, run_after=None
[2026-07-03T12:54:30.755+0000] {processor.py:183} INFO - Processing /opt/airflow/dags/dag_gold_dbt.py took 0.106 seconds
[2026-07-03T12:59:22.748+0000] {processor.py:161} INFO - Started process (PID=10041) to work on /opt/airflow/dags/dag_gold_dbt.py
[2026-07-03T12:59:22.777+0000] {processor.py:830} INFO - Processing file /opt/airflow/dags/dag_gold_dbt.py for tasks to queue
[2026-07-03T12:59:22.831+0000] {logging_mixin.py:188} INFO - [2026-07-03T12:59:22.819+0000] {dagbag.py:545} INFO - Filling up the DagBag from /opt/airflow/dags/dag_gold_dbt.py
[2026-07-03T12:59:23.071+0000] {processor.py:840} INFO - DAG(s) 'gold_dbt_dag' retrieved from /opt/airflow/dags/dag_gold_dbt.py
[2026-07-03T12:59:23.542+0000] {logging_mixin.py:188} INFO - [2026-07-03T12:59:23.541+0000] {dag.py:3096} INFO - Sync 1 DAGs
[2026-07-03T12:59:23.693+0000] {logging_mixin.py:188} INFO - [2026-07-03T12:59:23.693+0000] {dag.py:3954} INFO - Setting next_dagrun for gold_dbt_dag to None, run_after=None
[2026-07-03T12:59:23.779+0000] {processor.py:183} INFO - Processing /opt/airflow/dags/dag_gold_dbt.py took 1.151 seconds
[2026-07-03T12:59:54.897+0000] {processor.py:161} INFO - Started process (PID=10076) to work on /opt/airflow/dags/dag_gold_dbt.py
[2026-07-03T12:59:54.908+0000] {processor.py:830} INFO - Processing file /opt/airflow/dags/dag_gold_dbt.py for tasks to queue
[2026-07-03T12:59:54.931+0000] {logging_mixin.py:188} INFO - [2026-07-03T12:59:54.928+0000] {dagbag.py:545} INFO - Filling up the DagBag from /opt/airflow/dags/dag_gold_dbt.py
[2026-07-03T12:59:55.208+0000] {processor.py:840} INFO - DAG(s) 'gold_dbt_dag' retrieved from /opt/airflow/dags/dag_gold_dbt.py
[2026-07-03T12:59:55.413+0000] {logging_mixin.py:188} INFO - [2026-07-03T12:59:55.413+0000] {dag.py:3096} INFO - Sync 1 DAGs
[2026-07-03T12:59:55.550+0000] {logging_mixin.py:188} INFO - [2026-07-03T12:59:55.550+0000] {dag.py:3954} INFO - Setting next_dagrun for gold_dbt_dag to None, run_after=None
[2026-07-03T12:59:55.617+0000] {processor.py:183} INFO - Processing /opt/airflow/dags/dag_gold_dbt.py took 0.922 seconds
[2026-07-03T13:00:25.741+0000] {processor.py:161} INFO - Started process (PID=10671) to work on /opt/airflow/dags/dag_gold_dbt.py
[2026-07-03T13:00:25.743+0000] {processor.py:830} INFO - Processing file /opt/airflow/dags/dag_gold_dbt.py for tasks to queue
[2026-07-03T13:00:25.750+0000] {logging_mixin.py:188} INFO - [2026-07-03T13:00:25.747+0000] {dagbag.py:545} INFO - Filling up the DagBag from /opt/airflow/dags/dag_gold_dbt.py
[2026-07-03T13:00:25.773+0000] {processor.py:840} INFO - DAG(s) 'gold_dbt_dag' retrieved from /opt/airflow/dags/dag_gold_dbt.py
[2026-07-03T13:00:25.814+0000] {logging_mixin.py:188} INFO - [2026-07-03T13:00:25.814+0000] {dag.py:3096} INFO - Sync 1 DAGs
[2026-07-03T13:00:25.842+0000] {logging_mixin.py:188} INFO - [2026-07-03T13:00:25.842+0000] {dag.py:3954} INFO - Setting next_dagrun for gold_dbt_dag to None, run_after=None
[2026-07-03T13:00:25.862+0000] {processor.py:183} INFO - Processing /opt/airflow/dags/dag_gold_dbt.py took 0.136 seconds
[2026-07-03T13:00:56.151+0000] {processor.py:161} INFO - Started process (PID=10738) to work on /opt/airflow/dags/dag_gold_dbt.py
[2026-07-03T13:00:56.153+0000] {processor.py:830} INFO - Processing file /opt/airflow/dags/dag_gold_dbt.py for tasks to queue
[2026-07-03T13:00:56.156+0000] {logging_mixin.py:188} INFO - [2026-07-03T13:00:56.155+0000] {dagbag.py:545} INFO - Filling up the DagBag from /opt/airflow/dags/dag_gold_dbt.py
[2026-07-03T13:00:56.181+0000] {processor.py:840} INFO - DAG(s) 'gold_dbt_dag' retrieved from /opt/airflow/dags/dag_gold_dbt.py
[2026-07-03T13:00:56.222+0000] {logging_mixin.py:188} INFO - [2026-07-03T13:00:56.221+0000] {dag.py:3096} INFO - Sync 1 DAGs
[2026-07-03T13:00:56.251+0000] {logging_mixin.py:188} INFO - [2026-07-03T13:00:56.251+0000] {dag.py:3954} INFO - Setting next_dagrun for gold_dbt_dag to None, run_after=None
[2026-07-03T13:00:56.272+0000] {processor.py:183} INFO - Processing /opt/airflow/dags/dag_gold_dbt.py took 0.146 seconds
[2026-07-03T13:01:27.322+0000] {processor.py:161} INFO - Started process (PID=10775) to work on /opt/airflow/dags/dag_gold_dbt.py
[2026-07-03T13:01:27.324+0000] {processor.py:830} INFO - Processing file /opt/airflow/dags/dag_gold_dbt.py for tasks to queue
[2026-07-03T13:01:27.327+0000] {logging_mixin.py:188} INFO - [2026-07-03T13:01:27.326+0000] {dagbag.py:545} INFO - Filling up the DagBag from /opt/airflow/dags/dag_gold_dbt.py
[2026-07-03T13:01:27.365+0000] {processor.py:840} INFO - DAG(s) 'gold_dbt_dag' retrieved from /opt/airflow/dags/dag_gold_dbt.py
[2026-07-03T13:01:27.436+0000] {logging_mixin.py:188} INFO - [2026-07-03T13:01:27.435+0000] {dag.py:3096} INFO - Sync 1 DAGs
[2026-07-03T13:01:27.467+0000] {logging_mixin.py:188} INFO - [2026-07-03T13:01:27.467+0000] {dag.py:3954} INFO - Setting next_dagrun for gold_dbt_dag to None, run_after=None
[2026-07-03T13:01:27.493+0000] {processor.py:183} INFO - Processing /opt/airflow/dags/dag_gold_dbt.py took 0.188 seconds
[2026-07-03T13:01:57.746+0000] {processor.py:161} INFO - Started process (PID=10812) to work on /opt/airflow/dags/dag_gold_dbt.py
[2026-07-03T13:01:57.748+0000] {processor.py:830} INFO - Processing file /opt/airflow/dags/dag_gold_dbt.py for tasks to queue
[2026-07-03T13:01:57.755+0000] {logging_mixin.py:188} INFO - [2026-07-03T13:01:57.755+0000] {dagbag.py:545} INFO - Filling up the DagBag from /opt/airflow/dags/dag_gold_dbt.py
[2026-07-03T13:01:57.787+0000] {processor.py:840} INFO - DAG(s) 'gold_dbt_dag' retrieved from /opt/airflow/dags/dag_gold_dbt.py
[2026-07-03T13:01:57.843+0000] {logging_mixin.py:188} INFO - [2026-07-03T13:01:57.843+0000] {dag.py:3096} INFO - Sync 1 DAGs
[2026-07-03T13:01:57.879+0000] {logging_mixin.py:188} INFO - [2026-07-03T13:01:57.879+0000] {dag.py:3954} INFO - Setting next_dagrun for gold_dbt_dag to None, run_after=None
[2026-07-03T13:01:57.906+0000] {processor.py:183} INFO - Processing /opt/airflow/dags/dag_gold_dbt.py took 0.172 seconds
[2026-07-03T13:02:28.849+0000] {processor.py:161} INFO - Started process (PID=10849) to work on /opt/airflow/dags/dag_gold_dbt.py
[2026-07-03T13:02:28.851+0000] {processor.py:830} INFO - Processing file /opt/airflow/dags/dag_gold_dbt.py for tasks to queue
[2026-07-03T13:02:28.857+0000] {logging_mixin.py:188} INFO - [2026-07-03T13:02:28.857+0000] {dagbag.py:545} INFO - Filling up the DagBag from /opt/airflow/dags/dag_gold_dbt.py
[2026-07-03T13:02:28.895+0000] {processor.py:840} INFO - DAG(s) 'gold_dbt_dag' retrieved from /opt/airflow/dags/dag_gold_dbt.py
[2026-07-03T13:02:28.970+0000] {logging_mixin.py:188} INFO - [2026-07-03T13:02:28.970+0000] {dag.py:3096} INFO - Sync 1 DAGs
[2026-07-03T13:02:29.015+0000] {logging_mixin.py:188} INFO - [2026-07-03T13:02:29.015+0000] {dag.py:3954} INFO - Setting next_dagrun for gold_dbt_dag to None, run_after=None
[2026-07-03T13:02:29.045+0000] {processor.py:183} INFO - Processing /opt/airflow/dags/dag_gold_dbt.py took 0.217 seconds
[2026-07-03T13:02:59.195+0000] {processor.py:161} INFO - Started process (PID=10886) to work on /opt/airflow/dags/dag_gold_dbt.py
[2026-07-03T13:02:59.197+0000] {processor.py:830} INFO - Processing file /opt/airflow/dags/dag_gold_dbt.py for tasks to queue
[2026-07-03T13:02:59.201+0000] {logging_mixin.py:188} INFO - [2026-07-03T13:02:59.201+0000] {dagbag.py:545} INFO - Filling up the DagBag from /opt/airflow/dags/dag_gold_dbt.py
[2026-07-03T13:02:59.237+0000] {processor.py:840} INFO - DAG(s) 'gold_dbt_dag' retrieved from /opt/airflow/dags/dag_gold_dbt.py
[2026-07-03T13:02:59.284+0000] {logging_mixin.py:188} INFO - [2026-07-03T13:02:59.284+0000] {dag.py:3096} INFO - Sync 1 DAGs
[2026-07-03T13:02:59.313+0000] {logging_mixin.py:188} INFO - [2026-07-03T13:02:59.312+0000] {dag.py:3954} INFO - Setting next_dagrun for gold_dbt_dag to None, run_after=None
[2026-07-03T13:02:59.341+0000] {processor.py:183} INFO - Processing /opt/airflow/dags/dag_gold_dbt.py took 0.159 seconds
[2026-07-03T13:03:30.357+0000] {processor.py:161} INFO - Started process (PID=10923) to work on /opt/airflow/dags/dag_gold_dbt.py
[2026-07-03T13:03:30.359+0000] {processor.py:830} INFO - Processing file /opt/airflow/dags/dag_gold_dbt.py for tasks to queue
[2026-07-03T13:03:30.364+0000] {logging_mixin.py:188} INFO - [2026-07-03T13:03:30.364+0000] {dagbag.py:545} INFO - Filling up the DagBag from /opt/airflow/dags/dag_gold_dbt.py
[2026-07-03T13:03:30.397+0000] {processor.py:840} INFO - DAG(s) 'gold_dbt_dag' retrieved from /opt/airflow/dags/dag_gold_dbt.py
[2026-07-03T13:03:30.459+0000] {logging_mixin.py:188} INFO - [2026-07-03T13:03:30.459+0000] {dag.py:3096} INFO - Sync 1 DAGs
[2026-07-03T13:03:30.493+0000] {logging_mixin.py:188} INFO - [2026-07-03T13:03:30.493+0000] {dag.py:3954} INFO - Setting next_dagrun for gold_dbt_dag to None, run_after=None
[2026-07-03T13:03:30.520+0000] {processor.py:183} INFO - Processing /opt/airflow/dags/dag_gold_dbt.py took 0.189 seconds
[2026-07-03T13:04:01.534+0000] {processor.py:161} INFO - Started process (PID=10960) to work on /opt/airflow/dags/dag_gold_dbt.py
[2026-07-03T13:04:01.536+0000] {processor.py:830} INFO - Processing file /opt/airflow/dags/dag_gold_dbt.py for tasks to queue
[2026-07-03T13:04:01.541+0000] {logging_mixin.py:188} INFO - [2026-07-03T13:04:01.539+0000] {dagbag.py:545} INFO - Filling up the DagBag from /opt/airflow/dags/dag_gold_dbt.py
[2026-07-03T13:04:01.589+0000] {processor.py:840} INFO - DAG(s) 'gold_dbt_dag' retrieved from /opt/airflow/dags/dag_gold_dbt.py
[2026-07-03T13:04:01.658+0000] {logging_mixin.py:188} INFO - [2026-07-03T13:04:01.658+0000] {dag.py:3096} INFO - Sync 1 DAGs
[2026-07-03T13:04:01.688+0000] {logging_mixin.py:188} INFO - [2026-07-03T13:04:01.688+0000] {dag.py:3954} INFO - Setting next_dagrun for gold_dbt_dag to None, run_after=None
[2026-07-03T13:04:01.724+0000] {processor.py:183} INFO - Processing /opt/airflow/dags/dag_gold_dbt.py took 0.208 seconds
[2026-07-03T13:04:32.724+0000] {processor.py:161} INFO - Started process (PID=10997) to work on /opt/airflow/dags/dag_gold_dbt.py
[2026-07-03T13:04:32.726+0000] {processor.py:830} INFO - Processing file /opt/airflow/dags/dag_gold_dbt.py for tasks to queue
[2026-07-03T13:04:32.735+0000] {logging_mixin.py:188} INFO - [2026-07-03T13:04:32.734+0000] {dagbag.py:545} INFO - Filling up the DagBag from /opt/airflow/dags/dag_gold_dbt.py
[2026-07-03T13:04:32.775+0000] {processor.py:840} INFO - DAG(s) 'gold_dbt_dag' retrieved from /opt/airflow/dags/dag_gold_dbt.py
[2026-07-03T13:04:32.841+0000] {logging_mixin.py:188} INFO - [2026-07-03T13:04:32.841+0000] {dag.py:3096} INFO - Sync 1 DAGs
[2026-07-03T13:04:32.875+0000] {logging_mixin.py:188} INFO - [2026-07-03T13:04:32.874+0000] {dag.py:3954} INFO - Setting next_dagrun for gold_dbt_dag to None, run_after=None
[2026-07-03T13:04:32.906+0000] {processor.py:183} INFO - Processing /opt/airflow/dags/dag_gold_dbt.py took 0.207 seconds
[2026-07-03T13:05:03.891+0000] {processor.py:161} INFO - Started process (PID=11034) to work on /opt/airflow/dags/dag_gold_dbt.py
[2026-07-03T13:05:03.894+0000] {processor.py:830} INFO - Processing file /opt/airflow/dags/dag_gold_dbt.py for tasks to queue
[2026-07-03T13:05:03.898+0000] {logging_mixin.py:188} INFO - [2026-07-03T13:05:03.898+0000] {dagbag.py:545} INFO - Filling up the DagBag from /opt/airflow/dags/dag_gold_dbt.py
[2026-07-03T13:05:03.928+0000] {processor.py:840} INFO - DAG(s) 'gold_dbt_dag' retrieved from /opt/airflow/dags/dag_gold_dbt.py
[2026-07-03T13:05:03.980+0000] {logging_mixin.py:188} INFO - [2026-07-03T13:05:03.980+0000] {dag.py:3096} INFO - Sync 1 DAGs
[2026-07-03T13:05:04.017+0000] {logging_mixin.py:188} INFO - [2026-07-03T13:05:04.017+0000] {dag.py:3954} INFO - Setting next_dagrun for gold_dbt_dag to None, run_after=None
[2026-07-03T13:05:04.057+0000] {processor.py:183} INFO - Processing /opt/airflow/dags/dag_gold_dbt.py took 0.198 seconds
[2026-07-03T13:05:35.031+0000] {processor.py:161} INFO - Started process (PID=11071) to work on /opt/airflow/dags/dag_gold_dbt.py
[2026-07-03T13:05:35.033+0000] {processor.py:830} INFO - Processing file /opt/airflow/dags/dag_gold_dbt.py for tasks to queue
[2026-07-03T13:05:35.035+0000] {logging_mixin.py:188} INFO - [2026-07-03T13:05:35.035+0000] {dagbag.py:545} INFO - Filling up the DagBag from /opt/airflow/dags/dag_gold_dbt.py
[2026-07-03T13:05:35.062+0000] {processor.py:840} INFO - DAG(s) 'gold_dbt_dag' retrieved from /opt/airflow/dags/dag_gold_dbt.py
[2026-07-03T13:05:35.098+0000] {logging_mixin.py:188} INFO - [2026-07-03T13:05:35.098+0000] {dag.py:3096} INFO - Sync 1 DAGs
[2026-07-03T13:05:35.124+0000] {logging_mixin.py:188} INFO - [2026-07-03T13:05:35.124+0000] {dag.py:3954} INFO - Setting next_dagrun for gold_dbt_dag to None, run_after=None
[2026-07-03T13:05:35.140+0000] {processor.py:183} INFO - Processing /opt/airflow/dags/dag_gold_dbt.py took 0.118 seconds
[2026-07-03T13:06:05.915+0000] {processor.py:161} INFO - Started process (PID=11108) to work on /opt/airflow/dags/dag_gold_dbt.py
[2026-07-03T13:06:05.917+0000] {processor.py:830} INFO - Processing file /opt/airflow/dags/dag_gold_dbt.py for tasks to queue
[2026-07-03T13:06:05.923+0000] {logging_mixin.py:188} INFO - [2026-07-03T13:06:05.923+0000] {dagbag.py:545} INFO - Filling up the DagBag from /opt/airflow/dags/dag_gold_dbt.py
[2026-07-03T13:06:05.957+0000] {processor.py:840} INFO - DAG(s) 'gold_dbt_dag' retrieved from /opt/airflow/dags/dag_gold_dbt.py
[2026-07-03T13:06:06.032+0000] {logging_mixin.py:188} INFO - [2026-07-03T13:06:06.031+0000] {dag.py:3096} INFO - Sync 1 DAGs
[2026-07-03T13:06:06.124+0000] {logging_mixin.py:188} INFO - [2026-07-03T13:06:06.124+0000] {dag.py:3954} INFO - Setting next_dagrun for gold_dbt_dag to None, run_after=None
[2026-07-03T13:06:06.147+0000] {processor.py:183} INFO - Processing /opt/airflow/dags/dag_gold_dbt.py took 0.247 seconds
[2026-07-03T13:06:36.289+0000] {processor.py:161} INFO - Started process (PID=11145) to work on /opt/airflow/dags/dag_gold_dbt.py
[2026-07-03T13:06:36.298+0000] {processor.py:830} INFO - Processing file /opt/airflow/dags/dag_gold_dbt.py for tasks to queue
[2026-07-03T13:06:36.307+0000] {logging_mixin.py:188} INFO - [2026-07-03T13:06:36.304+0000] {dagbag.py:545} INFO - Filling up the DagBag from /opt/airflow/dags/dag_gold_dbt.py
[2026-07-03T13:06:36.355+0000] {processor.py:840} INFO - DAG(s) 'gold_dbt_dag' retrieved from /opt/airflow/dags/dag_gold_dbt.py
[2026-07-03T13:06:36.436+0000] {logging_mixin.py:188} INFO - [2026-07-03T13:06:36.435+0000] {dag.py:3096} INFO - Sync 1 DAGs
[2026-07-03T13:06:36.464+0000] {logging_mixin.py:188} INFO - [2026-07-03T13:06:36.464+0000] {dag.py:3954} INFO - Setting next_dagrun for gold_dbt_dag to None, run_after=None
[2026-07-03T13:06:36.494+0000] {processor.py:183} INFO - Processing /opt/airflow/dags/dag_gold_dbt.py took 0.228 seconds
[2026-07-03T13:07:07.295+0000] {processor.py:161} INFO - Started process (PID=11182) to work on /opt/airflow/dags/dag_gold_dbt.py
[2026-07-03T13:07:07.298+0000] {processor.py:830} INFO - Processing file /opt/airflow/dags/dag_gold_dbt.py for tasks to queue
[2026-07-03T13:07:07.302+0000] {logging_mixin.py:188} INFO - [2026-07-03T13:07:07.302+0000] {dagbag.py:545} INFO - Filling up the DagBag from /opt/airflow/dags/dag_gold_dbt.py
[2026-07-03T13:07:07.327+0000] {processor.py:840} INFO - DAG(s) 'gold_dbt_dag' retrieved from /opt/airflow/dags/dag_gold_dbt.py
[2026-07-03T13:07:07.372+0000] {logging_mixin.py:188} INFO - [2026-07-03T13:07:07.371+0000] {dag.py:3096} INFO - Sync 1 DAGs
[2026-07-03T13:07:07.395+0000] {logging_mixin.py:188} INFO - [2026-07-03T13:07:07.394+0000] {dag.py:3954} INFO - Setting next_dagrun for gold_dbt_dag to None, run_after=None
[2026-07-03T13:07:07.421+0000] {processor.py:183} INFO - Processing /opt/airflow/dags/dag_gold_dbt.py took 0.137 seconds
[2026-07-03T13:07:38.299+0000] {processor.py:161} INFO - Started process (PID=11219) to work on /opt/airflow/dags/dag_gold_dbt.py
[2026-07-03T13:07:38.301+0000] {processor.py:830} INFO - Processing file /opt/airflow/dags/dag_gold_dbt.py for tasks to queue
[2026-07-03T13:07:38.306+0000] {logging_mixin.py:188} INFO - [2026-07-03T13:07:38.305+0000] {dagbag.py:545} INFO - Filling up the DagBag from /opt/airflow/dags/dag_gold_dbt.py
[2026-07-03T13:07:38.331+0000] {processor.py:840} INFO - DAG(s) 'gold_dbt_dag' retrieved from /opt/airflow/dags/dag_gold_dbt.py
[2026-07-03T13:07:38.382+0000] {logging_mixin.py:188} INFO - [2026-07-03T13:07:38.382+0000] {dag.py:3096} INFO - Sync 1 DAGs
[2026-07-03T13:07:38.403+0000] {logging_mixin.py:188} INFO - [2026-07-03T13:07:38.403+0000] {dag.py:3954} INFO - Setting next_dagrun for gold_dbt_dag to None, run_after=None
[2026-07-03T13:07:38.431+0000] {processor.py:183} INFO - Processing /opt/airflow/dags/dag_gold_dbt.py took 0.149 seconds
[2026-07-03T13:08:09.291+0000] {processor.py:161} INFO - Started process (PID=11256) to work on /opt/airflow/dags/dag_gold_dbt.py
[2026-07-03T13:08:09.295+0000] {processor.py:830} INFO - Processing file /opt/airflow/dags/dag_gold_dbt.py for tasks to queue
[2026-07-03T13:08:09.297+0000] {logging_mixin.py:188} INFO - [2026-07-03T13:08:09.297+0000] {dagbag.py:545} INFO - Filling up the DagBag from /opt/airflow/dags/dag_gold_dbt.py
[2026-07-03T13:08:09.335+0000] {processor.py:840} INFO - DAG(s) 'gold_dbt_dag' retrieved from /opt/airflow/dags/dag_gold_dbt.py
[2026-07-03T13:08:09.387+0000] {logging_mixin.py:188} INFO - [2026-07-03T13:08:09.387+0000] {dag.py:3096} INFO - Sync 1 DAGs
[2026-07-03T13:08:09.416+0000] {logging_mixin.py:188} INFO - [2026-07-03T13:08:09.416+0000] {dag.py:3954} INFO - Setting next_dagrun for gold_dbt_dag to None, run_after=None
[2026-07-03T13:08:09.445+0000] {processor.py:183} INFO - Processing /opt/airflow/dags/dag_gold_dbt.py took 0.174 seconds
[2026-07-03T13:08:39.592+0000] {processor.py:161} INFO - Started process (PID=11293) to work on /opt/airflow/dags/dag_gold_dbt.py
[2026-07-03T13:08:39.594+0000] {processor.py:830} INFO - Processing file /opt/airflow/dags/dag_gold_dbt.py for tasks to queue
[2026-07-03T13:08:39.600+0000] {logging_mixin.py:188} INFO - [2026-07-03T13:08:39.598+0000] {dagbag.py:545} INFO - Filling up the DagBag from /opt/airflow/dags/dag_gold_dbt.py
[2026-07-03T13:08:39.641+0000] {processor.py:840} INFO - DAG(s) 'gold_dbt_dag' retrieved from /opt/airflow/dags/dag_gold_dbt.py
[2026-07-03T13:08:39.710+0000] {logging_mixin.py:188} INFO - [2026-07-03T13:08:39.710+0000] {dag.py:3096} INFO - Sync 1 DAGs
[2026-07-03T13:08:39.739+0000] {logging_mixin.py:188} INFO - [2026-07-03T13:08:39.739+0000] {dag.py:3954} INFO - Setting next_dagrun for gold_dbt_dag to None, run_after=None
[2026-07-03T13:08:39.776+0000] {processor.py:183} INFO - Processing /opt/airflow/dags/dag_gold_dbt.py took 0.205 seconds
[2026-07-03T13:09:09.915+0000] {processor.py:161} INFO - Started process (PID=11330) to work on /opt/airflow/dags/dag_gold_dbt.py
[2026-07-03T13:09:09.918+0000] {processor.py:830} INFO - Processing file /opt/airflow/dags/dag_gold_dbt.py for tasks to queue
[2026-07-03T13:09:09.922+0000] {logging_mixin.py:188} INFO - [2026-07-03T13:09:09.922+0000] {dagbag.py:545} INFO - Filling up the DagBag from /opt/airflow/dags/dag_gold_dbt.py
[2026-07-03T13:09:09.952+0000] {processor.py:840} INFO - DAG(s) 'gold_dbt_dag' retrieved from /opt/airflow/dags/dag_gold_dbt.py
[2026-07-03T13:09:10.005+0000] {logging_mixin.py:188} INFO - [2026-07-03T13:09:10.004+0000] {dag.py:3096} INFO - Sync 1 DAGs
[2026-07-03T13:09:10.032+0000] {logging_mixin.py:188} INFO - [2026-07-03T13:09:10.032+0000] {dag.py:3954} INFO - Setting next_dagrun for gold_dbt_dag to None, run_after=None
[2026-07-03T13:09:10.061+0000] {processor.py:183} INFO - Processing /opt/airflow/dags/dag_gold_dbt.py took 0.158 seconds
[2026-07-03T13:09:40.359+0000] {processor.py:161} INFO - Started process (PID=11367) to work on /opt/airflow/dags/dag_gold_dbt.py
[2026-07-03T13:09:40.366+0000] {processor.py:830} INFO - Processing file /opt/airflow/dags/dag_gold_dbt.py for tasks to queue
[2026-07-03T13:09:40.383+0000] {logging_mixin.py:188} INFO - [2026-07-03T13:09:40.382+0000] {dagbag.py:545} INFO - Filling up the DagBag from /opt/airflow/dags/dag_gold_dbt.py
[2026-07-03T13:09:40.444+0000] {processor.py:840} INFO - DAG(s) 'gold_dbt_dag' retrieved from /opt/airflow/dags/dag_gold_dbt.py
[2026-07-03T13:09:40.533+0000] {logging_mixin.py:188} INFO - [2026-07-03T13:09:40.532+0000] {dag.py:3096} INFO - Sync 1 DAGs
[2026-07-03T13:09:40.575+0000] {logging_mixin.py:188} INFO - [2026-07-03T13:09:40.575+0000] {dag.py:3954} INFO - Setting next_dagrun for gold_dbt_dag to None, run_after=None
[2026-07-03T13:09:40.630+0000] {processor.py:183} INFO - Processing /opt/airflow/dags/dag_gold_dbt.py took 0.310 seconds
[2026-07-03T13:10:10.837+0000] {processor.py:161} INFO - Started process (PID=11404) to work on /opt/airflow/dags/dag_gold_dbt.py
[2026-07-03T13:10:10.841+0000] {processor.py:830} INFO - Processing file /opt/airflow/dags/dag_gold_dbt.py for tasks to queue
[2026-07-03T13:10:10.848+0000] {logging_mixin.py:188} INFO - [2026-07-03T13:10:10.848+0000] {dagbag.py:545} INFO - Filling up the DagBag from /opt/airflow/dags/dag_gold_dbt.py
[2026-07-03T13:10:10.904+0000] {processor.py:840} INFO - DAG(s) 'gold_dbt_dag' retrieved from /opt/airflow/dags/dag_gold_dbt.py
[2026-07-03T13:10:10.976+0000] {logging_mixin.py:188} INFO - [2026-07-03T13:10:10.975+0000] {dag.py:3096} INFO - Sync 1 DAGs
[2026-07-03T13:10:11.024+0000] {logging_mixin.py:188} INFO - [2026-07-03T13:10:11.024+0000] {dag.py:3954} INFO - Setting next_dagrun for gold_dbt_dag to None, run_after=None
[2026-07-03T13:10:11.062+0000] {processor.py:183} INFO - Processing /opt/airflow/dags/dag_gold_dbt.py took 0.253 seconds
[2026-07-03T13:10:41.311+0000] {processor.py:161} INFO - Started process (PID=11441) to work on /opt/airflow/dags/dag_gold_dbt.py
[2026-07-03T13:10:41.313+0000] {processor.py:830} INFO - Processing file /opt/airflow/dags/dag_gold_dbt.py for tasks to queue
[2026-07-03T13:10:41.316+0000] {logging_mixin.py:188} INFO - [2026-07-03T13:10:41.316+0000] {dagbag.py:545} INFO - Filling up the DagBag from /opt/airflow/dags/dag_gold_dbt.py
[2026-07-03T13:10:41.353+0000] {processor.py:840} INFO - DAG(s) 'gold_dbt_dag' retrieved from /opt/airflow/dags/dag_gold_dbt.py
[2026-07-03T13:10:41.403+0000] {logging_mixin.py:188} INFO - [2026-07-03T13:10:41.403+0000] {dag.py:3096} INFO - Sync 1 DAGs
[2026-07-03T13:10:41.432+0000] {logging_mixin.py:188} INFO - [2026-07-03T13:10:41.432+0000] {dag.py:3954} INFO - Setting next_dagrun for gold_dbt_dag to None, run_after=None
[2026-07-03T13:10:41.459+0000] {processor.py:183} INFO - Processing /opt/airflow/dags/dag_gold_dbt.py took 0.163 seconds
[2026-07-03T13:11:12.464+0000] {processor.py:161} INFO - Started process (PID=11478) to work on /opt/airflow/dags/dag_gold_dbt.py
[2026-07-03T13:11:12.466+0000] {processor.py:830} INFO - Processing file /opt/airflow/dags/dag_gold_dbt.py for tasks to queue
[2026-07-03T13:11:12.473+0000] {logging_mixin.py:188} INFO - [2026-07-03T13:11:12.473+0000] {dagbag.py:545} INFO - Filling up the DagBag from /opt/airflow/dags/dag_gold_dbt.py
[2026-07-03T13:11:12.504+0000] {processor.py:840} INFO - DAG(s) 'gold_dbt_dag' retrieved from /opt/airflow/dags/dag_gold_dbt.py
[2026-07-03T13:11:12.551+0000] {logging_mixin.py:188} INFO - [2026-07-03T13:11:12.551+0000] {dag.py:3096} INFO - Sync 1 DAGs
[2026-07-03T13:11:12.595+0000] {logging_mixin.py:188} INFO - [2026-07-03T13:11:12.593+0000] {dag.py:3954} INFO - Setting next_dagrun for gold_dbt_dag to None, run_after=None
[2026-07-03T13:11:12.624+0000] {processor.py:183} INFO - Processing /opt/airflow/dags/dag_gold_dbt.py took 0.174 seconds
[2026-07-03T13:11:42.731+0000] {processor.py:161} INFO - Started process (PID=11515) to work on /opt/airflow/dags/dag_gold_dbt.py
[2026-07-03T13:11:42.732+0000] {processor.py:830} INFO - Processing file /opt/airflow/dags/dag_gold_dbt.py for tasks to queue
[2026-07-03T13:11:42.737+0000] {logging_mixin.py:188} INFO - [2026-07-03T13:11:42.736+0000] {dagbag.py:545} INFO - Filling up the DagBag from /opt/airflow/dags/dag_gold_dbt.py
[2026-07-03T13:11:42.771+0000] {processor.py:840} INFO - DAG(s) 'gold_dbt_dag' retrieved from /opt/airflow/dags/dag_gold_dbt.py
[2026-07-03T13:11:42.817+0000] {logging_mixin.py:188} INFO - [2026-07-03T13:11:42.816+0000] {dag.py:3096} INFO - Sync 1 DAGs
[2026-07-03T13:11:42.853+0000] {logging_mixin.py:188} INFO - [2026-07-03T13:11:42.852+0000] {dag.py:3954} INFO - Setting next_dagrun for gold_dbt_dag to None, run_after=None
[2026-07-03T13:11:42.890+0000] {processor.py:183} INFO - Processing /opt/airflow/dags/dag_gold_dbt.py took 0.173 seconds
[2026-07-03T13:12:13.865+0000] {processor.py:161} INFO - Started process (PID=11552) to work on /opt/airflow/dags/dag_gold_dbt.py
[2026-07-03T13:12:13.866+0000] {processor.py:830} INFO - Processing file /opt/airflow/dags/dag_gold_dbt.py for tasks to queue
[2026-07-03T13:12:13.872+0000] {logging_mixin.py:188} INFO - [2026-07-03T13:12:13.872+0000] {dagbag.py:545} INFO - Filling up the DagBag from /opt/airflow/dags/dag_gold_dbt.py
[2026-07-03T13:12:13.902+0000] {processor.py:840} INFO - DAG(s) 'gold_dbt_dag' retrieved from /opt/airflow/dags/dag_gold_dbt.py
[2026-07-03T13:12:13.963+0000] {logging_mixin.py:188} INFO - [2026-07-03T13:12:13.963+0000] {dag.py:3096} INFO - Sync 1 DAGs
[2026-07-03T13:12:14.002+0000] {logging_mixin.py:188} INFO - [2026-07-03T13:12:14.002+0000] {dag.py:3954} INFO - Setting next_dagrun for gold_dbt_dag to None, run_after=None
[2026-07-03T13:12:14.040+0000] {processor.py:183} INFO - Processing /opt/airflow/dags/dag_gold_dbt.py took 0.192 seconds
[2026-07-03T13:12:44.535+0000] {processor.py:161} INFO - Started process (PID=11589) to work on /opt/airflow/dags/dag_gold_dbt.py
[2026-07-03T13:12:44.540+0000] {processor.py:830} INFO - Processing file /opt/airflow/dags/dag_gold_dbt.py for tasks to queue
[2026-07-03T13:12:44.545+0000] {logging_mixin.py:188} INFO - [2026-07-03T13:12:44.545+0000] {dagbag.py:545} INFO - Filling up the DagBag from /opt/airflow/dags/dag_gold_dbt.py
[2026-07-03T13:12:44.580+0000] {processor.py:840} INFO - DAG(s) 'gold_dbt_dag' retrieved from /opt/airflow/dags/dag_gold_dbt.py
[2026-07-03T13:12:44.632+0000] {logging_mixin.py:188} INFO - [2026-07-03T13:12:44.632+0000] {dag.py:3096} INFO - Sync 1 DAGs
[2026-07-03T13:12:44.674+0000] {logging_mixin.py:188} INFO - [2026-07-03T13:12:44.674+0000] {dag.py:3954} INFO - Setting next_dagrun for gold_dbt_dag to None, run_after=None
[2026-07-03T13:12:44.704+0000] {processor.py:183} INFO - Processing /opt/airflow/dags/dag_gold_dbt.py took 0.181 seconds
[2026-07-03T13:13:14.843+0000] {processor.py:161} INFO - Started process (PID=11626) to work on /opt/airflow/dags/dag_gold_dbt.py
[2026-07-03T13:13:14.846+0000] {processor.py:830} INFO - Processing file /opt/airflow/dags/dag_gold_dbt.py for tasks to queue
[2026-07-03T13:13:14.849+0000] {logging_mixin.py:188} INFO - [2026-07-03T13:13:14.848+0000] {dagbag.py:545} INFO - Filling up the DagBag from /opt/airflow/dags/dag_gold_dbt.py
[2026-07-03T13:13:14.873+0000] {processor.py:840} INFO - DAG(s) 'gold_dbt_dag' retrieved from /opt/airflow/dags/dag_gold_dbt.py
[2026-07-03T13:13:14.917+0000] {logging_mixin.py:188} INFO - [2026-07-03T13:13:14.917+0000] {dag.py:3096} INFO - Sync 1 DAGs
[2026-07-03T13:13:14.949+0000] {logging_mixin.py:188} INFO - [2026-07-03T13:13:14.943+0000] {dag.py:3954} INFO - Setting next_dagrun for gold_dbt_dag to None, run_after=None
[2026-07-03T13:13:14.990+0000] {processor.py:183} INFO - Processing /opt/airflow/dags/dag_gold_dbt.py took 0.154 seconds
[2026-07-03T13:13:45.731+0000] {processor.py:161} INFO - Started process (PID=11663) to work on /opt/airflow/dags/dag_gold_dbt.py
[2026-07-03T13:13:45.734+0000] {processor.py:830} INFO - Processing file /opt/airflow/dags/dag_gold_dbt.py for tasks to queue
[2026-07-03T13:13:45.758+0000] {logging_mixin.py:188} INFO - [2026-07-03T13:13:45.741+0000] {dagbag.py:545} INFO - Filling up the DagBag from /opt/airflow/dags/dag_gold_dbt.py
[2026-07-03T13:13:45.867+0000] {processor.py:840} INFO - DAG(s) 'gold_dbt_dag' retrieved from /opt/airflow/dags/dag_gold_dbt.py
[2026-07-03T13:13:45.923+0000] {logging_mixin.py:188} INFO - [2026-07-03T13:13:45.922+0000] {dag.py:3096} INFO - Sync 1 DAGs
[2026-07-03T13:13:45.963+0000] {logging_mixin.py:188} INFO - [2026-07-03T13:13:45.962+0000] {dag.py:3954} INFO - Setting next_dagrun for gold_dbt_dag to None, run_after=None
[2026-07-03T13:13:45.998+0000] {processor.py:183} INFO - Processing /opt/airflow/dags/dag_gold_dbt.py took 0.280 seconds
[2026-07-03T13:14:16.944+0000] {processor.py:161} INFO - Started process (PID=11700) to work on /opt/airflow/dags/dag_gold_dbt.py
[2026-07-03T13:14:16.947+0000] {processor.py:830} INFO - Processing file /opt/airflow/dags/dag_gold_dbt.py for tasks to queue
[2026-07-03T13:14:16.961+0000] {logging_mixin.py:188} INFO - [2026-07-03T13:14:16.960+0000] {dagbag.py:545} INFO - Filling up the DagBag from /opt/airflow/dags/dag_gold_dbt.py
[2026-07-03T13:14:16.999+0000] {processor.py:840} INFO - DAG(s) 'gold_dbt_dag' retrieved from /opt/airflow/dags/dag_gold_dbt.py
[2026-07-03T13:14:17.051+0000] {logging_mixin.py:188} INFO - [2026-07-03T13:14:17.051+0000] {dag.py:3096} INFO - Sync 1 DAGs
[2026-07-03T13:14:17.089+0000] {logging_mixin.py:188} INFO - [2026-07-03T13:14:17.086+0000] {dag.py:3954} INFO - Setting next_dagrun for gold_dbt_dag to None, run_after=None
[2026-07-03T13:14:17.124+0000] {processor.py:183} INFO - Processing /opt/airflow/dags/dag_gold_dbt.py took 0.191 seconds
[2026-07-03T13:14:47.637+0000] {processor.py:161} INFO - Started process (PID=11737) to work on /opt/airflow/dags/dag_gold_dbt.py
[2026-07-03T13:14:47.639+0000] {processor.py:830} INFO - Processing file /opt/airflow/dags/dag_gold_dbt.py for tasks to queue
[2026-07-03T13:14:47.643+0000] {logging_mixin.py:188} INFO - [2026-07-03T13:14:47.643+0000] {dagbag.py:545} INFO - Filling up the DagBag from /opt/airflow/dags/dag_gold_dbt.py
[2026-07-03T13:14:47.682+0000] {processor.py:840} INFO - DAG(s) 'gold_dbt_dag' retrieved from /opt/airflow/dags/dag_gold_dbt.py
[2026-07-03T13:14:47.741+0000] {logging_mixin.py:188} INFO - [2026-07-03T13:14:47.740+0000] {dag.py:3096} INFO - Sync 1 DAGs
[2026-07-03T13:14:47.781+0000] {logging_mixin.py:188} INFO - [2026-07-03T13:14:47.781+0000] {dag.py:3954} INFO - Setting next_dagrun for gold_dbt_dag to None, run_after=None
[2026-07-03T13:14:47.819+0000] {processor.py:183} INFO - Processing /opt/airflow/dags/dag_gold_dbt.py took 0.197 seconds
[2026-07-03T13:15:17.914+0000] {processor.py:161} INFO - Started process (PID=11774) to work on /opt/airflow/dags/dag_gold_dbt.py
[2026-07-03T13:15:17.916+0000] {processor.py:830} INFO - Processing file /opt/airflow/dags/dag_gold_dbt.py for tasks to queue
[2026-07-03T13:15:17.919+0000] {logging_mixin.py:188} INFO - [2026-07-03T13:15:17.918+0000] {dagbag.py:545} INFO - Filling up the DagBag from /opt/airflow/dags/dag_gold_dbt.py
[2026-07-03T13:15:17.956+0000] {processor.py:840} INFO - DAG(s) 'gold_dbt_dag' retrieved from /opt/airflow/dags/dag_gold_dbt.py
[2026-07-03T13:15:17.999+0000] {logging_mixin.py:188} INFO - [2026-07-03T13:15:17.999+0000] {dag.py:3096} INFO - Sync 1 DAGs
[2026-07-03T13:15:18.030+0000] {logging_mixin.py:188} INFO - [2026-07-03T13:15:18.029+0000] {dag.py:3954} INFO - Setting next_dagrun for gold_dbt_dag to None, run_after=None
[2026-07-03T13:15:18.059+0000] {processor.py:183} INFO - Processing /opt/airflow/dags/dag_gold_dbt.py took 0.157 seconds
[2026-07-03T13:15:48.508+0000] {processor.py:161} INFO - Started process (PID=11811) to work on /opt/airflow/dags/dag_gold_dbt.py
[2026-07-03T13:15:48.509+0000] {processor.py:830} INFO - Processing file /opt/airflow/dags/dag_gold_dbt.py for tasks to queue
[2026-07-03T13:15:48.515+0000] {logging_mixin.py:188} INFO - [2026-07-03T13:15:48.514+0000] {dagbag.py:545} INFO - Filling up the DagBag from /opt/airflow/dags/dag_gold_dbt.py
[2026-07-03T13:15:48.553+0000] {processor.py:840} INFO - DAG(s) 'gold_dbt_dag' retrieved from /opt/airflow/dags/dag_gold_dbt.py
[2026-07-03T13:15:48.606+0000] {logging_mixin.py:188} INFO - [2026-07-03T13:15:48.606+0000] {dag.py:3096} INFO - Sync 1 DAGs
[2026-07-03T13:15:48.638+0000] {logging_mixin.py:188} INFO - [2026-07-03T13:15:48.637+0000] {dag.py:3954} INFO - Setting next_dagrun for gold_dbt_dag to None, run_after=None
[2026-07-03T13:15:48.673+0000] {processor.py:183} INFO - Processing /opt/airflow/dags/dag_gold_dbt.py took 0.178 seconds
[2026-07-03T13:16:19.652+0000] {processor.py:161} INFO - Started process (PID=11848) to work on /opt/airflow/dags/dag_gold_dbt.py
[2026-07-03T13:16:19.653+0000] {processor.py:830} INFO - Processing file /opt/airflow/dags/dag_gold_dbt.py for tasks to queue
[2026-07-03T13:16:19.659+0000] {logging_mixin.py:188} INFO - [2026-07-03T13:16:19.659+0000] {dagbag.py:545} INFO - Filling up the DagBag from /opt/airflow/dags/dag_gold_dbt.py
[2026-07-03T13:16:19.684+0000] {processor.py:840} INFO - DAG(s) 'gold_dbt_dag' retrieved from /opt/airflow/dags/dag_gold_dbt.py
[2026-07-03T13:16:19.730+0000] {logging_mixin.py:188} INFO - [2026-07-03T13:16:19.729+0000] {dag.py:3096} INFO - Sync 1 DAGs
[2026-07-03T13:16:19.763+0000] {logging_mixin.py:188} INFO - [2026-07-03T13:16:19.762+0000] {dag.py:3954} INFO - Setting next_dagrun for gold_dbt_dag to None, run_after=None
[2026-07-03T13:16:19.800+0000] {processor.py:183} INFO - Processing /opt/airflow/dags/dag_gold_dbt.py took 0.158 seconds
[2026-07-03T13:16:50.579+0000] {processor.py:161} INFO - Started process (PID=11885) to work on /opt/airflow/dags/dag_gold_dbt.py
[2026-07-03T13:16:50.585+0000] {processor.py:830} INFO - Processing file /opt/airflow/dags/dag_gold_dbt.py for tasks to queue
[2026-07-03T13:16:50.593+0000] {logging_mixin.py:188} INFO - [2026-07-03T13:16:50.593+0000] {dagbag.py:545} INFO - Filling up the DagBag from /opt/airflow/dags/dag_gold_dbt.py
[2026-07-03T13:16:50.631+0000] {processor.py:840} INFO - DAG(s) 'gold_dbt_dag' retrieved from /opt/airflow/dags/dag_gold_dbt.py
[2026-07-03T13:16:50.685+0000] {logging_mixin.py:188} INFO - [2026-07-03T13:16:50.685+0000] {dag.py:3096} INFO - Sync 1 DAGs
[2026-07-03T13:16:50.731+0000] {logging_mixin.py:188} INFO - [2026-07-03T13:16:50.730+0000] {dag.py:3954} INFO - Setting next_dagrun for gold_dbt_dag to None, run_after=None
[2026-07-03T13:16:50.765+0000] {processor.py:183} INFO - Processing /opt/airflow/dags/dag_gold_dbt.py took 0.210 seconds
[2026-07-03T13:17:20.844+0000] {processor.py:161} INFO - Started process (PID=11922) to work on /opt/airflow/dags/dag_gold_dbt.py
[2026-07-03T13:17:20.845+0000] {processor.py:830} INFO - Processing file /opt/airflow/dags/dag_gold_dbt.py for tasks to queue
[2026-07-03T13:17:20.849+0000] {logging_mixin.py:188} INFO - [2026-07-03T13:17:20.849+0000] {dagbag.py:545} INFO - Filling up the DagBag from /opt/airflow/dags/dag_gold_dbt.py
[2026-07-03T13:17:20.872+0000] {processor.py:840} INFO - DAG(s) 'gold_dbt_dag' retrieved from /opt/airflow/dags/dag_gold_dbt.py
[2026-07-03T13:17:20.895+0000] {logging_mixin.py:188} INFO - [2026-07-03T13:17:20.895+0000] {dag.py:3096} INFO - Sync 1 DAGs
[2026-07-03T13:17:20.915+0000] {logging_mixin.py:188} INFO - [2026-07-03T13:17:20.915+0000] {dag.py:3954} INFO - Setting next_dagrun for gold_dbt_dag to None, run_after=None
[2026-07-03T13:17:20.940+0000] {processor.py:183} INFO - Processing /opt/airflow/dags/dag_gold_dbt.py took 0.105 seconds
[2026-07-03T13:17:51.688+0000] {processor.py:161} INFO - Started process (PID=11959) to work on /opt/airflow/dags/dag_gold_dbt.py
[2026-07-03T13:17:51.690+0000] {processor.py:830} INFO - Processing file /opt/airflow/dags/dag_gold_dbt.py for tasks to queue
[2026-07-03T13:17:51.693+0000] {logging_mixin.py:188} INFO - [2026-07-03T13:17:51.692+0000] {dagbag.py:545} INFO - Filling up the DagBag from /opt/airflow/dags/dag_gold_dbt.py
[2026-07-03T13:17:51.712+0000] {processor.py:840} INFO - DAG(s) 'gold_dbt_dag' retrieved from /opt/airflow/dags/dag_gold_dbt.py
[2026-07-03T13:17:51.747+0000] {logging_mixin.py:188} INFO - [2026-07-03T13:17:51.747+0000] {dag.py:3096} INFO - Sync 1 DAGs
[2026-07-03T13:17:51.770+0000] {logging_mixin.py:188} INFO - [2026-07-03T13:17:51.770+0000] {dag.py:3954} INFO - Setting next_dagrun for gold_dbt_dag to None, run_after=None
[2026-07-03T13:17:51.793+0000] {processor.py:183} INFO - Processing /opt/airflow/dags/dag_gold_dbt.py took 0.116 seconds
[2026-07-03T13:18:22.124+0000] {processor.py:161} INFO - Started process (PID=11996) to work on /opt/airflow/dags/dag_gold_dbt.py
[2026-07-03T13:18:22.127+0000] {processor.py:830} INFO - Processing file /opt/airflow/dags/dag_gold_dbt.py for tasks to queue
[2026-07-03T13:18:22.132+0000] {logging_mixin.py:188} INFO - [2026-07-03T13:18:22.131+0000] {dagbag.py:545} INFO - Filling up the DagBag from /opt/airflow/dags/dag_gold_dbt.py
[2026-07-03T13:18:22.164+0000] {processor.py:840} INFO - DAG(s) 'gold_dbt_dag' retrieved from /opt/airflow/dags/dag_gold_dbt.py
[2026-07-03T13:18:22.231+0000] {logging_mixin.py:188} INFO - [2026-07-03T13:18:22.231+0000] {dag.py:3096} INFO - Sync 1 DAGs
[2026-07-03T13:18:22.265+0000] {logging_mixin.py:188} INFO - [2026-07-03T13:18:22.265+0000] {dag.py:3954} INFO - Setting next_dagrun for gold_dbt_dag to None, run_after=None
[2026-07-03T13:18:22.304+0000] {processor.py:183} INFO - Processing /opt/airflow/dags/dag_gold_dbt.py took 0.199 seconds
[2026-07-03T13:18:52.490+0000] {processor.py:161} INFO - Started process (PID=12033) to work on /opt/airflow/dags/dag_gold_dbt.py
[2026-07-03T13:18:52.492+0000] {processor.py:830} INFO - Processing file /opt/airflow/dags/dag_gold_dbt.py for tasks to queue
[2026-07-03T13:18:52.499+0000] {logging_mixin.py:188} INFO - [2026-07-03T13:18:52.496+0000] {dagbag.py:545} INFO - Filling up the DagBag from /opt/airflow/dags/dag_gold_dbt.py
[2026-07-03T13:18:52.569+0000] {processor.py:840} INFO - DAG(s) 'gold_dbt_dag' retrieved from /opt/airflow/dags/dag_gold_dbt.py
[2026-07-03T13:18:52.631+0000] {logging_mixin.py:188} INFO - [2026-07-03T13:18:52.631+0000] {dag.py:3096} INFO - Sync 1 DAGs
[2026-07-03T13:18:52.658+0000] {logging_mixin.py:188} INFO - [2026-07-03T13:18:52.658+0000] {dag.py:3954} INFO - Setting next_dagrun for gold_dbt_dag to None, run_after=None
[2026-07-03T13:18:52.689+0000] {processor.py:183} INFO - Processing /opt/airflow/dags/dag_gold_dbt.py took 0.215 seconds
[2026-07-03T13:19:23.777+0000] {processor.py:161} INFO - Started process (PID=12070) to work on /opt/airflow/dags/dag_gold_dbt.py
[2026-07-03T13:19:23.780+0000] {processor.py:830} INFO - Processing file /opt/airflow/dags/dag_gold_dbt.py for tasks to queue
[2026-07-03T13:19:23.784+0000] {logging_mixin.py:188} INFO - [2026-07-03T13:19:23.784+0000] {dagbag.py:545} INFO - Filling up the DagBag from /opt/airflow/dags/dag_gold_dbt.py
[2026-07-03T13:19:23.835+0000] {processor.py:840} INFO - DAG(s) 'gold_dbt_dag' retrieved from /opt/airflow/dags/dag_gold_dbt.py
[2026-07-03T13:19:23.891+0000] {logging_mixin.py:188} INFO - [2026-07-03T13:19:23.891+0000] {dag.py:3096} INFO - Sync 1 DAGs
[2026-07-03T13:19:23.922+0000] {logging_mixin.py:188} INFO - [2026-07-03T13:19:23.922+0000] {dag.py:3954} INFO - Setting next_dagrun for gold_dbt_dag to None, run_after=None
[2026-07-03T13:19:23.958+0000] {processor.py:183} INFO - Processing /opt/airflow/dags/dag_gold_dbt.py took 0.206 seconds
[2026-07-03T13:19:54.396+0000] {processor.py:161} INFO - Started process (PID=12107) to work on /opt/airflow/dags/dag_gold_dbt.py
[2026-07-03T13:19:54.399+0000] {processor.py:830} INFO - Processing file /opt/airflow/dags/dag_gold_dbt.py for tasks to queue
[2026-07-03T13:19:54.405+0000] {logging_mixin.py:188} INFO - [2026-07-03T13:19:54.405+0000] {dagbag.py:545} INFO - Filling up the DagBag from /opt/airflow/dags/dag_gold_dbt.py
[2026-07-03T13:19:54.421+0000] {processor.py:840} INFO - DAG(s) 'gold_dbt_dag' retrieved from /opt/airflow/dags/dag_gold_dbt.py
[2026-07-03T13:19:54.455+0000] {logging_mixin.py:188} INFO - [2026-07-03T13:19:54.454+0000] {dag.py:3096} INFO - Sync 1 DAGs
[2026-07-03T13:19:54.475+0000] {logging_mixin.py:188} INFO - [2026-07-03T13:19:54.475+0000] {dag.py:3954} INFO - Setting next_dagrun for gold_dbt_dag to None, run_after=None
[2026-07-03T13:19:54.499+0000] {processor.py:183} INFO - Processing /opt/airflow/dags/dag_gold_dbt.py took 0.110 seconds
[2026-07-03T13:20:25.491+0000] {processor.py:161} INFO - Started process (PID=12144) to work on /opt/airflow/dags/dag_gold_dbt.py
[2026-07-03T13:20:25.493+0000] {processor.py:830} INFO - Processing file /opt/airflow/dags/dag_gold_dbt.py for tasks to queue
[2026-07-03T13:20:25.496+0000] {logging_mixin.py:188} INFO - [2026-07-03T13:20:25.495+0000] {dagbag.py:545} INFO - Filling up the DagBag from /opt/airflow/dags/dag_gold_dbt.py
[2026-07-03T13:20:25.518+0000] {processor.py:840} INFO - DAG(s) 'gold_dbt_dag' retrieved from /opt/airflow/dags/dag_gold_dbt.py
[2026-07-03T13:20:25.553+0000] {logging_mixin.py:188} INFO - [2026-07-03T13:20:25.553+0000] {dag.py:3096} INFO - Sync 1 DAGs
[2026-07-03T13:20:25.572+0000] {logging_mixin.py:188} INFO - [2026-07-03T13:20:25.572+0000] {dag.py:3954} INFO - Setting next_dagrun for gold_dbt_dag to None, run_after=None
[2026-07-03T13:20:25.601+0000] {processor.py:183} INFO - Processing /opt/airflow/dags/dag_gold_dbt.py took 0.125 seconds
[2026-07-03T13:20:56.192+0000] {processor.py:161} INFO - Started process (PID=12181) to work on /opt/airflow/dags/dag_gold_dbt.py
[2026-07-03T13:20:56.194+0000] {processor.py:830} INFO - Processing file /opt/airflow/dags/dag_gold_dbt.py for tasks to queue
[2026-07-03T13:20:56.196+0000] {logging_mixin.py:188} INFO - [2026-07-03T13:20:56.196+0000] {dagbag.py:545} INFO - Filling up the DagBag from /opt/airflow/dags/dag_gold_dbt.py
[2026-07-03T13:20:56.214+0000] {processor.py:840} INFO - DAG(s) 'gold_dbt_dag' retrieved from /opt/airflow/dags/dag_gold_dbt.py
[2026-07-03T13:20:56.249+0000] {logging_mixin.py:188} INFO - [2026-07-03T13:20:56.249+0000] {dag.py:3096} INFO - Sync 1 DAGs
[2026-07-03T13:20:56.270+0000] {logging_mixin.py:188} INFO - [2026-07-03T13:20:56.270+0000] {dag.py:3954} INFO - Setting next_dagrun for gold_dbt_dag to None, run_after=None
[2026-07-03T13:20:56.300+0000] {processor.py:183} INFO - Processing /opt/airflow/dags/dag_gold_dbt.py took 0.116 seconds
[2026-07-03T13:21:27.365+0000] {processor.py:161} INFO - Started process (PID=12218) to work on /opt/airflow/dags/dag_gold_dbt.py
[2026-07-03T13:21:27.367+0000] {processor.py:830} INFO - Processing file /opt/airflow/dags/dag_gold_dbt.py for tasks to queue
[2026-07-03T13:21:27.372+0000] {logging_mixin.py:188} INFO - [2026-07-03T13:21:27.371+0000] {dagbag.py:545} INFO - Filling up the DagBag from /opt/airflow/dags/dag_gold_dbt.py
[2026-07-03T13:21:27.422+0000] {processor.py:840} INFO - DAG(s) 'gold_dbt_dag' retrieved from /opt/airflow/dags/dag_gold_dbt.py
[2026-07-03T13:21:27.543+0000] {logging_mixin.py:188} INFO - [2026-07-03T13:21:27.543+0000] {dag.py:3096} INFO - Sync 1 DAGs
[2026-07-03T13:21:27.622+0000] {logging_mixin.py:188} INFO - [2026-07-03T13:21:27.622+0000] {dag.py:3954} INFO - Setting next_dagrun for gold_dbt_dag to None, run_after=None
[2026-07-03T13:21:27.803+0000] {processor.py:183} INFO - Processing /opt/airflow/dags/dag_gold_dbt.py took 0.451 seconds
[2026-07-03T13:21:58.190+0000] {processor.py:161} INFO - Started process (PID=12255) to work on /opt/airflow/dags/dag_gold_dbt.py
[2026-07-03T13:21:58.190+0000] {processor.py:830} INFO - Processing file /opt/airflow/dags/dag_gold_dbt.py for tasks to queue
[2026-07-03T13:21:58.192+0000] {logging_mixin.py:188} INFO - [2026-07-03T13:21:58.192+0000] {dagbag.py:545} INFO - Filling up the DagBag from /opt/airflow/dags/dag_gold_dbt.py
[2026-07-03T13:21:58.200+0000] {processor.py:840} INFO - DAG(s) 'gold_dbt_dag' retrieved from /opt/airflow/dags/dag_gold_dbt.py
[2026-07-03T13:21:58.227+0000] {logging_mixin.py:188} INFO - [2026-07-03T13:21:58.227+0000] {dag.py:3096} INFO - Sync 1 DAGs
[2026-07-03T13:21:58.243+0000] {logging_mixin.py:188} INFO - [2026-07-03T13:21:58.243+0000] {dag.py:3954} INFO - Setting next_dagrun for gold_dbt_dag to None, run_after=None
[2026-07-03T13:21:58.263+0000] {processor.py:183} INFO - Processing /opt/airflow/dags/dag_gold_dbt.py took 0.079 seconds
[2026-07-03T13:22:28.554+0000] {processor.py:161} INFO - Started process (PID=12292) to work on /opt/airflow/dags/dag_gold_dbt.py
[2026-07-03T13:22:28.556+0000] {processor.py:830} INFO - Processing file /opt/airflow/dags/dag_gold_dbt.py for tasks to queue
[2026-07-03T13:22:28.563+0000] {logging_mixin.py:188} INFO - [2026-07-03T13:22:28.561+0000] {dagbag.py:545} INFO - Filling up the DagBag from /opt/airflow/dags/dag_gold_dbt.py
[2026-07-03T13:22:28.612+0000] {processor.py:840} INFO - DAG(s) 'gold_dbt_dag' retrieved from /opt/airflow/dags/dag_gold_dbt.py
[2026-07-03T13:22:28.694+0000] {logging_mixin.py:188} INFO - [2026-07-03T13:22:28.693+0000] {dag.py:3096} INFO - Sync 1 DAGs
[2026-07-03T13:22:28.758+0000] {logging_mixin.py:188} INFO - [2026-07-03T13:22:28.757+0000] {dag.py:3954} INFO - Setting next_dagrun for gold_dbt_dag to None, run_after=None
[2026-07-03T13:22:28.826+0000] {processor.py:183} INFO - Processing /opt/airflow/dags/dag_gold_dbt.py took 0.298 seconds
[2026-07-03T13:22:59.709+0000] {processor.py:161} INFO - Started process (PID=12329) to work on /opt/airflow/dags/dag_gold_dbt.py
[2026-07-03T13:22:59.710+0000] {processor.py:830} INFO - Processing file /opt/airflow/dags/dag_gold_dbt.py for tasks to queue
[2026-07-03T13:22:59.711+0000] {logging_mixin.py:188} INFO - [2026-07-03T13:22:59.711+0000] {dagbag.py:545} INFO - Filling up the DagBag from /opt/airflow/dags/dag_gold_dbt.py
[2026-07-03T13:22:59.726+0000] {processor.py:840} INFO - DAG(s) 'gold_dbt_dag' retrieved from /opt/airflow/dags/dag_gold_dbt.py
[2026-07-03T13:22:59.746+0000] {logging_mixin.py:188} INFO - [2026-07-03T13:22:59.746+0000] {dag.py:3096} INFO - Sync 1 DAGs
[2026-07-03T13:22:59.764+0000] {logging_mixin.py:188} INFO - [2026-07-03T13:22:59.764+0000] {dag.py:3954} INFO - Setting next_dagrun for gold_dbt_dag to None, run_after=None
[2026-07-03T13:22:59.783+0000] {processor.py:183} INFO - Processing /opt/airflow/dags/dag_gold_dbt.py took 0.080 seconds
[2026-07-03T13:23:29.963+0000] {processor.py:161} INFO - Started process (PID=12364) to work on /opt/airflow/dags/dag_gold_dbt.py
[2026-07-03T13:23:29.966+0000] {processor.py:830} INFO - Processing file /opt/airflow/dags/dag_gold_dbt.py for tasks to queue
[2026-07-03T13:23:29.968+0000] {logging_mixin.py:188} INFO - [2026-07-03T13:23:29.967+0000] {dagbag.py:545} INFO - Filling up the DagBag from /opt/airflow/dags/dag_gold_dbt.py
[2026-07-03T13:23:29.982+0000] {processor.py:840} INFO - DAG(s) 'gold_dbt_dag' retrieved from /opt/airflow/dags/dag_gold_dbt.py
[2026-07-03T13:23:30.002+0000] {logging_mixin.py:188} INFO - [2026-07-03T13:23:30.002+0000] {dag.py:3096} INFO - Sync 1 DAGs
[2026-07-03T13:23:30.025+0000] {logging_mixin.py:188} INFO - [2026-07-03T13:23:30.024+0000] {dag.py:3954} INFO - Setting next_dagrun for gold_dbt_dag to None, run_after=None
[2026-07-03T13:23:30.045+0000] {processor.py:183} INFO - Processing /opt/airflow/dags/dag_gold_dbt.py took 0.091 seconds
[2026-07-03T13:24:00.410+0000] {processor.py:161} INFO - Started process (PID=12379) to work on /opt/airflow/dags/dag_gold_dbt.py
[2026-07-03T13:24:00.413+0000] {processor.py:830} INFO - Processing file /opt/airflow/dags/dag_gold_dbt.py for tasks to queue
[2026-07-03T13:24:00.427+0000] {logging_mixin.py:188} INFO - [2026-07-03T13:24:00.424+0000] {dagbag.py:545} INFO - Filling up the DagBag from /opt/airflow/dags/dag_gold_dbt.py
[2026-07-03T13:24:00.454+0000] {processor.py:840} INFO - DAG(s) 'gold_dbt_dag' retrieved from /opt/airflow/dags/dag_gold_dbt.py
[2026-07-03T13:24:00.504+0000] {logging_mixin.py:188} INFO - [2026-07-03T13:24:00.504+0000] {dag.py:3096} INFO - Sync 1 DAGs
[2026-07-03T13:24:00.543+0000] {logging_mixin.py:188} INFO - [2026-07-03T13:24:00.543+0000] {dag.py:3954} INFO - Setting next_dagrun for gold_dbt_dag to None, run_after=None
[2026-07-03T13:24:00.570+0000] {processor.py:183} INFO - Processing /opt/airflow/dags/dag_gold_dbt.py took 0.172 seconds
[2026-07-03T13:24:31.005+0000] {processor.py:161} INFO - Started process (PID=12413) to work on /opt/airflow/dags/dag_gold_dbt.py
[2026-07-03T13:24:31.007+0000] {processor.py:830} INFO - Processing file /opt/airflow/dags/dag_gold_dbt.py for tasks to queue
[2026-07-03T13:24:31.012+0000] {logging_mixin.py:188} INFO - [2026-07-03T13:24:31.012+0000] {dagbag.py:545} INFO - Filling up the DagBag from /opt/airflow/dags/dag_gold_dbt.py
[2026-07-03T13:24:31.073+0000] {processor.py:840} INFO - DAG(s) 'gold_dbt_dag' retrieved from /opt/airflow/dags/dag_gold_dbt.py
[2026-07-03T13:24:31.169+0000] {logging_mixin.py:188} INFO - [2026-07-03T13:24:31.167+0000] {dag.py:3096} INFO - Sync 1 DAGs
[2026-07-03T13:24:31.239+0000] {logging_mixin.py:188} INFO - [2026-07-03T13:24:31.237+0000] {dag.py:3954} INFO - Setting next_dagrun for gold_dbt_dag to None, run_after=None
[2026-07-03T13:24:31.293+0000] {processor.py:183} INFO - Processing /opt/airflow/dags/dag_gold_dbt.py took 0.301 seconds
[2026-07-03T13:25:02.313+0000] {processor.py:161} INFO - Started process (PID=12450) to work on /opt/airflow/dags/dag_gold_dbt.py
[2026-07-03T13:25:02.315+0000] {processor.py:830} INFO - Processing file /opt/airflow/dags/dag_gold_dbt.py for tasks to queue
[2026-07-03T13:25:02.318+0000] {logging_mixin.py:188} INFO - [2026-07-03T13:25:02.318+0000] {dagbag.py:545} INFO - Filling up the DagBag from /opt/airflow/dags/dag_gold_dbt.py
[2026-07-03T13:25:02.367+0000] {processor.py:840} INFO - DAG(s) 'gold_dbt_dag' retrieved from /opt/airflow/dags/dag_gold_dbt.py
[2026-07-03T13:25:02.422+0000] {logging_mixin.py:188} INFO - [2026-07-03T13:25:02.421+0000] {dag.py:3096} INFO - Sync 1 DAGs
[2026-07-03T13:25:02.454+0000] {logging_mixin.py:188} INFO - [2026-07-03T13:25:02.454+0000] {dag.py:3954} INFO - Setting next_dagrun for gold_dbt_dag to None, run_after=None
[2026-07-03T13:25:02.484+0000] {processor.py:183} INFO - Processing /opt/airflow/dags/dag_gold_dbt.py took 0.185 seconds
[2026-07-03T13:25:32.658+0000] {processor.py:161} INFO - Started process (PID=12487) to work on /opt/airflow/dags/dag_gold_dbt.py
[2026-07-03T13:25:32.660+0000] {processor.py:830} INFO - Processing file /opt/airflow/dags/dag_gold_dbt.py for tasks to queue
[2026-07-03T13:25:32.668+0000] {logging_mixin.py:188} INFO - [2026-07-03T13:25:32.666+0000] {dagbag.py:545} INFO - Filling up the DagBag from /opt/airflow/dags/dag_gold_dbt.py
[2026-07-03T13:25:32.713+0000] {processor.py:840} INFO - DAG(s) 'gold_dbt_dag' retrieved from /opt/airflow/dags/dag_gold_dbt.py
[2026-07-03T13:25:32.776+0000] {logging_mixin.py:188} INFO - [2026-07-03T13:25:32.774+0000] {dag.py:3096} INFO - Sync 1 DAGs
[2026-07-03T13:25:32.826+0000] {logging_mixin.py:188} INFO - [2026-07-03T13:25:32.826+0000] {dag.py:3954} INFO - Setting next_dagrun for gold_dbt_dag to None, run_after=None
[2026-07-03T13:25:32.865+0000] {processor.py:183} INFO - Processing /opt/airflow/dags/dag_gold_dbt.py took 0.233 seconds
[2026-07-03T13:26:03.870+0000] {processor.py:161} INFO - Started process (PID=12524) to work on /opt/airflow/dags/dag_gold_dbt.py
[2026-07-03T13:26:03.872+0000] {processor.py:830} INFO - Processing file /opt/airflow/dags/dag_gold_dbt.py for tasks to queue
[2026-07-03T13:26:03.876+0000] {logging_mixin.py:188} INFO - [2026-07-03T13:26:03.875+0000] {dagbag.py:545} INFO - Filling up the DagBag from /opt/airflow/dags/dag_gold_dbt.py
[2026-07-03T13:26:03.912+0000] {processor.py:840} INFO - DAG(s) 'gold_dbt_dag' retrieved from /opt/airflow/dags/dag_gold_dbt.py
[2026-07-03T13:26:03.959+0000] {logging_mixin.py:188} INFO - [2026-07-03T13:26:03.959+0000] {dag.py:3096} INFO - Sync 1 DAGs
[2026-07-03T13:26:03.991+0000] {logging_mixin.py:188} INFO - [2026-07-03T13:26:03.991+0000] {dag.py:3954} INFO - Setting next_dagrun for gold_dbt_dag to None, run_after=None
[2026-07-03T13:26:04.032+0000] {processor.py:183} INFO - Processing /opt/airflow/dags/dag_gold_dbt.py took 0.176 seconds
[2026-07-03T13:26:34.098+0000] {processor.py:161} INFO - Started process (PID=12561) to work on /opt/airflow/dags/dag_gold_dbt.py
[2026-07-03T13:26:34.101+0000] {processor.py:830} INFO - Processing file /opt/airflow/dags/dag_gold_dbt.py for tasks to queue
[2026-07-03T13:26:34.106+0000] {logging_mixin.py:188} INFO - [2026-07-03T13:26:34.104+0000] {dagbag.py:545} INFO - Filling up the DagBag from /opt/airflow/dags/dag_gold_dbt.py
[2026-07-03T13:26:34.139+0000] {processor.py:840} INFO - DAG(s) 'gold_dbt_dag' retrieved from /opt/airflow/dags/dag_gold_dbt.py
[2026-07-03T13:26:34.184+0000] {logging_mixin.py:188} INFO - [2026-07-03T13:26:34.184+0000] {dag.py:3096} INFO - Sync 1 DAGs
[2026-07-03T13:26:34.218+0000] {logging_mixin.py:188} INFO - [2026-07-03T13:26:34.218+0000] {dag.py:3954} INFO - Setting next_dagrun for gold_dbt_dag to None, run_after=None
[2026-07-03T13:26:34.245+0000] {processor.py:183} INFO - Processing /opt/airflow/dags/dag_gold_dbt.py took 0.158 seconds
[2026-07-03T13:27:04.321+0000] {processor.py:161} INFO - Started process (PID=12598) to work on /opt/airflow/dags/dag_gold_dbt.py
[2026-07-03T13:27:04.323+0000] {processor.py:830} INFO - Processing file /opt/airflow/dags/dag_gold_dbt.py for tasks to queue
[2026-07-03T13:27:04.331+0000] {logging_mixin.py:188} INFO - [2026-07-03T13:27:04.330+0000] {dagbag.py:545} INFO - Filling up the DagBag from /opt/airflow/dags/dag_gold_dbt.py
[2026-07-03T13:27:04.366+0000] {processor.py:840} INFO - DAG(s) 'gold_dbt_dag' retrieved from /opt/airflow/dags/dag_gold_dbt.py
[2026-07-03T13:27:04.429+0000] {logging_mixin.py:188} INFO - [2026-07-03T13:27:04.428+0000] {dag.py:3096} INFO - Sync 1 DAGs
[2026-07-03T13:27:04.478+0000] {logging_mixin.py:188} INFO - [2026-07-03T13:27:04.478+0000] {dag.py:3954} INFO - Setting next_dagrun for gold_dbt_dag to None, run_after=None
[2026-07-03T13:27:04.504+0000] {processor.py:183} INFO - Processing /opt/airflow/dags/dag_gold_dbt.py took 0.206 seconds
[2026-07-03T13:27:35.373+0000] {processor.py:161} INFO - Started process (PID=12635) to work on /opt/airflow/dags/dag_gold_dbt.py
[2026-07-03T13:27:35.375+0000] {processor.py:830} INFO - Processing file /opt/airflow/dags/dag_gold_dbt.py for tasks to queue
[2026-07-03T13:27:35.379+0000] {logging_mixin.py:188} INFO - [2026-07-03T13:27:35.379+0000] {dagbag.py:545} INFO - Filling up the DagBag from /opt/airflow/dags/dag_gold_dbt.py
[2026-07-03T13:27:35.420+0000] {processor.py:840} INFO - DAG(s) 'gold_dbt_dag' retrieved from /opt/airflow/dags/dag_gold_dbt.py
[2026-07-03T13:27:35.453+0000] {logging_mixin.py:188} INFO - [2026-07-03T13:27:35.453+0000] {dag.py:3096} INFO - Sync 1 DAGs
[2026-07-03T13:27:35.479+0000] {logging_mixin.py:188} INFO - [2026-07-03T13:27:35.478+0000] {dag.py:3954} INFO - Setting next_dagrun for gold_dbt_dag to None, run_after=None
[2026-07-03T13:27:35.496+0000] {processor.py:183} INFO - Processing /opt/airflow/dags/dag_gold_dbt.py took 0.134 seconds
[2026-07-03T13:28:06.530+0000] {processor.py:161} INFO - Started process (PID=12672) to work on /opt/airflow/dags/dag_gold_dbt.py
[2026-07-03T13:28:06.532+0000] {processor.py:830} INFO - Processing file /opt/airflow/dags/dag_gold_dbt.py for tasks to queue
[2026-07-03T13:28:06.535+0000] {logging_mixin.py:188} INFO - [2026-07-03T13:28:06.534+0000] {dagbag.py:545} INFO - Filling up the DagBag from /opt/airflow/dags/dag_gold_dbt.py
[2026-07-03T13:28:06.565+0000] {processor.py:840} INFO - DAG(s) 'gold_dbt_dag' retrieved from /opt/airflow/dags/dag_gold_dbt.py
[2026-07-03T13:28:06.626+0000] {logging_mixin.py:188} INFO - [2026-07-03T13:28:06.626+0000] {dag.py:3096} INFO - Sync 1 DAGs
[2026-07-03T13:28:06.655+0000] {logging_mixin.py:188} INFO - [2026-07-03T13:28:06.655+0000] {dag.py:3954} INFO - Setting next_dagrun for gold_dbt_dag to None, run_after=None
[2026-07-03T13:28:06.677+0000] {processor.py:183} INFO - Processing /opt/airflow/dags/dag_gold_dbt.py took 0.161 seconds
[2026-07-03T13:28:37.601+0000] {processor.py:161} INFO - Started process (PID=12709) to work on /opt/airflow/dags/dag_gold_dbt.py
[2026-07-03T13:28:37.606+0000] {processor.py:830} INFO - Processing file /opt/airflow/dags/dag_gold_dbt.py for tasks to queue
[2026-07-03T13:28:37.612+0000] {logging_mixin.py:188} INFO - [2026-07-03T13:28:37.611+0000] {dagbag.py:545} INFO - Filling up the DagBag from /opt/airflow/dags/dag_gold_dbt.py
[2026-07-03T13:28:37.654+0000] {processor.py:840} INFO - DAG(s) 'gold_dbt_dag' retrieved from /opt/airflow/dags/dag_gold_dbt.py
[2026-07-03T13:28:37.708+0000] {logging_mixin.py:188} INFO - [2026-07-03T13:28:37.708+0000] {dag.py:3096} INFO - Sync 1 DAGs
[2026-07-03T13:28:37.746+0000] {logging_mixin.py:188} INFO - [2026-07-03T13:28:37.745+0000] {dag.py:3954} INFO - Setting next_dagrun for gold_dbt_dag to None, run_after=None
[2026-07-03T13:28:37.771+0000] {processor.py:183} INFO - Processing /opt/airflow/dags/dag_gold_dbt.py took 0.192 seconds
[2026-07-03T13:29:08.651+0000] {processor.py:161} INFO - Started process (PID=12746) to work on /opt/airflow/dags/dag_gold_dbt.py
[2026-07-03T13:29:08.654+0000] {processor.py:830} INFO - Processing file /opt/airflow/dags/dag_gold_dbt.py for tasks to queue
[2026-07-03T13:29:08.661+0000] {logging_mixin.py:188} INFO - [2026-07-03T13:29:08.661+0000] {dagbag.py:545} INFO - Filling up the DagBag from /opt/airflow/dags/dag_gold_dbt.py
[2026-07-03T13:29:08.688+0000] {processor.py:840} INFO - DAG(s) 'gold_dbt_dag' retrieved from /opt/airflow/dags/dag_gold_dbt.py
[2026-07-03T13:29:08.756+0000] {logging_mixin.py:188} INFO - [2026-07-03T13:29:08.755+0000] {dag.py:3096} INFO - Sync 1 DAGs
[2026-07-03T13:29:08.805+0000] {logging_mixin.py:188} INFO - [2026-07-03T13:29:08.805+0000] {dag.py:3954} INFO - Setting next_dagrun for gold_dbt_dag to None, run_after=None
[2026-07-03T13:29:08.838+0000] {processor.py:183} INFO - Processing /opt/airflow/dags/dag_gold_dbt.py took 0.203 seconds
[2026-07-03T13:29:39.061+0000] {processor.py:161} INFO - Started process (PID=12783) to work on /opt/airflow/dags/dag_gold_dbt.py
[2026-07-03T13:29:39.064+0000] {processor.py:830} INFO - Processing file /opt/airflow/dags/dag_gold_dbt.py for tasks to queue
[2026-07-03T13:29:39.072+0000] {logging_mixin.py:188} INFO - [2026-07-03T13:29:39.071+0000] {dagbag.py:545} INFO - Filling up the DagBag from /opt/airflow/dags/dag_gold_dbt.py
[2026-07-03T13:29:39.110+0000] {processor.py:840} INFO - DAG(s) 'gold_dbt_dag' retrieved from /opt/airflow/dags/dag_gold_dbt.py
[2026-07-03T13:29:39.185+0000] {logging_mixin.py:188} INFO - [2026-07-03T13:29:39.185+0000] {dag.py:3096} INFO - Sync 1 DAGs
[2026-07-03T13:29:39.223+0000] {logging_mixin.py:188} INFO - [2026-07-03T13:29:39.223+0000] {dag.py:3954} INFO - Setting next_dagrun for gold_dbt_dag to None, run_after=None
[2026-07-03T13:29:39.270+0000] {processor.py:183} INFO - Processing /opt/airflow/dags/dag_gold_dbt.py took 0.238 seconds
[2026-07-03T13:30:10.256+0000] {processor.py:161} INFO - Started process (PID=12820) to work on /opt/airflow/dags/dag_gold_dbt.py
[2026-07-03T13:30:10.262+0000] {processor.py:830} INFO - Processing file /opt/airflow/dags/dag_gold_dbt.py for tasks to queue
[2026-07-03T13:30:10.272+0000] {logging_mixin.py:188} INFO - [2026-07-03T13:30:10.271+0000] {dagbag.py:545} INFO - Filling up the DagBag from /opt/airflow/dags/dag_gold_dbt.py
[2026-07-03T13:30:10.319+0000] {processor.py:840} INFO - DAG(s) 'gold_dbt_dag' retrieved from /opt/airflow/dags/dag_gold_dbt.py
[2026-07-03T13:30:10.370+0000] {logging_mixin.py:188} INFO - [2026-07-03T13:30:10.369+0000] {dag.py:3096} INFO - Sync 1 DAGs
[2026-07-03T13:30:10.415+0000] {logging_mixin.py:188} INFO - [2026-07-03T13:30:10.414+0000] {dag.py:3954} INFO - Setting next_dagrun for gold_dbt_dag to None, run_after=None
[2026-07-03T13:30:10.451+0000] {processor.py:183} INFO - Processing /opt/airflow/dags/dag_gold_dbt.py took 0.208 seconds
[2026-07-03T13:30:40.563+0000] {processor.py:161} INFO - Started process (PID=12857) to work on /opt/airflow/dags/dag_gold_dbt.py
[2026-07-03T13:30:40.565+0000] {processor.py:830} INFO - Processing file /opt/airflow/dags/dag_gold_dbt.py for tasks to queue
[2026-07-03T13:30:40.569+0000] {logging_mixin.py:188} INFO - [2026-07-03T13:30:40.569+0000] {dagbag.py:545} INFO - Filling up the DagBag from /opt/airflow/dags/dag_gold_dbt.py
[2026-07-03T13:30:40.604+0000] {processor.py:840} INFO - DAG(s) 'gold_dbt_dag' retrieved from /opt/airflow/dags/dag_gold_dbt.py
[2026-07-03T13:30:40.669+0000] {logging_mixin.py:188} INFO - [2026-07-03T13:30:40.669+0000] {dag.py:3096} INFO - Sync 1 DAGs
[2026-07-03T13:30:40.702+0000] {logging_mixin.py:188} INFO - [2026-07-03T13:30:40.701+0000] {dag.py:3954} INFO - Setting next_dagrun for gold_dbt_dag to None, run_after=None
[2026-07-03T13:30:40.742+0000] {processor.py:183} INFO - Processing /opt/airflow/dags/dag_gold_dbt.py took 0.201 seconds
[2026-07-03T13:31:11.729+0000] {processor.py:161} INFO - Started process (PID=12894) to work on /opt/airflow/dags/dag_gold_dbt.py
[2026-07-03T13:31:11.733+0000] {processor.py:830} INFO - Processing file /opt/airflow/dags/dag_gold_dbt.py for tasks to queue
[2026-07-03T13:31:11.735+0000] {logging_mixin.py:188} INFO - [2026-07-03T13:31:11.735+0000] {dagbag.py:545} INFO - Filling up the DagBag from /opt/airflow/dags/dag_gold_dbt.py
[2026-07-03T13:31:11.785+0000] {processor.py:840} INFO - DAG(s) 'gold_dbt_dag' retrieved from /opt/airflow/dags/dag_gold_dbt.py
[2026-07-03T13:31:11.851+0000] {logging_mixin.py:188} INFO - [2026-07-03T13:31:11.851+0000] {dag.py:3096} INFO - Sync 1 DAGs
[2026-07-03T13:31:11.880+0000] {logging_mixin.py:188} INFO - [2026-07-03T13:31:11.880+0000] {dag.py:3954} INFO - Setting next_dagrun for gold_dbt_dag to None, run_after=None
[2026-07-03T13:31:11.919+0000] {processor.py:183} INFO - Processing /opt/airflow/dags/dag_gold_dbt.py took 0.201 seconds
[2026-07-03T13:31:42.800+0000] {processor.py:161} INFO - Started process (PID=12931) to work on /opt/airflow/dags/dag_gold_dbt.py
[2026-07-03T13:31:42.801+0000] {processor.py:830} INFO - Processing file /opt/airflow/dags/dag_gold_dbt.py for tasks to queue
[2026-07-03T13:31:42.806+0000] {logging_mixin.py:188} INFO - [2026-07-03T13:31:42.806+0000] {dagbag.py:545} INFO - Filling up the DagBag from /opt/airflow/dags/dag_gold_dbt.py
[2026-07-03T13:31:42.836+0000] {processor.py:840} INFO - DAG(s) 'gold_dbt_dag' retrieved from /opt/airflow/dags/dag_gold_dbt.py
[2026-07-03T13:31:42.888+0000] {logging_mixin.py:188} INFO - [2026-07-03T13:31:42.888+0000] {dag.py:3096} INFO - Sync 1 DAGs
[2026-07-03T13:31:42.920+0000] {logging_mixin.py:188} INFO - [2026-07-03T13:31:42.920+0000] {dag.py:3954} INFO - Setting next_dagrun for gold_dbt_dag to None, run_after=None
[2026-07-03T13:31:42.944+0000] {processor.py:183} INFO - Processing /opt/airflow/dags/dag_gold_dbt.py took 0.159 seconds
[2026-07-03T13:32:13.876+0000] {processor.py:161} INFO - Started process (PID=12968) to work on /opt/airflow/dags/dag_gold_dbt.py
[2026-07-03T13:32:13.878+0000] {processor.py:830} INFO - Processing file /opt/airflow/dags/dag_gold_dbt.py for tasks to queue
[2026-07-03T13:32:13.882+0000] {logging_mixin.py:188} INFO - [2026-07-03T13:32:13.881+0000] {dagbag.py:545} INFO - Filling up the DagBag from /opt/airflow/dags/dag_gold_dbt.py
[2026-07-03T13:32:13.919+0000] {processor.py:840} INFO - DAG(s) 'gold_dbt_dag' retrieved from /opt/airflow/dags/dag_gold_dbt.py
[2026-07-03T13:32:13.984+0000] {logging_mixin.py:188} INFO - [2026-07-03T13:32:13.983+0000] {dag.py:3096} INFO - Sync 1 DAGs
[2026-07-03T13:32:14.015+0000] {logging_mixin.py:188} INFO - [2026-07-03T13:32:14.015+0000] {dag.py:3954} INFO - Setting next_dagrun for gold_dbt_dag to None, run_after=None
[2026-07-03T13:32:14.053+0000] {processor.py:183} INFO - Processing /opt/airflow/dags/dag_gold_dbt.py took 0.191 seconds
[2026-07-03T13:32:45.048+0000] {processor.py:161} INFO - Started process (PID=13005) to work on /opt/airflow/dags/dag_gold_dbt.py
[2026-07-03T13:32:45.051+0000] {processor.py:830} INFO - Processing file /opt/airflow/dags/dag_gold_dbt.py for tasks to queue
[2026-07-03T13:32:45.055+0000] {logging_mixin.py:188} INFO - [2026-07-03T13:32:45.053+0000] {dagbag.py:545} INFO - Filling up the DagBag from /opt/airflow/dags/dag_gold_dbt.py
[2026-07-03T13:32:45.087+0000] {processor.py:840} INFO - DAG(s) 'gold_dbt_dag' retrieved from /opt/airflow/dags/dag_gold_dbt.py
[2026-07-03T13:32:45.141+0000] {logging_mixin.py:188} INFO - [2026-07-03T13:32:45.139+0000] {dag.py:3096} INFO - Sync 1 DAGs
[2026-07-03T13:32:45.170+0000] {logging_mixin.py:188} INFO - [2026-07-03T13:32:45.169+0000] {dag.py:3954} INFO - Setting next_dagrun for gold_dbt_dag to None, run_after=None
[2026-07-03T13:32:45.198+0000] {processor.py:183} INFO - Processing /opt/airflow/dags/dag_gold_dbt.py took 0.161 seconds
[2026-07-03T13:33:16.195+0000] {processor.py:161} INFO - Started process (PID=13042) to work on /opt/airflow/dags/dag_gold_dbt.py
[2026-07-03T13:33:16.196+0000] {processor.py:830} INFO - Processing file /opt/airflow/dags/dag_gold_dbt.py for tasks to queue
[2026-07-03T13:33:16.205+0000] {logging_mixin.py:188} INFO - [2026-07-03T13:33:16.203+0000] {dagbag.py:545} INFO - Filling up the DagBag from /opt/airflow/dags/dag_gold_dbt.py
[2026-07-03T13:33:16.240+0000] {processor.py:840} INFO - DAG(s) 'gold_dbt_dag' retrieved from /opt/airflow/dags/dag_gold_dbt.py
[2026-07-03T13:33:16.295+0000] {logging_mixin.py:188} INFO - [2026-07-03T13:33:16.295+0000] {dag.py:3096} INFO - Sync 1 DAGs
[2026-07-03T13:33:16.397+0000] {logging_mixin.py:188} INFO - [2026-07-03T13:33:16.396+0000] {dag.py:3954} INFO - Setting next_dagrun for gold_dbt_dag to None, run_after=None
[2026-07-03T13:33:16.438+0000] {processor.py:183} INFO - Processing /opt/airflow/dags/dag_gold_dbt.py took 0.253 seconds
[2026-07-03T13:33:47.392+0000] {processor.py:161} INFO - Started process (PID=13079) to work on /opt/airflow/dags/dag_gold_dbt.py
[2026-07-03T13:33:47.394+0000] {processor.py:830} INFO - Processing file /opt/airflow/dags/dag_gold_dbt.py for tasks to queue
[2026-07-03T13:33:47.401+0000] {logging_mixin.py:188} INFO - [2026-07-03T13:33:47.400+0000] {dagbag.py:545} INFO - Filling up the DagBag from /opt/airflow/dags/dag_gold_dbt.py
[2026-07-03T13:33:47.441+0000] {processor.py:840} INFO - DAG(s) 'gold_dbt_dag' retrieved from /opt/airflow/dags/dag_gold_dbt.py
[2026-07-03T13:33:47.499+0000] {logging_mixin.py:188} INFO - [2026-07-03T13:33:47.498+0000] {dag.py:3096} INFO - Sync 1 DAGs
[2026-07-03T13:33:47.539+0000] {logging_mixin.py:188} INFO - [2026-07-03T13:33:47.538+0000] {dag.py:3954} INFO - Setting next_dagrun for gold_dbt_dag to None, run_after=None
[2026-07-03T13:33:47.573+0000] {processor.py:183} INFO - Processing /opt/airflow/dags/dag_gold_dbt.py took 0.196 seconds
[2026-07-03T13:34:18.646+0000] {processor.py:161} INFO - Started process (PID=13116) to work on /opt/airflow/dags/dag_gold_dbt.py
[2026-07-03T13:34:18.648+0000] {processor.py:830} INFO - Processing file /opt/airflow/dags/dag_gold_dbt.py for tasks to queue
[2026-07-03T13:34:18.653+0000] {logging_mixin.py:188} INFO - [2026-07-03T13:34:18.653+0000] {dagbag.py:545} INFO - Filling up the DagBag from /opt/airflow/dags/dag_gold_dbt.py
[2026-07-03T13:34:18.696+0000] {processor.py:840} INFO - DAG(s) 'gold_dbt_dag' retrieved from /opt/airflow/dags/dag_gold_dbt.py
[2026-07-03T13:34:18.747+0000] {logging_mixin.py:188} INFO - [2026-07-03T13:34:18.747+0000] {dag.py:3096} INFO - Sync 1 DAGs
[2026-07-03T13:34:18.792+0000] {logging_mixin.py:188} INFO - [2026-07-03T13:34:18.792+0000] {dag.py:3954} INFO - Setting next_dagrun for gold_dbt_dag to None, run_after=None
[2026-07-03T13:34:18.821+0000] {processor.py:183} INFO - Processing /opt/airflow/dags/dag_gold_dbt.py took 0.188 seconds
[2026-07-03T13:34:49.853+0000] {processor.py:161} INFO - Started process (PID=13153) to work on /opt/airflow/dags/dag_gold_dbt.py
[2026-07-03T13:34:49.858+0000] {processor.py:830} INFO - Processing file /opt/airflow/dags/dag_gold_dbt.py for tasks to queue
[2026-07-03T13:34:49.862+0000] {logging_mixin.py:188} INFO - [2026-07-03T13:34:49.862+0000] {dagbag.py:545} INFO - Filling up the DagBag from /opt/airflow/dags/dag_gold_dbt.py
[2026-07-03T13:34:49.902+0000] {processor.py:840} INFO - DAG(s) 'gold_dbt_dag' retrieved from /opt/airflow/dags/dag_gold_dbt.py
[2026-07-03T13:34:49.958+0000] {logging_mixin.py:188} INFO - [2026-07-03T13:34:49.958+0000] {dag.py:3096} INFO - Sync 1 DAGs
[2026-07-03T13:34:49.984+0000] {logging_mixin.py:188} INFO - [2026-07-03T13:34:49.984+0000] {dag.py:3954} INFO - Setting next_dagrun for gold_dbt_dag to None, run_after=None
[2026-07-03T13:34:50.022+0000] {processor.py:183} INFO - Processing /opt/airflow/dags/dag_gold_dbt.py took 0.185 seconds
[2026-07-03T13:35:21.022+0000] {processor.py:161} INFO - Started process (PID=13190) to work on /opt/airflow/dags/dag_gold_dbt.py
[2026-07-03T13:35:21.025+0000] {processor.py:830} INFO - Processing file /opt/airflow/dags/dag_gold_dbt.py for tasks to queue
[2026-07-03T13:35:21.029+0000] {logging_mixin.py:188} INFO - [2026-07-03T13:35:21.029+0000] {dagbag.py:545} INFO - Filling up the DagBag from /opt/airflow/dags/dag_gold_dbt.py
[2026-07-03T13:35:21.057+0000] {processor.py:840} INFO - DAG(s) 'gold_dbt_dag' retrieved from /opt/airflow/dags/dag_gold_dbt.py
[2026-07-03T13:35:21.106+0000] {logging_mixin.py:188} INFO - [2026-07-03T13:35:21.105+0000] {dag.py:3096} INFO - Sync 1 DAGs
[2026-07-03T13:35:21.138+0000] {logging_mixin.py:188} INFO - [2026-07-03T13:35:21.138+0000] {dag.py:3954} INFO - Setting next_dagrun for gold_dbt_dag to None, run_after=None
[2026-07-03T13:35:21.163+0000] {processor.py:183} INFO - Processing /opt/airflow/dags/dag_gold_dbt.py took 0.155 seconds
[2026-07-03T13:35:51.887+0000] {processor.py:161} INFO - Started process (PID=13227) to work on /opt/airflow/dags/dag_gold_dbt.py
[2026-07-03T13:35:51.894+0000] {processor.py:830} INFO - Processing file /opt/airflow/dags/dag_gold_dbt.py for tasks to queue
[2026-07-03T13:35:51.925+0000] {logging_mixin.py:188} INFO - [2026-07-03T13:35:51.923+0000] {dagbag.py:545} INFO - Filling up the DagBag from /opt/airflow/dags/dag_gold_dbt.py
[2026-07-03T13:35:51.991+0000] {processor.py:840} INFO - DAG(s) 'gold_dbt_dag' retrieved from /opt/airflow/dags/dag_gold_dbt.py
[2026-07-03T13:35:52.044+0000] {logging_mixin.py:188} INFO - [2026-07-03T13:35:52.043+0000] {dag.py:3096} INFO - Sync 1 DAGs
[2026-07-03T13:35:52.084+0000] {logging_mixin.py:188} INFO - [2026-07-03T13:35:52.083+0000] {dag.py:3954} INFO - Setting next_dagrun for gold_dbt_dag to None, run_after=None
[2026-07-03T13:35:52.114+0000] {processor.py:183} INFO - Processing /opt/airflow/dags/dag_gold_dbt.py took 0.300 seconds
[2026-07-03T13:36:22.295+0000] {processor.py:161} INFO - Started process (PID=13264) to work on /opt/airflow/dags/dag_gold_dbt.py
[2026-07-03T13:36:22.302+0000] {processor.py:830} INFO - Processing file /opt/airflow/dags/dag_gold_dbt.py for tasks to queue
[2026-07-03T13:36:22.313+0000] {logging_mixin.py:188} INFO - [2026-07-03T13:36:22.313+0000] {dagbag.py:545} INFO - Filling up the DagBag from /opt/airflow/dags/dag_gold_dbt.py
[2026-07-03T13:36:22.341+0000] {processor.py:840} INFO - DAG(s) 'gold_dbt_dag' retrieved from /opt/airflow/dags/dag_gold_dbt.py
[2026-07-03T13:36:22.398+0000] {logging_mixin.py:188} INFO - [2026-07-03T13:36:22.397+0000] {dag.py:3096} INFO - Sync 1 DAGs
[2026-07-03T13:36:22.440+0000] {logging_mixin.py:188} INFO - [2026-07-03T13:36:22.440+0000] {dag.py:3954} INFO - Setting next_dagrun for gold_dbt_dag to None, run_after=None
[2026-07-03T13:36:22.469+0000] {processor.py:183} INFO - Processing /opt/airflow/dags/dag_gold_dbt.py took 0.191 seconds
[2026-07-03T13:36:52.834+0000] {processor.py:161} INFO - Started process (PID=13301) to work on /opt/airflow/dags/dag_gold_dbt.py
[2026-07-03T13:36:52.836+0000] {processor.py:830} INFO - Processing file /opt/airflow/dags/dag_gold_dbt.py for tasks to queue
[2026-07-03T13:36:52.838+0000] {logging_mixin.py:188} INFO - [2026-07-03T13:36:52.838+0000] {dagbag.py:545} INFO - Filling up the DagBag from /opt/airflow/dags/dag_gold_dbt.py
[2026-07-03T13:36:52.869+0000] {processor.py:840} INFO - DAG(s) 'gold_dbt_dag' retrieved from /opt/airflow/dags/dag_gold_dbt.py
[2026-07-03T13:36:52.926+0000] {logging_mixin.py:188} INFO - [2026-07-03T13:36:52.925+0000] {dag.py:3096} INFO - Sync 1 DAGs
[2026-07-03T13:36:52.958+0000] {logging_mixin.py:188} INFO - [2026-07-03T13:36:52.957+0000] {dag.py:3954} INFO - Setting next_dagrun for gold_dbt_dag to None, run_after=None
[2026-07-03T13:36:52.984+0000] {processor.py:183} INFO - Processing /opt/airflow/dags/dag_gold_dbt.py took 0.166 seconds
[2026-07-03T13:37:23.933+0000] {processor.py:161} INFO - Started process (PID=13338) to work on /opt/airflow/dags/dag_gold_dbt.py
[2026-07-03T13:37:23.939+0000] {processor.py:830} INFO - Processing file /opt/airflow/dags/dag_gold_dbt.py for tasks to queue
[2026-07-03T13:37:23.953+0000] {logging_mixin.py:188} INFO - [2026-07-03T13:37:23.952+0000] {dagbag.py:545} INFO - Filling up the DagBag from /opt/airflow/dags/dag_gold_dbt.py
[2026-07-03T13:37:23.986+0000] {processor.py:840} INFO - DAG(s) 'gold_dbt_dag' retrieved from /opt/airflow/dags/dag_gold_dbt.py
[2026-07-03T13:37:24.057+0000] {logging_mixin.py:188} INFO - [2026-07-03T13:37:24.057+0000] {dag.py:3096} INFO - Sync 1 DAGs
[2026-07-03T13:37:24.081+0000] {logging_mixin.py:188} INFO - [2026-07-03T13:37:24.080+0000] {dag.py:3954} INFO - Setting next_dagrun for gold_dbt_dag to None, run_after=None
[2026-07-03T13:37:24.112+0000] {processor.py:183} INFO - Processing /opt/airflow/dags/dag_gold_dbt.py took 0.196 seconds
[2026-07-03T13:37:55.186+0000] {processor.py:161} INFO - Started process (PID=13375) to work on /opt/airflow/dags/dag_gold_dbt.py
[2026-07-03T13:37:55.188+0000] {processor.py:830} INFO - Processing file /opt/airflow/dags/dag_gold_dbt.py for tasks to queue
[2026-07-03T13:37:55.192+0000] {logging_mixin.py:188} INFO - [2026-07-03T13:37:55.190+0000] {dagbag.py:545} INFO - Filling up the DagBag from /opt/airflow/dags/dag_gold_dbt.py
[2026-07-03T13:37:55.230+0000] {processor.py:840} INFO - DAG(s) 'gold_dbt_dag' retrieved from /opt/airflow/dags/dag_gold_dbt.py
[2026-07-03T13:37:55.300+0000] {logging_mixin.py:188} INFO - [2026-07-03T13:37:55.299+0000] {dag.py:3096} INFO - Sync 1 DAGs
[2026-07-03T13:37:55.334+0000] {logging_mixin.py:188} INFO - [2026-07-03T13:37:55.333+0000] {dag.py:3954} INFO - Setting next_dagrun for gold_dbt_dag to None, run_after=None
[2026-07-03T13:37:55.357+0000] {processor.py:183} INFO - Processing /opt/airflow/dags/dag_gold_dbt.py took 0.202 seconds
[2026-07-03T13:38:26.313+0000] {processor.py:161} INFO - Started process (PID=13412) to work on /opt/airflow/dags/dag_gold_dbt.py
[2026-07-03T13:38:26.315+0000] {processor.py:830} INFO - Processing file /opt/airflow/dags/dag_gold_dbt.py for tasks to queue
[2026-07-03T13:38:26.319+0000] {logging_mixin.py:188} INFO - [2026-07-03T13:38:26.319+0000] {dagbag.py:545} INFO - Filling up the DagBag from /opt/airflow/dags/dag_gold_dbt.py
[2026-07-03T13:38:26.355+0000] {processor.py:840} INFO - DAG(s) 'gold_dbt_dag' retrieved from /opt/airflow/dags/dag_gold_dbt.py
[2026-07-03T13:38:26.416+0000] {logging_mixin.py:188} INFO - [2026-07-03T13:38:26.415+0000] {dag.py:3096} INFO - Sync 1 DAGs
[2026-07-03T13:38:26.445+0000] {logging_mixin.py:188} INFO - [2026-07-03T13:38:26.445+0000] {dag.py:3954} INFO - Setting next_dagrun for gold_dbt_dag to None, run_after=None
[2026-07-03T13:38:26.481+0000] {processor.py:183} INFO - Processing /opt/airflow/dags/dag_gold_dbt.py took 0.184 seconds
[2026-07-03T13:38:56.579+0000] {processor.py:161} INFO - Started process (PID=13449) to work on /opt/airflow/dags/dag_gold_dbt.py
[2026-07-03T13:38:56.581+0000] {processor.py:830} INFO - Processing file /opt/airflow/dags/dag_gold_dbt.py for tasks to queue
[2026-07-03T13:38:56.587+0000] {logging_mixin.py:188} INFO - [2026-07-03T13:38:56.585+0000] {dagbag.py:545} INFO - Filling up the DagBag from /opt/airflow/dags/dag_gold_dbt.py
[2026-07-03T13:38:56.642+0000] {processor.py:840} INFO - DAG(s) 'gold_dbt_dag' retrieved from /opt/airflow/dags/dag_gold_dbt.py
[2026-07-03T13:38:56.722+0000] {logging_mixin.py:188} INFO - [2026-07-03T13:38:56.722+0000] {dag.py:3096} INFO - Sync 1 DAGs
[2026-07-03T13:38:56.771+0000] {logging_mixin.py:188} INFO - [2026-07-03T13:38:56.771+0000] {dag.py:3954} INFO - Setting next_dagrun for gold_dbt_dag to None, run_after=None
[2026-07-03T13:38:56.799+0000] {processor.py:183} INFO - Processing /opt/airflow/dags/dag_gold_dbt.py took 0.240 seconds
[2026-07-03T13:39:27.912+0000] {processor.py:161} INFO - Started process (PID=13486) to work on /opt/airflow/dags/dag_gold_dbt.py
[2026-07-03T13:39:27.913+0000] {processor.py:830} INFO - Processing file /opt/airflow/dags/dag_gold_dbt.py for tasks to queue
[2026-07-03T13:39:27.921+0000] {logging_mixin.py:188} INFO - [2026-07-03T13:39:27.920+0000] {dagbag.py:545} INFO - Filling up the DagBag from /opt/airflow/dags/dag_gold_dbt.py
[2026-07-03T13:39:27.979+0000] {processor.py:840} INFO - DAG(s) 'gold_dbt_dag' retrieved from /opt/airflow/dags/dag_gold_dbt.py
[2026-07-03T13:39:28.184+0000] {logging_mixin.py:188} INFO - [2026-07-03T13:39:28.183+0000] {dag.py:3096} INFO - Sync 1 DAGs
[2026-07-03T13:39:28.282+0000] {logging_mixin.py:188} INFO - [2026-07-03T13:39:28.282+0000] {dag.py:3954} INFO - Setting next_dagrun for gold_dbt_dag to None, run_after=None
[2026-07-03T13:39:28.361+0000] {processor.py:183} INFO - Processing /opt/airflow/dags/dag_gold_dbt.py took 0.474 seconds
[2026-07-03T13:39:58.665+0000] {processor.py:161} INFO - Started process (PID=13523) to work on /opt/airflow/dags/dag_gold_dbt.py
[2026-07-03T13:39:58.668+0000] {processor.py:830} INFO - Processing file /opt/airflow/dags/dag_gold_dbt.py for tasks to queue
[2026-07-03T13:39:58.672+0000] {logging_mixin.py:188} INFO - [2026-07-03T13:39:58.672+0000] {dagbag.py:545} INFO - Filling up the DagBag from /opt/airflow/dags/dag_gold_dbt.py
[2026-07-03T13:39:58.715+0000] {processor.py:840} INFO - DAG(s) 'gold_dbt_dag' retrieved from /opt/airflow/dags/dag_gold_dbt.py
[2026-07-03T13:39:58.778+0000] {logging_mixin.py:188} INFO - [2026-07-03T13:39:58.777+0000] {dag.py:3096} INFO - Sync 1 DAGs
[2026-07-03T13:39:58.819+0000] {logging_mixin.py:188} INFO - [2026-07-03T13:39:58.818+0000] {dag.py:3954} INFO - Setting next_dagrun for gold_dbt_dag to None, run_after=None
[2026-07-03T13:39:58.858+0000] {processor.py:183} INFO - Processing /opt/airflow/dags/dag_gold_dbt.py took 0.213 seconds
[2026-07-03T13:40:29.917+0000] {processor.py:161} INFO - Started process (PID=13560) to work on /opt/airflow/dags/dag_gold_dbt.py
[2026-07-03T13:40:29.920+0000] {processor.py:830} INFO - Processing file /opt/airflow/dags/dag_gold_dbt.py for tasks to queue
[2026-07-03T13:40:29.931+0000] {logging_mixin.py:188} INFO - [2026-07-03T13:40:29.930+0000] {dagbag.py:545} INFO - Filling up the DagBag from /opt/airflow/dags/dag_gold_dbt.py
[2026-07-03T13:40:29.968+0000] {processor.py:840} INFO - DAG(s) 'gold_dbt_dag' retrieved from /opt/airflow/dags/dag_gold_dbt.py
[2026-07-03T13:40:30.042+0000] {logging_mixin.py:188} INFO - [2026-07-03T13:40:30.042+0000] {dag.py:3096} INFO - Sync 1 DAGs
[2026-07-03T13:40:30.089+0000] {logging_mixin.py:188} INFO - [2026-07-03T13:40:30.089+0000] {dag.py:3954} INFO - Setting next_dagrun for gold_dbt_dag to None, run_after=None
[2026-07-03T13:40:30.117+0000] {processor.py:183} INFO - Processing /opt/airflow/dags/dag_gold_dbt.py took 0.222 seconds
[2026-07-03T13:41:00.375+0000] {processor.py:161} INFO - Started process (PID=13597) to work on /opt/airflow/dags/dag_gold_dbt.py
[2026-07-03T13:41:00.379+0000] {processor.py:830} INFO - Processing file /opt/airflow/dags/dag_gold_dbt.py for tasks to queue
[2026-07-03T13:41:00.385+0000] {logging_mixin.py:188} INFO - [2026-07-03T13:41:00.383+0000] {dagbag.py:545} INFO - Filling up the DagBag from /opt/airflow/dags/dag_gold_dbt.py
[2026-07-03T13:41:00.424+0000] {processor.py:840} INFO - DAG(s) 'gold_dbt_dag' retrieved from /opt/airflow/dags/dag_gold_dbt.py
[2026-07-03T13:41:00.485+0000] {logging_mixin.py:188} INFO - [2026-07-03T13:41:00.483+0000] {dag.py:3096} INFO - Sync 1 DAGs
[2026-07-03T13:41:00.522+0000] {logging_mixin.py:188} INFO - [2026-07-03T13:41:00.521+0000] {dag.py:3954} INFO - Setting next_dagrun for gold_dbt_dag to None, run_after=None
[2026-07-03T13:41:00.557+0000] {processor.py:183} INFO - Processing /opt/airflow/dags/dag_gold_dbt.py took 0.200 seconds
[2026-07-03T13:41:31.696+0000] {processor.py:161} INFO - Started process (PID=13634) to work on /opt/airflow/dags/dag_gold_dbt.py
[2026-07-03T13:41:31.698+0000] {processor.py:830} INFO - Processing file /opt/airflow/dags/dag_gold_dbt.py for tasks to queue
[2026-07-03T13:41:31.706+0000] {logging_mixin.py:188} INFO - [2026-07-03T13:41:31.705+0000] {dagbag.py:545} INFO - Filling up the DagBag from /opt/airflow/dags/dag_gold_dbt.py
[2026-07-03T13:41:31.763+0000] {processor.py:840} INFO - DAG(s) 'gold_dbt_dag' retrieved from /opt/airflow/dags/dag_gold_dbt.py
[2026-07-03T13:41:31.839+0000] {logging_mixin.py:188} INFO - [2026-07-03T13:41:31.839+0000] {dag.py:3096} INFO - Sync 1 DAGs
[2026-07-03T13:41:31.882+0000] {logging_mixin.py:188} INFO - [2026-07-03T13:41:31.882+0000] {dag.py:3954} INFO - Setting next_dagrun for gold_dbt_dag to None, run_after=None
[2026-07-03T13:41:31.912+0000] {processor.py:183} INFO - Processing /opt/airflow/dags/dag_gold_dbt.py took 0.249 seconds
[2026-07-03T13:42:02.960+0000] {processor.py:161} INFO - Started process (PID=13671) to work on /opt/airflow/dags/dag_gold_dbt.py
[2026-07-03T13:42:02.965+0000] {processor.py:830} INFO - Processing file /opt/airflow/dags/dag_gold_dbt.py for tasks to queue
[2026-07-03T13:42:02.969+0000] {logging_mixin.py:188} INFO - [2026-07-03T13:42:02.967+0000] {dagbag.py:545} INFO - Filling up the DagBag from /opt/airflow/dags/dag_gold_dbt.py
[2026-07-03T13:42:03.002+0000] {processor.py:840} INFO - DAG(s) 'gold_dbt_dag' retrieved from /opt/airflow/dags/dag_gold_dbt.py
[2026-07-03T13:42:03.077+0000] {logging_mixin.py:188} INFO - [2026-07-03T13:42:03.077+0000] {dag.py:3096} INFO - Sync 1 DAGs
[2026-07-03T13:42:03.102+0000] {logging_mixin.py:188} INFO - [2026-07-03T13:42:03.102+0000] {dag.py:3954} INFO - Setting next_dagrun for gold_dbt_dag to None, run_after=None
[2026-07-03T13:42:03.135+0000] {processor.py:183} INFO - Processing /opt/airflow/dags/dag_gold_dbt.py took 0.186 seconds
[2026-07-03T13:42:33.233+0000] {processor.py:161} INFO - Started process (PID=13708) to work on /opt/airflow/dags/dag_gold_dbt.py
[2026-07-03T13:42:33.235+0000] {processor.py:830} INFO - Processing file /opt/airflow/dags/dag_gold_dbt.py for tasks to queue
[2026-07-03T13:42:33.244+0000] {logging_mixin.py:188} INFO - [2026-07-03T13:42:33.242+0000] {dagbag.py:545} INFO - Filling up the DagBag from /opt/airflow/dags/dag_gold_dbt.py
[2026-07-03T13:42:33.285+0000] {processor.py:840} INFO - DAG(s) 'gold_dbt_dag' retrieved from /opt/airflow/dags/dag_gold_dbt.py
[2026-07-03T13:42:33.341+0000] {logging_mixin.py:188} INFO - [2026-07-03T13:42:33.341+0000] {dag.py:3096} INFO - Sync 1 DAGs
[2026-07-03T13:42:33.374+0000] {logging_mixin.py:188} INFO - [2026-07-03T13:42:33.374+0000] {dag.py:3954} INFO - Setting next_dagrun for gold_dbt_dag to None, run_after=None
[2026-07-03T13:42:33.410+0000] {processor.py:183} INFO - Processing /opt/airflow/dags/dag_gold_dbt.py took 0.199 seconds
[2026-07-03T13:43:04.401+0000] {processor.py:161} INFO - Started process (PID=13745) to work on /opt/airflow/dags/dag_gold_dbt.py
[2026-07-03T13:43:04.405+0000] {processor.py:830} INFO - Processing file /opt/airflow/dags/dag_gold_dbt.py for tasks to queue
[2026-07-03T13:43:04.410+0000] {logging_mixin.py:188} INFO - [2026-07-03T13:43:04.410+0000] {dagbag.py:545} INFO - Filling up the DagBag from /opt/airflow/dags/dag_gold_dbt.py
[2026-07-03T13:43:04.441+0000] {processor.py:840} INFO - DAG(s) 'gold_dbt_dag' retrieved from /opt/airflow/dags/dag_gold_dbt.py
[2026-07-03T13:43:04.500+0000] {logging_mixin.py:188} INFO - [2026-07-03T13:43:04.499+0000] {dag.py:3096} INFO - Sync 1 DAGs
[2026-07-03T13:43:04.544+0000] {logging_mixin.py:188} INFO - [2026-07-03T13:43:04.544+0000] {dag.py:3954} INFO - Setting next_dagrun for gold_dbt_dag to None, run_after=None
[2026-07-03T13:43:04.575+0000] {processor.py:183} INFO - Processing /opt/airflow/dags/dag_gold_dbt.py took 0.194 seconds
[2026-07-03T13:43:35.576+0000] {processor.py:161} INFO - Started process (PID=13782) to work on /opt/airflow/dags/dag_gold_dbt.py
[2026-07-03T13:43:35.586+0000] {processor.py:830} INFO - Processing file /opt/airflow/dags/dag_gold_dbt.py for tasks to queue
[2026-07-03T13:43:35.593+0000] {logging_mixin.py:188} INFO - [2026-07-03T13:43:35.592+0000] {dagbag.py:545} INFO - Filling up the DagBag from /opt/airflow/dags/dag_gold_dbt.py
[2026-07-03T13:43:35.721+0000] {processor.py:840} INFO - DAG(s) 'gold_dbt_dag' retrieved from /opt/airflow/dags/dag_gold_dbt.py
[2026-07-03T13:43:35.793+0000] {logging_mixin.py:188} INFO - [2026-07-03T13:43:35.793+0000] {dag.py:3096} INFO - Sync 1 DAGs
[2026-07-03T13:43:35.825+0000] {logging_mixin.py:188} INFO - [2026-07-03T13:43:35.824+0000] {dag.py:3954} INFO - Setting next_dagrun for gold_dbt_dag to None, run_after=None
[2026-07-03T13:43:35.853+0000] {processor.py:183} INFO - Processing /opt/airflow/dags/dag_gold_dbt.py took 0.291 seconds
[2026-07-03T13:44:06.741+0000] {processor.py:161} INFO - Started process (PID=13819) to work on /opt/airflow/dags/dag_gold_dbt.py
[2026-07-03T13:44:06.743+0000] {processor.py:830} INFO - Processing file /opt/airflow/dags/dag_gold_dbt.py for tasks to queue
[2026-07-03T13:44:06.748+0000] {logging_mixin.py:188} INFO - [2026-07-03T13:44:06.746+0000] {dagbag.py:545} INFO - Filling up the DagBag from /opt/airflow/dags/dag_gold_dbt.py
[2026-07-03T13:44:06.776+0000] {processor.py:840} INFO - DAG(s) 'gold_dbt_dag' retrieved from /opt/airflow/dags/dag_gold_dbt.py
[2026-07-03T13:44:06.830+0000] {logging_mixin.py:188} INFO - [2026-07-03T13:44:06.830+0000] {dag.py:3096} INFO - Sync 1 DAGs
[2026-07-03T13:44:06.858+0000] {logging_mixin.py:188} INFO - [2026-07-03T13:44:06.858+0000] {dag.py:3954} INFO - Setting next_dagrun for gold_dbt_dag to None, run_after=None
[2026-07-03T13:44:06.885+0000] {processor.py:183} INFO - Processing /opt/airflow/dags/dag_gold_dbt.py took 0.154 seconds
[2026-07-03T13:44:37.148+0000] {processor.py:161} INFO - Started process (PID=13861) to work on /opt/airflow/dags/dag_gold_dbt.py
[2026-07-03T13:44:37.149+0000] {processor.py:830} INFO - Processing file /opt/airflow/dags/dag_gold_dbt.py for tasks to queue
[2026-07-03T13:44:37.150+0000] {logging_mixin.py:188} INFO - [2026-07-03T13:44:37.150+0000] {dagbag.py:545} INFO - Filling up the DagBag from /opt/airflow/dags/dag_gold_dbt.py
[2026-07-03T13:44:37.157+0000] {processor.py:840} INFO - DAG(s) 'gold_dbt_dag' retrieved from /opt/airflow/dags/dag_gold_dbt.py
[2026-07-03T13:44:37.174+0000] {logging_mixin.py:188} INFO - [2026-07-03T13:44:37.174+0000] {dag.py:3096} INFO - Sync 1 DAGs
[2026-07-03T13:44:37.186+0000] {logging_mixin.py:188} INFO - [2026-07-03T13:44:37.186+0000] {dag.py:3954} INFO - Setting next_dagrun for gold_dbt_dag to None, run_after=None
[2026-07-03T13:44:37.199+0000] {processor.py:183} INFO - Processing /opt/airflow/dags/dag_gold_dbt.py took 0.060 seconds
[2026-07-03T13:45:07.254+0000] {processor.py:161} INFO - Started process (PID=13893) to work on /opt/airflow/dags/dag_gold_dbt.py
[2026-07-03T13:45:07.256+0000] {processor.py:830} INFO - Processing file /opt/airflow/dags/dag_gold_dbt.py for tasks to queue
[2026-07-03T13:45:07.265+0000] {logging_mixin.py:188} INFO - [2026-07-03T13:45:07.263+0000] {dagbag.py:545} INFO - Filling up the DagBag from /opt/airflow/dags/dag_gold_dbt.py
[2026-07-03T13:45:07.313+0000] {processor.py:840} INFO - DAG(s) 'gold_dbt_dag' retrieved from /opt/airflow/dags/dag_gold_dbt.py
[2026-07-03T13:45:07.371+0000] {logging_mixin.py:188} INFO - [2026-07-03T13:45:07.371+0000] {dag.py:3096} INFO - Sync 1 DAGs
[2026-07-03T13:45:07.401+0000] {logging_mixin.py:188} INFO - [2026-07-03T13:45:07.401+0000] {dag.py:3954} INFO - Setting next_dagrun for gold_dbt_dag to None, run_after=None
[2026-07-03T13:45:07.436+0000] {processor.py:183} INFO - Processing /opt/airflow/dags/dag_gold_dbt.py took 0.192 seconds
[2026-07-03T13:45:38.463+0000] {processor.py:161} INFO - Started process (PID=13930) to work on /opt/airflow/dags/dag_gold_dbt.py
[2026-07-03T13:45:38.466+0000] {processor.py:830} INFO - Processing file /opt/airflow/dags/dag_gold_dbt.py for tasks to queue
[2026-07-03T13:45:38.472+0000] {logging_mixin.py:188} INFO - [2026-07-03T13:45:38.471+0000] {dagbag.py:545} INFO - Filling up the DagBag from /opt/airflow/dags/dag_gold_dbt.py
[2026-07-03T13:45:38.514+0000] {processor.py:840} INFO - DAG(s) 'gold_dbt_dag' retrieved from /opt/airflow/dags/dag_gold_dbt.py
[2026-07-03T13:45:38.577+0000] {logging_mixin.py:188} INFO - [2026-07-03T13:45:38.577+0000] {dag.py:3096} INFO - Sync 1 DAGs
[2026-07-03T13:45:38.616+0000] {logging_mixin.py:188} INFO - [2026-07-03T13:45:38.616+0000] {dag.py:3954} INFO - Setting next_dagrun for gold_dbt_dag to None, run_after=None
[2026-07-03T13:45:38.652+0000] {processor.py:183} INFO - Processing /opt/airflow/dags/dag_gold_dbt.py took 0.207 seconds
[2026-07-03T13:46:09.659+0000] {processor.py:161} INFO - Started process (PID=13967) to work on /opt/airflow/dags/dag_gold_dbt.py
[2026-07-03T13:46:09.662+0000] {processor.py:830} INFO - Processing file /opt/airflow/dags/dag_gold_dbt.py for tasks to queue
[2026-07-03T13:46:09.672+0000] {logging_mixin.py:188} INFO - [2026-07-03T13:46:09.669+0000] {dagbag.py:545} INFO - Filling up the DagBag from /opt/airflow/dags/dag_gold_dbt.py
[2026-07-03T13:46:09.710+0000] {processor.py:840} INFO - DAG(s) 'gold_dbt_dag' retrieved from /opt/airflow/dags/dag_gold_dbt.py
[2026-07-03T13:46:09.761+0000] {logging_mixin.py:188} INFO - [2026-07-03T13:46:09.760+0000] {dag.py:3096} INFO - Sync 1 DAGs
[2026-07-03T13:46:09.791+0000] {logging_mixin.py:188} INFO - [2026-07-03T13:46:09.791+0000] {dag.py:3954} INFO - Setting next_dagrun for gold_dbt_dag to None, run_after=None
[2026-07-03T13:46:09.817+0000] {processor.py:183} INFO - Processing /opt/airflow/dags/dag_gold_dbt.py took 0.174 seconds
[2026-07-03T13:46:40.856+0000] {processor.py:161} INFO - Started process (PID=14004) to work on /opt/airflow/dags/dag_gold_dbt.py
[2026-07-03T13:46:40.858+0000] {processor.py:830} INFO - Processing file /opt/airflow/dags/dag_gold_dbt.py for tasks to queue
[2026-07-03T13:46:40.866+0000] {logging_mixin.py:188} INFO - [2026-07-03T13:46:40.866+0000] {dagbag.py:545} INFO - Filling up the DagBag from /opt/airflow/dags/dag_gold_dbt.py
[2026-07-03T13:46:40.899+0000] {processor.py:840} INFO - DAG(s) 'gold_dbt_dag' retrieved from /opt/airflow/dags/dag_gold_dbt.py
[2026-07-03T13:46:40.955+0000] {logging_mixin.py:188} INFO - [2026-07-03T13:46:40.955+0000] {dag.py:3096} INFO - Sync 1 DAGs
[2026-07-03T13:46:40.992+0000] {logging_mixin.py:188} INFO - [2026-07-03T13:46:40.991+0000] {dag.py:3954} INFO - Setting next_dagrun for gold_dbt_dag to None, run_after=None
[2026-07-03T13:46:41.025+0000] {processor.py:183} INFO - Processing /opt/airflow/dags/dag_gold_dbt.py took 0.189 seconds
[2026-07-03T13:47:11.999+0000] {processor.py:161} INFO - Started process (PID=14041) to work on /opt/airflow/dags/dag_gold_dbt.py
[2026-07-03T13:47:12.001+0000] {processor.py:830} INFO - Processing file /opt/airflow/dags/dag_gold_dbt.py for tasks to queue
[2026-07-03T13:47:12.005+0000] {logging_mixin.py:188} INFO - [2026-07-03T13:47:12.004+0000] {dagbag.py:545} INFO - Filling up the DagBag from /opt/airflow/dags/dag_gold_dbt.py
[2026-07-03T13:47:12.031+0000] {processor.py:840} INFO - DAG(s) 'gold_dbt_dag' retrieved from /opt/airflow/dags/dag_gold_dbt.py
[2026-07-03T13:47:12.067+0000] {logging_mixin.py:188} INFO - [2026-07-03T13:47:12.067+0000] {dag.py:3096} INFO - Sync 1 DAGs
[2026-07-03T13:47:12.092+0000] {logging_mixin.py:188} INFO - [2026-07-03T13:47:12.092+0000] {dag.py:3954} INFO - Setting next_dagrun for gold_dbt_dag to None, run_after=None
[2026-07-03T13:47:12.114+0000] {processor.py:183} INFO - Processing /opt/airflow/dags/dag_gold_dbt.py took 0.128 seconds
[2026-07-03T13:47:42.637+0000] {processor.py:161} INFO - Started process (PID=14078) to work on /opt/airflow/dags/dag_gold_dbt.py
[2026-07-03T13:47:42.640+0000] {processor.py:830} INFO - Processing file /opt/airflow/dags/dag_gold_dbt.py for tasks to queue
[2026-07-03T13:47:42.645+0000] {logging_mixin.py:188} INFO - [2026-07-03T13:47:42.645+0000] {dagbag.py:545} INFO - Filling up the DagBag from /opt/airflow/dags/dag_gold_dbt.py
[2026-07-03T13:47:42.694+0000] {processor.py:840} INFO - DAG(s) 'gold_dbt_dag' retrieved from /opt/airflow/dags/dag_gold_dbt.py
[2026-07-03T13:47:42.759+0000] {logging_mixin.py:188} INFO - [2026-07-03T13:47:42.759+0000] {dag.py:3096} INFO - Sync 1 DAGs
[2026-07-03T13:47:42.793+0000] {logging_mixin.py:188} INFO - [2026-07-03T13:47:42.793+0000] {dag.py:3954} INFO - Setting next_dagrun for gold_dbt_dag to None, run_after=None
[2026-07-03T13:47:42.825+0000] {processor.py:183} INFO - Processing /opt/airflow/dags/dag_gold_dbt.py took 0.213 seconds
[2026-07-03T13:48:13.778+0000] {processor.py:161} INFO - Started process (PID=14115) to work on /opt/airflow/dags/dag_gold_dbt.py
[2026-07-03T13:48:13.780+0000] {processor.py:830} INFO - Processing file /opt/airflow/dags/dag_gold_dbt.py for tasks to queue
[2026-07-03T13:48:13.787+0000] {logging_mixin.py:188} INFO - [2026-07-03T13:48:13.786+0000] {dagbag.py:545} INFO - Filling up the DagBag from /opt/airflow/dags/dag_gold_dbt.py
[2026-07-03T13:48:13.828+0000] {processor.py:840} INFO - DAG(s) 'gold_dbt_dag' retrieved from /opt/airflow/dags/dag_gold_dbt.py
[2026-07-03T13:48:13.879+0000] {logging_mixin.py:188} INFO - [2026-07-03T13:48:13.878+0000] {dag.py:3096} INFO - Sync 1 DAGs
[2026-07-03T13:48:13.904+0000] {logging_mixin.py:188} INFO - [2026-07-03T13:48:13.904+0000] {dag.py:3954} INFO - Setting next_dagrun for gold_dbt_dag to None, run_after=None
[2026-07-03T13:48:13.931+0000] {processor.py:183} INFO - Processing /opt/airflow/dags/dag_gold_dbt.py took 0.169 seconds
[2026-07-03T13:48:44.127+0000] {processor.py:161} INFO - Started process (PID=14152) to work on /opt/airflow/dags/dag_gold_dbt.py
[2026-07-03T13:48:44.129+0000] {processor.py:830} INFO - Processing file /opt/airflow/dags/dag_gold_dbt.py for tasks to queue
[2026-07-03T13:48:44.136+0000] {logging_mixin.py:188} INFO - [2026-07-03T13:48:44.136+0000] {dagbag.py:545} INFO - Filling up the DagBag from /opt/airflow/dags/dag_gold_dbt.py
[2026-07-03T13:48:44.178+0000] {processor.py:840} INFO - DAG(s) 'gold_dbt_dag' retrieved from /opt/airflow/dags/dag_gold_dbt.py
[2026-07-03T13:48:44.234+0000] {logging_mixin.py:188} INFO - [2026-07-03T13:48:44.234+0000] {dag.py:3096} INFO - Sync 1 DAGs
[2026-07-03T13:48:44.263+0000] {logging_mixin.py:188} INFO - [2026-07-03T13:48:44.263+0000] {dag.py:3954} INFO - Setting next_dagrun for gold_dbt_dag to None, run_after=None
[2026-07-03T13:48:44.300+0000] {processor.py:183} INFO - Processing /opt/airflow/dags/dag_gold_dbt.py took 0.204 seconds
[2026-07-03T13:49:15.221+0000] {processor.py:161} INFO - Started process (PID=14189) to work on /opt/airflow/dags/dag_gold_dbt.py
[2026-07-03T13:49:15.223+0000] {processor.py:830} INFO - Processing file /opt/airflow/dags/dag_gold_dbt.py for tasks to queue
[2026-07-03T13:49:15.229+0000] {logging_mixin.py:188} INFO - [2026-07-03T13:49:15.227+0000] {dagbag.py:545} INFO - Filling up the DagBag from /opt/airflow/dags/dag_gold_dbt.py
[2026-07-03T13:49:15.262+0000] {processor.py:840} INFO - DAG(s) 'gold_dbt_dag' retrieved from /opt/airflow/dags/dag_gold_dbt.py
[2026-07-03T13:49:15.315+0000] {logging_mixin.py:188} INFO - [2026-07-03T13:49:15.315+0000] {dag.py:3096} INFO - Sync 1 DAGs
[2026-07-03T13:49:15.356+0000] {logging_mixin.py:188} INFO - [2026-07-03T13:49:15.356+0000] {dag.py:3954} INFO - Setting next_dagrun for gold_dbt_dag to None, run_after=None
[2026-07-03T13:49:15.382+0000] {processor.py:183} INFO - Processing /opt/airflow/dags/dag_gold_dbt.py took 0.174 seconds
[2026-07-03T13:49:45.531+0000] {processor.py:161} INFO - Started process (PID=14226) to work on /opt/airflow/dags/dag_gold_dbt.py
[2026-07-03T13:49:45.533+0000] {processor.py:830} INFO - Processing file /opt/airflow/dags/dag_gold_dbt.py for tasks to queue
[2026-07-03T13:49:45.540+0000] {logging_mixin.py:188} INFO - [2026-07-03T13:49:45.539+0000] {dagbag.py:545} INFO - Filling up the DagBag from /opt/airflow/dags/dag_gold_dbt.py
[2026-07-03T13:49:45.582+0000] {processor.py:840} INFO - DAG(s) 'gold_dbt_dag' retrieved from /opt/airflow/dags/dag_gold_dbt.py
[2026-07-03T13:49:45.635+0000] {logging_mixin.py:188} INFO - [2026-07-03T13:49:45.635+0000] {dag.py:3096} INFO - Sync 1 DAGs
[2026-07-03T13:49:45.665+0000] {logging_mixin.py:188} INFO - [2026-07-03T13:49:45.665+0000] {dag.py:3954} INFO - Setting next_dagrun for gold_dbt_dag to None, run_after=None
[2026-07-03T13:49:45.694+0000] {processor.py:183} INFO - Processing /opt/airflow/dags/dag_gold_dbt.py took 0.179 seconds
[2026-07-03T13:50:16.706+0000] {processor.py:161} INFO - Started process (PID=14263) to work on /opt/airflow/dags/dag_gold_dbt.py
[2026-07-03T13:50:16.707+0000] {processor.py:830} INFO - Processing file /opt/airflow/dags/dag_gold_dbt.py for tasks to queue
[2026-07-03T13:50:16.713+0000] {logging_mixin.py:188} INFO - [2026-07-03T13:50:16.712+0000] {dagbag.py:545} INFO - Filling up the DagBag from /opt/airflow/dags/dag_gold_dbt.py
[2026-07-03T13:50:16.741+0000] {processor.py:840} INFO - DAG(s) 'gold_dbt_dag' retrieved from /opt/airflow/dags/dag_gold_dbt.py
[2026-07-03T13:50:16.806+0000] {logging_mixin.py:188} INFO - [2026-07-03T13:50:16.806+0000] {dag.py:3096} INFO - Sync 1 DAGs
[2026-07-03T13:50:16.835+0000] {logging_mixin.py:188} INFO - [2026-07-03T13:50:16.835+0000] {dag.py:3954} INFO - Setting next_dagrun for gold_dbt_dag to None, run_after=None
[2026-07-03T13:50:16.865+0000] {processor.py:183} INFO - Processing /opt/airflow/dags/dag_gold_dbt.py took 0.170 seconds
[2026-07-03T13:50:47.187+0000] {processor.py:161} INFO - Started process (PID=14300) to work on /opt/airflow/dags/dag_gold_dbt.py
[2026-07-03T13:50:47.189+0000] {processor.py:830} INFO - Processing file /opt/airflow/dags/dag_gold_dbt.py for tasks to queue
[2026-07-03T13:50:47.195+0000] {logging_mixin.py:188} INFO - [2026-07-03T13:50:47.194+0000] {dagbag.py:545} INFO - Filling up the DagBag from /opt/airflow/dags/dag_gold_dbt.py
[2026-07-03T13:50:47.228+0000] {processor.py:840} INFO - DAG(s) 'gold_dbt_dag' retrieved from /opt/airflow/dags/dag_gold_dbt.py
[2026-07-03T13:50:47.283+0000] {logging_mixin.py:188} INFO - [2026-07-03T13:50:47.282+0000] {dag.py:3096} INFO - Sync 1 DAGs
[2026-07-03T13:50:47.315+0000] {logging_mixin.py:188} INFO - [2026-07-03T13:50:47.315+0000] {dag.py:3954} INFO - Setting next_dagrun for gold_dbt_dag to None, run_after=None
[2026-07-03T13:50:47.343+0000] {processor.py:183} INFO - Processing /opt/airflow/dags/dag_gold_dbt.py took 0.176 seconds
[2026-07-03T13:51:18.260+0000] {processor.py:161} INFO - Started process (PID=14337) to work on /opt/airflow/dags/dag_gold_dbt.py
[2026-07-03T13:51:18.262+0000] {processor.py:830} INFO - Processing file /opt/airflow/dags/dag_gold_dbt.py for tasks to queue
[2026-07-03T13:51:18.263+0000] {logging_mixin.py:188} INFO - [2026-07-03T13:51:18.263+0000] {dagbag.py:545} INFO - Filling up the DagBag from /opt/airflow/dags/dag_gold_dbt.py
[2026-07-03T13:51:18.277+0000] {processor.py:840} INFO - DAG(s) 'gold_dbt_dag' retrieved from /opt/airflow/dags/dag_gold_dbt.py
[2026-07-03T13:51:18.298+0000] {logging_mixin.py:188} INFO - [2026-07-03T13:51:18.298+0000] {dag.py:3096} INFO - Sync 1 DAGs
[2026-07-03T13:51:18.309+0000] {logging_mixin.py:188} INFO - [2026-07-03T13:51:18.309+0000] {dag.py:3954} INFO - Setting next_dagrun for gold_dbt_dag to None, run_after=None
[2026-07-03T13:51:18.322+0000] {processor.py:183} INFO - Processing /opt/airflow/dags/dag_gold_dbt.py took 0.068 seconds
[2026-07-03T13:51:49.347+0000] {processor.py:161} INFO - Started process (PID=14374) to work on /opt/airflow/dags/dag_gold_dbt.py
[2026-07-03T13:51:49.349+0000] {processor.py:830} INFO - Processing file /opt/airflow/dags/dag_gold_dbt.py for tasks to queue
[2026-07-03T13:51:49.350+0000] {logging_mixin.py:188} INFO - [2026-07-03T13:51:49.350+0000] {dagbag.py:545} INFO - Filling up the DagBag from /opt/airflow/dags/dag_gold_dbt.py
[2026-07-03T13:51:49.366+0000] {processor.py:840} INFO - DAG(s) 'gold_dbt_dag' retrieved from /opt/airflow/dags/dag_gold_dbt.py
[2026-07-03T13:51:49.388+0000] {logging_mixin.py:188} INFO - [2026-07-03T13:51:49.388+0000] {dag.py:3096} INFO - Sync 1 DAGs
[2026-07-03T13:51:49.408+0000] {logging_mixin.py:188} INFO - [2026-07-03T13:51:49.408+0000] {dag.py:3954} INFO - Setting next_dagrun for gold_dbt_dag to None, run_after=None
[2026-07-03T13:51:49.424+0000] {processor.py:183} INFO - Processing /opt/airflow/dags/dag_gold_dbt.py took 0.085 seconds
[2026-07-03T13:52:20.050+0000] {processor.py:161} INFO - Started process (PID=14411) to work on /opt/airflow/dags/dag_gold_dbt.py
[2026-07-03T13:52:20.052+0000] {processor.py:830} INFO - Processing file /opt/airflow/dags/dag_gold_dbt.py for tasks to queue
[2026-07-03T13:52:20.055+0000] {logging_mixin.py:188} INFO - [2026-07-03T13:52:20.054+0000] {dagbag.py:545} INFO - Filling up the DagBag from /opt/airflow/dags/dag_gold_dbt.py
[2026-07-03T13:52:20.072+0000] {processor.py:840} INFO - DAG(s) 'gold_dbt_dag' retrieved from /opt/airflow/dags/dag_gold_dbt.py
[2026-07-03T13:52:20.093+0000] {logging_mixin.py:188} INFO - [2026-07-03T13:52:20.093+0000] {dag.py:3096} INFO - Sync 1 DAGs
[2026-07-03T13:52:20.108+0000] {logging_mixin.py:188} INFO - [2026-07-03T13:52:20.108+0000] {dag.py:3954} INFO - Setting next_dagrun for gold_dbt_dag to None, run_after=None
[2026-07-03T13:52:20.120+0000] {processor.py:183} INFO - Processing /opt/airflow/dags/dag_gold_dbt.py took 0.079 seconds
[2026-07-03T13:52:51.072+0000] {processor.py:161} INFO - Started process (PID=14448) to work on /opt/airflow/dags/dag_gold_dbt.py
[2026-07-03T13:52:51.074+0000] {processor.py:830} INFO - Processing file /opt/airflow/dags/dag_gold_dbt.py for tasks to queue
[2026-07-03T13:52:51.075+0000] {logging_mixin.py:188} INFO - [2026-07-03T13:52:51.075+0000] {dagbag.py:545} INFO - Filling up the DagBag from /opt/airflow/dags/dag_gold_dbt.py
[2026-07-03T13:52:51.088+0000] {processor.py:840} INFO - DAG(s) 'gold_dbt_dag' retrieved from /opt/airflow/dags/dag_gold_dbt.py
[2026-07-03T13:52:51.105+0000] {logging_mixin.py:188} INFO - [2026-07-03T13:52:51.105+0000] {dag.py:3096} INFO - Sync 1 DAGs
[2026-07-03T13:52:51.117+0000] {logging_mixin.py:188} INFO - [2026-07-03T13:52:51.117+0000] {dag.py:3954} INFO - Setting next_dagrun for gold_dbt_dag to None, run_after=None
[2026-07-03T13:52:51.130+0000] {processor.py:183} INFO - Processing /opt/airflow/dags/dag_gold_dbt.py took 0.065 seconds
[2026-07-03T13:53:21.789+0000] {processor.py:161} INFO - Started process (PID=14485) to work on /opt/airflow/dags/dag_gold_dbt.py
[2026-07-03T13:53:21.790+0000] {processor.py:830} INFO - Processing file /opt/airflow/dags/dag_gold_dbt.py for tasks to queue
[2026-07-03T13:53:21.793+0000] {logging_mixin.py:188} INFO - [2026-07-03T13:53:21.792+0000] {dagbag.py:545} INFO - Filling up the DagBag from /opt/airflow/dags/dag_gold_dbt.py
[2026-07-03T13:53:21.813+0000] {processor.py:840} INFO - DAG(s) 'gold_dbt_dag' retrieved from /opt/airflow/dags/dag_gold_dbt.py
[2026-07-03T13:53:21.840+0000] {logging_mixin.py:188} INFO - [2026-07-03T13:53:21.839+0000] {dag.py:3096} INFO - Sync 1 DAGs
[2026-07-03T13:53:21.856+0000] {logging_mixin.py:188} INFO - [2026-07-03T13:53:21.856+0000] {dag.py:3954} INFO - Setting next_dagrun for gold_dbt_dag to None, run_after=None
[2026-07-03T13:53:21.871+0000] {processor.py:183} INFO - Processing /opt/airflow/dags/dag_gold_dbt.py took 0.092 seconds
[2026-07-03T13:53:52.740+0000] {processor.py:161} INFO - Started process (PID=14522) to work on /opt/airflow/dags/dag_gold_dbt.py
[2026-07-03T13:53:52.741+0000] {processor.py:830} INFO - Processing file /opt/airflow/dags/dag_gold_dbt.py for tasks to queue
[2026-07-03T13:53:52.742+0000] {logging_mixin.py:188} INFO - [2026-07-03T13:53:52.742+0000] {dagbag.py:545} INFO - Filling up the DagBag from /opt/airflow/dags/dag_gold_dbt.py
[2026-07-03T13:53:52.751+0000] {processor.py:840} INFO - DAG(s) 'gold_dbt_dag' retrieved from /opt/airflow/dags/dag_gold_dbt.py
[2026-07-03T13:53:52.773+0000] {logging_mixin.py:188} INFO - [2026-07-03T13:53:52.773+0000] {dag.py:3096} INFO - Sync 1 DAGs
[2026-07-03T13:53:52.785+0000] {logging_mixin.py:188} INFO - [2026-07-03T13:53:52.785+0000] {dag.py:3954} INFO - Setting next_dagrun for gold_dbt_dag to None, run_after=None
[2026-07-03T13:53:52.801+0000] {processor.py:183} INFO - Processing /opt/airflow/dags/dag_gold_dbt.py took 0.064 seconds
[2026-07-03T13:54:23.532+0000] {processor.py:161} INFO - Started process (PID=14559) to work on /opt/airflow/dags/dag_gold_dbt.py
[2026-07-03T13:54:23.533+0000] {processor.py:830} INFO - Processing file /opt/airflow/dags/dag_gold_dbt.py for tasks to queue
[2026-07-03T13:54:23.534+0000] {logging_mixin.py:188} INFO - [2026-07-03T13:54:23.534+0000] {dagbag.py:545} INFO - Filling up the DagBag from /opt/airflow/dags/dag_gold_dbt.py
[2026-07-03T13:54:23.548+0000] {processor.py:840} INFO - DAG(s) 'gold_dbt_dag' retrieved from /opt/airflow/dags/dag_gold_dbt.py
[2026-07-03T13:54:23.572+0000] {logging_mixin.py:188} INFO - [2026-07-03T13:54:23.572+0000] {dag.py:3096} INFO - Sync 1 DAGs
[2026-07-03T13:54:23.588+0000] {logging_mixin.py:188} INFO - [2026-07-03T13:54:23.588+0000] {dag.py:3954} INFO - Setting next_dagrun for gold_dbt_dag to None, run_after=None
[2026-07-03T13:54:23.603+0000] {processor.py:183} INFO - Processing /opt/airflow/dags/dag_gold_dbt.py took 0.078 seconds
[2026-07-03T13:54:53.640+0000] {processor.py:161} INFO - Started process (PID=14596) to work on /opt/airflow/dags/dag_gold_dbt.py
[2026-07-03T13:54:53.642+0000] {processor.py:830} INFO - Processing file /opt/airflow/dags/dag_gold_dbt.py for tasks to queue
[2026-07-03T13:54:53.643+0000] {logging_mixin.py:188} INFO - [2026-07-03T13:54:53.643+0000] {dagbag.py:545} INFO - Filling up the DagBag from /opt/airflow/dags/dag_gold_dbt.py
[2026-07-03T13:54:53.658+0000] {processor.py:840} INFO - DAG(s) 'gold_dbt_dag' retrieved from /opt/airflow/dags/dag_gold_dbt.py
[2026-07-03T13:54:53.678+0000] {logging_mixin.py:188} INFO - [2026-07-03T13:54:53.678+0000] {dag.py:3096} INFO - Sync 1 DAGs
[2026-07-03T13:54:53.688+0000] {logging_mixin.py:188} INFO - [2026-07-03T13:54:53.688+0000] {dag.py:3954} INFO - Setting next_dagrun for gold_dbt_dag to None, run_after=None
[2026-07-03T13:54:53.702+0000] {processor.py:183} INFO - Processing /opt/airflow/dags/dag_gold_dbt.py took 0.068 seconds
[2026-07-03T13:55:24.472+0000] {processor.py:161} INFO - Started process (PID=14633) to work on /opt/airflow/dags/dag_gold_dbt.py
[2026-07-03T13:55:24.473+0000] {processor.py:830} INFO - Processing file /opt/airflow/dags/dag_gold_dbt.py for tasks to queue
[2026-07-03T13:55:24.476+0000] {logging_mixin.py:188} INFO - [2026-07-03T13:55:24.475+0000] {dagbag.py:545} INFO - Filling up the DagBag from /opt/airflow/dags/dag_gold_dbt.py
[2026-07-03T13:55:24.489+0000] {processor.py:840} INFO - DAG(s) 'gold_dbt_dag' retrieved from /opt/airflow/dags/dag_gold_dbt.py
[2026-07-03T13:55:24.506+0000] {logging_mixin.py:188} INFO - [2026-07-03T13:55:24.506+0000] {dag.py:3096} INFO - Sync 1 DAGs
[2026-07-03T13:55:24.517+0000] {logging_mixin.py:188} INFO - [2026-07-03T13:55:24.517+0000] {dag.py:3954} INFO - Setting next_dagrun for gold_dbt_dag to None, run_after=None
[2026-07-03T13:55:24.528+0000] {processor.py:183} INFO - Processing /opt/airflow/dags/dag_gold_dbt.py took 0.063 seconds
[2026-07-03T13:55:54.609+0000] {processor.py:161} INFO - Started process (PID=14670) to work on /opt/airflow/dags/dag_gold_dbt.py
[2026-07-03T13:55:54.611+0000] {processor.py:830} INFO - Processing file /opt/airflow/dags/dag_gold_dbt.py for tasks to queue
[2026-07-03T13:55:54.612+0000] {logging_mixin.py:188} INFO - [2026-07-03T13:55:54.612+0000] {dagbag.py:545} INFO - Filling up the DagBag from /opt/airflow/dags/dag_gold_dbt.py
[2026-07-03T13:55:54.624+0000] {processor.py:840} INFO - DAG(s) 'gold_dbt_dag' retrieved from /opt/airflow/dags/dag_gold_dbt.py
[2026-07-03T13:55:54.644+0000] {logging_mixin.py:188} INFO - [2026-07-03T13:55:54.644+0000] {dag.py:3096} INFO - Sync 1 DAGs
[2026-07-03T13:55:54.660+0000] {logging_mixin.py:188} INFO - [2026-07-03T13:55:54.660+0000] {dag.py:3954} INFO - Setting next_dagrun for gold_dbt_dag to None, run_after=None
[2026-07-03T13:55:54.671+0000] {processor.py:183} INFO - Processing /opt/airflow/dags/dag_gold_dbt.py took 0.070 seconds
[2026-07-03T13:56:25.442+0000] {processor.py:161} INFO - Started process (PID=14707) to work on /opt/airflow/dags/dag_gold_dbt.py
[2026-07-03T13:56:25.443+0000] {processor.py:830} INFO - Processing file /opt/airflow/dags/dag_gold_dbt.py for tasks to queue
[2026-07-03T13:56:25.444+0000] {logging_mixin.py:188} INFO - [2026-07-03T13:56:25.444+0000] {dagbag.py:545} INFO - Filling up the DagBag from /opt/airflow/dags/dag_gold_dbt.py
[2026-07-03T13:56:25.462+0000] {processor.py:840} INFO - DAG(s) 'gold_dbt_dag' retrieved from /opt/airflow/dags/dag_gold_dbt.py
[2026-07-03T13:56:25.485+0000] {logging_mixin.py:188} INFO - [2026-07-03T13:56:25.485+0000] {dag.py:3096} INFO - Sync 1 DAGs
[2026-07-03T13:56:25.497+0000] {logging_mixin.py:188} INFO - [2026-07-03T13:56:25.497+0000] {dag.py:3954} INFO - Setting next_dagrun for gold_dbt_dag to None, run_after=None
[2026-07-03T13:56:25.513+0000] {processor.py:183} INFO - Processing /opt/airflow/dags/dag_gold_dbt.py took 0.077 seconds
[2026-07-03T13:56:56.556+0000] {processor.py:161} INFO - Started process (PID=14744) to work on /opt/airflow/dags/dag_gold_dbt.py
[2026-07-03T13:56:56.557+0000] {processor.py:830} INFO - Processing file /opt/airflow/dags/dag_gold_dbt.py for tasks to queue
[2026-07-03T13:56:56.558+0000] {logging_mixin.py:188} INFO - [2026-07-03T13:56:56.558+0000] {dagbag.py:545} INFO - Filling up the DagBag from /opt/airflow/dags/dag_gold_dbt.py
[2026-07-03T13:56:56.572+0000] {processor.py:840} INFO - DAG(s) 'gold_dbt_dag' retrieved from /opt/airflow/dags/dag_gold_dbt.py
[2026-07-03T13:56:56.593+0000] {logging_mixin.py:188} INFO - [2026-07-03T13:56:56.593+0000] {dag.py:3096} INFO - Sync 1 DAGs
[2026-07-03T13:56:56.603+0000] {logging_mixin.py:188} INFO - [2026-07-03T13:56:56.603+0000] {dag.py:3954} INFO - Setting next_dagrun for gold_dbt_dag to None, run_after=None
[2026-07-03T13:56:56.615+0000] {processor.py:183} INFO - Processing /opt/airflow/dags/dag_gold_dbt.py took 0.067 seconds
[2026-07-03T13:57:27.796+0000] {processor.py:161} INFO - Started process (PID=14781) to work on /opt/airflow/dags/dag_gold_dbt.py
[2026-07-03T13:57:27.799+0000] {processor.py:830} INFO - Processing file /opt/airflow/dags/dag_gold_dbt.py for tasks to queue
[2026-07-03T13:57:27.807+0000] {logging_mixin.py:188} INFO - [2026-07-03T13:57:27.805+0000] {dagbag.py:545} INFO - Filling up the DagBag from /opt/airflow/dags/dag_gold_dbt.py
[2026-07-03T13:57:27.901+0000] {processor.py:840} INFO - DAG(s) 'gold_dbt_dag' retrieved from /opt/airflow/dags/dag_gold_dbt.py
[2026-07-03T13:57:28.024+0000] {logging_mixin.py:188} INFO - [2026-07-03T13:57:28.023+0000] {dag.py:3096} INFO - Sync 1 DAGs
[2026-07-03T13:57:28.091+0000] {logging_mixin.py:188} INFO - [2026-07-03T13:57:28.091+0000] {dag.py:3954} INFO - Setting next_dagrun for gold_dbt_dag to None, run_after=None
[2026-07-03T13:57:28.153+0000] {processor.py:183} INFO - Processing /opt/airflow/dags/dag_gold_dbt.py took 0.384 seconds
[2026-07-03T13:57:58.375+0000] {processor.py:161} INFO - Started process (PID=14818) to work on /opt/airflow/dags/dag_gold_dbt.py
[2026-07-03T13:57:58.381+0000] {processor.py:830} INFO - Processing file /opt/airflow/dags/dag_gold_dbt.py for tasks to queue
[2026-07-03T13:57:58.383+0000] {logging_mixin.py:188} INFO - [2026-07-03T13:57:58.383+0000] {dagbag.py:545} INFO - Filling up the DagBag from /opt/airflow/dags/dag_gold_dbt.py
[2026-07-03T13:57:58.400+0000] {processor.py:840} INFO - DAG(s) 'gold_dbt_dag' retrieved from /opt/airflow/dags/dag_gold_dbt.py
[2026-07-03T13:57:58.430+0000] {logging_mixin.py:188} INFO - [2026-07-03T13:57:58.430+0000] {dag.py:3096} INFO - Sync 1 DAGs
[2026-07-03T13:57:58.448+0000] {logging_mixin.py:188} INFO - [2026-07-03T13:57:58.447+0000] {dag.py:3954} INFO - Setting next_dagrun for gold_dbt_dag to None, run_after=None
[2026-07-03T13:57:58.464+0000] {processor.py:183} INFO - Processing /opt/airflow/dags/dag_gold_dbt.py took 0.100 seconds
[2026-07-03T13:58:28.722+0000] {processor.py:161} INFO - Started process (PID=14855) to work on /opt/airflow/dags/dag_gold_dbt.py
[2026-07-03T13:58:28.731+0000] {processor.py:830} INFO - Processing file /opt/airflow/dags/dag_gold_dbt.py for tasks to queue
[2026-07-03T13:58:28.738+0000] {logging_mixin.py:188} INFO - [2026-07-03T13:58:28.737+0000] {dagbag.py:545} INFO - Filling up the DagBag from /opt/airflow/dags/dag_gold_dbt.py
[2026-07-03T13:58:28.793+0000] {processor.py:840} INFO - DAG(s) 'gold_dbt_dag' retrieved from /opt/airflow/dags/dag_gold_dbt.py
[2026-07-03T13:58:28.857+0000] {logging_mixin.py:188} INFO - [2026-07-03T13:58:28.856+0000] {dag.py:3096} INFO - Sync 1 DAGs
[2026-07-03T13:58:28.890+0000] {logging_mixin.py:188} INFO - [2026-07-03T13:58:28.890+0000] {dag.py:3954} INFO - Setting next_dagrun for gold_dbt_dag to None, run_after=None
[2026-07-03T13:58:28.914+0000] {processor.py:183} INFO - Processing /opt/airflow/dags/dag_gold_dbt.py took 0.228 seconds
[2026-07-03T13:58:59.773+0000] {processor.py:161} INFO - Started process (PID=14892) to work on /opt/airflow/dags/dag_gold_dbt.py
[2026-07-03T13:58:59.776+0000] {processor.py:830} INFO - Processing file /opt/airflow/dags/dag_gold_dbt.py for tasks to queue
[2026-07-03T13:58:59.778+0000] {logging_mixin.py:188} INFO - [2026-07-03T13:58:59.778+0000] {dagbag.py:545} INFO - Filling up the DagBag from /opt/airflow/dags/dag_gold_dbt.py
[2026-07-03T13:58:59.792+0000] {processor.py:840} INFO - DAG(s) 'gold_dbt_dag' retrieved from /opt/airflow/dags/dag_gold_dbt.py
[2026-07-03T13:58:59.817+0000] {logging_mixin.py:188} INFO - [2026-07-03T13:58:59.817+0000] {dag.py:3096} INFO - Sync 1 DAGs
[2026-07-03T13:58:59.829+0000] {logging_mixin.py:188} INFO - [2026-07-03T13:58:59.829+0000] {dag.py:3954} INFO - Setting next_dagrun for gold_dbt_dag to None, run_after=None
[2026-07-03T13:58:59.842+0000] {processor.py:183} INFO - Processing /opt/airflow/dags/dag_gold_dbt.py took 0.080 seconds
[2026-07-03T13:59:30.064+0000] {processor.py:161} INFO - Started process (PID=14929) to work on /opt/airflow/dags/dag_gold_dbt.py
[2026-07-03T13:59:30.066+0000] {processor.py:830} INFO - Processing file /opt/airflow/dags/dag_gold_dbt.py for tasks to queue
[2026-07-03T13:59:30.070+0000] {logging_mixin.py:188} INFO - [2026-07-03T13:59:30.069+0000] {dagbag.py:545} INFO - Filling up the DagBag from /opt/airflow/dags/dag_gold_dbt.py
[2026-07-03T13:59:30.097+0000] {processor.py:840} INFO - DAG(s) 'gold_dbt_dag' retrieved from /opt/airflow/dags/dag_gold_dbt.py
[2026-07-03T13:59:30.138+0000] {logging_mixin.py:188} INFO - [2026-07-03T13:59:30.137+0000] {dag.py:3096} INFO - Sync 1 DAGs
[2026-07-03T13:59:30.164+0000] {logging_mixin.py:188} INFO - [2026-07-03T13:59:30.164+0000] {dag.py:3954} INFO - Setting next_dagrun for gold_dbt_dag to None, run_after=None
[2026-07-03T13:59:30.186+0000] {processor.py:183} INFO - Processing /opt/airflow/dags/dag_gold_dbt.py took 0.136 seconds
[2026-07-03T14:00:00.888+0000] {processor.py:161} INFO - Started process (PID=14968) to work on /opt/airflow/dags/dag_gold_dbt.py
[2026-07-03T14:00:00.892+0000] {processor.py:830} INFO - Processing file /opt/airflow/dags/dag_gold_dbt.py for tasks to queue
[2026-07-03T14:00:00.901+0000] {logging_mixin.py:188} INFO - [2026-07-03T14:00:00.901+0000] {dagbag.py:545} INFO - Filling up the DagBag from /opt/airflow/dags/dag_gold_dbt.py
[2026-07-03T14:00:00.937+0000] {processor.py:840} INFO - DAG(s) 'gold_dbt_dag' retrieved from /opt/airflow/dags/dag_gold_dbt.py
[2026-07-03T14:00:00.976+0000] {logging_mixin.py:188} INFO - [2026-07-03T14:00:00.976+0000] {dag.py:3096} INFO - Sync 1 DAGs
[2026-07-03T14:00:00.996+0000] {logging_mixin.py:188} INFO - [2026-07-03T14:00:00.996+0000] {dag.py:3954} INFO - Setting next_dagrun for gold_dbt_dag to None, run_after=None
[2026-07-03T14:00:01.023+0000] {processor.py:183} INFO - Processing /opt/airflow/dags/dag_gold_dbt.py took 0.147 seconds
[2026-07-03T14:00:31.331+0000] {processor.py:161} INFO - Started process (PID=15581) to work on /opt/airflow/dags/dag_gold_dbt.py
[2026-07-03T14:00:31.333+0000] {processor.py:830} INFO - Processing file /opt/airflow/dags/dag_gold_dbt.py for tasks to queue
[2026-07-03T14:00:31.340+0000] {logging_mixin.py:188} INFO - [2026-07-03T14:00:31.339+0000] {dagbag.py:545} INFO - Filling up the DagBag from /opt/airflow/dags/dag_gold_dbt.py
[2026-07-03T14:00:31.405+0000] {processor.py:840} INFO - DAG(s) 'gold_dbt_dag' retrieved from /opt/airflow/dags/dag_gold_dbt.py
[2026-07-03T14:00:31.497+0000] {logging_mixin.py:188} INFO - [2026-07-03T14:00:31.497+0000] {dag.py:3096} INFO - Sync 1 DAGs
[2026-07-03T14:00:31.533+0000] {logging_mixin.py:188} INFO - [2026-07-03T14:00:31.533+0000] {dag.py:3954} INFO - Setting next_dagrun for gold_dbt_dag to None, run_after=None
[2026-07-03T14:00:31.562+0000] {processor.py:183} INFO - Processing /opt/airflow/dags/dag_gold_dbt.py took 0.288 seconds
[2026-07-03T14:01:01.641+0000] {processor.py:161} INFO - Started process (PID=15618) to work on /opt/airflow/dags/dag_gold_dbt.py
[2026-07-03T14:01:01.643+0000] {processor.py:830} INFO - Processing file /opt/airflow/dags/dag_gold_dbt.py for tasks to queue
[2026-07-03T14:01:01.645+0000] {logging_mixin.py:188} INFO - [2026-07-03T14:01:01.645+0000] {dagbag.py:545} INFO - Filling up the DagBag from /opt/airflow/dags/dag_gold_dbt.py
[2026-07-03T14:01:01.667+0000] {processor.py:840} INFO - DAG(s) 'gold_dbt_dag' retrieved from /opt/airflow/dags/dag_gold_dbt.py
[2026-07-03T14:01:01.684+0000] {logging_mixin.py:188} INFO - [2026-07-03T14:01:01.684+0000] {dag.py:3096} INFO - Sync 1 DAGs
[2026-07-03T14:01:01.695+0000] {logging_mixin.py:188} INFO - [2026-07-03T14:01:01.695+0000] {dag.py:3954} INFO - Setting next_dagrun for gold_dbt_dag to None, run_after=None
[2026-07-03T14:01:01.711+0000] {processor.py:183} INFO - Processing /opt/airflow/dags/dag_gold_dbt.py took 0.079 seconds
[2026-07-03T14:01:32.482+0000] {processor.py:161} INFO - Started process (PID=15655) to work on /opt/airflow/dags/dag_gold_dbt.py
[2026-07-03T14:01:32.485+0000] {processor.py:830} INFO - Processing file /opt/airflow/dags/dag_gold_dbt.py for tasks to queue
[2026-07-03T14:01:32.488+0000] {logging_mixin.py:188} INFO - [2026-07-03T14:01:32.488+0000] {dagbag.py:545} INFO - Filling up the DagBag from /opt/airflow/dags/dag_gold_dbt.py
[2026-07-03T14:01:32.520+0000] {processor.py:840} INFO - DAG(s) 'gold_dbt_dag' retrieved from /opt/airflow/dags/dag_gold_dbt.py
[2026-07-03T14:01:32.567+0000] {logging_mixin.py:188} INFO - [2026-07-03T14:01:32.566+0000] {dag.py:3096} INFO - Sync 1 DAGs
[2026-07-03T14:01:32.595+0000] {logging_mixin.py:188} INFO - [2026-07-03T14:01:32.595+0000] {dag.py:3954} INFO - Setting next_dagrun for gold_dbt_dag to None, run_after=None
[2026-07-03T14:01:32.629+0000] {processor.py:183} INFO - Processing /opt/airflow/dags/dag_gold_dbt.py took 0.167 seconds
[2026-07-03T14:02:03.512+0000] {processor.py:161} INFO - Started process (PID=15692) to work on /opt/airflow/dags/dag_gold_dbt.py
[2026-07-03T14:02:03.513+0000] {processor.py:830} INFO - Processing file /opt/airflow/dags/dag_gold_dbt.py for tasks to queue
[2026-07-03T14:02:03.515+0000] {logging_mixin.py:188} INFO - [2026-07-03T14:02:03.515+0000] {dagbag.py:545} INFO - Filling up the DagBag from /opt/airflow/dags/dag_gold_dbt.py
[2026-07-03T14:02:03.527+0000] {processor.py:840} INFO - DAG(s) 'gold_dbt_dag' retrieved from /opt/airflow/dags/dag_gold_dbt.py
[2026-07-03T14:02:03.551+0000] {logging_mixin.py:188} INFO - [2026-07-03T14:02:03.551+0000] {dag.py:3096} INFO - Sync 1 DAGs
[2026-07-03T14:02:03.564+0000] {logging_mixin.py:188} INFO - [2026-07-03T14:02:03.564+0000] {dag.py:3954} INFO - Setting next_dagrun for gold_dbt_dag to None, run_after=None
[2026-07-03T14:02:03.577+0000] {processor.py:183} INFO - Processing /opt/airflow/dags/dag_gold_dbt.py took 0.070 seconds
[2026-07-03T14:02:33.741+0000] {processor.py:161} INFO - Started process (PID=15729) to work on /opt/airflow/dags/dag_gold_dbt.py
[2026-07-03T14:02:33.744+0000] {processor.py:830} INFO - Processing file /opt/airflow/dags/dag_gold_dbt.py for tasks to queue
[2026-07-03T14:02:33.755+0000] {logging_mixin.py:188} INFO - [2026-07-03T14:02:33.753+0000] {dagbag.py:545} INFO - Filling up the DagBag from /opt/airflow/dags/dag_gold_dbt.py
[2026-07-03T14:02:33.824+0000] {processor.py:840} INFO - DAG(s) 'gold_dbt_dag' retrieved from /opt/airflow/dags/dag_gold_dbt.py
[2026-07-03T14:02:33.887+0000] {logging_mixin.py:188} INFO - [2026-07-03T14:02:33.887+0000] {dag.py:3096} INFO - Sync 1 DAGs
[2026-07-03T14:02:33.919+0000] {logging_mixin.py:188} INFO - [2026-07-03T14:02:33.919+0000] {dag.py:3954} INFO - Setting next_dagrun for gold_dbt_dag to None, run_after=None
[2026-07-03T14:02:33.940+0000] {processor.py:183} INFO - Processing /opt/airflow/dags/dag_gold_dbt.py took 0.216 seconds
[2026-07-03T14:03:04.789+0000] {processor.py:161} INFO - Started process (PID=15766) to work on /opt/airflow/dags/dag_gold_dbt.py
[2026-07-03T14:03:04.790+0000] {processor.py:830} INFO - Processing file /opt/airflow/dags/dag_gold_dbt.py for tasks to queue
[2026-07-03T14:03:04.793+0000] {logging_mixin.py:188} INFO - [2026-07-03T14:03:04.793+0000] {dagbag.py:545} INFO - Filling up the DagBag from /opt/airflow/dags/dag_gold_dbt.py
[2026-07-03T14:03:04.804+0000] {processor.py:840} INFO - DAG(s) 'gold_dbt_dag' retrieved from /opt/airflow/dags/dag_gold_dbt.py
[2026-07-03T14:03:04.828+0000] {logging_mixin.py:188} INFO - [2026-07-03T14:03:04.828+0000] {dag.py:3096} INFO - Sync 1 DAGs
[2026-07-03T14:03:04.843+0000] {logging_mixin.py:188} INFO - [2026-07-03T14:03:04.843+0000] {dag.py:3954} INFO - Setting next_dagrun for gold_dbt_dag to None, run_after=None
[2026-07-03T14:03:04.857+0000] {processor.py:183} INFO - Processing /opt/airflow/dags/dag_gold_dbt.py took 0.076 seconds
[2026-07-03T14:03:34.953+0000] {processor.py:161} INFO - Started process (PID=15803) to work on /opt/airflow/dags/dag_gold_dbt.py
[2026-07-03T14:03:34.955+0000] {processor.py:830} INFO - Processing file /opt/airflow/dags/dag_gold_dbt.py for tasks to queue
[2026-07-03T14:03:34.957+0000] {logging_mixin.py:188} INFO - [2026-07-03T14:03:34.957+0000] {dagbag.py:545} INFO - Filling up the DagBag from /opt/airflow/dags/dag_gold_dbt.py
[2026-07-03T14:03:34.969+0000] {processor.py:840} INFO - DAG(s) 'gold_dbt_dag' retrieved from /opt/airflow/dags/dag_gold_dbt.py
[2026-07-03T14:03:34.987+0000] {logging_mixin.py:188} INFO - [2026-07-03T14:03:34.987+0000] {dag.py:3096} INFO - Sync 1 DAGs
[2026-07-03T14:03:35.000+0000] {logging_mixin.py:188} INFO - [2026-07-03T14:03:35.000+0000] {dag.py:3954} INFO - Setting next_dagrun for gold_dbt_dag to None, run_after=None
[2026-07-03T14:03:35.016+0000] {processor.py:183} INFO - Processing /opt/airflow/dags/dag_gold_dbt.py took 0.070 seconds
[2026-07-03T14:04:05.972+0000] {processor.py:161} INFO - Started process (PID=15840) to work on /opt/airflow/dags/dag_gold_dbt.py
[2026-07-03T14:04:05.974+0000] {processor.py:830} INFO - Processing file /opt/airflow/dags/dag_gold_dbt.py for tasks to queue
[2026-07-03T14:04:05.975+0000] {logging_mixin.py:188} INFO - [2026-07-03T14:04:05.975+0000] {dagbag.py:545} INFO - Filling up the DagBag from /opt/airflow/dags/dag_gold_dbt.py
[2026-07-03T14:04:05.989+0000] {processor.py:840} INFO - DAG(s) 'gold_dbt_dag' retrieved from /opt/airflow/dags/dag_gold_dbt.py
[2026-07-03T14:04:06.012+0000] {logging_mixin.py:188} INFO - [2026-07-03T14:04:06.011+0000] {dag.py:3096} INFO - Sync 1 DAGs
[2026-07-03T14:04:06.022+0000] {logging_mixin.py:188} INFO - [2026-07-03T14:04:06.022+0000] {dag.py:3954} INFO - Setting next_dagrun for gold_dbt_dag to None, run_after=None
[2026-07-03T14:04:06.037+0000] {processor.py:183} INFO - Processing /opt/airflow/dags/dag_gold_dbt.py took 0.073 seconds
[2026-07-03T14:04:36.153+0000] {processor.py:161} INFO - Started process (PID=15877) to work on /opt/airflow/dags/dag_gold_dbt.py
[2026-07-03T14:04:36.154+0000] {processor.py:830} INFO - Processing file /opt/airflow/dags/dag_gold_dbt.py for tasks to queue
[2026-07-03T14:04:36.155+0000] {logging_mixin.py:188} INFO - [2026-07-03T14:04:36.155+0000] {dagbag.py:545} INFO - Filling up the DagBag from /opt/airflow/dags/dag_gold_dbt.py
[2026-07-03T14:04:36.165+0000] {processor.py:840} INFO - DAG(s) 'gold_dbt_dag' retrieved from /opt/airflow/dags/dag_gold_dbt.py
[2026-07-03T14:04:36.193+0000] {logging_mixin.py:188} INFO - [2026-07-03T14:04:36.192+0000] {dag.py:3096} INFO - Sync 1 DAGs
[2026-07-03T14:04:36.208+0000] {logging_mixin.py:188} INFO - [2026-07-03T14:04:36.208+0000] {dag.py:3954} INFO - Setting next_dagrun for gold_dbt_dag to None, run_after=None
[2026-07-03T14:04:36.221+0000] {processor.py:183} INFO - Processing /opt/airflow/dags/dag_gold_dbt.py took 0.074 seconds
[2026-07-03T14:05:07.128+0000] {processor.py:161} INFO - Started process (PID=15914) to work on /opt/airflow/dags/dag_gold_dbt.py
[2026-07-03T14:05:07.129+0000] {processor.py:830} INFO - Processing file /opt/airflow/dags/dag_gold_dbt.py for tasks to queue
[2026-07-03T14:05:07.131+0000] {logging_mixin.py:188} INFO - [2026-07-03T14:05:07.131+0000] {dagbag.py:545} INFO - Filling up the DagBag from /opt/airflow/dags/dag_gold_dbt.py
[2026-07-03T14:05:07.144+0000] {processor.py:840} INFO - DAG(s) 'gold_dbt_dag' retrieved from /opt/airflow/dags/dag_gold_dbt.py
[2026-07-03T14:05:07.164+0000] {logging_mixin.py:188} INFO - [2026-07-03T14:05:07.164+0000] {dag.py:3096} INFO - Sync 1 DAGs
[2026-07-03T14:05:07.178+0000] {logging_mixin.py:188} INFO - [2026-07-03T14:05:07.178+0000] {dag.py:3954} INFO - Setting next_dagrun for gold_dbt_dag to None, run_after=None
[2026-07-03T14:05:07.192+0000] {processor.py:183} INFO - Processing /opt/airflow/dags/dag_gold_dbt.py took 0.071 seconds
[2026-07-03T14:05:37.212+0000] {processor.py:161} INFO - Started process (PID=15951) to work on /opt/airflow/dags/dag_gold_dbt.py
[2026-07-03T14:05:37.213+0000] {processor.py:830} INFO - Processing file /opt/airflow/dags/dag_gold_dbt.py for tasks to queue
[2026-07-03T14:05:37.214+0000] {logging_mixin.py:188} INFO - [2026-07-03T14:05:37.214+0000] {dagbag.py:545} INFO - Filling up the DagBag from /opt/airflow/dags/dag_gold_dbt.py
[2026-07-03T14:05:37.221+0000] {processor.py:840} INFO - DAG(s) 'gold_dbt_dag' retrieved from /opt/airflow/dags/dag_gold_dbt.py
[2026-07-03T14:05:37.235+0000] {logging_mixin.py:188} INFO - [2026-07-03T14:05:37.235+0000] {dag.py:3096} INFO - Sync 1 DAGs
[2026-07-03T14:05:37.246+0000] {logging_mixin.py:188} INFO - [2026-07-03T14:05:37.246+0000] {dag.py:3954} INFO - Setting next_dagrun for gold_dbt_dag to None, run_after=None
[2026-07-03T14:05:37.258+0000] {processor.py:183} INFO - Processing /opt/airflow/dags/dag_gold_dbt.py took 0.048 seconds
[2026-07-03T14:06:07.591+0000] {processor.py:161} INFO - Started process (PID=15963) to work on /opt/airflow/dags/dag_gold_dbt.py
[2026-07-03T14:06:07.593+0000] {processor.py:830} INFO - Processing file /opt/airflow/dags/dag_gold_dbt.py for tasks to queue
[2026-07-03T14:06:07.596+0000] {logging_mixin.py:188} INFO - [2026-07-03T14:06:07.596+0000] {dagbag.py:545} INFO - Filling up the DagBag from /opt/airflow/dags/dag_gold_dbt.py
[2026-07-03T14:06:07.624+0000] {processor.py:840} INFO - DAG(s) 'gold_dbt_dag' retrieved from /opt/airflow/dags/dag_gold_dbt.py
[2026-07-03T14:06:07.669+0000] {logging_mixin.py:188} INFO - [2026-07-03T14:06:07.669+0000] {dag.py:3096} INFO - Sync 1 DAGs
[2026-07-03T14:06:07.693+0000] {logging_mixin.py:188} INFO - [2026-07-03T14:06:07.692+0000] {dag.py:3954} INFO - Setting next_dagrun for gold_dbt_dag to None, run_after=None
[2026-07-03T14:06:07.711+0000] {processor.py:183} INFO - Processing /opt/airflow/dags/dag_gold_dbt.py took 0.126 seconds
[2026-07-03T14:06:38.596+0000] {processor.py:161} INFO - Started process (PID=16001) to work on /opt/airflow/dags/dag_gold_dbt.py
[2026-07-03T14:06:38.603+0000] {processor.py:830} INFO - Processing file /opt/airflow/dags/dag_gold_dbt.py for tasks to queue
[2026-07-03T14:06:38.610+0000] {logging_mixin.py:188} INFO - [2026-07-03T14:06:38.610+0000] {dagbag.py:545} INFO - Filling up the DagBag from /opt/airflow/dags/dag_gold_dbt.py
[2026-07-03T14:06:38.650+0000] {processor.py:840} INFO - DAG(s) 'gold_dbt_dag' retrieved from /opt/airflow/dags/dag_gold_dbt.py
[2026-07-03T14:06:38.702+0000] {logging_mixin.py:188} INFO - [2026-07-03T14:06:38.702+0000] {dag.py:3096} INFO - Sync 1 DAGs
[2026-07-03T14:06:38.742+0000] {logging_mixin.py:188} INFO - [2026-07-03T14:06:38.741+0000] {dag.py:3954} INFO - Setting next_dagrun for gold_dbt_dag to None, run_after=None
[2026-07-03T14:06:38.760+0000] {processor.py:183} INFO - Processing /opt/airflow/dags/dag_gold_dbt.py took 0.182 seconds
[2026-07-03T14:07:09.684+0000] {processor.py:161} INFO - Started process (PID=16038) to work on /opt/airflow/dags/dag_gold_dbt.py
[2026-07-03T14:07:09.685+0000] {processor.py:830} INFO - Processing file /opt/airflow/dags/dag_gold_dbt.py for tasks to queue
[2026-07-03T14:07:09.690+0000] {logging_mixin.py:188} INFO - [2026-07-03T14:07:09.689+0000] {dagbag.py:545} INFO - Filling up the DagBag from /opt/airflow/dags/dag_gold_dbt.py
[2026-07-03T14:07:09.727+0000] {processor.py:840} INFO - DAG(s) 'gold_dbt_dag' retrieved from /opt/airflow/dags/dag_gold_dbt.py
[2026-07-03T14:07:09.777+0000] {logging_mixin.py:188} INFO - [2026-07-03T14:07:09.777+0000] {dag.py:3096} INFO - Sync 1 DAGs
[2026-07-03T14:07:09.806+0000] {logging_mixin.py:188} INFO - [2026-07-03T14:07:09.805+0000] {dag.py:3954} INFO - Setting next_dagrun for gold_dbt_dag to None, run_after=None
[2026-07-03T14:07:09.830+0000] {processor.py:183} INFO - Processing /opt/airflow/dags/dag_gold_dbt.py took 0.152 seconds
[2026-07-03T14:07:40.756+0000] {processor.py:161} INFO - Started process (PID=16074) to work on /opt/airflow/dags/dag_gold_dbt.py
[2026-07-03T14:07:40.760+0000] {processor.py:830} INFO - Processing file /opt/airflow/dags/dag_gold_dbt.py for tasks to queue
[2026-07-03T14:07:40.763+0000] {logging_mixin.py:188} INFO - [2026-07-03T14:07:40.763+0000] {dagbag.py:545} INFO - Filling up the DagBag from /opt/airflow/dags/dag_gold_dbt.py
[2026-07-03T14:07:40.821+0000] {processor.py:840} INFO - DAG(s) 'gold_dbt_dag' retrieved from /opt/airflow/dags/dag_gold_dbt.py
[2026-07-03T14:07:40.887+0000] {logging_mixin.py:188} INFO - [2026-07-03T14:07:40.887+0000] {dag.py:3096} INFO - Sync 1 DAGs
[2026-07-03T14:07:40.918+0000] {logging_mixin.py:188} INFO - [2026-07-03T14:07:40.918+0000] {dag.py:3954} INFO - Setting next_dagrun for gold_dbt_dag to None, run_after=None
[2026-07-03T14:07:40.946+0000] {processor.py:183} INFO - Processing /opt/airflow/dags/dag_gold_dbt.py took 0.209 seconds
[2026-07-03T14:08:11.953+0000] {processor.py:161} INFO - Started process (PID=16111) to work on /opt/airflow/dags/dag_gold_dbt.py
[2026-07-03T14:08:11.956+0000] {processor.py:830} INFO - Processing file /opt/airflow/dags/dag_gold_dbt.py for tasks to queue
[2026-07-03T14:08:11.958+0000] {logging_mixin.py:188} INFO - [2026-07-03T14:08:11.958+0000] {dagbag.py:545} INFO - Filling up the DagBag from /opt/airflow/dags/dag_gold_dbt.py
[2026-07-03T14:08:11.984+0000] {processor.py:840} INFO - DAG(s) 'gold_dbt_dag' retrieved from /opt/airflow/dags/dag_gold_dbt.py
[2026-07-03T14:08:12.022+0000] {logging_mixin.py:188} INFO - [2026-07-03T14:08:12.022+0000] {dag.py:3096} INFO - Sync 1 DAGs
[2026-07-03T14:08:12.047+0000] {logging_mixin.py:188} INFO - [2026-07-03T14:08:12.046+0000] {dag.py:3954} INFO - Setting next_dagrun for gold_dbt_dag to None, run_after=None
[2026-07-03T14:08:12.064+0000] {processor.py:183} INFO - Processing /opt/airflow/dags/dag_gold_dbt.py took 0.119 seconds
[2026-07-03T14:08:43.054+0000] {processor.py:161} INFO - Started process (PID=16148) to work on /opt/airflow/dags/dag_gold_dbt.py
[2026-07-03T14:08:43.056+0000] {processor.py:830} INFO - Processing file /opt/airflow/dags/dag_gold_dbt.py for tasks to queue
[2026-07-03T14:08:43.062+0000] {logging_mixin.py:188} INFO - [2026-07-03T14:08:43.060+0000] {dagbag.py:545} INFO - Filling up the DagBag from /opt/airflow/dags/dag_gold_dbt.py
[2026-07-03T14:08:43.098+0000] {processor.py:840} INFO - DAG(s) 'gold_dbt_dag' retrieved from /opt/airflow/dags/dag_gold_dbt.py
[2026-07-03T14:08:43.145+0000] {logging_mixin.py:188} INFO - [2026-07-03T14:08:43.145+0000] {dag.py:3096} INFO - Sync 1 DAGs
[2026-07-03T14:08:43.169+0000] {logging_mixin.py:188} INFO - [2026-07-03T14:08:43.169+0000] {dag.py:3954} INFO - Setting next_dagrun for gold_dbt_dag to None, run_after=None
[2026-07-03T14:08:43.194+0000] {processor.py:183} INFO - Processing /opt/airflow/dags/dag_gold_dbt.py took 0.155 seconds
[2026-07-03T14:09:14.161+0000] {processor.py:161} INFO - Started process (PID=16186) to work on /opt/airflow/dags/dag_gold_dbt.py
[2026-07-03T14:09:14.162+0000] {processor.py:830} INFO - Processing file /opt/airflow/dags/dag_gold_dbt.py for tasks to queue
[2026-07-03T14:09:14.165+0000] {logging_mixin.py:188} INFO - [2026-07-03T14:09:14.165+0000] {dagbag.py:545} INFO - Filling up the DagBag from /opt/airflow/dags/dag_gold_dbt.py
[2026-07-03T14:09:14.196+0000] {processor.py:840} INFO - DAG(s) 'gold_dbt_dag' retrieved from /opt/airflow/dags/dag_gold_dbt.py
[2026-07-03T14:09:14.233+0000] {logging_mixin.py:188} INFO - [2026-07-03T14:09:14.232+0000] {dag.py:3096} INFO - Sync 1 DAGs
[2026-07-03T14:09:14.260+0000] {logging_mixin.py:188} INFO - [2026-07-03T14:09:14.260+0000] {dag.py:3954} INFO - Setting next_dagrun for gold_dbt_dag to None, run_after=None
[2026-07-03T14:09:14.280+0000] {processor.py:183} INFO - Processing /opt/airflow/dags/dag_gold_dbt.py took 0.133 seconds
[2026-07-03T14:09:45.354+0000] {processor.py:161} INFO - Started process (PID=16222) to work on /opt/airflow/dags/dag_gold_dbt.py
[2026-07-03T14:09:45.357+0000] {processor.py:830} INFO - Processing file /opt/airflow/dags/dag_gold_dbt.py for tasks to queue
[2026-07-03T14:09:45.362+0000] {logging_mixin.py:188} INFO - [2026-07-03T14:09:45.361+0000] {dagbag.py:545} INFO - Filling up the DagBag from /opt/airflow/dags/dag_gold_dbt.py
[2026-07-03T14:09:45.390+0000] {processor.py:840} INFO - DAG(s) 'gold_dbt_dag' retrieved from /opt/airflow/dags/dag_gold_dbt.py
[2026-07-03T14:09:45.431+0000] {logging_mixin.py:188} INFO - [2026-07-03T14:09:45.431+0000] {dag.py:3096} INFO - Sync 1 DAGs
[2026-07-03T14:09:45.462+0000] {logging_mixin.py:188} INFO - [2026-07-03T14:09:45.462+0000] {dag.py:3954} INFO - Setting next_dagrun for gold_dbt_dag to None, run_after=None
[2026-07-03T14:09:45.479+0000] {processor.py:183} INFO - Processing /opt/airflow/dags/dag_gold_dbt.py took 0.138 seconds
[2026-07-03T14:10:16.441+0000] {processor.py:161} INFO - Started process (PID=16260) to work on /opt/airflow/dags/dag_gold_dbt.py
[2026-07-03T14:10:16.443+0000] {processor.py:830} INFO - Processing file /opt/airflow/dags/dag_gold_dbt.py for tasks to queue
[2026-07-03T14:10:16.447+0000] {logging_mixin.py:188} INFO - [2026-07-03T14:10:16.446+0000] {dagbag.py:545} INFO - Filling up the DagBag from /opt/airflow/dags/dag_gold_dbt.py
[2026-07-03T14:10:16.468+0000] {processor.py:840} INFO - DAG(s) 'gold_dbt_dag' retrieved from /opt/airflow/dags/dag_gold_dbt.py
[2026-07-03T14:10:16.510+0000] {logging_mixin.py:188} INFO - [2026-07-03T14:10:16.510+0000] {dag.py:3096} INFO - Sync 1 DAGs
[2026-07-03T14:10:16.543+0000] {logging_mixin.py:188} INFO - [2026-07-03T14:10:16.543+0000] {dag.py:3954} INFO - Setting next_dagrun for gold_dbt_dag to None, run_after=None
[2026-07-03T14:10:16.566+0000] {processor.py:183} INFO - Processing /opt/airflow/dags/dag_gold_dbt.py took 0.131 seconds
[2026-07-03T14:10:47.458+0000] {processor.py:161} INFO - Started process (PID=16297) to work on /opt/airflow/dags/dag_gold_dbt.py
[2026-07-03T14:10:47.460+0000] {processor.py:830} INFO - Processing file /opt/airflow/dags/dag_gold_dbt.py for tasks to queue
[2026-07-03T14:10:47.463+0000] {logging_mixin.py:188} INFO - [2026-07-03T14:10:47.462+0000] {dagbag.py:545} INFO - Filling up the DagBag from /opt/airflow/dags/dag_gold_dbt.py
[2026-07-03T14:10:47.493+0000] {processor.py:840} INFO - DAG(s) 'gold_dbt_dag' retrieved from /opt/airflow/dags/dag_gold_dbt.py
[2026-07-03T14:10:47.538+0000] {logging_mixin.py:188} INFO - [2026-07-03T14:10:47.538+0000] {dag.py:3096} INFO - Sync 1 DAGs
[2026-07-03T14:10:47.566+0000] {logging_mixin.py:188} INFO - [2026-07-03T14:10:47.566+0000] {dag.py:3954} INFO - Setting next_dagrun for gold_dbt_dag to None, run_after=None
[2026-07-03T14:10:47.588+0000] {processor.py:183} INFO - Processing /opt/airflow/dags/dag_gold_dbt.py took 0.149 seconds
[2026-07-03T14:11:18.549+0000] {processor.py:161} INFO - Started process (PID=16334) to work on /opt/airflow/dags/dag_gold_dbt.py
[2026-07-03T14:11:18.551+0000] {processor.py:830} INFO - Processing file /opt/airflow/dags/dag_gold_dbt.py for tasks to queue
[2026-07-03T14:11:18.555+0000] {logging_mixin.py:188} INFO - [2026-07-03T14:11:18.554+0000] {dagbag.py:545} INFO - Filling up the DagBag from /opt/airflow/dags/dag_gold_dbt.py
[2026-07-03T14:11:18.578+0000] {processor.py:840} INFO - DAG(s) 'gold_dbt_dag' retrieved from /opt/airflow/dags/dag_gold_dbt.py
[2026-07-03T14:11:18.617+0000] {logging_mixin.py:188} INFO - [2026-07-03T14:11:18.617+0000] {dag.py:3096} INFO - Sync 1 DAGs
[2026-07-03T14:11:18.644+0000] {logging_mixin.py:188} INFO - [2026-07-03T14:11:18.643+0000] {dag.py:3954} INFO - Setting next_dagrun for gold_dbt_dag to None, run_after=None
[2026-07-03T14:11:18.666+0000] {processor.py:183} INFO - Processing /opt/airflow/dags/dag_gold_dbt.py took 0.130 seconds
[2026-07-03T14:11:49.658+0000] {processor.py:161} INFO - Started process (PID=16370) to work on /opt/airflow/dags/dag_gold_dbt.py
[2026-07-03T14:11:49.660+0000] {processor.py:830} INFO - Processing file /opt/airflow/dags/dag_gold_dbt.py for tasks to queue
[2026-07-03T14:11:49.668+0000] {logging_mixin.py:188} INFO - [2026-07-03T14:11:49.667+0000] {dagbag.py:545} INFO - Filling up the DagBag from /opt/airflow/dags/dag_gold_dbt.py
[2026-07-03T14:11:49.694+0000] {processor.py:840} INFO - DAG(s) 'gold_dbt_dag' retrieved from /opt/airflow/dags/dag_gold_dbt.py
[2026-07-03T14:11:49.751+0000] {logging_mixin.py:188} INFO - [2026-07-03T14:11:49.749+0000] {dag.py:3096} INFO - Sync 1 DAGs
[2026-07-03T14:11:49.782+0000] {logging_mixin.py:188} INFO - [2026-07-03T14:11:49.782+0000] {dag.py:3954} INFO - Setting next_dagrun for gold_dbt_dag to None, run_after=None
[2026-07-03T14:11:49.798+0000] {processor.py:183} INFO - Processing /opt/airflow/dags/dag_gold_dbt.py took 0.151 seconds
[2026-07-03T14:12:20.705+0000] {processor.py:161} INFO - Started process (PID=16408) to work on /opt/airflow/dags/dag_gold_dbt.py
[2026-07-03T14:12:20.707+0000] {processor.py:830} INFO - Processing file /opt/airflow/dags/dag_gold_dbt.py for tasks to queue
[2026-07-03T14:12:20.711+0000] {logging_mixin.py:188} INFO - [2026-07-03T14:12:20.710+0000] {dagbag.py:545} INFO - Filling up the DagBag from /opt/airflow/dags/dag_gold_dbt.py
[2026-07-03T14:12:20.755+0000] {processor.py:840} INFO - DAG(s) 'gold_dbt_dag' retrieved from /opt/airflow/dags/dag_gold_dbt.py
[2026-07-03T14:12:20.811+0000] {logging_mixin.py:188} INFO - [2026-07-03T14:12:20.810+0000] {dag.py:3096} INFO - Sync 1 DAGs
[2026-07-03T14:12:20.849+0000] {logging_mixin.py:188} INFO - [2026-07-03T14:12:20.849+0000] {dag.py:3954} INFO - Setting next_dagrun for gold_dbt_dag to None, run_after=None
[2026-07-03T14:12:20.876+0000] {processor.py:183} INFO - Processing /opt/airflow/dags/dag_gold_dbt.py took 0.184 seconds
[2026-07-03T14:12:51.764+0000] {processor.py:161} INFO - Started process (PID=16444) to work on /opt/airflow/dags/dag_gold_dbt.py
[2026-07-03T14:12:51.767+0000] {processor.py:830} INFO - Processing file /opt/airflow/dags/dag_gold_dbt.py for tasks to queue
[2026-07-03T14:12:51.780+0000] {logging_mixin.py:188} INFO - [2026-07-03T14:12:51.778+0000] {dagbag.py:545} INFO - Filling up the DagBag from /opt/airflow/dags/dag_gold_dbt.py
[2026-07-03T14:12:51.802+0000] {processor.py:840} INFO - DAG(s) 'gold_dbt_dag' retrieved from /opt/airflow/dags/dag_gold_dbt.py
[2026-07-03T14:12:51.828+0000] {logging_mixin.py:188} INFO - [2026-07-03T14:12:51.827+0000] {dag.py:3096} INFO - Sync 1 DAGs
[2026-07-03T14:12:51.851+0000] {logging_mixin.py:188} INFO - [2026-07-03T14:12:51.851+0000] {dag.py:3954} INFO - Setting next_dagrun for gold_dbt_dag to None, run_after=None
[2026-07-03T14:12:51.867+0000] {processor.py:183} INFO - Processing /opt/airflow/dags/dag_gold_dbt.py took 0.109 seconds
[2026-07-03T14:13:22.748+0000] {processor.py:161} INFO - Started process (PID=16482) to work on /opt/airflow/dags/dag_gold_dbt.py
[2026-07-03T14:13:22.750+0000] {processor.py:830} INFO - Processing file /opt/airflow/dags/dag_gold_dbt.py for tasks to queue
[2026-07-03T14:13:22.753+0000] {logging_mixin.py:188} INFO - [2026-07-03T14:13:22.752+0000] {dagbag.py:545} INFO - Filling up the DagBag from /opt/airflow/dags/dag_gold_dbt.py
[2026-07-03T14:13:22.786+0000] {processor.py:840} INFO - DAG(s) 'gold_dbt_dag' retrieved from /opt/airflow/dags/dag_gold_dbt.py
[2026-07-03T14:13:22.825+0000] {logging_mixin.py:188} INFO - [2026-07-03T14:13:22.825+0000] {dag.py:3096} INFO - Sync 1 DAGs
[2026-07-03T14:13:22.848+0000] {logging_mixin.py:188} INFO - [2026-07-03T14:13:22.848+0000] {dag.py:3954} INFO - Setting next_dagrun for gold_dbt_dag to None, run_after=None
[2026-07-03T14:13:22.870+0000] {processor.py:183} INFO - Processing /opt/airflow/dags/dag_gold_dbt.py took 0.134 seconds
[2026-07-03T14:13:53.823+0000] {processor.py:161} INFO - Started process (PID=16517) to work on /opt/airflow/dags/dag_gold_dbt.py
[2026-07-03T14:13:53.825+0000] {processor.py:830} INFO - Processing file /opt/airflow/dags/dag_gold_dbt.py for tasks to queue
[2026-07-03T14:13:53.831+0000] {logging_mixin.py:188} INFO - [2026-07-03T14:13:53.829+0000] {dagbag.py:545} INFO - Filling up the DagBag from /opt/airflow/dags/dag_gold_dbt.py
[2026-07-03T14:13:53.856+0000] {processor.py:840} INFO - DAG(s) 'gold_dbt_dag' retrieved from /opt/airflow/dags/dag_gold_dbt.py
[2026-07-03T14:13:53.893+0000] {logging_mixin.py:188} INFO - [2026-07-03T14:13:53.893+0000] {dag.py:3096} INFO - Sync 1 DAGs
[2026-07-03T14:13:53.915+0000] {logging_mixin.py:188} INFO - [2026-07-03T14:13:53.914+0000] {dag.py:3954} INFO - Setting next_dagrun for gold_dbt_dag to None, run_after=None
[2026-07-03T14:13:53.937+0000] {processor.py:183} INFO - Processing /opt/airflow/dags/dag_gold_dbt.py took 0.127 seconds
[2026-07-03T14:14:24.819+0000] {processor.py:161} INFO - Started process (PID=16556) to work on /opt/airflow/dags/dag_gold_dbt.py
[2026-07-03T14:14:24.821+0000] {processor.py:830} INFO - Processing file /opt/airflow/dags/dag_gold_dbt.py for tasks to queue
[2026-07-03T14:14:24.827+0000] {logging_mixin.py:188} INFO - [2026-07-03T14:14:24.826+0000] {dagbag.py:545} INFO - Filling up the DagBag from /opt/airflow/dags/dag_gold_dbt.py
[2026-07-03T14:14:24.855+0000] {processor.py:840} INFO - DAG(s) 'gold_dbt_dag' retrieved from /opt/airflow/dags/dag_gold_dbt.py
[2026-07-03T14:14:24.892+0000] {logging_mixin.py:188} INFO - [2026-07-03T14:14:24.892+0000] {dag.py:3096} INFO - Sync 1 DAGs
[2026-07-03T14:14:24.915+0000] {logging_mixin.py:188} INFO - [2026-07-03T14:14:24.915+0000] {dag.py:3954} INFO - Setting next_dagrun for gold_dbt_dag to None, run_after=None
[2026-07-03T14:14:24.936+0000] {processor.py:183} INFO - Processing /opt/airflow/dags/dag_gold_dbt.py took 0.126 seconds
[2026-07-03T14:14:55.861+0000] {processor.py:161} INFO - Started process (PID=16592) to work on /opt/airflow/dags/dag_gold_dbt.py
[2026-07-03T14:14:55.864+0000] {processor.py:830} INFO - Processing file /opt/airflow/dags/dag_gold_dbt.py for tasks to queue
[2026-07-03T14:14:55.867+0000] {logging_mixin.py:188} INFO - [2026-07-03T14:14:55.866+0000] {dagbag.py:545} INFO - Filling up the DagBag from /opt/airflow/dags/dag_gold_dbt.py
[2026-07-03T14:14:55.896+0000] {processor.py:840} INFO - DAG(s) 'gold_dbt_dag' retrieved from /opt/airflow/dags/dag_gold_dbt.py
[2026-07-03T14:14:55.926+0000] {logging_mixin.py:188} INFO - [2026-07-03T14:14:55.926+0000] {dag.py:3096} INFO - Sync 1 DAGs
[2026-07-03T14:14:55.945+0000] {logging_mixin.py:188} INFO - [2026-07-03T14:14:55.945+0000] {dag.py:3954} INFO - Setting next_dagrun for gold_dbt_dag to None, run_after=None
[2026-07-03T14:14:55.963+0000] {processor.py:183} INFO - Processing /opt/airflow/dags/dag_gold_dbt.py took 0.111 seconds
[2026-07-03T14:15:26.755+0000] {processor.py:161} INFO - Started process (PID=16630) to work on /opt/airflow/dags/dag_gold_dbt.py
[2026-07-03T14:15:26.757+0000] {processor.py:830} INFO - Processing file /opt/airflow/dags/dag_gold_dbt.py for tasks to queue
[2026-07-03T14:15:26.760+0000] {logging_mixin.py:188} INFO - [2026-07-03T14:15:26.759+0000] {dagbag.py:545} INFO - Filling up the DagBag from /opt/airflow/dags/dag_gold_dbt.py
[2026-07-03T14:15:26.783+0000] {processor.py:840} INFO - DAG(s) 'gold_dbt_dag' retrieved from /opt/airflow/dags/dag_gold_dbt.py
[2026-07-03T14:15:26.819+0000] {logging_mixin.py:188} INFO - [2026-07-03T14:15:26.819+0000] {dag.py:3096} INFO - Sync 1 DAGs
[2026-07-03T14:15:26.840+0000] {logging_mixin.py:188} INFO - [2026-07-03T14:15:26.839+0000] {dag.py:3954} INFO - Setting next_dagrun for gold_dbt_dag to None, run_after=None
[2026-07-03T14:15:26.860+0000] {processor.py:183} INFO - Processing /opt/airflow/dags/dag_gold_dbt.py took 0.112 seconds
[2026-07-03T14:15:57.775+0000] {processor.py:161} INFO - Started process (PID=16666) to work on /opt/airflow/dags/dag_gold_dbt.py
[2026-07-03T14:15:57.777+0000] {processor.py:830} INFO - Processing file /opt/airflow/dags/dag_gold_dbt.py for tasks to queue
[2026-07-03T14:15:57.780+0000] {logging_mixin.py:188} INFO - [2026-07-03T14:15:57.780+0000] {dagbag.py:545} INFO - Filling up the DagBag from /opt/airflow/dags/dag_gold_dbt.py
[2026-07-03T14:15:57.810+0000] {processor.py:840} INFO - DAG(s) 'gold_dbt_dag' retrieved from /opt/airflow/dags/dag_gold_dbt.py
[2026-07-03T14:15:57.850+0000] {logging_mixin.py:188} INFO - [2026-07-03T14:15:57.850+0000] {dag.py:3096} INFO - Sync 1 DAGs
[2026-07-03T14:15:57.881+0000] {logging_mixin.py:188} INFO - [2026-07-03T14:15:57.881+0000] {dag.py:3954} INFO - Setting next_dagrun for gold_dbt_dag to None, run_after=None
[2026-07-03T14:15:57.894+0000] {processor.py:183} INFO - Processing /opt/airflow/dags/dag_gold_dbt.py took 0.127 seconds
[2026-07-03T14:16:28.820+0000] {processor.py:161} INFO - Started process (PID=16703) to work on /opt/airflow/dags/dag_gold_dbt.py
[2026-07-03T14:16:28.824+0000] {processor.py:830} INFO - Processing file /opt/airflow/dags/dag_gold_dbt.py for tasks to queue
[2026-07-03T14:16:28.829+0000] {logging_mixin.py:188} INFO - [2026-07-03T14:16:28.829+0000] {dagbag.py:545} INFO - Filling up the DagBag from /opt/airflow/dags/dag_gold_dbt.py
[2026-07-03T14:16:28.861+0000] {processor.py:840} INFO - DAG(s) 'gold_dbt_dag' retrieved from /opt/airflow/dags/dag_gold_dbt.py
[2026-07-03T14:16:28.922+0000] {logging_mixin.py:188} INFO - [2026-07-03T14:16:28.922+0000] {dag.py:3096} INFO - Sync 1 DAGs
[2026-07-03T14:16:28.959+0000] {logging_mixin.py:188} INFO - [2026-07-03T14:16:28.959+0000] {dag.py:3954} INFO - Setting next_dagrun for gold_dbt_dag to None, run_after=None
[2026-07-03T14:16:28.993+0000] {processor.py:183} INFO - Processing /opt/airflow/dags/dag_gold_dbt.py took 0.191 seconds
[2026-07-03T14:16:59.968+0000] {processor.py:161} INFO - Started process (PID=16740) to work on /opt/airflow/dags/dag_gold_dbt.py
[2026-07-03T14:16:59.970+0000] {processor.py:830} INFO - Processing file /opt/airflow/dags/dag_gold_dbt.py for tasks to queue
[2026-07-03T14:16:59.977+0000] {logging_mixin.py:188} INFO - [2026-07-03T14:16:59.976+0000] {dagbag.py:545} INFO - Filling up the DagBag from /opt/airflow/dags/dag_gold_dbt.py
[2026-07-03T14:17:00.039+0000] {processor.py:840} INFO - DAG(s) 'gold_dbt_dag' retrieved from /opt/airflow/dags/dag_gold_dbt.py
[2026-07-03T14:17:00.136+0000] {logging_mixin.py:188} INFO - [2026-07-03T14:17:00.134+0000] {dag.py:3096} INFO - Sync 1 DAGs
[2026-07-03T14:17:00.183+0000] {logging_mixin.py:188} INFO - [2026-07-03T14:17:00.182+0000] {dag.py:3954} INFO - Setting next_dagrun for gold_dbt_dag to None, run_after=None
[2026-07-03T14:17:00.205+0000] {processor.py:183} INFO - Processing /opt/airflow/dags/dag_gold_dbt.py took 0.257 seconds
[2026-07-03T14:17:31.195+0000] {processor.py:161} INFO - Started process (PID=16778) to work on /opt/airflow/dags/dag_gold_dbt.py
[2026-07-03T14:17:31.197+0000] {processor.py:830} INFO - Processing file /opt/airflow/dags/dag_gold_dbt.py for tasks to queue
[2026-07-03T14:17:31.201+0000] {logging_mixin.py:188} INFO - [2026-07-03T14:17:31.201+0000] {dagbag.py:545} INFO - Filling up the DagBag from /opt/airflow/dags/dag_gold_dbt.py
[2026-07-03T14:17:31.229+0000] {processor.py:840} INFO - DAG(s) 'gold_dbt_dag' retrieved from /opt/airflow/dags/dag_gold_dbt.py
[2026-07-03T14:17:31.289+0000] {logging_mixin.py:188} INFO - [2026-07-03T14:17:31.289+0000] {dag.py:3096} INFO - Sync 1 DAGs
[2026-07-03T14:17:31.318+0000] {logging_mixin.py:188} INFO - [2026-07-03T14:17:31.318+0000] {dag.py:3954} INFO - Setting next_dagrun for gold_dbt_dag to None, run_after=None
[2026-07-03T14:17:31.343+0000] {processor.py:183} INFO - Processing /opt/airflow/dags/dag_gold_dbt.py took 0.157 seconds
[2026-07-03T14:18:02.311+0000] {processor.py:161} INFO - Started process (PID=16814) to work on /opt/airflow/dags/dag_gold_dbt.py
[2026-07-03T14:18:02.314+0000] {processor.py:830} INFO - Processing file /opt/airflow/dags/dag_gold_dbt.py for tasks to queue
[2026-07-03T14:18:02.319+0000] {logging_mixin.py:188} INFO - [2026-07-03T14:18:02.318+0000] {dagbag.py:545} INFO - Filling up the DagBag from /opt/airflow/dags/dag_gold_dbt.py
[2026-07-03T14:18:02.353+0000] {processor.py:840} INFO - DAG(s) 'gold_dbt_dag' retrieved from /opt/airflow/dags/dag_gold_dbt.py
[2026-07-03T14:18:02.401+0000] {logging_mixin.py:188} INFO - [2026-07-03T14:18:02.401+0000] {dag.py:3096} INFO - Sync 1 DAGs
[2026-07-03T14:18:02.432+0000] {logging_mixin.py:188} INFO - [2026-07-03T14:18:02.432+0000] {dag.py:3954} INFO - Setting next_dagrun for gold_dbt_dag to None, run_after=None
[2026-07-03T14:18:02.448+0000] {processor.py:183} INFO - Processing /opt/airflow/dags/dag_gold_dbt.py took 0.147 seconds
[2026-07-03T14:18:33.420+0000] {processor.py:161} INFO - Started process (PID=16851) to work on /opt/airflow/dags/dag_gold_dbt.py
[2026-07-03T14:18:33.426+0000] {processor.py:830} INFO - Processing file /opt/airflow/dags/dag_gold_dbt.py for tasks to queue
[2026-07-03T14:18:33.429+0000] {logging_mixin.py:188} INFO - [2026-07-03T14:18:33.428+0000] {dagbag.py:545} INFO - Filling up the DagBag from /opt/airflow/dags/dag_gold_dbt.py
[2026-07-03T14:18:33.463+0000] {processor.py:840} INFO - DAG(s) 'gold_dbt_dag' retrieved from /opt/airflow/dags/dag_gold_dbt.py
[2026-07-03T14:18:33.510+0000] {logging_mixin.py:188} INFO - [2026-07-03T14:18:33.510+0000] {dag.py:3096} INFO - Sync 1 DAGs
[2026-07-03T14:18:33.539+0000] {logging_mixin.py:188} INFO - [2026-07-03T14:18:33.538+0000] {dag.py:3954} INFO - Setting next_dagrun for gold_dbt_dag to None, run_after=None
[2026-07-03T14:18:33.558+0000] {processor.py:183} INFO - Processing /opt/airflow/dags/dag_gold_dbt.py took 0.157 seconds
[2026-07-03T14:19:04.476+0000] {processor.py:161} INFO - Started process (PID=16887) to work on /opt/airflow/dags/dag_gold_dbt.py
[2026-07-03T14:19:04.477+0000] {processor.py:830} INFO - Processing file /opt/airflow/dags/dag_gold_dbt.py for tasks to queue
[2026-07-03T14:19:04.481+0000] {logging_mixin.py:188} INFO - [2026-07-03T14:19:04.481+0000] {dagbag.py:545} INFO - Filling up the DagBag from /opt/airflow/dags/dag_gold_dbt.py
[2026-07-03T14:19:04.499+0000] {processor.py:840} INFO - DAG(s) 'gold_dbt_dag' retrieved from /opt/airflow/dags/dag_gold_dbt.py
[2026-07-03T14:19:04.525+0000] {logging_mixin.py:188} INFO - [2026-07-03T14:19:04.525+0000] {dag.py:3096} INFO - Sync 1 DAGs
[2026-07-03T14:19:04.553+0000] {logging_mixin.py:188} INFO - [2026-07-03T14:19:04.553+0000] {dag.py:3954} INFO - Setting next_dagrun for gold_dbt_dag to None, run_after=None
[2026-07-03T14:19:04.572+0000] {processor.py:183} INFO - Processing /opt/airflow/dags/dag_gold_dbt.py took 0.103 seconds
[2026-07-03T14:19:35.538+0000] {processor.py:161} INFO - Started process (PID=16926) to work on /opt/airflow/dags/dag_gold_dbt.py
[2026-07-03T14:19:35.545+0000] {processor.py:830} INFO - Processing file /opt/airflow/dags/dag_gold_dbt.py for tasks to queue
[2026-07-03T14:19:35.556+0000] {logging_mixin.py:188} INFO - [2026-07-03T14:19:35.554+0000] {dagbag.py:545} INFO - Filling up the DagBag from /opt/airflow/dags/dag_gold_dbt.py
[2026-07-03T14:19:35.596+0000] {processor.py:840} INFO - DAG(s) 'gold_dbt_dag' retrieved from /opt/airflow/dags/dag_gold_dbt.py
[2026-07-03T14:19:35.724+0000] {logging_mixin.py:188} INFO - [2026-07-03T14:19:35.723+0000] {dag.py:3096} INFO - Sync 1 DAGs
[2026-07-03T14:19:35.751+0000] {logging_mixin.py:188} INFO - [2026-07-03T14:19:35.750+0000] {dag.py:3954} INFO - Setting next_dagrun for gold_dbt_dag to None, run_after=None
[2026-07-03T14:19:35.769+0000] {processor.py:183} INFO - Processing /opt/airflow/dags/dag_gold_dbt.py took 0.284 seconds
[2026-07-03T14:20:06.633+0000] {processor.py:161} INFO - Started process (PID=16963) to work on /opt/airflow/dags/dag_gold_dbt.py
[2026-07-03T14:20:06.637+0000] {processor.py:830} INFO - Processing file /opt/airflow/dags/dag_gold_dbt.py for tasks to queue
[2026-07-03T14:20:06.643+0000] {logging_mixin.py:188} INFO - [2026-07-03T14:20:06.643+0000] {dagbag.py:545} INFO - Filling up the DagBag from /opt/airflow/dags/dag_gold_dbt.py
[2026-07-03T14:20:06.676+0000] {processor.py:840} INFO - DAG(s) 'gold_dbt_dag' retrieved from /opt/airflow/dags/dag_gold_dbt.py
[2026-07-03T14:20:06.720+0000] {logging_mixin.py:188} INFO - [2026-07-03T14:20:06.720+0000] {dag.py:3096} INFO - Sync 1 DAGs
[2026-07-03T14:20:06.753+0000] {logging_mixin.py:188} INFO - [2026-07-03T14:20:06.753+0000] {dag.py:3954} INFO - Setting next_dagrun for gold_dbt_dag to None, run_after=None
[2026-07-03T14:20:06.782+0000] {processor.py:183} INFO - Processing /opt/airflow/dags/dag_gold_dbt.py took 0.158 seconds
[2026-07-03T14:20:37.796+0000] {processor.py:161} INFO - Started process (PID=16999) to work on /opt/airflow/dags/dag_gold_dbt.py
[2026-07-03T14:20:37.798+0000] {processor.py:830} INFO - Processing file /opt/airflow/dags/dag_gold_dbt.py for tasks to queue
[2026-07-03T14:20:37.802+0000] {logging_mixin.py:188} INFO - [2026-07-03T14:20:37.801+0000] {dagbag.py:545} INFO - Filling up the DagBag from /opt/airflow/dags/dag_gold_dbt.py
[2026-07-03T14:20:37.844+0000] {processor.py:840} INFO - DAG(s) 'gold_dbt_dag' retrieved from /opt/airflow/dags/dag_gold_dbt.py
[2026-07-03T14:20:37.899+0000] {logging_mixin.py:188} INFO - [2026-07-03T14:20:37.898+0000] {dag.py:3096} INFO - Sync 1 DAGs
[2026-07-03T14:20:37.930+0000] {logging_mixin.py:188} INFO - [2026-07-03T14:20:37.930+0000] {dag.py:3954} INFO - Setting next_dagrun for gold_dbt_dag to None, run_after=None
[2026-07-03T14:20:37.955+0000] {processor.py:183} INFO - Processing /opt/airflow/dags/dag_gold_dbt.py took 0.180 seconds
[2026-07-03T14:21:09.035+0000] {processor.py:161} INFO - Started process (PID=17037) to work on /opt/airflow/dags/dag_gold_dbt.py
[2026-07-03T14:21:09.037+0000] {processor.py:830} INFO - Processing file /opt/airflow/dags/dag_gold_dbt.py for tasks to queue
[2026-07-03T14:21:09.044+0000] {logging_mixin.py:188} INFO - [2026-07-03T14:21:09.043+0000] {dagbag.py:545} INFO - Filling up the DagBag from /opt/airflow/dags/dag_gold_dbt.py
[2026-07-03T14:21:09.077+0000] {processor.py:840} INFO - DAG(s) 'gold_dbt_dag' retrieved from /opt/airflow/dags/dag_gold_dbt.py
[2026-07-03T14:21:09.131+0000] {logging_mixin.py:188} INFO - [2026-07-03T14:21:09.131+0000] {dag.py:3096} INFO - Sync 1 DAGs
[2026-07-03T14:21:09.153+0000] {logging_mixin.py:188} INFO - [2026-07-03T14:21:09.153+0000] {dag.py:3954} INFO - Setting next_dagrun for gold_dbt_dag to None, run_after=None
[2026-07-03T14:21:09.176+0000] {processor.py:183} INFO - Processing /opt/airflow/dags/dag_gold_dbt.py took 0.150 seconds
[2026-07-03T14:21:40.126+0000] {processor.py:161} INFO - Started process (PID=17074) to work on /opt/airflow/dags/dag_gold_dbt.py
[2026-07-03T14:21:40.132+0000] {processor.py:830} INFO - Processing file /opt/airflow/dags/dag_gold_dbt.py for tasks to queue
[2026-07-03T14:21:40.135+0000] {logging_mixin.py:188} INFO - [2026-07-03T14:21:40.134+0000] {dagbag.py:545} INFO - Filling up the DagBag from /opt/airflow/dags/dag_gold_dbt.py
[2026-07-03T14:21:40.173+0000] {processor.py:840} INFO - DAG(s) 'gold_dbt_dag' retrieved from /opt/airflow/dags/dag_gold_dbt.py
[2026-07-03T14:21:40.225+0000] {logging_mixin.py:188} INFO - [2026-07-03T14:21:40.225+0000] {dag.py:3096} INFO - Sync 1 DAGs
[2026-07-03T14:21:40.262+0000] {logging_mixin.py:188} INFO - [2026-07-03T14:21:40.262+0000] {dag.py:3954} INFO - Setting next_dagrun for gold_dbt_dag to None, run_after=None
[2026-07-03T14:21:40.284+0000] {processor.py:183} INFO - Processing /opt/airflow/dags/dag_gold_dbt.py took 0.169 seconds
[2026-07-03T14:22:11.139+0000] {processor.py:161} INFO - Started process (PID=17110) to work on /opt/airflow/dags/dag_gold_dbt.py
[2026-07-03T14:22:11.140+0000] {processor.py:830} INFO - Processing file /opt/airflow/dags/dag_gold_dbt.py for tasks to queue
[2026-07-03T14:22:11.144+0000] {logging_mixin.py:188} INFO - [2026-07-03T14:22:11.144+0000] {dagbag.py:545} INFO - Filling up the DagBag from /opt/airflow/dags/dag_gold_dbt.py
[2026-07-03T14:22:11.179+0000] {processor.py:840} INFO - DAG(s) 'gold_dbt_dag' retrieved from /opt/airflow/dags/dag_gold_dbt.py
[2026-07-03T14:22:11.234+0000] {logging_mixin.py:188} INFO - [2026-07-03T14:22:11.233+0000] {dag.py:3096} INFO - Sync 1 DAGs
[2026-07-03T14:22:11.275+0000] {logging_mixin.py:188} INFO - [2026-07-03T14:22:11.274+0000] {dag.py:3954} INFO - Setting next_dagrun for gold_dbt_dag to None, run_after=None
[2026-07-03T14:22:11.291+0000] {processor.py:183} INFO - Processing /opt/airflow/dags/dag_gold_dbt.py took 0.159 seconds
[2026-07-03T14:22:42.197+0000] {processor.py:161} INFO - Started process (PID=17148) to work on /opt/airflow/dags/dag_gold_dbt.py
[2026-07-03T14:22:42.199+0000] {processor.py:830} INFO - Processing file /opt/airflow/dags/dag_gold_dbt.py for tasks to queue
[2026-07-03T14:22:42.203+0000] {logging_mixin.py:188} INFO - [2026-07-03T14:22:42.203+0000] {dagbag.py:545} INFO - Filling up the DagBag from /opt/airflow/dags/dag_gold_dbt.py
[2026-07-03T14:22:42.239+0000] {processor.py:840} INFO - DAG(s) 'gold_dbt_dag' retrieved from /opt/airflow/dags/dag_gold_dbt.py
[2026-07-03T14:22:42.282+0000] {logging_mixin.py:188} INFO - [2026-07-03T14:22:42.282+0000] {dag.py:3096} INFO - Sync 1 DAGs
[2026-07-03T14:22:42.317+0000] {logging_mixin.py:188} INFO - [2026-07-03T14:22:42.317+0000] {dag.py:3954} INFO - Setting next_dagrun for gold_dbt_dag to None, run_after=None
[2026-07-03T14:22:42.337+0000] {processor.py:183} INFO - Processing /opt/airflow/dags/dag_gold_dbt.py took 0.152 seconds
[2026-07-03T14:23:13.243+0000] {processor.py:161} INFO - Started process (PID=17185) to work on /opt/airflow/dags/dag_gold_dbt.py
[2026-07-03T14:23:13.244+0000] {processor.py:830} INFO - Processing file /opt/airflow/dags/dag_gold_dbt.py for tasks to queue
[2026-07-03T14:23:13.248+0000] {logging_mixin.py:188} INFO - [2026-07-03T14:23:13.247+0000] {dagbag.py:545} INFO - Filling up the DagBag from /opt/airflow/dags/dag_gold_dbt.py
[2026-07-03T14:23:13.267+0000] {processor.py:840} INFO - DAG(s) 'gold_dbt_dag' retrieved from /opt/airflow/dags/dag_gold_dbt.py
[2026-07-03T14:23:13.293+0000] {logging_mixin.py:188} INFO - [2026-07-03T14:23:13.293+0000] {dag.py:3096} INFO - Sync 1 DAGs
[2026-07-03T14:23:13.310+0000] {logging_mixin.py:188} INFO - [2026-07-03T14:23:13.310+0000] {dag.py:3954} INFO - Setting next_dagrun for gold_dbt_dag to None, run_after=None
[2026-07-03T14:23:13.326+0000] {processor.py:183} INFO - Processing /opt/airflow/dags/dag_gold_dbt.py took 0.088 seconds
[2026-07-03T14:23:44.105+0000] {processor.py:161} INFO - Started process (PID=17222) to work on /opt/airflow/dags/dag_gold_dbt.py
[2026-07-03T14:23:44.107+0000] {processor.py:830} INFO - Processing file /opt/airflow/dags/dag_gold_dbt.py for tasks to queue
[2026-07-03T14:23:44.111+0000] {logging_mixin.py:188} INFO - [2026-07-03T14:23:44.110+0000] {dagbag.py:545} INFO - Filling up the DagBag from /opt/airflow/dags/dag_gold_dbt.py
[2026-07-03T14:23:44.133+0000] {processor.py:840} INFO - DAG(s) 'gold_dbt_dag' retrieved from /opt/airflow/dags/dag_gold_dbt.py
[2026-07-03T14:23:44.175+0000] {logging_mixin.py:188} INFO - [2026-07-03T14:23:44.175+0000] {dag.py:3096} INFO - Sync 1 DAGs
[2026-07-03T14:23:44.202+0000] {logging_mixin.py:188} INFO - [2026-07-03T14:23:44.202+0000] {dag.py:3954} INFO - Setting next_dagrun for gold_dbt_dag to None, run_after=None
[2026-07-03T14:23:44.225+0000] {processor.py:183} INFO - Processing /opt/airflow/dags/dag_gold_dbt.py took 0.134 seconds
[2026-07-03T14:24:15.106+0000] {processor.py:161} INFO - Started process (PID=17258) to work on /opt/airflow/dags/dag_gold_dbt.py
[2026-07-03T14:24:15.109+0000] {processor.py:830} INFO - Processing file /opt/airflow/dags/dag_gold_dbt.py for tasks to queue
[2026-07-03T14:24:15.112+0000] {logging_mixin.py:188} INFO - [2026-07-03T14:24:15.112+0000] {dagbag.py:545} INFO - Filling up the DagBag from /opt/airflow/dags/dag_gold_dbt.py
[2026-07-03T14:24:15.149+0000] {processor.py:840} INFO - DAG(s) 'gold_dbt_dag' retrieved from /opt/airflow/dags/dag_gold_dbt.py
[2026-07-03T14:24:15.220+0000] {logging_mixin.py:188} INFO - [2026-07-03T14:24:15.220+0000] {dag.py:3096} INFO - Sync 1 DAGs
[2026-07-03T14:24:15.254+0000] {logging_mixin.py:188} INFO - [2026-07-03T14:24:15.254+0000] {dag.py:3954} INFO - Setting next_dagrun for gold_dbt_dag to None, run_after=None
[2026-07-03T14:24:15.296+0000] {processor.py:183} INFO - Processing /opt/airflow/dags/dag_gold_dbt.py took 0.209 seconds
[2026-07-03T14:24:46.391+0000] {processor.py:161} INFO - Started process (PID=17295) to work on /opt/airflow/dags/dag_gold_dbt.py
[2026-07-03T14:24:46.396+0000] {processor.py:830} INFO - Processing file /opt/airflow/dags/dag_gold_dbt.py for tasks to queue
[2026-07-03T14:24:46.401+0000] {logging_mixin.py:188} INFO - [2026-07-03T14:24:46.400+0000] {dagbag.py:545} INFO - Filling up the DagBag from /opt/airflow/dags/dag_gold_dbt.py
[2026-07-03T14:24:46.419+0000] {processor.py:840} INFO - DAG(s) 'gold_dbt_dag' retrieved from /opt/airflow/dags/dag_gold_dbt.py
[2026-07-03T14:24:46.455+0000] {logging_mixin.py:188} INFO - [2026-07-03T14:24:46.454+0000] {dag.py:3096} INFO - Sync 1 DAGs
[2026-07-03T14:24:46.489+0000] {logging_mixin.py:188} INFO - [2026-07-03T14:24:46.489+0000] {dag.py:3954} INFO - Setting next_dagrun for gold_dbt_dag to None, run_after=None
[2026-07-03T14:24:46.509+0000] {processor.py:183} INFO - Processing /opt/airflow/dags/dag_gold_dbt.py took 0.131 seconds
[2026-07-03T14:25:17.443+0000] {processor.py:161} INFO - Started process (PID=17333) to work on /opt/airflow/dags/dag_gold_dbt.py
[2026-07-03T14:25:17.444+0000] {processor.py:830} INFO - Processing file /opt/airflow/dags/dag_gold_dbt.py for tasks to queue
[2026-07-03T14:25:17.447+0000] {logging_mixin.py:188} INFO - [2026-07-03T14:25:17.447+0000] {dagbag.py:545} INFO - Filling up the DagBag from /opt/airflow/dags/dag_gold_dbt.py
[2026-07-03T14:25:17.466+0000] {processor.py:840} INFO - DAG(s) 'gold_dbt_dag' retrieved from /opt/airflow/dags/dag_gold_dbt.py
[2026-07-03T14:25:17.492+0000] {logging_mixin.py:188} INFO - [2026-07-03T14:25:17.492+0000] {dag.py:3096} INFO - Sync 1 DAGs
[2026-07-03T14:25:17.513+0000] {logging_mixin.py:188} INFO - [2026-07-03T14:25:17.513+0000] {dag.py:3954} INFO - Setting next_dagrun for gold_dbt_dag to None, run_after=None
[2026-07-03T14:25:17.529+0000] {processor.py:183} INFO - Processing /opt/airflow/dags/dag_gold_dbt.py took 0.091 seconds
[2026-07-03T14:25:48.489+0000] {processor.py:161} INFO - Started process (PID=17369) to work on /opt/airflow/dags/dag_gold_dbt.py
[2026-07-03T14:25:48.491+0000] {processor.py:830} INFO - Processing file /opt/airflow/dags/dag_gold_dbt.py for tasks to queue
[2026-07-03T14:25:48.495+0000] {logging_mixin.py:188} INFO - [2026-07-03T14:25:48.494+0000] {dagbag.py:545} INFO - Filling up the DagBag from /opt/airflow/dags/dag_gold_dbt.py
[2026-07-03T14:25:48.538+0000] {processor.py:840} INFO - DAG(s) 'gold_dbt_dag' retrieved from /opt/airflow/dags/dag_gold_dbt.py
[2026-07-03T14:25:48.580+0000] {logging_mixin.py:188} INFO - [2026-07-03T14:25:48.580+0000] {dag.py:3096} INFO - Sync 1 DAGs
[2026-07-03T14:25:48.599+0000] {logging_mixin.py:188} INFO - [2026-07-03T14:25:48.598+0000] {dag.py:3954} INFO - Setting next_dagrun for gold_dbt_dag to None, run_after=None
[2026-07-03T14:25:48.623+0000] {processor.py:183} INFO - Processing /opt/airflow/dags/dag_gold_dbt.py took 0.142 seconds
[2026-07-03T14:26:19.507+0000] {processor.py:161} INFO - Started process (PID=17407) to work on /opt/airflow/dags/dag_gold_dbt.py
[2026-07-03T14:26:19.510+0000] {processor.py:830} INFO - Processing file /opt/airflow/dags/dag_gold_dbt.py for tasks to queue
[2026-07-03T14:26:19.516+0000] {logging_mixin.py:188} INFO - [2026-07-03T14:26:19.515+0000] {dagbag.py:545} INFO - Filling up the DagBag from /opt/airflow/dags/dag_gold_dbt.py
[2026-07-03T14:26:19.542+0000] {processor.py:840} INFO - DAG(s) 'gold_dbt_dag' retrieved from /opt/airflow/dags/dag_gold_dbt.py
[2026-07-03T14:26:19.569+0000] {logging_mixin.py:188} INFO - [2026-07-03T14:26:19.569+0000] {dag.py:3096} INFO - Sync 1 DAGs
[2026-07-03T14:26:19.598+0000] {logging_mixin.py:188} INFO - [2026-07-03T14:26:19.598+0000] {dag.py:3954} INFO - Setting next_dagrun for gold_dbt_dag to None, run_after=None
[2026-07-03T14:26:19.617+0000] {processor.py:183} INFO - Processing /opt/airflow/dags/dag_gold_dbt.py took 0.117 seconds
[2026-07-03T14:26:50.563+0000] {processor.py:161} INFO - Started process (PID=17443) to work on /opt/airflow/dags/dag_gold_dbt.py
[2026-07-03T14:26:50.566+0000] {processor.py:830} INFO - Processing file /opt/airflow/dags/dag_gold_dbt.py for tasks to queue
[2026-07-03T14:26:50.569+0000] {logging_mixin.py:188} INFO - [2026-07-03T14:26:50.569+0000] {dagbag.py:545} INFO - Filling up the DagBag from /opt/airflow/dags/dag_gold_dbt.py
[2026-07-03T14:26:50.603+0000] {processor.py:840} INFO - DAG(s) 'gold_dbt_dag' retrieved from /opt/airflow/dags/dag_gold_dbt.py
[2026-07-03T14:26:50.636+0000] {logging_mixin.py:188} INFO - [2026-07-03T14:26:50.636+0000] {dag.py:3096} INFO - Sync 1 DAGs
[2026-07-03T14:26:50.664+0000] {logging_mixin.py:188} INFO - [2026-07-03T14:26:50.663+0000] {dag.py:3954} INFO - Setting next_dagrun for gold_dbt_dag to None, run_after=None
[2026-07-03T14:26:50.682+0000] {processor.py:183} INFO - Processing /opt/airflow/dags/dag_gold_dbt.py took 0.129 seconds
[2026-07-03T14:27:21.498+0000] {processor.py:161} INFO - Started process (PID=17481) to work on /opt/airflow/dags/dag_gold_dbt.py
[2026-07-03T14:27:21.500+0000] {processor.py:830} INFO - Processing file /opt/airflow/dags/dag_gold_dbt.py for tasks to queue
[2026-07-03T14:27:21.503+0000] {logging_mixin.py:188} INFO - [2026-07-03T14:27:21.502+0000] {dagbag.py:545} INFO - Filling up the DagBag from /opt/airflow/dags/dag_gold_dbt.py
[2026-07-03T14:27:21.526+0000] {processor.py:840} INFO - DAG(s) 'gold_dbt_dag' retrieved from /opt/airflow/dags/dag_gold_dbt.py
[2026-07-03T14:27:21.566+0000] {logging_mixin.py:188} INFO - [2026-07-03T14:27:21.566+0000] {dag.py:3096} INFO - Sync 1 DAGs
[2026-07-03T14:27:21.591+0000] {logging_mixin.py:188} INFO - [2026-07-03T14:27:21.591+0000] {dag.py:3954} INFO - Setting next_dagrun for gold_dbt_dag to None, run_after=None
[2026-07-03T14:27:21.605+0000] {processor.py:183} INFO - Processing /opt/airflow/dags/dag_gold_dbt.py took 0.117 seconds
[2026-07-03T14:27:52.603+0000] {processor.py:161} INFO - Started process (PID=17517) to work on /opt/airflow/dags/dag_gold_dbt.py
[2026-07-03T14:27:52.605+0000] {processor.py:830} INFO - Processing file /opt/airflow/dags/dag_gold_dbt.py for tasks to queue
[2026-07-03T14:27:52.609+0000] {logging_mixin.py:188} INFO - [2026-07-03T14:27:52.607+0000] {dagbag.py:545} INFO - Filling up the DagBag from /opt/airflow/dags/dag_gold_dbt.py
[2026-07-03T14:27:52.638+0000] {processor.py:840} INFO - DAG(s) 'gold_dbt_dag' retrieved from /opt/airflow/dags/dag_gold_dbt.py
[2026-07-03T14:27:52.681+0000] {logging_mixin.py:188} INFO - [2026-07-03T14:27:52.680+0000] {dag.py:3096} INFO - Sync 1 DAGs
[2026-07-03T14:27:52.706+0000] {logging_mixin.py:188} INFO - [2026-07-03T14:27:52.706+0000] {dag.py:3954} INFO - Setting next_dagrun for gold_dbt_dag to None, run_after=None
[2026-07-03T14:27:52.719+0000] {processor.py:183} INFO - Processing /opt/airflow/dags/dag_gold_dbt.py took 0.129 seconds
[2026-07-03T14:28:23.668+0000] {processor.py:161} INFO - Started process (PID=17554) to work on /opt/airflow/dags/dag_gold_dbt.py
[2026-07-03T14:28:23.670+0000] {processor.py:830} INFO - Processing file /opt/airflow/dags/dag_gold_dbt.py for tasks to queue
[2026-07-03T14:28:23.674+0000] {logging_mixin.py:188} INFO - [2026-07-03T14:28:23.674+0000] {dagbag.py:545} INFO - Filling up the DagBag from /opt/airflow/dags/dag_gold_dbt.py
[2026-07-03T14:28:23.698+0000] {processor.py:840} INFO - DAG(s) 'gold_dbt_dag' retrieved from /opt/airflow/dags/dag_gold_dbt.py
[2026-07-03T14:28:23.733+0000] {logging_mixin.py:188} INFO - [2026-07-03T14:28:23.733+0000] {dag.py:3096} INFO - Sync 1 DAGs
[2026-07-03T14:28:23.753+0000] {logging_mixin.py:188} INFO - [2026-07-03T14:28:23.753+0000] {dag.py:3954} INFO - Setting next_dagrun for gold_dbt_dag to None, run_after=None
[2026-07-03T14:28:23.768+0000] {processor.py:183} INFO - Processing /opt/airflow/dags/dag_gold_dbt.py took 0.111 seconds
[2026-07-03T14:28:54.764+0000] {processor.py:161} INFO - Started process (PID=17591) to work on /opt/airflow/dags/dag_gold_dbt.py
[2026-07-03T14:28:54.766+0000] {processor.py:830} INFO - Processing file /opt/airflow/dags/dag_gold_dbt.py for tasks to queue
[2026-07-03T14:28:54.771+0000] {logging_mixin.py:188} INFO - [2026-07-03T14:28:54.771+0000] {dagbag.py:545} INFO - Filling up the DagBag from /opt/airflow/dags/dag_gold_dbt.py
[2026-07-03T14:28:54.796+0000] {processor.py:840} INFO - DAG(s) 'gold_dbt_dag' retrieved from /opt/airflow/dags/dag_gold_dbt.py
[2026-07-03T14:28:54.830+0000] {logging_mixin.py:188} INFO - [2026-07-03T14:28:54.830+0000] {dag.py:3096} INFO - Sync 1 DAGs
[2026-07-03T14:28:54.854+0000] {logging_mixin.py:188} INFO - [2026-07-03T14:28:54.854+0000] {dag.py:3954} INFO - Setting next_dagrun for gold_dbt_dag to None, run_after=None
[2026-07-03T14:28:54.870+0000] {processor.py:183} INFO - Processing /opt/airflow/dags/dag_gold_dbt.py took 0.117 seconds
[2026-07-03T14:29:25.851+0000] {processor.py:161} INFO - Started process (PID=17629) to work on /opt/airflow/dags/dag_gold_dbt.py
[2026-07-03T14:29:25.852+0000] {processor.py:830} INFO - Processing file /opt/airflow/dags/dag_gold_dbt.py for tasks to queue
[2026-07-03T14:29:25.856+0000] {logging_mixin.py:188} INFO - [2026-07-03T14:29:25.856+0000] {dagbag.py:545} INFO - Filling up the DagBag from /opt/airflow/dags/dag_gold_dbt.py
[2026-07-03T14:29:25.886+0000] {processor.py:840} INFO - DAG(s) 'gold_dbt_dag' retrieved from /opt/airflow/dags/dag_gold_dbt.py
[2026-07-03T14:29:25.917+0000] {logging_mixin.py:188} INFO - [2026-07-03T14:29:25.917+0000] {dag.py:3096} INFO - Sync 1 DAGs
[2026-07-03T14:29:25.940+0000] {logging_mixin.py:188} INFO - [2026-07-03T14:29:25.939+0000] {dag.py:3954} INFO - Setting next_dagrun for gold_dbt_dag to None, run_after=None
[2026-07-03T14:29:25.955+0000] {processor.py:183} INFO - Processing /opt/airflow/dags/dag_gold_dbt.py took 0.113 seconds
[2026-07-03T14:29:56.968+0000] {processor.py:161} INFO - Started process (PID=17666) to work on /opt/airflow/dags/dag_gold_dbt.py
[2026-07-03T14:29:56.970+0000] {processor.py:830} INFO - Processing file /opt/airflow/dags/dag_gold_dbt.py for tasks to queue
[2026-07-03T14:29:56.974+0000] {logging_mixin.py:188} INFO - [2026-07-03T14:29:56.973+0000] {dagbag.py:545} INFO - Filling up the DagBag from /opt/airflow/dags/dag_gold_dbt.py
[2026-07-03T14:29:56.993+0000] {processor.py:840} INFO - DAG(s) 'gold_dbt_dag' retrieved from /opt/airflow/dags/dag_gold_dbt.py
[2026-07-03T14:29:57.017+0000] {logging_mixin.py:188} INFO - [2026-07-03T14:29:57.017+0000] {dag.py:3096} INFO - Sync 1 DAGs
[2026-07-03T14:29:57.040+0000] {logging_mixin.py:188} INFO - [2026-07-03T14:29:57.040+0000] {dag.py:3954} INFO - Setting next_dagrun for gold_dbt_dag to None, run_after=None
[2026-07-03T14:29:57.055+0000] {processor.py:183} INFO - Processing /opt/airflow/dags/dag_gold_dbt.py took 0.096 seconds
[2026-07-03T14:30:28.127+0000] {processor.py:161} INFO - Started process (PID=17702) to work on /opt/airflow/dags/dag_gold_dbt.py
[2026-07-03T14:30:28.130+0000] {processor.py:830} INFO - Processing file /opt/airflow/dags/dag_gold_dbt.py for tasks to queue
[2026-07-03T14:30:28.142+0000] {logging_mixin.py:188} INFO - [2026-07-03T14:30:28.140+0000] {dagbag.py:545} INFO - Filling up the DagBag from /opt/airflow/dags/dag_gold_dbt.py
[2026-07-03T14:30:28.222+0000] {processor.py:840} INFO - DAG(s) 'gold_dbt_dag' retrieved from /opt/airflow/dags/dag_gold_dbt.py
[2026-07-03T14:30:28.332+0000] {logging_mixin.py:188} INFO - [2026-07-03T14:30:28.331+0000] {dag.py:3096} INFO - Sync 1 DAGs
[2026-07-03T14:30:28.421+0000] {logging_mixin.py:188} INFO - [2026-07-03T14:30:28.421+0000] {dag.py:3954} INFO - Setting next_dagrun for gold_dbt_dag to None, run_after=None
[2026-07-03T14:30:28.473+0000] {processor.py:183} INFO - Processing /opt/airflow/dags/dag_gold_dbt.py took 0.365 seconds
[2026-07-03T14:30:59.562+0000] {processor.py:161} INFO - Started process (PID=17739) to work on /opt/airflow/dags/dag_gold_dbt.py
[2026-07-03T14:30:59.565+0000] {processor.py:830} INFO - Processing file /opt/airflow/dags/dag_gold_dbt.py for tasks to queue
[2026-07-03T14:30:59.568+0000] {logging_mixin.py:188} INFO - [2026-07-03T14:30:59.568+0000] {dagbag.py:545} INFO - Filling up the DagBag from /opt/airflow/dags/dag_gold_dbt.py
[2026-07-03T14:30:59.600+0000] {processor.py:840} INFO - DAG(s) 'gold_dbt_dag' retrieved from /opt/airflow/dags/dag_gold_dbt.py
[2026-07-03T14:30:59.639+0000] {logging_mixin.py:188} INFO - [2026-07-03T14:30:59.639+0000] {dag.py:3096} INFO - Sync 1 DAGs
[2026-07-03T14:30:59.663+0000] {logging_mixin.py:188} INFO - [2026-07-03T14:30:59.663+0000] {dag.py:3954} INFO - Setting next_dagrun for gold_dbt_dag to None, run_after=None
[2026-07-03T14:30:59.685+0000] {processor.py:183} INFO - Processing /opt/airflow/dags/dag_gold_dbt.py took 0.133 seconds
[2026-07-03T14:31:30.745+0000] {processor.py:161} INFO - Started process (PID=17776) to work on /opt/airflow/dags/dag_gold_dbt.py
[2026-07-03T14:31:30.749+0000] {processor.py:830} INFO - Processing file /opt/airflow/dags/dag_gold_dbt.py for tasks to queue
[2026-07-03T14:31:30.755+0000] {logging_mixin.py:188} INFO - [2026-07-03T14:31:30.754+0000] {dagbag.py:545} INFO - Filling up the DagBag from /opt/airflow/dags/dag_gold_dbt.py
[2026-07-03T14:31:30.786+0000] {processor.py:840} INFO - DAG(s) 'gold_dbt_dag' retrieved from /opt/airflow/dags/dag_gold_dbt.py
[2026-07-03T14:31:30.841+0000] {logging_mixin.py:188} INFO - [2026-07-03T14:31:30.840+0000] {dag.py:3096} INFO - Sync 1 DAGs
[2026-07-03T14:31:30.861+0000] {logging_mixin.py:188} INFO - [2026-07-03T14:31:30.861+0000] {dag.py:3954} INFO - Setting next_dagrun for gold_dbt_dag to None, run_after=None
[2026-07-03T14:31:30.876+0000] {processor.py:183} INFO - Processing /opt/airflow/dags/dag_gold_dbt.py took 0.144 seconds
[2026-07-03T14:32:01.932+0000] {processor.py:161} INFO - Started process (PID=17813) to work on /opt/airflow/dags/dag_gold_dbt.py
[2026-07-03T14:32:01.934+0000] {processor.py:830} INFO - Processing file /opt/airflow/dags/dag_gold_dbt.py for tasks to queue
[2026-07-03T14:32:01.941+0000] {logging_mixin.py:188} INFO - [2026-07-03T14:32:01.940+0000] {dagbag.py:545} INFO - Filling up the DagBag from /opt/airflow/dags/dag_gold_dbt.py
[2026-07-03T14:32:01.976+0000] {processor.py:840} INFO - DAG(s) 'gold_dbt_dag' retrieved from /opt/airflow/dags/dag_gold_dbt.py
[2026-07-03T14:32:02.021+0000] {logging_mixin.py:188} INFO - [2026-07-03T14:32:02.021+0000] {dag.py:3096} INFO - Sync 1 DAGs
[2026-07-03T14:32:02.049+0000] {logging_mixin.py:188} INFO - [2026-07-03T14:32:02.049+0000] {dag.py:3954} INFO - Setting next_dagrun for gold_dbt_dag to None, run_after=None
[2026-07-03T14:32:02.068+0000] {processor.py:183} INFO - Processing /opt/airflow/dags/dag_gold_dbt.py took 0.148 seconds
[2026-07-03T14:32:32.996+0000] {processor.py:161} INFO - Started process (PID=17850) to work on /opt/airflow/dags/dag_gold_dbt.py
[2026-07-03T14:32:32.999+0000] {processor.py:830} INFO - Processing file /opt/airflow/dags/dag_gold_dbt.py for tasks to queue
[2026-07-03T14:32:33.001+0000] {logging_mixin.py:188} INFO - [2026-07-03T14:32:33.001+0000] {dagbag.py:545} INFO - Filling up the DagBag from /opt/airflow/dags/dag_gold_dbt.py
[2026-07-03T14:32:33.030+0000] {processor.py:840} INFO - DAG(s) 'gold_dbt_dag' retrieved from /opt/airflow/dags/dag_gold_dbt.py
[2026-07-03T14:32:33.069+0000] {logging_mixin.py:188} INFO - [2026-07-03T14:32:33.069+0000] {dag.py:3096} INFO - Sync 1 DAGs
[2026-07-03T14:32:33.096+0000] {logging_mixin.py:188} INFO - [2026-07-03T14:32:33.096+0000] {dag.py:3954} INFO - Setting next_dagrun for gold_dbt_dag to None, run_after=None
[2026-07-03T14:32:33.113+0000] {processor.py:183} INFO - Processing /opt/airflow/dags/dag_gold_dbt.py took 0.124 seconds
[2026-07-03T14:33:03.990+0000] {processor.py:161} INFO - Started process (PID=17886) to work on /opt/airflow/dags/dag_gold_dbt.py
[2026-07-03T14:33:03.991+0000] {processor.py:830} INFO - Processing file /opt/airflow/dags/dag_gold_dbt.py for tasks to queue
[2026-07-03T14:33:03.997+0000] {logging_mixin.py:188} INFO - [2026-07-03T14:33:03.995+0000] {dagbag.py:545} INFO - Filling up the DagBag from /opt/airflow/dags/dag_gold_dbt.py
[2026-07-03T14:33:04.024+0000] {processor.py:840} INFO - DAG(s) 'gold_dbt_dag' retrieved from /opt/airflow/dags/dag_gold_dbt.py
[2026-07-03T14:33:04.077+0000] {logging_mixin.py:188} INFO - [2026-07-03T14:33:04.077+0000] {dag.py:3096} INFO - Sync 1 DAGs
[2026-07-03T14:33:04.108+0000] {logging_mixin.py:188} INFO - [2026-07-03T14:33:04.108+0000] {dag.py:3954} INFO - Setting next_dagrun for gold_dbt_dag to None, run_after=None
[2026-07-03T14:33:04.136+0000] {processor.py:183} INFO - Processing /opt/airflow/dags/dag_gold_dbt.py took 0.155 seconds
[2026-07-03T14:33:35.126+0000] {processor.py:161} INFO - Started process (PID=17925) to work on /opt/airflow/dags/dag_gold_dbt.py
[2026-07-03T14:33:35.128+0000] {processor.py:830} INFO - Processing file /opt/airflow/dags/dag_gold_dbt.py for tasks to queue
[2026-07-03T14:33:35.138+0000] {logging_mixin.py:188} INFO - [2026-07-03T14:33:35.137+0000] {dagbag.py:545} INFO - Filling up the DagBag from /opt/airflow/dags/dag_gold_dbt.py
[2026-07-03T14:33:35.170+0000] {processor.py:840} INFO - DAG(s) 'gold_dbt_dag' retrieved from /opt/airflow/dags/dag_gold_dbt.py
[2026-07-03T14:33:35.215+0000] {logging_mixin.py:188} INFO - [2026-07-03T14:33:35.215+0000] {dag.py:3096} INFO - Sync 1 DAGs
[2026-07-03T14:33:35.244+0000] {logging_mixin.py:188} INFO - [2026-07-03T14:33:35.243+0000] {dag.py:3954} INFO - Setting next_dagrun for gold_dbt_dag to None, run_after=None
[2026-07-03T14:33:35.259+0000] {processor.py:183} INFO - Processing /opt/airflow/dags/dag_gold_dbt.py took 0.146 seconds
[2026-07-03T14:34:06.220+0000] {processor.py:161} INFO - Started process (PID=17960) to work on /opt/airflow/dags/dag_gold_dbt.py
[2026-07-03T14:34:06.223+0000] {processor.py:830} INFO - Processing file /opt/airflow/dags/dag_gold_dbt.py for tasks to queue
[2026-07-03T14:34:06.228+0000] {logging_mixin.py:188} INFO - [2026-07-03T14:34:06.227+0000] {dagbag.py:545} INFO - Filling up the DagBag from /opt/airflow/dags/dag_gold_dbt.py
[2026-07-03T14:34:06.253+0000] {processor.py:840} INFO - DAG(s) 'gold_dbt_dag' retrieved from /opt/airflow/dags/dag_gold_dbt.py
[2026-07-03T14:34:06.288+0000] {logging_mixin.py:188} INFO - [2026-07-03T14:34:06.288+0000] {dag.py:3096} INFO - Sync 1 DAGs
[2026-07-03T14:34:06.314+0000] {logging_mixin.py:188} INFO - [2026-07-03T14:34:06.314+0000] {dag.py:3954} INFO - Setting next_dagrun for gold_dbt_dag to None, run_after=None
[2026-07-03T14:34:06.330+0000] {processor.py:183} INFO - Processing /opt/airflow/dags/dag_gold_dbt.py took 0.119 seconds
[2026-07-03T14:34:37.348+0000] {processor.py:161} INFO - Started process (PID=17998) to work on /opt/airflow/dags/dag_gold_dbt.py
[2026-07-03T14:34:37.351+0000] {processor.py:830} INFO - Processing file /opt/airflow/dags/dag_gold_dbt.py for tasks to queue
[2026-07-03T14:34:37.354+0000] {logging_mixin.py:188} INFO - [2026-07-03T14:34:37.354+0000] {dagbag.py:545} INFO - Filling up the DagBag from /opt/airflow/dags/dag_gold_dbt.py
[2026-07-03T14:34:37.390+0000] {processor.py:840} INFO - DAG(s) 'gold_dbt_dag' retrieved from /opt/airflow/dags/dag_gold_dbt.py
[2026-07-03T14:34:37.418+0000] {logging_mixin.py:188} INFO - [2026-07-03T14:34:37.418+0000] {dag.py:3096} INFO - Sync 1 DAGs
[2026-07-03T14:34:37.446+0000] {logging_mixin.py:188} INFO - [2026-07-03T14:34:37.446+0000] {dag.py:3954} INFO - Setting next_dagrun for gold_dbt_dag to None, run_after=None
[2026-07-03T14:34:37.459+0000] {processor.py:183} INFO - Processing /opt/airflow/dags/dag_gold_dbt.py took 0.122 seconds
[2026-07-03T14:35:08.391+0000] {processor.py:161} INFO - Started process (PID=18035) to work on /opt/airflow/dags/dag_gold_dbt.py
[2026-07-03T14:35:08.393+0000] {processor.py:830} INFO - Processing file /opt/airflow/dags/dag_gold_dbt.py for tasks to queue
[2026-07-03T14:35:08.396+0000] {logging_mixin.py:188} INFO - [2026-07-03T14:35:08.394+0000] {dagbag.py:545} INFO - Filling up the DagBag from /opt/airflow/dags/dag_gold_dbt.py
[2026-07-03T14:35:08.421+0000] {processor.py:840} INFO - DAG(s) 'gold_dbt_dag' retrieved from /opt/airflow/dags/dag_gold_dbt.py
[2026-07-03T14:35:08.454+0000] {logging_mixin.py:188} INFO - [2026-07-03T14:35:08.454+0000] {dag.py:3096} INFO - Sync 1 DAGs
[2026-07-03T14:35:08.486+0000] {logging_mixin.py:188} INFO - [2026-07-03T14:35:08.485+0000] {dag.py:3954} INFO - Setting next_dagrun for gold_dbt_dag to None, run_after=None
[2026-07-03T14:35:08.513+0000] {processor.py:183} INFO - Processing /opt/airflow/dags/dag_gold_dbt.py took 0.142 seconds
[2026-07-03T14:35:39.547+0000] {processor.py:161} INFO - Started process (PID=18072) to work on /opt/airflow/dags/dag_gold_dbt.py
[2026-07-03T14:35:39.548+0000] {processor.py:830} INFO - Processing file /opt/airflow/dags/dag_gold_dbt.py for tasks to queue
[2026-07-03T14:35:39.551+0000] {logging_mixin.py:188} INFO - [2026-07-03T14:35:39.551+0000] {dagbag.py:545} INFO - Filling up the DagBag from /opt/airflow/dags/dag_gold_dbt.py
[2026-07-03T14:35:39.585+0000] {processor.py:840} INFO - DAG(s) 'gold_dbt_dag' retrieved from /opt/airflow/dags/dag_gold_dbt.py
[2026-07-03T14:35:39.630+0000] {logging_mixin.py:188} INFO - [2026-07-03T14:35:39.630+0000] {dag.py:3096} INFO - Sync 1 DAGs
[2026-07-03T14:35:39.660+0000] {logging_mixin.py:188} INFO - [2026-07-03T14:35:39.660+0000] {dag.py:3954} INFO - Setting next_dagrun for gold_dbt_dag to None, run_after=None
[2026-07-03T14:35:39.677+0000] {processor.py:183} INFO - Processing /opt/airflow/dags/dag_gold_dbt.py took 0.139 seconds
[2026-07-03T14:36:10.665+0000] {processor.py:161} INFO - Started process (PID=18109) to work on /opt/airflow/dags/dag_gold_dbt.py
[2026-07-03T14:36:10.668+0000] {processor.py:830} INFO - Processing file /opt/airflow/dags/dag_gold_dbt.py for tasks to queue
[2026-07-03T14:36:10.672+0000] {logging_mixin.py:188} INFO - [2026-07-03T14:36:10.670+0000] {dagbag.py:545} INFO - Filling up the DagBag from /opt/airflow/dags/dag_gold_dbt.py
[2026-07-03T14:36:10.695+0000] {processor.py:840} INFO - DAG(s) 'gold_dbt_dag' retrieved from /opt/airflow/dags/dag_gold_dbt.py
[2026-07-03T14:36:10.740+0000] {logging_mixin.py:188} INFO - [2026-07-03T14:36:10.739+0000] {dag.py:3096} INFO - Sync 1 DAGs
[2026-07-03T14:36:10.763+0000] {logging_mixin.py:188} INFO - [2026-07-03T14:36:10.763+0000] {dag.py:3954} INFO - Setting next_dagrun for gold_dbt_dag to None, run_after=None
[2026-07-03T14:36:10.782+0000] {processor.py:183} INFO - Processing /opt/airflow/dags/dag_gold_dbt.py took 0.133 seconds
[2026-07-03T14:36:41.731+0000] {processor.py:161} INFO - Started process (PID=18147) to work on /opt/airflow/dags/dag_gold_dbt.py
[2026-07-03T14:36:41.734+0000] {processor.py:830} INFO - Processing file /opt/airflow/dags/dag_gold_dbt.py for tasks to queue
[2026-07-03T14:36:41.739+0000] {logging_mixin.py:188} INFO - [2026-07-03T14:36:41.738+0000] {dagbag.py:545} INFO - Filling up the DagBag from /opt/airflow/dags/dag_gold_dbt.py
[2026-07-03T14:36:41.769+0000] {processor.py:840} INFO - DAG(s) 'gold_dbt_dag' retrieved from /opt/airflow/dags/dag_gold_dbt.py
[2026-07-03T14:36:41.813+0000] {logging_mixin.py:188} INFO - [2026-07-03T14:36:41.812+0000] {dag.py:3096} INFO - Sync 1 DAGs
[2026-07-03T14:36:41.845+0000] {logging_mixin.py:188} INFO - [2026-07-03T14:36:41.845+0000] {dag.py:3954} INFO - Setting next_dagrun for gold_dbt_dag to None, run_after=None
[2026-07-03T14:36:41.866+0000] {processor.py:183} INFO - Processing /opt/airflow/dags/dag_gold_dbt.py took 0.141 seconds
[2026-07-03T14:37:12.774+0000] {processor.py:161} INFO - Started process (PID=18184) to work on /opt/airflow/dags/dag_gold_dbt.py
[2026-07-03T14:37:12.775+0000] {processor.py:830} INFO - Processing file /opt/airflow/dags/dag_gold_dbt.py for tasks to queue
[2026-07-03T14:37:12.779+0000] {logging_mixin.py:188} INFO - [2026-07-03T14:37:12.778+0000] {dagbag.py:545} INFO - Filling up the DagBag from /opt/airflow/dags/dag_gold_dbt.py
[2026-07-03T14:37:12.796+0000] {processor.py:840} INFO - DAG(s) 'gold_dbt_dag' retrieved from /opt/airflow/dags/dag_gold_dbt.py
[2026-07-03T14:37:12.824+0000] {logging_mixin.py:188} INFO - [2026-07-03T14:37:12.824+0000] {dag.py:3096} INFO - Sync 1 DAGs
[2026-07-03T14:37:12.839+0000] {logging_mixin.py:188} INFO - [2026-07-03T14:37:12.839+0000] {dag.py:3954} INFO - Setting next_dagrun for gold_dbt_dag to None, run_after=None
[2026-07-03T14:37:12.867+0000] {processor.py:183} INFO - Processing /opt/airflow/dags/dag_gold_dbt.py took 0.100 seconds
[2026-07-03T14:37:43.759+0000] {processor.py:161} INFO - Started process (PID=18219) to work on /opt/airflow/dags/dag_gold_dbt.py
[2026-07-03T14:37:43.761+0000] {processor.py:830} INFO - Processing file /opt/airflow/dags/dag_gold_dbt.py for tasks to queue
[2026-07-03T14:37:43.763+0000] {logging_mixin.py:188} INFO - [2026-07-03T14:37:43.763+0000] {dagbag.py:545} INFO - Filling up the DagBag from /opt/airflow/dags/dag_gold_dbt.py
[2026-07-03T14:37:43.788+0000] {processor.py:840} INFO - DAG(s) 'gold_dbt_dag' retrieved from /opt/airflow/dags/dag_gold_dbt.py
[2026-07-03T14:37:43.823+0000] {logging_mixin.py:188} INFO - [2026-07-03T14:37:43.822+0000] {dag.py:3096} INFO - Sync 1 DAGs
[2026-07-03T14:37:43.841+0000] {logging_mixin.py:188} INFO - [2026-07-03T14:37:43.840+0000] {dag.py:3954} INFO - Setting next_dagrun for gold_dbt_dag to None, run_after=None
[2026-07-03T14:37:43.863+0000] {processor.py:183} INFO - Processing /opt/airflow/dags/dag_gold_dbt.py took 0.125 seconds
[2026-07-03T14:38:14.809+0000] {processor.py:161} INFO - Started process (PID=18257) to work on /opt/airflow/dags/dag_gold_dbt.py
[2026-07-03T14:38:14.811+0000] {processor.py:830} INFO - Processing file /opt/airflow/dags/dag_gold_dbt.py for tasks to queue
[2026-07-03T14:38:14.815+0000] {logging_mixin.py:188} INFO - [2026-07-03T14:38:14.815+0000] {dagbag.py:545} INFO - Filling up the DagBag from /opt/airflow/dags/dag_gold_dbt.py
[2026-07-03T14:38:14.855+0000] {processor.py:840} INFO - DAG(s) 'gold_dbt_dag' retrieved from /opt/airflow/dags/dag_gold_dbt.py
[2026-07-03T14:38:14.923+0000] {logging_mixin.py:188} INFO - [2026-07-03T14:38:14.923+0000] {dag.py:3096} INFO - Sync 1 DAGs
[2026-07-03T14:38:14.963+0000] {logging_mixin.py:188} INFO - [2026-07-03T14:38:14.963+0000] {dag.py:3954} INFO - Setting next_dagrun for gold_dbt_dag to None, run_after=None
[2026-07-03T14:38:14.983+0000] {processor.py:183} INFO - Processing /opt/airflow/dags/dag_gold_dbt.py took 0.186 seconds
[2026-07-03T14:38:46.026+0000] {processor.py:161} INFO - Started process (PID=18295) to work on /opt/airflow/dags/dag_gold_dbt.py
[2026-07-03T14:38:46.029+0000] {processor.py:830} INFO - Processing file /opt/airflow/dags/dag_gold_dbt.py for tasks to queue
[2026-07-03T14:38:46.033+0000] {logging_mixin.py:188} INFO - [2026-07-03T14:38:46.032+0000] {dagbag.py:545} INFO - Filling up the DagBag from /opt/airflow/dags/dag_gold_dbt.py
[2026-07-03T14:38:46.075+0000] {processor.py:840} INFO - DAG(s) 'gold_dbt_dag' retrieved from /opt/airflow/dags/dag_gold_dbt.py
[2026-07-03T14:38:46.139+0000] {logging_mixin.py:188} INFO - [2026-07-03T14:38:46.137+0000] {dag.py:3096} INFO - Sync 1 DAGs
[2026-07-03T14:38:46.172+0000] {logging_mixin.py:188} INFO - [2026-07-03T14:38:46.172+0000] {dag.py:3954} INFO - Setting next_dagrun for gold_dbt_dag to None, run_after=None
[2026-07-03T14:38:46.190+0000] {processor.py:183} INFO - Processing /opt/airflow/dags/dag_gold_dbt.py took 0.179 seconds
[2026-07-03T14:39:17.133+0000] {processor.py:161} INFO - Started process (PID=18331) to work on /opt/airflow/dags/dag_gold_dbt.py
[2026-07-03T14:39:17.137+0000] {processor.py:830} INFO - Processing file /opt/airflow/dags/dag_gold_dbt.py for tasks to queue
[2026-07-03T14:39:17.142+0000] {logging_mixin.py:188} INFO - [2026-07-03T14:39:17.142+0000] {dagbag.py:545} INFO - Filling up the DagBag from /opt/airflow/dags/dag_gold_dbt.py
[2026-07-03T14:39:17.163+0000] {processor.py:840} INFO - DAG(s) 'gold_dbt_dag' retrieved from /opt/airflow/dags/dag_gold_dbt.py
[2026-07-03T14:39:17.224+0000] {logging_mixin.py:188} INFO - [2026-07-03T14:39:17.224+0000] {dag.py:3096} INFO - Sync 1 DAGs
[2026-07-03T14:39:17.254+0000] {logging_mixin.py:188} INFO - [2026-07-03T14:39:17.254+0000] {dag.py:3954} INFO - Setting next_dagrun for gold_dbt_dag to None, run_after=None
[2026-07-03T14:39:17.286+0000] {processor.py:183} INFO - Processing /opt/airflow/dags/dag_gold_dbt.py took 0.160 seconds
[2026-07-03T14:39:47.341+0000] {processor.py:161} INFO - Started process (PID=18366) to work on /opt/airflow/dags/dag_gold_dbt.py
[2026-07-03T14:39:47.344+0000] {processor.py:830} INFO - Processing file /opt/airflow/dags/dag_gold_dbt.py for tasks to queue
[2026-07-03T14:39:47.346+0000] {logging_mixin.py:188} INFO - [2026-07-03T14:39:47.346+0000] {dagbag.py:545} INFO - Filling up the DagBag from /opt/airflow/dags/dag_gold_dbt.py
[2026-07-03T14:39:47.367+0000] {processor.py:840} INFO - DAG(s) 'gold_dbt_dag' retrieved from /opt/airflow/dags/dag_gold_dbt.py
[2026-07-03T14:39:47.403+0000] {logging_mixin.py:188} INFO - [2026-07-03T14:39:47.403+0000] {dag.py:3096} INFO - Sync 1 DAGs
[2026-07-03T14:39:47.428+0000] {logging_mixin.py:188} INFO - [2026-07-03T14:39:47.427+0000] {dag.py:3954} INFO - Setting next_dagrun for gold_dbt_dag to None, run_after=None
[2026-07-03T14:39:47.440+0000] {processor.py:183} INFO - Processing /opt/airflow/dags/dag_gold_dbt.py took 0.111 seconds
[2026-07-03T14:40:17.521+0000] {processor.py:161} INFO - Started process (PID=18403) to work on /opt/airflow/dags/dag_gold_dbt.py
[2026-07-03T14:40:17.522+0000] {processor.py:830} INFO - Processing file /opt/airflow/dags/dag_gold_dbt.py for tasks to queue
[2026-07-03T14:40:17.531+0000] {logging_mixin.py:188} INFO - [2026-07-03T14:40:17.531+0000] {dagbag.py:545} INFO - Filling up the DagBag from /opt/airflow/dags/dag_gold_dbt.py
[2026-07-03T14:40:17.557+0000] {processor.py:840} INFO - DAG(s) 'gold_dbt_dag' retrieved from /opt/airflow/dags/dag_gold_dbt.py
[2026-07-03T14:40:17.596+0000] {logging_mixin.py:188} INFO - [2026-07-03T14:40:17.595+0000] {dag.py:3096} INFO - Sync 1 DAGs
[2026-07-03T14:40:17.622+0000] {logging_mixin.py:188} INFO - [2026-07-03T14:40:17.622+0000] {dag.py:3954} INFO - Setting next_dagrun for gold_dbt_dag to None, run_after=None
[2026-07-03T14:40:17.642+0000] {processor.py:183} INFO - Processing /opt/airflow/dags/dag_gold_dbt.py took 0.129 seconds
[2026-07-03T14:40:47.800+0000] {processor.py:161} INFO - Started process (PID=18440) to work on /opt/airflow/dags/dag_gold_dbt.py
[2026-07-03T14:40:47.802+0000] {processor.py:830} INFO - Processing file /opt/airflow/dags/dag_gold_dbt.py for tasks to queue
[2026-07-03T14:40:47.808+0000] {logging_mixin.py:188} INFO - [2026-07-03T14:40:47.807+0000] {dagbag.py:545} INFO - Filling up the DagBag from /opt/airflow/dags/dag_gold_dbt.py
[2026-07-03T14:40:47.833+0000] {processor.py:840} INFO - DAG(s) 'gold_dbt_dag' retrieved from /opt/airflow/dags/dag_gold_dbt.py
[2026-07-03T14:40:47.872+0000] {logging_mixin.py:188} INFO - [2026-07-03T14:40:47.872+0000] {dag.py:3096} INFO - Sync 1 DAGs
[2026-07-03T14:40:47.901+0000] {logging_mixin.py:188} INFO - [2026-07-03T14:40:47.901+0000] {dag.py:3954} INFO - Setting next_dagrun for gold_dbt_dag to None, run_after=None
[2026-07-03T14:40:47.925+0000] {processor.py:183} INFO - Processing /opt/airflow/dags/dag_gold_dbt.py took 0.137 seconds
[2026-07-03T14:41:18.799+0000] {processor.py:161} INFO - Started process (PID=18477) to work on /opt/airflow/dags/dag_gold_dbt.py
[2026-07-03T14:41:18.801+0000] {processor.py:830} INFO - Processing file /opt/airflow/dags/dag_gold_dbt.py for tasks to queue
[2026-07-03T14:41:18.805+0000] {logging_mixin.py:188} INFO - [2026-07-03T14:41:18.804+0000] {dagbag.py:545} INFO - Filling up the DagBag from /opt/airflow/dags/dag_gold_dbt.py
[2026-07-03T14:41:18.850+0000] {processor.py:840} INFO - DAG(s) 'gold_dbt_dag' retrieved from /opt/airflow/dags/dag_gold_dbt.py
[2026-07-03T14:41:18.907+0000] {logging_mixin.py:188} INFO - [2026-07-03T14:41:18.907+0000] {dag.py:3096} INFO - Sync 1 DAGs
[2026-07-03T14:41:18.946+0000] {logging_mixin.py:188} INFO - [2026-07-03T14:41:18.946+0000] {dag.py:3954} INFO - Setting next_dagrun for gold_dbt_dag to None, run_after=None
[2026-07-03T14:41:18.974+0000] {processor.py:183} INFO - Processing /opt/airflow/dags/dag_gold_dbt.py took 0.187 seconds
[2026-07-03T14:41:49.846+0000] {processor.py:161} INFO - Started process (PID=18514) to work on /opt/airflow/dags/dag_gold_dbt.py
[2026-07-03T14:41:49.849+0000] {processor.py:830} INFO - Processing file /opt/airflow/dags/dag_gold_dbt.py for tasks to queue
[2026-07-03T14:41:49.853+0000] {logging_mixin.py:188} INFO - [2026-07-03T14:41:49.852+0000] {dagbag.py:545} INFO - Filling up the DagBag from /opt/airflow/dags/dag_gold_dbt.py
[2026-07-03T14:41:49.880+0000] {processor.py:840} INFO - DAG(s) 'gold_dbt_dag' retrieved from /opt/airflow/dags/dag_gold_dbt.py
[2026-07-03T14:41:49.931+0000] {logging_mixin.py:188} INFO - [2026-07-03T14:41:49.931+0000] {dag.py:3096} INFO - Sync 1 DAGs
[2026-07-03T14:41:49.960+0000] {logging_mixin.py:188} INFO - [2026-07-03T14:41:49.959+0000] {dag.py:3954} INFO - Setting next_dagrun for gold_dbt_dag to None, run_after=None
[2026-07-03T14:41:49.979+0000] {processor.py:183} INFO - Processing /opt/airflow/dags/dag_gold_dbt.py took 0.144 seconds
[2026-07-03T14:42:20.945+0000] {processor.py:161} INFO - Started process (PID=18551) to work on /opt/airflow/dags/dag_gold_dbt.py
[2026-07-03T14:42:20.948+0000] {processor.py:830} INFO - Processing file /opt/airflow/dags/dag_gold_dbt.py for tasks to queue
[2026-07-03T14:42:20.952+0000] {logging_mixin.py:188} INFO - [2026-07-03T14:42:20.951+0000] {dagbag.py:545} INFO - Filling up the DagBag from /opt/airflow/dags/dag_gold_dbt.py
[2026-07-03T14:42:20.985+0000] {processor.py:840} INFO - DAG(s) 'gold_dbt_dag' retrieved from /opt/airflow/dags/dag_gold_dbt.py
[2026-07-03T14:42:21.044+0000] {logging_mixin.py:188} INFO - [2026-07-03T14:42:21.044+0000] {dag.py:3096} INFO - Sync 1 DAGs
[2026-07-03T14:42:21.074+0000] {logging_mixin.py:188} INFO - [2026-07-03T14:42:21.074+0000] {dag.py:3954} INFO - Setting next_dagrun for gold_dbt_dag to None, run_after=None
[2026-07-03T14:42:21.100+0000] {processor.py:183} INFO - Processing /opt/airflow/dags/dag_gold_dbt.py took 0.167 seconds
[2026-07-03T14:42:52.192+0000] {processor.py:161} INFO - Started process (PID=18588) to work on /opt/airflow/dags/dag_gold_dbt.py
[2026-07-03T14:42:52.194+0000] {processor.py:830} INFO - Processing file /opt/airflow/dags/dag_gold_dbt.py for tasks to queue
[2026-07-03T14:42:52.219+0000] {logging_mixin.py:188} INFO - [2026-07-03T14:42:52.218+0000] {dagbag.py:545} INFO - Filling up the DagBag from /opt/airflow/dags/dag_gold_dbt.py
[2026-07-03T14:42:52.265+0000] {processor.py:840} INFO - DAG(s) 'gold_dbt_dag' retrieved from /opt/airflow/dags/dag_gold_dbt.py
[2026-07-03T14:42:52.348+0000] {logging_mixin.py:188} INFO - [2026-07-03T14:42:52.348+0000] {dag.py:3096} INFO - Sync 1 DAGs
[2026-07-03T14:42:52.382+0000] {logging_mixin.py:188} INFO - [2026-07-03T14:42:52.382+0000] {dag.py:3954} INFO - Setting next_dagrun for gold_dbt_dag to None, run_after=None
[2026-07-03T14:42:52.412+0000] {processor.py:183} INFO - Processing /opt/airflow/dags/dag_gold_dbt.py took 0.244 seconds
[2026-07-03T14:43:22.566+0000] {processor.py:161} INFO - Started process (PID=18625) to work on /opt/airflow/dags/dag_gold_dbt.py
[2026-07-03T14:43:22.567+0000] {processor.py:830} INFO - Processing file /opt/airflow/dags/dag_gold_dbt.py for tasks to queue
[2026-07-03T14:43:22.573+0000] {logging_mixin.py:188} INFO - [2026-07-03T14:43:22.573+0000] {dagbag.py:545} INFO - Filling up the DagBag from /opt/airflow/dags/dag_gold_dbt.py
[2026-07-03T14:43:22.604+0000] {processor.py:840} INFO - DAG(s) 'gold_dbt_dag' retrieved from /opt/airflow/dags/dag_gold_dbt.py
[2026-07-03T14:43:22.635+0000] {logging_mixin.py:188} INFO - [2026-07-03T14:43:22.635+0000] {dag.py:3096} INFO - Sync 1 DAGs
[2026-07-03T14:43:22.654+0000] {logging_mixin.py:188} INFO - [2026-07-03T14:43:22.653+0000] {dag.py:3954} INFO - Setting next_dagrun for gold_dbt_dag to None, run_after=None
[2026-07-03T14:43:22.676+0000] {processor.py:183} INFO - Processing /opt/airflow/dags/dag_gold_dbt.py took 0.124 seconds
[2026-07-03T14:43:53.631+0000] {processor.py:161} INFO - Started process (PID=18662) to work on /opt/airflow/dags/dag_gold_dbt.py
[2026-07-03T14:43:53.633+0000] {processor.py:830} INFO - Processing file /opt/airflow/dags/dag_gold_dbt.py for tasks to queue
[2026-07-03T14:43:53.637+0000] {logging_mixin.py:188} INFO - [2026-07-03T14:43:53.637+0000] {dagbag.py:545} INFO - Filling up the DagBag from /opt/airflow/dags/dag_gold_dbt.py
[2026-07-03T14:43:53.657+0000] {processor.py:840} INFO - DAG(s) 'gold_dbt_dag' retrieved from /opt/airflow/dags/dag_gold_dbt.py
[2026-07-03T14:43:53.694+0000] {logging_mixin.py:188} INFO - [2026-07-03T14:43:53.694+0000] {dag.py:3096} INFO - Sync 1 DAGs
[2026-07-03T14:43:53.718+0000] {logging_mixin.py:188} INFO - [2026-07-03T14:43:53.718+0000] {dag.py:3954} INFO - Setting next_dagrun for gold_dbt_dag to None, run_after=None
[2026-07-03T14:43:53.737+0000] {processor.py:183} INFO - Processing /opt/airflow/dags/dag_gold_dbt.py took 0.115 seconds
[2026-07-03T14:44:24.528+0000] {processor.py:161} INFO - Started process (PID=18699) to work on /opt/airflow/dags/dag_gold_dbt.py
[2026-07-03T14:44:24.531+0000] {processor.py:830} INFO - Processing file /opt/airflow/dags/dag_gold_dbt.py for tasks to queue
[2026-07-03T14:44:24.540+0000] {logging_mixin.py:188} INFO - [2026-07-03T14:44:24.539+0000] {dagbag.py:545} INFO - Filling up the DagBag from /opt/airflow/dags/dag_gold_dbt.py
[2026-07-03T14:44:24.580+0000] {processor.py:840} INFO - DAG(s) 'gold_dbt_dag' retrieved from /opt/airflow/dags/dag_gold_dbt.py
[2026-07-03T14:44:24.672+0000] {logging_mixin.py:188} INFO - [2026-07-03T14:44:24.672+0000] {dag.py:3096} INFO - Sync 1 DAGs
[2026-07-03T14:44:24.713+0000] {logging_mixin.py:188} INFO - [2026-07-03T14:44:24.713+0000] {dag.py:3954} INFO - Setting next_dagrun for gold_dbt_dag to None, run_after=None
[2026-07-03T14:44:24.750+0000] {processor.py:183} INFO - Processing /opt/airflow/dags/dag_gold_dbt.py took 0.239 seconds
[2026-07-03T14:44:55.183+0000] {processor.py:161} INFO - Started process (PID=18736) to work on /opt/airflow/dags/dag_gold_dbt.py
[2026-07-03T14:44:55.188+0000] {processor.py:830} INFO - Processing file /opt/airflow/dags/dag_gold_dbt.py for tasks to queue
[2026-07-03T14:44:55.198+0000] {logging_mixin.py:188} INFO - [2026-07-03T14:44:55.197+0000] {dagbag.py:545} INFO - Filling up the DagBag from /opt/airflow/dags/dag_gold_dbt.py
[2026-07-03T14:44:55.254+0000] {processor.py:840} INFO - DAG(s) 'gold_dbt_dag' retrieved from /opt/airflow/dags/dag_gold_dbt.py
[2026-07-03T14:44:55.310+0000] {logging_mixin.py:188} INFO - [2026-07-03T14:44:55.310+0000] {dag.py:3096} INFO - Sync 1 DAGs
[2026-07-03T14:44:55.350+0000] {logging_mixin.py:188} INFO - [2026-07-03T14:44:55.350+0000] {dag.py:3954} INFO - Setting next_dagrun for gold_dbt_dag to None, run_after=None
[2026-07-03T14:44:55.384+0000] {processor.py:183} INFO - Processing /opt/airflow/dags/dag_gold_dbt.py took 0.222 seconds
[2026-07-03T14:45:25.508+0000] {processor.py:161} INFO - Started process (PID=18773) to work on /opt/airflow/dags/dag_gold_dbt.py
[2026-07-03T14:45:25.509+0000] {processor.py:830} INFO - Processing file /opt/airflow/dags/dag_gold_dbt.py for tasks to queue
[2026-07-03T14:45:25.515+0000] {logging_mixin.py:188} INFO - [2026-07-03T14:45:25.513+0000] {dagbag.py:545} INFO - Filling up the DagBag from /opt/airflow/dags/dag_gold_dbt.py
[2026-07-03T14:45:25.552+0000] {processor.py:840} INFO - DAG(s) 'gold_dbt_dag' retrieved from /opt/airflow/dags/dag_gold_dbt.py
[2026-07-03T14:45:25.594+0000] {logging_mixin.py:188} INFO - [2026-07-03T14:45:25.594+0000] {dag.py:3096} INFO - Sync 1 DAGs
[2026-07-03T14:45:25.617+0000] {logging_mixin.py:188} INFO - [2026-07-03T14:45:25.617+0000] {dag.py:3954} INFO - Setting next_dagrun for gold_dbt_dag to None, run_after=None
[2026-07-03T14:45:25.634+0000] {processor.py:183} INFO - Processing /opt/airflow/dags/dag_gold_dbt.py took 0.138 seconds
[2026-07-03T14:45:56.672+0000] {processor.py:161} INFO - Started process (PID=18810) to work on /opt/airflow/dags/dag_gold_dbt.py
[2026-07-03T14:45:56.676+0000] {processor.py:830} INFO - Processing file /opt/airflow/dags/dag_gold_dbt.py for tasks to queue
[2026-07-03T14:45:56.679+0000] {logging_mixin.py:188} INFO - [2026-07-03T14:45:56.679+0000] {dagbag.py:545} INFO - Filling up the DagBag from /opt/airflow/dags/dag_gold_dbt.py
[2026-07-03T14:45:56.706+0000] {processor.py:840} INFO - DAG(s) 'gold_dbt_dag' retrieved from /opt/airflow/dags/dag_gold_dbt.py
[2026-07-03T14:45:56.747+0000] {logging_mixin.py:188} INFO - [2026-07-03T14:45:56.746+0000] {dag.py:3096} INFO - Sync 1 DAGs
[2026-07-03T14:45:56.775+0000] {logging_mixin.py:188} INFO - [2026-07-03T14:45:56.775+0000] {dag.py:3954} INFO - Setting next_dagrun for gold_dbt_dag to None, run_after=None
[2026-07-03T14:45:56.794+0000] {processor.py:183} INFO - Processing /opt/airflow/dags/dag_gold_dbt.py took 0.143 seconds
[2026-07-03T14:46:27.714+0000] {processor.py:161} INFO - Started process (PID=18847) to work on /opt/airflow/dags/dag_gold_dbt.py
[2026-07-03T14:46:27.717+0000] {processor.py:830} INFO - Processing file /opt/airflow/dags/dag_gold_dbt.py for tasks to queue
[2026-07-03T14:46:27.726+0000] {logging_mixin.py:188} INFO - [2026-07-03T14:46:27.725+0000] {dagbag.py:545} INFO - Filling up the DagBag from /opt/airflow/dags/dag_gold_dbt.py
[2026-07-03T14:46:27.875+0000] {processor.py:840} INFO - DAG(s) 'gold_dbt_dag' retrieved from /opt/airflow/dags/dag_gold_dbt.py
[2026-07-03T14:46:28.226+0000] {logging_mixin.py:188} INFO - [2026-07-03T14:46:28.225+0000] {dag.py:3096} INFO - Sync 1 DAGs
[2026-07-03T14:46:28.294+0000] {logging_mixin.py:188} INFO - [2026-07-03T14:46:28.294+0000] {dag.py:3954} INFO - Setting next_dagrun for gold_dbt_dag to None, run_after=None
[2026-07-03T14:46:28.326+0000] {processor.py:183} INFO - Processing /opt/airflow/dags/dag_gold_dbt.py took 0.651 seconds
[2026-07-03T14:46:59.414+0000] {processor.py:161} INFO - Started process (PID=18884) to work on /opt/airflow/dags/dag_gold_dbt.py
[2026-07-03T14:46:59.419+0000] {processor.py:830} INFO - Processing file /opt/airflow/dags/dag_gold_dbt.py for tasks to queue
[2026-07-03T14:46:59.423+0000] {logging_mixin.py:188} INFO - [2026-07-03T14:46:59.423+0000] {dagbag.py:545} INFO - Filling up the DagBag from /opt/airflow/dags/dag_gold_dbt.py
[2026-07-03T14:46:59.471+0000] {processor.py:840} INFO - DAG(s) 'gold_dbt_dag' retrieved from /opt/airflow/dags/dag_gold_dbt.py
[2026-07-03T14:46:59.531+0000] {logging_mixin.py:188} INFO - [2026-07-03T14:46:59.531+0000] {dag.py:3096} INFO - Sync 1 DAGs
[2026-07-03T14:46:59.555+0000] {logging_mixin.py:188} INFO - [2026-07-03T14:46:59.555+0000] {dag.py:3954} INFO - Setting next_dagrun for gold_dbt_dag to None, run_after=None
[2026-07-03T14:46:59.587+0000] {processor.py:183} INFO - Processing /opt/airflow/dags/dag_gold_dbt.py took 0.187 seconds
[2026-07-03T14:47:30.585+0000] {processor.py:161} INFO - Started process (PID=18921) to work on /opt/airflow/dags/dag_gold_dbt.py
[2026-07-03T14:47:30.587+0000] {processor.py:830} INFO - Processing file /opt/airflow/dags/dag_gold_dbt.py for tasks to queue
[2026-07-03T14:47:30.591+0000] {logging_mixin.py:188} INFO - [2026-07-03T14:47:30.590+0000] {dagbag.py:545} INFO - Filling up the DagBag from /opt/airflow/dags/dag_gold_dbt.py
[2026-07-03T14:47:30.632+0000] {processor.py:840} INFO - DAG(s) 'gold_dbt_dag' retrieved from /opt/airflow/dags/dag_gold_dbt.py
[2026-07-03T14:47:30.687+0000] {logging_mixin.py:188} INFO - [2026-07-03T14:47:30.687+0000] {dag.py:3096} INFO - Sync 1 DAGs
[2026-07-03T14:47:30.712+0000] {logging_mixin.py:188} INFO - [2026-07-03T14:47:30.712+0000] {dag.py:3954} INFO - Setting next_dagrun for gold_dbt_dag to None, run_after=None
[2026-07-03T14:47:30.737+0000] {processor.py:183} INFO - Processing /opt/airflow/dags/dag_gold_dbt.py took 0.169 seconds
[2026-07-03T14:48:01.779+0000] {processor.py:161} INFO - Started process (PID=18958) to work on /opt/airflow/dags/dag_gold_dbt.py
[2026-07-03T14:48:01.780+0000] {processor.py:830} INFO - Processing file /opt/airflow/dags/dag_gold_dbt.py for tasks to queue
[2026-07-03T14:48:01.785+0000] {logging_mixin.py:188} INFO - [2026-07-03T14:48:01.785+0000] {dagbag.py:545} INFO - Filling up the DagBag from /opt/airflow/dags/dag_gold_dbt.py
[2026-07-03T14:48:01.816+0000] {processor.py:840} INFO - DAG(s) 'gold_dbt_dag' retrieved from /opt/airflow/dags/dag_gold_dbt.py
[2026-07-03T14:48:01.867+0000] {logging_mixin.py:188} INFO - [2026-07-03T14:48:01.866+0000] {dag.py:3096} INFO - Sync 1 DAGs
[2026-07-03T14:48:01.893+0000] {logging_mixin.py:188} INFO - [2026-07-03T14:48:01.893+0000] {dag.py:3954} INFO - Setting next_dagrun for gold_dbt_dag to None, run_after=None
[2026-07-03T14:48:01.919+0000] {processor.py:183} INFO - Processing /opt/airflow/dags/dag_gold_dbt.py took 0.158 seconds
[2026-07-03T14:48:32.959+0000] {processor.py:161} INFO - Started process (PID=18995) to work on /opt/airflow/dags/dag_gold_dbt.py
[2026-07-03T14:48:32.963+0000] {processor.py:830} INFO - Processing file /opt/airflow/dags/dag_gold_dbt.py for tasks to queue
[2026-07-03T14:48:32.972+0000] {logging_mixin.py:188} INFO - [2026-07-03T14:48:32.971+0000] {dagbag.py:545} INFO - Filling up the DagBag from /opt/airflow/dags/dag_gold_dbt.py
[2026-07-03T14:48:33.014+0000] {processor.py:840} INFO - DAG(s) 'gold_dbt_dag' retrieved from /opt/airflow/dags/dag_gold_dbt.py
[2026-07-03T14:48:33.065+0000] {logging_mixin.py:188} INFO - [2026-07-03T14:48:33.065+0000] {dag.py:3096} INFO - Sync 1 DAGs
[2026-07-03T14:48:33.097+0000] {logging_mixin.py:188} INFO - [2026-07-03T14:48:33.097+0000] {dag.py:3954} INFO - Setting next_dagrun for gold_dbt_dag to None, run_after=None
[2026-07-03T14:48:33.122+0000] {processor.py:183} INFO - Processing /opt/airflow/dags/dag_gold_dbt.py took 0.196 seconds
[2026-07-03T14:49:04.061+0000] {processor.py:161} INFO - Started process (PID=19032) to work on /opt/airflow/dags/dag_gold_dbt.py
[2026-07-03T14:49:04.064+0000] {processor.py:830} INFO - Processing file /opt/airflow/dags/dag_gold_dbt.py for tasks to queue
[2026-07-03T14:49:04.072+0000] {logging_mixin.py:188} INFO - [2026-07-03T14:49:04.071+0000] {dagbag.py:545} INFO - Filling up the DagBag from /opt/airflow/dags/dag_gold_dbt.py
[2026-07-03T14:49:04.098+0000] {processor.py:840} INFO - DAG(s) 'gold_dbt_dag' retrieved from /opt/airflow/dags/dag_gold_dbt.py
[2026-07-03T14:49:04.145+0000] {logging_mixin.py:188} INFO - [2026-07-03T14:49:04.144+0000] {dag.py:3096} INFO - Sync 1 DAGs
[2026-07-03T14:49:04.174+0000] {logging_mixin.py:188} INFO - [2026-07-03T14:49:04.174+0000] {dag.py:3954} INFO - Setting next_dagrun for gold_dbt_dag to None, run_after=None
[2026-07-03T14:49:04.192+0000] {processor.py:183} INFO - Processing /opt/airflow/dags/dag_gold_dbt.py took 0.146 seconds
[2026-07-03T14:49:35.175+0000] {processor.py:161} INFO - Started process (PID=19069) to work on /opt/airflow/dags/dag_gold_dbt.py
[2026-07-03T14:49:35.178+0000] {processor.py:830} INFO - Processing file /opt/airflow/dags/dag_gold_dbt.py for tasks to queue
[2026-07-03T14:49:35.186+0000] {logging_mixin.py:188} INFO - [2026-07-03T14:49:35.186+0000] {dagbag.py:545} INFO - Filling up the DagBag from /opt/airflow/dags/dag_gold_dbt.py
[2026-07-03T14:49:35.211+0000] {processor.py:840} INFO - DAG(s) 'gold_dbt_dag' retrieved from /opt/airflow/dags/dag_gold_dbt.py
[2026-07-03T14:49:35.266+0000] {logging_mixin.py:188} INFO - [2026-07-03T14:49:35.265+0000] {dag.py:3096} INFO - Sync 1 DAGs
[2026-07-03T14:49:35.292+0000] {logging_mixin.py:188} INFO - [2026-07-03T14:49:35.292+0000] {dag.py:3954} INFO - Setting next_dagrun for gold_dbt_dag to None, run_after=None
[2026-07-03T14:49:35.319+0000] {processor.py:183} INFO - Processing /opt/airflow/dags/dag_gold_dbt.py took 0.158 seconds
[2026-07-03T14:50:06.347+0000] {processor.py:161} INFO - Started process (PID=19106) to work on /opt/airflow/dags/dag_gold_dbt.py
[2026-07-03T14:50:06.351+0000] {processor.py:830} INFO - Processing file /opt/airflow/dags/dag_gold_dbt.py for tasks to queue
[2026-07-03T14:50:06.358+0000] {logging_mixin.py:188} INFO - [2026-07-03T14:50:06.358+0000] {dagbag.py:545} INFO - Filling up the DagBag from /opt/airflow/dags/dag_gold_dbt.py
[2026-07-03T14:50:06.404+0000] {processor.py:840} INFO - DAG(s) 'gold_dbt_dag' retrieved from /opt/airflow/dags/dag_gold_dbt.py
[2026-07-03T14:50:06.454+0000] {logging_mixin.py:188} INFO - [2026-07-03T14:50:06.452+0000] {dag.py:3096} INFO - Sync 1 DAGs
[2026-07-03T14:50:06.487+0000] {logging_mixin.py:188} INFO - [2026-07-03T14:50:06.487+0000] {dag.py:3954} INFO - Setting next_dagrun for gold_dbt_dag to None, run_after=None
[2026-07-03T14:50:06.518+0000] {processor.py:183} INFO - Processing /opt/airflow/dags/dag_gold_dbt.py took 0.198 seconds
[2026-07-03T14:50:37.258+0000] {processor.py:161} INFO - Started process (PID=19143) to work on /opt/airflow/dags/dag_gold_dbt.py
[2026-07-03T14:50:37.261+0000] {processor.py:830} INFO - Processing file /opt/airflow/dags/dag_gold_dbt.py for tasks to queue
[2026-07-03T14:50:37.268+0000] {logging_mixin.py:188} INFO - [2026-07-03T14:50:37.268+0000] {dagbag.py:545} INFO - Filling up the DagBag from /opt/airflow/dags/dag_gold_dbt.py
[2026-07-03T14:50:37.329+0000] {processor.py:840} INFO - DAG(s) 'gold_dbt_dag' retrieved from /opt/airflow/dags/dag_gold_dbt.py
[2026-07-03T14:50:37.393+0000] {logging_mixin.py:188} INFO - [2026-07-03T14:50:37.393+0000] {dag.py:3096} INFO - Sync 1 DAGs
[2026-07-03T14:50:37.430+0000] {logging_mixin.py:188} INFO - [2026-07-03T14:50:37.430+0000] {dag.py:3954} INFO - Setting next_dagrun for gold_dbt_dag to None, run_after=None
[2026-07-03T14:50:37.455+0000] {processor.py:183} INFO - Processing /opt/airflow/dags/dag_gold_dbt.py took 0.224 seconds
[2026-07-03T14:51:07.571+0000] {processor.py:161} INFO - Started process (PID=19180) to work on /opt/airflow/dags/dag_gold_dbt.py
[2026-07-03T14:51:07.574+0000] {processor.py:830} INFO - Processing file /opt/airflow/dags/dag_gold_dbt.py for tasks to queue
[2026-07-03T14:51:07.580+0000] {logging_mixin.py:188} INFO - [2026-07-03T14:51:07.579+0000] {dagbag.py:545} INFO - Filling up the DagBag from /opt/airflow/dags/dag_gold_dbt.py
[2026-07-03T14:51:07.636+0000] {processor.py:840} INFO - DAG(s) 'gold_dbt_dag' retrieved from /opt/airflow/dags/dag_gold_dbt.py
[2026-07-03T14:51:07.682+0000] {logging_mixin.py:188} INFO - [2026-07-03T14:51:07.682+0000] {dag.py:3096} INFO - Sync 1 DAGs
[2026-07-03T14:51:07.716+0000] {logging_mixin.py:188} INFO - [2026-07-03T14:51:07.716+0000] {dag.py:3954} INFO - Setting next_dagrun for gold_dbt_dag to None, run_after=None
[2026-07-03T14:51:07.740+0000] {processor.py:183} INFO - Processing /opt/airflow/dags/dag_gold_dbt.py took 0.188 seconds
[2026-07-03T14:51:37.998+0000] {processor.py:161} INFO - Started process (PID=19217) to work on /opt/airflow/dags/dag_gold_dbt.py
[2026-07-03T14:51:38.002+0000] {processor.py:830} INFO - Processing file /opt/airflow/dags/dag_gold_dbt.py for tasks to queue
[2026-07-03T14:51:38.009+0000] {logging_mixin.py:188} INFO - [2026-07-03T14:51:38.008+0000] {dagbag.py:545} INFO - Filling up the DagBag from /opt/airflow/dags/dag_gold_dbt.py
[2026-07-03T14:51:38.057+0000] {processor.py:840} INFO - DAG(s) 'gold_dbt_dag' retrieved from /opt/airflow/dags/dag_gold_dbt.py
[2026-07-03T14:51:38.120+0000] {logging_mixin.py:188} INFO - [2026-07-03T14:51:38.120+0000] {dag.py:3096} INFO - Sync 1 DAGs
[2026-07-03T14:51:38.167+0000] {logging_mixin.py:188} INFO - [2026-07-03T14:51:38.167+0000] {dag.py:3954} INFO - Setting next_dagrun for gold_dbt_dag to None, run_after=None
[2026-07-03T14:51:38.191+0000] {processor.py:183} INFO - Processing /opt/airflow/dags/dag_gold_dbt.py took 0.226 seconds
[2026-07-03T14:52:09.079+0000] {processor.py:161} INFO - Started process (PID=19254) to work on /opt/airflow/dags/dag_gold_dbt.py
[2026-07-03T14:52:09.082+0000] {processor.py:830} INFO - Processing file /opt/airflow/dags/dag_gold_dbt.py for tasks to queue
[2026-07-03T14:52:09.086+0000] {logging_mixin.py:188} INFO - [2026-07-03T14:52:09.086+0000] {dagbag.py:545} INFO - Filling up the DagBag from /opt/airflow/dags/dag_gold_dbt.py
[2026-07-03T14:52:09.120+0000] {processor.py:840} INFO - DAG(s) 'gold_dbt_dag' retrieved from /opt/airflow/dags/dag_gold_dbt.py
[2026-07-03T14:52:09.167+0000] {logging_mixin.py:188} INFO - [2026-07-03T14:52:09.166+0000] {dag.py:3096} INFO - Sync 1 DAGs
[2026-07-03T14:52:09.209+0000] {logging_mixin.py:188} INFO - [2026-07-03T14:52:09.209+0000] {dag.py:3954} INFO - Setting next_dagrun for gold_dbt_dag to None, run_after=None
[2026-07-03T14:52:09.242+0000] {processor.py:183} INFO - Processing /opt/airflow/dags/dag_gold_dbt.py took 0.194 seconds
[2026-07-03T14:52:40.142+0000] {processor.py:161} INFO - Started process (PID=19291) to work on /opt/airflow/dags/dag_gold_dbt.py
[2026-07-03T14:52:40.145+0000] {processor.py:830} INFO - Processing file /opt/airflow/dags/dag_gold_dbt.py for tasks to queue
[2026-07-03T14:52:40.159+0000] {logging_mixin.py:188} INFO - [2026-07-03T14:52:40.158+0000] {dagbag.py:545} INFO - Filling up the DagBag from /opt/airflow/dags/dag_gold_dbt.py
[2026-07-03T14:52:40.209+0000] {processor.py:840} INFO - DAG(s) 'gold_dbt_dag' retrieved from /opt/airflow/dags/dag_gold_dbt.py
[2026-07-03T14:52:40.270+0000] {logging_mixin.py:188} INFO - [2026-07-03T14:52:40.270+0000] {dag.py:3096} INFO - Sync 1 DAGs
[2026-07-03T14:52:40.300+0000] {logging_mixin.py:188} INFO - [2026-07-03T14:52:40.300+0000] {dag.py:3954} INFO - Setting next_dagrun for gold_dbt_dag to None, run_after=None
[2026-07-03T14:52:40.332+0000] {processor.py:183} INFO - Processing /opt/airflow/dags/dag_gold_dbt.py took 0.214 seconds
[2026-07-03T14:53:11.245+0000] {processor.py:161} INFO - Started process (PID=19328) to work on /opt/airflow/dags/dag_gold_dbt.py
[2026-07-03T14:53:11.247+0000] {processor.py:830} INFO - Processing file /opt/airflow/dags/dag_gold_dbt.py for tasks to queue
[2026-07-03T14:53:11.260+0000] {logging_mixin.py:188} INFO - [2026-07-03T14:53:11.255+0000] {dagbag.py:545} INFO - Filling up the DagBag from /opt/airflow/dags/dag_gold_dbt.py
[2026-07-03T14:53:11.301+0000] {processor.py:840} INFO - DAG(s) 'gold_dbt_dag' retrieved from /opt/airflow/dags/dag_gold_dbt.py
[2026-07-03T14:53:11.360+0000] {logging_mixin.py:188} INFO - [2026-07-03T14:53:11.359+0000] {dag.py:3096} INFO - Sync 1 DAGs
[2026-07-03T14:53:11.393+0000] {logging_mixin.py:188} INFO - [2026-07-03T14:53:11.393+0000] {dag.py:3954} INFO - Setting next_dagrun for gold_dbt_dag to None, run_after=None
[2026-07-03T14:53:11.421+0000] {processor.py:183} INFO - Processing /opt/airflow/dags/dag_gold_dbt.py took 0.193 seconds
[2026-07-03T14:53:42.447+0000] {processor.py:161} INFO - Started process (PID=19365) to work on /opt/airflow/dags/dag_gold_dbt.py
[2026-07-03T14:53:42.455+0000] {processor.py:830} INFO - Processing file /opt/airflow/dags/dag_gold_dbt.py for tasks to queue
[2026-07-03T14:53:42.461+0000] {logging_mixin.py:188} INFO - [2026-07-03T14:53:42.459+0000] {dagbag.py:545} INFO - Filling up the DagBag from /opt/airflow/dags/dag_gold_dbt.py
[2026-07-03T14:53:42.501+0000] {processor.py:840} INFO - DAG(s) 'gold_dbt_dag' retrieved from /opt/airflow/dags/dag_gold_dbt.py
[2026-07-03T14:53:42.557+0000] {logging_mixin.py:188} INFO - [2026-07-03T14:53:42.557+0000] {dag.py:3096} INFO - Sync 1 DAGs
[2026-07-03T14:53:42.589+0000] {logging_mixin.py:188} INFO - [2026-07-03T14:53:42.589+0000] {dag.py:3954} INFO - Setting next_dagrun for gold_dbt_dag to None, run_after=None
[2026-07-03T14:53:42.611+0000] {processor.py:183} INFO - Processing /opt/airflow/dags/dag_gold_dbt.py took 0.190 seconds
[2026-07-03T14:54:13.508+0000] {processor.py:161} INFO - Started process (PID=19402) to work on /opt/airflow/dags/dag_gold_dbt.py
[2026-07-03T14:54:13.511+0000] {processor.py:830} INFO - Processing file /opt/airflow/dags/dag_gold_dbt.py for tasks to queue
[2026-07-03T14:54:13.523+0000] {logging_mixin.py:188} INFO - [2026-07-03T14:54:13.521+0000] {dagbag.py:545} INFO - Filling up the DagBag from /opt/airflow/dags/dag_gold_dbt.py
[2026-07-03T14:54:13.577+0000] {processor.py:840} INFO - DAG(s) 'gold_dbt_dag' retrieved from /opt/airflow/dags/dag_gold_dbt.py
[2026-07-03T14:54:13.632+0000] {logging_mixin.py:188} INFO - [2026-07-03T14:54:13.632+0000] {dag.py:3096} INFO - Sync 1 DAGs
[2026-07-03T14:54:13.671+0000] {logging_mixin.py:188} INFO - [2026-07-03T14:54:13.671+0000] {dag.py:3954} INFO - Setting next_dagrun for gold_dbt_dag to None, run_after=None
[2026-07-03T14:54:13.688+0000] {processor.py:183} INFO - Processing /opt/airflow/dags/dag_gold_dbt.py took 0.196 seconds
[2026-07-03T14:54:44.656+0000] {processor.py:161} INFO - Started process (PID=19439) to work on /opt/airflow/dags/dag_gold_dbt.py
[2026-07-03T14:54:44.661+0000] {processor.py:830} INFO - Processing file /opt/airflow/dags/dag_gold_dbt.py for tasks to queue
[2026-07-03T14:54:44.671+0000] {logging_mixin.py:188} INFO - [2026-07-03T14:54:44.671+0000] {dagbag.py:545} INFO - Filling up the DagBag from /opt/airflow/dags/dag_gold_dbt.py
[2026-07-03T14:54:44.712+0000] {processor.py:840} INFO - DAG(s) 'gold_dbt_dag' retrieved from /opt/airflow/dags/dag_gold_dbt.py
[2026-07-03T14:54:44.812+0000] {logging_mixin.py:188} INFO - [2026-07-03T14:54:44.812+0000] {dag.py:3096} INFO - Sync 1 DAGs
[2026-07-03T14:54:44.857+0000] {logging_mixin.py:188} INFO - [2026-07-03T14:54:44.857+0000] {dag.py:3954} INFO - Setting next_dagrun for gold_dbt_dag to None, run_after=None
[2026-07-03T14:54:44.900+0000] {processor.py:183} INFO - Processing /opt/airflow/dags/dag_gold_dbt.py took 0.269 seconds
[2026-07-03T14:55:15.791+0000] {processor.py:161} INFO - Started process (PID=19476) to work on /opt/airflow/dags/dag_gold_dbt.py
[2026-07-03T14:55:15.798+0000] {processor.py:830} INFO - Processing file /opt/airflow/dags/dag_gold_dbt.py for tasks to queue
[2026-07-03T14:55:15.804+0000] {logging_mixin.py:188} INFO - [2026-07-03T14:55:15.804+0000] {dagbag.py:545} INFO - Filling up the DagBag from /opt/airflow/dags/dag_gold_dbt.py
[2026-07-03T14:55:15.847+0000] {processor.py:840} INFO - DAG(s) 'gold_dbt_dag' retrieved from /opt/airflow/dags/dag_gold_dbt.py
[2026-07-03T14:55:15.911+0000] {logging_mixin.py:188} INFO - [2026-07-03T14:55:15.911+0000] {dag.py:3096} INFO - Sync 1 DAGs
[2026-07-03T14:55:15.942+0000] {logging_mixin.py:188} INFO - [2026-07-03T14:55:15.942+0000] {dag.py:3954} INFO - Setting next_dagrun for gold_dbt_dag to None, run_after=None
[2026-07-03T14:55:15.966+0000] {processor.py:183} INFO - Processing /opt/airflow/dags/dag_gold_dbt.py took 0.196 seconds
[2026-07-03T14:55:46.969+0000] {processor.py:161} INFO - Started process (PID=19513) to work on /opt/airflow/dags/dag_gold_dbt.py
[2026-07-03T14:55:46.975+0000] {processor.py:830} INFO - Processing file /opt/airflow/dags/dag_gold_dbt.py for tasks to queue
[2026-07-03T14:55:46.983+0000] {logging_mixin.py:188} INFO - [2026-07-03T14:55:46.983+0000] {dagbag.py:545} INFO - Filling up the DagBag from /opt/airflow/dags/dag_gold_dbt.py
[2026-07-03T14:55:47.028+0000] {processor.py:840} INFO - DAG(s) 'gold_dbt_dag' retrieved from /opt/airflow/dags/dag_gold_dbt.py
[2026-07-03T14:55:47.101+0000] {logging_mixin.py:188} INFO - [2026-07-03T14:55:47.101+0000] {dag.py:3096} INFO - Sync 1 DAGs
[2026-07-03T14:55:47.133+0000] {logging_mixin.py:188} INFO - [2026-07-03T14:55:47.133+0000] {dag.py:3954} INFO - Setting next_dagrun for gold_dbt_dag to None, run_after=None
[2026-07-03T14:55:47.174+0000] {processor.py:183} INFO - Processing /opt/airflow/dags/dag_gold_dbt.py took 0.235 seconds
[2026-07-03T14:56:18.023+0000] {processor.py:161} INFO - Started process (PID=19550) to work on /opt/airflow/dags/dag_gold_dbt.py
[2026-07-03T14:56:18.029+0000] {processor.py:830} INFO - Processing file /opt/airflow/dags/dag_gold_dbt.py for tasks to queue
[2026-07-03T14:56:18.037+0000] {logging_mixin.py:188} INFO - [2026-07-03T14:56:18.034+0000] {dagbag.py:545} INFO - Filling up the DagBag from /opt/airflow/dags/dag_gold_dbt.py
[2026-07-03T14:56:18.075+0000] {processor.py:840} INFO - DAG(s) 'gold_dbt_dag' retrieved from /opt/airflow/dags/dag_gold_dbt.py
[2026-07-03T14:56:18.132+0000] {logging_mixin.py:188} INFO - [2026-07-03T14:56:18.132+0000] {dag.py:3096} INFO - Sync 1 DAGs
[2026-07-03T14:56:18.166+0000] {logging_mixin.py:188} INFO - [2026-07-03T14:56:18.166+0000] {dag.py:3954} INFO - Setting next_dagrun for gold_dbt_dag to None, run_after=None
[2026-07-03T14:56:18.196+0000] {processor.py:183} INFO - Processing /opt/airflow/dags/dag_gold_dbt.py took 0.189 seconds
[2026-07-03T14:56:49.042+0000] {processor.py:161} INFO - Started process (PID=19587) to work on /opt/airflow/dags/dag_gold_dbt.py
[2026-07-03T14:56:49.046+0000] {processor.py:830} INFO - Processing file /opt/airflow/dags/dag_gold_dbt.py for tasks to queue
[2026-07-03T14:56:49.052+0000] {logging_mixin.py:188} INFO - [2026-07-03T14:56:49.052+0000] {dagbag.py:545} INFO - Filling up the DagBag from /opt/airflow/dags/dag_gold_dbt.py
[2026-07-03T14:56:49.106+0000] {processor.py:840} INFO - DAG(s) 'gold_dbt_dag' retrieved from /opt/airflow/dags/dag_gold_dbt.py
[2026-07-03T14:56:49.154+0000] {logging_mixin.py:188} INFO - [2026-07-03T14:56:49.154+0000] {dag.py:3096} INFO - Sync 1 DAGs
[2026-07-03T14:56:49.188+0000] {logging_mixin.py:188} INFO - [2026-07-03T14:56:49.188+0000] {dag.py:3954} INFO - Setting next_dagrun for gold_dbt_dag to None, run_after=None
[2026-07-03T14:56:49.211+0000] {processor.py:183} INFO - Processing /opt/airflow/dags/dag_gold_dbt.py took 0.182 seconds
[2026-07-03T14:57:20.163+0000] {processor.py:161} INFO - Started process (PID=19624) to work on /opt/airflow/dags/dag_gold_dbt.py
[2026-07-03T14:57:20.166+0000] {processor.py:830} INFO - Processing file /opt/airflow/dags/dag_gold_dbt.py for tasks to queue
[2026-07-03T14:57:20.170+0000] {logging_mixin.py:188} INFO - [2026-07-03T14:57:20.169+0000] {dagbag.py:545} INFO - Filling up the DagBag from /opt/airflow/dags/dag_gold_dbt.py
[2026-07-03T14:57:20.195+0000] {processor.py:840} INFO - DAG(s) 'gold_dbt_dag' retrieved from /opt/airflow/dags/dag_gold_dbt.py
[2026-07-03T14:57:20.237+0000] {logging_mixin.py:188} INFO - [2026-07-03T14:57:20.237+0000] {dag.py:3096} INFO - Sync 1 DAGs
[2026-07-03T14:57:20.267+0000] {logging_mixin.py:188} INFO - [2026-07-03T14:57:20.266+0000] {dag.py:3954} INFO - Setting next_dagrun for gold_dbt_dag to None, run_after=None
[2026-07-03T14:57:20.285+0000] {processor.py:183} INFO - Processing /opt/airflow/dags/dag_gold_dbt.py took 0.138 seconds
[2026-07-03T14:57:51.028+0000] {processor.py:161} INFO - Started process (PID=19661) to work on /opt/airflow/dags/dag_gold_dbt.py
[2026-07-03T14:57:51.030+0000] {processor.py:830} INFO - Processing file /opt/airflow/dags/dag_gold_dbt.py for tasks to queue
[2026-07-03T14:57:51.037+0000] {logging_mixin.py:188} INFO - [2026-07-03T14:57:51.035+0000] {dagbag.py:545} INFO - Filling up the DagBag from /opt/airflow/dags/dag_gold_dbt.py
[2026-07-03T14:57:51.067+0000] {processor.py:840} INFO - DAG(s) 'gold_dbt_dag' retrieved from /opt/airflow/dags/dag_gold_dbt.py
[2026-07-03T14:57:51.105+0000] {logging_mixin.py:188} INFO - [2026-07-03T14:57:51.105+0000] {dag.py:3096} INFO - Sync 1 DAGs
[2026-07-03T14:57:51.123+0000] {logging_mixin.py:188} INFO - [2026-07-03T14:57:51.123+0000] {dag.py:3954} INFO - Setting next_dagrun for gold_dbt_dag to None, run_after=None
[2026-07-03T14:57:51.147+0000] {processor.py:183} INFO - Processing /opt/airflow/dags/dag_gold_dbt.py took 0.129 seconds
[2026-07-03T14:58:21.979+0000] {processor.py:161} INFO - Started process (PID=19698) to work on /opt/airflow/dags/dag_gold_dbt.py
[2026-07-03T14:58:21.980+0000] {processor.py:830} INFO - Processing file /opt/airflow/dags/dag_gold_dbt.py for tasks to queue
[2026-07-03T14:58:21.983+0000] {logging_mixin.py:188} INFO - [2026-07-03T14:58:21.982+0000] {dagbag.py:545} INFO - Filling up the DagBag from /opt/airflow/dags/dag_gold_dbt.py
[2026-07-03T14:58:21.997+0000] {processor.py:840} INFO - DAG(s) 'gold_dbt_dag' retrieved from /opt/airflow/dags/dag_gold_dbt.py
[2026-07-03T14:58:22.017+0000] {logging_mixin.py:188} INFO - [2026-07-03T14:58:22.017+0000] {dag.py:3096} INFO - Sync 1 DAGs
[2026-07-03T14:58:22.033+0000] {logging_mixin.py:188} INFO - [2026-07-03T14:58:22.033+0000] {dag.py:3954} INFO - Setting next_dagrun for gold_dbt_dag to None, run_after=None
[2026-07-03T14:58:22.049+0000] {processor.py:183} INFO - Processing /opt/airflow/dags/dag_gold_dbt.py took 0.078 seconds
[2026-07-03T14:58:53.130+0000] {processor.py:161} INFO - Started process (PID=19735) to work on /opt/airflow/dags/dag_gold_dbt.py
[2026-07-03T14:58:53.132+0000] {processor.py:830} INFO - Processing file /opt/airflow/dags/dag_gold_dbt.py for tasks to queue
[2026-07-03T14:58:53.137+0000] {logging_mixin.py:188} INFO - [2026-07-03T14:58:53.136+0000] {dagbag.py:545} INFO - Filling up the DagBag from /opt/airflow/dags/dag_gold_dbt.py
[2026-07-03T14:58:53.166+0000] {processor.py:840} INFO - DAG(s) 'gold_dbt_dag' retrieved from /opt/airflow/dags/dag_gold_dbt.py
[2026-07-03T14:58:53.205+0000] {logging_mixin.py:188} INFO - [2026-07-03T14:58:53.205+0000] {dag.py:3096} INFO - Sync 1 DAGs
[2026-07-03T14:58:53.233+0000] {logging_mixin.py:188} INFO - [2026-07-03T14:58:53.233+0000] {dag.py:3954} INFO - Setting next_dagrun for gold_dbt_dag to None, run_after=None
[2026-07-03T14:58:53.254+0000] {processor.py:183} INFO - Processing /opt/airflow/dags/dag_gold_dbt.py took 0.136 seconds
[2026-07-03T14:59:24.048+0000] {processor.py:161} INFO - Started process (PID=19772) to work on /opt/airflow/dags/dag_gold_dbt.py
[2026-07-03T14:59:24.052+0000] {processor.py:830} INFO - Processing file /opt/airflow/dags/dag_gold_dbt.py for tasks to queue
[2026-07-03T14:59:24.059+0000] {logging_mixin.py:188} INFO - [2026-07-03T14:59:24.058+0000] {dagbag.py:545} INFO - Filling up the DagBag from /opt/airflow/dags/dag_gold_dbt.py
[2026-07-03T14:59:24.087+0000] {processor.py:840} INFO - DAG(s) 'gold_dbt_dag' retrieved from /opt/airflow/dags/dag_gold_dbt.py
[2026-07-03T14:59:24.128+0000] {logging_mixin.py:188} INFO - [2026-07-03T14:59:24.128+0000] {dag.py:3096} INFO - Sync 1 DAGs
[2026-07-03T14:59:24.165+0000] {logging_mixin.py:188} INFO - [2026-07-03T14:59:24.165+0000] {dag.py:3954} INFO - Setting next_dagrun for gold_dbt_dag to None, run_after=None
[2026-07-03T14:59:24.184+0000] {processor.py:183} INFO - Processing /opt/airflow/dags/dag_gold_dbt.py took 0.144 seconds
[2026-07-03T14:59:54.254+0000] {processor.py:161} INFO - Started process (PID=19809) to work on /opt/airflow/dags/dag_gold_dbt.py
[2026-07-03T14:59:54.258+0000] {processor.py:830} INFO - Processing file /opt/airflow/dags/dag_gold_dbt.py for tasks to queue
[2026-07-03T14:59:54.265+0000] {logging_mixin.py:188} INFO - [2026-07-03T14:59:54.265+0000] {dagbag.py:545} INFO - Filling up the DagBag from /opt/airflow/dags/dag_gold_dbt.py
[2026-07-03T14:59:54.293+0000] {processor.py:840} INFO - DAG(s) 'gold_dbt_dag' retrieved from /opt/airflow/dags/dag_gold_dbt.py
[2026-07-03T14:59:54.341+0000] {logging_mixin.py:188} INFO - [2026-07-03T14:59:54.341+0000] {dag.py:3096} INFO - Sync 1 DAGs
[2026-07-03T14:59:54.371+0000] {logging_mixin.py:188} INFO - [2026-07-03T14:59:54.370+0000] {dag.py:3954} INFO - Setting next_dagrun for gold_dbt_dag to None, run_after=None
[2026-07-03T14:59:54.387+0000] {processor.py:183} INFO - Processing /opt/airflow/dags/dag_gold_dbt.py took 0.150 seconds
[2026-07-03T15:00:24.614+0000] {processor.py:161} INFO - Started process (PID=20430) to work on /opt/airflow/dags/dag_gold_dbt.py
[2026-07-03T15:00:24.615+0000] {processor.py:830} INFO - Processing file /opt/airflow/dags/dag_gold_dbt.py for tasks to queue
[2026-07-03T15:00:24.618+0000] {logging_mixin.py:188} INFO - [2026-07-03T15:00:24.617+0000] {dagbag.py:545} INFO - Filling up the DagBag from /opt/airflow/dags/dag_gold_dbt.py
[2026-07-03T15:00:24.641+0000] {processor.py:840} INFO - DAG(s) 'gold_dbt_dag' retrieved from /opt/airflow/dags/dag_gold_dbt.py
[2026-07-03T15:00:24.679+0000] {logging_mixin.py:188} INFO - [2026-07-03T15:00:24.679+0000] {dag.py:3096} INFO - Sync 1 DAGs
[2026-07-03T15:00:24.695+0000] {logging_mixin.py:188} INFO - [2026-07-03T15:00:24.695+0000] {dag.py:3954} INFO - Setting next_dagrun for gold_dbt_dag to None, run_after=None
[2026-07-03T15:00:24.709+0000] {processor.py:183} INFO - Processing /opt/airflow/dags/dag_gold_dbt.py took 0.109 seconds
[2026-07-03T15:00:55.750+0000] {processor.py:161} INFO - Started process (PID=20468) to work on /opt/airflow/dags/dag_gold_dbt.py
[2026-07-03T15:00:55.764+0000] {processor.py:830} INFO - Processing file /opt/airflow/dags/dag_gold_dbt.py for tasks to queue
[2026-07-03T15:00:55.783+0000] {logging_mixin.py:188} INFO - [2026-07-03T15:00:55.781+0000] {dagbag.py:545} INFO - Filling up the DagBag from /opt/airflow/dags/dag_gold_dbt.py
[2026-07-03T15:00:55.808+0000] {processor.py:840} INFO - DAG(s) 'gold_dbt_dag' retrieved from /opt/airflow/dags/dag_gold_dbt.py
[2026-07-03T15:00:55.851+0000] {logging_mixin.py:188} INFO - [2026-07-03T15:00:55.850+0000] {dag.py:3096} INFO - Sync 1 DAGs
[2026-07-03T15:00:55.881+0000] {logging_mixin.py:188} INFO - [2026-07-03T15:00:55.880+0000] {dag.py:3954} INFO - Setting next_dagrun for gold_dbt_dag to None, run_after=None
[2026-07-03T15:00:55.901+0000] {processor.py:183} INFO - Processing /opt/airflow/dags/dag_gold_dbt.py took 0.184 seconds
[2026-07-03T15:01:26.642+0000] {processor.py:161} INFO - Started process (PID=20505) to work on /opt/airflow/dags/dag_gold_dbt.py
[2026-07-03T15:01:26.645+0000] {processor.py:830} INFO - Processing file /opt/airflow/dags/dag_gold_dbt.py for tasks to queue
[2026-07-03T15:01:26.652+0000] {logging_mixin.py:188} INFO - [2026-07-03T15:01:26.652+0000] {dagbag.py:545} INFO - Filling up the DagBag from /opt/airflow/dags/dag_gold_dbt.py
[2026-07-03T15:01:26.675+0000] {processor.py:840} INFO - DAG(s) 'gold_dbt_dag' retrieved from /opt/airflow/dags/dag_gold_dbt.py
[2026-07-03T15:01:26.714+0000] {logging_mixin.py:188} INFO - [2026-07-03T15:01:26.713+0000] {dag.py:3096} INFO - Sync 1 DAGs
[2026-07-03T15:01:26.737+0000] {logging_mixin.py:188} INFO - [2026-07-03T15:01:26.736+0000] {dag.py:3954} INFO - Setting next_dagrun for gold_dbt_dag to None, run_after=None
[2026-07-03T15:01:26.753+0000] {processor.py:183} INFO - Processing /opt/airflow/dags/dag_gold_dbt.py took 0.126 seconds
[2026-07-03T15:01:57.724+0000] {processor.py:161} INFO - Started process (PID=20542) to work on /opt/airflow/dags/dag_gold_dbt.py
[2026-07-03T15:01:57.727+0000] {processor.py:830} INFO - Processing file /opt/airflow/dags/dag_gold_dbt.py for tasks to queue
[2026-07-03T15:01:57.731+0000] {logging_mixin.py:188} INFO - [2026-07-03T15:01:57.729+0000] {dagbag.py:545} INFO - Filling up the DagBag from /opt/airflow/dags/dag_gold_dbt.py
[2026-07-03T15:01:57.769+0000] {processor.py:840} INFO - DAG(s) 'gold_dbt_dag' retrieved from /opt/airflow/dags/dag_gold_dbt.py
[2026-07-03T15:01:57.809+0000] {logging_mixin.py:188} INFO - [2026-07-03T15:01:57.809+0000] {dag.py:3096} INFO - Sync 1 DAGs
[2026-07-03T15:01:57.835+0000] {logging_mixin.py:188} INFO - [2026-07-03T15:01:57.835+0000] {dag.py:3954} INFO - Setting next_dagrun for gold_dbt_dag to None, run_after=None
[2026-07-03T15:01:57.859+0000] {processor.py:183} INFO - Processing /opt/airflow/dags/dag_gold_dbt.py took 0.145 seconds
[2026-07-03T15:02:28.821+0000] {processor.py:161} INFO - Started process (PID=20579) to work on /opt/airflow/dags/dag_gold_dbt.py
[2026-07-03T15:02:28.823+0000] {processor.py:830} INFO - Processing file /opt/airflow/dags/dag_gold_dbt.py for tasks to queue
[2026-07-03T15:02:28.827+0000] {logging_mixin.py:188} INFO - [2026-07-03T15:02:28.825+0000] {dagbag.py:545} INFO - Filling up the DagBag from /opt/airflow/dags/dag_gold_dbt.py
[2026-07-03T15:02:28.852+0000] {processor.py:840} INFO - DAG(s) 'gold_dbt_dag' retrieved from /opt/airflow/dags/dag_gold_dbt.py
[2026-07-03T15:02:28.922+0000] {logging_mixin.py:188} INFO - [2026-07-03T15:02:28.922+0000] {dag.py:3096} INFO - Sync 1 DAGs
[2026-07-03T15:02:28.955+0000] {logging_mixin.py:188} INFO - [2026-07-03T15:02:28.955+0000] {dag.py:3954} INFO - Setting next_dagrun for gold_dbt_dag to None, run_after=None
[2026-07-03T15:02:28.983+0000] {processor.py:183} INFO - Processing /opt/airflow/dags/dag_gold_dbt.py took 0.184 seconds
[2026-07-03T15:02:59.935+0000] {processor.py:161} INFO - Started process (PID=20616) to work on /opt/airflow/dags/dag_gold_dbt.py
[2026-07-03T15:02:59.938+0000] {processor.py:830} INFO - Processing file /opt/airflow/dags/dag_gold_dbt.py for tasks to queue
[2026-07-03T15:02:59.942+0000] {logging_mixin.py:188} INFO - [2026-07-03T15:02:59.940+0000] {dagbag.py:545} INFO - Filling up the DagBag from /opt/airflow/dags/dag_gold_dbt.py
[2026-07-03T15:02:59.969+0000] {processor.py:840} INFO - DAG(s) 'gold_dbt_dag' retrieved from /opt/airflow/dags/dag_gold_dbt.py
[2026-07-03T15:03:00.010+0000] {logging_mixin.py:188} INFO - [2026-07-03T15:03:00.009+0000] {dag.py:3096} INFO - Sync 1 DAGs
[2026-07-03T15:03:00.034+0000] {logging_mixin.py:188} INFO - [2026-07-03T15:03:00.034+0000] {dag.py:3954} INFO - Setting next_dagrun for gold_dbt_dag to None, run_after=None
[2026-07-03T15:03:00.057+0000] {processor.py:183} INFO - Processing /opt/airflow/dags/dag_gold_dbt.py took 0.135 seconds
[2026-07-03T15:03:30.957+0000] {processor.py:161} INFO - Started process (PID=20653) to work on /opt/airflow/dags/dag_gold_dbt.py
[2026-07-03T15:03:30.959+0000] {processor.py:830} INFO - Processing file /opt/airflow/dags/dag_gold_dbt.py for tasks to queue
[2026-07-03T15:03:30.964+0000] {logging_mixin.py:188} INFO - [2026-07-03T15:03:30.964+0000] {dagbag.py:545} INFO - Filling up the DagBag from /opt/airflow/dags/dag_gold_dbt.py
[2026-07-03T15:03:31.000+0000] {processor.py:840} INFO - DAG(s) 'gold_dbt_dag' retrieved from /opt/airflow/dags/dag_gold_dbt.py
[2026-07-03T15:03:31.056+0000] {logging_mixin.py:188} INFO - [2026-07-03T15:03:31.056+0000] {dag.py:3096} INFO - Sync 1 DAGs
[2026-07-03T15:03:31.082+0000] {logging_mixin.py:188} INFO - [2026-07-03T15:03:31.081+0000] {dag.py:3954} INFO - Setting next_dagrun for gold_dbt_dag to None, run_after=None
[2026-07-03T15:03:31.112+0000] {processor.py:183} INFO - Processing /opt/airflow/dags/dag_gold_dbt.py took 0.172 seconds
[2026-07-03T15:04:02.094+0000] {processor.py:161} INFO - Started process (PID=20690) to work on /opt/airflow/dags/dag_gold_dbt.py
[2026-07-03T15:04:02.095+0000] {processor.py:830} INFO - Processing file /opt/airflow/dags/dag_gold_dbt.py for tasks to queue
[2026-07-03T15:04:02.102+0000] {logging_mixin.py:188} INFO - [2026-07-03T15:04:02.098+0000] {dagbag.py:545} INFO - Filling up the DagBag from /opt/airflow/dags/dag_gold_dbt.py
[2026-07-03T15:04:02.123+0000] {processor.py:840} INFO - DAG(s) 'gold_dbt_dag' retrieved from /opt/airflow/dags/dag_gold_dbt.py
[2026-07-03T15:04:02.160+0000] {logging_mixin.py:188} INFO - [2026-07-03T15:04:02.160+0000] {dag.py:3096} INFO - Sync 1 DAGs
[2026-07-03T15:04:02.187+0000] {logging_mixin.py:188} INFO - [2026-07-03T15:04:02.187+0000] {dag.py:3954} INFO - Setting next_dagrun for gold_dbt_dag to None, run_after=None
[2026-07-03T15:04:02.206+0000] {processor.py:183} INFO - Processing /opt/airflow/dags/dag_gold_dbt.py took 0.126 seconds
[2026-07-03T15:04:33.237+0000] {processor.py:161} INFO - Started process (PID=20727) to work on /opt/airflow/dags/dag_gold_dbt.py
[2026-07-03T15:04:33.240+0000] {processor.py:830} INFO - Processing file /opt/airflow/dags/dag_gold_dbt.py for tasks to queue
[2026-07-03T15:04:33.247+0000] {logging_mixin.py:188} INFO - [2026-07-03T15:04:33.246+0000] {dagbag.py:545} INFO - Filling up the DagBag from /opt/airflow/dags/dag_gold_dbt.py
[2026-07-03T15:04:33.283+0000] {processor.py:840} INFO - DAG(s) 'gold_dbt_dag' retrieved from /opt/airflow/dags/dag_gold_dbt.py
[2026-07-03T15:04:33.336+0000] {logging_mixin.py:188} INFO - [2026-07-03T15:04:33.335+0000] {dag.py:3096} INFO - Sync 1 DAGs
[2026-07-03T15:04:33.367+0000] {logging_mixin.py:188} INFO - [2026-07-03T15:04:33.367+0000] {dag.py:3954} INFO - Setting next_dagrun for gold_dbt_dag to None, run_after=None
[2026-07-03T15:04:33.387+0000] {processor.py:183} INFO - Processing /opt/airflow/dags/dag_gold_dbt.py took 0.169 seconds
[2026-07-03T15:05:04.300+0000] {processor.py:161} INFO - Started process (PID=20764) to work on /opt/airflow/dags/dag_gold_dbt.py
[2026-07-03T15:05:04.304+0000] {processor.py:830} INFO - Processing file /opt/airflow/dags/dag_gold_dbt.py for tasks to queue
[2026-07-03T15:05:04.318+0000] {logging_mixin.py:188} INFO - [2026-07-03T15:05:04.317+0000] {dagbag.py:545} INFO - Filling up the DagBag from /opt/airflow/dags/dag_gold_dbt.py
[2026-07-03T15:05:04.341+0000] {processor.py:840} INFO - DAG(s) 'gold_dbt_dag' retrieved from /opt/airflow/dags/dag_gold_dbt.py
[2026-07-03T15:05:04.375+0000] {logging_mixin.py:188} INFO - [2026-07-03T15:05:04.374+0000] {dag.py:3096} INFO - Sync 1 DAGs
[2026-07-03T15:05:04.392+0000] {logging_mixin.py:188} INFO - [2026-07-03T15:05:04.392+0000] {dag.py:3954} INFO - Setting next_dagrun for gold_dbt_dag to None, run_after=None
[2026-07-03T15:05:04.415+0000] {processor.py:183} INFO - Processing /opt/airflow/dags/dag_gold_dbt.py took 0.128 seconds
[2026-07-03T15:05:35.355+0000] {processor.py:161} INFO - Started process (PID=20801) to work on /opt/airflow/dags/dag_gold_dbt.py
[2026-07-03T15:05:35.358+0000] {processor.py:830} INFO - Processing file /opt/airflow/dags/dag_gold_dbt.py for tasks to queue
[2026-07-03T15:05:35.363+0000] {logging_mixin.py:188} INFO - [2026-07-03T15:05:35.363+0000] {dagbag.py:545} INFO - Filling up the DagBag from /opt/airflow/dags/dag_gold_dbt.py
[2026-07-03T15:05:35.398+0000] {processor.py:840} INFO - DAG(s) 'gold_dbt_dag' retrieved from /opt/airflow/dags/dag_gold_dbt.py
[2026-07-03T15:05:35.448+0000] {logging_mixin.py:188} INFO - [2026-07-03T15:05:35.448+0000] {dag.py:3096} INFO - Sync 1 DAGs
[2026-07-03T15:05:35.476+0000] {logging_mixin.py:188} INFO - [2026-07-03T15:05:35.476+0000] {dag.py:3954} INFO - Setting next_dagrun for gold_dbt_dag to None, run_after=None
[2026-07-03T15:05:35.494+0000] {processor.py:183} INFO - Processing /opt/airflow/dags/dag_gold_dbt.py took 0.150 seconds
[2026-07-03T15:06:06.338+0000] {processor.py:161} INFO - Started process (PID=20838) to work on /opt/airflow/dags/dag_gold_dbt.py
[2026-07-03T15:06:06.341+0000] {processor.py:830} INFO - Processing file /opt/airflow/dags/dag_gold_dbt.py for tasks to queue
[2026-07-03T15:06:06.348+0000] {logging_mixin.py:188} INFO - [2026-07-03T15:06:06.345+0000] {dagbag.py:545} INFO - Filling up the DagBag from /opt/airflow/dags/dag_gold_dbt.py
[2026-07-03T15:06:06.367+0000] {processor.py:840} INFO - DAG(s) 'gold_dbt_dag' retrieved from /opt/airflow/dags/dag_gold_dbt.py
[2026-07-03T15:06:06.394+0000] {logging_mixin.py:188} INFO - [2026-07-03T15:06:06.394+0000] {dag.py:3096} INFO - Sync 1 DAGs
[2026-07-03T15:06:06.409+0000] {logging_mixin.py:188} INFO - [2026-07-03T15:06:06.409+0000] {dag.py:3954} INFO - Setting next_dagrun for gold_dbt_dag to None, run_after=None
[2026-07-03T15:06:06.423+0000] {processor.py:183} INFO - Processing /opt/airflow/dags/dag_gold_dbt.py took 0.095 seconds
[2026-07-03T15:06:37.386+0000] {processor.py:161} INFO - Started process (PID=20875) to work on /opt/airflow/dags/dag_gold_dbt.py
[2026-07-03T15:06:37.389+0000] {processor.py:830} INFO - Processing file /opt/airflow/dags/dag_gold_dbt.py for tasks to queue
[2026-07-03T15:06:37.394+0000] {logging_mixin.py:188} INFO - [2026-07-03T15:06:37.394+0000] {dagbag.py:545} INFO - Filling up the DagBag from /opt/airflow/dags/dag_gold_dbt.py
[2026-07-03T15:06:37.435+0000] {processor.py:840} INFO - DAG(s) 'gold_dbt_dag' retrieved from /opt/airflow/dags/dag_gold_dbt.py
[2026-07-03T15:06:37.499+0000] {logging_mixin.py:188} INFO - [2026-07-03T15:06:37.498+0000] {dag.py:3096} INFO - Sync 1 DAGs
[2026-07-03T15:06:37.530+0000] {logging_mixin.py:188} INFO - [2026-07-03T15:06:37.530+0000] {dag.py:3954} INFO - Setting next_dagrun for gold_dbt_dag to None, run_after=None
[2026-07-03T15:06:37.555+0000] {processor.py:183} INFO - Processing /opt/airflow/dags/dag_gold_dbt.py took 0.189 seconds
[2026-07-03T15:07:08.446+0000] {processor.py:161} INFO - Started process (PID=20912) to work on /opt/airflow/dags/dag_gold_dbt.py
[2026-07-03T15:07:08.448+0000] {processor.py:830} INFO - Processing file /opt/airflow/dags/dag_gold_dbt.py for tasks to queue
[2026-07-03T15:07:08.449+0000] {logging_mixin.py:188} INFO - [2026-07-03T15:07:08.449+0000] {dagbag.py:545} INFO - Filling up the DagBag from /opt/airflow/dags/dag_gold_dbt.py
[2026-07-03T15:07:08.475+0000] {processor.py:840} INFO - DAG(s) 'gold_dbt_dag' retrieved from /opt/airflow/dags/dag_gold_dbt.py
[2026-07-03T15:07:08.508+0000] {logging_mixin.py:188} INFO - [2026-07-03T15:07:08.508+0000] {dag.py:3096} INFO - Sync 1 DAGs
[2026-07-03T15:07:08.541+0000] {logging_mixin.py:188} INFO - [2026-07-03T15:07:08.541+0000] {dag.py:3954} INFO - Setting next_dagrun for gold_dbt_dag to None, run_after=None
[2026-07-03T15:07:08.563+0000] {processor.py:183} INFO - Processing /opt/airflow/dags/dag_gold_dbt.py took 0.125 seconds
[2026-07-03T15:07:39.491+0000] {processor.py:161} INFO - Started process (PID=20949) to work on /opt/airflow/dags/dag_gold_dbt.py
[2026-07-03T15:07:39.498+0000] {processor.py:830} INFO - Processing file /opt/airflow/dags/dag_gold_dbt.py for tasks to queue
[2026-07-03T15:07:39.503+0000] {logging_mixin.py:188} INFO - [2026-07-03T15:07:39.503+0000] {dagbag.py:545} INFO - Filling up the DagBag from /opt/airflow/dags/dag_gold_dbt.py
[2026-07-03T15:07:39.554+0000] {processor.py:840} INFO - DAG(s) 'gold_dbt_dag' retrieved from /opt/airflow/dags/dag_gold_dbt.py
[2026-07-03T15:07:39.623+0000] {logging_mixin.py:188} INFO - [2026-07-03T15:07:39.623+0000] {dag.py:3096} INFO - Sync 1 DAGs
[2026-07-03T15:07:39.648+0000] {logging_mixin.py:188} INFO - [2026-07-03T15:07:39.648+0000] {dag.py:3954} INFO - Setting next_dagrun for gold_dbt_dag to None, run_after=None
[2026-07-03T15:07:39.679+0000] {processor.py:183} INFO - Processing /opt/airflow/dags/dag_gold_dbt.py took 0.205 seconds
[2026-07-03T15:08:10.465+0000] {processor.py:161} INFO - Started process (PID=20986) to work on /opt/airflow/dags/dag_gold_dbt.py
[2026-07-03T15:08:10.466+0000] {processor.py:830} INFO - Processing file /opt/airflow/dags/dag_gold_dbt.py for tasks to queue
[2026-07-03T15:08:10.470+0000] {logging_mixin.py:188} INFO - [2026-07-03T15:08:10.468+0000] {dagbag.py:545} INFO - Filling up the DagBag from /opt/airflow/dags/dag_gold_dbt.py
[2026-07-03T15:08:10.488+0000] {processor.py:840} INFO - DAG(s) 'gold_dbt_dag' retrieved from /opt/airflow/dags/dag_gold_dbt.py
[2026-07-03T15:08:10.517+0000] {logging_mixin.py:188} INFO - [2026-07-03T15:08:10.517+0000] {dag.py:3096} INFO - Sync 1 DAGs
[2026-07-03T15:08:10.532+0000] {logging_mixin.py:188} INFO - [2026-07-03T15:08:10.532+0000] {dag.py:3954} INFO - Setting next_dagrun for gold_dbt_dag to None, run_after=None
[2026-07-03T15:08:10.548+0000] {processor.py:183} INFO - Processing /opt/airflow/dags/dag_gold_dbt.py took 0.093 seconds
[2026-07-03T15:08:41.425+0000] {processor.py:161} INFO - Started process (PID=21023) to work on /opt/airflow/dags/dag_gold_dbt.py
[2026-07-03T15:08:41.432+0000] {processor.py:830} INFO - Processing file /opt/airflow/dags/dag_gold_dbt.py for tasks to queue
[2026-07-03T15:08:41.437+0000] {logging_mixin.py:188} INFO - [2026-07-03T15:08:41.436+0000] {dagbag.py:545} INFO - Filling up the DagBag from /opt/airflow/dags/dag_gold_dbt.py
[2026-07-03T15:08:41.468+0000] {processor.py:840} INFO - DAG(s) 'gold_dbt_dag' retrieved from /opt/airflow/dags/dag_gold_dbt.py
[2026-07-03T15:08:41.524+0000] {logging_mixin.py:188} INFO - [2026-07-03T15:08:41.523+0000] {dag.py:3096} INFO - Sync 1 DAGs
[2026-07-03T15:08:41.552+0000] {logging_mixin.py:188} INFO - [2026-07-03T15:08:41.551+0000] {dag.py:3954} INFO - Setting next_dagrun for gold_dbt_dag to None, run_after=None
[2026-07-03T15:08:41.570+0000] {processor.py:183} INFO - Processing /opt/airflow/dags/dag_gold_dbt.py took 0.167 seconds
[2026-07-03T15:09:12.563+0000] {processor.py:161} INFO - Started process (PID=21060) to work on /opt/airflow/dags/dag_gold_dbt.py
[2026-07-03T15:09:12.564+0000] {processor.py:830} INFO - Processing file /opt/airflow/dags/dag_gold_dbt.py for tasks to queue
[2026-07-03T15:09:12.567+0000] {logging_mixin.py:188} INFO - [2026-07-03T15:09:12.566+0000] {dagbag.py:545} INFO - Filling up the DagBag from /opt/airflow/dags/dag_gold_dbt.py
[2026-07-03T15:09:12.589+0000] {processor.py:840} INFO - DAG(s) 'gold_dbt_dag' retrieved from /opt/airflow/dags/dag_gold_dbt.py
[2026-07-03T15:09:12.621+0000] {logging_mixin.py:188} INFO - [2026-07-03T15:09:12.621+0000] {dag.py:3096} INFO - Sync 1 DAGs
[2026-07-03T15:09:12.640+0000] {logging_mixin.py:188} INFO - [2026-07-03T15:09:12.640+0000] {dag.py:3954} INFO - Setting next_dagrun for gold_dbt_dag to None, run_after=None
[2026-07-03T15:09:12.663+0000] {processor.py:183} INFO - Processing /opt/airflow/dags/dag_gold_dbt.py took 0.110 seconds
[2026-07-03T15:09:43.580+0000] {processor.py:161} INFO - Started process (PID=21097) to work on /opt/airflow/dags/dag_gold_dbt.py
[2026-07-03T15:09:43.586+0000] {processor.py:830} INFO - Processing file /opt/airflow/dags/dag_gold_dbt.py for tasks to queue
[2026-07-03T15:09:43.588+0000] {logging_mixin.py:188} INFO - [2026-07-03T15:09:43.588+0000] {dagbag.py:545} INFO - Filling up the DagBag from /opt/airflow/dags/dag_gold_dbt.py
[2026-07-03T15:09:43.615+0000] {processor.py:840} INFO - DAG(s) 'gold_dbt_dag' retrieved from /opt/airflow/dags/dag_gold_dbt.py
[2026-07-03T15:09:43.655+0000] {logging_mixin.py:188} INFO - [2026-07-03T15:09:43.655+0000] {dag.py:3096} INFO - Sync 1 DAGs
[2026-07-03T15:09:43.674+0000] {logging_mixin.py:188} INFO - [2026-07-03T15:09:43.674+0000] {dag.py:3954} INFO - Setting next_dagrun for gold_dbt_dag to None, run_after=None
[2026-07-03T15:09:43.700+0000] {processor.py:183} INFO - Processing /opt/airflow/dags/dag_gold_dbt.py took 0.130 seconds
[2026-07-03T15:10:14.564+0000] {processor.py:161} INFO - Started process (PID=21134) to work on /opt/airflow/dags/dag_gold_dbt.py
[2026-07-03T15:10:14.565+0000] {processor.py:830} INFO - Processing file /opt/airflow/dags/dag_gold_dbt.py for tasks to queue
[2026-07-03T15:10:14.568+0000] {logging_mixin.py:188} INFO - [2026-07-03T15:10:14.567+0000] {dagbag.py:545} INFO - Filling up the DagBag from /opt/airflow/dags/dag_gold_dbt.py
[2026-07-03T15:10:14.596+0000] {processor.py:840} INFO - DAG(s) 'gold_dbt_dag' retrieved from /opt/airflow/dags/dag_gold_dbt.py
[2026-07-03T15:10:14.623+0000] {logging_mixin.py:188} INFO - [2026-07-03T15:10:14.623+0000] {dag.py:3096} INFO - Sync 1 DAGs
[2026-07-03T15:10:14.641+0000] {logging_mixin.py:188} INFO - [2026-07-03T15:10:14.641+0000] {dag.py:3954} INFO - Setting next_dagrun for gold_dbt_dag to None, run_after=None
[2026-07-03T15:10:14.660+0000] {processor.py:183} INFO - Processing /opt/airflow/dags/dag_gold_dbt.py took 0.107 seconds
[2026-07-03T15:10:45.515+0000] {processor.py:161} INFO - Started process (PID=21171) to work on /opt/airflow/dags/dag_gold_dbt.py
[2026-07-03T15:10:45.516+0000] {processor.py:830} INFO - Processing file /opt/airflow/dags/dag_gold_dbt.py for tasks to queue
[2026-07-03T15:10:45.528+0000] {logging_mixin.py:188} INFO - [2026-07-03T15:10:45.528+0000] {dagbag.py:545} INFO - Filling up the DagBag from /opt/airflow/dags/dag_gold_dbt.py
[2026-07-03T15:10:45.560+0000] {processor.py:840} INFO - DAG(s) 'gold_dbt_dag' retrieved from /opt/airflow/dags/dag_gold_dbt.py
[2026-07-03T15:10:45.609+0000] {logging_mixin.py:188} INFO - [2026-07-03T15:10:45.609+0000] {dag.py:3096} INFO - Sync 1 DAGs
[2026-07-03T15:10:45.630+0000] {logging_mixin.py:188} INFO - [2026-07-03T15:10:45.629+0000] {dag.py:3954} INFO - Setting next_dagrun for gold_dbt_dag to None, run_after=None
[2026-07-03T15:10:45.654+0000] {processor.py:183} INFO - Processing /opt/airflow/dags/dag_gold_dbt.py took 0.160 seconds
[2026-07-03T15:11:16.454+0000] {processor.py:161} INFO - Started process (PID=21208) to work on /opt/airflow/dags/dag_gold_dbt.py
[2026-07-03T15:11:16.455+0000] {processor.py:830} INFO - Processing file /opt/airflow/dags/dag_gold_dbt.py for tasks to queue
[2026-07-03T15:11:16.464+0000] {logging_mixin.py:188} INFO - [2026-07-03T15:11:16.464+0000] {dagbag.py:545} INFO - Filling up the DagBag from /opt/airflow/dags/dag_gold_dbt.py
[2026-07-03T15:11:16.490+0000] {processor.py:840} INFO - DAG(s) 'gold_dbt_dag' retrieved from /opt/airflow/dags/dag_gold_dbt.py
[2026-07-03T15:11:16.529+0000] {logging_mixin.py:188} INFO - [2026-07-03T15:11:16.529+0000] {dag.py:3096} INFO - Sync 1 DAGs
[2026-07-03T15:11:16.555+0000] {logging_mixin.py:188} INFO - [2026-07-03T15:11:16.555+0000] {dag.py:3954} INFO - Setting next_dagrun for gold_dbt_dag to None, run_after=None
[2026-07-03T15:11:16.577+0000] {processor.py:183} INFO - Processing /opt/airflow/dags/dag_gold_dbt.py took 0.137 seconds
[2026-07-03T15:11:47.549+0000] {processor.py:161} INFO - Started process (PID=21245) to work on /opt/airflow/dags/dag_gold_dbt.py
[2026-07-03T15:11:47.551+0000] {processor.py:830} INFO - Processing file /opt/airflow/dags/dag_gold_dbt.py for tasks to queue
[2026-07-03T15:11:47.556+0000] {logging_mixin.py:188} INFO - [2026-07-03T15:11:47.555+0000] {dagbag.py:545} INFO - Filling up the DagBag from /opt/airflow/dags/dag_gold_dbt.py
[2026-07-03T15:11:47.588+0000] {processor.py:840} INFO - DAG(s) 'gold_dbt_dag' retrieved from /opt/airflow/dags/dag_gold_dbt.py
[2026-07-03T15:11:47.654+0000] {logging_mixin.py:188} INFO - [2026-07-03T15:11:47.654+0000] {dag.py:3096} INFO - Sync 1 DAGs
[2026-07-03T15:11:47.692+0000] {logging_mixin.py:188} INFO - [2026-07-03T15:11:47.692+0000] {dag.py:3954} INFO - Setting next_dagrun for gold_dbt_dag to None, run_after=None
[2026-07-03T15:11:47.712+0000] {processor.py:183} INFO - Processing /opt/airflow/dags/dag_gold_dbt.py took 0.198 seconds
[2026-07-03T15:12:18.551+0000] {processor.py:161} INFO - Started process (PID=21282) to work on /opt/airflow/dags/dag_gold_dbt.py
[2026-07-03T15:12:18.554+0000] {processor.py:830} INFO - Processing file /opt/airflow/dags/dag_gold_dbt.py for tasks to queue
[2026-07-03T15:12:18.558+0000] {logging_mixin.py:188} INFO - [2026-07-03T15:12:18.556+0000] {dagbag.py:545} INFO - Filling up the DagBag from /opt/airflow/dags/dag_gold_dbt.py
[2026-07-03T15:12:18.595+0000] {processor.py:840} INFO - DAG(s) 'gold_dbt_dag' retrieved from /opt/airflow/dags/dag_gold_dbt.py
[2026-07-03T15:12:18.651+0000] {logging_mixin.py:188} INFO - [2026-07-03T15:12:18.650+0000] {dag.py:3096} INFO - Sync 1 DAGs
[2026-07-03T15:12:18.703+0000] {logging_mixin.py:188} INFO - [2026-07-03T15:12:18.703+0000] {dag.py:3954} INFO - Setting next_dagrun for gold_dbt_dag to None, run_after=None
[2026-07-03T15:12:18.733+0000] {processor.py:183} INFO - Processing /opt/airflow/dags/dag_gold_dbt.py took 0.198 seconds
[2026-07-03T15:12:49.021+0000] {processor.py:161} INFO - Started process (PID=21319) to work on /opt/airflow/dags/dag_gold_dbt.py
[2026-07-03T15:12:49.023+0000] {processor.py:830} INFO - Processing file /opt/airflow/dags/dag_gold_dbt.py for tasks to queue
[2026-07-03T15:12:49.026+0000] {logging_mixin.py:188} INFO - [2026-07-03T15:12:49.025+0000] {dagbag.py:545} INFO - Filling up the DagBag from /opt/airflow/dags/dag_gold_dbt.py
[2026-07-03T15:12:49.052+0000] {processor.py:840} INFO - DAG(s) 'gold_dbt_dag' retrieved from /opt/airflow/dags/dag_gold_dbt.py
[2026-07-03T15:12:49.093+0000] {logging_mixin.py:188} INFO - [2026-07-03T15:12:49.093+0000] {dag.py:3096} INFO - Sync 1 DAGs
[2026-07-03T15:12:49.112+0000] {logging_mixin.py:188} INFO - [2026-07-03T15:12:49.112+0000] {dag.py:3954} INFO - Setting next_dagrun for gold_dbt_dag to None, run_after=None
[2026-07-03T15:12:49.138+0000] {processor.py:183} INFO - Processing /opt/airflow/dags/dag_gold_dbt.py took 0.126 seconds
[2026-07-03T15:13:19.955+0000] {processor.py:161} INFO - Started process (PID=21356) to work on /opt/airflow/dags/dag_gold_dbt.py
[2026-07-03T15:13:19.957+0000] {processor.py:830} INFO - Processing file /opt/airflow/dags/dag_gold_dbt.py for tasks to queue
[2026-07-03T15:13:19.961+0000] {logging_mixin.py:188} INFO - [2026-07-03T15:13:19.960+0000] {dagbag.py:545} INFO - Filling up the DagBag from /opt/airflow/dags/dag_gold_dbt.py
[2026-07-03T15:13:19.983+0000] {processor.py:840} INFO - DAG(s) 'gold_dbt_dag' retrieved from /opt/airflow/dags/dag_gold_dbt.py
[2026-07-03T15:13:20.021+0000] {logging_mixin.py:188} INFO - [2026-07-03T15:13:20.021+0000] {dag.py:3096} INFO - Sync 1 DAGs
[2026-07-03T15:13:20.045+0000] {logging_mixin.py:188} INFO - [2026-07-03T15:13:20.045+0000] {dag.py:3954} INFO - Setting next_dagrun for gold_dbt_dag to None, run_after=None
[2026-07-03T15:13:20.065+0000] {processor.py:183} INFO - Processing /opt/airflow/dags/dag_gold_dbt.py took 0.125 seconds
[2026-07-03T15:13:51.126+0000] {processor.py:161} INFO - Started process (PID=21393) to work on /opt/airflow/dags/dag_gold_dbt.py
[2026-07-03T15:13:51.130+0000] {processor.py:830} INFO - Processing file /opt/airflow/dags/dag_gold_dbt.py for tasks to queue
[2026-07-03T15:13:51.139+0000] {logging_mixin.py:188} INFO - [2026-07-03T15:13:51.137+0000] {dagbag.py:545} INFO - Filling up the DagBag from /opt/airflow/dags/dag_gold_dbt.py
[2026-07-03T15:13:51.172+0000] {processor.py:840} INFO - DAG(s) 'gold_dbt_dag' retrieved from /opt/airflow/dags/dag_gold_dbt.py
[2026-07-03T15:13:51.230+0000] {logging_mixin.py:188} INFO - [2026-07-03T15:13:51.230+0000] {dag.py:3096} INFO - Sync 1 DAGs
[2026-07-03T15:13:51.258+0000] {logging_mixin.py:188} INFO - [2026-07-03T15:13:51.258+0000] {dag.py:3954} INFO - Setting next_dagrun for gold_dbt_dag to None, run_after=None
[2026-07-03T15:13:51.292+0000] {processor.py:183} INFO - Processing /opt/airflow/dags/dag_gold_dbt.py took 0.188 seconds
[2026-07-03T15:14:22.247+0000] {processor.py:161} INFO - Started process (PID=21430) to work on /opt/airflow/dags/dag_gold_dbt.py
[2026-07-03T15:14:22.249+0000] {processor.py:830} INFO - Processing file /opt/airflow/dags/dag_gold_dbt.py for tasks to queue
[2026-07-03T15:14:22.254+0000] {logging_mixin.py:188} INFO - [2026-07-03T15:14:22.253+0000] {dagbag.py:545} INFO - Filling up the DagBag from /opt/airflow/dags/dag_gold_dbt.py
[2026-07-03T15:14:22.272+0000] {processor.py:840} INFO - DAG(s) 'gold_dbt_dag' retrieved from /opt/airflow/dags/dag_gold_dbt.py
[2026-07-03T15:14:22.304+0000] {logging_mixin.py:188} INFO - [2026-07-03T15:14:22.304+0000] {dag.py:3096} INFO - Sync 1 DAGs
[2026-07-03T15:14:22.323+0000] {logging_mixin.py:188} INFO - [2026-07-03T15:14:22.322+0000] {dag.py:3954} INFO - Setting next_dagrun for gold_dbt_dag to None, run_after=None
[2026-07-03T15:14:22.350+0000] {processor.py:183} INFO - Processing /opt/airflow/dags/dag_gold_dbt.py took 0.115 seconds
[2026-07-03T15:14:53.421+0000] {processor.py:161} INFO - Started process (PID=21467) to work on /opt/airflow/dags/dag_gold_dbt.py
[2026-07-03T15:14:53.423+0000] {processor.py:830} INFO - Processing file /opt/airflow/dags/dag_gold_dbt.py for tasks to queue
[2026-07-03T15:14:53.431+0000] {logging_mixin.py:188} INFO - [2026-07-03T15:14:53.428+0000] {dagbag.py:545} INFO - Filling up the DagBag from /opt/airflow/dags/dag_gold_dbt.py
[2026-07-03T15:14:53.462+0000] {processor.py:840} INFO - DAG(s) 'gold_dbt_dag' retrieved from /opt/airflow/dags/dag_gold_dbt.py
[2026-07-03T15:14:53.540+0000] {logging_mixin.py:188} INFO - [2026-07-03T15:14:53.539+0000] {dag.py:3096} INFO - Sync 1 DAGs
[2026-07-03T15:14:53.581+0000] {logging_mixin.py:188} INFO - [2026-07-03T15:14:53.581+0000] {dag.py:3954} INFO - Setting next_dagrun for gold_dbt_dag to None, run_after=None
[2026-07-03T15:14:53.620+0000] {processor.py:183} INFO - Processing /opt/airflow/dags/dag_gold_dbt.py took 0.213 seconds
[2026-07-03T15:15:23.870+0000] {processor.py:161} INFO - Started process (PID=21504) to work on /opt/airflow/dags/dag_gold_dbt.py
[2026-07-03T15:15:23.878+0000] {processor.py:830} INFO - Processing file /opt/airflow/dags/dag_gold_dbt.py for tasks to queue
[2026-07-03T15:15:23.883+0000] {logging_mixin.py:188} INFO - [2026-07-03T15:15:23.882+0000] {dagbag.py:545} INFO - Filling up the DagBag from /opt/airflow/dags/dag_gold_dbt.py
[2026-07-03T15:15:23.911+0000] {processor.py:840} INFO - DAG(s) 'gold_dbt_dag' retrieved from /opt/airflow/dags/dag_gold_dbt.py
[2026-07-03T15:15:23.949+0000] {logging_mixin.py:188} INFO - [2026-07-03T15:15:23.949+0000] {dag.py:3096} INFO - Sync 1 DAGs
[2026-07-03T15:15:23.976+0000] {logging_mixin.py:188} INFO - [2026-07-03T15:15:23.976+0000] {dag.py:3954} INFO - Setting next_dagrun for gold_dbt_dag to None, run_after=None
[2026-07-03T15:15:23.998+0000] {processor.py:183} INFO - Processing /opt/airflow/dags/dag_gold_dbt.py took 0.139 seconds
[2026-07-03T15:15:54.349+0000] {processor.py:161} INFO - Started process (PID=21541) to work on /opt/airflow/dags/dag_gold_dbt.py
[2026-07-03T15:15:54.351+0000] {processor.py:830} INFO - Processing file /opt/airflow/dags/dag_gold_dbt.py for tasks to queue
[2026-07-03T15:15:54.356+0000] {logging_mixin.py:188} INFO - [2026-07-03T15:15:54.356+0000] {dagbag.py:545} INFO - Filling up the DagBag from /opt/airflow/dags/dag_gold_dbt.py
[2026-07-03T15:15:54.401+0000] {processor.py:840} INFO - DAG(s) 'gold_dbt_dag' retrieved from /opt/airflow/dags/dag_gold_dbt.py
[2026-07-03T15:15:54.465+0000] {logging_mixin.py:188} INFO - [2026-07-03T15:15:54.465+0000] {dag.py:3096} INFO - Sync 1 DAGs
[2026-07-03T15:15:54.500+0000] {logging_mixin.py:188} INFO - [2026-07-03T15:15:54.500+0000] {dag.py:3954} INFO - Setting next_dagrun for gold_dbt_dag to None, run_after=None
[2026-07-03T15:15:54.528+0000] {processor.py:183} INFO - Processing /opt/airflow/dags/dag_gold_dbt.py took 0.192 seconds
[2026-07-03T15:16:25.378+0000] {processor.py:161} INFO - Started process (PID=21578) to work on /opt/airflow/dags/dag_gold_dbt.py
[2026-07-03T15:16:25.381+0000] {processor.py:830} INFO - Processing file /opt/airflow/dags/dag_gold_dbt.py for tasks to queue
[2026-07-03T15:16:25.385+0000] {logging_mixin.py:188} INFO - [2026-07-03T15:16:25.385+0000] {dagbag.py:545} INFO - Filling up the DagBag from /opt/airflow/dags/dag_gold_dbt.py
[2026-07-03T15:16:25.411+0000] {processor.py:840} INFO - DAG(s) 'gold_dbt_dag' retrieved from /opt/airflow/dags/dag_gold_dbt.py
[2026-07-03T15:16:25.450+0000] {logging_mixin.py:188} INFO - [2026-07-03T15:16:25.450+0000] {dag.py:3096} INFO - Sync 1 DAGs
[2026-07-03T15:16:25.476+0000] {logging_mixin.py:188} INFO - [2026-07-03T15:16:25.476+0000] {dag.py:3954} INFO - Setting next_dagrun for gold_dbt_dag to None, run_after=None
[2026-07-03T15:16:25.506+0000] {processor.py:183} INFO - Processing /opt/airflow/dags/dag_gold_dbt.py took 0.141 seconds
[2026-07-03T15:16:55.936+0000] {processor.py:161} INFO - Started process (PID=21615) to work on /opt/airflow/dags/dag_gold_dbt.py
[2026-07-03T15:16:55.940+0000] {processor.py:830} INFO - Processing file /opt/airflow/dags/dag_gold_dbt.py for tasks to queue
[2026-07-03T15:16:55.946+0000] {logging_mixin.py:188} INFO - [2026-07-03T15:16:55.945+0000] {dagbag.py:545} INFO - Filling up the DagBag from /opt/airflow/dags/dag_gold_dbt.py
[2026-07-03T15:16:55.976+0000] {processor.py:840} INFO - DAG(s) 'gold_dbt_dag' retrieved from /opt/airflow/dags/dag_gold_dbt.py
[2026-07-03T15:16:56.026+0000] {logging_mixin.py:188} INFO - [2026-07-03T15:16:56.026+0000] {dag.py:3096} INFO - Sync 1 DAGs
[2026-07-03T15:16:56.065+0000] {logging_mixin.py:188} INFO - [2026-07-03T15:16:56.065+0000] {dag.py:3954} INFO - Setting next_dagrun for gold_dbt_dag to None, run_after=None
[2026-07-03T15:16:56.092+0000] {processor.py:183} INFO - Processing /opt/airflow/dags/dag_gold_dbt.py took 0.179 seconds
[2026-07-03T15:17:27.041+0000] {processor.py:161} INFO - Started process (PID=21652) to work on /opt/airflow/dags/dag_gold_dbt.py
[2026-07-03T15:17:27.044+0000] {processor.py:830} INFO - Processing file /opt/airflow/dags/dag_gold_dbt.py for tasks to queue
[2026-07-03T15:17:27.050+0000] {logging_mixin.py:188} INFO - [2026-07-03T15:17:27.048+0000] {dagbag.py:545} INFO - Filling up the DagBag from /opt/airflow/dags/dag_gold_dbt.py
[2026-07-03T15:17:27.083+0000] {processor.py:840} INFO - DAG(s) 'gold_dbt_dag' retrieved from /opt/airflow/dags/dag_gold_dbt.py
[2026-07-03T15:17:27.131+0000] {logging_mixin.py:188} INFO - [2026-07-03T15:17:27.130+0000] {dag.py:3096} INFO - Sync 1 DAGs
[2026-07-03T15:17:27.158+0000] {logging_mixin.py:188} INFO - [2026-07-03T15:17:27.157+0000] {dag.py:3954} INFO - Setting next_dagrun for gold_dbt_dag to None, run_after=None
[2026-07-03T15:17:27.183+0000] {processor.py:183} INFO - Processing /opt/airflow/dags/dag_gold_dbt.py took 0.157 seconds
[2026-07-03T15:17:57.431+0000] {processor.py:161} INFO - Started process (PID=21689) to work on /opt/airflow/dags/dag_gold_dbt.py
[2026-07-03T15:17:57.433+0000] {processor.py:830} INFO - Processing file /opt/airflow/dags/dag_gold_dbt.py for tasks to queue
[2026-07-03T15:17:57.437+0000] {logging_mixin.py:188} INFO - [2026-07-03T15:17:57.436+0000] {dagbag.py:545} INFO - Filling up the DagBag from /opt/airflow/dags/dag_gold_dbt.py
[2026-07-03T15:17:57.461+0000] {processor.py:840} INFO - DAG(s) 'gold_dbt_dag' retrieved from /opt/airflow/dags/dag_gold_dbt.py
[2026-07-03T15:17:57.502+0000] {logging_mixin.py:188} INFO - [2026-07-03T15:17:57.502+0000] {dag.py:3096} INFO - Sync 1 DAGs
[2026-07-03T15:17:57.522+0000] {logging_mixin.py:188} INFO - [2026-07-03T15:17:57.522+0000] {dag.py:3954} INFO - Setting next_dagrun for gold_dbt_dag to None, run_after=None
[2026-07-03T15:17:57.550+0000] {processor.py:183} INFO - Processing /opt/airflow/dags/dag_gold_dbt.py took 0.129 seconds
[2026-07-03T15:18:28.444+0000] {processor.py:161} INFO - Started process (PID=21726) to work on /opt/airflow/dags/dag_gold_dbt.py
[2026-07-03T15:18:28.448+0000] {processor.py:830} INFO - Processing file /opt/airflow/dags/dag_gold_dbt.py for tasks to queue
[2026-07-03T15:18:28.453+0000] {logging_mixin.py:188} INFO - [2026-07-03T15:18:28.453+0000] {dagbag.py:545} INFO - Filling up the DagBag from /opt/airflow/dags/dag_gold_dbt.py
[2026-07-03T15:18:28.487+0000] {processor.py:840} INFO - DAG(s) 'gold_dbt_dag' retrieved from /opt/airflow/dags/dag_gold_dbt.py
[2026-07-03T15:18:28.533+0000] {logging_mixin.py:188} INFO - [2026-07-03T15:18:28.532+0000] {dag.py:3096} INFO - Sync 1 DAGs
[2026-07-03T15:18:28.557+0000] {logging_mixin.py:188} INFO - [2026-07-03T15:18:28.556+0000] {dag.py:3954} INFO - Setting next_dagrun for gold_dbt_dag to None, run_after=None
[2026-07-03T15:18:28.581+0000] {processor.py:183} INFO - Processing /opt/airflow/dags/dag_gold_dbt.py took 0.168 seconds
[2026-07-03T15:18:59.359+0000] {processor.py:161} INFO - Started process (PID=21763) to work on /opt/airflow/dags/dag_gold_dbt.py
[2026-07-03T15:18:59.360+0000] {processor.py:830} INFO - Processing file /opt/airflow/dags/dag_gold_dbt.py for tasks to queue
[2026-07-03T15:18:59.361+0000] {logging_mixin.py:188} INFO - [2026-07-03T15:18:59.361+0000] {dagbag.py:545} INFO - Filling up the DagBag from /opt/airflow/dags/dag_gold_dbt.py
[2026-07-03T15:18:59.376+0000] {processor.py:840} INFO - DAG(s) 'gold_dbt_dag' retrieved from /opt/airflow/dags/dag_gold_dbt.py
[2026-07-03T15:18:59.394+0000] {logging_mixin.py:188} INFO - [2026-07-03T15:18:59.394+0000] {dag.py:3096} INFO - Sync 1 DAGs
[2026-07-03T15:18:59.405+0000] {logging_mixin.py:188} INFO - [2026-07-03T15:18:59.404+0000] {dag.py:3954} INFO - Setting next_dagrun for gold_dbt_dag to None, run_after=None
[2026-07-03T15:18:59.419+0000] {processor.py:183} INFO - Processing /opt/airflow/dags/dag_gold_dbt.py took 0.065 seconds
[2026-07-03T15:19:30.298+0000] {processor.py:161} INFO - Started process (PID=21800) to work on /opt/airflow/dags/dag_gold_dbt.py
[2026-07-03T15:19:30.301+0000] {processor.py:830} INFO - Processing file /opt/airflow/dags/dag_gold_dbt.py for tasks to queue
[2026-07-03T15:19:30.309+0000] {logging_mixin.py:188} INFO - [2026-07-03T15:19:30.307+0000] {dagbag.py:545} INFO - Filling up the DagBag from /opt/airflow/dags/dag_gold_dbt.py
[2026-07-03T15:19:30.352+0000] {processor.py:840} INFO - DAG(s) 'gold_dbt_dag' retrieved from /opt/airflow/dags/dag_gold_dbt.py
[2026-07-03T15:19:30.411+0000] {logging_mixin.py:188} INFO - [2026-07-03T15:19:30.411+0000] {dag.py:3096} INFO - Sync 1 DAGs
[2026-07-03T15:19:30.439+0000] {logging_mixin.py:188} INFO - [2026-07-03T15:19:30.439+0000] {dag.py:3954} INFO - Setting next_dagrun for gold_dbt_dag to None, run_after=None
[2026-07-03T15:19:30.463+0000] {processor.py:183} INFO - Processing /opt/airflow/dags/dag_gold_dbt.py took 0.204 seconds
[2026-07-03T15:20:01.271+0000] {processor.py:161} INFO - Started process (PID=21837) to work on /opt/airflow/dags/dag_gold_dbt.py
[2026-07-03T15:20:01.272+0000] {processor.py:830} INFO - Processing file /opt/airflow/dags/dag_gold_dbt.py for tasks to queue
[2026-07-03T15:20:01.274+0000] {logging_mixin.py:188} INFO - [2026-07-03T15:20:01.274+0000] {dagbag.py:545} INFO - Filling up the DagBag from /opt/airflow/dags/dag_gold_dbt.py
[2026-07-03T15:20:01.287+0000] {processor.py:840} INFO - DAG(s) 'gold_dbt_dag' retrieved from /opt/airflow/dags/dag_gold_dbt.py
[2026-07-03T15:20:01.312+0000] {logging_mixin.py:188} INFO - [2026-07-03T15:20:01.312+0000] {dag.py:3096} INFO - Sync 1 DAGs
[2026-07-03T15:20:01.325+0000] {logging_mixin.py:188} INFO - [2026-07-03T15:20:01.324+0000] {dag.py:3954} INFO - Setting next_dagrun for gold_dbt_dag to None, run_after=None
[2026-07-03T15:20:01.340+0000] {processor.py:183} INFO - Processing /opt/airflow/dags/dag_gold_dbt.py took 0.076 seconds
[2026-07-03T15:20:32.264+0000] {processor.py:161} INFO - Started process (PID=21874) to work on /opt/airflow/dags/dag_gold_dbt.py
[2026-07-03T15:20:32.267+0000] {processor.py:830} INFO - Processing file /opt/airflow/dags/dag_gold_dbt.py for tasks to queue
[2026-07-03T15:20:32.275+0000] {logging_mixin.py:188} INFO - [2026-07-03T15:20:32.274+0000] {dagbag.py:545} INFO - Filling up the DagBag from /opt/airflow/dags/dag_gold_dbt.py
[2026-07-03T15:20:32.323+0000] {processor.py:840} INFO - DAG(s) 'gold_dbt_dag' retrieved from /opt/airflow/dags/dag_gold_dbt.py
[2026-07-03T15:20:32.413+0000] {logging_mixin.py:188} INFO - [2026-07-03T15:20:32.413+0000] {dag.py:3096} INFO - Sync 1 DAGs
[2026-07-03T15:20:32.444+0000] {logging_mixin.py:188} INFO - [2026-07-03T15:20:32.444+0000] {dag.py:3954} INFO - Setting next_dagrun for gold_dbt_dag to None, run_after=None
[2026-07-03T15:20:32.478+0000] {processor.py:183} INFO - Processing /opt/airflow/dags/dag_gold_dbt.py took 0.233 seconds
[2026-07-03T15:21:03.200+0000] {processor.py:161} INFO - Started process (PID=21911) to work on /opt/airflow/dags/dag_gold_dbt.py
[2026-07-03T15:21:03.202+0000] {processor.py:830} INFO - Processing file /opt/airflow/dags/dag_gold_dbt.py for tasks to queue
[2026-07-03T15:21:03.204+0000] {logging_mixin.py:188} INFO - [2026-07-03T15:21:03.204+0000] {dagbag.py:545} INFO - Filling up the DagBag from /opt/airflow/dags/dag_gold_dbt.py
[2026-07-03T15:21:03.227+0000] {processor.py:840} INFO - DAG(s) 'gold_dbt_dag' retrieved from /opt/airflow/dags/dag_gold_dbt.py
[2026-07-03T15:21:03.253+0000] {logging_mixin.py:188} INFO - [2026-07-03T15:21:03.253+0000] {dag.py:3096} INFO - Sync 1 DAGs
[2026-07-03T15:21:03.267+0000] {logging_mixin.py:188} INFO - [2026-07-03T15:21:03.267+0000] {dag.py:3954} INFO - Setting next_dagrun for gold_dbt_dag to None, run_after=None
[2026-07-03T15:21:03.282+0000] {processor.py:183} INFO - Processing /opt/airflow/dags/dag_gold_dbt.py took 0.093 seconds
[2026-07-03T15:21:34.110+0000] {processor.py:161} INFO - Started process (PID=21948) to work on /opt/airflow/dags/dag_gold_dbt.py
[2026-07-03T15:21:34.118+0000] {processor.py:830} INFO - Processing file /opt/airflow/dags/dag_gold_dbt.py for tasks to queue
[2026-07-03T15:21:34.127+0000] {logging_mixin.py:188} INFO - [2026-07-03T15:21:34.125+0000] {dagbag.py:545} INFO - Filling up the DagBag from /opt/airflow/dags/dag_gold_dbt.py
[2026-07-03T15:21:34.195+0000] {processor.py:840} INFO - DAG(s) 'gold_dbt_dag' retrieved from /opt/airflow/dags/dag_gold_dbt.py
[2026-07-03T15:21:34.255+0000] {logging_mixin.py:188} INFO - [2026-07-03T15:21:34.255+0000] {dag.py:3096} INFO - Sync 1 DAGs
[2026-07-03T15:21:34.288+0000] {logging_mixin.py:188} INFO - [2026-07-03T15:21:34.288+0000] {dag.py:3954} INFO - Setting next_dagrun for gold_dbt_dag to None, run_after=None
[2026-07-03T15:21:34.316+0000] {processor.py:183} INFO - Processing /opt/airflow/dags/dag_gold_dbt.py took 0.236 seconds
[2026-07-03T15:22:05.089+0000] {processor.py:161} INFO - Started process (PID=21985) to work on /opt/airflow/dags/dag_gold_dbt.py
[2026-07-03T15:22:05.091+0000] {processor.py:830} INFO - Processing file /opt/airflow/dags/dag_gold_dbt.py for tasks to queue
[2026-07-03T15:22:05.094+0000] {logging_mixin.py:188} INFO - [2026-07-03T15:22:05.094+0000] {dagbag.py:545} INFO - Filling up the DagBag from /opt/airflow/dags/dag_gold_dbt.py
[2026-07-03T15:22:05.110+0000] {processor.py:840} INFO - DAG(s) 'gold_dbt_dag' retrieved from /opt/airflow/dags/dag_gold_dbt.py
[2026-07-03T15:22:05.136+0000] {logging_mixin.py:188} INFO - [2026-07-03T15:22:05.136+0000] {dag.py:3096} INFO - Sync 1 DAGs
[2026-07-03T15:22:05.150+0000] {logging_mixin.py:188} INFO - [2026-07-03T15:22:05.150+0000] {dag.py:3954} INFO - Setting next_dagrun for gold_dbt_dag to None, run_after=None
[2026-07-03T15:22:05.162+0000] {processor.py:183} INFO - Processing /opt/airflow/dags/dag_gold_dbt.py took 0.080 seconds
[2026-07-03T15:22:36.060+0000] {processor.py:161} INFO - Started process (PID=22022) to work on /opt/airflow/dags/dag_gold_dbt.py
[2026-07-03T15:22:36.062+0000] {processor.py:830} INFO - Processing file /opt/airflow/dags/dag_gold_dbt.py for tasks to queue
[2026-07-03T15:22:36.065+0000] {logging_mixin.py:188} INFO - [2026-07-03T15:22:36.065+0000] {dagbag.py:545} INFO - Filling up the DagBag from /opt/airflow/dags/dag_gold_dbt.py
[2026-07-03T15:22:36.091+0000] {processor.py:840} INFO - DAG(s) 'gold_dbt_dag' retrieved from /opt/airflow/dags/dag_gold_dbt.py
[2026-07-03T15:22:36.126+0000] {logging_mixin.py:188} INFO - [2026-07-03T15:22:36.126+0000] {dag.py:3096} INFO - Sync 1 DAGs
[2026-07-03T15:22:36.152+0000] {logging_mixin.py:188} INFO - [2026-07-03T15:22:36.152+0000] {dag.py:3954} INFO - Setting next_dagrun for gold_dbt_dag to None, run_after=None
[2026-07-03T15:22:36.171+0000] {processor.py:183} INFO - Processing /opt/airflow/dags/dag_gold_dbt.py took 0.126 seconds
[2026-07-03T15:23:07.084+0000] {processor.py:161} INFO - Started process (PID=22059) to work on /opt/airflow/dags/dag_gold_dbt.py
[2026-07-03T15:23:07.086+0000] {processor.py:830} INFO - Processing file /opt/airflow/dags/dag_gold_dbt.py for tasks to queue
[2026-07-03T15:23:07.088+0000] {logging_mixin.py:188} INFO - [2026-07-03T15:23:07.088+0000] {dagbag.py:545} INFO - Filling up the DagBag from /opt/airflow/dags/dag_gold_dbt.py
[2026-07-03T15:23:07.110+0000] {processor.py:840} INFO - DAG(s) 'gold_dbt_dag' retrieved from /opt/airflow/dags/dag_gold_dbt.py
[2026-07-03T15:23:07.138+0000] {logging_mixin.py:188} INFO - [2026-07-03T15:23:07.137+0000] {dag.py:3096} INFO - Sync 1 DAGs
[2026-07-03T15:23:07.155+0000] {logging_mixin.py:188} INFO - [2026-07-03T15:23:07.155+0000] {dag.py:3954} INFO - Setting next_dagrun for gold_dbt_dag to None, run_after=None
[2026-07-03T15:23:07.171+0000] {processor.py:183} INFO - Processing /opt/airflow/dags/dag_gold_dbt.py took 0.096 seconds
[2026-07-03T15:23:38.211+0000] {processor.py:161} INFO - Started process (PID=22096) to work on /opt/airflow/dags/dag_gold_dbt.py
[2026-07-03T15:23:38.215+0000] {processor.py:830} INFO - Processing file /opt/airflow/dags/dag_gold_dbt.py for tasks to queue
[2026-07-03T15:23:38.220+0000] {logging_mixin.py:188} INFO - [2026-07-03T15:23:38.219+0000] {dagbag.py:545} INFO - Filling up the DagBag from /opt/airflow/dags/dag_gold_dbt.py
[2026-07-03T15:23:38.302+0000] {processor.py:840} INFO - DAG(s) 'gold_dbt_dag' retrieved from /opt/airflow/dags/dag_gold_dbt.py
[2026-07-03T15:23:38.353+0000] {logging_mixin.py:188} INFO - [2026-07-03T15:23:38.352+0000] {dag.py:3096} INFO - Sync 1 DAGs
[2026-07-03T15:23:38.376+0000] {logging_mixin.py:188} INFO - [2026-07-03T15:23:38.376+0000] {dag.py:3954} INFO - Setting next_dagrun for gold_dbt_dag to None, run_after=None
[2026-07-03T15:23:38.400+0000] {processor.py:183} INFO - Processing /opt/airflow/dags/dag_gold_dbt.py took 0.208 seconds
[2026-07-03T15:24:09.363+0000] {processor.py:161} INFO - Started process (PID=22133) to work on /opt/airflow/dags/dag_gold_dbt.py
[2026-07-03T15:24:09.366+0000] {processor.py:830} INFO - Processing file /opt/airflow/dags/dag_gold_dbt.py for tasks to queue
[2026-07-03T15:24:09.370+0000] {logging_mixin.py:188} INFO - [2026-07-03T15:24:09.370+0000] {dagbag.py:545} INFO - Filling up the DagBag from /opt/airflow/dags/dag_gold_dbt.py
[2026-07-03T15:24:09.390+0000] {processor.py:840} INFO - DAG(s) 'gold_dbt_dag' retrieved from /opt/airflow/dags/dag_gold_dbt.py
[2026-07-03T15:24:09.423+0000] {logging_mixin.py:188} INFO - [2026-07-03T15:24:09.422+0000] {dag.py:3096} INFO - Sync 1 DAGs
[2026-07-03T15:24:09.444+0000] {logging_mixin.py:188} INFO - [2026-07-03T15:24:09.444+0000] {dag.py:3954} INFO - Setting next_dagrun for gold_dbt_dag to None, run_after=None
[2026-07-03T15:24:09.464+0000] {processor.py:183} INFO - Processing /opt/airflow/dags/dag_gold_dbt.py took 0.110 seconds
[2026-07-03T15:24:39.586+0000] {processor.py:161} INFO - Started process (PID=22170) to work on /opt/airflow/dags/dag_gold_dbt.py
[2026-07-03T15:24:39.590+0000] {processor.py:830} INFO - Processing file /opt/airflow/dags/dag_gold_dbt.py for tasks to queue
[2026-07-03T15:24:39.593+0000] {logging_mixin.py:188} INFO - [2026-07-03T15:24:39.593+0000] {dagbag.py:545} INFO - Filling up the DagBag from /opt/airflow/dags/dag_gold_dbt.py
[2026-07-03T15:24:39.627+0000] {processor.py:840} INFO - DAG(s) 'gold_dbt_dag' retrieved from /opt/airflow/dags/dag_gold_dbt.py
[2026-07-03T15:24:39.671+0000] {logging_mixin.py:188} INFO - [2026-07-03T15:24:39.670+0000] {dag.py:3096} INFO - Sync 1 DAGs
[2026-07-03T15:24:39.703+0000] {logging_mixin.py:188} INFO - [2026-07-03T15:24:39.703+0000] {dag.py:3954} INFO - Setting next_dagrun for gold_dbt_dag to None, run_after=None
[2026-07-03T15:24:39.722+0000] {processor.py:183} INFO - Processing /opt/airflow/dags/dag_gold_dbt.py took 0.148 seconds
[2026-07-03T15:25:10.585+0000] {processor.py:161} INFO - Started process (PID=22207) to work on /opt/airflow/dags/dag_gold_dbt.py
[2026-07-03T15:25:10.587+0000] {processor.py:830} INFO - Processing file /opt/airflow/dags/dag_gold_dbt.py for tasks to queue
[2026-07-03T15:25:10.593+0000] {logging_mixin.py:188} INFO - [2026-07-03T15:25:10.592+0000] {dagbag.py:545} INFO - Filling up the DagBag from /opt/airflow/dags/dag_gold_dbt.py
[2026-07-03T15:25:10.616+0000] {processor.py:840} INFO - DAG(s) 'gold_dbt_dag' retrieved from /opt/airflow/dags/dag_gold_dbt.py
[2026-07-03T15:25:10.660+0000] {logging_mixin.py:188} INFO - [2026-07-03T15:25:10.659+0000] {dag.py:3096} INFO - Sync 1 DAGs
[2026-07-03T15:25:10.684+0000] {logging_mixin.py:188} INFO - [2026-07-03T15:25:10.683+0000] {dag.py:3954} INFO - Setting next_dagrun for gold_dbt_dag to None, run_after=None
[2026-07-03T15:25:10.700+0000] {processor.py:183} INFO - Processing /opt/airflow/dags/dag_gold_dbt.py took 0.133 seconds
[2026-07-03T15:25:41.587+0000] {processor.py:161} INFO - Started process (PID=22244) to work on /opt/airflow/dags/dag_gold_dbt.py
[2026-07-03T15:25:41.588+0000] {processor.py:830} INFO - Processing file /opt/airflow/dags/dag_gold_dbt.py for tasks to queue
[2026-07-03T15:25:41.593+0000] {logging_mixin.py:188} INFO - [2026-07-03T15:25:41.593+0000] {dagbag.py:545} INFO - Filling up the DagBag from /opt/airflow/dags/dag_gold_dbt.py
[2026-07-03T15:25:41.614+0000] {processor.py:840} INFO - DAG(s) 'gold_dbt_dag' retrieved from /opt/airflow/dags/dag_gold_dbt.py
[2026-07-03T15:25:41.663+0000] {logging_mixin.py:188} INFO - [2026-07-03T15:25:41.663+0000] {dag.py:3096} INFO - Sync 1 DAGs
[2026-07-03T15:25:41.684+0000] {logging_mixin.py:188} INFO - [2026-07-03T15:25:41.684+0000] {dag.py:3954} INFO - Setting next_dagrun for gold_dbt_dag to None, run_after=None
[2026-07-03T15:25:41.710+0000] {processor.py:183} INFO - Processing /opt/airflow/dags/dag_gold_dbt.py took 0.133 seconds
[2026-07-03T15:26:12.522+0000] {processor.py:161} INFO - Started process (PID=22281) to work on /opt/airflow/dags/dag_gold_dbt.py
[2026-07-03T15:26:12.524+0000] {processor.py:830} INFO - Processing file /opt/airflow/dags/dag_gold_dbt.py for tasks to queue
[2026-07-03T15:26:12.525+0000] {logging_mixin.py:188} INFO - [2026-07-03T15:26:12.525+0000] {dagbag.py:545} INFO - Filling up the DagBag from /opt/airflow/dags/dag_gold_dbt.py
[2026-07-03T15:26:12.542+0000] {processor.py:840} INFO - DAG(s) 'gold_dbt_dag' retrieved from /opt/airflow/dags/dag_gold_dbt.py
[2026-07-03T15:26:12.562+0000] {logging_mixin.py:188} INFO - [2026-07-03T15:26:12.562+0000] {dag.py:3096} INFO - Sync 1 DAGs
[2026-07-03T15:26:12.575+0000] {logging_mixin.py:188} INFO - [2026-07-03T15:26:12.575+0000] {dag.py:3954} INFO - Setting next_dagrun for gold_dbt_dag to None, run_after=None
[2026-07-03T15:26:12.589+0000] {processor.py:183} INFO - Processing /opt/airflow/dags/dag_gold_dbt.py took 0.074 seconds
[2026-07-03T15:26:42.695+0000] {processor.py:161} INFO - Started process (PID=22318) to work on /opt/airflow/dags/dag_gold_dbt.py
[2026-07-03T15:26:42.696+0000] {processor.py:830} INFO - Processing file /opt/airflow/dags/dag_gold_dbt.py for tasks to queue
[2026-07-03T15:26:42.700+0000] {logging_mixin.py:188} INFO - [2026-07-03T15:26:42.700+0000] {dagbag.py:545} INFO - Filling up the DagBag from /opt/airflow/dags/dag_gold_dbt.py
[2026-07-03T15:26:42.718+0000] {processor.py:840} INFO - DAG(s) 'gold_dbt_dag' retrieved from /opt/airflow/dags/dag_gold_dbt.py
[2026-07-03T15:26:42.739+0000] {logging_mixin.py:188} INFO - [2026-07-03T15:26:42.739+0000] {dag.py:3096} INFO - Sync 1 DAGs
[2026-07-03T15:26:42.755+0000] {logging_mixin.py:188} INFO - [2026-07-03T15:26:42.755+0000] {dag.py:3954} INFO - Setting next_dagrun for gold_dbt_dag to None, run_after=None
[2026-07-03T15:26:42.770+0000] {processor.py:183} INFO - Processing /opt/airflow/dags/dag_gold_dbt.py took 0.086 seconds
[2026-07-03T15:27:13.678+0000] {processor.py:161} INFO - Started process (PID=22355) to work on /opt/airflow/dags/dag_gold_dbt.py
[2026-07-03T15:27:13.679+0000] {processor.py:830} INFO - Processing file /opt/airflow/dags/dag_gold_dbt.py for tasks to queue
[2026-07-03T15:27:13.680+0000] {logging_mixin.py:188} INFO - [2026-07-03T15:27:13.679+0000] {dagbag.py:545} INFO - Filling up the DagBag from /opt/airflow/dags/dag_gold_dbt.py
[2026-07-03T15:27:13.692+0000] {processor.py:840} INFO - DAG(s) 'gold_dbt_dag' retrieved from /opt/airflow/dags/dag_gold_dbt.py
[2026-07-03T15:27:13.712+0000] {logging_mixin.py:188} INFO - [2026-07-03T15:27:13.711+0000] {dag.py:3096} INFO - Sync 1 DAGs
[2026-07-03T15:27:13.726+0000] {logging_mixin.py:188} INFO - [2026-07-03T15:27:13.726+0000] {dag.py:3954} INFO - Setting next_dagrun for gold_dbt_dag to None, run_after=None
[2026-07-03T15:27:13.743+0000] {processor.py:183} INFO - Processing /opt/airflow/dags/dag_gold_dbt.py took 0.069 seconds
[2026-07-03T15:27:43.879+0000] {processor.py:161} INFO - Started process (PID=22392) to work on /opt/airflow/dags/dag_gold_dbt.py
[2026-07-03T15:27:43.881+0000] {processor.py:830} INFO - Processing file /opt/airflow/dags/dag_gold_dbt.py for tasks to queue
[2026-07-03T15:27:43.885+0000] {logging_mixin.py:188} INFO - [2026-07-03T15:27:43.884+0000] {dagbag.py:545} INFO - Filling up the DagBag from /opt/airflow/dags/dag_gold_dbt.py
[2026-07-03T15:27:43.906+0000] {processor.py:840} INFO - DAG(s) 'gold_dbt_dag' retrieved from /opt/airflow/dags/dag_gold_dbt.py
[2026-07-03T15:27:43.937+0000] {logging_mixin.py:188} INFO - [2026-07-03T15:27:43.937+0000] {dag.py:3096} INFO - Sync 1 DAGs
[2026-07-03T15:27:43.954+0000] {logging_mixin.py:188} INFO - [2026-07-03T15:27:43.954+0000] {dag.py:3954} INFO - Setting next_dagrun for gold_dbt_dag to None, run_after=None
[2026-07-03T15:27:43.973+0000] {processor.py:183} INFO - Processing /opt/airflow/dags/dag_gold_dbt.py took 0.106 seconds
[2026-07-03T15:28:14.873+0000] {processor.py:161} INFO - Started process (PID=22429) to work on /opt/airflow/dags/dag_gold_dbt.py
[2026-07-03T15:28:14.875+0000] {processor.py:830} INFO - Processing file /opt/airflow/dags/dag_gold_dbt.py for tasks to queue
[2026-07-03T15:28:14.882+0000] {logging_mixin.py:188} INFO - [2026-07-03T15:28:14.881+0000] {dagbag.py:545} INFO - Filling up the DagBag from /opt/airflow/dags/dag_gold_dbt.py
[2026-07-03T15:28:14.906+0000] {processor.py:840} INFO - DAG(s) 'gold_dbt_dag' retrieved from /opt/airflow/dags/dag_gold_dbt.py
[2026-07-03T15:28:14.952+0000] {logging_mixin.py:188} INFO - [2026-07-03T15:28:14.952+0000] {dag.py:3096} INFO - Sync 1 DAGs
[2026-07-03T15:28:14.982+0000] {logging_mixin.py:188} INFO - [2026-07-03T15:28:14.982+0000] {dag.py:3954} INFO - Setting next_dagrun for gold_dbt_dag to None, run_after=None
[2026-07-03T15:28:15.002+0000] {processor.py:183} INFO - Processing /opt/airflow/dags/dag_gold_dbt.py took 0.140 seconds
[2026-07-03T15:28:45.175+0000] {processor.py:161} INFO - Started process (PID=22466) to work on /opt/airflow/dags/dag_gold_dbt.py
[2026-07-03T15:28:45.179+0000] {processor.py:830} INFO - Processing file /opt/airflow/dags/dag_gold_dbt.py for tasks to queue
[2026-07-03T15:28:45.193+0000] {logging_mixin.py:188} INFO - [2026-07-03T15:28:45.191+0000] {dagbag.py:545} INFO - Filling up the DagBag from /opt/airflow/dags/dag_gold_dbt.py
[2026-07-03T15:28:45.233+0000] {processor.py:840} INFO - DAG(s) 'gold_dbt_dag' retrieved from /opt/airflow/dags/dag_gold_dbt.py
[2026-07-03T15:28:45.291+0000] {logging_mixin.py:188} INFO - [2026-07-03T15:28:45.290+0000] {dag.py:3096} INFO - Sync 1 DAGs
[2026-07-03T15:28:45.327+0000] {logging_mixin.py:188} INFO - [2026-07-03T15:28:45.327+0000] {dag.py:3954} INFO - Setting next_dagrun for gold_dbt_dag to None, run_after=None
[2026-07-03T15:28:45.358+0000] {processor.py:183} INFO - Processing /opt/airflow/dags/dag_gold_dbt.py took 0.203 seconds
[2026-07-03T15:29:16.269+0000] {processor.py:161} INFO - Started process (PID=22503) to work on /opt/airflow/dags/dag_gold_dbt.py
[2026-07-03T15:29:16.273+0000] {processor.py:830} INFO - Processing file /opt/airflow/dags/dag_gold_dbt.py for tasks to queue
[2026-07-03T15:29:16.280+0000] {logging_mixin.py:188} INFO - [2026-07-03T15:29:16.279+0000] {dagbag.py:545} INFO - Filling up the DagBag from /opt/airflow/dags/dag_gold_dbt.py
[2026-07-03T15:29:16.326+0000] {processor.py:840} INFO - DAG(s) 'gold_dbt_dag' retrieved from /opt/airflow/dags/dag_gold_dbt.py
[2026-07-03T15:29:16.404+0000] {logging_mixin.py:188} INFO - [2026-07-03T15:29:16.404+0000] {dag.py:3096} INFO - Sync 1 DAGs
[2026-07-03T15:29:16.447+0000] {logging_mixin.py:188} INFO - [2026-07-03T15:29:16.447+0000] {dag.py:3954} INFO - Setting next_dagrun for gold_dbt_dag to None, run_after=None
[2026-07-03T15:29:16.486+0000] {processor.py:183} INFO - Processing /opt/airflow/dags/dag_gold_dbt.py took 0.247 seconds
[2026-07-03T15:29:46.764+0000] {processor.py:161} INFO - Started process (PID=22540) to work on /opt/airflow/dags/dag_gold_dbt.py
[2026-07-03T15:29:46.765+0000] {processor.py:830} INFO - Processing file /opt/airflow/dags/dag_gold_dbt.py for tasks to queue
[2026-07-03T15:29:46.767+0000] {logging_mixin.py:188} INFO - [2026-07-03T15:29:46.767+0000] {dagbag.py:545} INFO - Filling up the DagBag from /opt/airflow/dags/dag_gold_dbt.py
[2026-07-03T15:29:46.781+0000] {processor.py:840} INFO - DAG(s) 'gold_dbt_dag' retrieved from /opt/airflow/dags/dag_gold_dbt.py
[2026-07-03T15:29:46.807+0000] {logging_mixin.py:188} INFO - [2026-07-03T15:29:46.807+0000] {dag.py:3096} INFO - Sync 1 DAGs
[2026-07-03T15:29:46.822+0000] {logging_mixin.py:188} INFO - [2026-07-03T15:29:46.822+0000] {dag.py:3954} INFO - Setting next_dagrun for gold_dbt_dag to None, run_after=None
[2026-07-03T15:29:46.837+0000] {processor.py:183} INFO - Processing /opt/airflow/dags/dag_gold_dbt.py took 0.081 seconds
[2026-07-03T15:30:17.780+0000] {processor.py:161} INFO - Started process (PID=22577) to work on /opt/airflow/dags/dag_gold_dbt.py
[2026-07-03T15:30:17.782+0000] {processor.py:830} INFO - Processing file /opt/airflow/dags/dag_gold_dbt.py for tasks to queue
[2026-07-03T15:30:17.785+0000] {logging_mixin.py:188} INFO - [2026-07-03T15:30:17.785+0000] {dagbag.py:545} INFO - Filling up the DagBag from /opt/airflow/dags/dag_gold_dbt.py
[2026-07-03T15:30:17.800+0000] {processor.py:840} INFO - DAG(s) 'gold_dbt_dag' retrieved from /opt/airflow/dags/dag_gold_dbt.py
[2026-07-03T15:30:17.823+0000] {logging_mixin.py:188} INFO - [2026-07-03T15:30:17.822+0000] {dag.py:3096} INFO - Sync 1 DAGs
[2026-07-03T15:30:17.834+0000] {logging_mixin.py:188} INFO - [2026-07-03T15:30:17.834+0000] {dag.py:3954} INFO - Setting next_dagrun for gold_dbt_dag to None, run_after=None
[2026-07-03T15:30:17.859+0000] {processor.py:183} INFO - Processing /opt/airflow/dags/dag_gold_dbt.py took 0.086 seconds
[2026-07-03T15:30:47.927+0000] {processor.py:161} INFO - Started process (PID=22614) to work on /opt/airflow/dags/dag_gold_dbt.py
[2026-07-03T15:30:47.928+0000] {processor.py:830} INFO - Processing file /opt/airflow/dags/dag_gold_dbt.py for tasks to queue
[2026-07-03T15:30:47.931+0000] {logging_mixin.py:188} INFO - [2026-07-03T15:30:47.931+0000] {dagbag.py:545} INFO - Filling up the DagBag from /opt/airflow/dags/dag_gold_dbt.py
[2026-07-03T15:30:47.945+0000] {processor.py:840} INFO - DAG(s) 'gold_dbt_dag' retrieved from /opt/airflow/dags/dag_gold_dbt.py
[2026-07-03T15:30:47.971+0000] {logging_mixin.py:188} INFO - [2026-07-03T15:30:47.971+0000] {dag.py:3096} INFO - Sync 1 DAGs
[2026-07-03T15:30:47.989+0000] {logging_mixin.py:188} INFO - [2026-07-03T15:30:47.989+0000] {dag.py:3954} INFO - Setting next_dagrun for gold_dbt_dag to None, run_after=None
[2026-07-03T15:30:48.004+0000] {processor.py:183} INFO - Processing /opt/airflow/dags/dag_gold_dbt.py took 0.095 seconds
[2026-07-03T15:31:18.921+0000] {processor.py:161} INFO - Started process (PID=22651) to work on /opt/airflow/dags/dag_gold_dbt.py
[2026-07-03T15:31:18.924+0000] {processor.py:830} INFO - Processing file /opt/airflow/dags/dag_gold_dbt.py for tasks to queue
[2026-07-03T15:31:18.926+0000] {logging_mixin.py:188} INFO - [2026-07-03T15:31:18.926+0000] {dagbag.py:545} INFO - Filling up the DagBag from /opt/airflow/dags/dag_gold_dbt.py
[2026-07-03T15:31:18.938+0000] {processor.py:840} INFO - DAG(s) 'gold_dbt_dag' retrieved from /opt/airflow/dags/dag_gold_dbt.py
[2026-07-03T15:31:18.960+0000] {logging_mixin.py:188} INFO - [2026-07-03T15:31:18.960+0000] {dag.py:3096} INFO - Sync 1 DAGs
[2026-07-03T15:31:18.975+0000] {logging_mixin.py:188} INFO - [2026-07-03T15:31:18.975+0000] {dag.py:3954} INFO - Setting next_dagrun for gold_dbt_dag to None, run_after=None
[2026-07-03T15:31:18.991+0000] {processor.py:183} INFO - Processing /opt/airflow/dags/dag_gold_dbt.py took 0.078 seconds
[2026-07-03T15:31:49.939+0000] {processor.py:161} INFO - Started process (PID=22688) to work on /opt/airflow/dags/dag_gold_dbt.py
[2026-07-03T15:31:49.941+0000] {processor.py:830} INFO - Processing file /opt/airflow/dags/dag_gold_dbt.py for tasks to queue
[2026-07-03T15:31:49.943+0000] {logging_mixin.py:188} INFO - [2026-07-03T15:31:49.943+0000] {dagbag.py:545} INFO - Filling up the DagBag from /opt/airflow/dags/dag_gold_dbt.py
[2026-07-03T15:31:49.957+0000] {processor.py:840} INFO - DAG(s) 'gold_dbt_dag' retrieved from /opt/airflow/dags/dag_gold_dbt.py
[2026-07-03T15:31:49.981+0000] {logging_mixin.py:188} INFO - [2026-07-03T15:31:49.981+0000] {dag.py:3096} INFO - Sync 1 DAGs
[2026-07-03T15:31:49.998+0000] {logging_mixin.py:188} INFO - [2026-07-03T15:31:49.998+0000] {dag.py:3954} INFO - Setting next_dagrun for gold_dbt_dag to None, run_after=None
[2026-07-03T15:31:50.013+0000] {processor.py:183} INFO - Processing /opt/airflow/dags/dag_gold_dbt.py took 0.083 seconds
[2026-07-03T15:32:20.928+0000] {processor.py:161} INFO - Started process (PID=22725) to work on /opt/airflow/dags/dag_gold_dbt.py
[2026-07-03T15:32:20.931+0000] {processor.py:830} INFO - Processing file /opt/airflow/dags/dag_gold_dbt.py for tasks to queue
[2026-07-03T15:32:20.934+0000] {logging_mixin.py:188} INFO - [2026-07-03T15:32:20.933+0000] {dagbag.py:545} INFO - Filling up the DagBag from /opt/airflow/dags/dag_gold_dbt.py
[2026-07-03T15:32:20.948+0000] {processor.py:840} INFO - DAG(s) 'gold_dbt_dag' retrieved from /opt/airflow/dags/dag_gold_dbt.py
[2026-07-03T15:32:20.969+0000] {logging_mixin.py:188} INFO - [2026-07-03T15:32:20.969+0000] {dag.py:3096} INFO - Sync 1 DAGs
[2026-07-03T15:32:20.987+0000] {logging_mixin.py:188} INFO - [2026-07-03T15:32:20.987+0000] {dag.py:3954} INFO - Setting next_dagrun for gold_dbt_dag to None, run_after=None
[2026-07-03T15:32:21.002+0000] {processor.py:183} INFO - Processing /opt/airflow/dags/dag_gold_dbt.py took 0.089 seconds
[2026-07-03T15:32:51.968+0000] {processor.py:161} INFO - Started process (PID=22762) to work on /opt/airflow/dags/dag_gold_dbt.py
[2026-07-03T15:32:51.969+0000] {processor.py:830} INFO - Processing file /opt/airflow/dags/dag_gold_dbt.py for tasks to queue
[2026-07-03T15:32:51.971+0000] {logging_mixin.py:188} INFO - [2026-07-03T15:32:51.971+0000] {dagbag.py:545} INFO - Filling up the DagBag from /opt/airflow/dags/dag_gold_dbt.py
[2026-07-03T15:32:51.982+0000] {processor.py:840} INFO - DAG(s) 'gold_dbt_dag' retrieved from /opt/airflow/dags/dag_gold_dbt.py
[2026-07-03T15:32:52.005+0000] {logging_mixin.py:188} INFO - [2026-07-03T15:32:52.005+0000] {dag.py:3096} INFO - Sync 1 DAGs
[2026-07-03T15:32:52.016+0000] {logging_mixin.py:188} INFO - [2026-07-03T15:32:52.016+0000] {dag.py:3954} INFO - Setting next_dagrun for gold_dbt_dag to None, run_after=None
[2026-07-03T15:32:52.031+0000] {processor.py:183} INFO - Processing /opt/airflow/dags/dag_gold_dbt.py took 0.068 seconds
[2026-07-03T15:33:22.207+0000] {processor.py:161} INFO - Started process (PID=22799) to work on /opt/airflow/dags/dag_gold_dbt.py
[2026-07-03T15:33:22.209+0000] {processor.py:830} INFO - Processing file /opt/airflow/dags/dag_gold_dbt.py for tasks to queue
[2026-07-03T15:33:22.213+0000] {logging_mixin.py:188} INFO - [2026-07-03T15:33:22.212+0000] {dagbag.py:545} INFO - Filling up the DagBag from /opt/airflow/dags/dag_gold_dbt.py
[2026-07-03T15:33:22.257+0000] {processor.py:840} INFO - DAG(s) 'gold_dbt_dag' retrieved from /opt/airflow/dags/dag_gold_dbt.py
[2026-07-03T15:33:22.317+0000] {logging_mixin.py:188} INFO - [2026-07-03T15:33:22.317+0000] {dag.py:3096} INFO - Sync 1 DAGs
[2026-07-03T15:33:22.339+0000] {logging_mixin.py:188} INFO - [2026-07-03T15:33:22.339+0000] {dag.py:3954} INFO - Setting next_dagrun for gold_dbt_dag to None, run_after=None
[2026-07-03T15:33:22.360+0000] {processor.py:183} INFO - Processing /opt/airflow/dags/dag_gold_dbt.py took 0.179 seconds
[2026-07-03T15:33:52.611+0000] {processor.py:161} INFO - Started process (PID=22836) to work on /opt/airflow/dags/dag_gold_dbt.py
[2026-07-03T15:33:52.612+0000] {processor.py:830} INFO - Processing file /opt/airflow/dags/dag_gold_dbt.py for tasks to queue
[2026-07-03T15:33:52.614+0000] {logging_mixin.py:188} INFO - [2026-07-03T15:33:52.613+0000] {dagbag.py:545} INFO - Filling up the DagBag from /opt/airflow/dags/dag_gold_dbt.py
[2026-07-03T15:33:52.633+0000] {processor.py:840} INFO - DAG(s) 'gold_dbt_dag' retrieved from /opt/airflow/dags/dag_gold_dbt.py
[2026-07-03T15:33:52.666+0000] {logging_mixin.py:188} INFO - [2026-07-03T15:33:52.666+0000] {dag.py:3096} INFO - Sync 1 DAGs
[2026-07-03T15:33:52.688+0000] {logging_mixin.py:188} INFO - [2026-07-03T15:33:52.688+0000] {dag.py:3954} INFO - Setting next_dagrun for gold_dbt_dag to None, run_after=None
[2026-07-03T15:33:52.732+0000] {processor.py:183} INFO - Processing /opt/airflow/dags/dag_gold_dbt.py took 0.129 seconds
[2026-07-03T15:34:23.703+0000] {processor.py:161} INFO - Started process (PID=22873) to work on /opt/airflow/dags/dag_gold_dbt.py
[2026-07-03T15:34:23.704+0000] {processor.py:830} INFO - Processing file /opt/airflow/dags/dag_gold_dbt.py for tasks to queue
[2026-07-03T15:34:23.706+0000] {logging_mixin.py:188} INFO - [2026-07-03T15:34:23.706+0000] {dagbag.py:545} INFO - Filling up the DagBag from /opt/airflow/dags/dag_gold_dbt.py
[2026-07-03T15:34:23.718+0000] {processor.py:840} INFO - DAG(s) 'gold_dbt_dag' retrieved from /opt/airflow/dags/dag_gold_dbt.py
[2026-07-03T15:34:23.742+0000] {logging_mixin.py:188} INFO - [2026-07-03T15:34:23.741+0000] {dag.py:3096} INFO - Sync 1 DAGs
[2026-07-03T15:34:23.754+0000] {logging_mixin.py:188} INFO - [2026-07-03T15:34:23.754+0000] {dag.py:3954} INFO - Setting next_dagrun for gold_dbt_dag to None, run_after=None
[2026-07-03T15:34:23.768+0000] {processor.py:183} INFO - Processing /opt/airflow/dags/dag_gold_dbt.py took 0.072 seconds
[2026-07-03T15:34:54.778+0000] {processor.py:161} INFO - Started process (PID=22910) to work on /opt/airflow/dags/dag_gold_dbt.py
[2026-07-03T15:34:54.780+0000] {processor.py:830} INFO - Processing file /opt/airflow/dags/dag_gold_dbt.py for tasks to queue
[2026-07-03T15:34:54.782+0000] {logging_mixin.py:188} INFO - [2026-07-03T15:34:54.782+0000] {dagbag.py:545} INFO - Filling up the DagBag from /opt/airflow/dags/dag_gold_dbt.py
[2026-07-03T15:34:54.798+0000] {processor.py:840} INFO - DAG(s) 'gold_dbt_dag' retrieved from /opt/airflow/dags/dag_gold_dbt.py
[2026-07-03T15:34:54.827+0000] {logging_mixin.py:188} INFO - [2026-07-03T15:34:54.827+0000] {dag.py:3096} INFO - Sync 1 DAGs
[2026-07-03T15:34:54.846+0000] {logging_mixin.py:188} INFO - [2026-07-03T15:34:54.845+0000] {dag.py:3954} INFO - Setting next_dagrun for gold_dbt_dag to None, run_after=None
[2026-07-03T15:34:54.864+0000] {processor.py:183} INFO - Processing /opt/airflow/dags/dag_gold_dbt.py took 0.093 seconds
[2026-07-03T15:35:25.653+0000] {processor.py:161} INFO - Started process (PID=22947) to work on /opt/airflow/dags/dag_gold_dbt.py
[2026-07-03T15:35:25.655+0000] {processor.py:830} INFO - Processing file /opt/airflow/dags/dag_gold_dbt.py for tasks to queue
[2026-07-03T15:35:25.657+0000] {logging_mixin.py:188} INFO - [2026-07-03T15:35:25.657+0000] {dagbag.py:545} INFO - Filling up the DagBag from /opt/airflow/dags/dag_gold_dbt.py
[2026-07-03T15:35:25.675+0000] {processor.py:840} INFO - DAG(s) 'gold_dbt_dag' retrieved from /opt/airflow/dags/dag_gold_dbt.py
[2026-07-03T15:35:25.701+0000] {logging_mixin.py:188} INFO - [2026-07-03T15:35:25.701+0000] {dag.py:3096} INFO - Sync 1 DAGs
[2026-07-03T15:35:25.720+0000] {logging_mixin.py:188} INFO - [2026-07-03T15:35:25.720+0000] {dag.py:3954} INFO - Setting next_dagrun for gold_dbt_dag to None, run_after=None
[2026-07-03T15:35:25.740+0000] {processor.py:183} INFO - Processing /opt/airflow/dags/dag_gold_dbt.py took 0.094 seconds
[2026-07-03T15:35:55.839+0000] {processor.py:161} INFO - Started process (PID=22984) to work on /opt/airflow/dags/dag_gold_dbt.py
[2026-07-03T15:35:55.839+0000] {processor.py:830} INFO - Processing file /opt/airflow/dags/dag_gold_dbt.py for tasks to queue
[2026-07-03T15:35:55.841+0000] {logging_mixin.py:188} INFO - [2026-07-03T15:35:55.841+0000] {dagbag.py:545} INFO - Filling up the DagBag from /opt/airflow/dags/dag_gold_dbt.py
[2026-07-03T15:35:55.853+0000] {processor.py:840} INFO - DAG(s) 'gold_dbt_dag' retrieved from /opt/airflow/dags/dag_gold_dbt.py
[2026-07-03T15:35:55.871+0000] {logging_mixin.py:188} INFO - [2026-07-03T15:35:55.871+0000] {dag.py:3096} INFO - Sync 1 DAGs
[2026-07-03T15:35:55.883+0000] {logging_mixin.py:188} INFO - [2026-07-03T15:35:55.883+0000] {dag.py:3954} INFO - Setting next_dagrun for gold_dbt_dag to None, run_after=None
[2026-07-03T15:35:55.894+0000] {processor.py:183} INFO - Processing /opt/airflow/dags/dag_gold_dbt.py took 0.059 seconds
[2026-07-03T15:36:26.818+0000] {processor.py:161} INFO - Started process (PID=23021) to work on /opt/airflow/dags/dag_gold_dbt.py
[2026-07-03T15:36:26.820+0000] {processor.py:830} INFO - Processing file /opt/airflow/dags/dag_gold_dbt.py for tasks to queue
[2026-07-03T15:36:26.821+0000] {logging_mixin.py:188} INFO - [2026-07-03T15:36:26.821+0000] {dagbag.py:545} INFO - Filling up the DagBag from /opt/airflow/dags/dag_gold_dbt.py
[2026-07-03T15:36:26.835+0000] {processor.py:840} INFO - DAG(s) 'gold_dbt_dag' retrieved from /opt/airflow/dags/dag_gold_dbt.py
[2026-07-03T15:36:26.857+0000] {logging_mixin.py:188} INFO - [2026-07-03T15:36:26.856+0000] {dag.py:3096} INFO - Sync 1 DAGs
[2026-07-03T15:36:26.872+0000] {logging_mixin.py:188} INFO - [2026-07-03T15:36:26.872+0000] {dag.py:3954} INFO - Setting next_dagrun for gold_dbt_dag to None, run_after=None
[2026-07-03T15:36:26.885+0000] {processor.py:183} INFO - Processing /opt/airflow/dags/dag_gold_dbt.py took 0.075 seconds
[2026-07-03T15:36:57.877+0000] {processor.py:161} INFO - Started process (PID=23058) to work on /opt/airflow/dags/dag_gold_dbt.py
[2026-07-03T15:36:57.878+0000] {processor.py:830} INFO - Processing file /opt/airflow/dags/dag_gold_dbt.py for tasks to queue
[2026-07-03T15:36:57.880+0000] {logging_mixin.py:188} INFO - [2026-07-03T15:36:57.879+0000] {dagbag.py:545} INFO - Filling up the DagBag from /opt/airflow/dags/dag_gold_dbt.py
[2026-07-03T15:36:57.890+0000] {processor.py:840} INFO - DAG(s) 'gold_dbt_dag' retrieved from /opt/airflow/dags/dag_gold_dbt.py
[2026-07-03T15:36:57.911+0000] {logging_mixin.py:188} INFO - [2026-07-03T15:36:57.911+0000] {dag.py:3096} INFO - Sync 1 DAGs
[2026-07-03T15:36:57.923+0000] {logging_mixin.py:188} INFO - [2026-07-03T15:36:57.923+0000] {dag.py:3954} INFO - Setting next_dagrun for gold_dbt_dag to None, run_after=None
[2026-07-03T15:36:57.938+0000] {processor.py:183} INFO - Processing /opt/airflow/dags/dag_gold_dbt.py took 0.075 seconds
[2026-07-03T15:37:28.145+0000] {processor.py:161} INFO - Started process (PID=23095) to work on /opt/airflow/dags/dag_gold_dbt.py
[2026-07-03T15:37:28.146+0000] {processor.py:830} INFO - Processing file /opt/airflow/dags/dag_gold_dbt.py for tasks to queue
[2026-07-03T15:37:28.152+0000] {logging_mixin.py:188} INFO - [2026-07-03T15:37:28.151+0000] {dagbag.py:545} INFO - Filling up the DagBag from /opt/airflow/dags/dag_gold_dbt.py
[2026-07-03T15:37:28.237+0000] {processor.py:840} INFO - DAG(s) 'gold_dbt_dag' retrieved from /opt/airflow/dags/dag_gold_dbt.py
[2026-07-03T15:37:28.324+0000] {logging_mixin.py:188} INFO - [2026-07-03T15:37:28.324+0000] {dag.py:3096} INFO - Sync 1 DAGs
[2026-07-03T15:37:28.369+0000] {logging_mixin.py:188} INFO - [2026-07-03T15:37:28.369+0000] {dag.py:3954} INFO - Setting next_dagrun for gold_dbt_dag to None, run_after=None
[2026-07-03T15:37:28.400+0000] {processor.py:183} INFO - Processing /opt/airflow/dags/dag_gold_dbt.py took 0.296 seconds
[2026-07-03T15:37:59.118+0000] {processor.py:161} INFO - Started process (PID=23132) to work on /opt/airflow/dags/dag_gold_dbt.py
[2026-07-03T15:37:59.119+0000] {processor.py:830} INFO - Processing file /opt/airflow/dags/dag_gold_dbt.py for tasks to queue
[2026-07-03T15:37:59.121+0000] {logging_mixin.py:188} INFO - [2026-07-03T15:37:59.120+0000] {dagbag.py:545} INFO - Filling up the DagBag from /opt/airflow/dags/dag_gold_dbt.py
[2026-07-03T15:37:59.135+0000] {processor.py:840} INFO - DAG(s) 'gold_dbt_dag' retrieved from /opt/airflow/dags/dag_gold_dbt.py
[2026-07-03T15:37:59.157+0000] {logging_mixin.py:188} INFO - [2026-07-03T15:37:59.157+0000] {dag.py:3096} INFO - Sync 1 DAGs
[2026-07-03T15:37:59.173+0000] {logging_mixin.py:188} INFO - [2026-07-03T15:37:59.173+0000] {dag.py:3954} INFO - Setting next_dagrun for gold_dbt_dag to None, run_after=None
[2026-07-03T15:37:59.189+0000] {processor.py:183} INFO - Processing /opt/airflow/dags/dag_gold_dbt.py took 0.081 seconds
[2026-07-03T15:38:30.069+0000] {processor.py:161} INFO - Started process (PID=23169) to work on /opt/airflow/dags/dag_gold_dbt.py
[2026-07-03T15:38:30.070+0000] {processor.py:830} INFO - Processing file /opt/airflow/dags/dag_gold_dbt.py for tasks to queue
[2026-07-03T15:38:30.077+0000] {logging_mixin.py:188} INFO - [2026-07-03T15:38:30.075+0000] {dagbag.py:545} INFO - Filling up the DagBag from /opt/airflow/dags/dag_gold_dbt.py
[2026-07-03T15:38:30.107+0000] {processor.py:840} INFO - DAG(s) 'gold_dbt_dag' retrieved from /opt/airflow/dags/dag_gold_dbt.py
[2026-07-03T15:38:30.147+0000] {logging_mixin.py:188} INFO - [2026-07-03T15:38:30.147+0000] {dag.py:3096} INFO - Sync 1 DAGs
[2026-07-03T15:38:30.178+0000] {logging_mixin.py:188} INFO - [2026-07-03T15:38:30.178+0000] {dag.py:3954} INFO - Setting next_dagrun for gold_dbt_dag to None, run_after=None
[2026-07-03T15:38:30.203+0000] {processor.py:183} INFO - Processing /opt/airflow/dags/dag_gold_dbt.py took 0.150 seconds
[2026-07-03T15:39:01.123+0000] {processor.py:161} INFO - Started process (PID=23206) to work on /opt/airflow/dags/dag_gold_dbt.py
[2026-07-03T15:39:01.126+0000] {processor.py:830} INFO - Processing file /opt/airflow/dags/dag_gold_dbt.py for tasks to queue
[2026-07-03T15:39:01.127+0000] {logging_mixin.py:188} INFO - [2026-07-03T15:39:01.127+0000] {dagbag.py:545} INFO - Filling up the DagBag from /opt/airflow/dags/dag_gold_dbt.py
[2026-07-03T15:39:01.138+0000] {processor.py:840} INFO - DAG(s) 'gold_dbt_dag' retrieved from /opt/airflow/dags/dag_gold_dbt.py
[2026-07-03T15:39:01.165+0000] {logging_mixin.py:188} INFO - [2026-07-03T15:39:01.165+0000] {dag.py:3096} INFO - Sync 1 DAGs
[2026-07-03T15:39:01.177+0000] {logging_mixin.py:188} INFO - [2026-07-03T15:39:01.177+0000] {dag.py:3954} INFO - Setting next_dagrun for gold_dbt_dag to None, run_after=None
[2026-07-03T15:39:01.192+0000] {processor.py:183} INFO - Processing /opt/airflow/dags/dag_gold_dbt.py took 0.077 seconds
[2026-07-03T15:39:31.370+0000] {processor.py:161} INFO - Started process (PID=23243) to work on /opt/airflow/dags/dag_gold_dbt.py
[2026-07-03T15:39:31.371+0000] {processor.py:830} INFO - Processing file /opt/airflow/dags/dag_gold_dbt.py for tasks to queue
[2026-07-03T15:39:31.373+0000] {logging_mixin.py:188} INFO - [2026-07-03T15:39:31.373+0000] {dagbag.py:545} INFO - Filling up the DagBag from /opt/airflow/dags/dag_gold_dbt.py
[2026-07-03T15:39:31.387+0000] {processor.py:840} INFO - DAG(s) 'gold_dbt_dag' retrieved from /opt/airflow/dags/dag_gold_dbt.py
[2026-07-03T15:39:31.413+0000] {logging_mixin.py:188} INFO - [2026-07-03T15:39:31.413+0000] {dag.py:3096} INFO - Sync 1 DAGs
[2026-07-03T15:39:31.426+0000] {logging_mixin.py:188} INFO - [2026-07-03T15:39:31.426+0000] {dag.py:3954} INFO - Setting next_dagrun for gold_dbt_dag to None, run_after=None
[2026-07-03T15:39:31.441+0000] {processor.py:183} INFO - Processing /opt/airflow/dags/dag_gold_dbt.py took 0.078 seconds
[2026-07-03T15:40:02.367+0000] {processor.py:161} INFO - Started process (PID=23280) to work on /opt/airflow/dags/dag_gold_dbt.py
[2026-07-03T15:40:02.368+0000] {processor.py:830} INFO - Processing file /opt/airflow/dags/dag_gold_dbt.py for tasks to queue
[2026-07-03T15:40:02.370+0000] {logging_mixin.py:188} INFO - [2026-07-03T15:40:02.369+0000] {dagbag.py:545} INFO - Filling up the DagBag from /opt/airflow/dags/dag_gold_dbt.py
[2026-07-03T15:40:02.386+0000] {processor.py:840} INFO - DAG(s) 'gold_dbt_dag' retrieved from /opt/airflow/dags/dag_gold_dbt.py
[2026-07-03T15:40:02.419+0000] {logging_mixin.py:188} INFO - [2026-07-03T15:40:02.419+0000] {dag.py:3096} INFO - Sync 1 DAGs
[2026-07-03T15:40:02.436+0000] {logging_mixin.py:188} INFO - [2026-07-03T15:40:02.435+0000] {dag.py:3954} INFO - Setting next_dagrun for gold_dbt_dag to None, run_after=None
[2026-07-03T15:40:02.455+0000] {processor.py:183} INFO - Processing /opt/airflow/dags/dag_gold_dbt.py took 0.097 seconds
[2026-07-03T15:40:32.546+0000] {processor.py:161} INFO - Started process (PID=23317) to work on /opt/airflow/dags/dag_gold_dbt.py
[2026-07-03T15:40:32.547+0000] {processor.py:830} INFO - Processing file /opt/airflow/dags/dag_gold_dbt.py for tasks to queue
[2026-07-03T15:40:32.549+0000] {logging_mixin.py:188} INFO - [2026-07-03T15:40:32.549+0000] {dagbag.py:545} INFO - Filling up the DagBag from /opt/airflow/dags/dag_gold_dbt.py
[2026-07-03T15:40:32.562+0000] {processor.py:840} INFO - DAG(s) 'gold_dbt_dag' retrieved from /opt/airflow/dags/dag_gold_dbt.py
[2026-07-03T15:40:32.578+0000] {logging_mixin.py:188} INFO - [2026-07-03T15:40:32.578+0000] {dag.py:3096} INFO - Sync 1 DAGs
[2026-07-03T15:40:32.588+0000] {logging_mixin.py:188} INFO - [2026-07-03T15:40:32.588+0000] {dag.py:3954} INFO - Setting next_dagrun for gold_dbt_dag to None, run_after=None
[2026-07-03T15:40:32.608+0000] {processor.py:183} INFO - Processing /opt/airflow/dags/dag_gold_dbt.py took 0.068 seconds
[2026-07-03T15:41:03.614+0000] {processor.py:161} INFO - Started process (PID=23354) to work on /opt/airflow/dags/dag_gold_dbt.py
[2026-07-03T15:41:03.615+0000] {processor.py:830} INFO - Processing file /opt/airflow/dags/dag_gold_dbt.py for tasks to queue
[2026-07-03T15:41:03.617+0000] {logging_mixin.py:188} INFO - [2026-07-03T15:41:03.617+0000] {dagbag.py:545} INFO - Filling up the DagBag from /opt/airflow/dags/dag_gold_dbt.py
[2026-07-03T15:41:03.630+0000] {processor.py:840} INFO - DAG(s) 'gold_dbt_dag' retrieved from /opt/airflow/dags/dag_gold_dbt.py
[2026-07-03T15:41:03.647+0000] {logging_mixin.py:188} INFO - [2026-07-03T15:41:03.647+0000] {dag.py:3096} INFO - Sync 1 DAGs
[2026-07-03T15:41:03.657+0000] {logging_mixin.py:188} INFO - [2026-07-03T15:41:03.657+0000] {dag.py:3954} INFO - Setting next_dagrun for gold_dbt_dag to None, run_after=None
[2026-07-03T15:41:03.670+0000] {processor.py:183} INFO - Processing /opt/airflow/dags/dag_gold_dbt.py took 0.063 seconds
[2026-07-03T15:41:33.913+0000] {processor.py:161} INFO - Started process (PID=23389) to work on /opt/airflow/dags/dag_gold_dbt.py
[2026-07-03T15:41:33.914+0000] {processor.py:830} INFO - Processing file /opt/airflow/dags/dag_gold_dbt.py for tasks to queue
[2026-07-03T15:41:33.915+0000] {logging_mixin.py:188} INFO - [2026-07-03T15:41:33.915+0000] {dagbag.py:545} INFO - Filling up the DagBag from /opt/airflow/dags/dag_gold_dbt.py
[2026-07-03T15:41:33.922+0000] {processor.py:840} INFO - DAG(s) 'gold_dbt_dag' retrieved from /opt/airflow/dags/dag_gold_dbt.py
[2026-07-03T15:41:33.938+0000] {logging_mixin.py:188} INFO - [2026-07-03T15:41:33.938+0000] {dag.py:3096} INFO - Sync 1 DAGs
[2026-07-03T15:41:33.953+0000] {logging_mixin.py:188} INFO - [2026-07-03T15:41:33.953+0000] {dag.py:3954} INFO - Setting next_dagrun for gold_dbt_dag to None, run_after=None
[2026-07-03T15:41:33.966+0000] {processor.py:183} INFO - Processing /opt/airflow/dags/dag_gold_dbt.py took 0.058 seconds
[2026-07-03T15:42:04.417+0000] {processor.py:161} INFO - Started process (PID=23403) to work on /opt/airflow/dags/dag_gold_dbt.py
[2026-07-03T15:42:04.418+0000] {processor.py:830} INFO - Processing file /opt/airflow/dags/dag_gold_dbt.py for tasks to queue
[2026-07-03T15:42:04.425+0000] {logging_mixin.py:188} INFO - [2026-07-03T15:42:04.425+0000] {dagbag.py:545} INFO - Filling up the DagBag from /opt/airflow/dags/dag_gold_dbt.py
[2026-07-03T15:42:04.450+0000] {processor.py:840} INFO - DAG(s) 'gold_dbt_dag' retrieved from /opt/airflow/dags/dag_gold_dbt.py
[2026-07-03T15:42:04.480+0000] {logging_mixin.py:188} INFO - [2026-07-03T15:42:04.480+0000] {dag.py:3096} INFO - Sync 1 DAGs
[2026-07-03T15:42:04.500+0000] {logging_mixin.py:188} INFO - [2026-07-03T15:42:04.500+0000] {dag.py:3954} INFO - Setting next_dagrun for gold_dbt_dag to None, run_after=None
[2026-07-03T15:42:04.518+0000] {processor.py:183} INFO - Processing /opt/airflow/dags/dag_gold_dbt.py took 0.108 seconds
[2026-07-03T15:42:35.502+0000] {processor.py:161} INFO - Started process (PID=23440) to work on /opt/airflow/dags/dag_gold_dbt.py
[2026-07-03T15:42:35.504+0000] {processor.py:830} INFO - Processing file /opt/airflow/dags/dag_gold_dbt.py for tasks to queue
[2026-07-03T15:42:35.512+0000] {logging_mixin.py:188} INFO - [2026-07-03T15:42:35.512+0000] {dagbag.py:545} INFO - Filling up the DagBag from /opt/airflow/dags/dag_gold_dbt.py
[2026-07-03T15:42:35.547+0000] {processor.py:840} INFO - DAG(s) 'gold_dbt_dag' retrieved from /opt/airflow/dags/dag_gold_dbt.py
[2026-07-03T15:42:35.605+0000] {logging_mixin.py:188} INFO - [2026-07-03T15:42:35.605+0000] {dag.py:3096} INFO - Sync 1 DAGs
[2026-07-03T15:42:35.652+0000] {logging_mixin.py:188} INFO - [2026-07-03T15:42:35.652+0000] {dag.py:3954} INFO - Setting next_dagrun for gold_dbt_dag to None, run_after=None
[2026-07-03T15:42:35.678+0000] {processor.py:183} INFO - Processing /opt/airflow/dags/dag_gold_dbt.py took 0.184 seconds
[2026-07-03T15:43:06.732+0000] {processor.py:161} INFO - Started process (PID=23478) to work on /opt/airflow/dags/dag_gold_dbt.py
[2026-07-03T15:43:06.734+0000] {processor.py:830} INFO - Processing file /opt/airflow/dags/dag_gold_dbt.py for tasks to queue
[2026-07-03T15:43:06.739+0000] {logging_mixin.py:188} INFO - [2026-07-03T15:43:06.739+0000] {dagbag.py:545} INFO - Filling up the DagBag from /opt/airflow/dags/dag_gold_dbt.py
[2026-07-03T15:43:06.774+0000] {processor.py:840} INFO - DAG(s) 'gold_dbt_dag' retrieved from /opt/airflow/dags/dag_gold_dbt.py
[2026-07-03T15:43:06.830+0000] {logging_mixin.py:188} INFO - [2026-07-03T15:43:06.828+0000] {dag.py:3096} INFO - Sync 1 DAGs
[2026-07-03T15:43:06.859+0000] {logging_mixin.py:188} INFO - [2026-07-03T15:43:06.859+0000] {dag.py:3954} INFO - Setting next_dagrun for gold_dbt_dag to None, run_after=None
[2026-07-03T15:43:06.891+0000] {processor.py:183} INFO - Processing /opt/airflow/dags/dag_gold_dbt.py took 0.170 seconds
[2026-07-03T15:43:37.928+0000] {processor.py:161} INFO - Started process (PID=23513) to work on /opt/airflow/dags/dag_gold_dbt.py
[2026-07-03T15:43:37.931+0000] {processor.py:830} INFO - Processing file /opt/airflow/dags/dag_gold_dbt.py for tasks to queue
[2026-07-03T15:43:37.935+0000] {logging_mixin.py:188} INFO - [2026-07-03T15:43:37.935+0000] {dagbag.py:545} INFO - Filling up the DagBag from /opt/airflow/dags/dag_gold_dbt.py
[2026-07-03T15:43:37.986+0000] {processor.py:840} INFO - DAG(s) 'gold_dbt_dag' retrieved from /opt/airflow/dags/dag_gold_dbt.py
[2026-07-03T15:43:38.048+0000] {logging_mixin.py:188} INFO - [2026-07-03T15:43:38.048+0000] {dag.py:3096} INFO - Sync 1 DAGs
[2026-07-03T15:43:38.081+0000] {logging_mixin.py:188} INFO - [2026-07-03T15:43:38.081+0000] {dag.py:3954} INFO - Setting next_dagrun for gold_dbt_dag to None, run_after=None
[2026-07-03T15:43:38.102+0000] {processor.py:183} INFO - Processing /opt/airflow/dags/dag_gold_dbt.py took 0.198 seconds
[2026-07-03T15:44:09.149+0000] {processor.py:161} INFO - Started process (PID=23551) to work on /opt/airflow/dags/dag_gold_dbt.py
[2026-07-03T15:44:09.153+0000] {processor.py:830} INFO - Processing file /opt/airflow/dags/dag_gold_dbt.py for tasks to queue
[2026-07-03T15:44:09.163+0000] {logging_mixin.py:188} INFO - [2026-07-03T15:44:09.159+0000] {dagbag.py:545} INFO - Filling up the DagBag from /opt/airflow/dags/dag_gold_dbt.py
[2026-07-03T15:44:09.198+0000] {processor.py:840} INFO - DAG(s) 'gold_dbt_dag' retrieved from /opt/airflow/dags/dag_gold_dbt.py
[2026-07-03T15:44:09.264+0000] {logging_mixin.py:188} INFO - [2026-07-03T15:44:09.264+0000] {dag.py:3096} INFO - Sync 1 DAGs
[2026-07-03T15:44:09.300+0000] {logging_mixin.py:188} INFO - [2026-07-03T15:44:09.300+0000] {dag.py:3954} INFO - Setting next_dagrun for gold_dbt_dag to None, run_after=None
[2026-07-03T15:44:09.316+0000] {processor.py:183} INFO - Processing /opt/airflow/dags/dag_gold_dbt.py took 0.182 seconds
[2026-07-03T15:44:39.453+0000] {processor.py:161} INFO - Started process (PID=23586) to work on /opt/airflow/dags/dag_gold_dbt.py
[2026-07-03T15:44:39.457+0000] {processor.py:830} INFO - Processing file /opt/airflow/dags/dag_gold_dbt.py for tasks to queue
[2026-07-03T15:44:39.467+0000] {logging_mixin.py:188} INFO - [2026-07-03T15:44:39.466+0000] {dagbag.py:545} INFO - Filling up the DagBag from /opt/airflow/dags/dag_gold_dbt.py
[2026-07-03T15:44:39.496+0000] {processor.py:840} INFO - DAG(s) 'gold_dbt_dag' retrieved from /opt/airflow/dags/dag_gold_dbt.py
[2026-07-03T15:44:39.549+0000] {logging_mixin.py:188} INFO - [2026-07-03T15:44:39.549+0000] {dag.py:3096} INFO - Sync 1 DAGs
[2026-07-03T15:44:39.571+0000] {logging_mixin.py:188} INFO - [2026-07-03T15:44:39.570+0000] {dag.py:3954} INFO - Setting next_dagrun for gold_dbt_dag to None, run_after=None
[2026-07-03T15:44:39.586+0000] {processor.py:183} INFO - Processing /opt/airflow/dags/dag_gold_dbt.py took 0.157 seconds
[2026-07-03T15:45:10.594+0000] {processor.py:161} INFO - Started process (PID=23623) to work on /opt/airflow/dags/dag_gold_dbt.py
[2026-07-03T15:45:10.595+0000] {processor.py:830} INFO - Processing file /opt/airflow/dags/dag_gold_dbt.py for tasks to queue
[2026-07-03T15:45:10.600+0000] {logging_mixin.py:188} INFO - [2026-07-03T15:45:10.599+0000] {dagbag.py:545} INFO - Filling up the DagBag from /opt/airflow/dags/dag_gold_dbt.py
[2026-07-03T15:45:10.635+0000] {processor.py:840} INFO - DAG(s) 'gold_dbt_dag' retrieved from /opt/airflow/dags/dag_gold_dbt.py
[2026-07-03T15:45:10.689+0000] {logging_mixin.py:188} INFO - [2026-07-03T15:45:10.689+0000] {dag.py:3096} INFO - Sync 1 DAGs
[2026-07-03T15:45:10.720+0000] {logging_mixin.py:188} INFO - [2026-07-03T15:45:10.720+0000] {dag.py:3954} INFO - Setting next_dagrun for gold_dbt_dag to None, run_after=None
[2026-07-03T15:45:10.739+0000] {processor.py:183} INFO - Processing /opt/airflow/dags/dag_gold_dbt.py took 0.157 seconds
[2026-07-03T15:45:41.654+0000] {processor.py:161} INFO - Started process (PID=23660) to work on /opt/airflow/dags/dag_gold_dbt.py
[2026-07-03T15:45:41.658+0000] {processor.py:830} INFO - Processing file /opt/airflow/dags/dag_gold_dbt.py for tasks to queue
[2026-07-03T15:45:41.662+0000] {logging_mixin.py:188} INFO - [2026-07-03T15:45:41.662+0000] {dagbag.py:545} INFO - Filling up the DagBag from /opt/airflow/dags/dag_gold_dbt.py
[2026-07-03T15:45:41.684+0000] {processor.py:840} INFO - DAG(s) 'gold_dbt_dag' retrieved from /opt/airflow/dags/dag_gold_dbt.py
[2026-07-03T15:45:41.732+0000] {logging_mixin.py:188} INFO - [2026-07-03T15:45:41.732+0000] {dag.py:3096} INFO - Sync 1 DAGs
[2026-07-03T15:45:41.763+0000] {logging_mixin.py:188} INFO - [2026-07-03T15:45:41.763+0000] {dag.py:3954} INFO - Setting next_dagrun for gold_dbt_dag to None, run_after=None
[2026-07-03T15:45:41.782+0000] {processor.py:183} INFO - Processing /opt/airflow/dags/dag_gold_dbt.py took 0.146 seconds
[2026-07-03T15:46:12.664+0000] {processor.py:161} INFO - Started process (PID=23697) to work on /opt/airflow/dags/dag_gold_dbt.py
[2026-07-03T15:46:12.666+0000] {processor.py:830} INFO - Processing file /opt/airflow/dags/dag_gold_dbt.py for tasks to queue
[2026-07-03T15:46:12.669+0000] {logging_mixin.py:188} INFO - [2026-07-03T15:46:12.668+0000] {dagbag.py:545} INFO - Filling up the DagBag from /opt/airflow/dags/dag_gold_dbt.py
[2026-07-03T15:46:12.695+0000] {processor.py:840} INFO - DAG(s) 'gold_dbt_dag' retrieved from /opt/airflow/dags/dag_gold_dbt.py
[2026-07-03T15:46:12.731+0000] {logging_mixin.py:188} INFO - [2026-07-03T15:46:12.731+0000] {dag.py:3096} INFO - Sync 1 DAGs
[2026-07-03T15:46:12.756+0000] {logging_mixin.py:188} INFO - [2026-07-03T15:46:12.756+0000] {dag.py:3954} INFO - Setting next_dagrun for gold_dbt_dag to None, run_after=None
[2026-07-03T15:46:12.774+0000] {processor.py:183} INFO - Processing /opt/airflow/dags/dag_gold_dbt.py took 0.124 seconds
[2026-07-03T15:46:43.700+0000] {processor.py:161} INFO - Started process (PID=23734) to work on /opt/airflow/dags/dag_gold_dbt.py
[2026-07-03T15:46:43.702+0000] {processor.py:830} INFO - Processing file /opt/airflow/dags/dag_gold_dbt.py for tasks to queue
[2026-07-03T15:46:43.715+0000] {logging_mixin.py:188} INFO - [2026-07-03T15:46:43.714+0000] {dagbag.py:545} INFO - Filling up the DagBag from /opt/airflow/dags/dag_gold_dbt.py
[2026-07-03T15:46:43.750+0000] {processor.py:840} INFO - DAG(s) 'gold_dbt_dag' retrieved from /opt/airflow/dags/dag_gold_dbt.py
[2026-07-03T15:46:43.807+0000] {logging_mixin.py:188} INFO - [2026-07-03T15:46:43.807+0000] {dag.py:3096} INFO - Sync 1 DAGs
[2026-07-03T15:46:43.840+0000] {logging_mixin.py:188} INFO - [2026-07-03T15:46:43.840+0000] {dag.py:3954} INFO - Setting next_dagrun for gold_dbt_dag to None, run_after=None
[2026-07-03T15:46:43.865+0000] {processor.py:183} INFO - Processing /opt/airflow/dags/dag_gold_dbt.py took 0.183 seconds
[2026-07-03T15:47:13.988+0000] {processor.py:161} INFO - Started process (PID=23771) to work on /opt/airflow/dags/dag_gold_dbt.py
[2026-07-03T15:47:13.990+0000] {processor.py:830} INFO - Processing file /opt/airflow/dags/dag_gold_dbt.py for tasks to queue
[2026-07-03T15:47:13.994+0000] {logging_mixin.py:188} INFO - [2026-07-03T15:47:13.993+0000] {dagbag.py:545} INFO - Filling up the DagBag from /opt/airflow/dags/dag_gold_dbt.py
[2026-07-03T15:47:14.021+0000] {processor.py:840} INFO - DAG(s) 'gold_dbt_dag' retrieved from /opt/airflow/dags/dag_gold_dbt.py
[2026-07-03T15:47:14.064+0000] {logging_mixin.py:188} INFO - [2026-07-03T15:47:14.064+0000] {dag.py:3096} INFO - Sync 1 DAGs
[2026-07-03T15:47:14.098+0000] {logging_mixin.py:188} INFO - [2026-07-03T15:47:14.098+0000] {dag.py:3954} INFO - Setting next_dagrun for gold_dbt_dag to None, run_after=None
[2026-07-03T15:47:14.124+0000] {processor.py:183} INFO - Processing /opt/airflow/dags/dag_gold_dbt.py took 0.147 seconds
[2026-07-03T15:47:44.283+0000] {processor.py:161} INFO - Started process (PID=23808) to work on /opt/airflow/dags/dag_gold_dbt.py
[2026-07-03T15:47:44.287+0000] {processor.py:830} INFO - Processing file /opt/airflow/dags/dag_gold_dbt.py for tasks to queue
[2026-07-03T15:47:44.292+0000] {logging_mixin.py:188} INFO - [2026-07-03T15:47:44.290+0000] {dagbag.py:545} INFO - Filling up the DagBag from /opt/airflow/dags/dag_gold_dbt.py
[2026-07-03T15:47:44.319+0000] {processor.py:840} INFO - DAG(s) 'gold_dbt_dag' retrieved from /opt/airflow/dags/dag_gold_dbt.py
[2026-07-03T15:47:44.358+0000] {logging_mixin.py:188} INFO - [2026-07-03T15:47:44.358+0000] {dag.py:3096} INFO - Sync 1 DAGs
[2026-07-03T15:47:44.376+0000] {logging_mixin.py:188} INFO - [2026-07-03T15:47:44.376+0000] {dag.py:3954} INFO - Setting next_dagrun for gold_dbt_dag to None, run_after=None
[2026-07-03T15:47:44.399+0000] {processor.py:183} INFO - Processing /opt/airflow/dags/dag_gold_dbt.py took 0.133 seconds
[2026-07-03T15:48:15.255+0000] {processor.py:161} INFO - Started process (PID=23845) to work on /opt/airflow/dags/dag_gold_dbt.py
[2026-07-03T15:48:15.256+0000] {processor.py:830} INFO - Processing file /opt/airflow/dags/dag_gold_dbt.py for tasks to queue
[2026-07-03T15:48:15.259+0000] {logging_mixin.py:188} INFO - [2026-07-03T15:48:15.259+0000] {dagbag.py:545} INFO - Filling up the DagBag from /opt/airflow/dags/dag_gold_dbt.py
[2026-07-03T15:48:15.279+0000] {processor.py:840} INFO - DAG(s) 'gold_dbt_dag' retrieved from /opt/airflow/dags/dag_gold_dbt.py
[2026-07-03T15:48:15.320+0000] {logging_mixin.py:188} INFO - [2026-07-03T15:48:15.320+0000] {dag.py:3096} INFO - Sync 1 DAGs
[2026-07-03T15:48:15.340+0000] {logging_mixin.py:188} INFO - [2026-07-03T15:48:15.340+0000] {dag.py:3954} INFO - Setting next_dagrun for gold_dbt_dag to None, run_after=None
[2026-07-03T15:48:15.361+0000] {processor.py:183} INFO - Processing /opt/airflow/dags/dag_gold_dbt.py took 0.116 seconds
[2026-07-03T15:48:46.309+0000] {processor.py:161} INFO - Started process (PID=23882) to work on /opt/airflow/dags/dag_gold_dbt.py
[2026-07-03T15:48:46.312+0000] {processor.py:830} INFO - Processing file /opt/airflow/dags/dag_gold_dbt.py for tasks to queue
[2026-07-03T15:48:46.315+0000] {logging_mixin.py:188} INFO - [2026-07-03T15:48:46.315+0000] {dagbag.py:545} INFO - Filling up the DagBag from /opt/airflow/dags/dag_gold_dbt.py
[2026-07-03T15:48:46.342+0000] {processor.py:840} INFO - DAG(s) 'gold_dbt_dag' retrieved from /opt/airflow/dags/dag_gold_dbt.py
[2026-07-03T15:48:46.389+0000] {logging_mixin.py:188} INFO - [2026-07-03T15:48:46.389+0000] {dag.py:3096} INFO - Sync 1 DAGs
[2026-07-03T15:48:46.413+0000] {logging_mixin.py:188} INFO - [2026-07-03T15:48:46.413+0000] {dag.py:3954} INFO - Setting next_dagrun for gold_dbt_dag to None, run_after=None
[2026-07-03T15:48:46.433+0000] {processor.py:183} INFO - Processing /opt/airflow/dags/dag_gold_dbt.py took 0.136 seconds
[2026-07-03T15:49:17.333+0000] {processor.py:161} INFO - Started process (PID=23919) to work on /opt/airflow/dags/dag_gold_dbt.py
[2026-07-03T15:49:17.336+0000] {processor.py:830} INFO - Processing file /opt/airflow/dags/dag_gold_dbt.py for tasks to queue
[2026-07-03T15:49:17.343+0000] {logging_mixin.py:188} INFO - [2026-07-03T15:49:17.342+0000] {dagbag.py:545} INFO - Filling up the DagBag from /opt/airflow/dags/dag_gold_dbt.py
[2026-07-03T15:49:17.373+0000] {processor.py:840} INFO - DAG(s) 'gold_dbt_dag' retrieved from /opt/airflow/dags/dag_gold_dbt.py
[2026-07-03T15:49:17.413+0000] {logging_mixin.py:188} INFO - [2026-07-03T15:49:17.413+0000] {dag.py:3096} INFO - Sync 1 DAGs
[2026-07-03T15:49:17.437+0000] {logging_mixin.py:188} INFO - [2026-07-03T15:49:17.437+0000] {dag.py:3954} INFO - Setting next_dagrun for gold_dbt_dag to None, run_after=None
[2026-07-03T15:49:17.458+0000] {processor.py:183} INFO - Processing /opt/airflow/dags/dag_gold_dbt.py took 0.142 seconds
[2026-07-03T15:49:48.493+0000] {processor.py:161} INFO - Started process (PID=23956) to work on /opt/airflow/dags/dag_gold_dbt.py
[2026-07-03T15:49:48.495+0000] {processor.py:830} INFO - Processing file /opt/airflow/dags/dag_gold_dbt.py for tasks to queue
[2026-07-03T15:49:48.498+0000] {logging_mixin.py:188} INFO - [2026-07-03T15:49:48.497+0000] {dagbag.py:545} INFO - Filling up the DagBag from /opt/airflow/dags/dag_gold_dbt.py
[2026-07-03T15:49:48.528+0000] {processor.py:840} INFO - DAG(s) 'gold_dbt_dag' retrieved from /opt/airflow/dags/dag_gold_dbt.py
[2026-07-03T15:49:48.588+0000] {logging_mixin.py:188} INFO - [2026-07-03T15:49:48.588+0000] {dag.py:3096} INFO - Sync 1 DAGs
[2026-07-03T15:49:48.619+0000] {logging_mixin.py:188} INFO - [2026-07-03T15:49:48.619+0000] {dag.py:3954} INFO - Setting next_dagrun for gold_dbt_dag to None, run_after=None
[2026-07-03T15:49:48.646+0000] {processor.py:183} INFO - Processing /opt/airflow/dags/dag_gold_dbt.py took 0.162 seconds
[2026-07-03T15:50:19.491+0000] {processor.py:161} INFO - Started process (PID=23993) to work on /opt/airflow/dags/dag_gold_dbt.py
[2026-07-03T15:50:19.494+0000] {processor.py:830} INFO - Processing file /opt/airflow/dags/dag_gold_dbt.py for tasks to queue
[2026-07-03T15:50:19.497+0000] {logging_mixin.py:188} INFO - [2026-07-03T15:50:19.496+0000] {dagbag.py:545} INFO - Filling up the DagBag from /opt/airflow/dags/dag_gold_dbt.py
[2026-07-03T15:50:19.519+0000] {processor.py:840} INFO - DAG(s) 'gold_dbt_dag' retrieved from /opt/airflow/dags/dag_gold_dbt.py
[2026-07-03T15:50:19.552+0000] {logging_mixin.py:188} INFO - [2026-07-03T15:50:19.552+0000] {dag.py:3096} INFO - Sync 1 DAGs
[2026-07-03T15:50:19.570+0000] {logging_mixin.py:188} INFO - [2026-07-03T15:50:19.570+0000] {dag.py:3954} INFO - Setting next_dagrun for gold_dbt_dag to None, run_after=None
[2026-07-03T15:50:19.590+0000] {processor.py:183} INFO - Processing /opt/airflow/dags/dag_gold_dbt.py took 0.107 seconds
[2026-07-03T15:50:50.703+0000] {processor.py:161} INFO - Started process (PID=24030) to work on /opt/airflow/dags/dag_gold_dbt.py
[2026-07-03T15:50:50.705+0000] {processor.py:830} INFO - Processing file /opt/airflow/dags/dag_gold_dbt.py for tasks to queue
[2026-07-03T15:50:50.708+0000] {logging_mixin.py:188} INFO - [2026-07-03T15:50:50.708+0000] {dagbag.py:545} INFO - Filling up the DagBag from /opt/airflow/dags/dag_gold_dbt.py
[2026-07-03T15:50:50.737+0000] {processor.py:840} INFO - DAG(s) 'gold_dbt_dag' retrieved from /opt/airflow/dags/dag_gold_dbt.py
[2026-07-03T15:50:50.783+0000] {logging_mixin.py:188} INFO - [2026-07-03T15:50:50.783+0000] {dag.py:3096} INFO - Sync 1 DAGs
[2026-07-03T15:50:50.812+0000] {logging_mixin.py:188} INFO - [2026-07-03T15:50:50.812+0000] {dag.py:3954} INFO - Setting next_dagrun for gold_dbt_dag to None, run_after=None
[2026-07-03T15:50:50.831+0000] {processor.py:183} INFO - Processing /opt/airflow/dags/dag_gold_dbt.py took 0.147 seconds
[2026-07-03T15:51:21.954+0000] {processor.py:161} INFO - Started process (PID=24067) to work on /opt/airflow/dags/dag_gold_dbt.py
[2026-07-03T15:51:21.963+0000] {processor.py:830} INFO - Processing file /opt/airflow/dags/dag_gold_dbt.py for tasks to queue
[2026-07-03T15:51:21.980+0000] {logging_mixin.py:188} INFO - [2026-07-03T15:51:21.978+0000] {dagbag.py:545} INFO - Filling up the DagBag from /opt/airflow/dags/dag_gold_dbt.py
[2026-07-03T15:51:22.044+0000] {processor.py:840} INFO - DAG(s) 'gold_dbt_dag' retrieved from /opt/airflow/dags/dag_gold_dbt.py
[2026-07-03T15:51:22.154+0000] {logging_mixin.py:188} INFO - [2026-07-03T15:51:22.153+0000] {dag.py:3096} INFO - Sync 1 DAGs
[2026-07-03T15:51:22.261+0000] {logging_mixin.py:188} INFO - [2026-07-03T15:51:22.259+0000] {dag.py:3954} INFO - Setting next_dagrun for gold_dbt_dag to None, run_after=None
[2026-07-03T15:51:22.319+0000] {processor.py:183} INFO - Processing /opt/airflow/dags/dag_gold_dbt.py took 0.400 seconds
[2026-07-03T16:07:20.985+0000] {processor.py:161} INFO - Started process (PID=24084) to work on /opt/airflow/dags/dag_gold_dbt.py
[2026-07-03T16:07:20.986+0000] {processor.py:830} INFO - Processing file /opt/airflow/dags/dag_gold_dbt.py for tasks to queue
[2026-07-03T16:07:20.989+0000] {logging_mixin.py:188} INFO - [2026-07-03T16:07:20.988+0000] {dagbag.py:545} INFO - Filling up the DagBag from /opt/airflow/dags/dag_gold_dbt.py
[2026-07-03T16:07:20.996+0000] {processor.py:840} INFO - DAG(s) 'gold_dbt_dag' retrieved from /opt/airflow/dags/dag_gold_dbt.py
[2026-07-03T16:07:21.020+0000] {logging_mixin.py:188} INFO - [2026-07-03T16:07:21.019+0000] {dag.py:3096} INFO - Sync 1 DAGs
[2026-07-03T16:07:21.037+0000] {logging_mixin.py:188} INFO - [2026-07-03T16:07:21.037+0000] {dag.py:3954} INFO - Setting next_dagrun for gold_dbt_dag to None, run_after=None
[2026-07-03T16:07:21.053+0000] {processor.py:183} INFO - Processing /opt/airflow/dags/dag_gold_dbt.py took 0.071 seconds
[2026-07-03T17:29:35.530+0000] {processor.py:161} INFO - Started process (PID=24699) to work on /opt/airflow/dags/dag_gold_dbt.py
[2026-07-03T17:29:35.531+0000] {processor.py:830} INFO - Processing file /opt/airflow/dags/dag_gold_dbt.py for tasks to queue
[2026-07-03T17:29:35.534+0000] {logging_mixin.py:188} INFO - [2026-07-03T17:29:35.533+0000] {dagbag.py:545} INFO - Filling up the DagBag from /opt/airflow/dags/dag_gold_dbt.py
[2026-07-03T17:29:35.571+0000] {processor.py:840} INFO - DAG(s) 'gold_dbt_dag' retrieved from /opt/airflow/dags/dag_gold_dbt.py
[2026-07-03T17:29:35.605+0000] {logging_mixin.py:188} INFO - [2026-07-03T17:29:35.604+0000] {dag.py:3096} INFO - Sync 1 DAGs
[2026-07-03T17:29:35.622+0000] {logging_mixin.py:188} INFO - [2026-07-03T17:29:35.622+0000] {dag.py:3954} INFO - Setting next_dagrun for gold_dbt_dag to None, run_after=None
[2026-07-03T17:29:35.636+0000] {processor.py:183} INFO - Processing /opt/airflow/dags/dag_gold_dbt.py took 0.115 seconds
[2026-07-03T18:24:50.042+0000] {processor.py:161} INFO - Started process (PID=25296) to work on /opt/airflow/dags/dag_gold_dbt.py
[2026-07-03T18:24:50.043+0000] {processor.py:830} INFO - Processing file /opt/airflow/dags/dag_gold_dbt.py for tasks to queue
[2026-07-03T18:24:50.045+0000] {logging_mixin.py:188} INFO - [2026-07-03T18:24:50.045+0000] {dagbag.py:545} INFO - Filling up the DagBag from /opt/airflow/dags/dag_gold_dbt.py
[2026-07-03T18:24:50.061+0000] {processor.py:840} INFO - DAG(s) 'gold_dbt_dag' retrieved from /opt/airflow/dags/dag_gold_dbt.py
[2026-07-03T18:24:50.087+0000] {logging_mixin.py:188} INFO - [2026-07-03T18:24:50.087+0000] {dag.py:3096} INFO - Sync 1 DAGs
[2026-07-03T18:24:50.103+0000] {logging_mixin.py:188} INFO - [2026-07-03T18:24:50.103+0000] {dag.py:3954} INFO - Setting next_dagrun for gold_dbt_dag to None, run_after=None
[2026-07-03T18:24:50.115+0000] {processor.py:183} INFO - Processing /opt/airflow/dags/dag_gold_dbt.py took 0.081 seconds
[2026-07-03T18:24:54.326+0000] {processor.py:161} INFO - Started process (PID=25468) to work on /opt/airflow/dags/dag_gold_dbt.py
[2026-07-03T18:24:54.327+0000] {processor.py:830} INFO - Processing file /opt/airflow/dags/dag_gold_dbt.py for tasks to queue
[2026-07-03T18:24:54.328+0000] {logging_mixin.py:188} INFO - [2026-07-03T18:24:54.327+0000] {dagbag.py:545} INFO - Filling up the DagBag from /opt/airflow/dags/dag_gold_dbt.py
[2026-07-03T18:24:54.353+0000] {processor.py:840} INFO - DAG(s) 'gold_dbt_dag' retrieved from /opt/airflow/dags/dag_gold_dbt.py
[2026-07-03T18:24:54.395+0000] {logging_mixin.py:188} INFO - [2026-07-03T18:24:54.395+0000] {taskinstance.py:2907} ERROR - {'DAG Id': 'gold_dbt_dag', 'Task Id': 'trigger_dbt_build', 'Run Id': 'dataset_triggered__2026-07-03T17:29:49.131309+00:00', 'Hostname': 'bd23e89d97be'}
[2026-07-03T18:24:54.415+0000] {logging_mixin.py:188} INFO - [2026-07-03T18:24:54.415+0000] {taskinstance.py:1206} INFO - Marking task as UP_FOR_RETRY. dag_id=gold_dbt_dag, task_id=trigger_dbt_build, run_id=dataset_triggered__2026-07-03T17:29:49.131309+00:00, execution_date=20260703T172949, start_date=20260703T172949, end_date=20260703T182454
[2026-07-03T18:24:54.427+0000] {processor.py:791} INFO - Executed failure callback for <TaskInstance: gold_dbt_dag.trigger_dbt_build dataset_triggered__2026-07-03T17:29:49.131309+00:00 [up_for_retry]> in state up_for_retry
[2026-07-03T18:24:54.446+0000] {logging_mixin.py:188} INFO - [2026-07-03T18:24:54.446+0000] {dag.py:3096} INFO - Sync 1 DAGs
[2026-07-03T18:24:54.457+0000] {logging_mixin.py:188} INFO - [2026-07-03T18:24:54.457+0000] {dag.py:3954} INFO - Setting next_dagrun for gold_dbt_dag to None, run_after=None
[2026-07-03T18:24:54.474+0000] {processor.py:183} INFO - Processing /opt/airflow/dags/dag_gold_dbt.py took 0.168 seconds
[2026-07-03T19:46:21.309+0000] {processor.py:161} INFO - Started process (PID=25909) to work on /opt/airflow/dags/dag_gold_dbt.py
[2026-07-03T19:46:21.311+0000] {processor.py:830} INFO - Processing file /opt/airflow/dags/dag_gold_dbt.py for tasks to queue
[2026-07-03T19:46:21.312+0000] {logging_mixin.py:188} INFO - [2026-07-03T19:46:21.312+0000] {dagbag.py:545} INFO - Filling up the DagBag from /opt/airflow/dags/dag_gold_dbt.py
[2026-07-03T19:46:21.331+0000] {processor.py:840} INFO - DAG(s) 'gold_dbt_dag' retrieved from /opt/airflow/dags/dag_gold_dbt.py
[2026-07-03T19:46:21.363+0000] {logging_mixin.py:188} INFO - [2026-07-03T19:46:21.363+0000] {dag.py:3096} INFO - Sync 1 DAGs
[2026-07-03T19:46:21.381+0000] {logging_mixin.py:188} INFO - [2026-07-03T19:46:21.380+0000] {dag.py:3954} INFO - Setting next_dagrun for gold_dbt_dag to None, run_after=None
[2026-07-03T19:46:21.394+0000] {processor.py:183} INFO - Processing /opt/airflow/dags/dag_gold_dbt.py took 0.104 seconds
[2026-07-03T21:00:51.414+0000] {processor.py:161} INFO - Started process (PID=26514) to work on /opt/airflow/dags/dag_gold_dbt.py
[2026-07-03T21:00:51.415+0000] {processor.py:830} INFO - Processing file /opt/airflow/dags/dag_gold_dbt.py for tasks to queue
[2026-07-03T21:00:51.415+0000] {logging_mixin.py:188} INFO - [2026-07-03T21:00:51.415+0000] {dagbag.py:545} INFO - Filling up the DagBag from /opt/airflow/dags/dag_gold_dbt.py
[2026-07-03T21:00:51.432+0000] {processor.py:840} INFO - DAG(s) 'gold_dbt_dag' retrieved from /opt/airflow/dags/dag_gold_dbt.py
[2026-07-03T21:00:51.467+0000] {logging_mixin.py:188} INFO - [2026-07-03T21:00:51.467+0000] {dag.py:3096} INFO - Sync 1 DAGs
[2026-07-03T21:00:51.487+0000] {logging_mixin.py:188} INFO - [2026-07-03T21:00:51.486+0000] {dag.py:3954} INFO - Setting next_dagrun for gold_dbt_dag to None, run_after=None
[2026-07-03T21:00:51.504+0000] {processor.py:183} INFO - Processing /opt/airflow/dags/dag_gold_dbt.py took 0.095 seconds
[2026-07-03T22:07:50.057+0000] {processor.py:161} INFO - Started process (PID=27111) to work on /opt/airflow/dags/dag_gold_dbt.py
[2026-07-03T22:07:50.058+0000] {processor.py:830} INFO - Processing file /opt/airflow/dags/dag_gold_dbt.py for tasks to queue
[2026-07-03T22:07:50.059+0000] {logging_mixin.py:188} INFO - [2026-07-03T22:07:50.058+0000] {dagbag.py:545} INFO - Filling up the DagBag from /opt/airflow/dags/dag_gold_dbt.py
[2026-07-03T22:07:50.072+0000] {processor.py:840} INFO - DAG(s) 'gold_dbt_dag' retrieved from /opt/airflow/dags/dag_gold_dbt.py
[2026-07-03T22:07:50.104+0000] {logging_mixin.py:188} INFO - [2026-07-03T22:07:50.104+0000] {dag.py:3096} INFO - Sync 1 DAGs
[2026-07-03T22:07:50.120+0000] {logging_mixin.py:188} INFO - [2026-07-03T22:07:50.120+0000] {dag.py:3954} INFO - Setting next_dagrun for gold_dbt_dag to None, run_after=None
[2026-07-03T22:07:50.143+0000] {processor.py:183} INFO - Processing /opt/airflow/dags/dag_gold_dbt.py took 0.090 seconds
[2026-07-03T23:30:29.851+0000] {processor.py:161} INFO - Started process (PID=27719) to work on /opt/airflow/dags/dag_gold_dbt.py
[2026-07-03T23:30:29.855+0000] {processor.py:830} INFO - Processing file /opt/airflow/dags/dag_gold_dbt.py for tasks to queue
[2026-07-03T23:30:29.856+0000] {logging_mixin.py:188} INFO - [2026-07-03T23:30:29.855+0000] {dagbag.py:545} INFO - Filling up the DagBag from /opt/airflow/dags/dag_gold_dbt.py
[2026-07-03T23:30:29.869+0000] {processor.py:840} INFO - DAG(s) 'gold_dbt_dag' retrieved from /opt/airflow/dags/dag_gold_dbt.py
[2026-07-03T23:30:29.904+0000] {logging_mixin.py:188} INFO - [2026-07-03T23:30:29.903+0000] {dag.py:3096} INFO - Sync 1 DAGs
[2026-07-03T23:30:29.920+0000] {logging_mixin.py:188} INFO - [2026-07-03T23:30:29.920+0000] {dag.py:3954} INFO - Setting next_dagrun for gold_dbt_dag to None, run_after=None
[2026-07-03T23:30:29.934+0000] {processor.py:183} INFO - Processing /opt/airflow/dags/dag_gold_dbt.py took 0.089 seconds
