[2026-07-12T00:34:11.294+0000] {processor.py:161} INFO - Started process (PID=9121) to work on /opt/airflow/dags/pipeline_datasets.py
[2026-07-12T00:34:11.295+0000] {processor.py:830} INFO - Processing file /opt/airflow/dags/pipeline_datasets.py for tasks to queue
[2026-07-12T00:34:11.296+0000] {logging_mixin.py:188} INFO - [2026-07-12T00:34:11.296+0000] {dagbag.py:545} INFO - Filling up the DagBag from /opt/airflow/dags/pipeline_datasets.py
[2026-07-12T00:34:11.300+0000] {processor.py:842} WARNING - No viable dags retrieved from /opt/airflow/dags/pipeline_datasets.py
[2026-07-12T00:34:11.309+0000] {processor.py:183} INFO - Processing /opt/airflow/dags/pipeline_datasets.py took 0.019 seconds
[2026-07-12T01:15:53.727+0000] {processor.py:161} INFO - Started process (PID=9726) to work on /opt/airflow/dags/pipeline_datasets.py
[2026-07-12T01:15:53.728+0000] {processor.py:830} INFO - Processing file /opt/airflow/dags/pipeline_datasets.py for tasks to queue
[2026-07-12T01:15:53.729+0000] {logging_mixin.py:188} INFO - [2026-07-12T01:15:53.729+0000] {dagbag.py:545} INFO - Filling up the DagBag from /opt/airflow/dags/pipeline_datasets.py
[2026-07-12T01:15:53.731+0000] {processor.py:842} WARNING - No viable dags retrieved from /opt/airflow/dags/pipeline_datasets.py
[2026-07-12T01:15:53.737+0000] {processor.py:183} INFO - Processing /opt/airflow/dags/pipeline_datasets.py took 0.013 seconds
[2026-07-12T02:16:59.990+0000] {processor.py:161} INFO - Started process (PID=10391) to work on /opt/airflow/dags/pipeline_datasets.py
[2026-07-12T02:16:59.991+0000] {processor.py:830} INFO - Processing file /opt/airflow/dags/pipeline_datasets.py for tasks to queue
[2026-07-12T02:16:59.993+0000] {logging_mixin.py:188} INFO - [2026-07-12T02:16:59.993+0000] {dagbag.py:545} INFO - Filling up the DagBag from /opt/airflow/dags/pipeline_datasets.py
[2026-07-12T02:16:59.999+0000] {processor.py:842} WARNING - No viable dags retrieved from /opt/airflow/dags/pipeline_datasets.py
[2026-07-12T02:17:00.017+0000] {processor.py:183} INFO - Processing /opt/airflow/dags/pipeline_datasets.py took 0.035 seconds
[2026-07-12T03:17:55.321+0000] {processor.py:161} INFO - Started process (PID=11001) to work on /opt/airflow/dags/pipeline_datasets.py
[2026-07-12T03:17:55.322+0000] {processor.py:830} INFO - Processing file /opt/airflow/dags/pipeline_datasets.py for tasks to queue
[2026-07-12T03:17:55.322+0000] {logging_mixin.py:188} INFO - [2026-07-12T03:17:55.322+0000] {dagbag.py:545} INFO - Filling up the DagBag from /opt/airflow/dags/pipeline_datasets.py
[2026-07-12T03:17:55.324+0000] {processor.py:842} WARNING - No viable dags retrieved from /opt/airflow/dags/pipeline_datasets.py
[2026-07-12T03:17:55.329+0000] {processor.py:183} INFO - Processing /opt/airflow/dags/pipeline_datasets.py took 0.010 seconds
[2026-07-12T04:34:54.854+0000] {processor.py:161} INFO - Started process (PID=11631) to work on /opt/airflow/dags/pipeline_datasets.py
[2026-07-12T04:34:54.856+0000] {processor.py:830} INFO - Processing file /opt/airflow/dags/pipeline_datasets.py for tasks to queue
[2026-07-12T04:34:54.857+0000] {logging_mixin.py:188} INFO - [2026-07-12T04:34:54.857+0000] {dagbag.py:545} INFO - Filling up the DagBag from /opt/airflow/dags/pipeline_datasets.py
[2026-07-12T04:34:54.860+0000] {processor.py:842} WARNING - No viable dags retrieved from /opt/airflow/dags/pipeline_datasets.py
[2026-07-12T04:34:54.869+0000] {processor.py:183} INFO - Processing /opt/airflow/dags/pipeline_datasets.py took 0.017 seconds
[2026-07-12T05:32:24.193+0000] {processor.py:161} INFO - Started process (PID=12271) to work on /opt/airflow/dags/pipeline_datasets.py
[2026-07-12T05:32:24.193+0000] {processor.py:830} INFO - Processing file /opt/airflow/dags/pipeline_datasets.py for tasks to queue
[2026-07-12T05:32:24.195+0000] {logging_mixin.py:188} INFO - [2026-07-12T05:32:24.195+0000] {dagbag.py:545} INFO - Filling up the DagBag from /opt/airflow/dags/pipeline_datasets.py
[2026-07-12T05:32:24.198+0000] {processor.py:842} WARNING - No viable dags retrieved from /opt/airflow/dags/pipeline_datasets.py
[2026-07-12T05:32:24.204+0000] {processor.py:183} INFO - Processing /opt/airflow/dags/pipeline_datasets.py took 0.015 seconds
[2026-07-12T06:53:46.329+0000] {processor.py:161} INFO - Started process (PID=12906) to work on /opt/airflow/dags/pipeline_datasets.py
[2026-07-12T06:53:46.329+0000] {processor.py:830} INFO - Processing file /opt/airflow/dags/pipeline_datasets.py for tasks to queue
[2026-07-12T06:53:46.330+0000] {logging_mixin.py:188} INFO - [2026-07-12T06:53:46.330+0000] {dagbag.py:545} INFO - Filling up the DagBag from /opt/airflow/dags/pipeline_datasets.py
[2026-07-12T06:53:46.332+0000] {processor.py:842} WARNING - No viable dags retrieved from /opt/airflow/dags/pipeline_datasets.py
[2026-07-12T06:53:46.337+0000] {processor.py:183} INFO - Processing /opt/airflow/dags/pipeline_datasets.py took 0.012 seconds
[2026-07-12T08:12:42.261+0000] {processor.py:161} INFO - Started process (PID=13551) to work on /opt/airflow/dags/pipeline_datasets.py
[2026-07-12T08:12:42.262+0000] {processor.py:830} INFO - Processing file /opt/airflow/dags/pipeline_datasets.py for tasks to queue
[2026-07-12T08:12:42.263+0000] {logging_mixin.py:188} INFO - [2026-07-12T08:12:42.263+0000] {dagbag.py:545} INFO - Filling up the DagBag from /opt/airflow/dags/pipeline_datasets.py
[2026-07-12T08:12:42.267+0000] {processor.py:842} WARNING - No viable dags retrieved from /opt/airflow/dags/pipeline_datasets.py
[2026-07-12T08:12:42.283+0000] {processor.py:183} INFO - Processing /opt/airflow/dags/pipeline_datasets.py took 0.027 seconds
[2026-07-12T09:23:58.991+0000] {processor.py:161} INFO - Started process (PID=14178) to work on /opt/airflow/dags/pipeline_datasets.py
[2026-07-12T09:23:58.992+0000] {processor.py:830} INFO - Processing file /opt/airflow/dags/pipeline_datasets.py for tasks to queue
[2026-07-12T09:23:58.993+0000] {logging_mixin.py:188} INFO - [2026-07-12T09:23:58.992+0000] {dagbag.py:545} INFO - Filling up the DagBag from /opt/airflow/dags/pipeline_datasets.py
[2026-07-12T09:23:58.995+0000] {processor.py:842} WARNING - No viable dags retrieved from /opt/airflow/dags/pipeline_datasets.py
[2026-07-12T09:23:59.000+0000] {processor.py:183} INFO - Processing /opt/airflow/dags/pipeline_datasets.py took 0.012 seconds
[2026-07-12T10:24:54.584+0000] {processor.py:161} INFO - Started process (PID=14809) to work on /opt/airflow/dags/pipeline_datasets.py
[2026-07-12T10:24:54.585+0000] {processor.py:830} INFO - Processing file /opt/airflow/dags/pipeline_datasets.py for tasks to queue
[2026-07-12T10:24:54.588+0000] {logging_mixin.py:188} INFO - [2026-07-12T10:24:54.588+0000] {dagbag.py:545} INFO - Filling up the DagBag from /opt/airflow/dags/pipeline_datasets.py
[2026-07-12T10:24:54.591+0000] {processor.py:842} WARNING - No viable dags retrieved from /opt/airflow/dags/pipeline_datasets.py
[2026-07-12T10:24:54.600+0000] {processor.py:183} INFO - Processing /opt/airflow/dags/pipeline_datasets.py took 0.019 seconds
[2026-07-12T11:26:00.725+0000] {processor.py:161} INFO - Started process (PID=15440) to work on /opt/airflow/dags/pipeline_datasets.py
[2026-07-12T11:26:00.726+0000] {processor.py:830} INFO - Processing file /opt/airflow/dags/pipeline_datasets.py for tasks to queue
[2026-07-12T11:26:00.728+0000] {logging_mixin.py:188} INFO - [2026-07-12T11:26:00.727+0000] {dagbag.py:545} INFO - Filling up the DagBag from /opt/airflow/dags/pipeline_datasets.py
[2026-07-12T11:26:00.740+0000] {processor.py:842} WARNING - No viable dags retrieved from /opt/airflow/dags/pipeline_datasets.py
[2026-07-12T11:26:00.750+0000] {processor.py:183} INFO - Processing /opt/airflow/dags/pipeline_datasets.py took 0.033 seconds
[2026-07-12T11:43:26.631+0000] {processor.py:161} INFO - Started process (PID=16033) to work on /opt/airflow/dags/pipeline_datasets.py
[2026-07-12T11:43:26.632+0000] {processor.py:830} INFO - Processing file /opt/airflow/dags/pipeline_datasets.py for tasks to queue
[2026-07-12T11:43:26.633+0000] {logging_mixin.py:188} INFO - [2026-07-12T11:43:26.632+0000] {dagbag.py:545} INFO - Filling up the DagBag from /opt/airflow/dags/pipeline_datasets.py
[2026-07-12T11:43:26.634+0000] {processor.py:842} WARNING - No viable dags retrieved from /opt/airflow/dags/pipeline_datasets.py
[2026-07-12T11:43:26.640+0000] {processor.py:183} INFO - Processing /opt/airflow/dags/pipeline_datasets.py took 0.011 seconds
[2026-07-12T11:44:48.695+0000] {processor.py:161} INFO - Started process (PID=16070) to work on /opt/airflow/dags/pipeline_datasets.py
[2026-07-12T11:44:48.696+0000] {processor.py:830} INFO - Processing file /opt/airflow/dags/pipeline_datasets.py for tasks to queue
[2026-07-12T11:44:48.699+0000] {logging_mixin.py:188} INFO - [2026-07-12T11:44:48.698+0000] {dagbag.py:545} INFO - Filling up the DagBag from /opt/airflow/dags/pipeline_datasets.py
[2026-07-12T11:44:48.704+0000] {processor.py:842} WARNING - No viable dags retrieved from /opt/airflow/dags/pipeline_datasets.py
[2026-07-12T11:44:48.722+0000] {processor.py:183} INFO - Processing /opt/airflow/dags/pipeline_datasets.py took 0.034 seconds
[2026-07-12T11:45:30.373+0000] {processor.py:161} INFO - Started process (PID=16107) to work on /opt/airflow/dags/pipeline_datasets.py
[2026-07-12T11:45:30.374+0000] {processor.py:830} INFO - Processing file /opt/airflow/dags/pipeline_datasets.py for tasks to queue
[2026-07-12T11:45:30.374+0000] {logging_mixin.py:188} INFO - [2026-07-12T11:45:30.374+0000] {dagbag.py:545} INFO - Filling up the DagBag from /opt/airflow/dags/pipeline_datasets.py
[2026-07-12T11:45:30.377+0000] {processor.py:842} WARNING - No viable dags retrieved from /opt/airflow/dags/pipeline_datasets.py
[2026-07-12T11:45:30.382+0000] {processor.py:183} INFO - Processing /opt/airflow/dags/pipeline_datasets.py took 0.012 seconds
[2026-07-12T11:46:01.512+0000] {processor.py:161} INFO - Started process (PID=16147) to work on /opt/airflow/dags/pipeline_datasets.py
[2026-07-12T11:46:01.513+0000] {processor.py:830} INFO - Processing file /opt/airflow/dags/pipeline_datasets.py for tasks to queue
[2026-07-12T11:46:01.514+0000] {logging_mixin.py:188} INFO - [2026-07-12T11:46:01.514+0000] {dagbag.py:545} INFO - Filling up the DagBag from /opt/airflow/dags/pipeline_datasets.py
[2026-07-12T11:46:01.516+0000] {processor.py:842} WARNING - No viable dags retrieved from /opt/airflow/dags/pipeline_datasets.py
[2026-07-12T11:46:01.525+0000] {processor.py:183} INFO - Processing /opt/airflow/dags/pipeline_datasets.py took 0.017 seconds
[2026-07-12T11:46:33.711+0000] {processor.py:161} INFO - Started process (PID=16194) to work on /opt/airflow/dags/pipeline_datasets.py
[2026-07-12T11:46:33.712+0000] {processor.py:830} INFO - Processing file /opt/airflow/dags/pipeline_datasets.py for tasks to queue
[2026-07-12T11:46:33.714+0000] {logging_mixin.py:188} INFO - [2026-07-12T11:46:33.714+0000] {dagbag.py:545} INFO - Filling up the DagBag from /opt/airflow/dags/pipeline_datasets.py
[2026-07-12T11:46:33.718+0000] {processor.py:842} WARNING - No viable dags retrieved from /opt/airflow/dags/pipeline_datasets.py
[2026-07-12T11:46:33.733+0000] {processor.py:183} INFO - Processing /opt/airflow/dags/pipeline_datasets.py took 0.030 seconds
[2026-07-12T11:52:44.225+0000] {processor.py:161} INFO - Started process (PID=16238) to work on /opt/airflow/dags/pipeline_datasets.py
[2026-07-12T11:52:44.227+0000] {processor.py:830} INFO - Processing file /opt/airflow/dags/pipeline_datasets.py for tasks to queue
[2026-07-12T11:52:44.230+0000] {logging_mixin.py:188} INFO - [2026-07-12T11:52:44.229+0000] {dagbag.py:545} INFO - Filling up the DagBag from /opt/airflow/dags/pipeline_datasets.py
[2026-07-12T11:52:44.237+0000] {processor.py:842} WARNING - No viable dags retrieved from /opt/airflow/dags/pipeline_datasets.py
[2026-07-12T11:52:44.268+0000] {processor.py:183} INFO - Processing /opt/airflow/dags/pipeline_datasets.py took 0.049 seconds
[2026-07-12T11:54:50.464+0000] {processor.py:161} INFO - Started process (PID=16290) to work on /opt/airflow/dags/pipeline_datasets.py
[2026-07-12T11:54:50.465+0000] {processor.py:830} INFO - Processing file /opt/airflow/dags/pipeline_datasets.py for tasks to queue
[2026-07-12T11:54:50.466+0000] {logging_mixin.py:188} INFO - [2026-07-12T11:54:50.466+0000] {dagbag.py:545} INFO - Filling up the DagBag from /opt/airflow/dags/pipeline_datasets.py
[2026-07-12T11:54:50.468+0000] {processor.py:842} WARNING - No viable dags retrieved from /opt/airflow/dags/pipeline_datasets.py
[2026-07-12T11:54:50.474+0000] {processor.py:183} INFO - Processing /opt/airflow/dags/pipeline_datasets.py took 0.013 seconds
[2026-07-12T12:12:53.544+0000] {processor.py:161} INFO - Started process (PID=16332) to work on /opt/airflow/dags/pipeline_datasets.py
[2026-07-12T12:12:53.547+0000] {processor.py:830} INFO - Processing file /opt/airflow/dags/pipeline_datasets.py for tasks to queue
[2026-07-12T12:12:53.547+0000] {logging_mixin.py:188} INFO - [2026-07-12T12:12:53.547+0000] {dagbag.py:545} INFO - Filling up the DagBag from /opt/airflow/dags/pipeline_datasets.py
[2026-07-12T12:12:53.549+0000] {processor.py:842} WARNING - No viable dags retrieved from /opt/airflow/dags/pipeline_datasets.py
[2026-07-12T12:12:53.555+0000] {processor.py:183} INFO - Processing /opt/airflow/dags/pipeline_datasets.py took 0.014 seconds
[2026-07-12T12:15:02.607+0000] {processor.py:161} INFO - Started process (PID=16909) to work on /opt/airflow/dags/pipeline_datasets.py
[2026-07-12T12:15:02.608+0000] {processor.py:830} INFO - Processing file /opt/airflow/dags/pipeline_datasets.py for tasks to queue
[2026-07-12T12:15:02.609+0000] {logging_mixin.py:188} INFO - [2026-07-12T12:15:02.609+0000] {dagbag.py:545} INFO - Filling up the DagBag from /opt/airflow/dags/pipeline_datasets.py
[2026-07-12T12:15:02.613+0000] {processor.py:842} WARNING - No viable dags retrieved from /opt/airflow/dags/pipeline_datasets.py
[2026-07-12T12:15:02.625+0000] {processor.py:183} INFO - Processing /opt/airflow/dags/pipeline_datasets.py took 0.022 seconds
[2026-07-12T12:18:09.368+0000] {processor.py:161} INFO - Started process (PID=16946) to work on /opt/airflow/dags/pipeline_datasets.py
[2026-07-12T12:18:09.369+0000] {processor.py:830} INFO - Processing file /opt/airflow/dags/pipeline_datasets.py for tasks to queue
[2026-07-12T12:18:09.370+0000] {logging_mixin.py:188} INFO - [2026-07-12T12:18:09.369+0000] {dagbag.py:545} INFO - Filling up the DagBag from /opt/airflow/dags/pipeline_datasets.py
[2026-07-12T12:18:09.371+0000] {processor.py:842} WARNING - No viable dags retrieved from /opt/airflow/dags/pipeline_datasets.py
[2026-07-12T12:18:09.377+0000] {processor.py:183} INFO - Processing /opt/airflow/dags/pipeline_datasets.py took 0.012 seconds
[2026-07-12T12:21:41.943+0000] {processor.py:161} INFO - Started process (PID=16986) to work on /opt/airflow/dags/pipeline_datasets.py
[2026-07-12T12:21:41.943+0000] {processor.py:830} INFO - Processing file /opt/airflow/dags/pipeline_datasets.py for tasks to queue
[2026-07-12T12:21:41.944+0000] {logging_mixin.py:188} INFO - [2026-07-12T12:21:41.944+0000] {dagbag.py:545} INFO - Filling up the DagBag from /opt/airflow/dags/pipeline_datasets.py
[2026-07-12T12:21:41.947+0000] {processor.py:842} WARNING - No viable dags retrieved from /opt/airflow/dags/pipeline_datasets.py
[2026-07-12T12:21:41.953+0000] {processor.py:183} INFO - Processing /opt/airflow/dags/pipeline_datasets.py took 0.013 seconds
[2026-07-12T12:28:28.629+0000] {processor.py:161} INFO - Started process (PID=17045) to work on /opt/airflow/dags/pipeline_datasets.py
[2026-07-12T12:28:28.629+0000] {processor.py:830} INFO - Processing file /opt/airflow/dags/pipeline_datasets.py for tasks to queue
[2026-07-12T12:28:28.630+0000] {logging_mixin.py:188} INFO - [2026-07-12T12:28:28.630+0000] {dagbag.py:545} INFO - Filling up the DagBag from /opt/airflow/dags/pipeline_datasets.py
[2026-07-12T12:28:28.632+0000] {processor.py:842} WARNING - No viable dags retrieved from /opt/airflow/dags/pipeline_datasets.py
[2026-07-12T12:28:28.637+0000] {processor.py:183} INFO - Processing /opt/airflow/dags/pipeline_datasets.py took 0.011 seconds
[2026-07-12T12:31:57.625+0000] {processor.py:161} INFO - Started process (PID=17082) to work on /opt/airflow/dags/pipeline_datasets.py
[2026-07-12T12:31:57.626+0000] {processor.py:830} INFO - Processing file /opt/airflow/dags/pipeline_datasets.py for tasks to queue
[2026-07-12T12:31:57.627+0000] {logging_mixin.py:188} INFO - [2026-07-12T12:31:57.627+0000] {dagbag.py:545} INFO - Filling up the DagBag from /opt/airflow/dags/pipeline_datasets.py
[2026-07-12T12:31:57.629+0000] {processor.py:842} WARNING - No viable dags retrieved from /opt/airflow/dags/pipeline_datasets.py
[2026-07-12T12:31:57.636+0000] {processor.py:183} INFO - Processing /opt/airflow/dags/pipeline_datasets.py took 0.015 seconds
[2026-07-12T12:34:54.195+0000] {processor.py:161} INFO - Started process (PID=17117) to work on /opt/airflow/dags/pipeline_datasets.py
[2026-07-12T12:34:54.196+0000] {processor.py:830} INFO - Processing file /opt/airflow/dags/pipeline_datasets.py for tasks to queue
[2026-07-12T12:34:54.197+0000] {logging_mixin.py:188} INFO - [2026-07-12T12:34:54.197+0000] {dagbag.py:545} INFO - Filling up the DagBag from /opt/airflow/dags/pipeline_datasets.py
[2026-07-12T12:34:54.199+0000] {processor.py:842} WARNING - No viable dags retrieved from /opt/airflow/dags/pipeline_datasets.py
[2026-07-12T12:34:54.204+0000] {processor.py:183} INFO - Processing /opt/airflow/dags/pipeline_datasets.py took 0.011 seconds
[2026-07-12T12:43:26.150+0000] {processor.py:161} INFO - Started process (PID=17154) to work on /opt/airflow/dags/pipeline_datasets.py
[2026-07-12T12:43:26.150+0000] {processor.py:830} INFO - Processing file /opt/airflow/dags/pipeline_datasets.py for tasks to queue
[2026-07-12T12:43:26.151+0000] {logging_mixin.py:188} INFO - [2026-07-12T12:43:26.151+0000] {dagbag.py:545} INFO - Filling up the DagBag from /opt/airflow/dags/pipeline_datasets.py
[2026-07-12T12:43:26.156+0000] {processor.py:842} WARNING - No viable dags retrieved from /opt/airflow/dags/pipeline_datasets.py
[2026-07-12T12:43:26.165+0000] {processor.py:183} INFO - Processing /opt/airflow/dags/pipeline_datasets.py took 0.018 seconds
[2026-07-12T13:00:57.731+0000] {processor.py:161} INFO - Started process (PID=17199) to work on /opt/airflow/dags/pipeline_datasets.py
[2026-07-12T13:00:57.732+0000] {processor.py:830} INFO - Processing file /opt/airflow/dags/pipeline_datasets.py for tasks to queue
[2026-07-12T13:00:57.735+0000] {logging_mixin.py:188} INFO - [2026-07-12T13:00:57.734+0000] {dagbag.py:545} INFO - Filling up the DagBag from /opt/airflow/dags/pipeline_datasets.py
[2026-07-12T13:00:57.742+0000] {processor.py:842} WARNING - No viable dags retrieved from /opt/airflow/dags/pipeline_datasets.py
[2026-07-12T13:00:57.762+0000] {processor.py:183} INFO - Processing /opt/airflow/dags/pipeline_datasets.py took 0.039 seconds
[2026-07-12T13:04:29.586+0000] {processor.py:161} INFO - Started process (PID=17786) to work on /opt/airflow/dags/pipeline_datasets.py
[2026-07-12T13:04:29.587+0000] {processor.py:830} INFO - Processing file /opt/airflow/dags/pipeline_datasets.py for tasks to queue
[2026-07-12T13:04:29.589+0000] {logging_mixin.py:188} INFO - [2026-07-12T13:04:29.588+0000] {dagbag.py:545} INFO - Filling up the DagBag from /opt/airflow/dags/pipeline_datasets.py
[2026-07-12T13:04:29.594+0000] {processor.py:842} WARNING - No viable dags retrieved from /opt/airflow/dags/pipeline_datasets.py
[2026-07-12T13:04:29.608+0000] {processor.py:183} INFO - Processing /opt/airflow/dags/pipeline_datasets.py took 0.029 seconds
[2026-07-12T13:10:32.402+0000] {processor.py:161} INFO - Started process (PID=17825) to work on /opt/airflow/dags/pipeline_datasets.py
[2026-07-12T13:10:32.403+0000] {processor.py:830} INFO - Processing file /opt/airflow/dags/pipeline_datasets.py for tasks to queue
[2026-07-12T13:10:32.404+0000] {logging_mixin.py:188} INFO - [2026-07-12T13:10:32.404+0000] {dagbag.py:545} INFO - Filling up the DagBag from /opt/airflow/dags/pipeline_datasets.py
[2026-07-12T13:10:32.407+0000] {processor.py:842} WARNING - No viable dags retrieved from /opt/airflow/dags/pipeline_datasets.py
[2026-07-12T13:10:32.417+0000] {processor.py:183} INFO - Processing /opt/airflow/dags/pipeline_datasets.py took 0.019 seconds
[2026-07-12T14:17:57.239+0000] {processor.py:161} INFO - Started process (PID=17889) to work on /opt/airflow/dags/pipeline_datasets.py
[2026-07-12T14:17:57.240+0000] {processor.py:830} INFO - Processing file /opt/airflow/dags/pipeline_datasets.py for tasks to queue
[2026-07-12T14:17:57.241+0000] {logging_mixin.py:188} INFO - [2026-07-12T14:17:57.241+0000] {dagbag.py:545} INFO - Filling up the DagBag from /opt/airflow/dags/pipeline_datasets.py
[2026-07-12T14:17:57.244+0000] {processor.py:842} WARNING - No viable dags retrieved from /opt/airflow/dags/pipeline_datasets.py
[2026-07-12T14:17:57.253+0000] {processor.py:183} INFO - Processing /opt/airflow/dags/pipeline_datasets.py took 0.017 seconds
[2026-07-12T14:37:41.138+0000] {processor.py:161} INFO - Started process (PID=18480) to work on /opt/airflow/dags/pipeline_datasets.py
[2026-07-12T14:37:41.140+0000] {processor.py:830} INFO - Processing file /opt/airflow/dags/pipeline_datasets.py for tasks to queue
[2026-07-12T14:37:41.143+0000] {logging_mixin.py:188} INFO - [2026-07-12T14:37:41.141+0000] {dagbag.py:545} INFO - Filling up the DagBag from /opt/airflow/dags/pipeline_datasets.py
[2026-07-12T14:37:41.152+0000] {processor.py:842} WARNING - No viable dags retrieved from /opt/airflow/dags/pipeline_datasets.py
[2026-07-12T14:37:41.174+0000] {processor.py:183} INFO - Processing /opt/airflow/dags/pipeline_datasets.py took 0.044 seconds
[2026-07-12T15:12:25.761+0000] {processor.py:161} INFO - Started process (PID=18558) to work on /opt/airflow/dags/pipeline_datasets.py
[2026-07-12T15:12:25.761+0000] {processor.py:830} INFO - Processing file /opt/airflow/dags/pipeline_datasets.py for tasks to queue
[2026-07-12T15:12:25.763+0000] {logging_mixin.py:188} INFO - [2026-07-12T15:12:25.763+0000] {dagbag.py:545} INFO - Filling up the DagBag from /opt/airflow/dags/pipeline_datasets.py
[2026-07-12T15:12:25.765+0000] {processor.py:842} WARNING - No viable dags retrieved from /opt/airflow/dags/pipeline_datasets.py
[2026-07-12T15:12:25.772+0000] {processor.py:183} INFO - Processing /opt/airflow/dags/pipeline_datasets.py took 0.014 seconds
[2026-07-12T15:14:00.488+0000] {processor.py:161} INFO - Started process (PID=19169) to work on /opt/airflow/dags/pipeline_datasets.py
[2026-07-12T15:14:00.489+0000] {processor.py:830} INFO - Processing file /opt/airflow/dags/pipeline_datasets.py for tasks to queue
[2026-07-12T15:14:00.490+0000] {logging_mixin.py:188} INFO - [2026-07-12T15:14:00.490+0000] {dagbag.py:545} INFO - Filling up the DagBag from /opt/airflow/dags/pipeline_datasets.py
[2026-07-12T15:14:00.493+0000] {processor.py:842} WARNING - No viable dags retrieved from /opt/airflow/dags/pipeline_datasets.py
[2026-07-12T15:14:00.504+0000] {processor.py:183} INFO - Processing /opt/airflow/dags/pipeline_datasets.py took 0.021 seconds
[2026-07-12T15:24:57.962+0000] {processor.py:161} INFO - Started process (PID=19207) to work on /opt/airflow/dags/pipeline_datasets.py
[2026-07-12T15:24:57.963+0000] {processor.py:830} INFO - Processing file /opt/airflow/dags/pipeline_datasets.py for tasks to queue
[2026-07-12T15:24:57.966+0000] {logging_mixin.py:188} INFO - [2026-07-12T15:24:57.966+0000] {dagbag.py:545} INFO - Filling up the DagBag from /opt/airflow/dags/pipeline_datasets.py
[2026-07-12T15:24:57.971+0000] {processor.py:842} WARNING - No viable dags retrieved from /opt/airflow/dags/pipeline_datasets.py
[2026-07-12T15:24:57.984+0000] {processor.py:183} INFO - Processing /opt/airflow/dags/pipeline_datasets.py took 0.028 seconds
[2026-07-12T15:29:23.857+0000] {processor.py:161} INFO - Started process (PID=19274) to work on /opt/airflow/dags/pipeline_datasets.py
[2026-07-12T15:29:23.857+0000] {processor.py:830} INFO - Processing file /opt/airflow/dags/pipeline_datasets.py for tasks to queue
[2026-07-12T15:29:23.858+0000] {logging_mixin.py:188} INFO - [2026-07-12T15:29:23.858+0000] {dagbag.py:545} INFO - Filling up the DagBag from /opt/airflow/dags/pipeline_datasets.py
[2026-07-12T15:29:23.860+0000] {processor.py:842} WARNING - No viable dags retrieved from /opt/airflow/dags/pipeline_datasets.py
[2026-07-12T15:29:23.865+0000] {processor.py:183} INFO - Processing /opt/airflow/dags/pipeline_datasets.py took 0.010 seconds
[2026-07-12T15:45:32.989+0000] {processor.py:161} INFO - Started process (PID=19313) to work on /opt/airflow/dags/pipeline_datasets.py
[2026-07-12T15:45:32.996+0000] {processor.py:830} INFO - Processing file /opt/airflow/dags/pipeline_datasets.py for tasks to queue
[2026-07-12T15:45:32.997+0000] {logging_mixin.py:188} INFO - [2026-07-12T15:45:32.996+0000] {dagbag.py:545} INFO - Filling up the DagBag from /opt/airflow/dags/pipeline_datasets.py
[2026-07-12T15:45:32.999+0000] {processor.py:842} WARNING - No viable dags retrieved from /opt/airflow/dags/pipeline_datasets.py
[2026-07-12T15:45:33.005+0000] {processor.py:183} INFO - Processing /opt/airflow/dags/pipeline_datasets.py took 0.020 seconds
[2026-07-12T15:46:04.103+0000] {processor.py:161} INFO - Started process (PID=19348) to work on /opt/airflow/dags/pipeline_datasets.py
[2026-07-12T15:46:04.104+0000] {processor.py:830} INFO - Processing file /opt/airflow/dags/pipeline_datasets.py for tasks to queue
[2026-07-12T15:46:04.105+0000] {logging_mixin.py:188} INFO - [2026-07-12T15:46:04.105+0000] {dagbag.py:545} INFO - Filling up the DagBag from /opt/airflow/dags/pipeline_datasets.py
[2026-07-12T15:46:04.107+0000] {processor.py:842} WARNING - No viable dags retrieved from /opt/airflow/dags/pipeline_datasets.py
[2026-07-12T15:46:04.113+0000] {processor.py:183} INFO - Processing /opt/airflow/dags/pipeline_datasets.py took 0.013 seconds
[2026-07-12T15:46:35.876+0000] {processor.py:161} INFO - Started process (PID=19385) to work on /opt/airflow/dags/pipeline_datasets.py
[2026-07-12T15:46:35.877+0000] {processor.py:830} INFO - Processing file /opt/airflow/dags/pipeline_datasets.py for tasks to queue
[2026-07-12T15:46:35.879+0000] {logging_mixin.py:188} INFO - [2026-07-12T15:46:35.878+0000] {dagbag.py:545} INFO - Filling up the DagBag from /opt/airflow/dags/pipeline_datasets.py
[2026-07-12T15:46:35.881+0000] {processor.py:842} WARNING - No viable dags retrieved from /opt/airflow/dags/pipeline_datasets.py
[2026-07-12T15:46:35.888+0000] {processor.py:183} INFO - Processing /opt/airflow/dags/pipeline_datasets.py took 0.017 seconds
[2026-07-12T15:47:06.904+0000] {processor.py:161} INFO - Started process (PID=19422) to work on /opt/airflow/dags/pipeline_datasets.py
[2026-07-12T15:47:06.906+0000] {processor.py:830} INFO - Processing file /opt/airflow/dags/pipeline_datasets.py for tasks to queue
[2026-07-12T15:47:06.908+0000] {logging_mixin.py:188} INFO - [2026-07-12T15:47:06.908+0000] {dagbag.py:545} INFO - Filling up the DagBag from /opt/airflow/dags/pipeline_datasets.py
[2026-07-12T15:47:06.911+0000] {processor.py:842} WARNING - No viable dags retrieved from /opt/airflow/dags/pipeline_datasets.py
[2026-07-12T15:47:06.922+0000] {processor.py:183} INFO - Processing /opt/airflow/dags/pipeline_datasets.py took 0.020 seconds
[2026-07-12T15:47:37.608+0000] {processor.py:161} INFO - Started process (PID=19459) to work on /opt/airflow/dags/pipeline_datasets.py
[2026-07-12T15:47:37.609+0000] {processor.py:830} INFO - Processing file /opt/airflow/dags/pipeline_datasets.py for tasks to queue
[2026-07-12T15:47:37.610+0000] {logging_mixin.py:188} INFO - [2026-07-12T15:47:37.610+0000] {dagbag.py:545} INFO - Filling up the DagBag from /opt/airflow/dags/pipeline_datasets.py
[2026-07-12T15:47:37.613+0000] {processor.py:842} WARNING - No viable dags retrieved from /opt/airflow/dags/pipeline_datasets.py
[2026-07-12T15:47:37.622+0000] {processor.py:183} INFO - Processing /opt/airflow/dags/pipeline_datasets.py took 0.021 seconds
[2026-07-12T15:48:08.795+0000] {processor.py:161} INFO - Started process (PID=19496) to work on /opt/airflow/dags/pipeline_datasets.py
[2026-07-12T15:48:08.796+0000] {processor.py:830} INFO - Processing file /opt/airflow/dags/pipeline_datasets.py for tasks to queue
[2026-07-12T15:48:08.796+0000] {logging_mixin.py:188} INFO - [2026-07-12T15:48:08.796+0000] {dagbag.py:545} INFO - Filling up the DagBag from /opt/airflow/dags/pipeline_datasets.py
[2026-07-12T15:48:08.799+0000] {processor.py:842} WARNING - No viable dags retrieved from /opt/airflow/dags/pipeline_datasets.py
[2026-07-12T15:48:08.808+0000] {processor.py:183} INFO - Processing /opt/airflow/dags/pipeline_datasets.py took 0.016 seconds
[2026-07-12T15:48:40.233+0000] {processor.py:161} INFO - Started process (PID=19533) to work on /opt/airflow/dags/pipeline_datasets.py
[2026-07-12T15:48:40.234+0000] {processor.py:830} INFO - Processing file /opt/airflow/dags/pipeline_datasets.py for tasks to queue
[2026-07-12T15:48:40.235+0000] {logging_mixin.py:188} INFO - [2026-07-12T15:48:40.235+0000] {dagbag.py:545} INFO - Filling up the DagBag from /opt/airflow/dags/pipeline_datasets.py
[2026-07-12T15:48:40.241+0000] {processor.py:842} WARNING - No viable dags retrieved from /opt/airflow/dags/pipeline_datasets.py
[2026-07-12T15:48:40.258+0000] {processor.py:183} INFO - Processing /opt/airflow/dags/pipeline_datasets.py took 0.030 seconds
[2026-07-12T15:49:11.619+0000] {processor.py:161} INFO - Started process (PID=19570) to work on /opt/airflow/dags/pipeline_datasets.py
[2026-07-12T15:49:11.620+0000] {processor.py:830} INFO - Processing file /opt/airflow/dags/pipeline_datasets.py for tasks to queue
[2026-07-12T15:49:11.622+0000] {logging_mixin.py:188} INFO - [2026-07-12T15:49:11.621+0000] {dagbag.py:545} INFO - Filling up the DagBag from /opt/airflow/dags/pipeline_datasets.py
[2026-07-12T15:49:11.624+0000] {processor.py:842} WARNING - No viable dags retrieved from /opt/airflow/dags/pipeline_datasets.py
[2026-07-12T15:49:11.632+0000] {processor.py:183} INFO - Processing /opt/airflow/dags/pipeline_datasets.py took 0.016 seconds
[2026-07-12T15:49:42.754+0000] {processor.py:161} INFO - Started process (PID=19607) to work on /opt/airflow/dags/pipeline_datasets.py
[2026-07-12T15:49:42.755+0000] {processor.py:830} INFO - Processing file /opt/airflow/dags/pipeline_datasets.py for tasks to queue
[2026-07-12T15:49:42.756+0000] {logging_mixin.py:188} INFO - [2026-07-12T15:49:42.756+0000] {dagbag.py:545} INFO - Filling up the DagBag from /opt/airflow/dags/pipeline_datasets.py
[2026-07-12T15:49:42.758+0000] {processor.py:842} WARNING - No viable dags retrieved from /opt/airflow/dags/pipeline_datasets.py
[2026-07-12T15:49:42.764+0000] {processor.py:183} INFO - Processing /opt/airflow/dags/pipeline_datasets.py took 0.013 seconds
[2026-07-12T15:50:13.799+0000] {processor.py:161} INFO - Started process (PID=19644) to work on /opt/airflow/dags/pipeline_datasets.py
[2026-07-12T15:50:13.801+0000] {processor.py:830} INFO - Processing file /opt/airflow/dags/pipeline_datasets.py for tasks to queue
[2026-07-12T15:50:13.803+0000] {logging_mixin.py:188} INFO - [2026-07-12T15:50:13.803+0000] {dagbag.py:545} INFO - Filling up the DagBag from /opt/airflow/dags/pipeline_datasets.py
[2026-07-12T15:50:13.806+0000] {processor.py:842} WARNING - No viable dags retrieved from /opt/airflow/dags/pipeline_datasets.py
[2026-07-12T15:50:13.816+0000] {processor.py:183} INFO - Processing /opt/airflow/dags/pipeline_datasets.py took 0.020 seconds
[2026-07-12T15:50:44.948+0000] {processor.py:161} INFO - Started process (PID=19681) to work on /opt/airflow/dags/pipeline_datasets.py
[2026-07-12T15:50:44.949+0000] {processor.py:830} INFO - Processing file /opt/airflow/dags/pipeline_datasets.py for tasks to queue
[2026-07-12T15:50:44.950+0000] {logging_mixin.py:188} INFO - [2026-07-12T15:50:44.950+0000] {dagbag.py:545} INFO - Filling up the DagBag from /opt/airflow/dags/pipeline_datasets.py
[2026-07-12T15:50:44.953+0000] {processor.py:842} WARNING - No viable dags retrieved from /opt/airflow/dags/pipeline_datasets.py
[2026-07-12T15:50:44.962+0000] {processor.py:183} INFO - Processing /opt/airflow/dags/pipeline_datasets.py took 0.016 seconds
[2026-07-12T15:51:16.303+0000] {processor.py:161} INFO - Started process (PID=19718) to work on /opt/airflow/dags/pipeline_datasets.py
[2026-07-12T15:51:16.305+0000] {processor.py:830} INFO - Processing file /opt/airflow/dags/pipeline_datasets.py for tasks to queue
[2026-07-12T15:51:16.306+0000] {logging_mixin.py:188} INFO - [2026-07-12T15:51:16.306+0000] {dagbag.py:545} INFO - Filling up the DagBag from /opt/airflow/dags/pipeline_datasets.py
[2026-07-12T15:51:16.310+0000] {processor.py:842} WARNING - No viable dags retrieved from /opt/airflow/dags/pipeline_datasets.py
[2026-07-12T15:51:16.318+0000] {processor.py:183} INFO - Processing /opt/airflow/dags/pipeline_datasets.py took 0.018 seconds
[2026-07-12T15:51:47.918+0000] {processor.py:161} INFO - Started process (PID=19755) to work on /opt/airflow/dags/pipeline_datasets.py
[2026-07-12T15:51:47.918+0000] {processor.py:830} INFO - Processing file /opt/airflow/dags/pipeline_datasets.py for tasks to queue
[2026-07-12T15:51:47.919+0000] {logging_mixin.py:188} INFO - [2026-07-12T15:51:47.919+0000] {dagbag.py:545} INFO - Filling up the DagBag from /opt/airflow/dags/pipeline_datasets.py
[2026-07-12T15:51:47.921+0000] {processor.py:842} WARNING - No viable dags retrieved from /opt/airflow/dags/pipeline_datasets.py
[2026-07-12T15:51:47.932+0000] {processor.py:183} INFO - Processing /opt/airflow/dags/pipeline_datasets.py took 0.018 seconds
[2026-07-12T15:52:19.054+0000] {processor.py:161} INFO - Started process (PID=19792) to work on /opt/airflow/dags/pipeline_datasets.py
[2026-07-12T15:52:19.055+0000] {processor.py:830} INFO - Processing file /opt/airflow/dags/pipeline_datasets.py for tasks to queue
[2026-07-12T15:52:19.057+0000] {logging_mixin.py:188} INFO - [2026-07-12T15:52:19.057+0000] {dagbag.py:545} INFO - Filling up the DagBag from /opt/airflow/dags/pipeline_datasets.py
[2026-07-12T15:52:19.059+0000] {processor.py:842} WARNING - No viable dags retrieved from /opt/airflow/dags/pipeline_datasets.py
[2026-07-12T15:52:19.065+0000] {processor.py:183} INFO - Processing /opt/airflow/dags/pipeline_datasets.py took 0.014 seconds
[2026-07-12T15:52:50.584+0000] {processor.py:161} INFO - Started process (PID=19831) to work on /opt/airflow/dags/pipeline_datasets.py
[2026-07-12T15:52:50.585+0000] {processor.py:830} INFO - Processing file /opt/airflow/dags/pipeline_datasets.py for tasks to queue
[2026-07-12T15:52:50.586+0000] {logging_mixin.py:188} INFO - [2026-07-12T15:52:50.585+0000] {dagbag.py:545} INFO - Filling up the DagBag from /opt/airflow/dags/pipeline_datasets.py
[2026-07-12T15:52:50.587+0000] {processor.py:842} WARNING - No viable dags retrieved from /opt/airflow/dags/pipeline_datasets.py
[2026-07-12T15:52:50.594+0000] {processor.py:183} INFO - Processing /opt/airflow/dags/pipeline_datasets.py took 0.014 seconds
[2026-07-12T15:53:21.797+0000] {processor.py:161} INFO - Started process (PID=19866) to work on /opt/airflow/dags/pipeline_datasets.py
[2026-07-12T15:53:21.798+0000] {processor.py:830} INFO - Processing file /opt/airflow/dags/pipeline_datasets.py for tasks to queue
[2026-07-12T15:53:21.799+0000] {logging_mixin.py:188} INFO - [2026-07-12T15:53:21.799+0000] {dagbag.py:545} INFO - Filling up the DagBag from /opt/airflow/dags/pipeline_datasets.py
[2026-07-12T15:53:21.804+0000] {processor.py:842} WARNING - No viable dags retrieved from /opt/airflow/dags/pipeline_datasets.py
[2026-07-12T15:53:21.816+0000] {processor.py:183} INFO - Processing /opt/airflow/dags/pipeline_datasets.py took 0.022 seconds
[2026-07-12T15:53:53.238+0000] {processor.py:161} INFO - Started process (PID=19903) to work on /opt/airflow/dags/pipeline_datasets.py
[2026-07-12T15:53:53.239+0000] {processor.py:830} INFO - Processing file /opt/airflow/dags/pipeline_datasets.py for tasks to queue
[2026-07-12T15:53:53.241+0000] {logging_mixin.py:188} INFO - [2026-07-12T15:53:53.241+0000] {dagbag.py:545} INFO - Filling up the DagBag from /opt/airflow/dags/pipeline_datasets.py
[2026-07-12T15:53:53.244+0000] {processor.py:842} WARNING - No viable dags retrieved from /opt/airflow/dags/pipeline_datasets.py
[2026-07-12T15:53:53.259+0000] {processor.py:183} INFO - Processing /opt/airflow/dags/pipeline_datasets.py took 0.024 seconds
[2026-07-12T15:54:24.460+0000] {processor.py:161} INFO - Started process (PID=19940) to work on /opt/airflow/dags/pipeline_datasets.py
[2026-07-12T15:54:24.461+0000] {processor.py:830} INFO - Processing file /opt/airflow/dags/pipeline_datasets.py for tasks to queue
[2026-07-12T15:54:24.462+0000] {logging_mixin.py:188} INFO - [2026-07-12T15:54:24.462+0000] {dagbag.py:545} INFO - Filling up the DagBag from /opt/airflow/dags/pipeline_datasets.py
[2026-07-12T15:54:24.467+0000] {processor.py:842} WARNING - No viable dags retrieved from /opt/airflow/dags/pipeline_datasets.py
[2026-07-12T15:54:24.478+0000] {processor.py:183} INFO - Processing /opt/airflow/dags/pipeline_datasets.py took 0.021 seconds
[2026-07-12T15:54:55.773+0000] {processor.py:161} INFO - Started process (PID=19977) to work on /opt/airflow/dags/pipeline_datasets.py
[2026-07-12T15:54:55.774+0000] {processor.py:830} INFO - Processing file /opt/airflow/dags/pipeline_datasets.py for tasks to queue
[2026-07-12T15:54:55.775+0000] {logging_mixin.py:188} INFO - [2026-07-12T15:54:55.775+0000] {dagbag.py:545} INFO - Filling up the DagBag from /opt/airflow/dags/pipeline_datasets.py
[2026-07-12T15:54:55.779+0000] {processor.py:842} WARNING - No viable dags retrieved from /opt/airflow/dags/pipeline_datasets.py
[2026-07-12T15:54:55.793+0000] {processor.py:183} INFO - Processing /opt/airflow/dags/pipeline_datasets.py took 0.023 seconds
[2026-07-12T15:55:27.046+0000] {processor.py:161} INFO - Started process (PID=20014) to work on /opt/airflow/dags/pipeline_datasets.py
[2026-07-12T15:55:27.047+0000] {processor.py:830} INFO - Processing file /opt/airflow/dags/pipeline_datasets.py for tasks to queue
[2026-07-12T15:55:27.048+0000] {logging_mixin.py:188} INFO - [2026-07-12T15:55:27.048+0000] {dagbag.py:545} INFO - Filling up the DagBag from /opt/airflow/dags/pipeline_datasets.py
[2026-07-12T15:55:27.050+0000] {processor.py:842} WARNING - No viable dags retrieved from /opt/airflow/dags/pipeline_datasets.py
[2026-07-12T15:55:27.056+0000] {processor.py:183} INFO - Processing /opt/airflow/dags/pipeline_datasets.py took 0.013 seconds
[2026-07-12T15:55:58.674+0000] {processor.py:161} INFO - Started process (PID=20051) to work on /opt/airflow/dags/pipeline_datasets.py
[2026-07-12T15:55:58.675+0000] {processor.py:830} INFO - Processing file /opt/airflow/dags/pipeline_datasets.py for tasks to queue
[2026-07-12T15:55:58.676+0000] {logging_mixin.py:188} INFO - [2026-07-12T15:55:58.676+0000] {dagbag.py:545} INFO - Filling up the DagBag from /opt/airflow/dags/pipeline_datasets.py
[2026-07-12T15:55:58.678+0000] {processor.py:842} WARNING - No viable dags retrieved from /opt/airflow/dags/pipeline_datasets.py
[2026-07-12T15:55:58.692+0000] {processor.py:183} INFO - Processing /opt/airflow/dags/pipeline_datasets.py took 0.022 seconds
[2026-07-12T15:56:29.946+0000] {processor.py:161} INFO - Started process (PID=20088) to work on /opt/airflow/dags/pipeline_datasets.py
[2026-07-12T15:56:29.949+0000] {processor.py:830} INFO - Processing file /opt/airflow/dags/pipeline_datasets.py for tasks to queue
[2026-07-12T15:56:29.949+0000] {logging_mixin.py:188} INFO - [2026-07-12T15:56:29.949+0000] {dagbag.py:545} INFO - Filling up the DagBag from /opt/airflow/dags/pipeline_datasets.py
[2026-07-12T15:56:29.954+0000] {processor.py:842} WARNING - No viable dags retrieved from /opt/airflow/dags/pipeline_datasets.py
[2026-07-12T15:56:29.968+0000] {processor.py:183} INFO - Processing /opt/airflow/dags/pipeline_datasets.py took 0.029 seconds
[2026-07-12T15:57:01.732+0000] {processor.py:161} INFO - Started process (PID=20125) to work on /opt/airflow/dags/pipeline_datasets.py
[2026-07-12T15:57:01.733+0000] {processor.py:830} INFO - Processing file /opt/airflow/dags/pipeline_datasets.py for tasks to queue
[2026-07-12T15:57:01.734+0000] {logging_mixin.py:188} INFO - [2026-07-12T15:57:01.734+0000] {dagbag.py:545} INFO - Filling up the DagBag from /opt/airflow/dags/pipeline_datasets.py
[2026-07-12T15:57:01.737+0000] {processor.py:842} WARNING - No viable dags retrieved from /opt/airflow/dags/pipeline_datasets.py
[2026-07-12T15:57:01.744+0000] {processor.py:183} INFO - Processing /opt/airflow/dags/pipeline_datasets.py took 0.016 seconds
[2026-07-12T15:57:33.223+0000] {processor.py:161} INFO - Started process (PID=20164) to work on /opt/airflow/dags/pipeline_datasets.py
[2026-07-12T15:57:33.224+0000] {processor.py:830} INFO - Processing file /opt/airflow/dags/pipeline_datasets.py for tasks to queue
[2026-07-12T15:57:33.225+0000] {logging_mixin.py:188} INFO - [2026-07-12T15:57:33.225+0000] {dagbag.py:545} INFO - Filling up the DagBag from /opt/airflow/dags/pipeline_datasets.py
[2026-07-12T15:57:33.228+0000] {processor.py:842} WARNING - No viable dags retrieved from /opt/airflow/dags/pipeline_datasets.py
[2026-07-12T15:57:33.237+0000] {processor.py:183} INFO - Processing /opt/airflow/dags/pipeline_datasets.py took 0.022 seconds
[2026-07-12T15:58:05.076+0000] {processor.py:161} INFO - Started process (PID=20200) to work on /opt/airflow/dags/pipeline_datasets.py
[2026-07-12T15:58:05.078+0000] {processor.py:830} INFO - Processing file /opt/airflow/dags/pipeline_datasets.py for tasks to queue
[2026-07-12T15:58:05.079+0000] {logging_mixin.py:188} INFO - [2026-07-12T15:58:05.079+0000] {dagbag.py:545} INFO - Filling up the DagBag from /opt/airflow/dags/pipeline_datasets.py
[2026-07-12T15:58:05.081+0000] {processor.py:842} WARNING - No viable dags retrieved from /opt/airflow/dags/pipeline_datasets.py
[2026-07-12T15:58:05.091+0000] {processor.py:183} INFO - Processing /opt/airflow/dags/pipeline_datasets.py took 0.018 seconds
[2026-07-12T15:58:36.430+0000] {processor.py:161} INFO - Started process (PID=20236) to work on /opt/airflow/dags/pipeline_datasets.py
[2026-07-12T15:58:36.433+0000] {processor.py:830} INFO - Processing file /opt/airflow/dags/pipeline_datasets.py for tasks to queue
[2026-07-12T15:58:36.434+0000] {logging_mixin.py:188} INFO - [2026-07-12T15:58:36.434+0000] {dagbag.py:545} INFO - Filling up the DagBag from /opt/airflow/dags/pipeline_datasets.py
[2026-07-12T15:58:36.440+0000] {processor.py:842} WARNING - No viable dags retrieved from /opt/airflow/dags/pipeline_datasets.py
[2026-07-12T15:58:36.460+0000] {processor.py:183} INFO - Processing /opt/airflow/dags/pipeline_datasets.py took 0.033 seconds
[2026-07-12T15:59:08.370+0000] {processor.py:161} INFO - Started process (PID=20275) to work on /opt/airflow/dags/pipeline_datasets.py
[2026-07-12T15:59:08.372+0000] {processor.py:830} INFO - Processing file /opt/airflow/dags/pipeline_datasets.py for tasks to queue
[2026-07-12T15:59:08.375+0000] {logging_mixin.py:188} INFO - [2026-07-12T15:59:08.375+0000] {dagbag.py:545} INFO - Filling up the DagBag from /opt/airflow/dags/pipeline_datasets.py
[2026-07-12T15:59:08.386+0000] {processor.py:842} WARNING - No viable dags retrieved from /opt/airflow/dags/pipeline_datasets.py
[2026-07-12T15:59:08.413+0000] {processor.py:183} INFO - Processing /opt/airflow/dags/pipeline_datasets.py took 0.054 seconds
[2026-07-12T15:59:39.176+0000] {processor.py:161} INFO - Started process (PID=20310) to work on /opt/airflow/dags/pipeline_datasets.py
[2026-07-12T15:59:39.178+0000] {processor.py:830} INFO - Processing file /opt/airflow/dags/pipeline_datasets.py for tasks to queue
[2026-07-12T15:59:39.179+0000] {logging_mixin.py:188} INFO - [2026-07-12T15:59:39.179+0000] {dagbag.py:545} INFO - Filling up the DagBag from /opt/airflow/dags/pipeline_datasets.py
[2026-07-12T15:59:39.181+0000] {processor.py:842} WARNING - No viable dags retrieved from /opt/airflow/dags/pipeline_datasets.py
[2026-07-12T15:59:39.188+0000] {processor.py:183} INFO - Processing /opt/airflow/dags/pipeline_datasets.py took 0.020 seconds
[2026-07-12T16:00:11.325+0000] {processor.py:161} INFO - Started process (PID=20622) to work on /opt/airflow/dags/pipeline_datasets.py
[2026-07-12T16:00:11.326+0000] {processor.py:830} INFO - Processing file /opt/airflow/dags/pipeline_datasets.py for tasks to queue
[2026-07-12T16:00:11.327+0000] {logging_mixin.py:188} INFO - [2026-07-12T16:00:11.327+0000] {dagbag.py:545} INFO - Filling up the DagBag from /opt/airflow/dags/pipeline_datasets.py
[2026-07-12T16:00:11.333+0000] {processor.py:842} WARNING - No viable dags retrieved from /opt/airflow/dags/pipeline_datasets.py
[2026-07-12T16:00:11.349+0000] {processor.py:183} INFO - Processing /opt/airflow/dags/pipeline_datasets.py took 0.030 seconds
[2026-07-12T16:00:42.968+0000] {processor.py:161} INFO - Started process (PID=20958) to work on /opt/airflow/dags/pipeline_datasets.py
[2026-07-12T16:00:42.969+0000] {processor.py:830} INFO - Processing file /opt/airflow/dags/pipeline_datasets.py for tasks to queue
[2026-07-12T16:00:42.970+0000] {logging_mixin.py:188} INFO - [2026-07-12T16:00:42.970+0000] {dagbag.py:545} INFO - Filling up the DagBag from /opt/airflow/dags/pipeline_datasets.py
[2026-07-12T16:00:42.972+0000] {processor.py:842} WARNING - No viable dags retrieved from /opt/airflow/dags/pipeline_datasets.py
[2026-07-12T16:00:42.978+0000] {processor.py:183} INFO - Processing /opt/airflow/dags/pipeline_datasets.py took 0.014 seconds
[2026-07-12T16:01:14.308+0000] {processor.py:161} INFO - Started process (PID=20993) to work on /opt/airflow/dags/pipeline_datasets.py
[2026-07-12T16:01:14.309+0000] {processor.py:830} INFO - Processing file /opt/airflow/dags/pipeline_datasets.py for tasks to queue
[2026-07-12T16:01:14.309+0000] {logging_mixin.py:188} INFO - [2026-07-12T16:01:14.309+0000] {dagbag.py:545} INFO - Filling up the DagBag from /opt/airflow/dags/pipeline_datasets.py
[2026-07-12T16:01:14.311+0000] {processor.py:842} WARNING - No viable dags retrieved from /opt/airflow/dags/pipeline_datasets.py
[2026-07-12T16:01:14.319+0000] {processor.py:183} INFO - Processing /opt/airflow/dags/pipeline_datasets.py took 0.014 seconds
[2026-07-12T16:01:45.641+0000] {processor.py:161} INFO - Started process (PID=21030) to work on /opt/airflow/dags/pipeline_datasets.py
[2026-07-12T16:01:45.642+0000] {processor.py:830} INFO - Processing file /opt/airflow/dags/pipeline_datasets.py for tasks to queue
[2026-07-12T16:01:45.643+0000] {logging_mixin.py:188} INFO - [2026-07-12T16:01:45.643+0000] {dagbag.py:545} INFO - Filling up the DagBag from /opt/airflow/dags/pipeline_datasets.py
[2026-07-12T16:01:45.648+0000] {processor.py:842} WARNING - No viable dags retrieved from /opt/airflow/dags/pipeline_datasets.py
[2026-07-12T16:01:45.658+0000] {processor.py:183} INFO - Processing /opt/airflow/dags/pipeline_datasets.py took 0.019 seconds
[2026-07-12T16:02:17.066+0000] {processor.py:161} INFO - Started process (PID=21067) to work on /opt/airflow/dags/pipeline_datasets.py
[2026-07-12T16:02:17.068+0000] {processor.py:830} INFO - Processing file /opt/airflow/dags/pipeline_datasets.py for tasks to queue
[2026-07-12T16:02:17.070+0000] {logging_mixin.py:188} INFO - [2026-07-12T16:02:17.069+0000] {dagbag.py:545} INFO - Filling up the DagBag from /opt/airflow/dags/pipeline_datasets.py
[2026-07-12T16:02:17.077+0000] {processor.py:842} WARNING - No viable dags retrieved from /opt/airflow/dags/pipeline_datasets.py
[2026-07-12T16:02:17.085+0000] {processor.py:183} INFO - Processing /opt/airflow/dags/pipeline_datasets.py took 0.024 seconds
[2026-07-12T16:02:48.907+0000] {processor.py:161} INFO - Started process (PID=21137) to work on /opt/airflow/dags/pipeline_datasets.py
[2026-07-12T16:02:48.909+0000] {processor.py:830} INFO - Processing file /opt/airflow/dags/pipeline_datasets.py for tasks to queue
[2026-07-12T16:02:48.911+0000] {logging_mixin.py:188} INFO - [2026-07-12T16:02:48.911+0000] {dagbag.py:545} INFO - Filling up the DagBag from /opt/airflow/dags/pipeline_datasets.py
[2026-07-12T16:02:48.918+0000] {processor.py:842} WARNING - No viable dags retrieved from /opt/airflow/dags/pipeline_datasets.py
[2026-07-12T16:02:48.930+0000] {processor.py:183} INFO - Processing /opt/airflow/dags/pipeline_datasets.py took 0.026 seconds
[2026-07-12T16:03:20.387+0000] {processor.py:161} INFO - Started process (PID=21174) to work on /opt/airflow/dags/pipeline_datasets.py
[2026-07-12T16:03:20.388+0000] {processor.py:830} INFO - Processing file /opt/airflow/dags/pipeline_datasets.py for tasks to queue
[2026-07-12T16:03:20.390+0000] {logging_mixin.py:188} INFO - [2026-07-12T16:03:20.390+0000] {dagbag.py:545} INFO - Filling up the DagBag from /opt/airflow/dags/pipeline_datasets.py
[2026-07-12T16:03:20.393+0000] {processor.py:842} WARNING - No viable dags retrieved from /opt/airflow/dags/pipeline_datasets.py
[2026-07-12T16:03:20.406+0000] {processor.py:183} INFO - Processing /opt/airflow/dags/pipeline_datasets.py took 0.022 seconds
[2026-07-12T16:03:51.663+0000] {processor.py:161} INFO - Started process (PID=21211) to work on /opt/airflow/dags/pipeline_datasets.py
[2026-07-12T16:03:51.664+0000] {processor.py:830} INFO - Processing file /opt/airflow/dags/pipeline_datasets.py for tasks to queue
[2026-07-12T16:03:51.665+0000] {logging_mixin.py:188} INFO - [2026-07-12T16:03:51.665+0000] {dagbag.py:545} INFO - Filling up the DagBag from /opt/airflow/dags/pipeline_datasets.py
[2026-07-12T16:03:51.667+0000] {processor.py:842} WARNING - No viable dags retrieved from /opt/airflow/dags/pipeline_datasets.py
[2026-07-12T16:03:51.674+0000] {processor.py:183} INFO - Processing /opt/airflow/dags/pipeline_datasets.py took 0.014 seconds
[2026-07-12T16:04:23.151+0000] {processor.py:161} INFO - Started process (PID=21248) to work on /opt/airflow/dags/pipeline_datasets.py
[2026-07-12T16:04:23.153+0000] {processor.py:830} INFO - Processing file /opt/airflow/dags/pipeline_datasets.py for tasks to queue
[2026-07-12T16:04:23.154+0000] {logging_mixin.py:188} INFO - [2026-07-12T16:04:23.154+0000] {dagbag.py:545} INFO - Filling up the DagBag from /opt/airflow/dags/pipeline_datasets.py
[2026-07-12T16:04:23.160+0000] {processor.py:842} WARNING - No viable dags retrieved from /opt/airflow/dags/pipeline_datasets.py
[2026-07-12T16:04:23.174+0000] {processor.py:183} INFO - Processing /opt/airflow/dags/pipeline_datasets.py took 0.025 seconds
[2026-07-12T16:04:54.716+0000] {processor.py:161} INFO - Started process (PID=21285) to work on /opt/airflow/dags/pipeline_datasets.py
[2026-07-12T16:04:54.717+0000] {processor.py:830} INFO - Processing file /opt/airflow/dags/pipeline_datasets.py for tasks to queue
[2026-07-12T16:04:54.718+0000] {logging_mixin.py:188} INFO - [2026-07-12T16:04:54.718+0000] {dagbag.py:545} INFO - Filling up the DagBag from /opt/airflow/dags/pipeline_datasets.py
[2026-07-12T16:04:54.721+0000] {processor.py:842} WARNING - No viable dags retrieved from /opt/airflow/dags/pipeline_datasets.py
[2026-07-12T16:04:54.730+0000] {processor.py:183} INFO - Processing /opt/airflow/dags/pipeline_datasets.py took 0.017 seconds
[2026-07-12T16:05:25.931+0000] {processor.py:161} INFO - Started process (PID=21322) to work on /opt/airflow/dags/pipeline_datasets.py
[2026-07-12T16:05:25.934+0000] {processor.py:830} INFO - Processing file /opt/airflow/dags/pipeline_datasets.py for tasks to queue
[2026-07-12T16:05:25.935+0000] {logging_mixin.py:188} INFO - [2026-07-12T16:05:25.935+0000] {dagbag.py:545} INFO - Filling up the DagBag from /opt/airflow/dags/pipeline_datasets.py
[2026-07-12T16:05:25.937+0000] {processor.py:842} WARNING - No viable dags retrieved from /opt/airflow/dags/pipeline_datasets.py
[2026-07-12T16:05:25.949+0000] {processor.py:183} INFO - Processing /opt/airflow/dags/pipeline_datasets.py took 0.018 seconds
[2026-07-12T16:05:57.380+0000] {processor.py:161} INFO - Started process (PID=21364) to work on /opt/airflow/dags/pipeline_datasets.py
[2026-07-12T16:05:57.381+0000] {processor.py:830} INFO - Processing file /opt/airflow/dags/pipeline_datasets.py for tasks to queue
[2026-07-12T16:05:57.382+0000] {logging_mixin.py:188} INFO - [2026-07-12T16:05:57.382+0000] {dagbag.py:545} INFO - Filling up the DagBag from /opt/airflow/dags/pipeline_datasets.py
[2026-07-12T16:05:57.384+0000] {processor.py:842} WARNING - No viable dags retrieved from /opt/airflow/dags/pipeline_datasets.py
[2026-07-12T16:05:57.390+0000] {processor.py:183} INFO - Processing /opt/airflow/dags/pipeline_datasets.py took 0.013 seconds
[2026-07-12T16:06:28.620+0000] {processor.py:161} INFO - Started process (PID=21401) to work on /opt/airflow/dags/pipeline_datasets.py
[2026-07-12T16:06:28.621+0000] {processor.py:830} INFO - Processing file /opt/airflow/dags/pipeline_datasets.py for tasks to queue
[2026-07-12T16:06:28.621+0000] {logging_mixin.py:188} INFO - [2026-07-12T16:06:28.621+0000] {dagbag.py:545} INFO - Filling up the DagBag from /opt/airflow/dags/pipeline_datasets.py
[2026-07-12T16:06:28.623+0000] {processor.py:842} WARNING - No viable dags retrieved from /opt/airflow/dags/pipeline_datasets.py
[2026-07-12T16:06:28.630+0000] {processor.py:183} INFO - Processing /opt/airflow/dags/pipeline_datasets.py took 0.012 seconds
[2026-07-12T16:06:59.860+0000] {processor.py:161} INFO - Started process (PID=21438) to work on /opt/airflow/dags/pipeline_datasets.py
[2026-07-12T16:06:59.863+0000] {processor.py:830} INFO - Processing file /opt/airflow/dags/pipeline_datasets.py for tasks to queue
[2026-07-12T16:06:59.864+0000] {logging_mixin.py:188} INFO - [2026-07-12T16:06:59.864+0000] {dagbag.py:545} INFO - Filling up the DagBag from /opt/airflow/dags/pipeline_datasets.py
[2026-07-12T16:06:59.869+0000] {processor.py:842} WARNING - No viable dags retrieved from /opt/airflow/dags/pipeline_datasets.py
[2026-07-12T16:06:59.880+0000] {processor.py:183} INFO - Processing /opt/airflow/dags/pipeline_datasets.py took 0.024 seconds
[2026-07-12T16:07:30.886+0000] {processor.py:161} INFO - Started process (PID=21475) to work on /opt/airflow/dags/pipeline_datasets.py
[2026-07-12T16:07:30.887+0000] {processor.py:830} INFO - Processing file /opt/airflow/dags/pipeline_datasets.py for tasks to queue
[2026-07-12T16:07:30.889+0000] {logging_mixin.py:188} INFO - [2026-07-12T16:07:30.889+0000] {dagbag.py:545} INFO - Filling up the DagBag from /opt/airflow/dags/pipeline_datasets.py
[2026-07-12T16:07:30.892+0000] {processor.py:842} WARNING - No viable dags retrieved from /opt/airflow/dags/pipeline_datasets.py
[2026-07-12T16:07:30.901+0000] {processor.py:183} INFO - Processing /opt/airflow/dags/pipeline_datasets.py took 0.018 seconds
[2026-07-12T16:08:02.183+0000] {processor.py:161} INFO - Started process (PID=21514) to work on /opt/airflow/dags/pipeline_datasets.py
[2026-07-12T16:08:02.184+0000] {processor.py:830} INFO - Processing file /opt/airflow/dags/pipeline_datasets.py for tasks to queue
[2026-07-12T16:08:02.184+0000] {logging_mixin.py:188} INFO - [2026-07-12T16:08:02.184+0000] {dagbag.py:545} INFO - Filling up the DagBag from /opt/airflow/dags/pipeline_datasets.py
[2026-07-12T16:08:02.186+0000] {processor.py:842} WARNING - No viable dags retrieved from /opt/airflow/dags/pipeline_datasets.py
[2026-07-12T16:08:02.193+0000] {processor.py:183} INFO - Processing /opt/airflow/dags/pipeline_datasets.py took 0.012 seconds
[2026-07-12T16:08:33.246+0000] {processor.py:161} INFO - Started process (PID=21549) to work on /opt/airflow/dags/pipeline_datasets.py
[2026-07-12T16:08:33.248+0000] {processor.py:830} INFO - Processing file /opt/airflow/dags/pipeline_datasets.py for tasks to queue
[2026-07-12T16:08:33.249+0000] {logging_mixin.py:188} INFO - [2026-07-12T16:08:33.249+0000] {dagbag.py:545} INFO - Filling up the DagBag from /opt/airflow/dags/pipeline_datasets.py
[2026-07-12T16:08:33.251+0000] {processor.py:842} WARNING - No viable dags retrieved from /opt/airflow/dags/pipeline_datasets.py
[2026-07-12T16:08:33.262+0000] {processor.py:183} INFO - Processing /opt/airflow/dags/pipeline_datasets.py took 0.019 seconds
[2026-07-12T16:09:04.283+0000] {processor.py:161} INFO - Started process (PID=21586) to work on /opt/airflow/dags/pipeline_datasets.py
[2026-07-12T16:09:04.284+0000] {processor.py:830} INFO - Processing file /opt/airflow/dags/pipeline_datasets.py for tasks to queue
[2026-07-12T16:09:04.286+0000] {logging_mixin.py:188} INFO - [2026-07-12T16:09:04.286+0000] {dagbag.py:545} INFO - Filling up the DagBag from /opt/airflow/dags/pipeline_datasets.py
[2026-07-12T16:09:04.292+0000] {processor.py:842} WARNING - No viable dags retrieved from /opt/airflow/dags/pipeline_datasets.py
[2026-07-12T16:09:04.304+0000] {processor.py:183} INFO - Processing /opt/airflow/dags/pipeline_datasets.py took 0.024 seconds
[2026-07-12T16:09:35.355+0000] {processor.py:161} INFO - Started process (PID=21623) to work on /opt/airflow/dags/pipeline_datasets.py
[2026-07-12T16:09:35.356+0000] {processor.py:830} INFO - Processing file /opt/airflow/dags/pipeline_datasets.py for tasks to queue
[2026-07-12T16:09:35.357+0000] {logging_mixin.py:188} INFO - [2026-07-12T16:09:35.357+0000] {dagbag.py:545} INFO - Filling up the DagBag from /opt/airflow/dags/pipeline_datasets.py
[2026-07-12T16:09:35.360+0000] {processor.py:842} WARNING - No viable dags retrieved from /opt/airflow/dags/pipeline_datasets.py
[2026-07-12T16:09:35.365+0000] {processor.py:183} INFO - Processing /opt/airflow/dags/pipeline_datasets.py took 0.013 seconds
[2026-07-12T16:10:06.622+0000] {processor.py:161} INFO - Started process (PID=21660) to work on /opt/airflow/dags/pipeline_datasets.py
[2026-07-12T16:10:06.623+0000] {processor.py:830} INFO - Processing file /opt/airflow/dags/pipeline_datasets.py for tasks to queue
[2026-07-12T16:10:06.624+0000] {logging_mixin.py:188} INFO - [2026-07-12T16:10:06.623+0000] {dagbag.py:545} INFO - Filling up the DagBag from /opt/airflow/dags/pipeline_datasets.py
[2026-07-12T16:10:06.627+0000] {processor.py:842} WARNING - No viable dags retrieved from /opt/airflow/dags/pipeline_datasets.py
[2026-07-12T16:10:06.633+0000] {processor.py:183} INFO - Processing /opt/airflow/dags/pipeline_datasets.py took 0.014 seconds
[2026-07-12T16:10:37.903+0000] {processor.py:161} INFO - Started process (PID=21697) to work on /opt/airflow/dags/pipeline_datasets.py
[2026-07-12T16:10:37.904+0000] {processor.py:830} INFO - Processing file /opt/airflow/dags/pipeline_datasets.py for tasks to queue
[2026-07-12T16:10:37.906+0000] {logging_mixin.py:188} INFO - [2026-07-12T16:10:37.905+0000] {dagbag.py:545} INFO - Filling up the DagBag from /opt/airflow/dags/pipeline_datasets.py
[2026-07-12T16:10:37.909+0000] {processor.py:842} WARNING - No viable dags retrieved from /opt/airflow/dags/pipeline_datasets.py
[2026-07-12T16:10:37.915+0000] {processor.py:183} INFO - Processing /opt/airflow/dags/pipeline_datasets.py took 0.017 seconds
[2026-07-12T16:11:09.342+0000] {processor.py:161} INFO - Started process (PID=21734) to work on /opt/airflow/dags/pipeline_datasets.py
[2026-07-12T16:11:09.343+0000] {processor.py:830} INFO - Processing file /opt/airflow/dags/pipeline_datasets.py for tasks to queue
[2026-07-12T16:11:09.347+0000] {logging_mixin.py:188} INFO - [2026-07-12T16:11:09.347+0000] {dagbag.py:545} INFO - Filling up the DagBag from /opt/airflow/dags/pipeline_datasets.py
[2026-07-12T16:11:09.349+0000] {processor.py:842} WARNING - No viable dags retrieved from /opt/airflow/dags/pipeline_datasets.py
[2026-07-12T16:11:09.355+0000] {processor.py:183} INFO - Processing /opt/airflow/dags/pipeline_datasets.py took 0.016 seconds
[2026-07-12T16:11:40.645+0000] {processor.py:161} INFO - Started process (PID=21771) to work on /opt/airflow/dags/pipeline_datasets.py
[2026-07-12T16:11:40.646+0000] {processor.py:830} INFO - Processing file /opt/airflow/dags/pipeline_datasets.py for tasks to queue
[2026-07-12T16:11:40.648+0000] {logging_mixin.py:188} INFO - [2026-07-12T16:11:40.648+0000] {dagbag.py:545} INFO - Filling up the DagBag from /opt/airflow/dags/pipeline_datasets.py
[2026-07-12T16:11:40.651+0000] {processor.py:842} WARNING - No viable dags retrieved from /opt/airflow/dags/pipeline_datasets.py
[2026-07-12T16:11:40.664+0000] {processor.py:183} INFO - Processing /opt/airflow/dags/pipeline_datasets.py took 0.022 seconds
[2026-07-12T16:12:12.067+0000] {processor.py:161} INFO - Started process (PID=21808) to work on /opt/airflow/dags/pipeline_datasets.py
[2026-07-12T16:12:12.069+0000] {processor.py:830} INFO - Processing file /opt/airflow/dags/pipeline_datasets.py for tasks to queue
[2026-07-12T16:12:12.071+0000] {logging_mixin.py:188} INFO - [2026-07-12T16:12:12.070+0000] {dagbag.py:545} INFO - Filling up the DagBag from /opt/airflow/dags/pipeline_datasets.py
[2026-07-12T16:12:12.079+0000] {processor.py:842} WARNING - No viable dags retrieved from /opt/airflow/dags/pipeline_datasets.py
[2026-07-12T16:12:12.090+0000] {processor.py:183} INFO - Processing /opt/airflow/dags/pipeline_datasets.py took 0.026 seconds
[2026-07-12T16:12:43.197+0000] {processor.py:161} INFO - Started process (PID=21845) to work on /opt/airflow/dags/pipeline_datasets.py
[2026-07-12T16:12:43.198+0000] {processor.py:830} INFO - Processing file /opt/airflow/dags/pipeline_datasets.py for tasks to queue
[2026-07-12T16:12:43.200+0000] {logging_mixin.py:188} INFO - [2026-07-12T16:12:43.199+0000] {dagbag.py:545} INFO - Filling up the DagBag from /opt/airflow/dags/pipeline_datasets.py
[2026-07-12T16:12:43.203+0000] {processor.py:842} WARNING - No viable dags retrieved from /opt/airflow/dags/pipeline_datasets.py
[2026-07-12T16:12:43.213+0000] {processor.py:183} INFO - Processing /opt/airflow/dags/pipeline_datasets.py took 0.018 seconds
[2026-07-12T16:13:14.367+0000] {processor.py:161} INFO - Started process (PID=21882) to work on /opt/airflow/dags/pipeline_datasets.py
[2026-07-12T16:13:14.368+0000] {processor.py:830} INFO - Processing file /opt/airflow/dags/pipeline_datasets.py for tasks to queue
[2026-07-12T16:13:14.369+0000] {logging_mixin.py:188} INFO - [2026-07-12T16:13:14.369+0000] {dagbag.py:545} INFO - Filling up the DagBag from /opt/airflow/dags/pipeline_datasets.py
[2026-07-12T16:13:14.375+0000] {processor.py:842} WARNING - No viable dags retrieved from /opt/airflow/dags/pipeline_datasets.py
[2026-07-12T16:13:14.382+0000] {processor.py:183} INFO - Processing /opt/airflow/dags/pipeline_datasets.py took 0.017 seconds
[2026-07-12T16:13:45.668+0000] {processor.py:161} INFO - Started process (PID=21919) to work on /opt/airflow/dags/pipeline_datasets.py
[2026-07-12T16:13:45.668+0000] {processor.py:830} INFO - Processing file /opt/airflow/dags/pipeline_datasets.py for tasks to queue
[2026-07-12T16:13:45.669+0000] {logging_mixin.py:188} INFO - [2026-07-12T16:13:45.669+0000] {dagbag.py:545} INFO - Filling up the DagBag from /opt/airflow/dags/pipeline_datasets.py
[2026-07-12T16:13:45.671+0000] {processor.py:842} WARNING - No viable dags retrieved from /opt/airflow/dags/pipeline_datasets.py
[2026-07-12T16:13:45.678+0000] {processor.py:183} INFO - Processing /opt/airflow/dags/pipeline_datasets.py took 0.013 seconds
[2026-07-12T16:14:16.828+0000] {processor.py:161} INFO - Started process (PID=21956) to work on /opt/airflow/dags/pipeline_datasets.py
[2026-07-12T16:14:16.829+0000] {processor.py:830} INFO - Processing file /opt/airflow/dags/pipeline_datasets.py for tasks to queue
[2026-07-12T16:14:16.830+0000] {logging_mixin.py:188} INFO - [2026-07-12T16:14:16.829+0000] {dagbag.py:545} INFO - Filling up the DagBag from /opt/airflow/dags/pipeline_datasets.py
[2026-07-12T16:14:16.832+0000] {processor.py:842} WARNING - No viable dags retrieved from /opt/airflow/dags/pipeline_datasets.py
[2026-07-12T16:14:16.836+0000] {processor.py:183} INFO - Processing /opt/airflow/dags/pipeline_datasets.py took 0.011 seconds
[2026-07-12T16:14:48.447+0000] {processor.py:161} INFO - Started process (PID=21993) to work on /opt/airflow/dags/pipeline_datasets.py
[2026-07-12T16:14:48.448+0000] {processor.py:830} INFO - Processing file /opt/airflow/dags/pipeline_datasets.py for tasks to queue
[2026-07-12T16:14:48.450+0000] {logging_mixin.py:188} INFO - [2026-07-12T16:14:48.449+0000] {dagbag.py:545} INFO - Filling up the DagBag from /opt/airflow/dags/pipeline_datasets.py
[2026-07-12T16:14:48.452+0000] {processor.py:842} WARNING - No viable dags retrieved from /opt/airflow/dags/pipeline_datasets.py
[2026-07-12T16:14:48.464+0000] {processor.py:183} INFO - Processing /opt/airflow/dags/pipeline_datasets.py took 0.022 seconds
[2026-07-12T16:15:19.775+0000] {processor.py:161} INFO - Started process (PID=22030) to work on /opt/airflow/dags/pipeline_datasets.py
[2026-07-12T16:15:19.776+0000] {processor.py:830} INFO - Processing file /opt/airflow/dags/pipeline_datasets.py for tasks to queue
[2026-07-12T16:15:19.777+0000] {logging_mixin.py:188} INFO - [2026-07-12T16:15:19.777+0000] {dagbag.py:545} INFO - Filling up the DagBag from /opt/airflow/dags/pipeline_datasets.py
[2026-07-12T16:15:19.782+0000] {processor.py:842} WARNING - No viable dags retrieved from /opt/airflow/dags/pipeline_datasets.py
[2026-07-12T16:15:19.790+0000] {processor.py:183} INFO - Processing /opt/airflow/dags/pipeline_datasets.py took 0.018 seconds
[2026-07-12T16:15:51.040+0000] {processor.py:161} INFO - Started process (PID=22067) to work on /opt/airflow/dags/pipeline_datasets.py
[2026-07-12T16:15:51.041+0000] {processor.py:830} INFO - Processing file /opt/airflow/dags/pipeline_datasets.py for tasks to queue
[2026-07-12T16:15:51.044+0000] {logging_mixin.py:188} INFO - [2026-07-12T16:15:51.043+0000] {dagbag.py:545} INFO - Filling up the DagBag from /opt/airflow/dags/pipeline_datasets.py
[2026-07-12T16:15:51.046+0000] {processor.py:842} WARNING - No viable dags retrieved from /opt/airflow/dags/pipeline_datasets.py
[2026-07-12T16:15:51.055+0000] {processor.py:183} INFO - Processing /opt/airflow/dags/pipeline_datasets.py took 0.017 seconds
[2026-07-12T16:16:22.127+0000] {processor.py:161} INFO - Started process (PID=22106) to work on /opt/airflow/dags/pipeline_datasets.py
[2026-07-12T16:16:22.128+0000] {processor.py:830} INFO - Processing file /opt/airflow/dags/pipeline_datasets.py for tasks to queue
[2026-07-12T16:16:22.129+0000] {logging_mixin.py:188} INFO - [2026-07-12T16:16:22.129+0000] {dagbag.py:545} INFO - Filling up the DagBag from /opt/airflow/dags/pipeline_datasets.py
[2026-07-12T16:16:22.131+0000] {processor.py:842} WARNING - No viable dags retrieved from /opt/airflow/dags/pipeline_datasets.py
[2026-07-12T16:16:22.139+0000] {processor.py:183} INFO - Processing /opt/airflow/dags/pipeline_datasets.py took 0.015 seconds
[2026-07-12T16:16:53.388+0000] {processor.py:161} INFO - Started process (PID=22143) to work on /opt/airflow/dags/pipeline_datasets.py
[2026-07-12T16:16:53.389+0000] {processor.py:830} INFO - Processing file /opt/airflow/dags/pipeline_datasets.py for tasks to queue
[2026-07-12T16:16:53.390+0000] {logging_mixin.py:188} INFO - [2026-07-12T16:16:53.390+0000] {dagbag.py:545} INFO - Filling up the DagBag from /opt/airflow/dags/pipeline_datasets.py
[2026-07-12T16:16:53.392+0000] {processor.py:842} WARNING - No viable dags retrieved from /opt/airflow/dags/pipeline_datasets.py
[2026-07-12T16:16:53.399+0000] {processor.py:183} INFO - Processing /opt/airflow/dags/pipeline_datasets.py took 0.016 seconds
[2026-07-12T16:17:24.457+0000] {processor.py:161} INFO - Started process (PID=22178) to work on /opt/airflow/dags/pipeline_datasets.py
[2026-07-12T16:17:24.458+0000] {processor.py:830} INFO - Processing file /opt/airflow/dags/pipeline_datasets.py for tasks to queue
[2026-07-12T16:17:24.459+0000] {logging_mixin.py:188} INFO - [2026-07-12T16:17:24.459+0000] {dagbag.py:545} INFO - Filling up the DagBag from /opt/airflow/dags/pipeline_datasets.py
[2026-07-12T16:17:24.464+0000] {processor.py:842} WARNING - No viable dags retrieved from /opt/airflow/dags/pipeline_datasets.py
[2026-07-12T16:17:24.474+0000] {processor.py:183} INFO - Processing /opt/airflow/dags/pipeline_datasets.py took 0.019 seconds
[2026-07-12T16:17:55.789+0000] {processor.py:161} INFO - Started process (PID=22215) to work on /opt/airflow/dags/pipeline_datasets.py
[2026-07-12T16:17:55.789+0000] {processor.py:830} INFO - Processing file /opt/airflow/dags/pipeline_datasets.py for tasks to queue
[2026-07-12T16:17:55.790+0000] {logging_mixin.py:188} INFO - [2026-07-12T16:17:55.790+0000] {dagbag.py:545} INFO - Filling up the DagBag from /opt/airflow/dags/pipeline_datasets.py
[2026-07-12T16:17:55.792+0000] {processor.py:842} WARNING - No viable dags retrieved from /opt/airflow/dags/pipeline_datasets.py
[2026-07-12T16:17:55.799+0000] {processor.py:183} INFO - Processing /opt/airflow/dags/pipeline_datasets.py took 0.013 seconds
[2026-07-12T16:18:27.001+0000] {processor.py:161} INFO - Started process (PID=22252) to work on /opt/airflow/dags/pipeline_datasets.py
[2026-07-12T16:18:27.002+0000] {processor.py:830} INFO - Processing file /opt/airflow/dags/pipeline_datasets.py for tasks to queue
[2026-07-12T16:18:27.004+0000] {logging_mixin.py:188} INFO - [2026-07-12T16:18:27.004+0000] {dagbag.py:545} INFO - Filling up the DagBag from /opt/airflow/dags/pipeline_datasets.py
[2026-07-12T16:18:27.008+0000] {processor.py:842} WARNING - No viable dags retrieved from /opt/airflow/dags/pipeline_datasets.py
[2026-07-12T16:18:27.018+0000] {processor.py:183} INFO - Processing /opt/airflow/dags/pipeline_datasets.py took 0.019 seconds
[2026-07-12T16:18:58.449+0000] {processor.py:161} INFO - Started process (PID=22289) to work on /opt/airflow/dags/pipeline_datasets.py
[2026-07-12T16:18:58.450+0000] {processor.py:830} INFO - Processing file /opt/airflow/dags/pipeline_datasets.py for tasks to queue
[2026-07-12T16:18:58.452+0000] {logging_mixin.py:188} INFO - [2026-07-12T16:18:58.452+0000] {dagbag.py:545} INFO - Filling up the DagBag from /opt/airflow/dags/pipeline_datasets.py
[2026-07-12T16:18:58.454+0000] {processor.py:842} WARNING - No viable dags retrieved from /opt/airflow/dags/pipeline_datasets.py
[2026-07-12T16:18:58.461+0000] {processor.py:183} INFO - Processing /opt/airflow/dags/pipeline_datasets.py took 0.014 seconds
[2026-07-12T16:19:30.120+0000] {processor.py:161} INFO - Started process (PID=22326) to work on /opt/airflow/dags/pipeline_datasets.py
[2026-07-12T16:19:30.122+0000] {processor.py:830} INFO - Processing file /opt/airflow/dags/pipeline_datasets.py for tasks to queue
[2026-07-12T16:19:30.127+0000] {logging_mixin.py:188} INFO - [2026-07-12T16:19:30.126+0000] {dagbag.py:545} INFO - Filling up the DagBag from /opt/airflow/dags/pipeline_datasets.py
[2026-07-12T16:19:30.144+0000] {processor.py:842} WARNING - No viable dags retrieved from /opt/airflow/dags/pipeline_datasets.py
[2026-07-12T16:19:30.185+0000] {processor.py:183} INFO - Processing /opt/airflow/dags/pipeline_datasets.py took 0.084 seconds
[2026-07-12T16:20:01.131+0000] {processor.py:161} INFO - Started process (PID=22363) to work on /opt/airflow/dags/pipeline_datasets.py
[2026-07-12T16:20:01.131+0000] {processor.py:830} INFO - Processing file /opt/airflow/dags/pipeline_datasets.py for tasks to queue
[2026-07-12T16:20:01.132+0000] {logging_mixin.py:188} INFO - [2026-07-12T16:20:01.132+0000] {dagbag.py:545} INFO - Filling up the DagBag from /opt/airflow/dags/pipeline_datasets.py
[2026-07-12T16:20:01.137+0000] {processor.py:842} WARNING - No viable dags retrieved from /opt/airflow/dags/pipeline_datasets.py
[2026-07-12T16:20:01.145+0000] {processor.py:183} INFO - Processing /opt/airflow/dags/pipeline_datasets.py took 0.018 seconds
[2026-07-12T16:20:32.504+0000] {processor.py:161} INFO - Started process (PID=22400) to work on /opt/airflow/dags/pipeline_datasets.py
[2026-07-12T16:20:32.505+0000] {processor.py:830} INFO - Processing file /opt/airflow/dags/pipeline_datasets.py for tasks to queue
[2026-07-12T16:20:32.507+0000] {logging_mixin.py:188} INFO - [2026-07-12T16:20:32.506+0000] {dagbag.py:545} INFO - Filling up the DagBag from /opt/airflow/dags/pipeline_datasets.py
[2026-07-12T16:20:32.514+0000] {processor.py:842} WARNING - No viable dags retrieved from /opt/airflow/dags/pipeline_datasets.py
[2026-07-12T16:20:32.528+0000] {processor.py:183} INFO - Processing /opt/airflow/dags/pipeline_datasets.py took 0.034 seconds
[2026-07-12T16:21:04.231+0000] {processor.py:161} INFO - Started process (PID=22439) to work on /opt/airflow/dags/pipeline_datasets.py
[2026-07-12T16:21:04.231+0000] {processor.py:830} INFO - Processing file /opt/airflow/dags/pipeline_datasets.py for tasks to queue
[2026-07-12T16:21:04.232+0000] {logging_mixin.py:188} INFO - [2026-07-12T16:21:04.232+0000] {dagbag.py:545} INFO - Filling up the DagBag from /opt/airflow/dags/pipeline_datasets.py
[2026-07-12T16:21:04.234+0000] {processor.py:842} WARNING - No viable dags retrieved from /opt/airflow/dags/pipeline_datasets.py
[2026-07-12T16:21:04.241+0000] {processor.py:183} INFO - Processing /opt/airflow/dags/pipeline_datasets.py took 0.014 seconds
[2026-07-12T16:21:35.483+0000] {processor.py:161} INFO - Started process (PID=22474) to work on /opt/airflow/dags/pipeline_datasets.py
[2026-07-12T16:21:35.484+0000] {processor.py:830} INFO - Processing file /opt/airflow/dags/pipeline_datasets.py for tasks to queue
[2026-07-12T16:21:35.487+0000] {logging_mixin.py:188} INFO - [2026-07-12T16:21:35.486+0000] {dagbag.py:545} INFO - Filling up the DagBag from /opt/airflow/dags/pipeline_datasets.py
[2026-07-12T16:21:35.492+0000] {processor.py:842} WARNING - No viable dags retrieved from /opt/airflow/dags/pipeline_datasets.py
[2026-07-12T16:21:35.505+0000] {processor.py:183} INFO - Processing /opt/airflow/dags/pipeline_datasets.py took 0.025 seconds
[2026-07-12T16:22:06.825+0000] {processor.py:161} INFO - Started process (PID=22511) to work on /opt/airflow/dags/pipeline_datasets.py
[2026-07-12T16:22:06.826+0000] {processor.py:830} INFO - Processing file /opt/airflow/dags/pipeline_datasets.py for tasks to queue
[2026-07-12T16:22:06.827+0000] {logging_mixin.py:188} INFO - [2026-07-12T16:22:06.827+0000] {dagbag.py:545} INFO - Filling up the DagBag from /opt/airflow/dags/pipeline_datasets.py
[2026-07-12T16:22:06.829+0000] {processor.py:842} WARNING - No viable dags retrieved from /opt/airflow/dags/pipeline_datasets.py
[2026-07-12T16:22:06.837+0000] {processor.py:183} INFO - Processing /opt/airflow/dags/pipeline_datasets.py took 0.015 seconds
[2026-07-12T16:22:37.967+0000] {processor.py:161} INFO - Started process (PID=22548) to work on /opt/airflow/dags/pipeline_datasets.py
[2026-07-12T16:22:37.967+0000] {processor.py:830} INFO - Processing file /opt/airflow/dags/pipeline_datasets.py for tasks to queue
[2026-07-12T16:22:37.970+0000] {logging_mixin.py:188} INFO - [2026-07-12T16:22:37.969+0000] {dagbag.py:545} INFO - Filling up the DagBag from /opt/airflow/dags/pipeline_datasets.py
[2026-07-12T16:22:37.973+0000] {processor.py:842} WARNING - No viable dags retrieved from /opt/airflow/dags/pipeline_datasets.py
[2026-07-12T16:22:37.981+0000] {processor.py:183} INFO - Processing /opt/airflow/dags/pipeline_datasets.py took 0.017 seconds
[2026-07-12T16:23:09.327+0000] {processor.py:161} INFO - Started process (PID=22585) to work on /opt/airflow/dags/pipeline_datasets.py
[2026-07-12T16:23:09.328+0000] {processor.py:830} INFO - Processing file /opt/airflow/dags/pipeline_datasets.py for tasks to queue
[2026-07-12T16:23:09.329+0000] {logging_mixin.py:188} INFO - [2026-07-12T16:23:09.329+0000] {dagbag.py:545} INFO - Filling up the DagBag from /opt/airflow/dags/pipeline_datasets.py
[2026-07-12T16:23:09.331+0000] {processor.py:842} WARNING - No viable dags retrieved from /opt/airflow/dags/pipeline_datasets.py
[2026-07-12T16:23:09.338+0000] {processor.py:183} INFO - Processing /opt/airflow/dags/pipeline_datasets.py took 0.015 seconds
[2026-07-12T16:23:40.631+0000] {processor.py:161} INFO - Started process (PID=22622) to work on /opt/airflow/dags/pipeline_datasets.py
[2026-07-12T16:23:40.631+0000] {processor.py:830} INFO - Processing file /opt/airflow/dags/pipeline_datasets.py for tasks to queue
[2026-07-12T16:23:40.632+0000] {logging_mixin.py:188} INFO - [2026-07-12T16:23:40.632+0000] {dagbag.py:545} INFO - Filling up the DagBag from /opt/airflow/dags/pipeline_datasets.py
[2026-07-12T16:23:40.638+0000] {processor.py:842} WARNING - No viable dags retrieved from /opt/airflow/dags/pipeline_datasets.py
[2026-07-12T16:23:40.651+0000] {processor.py:183} INFO - Processing /opt/airflow/dags/pipeline_datasets.py took 0.024 seconds
[2026-07-12T16:24:11.824+0000] {processor.py:161} INFO - Started process (PID=22659) to work on /opt/airflow/dags/pipeline_datasets.py
[2026-07-12T16:24:11.824+0000] {processor.py:830} INFO - Processing file /opt/airflow/dags/pipeline_datasets.py for tasks to queue
[2026-07-12T16:24:11.827+0000] {logging_mixin.py:188} INFO - [2026-07-12T16:24:11.826+0000] {dagbag.py:545} INFO - Filling up the DagBag from /opt/airflow/dags/pipeline_datasets.py
[2026-07-12T16:24:11.833+0000] {processor.py:842} WARNING - No viable dags retrieved from /opt/airflow/dags/pipeline_datasets.py
[2026-07-12T16:24:11.848+0000] {processor.py:183} INFO - Processing /opt/airflow/dags/pipeline_datasets.py took 0.026 seconds
[2026-07-12T16:24:43.222+0000] {processor.py:161} INFO - Started process (PID=22696) to work on /opt/airflow/dags/pipeline_datasets.py
[2026-07-12T16:24:43.223+0000] {processor.py:830} INFO - Processing file /opt/airflow/dags/pipeline_datasets.py for tasks to queue
[2026-07-12T16:24:43.224+0000] {logging_mixin.py:188} INFO - [2026-07-12T16:24:43.224+0000] {dagbag.py:545} INFO - Filling up the DagBag from /opt/airflow/dags/pipeline_datasets.py
[2026-07-12T16:24:43.228+0000] {processor.py:842} WARNING - No viable dags retrieved from /opt/airflow/dags/pipeline_datasets.py
[2026-07-12T16:24:43.239+0000] {processor.py:183} INFO - Processing /opt/airflow/dags/pipeline_datasets.py took 0.020 seconds
[2026-07-12T16:25:14.481+0000] {processor.py:161} INFO - Started process (PID=22734) to work on /opt/airflow/dags/pipeline_datasets.py
[2026-07-12T16:25:14.482+0000] {processor.py:830} INFO - Processing file /opt/airflow/dags/pipeline_datasets.py for tasks to queue
[2026-07-12T16:25:14.482+0000] {logging_mixin.py:188} INFO - [2026-07-12T16:25:14.482+0000] {dagbag.py:545} INFO - Filling up the DagBag from /opt/airflow/dags/pipeline_datasets.py
[2026-07-12T16:25:14.484+0000] {processor.py:842} WARNING - No viable dags retrieved from /opt/airflow/dags/pipeline_datasets.py
[2026-07-12T16:25:14.490+0000] {processor.py:183} INFO - Processing /opt/airflow/dags/pipeline_datasets.py took 0.013 seconds
[2026-07-12T16:25:45.732+0000] {processor.py:161} INFO - Started process (PID=22770) to work on /opt/airflow/dags/pipeline_datasets.py
[2026-07-12T16:25:45.733+0000] {processor.py:830} INFO - Processing file /opt/airflow/dags/pipeline_datasets.py for tasks to queue
[2026-07-12T16:25:45.734+0000] {logging_mixin.py:188} INFO - [2026-07-12T16:25:45.734+0000] {dagbag.py:545} INFO - Filling up the DagBag from /opt/airflow/dags/pipeline_datasets.py
[2026-07-12T16:25:45.739+0000] {processor.py:842} WARNING - No viable dags retrieved from /opt/airflow/dags/pipeline_datasets.py
[2026-07-12T16:25:45.747+0000] {processor.py:183} INFO - Processing /opt/airflow/dags/pipeline_datasets.py took 0.018 seconds
[2026-07-12T16:26:17.020+0000] {processor.py:161} INFO - Started process (PID=22807) to work on /opt/airflow/dags/pipeline_datasets.py
[2026-07-12T16:26:17.021+0000] {processor.py:830} INFO - Processing file /opt/airflow/dags/pipeline_datasets.py for tasks to queue
[2026-07-12T16:26:17.023+0000] {logging_mixin.py:188} INFO - [2026-07-12T16:26:17.023+0000] {dagbag.py:545} INFO - Filling up the DagBag from /opt/airflow/dags/pipeline_datasets.py
[2026-07-12T16:26:17.025+0000] {processor.py:842} WARNING - No viable dags retrieved from /opt/airflow/dags/pipeline_datasets.py
[2026-07-12T16:26:17.037+0000] {processor.py:183} INFO - Processing /opt/airflow/dags/pipeline_datasets.py took 0.021 seconds
[2026-07-12T16:26:48.939+0000] {processor.py:161} INFO - Started process (PID=22844) to work on /opt/airflow/dags/pipeline_datasets.py
[2026-07-12T16:26:48.940+0000] {processor.py:830} INFO - Processing file /opt/airflow/dags/pipeline_datasets.py for tasks to queue
[2026-07-12T16:26:48.941+0000] {logging_mixin.py:188} INFO - [2026-07-12T16:26:48.941+0000] {dagbag.py:545} INFO - Filling up the DagBag from /opt/airflow/dags/pipeline_datasets.py
[2026-07-12T16:26:48.946+0000] {processor.py:842} WARNING - No viable dags retrieved from /opt/airflow/dags/pipeline_datasets.py
[2026-07-12T16:26:48.957+0000] {processor.py:183} INFO - Processing /opt/airflow/dags/pipeline_datasets.py took 0.023 seconds
[2026-07-12T16:27:20.196+0000] {processor.py:161} INFO - Started process (PID=22883) to work on /opt/airflow/dags/pipeline_datasets.py
[2026-07-12T16:27:20.197+0000] {processor.py:830} INFO - Processing file /opt/airflow/dags/pipeline_datasets.py for tasks to queue
[2026-07-12T16:27:20.197+0000] {logging_mixin.py:188} INFO - [2026-07-12T16:27:20.197+0000] {dagbag.py:545} INFO - Filling up the DagBag from /opt/airflow/dags/pipeline_datasets.py
[2026-07-12T16:27:20.199+0000] {processor.py:842} WARNING - No viable dags retrieved from /opt/airflow/dags/pipeline_datasets.py
[2026-07-12T16:27:20.207+0000] {processor.py:183} INFO - Processing /opt/airflow/dags/pipeline_datasets.py took 0.014 seconds
[2026-07-12T16:27:51.291+0000] {processor.py:161} INFO - Started process (PID=22920) to work on /opt/airflow/dags/pipeline_datasets.py
[2026-07-12T16:27:51.292+0000] {processor.py:830} INFO - Processing file /opt/airflow/dags/pipeline_datasets.py for tasks to queue
[2026-07-12T16:27:51.293+0000] {logging_mixin.py:188} INFO - [2026-07-12T16:27:51.292+0000] {dagbag.py:545} INFO - Filling up the DagBag from /opt/airflow/dags/pipeline_datasets.py
[2026-07-12T16:27:51.295+0000] {processor.py:842} WARNING - No viable dags retrieved from /opt/airflow/dags/pipeline_datasets.py
[2026-07-12T16:27:51.301+0000] {processor.py:183} INFO - Processing /opt/airflow/dags/pipeline_datasets.py took 0.013 seconds
[2026-07-12T16:28:22.456+0000] {processor.py:161} INFO - Started process (PID=22955) to work on /opt/airflow/dags/pipeline_datasets.py
[2026-07-12T16:28:22.457+0000] {processor.py:830} INFO - Processing file /opt/airflow/dags/pipeline_datasets.py for tasks to queue
[2026-07-12T16:28:22.457+0000] {logging_mixin.py:188} INFO - [2026-07-12T16:28:22.457+0000] {dagbag.py:545} INFO - Filling up the DagBag from /opt/airflow/dags/pipeline_datasets.py
[2026-07-12T16:28:22.459+0000] {processor.py:842} WARNING - No viable dags retrieved from /opt/airflow/dags/pipeline_datasets.py
[2026-07-12T16:28:22.465+0000] {processor.py:183} INFO - Processing /opt/airflow/dags/pipeline_datasets.py took 0.013 seconds
[2026-07-12T16:28:53.610+0000] {processor.py:161} INFO - Started process (PID=22992) to work on /opt/airflow/dags/pipeline_datasets.py
[2026-07-12T16:28:53.611+0000] {processor.py:830} INFO - Processing file /opt/airflow/dags/pipeline_datasets.py for tasks to queue
[2026-07-12T16:28:53.613+0000] {logging_mixin.py:188} INFO - [2026-07-12T16:28:53.613+0000] {dagbag.py:545} INFO - Filling up the DagBag from /opt/airflow/dags/pipeline_datasets.py
[2026-07-12T16:28:53.616+0000] {processor.py:842} WARNING - No viable dags retrieved from /opt/airflow/dags/pipeline_datasets.py
[2026-07-12T16:28:53.623+0000] {processor.py:183} INFO - Processing /opt/airflow/dags/pipeline_datasets.py took 0.016 seconds
[2026-07-12T16:29:25.028+0000] {processor.py:161} INFO - Started process (PID=23029) to work on /opt/airflow/dags/pipeline_datasets.py
[2026-07-12T16:29:25.029+0000] {processor.py:830} INFO - Processing file /opt/airflow/dags/pipeline_datasets.py for tasks to queue
[2026-07-12T16:29:25.030+0000] {logging_mixin.py:188} INFO - [2026-07-12T16:29:25.030+0000] {dagbag.py:545} INFO - Filling up the DagBag from /opt/airflow/dags/pipeline_datasets.py
[2026-07-12T16:29:25.033+0000] {processor.py:842} WARNING - No viable dags retrieved from /opt/airflow/dags/pipeline_datasets.py
[2026-07-12T16:29:25.040+0000] {processor.py:183} INFO - Processing /opt/airflow/dags/pipeline_datasets.py took 0.018 seconds
[2026-07-12T16:29:56.276+0000] {processor.py:161} INFO - Started process (PID=23066) to work on /opt/airflow/dags/pipeline_datasets.py
[2026-07-12T16:29:56.278+0000] {processor.py:830} INFO - Processing file /opt/airflow/dags/pipeline_datasets.py for tasks to queue
[2026-07-12T16:29:56.280+0000] {logging_mixin.py:188} INFO - [2026-07-12T16:29:56.279+0000] {dagbag.py:545} INFO - Filling up the DagBag from /opt/airflow/dags/pipeline_datasets.py
[2026-07-12T16:29:56.281+0000] {processor.py:842} WARNING - No viable dags retrieved from /opt/airflow/dags/pipeline_datasets.py
[2026-07-12T16:29:56.289+0000] {processor.py:183} INFO - Processing /opt/airflow/dags/pipeline_datasets.py took 0.016 seconds
[2026-07-12T16:30:27.435+0000] {processor.py:161} INFO - Started process (PID=23103) to work on /opt/airflow/dags/pipeline_datasets.py
[2026-07-12T16:30:27.436+0000] {processor.py:830} INFO - Processing file /opt/airflow/dags/pipeline_datasets.py for tasks to queue
[2026-07-12T16:30:27.438+0000] {logging_mixin.py:188} INFO - [2026-07-12T16:30:27.438+0000] {dagbag.py:545} INFO - Filling up the DagBag from /opt/airflow/dags/pipeline_datasets.py
[2026-07-12T16:30:27.441+0000] {processor.py:842} WARNING - No viable dags retrieved from /opt/airflow/dags/pipeline_datasets.py
[2026-07-12T16:30:27.450+0000] {processor.py:183} INFO - Processing /opt/airflow/dags/pipeline_datasets.py took 0.018 seconds
[2026-07-12T16:30:58.836+0000] {processor.py:161} INFO - Started process (PID=23140) to work on /opt/airflow/dags/pipeline_datasets.py
[2026-07-12T16:30:58.836+0000] {processor.py:830} INFO - Processing file /opt/airflow/dags/pipeline_datasets.py for tasks to queue
[2026-07-12T16:30:58.837+0000] {logging_mixin.py:188} INFO - [2026-07-12T16:30:58.837+0000] {dagbag.py:545} INFO - Filling up the DagBag from /opt/airflow/dags/pipeline_datasets.py
[2026-07-12T16:30:58.840+0000] {processor.py:842} WARNING - No viable dags retrieved from /opt/airflow/dags/pipeline_datasets.py
[2026-07-12T16:30:58.846+0000] {processor.py:183} INFO - Processing /opt/airflow/dags/pipeline_datasets.py took 0.013 seconds
[2026-07-12T16:31:30.001+0000] {processor.py:161} INFO - Started process (PID=23179) to work on /opt/airflow/dags/pipeline_datasets.py
[2026-07-12T16:31:30.002+0000] {processor.py:830} INFO - Processing file /opt/airflow/dags/pipeline_datasets.py for tasks to queue
[2026-07-12T16:31:30.003+0000] {logging_mixin.py:188} INFO - [2026-07-12T16:31:30.003+0000] {dagbag.py:545} INFO - Filling up the DagBag from /opt/airflow/dags/pipeline_datasets.py
[2026-07-12T16:31:30.006+0000] {processor.py:842} WARNING - No viable dags retrieved from /opt/airflow/dags/pipeline_datasets.py
[2026-07-12T16:31:30.013+0000] {processor.py:183} INFO - Processing /opt/airflow/dags/pipeline_datasets.py took 0.015 seconds
[2026-07-12T16:32:01.363+0000] {processor.py:161} INFO - Started process (PID=23216) to work on /opt/airflow/dags/pipeline_datasets.py
[2026-07-12T16:32:01.363+0000] {processor.py:830} INFO - Processing file /opt/airflow/dags/pipeline_datasets.py for tasks to queue
[2026-07-12T16:32:01.364+0000] {logging_mixin.py:188} INFO - [2026-07-12T16:32:01.364+0000] {dagbag.py:545} INFO - Filling up the DagBag from /opt/airflow/dags/pipeline_datasets.py
[2026-07-12T16:32:01.366+0000] {processor.py:842} WARNING - No viable dags retrieved from /opt/airflow/dags/pipeline_datasets.py
[2026-07-12T16:32:01.373+0000] {processor.py:183} INFO - Processing /opt/airflow/dags/pipeline_datasets.py took 0.014 seconds
[2026-07-12T16:32:32.658+0000] {processor.py:161} INFO - Started process (PID=23251) to work on /opt/airflow/dags/pipeline_datasets.py
[2026-07-12T16:32:32.659+0000] {processor.py:830} INFO - Processing file /opt/airflow/dags/pipeline_datasets.py for tasks to queue
[2026-07-12T16:32:32.660+0000] {logging_mixin.py:188} INFO - [2026-07-12T16:32:32.659+0000] {dagbag.py:545} INFO - Filling up the DagBag from /opt/airflow/dags/pipeline_datasets.py
[2026-07-12T16:32:32.665+0000] {processor.py:842} WARNING - No viable dags retrieved from /opt/airflow/dags/pipeline_datasets.py
[2026-07-12T16:32:32.674+0000] {processor.py:183} INFO - Processing /opt/airflow/dags/pipeline_datasets.py took 0.020 seconds
[2026-07-12T16:33:04.188+0000] {processor.py:161} INFO - Started process (PID=23295) to work on /opt/airflow/dags/pipeline_datasets.py
[2026-07-12T16:33:04.189+0000] {processor.py:830} INFO - Processing file /opt/airflow/dags/pipeline_datasets.py for tasks to queue
[2026-07-12T16:33:04.190+0000] {logging_mixin.py:188} INFO - [2026-07-12T16:33:04.190+0000] {dagbag.py:545} INFO - Filling up the DagBag from /opt/airflow/dags/pipeline_datasets.py
[2026-07-12T16:33:04.193+0000] {processor.py:842} WARNING - No viable dags retrieved from /opt/airflow/dags/pipeline_datasets.py
[2026-07-12T16:33:04.200+0000] {processor.py:183} INFO - Processing /opt/airflow/dags/pipeline_datasets.py took 0.016 seconds
[2026-07-12T16:33:35.401+0000] {processor.py:161} INFO - Started process (PID=23330) to work on /opt/airflow/dags/pipeline_datasets.py
[2026-07-12T16:33:35.402+0000] {processor.py:830} INFO - Processing file /opt/airflow/dags/pipeline_datasets.py for tasks to queue
[2026-07-12T16:33:35.405+0000] {logging_mixin.py:188} INFO - [2026-07-12T16:33:35.404+0000] {dagbag.py:545} INFO - Filling up the DagBag from /opt/airflow/dags/pipeline_datasets.py
[2026-07-12T16:33:35.411+0000] {processor.py:842} WARNING - No viable dags retrieved from /opt/airflow/dags/pipeline_datasets.py
[2026-07-12T16:33:35.422+0000] {processor.py:183} INFO - Processing /opt/airflow/dags/pipeline_datasets.py took 0.024 seconds
[2026-07-12T16:34:06.649+0000] {processor.py:161} INFO - Started process (PID=23367) to work on /opt/airflow/dags/pipeline_datasets.py
[2026-07-12T16:34:06.650+0000] {processor.py:830} INFO - Processing file /opt/airflow/dags/pipeline_datasets.py for tasks to queue
[2026-07-12T16:34:06.652+0000] {logging_mixin.py:188} INFO - [2026-07-12T16:34:06.652+0000] {dagbag.py:545} INFO - Filling up the DagBag from /opt/airflow/dags/pipeline_datasets.py
[2026-07-12T16:34:06.656+0000] {processor.py:842} WARNING - No viable dags retrieved from /opt/airflow/dags/pipeline_datasets.py
[2026-07-12T16:34:06.668+0000] {processor.py:183} INFO - Processing /opt/airflow/dags/pipeline_datasets.py took 0.023 seconds
[2026-07-12T16:34:37.761+0000] {processor.py:161} INFO - Started process (PID=23404) to work on /opt/airflow/dags/pipeline_datasets.py
[2026-07-12T16:34:37.762+0000] {processor.py:830} INFO - Processing file /opt/airflow/dags/pipeline_datasets.py for tasks to queue
[2026-07-12T16:34:37.762+0000] {logging_mixin.py:188} INFO - [2026-07-12T16:34:37.762+0000] {dagbag.py:545} INFO - Filling up the DagBag from /opt/airflow/dags/pipeline_datasets.py
[2026-07-12T16:34:37.767+0000] {processor.py:842} WARNING - No viable dags retrieved from /opt/airflow/dags/pipeline_datasets.py
[2026-07-12T16:34:37.776+0000] {processor.py:183} INFO - Processing /opt/airflow/dags/pipeline_datasets.py took 0.019 seconds
[2026-07-12T16:35:08.991+0000] {processor.py:161} INFO - Started process (PID=23441) to work on /opt/airflow/dags/pipeline_datasets.py
[2026-07-12T16:35:08.992+0000] {processor.py:830} INFO - Processing file /opt/airflow/dags/pipeline_datasets.py for tasks to queue
[2026-07-12T16:35:08.993+0000] {logging_mixin.py:188} INFO - [2026-07-12T16:35:08.993+0000] {dagbag.py:545} INFO - Filling up the DagBag from /opt/airflow/dags/pipeline_datasets.py
[2026-07-12T16:35:08.997+0000] {processor.py:842} WARNING - No viable dags retrieved from /opt/airflow/dags/pipeline_datasets.py
[2026-07-12T16:35:09.009+0000] {processor.py:183} INFO - Processing /opt/airflow/dags/pipeline_datasets.py took 0.021 seconds
[2026-07-12T16:35:40.187+0000] {processor.py:161} INFO - Started process (PID=23478) to work on /opt/airflow/dags/pipeline_datasets.py
[2026-07-12T16:35:40.188+0000] {processor.py:830} INFO - Processing file /opt/airflow/dags/pipeline_datasets.py for tasks to queue
[2026-07-12T16:35:40.190+0000] {logging_mixin.py:188} INFO - [2026-07-12T16:35:40.189+0000] {dagbag.py:545} INFO - Filling up the DagBag from /opt/airflow/dags/pipeline_datasets.py
[2026-07-12T16:35:40.195+0000] {processor.py:842} WARNING - No viable dags retrieved from /opt/airflow/dags/pipeline_datasets.py
[2026-07-12T16:35:40.205+0000] {processor.py:183} INFO - Processing /opt/airflow/dags/pipeline_datasets.py took 0.021 seconds
[2026-07-12T16:36:11.320+0000] {processor.py:161} INFO - Started process (PID=23516) to work on /opt/airflow/dags/pipeline_datasets.py
[2026-07-12T16:36:11.321+0000] {processor.py:830} INFO - Processing file /opt/airflow/dags/pipeline_datasets.py for tasks to queue
[2026-07-12T16:36:11.322+0000] {logging_mixin.py:188} INFO - [2026-07-12T16:36:11.322+0000] {dagbag.py:545} INFO - Filling up the DagBag from /opt/airflow/dags/pipeline_datasets.py
[2026-07-12T16:36:11.324+0000] {processor.py:842} WARNING - No viable dags retrieved from /opt/airflow/dags/pipeline_datasets.py
[2026-07-12T16:36:11.330+0000] {processor.py:183} INFO - Processing /opt/airflow/dags/pipeline_datasets.py took 0.015 seconds
[2026-07-12T16:36:42.424+0000] {processor.py:161} INFO - Started process (PID=23552) to work on /opt/airflow/dags/pipeline_datasets.py
[2026-07-12T16:36:42.425+0000] {processor.py:830} INFO - Processing file /opt/airflow/dags/pipeline_datasets.py for tasks to queue
[2026-07-12T16:36:42.426+0000] {logging_mixin.py:188} INFO - [2026-07-12T16:36:42.426+0000] {dagbag.py:545} INFO - Filling up the DagBag from /opt/airflow/dags/pipeline_datasets.py
[2026-07-12T16:36:42.428+0000] {processor.py:842} WARNING - No viable dags retrieved from /opt/airflow/dags/pipeline_datasets.py
[2026-07-12T16:36:42.434+0000] {processor.py:183} INFO - Processing /opt/airflow/dags/pipeline_datasets.py took 0.013 seconds
[2026-07-12T16:37:14.216+0000] {processor.py:161} INFO - Started process (PID=23590) to work on /opt/airflow/dags/pipeline_datasets.py
[2026-07-12T16:37:14.217+0000] {processor.py:830} INFO - Processing file /opt/airflow/dags/pipeline_datasets.py for tasks to queue
[2026-07-12T16:37:14.218+0000] {logging_mixin.py:188} INFO - [2026-07-12T16:37:14.218+0000] {dagbag.py:545} INFO - Filling up the DagBag from /opt/airflow/dags/pipeline_datasets.py
[2026-07-12T16:37:14.220+0000] {processor.py:842} WARNING - No viable dags retrieved from /opt/airflow/dags/pipeline_datasets.py
[2026-07-12T16:37:14.228+0000] {processor.py:183} INFO - Processing /opt/airflow/dags/pipeline_datasets.py took 0.015 seconds
[2026-07-12T16:37:45.476+0000] {processor.py:161} INFO - Started process (PID=23626) to work on /opt/airflow/dags/pipeline_datasets.py
[2026-07-12T16:37:45.476+0000] {processor.py:830} INFO - Processing file /opt/airflow/dags/pipeline_datasets.py for tasks to queue
[2026-07-12T16:37:45.477+0000] {logging_mixin.py:188} INFO - [2026-07-12T16:37:45.477+0000] {dagbag.py:545} INFO - Filling up the DagBag from /opt/airflow/dags/pipeline_datasets.py
[2026-07-12T16:37:45.481+0000] {processor.py:842} WARNING - No viable dags retrieved from /opt/airflow/dags/pipeline_datasets.py
[2026-07-12T16:37:45.489+0000] {processor.py:183} INFO - Processing /opt/airflow/dags/pipeline_datasets.py took 0.018 seconds
[2026-07-12T16:38:16.675+0000] {processor.py:161} INFO - Started process (PID=23663) to work on /opt/airflow/dags/pipeline_datasets.py
[2026-07-12T16:38:16.675+0000] {processor.py:830} INFO - Processing file /opt/airflow/dags/pipeline_datasets.py for tasks to queue
[2026-07-12T16:38:16.678+0000] {logging_mixin.py:188} INFO - [2026-07-12T16:38:16.677+0000] {dagbag.py:545} INFO - Filling up the DagBag from /opt/airflow/dags/pipeline_datasets.py
[2026-07-12T16:38:16.681+0000] {processor.py:842} WARNING - No viable dags retrieved from /opt/airflow/dags/pipeline_datasets.py
[2026-07-12T16:38:16.691+0000] {processor.py:183} INFO - Processing /opt/airflow/dags/pipeline_datasets.py took 0.020 seconds
[2026-07-12T16:38:48.444+0000] {processor.py:161} INFO - Started process (PID=23700) to work on /opt/airflow/dags/pipeline_datasets.py
[2026-07-12T16:38:48.445+0000] {processor.py:830} INFO - Processing file /opt/airflow/dags/pipeline_datasets.py for tasks to queue
[2026-07-12T16:38:48.446+0000] {logging_mixin.py:188} INFO - [2026-07-12T16:38:48.446+0000] {dagbag.py:545} INFO - Filling up the DagBag from /opt/airflow/dags/pipeline_datasets.py
[2026-07-12T16:38:48.449+0000] {processor.py:842} WARNING - No viable dags retrieved from /opt/airflow/dags/pipeline_datasets.py
[2026-07-12T16:38:48.457+0000] {processor.py:183} INFO - Processing /opt/airflow/dags/pipeline_datasets.py took 0.018 seconds
[2026-07-12T16:39:19.541+0000] {processor.py:161} INFO - Started process (PID=23735) to work on /opt/airflow/dags/pipeline_datasets.py
[2026-07-12T16:39:19.542+0000] {processor.py:830} INFO - Processing file /opt/airflow/dags/pipeline_datasets.py for tasks to queue
[2026-07-12T16:39:19.544+0000] {logging_mixin.py:188} INFO - [2026-07-12T16:39:19.543+0000] {dagbag.py:545} INFO - Filling up the DagBag from /opt/airflow/dags/pipeline_datasets.py
[2026-07-12T16:39:19.546+0000] {processor.py:842} WARNING - No viable dags retrieved from /opt/airflow/dags/pipeline_datasets.py
[2026-07-12T16:39:19.558+0000] {processor.py:183} INFO - Processing /opt/airflow/dags/pipeline_datasets.py took 0.021 seconds
[2026-07-12T16:39:50.906+0000] {processor.py:161} INFO - Started process (PID=23774) to work on /opt/airflow/dags/pipeline_datasets.py
[2026-07-12T16:39:50.907+0000] {processor.py:830} INFO - Processing file /opt/airflow/dags/pipeline_datasets.py for tasks to queue
[2026-07-12T16:39:50.909+0000] {logging_mixin.py:188} INFO - [2026-07-12T16:39:50.909+0000] {dagbag.py:545} INFO - Filling up the DagBag from /opt/airflow/dags/pipeline_datasets.py
[2026-07-12T16:39:50.916+0000] {processor.py:842} WARNING - No viable dags retrieved from /opt/airflow/dags/pipeline_datasets.py
[2026-07-12T16:39:50.926+0000] {processor.py:183} INFO - Processing /opt/airflow/dags/pipeline_datasets.py took 0.024 seconds
[2026-07-12T16:40:22.231+0000] {processor.py:161} INFO - Started process (PID=23811) to work on /opt/airflow/dags/pipeline_datasets.py
[2026-07-12T16:40:22.232+0000] {processor.py:830} INFO - Processing file /opt/airflow/dags/pipeline_datasets.py for tasks to queue
[2026-07-12T16:40:22.233+0000] {logging_mixin.py:188} INFO - [2026-07-12T16:40:22.233+0000] {dagbag.py:545} INFO - Filling up the DagBag from /opt/airflow/dags/pipeline_datasets.py
[2026-07-12T16:40:22.238+0000] {processor.py:842} WARNING - No viable dags retrieved from /opt/airflow/dags/pipeline_datasets.py
[2026-07-12T16:40:22.246+0000] {processor.py:183} INFO - Processing /opt/airflow/dags/pipeline_datasets.py took 0.018 seconds
[2026-07-12T16:40:53.513+0000] {processor.py:161} INFO - Started process (PID=23850) to work on /opt/airflow/dags/pipeline_datasets.py
[2026-07-12T16:40:53.514+0000] {processor.py:830} INFO - Processing file /opt/airflow/dags/pipeline_datasets.py for tasks to queue
[2026-07-12T16:40:53.515+0000] {logging_mixin.py:188} INFO - [2026-07-12T16:40:53.514+0000] {dagbag.py:545} INFO - Filling up the DagBag from /opt/airflow/dags/pipeline_datasets.py
[2026-07-12T16:40:53.517+0000] {processor.py:842} WARNING - No viable dags retrieved from /opt/airflow/dags/pipeline_datasets.py
[2026-07-12T16:40:53.524+0000] {processor.py:183} INFO - Processing /opt/airflow/dags/pipeline_datasets.py took 0.015 seconds
[2026-07-12T16:41:24.690+0000] {processor.py:161} INFO - Started process (PID=23885) to work on /opt/airflow/dags/pipeline_datasets.py
[2026-07-12T16:41:24.692+0000] {processor.py:830} INFO - Processing file /opt/airflow/dags/pipeline_datasets.py for tasks to queue
[2026-07-12T16:41:24.693+0000] {logging_mixin.py:188} INFO - [2026-07-12T16:41:24.693+0000] {dagbag.py:545} INFO - Filling up the DagBag from /opt/airflow/dags/pipeline_datasets.py
[2026-07-12T16:41:24.697+0000] {processor.py:842} WARNING - No viable dags retrieved from /opt/airflow/dags/pipeline_datasets.py
[2026-07-12T16:41:24.707+0000] {processor.py:183} INFO - Processing /opt/airflow/dags/pipeline_datasets.py took 0.020 seconds
[2026-07-12T16:41:56.128+0000] {processor.py:161} INFO - Started process (PID=23922) to work on /opt/airflow/dags/pipeline_datasets.py
[2026-07-12T16:41:56.129+0000] {processor.py:830} INFO - Processing file /opt/airflow/dags/pipeline_datasets.py for tasks to queue
[2026-07-12T16:41:56.130+0000] {logging_mixin.py:188} INFO - [2026-07-12T16:41:56.129+0000] {dagbag.py:545} INFO - Filling up the DagBag from /opt/airflow/dags/pipeline_datasets.py
[2026-07-12T16:41:56.132+0000] {processor.py:842} WARNING - No viable dags retrieved from /opt/airflow/dags/pipeline_datasets.py
[2026-07-12T16:41:56.145+0000] {processor.py:183} INFO - Processing /opt/airflow/dags/pipeline_datasets.py took 0.022 seconds
[2026-07-12T16:42:27.277+0000] {processor.py:161} INFO - Started process (PID=23959) to work on /opt/airflow/dags/pipeline_datasets.py
[2026-07-12T16:42:27.278+0000] {processor.py:830} INFO - Processing file /opt/airflow/dags/pipeline_datasets.py for tasks to queue
[2026-07-12T16:42:27.279+0000] {logging_mixin.py:188} INFO - [2026-07-12T16:42:27.279+0000] {dagbag.py:545} INFO - Filling up the DagBag from /opt/airflow/dags/pipeline_datasets.py
[2026-07-12T16:42:27.283+0000] {processor.py:842} WARNING - No viable dags retrieved from /opt/airflow/dags/pipeline_datasets.py
[2026-07-12T16:42:27.294+0000] {processor.py:183} INFO - Processing /opt/airflow/dags/pipeline_datasets.py took 0.021 seconds
[2026-07-12T16:42:58.627+0000] {processor.py:161} INFO - Started process (PID=23996) to work on /opt/airflow/dags/pipeline_datasets.py
[2026-07-12T16:42:58.627+0000] {processor.py:830} INFO - Processing file /opt/airflow/dags/pipeline_datasets.py for tasks to queue
[2026-07-12T16:42:58.628+0000] {logging_mixin.py:188} INFO - [2026-07-12T16:42:58.628+0000] {dagbag.py:545} INFO - Filling up the DagBag from /opt/airflow/dags/pipeline_datasets.py
[2026-07-12T16:42:58.630+0000] {processor.py:842} WARNING - No viable dags retrieved from /opt/airflow/dags/pipeline_datasets.py
[2026-07-12T16:42:58.638+0000] {processor.py:183} INFO - Processing /opt/airflow/dags/pipeline_datasets.py took 0.015 seconds
[2026-07-12T16:43:29.829+0000] {processor.py:161} INFO - Started process (PID=24033) to work on /opt/airflow/dags/pipeline_datasets.py
[2026-07-12T16:43:29.830+0000] {processor.py:830} INFO - Processing file /opt/airflow/dags/pipeline_datasets.py for tasks to queue
[2026-07-12T16:43:29.831+0000] {logging_mixin.py:188} INFO - [2026-07-12T16:43:29.831+0000] {dagbag.py:545} INFO - Filling up the DagBag from /opt/airflow/dags/pipeline_datasets.py
[2026-07-12T16:43:29.834+0000] {processor.py:842} WARNING - No viable dags retrieved from /opt/airflow/dags/pipeline_datasets.py
[2026-07-12T16:43:29.846+0000] {processor.py:183} INFO - Processing /opt/airflow/dags/pipeline_datasets.py took 0.021 seconds
[2026-07-12T16:44:01.489+0000] {processor.py:161} INFO - Started process (PID=24072) to work on /opt/airflow/dags/pipeline_datasets.py
[2026-07-12T16:44:01.489+0000] {processor.py:830} INFO - Processing file /opt/airflow/dags/pipeline_datasets.py for tasks to queue
[2026-07-12T16:44:01.490+0000] {logging_mixin.py:188} INFO - [2026-07-12T16:44:01.490+0000] {dagbag.py:545} INFO - Filling up the DagBag from /opt/airflow/dags/pipeline_datasets.py
[2026-07-12T16:44:01.493+0000] {processor.py:842} WARNING - No viable dags retrieved from /opt/airflow/dags/pipeline_datasets.py
[2026-07-12T16:44:01.500+0000] {processor.py:183} INFO - Processing /opt/airflow/dags/pipeline_datasets.py took 0.015 seconds
[2026-07-12T16:44:33.196+0000] {processor.py:161} INFO - Started process (PID=24107) to work on /opt/airflow/dags/pipeline_datasets.py
[2026-07-12T16:44:33.196+0000] {processor.py:830} INFO - Processing file /opt/airflow/dags/pipeline_datasets.py for tasks to queue
[2026-07-12T16:44:33.198+0000] {logging_mixin.py:188} INFO - [2026-07-12T16:44:33.197+0000] {dagbag.py:545} INFO - Filling up the DagBag from /opt/airflow/dags/pipeline_datasets.py
[2026-07-12T16:44:33.200+0000] {processor.py:842} WARNING - No viable dags retrieved from /opt/airflow/dags/pipeline_datasets.py
[2026-07-12T16:44:33.208+0000] {processor.py:183} INFO - Processing /opt/airflow/dags/pipeline_datasets.py took 0.017 seconds
[2026-07-12T16:45:03.794+0000] {processor.py:161} INFO - Started process (PID=24138) to work on /opt/airflow/dags/pipeline_datasets.py
[2026-07-12T16:45:03.795+0000] {processor.py:830} INFO - Processing file /opt/airflow/dags/pipeline_datasets.py for tasks to queue
[2026-07-12T16:45:03.796+0000] {logging_mixin.py:188} INFO - [2026-07-12T16:45:03.796+0000] {dagbag.py:545} INFO - Filling up the DagBag from /opt/airflow/dags/pipeline_datasets.py
[2026-07-12T16:45:03.798+0000] {processor.py:842} WARNING - No viable dags retrieved from /opt/airflow/dags/pipeline_datasets.py
[2026-07-12T16:45:03.806+0000] {processor.py:183} INFO - Processing /opt/airflow/dags/pipeline_datasets.py took 0.016 seconds
[2026-07-12T16:45:33.862+0000] {processor.py:161} INFO - Started process (PID=24168) to work on /opt/airflow/dags/pipeline_datasets.py
[2026-07-12T16:45:33.864+0000] {processor.py:830} INFO - Processing file /opt/airflow/dags/pipeline_datasets.py for tasks to queue
[2026-07-12T16:45:33.865+0000] {logging_mixin.py:188} INFO - [2026-07-12T16:45:33.865+0000] {dagbag.py:545} INFO - Filling up the DagBag from /opt/airflow/dags/pipeline_datasets.py
[2026-07-12T16:45:33.868+0000] {processor.py:842} WARNING - No viable dags retrieved from /opt/airflow/dags/pipeline_datasets.py
[2026-07-12T16:45:33.886+0000] {processor.py:183} INFO - Processing /opt/airflow/dags/pipeline_datasets.py took 0.033 seconds
[2026-07-12T16:46:04.103+0000] {processor.py:161} INFO - Started process (PID=24208) to work on /opt/airflow/dags/pipeline_datasets.py
[2026-07-12T16:46:04.104+0000] {processor.py:830} INFO - Processing file /opt/airflow/dags/pipeline_datasets.py for tasks to queue
[2026-07-12T16:46:04.105+0000] {logging_mixin.py:188} INFO - [2026-07-12T16:46:04.104+0000] {dagbag.py:545} INFO - Filling up the DagBag from /opt/airflow/dags/pipeline_datasets.py
[2026-07-12T16:46:04.106+0000] {processor.py:842} WARNING - No viable dags retrieved from /opt/airflow/dags/pipeline_datasets.py
[2026-07-12T16:46:04.113+0000] {processor.py:183} INFO - Processing /opt/airflow/dags/pipeline_datasets.py took 0.015 seconds
[2026-07-12T16:46:34.433+0000] {processor.py:161} INFO - Started process (PID=24245) to work on /opt/airflow/dags/pipeline_datasets.py
[2026-07-12T16:46:34.434+0000] {processor.py:830} INFO - Processing file /opt/airflow/dags/pipeline_datasets.py for tasks to queue
[2026-07-12T16:46:34.435+0000] {logging_mixin.py:188} INFO - [2026-07-12T16:46:34.435+0000] {dagbag.py:545} INFO - Filling up the DagBag from /opt/airflow/dags/pipeline_datasets.py
[2026-07-12T16:46:34.438+0000] {processor.py:842} WARNING - No viable dags retrieved from /opt/airflow/dags/pipeline_datasets.py
[2026-07-12T16:46:34.444+0000] {processor.py:183} INFO - Processing /opt/airflow/dags/pipeline_datasets.py took 0.014 seconds
[2026-07-12T16:47:04.700+0000] {processor.py:161} INFO - Started process (PID=24282) to work on /opt/airflow/dags/pipeline_datasets.py
[2026-07-12T16:47:04.701+0000] {processor.py:830} INFO - Processing file /opt/airflow/dags/pipeline_datasets.py for tasks to queue
[2026-07-12T16:47:04.701+0000] {logging_mixin.py:188} INFO - [2026-07-12T16:47:04.701+0000] {dagbag.py:545} INFO - Filling up the DagBag from /opt/airflow/dags/pipeline_datasets.py
[2026-07-12T16:47:04.704+0000] {processor.py:842} WARNING - No viable dags retrieved from /opt/airflow/dags/pipeline_datasets.py
[2026-07-12T16:47:04.710+0000] {processor.py:183} INFO - Processing /opt/airflow/dags/pipeline_datasets.py took 0.013 seconds
[2026-07-12T16:47:35.030+0000] {processor.py:161} INFO - Started process (PID=24319) to work on /opt/airflow/dags/pipeline_datasets.py
[2026-07-12T16:47:35.031+0000] {processor.py:830} INFO - Processing file /opt/airflow/dags/pipeline_datasets.py for tasks to queue
[2026-07-12T16:47:35.032+0000] {logging_mixin.py:188} INFO - [2026-07-12T16:47:35.032+0000] {dagbag.py:545} INFO - Filling up the DagBag from /opt/airflow/dags/pipeline_datasets.py
[2026-07-12T16:47:35.035+0000] {processor.py:842} WARNING - No viable dags retrieved from /opt/airflow/dags/pipeline_datasets.py
[2026-07-12T16:47:35.045+0000] {processor.py:183} INFO - Processing /opt/airflow/dags/pipeline_datasets.py took 0.021 seconds
[2026-07-12T16:48:05.125+0000] {processor.py:161} INFO - Started process (PID=24354) to work on /opt/airflow/dags/pipeline_datasets.py
[2026-07-12T16:48:05.125+0000] {processor.py:830} INFO - Processing file /opt/airflow/dags/pipeline_datasets.py for tasks to queue
[2026-07-12T16:48:05.128+0000] {logging_mixin.py:188} INFO - [2026-07-12T16:48:05.127+0000] {dagbag.py:545} INFO - Filling up the DagBag from /opt/airflow/dags/pipeline_datasets.py
[2026-07-12T16:48:05.131+0000] {processor.py:842} WARNING - No viable dags retrieved from /opt/airflow/dags/pipeline_datasets.py
[2026-07-12T16:48:05.147+0000] {processor.py:183} INFO - Processing /opt/airflow/dags/pipeline_datasets.py took 0.025 seconds
[2026-07-12T16:48:35.451+0000] {processor.py:161} INFO - Started process (PID=24393) to work on /opt/airflow/dags/pipeline_datasets.py
[2026-07-12T16:48:35.452+0000] {processor.py:830} INFO - Processing file /opt/airflow/dags/pipeline_datasets.py for tasks to queue
[2026-07-12T16:48:35.453+0000] {logging_mixin.py:188} INFO - [2026-07-12T16:48:35.453+0000] {dagbag.py:545} INFO - Filling up the DagBag from /opt/airflow/dags/pipeline_datasets.py
[2026-07-12T16:48:35.455+0000] {processor.py:842} WARNING - No viable dags retrieved from /opt/airflow/dags/pipeline_datasets.py
[2026-07-12T16:48:35.465+0000] {processor.py:183} INFO - Processing /opt/airflow/dags/pipeline_datasets.py took 0.028 seconds
[2026-07-12T16:49:05.768+0000] {processor.py:161} INFO - Started process (PID=24430) to work on /opt/airflow/dags/pipeline_datasets.py
[2026-07-12T16:49:05.769+0000] {processor.py:830} INFO - Processing file /opt/airflow/dags/pipeline_datasets.py for tasks to queue
[2026-07-12T16:49:05.771+0000] {logging_mixin.py:188} INFO - [2026-07-12T16:49:05.770+0000] {dagbag.py:545} INFO - Filling up the DagBag from /opt/airflow/dags/pipeline_datasets.py
[2026-07-12T16:49:05.773+0000] {processor.py:842} WARNING - No viable dags retrieved from /opt/airflow/dags/pipeline_datasets.py
[2026-07-12T16:49:05.781+0000] {processor.py:183} INFO - Processing /opt/airflow/dags/pipeline_datasets.py took 0.017 seconds
[2026-07-12T16:49:36.060+0000] {processor.py:161} INFO - Started process (PID=24467) to work on /opt/airflow/dags/pipeline_datasets.py
[2026-07-12T16:49:36.063+0000] {processor.py:830} INFO - Processing file /opt/airflow/dags/pipeline_datasets.py for tasks to queue
[2026-07-12T16:49:36.064+0000] {logging_mixin.py:188} INFO - [2026-07-12T16:49:36.064+0000] {dagbag.py:545} INFO - Filling up the DagBag from /opt/airflow/dags/pipeline_datasets.py
[2026-07-12T16:49:36.067+0000] {processor.py:842} WARNING - No viable dags retrieved from /opt/airflow/dags/pipeline_datasets.py
[2026-07-12T16:49:36.075+0000] {processor.py:183} INFO - Processing /opt/airflow/dags/pipeline_datasets.py took 0.028 seconds
[2026-07-12T16:50:06.275+0000] {processor.py:161} INFO - Started process (PID=24504) to work on /opt/airflow/dags/pipeline_datasets.py
[2026-07-12T16:50:06.276+0000] {processor.py:830} INFO - Processing file /opt/airflow/dags/pipeline_datasets.py for tasks to queue
[2026-07-12T16:50:06.277+0000] {logging_mixin.py:188} INFO - [2026-07-12T16:50:06.277+0000] {dagbag.py:545} INFO - Filling up the DagBag from /opt/airflow/dags/pipeline_datasets.py
[2026-07-12T16:50:06.280+0000] {processor.py:842} WARNING - No viable dags retrieved from /opt/airflow/dags/pipeline_datasets.py
[2026-07-12T16:50:06.287+0000] {processor.py:183} INFO - Processing /opt/airflow/dags/pipeline_datasets.py took 0.018 seconds
[2026-07-12T16:50:36.605+0000] {processor.py:161} INFO - Started process (PID=24541) to work on /opt/airflow/dags/pipeline_datasets.py
[2026-07-12T16:50:36.606+0000] {processor.py:830} INFO - Processing file /opt/airflow/dags/pipeline_datasets.py for tasks to queue
[2026-07-12T16:50:36.607+0000] {logging_mixin.py:188} INFO - [2026-07-12T16:50:36.607+0000] {dagbag.py:545} INFO - Filling up the DagBag from /opt/airflow/dags/pipeline_datasets.py
[2026-07-12T16:50:36.609+0000] {processor.py:842} WARNING - No viable dags retrieved from /opt/airflow/dags/pipeline_datasets.py
[2026-07-12T16:50:36.616+0000] {processor.py:183} INFO - Processing /opt/airflow/dags/pipeline_datasets.py took 0.015 seconds
[2026-07-12T16:51:07.149+0000] {processor.py:161} INFO - Started process (PID=24578) to work on /opt/airflow/dags/pipeline_datasets.py
[2026-07-12T16:51:07.149+0000] {processor.py:830} INFO - Processing file /opt/airflow/dags/pipeline_datasets.py for tasks to queue
[2026-07-12T16:51:07.150+0000] {logging_mixin.py:188} INFO - [2026-07-12T16:51:07.150+0000] {dagbag.py:545} INFO - Filling up the DagBag from /opt/airflow/dags/pipeline_datasets.py
[2026-07-12T16:51:07.152+0000] {processor.py:842} WARNING - No viable dags retrieved from /opt/airflow/dags/pipeline_datasets.py
[2026-07-12T16:51:07.159+0000] {processor.py:183} INFO - Processing /opt/airflow/dags/pipeline_datasets.py took 0.014 seconds
[2026-07-12T16:51:37.397+0000] {processor.py:161} INFO - Started process (PID=24615) to work on /opt/airflow/dags/pipeline_datasets.py
[2026-07-12T16:51:37.398+0000] {processor.py:830} INFO - Processing file /opt/airflow/dags/pipeline_datasets.py for tasks to queue
[2026-07-12T16:51:37.400+0000] {logging_mixin.py:188} INFO - [2026-07-12T16:51:37.399+0000] {dagbag.py:545} INFO - Filling up the DagBag from /opt/airflow/dags/pipeline_datasets.py
[2026-07-12T16:51:37.403+0000] {processor.py:842} WARNING - No viable dags retrieved from /opt/airflow/dags/pipeline_datasets.py
[2026-07-12T16:51:37.410+0000] {processor.py:183} INFO - Processing /opt/airflow/dags/pipeline_datasets.py took 0.016 seconds
[2026-07-12T16:52:08.108+0000] {processor.py:161} INFO - Started process (PID=24652) to work on /opt/airflow/dags/pipeline_datasets.py
[2026-07-12T16:52:08.108+0000] {processor.py:830} INFO - Processing file /opt/airflow/dags/pipeline_datasets.py for tasks to queue
[2026-07-12T16:52:08.109+0000] {logging_mixin.py:188} INFO - [2026-07-12T16:52:08.109+0000] {dagbag.py:545} INFO - Filling up the DagBag from /opt/airflow/dags/pipeline_datasets.py
[2026-07-12T16:52:08.111+0000] {processor.py:842} WARNING - No viable dags retrieved from /opt/airflow/dags/pipeline_datasets.py
[2026-07-12T16:52:08.118+0000] {processor.py:183} INFO - Processing /opt/airflow/dags/pipeline_datasets.py took 0.014 seconds
[2026-07-12T16:52:38.469+0000] {processor.py:161} INFO - Started process (PID=24689) to work on /opt/airflow/dags/pipeline_datasets.py
[2026-07-12T16:52:38.470+0000] {processor.py:830} INFO - Processing file /opt/airflow/dags/pipeline_datasets.py for tasks to queue
[2026-07-12T16:52:38.471+0000] {logging_mixin.py:188} INFO - [2026-07-12T16:52:38.471+0000] {dagbag.py:545} INFO - Filling up the DagBag from /opt/airflow/dags/pipeline_datasets.py
[2026-07-12T16:52:38.476+0000] {processor.py:842} WARNING - No viable dags retrieved from /opt/airflow/dags/pipeline_datasets.py
[2026-07-12T16:52:38.485+0000] {processor.py:183} INFO - Processing /opt/airflow/dags/pipeline_datasets.py took 0.021 seconds
[2026-07-12T16:53:08.761+0000] {processor.py:161} INFO - Started process (PID=24726) to work on /opt/airflow/dags/pipeline_datasets.py
[2026-07-12T16:53:08.761+0000] {processor.py:830} INFO - Processing file /opt/airflow/dags/pipeline_datasets.py for tasks to queue
[2026-07-12T16:53:08.762+0000] {logging_mixin.py:188} INFO - [2026-07-12T16:53:08.762+0000] {dagbag.py:545} INFO - Filling up the DagBag from /opt/airflow/dags/pipeline_datasets.py
[2026-07-12T16:53:08.766+0000] {processor.py:842} WARNING - No viable dags retrieved from /opt/airflow/dags/pipeline_datasets.py
[2026-07-12T16:53:08.772+0000] {processor.py:183} INFO - Processing /opt/airflow/dags/pipeline_datasets.py took 0.015 seconds
[2026-07-12T16:53:39.074+0000] {processor.py:161} INFO - Started process (PID=24763) to work on /opt/airflow/dags/pipeline_datasets.py
[2026-07-12T16:53:39.075+0000] {processor.py:830} INFO - Processing file /opt/airflow/dags/pipeline_datasets.py for tasks to queue
[2026-07-12T16:53:39.076+0000] {logging_mixin.py:188} INFO - [2026-07-12T16:53:39.076+0000] {dagbag.py:545} INFO - Filling up the DagBag from /opt/airflow/dags/pipeline_datasets.py
[2026-07-12T16:53:39.078+0000] {processor.py:842} WARNING - No viable dags retrieved from /opt/airflow/dags/pipeline_datasets.py
[2026-07-12T16:53:39.086+0000] {processor.py:183} INFO - Processing /opt/airflow/dags/pipeline_datasets.py took 0.016 seconds
[2026-07-12T16:54:09.712+0000] {processor.py:161} INFO - Started process (PID=24800) to work on /opt/airflow/dags/pipeline_datasets.py
[2026-07-12T16:54:09.713+0000] {processor.py:830} INFO - Processing file /opt/airflow/dags/pipeline_datasets.py for tasks to queue
[2026-07-12T16:54:09.715+0000] {logging_mixin.py:188} INFO - [2026-07-12T16:54:09.714+0000] {dagbag.py:545} INFO - Filling up the DagBag from /opt/airflow/dags/pipeline_datasets.py
[2026-07-12T16:54:09.717+0000] {processor.py:842} WARNING - No viable dags retrieved from /opt/airflow/dags/pipeline_datasets.py
[2026-07-12T16:54:09.725+0000] {processor.py:183} INFO - Processing /opt/airflow/dags/pipeline_datasets.py took 0.015 seconds
[2026-07-12T16:54:40.181+0000] {processor.py:161} INFO - Started process (PID=24837) to work on /opt/airflow/dags/pipeline_datasets.py
[2026-07-12T16:54:40.183+0000] {processor.py:830} INFO - Processing file /opt/airflow/dags/pipeline_datasets.py for tasks to queue
[2026-07-12T16:54:40.184+0000] {logging_mixin.py:188} INFO - [2026-07-12T16:54:40.183+0000] {dagbag.py:545} INFO - Filling up the DagBag from /opt/airflow/dags/pipeline_datasets.py
[2026-07-12T16:54:40.186+0000] {processor.py:842} WARNING - No viable dags retrieved from /opt/airflow/dags/pipeline_datasets.py
[2026-07-12T16:54:40.195+0000] {processor.py:183} INFO - Processing /opt/airflow/dags/pipeline_datasets.py took 0.020 seconds
[2026-07-12T16:55:10.530+0000] {processor.py:161} INFO - Started process (PID=24874) to work on /opt/airflow/dags/pipeline_datasets.py
[2026-07-12T16:55:10.531+0000] {processor.py:830} INFO - Processing file /opt/airflow/dags/pipeline_datasets.py for tasks to queue
[2026-07-12T16:55:10.532+0000] {logging_mixin.py:188} INFO - [2026-07-12T16:55:10.532+0000] {dagbag.py:545} INFO - Filling up the DagBag from /opt/airflow/dags/pipeline_datasets.py
[2026-07-12T16:55:10.535+0000] {processor.py:842} WARNING - No viable dags retrieved from /opt/airflow/dags/pipeline_datasets.py
[2026-07-12T16:55:10.543+0000] {processor.py:183} INFO - Processing /opt/airflow/dags/pipeline_datasets.py took 0.018 seconds
[2026-07-12T16:55:41.110+0000] {processor.py:161} INFO - Started process (PID=24911) to work on /opt/airflow/dags/pipeline_datasets.py
[2026-07-12T16:55:41.111+0000] {processor.py:830} INFO - Processing file /opt/airflow/dags/pipeline_datasets.py for tasks to queue
[2026-07-12T16:55:41.112+0000] {logging_mixin.py:188} INFO - [2026-07-12T16:55:41.112+0000] {dagbag.py:545} INFO - Filling up the DagBag from /opt/airflow/dags/pipeline_datasets.py
[2026-07-12T16:55:41.114+0000] {processor.py:842} WARNING - No viable dags retrieved from /opt/airflow/dags/pipeline_datasets.py
[2026-07-12T16:55:41.122+0000] {processor.py:183} INFO - Processing /opt/airflow/dags/pipeline_datasets.py took 0.019 seconds
[2026-07-12T16:56:11.242+0000] {processor.py:161} INFO - Started process (PID=24948) to work on /opt/airflow/dags/pipeline_datasets.py
[2026-07-12T16:56:11.243+0000] {processor.py:830} INFO - Processing file /opt/airflow/dags/pipeline_datasets.py for tasks to queue
[2026-07-12T16:56:11.243+0000] {logging_mixin.py:188} INFO - [2026-07-12T16:56:11.243+0000] {dagbag.py:545} INFO - Filling up the DagBag from /opt/airflow/dags/pipeline_datasets.py
[2026-07-12T16:56:11.245+0000] {processor.py:842} WARNING - No viable dags retrieved from /opt/airflow/dags/pipeline_datasets.py
[2026-07-12T16:56:11.252+0000] {processor.py:183} INFO - Processing /opt/airflow/dags/pipeline_datasets.py took 0.014 seconds
[2026-07-12T16:56:41.503+0000] {processor.py:161} INFO - Started process (PID=24983) to work on /opt/airflow/dags/pipeline_datasets.py
[2026-07-12T16:56:41.505+0000] {processor.py:830} INFO - Processing file /opt/airflow/dags/pipeline_datasets.py for tasks to queue
[2026-07-12T16:56:41.508+0000] {logging_mixin.py:188} INFO - [2026-07-12T16:56:41.507+0000] {dagbag.py:545} INFO - Filling up the DagBag from /opt/airflow/dags/pipeline_datasets.py
[2026-07-12T16:56:41.511+0000] {processor.py:842} WARNING - No viable dags retrieved from /opt/airflow/dags/pipeline_datasets.py
[2026-07-12T16:56:41.528+0000] {processor.py:183} INFO - Processing /opt/airflow/dags/pipeline_datasets.py took 0.031 seconds
[2026-07-12T16:57:11.722+0000] {processor.py:161} INFO - Started process (PID=25022) to work on /opt/airflow/dags/pipeline_datasets.py
[2026-07-12T16:57:11.723+0000] {processor.py:830} INFO - Processing file /opt/airflow/dags/pipeline_datasets.py for tasks to queue
[2026-07-12T16:57:11.727+0000] {logging_mixin.py:188} INFO - [2026-07-12T16:57:11.727+0000] {dagbag.py:545} INFO - Filling up the DagBag from /opt/airflow/dags/pipeline_datasets.py
[2026-07-12T16:57:11.730+0000] {processor.py:842} WARNING - No viable dags retrieved from /opt/airflow/dags/pipeline_datasets.py
[2026-07-12T16:57:11.738+0000] {processor.py:183} INFO - Processing /opt/airflow/dags/pipeline_datasets.py took 0.020 seconds
[2026-07-12T16:57:41.919+0000] {processor.py:161} INFO - Started process (PID=25059) to work on /opt/airflow/dags/pipeline_datasets.py
[2026-07-12T16:57:41.919+0000] {processor.py:830} INFO - Processing file /opt/airflow/dags/pipeline_datasets.py for tasks to queue
[2026-07-12T16:57:41.920+0000] {logging_mixin.py:188} INFO - [2026-07-12T16:57:41.920+0000] {dagbag.py:545} INFO - Filling up the DagBag from /opt/airflow/dags/pipeline_datasets.py
[2026-07-12T16:57:41.923+0000] {processor.py:842} WARNING - No viable dags retrieved from /opt/airflow/dags/pipeline_datasets.py
[2026-07-12T16:57:41.930+0000] {processor.py:183} INFO - Processing /opt/airflow/dags/pipeline_datasets.py took 0.015 seconds
[2026-07-12T16:58:12.124+0000] {processor.py:161} INFO - Started process (PID=25096) to work on /opt/airflow/dags/pipeline_datasets.py
[2026-07-12T16:58:12.125+0000] {processor.py:830} INFO - Processing file /opt/airflow/dags/pipeline_datasets.py for tasks to queue
[2026-07-12T16:58:12.126+0000] {logging_mixin.py:188} INFO - [2026-07-12T16:58:12.126+0000] {dagbag.py:545} INFO - Filling up the DagBag from /opt/airflow/dags/pipeline_datasets.py
[2026-07-12T16:58:12.129+0000] {processor.py:842} WARNING - No viable dags retrieved from /opt/airflow/dags/pipeline_datasets.py
[2026-07-12T16:58:12.137+0000] {processor.py:183} INFO - Processing /opt/airflow/dags/pipeline_datasets.py took 0.018 seconds
[2026-07-12T16:58:42.773+0000] {processor.py:161} INFO - Started process (PID=25133) to work on /opt/airflow/dags/pipeline_datasets.py
[2026-07-12T16:58:42.774+0000] {processor.py:830} INFO - Processing file /opt/airflow/dags/pipeline_datasets.py for tasks to queue
[2026-07-12T16:58:42.775+0000] {logging_mixin.py:188} INFO - [2026-07-12T16:58:42.775+0000] {dagbag.py:545} INFO - Filling up the DagBag from /opt/airflow/dags/pipeline_datasets.py
[2026-07-12T16:58:42.777+0000] {processor.py:842} WARNING - No viable dags retrieved from /opt/airflow/dags/pipeline_datasets.py
[2026-07-12T16:58:42.785+0000] {processor.py:183} INFO - Processing /opt/airflow/dags/pipeline_datasets.py took 0.015 seconds
[2026-07-12T16:59:13.390+0000] {processor.py:161} INFO - Started process (PID=25170) to work on /opt/airflow/dags/pipeline_datasets.py
[2026-07-12T16:59:13.391+0000] {processor.py:830} INFO - Processing file /opt/airflow/dags/pipeline_datasets.py for tasks to queue
[2026-07-12T16:59:13.392+0000] {logging_mixin.py:188} INFO - [2026-07-12T16:59:13.392+0000] {dagbag.py:545} INFO - Filling up the DagBag from /opt/airflow/dags/pipeline_datasets.py
[2026-07-12T16:59:13.394+0000] {processor.py:842} WARNING - No viable dags retrieved from /opt/airflow/dags/pipeline_datasets.py
[2026-07-12T16:59:13.401+0000] {processor.py:183} INFO - Processing /opt/airflow/dags/pipeline_datasets.py took 0.015 seconds
[2026-07-12T16:59:43.751+0000] {processor.py:161} INFO - Started process (PID=25205) to work on /opt/airflow/dags/pipeline_datasets.py
[2026-07-12T16:59:43.752+0000] {processor.py:830} INFO - Processing file /opt/airflow/dags/pipeline_datasets.py for tasks to queue
[2026-07-12T16:59:43.754+0000] {logging_mixin.py:188} INFO - [2026-07-12T16:59:43.754+0000] {dagbag.py:545} INFO - Filling up the DagBag from /opt/airflow/dags/pipeline_datasets.py
[2026-07-12T16:59:43.761+0000] {processor.py:842} WARNING - No viable dags retrieved from /opt/airflow/dags/pipeline_datasets.py
[2026-07-12T16:59:43.773+0000] {processor.py:183} INFO - Processing /opt/airflow/dags/pipeline_datasets.py took 0.027 seconds
[2026-07-12T17:00:14.433+0000] {processor.py:161} INFO - Started process (PID=25518) to work on /opt/airflow/dags/pipeline_datasets.py
[2026-07-12T17:00:14.435+0000] {processor.py:830} INFO - Processing file /opt/airflow/dags/pipeline_datasets.py for tasks to queue
[2026-07-12T17:00:14.436+0000] {logging_mixin.py:188} INFO - [2026-07-12T17:00:14.436+0000] {dagbag.py:545} INFO - Filling up the DagBag from /opt/airflow/dags/pipeline_datasets.py
[2026-07-12T17:00:14.439+0000] {processor.py:842} WARNING - No viable dags retrieved from /opt/airflow/dags/pipeline_datasets.py
[2026-07-12T17:00:14.462+0000] {processor.py:183} INFO - Processing /opt/airflow/dags/pipeline_datasets.py took 0.033 seconds
[2026-07-12T17:00:45.753+0000] {processor.py:161} INFO - Started process (PID=25869) to work on /opt/airflow/dags/pipeline_datasets.py
[2026-07-12T17:00:45.754+0000] {processor.py:830} INFO - Processing file /opt/airflow/dags/pipeline_datasets.py for tasks to queue
[2026-07-12T17:00:45.755+0000] {logging_mixin.py:188} INFO - [2026-07-12T17:00:45.755+0000] {dagbag.py:545} INFO - Filling up the DagBag from /opt/airflow/dags/pipeline_datasets.py
[2026-07-12T17:00:45.760+0000] {processor.py:842} WARNING - No viable dags retrieved from /opt/airflow/dags/pipeline_datasets.py
[2026-07-12T17:00:45.768+0000] {processor.py:183} INFO - Processing /opt/airflow/dags/pipeline_datasets.py took 0.018 seconds
[2026-07-12T17:01:17.119+0000] {processor.py:161} INFO - Started process (PID=25906) to work on /opt/airflow/dags/pipeline_datasets.py
[2026-07-12T17:01:17.120+0000] {processor.py:830} INFO - Processing file /opt/airflow/dags/pipeline_datasets.py for tasks to queue
[2026-07-12T17:01:17.121+0000] {logging_mixin.py:188} INFO - [2026-07-12T17:01:17.121+0000] {dagbag.py:545} INFO - Filling up the DagBag from /opt/airflow/dags/pipeline_datasets.py
[2026-07-12T17:01:17.123+0000] {processor.py:842} WARNING - No viable dags retrieved from /opt/airflow/dags/pipeline_datasets.py
[2026-07-12T17:01:17.133+0000] {processor.py:183} INFO - Processing /opt/airflow/dags/pipeline_datasets.py took 0.018 seconds
[2026-07-12T17:01:48.785+0000] {processor.py:161} INFO - Started process (PID=25941) to work on /opt/airflow/dags/pipeline_datasets.py
[2026-07-12T17:01:48.787+0000] {processor.py:830} INFO - Processing file /opt/airflow/dags/pipeline_datasets.py for tasks to queue
[2026-07-12T17:01:48.789+0000] {logging_mixin.py:188} INFO - [2026-07-12T17:01:48.788+0000] {dagbag.py:545} INFO - Filling up the DagBag from /opt/airflow/dags/pipeline_datasets.py
[2026-07-12T17:01:48.792+0000] {processor.py:842} WARNING - No viable dags retrieved from /opt/airflow/dags/pipeline_datasets.py
[2026-07-12T17:01:48.805+0000] {processor.py:183} INFO - Processing /opt/airflow/dags/pipeline_datasets.py took 0.027 seconds
[2026-07-12T17:02:20.092+0000] {processor.py:161} INFO - Started process (PID=25978) to work on /opt/airflow/dags/pipeline_datasets.py
[2026-07-12T17:02:20.093+0000] {processor.py:830} INFO - Processing file /opt/airflow/dags/pipeline_datasets.py for tasks to queue
[2026-07-12T17:02:20.095+0000] {logging_mixin.py:188} INFO - [2026-07-12T17:02:20.094+0000] {dagbag.py:545} INFO - Filling up the DagBag from /opt/airflow/dags/pipeline_datasets.py
[2026-07-12T17:02:20.100+0000] {processor.py:842} WARNING - No viable dags retrieved from /opt/airflow/dags/pipeline_datasets.py
[2026-07-12T17:02:20.114+0000] {processor.py:183} INFO - Processing /opt/airflow/dags/pipeline_datasets.py took 0.025 seconds
[2026-07-12T17:02:51.305+0000] {processor.py:161} INFO - Started process (PID=26050) to work on /opt/airflow/dags/pipeline_datasets.py
[2026-07-12T17:02:51.306+0000] {processor.py:830} INFO - Processing file /opt/airflow/dags/pipeline_datasets.py for tasks to queue
[2026-07-12T17:02:51.308+0000] {logging_mixin.py:188} INFO - [2026-07-12T17:02:51.307+0000] {dagbag.py:545} INFO - Filling up the DagBag from /opt/airflow/dags/pipeline_datasets.py
[2026-07-12T17:02:51.310+0000] {processor.py:842} WARNING - No viable dags retrieved from /opt/airflow/dags/pipeline_datasets.py
[2026-07-12T17:02:51.317+0000] {processor.py:183} INFO - Processing /opt/airflow/dags/pipeline_datasets.py took 0.016 seconds
[2026-07-12T17:03:22.449+0000] {processor.py:161} INFO - Started process (PID=26085) to work on /opt/airflow/dags/pipeline_datasets.py
[2026-07-12T17:03:22.450+0000] {processor.py:830} INFO - Processing file /opt/airflow/dags/pipeline_datasets.py for tasks to queue
[2026-07-12T17:03:22.452+0000] {logging_mixin.py:188} INFO - [2026-07-12T17:03:22.451+0000] {dagbag.py:545} INFO - Filling up the DagBag from /opt/airflow/dags/pipeline_datasets.py
[2026-07-12T17:03:22.455+0000] {processor.py:842} WARNING - No viable dags retrieved from /opt/airflow/dags/pipeline_datasets.py
[2026-07-12T17:03:22.464+0000] {processor.py:183} INFO - Processing /opt/airflow/dags/pipeline_datasets.py took 0.018 seconds
[2026-07-12T17:03:54.220+0000] {processor.py:161} INFO - Started process (PID=26122) to work on /opt/airflow/dags/pipeline_datasets.py
[2026-07-12T17:03:54.221+0000] {processor.py:830} INFO - Processing file /opt/airflow/dags/pipeline_datasets.py for tasks to queue
[2026-07-12T17:03:54.223+0000] {logging_mixin.py:188} INFO - [2026-07-12T17:03:54.223+0000] {dagbag.py:545} INFO - Filling up the DagBag from /opt/airflow/dags/pipeline_datasets.py
[2026-07-12T17:03:54.230+0000] {processor.py:842} WARNING - No viable dags retrieved from /opt/airflow/dags/pipeline_datasets.py
[2026-07-12T17:03:54.246+0000] {processor.py:183} INFO - Processing /opt/airflow/dags/pipeline_datasets.py took 0.032 seconds
[2026-07-12T17:04:25.128+0000] {processor.py:161} INFO - Started process (PID=26159) to work on /opt/airflow/dags/pipeline_datasets.py
[2026-07-12T17:04:25.129+0000] {processor.py:830} INFO - Processing file /opt/airflow/dags/pipeline_datasets.py for tasks to queue
[2026-07-12T17:04:25.130+0000] {logging_mixin.py:188} INFO - [2026-07-12T17:04:25.130+0000] {dagbag.py:545} INFO - Filling up the DagBag from /opt/airflow/dags/pipeline_datasets.py
[2026-07-12T17:04:25.133+0000] {processor.py:842} WARNING - No viable dags retrieved from /opt/airflow/dags/pipeline_datasets.py
[2026-07-12T17:04:25.145+0000] {processor.py:183} INFO - Processing /opt/airflow/dags/pipeline_datasets.py took 0.024 seconds
[2026-07-12T17:04:56.445+0000] {processor.py:161} INFO - Started process (PID=26196) to work on /opt/airflow/dags/pipeline_datasets.py
[2026-07-12T17:04:56.445+0000] {processor.py:830} INFO - Processing file /opt/airflow/dags/pipeline_datasets.py for tasks to queue
[2026-07-12T17:04:56.446+0000] {logging_mixin.py:188} INFO - [2026-07-12T17:04:56.446+0000] {dagbag.py:545} INFO - Filling up the DagBag from /opt/airflow/dags/pipeline_datasets.py
[2026-07-12T17:04:56.448+0000] {processor.py:842} WARNING - No viable dags retrieved from /opt/airflow/dags/pipeline_datasets.py
[2026-07-12T17:04:56.455+0000] {processor.py:183} INFO - Processing /opt/airflow/dags/pipeline_datasets.py took 0.015 seconds
[2026-07-12T17:05:27.536+0000] {processor.py:161} INFO - Started process (PID=26233) to work on /opt/airflow/dags/pipeline_datasets.py
[2026-07-12T17:05:27.537+0000] {processor.py:830} INFO - Processing file /opt/airflow/dags/pipeline_datasets.py for tasks to queue
[2026-07-12T17:05:27.538+0000] {logging_mixin.py:188} INFO - [2026-07-12T17:05:27.538+0000] {dagbag.py:545} INFO - Filling up the DagBag from /opt/airflow/dags/pipeline_datasets.py
[2026-07-12T17:05:27.540+0000] {processor.py:842} WARNING - No viable dags retrieved from /opt/airflow/dags/pipeline_datasets.py
[2026-07-12T17:05:27.548+0000] {processor.py:183} INFO - Processing /opt/airflow/dags/pipeline_datasets.py took 0.016 seconds
[2026-07-12T17:05:58.782+0000] {processor.py:161} INFO - Started process (PID=26270) to work on /opt/airflow/dags/pipeline_datasets.py
[2026-07-12T17:05:58.783+0000] {processor.py:830} INFO - Processing file /opt/airflow/dags/pipeline_datasets.py for tasks to queue
[2026-07-12T17:05:58.783+0000] {logging_mixin.py:188} INFO - [2026-07-12T17:05:58.783+0000] {dagbag.py:545} INFO - Filling up the DagBag from /opt/airflow/dags/pipeline_datasets.py
[2026-07-12T17:05:58.785+0000] {processor.py:842} WARNING - No viable dags retrieved from /opt/airflow/dags/pipeline_datasets.py
[2026-07-12T17:05:58.792+0000] {processor.py:183} INFO - Processing /opt/airflow/dags/pipeline_datasets.py took 0.015 seconds
[2026-07-12T17:06:29.906+0000] {processor.py:161} INFO - Started process (PID=26307) to work on /opt/airflow/dags/pipeline_datasets.py
[2026-07-12T17:06:29.907+0000] {processor.py:830} INFO - Processing file /opt/airflow/dags/pipeline_datasets.py for tasks to queue
[2026-07-12T17:06:29.908+0000] {logging_mixin.py:188} INFO - [2026-07-12T17:06:29.908+0000] {dagbag.py:545} INFO - Filling up the DagBag from /opt/airflow/dags/pipeline_datasets.py
[2026-07-12T17:06:29.912+0000] {processor.py:842} WARNING - No viable dags retrieved from /opt/airflow/dags/pipeline_datasets.py
[2026-07-12T17:06:29.919+0000] {processor.py:183} INFO - Processing /opt/airflow/dags/pipeline_datasets.py took 0.017 seconds
[2026-07-12T17:07:00.817+0000] {processor.py:161} INFO - Started process (PID=26344) to work on /opt/airflow/dags/pipeline_datasets.py
[2026-07-12T17:07:00.818+0000] {processor.py:830} INFO - Processing file /opt/airflow/dags/pipeline_datasets.py for tasks to queue
[2026-07-12T17:07:00.818+0000] {logging_mixin.py:188} INFO - [2026-07-12T17:07:00.818+0000] {dagbag.py:545} INFO - Filling up the DagBag from /opt/airflow/dags/pipeline_datasets.py
[2026-07-12T17:07:00.821+0000] {processor.py:842} WARNING - No viable dags retrieved from /opt/airflow/dags/pipeline_datasets.py
[2026-07-12T17:07:00.831+0000] {processor.py:183} INFO - Processing /opt/airflow/dags/pipeline_datasets.py took 0.021 seconds
[2026-07-12T17:07:32.036+0000] {processor.py:161} INFO - Started process (PID=26381) to work on /opt/airflow/dags/pipeline_datasets.py
[2026-07-12T17:07:32.037+0000] {processor.py:830} INFO - Processing file /opt/airflow/dags/pipeline_datasets.py for tasks to queue
[2026-07-12T17:07:32.038+0000] {logging_mixin.py:188} INFO - [2026-07-12T17:07:32.037+0000] {dagbag.py:545} INFO - Filling up the DagBag from /opt/airflow/dags/pipeline_datasets.py
[2026-07-12T17:07:32.039+0000] {processor.py:842} WARNING - No viable dags retrieved from /opt/airflow/dags/pipeline_datasets.py
[2026-07-12T17:07:32.046+0000] {processor.py:183} INFO - Processing /opt/airflow/dags/pipeline_datasets.py took 0.013 seconds
[2026-07-12T17:08:03.316+0000] {processor.py:161} INFO - Started process (PID=26420) to work on /opt/airflow/dags/pipeline_datasets.py
[2026-07-12T17:08:03.317+0000] {processor.py:830} INFO - Processing file /opt/airflow/dags/pipeline_datasets.py for tasks to queue
[2026-07-12T17:08:03.319+0000] {logging_mixin.py:188} INFO - [2026-07-12T17:08:03.319+0000] {dagbag.py:545} INFO - Filling up the DagBag from /opt/airflow/dags/pipeline_datasets.py
[2026-07-12T17:08:03.322+0000] {processor.py:842} WARNING - No viable dags retrieved from /opt/airflow/dags/pipeline_datasets.py
[2026-07-12T17:08:03.328+0000] {processor.py:183} INFO - Processing /opt/airflow/dags/pipeline_datasets.py took 0.021 seconds
[2026-07-12T17:08:34.612+0000] {processor.py:161} INFO - Started process (PID=26455) to work on /opt/airflow/dags/pipeline_datasets.py
[2026-07-12T17:08:34.613+0000] {processor.py:830} INFO - Processing file /opt/airflow/dags/pipeline_datasets.py for tasks to queue
[2026-07-12T17:08:34.614+0000] {logging_mixin.py:188} INFO - [2026-07-12T17:08:34.614+0000] {dagbag.py:545} INFO - Filling up the DagBag from /opt/airflow/dags/pipeline_datasets.py
[2026-07-12T17:08:34.616+0000] {processor.py:842} WARNING - No viable dags retrieved from /opt/airflow/dags/pipeline_datasets.py
[2026-07-12T17:08:34.623+0000] {processor.py:183} INFO - Processing /opt/airflow/dags/pipeline_datasets.py took 0.014 seconds
[2026-07-12T17:09:05.823+0000] {processor.py:161} INFO - Started process (PID=26492) to work on /opt/airflow/dags/pipeline_datasets.py
[2026-07-12T17:09:05.825+0000] {processor.py:830} INFO - Processing file /opt/airflow/dags/pipeline_datasets.py for tasks to queue
[2026-07-12T17:09:05.825+0000] {logging_mixin.py:188} INFO - [2026-07-12T17:09:05.825+0000] {dagbag.py:545} INFO - Filling up the DagBag from /opt/airflow/dags/pipeline_datasets.py
[2026-07-12T17:09:05.827+0000] {processor.py:842} WARNING - No viable dags retrieved from /opt/airflow/dags/pipeline_datasets.py
[2026-07-12T17:09:05.834+0000] {processor.py:183} INFO - Processing /opt/airflow/dags/pipeline_datasets.py took 0.015 seconds
[2026-07-12T17:09:37.136+0000] {processor.py:161} INFO - Started process (PID=26531) to work on /opt/airflow/dags/pipeline_datasets.py
[2026-07-12T17:09:37.137+0000] {processor.py:830} INFO - Processing file /opt/airflow/dags/pipeline_datasets.py for tasks to queue
[2026-07-12T17:09:37.137+0000] {logging_mixin.py:188} INFO - [2026-07-12T17:09:37.137+0000] {dagbag.py:545} INFO - Filling up the DagBag from /opt/airflow/dags/pipeline_datasets.py
[2026-07-12T17:09:37.140+0000] {processor.py:842} WARNING - No viable dags retrieved from /opt/airflow/dags/pipeline_datasets.py
[2026-07-12T17:09:37.147+0000] {processor.py:183} INFO - Processing /opt/airflow/dags/pipeline_datasets.py took 0.017 seconds
[2026-07-12T17:10:08.434+0000] {processor.py:161} INFO - Started process (PID=26566) to work on /opt/airflow/dags/pipeline_datasets.py
[2026-07-12T17:10:08.435+0000] {processor.py:830} INFO - Processing file /opt/airflow/dags/pipeline_datasets.py for tasks to queue
[2026-07-12T17:10:08.436+0000] {logging_mixin.py:188} INFO - [2026-07-12T17:10:08.435+0000] {dagbag.py:545} INFO - Filling up the DagBag from /opt/airflow/dags/pipeline_datasets.py
[2026-07-12T17:10:08.438+0000] {processor.py:842} WARNING - No viable dags retrieved from /opt/airflow/dags/pipeline_datasets.py
[2026-07-12T17:10:08.445+0000] {processor.py:183} INFO - Processing /opt/airflow/dags/pipeline_datasets.py took 0.016 seconds
[2026-07-12T17:10:39.809+0000] {processor.py:161} INFO - Started process (PID=26603) to work on /opt/airflow/dags/pipeline_datasets.py
[2026-07-12T17:10:39.810+0000] {processor.py:830} INFO - Processing file /opt/airflow/dags/pipeline_datasets.py for tasks to queue
[2026-07-12T17:10:39.810+0000] {logging_mixin.py:188} INFO - [2026-07-12T17:10:39.810+0000] {dagbag.py:545} INFO - Filling up the DagBag from /opt/airflow/dags/pipeline_datasets.py
[2026-07-12T17:10:39.813+0000] {processor.py:842} WARNING - No viable dags retrieved from /opt/airflow/dags/pipeline_datasets.py
[2026-07-12T17:10:39.819+0000] {processor.py:183} INFO - Processing /opt/airflow/dags/pipeline_datasets.py took 0.014 seconds
[2026-07-12T17:11:11.185+0000] {processor.py:161} INFO - Started process (PID=26640) to work on /opt/airflow/dags/pipeline_datasets.py
[2026-07-12T17:11:11.186+0000] {processor.py:830} INFO - Processing file /opt/airflow/dags/pipeline_datasets.py for tasks to queue
[2026-07-12T17:11:11.190+0000] {logging_mixin.py:188} INFO - [2026-07-12T17:11:11.190+0000] {dagbag.py:545} INFO - Filling up the DagBag from /opt/airflow/dags/pipeline_datasets.py
[2026-07-12T17:11:11.192+0000] {processor.py:842} WARNING - No viable dags retrieved from /opt/airflow/dags/pipeline_datasets.py
[2026-07-12T17:11:11.202+0000] {processor.py:183} INFO - Processing /opt/airflow/dags/pipeline_datasets.py took 0.020 seconds
[2026-07-12T17:11:42.362+0000] {processor.py:161} INFO - Started process (PID=26679) to work on /opt/airflow/dags/pipeline_datasets.py
[2026-07-12T17:11:42.362+0000] {processor.py:830} INFO - Processing file /opt/airflow/dags/pipeline_datasets.py for tasks to queue
[2026-07-12T17:11:42.363+0000] {logging_mixin.py:188} INFO - [2026-07-12T17:11:42.363+0000] {dagbag.py:545} INFO - Filling up the DagBag from /opt/airflow/dags/pipeline_datasets.py
[2026-07-12T17:11:42.365+0000] {processor.py:842} WARNING - No viable dags retrieved from /opt/airflow/dags/pipeline_datasets.py
[2026-07-12T17:11:42.372+0000] {processor.py:183} INFO - Processing /opt/airflow/dags/pipeline_datasets.py took 0.013 seconds
[2026-07-12T17:12:13.590+0000] {processor.py:161} INFO - Started process (PID=26714) to work on /opt/airflow/dags/pipeline_datasets.py
[2026-07-12T17:12:13.591+0000] {processor.py:830} INFO - Processing file /opt/airflow/dags/pipeline_datasets.py for tasks to queue
[2026-07-12T17:12:13.592+0000] {logging_mixin.py:188} INFO - [2026-07-12T17:12:13.592+0000] {dagbag.py:545} INFO - Filling up the DagBag from /opt/airflow/dags/pipeline_datasets.py
[2026-07-12T17:12:13.597+0000] {processor.py:842} WARNING - No viable dags retrieved from /opt/airflow/dags/pipeline_datasets.py
[2026-07-12T17:12:13.609+0000] {processor.py:183} INFO - Processing /opt/airflow/dags/pipeline_datasets.py took 0.022 seconds
[2026-07-12T17:12:44.885+0000] {processor.py:161} INFO - Started process (PID=26751) to work on /opt/airflow/dags/pipeline_datasets.py
[2026-07-12T17:12:44.886+0000] {processor.py:830} INFO - Processing file /opt/airflow/dags/pipeline_datasets.py for tasks to queue
[2026-07-12T17:12:44.886+0000] {logging_mixin.py:188} INFO - [2026-07-12T17:12:44.886+0000] {dagbag.py:545} INFO - Filling up the DagBag from /opt/airflow/dags/pipeline_datasets.py
[2026-07-12T17:12:44.888+0000] {processor.py:842} WARNING - No viable dags retrieved from /opt/airflow/dags/pipeline_datasets.py
[2026-07-12T17:12:44.893+0000] {processor.py:183} INFO - Processing /opt/airflow/dags/pipeline_datasets.py took 0.011 seconds
[2026-07-12T17:13:16.110+0000] {processor.py:161} INFO - Started process (PID=26788) to work on /opt/airflow/dags/pipeline_datasets.py
[2026-07-12T17:13:16.111+0000] {processor.py:830} INFO - Processing file /opt/airflow/dags/pipeline_datasets.py for tasks to queue
[2026-07-12T17:13:16.111+0000] {logging_mixin.py:188} INFO - [2026-07-12T17:13:16.111+0000] {dagbag.py:545} INFO - Filling up the DagBag from /opt/airflow/dags/pipeline_datasets.py
[2026-07-12T17:13:16.116+0000] {processor.py:842} WARNING - No viable dags retrieved from /opt/airflow/dags/pipeline_datasets.py
[2026-07-12T17:13:16.123+0000] {processor.py:183} INFO - Processing /opt/airflow/dags/pipeline_datasets.py took 0.015 seconds
[2026-07-12T17:13:48.023+0000] {processor.py:161} INFO - Started process (PID=26825) to work on /opt/airflow/dags/pipeline_datasets.py
[2026-07-12T17:13:48.024+0000] {processor.py:830} INFO - Processing file /opt/airflow/dags/pipeline_datasets.py for tasks to queue
[2026-07-12T17:13:48.025+0000] {logging_mixin.py:188} INFO - [2026-07-12T17:13:48.025+0000] {dagbag.py:545} INFO - Filling up the DagBag from /opt/airflow/dags/pipeline_datasets.py
[2026-07-12T17:13:48.028+0000] {processor.py:842} WARNING - No viable dags retrieved from /opt/airflow/dags/pipeline_datasets.py
[2026-07-12T17:13:48.035+0000] {processor.py:183} INFO - Processing /opt/airflow/dags/pipeline_datasets.py took 0.015 seconds
[2026-07-12T17:14:19.122+0000] {processor.py:161} INFO - Started process (PID=26862) to work on /opt/airflow/dags/pipeline_datasets.py
[2026-07-12T17:14:19.123+0000] {processor.py:830} INFO - Processing file /opt/airflow/dags/pipeline_datasets.py for tasks to queue
[2026-07-12T17:14:19.124+0000] {logging_mixin.py:188} INFO - [2026-07-12T17:14:19.123+0000] {dagbag.py:545} INFO - Filling up the DagBag from /opt/airflow/dags/pipeline_datasets.py
[2026-07-12T17:14:19.126+0000] {processor.py:842} WARNING - No viable dags retrieved from /opt/airflow/dags/pipeline_datasets.py
[2026-07-12T17:14:19.137+0000] {processor.py:183} INFO - Processing /opt/airflow/dags/pipeline_datasets.py took 0.020 seconds
[2026-07-12T17:14:50.378+0000] {processor.py:161} INFO - Started process (PID=26900) to work on /opt/airflow/dags/pipeline_datasets.py
[2026-07-12T17:14:50.379+0000] {processor.py:830} INFO - Processing file /opt/airflow/dags/pipeline_datasets.py for tasks to queue
[2026-07-12T17:14:50.380+0000] {logging_mixin.py:188} INFO - [2026-07-12T17:14:50.380+0000] {dagbag.py:545} INFO - Filling up the DagBag from /opt/airflow/dags/pipeline_datasets.py
[2026-07-12T17:14:50.384+0000] {processor.py:842} WARNING - No viable dags retrieved from /opt/airflow/dags/pipeline_datasets.py
[2026-07-12T17:14:50.398+0000] {processor.py:183} INFO - Processing /opt/airflow/dags/pipeline_datasets.py took 0.026 seconds
[2026-07-12T17:15:21.762+0000] {processor.py:161} INFO - Started process (PID=26936) to work on /opt/airflow/dags/pipeline_datasets.py
[2026-07-12T17:15:21.763+0000] {processor.py:830} INFO - Processing file /opt/airflow/dags/pipeline_datasets.py for tasks to queue
[2026-07-12T17:15:21.763+0000] {logging_mixin.py:188} INFO - [2026-07-12T17:15:21.763+0000] {dagbag.py:545} INFO - Filling up the DagBag from /opt/airflow/dags/pipeline_datasets.py
[2026-07-12T17:15:21.765+0000] {processor.py:842} WARNING - No viable dags retrieved from /opt/airflow/dags/pipeline_datasets.py
[2026-07-12T17:15:21.770+0000] {processor.py:183} INFO - Processing /opt/airflow/dags/pipeline_datasets.py took 0.011 seconds
[2026-07-12T17:15:52.990+0000] {processor.py:161} INFO - Started process (PID=26973) to work on /opt/airflow/dags/pipeline_datasets.py
[2026-07-12T17:15:52.991+0000] {processor.py:830} INFO - Processing file /opt/airflow/dags/pipeline_datasets.py for tasks to queue
[2026-07-12T17:15:52.992+0000] {logging_mixin.py:188} INFO - [2026-07-12T17:15:52.992+0000] {dagbag.py:545} INFO - Filling up the DagBag from /opt/airflow/dags/pipeline_datasets.py
[2026-07-12T17:15:52.996+0000] {processor.py:842} WARNING - No viable dags retrieved from /opt/airflow/dags/pipeline_datasets.py
[2026-07-12T17:15:53.003+0000] {processor.py:183} INFO - Processing /opt/airflow/dags/pipeline_datasets.py took 0.015 seconds
[2026-07-12T17:16:23.995+0000] {processor.py:161} INFO - Started process (PID=27010) to work on /opt/airflow/dags/pipeline_datasets.py
[2026-07-12T17:16:23.997+0000] {processor.py:830} INFO - Processing file /opt/airflow/dags/pipeline_datasets.py for tasks to queue
[2026-07-12T17:16:23.998+0000] {logging_mixin.py:188} INFO - [2026-07-12T17:16:23.998+0000] {dagbag.py:545} INFO - Filling up the DagBag from /opt/airflow/dags/pipeline_datasets.py
[2026-07-12T17:16:24.001+0000] {processor.py:842} WARNING - No viable dags retrieved from /opt/airflow/dags/pipeline_datasets.py
[2026-07-12T17:16:24.007+0000] {processor.py:183} INFO - Processing /opt/airflow/dags/pipeline_datasets.py took 0.014 seconds
[2026-07-12T17:16:55.351+0000] {processor.py:161} INFO - Started process (PID=27047) to work on /opt/airflow/dags/pipeline_datasets.py
[2026-07-12T17:16:55.351+0000] {processor.py:830} INFO - Processing file /opt/airflow/dags/pipeline_datasets.py for tasks to queue
[2026-07-12T17:16:55.352+0000] {logging_mixin.py:188} INFO - [2026-07-12T17:16:55.352+0000] {dagbag.py:545} INFO - Filling up the DagBag from /opt/airflow/dags/pipeline_datasets.py
[2026-07-12T17:16:55.359+0000] {processor.py:842} WARNING - No viable dags retrieved from /opt/airflow/dags/pipeline_datasets.py
[2026-07-12T17:16:55.369+0000] {processor.py:183} INFO - Processing /opt/airflow/dags/pipeline_datasets.py took 0.022 seconds
[2026-07-12T17:17:26.521+0000] {processor.py:161} INFO - Started process (PID=27086) to work on /opt/airflow/dags/pipeline_datasets.py
[2026-07-12T17:17:26.521+0000] {processor.py:830} INFO - Processing file /opt/airflow/dags/pipeline_datasets.py for tasks to queue
[2026-07-12T17:17:26.522+0000] {logging_mixin.py:188} INFO - [2026-07-12T17:17:26.522+0000] {dagbag.py:545} INFO - Filling up the DagBag from /opt/airflow/dags/pipeline_datasets.py
[2026-07-12T17:17:26.524+0000] {processor.py:842} WARNING - No viable dags retrieved from /opt/airflow/dags/pipeline_datasets.py
[2026-07-12T17:17:26.529+0000] {processor.py:183} INFO - Processing /opt/airflow/dags/pipeline_datasets.py took 0.011 seconds
[2026-07-12T17:17:57.564+0000] {processor.py:161} INFO - Started process (PID=27121) to work on /opt/airflow/dags/pipeline_datasets.py
[2026-07-12T17:17:57.565+0000] {processor.py:830} INFO - Processing file /opt/airflow/dags/pipeline_datasets.py for tasks to queue
[2026-07-12T17:17:57.566+0000] {logging_mixin.py:188} INFO - [2026-07-12T17:17:57.566+0000] {dagbag.py:545} INFO - Filling up the DagBag from /opt/airflow/dags/pipeline_datasets.py
[2026-07-12T17:17:57.569+0000] {processor.py:842} WARNING - No viable dags retrieved from /opt/airflow/dags/pipeline_datasets.py
[2026-07-12T17:17:57.578+0000] {processor.py:183} INFO - Processing /opt/airflow/dags/pipeline_datasets.py took 0.017 seconds
[2026-07-12T17:18:28.571+0000] {processor.py:161} INFO - Started process (PID=27158) to work on /opt/airflow/dags/pipeline_datasets.py
[2026-07-12T17:18:28.574+0000] {processor.py:830} INFO - Processing file /opt/airflow/dags/pipeline_datasets.py for tasks to queue
[2026-07-12T17:18:28.575+0000] {logging_mixin.py:188} INFO - [2026-07-12T17:18:28.575+0000] {dagbag.py:545} INFO - Filling up the DagBag from /opt/airflow/dags/pipeline_datasets.py
[2026-07-12T17:18:28.578+0000] {processor.py:842} WARNING - No viable dags retrieved from /opt/airflow/dags/pipeline_datasets.py
[2026-07-12T17:18:28.587+0000] {processor.py:183} INFO - Processing /opt/airflow/dags/pipeline_datasets.py took 0.021 seconds
[2026-07-12T17:18:59.785+0000] {processor.py:161} INFO - Started process (PID=27197) to work on /opt/airflow/dags/pipeline_datasets.py
[2026-07-12T17:18:59.786+0000] {processor.py:830} INFO - Processing file /opt/airflow/dags/pipeline_datasets.py for tasks to queue
[2026-07-12T17:18:59.786+0000] {logging_mixin.py:188} INFO - [2026-07-12T17:18:59.786+0000] {dagbag.py:545} INFO - Filling up the DagBag from /opt/airflow/dags/pipeline_datasets.py
[2026-07-12T17:18:59.788+0000] {processor.py:842} WARNING - No viable dags retrieved from /opt/airflow/dags/pipeline_datasets.py
[2026-07-12T17:18:59.795+0000] {processor.py:183} INFO - Processing /opt/airflow/dags/pipeline_datasets.py took 0.013 seconds
[2026-07-12T17:19:30.845+0000] {processor.py:161} INFO - Started process (PID=27234) to work on /opt/airflow/dags/pipeline_datasets.py
[2026-07-12T17:19:30.846+0000] {processor.py:830} INFO - Processing file /opt/airflow/dags/pipeline_datasets.py for tasks to queue
[2026-07-12T17:19:30.846+0000] {logging_mixin.py:188} INFO - [2026-07-12T17:19:30.846+0000] {dagbag.py:545} INFO - Filling up the DagBag from /opt/airflow/dags/pipeline_datasets.py
[2026-07-12T17:19:30.848+0000] {processor.py:842} WARNING - No viable dags retrieved from /opt/airflow/dags/pipeline_datasets.py
[2026-07-12T17:19:30.853+0000] {processor.py:183} INFO - Processing /opt/airflow/dags/pipeline_datasets.py took 0.010 seconds
[2026-07-12T17:20:02.052+0000] {processor.py:161} INFO - Started process (PID=27269) to work on /opt/airflow/dags/pipeline_datasets.py
[2026-07-12T17:20:02.053+0000] {processor.py:830} INFO - Processing file /opt/airflow/dags/pipeline_datasets.py for tasks to queue
[2026-07-12T17:20:02.054+0000] {logging_mixin.py:188} INFO - [2026-07-12T17:20:02.054+0000] {dagbag.py:545} INFO - Filling up the DagBag from /opt/airflow/dags/pipeline_datasets.py
[2026-07-12T17:20:02.059+0000] {processor.py:842} WARNING - No viable dags retrieved from /opt/airflow/dags/pipeline_datasets.py
[2026-07-12T17:20:02.066+0000] {processor.py:183} INFO - Processing /opt/airflow/dags/pipeline_datasets.py took 0.017 seconds
[2026-07-12T17:20:33.194+0000] {processor.py:161} INFO - Started process (PID=27306) to work on /opt/airflow/dags/pipeline_datasets.py
[2026-07-12T17:20:33.195+0000] {processor.py:830} INFO - Processing file /opt/airflow/dags/pipeline_datasets.py for tasks to queue
[2026-07-12T17:20:33.196+0000] {logging_mixin.py:188} INFO - [2026-07-12T17:20:33.196+0000] {dagbag.py:545} INFO - Filling up the DagBag from /opt/airflow/dags/pipeline_datasets.py
[2026-07-12T17:20:33.198+0000] {processor.py:842} WARNING - No viable dags retrieved from /opt/airflow/dags/pipeline_datasets.py
[2026-07-12T17:20:33.206+0000] {processor.py:183} INFO - Processing /opt/airflow/dags/pipeline_datasets.py took 0.014 seconds
[2026-07-12T17:21:04.291+0000] {processor.py:161} INFO - Started process (PID=27347) to work on /opt/airflow/dags/pipeline_datasets.py
[2026-07-12T17:21:04.292+0000] {processor.py:830} INFO - Processing file /opt/airflow/dags/pipeline_datasets.py for tasks to queue
[2026-07-12T17:21:04.294+0000] {logging_mixin.py:188} INFO - [2026-07-12T17:21:04.293+0000] {dagbag.py:545} INFO - Filling up the DagBag from /opt/airflow/dags/pipeline_datasets.py
[2026-07-12T17:21:04.296+0000] {processor.py:842} WARNING - No viable dags retrieved from /opt/airflow/dags/pipeline_datasets.py
[2026-07-12T17:21:04.302+0000] {processor.py:183} INFO - Processing /opt/airflow/dags/pipeline_datasets.py took 0.012 seconds
[2026-07-12T17:21:35.111+0000] {processor.py:161} INFO - Started process (PID=27387) to work on /opt/airflow/dags/pipeline_datasets.py
[2026-07-12T17:21:35.111+0000] {processor.py:830} INFO - Processing file /opt/airflow/dags/pipeline_datasets.py for tasks to queue
[2026-07-12T17:21:35.112+0000] {logging_mixin.py:188} INFO - [2026-07-12T17:21:35.112+0000] {dagbag.py:545} INFO - Filling up the DagBag from /opt/airflow/dags/pipeline_datasets.py
[2026-07-12T17:21:35.114+0000] {processor.py:842} WARNING - No viable dags retrieved from /opt/airflow/dags/pipeline_datasets.py
[2026-07-12T17:21:35.119+0000] {processor.py:183} INFO - Processing /opt/airflow/dags/pipeline_datasets.py took 0.012 seconds
[2026-07-12T17:22:06.214+0000] {processor.py:161} INFO - Started process (PID=27422) to work on /opt/airflow/dags/pipeline_datasets.py
[2026-07-12T17:22:06.214+0000] {processor.py:830} INFO - Processing file /opt/airflow/dags/pipeline_datasets.py for tasks to queue
[2026-07-12T17:22:06.215+0000] {logging_mixin.py:188} INFO - [2026-07-12T17:22:06.215+0000] {dagbag.py:545} INFO - Filling up the DagBag from /opt/airflow/dags/pipeline_datasets.py
[2026-07-12T17:22:06.217+0000] {processor.py:842} WARNING - No viable dags retrieved from /opt/airflow/dags/pipeline_datasets.py
[2026-07-12T17:22:06.222+0000] {processor.py:183} INFO - Processing /opt/airflow/dags/pipeline_datasets.py took 0.010 seconds
[2026-07-12T17:22:37.262+0000] {processor.py:161} INFO - Started process (PID=27461) to work on /opt/airflow/dags/pipeline_datasets.py
[2026-07-12T17:22:37.262+0000] {processor.py:830} INFO - Processing file /opt/airflow/dags/pipeline_datasets.py for tasks to queue
[2026-07-12T17:22:37.263+0000] {logging_mixin.py:188} INFO - [2026-07-12T17:22:37.263+0000] {dagbag.py:545} INFO - Filling up the DagBag from /opt/airflow/dags/pipeline_datasets.py
[2026-07-12T17:22:37.265+0000] {processor.py:842} WARNING - No viable dags retrieved from /opt/airflow/dags/pipeline_datasets.py
[2026-07-12T17:22:37.270+0000] {processor.py:183} INFO - Processing /opt/airflow/dags/pipeline_datasets.py took 0.011 seconds
[2026-07-12T17:23:08.384+0000] {processor.py:161} INFO - Started process (PID=27498) to work on /opt/airflow/dags/pipeline_datasets.py
[2026-07-12T17:23:08.384+0000] {processor.py:830} INFO - Processing file /opt/airflow/dags/pipeline_datasets.py for tasks to queue
[2026-07-12T17:23:08.385+0000] {logging_mixin.py:188} INFO - [2026-07-12T17:23:08.385+0000] {dagbag.py:545} INFO - Filling up the DagBag from /opt/airflow/dags/pipeline_datasets.py
[2026-07-12T17:23:08.387+0000] {processor.py:842} WARNING - No viable dags retrieved from /opt/airflow/dags/pipeline_datasets.py
[2026-07-12T17:23:08.392+0000] {processor.py:183} INFO - Processing /opt/airflow/dags/pipeline_datasets.py took 0.011 seconds
[2026-07-12T17:23:39.542+0000] {processor.py:161} INFO - Started process (PID=27535) to work on /opt/airflow/dags/pipeline_datasets.py
[2026-07-12T17:23:39.543+0000] {processor.py:830} INFO - Processing file /opt/airflow/dags/pipeline_datasets.py for tasks to queue
[2026-07-12T17:23:39.544+0000] {logging_mixin.py:188} INFO - [2026-07-12T17:23:39.544+0000] {dagbag.py:545} INFO - Filling up the DagBag from /opt/airflow/dags/pipeline_datasets.py
[2026-07-12T17:23:39.546+0000] {processor.py:842} WARNING - No viable dags retrieved from /opt/airflow/dags/pipeline_datasets.py
[2026-07-12T17:23:39.553+0000] {processor.py:183} INFO - Processing /opt/airflow/dags/pipeline_datasets.py took 0.014 seconds
[2026-07-12T17:24:10.579+0000] {processor.py:161} INFO - Started process (PID=27570) to work on /opt/airflow/dags/pipeline_datasets.py
[2026-07-12T17:24:10.580+0000] {processor.py:830} INFO - Processing file /opt/airflow/dags/pipeline_datasets.py for tasks to queue
[2026-07-12T17:24:10.581+0000] {logging_mixin.py:188} INFO - [2026-07-12T17:24:10.581+0000] {dagbag.py:545} INFO - Filling up the DagBag from /opt/airflow/dags/pipeline_datasets.py
[2026-07-12T17:24:10.584+0000] {processor.py:842} WARNING - No viable dags retrieved from /opt/airflow/dags/pipeline_datasets.py
[2026-07-12T17:24:10.592+0000] {processor.py:183} INFO - Processing /opt/airflow/dags/pipeline_datasets.py took 0.015 seconds
[2026-07-12T17:24:41.767+0000] {processor.py:161} INFO - Started process (PID=27607) to work on /opt/airflow/dags/pipeline_datasets.py
[2026-07-12T17:24:41.768+0000] {processor.py:830} INFO - Processing file /opt/airflow/dags/pipeline_datasets.py for tasks to queue
[2026-07-12T17:24:41.769+0000] {logging_mixin.py:188} INFO - [2026-07-12T17:24:41.769+0000] {dagbag.py:545} INFO - Filling up the DagBag from /opt/airflow/dags/pipeline_datasets.py
[2026-07-12T17:24:41.771+0000] {processor.py:842} WARNING - No viable dags retrieved from /opt/airflow/dags/pipeline_datasets.py
[2026-07-12T17:24:41.776+0000] {processor.py:183} INFO - Processing /opt/airflow/dags/pipeline_datasets.py took 0.012 seconds
[2026-07-12T17:25:12.821+0000] {processor.py:161} INFO - Started process (PID=27644) to work on /opt/airflow/dags/pipeline_datasets.py
[2026-07-12T17:25:12.821+0000] {processor.py:830} INFO - Processing file /opt/airflow/dags/pipeline_datasets.py for tasks to queue
[2026-07-12T17:25:12.822+0000] {logging_mixin.py:188} INFO - [2026-07-12T17:25:12.822+0000] {dagbag.py:545} INFO - Filling up the DagBag from /opt/airflow/dags/pipeline_datasets.py
[2026-07-12T17:25:12.825+0000] {processor.py:842} WARNING - No viable dags retrieved from /opt/airflow/dags/pipeline_datasets.py
[2026-07-12T17:25:12.833+0000] {processor.py:183} INFO - Processing /opt/airflow/dags/pipeline_datasets.py took 0.015 seconds
[2026-07-12T17:25:43.971+0000] {processor.py:161} INFO - Started process (PID=27681) to work on /opt/airflow/dags/pipeline_datasets.py
[2026-07-12T17:25:43.972+0000] {processor.py:830} INFO - Processing file /opt/airflow/dags/pipeline_datasets.py for tasks to queue
[2026-07-12T17:25:43.973+0000] {logging_mixin.py:188} INFO - [2026-07-12T17:25:43.973+0000] {dagbag.py:545} INFO - Filling up the DagBag from /opt/airflow/dags/pipeline_datasets.py
[2026-07-12T17:25:43.977+0000] {processor.py:842} WARNING - No viable dags retrieved from /opt/airflow/dags/pipeline_datasets.py
[2026-07-12T17:25:43.983+0000] {processor.py:183} INFO - Processing /opt/airflow/dags/pipeline_datasets.py took 0.015 seconds
[2026-07-12T17:26:15.122+0000] {processor.py:161} INFO - Started process (PID=27718) to work on /opt/airflow/dags/pipeline_datasets.py
[2026-07-12T17:26:15.123+0000] {processor.py:830} INFO - Processing file /opt/airflow/dags/pipeline_datasets.py for tasks to queue
[2026-07-12T17:26:15.124+0000] {logging_mixin.py:188} INFO - [2026-07-12T17:26:15.124+0000] {dagbag.py:545} INFO - Filling up the DagBag from /opt/airflow/dags/pipeline_datasets.py
[2026-07-12T17:26:15.129+0000] {processor.py:842} WARNING - No viable dags retrieved from /opt/airflow/dags/pipeline_datasets.py
[2026-07-12T17:26:15.137+0000] {processor.py:183} INFO - Processing /opt/airflow/dags/pipeline_datasets.py took 0.016 seconds
[2026-07-12T17:26:46.194+0000] {processor.py:161} INFO - Started process (PID=27757) to work on /opt/airflow/dags/pipeline_datasets.py
[2026-07-12T17:26:46.194+0000] {processor.py:830} INFO - Processing file /opt/airflow/dags/pipeline_datasets.py for tasks to queue
[2026-07-12T17:26:46.195+0000] {logging_mixin.py:188} INFO - [2026-07-12T17:26:46.195+0000] {dagbag.py:545} INFO - Filling up the DagBag from /opt/airflow/dags/pipeline_datasets.py
[2026-07-12T17:26:46.197+0000] {processor.py:842} WARNING - No viable dags retrieved from /opt/airflow/dags/pipeline_datasets.py
[2026-07-12T17:26:46.202+0000] {processor.py:183} INFO - Processing /opt/airflow/dags/pipeline_datasets.py took 0.011 seconds
[2026-07-12T17:27:17.319+0000] {processor.py:161} INFO - Started process (PID=27792) to work on /opt/airflow/dags/pipeline_datasets.py
[2026-07-12T17:27:17.320+0000] {processor.py:830} INFO - Processing file /opt/airflow/dags/pipeline_datasets.py for tasks to queue
[2026-07-12T17:27:17.322+0000] {logging_mixin.py:188} INFO - [2026-07-12T17:27:17.322+0000] {dagbag.py:545} INFO - Filling up the DagBag from /opt/airflow/dags/pipeline_datasets.py
[2026-07-12T17:27:17.325+0000] {processor.py:842} WARNING - No viable dags retrieved from /opt/airflow/dags/pipeline_datasets.py
[2026-07-12T17:27:17.329+0000] {processor.py:183} INFO - Processing /opt/airflow/dags/pipeline_datasets.py took 0.013 seconds
[2026-07-12T17:27:49.165+0000] {processor.py:161} INFO - Started process (PID=27829) to work on /opt/airflow/dags/pipeline_datasets.py
[2026-07-12T17:27:49.167+0000] {processor.py:830} INFO - Processing file /opt/airflow/dags/pipeline_datasets.py for tasks to queue
[2026-07-12T17:27:49.170+0000] {logging_mixin.py:188} INFO - [2026-07-12T17:27:49.169+0000] {dagbag.py:545} INFO - Filling up the DagBag from /opt/airflow/dags/pipeline_datasets.py
[2026-07-12T17:27:49.172+0000] {processor.py:842} WARNING - No viable dags retrieved from /opt/airflow/dags/pipeline_datasets.py
[2026-07-12T17:27:49.181+0000] {processor.py:183} INFO - Processing /opt/airflow/dags/pipeline_datasets.py took 0.019 seconds
[2026-07-12T17:28:20.558+0000] {processor.py:161} INFO - Started process (PID=27866) to work on /opt/airflow/dags/pipeline_datasets.py
[2026-07-12T17:28:20.560+0000] {processor.py:830} INFO - Processing file /opt/airflow/dags/pipeline_datasets.py for tasks to queue
[2026-07-12T17:28:20.561+0000] {logging_mixin.py:188} INFO - [2026-07-12T17:28:20.561+0000] {dagbag.py:545} INFO - Filling up the DagBag from /opt/airflow/dags/pipeline_datasets.py
[2026-07-12T17:28:20.565+0000] {processor.py:842} WARNING - No viable dags retrieved from /opt/airflow/dags/pipeline_datasets.py
[2026-07-12T17:28:20.575+0000] {processor.py:183} INFO - Processing /opt/airflow/dags/pipeline_datasets.py took 0.020 seconds
[2026-07-12T17:28:51.652+0000] {processor.py:161} INFO - Started process (PID=27903) to work on /opt/airflow/dags/pipeline_datasets.py
[2026-07-12T17:28:51.653+0000] {processor.py:830} INFO - Processing file /opt/airflow/dags/pipeline_datasets.py for tasks to queue
[2026-07-12T17:28:51.655+0000] {logging_mixin.py:188} INFO - [2026-07-12T17:28:51.655+0000] {dagbag.py:545} INFO - Filling up the DagBag from /opt/airflow/dags/pipeline_datasets.py
[2026-07-12T17:28:51.658+0000] {processor.py:842} WARNING - No viable dags retrieved from /opt/airflow/dags/pipeline_datasets.py
[2026-07-12T17:28:51.666+0000] {processor.py:183} INFO - Processing /opt/airflow/dags/pipeline_datasets.py took 0.016 seconds
[2026-07-12T17:29:22.635+0000] {processor.py:161} INFO - Started process (PID=27940) to work on /opt/airflow/dags/pipeline_datasets.py
[2026-07-12T17:29:22.635+0000] {processor.py:830} INFO - Processing file /opt/airflow/dags/pipeline_datasets.py for tasks to queue
[2026-07-12T17:29:22.636+0000] {logging_mixin.py:188} INFO - [2026-07-12T17:29:22.636+0000] {dagbag.py:545} INFO - Filling up the DagBag from /opt/airflow/dags/pipeline_datasets.py
[2026-07-12T17:29:22.641+0000] {processor.py:842} WARNING - No viable dags retrieved from /opt/airflow/dags/pipeline_datasets.py
[2026-07-12T17:29:22.647+0000] {processor.py:183} INFO - Processing /opt/airflow/dags/pipeline_datasets.py took 0.015 seconds
[2026-07-12T17:29:53.973+0000] {processor.py:161} INFO - Started process (PID=27977) to work on /opt/airflow/dags/pipeline_datasets.py
[2026-07-12T17:29:53.975+0000] {processor.py:830} INFO - Processing file /opt/airflow/dags/pipeline_datasets.py for tasks to queue
[2026-07-12T17:29:53.976+0000] {logging_mixin.py:188} INFO - [2026-07-12T17:29:53.976+0000] {dagbag.py:545} INFO - Filling up the DagBag from /opt/airflow/dags/pipeline_datasets.py
[2026-07-12T17:29:53.979+0000] {processor.py:842} WARNING - No viable dags retrieved from /opt/airflow/dags/pipeline_datasets.py
[2026-07-12T17:29:53.988+0000] {processor.py:183} INFO - Processing /opt/airflow/dags/pipeline_datasets.py took 0.017 seconds
[2026-07-12T17:30:25.030+0000] {processor.py:161} INFO - Started process (PID=28014) to work on /opt/airflow/dags/pipeline_datasets.py
[2026-07-12T17:30:25.030+0000] {processor.py:830} INFO - Processing file /opt/airflow/dags/pipeline_datasets.py for tasks to queue
[2026-07-12T17:30:25.032+0000] {logging_mixin.py:188} INFO - [2026-07-12T17:30:25.031+0000] {dagbag.py:545} INFO - Filling up the DagBag from /opt/airflow/dags/pipeline_datasets.py
[2026-07-12T17:30:25.034+0000] {processor.py:842} WARNING - No viable dags retrieved from /opt/airflow/dags/pipeline_datasets.py
[2026-07-12T17:30:25.040+0000] {processor.py:183} INFO - Processing /opt/airflow/dags/pipeline_datasets.py took 0.013 seconds
[2026-07-12T17:30:56.213+0000] {processor.py:161} INFO - Started process (PID=28051) to work on /opt/airflow/dags/pipeline_datasets.py
[2026-07-12T17:30:56.214+0000] {processor.py:830} INFO - Processing file /opt/airflow/dags/pipeline_datasets.py for tasks to queue
[2026-07-12T17:30:56.214+0000] {logging_mixin.py:188} INFO - [2026-07-12T17:30:56.214+0000] {dagbag.py:545} INFO - Filling up the DagBag from /opt/airflow/dags/pipeline_datasets.py
[2026-07-12T17:30:56.217+0000] {processor.py:842} WARNING - No viable dags retrieved from /opt/airflow/dags/pipeline_datasets.py
[2026-07-12T17:30:56.223+0000] {processor.py:183} INFO - Processing /opt/airflow/dags/pipeline_datasets.py took 0.013 seconds
[2026-07-12T17:31:27.313+0000] {processor.py:161} INFO - Started process (PID=28090) to work on /opt/airflow/dags/pipeline_datasets.py
[2026-07-12T17:31:27.314+0000] {processor.py:830} INFO - Processing file /opt/airflow/dags/pipeline_datasets.py for tasks to queue
[2026-07-12T17:31:27.314+0000] {logging_mixin.py:188} INFO - [2026-07-12T17:31:27.314+0000] {dagbag.py:545} INFO - Filling up the DagBag from /opt/airflow/dags/pipeline_datasets.py
[2026-07-12T17:31:27.316+0000] {processor.py:842} WARNING - No viable dags retrieved from /opt/airflow/dags/pipeline_datasets.py
[2026-07-12T17:31:27.321+0000] {processor.py:183} INFO - Processing /opt/airflow/dags/pipeline_datasets.py took 0.011 seconds
[2026-07-12T17:31:58.318+0000] {processor.py:161} INFO - Started process (PID=28127) to work on /opt/airflow/dags/pipeline_datasets.py
[2026-07-12T17:31:58.319+0000] {processor.py:830} INFO - Processing file /opt/airflow/dags/pipeline_datasets.py for tasks to queue
[2026-07-12T17:31:58.320+0000] {logging_mixin.py:188} INFO - [2026-07-12T17:31:58.319+0000] {dagbag.py:545} INFO - Filling up the DagBag from /opt/airflow/dags/pipeline_datasets.py
[2026-07-12T17:31:58.321+0000] {processor.py:842} WARNING - No viable dags retrieved from /opt/airflow/dags/pipeline_datasets.py
[2026-07-12T17:31:58.327+0000] {processor.py:183} INFO - Processing /opt/airflow/dags/pipeline_datasets.py took 0.011 seconds
[2026-07-12T17:32:29.306+0000] {processor.py:161} INFO - Started process (PID=28162) to work on /opt/airflow/dags/pipeline_datasets.py
[2026-07-12T17:32:29.307+0000] {processor.py:830} INFO - Processing file /opt/airflow/dags/pipeline_datasets.py for tasks to queue
[2026-07-12T17:32:29.309+0000] {logging_mixin.py:188} INFO - [2026-07-12T17:32:29.309+0000] {dagbag.py:545} INFO - Filling up the DagBag from /opt/airflow/dags/pipeline_datasets.py
[2026-07-12T17:32:29.311+0000] {processor.py:842} WARNING - No viable dags retrieved from /opt/airflow/dags/pipeline_datasets.py
[2026-07-12T17:32:29.319+0000] {processor.py:183} INFO - Processing /opt/airflow/dags/pipeline_datasets.py took 0.016 seconds
[2026-07-12T17:33:00.384+0000] {processor.py:161} INFO - Started process (PID=28199) to work on /opt/airflow/dags/pipeline_datasets.py
[2026-07-12T17:33:00.385+0000] {processor.py:830} INFO - Processing file /opt/airflow/dags/pipeline_datasets.py for tasks to queue
[2026-07-12T17:33:00.386+0000] {logging_mixin.py:188} INFO - [2026-07-12T17:33:00.386+0000] {dagbag.py:545} INFO - Filling up the DagBag from /opt/airflow/dags/pipeline_datasets.py
[2026-07-12T17:33:00.388+0000] {processor.py:842} WARNING - No viable dags retrieved from /opt/airflow/dags/pipeline_datasets.py
[2026-07-12T17:33:00.392+0000] {processor.py:183} INFO - Processing /opt/airflow/dags/pipeline_datasets.py took 0.011 seconds
[2026-07-12T17:33:31.555+0000] {processor.py:161} INFO - Started process (PID=28236) to work on /opt/airflow/dags/pipeline_datasets.py
[2026-07-12T17:33:31.555+0000] {processor.py:830} INFO - Processing file /opt/airflow/dags/pipeline_datasets.py for tasks to queue
[2026-07-12T17:33:31.556+0000] {logging_mixin.py:188} INFO - [2026-07-12T17:33:31.556+0000] {dagbag.py:545} INFO - Filling up the DagBag from /opt/airflow/dags/pipeline_datasets.py
[2026-07-12T17:33:31.563+0000] {processor.py:842} WARNING - No viable dags retrieved from /opt/airflow/dags/pipeline_datasets.py
[2026-07-12T17:33:31.571+0000] {processor.py:183} INFO - Processing /opt/airflow/dags/pipeline_datasets.py took 0.020 seconds
[2026-07-12T17:34:02.759+0000] {processor.py:161} INFO - Started process (PID=28273) to work on /opt/airflow/dags/pipeline_datasets.py
[2026-07-12T17:34:02.760+0000] {processor.py:830} INFO - Processing file /opt/airflow/dags/pipeline_datasets.py for tasks to queue
[2026-07-12T17:34:02.762+0000] {logging_mixin.py:188} INFO - [2026-07-12T17:34:02.761+0000] {dagbag.py:545} INFO - Filling up the DagBag from /opt/airflow/dags/pipeline_datasets.py
[2026-07-12T17:34:02.767+0000] {processor.py:842} WARNING - No viable dags retrieved from /opt/airflow/dags/pipeline_datasets.py
[2026-07-12T17:34:02.779+0000] {processor.py:183} INFO - Processing /opt/airflow/dags/pipeline_datasets.py took 0.024 seconds
[2026-07-12T17:34:33.911+0000] {processor.py:161} INFO - Started process (PID=28310) to work on /opt/airflow/dags/pipeline_datasets.py
[2026-07-12T17:34:33.911+0000] {processor.py:830} INFO - Processing file /opt/airflow/dags/pipeline_datasets.py for tasks to queue
[2026-07-12T17:34:33.912+0000] {logging_mixin.py:188} INFO - [2026-07-12T17:34:33.912+0000] {dagbag.py:545} INFO - Filling up the DagBag from /opt/airflow/dags/pipeline_datasets.py
[2026-07-12T17:34:33.914+0000] {processor.py:842} WARNING - No viable dags retrieved from /opt/airflow/dags/pipeline_datasets.py
[2026-07-12T17:34:33.919+0000] {processor.py:183} INFO - Processing /opt/airflow/dags/pipeline_datasets.py took 0.012 seconds
[2026-07-12T17:35:05.116+0000] {processor.py:161} INFO - Started process (PID=28347) to work on /opt/airflow/dags/pipeline_datasets.py
[2026-07-12T17:35:05.117+0000] {processor.py:830} INFO - Processing file /opt/airflow/dags/pipeline_datasets.py for tasks to queue
[2026-07-12T17:35:05.118+0000] {logging_mixin.py:188} INFO - [2026-07-12T17:35:05.118+0000] {dagbag.py:545} INFO - Filling up the DagBag from /opt/airflow/dags/pipeline_datasets.py
[2026-07-12T17:35:05.120+0000] {processor.py:842} WARNING - No viable dags retrieved from /opt/airflow/dags/pipeline_datasets.py
[2026-07-12T17:35:05.125+0000] {processor.py:183} INFO - Processing /opt/airflow/dags/pipeline_datasets.py took 0.014 seconds
[2026-07-12T17:35:36.103+0000] {processor.py:161} INFO - Started process (PID=28386) to work on /opt/airflow/dags/pipeline_datasets.py
[2026-07-12T17:35:36.104+0000] {processor.py:830} INFO - Processing file /opt/airflow/dags/pipeline_datasets.py for tasks to queue
[2026-07-12T17:35:36.104+0000] {logging_mixin.py:188} INFO - [2026-07-12T17:35:36.104+0000] {dagbag.py:545} INFO - Filling up the DagBag from /opt/airflow/dags/pipeline_datasets.py
[2026-07-12T17:35:36.106+0000] {processor.py:842} WARNING - No viable dags retrieved from /opt/airflow/dags/pipeline_datasets.py
[2026-07-12T17:35:36.111+0000] {processor.py:183} INFO - Processing /opt/airflow/dags/pipeline_datasets.py took 0.010 seconds
[2026-07-12T17:36:07.158+0000] {processor.py:161} INFO - Started process (PID=28421) to work on /opt/airflow/dags/pipeline_datasets.py
[2026-07-12T17:36:07.158+0000] {processor.py:830} INFO - Processing file /opt/airflow/dags/pipeline_datasets.py for tasks to queue
[2026-07-12T17:36:07.163+0000] {logging_mixin.py:188} INFO - [2026-07-12T17:36:07.163+0000] {dagbag.py:545} INFO - Filling up the DagBag from /opt/airflow/dags/pipeline_datasets.py
[2026-07-12T17:36:07.165+0000] {processor.py:842} WARNING - No viable dags retrieved from /opt/airflow/dags/pipeline_datasets.py
[2026-07-12T17:36:07.172+0000] {processor.py:183} INFO - Processing /opt/airflow/dags/pipeline_datasets.py took 0.018 seconds
[2026-07-12T17:36:38.323+0000] {processor.py:161} INFO - Started process (PID=28458) to work on /opt/airflow/dags/pipeline_datasets.py
[2026-07-12T17:36:38.324+0000] {processor.py:830} INFO - Processing file /opt/airflow/dags/pipeline_datasets.py for tasks to queue
[2026-07-12T17:36:38.325+0000] {logging_mixin.py:188} INFO - [2026-07-12T17:36:38.325+0000] {dagbag.py:545} INFO - Filling up the DagBag from /opt/airflow/dags/pipeline_datasets.py
[2026-07-12T17:36:38.329+0000] {processor.py:842} WARNING - No viable dags retrieved from /opt/airflow/dags/pipeline_datasets.py
[2026-07-12T17:36:38.338+0000] {processor.py:183} INFO - Processing /opt/airflow/dags/pipeline_datasets.py took 0.018 seconds
[2026-07-12T17:37:09.492+0000] {processor.py:161} INFO - Started process (PID=28495) to work on /opt/airflow/dags/pipeline_datasets.py
[2026-07-12T17:37:09.494+0000] {processor.py:830} INFO - Processing file /opt/airflow/dags/pipeline_datasets.py for tasks to queue
[2026-07-12T17:37:09.496+0000] {logging_mixin.py:188} INFO - [2026-07-12T17:37:09.496+0000] {dagbag.py:545} INFO - Filling up the DagBag from /opt/airflow/dags/pipeline_datasets.py
[2026-07-12T17:37:09.501+0000] {processor.py:842} WARNING - No viable dags retrieved from /opt/airflow/dags/pipeline_datasets.py
[2026-07-12T17:37:09.511+0000] {processor.py:183} INFO - Processing /opt/airflow/dags/pipeline_datasets.py took 0.022 seconds
[2026-07-12T17:37:40.790+0000] {processor.py:161} INFO - Started process (PID=28533) to work on /opt/airflow/dags/pipeline_datasets.py
[2026-07-12T17:37:40.791+0000] {processor.py:830} INFO - Processing file /opt/airflow/dags/pipeline_datasets.py for tasks to queue
[2026-07-12T17:37:40.792+0000] {logging_mixin.py:188} INFO - [2026-07-12T17:37:40.792+0000] {dagbag.py:545} INFO - Filling up the DagBag from /opt/airflow/dags/pipeline_datasets.py
[2026-07-12T17:37:40.794+0000] {processor.py:842} WARNING - No viable dags retrieved from /opt/airflow/dags/pipeline_datasets.py
[2026-07-12T17:37:40.799+0000] {processor.py:183} INFO - Processing /opt/airflow/dags/pipeline_datasets.py took 0.013 seconds
[2026-07-12T17:38:11.931+0000] {processor.py:161} INFO - Started process (PID=28569) to work on /opt/airflow/dags/pipeline_datasets.py
[2026-07-12T17:38:11.932+0000] {processor.py:830} INFO - Processing file /opt/airflow/dags/pipeline_datasets.py for tasks to queue
[2026-07-12T17:38:11.936+0000] {logging_mixin.py:188} INFO - [2026-07-12T17:38:11.936+0000] {dagbag.py:545} INFO - Filling up the DagBag from /opt/airflow/dags/pipeline_datasets.py
[2026-07-12T17:38:11.943+0000] {processor.py:842} WARNING - No viable dags retrieved from /opt/airflow/dags/pipeline_datasets.py
[2026-07-12T17:38:11.954+0000] {processor.py:183} INFO - Processing /opt/airflow/dags/pipeline_datasets.py took 0.026 seconds
[2026-07-12T17:38:43.073+0000] {processor.py:161} INFO - Started process (PID=28605) to work on /opt/airflow/dags/pipeline_datasets.py
[2026-07-12T17:38:43.074+0000] {processor.py:830} INFO - Processing file /opt/airflow/dags/pipeline_datasets.py for tasks to queue
[2026-07-12T17:38:43.076+0000] {logging_mixin.py:188} INFO - [2026-07-12T17:38:43.075+0000] {dagbag.py:545} INFO - Filling up the DagBag from /opt/airflow/dags/pipeline_datasets.py
[2026-07-12T17:38:43.079+0000] {processor.py:842} WARNING - No viable dags retrieved from /opt/airflow/dags/pipeline_datasets.py
[2026-07-12T17:38:43.096+0000] {processor.py:183} INFO - Processing /opt/airflow/dags/pipeline_datasets.py took 0.027 seconds
[2026-07-12T17:39:14.435+0000] {processor.py:161} INFO - Started process (PID=28643) to work on /opt/airflow/dags/pipeline_datasets.py
[2026-07-12T17:39:14.436+0000] {processor.py:830} INFO - Processing file /opt/airflow/dags/pipeline_datasets.py for tasks to queue
[2026-07-12T17:39:14.437+0000] {logging_mixin.py:188} INFO - [2026-07-12T17:39:14.437+0000] {dagbag.py:545} INFO - Filling up the DagBag from /opt/airflow/dags/pipeline_datasets.py
[2026-07-12T17:39:14.440+0000] {processor.py:842} WARNING - No viable dags retrieved from /opt/airflow/dags/pipeline_datasets.py
[2026-07-12T17:39:14.448+0000] {processor.py:183} INFO - Processing /opt/airflow/dags/pipeline_datasets.py took 0.016 seconds
[2026-07-12T17:39:45.468+0000] {processor.py:161} INFO - Started process (PID=28682) to work on /opt/airflow/dags/pipeline_datasets.py
[2026-07-12T17:39:45.469+0000] {processor.py:830} INFO - Processing file /opt/airflow/dags/pipeline_datasets.py for tasks to queue
[2026-07-12T17:39:45.469+0000] {logging_mixin.py:188} INFO - [2026-07-12T17:39:45.469+0000] {dagbag.py:545} INFO - Filling up the DagBag from /opt/airflow/dags/pipeline_datasets.py
[2026-07-12T17:39:45.471+0000] {processor.py:842} WARNING - No viable dags retrieved from /opt/airflow/dags/pipeline_datasets.py
[2026-07-12T17:39:45.478+0000] {processor.py:183} INFO - Processing /opt/airflow/dags/pipeline_datasets.py took 0.012 seconds
[2026-07-12T17:40:16.432+0000] {processor.py:161} INFO - Started process (PID=28719) to work on /opt/airflow/dags/pipeline_datasets.py
[2026-07-12T17:40:16.433+0000] {processor.py:830} INFO - Processing file /opt/airflow/dags/pipeline_datasets.py for tasks to queue
[2026-07-12T17:40:16.434+0000] {logging_mixin.py:188} INFO - [2026-07-12T17:40:16.434+0000] {dagbag.py:545} INFO - Filling up the DagBag from /opt/airflow/dags/pipeline_datasets.py
[2026-07-12T17:40:16.436+0000] {processor.py:842} WARNING - No viable dags retrieved from /opt/airflow/dags/pipeline_datasets.py
[2026-07-12T17:40:16.441+0000] {processor.py:183} INFO - Processing /opt/airflow/dags/pipeline_datasets.py took 0.011 seconds
[2026-07-12T17:40:48.751+0000] {processor.py:161} INFO - Started process (PID=28754) to work on /opt/airflow/dags/pipeline_datasets.py
[2026-07-12T17:40:48.752+0000] {processor.py:830} INFO - Processing file /opt/airflow/dags/pipeline_datasets.py for tasks to queue
[2026-07-12T17:40:48.753+0000] {logging_mixin.py:188} INFO - [2026-07-12T17:40:48.752+0000] {dagbag.py:545} INFO - Filling up the DagBag from /opt/airflow/dags/pipeline_datasets.py
[2026-07-12T17:40:48.757+0000] {processor.py:842} WARNING - No viable dags retrieved from /opt/airflow/dags/pipeline_datasets.py
[2026-07-12T17:40:48.769+0000] {processor.py:183} INFO - Processing /opt/airflow/dags/pipeline_datasets.py took 0.022 seconds
[2026-07-12T17:41:19.803+0000] {processor.py:161} INFO - Started process (PID=28791) to work on /opt/airflow/dags/pipeline_datasets.py
[2026-07-12T17:41:19.803+0000] {processor.py:830} INFO - Processing file /opt/airflow/dags/pipeline_datasets.py for tasks to queue
[2026-07-12T17:41:19.804+0000] {logging_mixin.py:188} INFO - [2026-07-12T17:41:19.804+0000] {dagbag.py:545} INFO - Filling up the DagBag from /opt/airflow/dags/pipeline_datasets.py
[2026-07-12T17:41:19.806+0000] {processor.py:842} WARNING - No viable dags retrieved from /opt/airflow/dags/pipeline_datasets.py
[2026-07-12T17:41:19.811+0000] {processor.py:183} INFO - Processing /opt/airflow/dags/pipeline_datasets.py took 0.011 seconds
[2026-07-12T17:41:50.969+0000] {processor.py:161} INFO - Started process (PID=28828) to work on /opt/airflow/dags/pipeline_datasets.py
[2026-07-12T17:41:50.970+0000] {processor.py:830} INFO - Processing file /opt/airflow/dags/pipeline_datasets.py for tasks to queue
[2026-07-12T17:41:50.970+0000] {logging_mixin.py:188} INFO - [2026-07-12T17:41:50.970+0000] {dagbag.py:545} INFO - Filling up the DagBag from /opt/airflow/dags/pipeline_datasets.py
[2026-07-12T17:41:50.972+0000] {processor.py:842} WARNING - No viable dags retrieved from /opt/airflow/dags/pipeline_datasets.py
[2026-07-12T17:41:50.978+0000] {processor.py:183} INFO - Processing /opt/airflow/dags/pipeline_datasets.py took 0.011 seconds
[2026-07-12T17:42:22.005+0000] {processor.py:161} INFO - Started process (PID=28865) to work on /opt/airflow/dags/pipeline_datasets.py
[2026-07-12T17:42:22.007+0000] {processor.py:830} INFO - Processing file /opt/airflow/dags/pipeline_datasets.py for tasks to queue
[2026-07-12T17:42:22.009+0000] {logging_mixin.py:188} INFO - [2026-07-12T17:42:22.008+0000] {dagbag.py:545} INFO - Filling up the DagBag from /opt/airflow/dags/pipeline_datasets.py
[2026-07-12T17:42:22.011+0000] {processor.py:842} WARNING - No viable dags retrieved from /opt/airflow/dags/pipeline_datasets.py
[2026-07-12T17:42:22.025+0000] {processor.py:183} INFO - Processing /opt/airflow/dags/pipeline_datasets.py took 0.022 seconds
[2026-07-12T17:42:53.207+0000] {processor.py:161} INFO - Started process (PID=28902) to work on /opt/airflow/dags/pipeline_datasets.py
[2026-07-12T17:42:53.207+0000] {processor.py:830} INFO - Processing file /opt/airflow/dags/pipeline_datasets.py for tasks to queue
[2026-07-12T17:42:53.208+0000] {logging_mixin.py:188} INFO - [2026-07-12T17:42:53.208+0000] {dagbag.py:545} INFO - Filling up the DagBag from /opt/airflow/dags/pipeline_datasets.py
[2026-07-12T17:42:53.211+0000] {processor.py:842} WARNING - No viable dags retrieved from /opt/airflow/dags/pipeline_datasets.py
[2026-07-12T17:42:53.221+0000] {processor.py:183} INFO - Processing /opt/airflow/dags/pipeline_datasets.py took 0.017 seconds
[2026-07-12T17:43:24.226+0000] {processor.py:161} INFO - Started process (PID=28939) to work on /opt/airflow/dags/pipeline_datasets.py
[2026-07-12T17:43:24.228+0000] {processor.py:830} INFO - Processing file /opt/airflow/dags/pipeline_datasets.py for tasks to queue
[2026-07-12T17:43:24.229+0000] {logging_mixin.py:188} INFO - [2026-07-12T17:43:24.229+0000] {dagbag.py:545} INFO - Filling up the DagBag from /opt/airflow/dags/pipeline_datasets.py
[2026-07-12T17:43:24.232+0000] {processor.py:842} WARNING - No viable dags retrieved from /opt/airflow/dags/pipeline_datasets.py
[2026-07-12T17:43:24.239+0000] {processor.py:183} INFO - Processing /opt/airflow/dags/pipeline_datasets.py took 0.017 seconds
[2026-07-12T17:43:55.430+0000] {processor.py:161} INFO - Started process (PID=28978) to work on /opt/airflow/dags/pipeline_datasets.py
[2026-07-12T17:43:55.430+0000] {processor.py:830} INFO - Processing file /opt/airflow/dags/pipeline_datasets.py for tasks to queue
[2026-07-12T17:43:55.431+0000] {logging_mixin.py:188} INFO - [2026-07-12T17:43:55.431+0000] {dagbag.py:545} INFO - Filling up the DagBag from /opt/airflow/dags/pipeline_datasets.py
[2026-07-12T17:43:55.433+0000] {processor.py:842} WARNING - No viable dags retrieved from /opt/airflow/dags/pipeline_datasets.py
[2026-07-12T17:43:55.439+0000] {processor.py:183} INFO - Processing /opt/airflow/dags/pipeline_datasets.py took 0.012 seconds
[2026-07-12T17:44:26.510+0000] {processor.py:161} INFO - Started process (PID=29013) to work on /opt/airflow/dags/pipeline_datasets.py
[2026-07-12T17:44:26.511+0000] {processor.py:830} INFO - Processing file /opt/airflow/dags/pipeline_datasets.py for tasks to queue
[2026-07-12T17:44:26.514+0000] {logging_mixin.py:188} INFO - [2026-07-12T17:44:26.513+0000] {dagbag.py:545} INFO - Filling up the DagBag from /opt/airflow/dags/pipeline_datasets.py
[2026-07-12T17:44:26.516+0000] {processor.py:842} WARNING - No viable dags retrieved from /opt/airflow/dags/pipeline_datasets.py
[2026-07-12T17:44:26.523+0000] {processor.py:183} INFO - Processing /opt/airflow/dags/pipeline_datasets.py took 0.016 seconds
[2026-07-12T17:44:57.956+0000] {processor.py:161} INFO - Started process (PID=29052) to work on /opt/airflow/dags/pipeline_datasets.py
[2026-07-12T17:44:57.957+0000] {processor.py:830} INFO - Processing file /opt/airflow/dags/pipeline_datasets.py for tasks to queue
[2026-07-12T17:44:57.958+0000] {logging_mixin.py:188} INFO - [2026-07-12T17:44:57.957+0000] {dagbag.py:545} INFO - Filling up the DagBag from /opt/airflow/dags/pipeline_datasets.py
[2026-07-12T17:44:57.959+0000] {processor.py:842} WARNING - No viable dags retrieved from /opt/airflow/dags/pipeline_datasets.py
[2026-07-12T17:44:57.965+0000] {processor.py:183} INFO - Processing /opt/airflow/dags/pipeline_datasets.py took 0.011 seconds
[2026-07-12T17:45:29.110+0000] {processor.py:161} INFO - Started process (PID=29088) to work on /opt/airflow/dags/pipeline_datasets.py
[2026-07-12T17:45:29.110+0000] {processor.py:830} INFO - Processing file /opt/airflow/dags/pipeline_datasets.py for tasks to queue
[2026-07-12T17:45:29.111+0000] {logging_mixin.py:188} INFO - [2026-07-12T17:45:29.111+0000] {dagbag.py:545} INFO - Filling up the DagBag from /opt/airflow/dags/pipeline_datasets.py
[2026-07-12T17:45:29.113+0000] {processor.py:842} WARNING - No viable dags retrieved from /opt/airflow/dags/pipeline_datasets.py
[2026-07-12T17:45:29.118+0000] {processor.py:183} INFO - Processing /opt/airflow/dags/pipeline_datasets.py took 0.011 seconds
[2026-07-12T17:46:00.858+0000] {processor.py:161} INFO - Started process (PID=29124) to work on /opt/airflow/dags/pipeline_datasets.py
[2026-07-12T17:46:00.860+0000] {processor.py:830} INFO - Processing file /opt/airflow/dags/pipeline_datasets.py for tasks to queue
[2026-07-12T17:46:00.867+0000] {logging_mixin.py:188} INFO - [2026-07-12T17:46:00.867+0000] {dagbag.py:545} INFO - Filling up the DagBag from /opt/airflow/dags/pipeline_datasets.py
[2026-07-12T17:46:00.871+0000] {processor.py:842} WARNING - No viable dags retrieved from /opt/airflow/dags/pipeline_datasets.py
[2026-07-12T17:46:00.883+0000] {processor.py:183} INFO - Processing /opt/airflow/dags/pipeline_datasets.py took 0.028 seconds
[2026-07-12T17:46:32.907+0000] {processor.py:161} INFO - Started process (PID=29161) to work on /opt/airflow/dags/pipeline_datasets.py
[2026-07-12T17:46:32.908+0000] {processor.py:830} INFO - Processing file /opt/airflow/dags/pipeline_datasets.py for tasks to queue
[2026-07-12T17:46:32.911+0000] {logging_mixin.py:188} INFO - [2026-07-12T17:46:32.910+0000] {dagbag.py:545} INFO - Filling up the DagBag from /opt/airflow/dags/pipeline_datasets.py
[2026-07-12T17:46:32.915+0000] {processor.py:842} WARNING - No viable dags retrieved from /opt/airflow/dags/pipeline_datasets.py
[2026-07-12T17:46:32.927+0000] {processor.py:183} INFO - Processing /opt/airflow/dags/pipeline_datasets.py took 0.024 seconds
[2026-07-12T17:47:03.672+0000] {processor.py:161} INFO - Started process (PID=29200) to work on /opt/airflow/dags/pipeline_datasets.py
[2026-07-12T17:47:03.675+0000] {processor.py:830} INFO - Processing file /opt/airflow/dags/pipeline_datasets.py for tasks to queue
[2026-07-12T17:47:03.675+0000] {logging_mixin.py:188} INFO - [2026-07-12T17:47:03.675+0000] {dagbag.py:545} INFO - Filling up the DagBag from /opt/airflow/dags/pipeline_datasets.py
[2026-07-12T17:47:03.685+0000] {processor.py:842} WARNING - No viable dags retrieved from /opt/airflow/dags/pipeline_datasets.py
[2026-07-12T17:47:03.715+0000] {processor.py:183} INFO - Processing /opt/airflow/dags/pipeline_datasets.py took 0.055 seconds
[2026-07-12T17:47:35.160+0000] {processor.py:161} INFO - Started process (PID=29235) to work on /opt/airflow/dags/pipeline_datasets.py
[2026-07-12T17:47:35.162+0000] {processor.py:830} INFO - Processing file /opt/airflow/dags/pipeline_datasets.py for tasks to queue
[2026-07-12T17:47:35.164+0000] {logging_mixin.py:188} INFO - [2026-07-12T17:47:35.163+0000] {dagbag.py:545} INFO - Filling up the DagBag from /opt/airflow/dags/pipeline_datasets.py
[2026-07-12T17:47:35.168+0000] {processor.py:842} WARNING - No viable dags retrieved from /opt/airflow/dags/pipeline_datasets.py
[2026-07-12T17:47:35.199+0000] {processor.py:183} INFO - Processing /opt/airflow/dags/pipeline_datasets.py took 0.042 seconds
[2026-07-12T17:48:06.306+0000] {processor.py:161} INFO - Started process (PID=29272) to work on /opt/airflow/dags/pipeline_datasets.py
[2026-07-12T17:48:06.307+0000] {processor.py:830} INFO - Processing file /opt/airflow/dags/pipeline_datasets.py for tasks to queue
[2026-07-12T17:48:06.308+0000] {logging_mixin.py:188} INFO - [2026-07-12T17:48:06.307+0000] {dagbag.py:545} INFO - Filling up the DagBag from /opt/airflow/dags/pipeline_datasets.py
[2026-07-12T17:48:06.311+0000] {processor.py:842} WARNING - No viable dags retrieved from /opt/airflow/dags/pipeline_datasets.py
[2026-07-12T17:48:06.319+0000] {processor.py:183} INFO - Processing /opt/airflow/dags/pipeline_datasets.py took 0.016 seconds
[2026-07-12T17:48:37.327+0000] {processor.py:161} INFO - Started process (PID=29311) to work on /opt/airflow/dags/pipeline_datasets.py
[2026-07-12T17:48:37.328+0000] {processor.py:830} INFO - Processing file /opt/airflow/dags/pipeline_datasets.py for tasks to queue
[2026-07-12T17:48:37.328+0000] {logging_mixin.py:188} INFO - [2026-07-12T17:48:37.328+0000] {dagbag.py:545} INFO - Filling up the DagBag from /opt/airflow/dags/pipeline_datasets.py
[2026-07-12T17:48:37.330+0000] {processor.py:842} WARNING - No viable dags retrieved from /opt/airflow/dags/pipeline_datasets.py
[2026-07-12T17:48:37.336+0000] {processor.py:183} INFO - Processing /opt/airflow/dags/pipeline_datasets.py took 0.012 seconds
[2026-07-12T17:49:08.371+0000] {processor.py:161} INFO - Started process (PID=29346) to work on /opt/airflow/dags/pipeline_datasets.py
[2026-07-12T17:49:08.371+0000] {processor.py:830} INFO - Processing file /opt/airflow/dags/pipeline_datasets.py for tasks to queue
[2026-07-12T17:49:08.372+0000] {logging_mixin.py:188} INFO - [2026-07-12T17:49:08.372+0000] {dagbag.py:545} INFO - Filling up the DagBag from /opt/airflow/dags/pipeline_datasets.py
[2026-07-12T17:49:08.374+0000] {processor.py:842} WARNING - No viable dags retrieved from /opt/airflow/dags/pipeline_datasets.py
[2026-07-12T17:49:08.379+0000] {processor.py:183} INFO - Processing /opt/airflow/dags/pipeline_datasets.py took 0.011 seconds
[2026-07-12T17:49:39.452+0000] {processor.py:161} INFO - Started process (PID=29383) to work on /opt/airflow/dags/pipeline_datasets.py
[2026-07-12T17:49:39.452+0000] {processor.py:830} INFO - Processing file /opt/airflow/dags/pipeline_datasets.py for tasks to queue
[2026-07-12T17:49:39.453+0000] {logging_mixin.py:188} INFO - [2026-07-12T17:49:39.453+0000] {dagbag.py:545} INFO - Filling up the DagBag from /opt/airflow/dags/pipeline_datasets.py
[2026-07-12T17:49:39.455+0000] {processor.py:842} WARNING - No viable dags retrieved from /opt/airflow/dags/pipeline_datasets.py
[2026-07-12T17:49:39.460+0000] {processor.py:183} INFO - Processing /opt/airflow/dags/pipeline_datasets.py took 0.011 seconds
[2026-07-12T17:50:10.458+0000] {processor.py:161} INFO - Started process (PID=29422) to work on /opt/airflow/dags/pipeline_datasets.py
[2026-07-12T17:50:10.459+0000] {processor.py:830} INFO - Processing file /opt/airflow/dags/pipeline_datasets.py for tasks to queue
[2026-07-12T17:50:10.460+0000] {logging_mixin.py:188} INFO - [2026-07-12T17:50:10.459+0000] {dagbag.py:545} INFO - Filling up the DagBag from /opt/airflow/dags/pipeline_datasets.py
[2026-07-12T17:50:10.461+0000] {processor.py:842} WARNING - No viable dags retrieved from /opt/airflow/dags/pipeline_datasets.py
[2026-07-12T17:50:10.466+0000] {processor.py:183} INFO - Processing /opt/airflow/dags/pipeline_datasets.py took 0.010 seconds
[2026-07-12T17:50:41.516+0000] {processor.py:161} INFO - Started process (PID=29457) to work on /opt/airflow/dags/pipeline_datasets.py
[2026-07-12T17:50:41.516+0000] {processor.py:830} INFO - Processing file /opt/airflow/dags/pipeline_datasets.py for tasks to queue
[2026-07-12T17:50:41.517+0000] {logging_mixin.py:188} INFO - [2026-07-12T17:50:41.517+0000] {dagbag.py:545} INFO - Filling up the DagBag from /opt/airflow/dags/pipeline_datasets.py
[2026-07-12T17:50:41.519+0000] {processor.py:842} WARNING - No viable dags retrieved from /opt/airflow/dags/pipeline_datasets.py
[2026-07-12T17:50:41.524+0000] {processor.py:183} INFO - Processing /opt/airflow/dags/pipeline_datasets.py took 0.011 seconds
[2026-07-12T17:51:12.613+0000] {processor.py:161} INFO - Started process (PID=29494) to work on /opt/airflow/dags/pipeline_datasets.py
[2026-07-12T17:51:12.614+0000] {processor.py:830} INFO - Processing file /opt/airflow/dags/pipeline_datasets.py for tasks to queue
[2026-07-12T17:51:12.615+0000] {logging_mixin.py:188} INFO - [2026-07-12T17:51:12.615+0000] {dagbag.py:545} INFO - Filling up the DagBag from /opt/airflow/dags/pipeline_datasets.py
[2026-07-12T17:51:12.617+0000] {processor.py:842} WARNING - No viable dags retrieved from /opt/airflow/dags/pipeline_datasets.py
[2026-07-12T17:51:12.622+0000] {processor.py:183} INFO - Processing /opt/airflow/dags/pipeline_datasets.py took 0.012 seconds
[2026-07-12T17:51:43.663+0000] {processor.py:161} INFO - Started process (PID=29531) to work on /opt/airflow/dags/pipeline_datasets.py
[2026-07-12T17:51:43.664+0000] {processor.py:830} INFO - Processing file /opt/airflow/dags/pipeline_datasets.py for tasks to queue
[2026-07-12T17:51:43.664+0000] {logging_mixin.py:188} INFO - [2026-07-12T17:51:43.664+0000] {dagbag.py:545} INFO - Filling up the DagBag from /opt/airflow/dags/pipeline_datasets.py
[2026-07-12T17:51:43.666+0000] {processor.py:842} WARNING - No viable dags retrieved from /opt/airflow/dags/pipeline_datasets.py
[2026-07-12T17:51:43.671+0000] {processor.py:183} INFO - Processing /opt/airflow/dags/pipeline_datasets.py took 0.011 seconds
[2026-07-12T17:52:14.790+0000] {processor.py:161} INFO - Started process (PID=29568) to work on /opt/airflow/dags/pipeline_datasets.py
[2026-07-12T17:52:14.791+0000] {processor.py:830} INFO - Processing file /opt/airflow/dags/pipeline_datasets.py for tasks to queue
[2026-07-12T17:52:14.792+0000] {logging_mixin.py:188} INFO - [2026-07-12T17:52:14.792+0000] {dagbag.py:545} INFO - Filling up the DagBag from /opt/airflow/dags/pipeline_datasets.py
[2026-07-12T17:52:14.795+0000] {processor.py:842} WARNING - No viable dags retrieved from /opt/airflow/dags/pipeline_datasets.py
[2026-07-12T17:52:14.803+0000] {processor.py:183} INFO - Processing /opt/airflow/dags/pipeline_datasets.py took 0.016 seconds
[2026-07-12T17:52:45.990+0000] {processor.py:161} INFO - Started process (PID=29605) to work on /opt/airflow/dags/pipeline_datasets.py
[2026-07-12T17:52:45.991+0000] {processor.py:830} INFO - Processing file /opt/airflow/dags/pipeline_datasets.py for tasks to queue
[2026-07-12T17:52:45.993+0000] {logging_mixin.py:188} INFO - [2026-07-12T17:52:45.992+0000] {dagbag.py:545} INFO - Filling up the DagBag from /opt/airflow/dags/pipeline_datasets.py
[2026-07-12T17:52:45.996+0000] {processor.py:842} WARNING - No viable dags retrieved from /opt/airflow/dags/pipeline_datasets.py
[2026-07-12T17:52:46.005+0000] {processor.py:183} INFO - Processing /opt/airflow/dags/pipeline_datasets.py took 0.018 seconds
[2026-07-12T17:53:17.369+0000] {processor.py:161} INFO - Started process (PID=29642) to work on /opt/airflow/dags/pipeline_datasets.py
[2026-07-12T17:53:17.370+0000] {processor.py:830} INFO - Processing file /opt/airflow/dags/pipeline_datasets.py for tasks to queue
[2026-07-12T17:53:17.371+0000] {logging_mixin.py:188} INFO - [2026-07-12T17:53:17.371+0000] {dagbag.py:545} INFO - Filling up the DagBag from /opt/airflow/dags/pipeline_datasets.py
[2026-07-12T17:53:17.374+0000] {processor.py:842} WARNING - No viable dags retrieved from /opt/airflow/dags/pipeline_datasets.py
[2026-07-12T17:53:17.383+0000] {processor.py:183} INFO - Processing /opt/airflow/dags/pipeline_datasets.py took 0.019 seconds
[2026-07-12T17:53:49.098+0000] {processor.py:161} INFO - Started process (PID=29679) to work on /opt/airflow/dags/pipeline_datasets.py
[2026-07-12T17:53:49.099+0000] {processor.py:830} INFO - Processing file /opt/airflow/dags/pipeline_datasets.py for tasks to queue
[2026-07-12T17:53:49.100+0000] {logging_mixin.py:188} INFO - [2026-07-12T17:53:49.100+0000] {dagbag.py:545} INFO - Filling up the DagBag from /opt/airflow/dags/pipeline_datasets.py
[2026-07-12T17:53:49.103+0000] {processor.py:842} WARNING - No viable dags retrieved from /opt/airflow/dags/pipeline_datasets.py
[2026-07-12T17:53:49.120+0000] {processor.py:183} INFO - Processing /opt/airflow/dags/pipeline_datasets.py took 0.027 seconds
[2026-07-12T17:54:20.570+0000] {processor.py:161} INFO - Started process (PID=29716) to work on /opt/airflow/dags/pipeline_datasets.py
[2026-07-12T17:54:20.571+0000] {processor.py:830} INFO - Processing file /opt/airflow/dags/pipeline_datasets.py for tasks to queue
[2026-07-12T17:54:20.572+0000] {logging_mixin.py:188} INFO - [2026-07-12T17:54:20.572+0000] {dagbag.py:545} INFO - Filling up the DagBag from /opt/airflow/dags/pipeline_datasets.py
[2026-07-12T17:54:20.575+0000] {processor.py:842} WARNING - No viable dags retrieved from /opt/airflow/dags/pipeline_datasets.py
[2026-07-12T17:54:20.581+0000] {processor.py:183} INFO - Processing /opt/airflow/dags/pipeline_datasets.py took 0.014 seconds
[2026-07-12T17:54:51.766+0000] {processor.py:161} INFO - Started process (PID=29753) to work on /opt/airflow/dags/pipeline_datasets.py
[2026-07-12T17:54:51.767+0000] {processor.py:830} INFO - Processing file /opt/airflow/dags/pipeline_datasets.py for tasks to queue
[2026-07-12T17:54:51.769+0000] {logging_mixin.py:188} INFO - [2026-07-12T17:54:51.769+0000] {dagbag.py:545} INFO - Filling up the DagBag from /opt/airflow/dags/pipeline_datasets.py
[2026-07-12T17:54:51.773+0000] {processor.py:842} WARNING - No viable dags retrieved from /opt/airflow/dags/pipeline_datasets.py
[2026-07-12T17:54:51.779+0000] {processor.py:183} INFO - Processing /opt/airflow/dags/pipeline_datasets.py took 0.016 seconds
[2026-07-12T17:55:22.819+0000] {processor.py:161} INFO - Started process (PID=29790) to work on /opt/airflow/dags/pipeline_datasets.py
[2026-07-12T17:55:22.819+0000] {processor.py:830} INFO - Processing file /opt/airflow/dags/pipeline_datasets.py for tasks to queue
[2026-07-12T17:55:22.820+0000] {logging_mixin.py:188} INFO - [2026-07-12T17:55:22.820+0000] {dagbag.py:545} INFO - Filling up the DagBag from /opt/airflow/dags/pipeline_datasets.py
[2026-07-12T17:55:22.822+0000] {processor.py:842} WARNING - No viable dags retrieved from /opt/airflow/dags/pipeline_datasets.py
[2026-07-12T17:55:22.828+0000] {processor.py:183} INFO - Processing /opt/airflow/dags/pipeline_datasets.py took 0.012 seconds
[2026-07-12T17:55:54.119+0000] {processor.py:161} INFO - Started process (PID=29829) to work on /opt/airflow/dags/pipeline_datasets.py
[2026-07-12T17:55:54.120+0000] {processor.py:830} INFO - Processing file /opt/airflow/dags/pipeline_datasets.py for tasks to queue
[2026-07-12T17:55:54.120+0000] {logging_mixin.py:188} INFO - [2026-07-12T17:55:54.120+0000] {dagbag.py:545} INFO - Filling up the DagBag from /opt/airflow/dags/pipeline_datasets.py
[2026-07-12T17:55:54.122+0000] {processor.py:842} WARNING - No viable dags retrieved from /opt/airflow/dags/pipeline_datasets.py
[2026-07-12T17:55:54.128+0000] {processor.py:183} INFO - Processing /opt/airflow/dags/pipeline_datasets.py took 0.012 seconds
[2026-07-12T17:56:25.193+0000] {processor.py:161} INFO - Started process (PID=29864) to work on /opt/airflow/dags/pipeline_datasets.py
[2026-07-12T17:56:25.194+0000] {processor.py:830} INFO - Processing file /opt/airflow/dags/pipeline_datasets.py for tasks to queue
[2026-07-12T17:56:25.195+0000] {logging_mixin.py:188} INFO - [2026-07-12T17:56:25.195+0000] {dagbag.py:545} INFO - Filling up the DagBag from /opt/airflow/dags/pipeline_datasets.py
[2026-07-12T17:56:25.199+0000] {processor.py:842} WARNING - No viable dags retrieved from /opt/airflow/dags/pipeline_datasets.py
[2026-07-12T17:56:25.211+0000] {processor.py:183} INFO - Processing /opt/airflow/dags/pipeline_datasets.py took 0.022 seconds
[2026-07-12T17:56:56.386+0000] {processor.py:161} INFO - Started process (PID=29901) to work on /opt/airflow/dags/pipeline_datasets.py
[2026-07-12T17:56:56.387+0000] {processor.py:830} INFO - Processing file /opt/airflow/dags/pipeline_datasets.py for tasks to queue
[2026-07-12T17:56:56.387+0000] {logging_mixin.py:188} INFO - [2026-07-12T17:56:56.387+0000] {dagbag.py:545} INFO - Filling up the DagBag from /opt/airflow/dags/pipeline_datasets.py
[2026-07-12T17:56:56.389+0000] {processor.py:842} WARNING - No viable dags retrieved from /opt/airflow/dags/pipeline_datasets.py
[2026-07-12T17:56:56.396+0000] {processor.py:183} INFO - Processing /opt/airflow/dags/pipeline_datasets.py took 0.013 seconds
[2026-07-12T17:57:27.510+0000] {processor.py:161} INFO - Started process (PID=29938) to work on /opt/airflow/dags/pipeline_datasets.py
[2026-07-12T17:57:27.511+0000] {processor.py:830} INFO - Processing file /opt/airflow/dags/pipeline_datasets.py for tasks to queue
[2026-07-12T17:57:27.512+0000] {logging_mixin.py:188} INFO - [2026-07-12T17:57:27.512+0000] {dagbag.py:545} INFO - Filling up the DagBag from /opt/airflow/dags/pipeline_datasets.py
[2026-07-12T17:57:27.516+0000] {processor.py:842} WARNING - No viable dags retrieved from /opt/airflow/dags/pipeline_datasets.py
[2026-07-12T17:57:27.525+0000] {processor.py:183} INFO - Processing /opt/airflow/dags/pipeline_datasets.py took 0.018 seconds
[2026-07-12T17:57:58.665+0000] {processor.py:161} INFO - Started process (PID=29975) to work on /opt/airflow/dags/pipeline_datasets.py
[2026-07-12T17:57:58.666+0000] {processor.py:830} INFO - Processing file /opt/airflow/dags/pipeline_datasets.py for tasks to queue
[2026-07-12T17:57:58.668+0000] {logging_mixin.py:188} INFO - [2026-07-12T17:57:58.667+0000] {dagbag.py:545} INFO - Filling up the DagBag from /opt/airflow/dags/pipeline_datasets.py
[2026-07-12T17:57:58.674+0000] {processor.py:842} WARNING - No viable dags retrieved from /opt/airflow/dags/pipeline_datasets.py
[2026-07-12T17:57:58.680+0000] {processor.py:183} INFO - Processing /opt/airflow/dags/pipeline_datasets.py took 0.017 seconds
[2026-07-12T17:58:29.772+0000] {processor.py:161} INFO - Started process (PID=30014) to work on /opt/airflow/dags/pipeline_datasets.py
[2026-07-12T17:58:29.773+0000] {processor.py:830} INFO - Processing file /opt/airflow/dags/pipeline_datasets.py for tasks to queue
[2026-07-12T17:58:29.774+0000] {logging_mixin.py:188} INFO - [2026-07-12T17:58:29.774+0000] {dagbag.py:545} INFO - Filling up the DagBag from /opt/airflow/dags/pipeline_datasets.py
[2026-07-12T17:58:29.775+0000] {processor.py:842} WARNING - No viable dags retrieved from /opt/airflow/dags/pipeline_datasets.py
[2026-07-12T17:58:29.781+0000] {processor.py:183} INFO - Processing /opt/airflow/dags/pipeline_datasets.py took 0.011 seconds
[2026-07-12T17:59:02.492+0000] {processor.py:161} INFO - Started process (PID=30049) to work on /opt/airflow/dags/pipeline_datasets.py
[2026-07-12T17:59:02.492+0000] {processor.py:830} INFO - Processing file /opt/airflow/dags/pipeline_datasets.py for tasks to queue
[2026-07-12T17:59:02.493+0000] {logging_mixin.py:188} INFO - [2026-07-12T17:59:02.493+0000] {dagbag.py:545} INFO - Filling up the DagBag from /opt/airflow/dags/pipeline_datasets.py
[2026-07-12T17:59:02.502+0000] {processor.py:842} WARNING - No viable dags retrieved from /opt/airflow/dags/pipeline_datasets.py
[2026-07-12T17:59:02.520+0000] {processor.py:183} INFO - Processing /opt/airflow/dags/pipeline_datasets.py took 0.031 seconds
[2026-07-12T17:59:33.820+0000] {processor.py:161} INFO - Started process (PID=30091) to work on /opt/airflow/dags/pipeline_datasets.py
[2026-07-12T17:59:33.821+0000] {processor.py:830} INFO - Processing file /opt/airflow/dags/pipeline_datasets.py for tasks to queue
[2026-07-12T17:59:33.822+0000] {logging_mixin.py:188} INFO - [2026-07-12T17:59:33.822+0000] {dagbag.py:545} INFO - Filling up the DagBag from /opt/airflow/dags/pipeline_datasets.py
[2026-07-12T17:59:33.829+0000] {processor.py:842} WARNING - No viable dags retrieved from /opt/airflow/dags/pipeline_datasets.py
[2026-07-12T17:59:33.841+0000] {processor.py:183} INFO - Processing /opt/airflow/dags/pipeline_datasets.py took 0.025 seconds
[2026-07-12T18:00:09.167+0000] {processor.py:161} INFO - Started process (PID=30257) to work on /opt/airflow/dags/pipeline_datasets.py
[2026-07-12T18:00:09.169+0000] {processor.py:830} INFO - Processing file /opt/airflow/dags/pipeline_datasets.py for tasks to queue
[2026-07-12T18:00:09.172+0000] {logging_mixin.py:188} INFO - [2026-07-12T18:00:09.171+0000] {dagbag.py:545} INFO - Filling up the DagBag from /opt/airflow/dags/pipeline_datasets.py
[2026-07-12T18:00:09.181+0000] {processor.py:842} WARNING - No viable dags retrieved from /opt/airflow/dags/pipeline_datasets.py
[2026-07-12T18:00:09.219+0000] {processor.py:183} INFO - Processing /opt/airflow/dags/pipeline_datasets.py took 0.062 seconds
[2026-07-12T18:00:40.283+0000] {processor.py:161} INFO - Started process (PID=30742) to work on /opt/airflow/dags/pipeline_datasets.py
[2026-07-12T18:00:40.284+0000] {processor.py:830} INFO - Processing file /opt/airflow/dags/pipeline_datasets.py for tasks to queue
[2026-07-12T18:00:40.287+0000] {logging_mixin.py:188} INFO - [2026-07-12T18:00:40.286+0000] {dagbag.py:545} INFO - Filling up the DagBag from /opt/airflow/dags/pipeline_datasets.py
[2026-07-12T18:00:40.290+0000] {processor.py:842} WARNING - No viable dags retrieved from /opt/airflow/dags/pipeline_datasets.py
[2026-07-12T18:00:40.303+0000] {processor.py:183} INFO - Processing /opt/airflow/dags/pipeline_datasets.py took 0.034 seconds
[2026-07-12T18:01:11.488+0000] {processor.py:161} INFO - Started process (PID=30779) to work on /opt/airflow/dags/pipeline_datasets.py
[2026-07-12T18:01:11.489+0000] {processor.py:830} INFO - Processing file /opt/airflow/dags/pipeline_datasets.py for tasks to queue
[2026-07-12T18:01:11.490+0000] {logging_mixin.py:188} INFO - [2026-07-12T18:01:11.490+0000] {dagbag.py:545} INFO - Filling up the DagBag from /opt/airflow/dags/pipeline_datasets.py
[2026-07-12T18:01:11.493+0000] {processor.py:842} WARNING - No viable dags retrieved from /opt/airflow/dags/pipeline_datasets.py
[2026-07-12T18:01:11.501+0000] {processor.py:183} INFO - Processing /opt/airflow/dags/pipeline_datasets.py took 0.017 seconds
[2026-07-12T18:01:42.722+0000] {processor.py:161} INFO - Started process (PID=30816) to work on /opt/airflow/dags/pipeline_datasets.py
[2026-07-12T18:01:42.723+0000] {processor.py:830} INFO - Processing file /opt/airflow/dags/pipeline_datasets.py for tasks to queue
[2026-07-12T18:01:42.724+0000] {logging_mixin.py:188} INFO - [2026-07-12T18:01:42.724+0000] {dagbag.py:545} INFO - Filling up the DagBag from /opt/airflow/dags/pipeline_datasets.py
[2026-07-12T18:01:42.726+0000] {processor.py:842} WARNING - No viable dags retrieved from /opt/airflow/dags/pipeline_datasets.py
[2026-07-12T18:01:42.732+0000] {processor.py:183} INFO - Processing /opt/airflow/dags/pipeline_datasets.py took 0.012 seconds
[2026-07-12T18:02:14.238+0000] {processor.py:161} INFO - Started process (PID=30853) to work on /opt/airflow/dags/pipeline_datasets.py
[2026-07-12T18:02:14.239+0000] {processor.py:830} INFO - Processing file /opt/airflow/dags/pipeline_datasets.py for tasks to queue
[2026-07-12T18:02:14.242+0000] {logging_mixin.py:188} INFO - [2026-07-12T18:02:14.241+0000] {dagbag.py:545} INFO - Filling up the DagBag from /opt/airflow/dags/pipeline_datasets.py
[2026-07-12T18:02:14.247+0000] {processor.py:842} WARNING - No viable dags retrieved from /opt/airflow/dags/pipeline_datasets.py
[2026-07-12T18:02:14.257+0000] {processor.py:183} INFO - Processing /opt/airflow/dags/pipeline_datasets.py took 0.023 seconds
[2026-07-12T18:02:46.060+0000] {processor.py:161} INFO - Started process (PID=30923) to work on /opt/airflow/dags/pipeline_datasets.py
[2026-07-12T18:02:46.062+0000] {processor.py:830} INFO - Processing file /opt/airflow/dags/pipeline_datasets.py for tasks to queue
[2026-07-12T18:02:46.063+0000] {logging_mixin.py:188} INFO - [2026-07-12T18:02:46.062+0000] {dagbag.py:545} INFO - Filling up the DagBag from /opt/airflow/dags/pipeline_datasets.py
[2026-07-12T18:02:46.066+0000] {processor.py:842} WARNING - No viable dags retrieved from /opt/airflow/dags/pipeline_datasets.py
[2026-07-12T18:02:46.077+0000] {processor.py:183} INFO - Processing /opt/airflow/dags/pipeline_datasets.py took 0.020 seconds
[2026-07-12T18:03:17.258+0000] {processor.py:161} INFO - Started process (PID=30960) to work on /opt/airflow/dags/pipeline_datasets.py
[2026-07-12T18:03:17.259+0000] {processor.py:830} INFO - Processing file /opt/airflow/dags/pipeline_datasets.py for tasks to queue
[2026-07-12T18:03:17.260+0000] {logging_mixin.py:188} INFO - [2026-07-12T18:03:17.260+0000] {dagbag.py:545} INFO - Filling up the DagBag from /opt/airflow/dags/pipeline_datasets.py
[2026-07-12T18:03:17.263+0000] {processor.py:842} WARNING - No viable dags retrieved from /opt/airflow/dags/pipeline_datasets.py
[2026-07-12T18:03:17.276+0000] {processor.py:183} INFO - Processing /opt/airflow/dags/pipeline_datasets.py took 0.023 seconds
[2026-07-12T18:03:48.667+0000] {processor.py:161} INFO - Started process (PID=30997) to work on /opt/airflow/dags/pipeline_datasets.py
[2026-07-12T18:03:48.668+0000] {processor.py:830} INFO - Processing file /opt/airflow/dags/pipeline_datasets.py for tasks to queue
[2026-07-12T18:03:48.669+0000] {logging_mixin.py:188} INFO - [2026-07-12T18:03:48.669+0000] {dagbag.py:545} INFO - Filling up the DagBag from /opt/airflow/dags/pipeline_datasets.py
[2026-07-12T18:03:48.675+0000] {processor.py:842} WARNING - No viable dags retrieved from /opt/airflow/dags/pipeline_datasets.py
[2026-07-12T18:03:48.688+0000] {processor.py:183} INFO - Processing /opt/airflow/dags/pipeline_datasets.py took 0.025 seconds
[2026-07-12T18:04:19.952+0000] {processor.py:161} INFO - Started process (PID=31034) to work on /opt/airflow/dags/pipeline_datasets.py
[2026-07-12T18:04:19.953+0000] {processor.py:830} INFO - Processing file /opt/airflow/dags/pipeline_datasets.py for tasks to queue
[2026-07-12T18:04:19.954+0000] {logging_mixin.py:188} INFO - [2026-07-12T18:04:19.954+0000] {dagbag.py:545} INFO - Filling up the DagBag from /opt/airflow/dags/pipeline_datasets.py
[2026-07-12T18:04:19.956+0000] {processor.py:842} WARNING - No viable dags retrieved from /opt/airflow/dags/pipeline_datasets.py
[2026-07-12T18:04:19.964+0000] {processor.py:183} INFO - Processing /opt/airflow/dags/pipeline_datasets.py took 0.019 seconds
[2026-07-12T18:04:51.114+0000] {processor.py:161} INFO - Started process (PID=31073) to work on /opt/airflow/dags/pipeline_datasets.py
[2026-07-12T18:04:51.115+0000] {processor.py:830} INFO - Processing file /opt/airflow/dags/pipeline_datasets.py for tasks to queue
[2026-07-12T18:04:51.116+0000] {logging_mixin.py:188} INFO - [2026-07-12T18:04:51.116+0000] {dagbag.py:545} INFO - Filling up the DagBag from /opt/airflow/dags/pipeline_datasets.py
[2026-07-12T18:04:51.119+0000] {processor.py:842} WARNING - No viable dags retrieved from /opt/airflow/dags/pipeline_datasets.py
[2026-07-12T18:04:51.125+0000] {processor.py:183} INFO - Processing /opt/airflow/dags/pipeline_datasets.py took 0.014 seconds
[2026-07-12T18:05:22.384+0000] {processor.py:161} INFO - Started process (PID=31110) to work on /opt/airflow/dags/pipeline_datasets.py
[2026-07-12T18:05:22.384+0000] {processor.py:830} INFO - Processing file /opt/airflow/dags/pipeline_datasets.py for tasks to queue
[2026-07-12T18:05:22.385+0000] {logging_mixin.py:188} INFO - [2026-07-12T18:05:22.385+0000] {dagbag.py:545} INFO - Filling up the DagBag from /opt/airflow/dags/pipeline_datasets.py
[2026-07-12T18:05:22.387+0000] {processor.py:842} WARNING - No viable dags retrieved from /opt/airflow/dags/pipeline_datasets.py
[2026-07-12T18:05:22.393+0000] {processor.py:183} INFO - Processing /opt/airflow/dags/pipeline_datasets.py took 0.012 seconds
[2026-07-12T18:05:53.627+0000] {processor.py:161} INFO - Started process (PID=31146) to work on /opt/airflow/dags/pipeline_datasets.py
[2026-07-12T18:05:53.628+0000] {processor.py:830} INFO - Processing file /opt/airflow/dags/pipeline_datasets.py for tasks to queue
[2026-07-12T18:05:53.629+0000] {logging_mixin.py:188} INFO - [2026-07-12T18:05:53.628+0000] {dagbag.py:545} INFO - Filling up the DagBag from /opt/airflow/dags/pipeline_datasets.py
[2026-07-12T18:05:53.630+0000] {processor.py:842} WARNING - No viable dags retrieved from /opt/airflow/dags/pipeline_datasets.py
[2026-07-12T18:05:53.635+0000] {processor.py:183} INFO - Processing /opt/airflow/dags/pipeline_datasets.py took 0.011 seconds
[2026-07-12T18:06:24.898+0000] {processor.py:161} INFO - Started process (PID=31182) to work on /opt/airflow/dags/pipeline_datasets.py
[2026-07-12T18:06:24.899+0000] {processor.py:830} INFO - Processing file /opt/airflow/dags/pipeline_datasets.py for tasks to queue
[2026-07-12T18:06:24.900+0000] {logging_mixin.py:188} INFO - [2026-07-12T18:06:24.900+0000] {dagbag.py:545} INFO - Filling up the DagBag from /opt/airflow/dags/pipeline_datasets.py
[2026-07-12T18:06:24.902+0000] {processor.py:842} WARNING - No viable dags retrieved from /opt/airflow/dags/pipeline_datasets.py
[2026-07-12T18:06:24.909+0000] {processor.py:183} INFO - Processing /opt/airflow/dags/pipeline_datasets.py took 0.013 seconds
[2026-07-12T18:06:56.279+0000] {processor.py:161} INFO - Started process (PID=31219) to work on /opt/airflow/dags/pipeline_datasets.py
[2026-07-12T18:06:56.280+0000] {processor.py:830} INFO - Processing file /opt/airflow/dags/pipeline_datasets.py for tasks to queue
[2026-07-12T18:06:56.281+0000] {logging_mixin.py:188} INFO - [2026-07-12T18:06:56.280+0000] {dagbag.py:545} INFO - Filling up the DagBag from /opt/airflow/dags/pipeline_datasets.py
[2026-07-12T18:06:56.284+0000] {processor.py:842} WARNING - No viable dags retrieved from /opt/airflow/dags/pipeline_datasets.py
[2026-07-12T18:06:56.293+0000] {processor.py:183} INFO - Processing /opt/airflow/dags/pipeline_datasets.py took 0.017 seconds
[2026-07-12T18:07:27.510+0000] {processor.py:161} INFO - Started process (PID=31256) to work on /opt/airflow/dags/pipeline_datasets.py
[2026-07-12T18:07:27.510+0000] {processor.py:830} INFO - Processing file /opt/airflow/dags/pipeline_datasets.py for tasks to queue
[2026-07-12T18:07:27.512+0000] {logging_mixin.py:188} INFO - [2026-07-12T18:07:27.511+0000] {dagbag.py:545} INFO - Filling up the DagBag from /opt/airflow/dags/pipeline_datasets.py
[2026-07-12T18:07:27.513+0000] {processor.py:842} WARNING - No viable dags retrieved from /opt/airflow/dags/pipeline_datasets.py
[2026-07-12T18:07:27.519+0000] {processor.py:183} INFO - Processing /opt/airflow/dags/pipeline_datasets.py took 0.011 seconds
[2026-07-12T18:07:58.782+0000] {processor.py:161} INFO - Started process (PID=31293) to work on /opt/airflow/dags/pipeline_datasets.py
[2026-07-12T18:07:58.783+0000] {processor.py:830} INFO - Processing file /opt/airflow/dags/pipeline_datasets.py for tasks to queue
[2026-07-12T18:07:58.784+0000] {logging_mixin.py:188} INFO - [2026-07-12T18:07:58.784+0000] {dagbag.py:545} INFO - Filling up the DagBag from /opt/airflow/dags/pipeline_datasets.py
[2026-07-12T18:07:58.789+0000] {processor.py:842} WARNING - No viable dags retrieved from /opt/airflow/dags/pipeline_datasets.py
[2026-07-12T18:07:58.798+0000] {processor.py:183} INFO - Processing /opt/airflow/dags/pipeline_datasets.py took 0.018 seconds
[2026-07-12T18:08:29.828+0000] {processor.py:161} INFO - Started process (PID=31332) to work on /opt/airflow/dags/pipeline_datasets.py
[2026-07-12T18:08:29.829+0000] {processor.py:830} INFO - Processing file /opt/airflow/dags/pipeline_datasets.py for tasks to queue
[2026-07-12T18:08:29.830+0000] {logging_mixin.py:188} INFO - [2026-07-12T18:08:29.830+0000] {dagbag.py:545} INFO - Filling up the DagBag from /opt/airflow/dags/pipeline_datasets.py
[2026-07-12T18:08:29.832+0000] {processor.py:842} WARNING - No viable dags retrieved from /opt/airflow/dags/pipeline_datasets.py
[2026-07-12T18:08:29.839+0000] {processor.py:183} INFO - Processing /opt/airflow/dags/pipeline_datasets.py took 0.014 seconds
[2026-07-12T18:09:01.109+0000] {processor.py:161} INFO - Started process (PID=31369) to work on /opt/airflow/dags/pipeline_datasets.py
[2026-07-12T18:09:01.110+0000] {processor.py:830} INFO - Processing file /opt/airflow/dags/pipeline_datasets.py for tasks to queue
[2026-07-12T18:09:01.110+0000] {logging_mixin.py:188} INFO - [2026-07-12T18:09:01.110+0000] {dagbag.py:545} INFO - Filling up the DagBag from /opt/airflow/dags/pipeline_datasets.py
[2026-07-12T18:09:01.112+0000] {processor.py:842} WARNING - No viable dags retrieved from /opt/airflow/dags/pipeline_datasets.py
[2026-07-12T18:09:01.118+0000] {processor.py:183} INFO - Processing /opt/airflow/dags/pipeline_datasets.py took 0.012 seconds
[2026-07-12T18:09:32.320+0000] {processor.py:161} INFO - Started process (PID=31441) to work on /opt/airflow/dags/pipeline_datasets.py
[2026-07-12T18:09:32.321+0000] {processor.py:830} INFO - Processing file /opt/airflow/dags/pipeline_datasets.py for tasks to queue
[2026-07-12T18:09:32.324+0000] {logging_mixin.py:188} INFO - [2026-07-12T18:09:32.324+0000] {dagbag.py:545} INFO - Filling up the DagBag from /opt/airflow/dags/pipeline_datasets.py
[2026-07-12T18:09:32.328+0000] {processor.py:842} WARNING - No viable dags retrieved from /opt/airflow/dags/pipeline_datasets.py
[2026-07-12T18:09:32.336+0000] {processor.py:183} INFO - Processing /opt/airflow/dags/pipeline_datasets.py took 0.020 seconds
[2026-07-12T18:10:03.808+0000] {processor.py:161} INFO - Started process (PID=31478) to work on /opt/airflow/dags/pipeline_datasets.py
[2026-07-12T18:10:03.809+0000] {processor.py:830} INFO - Processing file /opt/airflow/dags/pipeline_datasets.py for tasks to queue
[2026-07-12T18:10:03.809+0000] {logging_mixin.py:188} INFO - [2026-07-12T18:10:03.809+0000] {dagbag.py:545} INFO - Filling up the DagBag from /opt/airflow/dags/pipeline_datasets.py
[2026-07-12T18:10:03.813+0000] {processor.py:842} WARNING - No viable dags retrieved from /opt/airflow/dags/pipeline_datasets.py
[2026-07-12T18:10:03.824+0000] {processor.py:183} INFO - Processing /opt/airflow/dags/pipeline_datasets.py took 0.020 seconds
[2026-07-12T18:10:35.044+0000] {processor.py:161} INFO - Started process (PID=31515) to work on /opt/airflow/dags/pipeline_datasets.py
[2026-07-12T18:10:35.045+0000] {processor.py:830} INFO - Processing file /opt/airflow/dags/pipeline_datasets.py for tasks to queue
[2026-07-12T18:10:35.046+0000] {logging_mixin.py:188} INFO - [2026-07-12T18:10:35.046+0000] {dagbag.py:545} INFO - Filling up the DagBag from /opt/airflow/dags/pipeline_datasets.py
[2026-07-12T18:10:35.051+0000] {processor.py:842} WARNING - No viable dags retrieved from /opt/airflow/dags/pipeline_datasets.py
[2026-07-12T18:10:35.057+0000] {processor.py:183} INFO - Processing /opt/airflow/dags/pipeline_datasets.py took 0.016 seconds
[2026-07-12T18:11:06.322+0000] {processor.py:161} INFO - Started process (PID=31554) to work on /opt/airflow/dags/pipeline_datasets.py
[2026-07-12T18:11:06.322+0000] {processor.py:830} INFO - Processing file /opt/airflow/dags/pipeline_datasets.py for tasks to queue
[2026-07-12T18:11:06.323+0000] {logging_mixin.py:188} INFO - [2026-07-12T18:11:06.323+0000] {dagbag.py:545} INFO - Filling up the DagBag from /opt/airflow/dags/pipeline_datasets.py
[2026-07-12T18:11:06.325+0000] {processor.py:842} WARNING - No viable dags retrieved from /opt/airflow/dags/pipeline_datasets.py
[2026-07-12T18:11:06.330+0000] {processor.py:183} INFO - Processing /opt/airflow/dags/pipeline_datasets.py took 0.011 seconds
[2026-07-12T18:11:37.416+0000] {processor.py:161} INFO - Started process (PID=31624) to work on /opt/airflow/dags/pipeline_datasets.py
[2026-07-12T18:11:37.417+0000] {processor.py:830} INFO - Processing file /opt/airflow/dags/pipeline_datasets.py for tasks to queue
[2026-07-12T18:11:37.417+0000] {logging_mixin.py:188} INFO - [2026-07-12T18:11:37.417+0000] {dagbag.py:545} INFO - Filling up the DagBag from /opt/airflow/dags/pipeline_datasets.py
[2026-07-12T18:11:37.419+0000] {processor.py:842} WARNING - No viable dags retrieved from /opt/airflow/dags/pipeline_datasets.py
[2026-07-12T18:11:37.425+0000] {processor.py:183} INFO - Processing /opt/airflow/dags/pipeline_datasets.py took 0.011 seconds
[2026-07-12T18:12:08.739+0000] {processor.py:161} INFO - Started process (PID=31659) to work on /opt/airflow/dags/pipeline_datasets.py
[2026-07-12T18:12:08.740+0000] {processor.py:830} INFO - Processing file /opt/airflow/dags/pipeline_datasets.py for tasks to queue
[2026-07-12T18:12:08.741+0000] {logging_mixin.py:188} INFO - [2026-07-12T18:12:08.741+0000] {dagbag.py:545} INFO - Filling up the DagBag from /opt/airflow/dags/pipeline_datasets.py
[2026-07-12T18:12:08.743+0000] {processor.py:842} WARNING - No viable dags retrieved from /opt/airflow/dags/pipeline_datasets.py
[2026-07-12T18:12:08.749+0000] {processor.py:183} INFO - Processing /opt/airflow/dags/pipeline_datasets.py took 0.013 seconds
[2026-07-12T18:12:39.774+0000] {processor.py:161} INFO - Started process (PID=31696) to work on /opt/airflow/dags/pipeline_datasets.py
[2026-07-12T18:12:39.775+0000] {processor.py:830} INFO - Processing file /opt/airflow/dags/pipeline_datasets.py for tasks to queue
[2026-07-12T18:12:39.777+0000] {logging_mixin.py:188} INFO - [2026-07-12T18:12:39.777+0000] {dagbag.py:545} INFO - Filling up the DagBag from /opt/airflow/dags/pipeline_datasets.py
[2026-07-12T18:12:39.781+0000] {processor.py:842} WARNING - No viable dags retrieved from /opt/airflow/dags/pipeline_datasets.py
[2026-07-12T18:12:39.788+0000] {processor.py:183} INFO - Processing /opt/airflow/dags/pipeline_datasets.py took 0.017 seconds
[2026-07-12T18:13:11.139+0000] {processor.py:161} INFO - Started process (PID=31733) to work on /opt/airflow/dags/pipeline_datasets.py
[2026-07-12T18:13:11.141+0000] {processor.py:830} INFO - Processing file /opt/airflow/dags/pipeline_datasets.py for tasks to queue
[2026-07-12T18:13:11.142+0000] {logging_mixin.py:188} INFO - [2026-07-12T18:13:11.141+0000] {dagbag.py:545} INFO - Filling up the DagBag from /opt/airflow/dags/pipeline_datasets.py
[2026-07-12T18:13:11.144+0000] {processor.py:842} WARNING - No viable dags retrieved from /opt/airflow/dags/pipeline_datasets.py
[2026-07-12T18:13:11.149+0000] {processor.py:183} INFO - Processing /opt/airflow/dags/pipeline_datasets.py took 0.013 seconds
[2026-07-12T18:13:42.063+0000] {processor.py:161} INFO - Started process (PID=31770) to work on /opt/airflow/dags/pipeline_datasets.py
[2026-07-12T18:13:42.064+0000] {processor.py:830} INFO - Processing file /opt/airflow/dags/pipeline_datasets.py for tasks to queue
[2026-07-12T18:13:42.066+0000] {logging_mixin.py:188} INFO - [2026-07-12T18:13:42.065+0000] {dagbag.py:545} INFO - Filling up the DagBag from /opt/airflow/dags/pipeline_datasets.py
[2026-07-12T18:13:42.068+0000] {processor.py:842} WARNING - No viable dags retrieved from /opt/airflow/dags/pipeline_datasets.py
[2026-07-12T18:13:42.077+0000] {processor.py:183} INFO - Processing /opt/airflow/dags/pipeline_datasets.py took 0.016 seconds
[2026-07-12T18:14:13.208+0000] {processor.py:161} INFO - Started process (PID=31809) to work on /opt/airflow/dags/pipeline_datasets.py
[2026-07-12T18:14:13.209+0000] {processor.py:830} INFO - Processing file /opt/airflow/dags/pipeline_datasets.py for tasks to queue
[2026-07-12T18:14:13.212+0000] {logging_mixin.py:188} INFO - [2026-07-12T18:14:13.212+0000] {dagbag.py:545} INFO - Filling up the DagBag from /opt/airflow/dags/pipeline_datasets.py
[2026-07-12T18:14:13.214+0000] {processor.py:842} WARNING - No viable dags retrieved from /opt/airflow/dags/pipeline_datasets.py
[2026-07-12T18:14:13.220+0000] {processor.py:183} INFO - Processing /opt/airflow/dags/pipeline_datasets.py took 0.014 seconds
[2026-07-12T18:14:44.517+0000] {processor.py:161} INFO - Started process (PID=31845) to work on /opt/airflow/dags/pipeline_datasets.py
[2026-07-12T18:14:44.521+0000] {processor.py:830} INFO - Processing file /opt/airflow/dags/pipeline_datasets.py for tasks to queue
[2026-07-12T18:14:44.522+0000] {logging_mixin.py:188} INFO - [2026-07-12T18:14:44.522+0000] {dagbag.py:545} INFO - Filling up the DagBag from /opt/airflow/dags/pipeline_datasets.py
[2026-07-12T18:14:44.525+0000] {processor.py:842} WARNING - No viable dags retrieved from /opt/airflow/dags/pipeline_datasets.py
[2026-07-12T18:14:44.531+0000] {processor.py:183} INFO - Processing /opt/airflow/dags/pipeline_datasets.py took 0.019 seconds
[2026-07-12T18:15:15.915+0000] {processor.py:161} INFO - Started process (PID=31881) to work on /opt/airflow/dags/pipeline_datasets.py
[2026-07-12T18:15:15.915+0000] {processor.py:830} INFO - Processing file /opt/airflow/dags/pipeline_datasets.py for tasks to queue
[2026-07-12T18:15:15.917+0000] {logging_mixin.py:188} INFO - [2026-07-12T18:15:15.917+0000] {dagbag.py:545} INFO - Filling up the DagBag from /opt/airflow/dags/pipeline_datasets.py
[2026-07-12T18:15:15.919+0000] {processor.py:842} WARNING - No viable dags retrieved from /opt/airflow/dags/pipeline_datasets.py
[2026-07-12T18:15:15.924+0000] {processor.py:183} INFO - Processing /opt/airflow/dags/pipeline_datasets.py took 0.013 seconds
[2026-07-12T18:15:48.428+0000] {processor.py:161} INFO - Started process (PID=31918) to work on /opt/airflow/dags/pipeline_datasets.py
[2026-07-12T18:15:48.431+0000] {processor.py:830} INFO - Processing file /opt/airflow/dags/pipeline_datasets.py for tasks to queue
[2026-07-12T18:15:48.433+0000] {logging_mixin.py:188} INFO - [2026-07-12T18:15:48.433+0000] {dagbag.py:545} INFO - Filling up the DagBag from /opt/airflow/dags/pipeline_datasets.py
[2026-07-12T18:15:48.442+0000] {processor.py:842} WARNING - No viable dags retrieved from /opt/airflow/dags/pipeline_datasets.py
[2026-07-12T18:15:48.460+0000] {processor.py:183} INFO - Processing /opt/airflow/dags/pipeline_datasets.py took 0.041 seconds
[2026-07-12T18:16:20.458+0000] {processor.py:161} INFO - Started process (PID=31955) to work on /opt/airflow/dags/pipeline_datasets.py
[2026-07-12T18:16:20.459+0000] {processor.py:830} INFO - Processing file /opt/airflow/dags/pipeline_datasets.py for tasks to queue
[2026-07-12T18:16:20.460+0000] {logging_mixin.py:188} INFO - [2026-07-12T18:16:20.460+0000] {dagbag.py:545} INFO - Filling up the DagBag from /opt/airflow/dags/pipeline_datasets.py
[2026-07-12T18:16:20.464+0000] {processor.py:842} WARNING - No viable dags retrieved from /opt/airflow/dags/pipeline_datasets.py
[2026-07-12T18:16:20.479+0000] {processor.py:183} INFO - Processing /opt/airflow/dags/pipeline_datasets.py took 0.030 seconds
[2026-07-12T18:16:51.947+0000] {processor.py:161} INFO - Started process (PID=31992) to work on /opt/airflow/dags/pipeline_datasets.py
[2026-07-12T18:16:51.948+0000] {processor.py:830} INFO - Processing file /opt/airflow/dags/pipeline_datasets.py for tasks to queue
[2026-07-12T18:16:51.951+0000] {logging_mixin.py:188} INFO - [2026-07-12T18:16:51.950+0000] {dagbag.py:545} INFO - Filling up the DagBag from /opt/airflow/dags/pipeline_datasets.py
[2026-07-12T18:16:51.955+0000] {processor.py:842} WARNING - No viable dags retrieved from /opt/airflow/dags/pipeline_datasets.py
[2026-07-12T18:16:51.967+0000] {processor.py:183} INFO - Processing /opt/airflow/dags/pipeline_datasets.py took 0.023 seconds
[2026-07-12T18:17:23.316+0000] {processor.py:161} INFO - Started process (PID=32029) to work on /opt/airflow/dags/pipeline_datasets.py
[2026-07-12T18:17:23.317+0000] {processor.py:830} INFO - Processing file /opt/airflow/dags/pipeline_datasets.py for tasks to queue
[2026-07-12T18:17:23.318+0000] {logging_mixin.py:188} INFO - [2026-07-12T18:17:23.317+0000] {dagbag.py:545} INFO - Filling up the DagBag from /opt/airflow/dags/pipeline_datasets.py
[2026-07-12T18:17:23.321+0000] {processor.py:842} WARNING - No viable dags retrieved from /opt/airflow/dags/pipeline_datasets.py
[2026-07-12T18:17:23.328+0000] {processor.py:183} INFO - Processing /opt/airflow/dags/pipeline_datasets.py took 0.016 seconds
[2026-07-12T18:17:54.678+0000] {processor.py:161} INFO - Started process (PID=32066) to work on /opt/airflow/dags/pipeline_datasets.py
[2026-07-12T18:17:54.679+0000] {processor.py:830} INFO - Processing file /opt/airflow/dags/pipeline_datasets.py for tasks to queue
[2026-07-12T18:17:54.680+0000] {logging_mixin.py:188} INFO - [2026-07-12T18:17:54.680+0000] {dagbag.py:545} INFO - Filling up the DagBag from /opt/airflow/dags/pipeline_datasets.py
[2026-07-12T18:17:54.682+0000] {processor.py:842} WARNING - No viable dags retrieved from /opt/airflow/dags/pipeline_datasets.py
[2026-07-12T18:17:54.689+0000] {processor.py:183} INFO - Processing /opt/airflow/dags/pipeline_datasets.py took 0.014 seconds
[2026-07-12T18:18:25.945+0000] {processor.py:161} INFO - Started process (PID=32108) to work on /opt/airflow/dags/pipeline_datasets.py
[2026-07-12T18:18:25.946+0000] {processor.py:830} INFO - Processing file /opt/airflow/dags/pipeline_datasets.py for tasks to queue
[2026-07-12T18:18:25.947+0000] {logging_mixin.py:188} INFO - [2026-07-12T18:18:25.947+0000] {dagbag.py:545} INFO - Filling up the DagBag from /opt/airflow/dags/pipeline_datasets.py
[2026-07-12T18:18:25.950+0000] {processor.py:842} WARNING - No viable dags retrieved from /opt/airflow/dags/pipeline_datasets.py
[2026-07-12T18:18:25.958+0000] {processor.py:183} INFO - Processing /opt/airflow/dags/pipeline_datasets.py took 0.016 seconds
[2026-07-12T18:18:57.845+0000] {processor.py:161} INFO - Started process (PID=32145) to work on /opt/airflow/dags/pipeline_datasets.py
[2026-07-12T18:18:57.846+0000] {processor.py:830} INFO - Processing file /opt/airflow/dags/pipeline_datasets.py for tasks to queue
[2026-07-12T18:18:57.847+0000] {logging_mixin.py:188} INFO - [2026-07-12T18:18:57.846+0000] {dagbag.py:545} INFO - Filling up the DagBag from /opt/airflow/dags/pipeline_datasets.py
[2026-07-12T18:18:57.849+0000] {processor.py:842} WARNING - No viable dags retrieved from /opt/airflow/dags/pipeline_datasets.py
[2026-07-12T18:18:57.861+0000] {processor.py:183} INFO - Processing /opt/airflow/dags/pipeline_datasets.py took 0.023 seconds
[2026-07-12T18:19:29.198+0000] {processor.py:161} INFO - Started process (PID=32182) to work on /opt/airflow/dags/pipeline_datasets.py
[2026-07-12T18:19:29.200+0000] {processor.py:830} INFO - Processing file /opt/airflow/dags/pipeline_datasets.py for tasks to queue
[2026-07-12T18:19:29.205+0000] {logging_mixin.py:188} INFO - [2026-07-12T18:19:29.205+0000] {dagbag.py:545} INFO - Filling up the DagBag from /opt/airflow/dags/pipeline_datasets.py
[2026-07-12T18:19:29.207+0000] {processor.py:842} WARNING - No viable dags retrieved from /opt/airflow/dags/pipeline_datasets.py
[2026-07-12T18:19:29.214+0000] {processor.py:183} INFO - Processing /opt/airflow/dags/pipeline_datasets.py took 0.019 seconds
[2026-07-12T18:20:00.512+0000] {processor.py:161} INFO - Started process (PID=32221) to work on /opt/airflow/dags/pipeline_datasets.py
[2026-07-12T18:20:00.513+0000] {processor.py:830} INFO - Processing file /opt/airflow/dags/pipeline_datasets.py for tasks to queue
[2026-07-12T18:20:00.514+0000] {logging_mixin.py:188} INFO - [2026-07-12T18:20:00.514+0000] {dagbag.py:545} INFO - Filling up the DagBag from /opt/airflow/dags/pipeline_datasets.py
[2026-07-12T18:20:00.516+0000] {processor.py:842} WARNING - No viable dags retrieved from /opt/airflow/dags/pipeline_datasets.py
[2026-07-12T18:20:00.522+0000] {processor.py:183} INFO - Processing /opt/airflow/dags/pipeline_datasets.py took 0.014 seconds
[2026-07-12T18:20:31.527+0000] {processor.py:161} INFO - Started process (PID=32256) to work on /opt/airflow/dags/pipeline_datasets.py
[2026-07-12T18:20:31.527+0000] {processor.py:830} INFO - Processing file /opt/airflow/dags/pipeline_datasets.py for tasks to queue
[2026-07-12T18:20:31.528+0000] {logging_mixin.py:188} INFO - [2026-07-12T18:20:31.528+0000] {dagbag.py:545} INFO - Filling up the DagBag from /opt/airflow/dags/pipeline_datasets.py
[2026-07-12T18:20:31.531+0000] {processor.py:842} WARNING - No viable dags retrieved from /opt/airflow/dags/pipeline_datasets.py
[2026-07-12T18:20:31.538+0000] {processor.py:183} INFO - Processing /opt/airflow/dags/pipeline_datasets.py took 0.014 seconds
[2026-07-12T18:21:02.780+0000] {processor.py:161} INFO - Started process (PID=32293) to work on /opt/airflow/dags/pipeline_datasets.py
[2026-07-12T18:21:02.782+0000] {processor.py:830} INFO - Processing file /opt/airflow/dags/pipeline_datasets.py for tasks to queue
[2026-07-12T18:21:02.783+0000] {logging_mixin.py:188} INFO - [2026-07-12T18:21:02.783+0000] {dagbag.py:545} INFO - Filling up the DagBag from /opt/airflow/dags/pipeline_datasets.py
[2026-07-12T18:21:02.785+0000] {processor.py:842} WARNING - No viable dags retrieved from /opt/airflow/dags/pipeline_datasets.py
[2026-07-12T18:21:02.792+0000] {processor.py:183} INFO - Processing /opt/airflow/dags/pipeline_datasets.py took 0.016 seconds
[2026-07-12T18:21:33.834+0000] {processor.py:161} INFO - Started process (PID=32330) to work on /opt/airflow/dags/pipeline_datasets.py
[2026-07-12T18:21:33.835+0000] {processor.py:830} INFO - Processing file /opt/airflow/dags/pipeline_datasets.py for tasks to queue
[2026-07-12T18:21:33.835+0000] {logging_mixin.py:188} INFO - [2026-07-12T18:21:33.835+0000] {dagbag.py:545} INFO - Filling up the DagBag from /opt/airflow/dags/pipeline_datasets.py
[2026-07-12T18:21:33.838+0000] {processor.py:842} WARNING - No viable dags retrieved from /opt/airflow/dags/pipeline_datasets.py
[2026-07-12T18:21:33.844+0000] {processor.py:183} INFO - Processing /opt/airflow/dags/pipeline_datasets.py took 0.013 seconds
[2026-07-12T18:22:04.909+0000] {processor.py:161} INFO - Started process (PID=32369) to work on /opt/airflow/dags/pipeline_datasets.py
[2026-07-12T18:22:04.910+0000] {processor.py:830} INFO - Processing file /opt/airflow/dags/pipeline_datasets.py for tasks to queue
[2026-07-12T18:22:04.911+0000] {logging_mixin.py:188} INFO - [2026-07-12T18:22:04.911+0000] {dagbag.py:545} INFO - Filling up the DagBag from /opt/airflow/dags/pipeline_datasets.py
[2026-07-12T18:22:04.913+0000] {processor.py:842} WARNING - No viable dags retrieved from /opt/airflow/dags/pipeline_datasets.py
[2026-07-12T18:22:04.919+0000] {processor.py:183} INFO - Processing /opt/airflow/dags/pipeline_datasets.py took 0.013 seconds
[2026-07-12T18:22:35.952+0000] {processor.py:161} INFO - Started process (PID=32404) to work on /opt/airflow/dags/pipeline_datasets.py
[2026-07-12T18:22:35.952+0000] {processor.py:830} INFO - Processing file /opt/airflow/dags/pipeline_datasets.py for tasks to queue
[2026-07-12T18:22:35.954+0000] {logging_mixin.py:188} INFO - [2026-07-12T18:22:35.954+0000] {dagbag.py:545} INFO - Filling up the DagBag from /opt/airflow/dags/pipeline_datasets.py
[2026-07-12T18:22:35.958+0000] {processor.py:842} WARNING - No viable dags retrieved from /opt/airflow/dags/pipeline_datasets.py
[2026-07-12T18:22:35.966+0000] {processor.py:183} INFO - Processing /opt/airflow/dags/pipeline_datasets.py took 0.017 seconds
[2026-07-12T18:23:07.105+0000] {processor.py:161} INFO - Started process (PID=32441) to work on /opt/airflow/dags/pipeline_datasets.py
[2026-07-12T18:23:07.109+0000] {processor.py:830} INFO - Processing file /opt/airflow/dags/pipeline_datasets.py for tasks to queue
[2026-07-12T18:23:07.110+0000] {logging_mixin.py:188} INFO - [2026-07-12T18:23:07.110+0000] {dagbag.py:545} INFO - Filling up the DagBag from /opt/airflow/dags/pipeline_datasets.py
[2026-07-12T18:23:07.113+0000] {processor.py:842} WARNING - No viable dags retrieved from /opt/airflow/dags/pipeline_datasets.py
[2026-07-12T18:23:07.118+0000] {processor.py:183} INFO - Processing /opt/airflow/dags/pipeline_datasets.py took 0.016 seconds
[2026-07-12T18:23:38.140+0000] {processor.py:161} INFO - Started process (PID=32478) to work on /opt/airflow/dags/pipeline_datasets.py
[2026-07-12T18:23:38.141+0000] {processor.py:830} INFO - Processing file /opt/airflow/dags/pipeline_datasets.py for tasks to queue
[2026-07-12T18:23:38.142+0000] {logging_mixin.py:188} INFO - [2026-07-12T18:23:38.142+0000] {dagbag.py:545} INFO - Filling up the DagBag from /opt/airflow/dags/pipeline_datasets.py
[2026-07-12T18:23:38.145+0000] {processor.py:842} WARNING - No viable dags retrieved from /opt/airflow/dags/pipeline_datasets.py
[2026-07-12T18:23:38.151+0000] {processor.py:183} INFO - Processing /opt/airflow/dags/pipeline_datasets.py took 0.013 seconds
[2026-07-12T18:24:09.234+0000] {processor.py:161} INFO - Started process (PID=32517) to work on /opt/airflow/dags/pipeline_datasets.py
[2026-07-12T18:24:09.234+0000] {processor.py:830} INFO - Processing file /opt/airflow/dags/pipeline_datasets.py for tasks to queue
[2026-07-12T18:24:09.235+0000] {logging_mixin.py:188} INFO - [2026-07-12T18:24:09.235+0000] {dagbag.py:545} INFO - Filling up the DagBag from /opt/airflow/dags/pipeline_datasets.py
[2026-07-12T18:24:09.237+0000] {processor.py:842} WARNING - No viable dags retrieved from /opt/airflow/dags/pipeline_datasets.py
[2026-07-12T18:24:09.243+0000] {processor.py:183} INFO - Processing /opt/airflow/dags/pipeline_datasets.py took 0.011 seconds
[2026-07-12T18:24:40.295+0000] {processor.py:161} INFO - Started process (PID=32552) to work on /opt/airflow/dags/pipeline_datasets.py
[2026-07-12T18:24:40.295+0000] {processor.py:830} INFO - Processing file /opt/airflow/dags/pipeline_datasets.py for tasks to queue
[2026-07-12T18:24:40.296+0000] {logging_mixin.py:188} INFO - [2026-07-12T18:24:40.296+0000] {dagbag.py:545} INFO - Filling up the DagBag from /opt/airflow/dags/pipeline_datasets.py
[2026-07-12T18:24:40.298+0000] {processor.py:842} WARNING - No viable dags retrieved from /opt/airflow/dags/pipeline_datasets.py
[2026-07-12T18:24:40.303+0000] {processor.py:183} INFO - Processing /opt/airflow/dags/pipeline_datasets.py took 0.012 seconds
[2026-07-12T18:25:11.414+0000] {processor.py:161} INFO - Started process (PID=32589) to work on /opt/airflow/dags/pipeline_datasets.py
[2026-07-12T18:25:11.416+0000] {processor.py:830} INFO - Processing file /opt/airflow/dags/pipeline_datasets.py for tasks to queue
[2026-07-12T18:25:11.417+0000] {logging_mixin.py:188} INFO - [2026-07-12T18:25:11.417+0000] {dagbag.py:545} INFO - Filling up the DagBag from /opt/airflow/dags/pipeline_datasets.py
[2026-07-12T18:25:11.420+0000] {processor.py:842} WARNING - No viable dags retrieved from /opt/airflow/dags/pipeline_datasets.py
[2026-07-12T18:25:11.425+0000] {processor.py:183} INFO - Processing /opt/airflow/dags/pipeline_datasets.py took 0.013 seconds
[2026-07-12T18:25:42.443+0000] {processor.py:161} INFO - Started process (PID=32626) to work on /opt/airflow/dags/pipeline_datasets.py
[2026-07-12T18:25:42.444+0000] {processor.py:830} INFO - Processing file /opt/airflow/dags/pipeline_datasets.py for tasks to queue
[2026-07-12T18:25:42.445+0000] {logging_mixin.py:188} INFO - [2026-07-12T18:25:42.445+0000] {dagbag.py:545} INFO - Filling up the DagBag from /opt/airflow/dags/pipeline_datasets.py
[2026-07-12T18:25:42.448+0000] {processor.py:842} WARNING - No viable dags retrieved from /opt/airflow/dags/pipeline_datasets.py
[2026-07-12T18:25:42.456+0000] {processor.py:183} INFO - Processing /opt/airflow/dags/pipeline_datasets.py took 0.016 seconds
[2026-07-12T18:26:13.604+0000] {processor.py:161} INFO - Started process (PID=32663) to work on /opt/airflow/dags/pipeline_datasets.py
[2026-07-12T18:26:13.605+0000] {processor.py:830} INFO - Processing file /opt/airflow/dags/pipeline_datasets.py for tasks to queue
[2026-07-12T18:26:13.606+0000] {logging_mixin.py:188} INFO - [2026-07-12T18:26:13.606+0000] {dagbag.py:545} INFO - Filling up the DagBag from /opt/airflow/dags/pipeline_datasets.py
[2026-07-12T18:26:13.609+0000] {processor.py:842} WARNING - No viable dags retrieved from /opt/airflow/dags/pipeline_datasets.py
[2026-07-12T18:26:13.616+0000] {processor.py:183} INFO - Processing /opt/airflow/dags/pipeline_datasets.py took 0.015 seconds
[2026-07-12T18:26:44.621+0000] {processor.py:161} INFO - Started process (PID=32702) to work on /opt/airflow/dags/pipeline_datasets.py
[2026-07-12T18:26:44.622+0000] {processor.py:830} INFO - Processing file /opt/airflow/dags/pipeline_datasets.py for tasks to queue
[2026-07-12T18:26:44.623+0000] {logging_mixin.py:188} INFO - [2026-07-12T18:26:44.623+0000] {dagbag.py:545} INFO - Filling up the DagBag from /opt/airflow/dags/pipeline_datasets.py
[2026-07-12T18:26:44.624+0000] {processor.py:842} WARNING - No viable dags retrieved from /opt/airflow/dags/pipeline_datasets.py
[2026-07-12T18:26:44.630+0000] {processor.py:183} INFO - Processing /opt/airflow/dags/pipeline_datasets.py took 0.014 seconds
[2026-07-12T18:27:15.766+0000] {processor.py:161} INFO - Started process (PID=32739) to work on /opt/airflow/dags/pipeline_datasets.py
[2026-07-12T18:27:15.767+0000] {processor.py:830} INFO - Processing file /opt/airflow/dags/pipeline_datasets.py for tasks to queue
[2026-07-12T18:27:15.768+0000] {logging_mixin.py:188} INFO - [2026-07-12T18:27:15.768+0000] {dagbag.py:545} INFO - Filling up the DagBag from /opt/airflow/dags/pipeline_datasets.py
[2026-07-12T18:27:15.770+0000] {processor.py:842} WARNING - No viable dags retrieved from /opt/airflow/dags/pipeline_datasets.py
[2026-07-12T18:27:15.776+0000] {processor.py:183} INFO - Processing /opt/airflow/dags/pipeline_datasets.py took 0.012 seconds
[2026-07-12T18:27:47.584+0000] {processor.py:161} INFO - Started process (PID=32776) to work on /opt/airflow/dags/pipeline_datasets.py
[2026-07-12T18:27:47.585+0000] {processor.py:830} INFO - Processing file /opt/airflow/dags/pipeline_datasets.py for tasks to queue
[2026-07-12T18:27:47.586+0000] {logging_mixin.py:188} INFO - [2026-07-12T18:27:47.586+0000] {dagbag.py:545} INFO - Filling up the DagBag from /opt/airflow/dags/pipeline_datasets.py
[2026-07-12T18:27:47.589+0000] {processor.py:842} WARNING - No viable dags retrieved from /opt/airflow/dags/pipeline_datasets.py
[2026-07-12T18:27:47.598+0000] {processor.py:183} INFO - Processing /opt/airflow/dags/pipeline_datasets.py took 0.018 seconds
[2026-07-12T18:28:17.772+0000] {processor.py:161} INFO - Started process (PID=32811) to work on /opt/airflow/dags/pipeline_datasets.py
[2026-07-12T18:28:17.773+0000] {processor.py:830} INFO - Processing file /opt/airflow/dags/pipeline_datasets.py for tasks to queue
[2026-07-12T18:28:17.774+0000] {logging_mixin.py:188} INFO - [2026-07-12T18:28:17.774+0000] {dagbag.py:545} INFO - Filling up the DagBag from /opt/airflow/dags/pipeline_datasets.py
[2026-07-12T18:28:17.776+0000] {processor.py:842} WARNING - No viable dags retrieved from /opt/airflow/dags/pipeline_datasets.py
[2026-07-12T18:28:17.785+0000] {processor.py:183} INFO - Processing /opt/airflow/dags/pipeline_datasets.py took 0.018 seconds
[2026-07-12T18:28:49.270+0000] {processor.py:161} INFO - Started process (PID=32848) to work on /opt/airflow/dags/pipeline_datasets.py
[2026-07-12T18:28:49.270+0000] {processor.py:830} INFO - Processing file /opt/airflow/dags/pipeline_datasets.py for tasks to queue
[2026-07-12T18:28:49.273+0000] {logging_mixin.py:188} INFO - [2026-07-12T18:28:49.272+0000] {dagbag.py:545} INFO - Filling up the DagBag from /opt/airflow/dags/pipeline_datasets.py
[2026-07-12T18:28:49.278+0000] {processor.py:842} WARNING - No viable dags retrieved from /opt/airflow/dags/pipeline_datasets.py
[2026-07-12T18:28:49.288+0000] {processor.py:183} INFO - Processing /opt/airflow/dags/pipeline_datasets.py took 0.022 seconds
[2026-07-12T18:29:20.191+0000] {processor.py:161} INFO - Started process (PID=32885) to work on /opt/airflow/dags/pipeline_datasets.py
[2026-07-12T18:29:20.191+0000] {processor.py:830} INFO - Processing file /opt/airflow/dags/pipeline_datasets.py for tasks to queue
[2026-07-12T18:29:20.192+0000] {logging_mixin.py:188} INFO - [2026-07-12T18:29:20.192+0000] {dagbag.py:545} INFO - Filling up the DagBag from /opt/airflow/dags/pipeline_datasets.py
[2026-07-12T18:29:20.195+0000] {processor.py:842} WARNING - No viable dags retrieved from /opt/airflow/dags/pipeline_datasets.py
[2026-07-12T18:29:20.203+0000] {processor.py:183} INFO - Processing /opt/airflow/dags/pipeline_datasets.py took 0.014 seconds
[2026-07-12T18:29:51.379+0000] {processor.py:161} INFO - Started process (PID=32922) to work on /opt/airflow/dags/pipeline_datasets.py
[2026-07-12T18:29:51.380+0000] {processor.py:830} INFO - Processing file /opt/airflow/dags/pipeline_datasets.py for tasks to queue
[2026-07-12T18:29:51.381+0000] {logging_mixin.py:188} INFO - [2026-07-12T18:29:51.381+0000] {dagbag.py:545} INFO - Filling up the DagBag from /opt/airflow/dags/pipeline_datasets.py
[2026-07-12T18:29:51.383+0000] {processor.py:842} WARNING - No viable dags retrieved from /opt/airflow/dags/pipeline_datasets.py
[2026-07-12T18:29:51.388+0000] {processor.py:183} INFO - Processing /opt/airflow/dags/pipeline_datasets.py took 0.011 seconds
[2026-07-12T18:30:22.660+0000] {processor.py:161} INFO - Started process (PID=32959) to work on /opt/airflow/dags/pipeline_datasets.py
[2026-07-12T18:30:22.661+0000] {processor.py:830} INFO - Processing file /opt/airflow/dags/pipeline_datasets.py for tasks to queue
[2026-07-12T18:30:22.662+0000] {logging_mixin.py:188} INFO - [2026-07-12T18:30:22.662+0000] {dagbag.py:545} INFO - Filling up the DagBag from /opt/airflow/dags/pipeline_datasets.py
[2026-07-12T18:30:22.667+0000] {processor.py:842} WARNING - No viable dags retrieved from /opt/airflow/dags/pipeline_datasets.py
[2026-07-12T18:30:22.674+0000] {processor.py:183} INFO - Processing /opt/airflow/dags/pipeline_datasets.py took 0.018 seconds
[2026-07-12T18:30:54.275+0000] {processor.py:161} INFO - Started process (PID=32996) to work on /opt/airflow/dags/pipeline_datasets.py
[2026-07-12T18:30:54.276+0000] {processor.py:830} INFO - Processing file /opt/airflow/dags/pipeline_datasets.py for tasks to queue
[2026-07-12T18:30:54.277+0000] {logging_mixin.py:188} INFO - [2026-07-12T18:30:54.277+0000] {dagbag.py:545} INFO - Filling up the DagBag from /opt/airflow/dags/pipeline_datasets.py
[2026-07-12T18:30:54.283+0000] {processor.py:842} WARNING - No viable dags retrieved from /opt/airflow/dags/pipeline_datasets.py
[2026-07-12T18:30:54.293+0000] {processor.py:183} INFO - Processing /opt/airflow/dags/pipeline_datasets.py took 0.021 seconds
[2026-07-12T18:31:25.537+0000] {processor.py:161} INFO - Started process (PID=33033) to work on /opt/airflow/dags/pipeline_datasets.py
[2026-07-12T18:31:25.538+0000] {processor.py:830} INFO - Processing file /opt/airflow/dags/pipeline_datasets.py for tasks to queue
[2026-07-12T18:31:25.540+0000] {logging_mixin.py:188} INFO - [2026-07-12T18:31:25.540+0000] {dagbag.py:545} INFO - Filling up the DagBag from /opt/airflow/dags/pipeline_datasets.py
[2026-07-12T18:31:25.543+0000] {processor.py:842} WARNING - No viable dags retrieved from /opt/airflow/dags/pipeline_datasets.py
[2026-07-12T18:31:25.550+0000] {processor.py:183} INFO - Processing /opt/airflow/dags/pipeline_datasets.py took 0.015 seconds
[2026-07-12T18:31:56.749+0000] {processor.py:161} INFO - Started process (PID=33070) to work on /opt/airflow/dags/pipeline_datasets.py
[2026-07-12T18:31:56.749+0000] {processor.py:830} INFO - Processing file /opt/airflow/dags/pipeline_datasets.py for tasks to queue
[2026-07-12T18:31:56.751+0000] {logging_mixin.py:188} INFO - [2026-07-12T18:31:56.750+0000] {dagbag.py:545} INFO - Filling up the DagBag from /opt/airflow/dags/pipeline_datasets.py
[2026-07-12T18:31:56.756+0000] {processor.py:842} WARNING - No viable dags retrieved from /opt/airflow/dags/pipeline_datasets.py
[2026-07-12T18:31:56.766+0000] {processor.py:183} INFO - Processing /opt/airflow/dags/pipeline_datasets.py took 0.019 seconds
[2026-07-12T18:32:27.905+0000] {processor.py:161} INFO - Started process (PID=33107) to work on /opt/airflow/dags/pipeline_datasets.py
[2026-07-12T18:32:27.906+0000] {processor.py:830} INFO - Processing file /opt/airflow/dags/pipeline_datasets.py for tasks to queue
[2026-07-12T18:32:27.908+0000] {logging_mixin.py:188} INFO - [2026-07-12T18:32:27.908+0000] {dagbag.py:545} INFO - Filling up the DagBag from /opt/airflow/dags/pipeline_datasets.py
[2026-07-12T18:32:27.911+0000] {processor.py:842} WARNING - No viable dags retrieved from /opt/airflow/dags/pipeline_datasets.py
[2026-07-12T18:32:27.917+0000] {processor.py:183} INFO - Processing /opt/airflow/dags/pipeline_datasets.py took 0.024 seconds
[2026-07-12T18:32:59.761+0000] {processor.py:161} INFO - Started process (PID=33146) to work on /opt/airflow/dags/pipeline_datasets.py
[2026-07-12T18:32:59.761+0000] {processor.py:830} INFO - Processing file /opt/airflow/dags/pipeline_datasets.py for tasks to queue
[2026-07-12T18:32:59.762+0000] {logging_mixin.py:188} INFO - [2026-07-12T18:32:59.762+0000] {dagbag.py:545} INFO - Filling up the DagBag from /opt/airflow/dags/pipeline_datasets.py
[2026-07-12T18:32:59.764+0000] {processor.py:842} WARNING - No viable dags retrieved from /opt/airflow/dags/pipeline_datasets.py
[2026-07-12T18:32:59.770+0000] {processor.py:183} INFO - Processing /opt/airflow/dags/pipeline_datasets.py took 0.012 seconds
[2026-07-12T18:33:30.798+0000] {processor.py:161} INFO - Started process (PID=33181) to work on /opt/airflow/dags/pipeline_datasets.py
[2026-07-12T18:33:30.799+0000] {processor.py:830} INFO - Processing file /opt/airflow/dags/pipeline_datasets.py for tasks to queue
[2026-07-12T18:33:30.800+0000] {logging_mixin.py:188} INFO - [2026-07-12T18:33:30.800+0000] {dagbag.py:545} INFO - Filling up the DagBag from /opt/airflow/dags/pipeline_datasets.py
[2026-07-12T18:33:30.802+0000] {processor.py:842} WARNING - No viable dags retrieved from /opt/airflow/dags/pipeline_datasets.py
[2026-07-12T18:33:30.807+0000] {processor.py:183} INFO - Processing /opt/airflow/dags/pipeline_datasets.py took 0.011 seconds
[2026-07-12T18:34:02.179+0000] {processor.py:161} INFO - Started process (PID=33218) to work on /opt/airflow/dags/pipeline_datasets.py
[2026-07-12T18:34:02.180+0000] {processor.py:830} INFO - Processing file /opt/airflow/dags/pipeline_datasets.py for tasks to queue
[2026-07-12T18:34:02.181+0000] {logging_mixin.py:188} INFO - [2026-07-12T18:34:02.181+0000] {dagbag.py:545} INFO - Filling up the DagBag from /opt/airflow/dags/pipeline_datasets.py
[2026-07-12T18:34:02.184+0000] {processor.py:842} WARNING - No viable dags retrieved from /opt/airflow/dags/pipeline_datasets.py
[2026-07-12T18:34:02.192+0000] {processor.py:183} INFO - Processing /opt/airflow/dags/pipeline_datasets.py took 0.016 seconds
[2026-07-12T18:34:33.596+0000] {processor.py:161} INFO - Started process (PID=33255) to work on /opt/airflow/dags/pipeline_datasets.py
[2026-07-12T18:34:33.597+0000] {processor.py:830} INFO - Processing file /opt/airflow/dags/pipeline_datasets.py for tasks to queue
[2026-07-12T18:34:33.598+0000] {logging_mixin.py:188} INFO - [2026-07-12T18:34:33.598+0000] {dagbag.py:545} INFO - Filling up the DagBag from /opt/airflow/dags/pipeline_datasets.py
[2026-07-12T18:34:33.603+0000] {processor.py:842} WARNING - No viable dags retrieved from /opt/airflow/dags/pipeline_datasets.py
[2026-07-12T18:34:33.611+0000] {processor.py:183} INFO - Processing /opt/airflow/dags/pipeline_datasets.py took 0.023 seconds
[2026-07-12T18:35:04.730+0000] {processor.py:161} INFO - Started process (PID=33292) to work on /opt/airflow/dags/pipeline_datasets.py
[2026-07-12T18:35:04.731+0000] {processor.py:830} INFO - Processing file /opt/airflow/dags/pipeline_datasets.py for tasks to queue
[2026-07-12T18:35:04.732+0000] {logging_mixin.py:188} INFO - [2026-07-12T18:35:04.732+0000] {dagbag.py:545} INFO - Filling up the DagBag from /opt/airflow/dags/pipeline_datasets.py
[2026-07-12T18:35:04.734+0000] {processor.py:842} WARNING - No viable dags retrieved from /opt/airflow/dags/pipeline_datasets.py
[2026-07-12T18:35:04.744+0000] {processor.py:183} INFO - Processing /opt/airflow/dags/pipeline_datasets.py took 0.018 seconds
[2026-07-12T18:35:35.821+0000] {processor.py:161} INFO - Started process (PID=33329) to work on /opt/airflow/dags/pipeline_datasets.py
[2026-07-12T18:35:35.821+0000] {processor.py:830} INFO - Processing file /opt/airflow/dags/pipeline_datasets.py for tasks to queue
[2026-07-12T18:35:35.823+0000] {logging_mixin.py:188} INFO - [2026-07-12T18:35:35.822+0000] {dagbag.py:545} INFO - Filling up the DagBag from /opt/airflow/dags/pipeline_datasets.py
[2026-07-12T18:35:35.827+0000] {processor.py:842} WARNING - No viable dags retrieved from /opt/airflow/dags/pipeline_datasets.py
[2026-07-12T18:35:35.836+0000] {processor.py:183} INFO - Processing /opt/airflow/dags/pipeline_datasets.py took 0.018 seconds
[2026-07-12T18:36:07.020+0000] {processor.py:161} INFO - Started process (PID=33366) to work on /opt/airflow/dags/pipeline_datasets.py
[2026-07-12T18:36:07.021+0000] {processor.py:830} INFO - Processing file /opt/airflow/dags/pipeline_datasets.py for tasks to queue
[2026-07-12T18:36:07.022+0000] {logging_mixin.py:188} INFO - [2026-07-12T18:36:07.022+0000] {dagbag.py:545} INFO - Filling up the DagBag from /opt/airflow/dags/pipeline_datasets.py
[2026-07-12T18:36:07.025+0000] {processor.py:842} WARNING - No viable dags retrieved from /opt/airflow/dags/pipeline_datasets.py
[2026-07-12T18:36:07.029+0000] {processor.py:183} INFO - Processing /opt/airflow/dags/pipeline_datasets.py took 0.014 seconds
[2026-07-12T18:36:38.100+0000] {processor.py:161} INFO - Started process (PID=33402) to work on /opt/airflow/dags/pipeline_datasets.py
[2026-07-12T18:36:38.101+0000] {processor.py:830} INFO - Processing file /opt/airflow/dags/pipeline_datasets.py for tasks to queue
[2026-07-12T18:36:38.102+0000] {logging_mixin.py:188} INFO - [2026-07-12T18:36:38.102+0000] {dagbag.py:545} INFO - Filling up the DagBag from /opt/airflow/dags/pipeline_datasets.py
[2026-07-12T18:36:38.104+0000] {processor.py:842} WARNING - No viable dags retrieved from /opt/airflow/dags/pipeline_datasets.py
[2026-07-12T18:36:38.114+0000] {processor.py:183} INFO - Processing /opt/airflow/dags/pipeline_datasets.py took 0.017 seconds
[2026-07-12T18:37:09.823+0000] {processor.py:161} INFO - Started process (PID=33440) to work on /opt/airflow/dags/pipeline_datasets.py
[2026-07-12T18:37:09.824+0000] {processor.py:830} INFO - Processing file /opt/airflow/dags/pipeline_datasets.py for tasks to queue
[2026-07-12T18:37:09.824+0000] {logging_mixin.py:188} INFO - [2026-07-12T18:37:09.824+0000] {dagbag.py:545} INFO - Filling up the DagBag from /opt/airflow/dags/pipeline_datasets.py
[2026-07-12T18:37:09.826+0000] {processor.py:842} WARNING - No viable dags retrieved from /opt/airflow/dags/pipeline_datasets.py
[2026-07-12T18:37:09.831+0000] {processor.py:183} INFO - Processing /opt/airflow/dags/pipeline_datasets.py took 0.011 seconds
[2026-07-12T18:37:40.931+0000] {processor.py:161} INFO - Started process (PID=33477) to work on /opt/airflow/dags/pipeline_datasets.py
[2026-07-12T18:37:40.932+0000] {processor.py:830} INFO - Processing file /opt/airflow/dags/pipeline_datasets.py for tasks to queue
[2026-07-12T18:37:40.933+0000] {logging_mixin.py:188} INFO - [2026-07-12T18:37:40.933+0000] {dagbag.py:545} INFO - Filling up the DagBag from /opt/airflow/dags/pipeline_datasets.py
[2026-07-12T18:37:40.935+0000] {processor.py:842} WARNING - No viable dags retrieved from /opt/airflow/dags/pipeline_datasets.py
[2026-07-12T18:37:40.939+0000] {processor.py:183} INFO - Processing /opt/airflow/dags/pipeline_datasets.py took 0.011 seconds
[2026-07-12T18:38:12.153+0000] {processor.py:161} INFO - Started process (PID=33514) to work on /opt/airflow/dags/pipeline_datasets.py
[2026-07-12T18:38:12.154+0000] {processor.py:830} INFO - Processing file /opt/airflow/dags/pipeline_datasets.py for tasks to queue
[2026-07-12T18:38:12.155+0000] {logging_mixin.py:188} INFO - [2026-07-12T18:38:12.154+0000] {dagbag.py:545} INFO - Filling up the DagBag from /opt/airflow/dags/pipeline_datasets.py
[2026-07-12T18:38:12.157+0000] {processor.py:842} WARNING - No viable dags retrieved from /opt/airflow/dags/pipeline_datasets.py
[2026-07-12T18:38:12.166+0000] {processor.py:183} INFO - Processing /opt/airflow/dags/pipeline_datasets.py took 0.016 seconds
[2026-07-12T18:38:43.447+0000] {processor.py:161} INFO - Started process (PID=33553) to work on /opt/airflow/dags/pipeline_datasets.py
[2026-07-12T18:38:43.448+0000] {processor.py:830} INFO - Processing file /opt/airflow/dags/pipeline_datasets.py for tasks to queue
[2026-07-12T18:38:43.449+0000] {logging_mixin.py:188} INFO - [2026-07-12T18:38:43.449+0000] {dagbag.py:545} INFO - Filling up the DagBag from /opt/airflow/dags/pipeline_datasets.py
[2026-07-12T18:38:43.456+0000] {processor.py:842} WARNING - No viable dags retrieved from /opt/airflow/dags/pipeline_datasets.py
[2026-07-12T18:38:43.466+0000] {processor.py:183} INFO - Processing /opt/airflow/dags/pipeline_datasets.py took 0.023 seconds
[2026-07-12T18:39:14.864+0000] {processor.py:161} INFO - Started process (PID=33588) to work on /opt/airflow/dags/pipeline_datasets.py
[2026-07-12T18:39:14.865+0000] {processor.py:830} INFO - Processing file /opt/airflow/dags/pipeline_datasets.py for tasks to queue
[2026-07-12T18:39:14.867+0000] {logging_mixin.py:188} INFO - [2026-07-12T18:39:14.867+0000] {dagbag.py:545} INFO - Filling up the DagBag from /opt/airflow/dags/pipeline_datasets.py
[2026-07-12T18:39:14.871+0000] {processor.py:842} WARNING - No viable dags retrieved from /opt/airflow/dags/pipeline_datasets.py
[2026-07-12T18:39:14.884+0000] {processor.py:183} INFO - Processing /opt/airflow/dags/pipeline_datasets.py took 0.022 seconds
[2026-07-12T18:39:45.996+0000] {processor.py:161} INFO - Started process (PID=33625) to work on /opt/airflow/dags/pipeline_datasets.py
[2026-07-12T18:39:45.996+0000] {processor.py:830} INFO - Processing file /opt/airflow/dags/pipeline_datasets.py for tasks to queue
[2026-07-12T18:39:45.997+0000] {logging_mixin.py:188} INFO - [2026-07-12T18:39:45.997+0000] {dagbag.py:545} INFO - Filling up the DagBag from /opt/airflow/dags/pipeline_datasets.py
[2026-07-12T18:39:46.000+0000] {processor.py:842} WARNING - No viable dags retrieved from /opt/airflow/dags/pipeline_datasets.py
[2026-07-12T18:39:46.005+0000] {processor.py:183} INFO - Processing /opt/airflow/dags/pipeline_datasets.py took 0.012 seconds
[2026-07-12T18:40:17.246+0000] {processor.py:161} INFO - Started process (PID=33663) to work on /opt/airflow/dags/pipeline_datasets.py
[2026-07-12T18:40:17.247+0000] {processor.py:830} INFO - Processing file /opt/airflow/dags/pipeline_datasets.py for tasks to queue
[2026-07-12T18:40:17.248+0000] {logging_mixin.py:188} INFO - [2026-07-12T18:40:17.248+0000] {dagbag.py:545} INFO - Filling up the DagBag from /opt/airflow/dags/pipeline_datasets.py
[2026-07-12T18:40:17.250+0000] {processor.py:842} WARNING - No viable dags retrieved from /opt/airflow/dags/pipeline_datasets.py
[2026-07-12T18:40:17.255+0000] {processor.py:183} INFO - Processing /opt/airflow/dags/pipeline_datasets.py took 0.011 seconds
[2026-07-12T18:40:48.915+0000] {processor.py:161} INFO - Started process (PID=33699) to work on /opt/airflow/dags/pipeline_datasets.py
[2026-07-12T18:40:48.915+0000] {processor.py:830} INFO - Processing file /opt/airflow/dags/pipeline_datasets.py for tasks to queue
[2026-07-12T18:40:48.917+0000] {logging_mixin.py:188} INFO - [2026-07-12T18:40:48.917+0000] {dagbag.py:545} INFO - Filling up the DagBag from /opt/airflow/dags/pipeline_datasets.py
[2026-07-12T18:40:48.923+0000] {processor.py:842} WARNING - No viable dags retrieved from /opt/airflow/dags/pipeline_datasets.py
[2026-07-12T18:40:48.933+0000] {processor.py:183} INFO - Processing /opt/airflow/dags/pipeline_datasets.py took 0.028 seconds
[2026-07-12T18:41:20.049+0000] {processor.py:161} INFO - Started process (PID=33736) to work on /opt/airflow/dags/pipeline_datasets.py
[2026-07-12T18:41:20.050+0000] {processor.py:830} INFO - Processing file /opt/airflow/dags/pipeline_datasets.py for tasks to queue
[2026-07-12T18:41:20.051+0000] {logging_mixin.py:188} INFO - [2026-07-12T18:41:20.051+0000] {dagbag.py:545} INFO - Filling up the DagBag from /opt/airflow/dags/pipeline_datasets.py
[2026-07-12T18:41:20.052+0000] {processor.py:842} WARNING - No viable dags retrieved from /opt/airflow/dags/pipeline_datasets.py
[2026-07-12T18:41:20.057+0000] {processor.py:183} INFO - Processing /opt/airflow/dags/pipeline_datasets.py took 0.012 seconds
[2026-07-12T18:41:51.231+0000] {processor.py:161} INFO - Started process (PID=33773) to work on /opt/airflow/dags/pipeline_datasets.py
[2026-07-12T18:41:51.232+0000] {processor.py:830} INFO - Processing file /opt/airflow/dags/pipeline_datasets.py for tasks to queue
[2026-07-12T18:41:51.233+0000] {logging_mixin.py:188} INFO - [2026-07-12T18:41:51.232+0000] {dagbag.py:545} INFO - Filling up the DagBag from /opt/airflow/dags/pipeline_datasets.py
[2026-07-12T18:41:51.238+0000] {processor.py:842} WARNING - No viable dags retrieved from /opt/airflow/dags/pipeline_datasets.py
[2026-07-12T18:41:51.253+0000] {processor.py:183} INFO - Processing /opt/airflow/dags/pipeline_datasets.py took 0.025 seconds
[2026-07-12T18:42:22.530+0000] {processor.py:161} INFO - Started process (PID=33812) to work on /opt/airflow/dags/pipeline_datasets.py
[2026-07-12T18:42:22.531+0000] {processor.py:830} INFO - Processing file /opt/airflow/dags/pipeline_datasets.py for tasks to queue
[2026-07-12T18:42:22.532+0000] {logging_mixin.py:188} INFO - [2026-07-12T18:42:22.532+0000] {dagbag.py:545} INFO - Filling up the DagBag from /opt/airflow/dags/pipeline_datasets.py
[2026-07-12T18:42:22.535+0000] {processor.py:842} WARNING - No viable dags retrieved from /opt/airflow/dags/pipeline_datasets.py
[2026-07-12T18:42:22.541+0000] {processor.py:183} INFO - Processing /opt/airflow/dags/pipeline_datasets.py took 0.014 seconds
[2026-07-12T18:42:53.828+0000] {processor.py:161} INFO - Started process (PID=33847) to work on /opt/airflow/dags/pipeline_datasets.py
[2026-07-12T18:42:53.829+0000] {processor.py:830} INFO - Processing file /opt/airflow/dags/pipeline_datasets.py for tasks to queue
[2026-07-12T18:42:53.829+0000] {logging_mixin.py:188} INFO - [2026-07-12T18:42:53.829+0000] {dagbag.py:545} INFO - Filling up the DagBag from /opt/airflow/dags/pipeline_datasets.py
[2026-07-12T18:42:53.831+0000] {processor.py:842} WARNING - No viable dags retrieved from /opt/airflow/dags/pipeline_datasets.py
[2026-07-12T18:42:53.836+0000] {processor.py:183} INFO - Processing /opt/airflow/dags/pipeline_datasets.py took 0.011 seconds
[2026-07-12T18:43:24.951+0000] {processor.py:161} INFO - Started process (PID=33884) to work on /opt/airflow/dags/pipeline_datasets.py
[2026-07-12T18:43:24.952+0000] {processor.py:830} INFO - Processing file /opt/airflow/dags/pipeline_datasets.py for tasks to queue
[2026-07-12T18:43:24.953+0000] {logging_mixin.py:188} INFO - [2026-07-12T18:43:24.953+0000] {dagbag.py:545} INFO - Filling up the DagBag from /opt/airflow/dags/pipeline_datasets.py
[2026-07-12T18:43:24.956+0000] {processor.py:842} WARNING - No viable dags retrieved from /opt/airflow/dags/pipeline_datasets.py
[2026-07-12T18:43:24.964+0000] {processor.py:183} INFO - Processing /opt/airflow/dags/pipeline_datasets.py took 0.018 seconds
[2026-07-12T18:43:56.530+0000] {processor.py:161} INFO - Started process (PID=33921) to work on /opt/airflow/dags/pipeline_datasets.py
[2026-07-12T18:43:56.532+0000] {processor.py:830} INFO - Processing file /opt/airflow/dags/pipeline_datasets.py for tasks to queue
[2026-07-12T18:43:56.533+0000] {logging_mixin.py:188} INFO - [2026-07-12T18:43:56.533+0000] {dagbag.py:545} INFO - Filling up the DagBag from /opt/airflow/dags/pipeline_datasets.py
[2026-07-12T18:43:56.538+0000] {processor.py:842} WARNING - No viable dags retrieved from /opt/airflow/dags/pipeline_datasets.py
[2026-07-12T18:43:56.550+0000] {processor.py:183} INFO - Processing /opt/airflow/dags/pipeline_datasets.py took 0.025 seconds
[2026-07-12T18:44:27.804+0000] {processor.py:161} INFO - Started process (PID=33960) to work on /opt/airflow/dags/pipeline_datasets.py
[2026-07-12T18:44:27.804+0000] {processor.py:830} INFO - Processing file /opt/airflow/dags/pipeline_datasets.py for tasks to queue
[2026-07-12T18:44:27.805+0000] {logging_mixin.py:188} INFO - [2026-07-12T18:44:27.805+0000] {dagbag.py:545} INFO - Filling up the DagBag from /opt/airflow/dags/pipeline_datasets.py
[2026-07-12T18:44:27.807+0000] {processor.py:842} WARNING - No viable dags retrieved from /opt/airflow/dags/pipeline_datasets.py
[2026-07-12T18:44:27.813+0000] {processor.py:183} INFO - Processing /opt/airflow/dags/pipeline_datasets.py took 0.012 seconds
[2026-07-12T18:44:58.945+0000] {processor.py:161} INFO - Started process (PID=33995) to work on /opt/airflow/dags/pipeline_datasets.py
[2026-07-12T18:44:58.946+0000] {processor.py:830} INFO - Processing file /opt/airflow/dags/pipeline_datasets.py for tasks to queue
[2026-07-12T18:44:58.946+0000] {logging_mixin.py:188} INFO - [2026-07-12T18:44:58.946+0000] {dagbag.py:545} INFO - Filling up the DagBag from /opt/airflow/dags/pipeline_datasets.py
[2026-07-12T18:44:58.948+0000] {processor.py:842} WARNING - No viable dags retrieved from /opt/airflow/dags/pipeline_datasets.py
[2026-07-12T18:44:58.953+0000] {processor.py:183} INFO - Processing /opt/airflow/dags/pipeline_datasets.py took 0.011 seconds
[2026-07-12T18:45:30.205+0000] {processor.py:161} INFO - Started process (PID=34032) to work on /opt/airflow/dags/pipeline_datasets.py
[2026-07-12T18:45:30.206+0000] {processor.py:830} INFO - Processing file /opt/airflow/dags/pipeline_datasets.py for tasks to queue
[2026-07-12T18:45:30.208+0000] {logging_mixin.py:188} INFO - [2026-07-12T18:45:30.207+0000] {dagbag.py:545} INFO - Filling up the DagBag from /opt/airflow/dags/pipeline_datasets.py
[2026-07-12T18:45:30.211+0000] {processor.py:842} WARNING - No viable dags retrieved from /opt/airflow/dags/pipeline_datasets.py
[2026-07-12T18:45:30.219+0000] {processor.py:183} INFO - Processing /opt/airflow/dags/pipeline_datasets.py took 0.017 seconds
[2026-07-12T18:46:02.269+0000] {processor.py:161} INFO - Started process (PID=34069) to work on /opt/airflow/dags/pipeline_datasets.py
[2026-07-12T18:46:02.270+0000] {processor.py:830} INFO - Processing file /opt/airflow/dags/pipeline_datasets.py for tasks to queue
[2026-07-12T18:46:02.271+0000] {logging_mixin.py:188} INFO - [2026-07-12T18:46:02.271+0000] {dagbag.py:545} INFO - Filling up the DagBag from /opt/airflow/dags/pipeline_datasets.py
[2026-07-12T18:46:02.274+0000] {processor.py:842} WARNING - No viable dags retrieved from /opt/airflow/dags/pipeline_datasets.py
[2026-07-12T18:46:02.283+0000] {processor.py:183} INFO - Processing /opt/airflow/dags/pipeline_datasets.py took 0.017 seconds
[2026-07-12T18:46:33.527+0000] {processor.py:161} INFO - Started process (PID=34106) to work on /opt/airflow/dags/pipeline_datasets.py
[2026-07-12T18:46:33.529+0000] {processor.py:830} INFO - Processing file /opt/airflow/dags/pipeline_datasets.py for tasks to queue
[2026-07-12T18:46:33.530+0000] {logging_mixin.py:188} INFO - [2026-07-12T18:46:33.530+0000] {dagbag.py:545} INFO - Filling up the DagBag from /opt/airflow/dags/pipeline_datasets.py
[2026-07-12T18:46:33.532+0000] {processor.py:842} WARNING - No viable dags retrieved from /opt/airflow/dags/pipeline_datasets.py
[2026-07-12T18:46:33.540+0000] {processor.py:183} INFO - Processing /opt/airflow/dags/pipeline_datasets.py took 0.016 seconds
[2026-07-12T18:47:04.764+0000] {processor.py:161} INFO - Started process (PID=34143) to work on /opt/airflow/dags/pipeline_datasets.py
[2026-07-12T18:47:04.765+0000] {processor.py:830} INFO - Processing file /opt/airflow/dags/pipeline_datasets.py for tasks to queue
[2026-07-12T18:47:04.766+0000] {logging_mixin.py:188} INFO - [2026-07-12T18:47:04.766+0000] {dagbag.py:545} INFO - Filling up the DagBag from /opt/airflow/dags/pipeline_datasets.py
[2026-07-12T18:47:04.768+0000] {processor.py:842} WARNING - No viable dags retrieved from /opt/airflow/dags/pipeline_datasets.py
[2026-07-12T18:47:04.777+0000] {processor.py:183} INFO - Processing /opt/airflow/dags/pipeline_datasets.py took 0.015 seconds
[2026-07-12T18:47:35.986+0000] {processor.py:161} INFO - Started process (PID=34182) to work on /opt/airflow/dags/pipeline_datasets.py
[2026-07-12T18:47:35.987+0000] {processor.py:830} INFO - Processing file /opt/airflow/dags/pipeline_datasets.py for tasks to queue
[2026-07-12T18:47:35.988+0000] {logging_mixin.py:188} INFO - [2026-07-12T18:47:35.988+0000] {dagbag.py:545} INFO - Filling up the DagBag from /opt/airflow/dags/pipeline_datasets.py
[2026-07-12T18:47:35.990+0000] {processor.py:842} WARNING - No viable dags retrieved from /opt/airflow/dags/pipeline_datasets.py
[2026-07-12T18:47:35.995+0000] {processor.py:183} INFO - Processing /opt/airflow/dags/pipeline_datasets.py took 0.012 seconds
[2026-07-12T18:48:06.439+0000] {processor.py:161} INFO - Started process (PID=34217) to work on /opt/airflow/dags/pipeline_datasets.py
[2026-07-12T18:48:06.440+0000] {processor.py:830} INFO - Processing file /opt/airflow/dags/pipeline_datasets.py for tasks to queue
[2026-07-12T18:48:06.441+0000] {logging_mixin.py:188} INFO - [2026-07-12T18:48:06.440+0000] {dagbag.py:545} INFO - Filling up the DagBag from /opt/airflow/dags/pipeline_datasets.py
[2026-07-12T18:48:06.443+0000] {processor.py:842} WARNING - No viable dags retrieved from /opt/airflow/dags/pipeline_datasets.py
[2026-07-12T18:48:06.450+0000] {processor.py:183} INFO - Processing /opt/airflow/dags/pipeline_datasets.py took 0.015 seconds
[2026-07-12T18:48:37.360+0000] {processor.py:161} INFO - Started process (PID=34254) to work on /opt/airflow/dags/pipeline_datasets.py
[2026-07-12T18:48:37.362+0000] {processor.py:830} INFO - Processing file /opt/airflow/dags/pipeline_datasets.py for tasks to queue
[2026-07-12T18:48:37.362+0000] {logging_mixin.py:188} INFO - [2026-07-12T18:48:37.362+0000] {dagbag.py:545} INFO - Filling up the DagBag from /opt/airflow/dags/pipeline_datasets.py
[2026-07-12T18:48:37.365+0000] {processor.py:842} WARNING - No viable dags retrieved from /opt/airflow/dags/pipeline_datasets.py
[2026-07-12T18:48:37.371+0000] {processor.py:183} INFO - Processing /opt/airflow/dags/pipeline_datasets.py took 0.017 seconds
[2026-07-12T18:49:08.448+0000] {processor.py:161} INFO - Started process (PID=34291) to work on /opt/airflow/dags/pipeline_datasets.py
[2026-07-12T18:49:08.450+0000] {processor.py:830} INFO - Processing file /opt/airflow/dags/pipeline_datasets.py for tasks to queue
[2026-07-12T18:49:08.451+0000] {logging_mixin.py:188} INFO - [2026-07-12T18:49:08.451+0000] {dagbag.py:545} INFO - Filling up the DagBag from /opt/airflow/dags/pipeline_datasets.py
[2026-07-12T18:49:08.453+0000] {processor.py:842} WARNING - No viable dags retrieved from /opt/airflow/dags/pipeline_datasets.py
[2026-07-12T18:49:08.464+0000] {processor.py:183} INFO - Processing /opt/airflow/dags/pipeline_datasets.py took 0.025 seconds
[2026-07-12T18:49:38.811+0000] {processor.py:161} INFO - Started process (PID=34324) to work on /opt/airflow/dags/pipeline_datasets.py
[2026-07-12T18:49:38.813+0000] {processor.py:830} INFO - Processing file /opt/airflow/dags/pipeline_datasets.py for tasks to queue
[2026-07-12T18:49:38.817+0000] {logging_mixin.py:188} INFO - [2026-07-12T18:49:38.817+0000] {dagbag.py:545} INFO - Filling up the DagBag from /opt/airflow/dags/pipeline_datasets.py
[2026-07-12T18:49:38.825+0000] {processor.py:842} WARNING - No viable dags retrieved from /opt/airflow/dags/pipeline_datasets.py
[2026-07-12T18:49:38.848+0000] {processor.py:183} INFO - Processing /opt/airflow/dags/pipeline_datasets.py took 0.040 seconds
[2026-07-12T18:50:09.067+0000] {processor.py:161} INFO - Started process (PID=34361) to work on /opt/airflow/dags/pipeline_datasets.py
[2026-07-12T18:50:09.068+0000] {processor.py:830} INFO - Processing file /opt/airflow/dags/pipeline_datasets.py for tasks to queue
[2026-07-12T18:50:09.068+0000] {logging_mixin.py:188} INFO - [2026-07-12T18:50:09.068+0000] {dagbag.py:545} INFO - Filling up the DagBag from /opt/airflow/dags/pipeline_datasets.py
[2026-07-12T18:50:09.070+0000] {processor.py:842} WARNING - No viable dags retrieved from /opt/airflow/dags/pipeline_datasets.py
[2026-07-12T18:50:09.078+0000] {processor.py:183} INFO - Processing /opt/airflow/dags/pipeline_datasets.py took 0.017 seconds
[2026-07-12T18:50:39.362+0000] {processor.py:161} INFO - Started process (PID=34404) to work on /opt/airflow/dags/pipeline_datasets.py
[2026-07-12T18:50:39.363+0000] {processor.py:830} INFO - Processing file /opt/airflow/dags/pipeline_datasets.py for tasks to queue
[2026-07-12T18:50:39.364+0000] {logging_mixin.py:188} INFO - [2026-07-12T18:50:39.363+0000] {dagbag.py:545} INFO - Filling up the DagBag from /opt/airflow/dags/pipeline_datasets.py
[2026-07-12T18:50:39.366+0000] {processor.py:842} WARNING - No viable dags retrieved from /opt/airflow/dags/pipeline_datasets.py
[2026-07-12T18:50:39.373+0000] {processor.py:183} INFO - Processing /opt/airflow/dags/pipeline_datasets.py took 0.017 seconds
[2026-07-12T18:51:09.938+0000] {processor.py:161} INFO - Started process (PID=34511) to work on /opt/airflow/dags/pipeline_datasets.py
[2026-07-12T18:51:09.939+0000] {processor.py:830} INFO - Processing file /opt/airflow/dags/pipeline_datasets.py for tasks to queue
[2026-07-12T18:51:09.940+0000] {logging_mixin.py:188} INFO - [2026-07-12T18:51:09.940+0000] {dagbag.py:545} INFO - Filling up the DagBag from /opt/airflow/dags/pipeline_datasets.py
[2026-07-12T18:51:09.942+0000] {processor.py:842} WARNING - No viable dags retrieved from /opt/airflow/dags/pipeline_datasets.py
[2026-07-12T18:51:09.947+0000] {processor.py:183} INFO - Processing /opt/airflow/dags/pipeline_datasets.py took 0.014 seconds
[2026-07-12T18:51:40.931+0000] {processor.py:161} INFO - Started process (PID=34847) to work on /opt/airflow/dags/pipeline_datasets.py
[2026-07-12T18:51:40.933+0000] {processor.py:830} INFO - Processing file /opt/airflow/dags/pipeline_datasets.py for tasks to queue
[2026-07-12T18:51:40.934+0000] {logging_mixin.py:188} INFO - [2026-07-12T18:51:40.933+0000] {dagbag.py:545} INFO - Filling up the DagBag from /opt/airflow/dags/pipeline_datasets.py
[2026-07-12T18:51:40.937+0000] {processor.py:842} WARNING - No viable dags retrieved from /opt/airflow/dags/pipeline_datasets.py
[2026-07-12T18:51:40.947+0000] {processor.py:183} INFO - Processing /opt/airflow/dags/pipeline_datasets.py took 0.020 seconds
[2026-07-12T18:52:11.365+0000] {processor.py:161} INFO - Started process (PID=34960) to work on /opt/airflow/dags/pipeline_datasets.py
[2026-07-12T18:52:11.367+0000] {processor.py:830} INFO - Processing file /opt/airflow/dags/pipeline_datasets.py for tasks to queue
[2026-07-12T18:52:11.368+0000] {logging_mixin.py:188} INFO - [2026-07-12T18:52:11.368+0000] {dagbag.py:545} INFO - Filling up the DagBag from /opt/airflow/dags/pipeline_datasets.py
[2026-07-12T18:52:11.370+0000] {processor.py:842} WARNING - No viable dags retrieved from /opt/airflow/dags/pipeline_datasets.py
[2026-07-12T18:52:11.377+0000] {processor.py:183} INFO - Processing /opt/airflow/dags/pipeline_datasets.py took 0.017 seconds
[2026-07-12T18:52:41.975+0000] {processor.py:161} INFO - Started process (PID=34997) to work on /opt/airflow/dags/pipeline_datasets.py
[2026-07-12T18:52:41.976+0000] {processor.py:830} INFO - Processing file /opt/airflow/dags/pipeline_datasets.py for tasks to queue
[2026-07-12T18:52:41.977+0000] {logging_mixin.py:188} INFO - [2026-07-12T18:52:41.976+0000] {dagbag.py:545} INFO - Filling up the DagBag from /opt/airflow/dags/pipeline_datasets.py
[2026-07-12T18:52:41.979+0000] {processor.py:842} WARNING - No viable dags retrieved from /opt/airflow/dags/pipeline_datasets.py
[2026-07-12T18:52:41.986+0000] {processor.py:183} INFO - Processing /opt/airflow/dags/pipeline_datasets.py took 0.021 seconds
[2026-07-12T18:53:12.611+0000] {processor.py:161} INFO - Started process (PID=35082) to work on /opt/airflow/dags/pipeline_datasets.py
[2026-07-12T18:53:12.611+0000] {processor.py:830} INFO - Processing file /opt/airflow/dags/pipeline_datasets.py for tasks to queue
[2026-07-12T18:53:12.612+0000] {logging_mixin.py:188} INFO - [2026-07-12T18:53:12.612+0000] {dagbag.py:545} INFO - Filling up the DagBag from /opt/airflow/dags/pipeline_datasets.py
[2026-07-12T18:53:12.616+0000] {processor.py:842} WARNING - No viable dags retrieved from /opt/airflow/dags/pipeline_datasets.py
[2026-07-12T18:53:12.624+0000] {processor.py:183} INFO - Processing /opt/airflow/dags/pipeline_datasets.py took 0.018 seconds
[2026-07-12T18:53:42.759+0000] {processor.py:161} INFO - Started process (PID=35173) to work on /opt/airflow/dags/pipeline_datasets.py
[2026-07-12T18:53:42.759+0000] {processor.py:830} INFO - Processing file /opt/airflow/dags/pipeline_datasets.py for tasks to queue
[2026-07-12T18:53:42.760+0000] {logging_mixin.py:188} INFO - [2026-07-12T18:53:42.760+0000] {dagbag.py:545} INFO - Filling up the DagBag from /opt/airflow/dags/pipeline_datasets.py
[2026-07-12T18:53:42.763+0000] {processor.py:842} WARNING - No viable dags retrieved from /opt/airflow/dags/pipeline_datasets.py
[2026-07-12T18:53:42.769+0000] {processor.py:183} INFO - Processing /opt/airflow/dags/pipeline_datasets.py took 0.013 seconds
[2026-07-12T18:54:13.578+0000] {processor.py:161} INFO - Started process (PID=35278) to work on /opt/airflow/dags/pipeline_datasets.py
[2026-07-12T18:54:13.579+0000] {processor.py:830} INFO - Processing file /opt/airflow/dags/pipeline_datasets.py for tasks to queue
[2026-07-12T18:54:13.580+0000] {logging_mixin.py:188} INFO - [2026-07-12T18:54:13.580+0000] {dagbag.py:545} INFO - Filling up the DagBag from /opt/airflow/dags/pipeline_datasets.py
[2026-07-12T18:54:13.582+0000] {processor.py:842} WARNING - No viable dags retrieved from /opt/airflow/dags/pipeline_datasets.py
[2026-07-12T18:54:13.590+0000] {processor.py:183} INFO - Processing /opt/airflow/dags/pipeline_datasets.py took 0.024 seconds
[2026-07-12T18:54:44.146+0000] {processor.py:161} INFO - Started process (PID=35315) to work on /opt/airflow/dags/pipeline_datasets.py
[2026-07-12T18:54:44.147+0000] {processor.py:830} INFO - Processing file /opt/airflow/dags/pipeline_datasets.py for tasks to queue
[2026-07-12T18:54:44.148+0000] {logging_mixin.py:188} INFO - [2026-07-12T18:54:44.148+0000] {dagbag.py:545} INFO - Filling up the DagBag from /opt/airflow/dags/pipeline_datasets.py
[2026-07-12T18:54:44.150+0000] {processor.py:842} WARNING - No viable dags retrieved from /opt/airflow/dags/pipeline_datasets.py
[2026-07-12T18:54:44.155+0000] {processor.py:183} INFO - Processing /opt/airflow/dags/pipeline_datasets.py took 0.013 seconds
[2026-07-12T18:55:14.804+0000] {processor.py:161} INFO - Started process (PID=35352) to work on /opt/airflow/dags/pipeline_datasets.py
[2026-07-12T18:55:14.805+0000] {processor.py:830} INFO - Processing file /opt/airflow/dags/pipeline_datasets.py for tasks to queue
[2026-07-12T18:55:14.806+0000] {logging_mixin.py:188} INFO - [2026-07-12T18:55:14.805+0000] {dagbag.py:545} INFO - Filling up the DagBag from /opt/airflow/dags/pipeline_datasets.py
[2026-07-12T18:55:14.808+0000] {processor.py:842} WARNING - No viable dags retrieved from /opt/airflow/dags/pipeline_datasets.py
[2026-07-12T18:55:14.814+0000] {processor.py:183} INFO - Processing /opt/airflow/dags/pipeline_datasets.py took 0.013 seconds
[2026-07-12T18:55:45.723+0000] {processor.py:161} INFO - Started process (PID=35389) to work on /opt/airflow/dags/pipeline_datasets.py
[2026-07-12T18:55:45.723+0000] {processor.py:830} INFO - Processing file /opt/airflow/dags/pipeline_datasets.py for tasks to queue
[2026-07-12T18:55:45.724+0000] {logging_mixin.py:188} INFO - [2026-07-12T18:55:45.724+0000] {dagbag.py:545} INFO - Filling up the DagBag from /opt/airflow/dags/pipeline_datasets.py
[2026-07-12T18:55:45.726+0000] {processor.py:842} WARNING - No viable dags retrieved from /opt/airflow/dags/pipeline_datasets.py
[2026-07-12T18:55:45.733+0000] {processor.py:183} INFO - Processing /opt/airflow/dags/pipeline_datasets.py took 0.021 seconds
[2026-07-12T18:56:16.220+0000] {processor.py:161} INFO - Started process (PID=35426) to work on /opt/airflow/dags/pipeline_datasets.py
[2026-07-12T18:56:16.221+0000] {processor.py:830} INFO - Processing file /opt/airflow/dags/pipeline_datasets.py for tasks to queue
[2026-07-12T18:56:16.222+0000] {logging_mixin.py:188} INFO - [2026-07-12T18:56:16.222+0000] {dagbag.py:545} INFO - Filling up the DagBag from /opt/airflow/dags/pipeline_datasets.py
[2026-07-12T18:56:16.224+0000] {processor.py:842} WARNING - No viable dags retrieved from /opt/airflow/dags/pipeline_datasets.py
[2026-07-12T18:56:16.231+0000] {processor.py:183} INFO - Processing /opt/airflow/dags/pipeline_datasets.py took 0.015 seconds
[2026-07-12T18:56:46.518+0000] {processor.py:161} INFO - Started process (PID=35492) to work on /opt/airflow/dags/pipeline_datasets.py
[2026-07-12T18:56:46.518+0000] {processor.py:830} INFO - Processing file /opt/airflow/dags/pipeline_datasets.py for tasks to queue
[2026-07-12T18:56:46.519+0000] {logging_mixin.py:188} INFO - [2026-07-12T18:56:46.519+0000] {dagbag.py:545} INFO - Filling up the DagBag from /opt/airflow/dags/pipeline_datasets.py
[2026-07-12T18:56:46.521+0000] {processor.py:842} WARNING - No viable dags retrieved from /opt/airflow/dags/pipeline_datasets.py
[2026-07-12T18:56:46.549+0000] {processor.py:183} INFO - Processing /opt/airflow/dags/pipeline_datasets.py took 0.034 seconds
[2026-07-12T18:57:16.665+0000] {processor.py:161} INFO - Started process (PID=35544) to work on /opt/airflow/dags/pipeline_datasets.py
[2026-07-12T18:57:16.666+0000] {processor.py:830} INFO - Processing file /opt/airflow/dags/pipeline_datasets.py for tasks to queue
[2026-07-12T18:57:16.667+0000] {logging_mixin.py:188} INFO - [2026-07-12T18:57:16.667+0000] {dagbag.py:545} INFO - Filling up the DagBag from /opt/airflow/dags/pipeline_datasets.py
[2026-07-12T18:57:16.670+0000] {processor.py:842} WARNING - No viable dags retrieved from /opt/airflow/dags/pipeline_datasets.py
[2026-07-12T18:57:16.687+0000] {processor.py:183} INFO - Processing /opt/airflow/dags/pipeline_datasets.py took 0.026 seconds
[2026-07-12T18:57:47.484+0000] {processor.py:161} INFO - Started process (PID=35583) to work on /opt/airflow/dags/pipeline_datasets.py
[2026-07-12T18:57:47.486+0000] {processor.py:830} INFO - Processing file /opt/airflow/dags/pipeline_datasets.py for tasks to queue
[2026-07-12T18:57:47.487+0000] {logging_mixin.py:188} INFO - [2026-07-12T18:57:47.486+0000] {dagbag.py:545} INFO - Filling up the DagBag from /opt/airflow/dags/pipeline_datasets.py
[2026-07-12T18:57:47.489+0000] {processor.py:842} WARNING - No viable dags retrieved from /opt/airflow/dags/pipeline_datasets.py
[2026-07-12T18:57:47.496+0000] {processor.py:183} INFO - Processing /opt/airflow/dags/pipeline_datasets.py took 0.015 seconds
[2026-07-12T18:58:18.023+0000] {processor.py:161} INFO - Started process (PID=35620) to work on /opt/airflow/dags/pipeline_datasets.py
[2026-07-12T18:58:18.024+0000] {processor.py:830} INFO - Processing file /opt/airflow/dags/pipeline_datasets.py for tasks to queue
[2026-07-12T18:58:18.025+0000] {logging_mixin.py:188} INFO - [2026-07-12T18:58:18.025+0000] {dagbag.py:545} INFO - Filling up the DagBag from /opt/airflow/dags/pipeline_datasets.py
[2026-07-12T18:58:18.028+0000] {processor.py:842} WARNING - No viable dags retrieved from /opt/airflow/dags/pipeline_datasets.py
[2026-07-12T18:58:18.038+0000] {processor.py:183} INFO - Processing /opt/airflow/dags/pipeline_datasets.py took 0.019 seconds
[2026-07-12T18:58:48.486+0000] {processor.py:161} INFO - Started process (PID=35657) to work on /opt/airflow/dags/pipeline_datasets.py
[2026-07-12T18:58:48.486+0000] {processor.py:830} INFO - Processing file /opt/airflow/dags/pipeline_datasets.py for tasks to queue
[2026-07-12T18:58:48.487+0000] {logging_mixin.py:188} INFO - [2026-07-12T18:58:48.487+0000] {dagbag.py:545} INFO - Filling up the DagBag from /opt/airflow/dags/pipeline_datasets.py
[2026-07-12T18:58:48.490+0000] {processor.py:842} WARNING - No viable dags retrieved from /opt/airflow/dags/pipeline_datasets.py
[2026-07-12T18:58:48.498+0000] {processor.py:183} INFO - Processing /opt/airflow/dags/pipeline_datasets.py took 0.018 seconds
[2026-07-12T18:59:19.298+0000] {processor.py:161} INFO - Started process (PID=35726) to work on /opt/airflow/dags/pipeline_datasets.py
[2026-07-12T18:59:19.299+0000] {processor.py:830} INFO - Processing file /opt/airflow/dags/pipeline_datasets.py for tasks to queue
[2026-07-12T18:59:19.300+0000] {logging_mixin.py:188} INFO - [2026-07-12T18:59:19.300+0000] {dagbag.py:545} INFO - Filling up the DagBag from /opt/airflow/dags/pipeline_datasets.py
[2026-07-12T18:59:19.302+0000] {processor.py:842} WARNING - No viable dags retrieved from /opt/airflow/dags/pipeline_datasets.py
[2026-07-12T18:59:19.309+0000] {processor.py:183} INFO - Processing /opt/airflow/dags/pipeline_datasets.py took 0.016 seconds
[2026-07-12T18:59:50.096+0000] {processor.py:161} INFO - Started process (PID=35763) to work on /opt/airflow/dags/pipeline_datasets.py
[2026-07-12T18:59:50.099+0000] {processor.py:830} INFO - Processing file /opt/airflow/dags/pipeline_datasets.py for tasks to queue
[2026-07-12T18:59:50.100+0000] {logging_mixin.py:188} INFO - [2026-07-12T18:59:50.100+0000] {dagbag.py:545} INFO - Filling up the DagBag from /opt/airflow/dags/pipeline_datasets.py
[2026-07-12T18:59:50.102+0000] {processor.py:842} WARNING - No viable dags retrieved from /opt/airflow/dags/pipeline_datasets.py
[2026-07-12T18:59:50.109+0000] {processor.py:183} INFO - Processing /opt/airflow/dags/pipeline_datasets.py took 0.018 seconds
[2026-07-12T19:00:20.687+0000] {processor.py:161} INFO - Started process (PID=36376) to work on /opt/airflow/dags/pipeline_datasets.py
[2026-07-12T19:00:20.689+0000] {processor.py:830} INFO - Processing file /opt/airflow/dags/pipeline_datasets.py for tasks to queue
[2026-07-12T19:00:20.690+0000] {logging_mixin.py:188} INFO - [2026-07-12T19:00:20.690+0000] {dagbag.py:545} INFO - Filling up the DagBag from /opt/airflow/dags/pipeline_datasets.py
[2026-07-12T19:00:20.694+0000] {processor.py:842} WARNING - No viable dags retrieved from /opt/airflow/dags/pipeline_datasets.py
[2026-07-12T19:00:20.705+0000] {processor.py:183} INFO - Processing /opt/airflow/dags/pipeline_datasets.py took 0.025 seconds
[2026-07-12T19:00:51.544+0000] {processor.py:161} INFO - Started process (PID=36414) to work on /opt/airflow/dags/pipeline_datasets.py
[2026-07-12T19:00:51.547+0000] {processor.py:830} INFO - Processing file /opt/airflow/dags/pipeline_datasets.py for tasks to queue
[2026-07-12T19:00:51.548+0000] {logging_mixin.py:188} INFO - [2026-07-12T19:00:51.548+0000] {dagbag.py:545} INFO - Filling up the DagBag from /opt/airflow/dags/pipeline_datasets.py
[2026-07-12T19:00:51.551+0000] {processor.py:842} WARNING - No viable dags retrieved from /opt/airflow/dags/pipeline_datasets.py
[2026-07-12T19:00:51.559+0000] {processor.py:183} INFO - Processing /opt/airflow/dags/pipeline_datasets.py took 0.021 seconds
[2026-07-12T19:01:22.133+0000] {processor.py:161} INFO - Started process (PID=36447) to work on /opt/airflow/dags/pipeline_datasets.py
[2026-07-12T19:01:22.135+0000] {processor.py:830} INFO - Processing file /opt/airflow/dags/pipeline_datasets.py for tasks to queue
[2026-07-12T19:01:22.136+0000] {logging_mixin.py:188} INFO - [2026-07-12T19:01:22.136+0000] {dagbag.py:545} INFO - Filling up the DagBag from /opt/airflow/dags/pipeline_datasets.py
[2026-07-12T19:01:22.138+0000] {processor.py:842} WARNING - No viable dags retrieved from /opt/airflow/dags/pipeline_datasets.py
[2026-07-12T19:01:22.145+0000] {processor.py:183} INFO - Processing /opt/airflow/dags/pipeline_datasets.py took 0.018 seconds
[2026-07-12T19:01:52.320+0000] {processor.py:161} INFO - Started process (PID=36484) to work on /opt/airflow/dags/pipeline_datasets.py
[2026-07-12T19:01:52.321+0000] {processor.py:830} INFO - Processing file /opt/airflow/dags/pipeline_datasets.py for tasks to queue
[2026-07-12T19:01:52.322+0000] {logging_mixin.py:188} INFO - [2026-07-12T19:01:52.322+0000] {dagbag.py:545} INFO - Filling up the DagBag from /opt/airflow/dags/pipeline_datasets.py
[2026-07-12T19:01:52.324+0000] {processor.py:842} WARNING - No viable dags retrieved from /opt/airflow/dags/pipeline_datasets.py
[2026-07-12T19:01:52.331+0000] {processor.py:183} INFO - Processing /opt/airflow/dags/pipeline_datasets.py took 0.013 seconds
[2026-07-12T19:02:23.110+0000] {processor.py:161} INFO - Started process (PID=36521) to work on /opt/airflow/dags/pipeline_datasets.py
[2026-07-12T19:02:23.111+0000] {processor.py:830} INFO - Processing file /opt/airflow/dags/pipeline_datasets.py for tasks to queue
[2026-07-12T19:02:23.111+0000] {logging_mixin.py:188} INFO - [2026-07-12T19:02:23.111+0000] {dagbag.py:545} INFO - Filling up the DagBag from /opt/airflow/dags/pipeline_datasets.py
[2026-07-12T19:02:23.114+0000] {processor.py:842} WARNING - No viable dags retrieved from /opt/airflow/dags/pipeline_datasets.py
[2026-07-12T19:02:23.119+0000] {processor.py:183} INFO - Processing /opt/airflow/dags/pipeline_datasets.py took 0.011 seconds
[2026-07-12T19:02:53.715+0000] {processor.py:161} INFO - Started process (PID=36590) to work on /opt/airflow/dags/pipeline_datasets.py
[2026-07-12T19:02:53.716+0000] {processor.py:830} INFO - Processing file /opt/airflow/dags/pipeline_datasets.py for tasks to queue
[2026-07-12T19:02:53.718+0000] {logging_mixin.py:188} INFO - [2026-07-12T19:02:53.718+0000] {dagbag.py:545} INFO - Filling up the DagBag from /opt/airflow/dags/pipeline_datasets.py
[2026-07-12T19:02:53.723+0000] {processor.py:842} WARNING - No viable dags retrieved from /opt/airflow/dags/pipeline_datasets.py
[2026-07-12T19:02:53.732+0000] {processor.py:183} INFO - Processing /opt/airflow/dags/pipeline_datasets.py took 0.021 seconds
[2026-07-12T19:03:24.617+0000] {processor.py:161} INFO - Started process (PID=36629) to work on /opt/airflow/dags/pipeline_datasets.py
[2026-07-12T19:03:24.618+0000] {processor.py:830} INFO - Processing file /opt/airflow/dags/pipeline_datasets.py for tasks to queue
[2026-07-12T19:03:24.619+0000] {logging_mixin.py:188} INFO - [2026-07-12T19:03:24.619+0000] {dagbag.py:545} INFO - Filling up the DagBag from /opt/airflow/dags/pipeline_datasets.py
[2026-07-12T19:03:24.622+0000] {processor.py:842} WARNING - No viable dags retrieved from /opt/airflow/dags/pipeline_datasets.py
[2026-07-12T19:03:24.630+0000] {processor.py:183} INFO - Processing /opt/airflow/dags/pipeline_datasets.py took 0.017 seconds
[2026-07-12T19:03:54.854+0000] {processor.py:161} INFO - Started process (PID=36666) to work on /opt/airflow/dags/pipeline_datasets.py
[2026-07-12T19:03:54.857+0000] {processor.py:830} INFO - Processing file /opt/airflow/dags/pipeline_datasets.py for tasks to queue
[2026-07-12T19:03:54.858+0000] {logging_mixin.py:188} INFO - [2026-07-12T19:03:54.858+0000] {dagbag.py:545} INFO - Filling up the DagBag from /opt/airflow/dags/pipeline_datasets.py
[2026-07-12T19:03:54.859+0000] {processor.py:842} WARNING - No viable dags retrieved from /opt/airflow/dags/pipeline_datasets.py
[2026-07-12T19:03:54.865+0000] {processor.py:183} INFO - Processing /opt/airflow/dags/pipeline_datasets.py took 0.013 seconds
[2026-07-12T19:04:25.511+0000] {processor.py:161} INFO - Started process (PID=36703) to work on /opt/airflow/dags/pipeline_datasets.py
[2026-07-12T19:04:25.512+0000] {processor.py:830} INFO - Processing file /opt/airflow/dags/pipeline_datasets.py for tasks to queue
[2026-07-12T19:04:25.513+0000] {logging_mixin.py:188} INFO - [2026-07-12T19:04:25.513+0000] {dagbag.py:545} INFO - Filling up the DagBag from /opt/airflow/dags/pipeline_datasets.py
[2026-07-12T19:04:25.514+0000] {processor.py:842} WARNING - No viable dags retrieved from /opt/airflow/dags/pipeline_datasets.py
[2026-07-12T19:04:25.520+0000] {processor.py:183} INFO - Processing /opt/airflow/dags/pipeline_datasets.py took 0.011 seconds
[2026-07-12T19:04:55.817+0000] {processor.py:161} INFO - Started process (PID=36740) to work on /opt/airflow/dags/pipeline_datasets.py
[2026-07-12T19:04:55.818+0000] {processor.py:830} INFO - Processing file /opt/airflow/dags/pipeline_datasets.py for tasks to queue
[2026-07-12T19:04:55.819+0000] {logging_mixin.py:188} INFO - [2026-07-12T19:04:55.819+0000] {dagbag.py:545} INFO - Filling up the DagBag from /opt/airflow/dags/pipeline_datasets.py
[2026-07-12T19:04:55.821+0000] {processor.py:842} WARNING - No viable dags retrieved from /opt/airflow/dags/pipeline_datasets.py
[2026-07-12T19:04:55.829+0000] {processor.py:183} INFO - Processing /opt/airflow/dags/pipeline_datasets.py took 0.018 seconds
[2026-07-12T19:05:26.368+0000] {processor.py:161} INFO - Started process (PID=36777) to work on /opt/airflow/dags/pipeline_datasets.py
[2026-07-12T19:05:26.369+0000] {processor.py:830} INFO - Processing file /opt/airflow/dags/pipeline_datasets.py for tasks to queue
[2026-07-12T19:05:26.370+0000] {logging_mixin.py:188} INFO - [2026-07-12T19:05:26.370+0000] {dagbag.py:545} INFO - Filling up the DagBag from /opt/airflow/dags/pipeline_datasets.py
[2026-07-12T19:05:26.372+0000] {processor.py:842} WARNING - No viable dags retrieved from /opt/airflow/dags/pipeline_datasets.py
[2026-07-12T19:05:26.378+0000] {processor.py:183} INFO - Processing /opt/airflow/dags/pipeline_datasets.py took 0.013 seconds
[2026-07-12T19:05:57.142+0000] {processor.py:161} INFO - Started process (PID=36814) to work on /opt/airflow/dags/pipeline_datasets.py
[2026-07-12T19:05:57.142+0000] {processor.py:830} INFO - Processing file /opt/airflow/dags/pipeline_datasets.py for tasks to queue
[2026-07-12T19:05:57.143+0000] {logging_mixin.py:188} INFO - [2026-07-12T19:05:57.143+0000] {dagbag.py:545} INFO - Filling up the DagBag from /opt/airflow/dags/pipeline_datasets.py
[2026-07-12T19:05:57.145+0000] {processor.py:842} WARNING - No viable dags retrieved from /opt/airflow/dags/pipeline_datasets.py
[2026-07-12T19:05:57.152+0000] {processor.py:183} INFO - Processing /opt/airflow/dags/pipeline_datasets.py took 0.015 seconds
[2026-07-12T19:06:27.787+0000] {processor.py:161} INFO - Started process (PID=36851) to work on /opt/airflow/dags/pipeline_datasets.py
[2026-07-12T19:06:27.788+0000] {processor.py:830} INFO - Processing file /opt/airflow/dags/pipeline_datasets.py for tasks to queue
[2026-07-12T19:06:27.789+0000] {logging_mixin.py:188} INFO - [2026-07-12T19:06:27.789+0000] {dagbag.py:545} INFO - Filling up the DagBag from /opt/airflow/dags/pipeline_datasets.py
[2026-07-12T19:06:27.794+0000] {processor.py:842} WARNING - No viable dags retrieved from /opt/airflow/dags/pipeline_datasets.py
[2026-07-12T19:06:27.803+0000] {processor.py:183} INFO - Processing /opt/airflow/dags/pipeline_datasets.py took 0.029 seconds
[2026-07-12T19:06:58.902+0000] {processor.py:161} INFO - Started process (PID=36888) to work on /opt/airflow/dags/pipeline_datasets.py
[2026-07-12T19:06:58.904+0000] {processor.py:830} INFO - Processing file /opt/airflow/dags/pipeline_datasets.py for tasks to queue
[2026-07-12T19:06:58.905+0000] {logging_mixin.py:188} INFO - [2026-07-12T19:06:58.905+0000] {dagbag.py:545} INFO - Filling up the DagBag from /opt/airflow/dags/pipeline_datasets.py
[2026-07-12T19:06:58.908+0000] {processor.py:842} WARNING - No viable dags retrieved from /opt/airflow/dags/pipeline_datasets.py
[2026-07-12T19:06:58.921+0000] {processor.py:183} INFO - Processing /opt/airflow/dags/pipeline_datasets.py took 0.024 seconds
[2026-07-12T19:07:29.351+0000] {processor.py:161} INFO - Started process (PID=36923) to work on /opt/airflow/dags/pipeline_datasets.py
[2026-07-12T19:07:29.353+0000] {processor.py:830} INFO - Processing file /opt/airflow/dags/pipeline_datasets.py for tasks to queue
[2026-07-12T19:07:29.354+0000] {logging_mixin.py:188} INFO - [2026-07-12T19:07:29.354+0000] {dagbag.py:545} INFO - Filling up the DagBag from /opt/airflow/dags/pipeline_datasets.py
[2026-07-12T19:07:29.357+0000] {processor.py:842} WARNING - No viable dags retrieved from /opt/airflow/dags/pipeline_datasets.py
[2026-07-12T19:07:29.363+0000] {processor.py:183} INFO - Processing /opt/airflow/dags/pipeline_datasets.py took 0.015 seconds
[2026-07-12T19:08:00.204+0000] {processor.py:161} INFO - Started process (PID=36962) to work on /opt/airflow/dags/pipeline_datasets.py
[2026-07-12T19:08:00.205+0000] {processor.py:830} INFO - Processing file /opt/airflow/dags/pipeline_datasets.py for tasks to queue
[2026-07-12T19:08:00.206+0000] {logging_mixin.py:188} INFO - [2026-07-12T19:08:00.206+0000] {dagbag.py:545} INFO - Filling up the DagBag from /opt/airflow/dags/pipeline_datasets.py
[2026-07-12T19:08:00.209+0000] {processor.py:842} WARNING - No viable dags retrieved from /opt/airflow/dags/pipeline_datasets.py
[2026-07-12T19:08:00.217+0000] {processor.py:183} INFO - Processing /opt/airflow/dags/pipeline_datasets.py took 0.016 seconds
[2026-07-12T19:08:30.740+0000] {processor.py:161} INFO - Started process (PID=36999) to work on /opt/airflow/dags/pipeline_datasets.py
[2026-07-12T19:08:30.741+0000] {processor.py:830} INFO - Processing file /opt/airflow/dags/pipeline_datasets.py for tasks to queue
[2026-07-12T19:08:30.741+0000] {logging_mixin.py:188} INFO - [2026-07-12T19:08:30.741+0000] {dagbag.py:545} INFO - Filling up the DagBag from /opt/airflow/dags/pipeline_datasets.py
[2026-07-12T19:08:30.743+0000] {processor.py:842} WARNING - No viable dags retrieved from /opt/airflow/dags/pipeline_datasets.py
[2026-07-12T19:08:30.749+0000] {processor.py:183} INFO - Processing /opt/airflow/dags/pipeline_datasets.py took 0.012 seconds
[2026-07-12T19:09:01.488+0000] {processor.py:161} INFO - Started process (PID=37036) to work on /opt/airflow/dags/pipeline_datasets.py
[2026-07-12T19:09:01.489+0000] {processor.py:830} INFO - Processing file /opt/airflow/dags/pipeline_datasets.py for tasks to queue
[2026-07-12T19:09:01.490+0000] {logging_mixin.py:188} INFO - [2026-07-12T19:09:01.490+0000] {dagbag.py:545} INFO - Filling up the DagBag from /opt/airflow/dags/pipeline_datasets.py
[2026-07-12T19:09:01.492+0000] {processor.py:842} WARNING - No viable dags retrieved from /opt/airflow/dags/pipeline_datasets.py
[2026-07-12T19:09:01.498+0000] {processor.py:183} INFO - Processing /opt/airflow/dags/pipeline_datasets.py took 0.013 seconds
[2026-07-12T19:09:32.295+0000] {processor.py:161} INFO - Started process (PID=37073) to work on /opt/airflow/dags/pipeline_datasets.py
[2026-07-12T19:09:32.296+0000] {processor.py:830} INFO - Processing file /opt/airflow/dags/pipeline_datasets.py for tasks to queue
[2026-07-12T19:09:32.298+0000] {logging_mixin.py:188} INFO - [2026-07-12T19:09:32.298+0000] {dagbag.py:545} INFO - Filling up the DagBag from /opt/airflow/dags/pipeline_datasets.py
[2026-07-12T19:09:32.300+0000] {processor.py:842} WARNING - No viable dags retrieved from /opt/airflow/dags/pipeline_datasets.py
[2026-07-12T19:09:32.307+0000] {processor.py:183} INFO - Processing /opt/airflow/dags/pipeline_datasets.py took 0.015 seconds
[2026-07-12T19:10:02.783+0000] {processor.py:161} INFO - Started process (PID=37110) to work on /opt/airflow/dags/pipeline_datasets.py
[2026-07-12T19:10:02.783+0000] {processor.py:830} INFO - Processing file /opt/airflow/dags/pipeline_datasets.py for tasks to queue
[2026-07-12T19:10:02.784+0000] {logging_mixin.py:188} INFO - [2026-07-12T19:10:02.784+0000] {dagbag.py:545} INFO - Filling up the DagBag from /opt/airflow/dags/pipeline_datasets.py
[2026-07-12T19:10:02.786+0000] {processor.py:842} WARNING - No viable dags retrieved from /opt/airflow/dags/pipeline_datasets.py
[2026-07-12T19:10:02.796+0000] {processor.py:183} INFO - Processing /opt/airflow/dags/pipeline_datasets.py took 0.018 seconds
[2026-07-12T19:10:33.575+0000] {processor.py:161} INFO - Started process (PID=37147) to work on /opt/airflow/dags/pipeline_datasets.py
[2026-07-12T19:10:33.576+0000] {processor.py:830} INFO - Processing file /opt/airflow/dags/pipeline_datasets.py for tasks to queue
[2026-07-12T19:10:33.577+0000] {logging_mixin.py:188} INFO - [2026-07-12T19:10:33.576+0000] {dagbag.py:545} INFO - Filling up the DagBag from /opt/airflow/dags/pipeline_datasets.py
[2026-07-12T19:10:33.579+0000] {processor.py:842} WARNING - No viable dags retrieved from /opt/airflow/dags/pipeline_datasets.py
[2026-07-12T19:10:33.586+0000] {processor.py:183} INFO - Processing /opt/airflow/dags/pipeline_datasets.py took 0.015 seconds
[2026-07-12T19:11:04.483+0000] {processor.py:161} INFO - Started process (PID=37184) to work on /opt/airflow/dags/pipeline_datasets.py
[2026-07-12T19:11:04.484+0000] {processor.py:830} INFO - Processing file /opt/airflow/dags/pipeline_datasets.py for tasks to queue
[2026-07-12T19:11:04.485+0000] {logging_mixin.py:188} INFO - [2026-07-12T19:11:04.485+0000] {dagbag.py:545} INFO - Filling up the DagBag from /opt/airflow/dags/pipeline_datasets.py
[2026-07-12T19:11:04.488+0000] {processor.py:842} WARNING - No viable dags retrieved from /opt/airflow/dags/pipeline_datasets.py
[2026-07-12T19:11:04.509+0000] {processor.py:183} INFO - Processing /opt/airflow/dags/pipeline_datasets.py took 0.029 seconds
[2026-07-12T19:11:34.822+0000] {processor.py:161} INFO - Started process (PID=37221) to work on /opt/airflow/dags/pipeline_datasets.py
[2026-07-12T19:11:34.823+0000] {processor.py:830} INFO - Processing file /opt/airflow/dags/pipeline_datasets.py for tasks to queue
[2026-07-12T19:11:34.824+0000] {logging_mixin.py:188} INFO - [2026-07-12T19:11:34.824+0000] {dagbag.py:545} INFO - Filling up the DagBag from /opt/airflow/dags/pipeline_datasets.py
[2026-07-12T19:11:34.826+0000] {processor.py:842} WARNING - No viable dags retrieved from /opt/airflow/dags/pipeline_datasets.py
[2026-07-12T19:11:34.833+0000] {processor.py:183} INFO - Processing /opt/airflow/dags/pipeline_datasets.py took 0.015 seconds
[2026-07-12T19:12:05.715+0000] {processor.py:161} INFO - Started process (PID=37256) to work on /opt/airflow/dags/pipeline_datasets.py
[2026-07-12T19:12:05.716+0000] {processor.py:830} INFO - Processing file /opt/airflow/dags/pipeline_datasets.py for tasks to queue
[2026-07-12T19:12:05.719+0000] {logging_mixin.py:188} INFO - [2026-07-12T19:12:05.719+0000] {dagbag.py:545} INFO - Filling up the DagBag from /opt/airflow/dags/pipeline_datasets.py
[2026-07-12T19:12:05.723+0000] {processor.py:842} WARNING - No viable dags retrieved from /opt/airflow/dags/pipeline_datasets.py
[2026-07-12T19:12:05.735+0000] {processor.py:183} INFO - Processing /opt/airflow/dags/pipeline_datasets.py took 0.024 seconds
[2026-07-12T19:12:36.436+0000] {processor.py:161} INFO - Started process (PID=37295) to work on /opt/airflow/dags/pipeline_datasets.py
[2026-07-12T19:12:36.437+0000] {processor.py:830} INFO - Processing file /opt/airflow/dags/pipeline_datasets.py for tasks to queue
[2026-07-12T19:12:36.438+0000] {logging_mixin.py:188} INFO - [2026-07-12T19:12:36.438+0000] {dagbag.py:545} INFO - Filling up the DagBag from /opt/airflow/dags/pipeline_datasets.py
[2026-07-12T19:12:36.441+0000] {processor.py:842} WARNING - No viable dags retrieved from /opt/airflow/dags/pipeline_datasets.py
[2026-07-12T19:12:36.448+0000] {processor.py:183} INFO - Processing /opt/airflow/dags/pipeline_datasets.py took 0.018 seconds
[2026-07-12T19:13:07.608+0000] {processor.py:161} INFO - Started process (PID=37332) to work on /opt/airflow/dags/pipeline_datasets.py
[2026-07-12T19:13:07.609+0000] {processor.py:830} INFO - Processing file /opt/airflow/dags/pipeline_datasets.py for tasks to queue
[2026-07-12T19:13:07.610+0000] {logging_mixin.py:188} INFO - [2026-07-12T19:13:07.609+0000] {dagbag.py:545} INFO - Filling up the DagBag from /opt/airflow/dags/pipeline_datasets.py
[2026-07-12T19:13:07.612+0000] {processor.py:842} WARNING - No viable dags retrieved from /opt/airflow/dags/pipeline_datasets.py
[2026-07-12T19:13:07.618+0000] {processor.py:183} INFO - Processing /opt/airflow/dags/pipeline_datasets.py took 0.015 seconds
[2026-07-12T19:13:38.210+0000] {processor.py:161} INFO - Started process (PID=37372) to work on /opt/airflow/dags/pipeline_datasets.py
[2026-07-12T19:13:38.212+0000] {processor.py:830} INFO - Processing file /opt/airflow/dags/pipeline_datasets.py for tasks to queue
[2026-07-12T19:13:38.214+0000] {logging_mixin.py:188} INFO - [2026-07-12T19:13:38.214+0000] {dagbag.py:545} INFO - Filling up the DagBag from /opt/airflow/dags/pipeline_datasets.py
[2026-07-12T19:13:38.216+0000] {processor.py:842} WARNING - No viable dags retrieved from /opt/airflow/dags/pipeline_datasets.py
[2026-07-12T19:13:38.236+0000] {processor.py:183} INFO - Processing /opt/airflow/dags/pipeline_datasets.py took 0.029 seconds
[2026-07-12T19:14:08.933+0000] {processor.py:161} INFO - Started process (PID=37409) to work on /opt/airflow/dags/pipeline_datasets.py
[2026-07-12T19:14:08.933+0000] {processor.py:830} INFO - Processing file /opt/airflow/dags/pipeline_datasets.py for tasks to queue
[2026-07-12T19:14:08.935+0000] {logging_mixin.py:188} INFO - [2026-07-12T19:14:08.935+0000] {dagbag.py:545} INFO - Filling up the DagBag from /opt/airflow/dags/pipeline_datasets.py
[2026-07-12T19:14:08.938+0000] {processor.py:842} WARNING - No viable dags retrieved from /opt/airflow/dags/pipeline_datasets.py
[2026-07-12T19:14:08.947+0000] {processor.py:183} INFO - Processing /opt/airflow/dags/pipeline_datasets.py took 0.020 seconds
[2026-07-12T19:14:39.621+0000] {processor.py:161} INFO - Started process (PID=37446) to work on /opt/airflow/dags/pipeline_datasets.py
[2026-07-12T19:14:39.622+0000] {processor.py:830} INFO - Processing file /opt/airflow/dags/pipeline_datasets.py for tasks to queue
[2026-07-12T19:14:39.623+0000] {logging_mixin.py:188} INFO - [2026-07-12T19:14:39.623+0000] {dagbag.py:545} INFO - Filling up the DagBag from /opt/airflow/dags/pipeline_datasets.py
[2026-07-12T19:14:39.627+0000] {processor.py:842} WARNING - No viable dags retrieved from /opt/airflow/dags/pipeline_datasets.py
[2026-07-12T19:14:39.637+0000] {processor.py:183} INFO - Processing /opt/airflow/dags/pipeline_datasets.py took 0.020 seconds
[2026-07-12T19:15:10.403+0000] {processor.py:161} INFO - Started process (PID=37483) to work on /opt/airflow/dags/pipeline_datasets.py
[2026-07-12T19:15:10.404+0000] {processor.py:830} INFO - Processing file /opt/airflow/dags/pipeline_datasets.py for tasks to queue
[2026-07-12T19:15:10.407+0000] {logging_mixin.py:188} INFO - [2026-07-12T19:15:10.406+0000] {dagbag.py:545} INFO - Filling up the DagBag from /opt/airflow/dags/pipeline_datasets.py
[2026-07-12T19:15:10.413+0000] {processor.py:842} WARNING - No viable dags retrieved from /opt/airflow/dags/pipeline_datasets.py
[2026-07-12T19:15:10.447+0000] {processor.py:183} INFO - Processing /opt/airflow/dags/pipeline_datasets.py took 0.049 seconds
[2026-07-12T19:15:40.687+0000] {processor.py:161} INFO - Started process (PID=37519) to work on /opt/airflow/dags/pipeline_datasets.py
[2026-07-12T19:15:40.689+0000] {processor.py:830} INFO - Processing file /opt/airflow/dags/pipeline_datasets.py for tasks to queue
[2026-07-12T19:15:40.691+0000] {logging_mixin.py:188} INFO - [2026-07-12T19:15:40.691+0000] {dagbag.py:545} INFO - Filling up the DagBag from /opt/airflow/dags/pipeline_datasets.py
[2026-07-12T19:15:40.693+0000] {processor.py:842} WARNING - No viable dags retrieved from /opt/airflow/dags/pipeline_datasets.py
[2026-07-12T19:15:40.705+0000] {processor.py:183} INFO - Processing /opt/airflow/dags/pipeline_datasets.py took 0.023 seconds
[2026-07-12T19:16:11.176+0000] {processor.py:161} INFO - Started process (PID=37557) to work on /opt/airflow/dags/pipeline_datasets.py
[2026-07-12T19:16:11.178+0000] {processor.py:830} INFO - Processing file /opt/airflow/dags/pipeline_datasets.py for tasks to queue
[2026-07-12T19:16:11.179+0000] {logging_mixin.py:188} INFO - [2026-07-12T19:16:11.179+0000] {dagbag.py:545} INFO - Filling up the DagBag from /opt/airflow/dags/pipeline_datasets.py
[2026-07-12T19:16:11.184+0000] {processor.py:842} WARNING - No viable dags retrieved from /opt/airflow/dags/pipeline_datasets.py
[2026-07-12T19:16:11.198+0000] {processor.py:183} INFO - Processing /opt/airflow/dags/pipeline_datasets.py took 0.033 seconds
[2026-07-12T19:16:41.788+0000] {processor.py:161} INFO - Started process (PID=37594) to work on /opt/airflow/dags/pipeline_datasets.py
[2026-07-12T19:16:41.789+0000] {processor.py:830} INFO - Processing file /opt/airflow/dags/pipeline_datasets.py for tasks to queue
[2026-07-12T19:16:41.790+0000] {logging_mixin.py:188} INFO - [2026-07-12T19:16:41.790+0000] {dagbag.py:545} INFO - Filling up the DagBag from /opt/airflow/dags/pipeline_datasets.py
[2026-07-12T19:16:41.794+0000] {processor.py:842} WARNING - No viable dags retrieved from /opt/airflow/dags/pipeline_datasets.py
[2026-07-12T19:16:41.802+0000] {processor.py:183} INFO - Processing /opt/airflow/dags/pipeline_datasets.py took 0.016 seconds
[2026-07-12T19:17:12.129+0000] {processor.py:161} INFO - Started process (PID=37631) to work on /opt/airflow/dags/pipeline_datasets.py
[2026-07-12T19:17:12.130+0000] {processor.py:830} INFO - Processing file /opt/airflow/dags/pipeline_datasets.py for tasks to queue
[2026-07-12T19:17:12.131+0000] {logging_mixin.py:188} INFO - [2026-07-12T19:17:12.131+0000] {dagbag.py:545} INFO - Filling up the DagBag from /opt/airflow/dags/pipeline_datasets.py
[2026-07-12T19:17:12.134+0000] {processor.py:842} WARNING - No viable dags retrieved from /opt/airflow/dags/pipeline_datasets.py
[2026-07-12T19:17:12.145+0000] {processor.py:183} INFO - Processing /opt/airflow/dags/pipeline_datasets.py took 0.019 seconds
[2026-07-12T19:17:42.596+0000] {processor.py:161} INFO - Started process (PID=37668) to work on /opt/airflow/dags/pipeline_datasets.py
[2026-07-12T19:17:42.598+0000] {processor.py:830} INFO - Processing file /opt/airflow/dags/pipeline_datasets.py for tasks to queue
[2026-07-12T19:17:42.599+0000] {logging_mixin.py:188} INFO - [2026-07-12T19:17:42.599+0000] {dagbag.py:545} INFO - Filling up the DagBag from /opt/airflow/dags/pipeline_datasets.py
[2026-07-12T19:17:42.603+0000] {processor.py:842} WARNING - No viable dags retrieved from /opt/airflow/dags/pipeline_datasets.py
[2026-07-12T19:17:42.614+0000] {processor.py:183} INFO - Processing /opt/airflow/dags/pipeline_datasets.py took 0.021 seconds
[2026-07-12T19:18:12.858+0000] {processor.py:161} INFO - Started process (PID=37705) to work on /opt/airflow/dags/pipeline_datasets.py
[2026-07-12T19:18:12.860+0000] {processor.py:830} INFO - Processing file /opt/airflow/dags/pipeline_datasets.py for tasks to queue
[2026-07-12T19:18:12.862+0000] {logging_mixin.py:188} INFO - [2026-07-12T19:18:12.861+0000] {dagbag.py:545} INFO - Filling up the DagBag from /opt/airflow/dags/pipeline_datasets.py
[2026-07-12T19:18:12.866+0000] {processor.py:842} WARNING - No viable dags retrieved from /opt/airflow/dags/pipeline_datasets.py
[2026-07-12T19:18:12.873+0000] {processor.py:183} INFO - Processing /opt/airflow/dags/pipeline_datasets.py took 0.018 seconds
[2026-07-12T19:18:43.246+0000] {processor.py:161} INFO - Started process (PID=37742) to work on /opt/airflow/dags/pipeline_datasets.py
[2026-07-12T19:18:43.253+0000] {processor.py:830} INFO - Processing file /opt/airflow/dags/pipeline_datasets.py for tasks to queue
[2026-07-12T19:18:43.254+0000] {logging_mixin.py:188} INFO - [2026-07-12T19:18:43.254+0000] {dagbag.py:545} INFO - Filling up the DagBag from /opt/airflow/dags/pipeline_datasets.py
[2026-07-12T19:18:43.262+0000] {processor.py:842} WARNING - No viable dags retrieved from /opt/airflow/dags/pipeline_datasets.py
[2026-07-12T19:18:43.276+0000] {processor.py:183} INFO - Processing /opt/airflow/dags/pipeline_datasets.py took 0.039 seconds
[2026-07-12T19:19:13.667+0000] {processor.py:161} INFO - Started process (PID=37779) to work on /opt/airflow/dags/pipeline_datasets.py
[2026-07-12T19:19:13.668+0000] {processor.py:830} INFO - Processing file /opt/airflow/dags/pipeline_datasets.py for tasks to queue
[2026-07-12T19:19:13.669+0000] {logging_mixin.py:188} INFO - [2026-07-12T19:19:13.669+0000] {dagbag.py:545} INFO - Filling up the DagBag from /opt/airflow/dags/pipeline_datasets.py
[2026-07-12T19:19:13.671+0000] {processor.py:842} WARNING - No viable dags retrieved from /opt/airflow/dags/pipeline_datasets.py
[2026-07-12T19:19:13.681+0000] {processor.py:183} INFO - Processing /opt/airflow/dags/pipeline_datasets.py took 0.017 seconds
[2026-07-12T19:19:43.855+0000] {processor.py:161} INFO - Started process (PID=37815) to work on /opt/airflow/dags/pipeline_datasets.py
[2026-07-12T19:19:43.855+0000] {processor.py:830} INFO - Processing file /opt/airflow/dags/pipeline_datasets.py for tasks to queue
[2026-07-12T19:19:43.856+0000] {logging_mixin.py:188} INFO - [2026-07-12T19:19:43.856+0000] {dagbag.py:545} INFO - Filling up the DagBag from /opt/airflow/dags/pipeline_datasets.py
[2026-07-12T19:19:43.863+0000] {processor.py:842} WARNING - No viable dags retrieved from /opt/airflow/dags/pipeline_datasets.py
[2026-07-12T19:19:43.871+0000] {processor.py:183} INFO - Processing /opt/airflow/dags/pipeline_datasets.py took 0.022 seconds
[2026-07-12T19:20:14.039+0000] {processor.py:161} INFO - Started process (PID=37853) to work on /opt/airflow/dags/pipeline_datasets.py
[2026-07-12T19:20:14.040+0000] {processor.py:830} INFO - Processing file /opt/airflow/dags/pipeline_datasets.py for tasks to queue
[2026-07-12T19:20:14.040+0000] {logging_mixin.py:188} INFO - [2026-07-12T19:20:14.040+0000] {dagbag.py:545} INFO - Filling up the DagBag from /opt/airflow/dags/pipeline_datasets.py
[2026-07-12T19:20:14.047+0000] {processor.py:842} WARNING - No viable dags retrieved from /opt/airflow/dags/pipeline_datasets.py
[2026-07-12T19:20:14.055+0000] {processor.py:183} INFO - Processing /opt/airflow/dags/pipeline_datasets.py took 0.019 seconds
[2026-07-12T19:20:45.452+0000] {processor.py:161} INFO - Started process (PID=37890) to work on /opt/airflow/dags/pipeline_datasets.py
[2026-07-12T19:20:45.460+0000] {processor.py:830} INFO - Processing file /opt/airflow/dags/pipeline_datasets.py for tasks to queue
[2026-07-12T19:20:45.465+0000] {logging_mixin.py:188} INFO - [2026-07-12T19:20:45.465+0000] {dagbag.py:545} INFO - Filling up the DagBag from /opt/airflow/dags/pipeline_datasets.py
[2026-07-12T19:20:45.475+0000] {processor.py:842} WARNING - No viable dags retrieved from /opt/airflow/dags/pipeline_datasets.py
[2026-07-12T19:20:45.490+0000] {processor.py:183} INFO - Processing /opt/airflow/dags/pipeline_datasets.py took 0.063 seconds
[2026-07-12T19:21:16.197+0000] {processor.py:161} INFO - Started process (PID=37927) to work on /opt/airflow/dags/pipeline_datasets.py
[2026-07-12T19:21:16.198+0000] {processor.py:830} INFO - Processing file /opt/airflow/dags/pipeline_datasets.py for tasks to queue
[2026-07-12T19:21:16.199+0000] {logging_mixin.py:188} INFO - [2026-07-12T19:21:16.198+0000] {dagbag.py:545} INFO - Filling up the DagBag from /opt/airflow/dags/pipeline_datasets.py
[2026-07-12T19:21:16.201+0000] {processor.py:842} WARNING - No viable dags retrieved from /opt/airflow/dags/pipeline_datasets.py
[2026-07-12T19:21:16.211+0000] {processor.py:183} INFO - Processing /opt/airflow/dags/pipeline_datasets.py took 0.017 seconds
[2026-07-12T19:21:46.467+0000] {processor.py:161} INFO - Started process (PID=37964) to work on /opt/airflow/dags/pipeline_datasets.py
[2026-07-12T19:21:46.468+0000] {processor.py:830} INFO - Processing file /opt/airflow/dags/pipeline_datasets.py for tasks to queue
[2026-07-12T19:21:46.470+0000] {logging_mixin.py:188} INFO - [2026-07-12T19:21:46.469+0000] {dagbag.py:545} INFO - Filling up the DagBag from /opt/airflow/dags/pipeline_datasets.py
[2026-07-12T19:21:46.474+0000] {processor.py:842} WARNING - No viable dags retrieved from /opt/airflow/dags/pipeline_datasets.py
[2026-07-12T19:21:46.481+0000] {processor.py:183} INFO - Processing /opt/airflow/dags/pipeline_datasets.py took 0.016 seconds
[2026-07-12T19:22:16.925+0000] {processor.py:161} INFO - Started process (PID=38001) to work on /opt/airflow/dags/pipeline_datasets.py
[2026-07-12T19:22:16.927+0000] {processor.py:830} INFO - Processing file /opt/airflow/dags/pipeline_datasets.py for tasks to queue
[2026-07-12T19:22:16.928+0000] {logging_mixin.py:188} INFO - [2026-07-12T19:22:16.927+0000] {dagbag.py:545} INFO - Filling up the DagBag from /opt/airflow/dags/pipeline_datasets.py
[2026-07-12T19:22:16.932+0000] {processor.py:842} WARNING - No viable dags retrieved from /opt/airflow/dags/pipeline_datasets.py
[2026-07-12T19:22:16.949+0000] {processor.py:183} INFO - Processing /opt/airflow/dags/pipeline_datasets.py took 0.028 seconds
[2026-07-12T19:22:47.606+0000] {processor.py:161} INFO - Started process (PID=38040) to work on /opt/airflow/dags/pipeline_datasets.py
[2026-07-12T19:22:47.607+0000] {processor.py:830} INFO - Processing file /opt/airflow/dags/pipeline_datasets.py for tasks to queue
[2026-07-12T19:22:47.608+0000] {logging_mixin.py:188} INFO - [2026-07-12T19:22:47.608+0000] {dagbag.py:545} INFO - Filling up the DagBag from /opt/airflow/dags/pipeline_datasets.py
[2026-07-12T19:22:47.612+0000] {processor.py:842} WARNING - No viable dags retrieved from /opt/airflow/dags/pipeline_datasets.py
[2026-07-12T19:22:47.620+0000] {processor.py:183} INFO - Processing /opt/airflow/dags/pipeline_datasets.py took 0.025 seconds
[2026-07-12T19:23:18.025+0000] {processor.py:161} INFO - Started process (PID=38073) to work on /opt/airflow/dags/pipeline_datasets.py
[2026-07-12T19:23:18.027+0000] {processor.py:830} INFO - Processing file /opt/airflow/dags/pipeline_datasets.py for tasks to queue
[2026-07-12T19:23:18.028+0000] {logging_mixin.py:188} INFO - [2026-07-12T19:23:18.028+0000] {dagbag.py:545} INFO - Filling up the DagBag from /opt/airflow/dags/pipeline_datasets.py
[2026-07-12T19:23:18.031+0000] {processor.py:842} WARNING - No viable dags retrieved from /opt/airflow/dags/pipeline_datasets.py
[2026-07-12T19:23:18.043+0000] {processor.py:183} INFO - Processing /opt/airflow/dags/pipeline_datasets.py took 0.022 seconds
[2026-07-12T19:23:48.669+0000] {processor.py:161} INFO - Started process (PID=38111) to work on /opt/airflow/dags/pipeline_datasets.py
[2026-07-12T19:23:48.670+0000] {processor.py:830} INFO - Processing file /opt/airflow/dags/pipeline_datasets.py for tasks to queue
[2026-07-12T19:23:48.672+0000] {logging_mixin.py:188} INFO - [2026-07-12T19:23:48.672+0000] {dagbag.py:545} INFO - Filling up the DagBag from /opt/airflow/dags/pipeline_datasets.py
[2026-07-12T19:23:48.676+0000] {processor.py:842} WARNING - No viable dags retrieved from /opt/airflow/dags/pipeline_datasets.py
[2026-07-12T19:23:48.693+0000] {processor.py:183} INFO - Processing /opt/airflow/dags/pipeline_datasets.py took 0.033 seconds
[2026-07-12T19:24:18.851+0000] {processor.py:161} INFO - Started process (PID=38195) to work on /opt/airflow/dags/pipeline_datasets.py
[2026-07-12T19:24:18.851+0000] {processor.py:830} INFO - Processing file /opt/airflow/dags/pipeline_datasets.py for tasks to queue
[2026-07-12T19:24:18.852+0000] {logging_mixin.py:188} INFO - [2026-07-12T19:24:18.852+0000] {dagbag.py:545} INFO - Filling up the DagBag from /opt/airflow/dags/pipeline_datasets.py
[2026-07-12T19:24:18.855+0000] {processor.py:842} WARNING - No viable dags retrieved from /opt/airflow/dags/pipeline_datasets.py
[2026-07-12T19:24:18.861+0000] {processor.py:183} INFO - Processing /opt/airflow/dags/pipeline_datasets.py took 0.014 seconds
[2026-07-12T19:24:49.322+0000] {processor.py:161} INFO - Started process (PID=38232) to work on /opt/airflow/dags/pipeline_datasets.py
[2026-07-12T19:24:49.324+0000] {processor.py:830} INFO - Processing file /opt/airflow/dags/pipeline_datasets.py for tasks to queue
[2026-07-12T19:24:49.326+0000] {logging_mixin.py:188} INFO - [2026-07-12T19:24:49.326+0000] {dagbag.py:545} INFO - Filling up the DagBag from /opt/airflow/dags/pipeline_datasets.py
[2026-07-12T19:24:49.328+0000] {processor.py:842} WARNING - No viable dags retrieved from /opt/airflow/dags/pipeline_datasets.py
[2026-07-12T19:24:49.337+0000] {processor.py:183} INFO - Processing /opt/airflow/dags/pipeline_datasets.py took 0.022 seconds
[2026-07-12T19:25:19.522+0000] {processor.py:161} INFO - Started process (PID=38269) to work on /opt/airflow/dags/pipeline_datasets.py
[2026-07-12T19:25:19.523+0000] {processor.py:830} INFO - Processing file /opt/airflow/dags/pipeline_datasets.py for tasks to queue
[2026-07-12T19:25:19.524+0000] {logging_mixin.py:188} INFO - [2026-07-12T19:25:19.524+0000] {dagbag.py:545} INFO - Filling up the DagBag from /opt/airflow/dags/pipeline_datasets.py
[2026-07-12T19:25:19.527+0000] {processor.py:842} WARNING - No viable dags retrieved from /opt/airflow/dags/pipeline_datasets.py
[2026-07-12T19:25:19.538+0000] {processor.py:183} INFO - Processing /opt/airflow/dags/pipeline_datasets.py took 0.019 seconds
[2026-07-12T19:25:50.206+0000] {processor.py:161} INFO - Started process (PID=38306) to work on /opt/airflow/dags/pipeline_datasets.py
[2026-07-12T19:25:50.206+0000] {processor.py:830} INFO - Processing file /opt/airflow/dags/pipeline_datasets.py for tasks to queue
[2026-07-12T19:25:50.208+0000] {logging_mixin.py:188} INFO - [2026-07-12T19:25:50.208+0000] {dagbag.py:545} INFO - Filling up the DagBag from /opt/airflow/dags/pipeline_datasets.py
[2026-07-12T19:25:50.213+0000] {processor.py:842} WARNING - No viable dags retrieved from /opt/airflow/dags/pipeline_datasets.py
[2026-07-12T19:25:50.227+0000] {processor.py:183} INFO - Processing /opt/airflow/dags/pipeline_datasets.py took 0.025 seconds
[2026-07-12T19:26:20.523+0000] {processor.py:161} INFO - Started process (PID=38343) to work on /opt/airflow/dags/pipeline_datasets.py
[2026-07-12T19:26:20.524+0000] {processor.py:830} INFO - Processing file /opt/airflow/dags/pipeline_datasets.py for tasks to queue
[2026-07-12T19:26:20.525+0000] {logging_mixin.py:188} INFO - [2026-07-12T19:26:20.525+0000] {dagbag.py:545} INFO - Filling up the DagBag from /opt/airflow/dags/pipeline_datasets.py
[2026-07-12T19:26:20.529+0000] {processor.py:842} WARNING - No viable dags retrieved from /opt/airflow/dags/pipeline_datasets.py
[2026-07-12T19:26:20.538+0000] {processor.py:183} INFO - Processing /opt/airflow/dags/pipeline_datasets.py took 0.018 seconds
[2026-07-12T19:26:50.716+0000] {processor.py:161} INFO - Started process (PID=38414) to work on /opt/airflow/dags/pipeline_datasets.py
[2026-07-12T19:26:50.718+0000] {processor.py:830} INFO - Processing file /opt/airflow/dags/pipeline_datasets.py for tasks to queue
[2026-07-12T19:26:50.719+0000] {logging_mixin.py:188} INFO - [2026-07-12T19:26:50.719+0000] {dagbag.py:545} INFO - Filling up the DagBag from /opt/airflow/dags/pipeline_datasets.py
[2026-07-12T19:26:50.722+0000] {processor.py:842} WARNING - No viable dags retrieved from /opt/airflow/dags/pipeline_datasets.py
[2026-07-12T19:26:50.736+0000] {processor.py:183} INFO - Processing /opt/airflow/dags/pipeline_datasets.py took 0.023 seconds
[2026-07-12T19:27:21.794+0000] {processor.py:161} INFO - Started process (PID=38451) to work on /opt/airflow/dags/pipeline_datasets.py
[2026-07-12T19:27:21.794+0000] {processor.py:830} INFO - Processing file /opt/airflow/dags/pipeline_datasets.py for tasks to queue
[2026-07-12T19:27:21.796+0000] {logging_mixin.py:188} INFO - [2026-07-12T19:27:21.796+0000] {dagbag.py:545} INFO - Filling up the DagBag from /opt/airflow/dags/pipeline_datasets.py
[2026-07-12T19:27:21.798+0000] {processor.py:842} WARNING - No viable dags retrieved from /opt/airflow/dags/pipeline_datasets.py
[2026-07-12T19:27:21.802+0000] {processor.py:183} INFO - Processing /opt/airflow/dags/pipeline_datasets.py took 0.012 seconds
[2026-07-12T19:27:52.753+0000] {processor.py:161} INFO - Started process (PID=38534) to work on /opt/airflow/dags/pipeline_datasets.py
[2026-07-12T19:27:52.754+0000] {processor.py:830} INFO - Processing file /opt/airflow/dags/pipeline_datasets.py for tasks to queue
[2026-07-12T19:27:52.755+0000] {logging_mixin.py:188} INFO - [2026-07-12T19:27:52.755+0000] {dagbag.py:545} INFO - Filling up the DagBag from /opt/airflow/dags/pipeline_datasets.py
[2026-07-12T19:27:52.761+0000] {processor.py:842} WARNING - No viable dags retrieved from /opt/airflow/dags/pipeline_datasets.py
[2026-07-12T19:27:52.768+0000] {processor.py:183} INFO - Processing /opt/airflow/dags/pipeline_datasets.py took 0.018 seconds
[2026-07-12T19:28:24.405+0000] {processor.py:161} INFO - Started process (PID=38571) to work on /opt/airflow/dags/pipeline_datasets.py
[2026-07-12T19:28:24.406+0000] {processor.py:830} INFO - Processing file /opt/airflow/dags/pipeline_datasets.py for tasks to queue
[2026-07-12T19:28:24.407+0000] {logging_mixin.py:188} INFO - [2026-07-12T19:28:24.407+0000] {dagbag.py:545} INFO - Filling up the DagBag from /opt/airflow/dags/pipeline_datasets.py
[2026-07-12T19:28:24.409+0000] {processor.py:842} WARNING - No viable dags retrieved from /opt/airflow/dags/pipeline_datasets.py
[2026-07-12T19:28:24.415+0000] {processor.py:183} INFO - Processing /opt/airflow/dags/pipeline_datasets.py took 0.013 seconds
[2026-07-12T19:28:55.380+0000] {processor.py:161} INFO - Started process (PID=38610) to work on /opt/airflow/dags/pipeline_datasets.py
[2026-07-12T19:28:55.381+0000] {processor.py:830} INFO - Processing file /opt/airflow/dags/pipeline_datasets.py for tasks to queue
[2026-07-12T19:28:55.382+0000] {logging_mixin.py:188} INFO - [2026-07-12T19:28:55.381+0000] {dagbag.py:545} INFO - Filling up the DagBag from /opt/airflow/dags/pipeline_datasets.py
[2026-07-12T19:28:55.383+0000] {processor.py:842} WARNING - No viable dags retrieved from /opt/airflow/dags/pipeline_datasets.py
[2026-07-12T19:28:55.390+0000] {processor.py:183} INFO - Processing /opt/airflow/dags/pipeline_datasets.py took 0.012 seconds
[2026-07-12T19:29:26.555+0000] {processor.py:161} INFO - Started process (PID=38645) to work on /opt/airflow/dags/pipeline_datasets.py
[2026-07-12T19:29:26.558+0000] {processor.py:830} INFO - Processing file /opt/airflow/dags/pipeline_datasets.py for tasks to queue
[2026-07-12T19:29:26.563+0000] {logging_mixin.py:188} INFO - [2026-07-12T19:29:26.561+0000] {dagbag.py:545} INFO - Filling up the DagBag from /opt/airflow/dags/pipeline_datasets.py
[2026-07-12T19:29:26.578+0000] {processor.py:842} WARNING - No viable dags retrieved from /opt/airflow/dags/pipeline_datasets.py
[2026-07-12T19:29:26.610+0000] {processor.py:183} INFO - Processing /opt/airflow/dags/pipeline_datasets.py took 0.087 seconds
[2026-07-12T19:29:58.352+0000] {processor.py:161} INFO - Started process (PID=38714) to work on /opt/airflow/dags/pipeline_datasets.py
[2026-07-12T19:29:58.353+0000] {processor.py:830} INFO - Processing file /opt/airflow/dags/pipeline_datasets.py for tasks to queue
[2026-07-12T19:29:58.354+0000] {logging_mixin.py:188} INFO - [2026-07-12T19:29:58.354+0000] {dagbag.py:545} INFO - Filling up the DagBag from /opt/airflow/dags/pipeline_datasets.py
[2026-07-12T19:29:58.361+0000] {processor.py:842} WARNING - No viable dags retrieved from /opt/airflow/dags/pipeline_datasets.py
[2026-07-12T19:29:58.371+0000] {processor.py:183} INFO - Processing /opt/airflow/dags/pipeline_datasets.py took 0.022 seconds
[2026-07-12T19:30:29.426+0000] {processor.py:161} INFO - Started process (PID=38753) to work on /opt/airflow/dags/pipeline_datasets.py
[2026-07-12T19:30:29.427+0000] {processor.py:830} INFO - Processing file /opt/airflow/dags/pipeline_datasets.py for tasks to queue
[2026-07-12T19:30:29.428+0000] {logging_mixin.py:188} INFO - [2026-07-12T19:30:29.427+0000] {dagbag.py:545} INFO - Filling up the DagBag from /opt/airflow/dags/pipeline_datasets.py
[2026-07-12T19:30:29.429+0000] {processor.py:842} WARNING - No viable dags retrieved from /opt/airflow/dags/pipeline_datasets.py
[2026-07-12T19:30:29.434+0000] {processor.py:183} INFO - Processing /opt/airflow/dags/pipeline_datasets.py took 0.011 seconds
[2026-07-12T19:31:01.209+0000] {processor.py:161} INFO - Started process (PID=38790) to work on /opt/airflow/dags/pipeline_datasets.py
[2026-07-12T19:31:01.210+0000] {processor.py:830} INFO - Processing file /opt/airflow/dags/pipeline_datasets.py for tasks to queue
[2026-07-12T19:31:01.212+0000] {logging_mixin.py:188} INFO - [2026-07-12T19:31:01.212+0000] {dagbag.py:545} INFO - Filling up the DagBag from /opt/airflow/dags/pipeline_datasets.py
[2026-07-12T19:31:01.217+0000] {processor.py:842} WARNING - No viable dags retrieved from /opt/airflow/dags/pipeline_datasets.py
[2026-07-12T19:31:01.227+0000] {processor.py:183} INFO - Processing /opt/airflow/dags/pipeline_datasets.py took 0.021 seconds
[2026-07-12T19:31:32.383+0000] {processor.py:161} INFO - Started process (PID=38827) to work on /opt/airflow/dags/pipeline_datasets.py
[2026-07-12T19:31:32.384+0000] {processor.py:830} INFO - Processing file /opt/airflow/dags/pipeline_datasets.py for tasks to queue
[2026-07-12T19:31:32.385+0000] {logging_mixin.py:188} INFO - [2026-07-12T19:31:32.385+0000] {dagbag.py:545} INFO - Filling up the DagBag from /opt/airflow/dags/pipeline_datasets.py
[2026-07-12T19:31:32.387+0000] {processor.py:842} WARNING - No viable dags retrieved from /opt/airflow/dags/pipeline_datasets.py
[2026-07-12T19:31:32.392+0000] {processor.py:183} INFO - Processing /opt/airflow/dags/pipeline_datasets.py took 0.017 seconds
[2026-07-12T19:32:02.879+0000] {processor.py:161} INFO - Started process (PID=38870) to work on /opt/airflow/dags/pipeline_datasets.py
[2026-07-12T19:32:02.880+0000] {processor.py:830} INFO - Processing file /opt/airflow/dags/pipeline_datasets.py for tasks to queue
[2026-07-12T19:32:02.881+0000] {logging_mixin.py:188} INFO - [2026-07-12T19:32:02.881+0000] {dagbag.py:545} INFO - Filling up the DagBag from /opt/airflow/dags/pipeline_datasets.py
[2026-07-12T19:32:02.883+0000] {processor.py:842} WARNING - No viable dags retrieved from /opt/airflow/dags/pipeline_datasets.py
[2026-07-12T19:32:02.890+0000] {processor.py:183} INFO - Processing /opt/airflow/dags/pipeline_datasets.py took 0.016 seconds
[2026-07-12T19:32:33.561+0000] {processor.py:161} INFO - Started process (PID=38953) to work on /opt/airflow/dags/pipeline_datasets.py
[2026-07-12T19:32:33.562+0000] {processor.py:830} INFO - Processing file /opt/airflow/dags/pipeline_datasets.py for tasks to queue
[2026-07-12T19:32:33.562+0000] {logging_mixin.py:188} INFO - [2026-07-12T19:32:33.562+0000] {dagbag.py:545} INFO - Filling up the DagBag from /opt/airflow/dags/pipeline_datasets.py
[2026-07-12T19:32:33.565+0000] {processor.py:842} WARNING - No viable dags retrieved from /opt/airflow/dags/pipeline_datasets.py
[2026-07-12T19:32:33.572+0000] {processor.py:183} INFO - Processing /opt/airflow/dags/pipeline_datasets.py took 0.015 seconds
[2026-07-12T19:33:04.605+0000] {processor.py:161} INFO - Started process (PID=38990) to work on /opt/airflow/dags/pipeline_datasets.py
[2026-07-12T19:33:04.607+0000] {processor.py:830} INFO - Processing file /opt/airflow/dags/pipeline_datasets.py for tasks to queue
[2026-07-12T19:33:04.608+0000] {logging_mixin.py:188} INFO - [2026-07-12T19:33:04.607+0000] {dagbag.py:545} INFO - Filling up the DagBag from /opt/airflow/dags/pipeline_datasets.py
[2026-07-12T19:33:04.610+0000] {processor.py:842} WARNING - No viable dags retrieved from /opt/airflow/dags/pipeline_datasets.py
[2026-07-12T19:33:04.617+0000] {processor.py:183} INFO - Processing /opt/airflow/dags/pipeline_datasets.py took 0.017 seconds
[2026-07-12T19:33:35.665+0000] {processor.py:161} INFO - Started process (PID=39027) to work on /opt/airflow/dags/pipeline_datasets.py
[2026-07-12T19:33:35.666+0000] {processor.py:830} INFO - Processing file /opt/airflow/dags/pipeline_datasets.py for tasks to queue
[2026-07-12T19:33:35.667+0000] {logging_mixin.py:188} INFO - [2026-07-12T19:33:35.666+0000] {dagbag.py:545} INFO - Filling up the DagBag from /opt/airflow/dags/pipeline_datasets.py
[2026-07-12T19:33:35.669+0000] {processor.py:842} WARNING - No viable dags retrieved from /opt/airflow/dags/pipeline_datasets.py
[2026-07-12T19:33:35.678+0000] {processor.py:183} INFO - Processing /opt/airflow/dags/pipeline_datasets.py took 0.018 seconds
[2026-07-12T19:34:06.709+0000] {processor.py:161} INFO - Started process (PID=39064) to work on /opt/airflow/dags/pipeline_datasets.py
[2026-07-12T19:34:06.709+0000] {processor.py:830} INFO - Processing file /opt/airflow/dags/pipeline_datasets.py for tasks to queue
[2026-07-12T19:34:06.710+0000] {logging_mixin.py:188} INFO - [2026-07-12T19:34:06.710+0000] {dagbag.py:545} INFO - Filling up the DagBag from /opt/airflow/dags/pipeline_datasets.py
[2026-07-12T19:34:06.713+0000] {processor.py:842} WARNING - No viable dags retrieved from /opt/airflow/dags/pipeline_datasets.py
[2026-07-12T19:34:06.720+0000] {processor.py:183} INFO - Processing /opt/airflow/dags/pipeline_datasets.py took 0.018 seconds
[2026-07-12T19:34:37.611+0000] {processor.py:161} INFO - Started process (PID=39135) to work on /opt/airflow/dags/pipeline_datasets.py
[2026-07-12T19:34:37.612+0000] {processor.py:830} INFO - Processing file /opt/airflow/dags/pipeline_datasets.py for tasks to queue
[2026-07-12T19:34:37.613+0000] {logging_mixin.py:188} INFO - [2026-07-12T19:34:37.613+0000] {dagbag.py:545} INFO - Filling up the DagBag from /opt/airflow/dags/pipeline_datasets.py
[2026-07-12T19:34:37.615+0000] {processor.py:842} WARNING - No viable dags retrieved from /opt/airflow/dags/pipeline_datasets.py
[2026-07-12T19:34:37.625+0000] {processor.py:183} INFO - Processing /opt/airflow/dags/pipeline_datasets.py took 0.030 seconds
[2026-07-12T19:35:08.640+0000] {processor.py:161} INFO - Started process (PID=39172) to work on /opt/airflow/dags/pipeline_datasets.py
[2026-07-12T19:35:08.641+0000] {processor.py:830} INFO - Processing file /opt/airflow/dags/pipeline_datasets.py for tasks to queue
[2026-07-12T19:35:08.642+0000] {logging_mixin.py:188} INFO - [2026-07-12T19:35:08.642+0000] {dagbag.py:545} INFO - Filling up the DagBag from /opt/airflow/dags/pipeline_datasets.py
[2026-07-12T19:35:08.645+0000] {processor.py:842} WARNING - No viable dags retrieved from /opt/airflow/dags/pipeline_datasets.py
[2026-07-12T19:35:08.653+0000] {processor.py:183} INFO - Processing /opt/airflow/dags/pipeline_datasets.py took 0.020 seconds
[2026-07-12T19:35:39.745+0000] {processor.py:161} INFO - Started process (PID=39211) to work on /opt/airflow/dags/pipeline_datasets.py
[2026-07-12T19:35:39.746+0000] {processor.py:830} INFO - Processing file /opt/airflow/dags/pipeline_datasets.py for tasks to queue
[2026-07-12T19:35:39.747+0000] {logging_mixin.py:188} INFO - [2026-07-12T19:35:39.747+0000] {dagbag.py:545} INFO - Filling up the DagBag from /opt/airflow/dags/pipeline_datasets.py
[2026-07-12T19:35:39.749+0000] {processor.py:842} WARNING - No viable dags retrieved from /opt/airflow/dags/pipeline_datasets.py
[2026-07-12T19:35:39.755+0000] {processor.py:183} INFO - Processing /opt/airflow/dags/pipeline_datasets.py took 0.011 seconds
[2026-07-12T19:36:10.638+0000] {processor.py:161} INFO - Started process (PID=39246) to work on /opt/airflow/dags/pipeline_datasets.py
[2026-07-12T19:36:10.639+0000] {processor.py:830} INFO - Processing file /opt/airflow/dags/pipeline_datasets.py for tasks to queue
[2026-07-12T19:36:10.640+0000] {logging_mixin.py:188} INFO - [2026-07-12T19:36:10.640+0000] {dagbag.py:545} INFO - Filling up the DagBag from /opt/airflow/dags/pipeline_datasets.py
[2026-07-12T19:36:10.643+0000] {processor.py:842} WARNING - No viable dags retrieved from /opt/airflow/dags/pipeline_datasets.py
[2026-07-12T19:36:10.653+0000] {processor.py:183} INFO - Processing /opt/airflow/dags/pipeline_datasets.py took 0.028 seconds
[2026-07-12T19:36:40.719+0000] {processor.py:161} INFO - Started process (PID=39279) to work on /opt/airflow/dags/pipeline_datasets.py
[2026-07-12T19:36:40.720+0000] {processor.py:830} INFO - Processing file /opt/airflow/dags/pipeline_datasets.py for tasks to queue
[2026-07-12T19:36:40.721+0000] {logging_mixin.py:188} INFO - [2026-07-12T19:36:40.720+0000] {dagbag.py:545} INFO - Filling up the DagBag from /opt/airflow/dags/pipeline_datasets.py
[2026-07-12T19:36:40.724+0000] {processor.py:842} WARNING - No viable dags retrieved from /opt/airflow/dags/pipeline_datasets.py
[2026-07-12T19:36:40.732+0000] {processor.py:183} INFO - Processing /opt/airflow/dags/pipeline_datasets.py took 0.023 seconds
[2026-07-12T19:37:10.956+0000] {processor.py:161} INFO - Started process (PID=39316) to work on /opt/airflow/dags/pipeline_datasets.py
[2026-07-12T19:37:10.966+0000] {processor.py:830} INFO - Processing file /opt/airflow/dags/pipeline_datasets.py for tasks to queue
[2026-07-12T19:37:10.969+0000] {logging_mixin.py:188} INFO - [2026-07-12T19:37:10.968+0000] {dagbag.py:545} INFO - Filling up the DagBag from /opt/airflow/dags/pipeline_datasets.py
[2026-07-12T19:37:10.972+0000] {processor.py:842} WARNING - No viable dags retrieved from /opt/airflow/dags/pipeline_datasets.py
[2026-07-12T19:37:10.982+0000] {processor.py:183} INFO - Processing /opt/airflow/dags/pipeline_datasets.py took 0.036 seconds
[2026-07-12T19:37:41.076+0000] {processor.py:161} INFO - Started process (PID=39351) to work on /opt/airflow/dags/pipeline_datasets.py
[2026-07-12T19:37:41.078+0000] {processor.py:830} INFO - Processing file /opt/airflow/dags/pipeline_datasets.py for tasks to queue
[2026-07-12T19:37:41.081+0000] {logging_mixin.py:188} INFO - [2026-07-12T19:37:41.079+0000] {dagbag.py:545} INFO - Filling up the DagBag from /opt/airflow/dags/pipeline_datasets.py
[2026-07-12T19:37:41.089+0000] {processor.py:842} WARNING - No viable dags retrieved from /opt/airflow/dags/pipeline_datasets.py
[2026-07-12T19:37:41.104+0000] {processor.py:183} INFO - Processing /opt/airflow/dags/pipeline_datasets.py took 0.034 seconds
[2026-07-12T19:38:11.392+0000] {processor.py:161} INFO - Started process (PID=39390) to work on /opt/airflow/dags/pipeline_datasets.py
[2026-07-12T19:38:11.393+0000] {processor.py:830} INFO - Processing file /opt/airflow/dags/pipeline_datasets.py for tasks to queue
[2026-07-12T19:38:11.395+0000] {logging_mixin.py:188} INFO - [2026-07-12T19:38:11.394+0000] {dagbag.py:545} INFO - Filling up the DagBag from /opt/airflow/dags/pipeline_datasets.py
[2026-07-12T19:38:11.398+0000] {processor.py:842} WARNING - No viable dags retrieved from /opt/airflow/dags/pipeline_datasets.py
[2026-07-12T19:38:11.408+0000] {processor.py:183} INFO - Processing /opt/airflow/dags/pipeline_datasets.py took 0.021 seconds
[2026-07-12T19:38:41.689+0000] {processor.py:161} INFO - Started process (PID=39425) to work on /opt/airflow/dags/pipeline_datasets.py
[2026-07-12T19:38:41.690+0000] {processor.py:830} INFO - Processing file /opt/airflow/dags/pipeline_datasets.py for tasks to queue
[2026-07-12T19:38:41.691+0000] {logging_mixin.py:188} INFO - [2026-07-12T19:38:41.691+0000] {dagbag.py:545} INFO - Filling up the DagBag from /opt/airflow/dags/pipeline_datasets.py
[2026-07-12T19:38:41.693+0000] {processor.py:842} WARNING - No viable dags retrieved from /opt/airflow/dags/pipeline_datasets.py
[2026-07-12T19:38:41.702+0000] {processor.py:183} INFO - Processing /opt/airflow/dags/pipeline_datasets.py took 0.020 seconds
[2026-07-12T19:39:12.383+0000] {processor.py:161} INFO - Started process (PID=39464) to work on /opt/airflow/dags/pipeline_datasets.py
[2026-07-12T19:39:12.384+0000] {processor.py:830} INFO - Processing file /opt/airflow/dags/pipeline_datasets.py for tasks to queue
[2026-07-12T19:39:12.385+0000] {logging_mixin.py:188} INFO - [2026-07-12T19:39:12.385+0000] {dagbag.py:545} INFO - Filling up the DagBag from /opt/airflow/dags/pipeline_datasets.py
[2026-07-12T19:39:12.388+0000] {processor.py:842} WARNING - No viable dags retrieved from /opt/airflow/dags/pipeline_datasets.py
[2026-07-12T19:39:12.395+0000] {processor.py:183} INFO - Processing /opt/airflow/dags/pipeline_datasets.py took 0.017 seconds
[2026-07-12T19:39:42.592+0000] {processor.py:161} INFO - Started process (PID=39499) to work on /opt/airflow/dags/pipeline_datasets.py
[2026-07-12T19:39:42.594+0000] {processor.py:830} INFO - Processing file /opt/airflow/dags/pipeline_datasets.py for tasks to queue
[2026-07-12T19:39:42.597+0000] {logging_mixin.py:188} INFO - [2026-07-12T19:39:42.597+0000] {dagbag.py:545} INFO - Filling up the DagBag from /opt/airflow/dags/pipeline_datasets.py
[2026-07-12T19:39:42.602+0000] {processor.py:842} WARNING - No viable dags retrieved from /opt/airflow/dags/pipeline_datasets.py
[2026-07-12T19:39:42.613+0000] {processor.py:183} INFO - Processing /opt/airflow/dags/pipeline_datasets.py took 0.037 seconds
[2026-07-12T19:40:13.105+0000] {processor.py:161} INFO - Started process (PID=39538) to work on /opt/airflow/dags/pipeline_datasets.py
[2026-07-12T19:40:13.106+0000] {processor.py:830} INFO - Processing file /opt/airflow/dags/pipeline_datasets.py for tasks to queue
[2026-07-12T19:40:13.107+0000] {logging_mixin.py:188} INFO - [2026-07-12T19:40:13.107+0000] {dagbag.py:545} INFO - Filling up the DagBag from /opt/airflow/dags/pipeline_datasets.py
[2026-07-12T19:40:13.109+0000] {processor.py:842} WARNING - No viable dags retrieved from /opt/airflow/dags/pipeline_datasets.py
[2026-07-12T19:40:13.119+0000] {processor.py:183} INFO - Processing /opt/airflow/dags/pipeline_datasets.py took 0.019 seconds
[2026-07-12T19:40:43.740+0000] {processor.py:161} INFO - Started process (PID=39575) to work on /opt/airflow/dags/pipeline_datasets.py
[2026-07-12T19:40:43.741+0000] {processor.py:830} INFO - Processing file /opt/airflow/dags/pipeline_datasets.py for tasks to queue
[2026-07-12T19:40:43.742+0000] {logging_mixin.py:188} INFO - [2026-07-12T19:40:43.742+0000] {dagbag.py:545} INFO - Filling up the DagBag from /opt/airflow/dags/pipeline_datasets.py
[2026-07-12T19:40:43.745+0000] {processor.py:842} WARNING - No viable dags retrieved from /opt/airflow/dags/pipeline_datasets.py
[2026-07-12T19:40:43.752+0000] {processor.py:183} INFO - Processing /opt/airflow/dags/pipeline_datasets.py took 0.015 seconds
[2026-07-12T19:41:13.963+0000] {processor.py:161} INFO - Started process (PID=39644) to work on /opt/airflow/dags/pipeline_datasets.py
[2026-07-12T19:41:13.965+0000] {processor.py:830} INFO - Processing file /opt/airflow/dags/pipeline_datasets.py for tasks to queue
[2026-07-12T19:41:13.967+0000] {logging_mixin.py:188} INFO - [2026-07-12T19:41:13.966+0000] {dagbag.py:545} INFO - Filling up the DagBag from /opt/airflow/dags/pipeline_datasets.py
[2026-07-12T19:41:13.972+0000] {processor.py:842} WARNING - No viable dags retrieved from /opt/airflow/dags/pipeline_datasets.py
[2026-07-12T19:41:13.980+0000] {processor.py:183} INFO - Processing /opt/airflow/dags/pipeline_datasets.py took 0.021 seconds
[2026-07-12T19:41:44.384+0000] {processor.py:161} INFO - Started process (PID=39678) to work on /opt/airflow/dags/pipeline_datasets.py
[2026-07-12T19:41:44.385+0000] {processor.py:830} INFO - Processing file /opt/airflow/dags/pipeline_datasets.py for tasks to queue
[2026-07-12T19:41:44.386+0000] {logging_mixin.py:188} INFO - [2026-07-12T19:41:44.386+0000] {dagbag.py:545} INFO - Filling up the DagBag from /opt/airflow/dags/pipeline_datasets.py
[2026-07-12T19:41:44.388+0000] {processor.py:842} WARNING - No viable dags retrieved from /opt/airflow/dags/pipeline_datasets.py
[2026-07-12T19:41:44.395+0000] {processor.py:183} INFO - Processing /opt/airflow/dags/pipeline_datasets.py took 0.013 seconds
[2026-07-12T19:42:15.535+0000] {processor.py:161} INFO - Started process (PID=39718) to work on /opt/airflow/dags/pipeline_datasets.py
[2026-07-12T19:42:15.536+0000] {processor.py:830} INFO - Processing file /opt/airflow/dags/pipeline_datasets.py for tasks to queue
[2026-07-12T19:42:15.537+0000] {logging_mixin.py:188} INFO - [2026-07-12T19:42:15.537+0000] {dagbag.py:545} INFO - Filling up the DagBag from /opt/airflow/dags/pipeline_datasets.py
[2026-07-12T19:42:15.539+0000] {processor.py:842} WARNING - No viable dags retrieved from /opt/airflow/dags/pipeline_datasets.py
[2026-07-12T19:42:15.549+0000] {processor.py:183} INFO - Processing /opt/airflow/dags/pipeline_datasets.py took 0.021 seconds
[2026-07-12T19:42:45.792+0000] {processor.py:161} INFO - Started process (PID=39755) to work on /opt/airflow/dags/pipeline_datasets.py
[2026-07-12T19:42:45.795+0000] {processor.py:830} INFO - Processing file /opt/airflow/dags/pipeline_datasets.py for tasks to queue
[2026-07-12T19:42:45.796+0000] {logging_mixin.py:188} INFO - [2026-07-12T19:42:45.796+0000] {dagbag.py:545} INFO - Filling up the DagBag from /opt/airflow/dags/pipeline_datasets.py
[2026-07-12T19:42:45.798+0000] {processor.py:842} WARNING - No viable dags retrieved from /opt/airflow/dags/pipeline_datasets.py
[2026-07-12T19:42:45.810+0000] {processor.py:183} INFO - Processing /opt/airflow/dags/pipeline_datasets.py took 0.025 seconds
[2026-07-12T19:43:16.177+0000] {processor.py:161} INFO - Started process (PID=39826) to work on /opt/airflow/dags/pipeline_datasets.py
[2026-07-12T19:43:16.177+0000] {processor.py:830} INFO - Processing file /opt/airflow/dags/pipeline_datasets.py for tasks to queue
[2026-07-12T19:43:16.181+0000] {logging_mixin.py:188} INFO - [2026-07-12T19:43:16.181+0000] {dagbag.py:545} INFO - Filling up the DagBag from /opt/airflow/dags/pipeline_datasets.py
[2026-07-12T19:43:16.183+0000] {processor.py:842} WARNING - No viable dags retrieved from /opt/airflow/dags/pipeline_datasets.py
[2026-07-12T19:43:16.193+0000] {processor.py:183} INFO - Processing /opt/airflow/dags/pipeline_datasets.py took 0.020 seconds
[2026-07-12T19:43:46.380+0000] {processor.py:161} INFO - Started process (PID=39863) to work on /opt/airflow/dags/pipeline_datasets.py
[2026-07-12T19:43:46.381+0000] {processor.py:830} INFO - Processing file /opt/airflow/dags/pipeline_datasets.py for tasks to queue
[2026-07-12T19:43:46.384+0000] {logging_mixin.py:188} INFO - [2026-07-12T19:43:46.383+0000] {dagbag.py:545} INFO - Filling up the DagBag from /opt/airflow/dags/pipeline_datasets.py
[2026-07-12T19:43:46.387+0000] {processor.py:842} WARNING - No viable dags retrieved from /opt/airflow/dags/pipeline_datasets.py
[2026-07-12T19:43:46.395+0000] {processor.py:183} INFO - Processing /opt/airflow/dags/pipeline_datasets.py took 0.017 seconds
[2026-07-12T19:44:16.817+0000] {processor.py:161} INFO - Started process (PID=39900) to work on /opt/airflow/dags/pipeline_datasets.py
[2026-07-12T19:44:16.819+0000] {processor.py:830} INFO - Processing file /opt/airflow/dags/pipeline_datasets.py for tasks to queue
[2026-07-12T19:44:16.821+0000] {logging_mixin.py:188} INFO - [2026-07-12T19:44:16.820+0000] {dagbag.py:545} INFO - Filling up the DagBag from /opt/airflow/dags/pipeline_datasets.py
[2026-07-12T19:44:16.824+0000] {processor.py:842} WARNING - No viable dags retrieved from /opt/airflow/dags/pipeline_datasets.py
[2026-07-12T19:44:16.834+0000] {processor.py:183} INFO - Processing /opt/airflow/dags/pipeline_datasets.py took 0.021 seconds
[2026-07-12T19:44:47.413+0000] {processor.py:161} INFO - Started process (PID=39937) to work on /opt/airflow/dags/pipeline_datasets.py
[2026-07-12T19:44:47.414+0000] {processor.py:830} INFO - Processing file /opt/airflow/dags/pipeline_datasets.py for tasks to queue
[2026-07-12T19:44:47.415+0000] {logging_mixin.py:188} INFO - [2026-07-12T19:44:47.415+0000] {dagbag.py:545} INFO - Filling up the DagBag from /opt/airflow/dags/pipeline_datasets.py
[2026-07-12T19:44:47.418+0000] {processor.py:842} WARNING - No viable dags retrieved from /opt/airflow/dags/pipeline_datasets.py
[2026-07-12T19:44:47.426+0000] {processor.py:183} INFO - Processing /opt/airflow/dags/pipeline_datasets.py took 0.016 seconds
[2026-07-12T19:45:17.782+0000] {processor.py:161} INFO - Started process (PID=39974) to work on /opt/airflow/dags/pipeline_datasets.py
[2026-07-12T19:45:17.783+0000] {processor.py:830} INFO - Processing file /opt/airflow/dags/pipeline_datasets.py for tasks to queue
[2026-07-12T19:45:17.784+0000] {logging_mixin.py:188} INFO - [2026-07-12T19:45:17.784+0000] {dagbag.py:545} INFO - Filling up the DagBag from /opt/airflow/dags/pipeline_datasets.py
[2026-07-12T19:45:17.786+0000] {processor.py:842} WARNING - No viable dags retrieved from /opt/airflow/dags/pipeline_datasets.py
[2026-07-12T19:45:17.793+0000] {processor.py:183} INFO - Processing /opt/airflow/dags/pipeline_datasets.py took 0.013 seconds
[2026-07-12T19:45:48.211+0000] {processor.py:161} INFO - Started process (PID=40011) to work on /opt/airflow/dags/pipeline_datasets.py
[2026-07-12T19:45:48.213+0000] {processor.py:830} INFO - Processing file /opt/airflow/dags/pipeline_datasets.py for tasks to queue
[2026-07-12T19:45:48.214+0000] {logging_mixin.py:188} INFO - [2026-07-12T19:45:48.214+0000] {dagbag.py:545} INFO - Filling up the DagBag from /opt/airflow/dags/pipeline_datasets.py
[2026-07-12T19:45:48.216+0000] {processor.py:842} WARNING - No viable dags retrieved from /opt/airflow/dags/pipeline_datasets.py
[2026-07-12T19:45:48.226+0000] {processor.py:183} INFO - Processing /opt/airflow/dags/pipeline_datasets.py took 0.023 seconds
[2026-07-12T19:46:18.615+0000] {processor.py:161} INFO - Started process (PID=40048) to work on /opt/airflow/dags/pipeline_datasets.py
[2026-07-12T19:46:18.616+0000] {processor.py:830} INFO - Processing file /opt/airflow/dags/pipeline_datasets.py for tasks to queue
[2026-07-12T19:46:18.617+0000] {logging_mixin.py:188} INFO - [2026-07-12T19:46:18.617+0000] {dagbag.py:545} INFO - Filling up the DagBag from /opt/airflow/dags/pipeline_datasets.py
[2026-07-12T19:46:18.622+0000] {processor.py:842} WARNING - No viable dags retrieved from /opt/airflow/dags/pipeline_datasets.py
[2026-07-12T19:46:18.636+0000] {processor.py:183} INFO - Processing /opt/airflow/dags/pipeline_datasets.py took 0.023 seconds
[2026-07-12T19:46:49.149+0000] {processor.py:161} INFO - Started process (PID=40085) to work on /opt/airflow/dags/pipeline_datasets.py
[2026-07-12T19:46:49.150+0000] {processor.py:830} INFO - Processing file /opt/airflow/dags/pipeline_datasets.py for tasks to queue
[2026-07-12T19:46:49.152+0000] {logging_mixin.py:188} INFO - [2026-07-12T19:46:49.151+0000] {dagbag.py:545} INFO - Filling up the DagBag from /opt/airflow/dags/pipeline_datasets.py
[2026-07-12T19:46:49.161+0000] {processor.py:842} WARNING - No viable dags retrieved from /opt/airflow/dags/pipeline_datasets.py
[2026-07-12T19:46:49.172+0000] {processor.py:183} INFO - Processing /opt/airflow/dags/pipeline_datasets.py took 0.026 seconds
[2026-07-12T19:47:19.629+0000] {processor.py:161} INFO - Started process (PID=40122) to work on /opt/airflow/dags/pipeline_datasets.py
[2026-07-12T19:47:19.630+0000] {processor.py:830} INFO - Processing file /opt/airflow/dags/pipeline_datasets.py for tasks to queue
[2026-07-12T19:47:19.631+0000] {logging_mixin.py:188} INFO - [2026-07-12T19:47:19.631+0000] {dagbag.py:545} INFO - Filling up the DagBag from /opt/airflow/dags/pipeline_datasets.py
[2026-07-12T19:47:19.635+0000] {processor.py:842} WARNING - No viable dags retrieved from /opt/airflow/dags/pipeline_datasets.py
[2026-07-12T19:47:19.646+0000] {processor.py:183} INFO - Processing /opt/airflow/dags/pipeline_datasets.py took 0.020 seconds
[2026-07-12T19:47:50.030+0000] {processor.py:161} INFO - Started process (PID=40159) to work on /opt/airflow/dags/pipeline_datasets.py
[2026-07-12T19:47:50.033+0000] {processor.py:830} INFO - Processing file /opt/airflow/dags/pipeline_datasets.py for tasks to queue
[2026-07-12T19:47:50.034+0000] {logging_mixin.py:188} INFO - [2026-07-12T19:47:50.033+0000] {dagbag.py:545} INFO - Filling up the DagBag from /opt/airflow/dags/pipeline_datasets.py
[2026-07-12T19:47:50.036+0000] {processor.py:842} WARNING - No viable dags retrieved from /opt/airflow/dags/pipeline_datasets.py
[2026-07-12T19:47:50.051+0000] {processor.py:183} INFO - Processing /opt/airflow/dags/pipeline_datasets.py took 0.036 seconds
[2026-07-12T19:48:20.435+0000] {processor.py:161} INFO - Started process (PID=40198) to work on /opt/airflow/dags/pipeline_datasets.py
[2026-07-12T19:48:20.436+0000] {processor.py:830} INFO - Processing file /opt/airflow/dags/pipeline_datasets.py for tasks to queue
[2026-07-12T19:48:20.437+0000] {logging_mixin.py:188} INFO - [2026-07-12T19:48:20.437+0000] {dagbag.py:545} INFO - Filling up the DagBag from /opt/airflow/dags/pipeline_datasets.py
[2026-07-12T19:48:20.440+0000] {processor.py:842} WARNING - No viable dags retrieved from /opt/airflow/dags/pipeline_datasets.py
[2026-07-12T19:48:20.448+0000] {processor.py:183} INFO - Processing /opt/airflow/dags/pipeline_datasets.py took 0.018 seconds
[2026-07-12T19:48:50.898+0000] {processor.py:161} INFO - Started process (PID=40235) to work on /opt/airflow/dags/pipeline_datasets.py
[2026-07-12T19:48:50.899+0000] {processor.py:830} INFO - Processing file /opt/airflow/dags/pipeline_datasets.py for tasks to queue
[2026-07-12T19:48:50.900+0000] {logging_mixin.py:188} INFO - [2026-07-12T19:48:50.900+0000] {dagbag.py:545} INFO - Filling up the DagBag from /opt/airflow/dags/pipeline_datasets.py
[2026-07-12T19:48:50.902+0000] {processor.py:842} WARNING - No viable dags retrieved from /opt/airflow/dags/pipeline_datasets.py
[2026-07-12T19:48:50.909+0000] {processor.py:183} INFO - Processing /opt/airflow/dags/pipeline_datasets.py took 0.015 seconds
[2026-07-12T19:49:21.394+0000] {processor.py:161} INFO - Started process (PID=40268) to work on /opt/airflow/dags/pipeline_datasets.py
[2026-07-12T19:49:21.395+0000] {processor.py:830} INFO - Processing file /opt/airflow/dags/pipeline_datasets.py for tasks to queue
[2026-07-12T19:49:21.396+0000] {logging_mixin.py:188} INFO - [2026-07-12T19:49:21.396+0000] {dagbag.py:545} INFO - Filling up the DagBag from /opt/airflow/dags/pipeline_datasets.py
[2026-07-12T19:49:21.399+0000] {processor.py:842} WARNING - No viable dags retrieved from /opt/airflow/dags/pipeline_datasets.py
[2026-07-12T19:49:21.409+0000] {processor.py:183} INFO - Processing /opt/airflow/dags/pipeline_datasets.py took 0.020 seconds
[2026-07-12T19:49:51.791+0000] {processor.py:161} INFO - Started process (PID=40307) to work on /opt/airflow/dags/pipeline_datasets.py
[2026-07-12T19:49:51.793+0000] {processor.py:830} INFO - Processing file /opt/airflow/dags/pipeline_datasets.py for tasks to queue
[2026-07-12T19:49:51.796+0000] {logging_mixin.py:188} INFO - [2026-07-12T19:49:51.795+0000] {dagbag.py:545} INFO - Filling up the DagBag from /opt/airflow/dags/pipeline_datasets.py
[2026-07-12T19:49:51.798+0000] {processor.py:842} WARNING - No viable dags retrieved from /opt/airflow/dags/pipeline_datasets.py
[2026-07-12T19:49:51.812+0000] {processor.py:183} INFO - Processing /opt/airflow/dags/pipeline_datasets.py took 0.028 seconds
[2026-07-12T19:50:22.038+0000] {processor.py:161} INFO - Started process (PID=40344) to work on /opt/airflow/dags/pipeline_datasets.py
[2026-07-12T19:50:22.040+0000] {processor.py:830} INFO - Processing file /opt/airflow/dags/pipeline_datasets.py for tasks to queue
[2026-07-12T19:50:22.043+0000] {logging_mixin.py:188} INFO - [2026-07-12T19:50:22.042+0000] {dagbag.py:545} INFO - Filling up the DagBag from /opt/airflow/dags/pipeline_datasets.py
[2026-07-12T19:50:22.045+0000] {processor.py:842} WARNING - No viable dags retrieved from /opt/airflow/dags/pipeline_datasets.py
[2026-07-12T19:50:22.054+0000] {processor.py:183} INFO - Processing /opt/airflow/dags/pipeline_datasets.py took 0.020 seconds
[2026-07-12T19:50:52.274+0000] {processor.py:161} INFO - Started process (PID=40381) to work on /opt/airflow/dags/pipeline_datasets.py
[2026-07-12T19:50:52.275+0000] {processor.py:830} INFO - Processing file /opt/airflow/dags/pipeline_datasets.py for tasks to queue
[2026-07-12T19:50:52.276+0000] {logging_mixin.py:188} INFO - [2026-07-12T19:50:52.276+0000] {dagbag.py:545} INFO - Filling up the DagBag from /opt/airflow/dags/pipeline_datasets.py
[2026-07-12T19:50:52.281+0000] {processor.py:842} WARNING - No viable dags retrieved from /opt/airflow/dags/pipeline_datasets.py
[2026-07-12T19:50:52.293+0000] {processor.py:183} INFO - Processing /opt/airflow/dags/pipeline_datasets.py took 0.024 seconds
[2026-07-12T19:51:23.003+0000] {processor.py:161} INFO - Started process (PID=40418) to work on /opt/airflow/dags/pipeline_datasets.py
[2026-07-12T19:51:23.004+0000] {processor.py:830} INFO - Processing file /opt/airflow/dags/pipeline_datasets.py for tasks to queue
[2026-07-12T19:51:23.005+0000] {logging_mixin.py:188} INFO - [2026-07-12T19:51:23.005+0000] {dagbag.py:545} INFO - Filling up the DagBag from /opt/airflow/dags/pipeline_datasets.py
[2026-07-12T19:51:23.009+0000] {processor.py:842} WARNING - No viable dags retrieved from /opt/airflow/dags/pipeline_datasets.py
[2026-07-12T19:51:23.019+0000] {processor.py:183} INFO - Processing /opt/airflow/dags/pipeline_datasets.py took 0.020 seconds
[2026-07-12T19:51:53.685+0000] {processor.py:161} INFO - Started process (PID=40455) to work on /opt/airflow/dags/pipeline_datasets.py
[2026-07-12T19:51:53.686+0000] {processor.py:830} INFO - Processing file /opt/airflow/dags/pipeline_datasets.py for tasks to queue
[2026-07-12T19:51:53.688+0000] {logging_mixin.py:188} INFO - [2026-07-12T19:51:53.688+0000] {dagbag.py:545} INFO - Filling up the DagBag from /opt/airflow/dags/pipeline_datasets.py
[2026-07-12T19:51:53.692+0000] {processor.py:842} WARNING - No viable dags retrieved from /opt/airflow/dags/pipeline_datasets.py
[2026-07-12T19:51:53.709+0000] {processor.py:183} INFO - Processing /opt/airflow/dags/pipeline_datasets.py took 0.027 seconds
[2026-07-12T19:52:24.291+0000] {processor.py:161} INFO - Started process (PID=40492) to work on /opt/airflow/dags/pipeline_datasets.py
[2026-07-12T19:52:24.293+0000] {processor.py:830} INFO - Processing file /opt/airflow/dags/pipeline_datasets.py for tasks to queue
[2026-07-12T19:52:24.295+0000] {logging_mixin.py:188} INFO - [2026-07-12T19:52:24.295+0000] {dagbag.py:545} INFO - Filling up the DagBag from /opt/airflow/dags/pipeline_datasets.py
[2026-07-12T19:52:24.299+0000] {processor.py:842} WARNING - No viable dags retrieved from /opt/airflow/dags/pipeline_datasets.py
[2026-07-12T19:52:24.314+0000] {processor.py:183} INFO - Processing /opt/airflow/dags/pipeline_datasets.py took 0.033 seconds
[2026-07-12T19:52:54.856+0000] {processor.py:161} INFO - Started process (PID=40529) to work on /opt/airflow/dags/pipeline_datasets.py
[2026-07-12T19:52:54.857+0000] {processor.py:830} INFO - Processing file /opt/airflow/dags/pipeline_datasets.py for tasks to queue
[2026-07-12T19:52:54.858+0000] {logging_mixin.py:188} INFO - [2026-07-12T19:52:54.858+0000] {dagbag.py:545} INFO - Filling up the DagBag from /opt/airflow/dags/pipeline_datasets.py
[2026-07-12T19:52:54.861+0000] {processor.py:842} WARNING - No viable dags retrieved from /opt/airflow/dags/pipeline_datasets.py
[2026-07-12T19:52:54.873+0000] {processor.py:183} INFO - Processing /opt/airflow/dags/pipeline_datasets.py took 0.023 seconds
[2026-07-12T19:53:26.071+0000] {processor.py:161} INFO - Started process (PID=40566) to work on /opt/airflow/dags/pipeline_datasets.py
[2026-07-12T19:53:26.072+0000] {processor.py:830} INFO - Processing file /opt/airflow/dags/pipeline_datasets.py for tasks to queue
[2026-07-12T19:53:26.074+0000] {logging_mixin.py:188} INFO - [2026-07-12T19:53:26.074+0000] {dagbag.py:545} INFO - Filling up the DagBag from /opt/airflow/dags/pipeline_datasets.py
[2026-07-12T19:53:26.076+0000] {processor.py:842} WARNING - No viable dags retrieved from /opt/airflow/dags/pipeline_datasets.py
[2026-07-12T19:53:26.085+0000] {processor.py:183} INFO - Processing /opt/airflow/dags/pipeline_datasets.py took 0.018 seconds
[2026-07-12T19:53:57.535+0000] {processor.py:161} INFO - Started process (PID=40603) to work on /opt/airflow/dags/pipeline_datasets.py
[2026-07-12T19:53:57.538+0000] {processor.py:830} INFO - Processing file /opt/airflow/dags/pipeline_datasets.py for tasks to queue
[2026-07-12T19:53:57.547+0000] {logging_mixin.py:188} INFO - [2026-07-12T19:53:57.546+0000] {dagbag.py:545} INFO - Filling up the DagBag from /opt/airflow/dags/pipeline_datasets.py
[2026-07-12T19:53:57.568+0000] {processor.py:842} WARNING - No viable dags retrieved from /opt/airflow/dags/pipeline_datasets.py
[2026-07-12T19:53:57.612+0000] {processor.py:183} INFO - Processing /opt/airflow/dags/pipeline_datasets.py took 0.099 seconds
[2026-07-12T19:54:28.185+0000] {processor.py:161} INFO - Started process (PID=40640) to work on /opt/airflow/dags/pipeline_datasets.py
[2026-07-12T19:54:28.188+0000] {processor.py:830} INFO - Processing file /opt/airflow/dags/pipeline_datasets.py for tasks to queue
[2026-07-12T19:54:28.197+0000] {logging_mixin.py:188} INFO - [2026-07-12T19:54:28.196+0000] {dagbag.py:545} INFO - Filling up the DagBag from /opt/airflow/dags/pipeline_datasets.py
[2026-07-12T19:54:28.201+0000] {processor.py:842} WARNING - No viable dags retrieved from /opt/airflow/dags/pipeline_datasets.py
[2026-07-12T19:54:28.219+0000] {processor.py:183} INFO - Processing /opt/airflow/dags/pipeline_datasets.py took 0.055 seconds
[2026-07-12T19:54:58.353+0000] {processor.py:161} INFO - Started process (PID=40705) to work on /opt/airflow/dags/pipeline_datasets.py
[2026-07-12T19:54:58.356+0000] {processor.py:830} INFO - Processing file /opt/airflow/dags/pipeline_datasets.py for tasks to queue
[2026-07-12T19:54:58.361+0000] {logging_mixin.py:188} INFO - [2026-07-12T19:54:58.360+0000] {dagbag.py:545} INFO - Filling up the DagBag from /opt/airflow/dags/pipeline_datasets.py
[2026-07-12T19:54:58.366+0000] {processor.py:842} WARNING - No viable dags retrieved from /opt/airflow/dags/pipeline_datasets.py
[2026-07-12T19:54:58.390+0000] {processor.py:183} INFO - Processing /opt/airflow/dags/pipeline_datasets.py took 0.044 seconds
[2026-07-12T19:55:28.950+0000] {processor.py:161} INFO - Started process (PID=40744) to work on /opt/airflow/dags/pipeline_datasets.py
[2026-07-12T19:55:28.951+0000] {processor.py:830} INFO - Processing file /opt/airflow/dags/pipeline_datasets.py for tasks to queue
[2026-07-12T19:55:28.952+0000] {logging_mixin.py:188} INFO - [2026-07-12T19:55:28.952+0000] {dagbag.py:545} INFO - Filling up the DagBag from /opt/airflow/dags/pipeline_datasets.py
[2026-07-12T19:55:28.956+0000] {processor.py:842} WARNING - No viable dags retrieved from /opt/airflow/dags/pipeline_datasets.py
[2026-07-12T19:55:28.965+0000] {processor.py:183} INFO - Processing /opt/airflow/dags/pipeline_datasets.py took 0.020 seconds
[2026-07-12T19:55:59.209+0000] {processor.py:161} INFO - Started process (PID=40781) to work on /opt/airflow/dags/pipeline_datasets.py
[2026-07-12T19:55:59.210+0000] {processor.py:830} INFO - Processing file /opt/airflow/dags/pipeline_datasets.py for tasks to queue
[2026-07-12T19:55:59.211+0000] {logging_mixin.py:188} INFO - [2026-07-12T19:55:59.211+0000] {dagbag.py:545} INFO - Filling up the DagBag from /opt/airflow/dags/pipeline_datasets.py
[2026-07-12T19:55:59.213+0000] {processor.py:842} WARNING - No viable dags retrieved from /opt/airflow/dags/pipeline_datasets.py
[2026-07-12T19:55:59.221+0000] {processor.py:183} INFO - Processing /opt/airflow/dags/pipeline_datasets.py took 0.016 seconds
[2026-07-12T19:56:29.371+0000] {processor.py:161} INFO - Started process (PID=40818) to work on /opt/airflow/dags/pipeline_datasets.py
[2026-07-12T19:56:29.372+0000] {processor.py:830} INFO - Processing file /opt/airflow/dags/pipeline_datasets.py for tasks to queue
[2026-07-12T19:56:29.373+0000] {logging_mixin.py:188} INFO - [2026-07-12T19:56:29.373+0000] {dagbag.py:545} INFO - Filling up the DagBag from /opt/airflow/dags/pipeline_datasets.py
[2026-07-12T19:56:29.375+0000] {processor.py:842} WARNING - No viable dags retrieved from /opt/airflow/dags/pipeline_datasets.py
[2026-07-12T19:56:29.384+0000] {processor.py:183} INFO - Processing /opt/airflow/dags/pipeline_datasets.py took 0.018 seconds
[2026-07-12T19:57:00.231+0000] {processor.py:161} INFO - Started process (PID=40887) to work on /opt/airflow/dags/pipeline_datasets.py
[2026-07-12T19:57:00.233+0000] {processor.py:830} INFO - Processing file /opt/airflow/dags/pipeline_datasets.py for tasks to queue
[2026-07-12T19:57:00.242+0000] {logging_mixin.py:188} INFO - [2026-07-12T19:57:00.241+0000] {dagbag.py:545} INFO - Filling up the DagBag from /opt/airflow/dags/pipeline_datasets.py
[2026-07-12T19:57:00.273+0000] {processor.py:842} WARNING - No viable dags retrieved from /opt/airflow/dags/pipeline_datasets.py
[2026-07-12T19:57:00.299+0000] {processor.py:183} INFO - Processing /opt/airflow/dags/pipeline_datasets.py took 0.078 seconds
[2026-07-12T19:57:30.391+0000] {processor.py:161} INFO - Started process (PID=40997) to work on /opt/airflow/dags/pipeline_datasets.py
[2026-07-12T19:57:30.391+0000] {processor.py:830} INFO - Processing file /opt/airflow/dags/pipeline_datasets.py for tasks to queue
[2026-07-12T19:57:30.392+0000] {logging_mixin.py:188} INFO - [2026-07-12T19:57:30.392+0000] {dagbag.py:545} INFO - Filling up the DagBag from /opt/airflow/dags/pipeline_datasets.py
[2026-07-12T19:57:30.394+0000] {processor.py:842} WARNING - No viable dags retrieved from /opt/airflow/dags/pipeline_datasets.py
[2026-07-12T19:57:30.409+0000] {processor.py:183} INFO - Processing /opt/airflow/dags/pipeline_datasets.py took 0.021 seconds
[2026-07-12T19:58:00.662+0000] {processor.py:161} INFO - Started process (PID=41034) to work on /opt/airflow/dags/pipeline_datasets.py
[2026-07-12T19:58:00.663+0000] {processor.py:830} INFO - Processing file /opt/airflow/dags/pipeline_datasets.py for tasks to queue
[2026-07-12T19:58:00.664+0000] {logging_mixin.py:188} INFO - [2026-07-12T19:58:00.664+0000] {dagbag.py:545} INFO - Filling up the DagBag from /opt/airflow/dags/pipeline_datasets.py
[2026-07-12T19:58:00.666+0000] {processor.py:842} WARNING - No viable dags retrieved from /opt/airflow/dags/pipeline_datasets.py
[2026-07-12T19:58:00.672+0000] {processor.py:183} INFO - Processing /opt/airflow/dags/pipeline_datasets.py took 0.018 seconds
[2026-07-12T19:58:31.753+0000] {processor.py:161} INFO - Started process (PID=41071) to work on /opt/airflow/dags/pipeline_datasets.py
[2026-07-12T19:58:31.755+0000] {processor.py:830} INFO - Processing file /opt/airflow/dags/pipeline_datasets.py for tasks to queue
[2026-07-12T19:58:31.755+0000] {logging_mixin.py:188} INFO - [2026-07-12T19:58:31.755+0000] {dagbag.py:545} INFO - Filling up the DagBag from /opt/airflow/dags/pipeline_datasets.py
[2026-07-12T19:58:31.758+0000] {processor.py:842} WARNING - No viable dags retrieved from /opt/airflow/dags/pipeline_datasets.py
[2026-07-12T19:58:31.766+0000] {processor.py:183} INFO - Processing /opt/airflow/dags/pipeline_datasets.py took 0.016 seconds
[2026-07-12T19:59:01.950+0000] {processor.py:161} INFO - Started process (PID=41108) to work on /opt/airflow/dags/pipeline_datasets.py
[2026-07-12T19:59:01.951+0000] {processor.py:830} INFO - Processing file /opt/airflow/dags/pipeline_datasets.py for tasks to queue
[2026-07-12T19:59:01.952+0000] {logging_mixin.py:188} INFO - [2026-07-12T19:59:01.952+0000] {dagbag.py:545} INFO - Filling up the DagBag from /opt/airflow/dags/pipeline_datasets.py
[2026-07-12T19:59:01.955+0000] {processor.py:842} WARNING - No viable dags retrieved from /opt/airflow/dags/pipeline_datasets.py
[2026-07-12T19:59:01.963+0000] {processor.py:183} INFO - Processing /opt/airflow/dags/pipeline_datasets.py took 0.020 seconds
[2026-07-12T19:59:32.380+0000] {processor.py:161} INFO - Started process (PID=41210) to work on /opt/airflow/dags/pipeline_datasets.py
[2026-07-12T19:59:32.381+0000] {processor.py:830} INFO - Processing file /opt/airflow/dags/pipeline_datasets.py for tasks to queue
[2026-07-12T19:59:32.382+0000] {logging_mixin.py:188} INFO - [2026-07-12T19:59:32.382+0000] {dagbag.py:545} INFO - Filling up the DagBag from /opt/airflow/dags/pipeline_datasets.py
[2026-07-12T19:59:32.384+0000] {processor.py:842} WARNING - No viable dags retrieved from /opt/airflow/dags/pipeline_datasets.py
[2026-07-12T19:59:32.392+0000] {processor.py:183} INFO - Processing /opt/airflow/dags/pipeline_datasets.py took 0.016 seconds
[2026-07-12T20:00:02.611+0000] {processor.py:161} INFO - Started process (PID=41301) to work on /opt/airflow/dags/pipeline_datasets.py
[2026-07-12T20:00:02.612+0000] {processor.py:830} INFO - Processing file /opt/airflow/dags/pipeline_datasets.py for tasks to queue
[2026-07-12T20:00:02.613+0000] {logging_mixin.py:188} INFO - [2026-07-12T20:00:02.613+0000] {dagbag.py:545} INFO - Filling up the DagBag from /opt/airflow/dags/pipeline_datasets.py
[2026-07-12T20:00:02.617+0000] {processor.py:842} WARNING - No viable dags retrieved from /opt/airflow/dags/pipeline_datasets.py
[2026-07-12T20:00:02.628+0000] {processor.py:183} INFO - Processing /opt/airflow/dags/pipeline_datasets.py took 0.021 seconds
[2026-07-12T20:00:33.009+0000] {processor.py:161} INFO - Started process (PID=41892) to work on /opt/airflow/dags/pipeline_datasets.py
[2026-07-12T20:00:33.010+0000] {processor.py:830} INFO - Processing file /opt/airflow/dags/pipeline_datasets.py for tasks to queue
[2026-07-12T20:00:33.011+0000] {logging_mixin.py:188} INFO - [2026-07-12T20:00:33.010+0000] {dagbag.py:545} INFO - Filling up the DagBag from /opt/airflow/dags/pipeline_datasets.py
[2026-07-12T20:00:33.012+0000] {processor.py:842} WARNING - No viable dags retrieved from /opt/airflow/dags/pipeline_datasets.py
[2026-07-12T20:00:33.020+0000] {processor.py:183} INFO - Processing /opt/airflow/dags/pipeline_datasets.py took 0.015 seconds
[2026-07-12T20:01:03.739+0000] {processor.py:161} INFO - Started process (PID=41929) to work on /opt/airflow/dags/pipeline_datasets.py
[2026-07-12T20:01:03.739+0000] {processor.py:830} INFO - Processing file /opt/airflow/dags/pipeline_datasets.py for tasks to queue
[2026-07-12T20:01:03.740+0000] {logging_mixin.py:188} INFO - [2026-07-12T20:01:03.740+0000] {dagbag.py:545} INFO - Filling up the DagBag from /opt/airflow/dags/pipeline_datasets.py
[2026-07-12T20:01:03.742+0000] {processor.py:842} WARNING - No viable dags retrieved from /opt/airflow/dags/pipeline_datasets.py
[2026-07-12T20:01:03.750+0000] {processor.py:183} INFO - Processing /opt/airflow/dags/pipeline_datasets.py took 0.014 seconds
[2026-07-12T20:01:34.122+0000] {processor.py:161} INFO - Started process (PID=41964) to work on /opt/airflow/dags/pipeline_datasets.py
[2026-07-12T20:01:34.124+0000] {processor.py:830} INFO - Processing file /opt/airflow/dags/pipeline_datasets.py for tasks to queue
[2026-07-12T20:01:34.125+0000] {logging_mixin.py:188} INFO - [2026-07-12T20:01:34.125+0000] {dagbag.py:545} INFO - Filling up the DagBag from /opt/airflow/dags/pipeline_datasets.py
[2026-07-12T20:01:34.131+0000] {processor.py:842} WARNING - No viable dags retrieved from /opt/airflow/dags/pipeline_datasets.py
[2026-07-12T20:01:34.145+0000] {processor.py:183} INFO - Processing /opt/airflow/dags/pipeline_datasets.py took 0.030 seconds
[2026-07-12T20:02:04.437+0000] {processor.py:161} INFO - Started process (PID=42001) to work on /opt/airflow/dags/pipeline_datasets.py
[2026-07-12T20:02:04.439+0000] {processor.py:830} INFO - Processing file /opt/airflow/dags/pipeline_datasets.py for tasks to queue
[2026-07-12T20:02:04.440+0000] {logging_mixin.py:188} INFO - [2026-07-12T20:02:04.440+0000] {dagbag.py:545} INFO - Filling up the DagBag from /opt/airflow/dags/pipeline_datasets.py
[2026-07-12T20:02:04.444+0000] {processor.py:842} WARNING - No viable dags retrieved from /opt/airflow/dags/pipeline_datasets.py
[2026-07-12T20:02:04.455+0000] {processor.py:183} INFO - Processing /opt/airflow/dags/pipeline_datasets.py took 0.023 seconds
[2026-07-12T20:02:34.746+0000] {processor.py:161} INFO - Started process (PID=42038) to work on /opt/airflow/dags/pipeline_datasets.py
[2026-07-12T20:02:34.747+0000] {processor.py:830} INFO - Processing file /opt/airflow/dags/pipeline_datasets.py for tasks to queue
[2026-07-12T20:02:34.748+0000] {logging_mixin.py:188} INFO - [2026-07-12T20:02:34.748+0000] {dagbag.py:545} INFO - Filling up the DagBag from /opt/airflow/dags/pipeline_datasets.py
[2026-07-12T20:02:34.752+0000] {processor.py:842} WARNING - No viable dags retrieved from /opt/airflow/dags/pipeline_datasets.py
[2026-07-12T20:02:34.763+0000] {processor.py:183} INFO - Processing /opt/airflow/dags/pipeline_datasets.py took 0.026 seconds
[2026-07-12T20:03:05.059+0000] {processor.py:161} INFO - Started process (PID=42075) to work on /opt/airflow/dags/pipeline_datasets.py
[2026-07-12T20:03:05.060+0000] {processor.py:830} INFO - Processing file /opt/airflow/dags/pipeline_datasets.py for tasks to queue
[2026-07-12T20:03:05.062+0000] {logging_mixin.py:188} INFO - [2026-07-12T20:03:05.062+0000] {dagbag.py:545} INFO - Filling up the DagBag from /opt/airflow/dags/pipeline_datasets.py
[2026-07-12T20:03:05.065+0000] {processor.py:842} WARNING - No viable dags retrieved from /opt/airflow/dags/pipeline_datasets.py
[2026-07-12T20:03:05.074+0000] {processor.py:183} INFO - Processing /opt/airflow/dags/pipeline_datasets.py took 0.019 seconds
[2026-07-12T20:03:35.570+0000] {processor.py:161} INFO - Started process (PID=42112) to work on /opt/airflow/dags/pipeline_datasets.py
[2026-07-12T20:03:35.571+0000] {processor.py:830} INFO - Processing file /opt/airflow/dags/pipeline_datasets.py for tasks to queue
[2026-07-12T20:03:35.572+0000] {logging_mixin.py:188} INFO - [2026-07-12T20:03:35.571+0000] {dagbag.py:545} INFO - Filling up the DagBag from /opt/airflow/dags/pipeline_datasets.py
[2026-07-12T20:03:35.575+0000] {processor.py:842} WARNING - No viable dags retrieved from /opt/airflow/dags/pipeline_datasets.py
[2026-07-12T20:03:35.597+0000] {processor.py:183} INFO - Processing /opt/airflow/dags/pipeline_datasets.py took 0.031 seconds
[2026-07-12T20:04:05.724+0000] {processor.py:161} INFO - Started process (PID=42149) to work on /opt/airflow/dags/pipeline_datasets.py
[2026-07-12T20:04:05.725+0000] {processor.py:830} INFO - Processing file /opt/airflow/dags/pipeline_datasets.py for tasks to queue
[2026-07-12T20:04:05.726+0000] {logging_mixin.py:188} INFO - [2026-07-12T20:04:05.726+0000] {dagbag.py:545} INFO - Filling up the DagBag from /opt/airflow/dags/pipeline_datasets.py
[2026-07-12T20:04:05.731+0000] {processor.py:842} WARNING - No viable dags retrieved from /opt/airflow/dags/pipeline_datasets.py
[2026-07-12T20:04:05.741+0000] {processor.py:183} INFO - Processing /opt/airflow/dags/pipeline_datasets.py took 0.021 seconds
[2026-07-12T20:04:35.959+0000] {processor.py:161} INFO - Started process (PID=42186) to work on /opt/airflow/dags/pipeline_datasets.py
[2026-07-12T20:04:35.960+0000] {processor.py:830} INFO - Processing file /opt/airflow/dags/pipeline_datasets.py for tasks to queue
[2026-07-12T20:04:35.961+0000] {logging_mixin.py:188} INFO - [2026-07-12T20:04:35.961+0000] {dagbag.py:545} INFO - Filling up the DagBag from /opt/airflow/dags/pipeline_datasets.py
[2026-07-12T20:04:35.966+0000] {processor.py:842} WARNING - No viable dags retrieved from /opt/airflow/dags/pipeline_datasets.py
[2026-07-12T20:04:35.975+0000] {processor.py:183} INFO - Processing /opt/airflow/dags/pipeline_datasets.py took 0.019 seconds
[2026-07-12T20:05:06.302+0000] {processor.py:161} INFO - Started process (PID=42223) to work on /opt/airflow/dags/pipeline_datasets.py
[2026-07-12T20:05:06.303+0000] {processor.py:830} INFO - Processing file /opt/airflow/dags/pipeline_datasets.py for tasks to queue
[2026-07-12T20:05:06.305+0000] {logging_mixin.py:188} INFO - [2026-07-12T20:05:06.305+0000] {dagbag.py:545} INFO - Filling up the DagBag from /opt/airflow/dags/pipeline_datasets.py
[2026-07-12T20:05:06.308+0000] {processor.py:842} WARNING - No viable dags retrieved from /opt/airflow/dags/pipeline_datasets.py
[2026-07-12T20:05:06.319+0000] {processor.py:183} INFO - Processing /opt/airflow/dags/pipeline_datasets.py took 0.022 seconds
[2026-07-12T20:05:37.576+0000] {processor.py:161} INFO - Started process (PID=42260) to work on /opt/airflow/dags/pipeline_datasets.py
[2026-07-12T20:05:37.577+0000] {processor.py:830} INFO - Processing file /opt/airflow/dags/pipeline_datasets.py for tasks to queue
[2026-07-12T20:05:37.578+0000] {logging_mixin.py:188} INFO - [2026-07-12T20:05:37.578+0000] {dagbag.py:545} INFO - Filling up the DagBag from /opt/airflow/dags/pipeline_datasets.py
[2026-07-12T20:05:37.580+0000] {processor.py:842} WARNING - No viable dags retrieved from /opt/airflow/dags/pipeline_datasets.py
[2026-07-12T20:05:37.589+0000] {processor.py:183} INFO - Processing /opt/airflow/dags/pipeline_datasets.py took 0.016 seconds
[2026-07-12T20:06:08.130+0000] {processor.py:161} INFO - Started process (PID=42294) to work on /opt/airflow/dags/pipeline_datasets.py
[2026-07-12T20:06:08.132+0000] {processor.py:830} INFO - Processing file /opt/airflow/dags/pipeline_datasets.py for tasks to queue
[2026-07-12T20:06:08.139+0000] {logging_mixin.py:188} INFO - [2026-07-12T20:06:08.138+0000] {dagbag.py:545} INFO - Filling up the DagBag from /opt/airflow/dags/pipeline_datasets.py
[2026-07-12T20:06:08.143+0000] {processor.py:842} WARNING - No viable dags retrieved from /opt/airflow/dags/pipeline_datasets.py
[2026-07-12T20:06:08.159+0000] {processor.py:183} INFO - Processing /opt/airflow/dags/pipeline_datasets.py took 0.035 seconds
[2026-07-12T20:06:38.703+0000] {processor.py:161} INFO - Started process (PID=42334) to work on /opt/airflow/dags/pipeline_datasets.py
[2026-07-12T20:06:38.705+0000] {processor.py:830} INFO - Processing file /opt/airflow/dags/pipeline_datasets.py for tasks to queue
[2026-07-12T20:06:38.710+0000] {logging_mixin.py:188} INFO - [2026-07-12T20:06:38.709+0000] {dagbag.py:545} INFO - Filling up the DagBag from /opt/airflow/dags/pipeline_datasets.py
[2026-07-12T20:06:38.713+0000] {processor.py:842} WARNING - No viable dags retrieved from /opt/airflow/dags/pipeline_datasets.py
[2026-07-12T20:06:38.728+0000] {processor.py:183} INFO - Processing /opt/airflow/dags/pipeline_datasets.py took 0.028 seconds
[2026-07-12T20:07:08.997+0000] {processor.py:161} INFO - Started process (PID=42371) to work on /opt/airflow/dags/pipeline_datasets.py
[2026-07-12T20:07:08.999+0000] {processor.py:830} INFO - Processing file /opt/airflow/dags/pipeline_datasets.py for tasks to queue
[2026-07-12T20:07:09.001+0000] {logging_mixin.py:188} INFO - [2026-07-12T20:07:09.001+0000] {dagbag.py:545} INFO - Filling up the DagBag from /opt/airflow/dags/pipeline_datasets.py
[2026-07-12T20:07:09.003+0000] {processor.py:842} WARNING - No viable dags retrieved from /opt/airflow/dags/pipeline_datasets.py
[2026-07-12T20:07:09.016+0000] {processor.py:183} INFO - Processing /opt/airflow/dags/pipeline_datasets.py took 0.026 seconds
[2026-07-12T20:07:39.207+0000] {processor.py:161} INFO - Started process (PID=42410) to work on /opt/airflow/dags/pipeline_datasets.py
[2026-07-12T20:07:39.207+0000] {processor.py:830} INFO - Processing file /opt/airflow/dags/pipeline_datasets.py for tasks to queue
[2026-07-12T20:07:39.208+0000] {logging_mixin.py:188} INFO - [2026-07-12T20:07:39.208+0000] {dagbag.py:545} INFO - Filling up the DagBag from /opt/airflow/dags/pipeline_datasets.py
[2026-07-12T20:07:39.211+0000] {processor.py:842} WARNING - No viable dags retrieved from /opt/airflow/dags/pipeline_datasets.py
[2026-07-12T20:07:39.217+0000] {processor.py:183} INFO - Processing /opt/airflow/dags/pipeline_datasets.py took 0.014 seconds
[2026-07-12T20:08:09.751+0000] {processor.py:161} INFO - Started process (PID=42445) to work on /opt/airflow/dags/pipeline_datasets.py
[2026-07-12T20:08:09.752+0000] {processor.py:830} INFO - Processing file /opt/airflow/dags/pipeline_datasets.py for tasks to queue
[2026-07-12T20:08:09.753+0000] {logging_mixin.py:188} INFO - [2026-07-12T20:08:09.753+0000] {dagbag.py:545} INFO - Filling up the DagBag from /opt/airflow/dags/pipeline_datasets.py
[2026-07-12T20:08:09.758+0000] {processor.py:842} WARNING - No viable dags retrieved from /opt/airflow/dags/pipeline_datasets.py
[2026-07-12T20:08:09.765+0000] {processor.py:183} INFO - Processing /opt/airflow/dags/pipeline_datasets.py took 0.016 seconds
[2026-07-12T20:08:39.956+0000] {processor.py:161} INFO - Started process (PID=42482) to work on /opt/airflow/dags/pipeline_datasets.py
[2026-07-12T20:08:39.956+0000] {processor.py:830} INFO - Processing file /opt/airflow/dags/pipeline_datasets.py for tasks to queue
[2026-07-12T20:08:39.957+0000] {logging_mixin.py:188} INFO - [2026-07-12T20:08:39.957+0000] {dagbag.py:545} INFO - Filling up the DagBag from /opt/airflow/dags/pipeline_datasets.py
[2026-07-12T20:08:39.960+0000] {processor.py:842} WARNING - No viable dags retrieved from /opt/airflow/dags/pipeline_datasets.py
[2026-07-12T20:08:39.965+0000] {processor.py:183} INFO - Processing /opt/airflow/dags/pipeline_datasets.py took 0.013 seconds
[2026-07-12T20:09:10.238+0000] {processor.py:161} INFO - Started process (PID=42519) to work on /opt/airflow/dags/pipeline_datasets.py
[2026-07-12T20:09:10.238+0000] {processor.py:830} INFO - Processing file /opt/airflow/dags/pipeline_datasets.py for tasks to queue
[2026-07-12T20:09:10.240+0000] {logging_mixin.py:188} INFO - [2026-07-12T20:09:10.240+0000] {dagbag.py:545} INFO - Filling up the DagBag from /opt/airflow/dags/pipeline_datasets.py
[2026-07-12T20:09:10.242+0000] {processor.py:842} WARNING - No viable dags retrieved from /opt/airflow/dags/pipeline_datasets.py
[2026-07-12T20:09:10.253+0000] {processor.py:183} INFO - Processing /opt/airflow/dags/pipeline_datasets.py took 0.019 seconds
[2026-07-12T20:09:40.395+0000] {processor.py:161} INFO - Started process (PID=42553) to work on /opt/airflow/dags/pipeline_datasets.py
[2026-07-12T20:09:40.395+0000] {processor.py:830} INFO - Processing file /opt/airflow/dags/pipeline_datasets.py for tasks to queue
[2026-07-12T20:09:40.396+0000] {logging_mixin.py:188} INFO - [2026-07-12T20:09:40.396+0000] {dagbag.py:545} INFO - Filling up the DagBag from /opt/airflow/dags/pipeline_datasets.py
[2026-07-12T20:09:40.399+0000] {processor.py:842} WARNING - No viable dags retrieved from /opt/airflow/dags/pipeline_datasets.py
[2026-07-12T20:09:40.405+0000] {processor.py:183} INFO - Processing /opt/airflow/dags/pipeline_datasets.py took 0.014 seconds
[2026-07-12T20:10:10.544+0000] {processor.py:161} INFO - Started process (PID=42593) to work on /opt/airflow/dags/pipeline_datasets.py
[2026-07-12T20:10:10.545+0000] {processor.py:830} INFO - Processing file /opt/airflow/dags/pipeline_datasets.py for tasks to queue
[2026-07-12T20:10:10.547+0000] {logging_mixin.py:188} INFO - [2026-07-12T20:10:10.546+0000] {dagbag.py:545} INFO - Filling up the DagBag from /opt/airflow/dags/pipeline_datasets.py
[2026-07-12T20:10:10.552+0000] {processor.py:842} WARNING - No viable dags retrieved from /opt/airflow/dags/pipeline_datasets.py
[2026-07-12T20:10:10.568+0000] {processor.py:183} INFO - Processing /opt/airflow/dags/pipeline_datasets.py took 0.027 seconds
[2026-07-12T20:10:41.812+0000] {processor.py:161} INFO - Started process (PID=42630) to work on /opt/airflow/dags/pipeline_datasets.py
[2026-07-12T20:10:41.812+0000] {processor.py:830} INFO - Processing file /opt/airflow/dags/pipeline_datasets.py for tasks to queue
[2026-07-12T20:10:41.813+0000] {logging_mixin.py:188} INFO - [2026-07-12T20:10:41.813+0000] {dagbag.py:545} INFO - Filling up the DagBag from /opt/airflow/dags/pipeline_datasets.py
[2026-07-12T20:10:41.815+0000] {processor.py:842} WARNING - No viable dags retrieved from /opt/airflow/dags/pipeline_datasets.py
[2026-07-12T20:10:41.821+0000] {processor.py:183} INFO - Processing /opt/airflow/dags/pipeline_datasets.py took 0.013 seconds
[2026-07-12T20:11:13.008+0000] {processor.py:161} INFO - Started process (PID=42667) to work on /opt/airflow/dags/pipeline_datasets.py
[2026-07-12T20:11:13.008+0000] {processor.py:830} INFO - Processing file /opt/airflow/dags/pipeline_datasets.py for tasks to queue
[2026-07-12T20:11:13.010+0000] {logging_mixin.py:188} INFO - [2026-07-12T20:11:13.010+0000] {dagbag.py:545} INFO - Filling up the DagBag from /opt/airflow/dags/pipeline_datasets.py
[2026-07-12T20:11:13.014+0000] {processor.py:842} WARNING - No viable dags retrieved from /opt/airflow/dags/pipeline_datasets.py
[2026-07-12T20:11:13.025+0000] {processor.py:183} INFO - Processing /opt/airflow/dags/pipeline_datasets.py took 0.020 seconds
[2026-07-12T20:11:44.160+0000] {processor.py:161} INFO - Started process (PID=42704) to work on /opt/airflow/dags/pipeline_datasets.py
[2026-07-12T20:11:44.160+0000] {processor.py:830} INFO - Processing file /opt/airflow/dags/pipeline_datasets.py for tasks to queue
[2026-07-12T20:11:44.162+0000] {logging_mixin.py:188} INFO - [2026-07-12T20:11:44.162+0000] {dagbag.py:545} INFO - Filling up the DagBag from /opt/airflow/dags/pipeline_datasets.py
[2026-07-12T20:11:44.165+0000] {processor.py:842} WARNING - No viable dags retrieved from /opt/airflow/dags/pipeline_datasets.py
[2026-07-12T20:11:44.174+0000] {processor.py:183} INFO - Processing /opt/airflow/dags/pipeline_datasets.py took 0.017 seconds
[2026-07-12T20:12:15.124+0000] {processor.py:161} INFO - Started process (PID=42741) to work on /opt/airflow/dags/pipeline_datasets.py
[2026-07-12T20:12:15.125+0000] {processor.py:830} INFO - Processing file /opt/airflow/dags/pipeline_datasets.py for tasks to queue
[2026-07-12T20:12:15.125+0000] {logging_mixin.py:188} INFO - [2026-07-12T20:12:15.125+0000] {dagbag.py:545} INFO - Filling up the DagBag from /opt/airflow/dags/pipeline_datasets.py
[2026-07-12T20:12:15.128+0000] {processor.py:842} WARNING - No viable dags retrieved from /opt/airflow/dags/pipeline_datasets.py
[2026-07-12T20:12:15.137+0000] {processor.py:183} INFO - Processing /opt/airflow/dags/pipeline_datasets.py took 0.019 seconds
[2026-07-12T20:12:46.353+0000] {processor.py:161} INFO - Started process (PID=42778) to work on /opt/airflow/dags/pipeline_datasets.py
[2026-07-12T20:12:46.354+0000] {processor.py:830} INFO - Processing file /opt/airflow/dags/pipeline_datasets.py for tasks to queue
[2026-07-12T20:12:46.356+0000] {logging_mixin.py:188} INFO - [2026-07-12T20:12:46.356+0000] {dagbag.py:545} INFO - Filling up the DagBag from /opt/airflow/dags/pipeline_datasets.py
[2026-07-12T20:12:46.359+0000] {processor.py:842} WARNING - No viable dags retrieved from /opt/airflow/dags/pipeline_datasets.py
[2026-07-12T20:12:46.368+0000] {processor.py:183} INFO - Processing /opt/airflow/dags/pipeline_datasets.py took 0.019 seconds
[2026-07-12T20:13:17.503+0000] {processor.py:161} INFO - Started process (PID=42815) to work on /opt/airflow/dags/pipeline_datasets.py
[2026-07-12T20:13:17.503+0000] {processor.py:830} INFO - Processing file /opt/airflow/dags/pipeline_datasets.py for tasks to queue
[2026-07-12T20:13:17.504+0000] {logging_mixin.py:188} INFO - [2026-07-12T20:13:17.504+0000] {dagbag.py:545} INFO - Filling up the DagBag from /opt/airflow/dags/pipeline_datasets.py
[2026-07-12T20:13:17.506+0000] {processor.py:842} WARNING - No viable dags retrieved from /opt/airflow/dags/pipeline_datasets.py
[2026-07-12T20:13:17.510+0000] {processor.py:183} INFO - Processing /opt/airflow/dags/pipeline_datasets.py took 0.011 seconds
[2026-07-12T20:13:48.716+0000] {processor.py:161} INFO - Started process (PID=42852) to work on /opt/airflow/dags/pipeline_datasets.py
[2026-07-12T20:13:48.717+0000] {processor.py:830} INFO - Processing file /opt/airflow/dags/pipeline_datasets.py for tasks to queue
[2026-07-12T20:13:48.719+0000] {logging_mixin.py:188} INFO - [2026-07-12T20:13:48.719+0000] {dagbag.py:545} INFO - Filling up the DagBag from /opt/airflow/dags/pipeline_datasets.py
[2026-07-12T20:13:48.722+0000] {processor.py:842} WARNING - No viable dags retrieved from /opt/airflow/dags/pipeline_datasets.py
[2026-07-12T20:13:48.730+0000] {processor.py:183} INFO - Processing /opt/airflow/dags/pipeline_datasets.py took 0.017 seconds
[2026-07-12T20:14:19.827+0000] {processor.py:161} INFO - Started process (PID=42889) to work on /opt/airflow/dags/pipeline_datasets.py
[2026-07-12T20:14:19.827+0000] {processor.py:830} INFO - Processing file /opt/airflow/dags/pipeline_datasets.py for tasks to queue
[2026-07-12T20:14:19.829+0000] {logging_mixin.py:188} INFO - [2026-07-12T20:14:19.829+0000] {dagbag.py:545} INFO - Filling up the DagBag from /opt/airflow/dags/pipeline_datasets.py
[2026-07-12T20:14:19.833+0000] {processor.py:842} WARNING - No viable dags retrieved from /opt/airflow/dags/pipeline_datasets.py
[2026-07-12T20:14:19.839+0000] {processor.py:183} INFO - Processing /opt/airflow/dags/pipeline_datasets.py took 0.015 seconds
[2026-07-12T20:14:51.465+0000] {processor.py:161} INFO - Started process (PID=42926) to work on /opt/airflow/dags/pipeline_datasets.py
[2026-07-12T20:14:51.466+0000] {processor.py:830} INFO - Processing file /opt/airflow/dags/pipeline_datasets.py for tasks to queue
[2026-07-12T20:14:51.468+0000] {logging_mixin.py:188} INFO - [2026-07-12T20:14:51.467+0000] {dagbag.py:545} INFO - Filling up the DagBag from /opt/airflow/dags/pipeline_datasets.py
[2026-07-12T20:14:51.478+0000] {processor.py:842} WARNING - No viable dags retrieved from /opt/airflow/dags/pipeline_datasets.py
[2026-07-12T20:14:51.501+0000] {processor.py:183} INFO - Processing /opt/airflow/dags/pipeline_datasets.py took 0.044 seconds
[2026-07-12T20:15:22.745+0000] {processor.py:161} INFO - Started process (PID=42963) to work on /opt/airflow/dags/pipeline_datasets.py
[2026-07-12T20:15:22.746+0000] {processor.py:830} INFO - Processing file /opt/airflow/dags/pipeline_datasets.py for tasks to queue
[2026-07-12T20:15:22.748+0000] {logging_mixin.py:188} INFO - [2026-07-12T20:15:22.748+0000] {dagbag.py:545} INFO - Filling up the DagBag from /opt/airflow/dags/pipeline_datasets.py
[2026-07-12T20:15:22.751+0000] {processor.py:842} WARNING - No viable dags retrieved from /opt/airflow/dags/pipeline_datasets.py
[2026-07-12T20:15:22.759+0000] {processor.py:183} INFO - Processing /opt/airflow/dags/pipeline_datasets.py took 0.018 seconds
[2026-07-12T20:15:54.183+0000] {processor.py:161} INFO - Started process (PID=43000) to work on /opt/airflow/dags/pipeline_datasets.py
[2026-07-12T20:15:54.185+0000] {processor.py:830} INFO - Processing file /opt/airflow/dags/pipeline_datasets.py for tasks to queue
[2026-07-12T20:15:54.186+0000] {logging_mixin.py:188} INFO - [2026-07-12T20:15:54.185+0000] {dagbag.py:545} INFO - Filling up the DagBag from /opt/airflow/dags/pipeline_datasets.py
[2026-07-12T20:15:54.188+0000] {processor.py:842} WARNING - No viable dags retrieved from /opt/airflow/dags/pipeline_datasets.py
[2026-07-12T20:15:54.194+0000] {processor.py:183} INFO - Processing /opt/airflow/dags/pipeline_datasets.py took 0.013 seconds
[2026-07-12T20:16:25.491+0000] {processor.py:161} INFO - Started process (PID=43037) to work on /opt/airflow/dags/pipeline_datasets.py
[2026-07-12T20:16:25.492+0000] {processor.py:830} INFO - Processing file /opt/airflow/dags/pipeline_datasets.py for tasks to queue
[2026-07-12T20:16:25.493+0000] {logging_mixin.py:188} INFO - [2026-07-12T20:16:25.492+0000] {dagbag.py:545} INFO - Filling up the DagBag from /opt/airflow/dags/pipeline_datasets.py
[2026-07-12T20:16:25.497+0000] {processor.py:842} WARNING - No viable dags retrieved from /opt/airflow/dags/pipeline_datasets.py
[2026-07-12T20:16:25.507+0000] {processor.py:183} INFO - Processing /opt/airflow/dags/pipeline_datasets.py took 0.020 seconds
[2026-07-12T20:16:57.210+0000] {processor.py:161} INFO - Started process (PID=43074) to work on /opt/airflow/dags/pipeline_datasets.py
[2026-07-12T20:16:57.211+0000] {processor.py:830} INFO - Processing file /opt/airflow/dags/pipeline_datasets.py for tasks to queue
[2026-07-12T20:16:57.213+0000] {logging_mixin.py:188} INFO - [2026-07-12T20:16:57.212+0000] {dagbag.py:545} INFO - Filling up the DagBag from /opt/airflow/dags/pipeline_datasets.py
[2026-07-12T20:16:57.220+0000] {processor.py:842} WARNING - No viable dags retrieved from /opt/airflow/dags/pipeline_datasets.py
[2026-07-12T20:16:57.233+0000] {processor.py:183} INFO - Processing /opt/airflow/dags/pipeline_datasets.py took 0.026 seconds
[2026-07-12T20:17:28.574+0000] {processor.py:161} INFO - Started process (PID=43111) to work on /opt/airflow/dags/pipeline_datasets.py
[2026-07-12T20:17:28.575+0000] {processor.py:830} INFO - Processing file /opt/airflow/dags/pipeline_datasets.py for tasks to queue
[2026-07-12T20:17:28.576+0000] {logging_mixin.py:188} INFO - [2026-07-12T20:17:28.576+0000] {dagbag.py:545} INFO - Filling up the DagBag from /opt/airflow/dags/pipeline_datasets.py
[2026-07-12T20:17:28.580+0000] {processor.py:842} WARNING - No viable dags retrieved from /opt/airflow/dags/pipeline_datasets.py
[2026-07-12T20:17:28.590+0000] {processor.py:183} INFO - Processing /opt/airflow/dags/pipeline_datasets.py took 0.020 seconds
[2026-07-12T20:17:59.870+0000] {processor.py:161} INFO - Started process (PID=43148) to work on /opt/airflow/dags/pipeline_datasets.py
[2026-07-12T20:17:59.871+0000] {processor.py:830} INFO - Processing file /opt/airflow/dags/pipeline_datasets.py for tasks to queue
[2026-07-12T20:17:59.873+0000] {logging_mixin.py:188} INFO - [2026-07-12T20:17:59.873+0000] {dagbag.py:545} INFO - Filling up the DagBag from /opt/airflow/dags/pipeline_datasets.py
[2026-07-12T20:17:59.876+0000] {processor.py:842} WARNING - No viable dags retrieved from /opt/airflow/dags/pipeline_datasets.py
[2026-07-12T20:17:59.888+0000] {processor.py:183} INFO - Processing /opt/airflow/dags/pipeline_datasets.py took 0.021 seconds
[2026-07-12T20:18:31.201+0000] {processor.py:161} INFO - Started process (PID=43185) to work on /opt/airflow/dags/pipeline_datasets.py
[2026-07-12T20:18:31.202+0000] {processor.py:830} INFO - Processing file /opt/airflow/dags/pipeline_datasets.py for tasks to queue
[2026-07-12T20:18:31.204+0000] {logging_mixin.py:188} INFO - [2026-07-12T20:18:31.204+0000] {dagbag.py:545} INFO - Filling up the DagBag from /opt/airflow/dags/pipeline_datasets.py
[2026-07-12T20:18:31.207+0000] {processor.py:842} WARNING - No viable dags retrieved from /opt/airflow/dags/pipeline_datasets.py
[2026-07-12T20:18:31.216+0000] {processor.py:183} INFO - Processing /opt/airflow/dags/pipeline_datasets.py took 0.018 seconds
[2026-07-12T20:19:02.444+0000] {processor.py:161} INFO - Started process (PID=43222) to work on /opt/airflow/dags/pipeline_datasets.py
[2026-07-12T20:19:02.445+0000] {processor.py:830} INFO - Processing file /opt/airflow/dags/pipeline_datasets.py for tasks to queue
[2026-07-12T20:19:02.446+0000] {logging_mixin.py:188} INFO - [2026-07-12T20:19:02.446+0000] {dagbag.py:545} INFO - Filling up the DagBag from /opt/airflow/dags/pipeline_datasets.py
[2026-07-12T20:19:02.453+0000] {processor.py:842} WARNING - No viable dags retrieved from /opt/airflow/dags/pipeline_datasets.py
[2026-07-12T20:19:02.466+0000] {processor.py:183} INFO - Processing /opt/airflow/dags/pipeline_datasets.py took 0.027 seconds
[2026-07-12T20:19:33.621+0000] {processor.py:161} INFO - Started process (PID=43259) to work on /opt/airflow/dags/pipeline_datasets.py
[2026-07-12T20:19:33.622+0000] {processor.py:830} INFO - Processing file /opt/airflow/dags/pipeline_datasets.py for tasks to queue
[2026-07-12T20:19:33.623+0000] {logging_mixin.py:188} INFO - [2026-07-12T20:19:33.623+0000] {dagbag.py:545} INFO - Filling up the DagBag from /opt/airflow/dags/pipeline_datasets.py
[2026-07-12T20:19:33.625+0000] {processor.py:842} WARNING - No viable dags retrieved from /opt/airflow/dags/pipeline_datasets.py
[2026-07-12T20:19:33.630+0000] {processor.py:183} INFO - Processing /opt/airflow/dags/pipeline_datasets.py took 0.012 seconds
[2026-07-12T20:20:04.861+0000] {processor.py:161} INFO - Started process (PID=43296) to work on /opt/airflow/dags/pipeline_datasets.py
[2026-07-12T20:20:04.862+0000] {processor.py:830} INFO - Processing file /opt/airflow/dags/pipeline_datasets.py for tasks to queue
[2026-07-12T20:20:04.863+0000] {logging_mixin.py:188} INFO - [2026-07-12T20:20:04.863+0000] {dagbag.py:545} INFO - Filling up the DagBag from /opt/airflow/dags/pipeline_datasets.py
[2026-07-12T20:20:04.868+0000] {processor.py:842} WARNING - No viable dags retrieved from /opt/airflow/dags/pipeline_datasets.py
[2026-07-12T20:20:04.875+0000] {processor.py:183} INFO - Processing /opt/airflow/dags/pipeline_datasets.py took 0.016 seconds
[2026-07-12T20:20:36.138+0000] {processor.py:161} INFO - Started process (PID=43333) to work on /opt/airflow/dags/pipeline_datasets.py
[2026-07-12T20:20:36.139+0000] {processor.py:830} INFO - Processing file /opt/airflow/dags/pipeline_datasets.py for tasks to queue
[2026-07-12T20:20:36.140+0000] {logging_mixin.py:188} INFO - [2026-07-12T20:20:36.140+0000] {dagbag.py:545} INFO - Filling up the DagBag from /opt/airflow/dags/pipeline_datasets.py
[2026-07-12T20:20:36.143+0000] {processor.py:842} WARNING - No viable dags retrieved from /opt/airflow/dags/pipeline_datasets.py
[2026-07-12T20:20:36.151+0000] {processor.py:183} INFO - Processing /opt/airflow/dags/pipeline_datasets.py took 0.016 seconds
[2026-07-12T20:21:07.447+0000] {processor.py:161} INFO - Started process (PID=43370) to work on /opt/airflow/dags/pipeline_datasets.py
[2026-07-12T20:21:07.448+0000] {processor.py:830} INFO - Processing file /opt/airflow/dags/pipeline_datasets.py for tasks to queue
[2026-07-12T20:21:07.450+0000] {logging_mixin.py:188} INFO - [2026-07-12T20:21:07.449+0000] {dagbag.py:545} INFO - Filling up the DagBag from /opt/airflow/dags/pipeline_datasets.py
[2026-07-12T20:21:07.453+0000] {processor.py:842} WARNING - No viable dags retrieved from /opt/airflow/dags/pipeline_datasets.py
[2026-07-12T20:21:07.464+0000] {processor.py:183} INFO - Processing /opt/airflow/dags/pipeline_datasets.py took 0.019 seconds
[2026-07-12T20:21:38.653+0000] {processor.py:161} INFO - Started process (PID=43407) to work on /opt/airflow/dags/pipeline_datasets.py
[2026-07-12T20:21:38.654+0000] {processor.py:830} INFO - Processing file /opt/airflow/dags/pipeline_datasets.py for tasks to queue
[2026-07-12T20:21:38.655+0000] {logging_mixin.py:188} INFO - [2026-07-12T20:21:38.655+0000] {dagbag.py:545} INFO - Filling up the DagBag from /opt/airflow/dags/pipeline_datasets.py
[2026-07-12T20:21:38.657+0000] {processor.py:842} WARNING - No viable dags retrieved from /opt/airflow/dags/pipeline_datasets.py
[2026-07-12T20:21:38.662+0000] {processor.py:183} INFO - Processing /opt/airflow/dags/pipeline_datasets.py took 0.012 seconds
[2026-07-12T20:22:10.081+0000] {processor.py:161} INFO - Started process (PID=43445) to work on /opt/airflow/dags/pipeline_datasets.py
[2026-07-12T20:22:10.082+0000] {processor.py:830} INFO - Processing file /opt/airflow/dags/pipeline_datasets.py for tasks to queue
[2026-07-12T20:22:10.082+0000] {logging_mixin.py:188} INFO - [2026-07-12T20:22:10.082+0000] {dagbag.py:545} INFO - Filling up the DagBag from /opt/airflow/dags/pipeline_datasets.py
[2026-07-12T20:22:10.084+0000] {processor.py:842} WARNING - No viable dags retrieved from /opt/airflow/dags/pipeline_datasets.py
[2026-07-12T20:22:10.090+0000] {processor.py:183} INFO - Processing /opt/airflow/dags/pipeline_datasets.py took 0.011 seconds
[2026-07-12T20:22:41.243+0000] {processor.py:161} INFO - Started process (PID=43481) to work on /opt/airflow/dags/pipeline_datasets.py
[2026-07-12T20:22:41.244+0000] {processor.py:830} INFO - Processing file /opt/airflow/dags/pipeline_datasets.py for tasks to queue
[2026-07-12T20:22:41.245+0000] {logging_mixin.py:188} INFO - [2026-07-12T20:22:41.245+0000] {dagbag.py:545} INFO - Filling up the DagBag from /opt/airflow/dags/pipeline_datasets.py
[2026-07-12T20:22:41.250+0000] {processor.py:842} WARNING - No viable dags retrieved from /opt/airflow/dags/pipeline_datasets.py
[2026-07-12T20:22:41.258+0000] {processor.py:183} INFO - Processing /opt/airflow/dags/pipeline_datasets.py took 0.017 seconds
[2026-07-12T20:23:12.459+0000] {processor.py:161} INFO - Started process (PID=43518) to work on /opt/airflow/dags/pipeline_datasets.py
[2026-07-12T20:23:12.460+0000] {processor.py:830} INFO - Processing file /opt/airflow/dags/pipeline_datasets.py for tasks to queue
[2026-07-12T20:23:12.461+0000] {logging_mixin.py:188} INFO - [2026-07-12T20:23:12.461+0000] {dagbag.py:545} INFO - Filling up the DagBag from /opt/airflow/dags/pipeline_datasets.py
[2026-07-12T20:23:12.464+0000] {processor.py:842} WARNING - No viable dags retrieved from /opt/airflow/dags/pipeline_datasets.py
[2026-07-12T20:23:12.471+0000] {processor.py:183} INFO - Processing /opt/airflow/dags/pipeline_datasets.py took 0.015 seconds
[2026-07-12T20:23:43.803+0000] {processor.py:161} INFO - Started process (PID=43555) to work on /opt/airflow/dags/pipeline_datasets.py
[2026-07-12T20:23:43.804+0000] {processor.py:830} INFO - Processing file /opt/airflow/dags/pipeline_datasets.py for tasks to queue
[2026-07-12T20:23:43.806+0000] {logging_mixin.py:188} INFO - [2026-07-12T20:23:43.806+0000] {dagbag.py:545} INFO - Filling up the DagBag from /opt/airflow/dags/pipeline_datasets.py
[2026-07-12T20:23:43.808+0000] {processor.py:842} WARNING - No viable dags retrieved from /opt/airflow/dags/pipeline_datasets.py
[2026-07-12T20:23:43.817+0000] {processor.py:183} INFO - Processing /opt/airflow/dags/pipeline_datasets.py took 0.018 seconds
[2026-07-12T20:24:15.227+0000] {processor.py:161} INFO - Started process (PID=43592) to work on /opt/airflow/dags/pipeline_datasets.py
[2026-07-12T20:24:15.228+0000] {processor.py:830} INFO - Processing file /opt/airflow/dags/pipeline_datasets.py for tasks to queue
[2026-07-12T20:24:15.229+0000] {logging_mixin.py:188} INFO - [2026-07-12T20:24:15.229+0000] {dagbag.py:545} INFO - Filling up the DagBag from /opt/airflow/dags/pipeline_datasets.py
[2026-07-12T20:24:15.235+0000] {processor.py:842} WARNING - No viable dags retrieved from /opt/airflow/dags/pipeline_datasets.py
[2026-07-12T20:24:15.248+0000] {processor.py:183} INFO - Processing /opt/airflow/dags/pipeline_datasets.py took 0.024 seconds
[2026-07-12T20:24:47.648+0000] {processor.py:161} INFO - Started process (PID=43629) to work on /opt/airflow/dags/pipeline_datasets.py
[2026-07-12T20:24:47.649+0000] {processor.py:830} INFO - Processing file /opt/airflow/dags/pipeline_datasets.py for tasks to queue
[2026-07-12T20:24:47.650+0000] {logging_mixin.py:188} INFO - [2026-07-12T20:24:47.650+0000] {dagbag.py:545} INFO - Filling up the DagBag from /opt/airflow/dags/pipeline_datasets.py
[2026-07-12T20:24:47.657+0000] {processor.py:842} WARNING - No viable dags retrieved from /opt/airflow/dags/pipeline_datasets.py
[2026-07-12T20:24:47.670+0000] {processor.py:183} INFO - Processing /opt/airflow/dags/pipeline_datasets.py took 0.038 seconds
[2026-07-12T20:25:19.352+0000] {processor.py:161} INFO - Started process (PID=43668) to work on /opt/airflow/dags/pipeline_datasets.py
[2026-07-12T20:25:19.354+0000] {processor.py:830} INFO - Processing file /opt/airflow/dags/pipeline_datasets.py for tasks to queue
[2026-07-12T20:25:19.355+0000] {logging_mixin.py:188} INFO - [2026-07-12T20:25:19.355+0000] {dagbag.py:545} INFO - Filling up the DagBag from /opt/airflow/dags/pipeline_datasets.py
[2026-07-12T20:25:19.359+0000] {processor.py:842} WARNING - No viable dags retrieved from /opt/airflow/dags/pipeline_datasets.py
[2026-07-12T20:25:19.371+0000] {processor.py:183} INFO - Processing /opt/airflow/dags/pipeline_datasets.py took 0.032 seconds
[2026-07-12T20:25:50.663+0000] {processor.py:161} INFO - Started process (PID=44042) to work on /opt/airflow/dags/pipeline_datasets.py
[2026-07-12T20:25:50.664+0000] {processor.py:830} INFO - Processing file /opt/airflow/dags/pipeline_datasets.py for tasks to queue
[2026-07-12T20:25:50.667+0000] {logging_mixin.py:188} INFO - [2026-07-12T20:25:50.667+0000] {dagbag.py:545} INFO - Filling up the DagBag from /opt/airflow/dags/pipeline_datasets.py
[2026-07-12T20:25:50.674+0000] {processor.py:842} WARNING - No viable dags retrieved from /opt/airflow/dags/pipeline_datasets.py
[2026-07-12T20:25:50.687+0000] {processor.py:183} INFO - Processing /opt/airflow/dags/pipeline_datasets.py took 0.033 seconds
[2026-07-12T20:26:21.870+0000] {processor.py:161} INFO - Started process (PID=44079) to work on /opt/airflow/dags/pipeline_datasets.py
[2026-07-12T20:26:21.871+0000] {processor.py:830} INFO - Processing file /opt/airflow/dags/pipeline_datasets.py for tasks to queue
[2026-07-12T20:26:21.872+0000] {logging_mixin.py:188} INFO - [2026-07-12T20:26:21.872+0000] {dagbag.py:545} INFO - Filling up the DagBag from /opt/airflow/dags/pipeline_datasets.py
[2026-07-12T20:26:21.875+0000] {processor.py:842} WARNING - No viable dags retrieved from /opt/airflow/dags/pipeline_datasets.py
[2026-07-12T20:26:21.880+0000] {processor.py:183} INFO - Processing /opt/airflow/dags/pipeline_datasets.py took 0.016 seconds
[2026-07-12T20:26:53.176+0000] {processor.py:161} INFO - Started process (PID=44118) to work on /opt/airflow/dags/pipeline_datasets.py
[2026-07-12T20:26:53.177+0000] {processor.py:830} INFO - Processing file /opt/airflow/dags/pipeline_datasets.py for tasks to queue
[2026-07-12T20:26:53.178+0000] {logging_mixin.py:188} INFO - [2026-07-12T20:26:53.178+0000] {dagbag.py:545} INFO - Filling up the DagBag from /opt/airflow/dags/pipeline_datasets.py
[2026-07-12T20:26:53.181+0000] {processor.py:842} WARNING - No viable dags retrieved from /opt/airflow/dags/pipeline_datasets.py
[2026-07-12T20:26:53.188+0000] {processor.py:183} INFO - Processing /opt/airflow/dags/pipeline_datasets.py took 0.015 seconds
[2026-07-12T20:27:24.200+0000] {processor.py:161} INFO - Started process (PID=44153) to work on /opt/airflow/dags/pipeline_datasets.py
[2026-07-12T20:27:24.201+0000] {processor.py:830} INFO - Processing file /opt/airflow/dags/pipeline_datasets.py for tasks to queue
[2026-07-12T20:27:24.202+0000] {logging_mixin.py:188} INFO - [2026-07-12T20:27:24.202+0000] {dagbag.py:545} INFO - Filling up the DagBag from /opt/airflow/dags/pipeline_datasets.py
[2026-07-12T20:27:24.205+0000] {processor.py:842} WARNING - No viable dags retrieved from /opt/airflow/dags/pipeline_datasets.py
[2026-07-12T20:27:24.214+0000] {processor.py:183} INFO - Processing /opt/airflow/dags/pipeline_datasets.py took 0.017 seconds
[2026-07-12T20:27:55.344+0000] {processor.py:161} INFO - Started process (PID=44223) to work on /opt/airflow/dags/pipeline_datasets.py
[2026-07-12T20:27:55.345+0000] {processor.py:830} INFO - Processing file /opt/airflow/dags/pipeline_datasets.py for tasks to queue
[2026-07-12T20:27:55.346+0000] {logging_mixin.py:188} INFO - [2026-07-12T20:27:55.346+0000] {dagbag.py:545} INFO - Filling up the DagBag from /opt/airflow/dags/pipeline_datasets.py
[2026-07-12T20:27:55.348+0000] {processor.py:842} WARNING - No viable dags retrieved from /opt/airflow/dags/pipeline_datasets.py
[2026-07-12T20:27:55.353+0000] {processor.py:183} INFO - Processing /opt/airflow/dags/pipeline_datasets.py took 0.012 seconds
[2026-07-12T20:28:26.441+0000] {processor.py:161} INFO - Started process (PID=44263) to work on /opt/airflow/dags/pipeline_datasets.py
[2026-07-12T20:28:26.442+0000] {processor.py:830} INFO - Processing file /opt/airflow/dags/pipeline_datasets.py for tasks to queue
[2026-07-12T20:28:26.442+0000] {logging_mixin.py:188} INFO - [2026-07-12T20:28:26.442+0000] {dagbag.py:545} INFO - Filling up the DagBag from /opt/airflow/dags/pipeline_datasets.py
[2026-07-12T20:28:26.444+0000] {processor.py:842} WARNING - No viable dags retrieved from /opt/airflow/dags/pipeline_datasets.py
[2026-07-12T20:28:26.450+0000] {processor.py:183} INFO - Processing /opt/airflow/dags/pipeline_datasets.py took 0.012 seconds
[2026-07-12T20:28:57.456+0000] {processor.py:161} INFO - Started process (PID=44647) to work on /opt/airflow/dags/pipeline_datasets.py
[2026-07-12T20:28:57.457+0000] {processor.py:830} INFO - Processing file /opt/airflow/dags/pipeline_datasets.py for tasks to queue
[2026-07-12T20:28:57.457+0000] {logging_mixin.py:188} INFO - [2026-07-12T20:28:57.457+0000] {dagbag.py:545} INFO - Filling up the DagBag from /opt/airflow/dags/pipeline_datasets.py
[2026-07-12T20:28:57.460+0000] {processor.py:842} WARNING - No viable dags retrieved from /opt/airflow/dags/pipeline_datasets.py
[2026-07-12T20:28:57.468+0000] {processor.py:183} INFO - Processing /opt/airflow/dags/pipeline_datasets.py took 0.015 seconds
[2026-07-12T20:29:28.520+0000] {processor.py:161} INFO - Started process (PID=44684) to work on /opt/airflow/dags/pipeline_datasets.py
[2026-07-12T20:29:28.521+0000] {processor.py:830} INFO - Processing file /opt/airflow/dags/pipeline_datasets.py for tasks to queue
[2026-07-12T20:29:28.521+0000] {logging_mixin.py:188} INFO - [2026-07-12T20:29:28.521+0000] {dagbag.py:545} INFO - Filling up the DagBag from /opt/airflow/dags/pipeline_datasets.py
[2026-07-12T20:29:28.523+0000] {processor.py:842} WARNING - No viable dags retrieved from /opt/airflow/dags/pipeline_datasets.py
[2026-07-12T20:29:28.528+0000] {processor.py:183} INFO - Processing /opt/airflow/dags/pipeline_datasets.py took 0.010 seconds
[2026-07-12T20:29:59.490+0000] {processor.py:161} INFO - Started process (PID=44721) to work on /opt/airflow/dags/pipeline_datasets.py
[2026-07-12T20:29:59.491+0000] {processor.py:830} INFO - Processing file /opt/airflow/dags/pipeline_datasets.py for tasks to queue
[2026-07-12T20:29:59.492+0000] {logging_mixin.py:188} INFO - [2026-07-12T20:29:59.491+0000] {dagbag.py:545} INFO - Filling up the DagBag from /opt/airflow/dags/pipeline_datasets.py
[2026-07-12T20:29:59.494+0000] {processor.py:842} WARNING - No viable dags retrieved from /opt/airflow/dags/pipeline_datasets.py
[2026-07-12T20:29:59.499+0000] {processor.py:183} INFO - Processing /opt/airflow/dags/pipeline_datasets.py took 0.013 seconds
[2026-07-12T20:30:30.703+0000] {processor.py:161} INFO - Started process (PID=44756) to work on /opt/airflow/dags/pipeline_datasets.py
[2026-07-12T20:30:30.704+0000] {processor.py:830} INFO - Processing file /opt/airflow/dags/pipeline_datasets.py for tasks to queue
[2026-07-12T20:30:30.705+0000] {logging_mixin.py:188} INFO - [2026-07-12T20:30:30.705+0000] {dagbag.py:545} INFO - Filling up the DagBag from /opt/airflow/dags/pipeline_datasets.py
[2026-07-12T20:30:30.708+0000] {processor.py:842} WARNING - No viable dags retrieved from /opt/airflow/dags/pipeline_datasets.py
[2026-07-12T20:30:30.728+0000] {processor.py:183} INFO - Processing /opt/airflow/dags/pipeline_datasets.py took 0.039 seconds
[2026-07-12T20:31:01.756+0000] {processor.py:161} INFO - Started process (PID=44859) to work on /opt/airflow/dags/pipeline_datasets.py
[2026-07-12T20:31:01.757+0000] {processor.py:830} INFO - Processing file /opt/airflow/dags/pipeline_datasets.py for tasks to queue
[2026-07-12T20:31:01.758+0000] {logging_mixin.py:188} INFO - [2026-07-12T20:31:01.758+0000] {dagbag.py:545} INFO - Filling up the DagBag from /opt/airflow/dags/pipeline_datasets.py
[2026-07-12T20:31:01.760+0000] {processor.py:842} WARNING - No viable dags retrieved from /opt/airflow/dags/pipeline_datasets.py
[2026-07-12T20:31:01.767+0000] {processor.py:183} INFO - Processing /opt/airflow/dags/pipeline_datasets.py took 0.014 seconds
[2026-07-12T20:31:32.600+0000] {processor.py:161} INFO - Started process (PID=44943) to work on /opt/airflow/dags/pipeline_datasets.py
[2026-07-12T20:31:32.600+0000] {processor.py:830} INFO - Processing file /opt/airflow/dags/pipeline_datasets.py for tasks to queue
[2026-07-12T20:31:32.601+0000] {logging_mixin.py:188} INFO - [2026-07-12T20:31:32.601+0000] {dagbag.py:545} INFO - Filling up the DagBag from /opt/airflow/dags/pipeline_datasets.py
[2026-07-12T20:31:32.603+0000] {processor.py:842} WARNING - No viable dags retrieved from /opt/airflow/dags/pipeline_datasets.py
[2026-07-12T20:31:32.609+0000] {processor.py:183} INFO - Processing /opt/airflow/dags/pipeline_datasets.py took 0.012 seconds
[2026-07-12T20:32:03.814+0000] {processor.py:161} INFO - Started process (PID=44981) to work on /opt/airflow/dags/pipeline_datasets.py
[2026-07-12T20:32:03.816+0000] {processor.py:830} INFO - Processing file /opt/airflow/dags/pipeline_datasets.py for tasks to queue
[2026-07-12T20:32:03.817+0000] {logging_mixin.py:188} INFO - [2026-07-12T20:32:03.817+0000] {dagbag.py:545} INFO - Filling up the DagBag from /opt/airflow/dags/pipeline_datasets.py
[2026-07-12T20:32:03.820+0000] {processor.py:842} WARNING - No viable dags retrieved from /opt/airflow/dags/pipeline_datasets.py
[2026-07-12T20:32:03.827+0000] {processor.py:183} INFO - Processing /opt/airflow/dags/pipeline_datasets.py took 0.016 seconds
[2026-07-12T20:32:34.932+0000] {processor.py:161} INFO - Started process (PID=45020) to work on /opt/airflow/dags/pipeline_datasets.py
[2026-07-12T20:32:34.932+0000] {processor.py:830} INFO - Processing file /opt/airflow/dags/pipeline_datasets.py for tasks to queue
[2026-07-12T20:32:34.933+0000] {logging_mixin.py:188} INFO - [2026-07-12T20:32:34.933+0000] {dagbag.py:545} INFO - Filling up the DagBag from /opt/airflow/dags/pipeline_datasets.py
[2026-07-12T20:32:34.936+0000] {processor.py:842} WARNING - No viable dags retrieved from /opt/airflow/dags/pipeline_datasets.py
[2026-07-12T20:32:34.942+0000] {processor.py:183} INFO - Processing /opt/airflow/dags/pipeline_datasets.py took 0.013 seconds
[2026-07-12T20:33:06.379+0000] {processor.py:161} INFO - Started process (PID=45056) to work on /opt/airflow/dags/pipeline_datasets.py
[2026-07-12T20:33:06.380+0000] {processor.py:830} INFO - Processing file /opt/airflow/dags/pipeline_datasets.py for tasks to queue
[2026-07-12T20:33:06.381+0000] {logging_mixin.py:188} INFO - [2026-07-12T20:33:06.380+0000] {dagbag.py:545} INFO - Filling up the DagBag from /opt/airflow/dags/pipeline_datasets.py
[2026-07-12T20:33:06.383+0000] {processor.py:842} WARNING - No viable dags retrieved from /opt/airflow/dags/pipeline_datasets.py
[2026-07-12T20:33:06.391+0000] {processor.py:183} INFO - Processing /opt/airflow/dags/pipeline_datasets.py took 0.016 seconds
[2026-07-12T20:33:37.514+0000] {processor.py:161} INFO - Started process (PID=45092) to work on /opt/airflow/dags/pipeline_datasets.py
[2026-07-12T20:33:37.515+0000] {processor.py:830} INFO - Processing file /opt/airflow/dags/pipeline_datasets.py for tasks to queue
[2026-07-12T20:33:37.517+0000] {logging_mixin.py:188} INFO - [2026-07-12T20:33:37.517+0000] {dagbag.py:545} INFO - Filling up the DagBag from /opt/airflow/dags/pipeline_datasets.py
[2026-07-12T20:33:37.522+0000] {processor.py:842} WARNING - No viable dags retrieved from /opt/airflow/dags/pipeline_datasets.py
[2026-07-12T20:33:37.531+0000] {processor.py:183} INFO - Processing /opt/airflow/dags/pipeline_datasets.py took 0.020 seconds
[2026-07-12T20:34:08.689+0000] {processor.py:161} INFO - Started process (PID=45165) to work on /opt/airflow/dags/pipeline_datasets.py
[2026-07-12T20:34:08.690+0000] {processor.py:830} INFO - Processing file /opt/airflow/dags/pipeline_datasets.py for tasks to queue
[2026-07-12T20:34:08.691+0000] {logging_mixin.py:188} INFO - [2026-07-12T20:34:08.690+0000] {dagbag.py:545} INFO - Filling up the DagBag from /opt/airflow/dags/pipeline_datasets.py
[2026-07-12T20:34:08.692+0000] {processor.py:842} WARNING - No viable dags retrieved from /opt/airflow/dags/pipeline_datasets.py
[2026-07-12T20:34:08.699+0000] {processor.py:183} INFO - Processing /opt/airflow/dags/pipeline_datasets.py took 0.013 seconds
[2026-07-12T20:34:39.874+0000] {processor.py:161} INFO - Started process (PID=45200) to work on /opt/airflow/dags/pipeline_datasets.py
[2026-07-12T20:34:39.876+0000] {processor.py:830} INFO - Processing file /opt/airflow/dags/pipeline_datasets.py for tasks to queue
[2026-07-12T20:34:39.877+0000] {logging_mixin.py:188} INFO - [2026-07-12T20:34:39.876+0000] {dagbag.py:545} INFO - Filling up the DagBag from /opt/airflow/dags/pipeline_datasets.py
[2026-07-12T20:34:39.879+0000] {processor.py:842} WARNING - No viable dags retrieved from /opt/airflow/dags/pipeline_datasets.py
[2026-07-12T20:34:39.885+0000] {processor.py:183} INFO - Processing /opt/airflow/dags/pipeline_datasets.py took 0.013 seconds
[2026-07-12T20:35:11.059+0000] {processor.py:161} INFO - Started process (PID=45237) to work on /opt/airflow/dags/pipeline_datasets.py
[2026-07-12T20:35:11.060+0000] {processor.py:830} INFO - Processing file /opt/airflow/dags/pipeline_datasets.py for tasks to queue
[2026-07-12T20:35:11.063+0000] {logging_mixin.py:188} INFO - [2026-07-12T20:35:11.063+0000] {dagbag.py:545} INFO - Filling up the DagBag from /opt/airflow/dags/pipeline_datasets.py
[2026-07-12T20:35:11.066+0000] {processor.py:842} WARNING - No viable dags retrieved from /opt/airflow/dags/pipeline_datasets.py
[2026-07-12T20:35:11.073+0000] {processor.py:183} INFO - Processing /opt/airflow/dags/pipeline_datasets.py took 0.017 seconds
[2026-07-12T20:35:41.928+0000] {processor.py:161} INFO - Started process (PID=45275) to work on /opt/airflow/dags/pipeline_datasets.py
[2026-07-12T20:35:41.929+0000] {processor.py:830} INFO - Processing file /opt/airflow/dags/pipeline_datasets.py for tasks to queue
[2026-07-12T20:35:41.930+0000] {logging_mixin.py:188} INFO - [2026-07-12T20:35:41.930+0000] {dagbag.py:545} INFO - Filling up the DagBag from /opt/airflow/dags/pipeline_datasets.py
[2026-07-12T20:35:41.932+0000] {processor.py:842} WARNING - No viable dags retrieved from /opt/airflow/dags/pipeline_datasets.py
[2026-07-12T20:35:41.937+0000] {processor.py:183} INFO - Processing /opt/airflow/dags/pipeline_datasets.py took 0.011 seconds
[2026-07-12T20:36:13.120+0000] {processor.py:161} INFO - Started process (PID=45311) to work on /opt/airflow/dags/pipeline_datasets.py
[2026-07-12T20:36:13.120+0000] {processor.py:830} INFO - Processing file /opt/airflow/dags/pipeline_datasets.py for tasks to queue
[2026-07-12T20:36:13.122+0000] {logging_mixin.py:188} INFO - [2026-07-12T20:36:13.122+0000] {dagbag.py:545} INFO - Filling up the DagBag from /opt/airflow/dags/pipeline_datasets.py
[2026-07-12T20:36:13.125+0000] {processor.py:842} WARNING - No viable dags retrieved from /opt/airflow/dags/pipeline_datasets.py
[2026-07-12T20:36:13.133+0000] {processor.py:183} INFO - Processing /opt/airflow/dags/pipeline_datasets.py took 0.016 seconds
[2026-07-12T20:36:44.249+0000] {processor.py:161} INFO - Started process (PID=45348) to work on /opt/airflow/dags/pipeline_datasets.py
[2026-07-12T20:36:44.250+0000] {processor.py:830} INFO - Processing file /opt/airflow/dags/pipeline_datasets.py for tasks to queue
[2026-07-12T20:36:44.250+0000] {logging_mixin.py:188} INFO - [2026-07-12T20:36:44.250+0000] {dagbag.py:545} INFO - Filling up the DagBag from /opt/airflow/dags/pipeline_datasets.py
[2026-07-12T20:36:44.253+0000] {processor.py:842} WARNING - No viable dags retrieved from /opt/airflow/dags/pipeline_datasets.py
[2026-07-12T20:36:44.263+0000] {processor.py:183} INFO - Processing /opt/airflow/dags/pipeline_datasets.py took 0.017 seconds
[2026-07-12T20:37:15.414+0000] {processor.py:161} INFO - Started process (PID=45385) to work on /opt/airflow/dags/pipeline_datasets.py
[2026-07-12T20:37:15.415+0000] {processor.py:830} INFO - Processing file /opt/airflow/dags/pipeline_datasets.py for tasks to queue
[2026-07-12T20:37:15.416+0000] {logging_mixin.py:188} INFO - [2026-07-12T20:37:15.416+0000] {dagbag.py:545} INFO - Filling up the DagBag from /opt/airflow/dags/pipeline_datasets.py
[2026-07-12T20:37:15.419+0000] {processor.py:842} WARNING - No viable dags retrieved from /opt/airflow/dags/pipeline_datasets.py
[2026-07-12T20:37:15.425+0000] {processor.py:183} INFO - Processing /opt/airflow/dags/pipeline_datasets.py took 0.014 seconds
[2026-07-12T20:37:46.812+0000] {processor.py:161} INFO - Started process (PID=45422) to work on /opt/airflow/dags/pipeline_datasets.py
[2026-07-12T20:37:46.817+0000] {processor.py:830} INFO - Processing file /opt/airflow/dags/pipeline_datasets.py for tasks to queue
[2026-07-12T20:37:46.822+0000] {logging_mixin.py:188} INFO - [2026-07-12T20:37:46.821+0000] {dagbag.py:545} INFO - Filling up the DagBag from /opt/airflow/dags/pipeline_datasets.py
[2026-07-12T20:37:46.842+0000] {processor.py:842} WARNING - No viable dags retrieved from /opt/airflow/dags/pipeline_datasets.py
[2026-07-12T20:37:46.879+0000] {processor.py:183} INFO - Processing /opt/airflow/dags/pipeline_datasets.py took 0.093 seconds
[2026-07-12T20:38:18.030+0000] {processor.py:161} INFO - Started process (PID=45464) to work on /opt/airflow/dags/pipeline_datasets.py
[2026-07-12T20:38:18.031+0000] {processor.py:830} INFO - Processing file /opt/airflow/dags/pipeline_datasets.py for tasks to queue
[2026-07-12T20:38:18.031+0000] {logging_mixin.py:188} INFO - [2026-07-12T20:38:18.031+0000] {dagbag.py:545} INFO - Filling up the DagBag from /opt/airflow/dags/pipeline_datasets.py
[2026-07-12T20:38:18.036+0000] {processor.py:842} WARNING - No viable dags retrieved from /opt/airflow/dags/pipeline_datasets.py
[2026-07-12T20:38:18.045+0000] {processor.py:183} INFO - Processing /opt/airflow/dags/pipeline_datasets.py took 0.020 seconds
[2026-07-12T20:38:49.211+0000] {processor.py:161} INFO - Started process (PID=45501) to work on /opt/airflow/dags/pipeline_datasets.py
[2026-07-12T20:38:49.212+0000] {processor.py:830} INFO - Processing file /opt/airflow/dags/pipeline_datasets.py for tasks to queue
[2026-07-12T20:38:49.213+0000] {logging_mixin.py:188} INFO - [2026-07-12T20:38:49.213+0000] {dagbag.py:545} INFO - Filling up the DagBag from /opt/airflow/dags/pipeline_datasets.py
[2026-07-12T20:38:49.215+0000] {processor.py:842} WARNING - No viable dags retrieved from /opt/airflow/dags/pipeline_datasets.py
[2026-07-12T20:38:49.222+0000] {processor.py:183} INFO - Processing /opt/airflow/dags/pipeline_datasets.py took 0.014 seconds
[2026-07-12T20:39:20.388+0000] {processor.py:161} INFO - Started process (PID=45538) to work on /opt/airflow/dags/pipeline_datasets.py
[2026-07-12T20:39:20.391+0000] {processor.py:830} INFO - Processing file /opt/airflow/dags/pipeline_datasets.py for tasks to queue
[2026-07-12T20:39:20.394+0000] {logging_mixin.py:188} INFO - [2026-07-12T20:39:20.393+0000] {dagbag.py:545} INFO - Filling up the DagBag from /opt/airflow/dags/pipeline_datasets.py
[2026-07-12T20:39:20.396+0000] {processor.py:842} WARNING - No viable dags retrieved from /opt/airflow/dags/pipeline_datasets.py
[2026-07-12T20:39:20.415+0000] {processor.py:183} INFO - Processing /opt/airflow/dags/pipeline_datasets.py took 0.032 seconds
[2026-07-12T20:39:51.394+0000] {processor.py:161} INFO - Started process (PID=45621) to work on /opt/airflow/dags/pipeline_datasets.py
[2026-07-12T20:39:51.396+0000] {processor.py:830} INFO - Processing file /opt/airflow/dags/pipeline_datasets.py for tasks to queue
[2026-07-12T20:39:51.397+0000] {logging_mixin.py:188} INFO - [2026-07-12T20:39:51.397+0000] {dagbag.py:545} INFO - Filling up the DagBag from /opt/airflow/dags/pipeline_datasets.py
[2026-07-12T20:39:51.399+0000] {processor.py:842} WARNING - No viable dags retrieved from /opt/airflow/dags/pipeline_datasets.py
[2026-07-12T20:39:51.404+0000] {processor.py:183} INFO - Processing /opt/airflow/dags/pipeline_datasets.py took 0.013 seconds
[2026-07-12T20:40:22.403+0000] {processor.py:161} INFO - Started process (PID=45658) to work on /opt/airflow/dags/pipeline_datasets.py
[2026-07-12T20:40:22.404+0000] {processor.py:830} INFO - Processing file /opt/airflow/dags/pipeline_datasets.py for tasks to queue
[2026-07-12T20:40:22.405+0000] {logging_mixin.py:188} INFO - [2026-07-12T20:40:22.405+0000] {dagbag.py:545} INFO - Filling up the DagBag from /opt/airflow/dags/pipeline_datasets.py
[2026-07-12T20:40:22.407+0000] {processor.py:842} WARNING - No viable dags retrieved from /opt/airflow/dags/pipeline_datasets.py
[2026-07-12T20:40:22.412+0000] {processor.py:183} INFO - Processing /opt/airflow/dags/pipeline_datasets.py took 0.011 seconds
[2026-07-12T20:40:53.620+0000] {processor.py:161} INFO - Started process (PID=45697) to work on /opt/airflow/dags/pipeline_datasets.py
[2026-07-12T20:40:53.621+0000] {processor.py:830} INFO - Processing file /opt/airflow/dags/pipeline_datasets.py for tasks to queue
[2026-07-12T20:40:53.621+0000] {logging_mixin.py:188} INFO - [2026-07-12T20:40:53.621+0000] {dagbag.py:545} INFO - Filling up the DagBag from /opt/airflow/dags/pipeline_datasets.py
[2026-07-12T20:40:53.624+0000] {processor.py:842} WARNING - No viable dags retrieved from /opt/airflow/dags/pipeline_datasets.py
[2026-07-12T20:40:53.629+0000] {processor.py:183} INFO - Processing /opt/airflow/dags/pipeline_datasets.py took 0.012 seconds
[2026-07-12T20:41:24.729+0000] {processor.py:161} INFO - Started process (PID=45732) to work on /opt/airflow/dags/pipeline_datasets.py
[2026-07-12T20:41:24.729+0000] {processor.py:830} INFO - Processing file /opt/airflow/dags/pipeline_datasets.py for tasks to queue
[2026-07-12T20:41:24.730+0000] {logging_mixin.py:188} INFO - [2026-07-12T20:41:24.730+0000] {dagbag.py:545} INFO - Filling up the DagBag from /opt/airflow/dags/pipeline_datasets.py
[2026-07-12T20:41:24.733+0000] {processor.py:842} WARNING - No viable dags retrieved from /opt/airflow/dags/pipeline_datasets.py
[2026-07-12T20:41:24.741+0000] {processor.py:183} INFO - Processing /opt/airflow/dags/pipeline_datasets.py took 0.015 seconds
[2026-07-12T20:41:55.808+0000] {processor.py:161} INFO - Started process (PID=45769) to work on /opt/airflow/dags/pipeline_datasets.py
[2026-07-12T20:41:55.809+0000] {processor.py:830} INFO - Processing file /opt/airflow/dags/pipeline_datasets.py for tasks to queue
[2026-07-12T20:41:55.811+0000] {logging_mixin.py:188} INFO - [2026-07-12T20:41:55.811+0000] {dagbag.py:545} INFO - Filling up the DagBag from /opt/airflow/dags/pipeline_datasets.py
[2026-07-12T20:41:55.813+0000] {processor.py:842} WARNING - No viable dags retrieved from /opt/airflow/dags/pipeline_datasets.py
[2026-07-12T20:41:55.822+0000] {processor.py:183} INFO - Processing /opt/airflow/dags/pipeline_datasets.py took 0.018 seconds
[2026-07-12T20:42:28.117+0000] {processor.py:161} INFO - Started process (PID=45806) to work on /opt/airflow/dags/pipeline_datasets.py
[2026-07-12T20:42:28.119+0000] {processor.py:830} INFO - Processing file /opt/airflow/dags/pipeline_datasets.py for tasks to queue
[2026-07-12T20:42:28.120+0000] {logging_mixin.py:188} INFO - [2026-07-12T20:42:28.120+0000] {dagbag.py:545} INFO - Filling up the DagBag from /opt/airflow/dags/pipeline_datasets.py
[2026-07-12T20:42:28.126+0000] {processor.py:842} WARNING - No viable dags retrieved from /opt/airflow/dags/pipeline_datasets.py
[2026-07-12T20:42:28.134+0000] {processor.py:183} INFO - Processing /opt/airflow/dags/pipeline_datasets.py took 0.021 seconds
[2026-07-12T20:42:59.274+0000] {processor.py:161} INFO - Started process (PID=45845) to work on /opt/airflow/dags/pipeline_datasets.py
[2026-07-12T20:42:59.274+0000] {processor.py:830} INFO - Processing file /opt/airflow/dags/pipeline_datasets.py for tasks to queue
[2026-07-12T20:42:59.275+0000] {logging_mixin.py:188} INFO - [2026-07-12T20:42:59.275+0000] {dagbag.py:545} INFO - Filling up the DagBag from /opt/airflow/dags/pipeline_datasets.py
[2026-07-12T20:42:59.277+0000] {processor.py:842} WARNING - No viable dags retrieved from /opt/airflow/dags/pipeline_datasets.py
[2026-07-12T20:42:59.294+0000] {processor.py:183} INFO - Processing /opt/airflow/dags/pipeline_datasets.py took 0.023 seconds
[2026-07-12T20:43:30.026+0000] {processor.py:161} INFO - Started process (PID=45882) to work on /opt/airflow/dags/pipeline_datasets.py
[2026-07-12T20:43:30.027+0000] {processor.py:830} INFO - Processing file /opt/airflow/dags/pipeline_datasets.py for tasks to queue
[2026-07-12T20:43:30.028+0000] {logging_mixin.py:188} INFO - [2026-07-12T20:43:30.028+0000] {dagbag.py:545} INFO - Filling up the DagBag from /opt/airflow/dags/pipeline_datasets.py
[2026-07-12T20:43:30.032+0000] {processor.py:842} WARNING - No viable dags retrieved from /opt/airflow/dags/pipeline_datasets.py
[2026-07-12T20:43:30.043+0000] {processor.py:183} INFO - Processing /opt/airflow/dags/pipeline_datasets.py took 0.022 seconds
[2026-07-12T20:44:01.240+0000] {processor.py:161} INFO - Started process (PID=45917) to work on /opt/airflow/dags/pipeline_datasets.py
[2026-07-12T20:44:01.243+0000] {processor.py:830} INFO - Processing file /opt/airflow/dags/pipeline_datasets.py for tasks to queue
[2026-07-12T20:44:01.244+0000] {logging_mixin.py:188} INFO - [2026-07-12T20:44:01.243+0000] {dagbag.py:545} INFO - Filling up the DagBag from /opt/airflow/dags/pipeline_datasets.py
[2026-07-12T20:44:01.246+0000] {processor.py:842} WARNING - No viable dags retrieved from /opt/airflow/dags/pipeline_datasets.py
[2026-07-12T20:44:01.251+0000] {processor.py:183} INFO - Processing /opt/airflow/dags/pipeline_datasets.py took 0.015 seconds
[2026-07-12T22:06:40.986+0000] {processor.py:161} INFO - Started process (PID=45962) to work on /opt/airflow/dags/pipeline_datasets.py
[2026-07-12T22:06:40.987+0000] {processor.py:830} INFO - Processing file /opt/airflow/dags/pipeline_datasets.py for tasks to queue
[2026-07-12T22:06:40.988+0000] {logging_mixin.py:188} INFO - [2026-07-12T22:06:40.988+0000] {dagbag.py:545} INFO - Filling up the DagBag from /opt/airflow/dags/pipeline_datasets.py
[2026-07-12T22:06:40.991+0000] {processor.py:842} WARNING - No viable dags retrieved from /opt/airflow/dags/pipeline_datasets.py
[2026-07-12T22:06:40.999+0000] {processor.py:183} INFO - Processing /opt/airflow/dags/pipeline_datasets.py took 0.016 seconds
[2026-07-12T23:32:30.637+0000] {processor.py:161} INFO - Started process (PID=46576) to work on /opt/airflow/dags/pipeline_datasets.py
[2026-07-12T23:32:30.638+0000] {processor.py:830} INFO - Processing file /opt/airflow/dags/pipeline_datasets.py for tasks to queue
[2026-07-12T23:32:30.639+0000] {logging_mixin.py:188} INFO - [2026-07-12T23:32:30.639+0000] {dagbag.py:545} INFO - Filling up the DagBag from /opt/airflow/dags/pipeline_datasets.py
[2026-07-12T23:32:30.641+0000] {processor.py:842} WARNING - No viable dags retrieved from /opt/airflow/dags/pipeline_datasets.py
[2026-07-12T23:32:30.646+0000] {processor.py:183} INFO - Processing /opt/airflow/dags/pipeline_datasets.py took 0.011 seconds
